ISO-10303-21;
HEADER;
FILE_DESCRIPTION (( 'STEP AP203' ),
    '1' );
FILE_NAME ('ALP0710.STEP',
    '2017-02-02T18:56:28',
    ( '' ),
    ( '' ),
    'SwSTEP 2.0',
    'SolidWorks 2012',
    '' );
FILE_SCHEMA (( 'CONFIG_CONTROL_DESIGN' ));
ENDSEC;

DATA;
#1 = DESIGN_CONTEXT ( 'detailed design', #40, 'design' ) ;
#2 = PRODUCT_DEFINITION_SHAPE ( 'NONE', 'NONE',  #943 ) ;
#3 = DIRECTION ( 'NONE',  ( 0.0000000000000000000, 0.0000000000000000000, 1.000000000000000000 ) ) ;
#4 = CARTESIAN_POINT ( 'NONE',  ( -9.499999999999998200, 3.500000000000010700, 0.0000000000000000000 ) ) ;
#5 = CARTESIAN_POINT ( 'NONE',  ( 9.500000000000001800, 3.500000000000006700, -4.849999999999998800 ) ) ;
#6 = CARTESIAN_POINT ( 'NONE',  ( -3.532350492236012100, 0.0000000000000000000, -4.849999999999998800 ) ) ;
#7 = CARTESIAN_POINT ( 'NONE',  ( 6.000000000000005300, 0.0000000000000000000, 0.0000000000000000000 ) ) ;
#8 =( NAMED_UNIT ( * ) SI_UNIT ( $, .STERADIAN. ) SOLID_ANGLE_UNIT ( ) );
#9 = APPLICATION_CONTEXT ( 'configuration controlled 3d designs of mechanical parts and assemblies' ) ;
#10 = DIRECTION ( 'NONE',  ( 1.000000000000000000, 0.0000000000000000000, 0.0000000000000000000 ) ) ;
#11 = CARTESIAN_POINT ( 'NONE',  ( -8.168690225489026300, 5.315000000000000400, -4.849999999999998800 ) ) ;
#12 = CARTESIAN_POINT ( 'NONE',  ( -4.349999999999999600, 8.800000000000000700, 4.849999999999999600 ) ) ;
#13 = CARTESIAN_POINT ( 'NONE',  ( -3.879999999999999000, 5.315000000000000400, -2.910000000000000100 ) ) ;
#14 = APPLICATION_PROTOCOL_DEFINITION ( 'international standard', 'config_control_design', 1994, #9 ) ;
#15 = CARTESIAN_POINT ( 'NONE',  ( -9.499999999999998200, 5.315000000000000400, 1.939999999999999300 ) ) ;
#16 = MECHANICAL_CONTEXT ( 'NONE', #9, 'mechanical' ) ;
#17 = CARTESIAN_POINT ( 'NONE',  ( -4.849999999999999600, 8.800000000000000700, 0.0000000000000000000 ) ) ;
#18 = APPLICATION_PROTOCOL_DEFINITION ( 'international standard', 'config_control_design', 1994, #40 ) ;
#19 = CARTESIAN_POINT ( 'NONE',  ( 0.0000000000000000000, 5.315000000000000400, -4.849999999999998800 ) ) ;
#20 = APPROVAL_STATUS ( 'not_yet_approved' ) ;
#21 = APPROVAL_ROLE ( '' ) ;
#22 = CARTESIAN_POINT ( 'NONE',  ( -2.909999999999997900, 5.315000000000000400, -3.880000000000000800 ) ) ;
#23 = CARTESIAN_POINT ( 'NONE',  ( -4.849999999999999600, 5.315000000000000400, 1.939999999999999100 ) ) ;
#24 = CARTESIAN_POINT ( 'NONE',  ( -8.168690225489026300, 3.500000000000010700, -4.849999999999998800 ) ) ;
#25 = PERSON_AND_ORGANIZATION_ROLE ( 'creator' ) ;
#26 = APPROVAL_STATUS ( 'not_yet_approved' ) ;
#27 = CARTESIAN_POINT ( 'NONE',  ( -9.450349199897322800, 5.315000000000000400, -0.9700000000000008600 ) ) ;
#28 = CARTESIAN_POINT ( 'NONE',  ( -9.043334561985416200, 5.315000000000000400, -2.910000000000000100 ) ) ;
#29 =( LENGTH_UNIT ( ) NAMED_UNIT ( * ) SI_UNIT ( .MILLI., .METRE. ) );
#30 = APPROVAL_ROLE ( '' ) ;
#31 = PERSON_AND_ORGANIZATION_ROLE ( 'creator' ) ;
#32 = CARTESIAN_POINT ( 'NONE',  ( -8.671539655678220300, 5.315000000000000400, -3.880000000000000800 ) ) ;
#33 = CARTESIAN_POINT ( 'NONE',  ( 4.850000000000000500, 8.800000000000000700, 0.0000000000000000000 ) ) ;
#34 = CARTESIAN_POINT ( 'NONE',  ( 8.168690225489026300, 3.500000000000006700, 4.849999999999999600 ) ) ;
#35 = CARTESIAN_POINT ( 'NONE',  ( -9.499999999999998200, 5.315000000000000400, 3.879999999999999000 ) ) ;
#36 =( NAMED_UNIT ( * ) PLANE_ANGLE_UNIT ( ) SI_UNIT ( $, .RADIAN. ) );
#37 = CARTESIAN_POINT ( 'NONE',  ( 0.0000000000000000000, 0.0000000000000000000, 0.0000000000000000000 ) ) ;
#38 = CARTESIAN_POINT ( 'NONE',  ( -4.849999999999999600, 8.800000000000000700, 4.349999999999999600 ) ) ;
#39 = PERSON_AND_ORGANIZATION_ROLE ( 'design_owner' ) ;
#40 = APPLICATION_CONTEXT ( 'configuration controlled 3d designs of mechanical parts and assemblies' ) ;
#41 = DATE_TIME_ROLE ( 'creation_date' ) ;
#42 = PERSON_AND_ORGANIZATION_ROLE ( 'design_supplier' ) ;
#43 = SECURITY_CLASSIFICATION_LEVEL ( 'unclassified' ) ;
#44 = PERSON_AND_ORGANIZATION_ROLE ( 'classification_officer' ) ;
#45 = DIRECTION ( 'NONE',  ( 0.0000000000000000000, -0.0000000000000000000, -1.000000000000000000 ) ) ;
#46 = DIRECTION ( 'NONE',  ( 0.0000000000000000000, 0.0000000000000000000, -1.000000000000000000 ) ) ;
#47 = DIRECTION ( 'NONE',  ( -1.000000000000000000, 0.0000000000000000000, -0.0000000000000000000 ) ) ;
#48 = APPROVAL_STATUS ( 'not_yet_approved' ) ;
#49 = PLANE ( 'NONE',  #860 ) ;
#50 = PLANE ( 'NONE',  #852 ) ;
#51 = CARTESIAN_POINT ( 'NONE',  ( -9.499999999999998200, 5.315000000000000400, 4.849999999999999600 ) ) ;
#52 = CARTESIAN_POINT ( 'NONE',  ( 0.0000000000000000000, 0.0000000000000000000, 0.0000000000000000000 ) ) ;
#53 = DIRECTION ( 'NONE',  ( 0.0000000000000000000, -1.000000000000000000, 0.0000000000000000000 ) ) ;
#54 = DATE_TIME_ROLE ( 'classification_date' ) ;
#55 = DIRECTION ( 'NONE',  ( 0.0000000000000000000, 0.0000000000000000000, -1.000000000000000000 ) ) ;
#56 = CARTESIAN_POINT ( 'NONE',  ( -10.87178715550189300, 5.315000000000000400, -2.425000000000000300 ) ) ;
#57 = DIRECTION ( 'NONE',  ( 0.0000000000000000000, 0.0000000000000000000, 1.000000000000000000 ) ) ;
#58 = DIRECTION ( 'NONE',  ( 1.000000000000000000, 0.0000000000000000000, 0.0000000000000000000 ) ) ;
#59 = DIRECTION ( 'NONE',  ( 1.000000000000000000, 0.0000000000000000000, 0.0000000000000000000 ) ) ;
#60 = CARTESIAN_POINT ( 'NONE',  ( -10.87178715550189300, 5.315000000000000400, -0.4850000000000010400 ) ) ;
#61 = DIRECTION ( 'NONE',  ( 1.000000000000000000, 0.0000000000000000000, 0.0000000000000000000 ) ) ;
#62 = CARTESIAN_POINT ( 'NONE',  ( -9.499999999999998200, 3.500000000000010200, 4.849999999999999600 ) ) ;
#63 = DIRECTION ( 'NONE',  ( 0.0000000000000000000, 0.0000000000000000000, 1.000000000000000000 ) ) ;
#64 = DIRECTION ( 'NONE',  ( 1.000000000000000000, 0.0000000000000000000, -0.0000000000000000000 ) ) ;
#65 = DIRECTION ( 'NONE',  ( 1.000000000000000000, 0.0000000000000000000, 0.0000000000000000000 ) ) ;
#66 = DIRECTION ( 'NONE',  ( 0.0000000000000000000, 0.0000000000000000000, -1.000000000000000000 ) ) ;
#67 = DIRECTION ( 'NONE',  ( 0.0000000000000000000, 0.0000000000000000000, -1.000000000000000000 ) ) ;
#68 = DIRECTION ( 'NONE',  ( 0.0000000000000000000, 0.0000000000000000000, -1.000000000000000000 ) ) ;
#69 = DIRECTION ( 'NONE',  ( 0.0000000000000000000, 0.0000000000000000000, 1.000000000000000000 ) ) ;
#70 = CARTESIAN_POINT ( 'NONE',  ( 0.0000000000000000000, 0.0000000000000000000, 0.0000000000000000000 ) ) ;
#71 = DIRECTION ( 'NONE',  ( 0.0000000000000000000, 1.000000000000000000, 0.0000000000000000000 ) ) ;
#72 = APPROVAL_ROLE ( '' ) ;
#73 = PLANE ( 'NONE',  #868 ) ;
#74 = DIRECTION ( 'NONE',  ( -0.7071067811865486800, -0.7071067811865464600, -0.0000000000000000000 ) ) ;
#75 = CARTESIAN_POINT ( 'NONE',  ( -10.87178715550189300, 5.315000000000000400, 3.394999999999999100 ) ) ;
#76 = DIRECTION ( 'NONE',  ( 0.0000000000000000000, 1.000000000000000000, 0.0000000000000000000 ) ) ;
#77 = CARTESIAN_POINT ( 'NONE',  ( -10.87178715550189300, 5.315000000000000400, -4.365000000000001100 ) ) ;
#78 = CARTESIAN_POINT ( 'NONE',  ( -4.849999999999999600, 8.800000000000000700, 0.0000000000000000000 ) ) ;
#79 = DIRECTION ( 'NONE',  ( 0.0000000000000000000, 0.0000000000000000000, 1.000000000000000000 ) ) ;
#80 = DIRECTION ( 'NONE',  ( 0.0000000000000000000, 0.0000000000000000000, 1.000000000000000000 ) ) ;
#81 = DIRECTION ( 'NONE',  ( 0.0000000000000000000, 0.0000000000000000000, -1.000000000000000000 ) ) ;
#82 = DIRECTION ( 'NONE',  ( 0.0000000000000000000, -1.000000000000000000, 0.0000000000000000000 ) ) ;
#83 = PLANE ( 'NONE',  #863 ) ;
#84 = CARTESIAN_POINT ( 'NONE',  ( 0.0000000000000000000, 8.800000000000000700, 2.168404344971008900E-016 ) ) ;
#85 = DIRECTION ( 'NONE',  ( -1.000000000000000000, 0.0000000000000000000, 0.0000000000000000000 ) ) ;
#86 = CARTESIAN_POINT ( 'NONE',  ( 0.0000000000000000000, 8.800000000000000700, 0.0000000000000000000 ) ) ;
#87 = CARTESIAN_POINT ( 'NONE',  ( -9.499999999999998200, 5.315000000000000400, -4.849999999999998800 ) ) ;
#88 = PLANE ( 'NONE',  #846 ) ;
#89 = DIRECTION ( 'NONE',  ( -0.0000000000000000000, 1.000000000000000000, -0.0000000000000000000 ) ) ;
#90 = CARTESIAN_POINT ( 'NONE',  ( 4.349999999999999600, 5.315000000000000400, -4.349999999999998800 ) ) ;
#91 = DIRECTION ( 'NONE',  ( 0.0000000000000000000, 0.0000000000000000000, -1.000000000000000000 ) ) ;
#92 = DIRECTION ( 'NONE',  ( 0.0000000000000000000, 0.0000000000000000000, -1.000000000000000000 ) ) ;
#93 = DIRECTION ( 'NONE',  ( 0.0000000000000000000, 0.0000000000000000000, -1.000000000000000000 ) ) ;
#94 = DIRECTION ( 'NONE',  ( -0.0000000000000000000, -1.000000000000000000, -0.0000000000000000000 ) ) ;
#95 = CARTESIAN_POINT ( 'NONE',  ( -10.87178715550189300, 5.315000000000000400, 2.424999999999999400 ) ) ;
#96 = DIRECTION ( 'NONE',  ( 0.0000000000000000000, 0.0000000000000000000, -1.000000000000000000 ) ) ;
#97 = DIRECTION ( 'NONE',  ( 0.7071067811865490200, -0.7071067811865461300, 0.0000000000000000000 ) ) ;
#98 = DIRECTION ( 'NONE',  ( 0.0000000000000000000, 0.0000000000000000000, -1.000000000000000000 ) ) ;
#99 = CARTESIAN_POINT ( 'NONE',  ( -10.87178715550189300, 5.315000000000000400, -1.455000000000000500 ) ) ;
#100 = PLANE ( 'NONE',  #872 ) ;
#101 = PLANE ( 'NONE',  #882 ) ;
#102 = DIRECTION ( 'NONE',  ( 0.0000000000000000000, -1.000000000000000000, 0.0000000000000000000 ) ) ;
#103 = DIRECTION ( 'NONE',  ( 0.0000000000000000000, 0.0000000000000000000, -1.000000000000000000 ) ) ;
#104 = CARTESIAN_POINT ( 'NONE',  ( 9.500000000000001800, 3.500000000000006700, 4.849999999999999600 ) ) ;
#105 = CARTESIAN_POINT ( 'NONE',  ( 0.0000000000000000000, 5.800000000000000700, 0.0000000000000000000 ) ) ;
#106 = DIRECTION ( 'NONE',  ( -0.0000000000000000000, -1.000000000000000000, -0.0000000000000000000 ) ) ;
#107 = DIRECTION ( 'NONE',  ( 1.000000000000000000, 0.0000000000000000000, 0.0000000000000000000 ) ) ;
#108 = DIRECTION ( 'NONE',  ( 1.000000000000000000, 0.0000000000000000000, 0.0000000000000000000 ) ) ;
#109 = DIRECTION ( 'NONE',  ( 0.0000000000000000000, 0.0000000000000000000, -1.000000000000000000 ) ) ;
#110 = CARTESIAN_POINT ( 'NONE',  ( -10.87178715550189300, 5.315000000000000400, 0.4849999999999993200 ) ) ;
#111 = CARTESIAN_POINT ( 'NONE',  ( -10.87178715550189300, 5.315000000000000400, -3.395000000000000500 ) ) ;
#112 = CARTESIAN_POINT ( 'NONE',  ( -9.499999999999998200, 5.315000000000000400, 4.849999999999999600 ) ) ;
#113 = DIRECTION ( 'NONE',  ( 1.000000000000000000, -0.0000000000000000000, 0.0000000000000000000 ) ) ;
#114 = DIRECTION ( 'NONE',  ( 0.0000000000000000000, 0.0000000000000000000, -1.000000000000000000 ) ) ;
#115 = DIRECTION ( 'NONE',  ( 1.000000000000000000, 0.0000000000000000000, 0.0000000000000000000 ) ) ;
#116 = CARTESIAN_POINT ( 'NONE',  ( -10.87178715550189300, 5.315000000000000400, -1.455000000000000500 ) ) ;
#117 = DIRECTION ( 'NONE',  ( 1.000000000000000000, 0.0000000000000000000, 0.0000000000000000000 ) ) ;
#118 = DIRECTION ( 'NONE',  ( 1.000000000000000000, 0.0000000000000000000, 0.0000000000000000000 ) ) ;
#119 = CARTESIAN_POINT ( 'NONE',  ( 0.0000000000000000000, 5.800000000000000700, 0.0000000000000000000 ) ) ;
#120 = DIRECTION ( 'NONE',  ( 0.0000000000000000000, 0.0000000000000000000, -1.000000000000000000 ) ) ;
#121 = CARTESIAN_POINT ( 'NONE',  ( 0.0000000000000000000, 8.800000000000000700, 2.168404344971008900E-016 ) ) ;
#122 = DIRECTION ( 'NONE',  ( 0.0000000000000000000, 0.0000000000000000000, -1.000000000000000000 ) ) ;
#123 = DIRECTION ( 'NONE',  ( 0.0000000000000000000, 0.0000000000000000000, 1.000000000000000000 ) ) ;
#124 = DIRECTION ( 'NONE',  ( 1.000000000000000000, 0.0000000000000000000, 0.0000000000000000000 ) ) ;
#125 = CARTESIAN_POINT ( 'NONE',  ( -10.87178715550189300, 5.315000000000000400, 3.394999999999999100 ) ) ;
#126 = CARTESIAN_POINT ( 'NONE',  ( -4.349999999999999600, 5.315000000000000400, 4.349999999999999600 ) ) ;
#127 = CARTESIAN_POINT ( 'NONE',  ( -10.87178715550189300, 5.315000000000000400, -2.425000000000000300 ) ) ;
#128 = DIRECTION ( 'NONE',  ( 1.000000000000000000, 0.0000000000000000000, 0.0000000000000000000 ) ) ;
#129 = DIRECTION ( 'NONE',  ( 0.0000000000000000000, 0.0000000000000000000, -1.000000000000000000 ) ) ;
#130 = DIRECTION ( 'NONE',  ( 0.0000000000000000000, 0.0000000000000000000, -1.000000000000000000 ) ) ;
#131 = DIRECTION ( 'NONE',  ( 0.0000000000000000000, 0.0000000000000000000, -1.000000000000000000 ) ) ;
#132 = DIRECTION ( 'NONE',  ( 0.0000000000000000000, 1.000000000000000000, 0.0000000000000000000 ) ) ;
#133 = DIRECTION ( 'NONE',  ( 0.0000000000000000000, 0.0000000000000000000, -1.000000000000000000 ) ) ;
#134 = CARTESIAN_POINT ( 'NONE',  ( -10.87178715550189300, 5.315000000000000400, 1.454999999999999200 ) ) ;
#135 = DIRECTION ( 'NONE',  ( 0.0000000000000000000, 0.0000000000000000000, 1.000000000000000000 ) ) ;
#136 = DIRECTION ( 'NONE',  ( 1.000000000000000000, 0.0000000000000000000, 0.0000000000000000000 ) ) ;
#137 = DIRECTION ( 'NONE',  ( 1.000000000000000000, 0.0000000000000000000, 0.0000000000000000000 ) ) ;
#138 = CARTESIAN_POINT ( 'NONE',  ( -10.87178715550189300, 5.315000000000000400, 2.424999999999999400 ) ) ;
#139 = CARTESIAN_POINT ( 'NONE',  ( -10.87178715550189300, 5.315000000000000400, 1.454999999999999200 ) ) ;
#140 = DIRECTION ( 'NONE',  ( -0.0000000000000000000, 1.000000000000000000, -0.0000000000000000000 ) ) ;
#141 = DIRECTION ( 'NONE',  ( 0.0000000000000000000, 0.0000000000000000000, -1.000000000000000000 ) ) ;
#142 = DIRECTION ( 'NONE',  ( 0.0000000000000000000, 0.0000000000000000000, -1.000000000000000000 ) ) ;
#143 = CARTESIAN_POINT ( 'NONE',  ( 0.0000000000000000000, 0.0000000000000000000, 0.0000000000000000000 ) ) ;
#144 = CARTESIAN_POINT ( 'NONE',  ( 0.0000000000000000000, 8.800000000000000700, 0.0000000000000000000 ) ) ;
#145 = DIRECTION ( 'NONE',  ( 0.0000000000000000000, 0.0000000000000000000, -1.000000000000000000 ) ) ;
#146 = PLANE ( 'NONE',  #887 ) ;
#147 = CARTESIAN_POINT ( 'NONE',  ( -10.87178715550189300, 5.315000000000000400, -0.4850000000000010400 ) ) ;
#148 = DIRECTION ( 'NONE',  ( 1.000000000000000000, 0.0000000000000000000, 0.0000000000000000000 ) ) ;
#149 = CARTESIAN_POINT ( 'NONE',  ( 4.850000000000000500, 8.800000000000000700, -4.849999999999998800 ) ) ;
#150 = DIRECTION ( 'NONE',  ( -0.0000000000000000000, 0.0000000000000000000, -1.000000000000000000 ) ) ;
#151 = CARTESIAN_POINT ( 'NONE',  ( 0.0000000000000000000, 8.800000000000000700, 0.0000000000000000000 ) ) ;
#152 = DIRECTION ( 'NONE',  ( 0.0000000000000000000, 0.0000000000000000000, 1.000000000000000000 ) ) ;
#153 = CARTESIAN_POINT ( 'NONE',  ( -10.87178715550189300, 5.315000000000000400, -3.395000000000000500 ) ) ;
#154 = DIRECTION ( 'NONE',  ( 0.0000000000000000000, 0.0000000000000000000, -1.000000000000000000 ) ) ;
#155 = DIRECTION ( 'NONE',  ( 0.0000000000000000000, 1.000000000000000000, 0.0000000000000000000 ) ) ;
#156 = DIRECTION ( 'NONE',  ( 1.000000000000000000, 0.0000000000000000000, 0.0000000000000000000 ) ) ;
#157 = DIRECTION ( 'NONE',  ( 1.000000000000000000, 0.0000000000000000000, 0.0000000000000000000 ) ) ;
#158 = DIRECTION ( 'NONE',  ( -1.000000000000000000, 0.0000000000000000000, 0.0000000000000000000 ) ) ;
#159 = DIRECTION ( 'NONE',  ( 0.0000000000000000000, 0.0000000000000000000, -1.000000000000000000 ) ) ;
#160 = PLANE ( 'NONE',  #883 ) ;
#161 = DIRECTION ( 'NONE',  ( 0.0000000000000000000, 0.0000000000000000000, 1.000000000000000000 ) ) ;
#162 = CARTESIAN_POINT ( 'NONE',  ( 9.500000000000001800, 5.315000000000000400, 4.849999999999999600 ) ) ;
#163 = DIRECTION ( 'NONE',  ( 1.000000000000000000, 0.0000000000000000000, 0.0000000000000000000 ) ) ;
#164 = CARTESIAN_POINT ( 'NONE',  ( -10.87178715550189300, 5.315000000000000400, 0.4849999999999993200 ) ) ;
#165 = DIRECTION ( 'NONE',  ( 1.000000000000000000, 0.0000000000000000000, 0.0000000000000000000 ) ) ;
#166 = DIRECTION ( 'NONE',  ( 1.000000000000000000, 0.0000000000000000000, -0.0000000000000000000 ) ) ;
#167 = CARTESIAN_POINT ( 'NONE',  ( -10.87178715550189300, 5.315000000000000400, -4.365000000000001100 ) ) ;
#168 = DIRECTION ( 'NONE',  ( 0.0000000000000000000, 0.0000000000000000000, 1.000000000000000000 ) ) ;
#169 = CARTESIAN_POINT ( 'NONE',  ( 0.0000000000000000000, 8.800000000000000700, 0.0000000000000000000 ) ) ;
#170 = DIRECTION ( 'NONE',  ( -0.0000000000000000000, 1.000000000000000000, -0.0000000000000000000 ) ) ;
#171 = CARTESIAN_POINT ( 'NONE',  ( -10.87178715550189300, 5.315000000000000400, 4.364999999999999300 ) ) ;
#172 = PLANE ( 'NONE',  #890 ) ;
#173 = CARTESIAN_POINT ( 'NONE',  ( 0.0000000000000000000, 8.800000000000000700, 2.168404344971008900E-016 ) ) ;
#174 = DIRECTION ( 'NONE',  ( -0.0000000000000000000, 1.000000000000000000, -0.0000000000000000000 ) ) ;
#175 = DIRECTION ( 'NONE',  ( 0.0000000000000000000, 0.0000000000000000000, 1.000000000000000000 ) ) ;
#176 = CARTESIAN_POINT ( 'NONE',  ( -4.849999999999999600, 5.315000000000000400, 0.4849999999999993200 ) ) ;
#177 = CARTESIAN_POINT ( 'NONE',  ( 4.349999999999999600, 5.315000000000000400, -4.849999999999998800 ) ) ;
#178 = DIRECTION ( 'NONE',  ( 0.0000000000000000000, -1.000000000000000000, 0.0000000000000000000 ) ) ;
#179 = DIRECTION ( 'NONE',  ( 1.000000000000000000, 0.0000000000000000000, 0.0000000000000000000 ) ) ;
#180 = DIRECTION ( 'NONE',  ( 0.0000000000000000000, 0.0000000000000000000, -1.000000000000000000 ) ) ;
#181 = DIRECTION ( 'NONE',  ( 1.000000000000000000, 0.0000000000000000000, 0.0000000000000000000 ) ) ;
#182 = DIRECTION ( 'NONE',  ( 0.0000000000000000000, 0.0000000000000000000, -1.000000000000000000 ) ) ;
#183 = CARTESIAN_POINT ( 'NONE',  ( 0.0000000000000000000, 8.800000000000000700, 2.168404344971008900E-016 ) ) ;
#184 = CARTESIAN_POINT ( 'NONE',  ( 3.532350492236022300, 0.0000000000000000000, 4.849999999999999600 ) ) ;
#185 = CARTESIAN_POINT ( 'NONE',  ( -10.87178715550189300, 5.315000000000000400, 2.909999999999999300 ) ) ;
#186 = DIRECTION ( 'NONE',  ( 0.0000000000000000000, -1.000000000000000000, 0.0000000000000000000 ) ) ;
#187 = CARTESIAN_POINT ( 'NONE',  ( 0.0000000000000000000, 3.500000000000006700, 0.0000000000000000000 ) ) ;
#188 = DIRECTION ( 'NONE',  ( 0.0000000000000000000, 1.000000000000000000, 0.0000000000000000000 ) ) ;
#189 = CARTESIAN_POINT ( 'NONE',  ( 3.952268158085911600, 0.2472160622772431300, 4.849999999999999600 ) ) ;
#190 = CARTESIAN_POINT ( 'NONE',  ( 7.433092604739751900, 2.867487463736045700, 4.849999999999999600 ) ) ;
#191 = CARTESIAN_POINT ( 'NONE',  ( 6.688161998157772500, 2.247338039770961700, 4.850000000000000500 ) ) ;
#192 = CARTESIAN_POINT ( 'NONE',  ( 8.168690225489026300, 3.500000000000006700, 4.849999999999999600 ) ) ;
#193 = DIRECTION ( 'NONE',  ( 3.552713678800500100E-015, 0.0000000000000000000, -1.000000000000000000 ) ) ;
#194 = DIRECTION ( 'NONE',  ( -1.000000000000000000, -0.0000000000000000000, -0.0000000000000000000 ) ) ;
#195 = DIRECTION ( 'NONE',  ( 0.0000000000000000000, 0.0000000000000000000, -1.000000000000000000 ) ) ;
#196 = CARTESIAN_POINT ( 'NONE',  ( -9.499999999999998200, 3.500000000000010200, 4.849999999999999600 ) ) ;
#197 = DIRECTION ( 'NONE',  ( 0.7071067811865464600, -0.7071067811865486800, 0.0000000000000000000 ) ) ;
#198 = DIRECTION ( 'NONE',  ( 0.0000000000000000000, 0.0000000000000000000, 1.000000000000000000 ) ) ;
#199 = CARTESIAN_POINT ( 'NONE',  ( 5.539443623511967700, 1.358605786100396000, 4.850000000000000500 ) ) ;
#200 = DIRECTION ( 'NONE',  ( 0.0000000000000000000, -0.0000000000000000000, -1.000000000000000000 ) ) ;
#201 = DIRECTION ( 'NONE',  ( 1.000000000000000000, -0.0000000000000000000, -0.0000000000000000000 ) ) ;
#202 = CARTESIAN_POINT ( 'NONE',  ( -10.87178715550189300, 5.315000000000000400, 4.364999999999999300 ) ) ;
#203 = CARTESIAN_POINT ( 'NONE',  ( 4.357527354839815500, 0.5138497367540236800, 4.849999999999999600 ) ) ;
#204 = DIRECTION ( 'NONE',  ( 0.0000000000000000000, 0.0000000000000000000, 1.000000000000000000 ) ) ;
#205 = DIRECTION ( 'NONE',  ( 0.0000000000000000000, -1.000000000000000000, 0.0000000000000000000 ) ) ;
#206 = CARTESIAN_POINT ( 'NONE',  ( 5.151193637428796100, 1.069440546119623500, 4.850000000000001400 ) ) ;
#207 = CARTESIAN_POINT ( 'NONE',  ( -4.849999999999999600, 5.315000000000000400, 2.424999999999999400 ) ) ;
#208 = CARTESIAN_POINT ( 'NONE',  ( -9.494047059864941600, 5.800194908927035300, -0.3593055629732651000 ) ) ;
#209 = CARTESIAN_POINT ( 'NONE',  ( 9.500000000000001800, 3.500000000000006700, -4.849999999999997900 ) ) ;
#210 = CARTESIAN_POINT ( 'NONE',  ( -3.927143873567688900, 5.582121728728960600, -2.848129940958072900 ) ) ;
#211 = CARTESIAN_POINT ( 'NONE',  ( -9.471673278301979700, 5.747335179216048800, -0.7385494310783590200 ) ) ;
#212 = CARTESIAN_POINT ( 'NONE',  ( -9.450349199897322800, 5.443264525532861800, -0.9700000000000006400 ) ) ;
#213 = CARTESIAN_POINT ( 'NONE',  ( -9.497569343082499700, 5.748907937890737500, -0.2332639233071214000 ) ) ;
#214 = CARTESIAN_POINT ( 'NONE',  ( -9.500000000000000000, 5.443258041543696600, -1.168905467210934500E-015 ) ) ;
#215 = DIRECTION ( 'NONE',  ( -0.7071067811865460200, -0.7071067811865489100, 0.0000000000000000000 ) ) ;
#216 = CARTESIAN_POINT ( 'NONE',  ( -9.481099537895357100, 5.799803931800887800, -0.6121940991500137700 ) ) ;
#217 = CARTESIAN_POINT ( 'NONE',  ( -9.345667826865028600, 5.747656963980059400, -1.707856788533865600 ) ) ;
#218 = CARTESIAN_POINT ( 'NONE',  ( -9.299806449598827700, 5.315000000000000400, -1.940000000000000400 ) ) ;
#219 = CARTESIAN_POINT ( 'NONE',  ( -9.311234947367063700, 5.569689893493866800, -1.886580423722145100 ) ) ;
#220 = CARTESIAN_POINT ( 'NONE',  ( -9.423734428507057000, 5.749884318012209200, -1.204848541986598400 ) ) ;
#221 = CARTESIAN_POINT ( 'NONE',  ( -9.450349199897322800, 5.315000000000000400, -0.9700000000000008600 ) ) ;
#222 = CARTESIAN_POINT ( 'NONE',  ( -9.456034728912639400, 5.568592803729483600, -0.9173097397521294800 ) ) ;
#223 = CARTESIAN_POINT ( 'NONE',  ( -9.500292299541428100, 5.567927055816688200, -0.05178520880605100300 ) ) ;
#224 = CARTESIAN_POINT ( 'NONE',  ( -3.879999999999999400, 5.453864149628594200, -2.910000000000001000 ) ) ;
#225 = CARTESIAN_POINT ( 'NONE',  ( -4.050739719526663200, 5.751636139878168100, -2.669421452099896900 ) ) ;
#226 = CARTESIAN_POINT ( 'NONE',  ( -3.879999999999999000, 5.315000000000000400, -2.910000000000000100 ) ) ;
#227 = CARTESIAN_POINT ( 'NONE',  ( -4.263294566885535100, 5.802584455110825900, -2.316447801907967700 ) ) ;
#228 = CARTESIAN_POINT ( 'NONE',  ( -4.326325393662112400, 5.761144987019124000, -2.194711155524763100 ) ) ;
#229 = CARTESIAN_POINT ( 'NONE',  ( -4.418519129814709100, 5.586448054611608400, -2.002632559280894200 ) ) ;
#230 = CARTESIAN_POINT ( 'NONE',  ( -4.445098424107177600, 5.453924405695680400, -1.939999999999998800 ) ) ;
#231 = CARTESIAN_POINT ( 'NONE',  ( -4.445098424107164300, 5.315000000000000400, -1.940000000000000200 ) ) ;
#232 = CARTESIAN_POINT ( 'NONE',  ( -9.368150750194084600, 5.799592031391860300, -1.582392424433758800 ) ) ;
#233 = CARTESIAN_POINT ( 'NONE',  ( -9.450349199897322800, 5.315000000000000400, -0.9700000000000008600 ) ) ;
#234 = CARTESIAN_POINT ( 'NONE',  ( -9.445261713982562300, 5.569214565726970700, -1.022478235725158300 ) ) ;
#235 = CARTESIAN_POINT ( 'NONE',  ( -9.299806449598827700, 5.443974336122591900, -1.940000000000000400 ) ) ;
#236 = CARTESIAN_POINT ( 'NONE',  ( -9.450349199897324600, 5.443955930848110500, -0.9700000000000007500 ) ) ;
#237 = CARTESIAN_POINT ( 'NONE',  ( -9.499999999999998200, 5.315000000000000400, -5.421010862427522200E-016 ) ) ;
#238 = CARTESIAN_POINT ( 'NONE',  ( -9.407197438459059300, 5.800402933037289300, -1.330733112655068100 ) ) ;
#239 = CARTESIAN_POINT ( 'NONE',  ( -4.124425696677229200, 5.797166575606944100, -2.555528058071078000 ) ) ;
#240 = CARTESIAN_POINT ( 'NONE',  ( -4.752010100999364700, 5.315000000000000400, -0.9700000000000008600 ) ) ;
#241 = DIRECTION ( 'NONE',  ( 0.0000000000000000000, 0.0000000000000000000, 1.000000000000000000 ) ) ;
#242 = CARTESIAN_POINT ( 'NONE',  ( 0.0000000000000000000, 8.800000000000000700, 2.168404344971008900E-016 ) ) ;
#243 = CARTESIAN_POINT ( 'NONE',  ( -4.349999999999999600, 5.315000000000000400, 4.849999999999999600 ) ) ;
#244 = CARTESIAN_POINT ( 'NONE',  ( -4.849999999999999600, 5.802245494558429000, 4.430067797251703100 ) ) ;
#245 = DIRECTION ( 'NONE',  ( 0.0000000000000000000, 0.0000000000000000000, 1.000000000000000000 ) ) ;
#246 = DIRECTION ( 'NONE',  ( -1.000000000000000000, -0.0000000000000000000, -0.0000000000000000000 ) ) ;
#247 = CARTESIAN_POINT ( 'NONE',  ( -2.909999999999997900, 5.315000000000000400, -3.880000000000000800 ) ) ;
#248 = CARTESIAN_POINT ( 'NONE',  ( -2.936259816333798100, 5.467212935923155800, -3.860472129758026200 ) ) ;
#249 = DIRECTION ( 'NONE',  ( -1.000000000000000000, 0.0000000000000000000, -0.0000000000000000000 ) ) ;
#250 = CARTESIAN_POINT ( 'NONE',  ( -3.013108641648026200, 5.589159535331221600, -3.800795059889581200 ) ) ;
#251 = CARTESIAN_POINT ( 'NONE',  ( -3.329167403936728500, 5.793360057203141600, -3.530263671775126300 ) ) ;
#252 = CARTESIAN_POINT ( 'NONE',  ( -3.545987020867309900, 5.805208451354674900, -3.312415016801274700 ) ) ;
#253 = CARTESIAN_POINT ( 'NONE',  ( -4.830124683458262100, 5.784199415134738200, 4.507549489425587200 ) ) ;
#254 = CARTESIAN_POINT ( 'NONE',  ( -3.652511210285654300, 5.774748872484080300, -3.193567799429040100 ) ) ;
#255 = CARTESIAN_POINT ( 'NONE',  ( -4.721015343461169200, 5.679392188966208900, 4.691116366315158700 ) ) ;
#256 = DIRECTION ( 'NONE',  ( 0.0000000000000000000, 0.0000000000000000000, -1.000000000000000000 ) ) ;
#257 = DIRECTION ( 'NONE',  ( 0.0000000000000000000, -1.000000000000000000, 0.0000000000000000000 ) ) ;
#258 = CARTESIAN_POINT ( 'NONE',  ( -10.87178715550189300, 5.315000000000000400, -3.880000000000000800 ) ) ;
#259 = DIRECTION ( 'NONE',  ( -1.000000000000000000, -0.0000000000000000000, -0.0000000000000000000 ) ) ;
#260 = CARTESIAN_POINT ( 'NONE',  ( -9.499999999999998200, 5.315000000000000400, -4.849999999999998800 ) ) ;
#261 = DIRECTION ( 'NONE',  ( 1.000000000000000000, -0.0000000000000000000, -0.0000000000000000000 ) ) ;
#262 = CARTESIAN_POINT ( 'NONE',  ( -10.87178715550189300, 5.315000000000000400, -1.246832498358330100E-015 ) ) ;
#263 = CARTESIAN_POINT ( 'NONE',  ( -4.445098424107162500, 5.446514795739854100, -1.939999999999999900 ) ) ;
#264 = CARTESIAN_POINT ( 'NONE',  ( -3.061537972996891000, 5.637103354540420800, -3.762177198912588900 ) ) ;
#265 = CARTESIAN_POINT ( 'NONE',  ( -4.470065703136071100, 5.573064906884172700, -1.884192154539446000 ) ) ;
#266 = CARTESIAN_POINT ( 'NONE',  ( -4.697371613966982600, 5.753613625870682000, -1.210922938773075300 ) ) ;
#267 = CARTESIAN_POINT ( 'NONE',  ( -4.849999999999999600, 8.800000000000000700, 4.349999999999999600 ) ) ;
#268 = CARTESIAN_POINT ( 'NONE',  ( -10.87178715550189300, 5.315000000000000400, 3.879999999999999000 ) ) ;
#269 = CARTESIAN_POINT ( 'NONE',  ( -4.741431249009179900, 5.573820476646271300, -1.024921535664485600 ) ) ;
#270 = CARTESIAN_POINT ( 'NONE',  ( -4.462166641532622400, 5.425471312915372700, 4.849999999999999600 ) ) ;
#271 = DIRECTION ( 'NONE',  ( -1.000000000000000000, -0.0000000000000000000, -0.0000000000000000000 ) ) ;
#272 = CARTESIAN_POINT ( 'NONE',  ( -4.849999999999999600, 5.799767985741633300, 4.349999999999999600 ) ) ;
#273 = CARTESIAN_POINT ( 'NONE',  ( -4.752010100999381600, 5.446458825615915900, -0.9699999999999990900 ) ) ;
#274 = CARTESIAN_POINT ( 'NONE',  ( -2.909999999999997900, 5.393533059721638000, -3.880000000000000800 ) ) ;
#275 = CARTESIAN_POINT ( 'NONE',  ( -4.663999160296753200, 5.801389243457473200, -1.336603689846146900 ) ) ;
#276 = CARTESIAN_POINT ( 'NONE',  ( -4.764941895813098700, 5.722099696442397100, 4.638383037613507100 ) ) ;
#277 = CARTESIAN_POINT ( 'NONE',  ( -4.575829315407570900, 5.537472829804229900, 4.813737169204674000 ) ) ;
#278 = CARTESIAN_POINT ( 'NONE',  ( -3.215724316891174400, 5.753064991449401900, -3.633123348061393400 ) ) ;
#279 = DIRECTION ( 'NONE',  ( -1.000000000000000000, -0.0000000000000000000, -0.0000000000000000000 ) ) ;
#280 = CARTESIAN_POINT ( 'NONE',  ( -9.499999999999998200, 5.315000000000000400, 2.424999999999999400 ) ) ;
#281 = DIRECTION ( 'NONE',  ( 0.0000000000000000000, 0.0000000000000000000, -1.000000000000000000 ) ) ;
#282 = CARTESIAN_POINT ( 'NONE',  ( -4.445098424107164300, 5.315000000000000400, -1.940000000000000200 ) ) ;
#283 = CARTESIAN_POINT ( 'NONE',  ( -4.540947856016470200, 5.748187789466757500, -1.706300100955512100 ) ) ;
#284 = CARTESIAN_POINT ( 'NONE',  ( 4.850000000000000500, 8.800000000000000700, -4.849999999999998800 ) ) ;
#285 = CARTESIAN_POINT ( 'NONE',  ( -4.585706680070045700, 5.798547015435139500, -1.584516278023078800 ) ) ;
#286 = CARTESIAN_POINT ( 'NONE',  ( -9.043334561985416200, 5.315000000000000400, -2.910000000000000100 ) ) ;
#287 = CARTESIAN_POINT ( 'NONE',  ( -3.865637646776053600, 5.469272879856036200, -2.929354038710272800 ) ) ;
#288 = DIRECTION ( 'NONE',  ( -1.000000000000000000, -0.0000000000000000000, -0.0000000000000000000 ) ) ;
#289 = DIRECTION ( 'NONE',  ( -0.0000000000000000000, -1.000000000000000000, -0.0000000000000000000 ) ) ;
#290 = CARTESIAN_POINT ( 'NONE',  ( -9.061296544737432500, 5.571998669546276900, -2.855112482736880800 ) ) ;
#291 = CARTESIAN_POINT ( 'NONE',  ( -9.217583987926410300, 5.800612617209789200, -2.302773127208746400 ) ) ;
#292 = CARTESIAN_POINT ( 'NONE',  ( -8.168690225489026300, 5.800000000000000700, -4.849999999999998800 ) ) ;
#293 = DIRECTION ( 'NONE',  ( 1.000000000000000000, -0.0000000000000000000, -0.0000000000000000000 ) ) ;
#294 = CARTESIAN_POINT ( 'NONE',  ( -8.671539655678222000, 5.451727418676462400, -3.879999999999999900 ) ) ;
#295 = DIRECTION ( 'NONE',  ( -0.0000000000000000000, 1.000000000000000000, -0.0000000000000000000 ) ) ;
#296 = CARTESIAN_POINT ( 'NONE',  ( 4.850000000000000500, 8.800000000000000700, 0.0000000000000000000 ) ) ;
#297 = CARTESIAN_POINT ( 'NONE',  ( -4.849999999999999600, 5.315000000000000400, 3.394999999999999100 ) ) ;
#298 = CARTESIAN_POINT ( 'NONE',  ( -10.87178715550189300, 5.315000000000000400, 0.9699999999999992000 ) ) ;
#299 = CARTESIAN_POINT ( 'NONE',  ( -8.168690225489026300, 5.315000000000000400, -4.849999999999998800 ) ) ;
#300 = DIRECTION ( 'NONE',  ( -1.000000000000000000, 0.0000000000000000000, -0.0000000000000000000 ) ) ;
#301 = CARTESIAN_POINT ( 'NONE',  ( -8.168690225489022800, 5.451650446328456700, -4.850000000000001400 ) ) ;
#302 = CARTESIAN_POINT ( 'NONE',  ( -3.880000000000512800, 5.393359454088359200, -2.909999999999928200 ) ) ;
#303 = CARTESIAN_POINT ( 'NONE',  ( -3.879999999999999000, 5.315000000000000400, -2.910000000000000100 ) ) ;
#304 = DIRECTION ( 'NONE',  ( 0.0000000000000000000, 0.0000000000000000000, 1.000000000000000000 ) ) ;
#305 = CARTESIAN_POINT ( 'NONE',  ( -9.151705004902947100, 5.799375435554351200, -2.552041173865816000 ) ) ;
#306 = CARTESIAN_POINT ( 'NONE',  ( -8.308087277834118800, 5.752760971427351300, -4.608313794893983400 ) ) ;
#307 = CARTESIAN_POINT ( 'NONE',  ( -8.644951214202654600, 5.582019065583344800, -3.940250145447256700 ) ) ;
#308 = CARTESIAN_POINT ( 'NONE',  ( -3.777996484984808200, 5.653777849147182600, -3.041964154480710600 ) ) ;
#309 = CARTESIAN_POINT ( 'NONE',  ( -8.204947818410076400, 5.580709123498838400, -4.789540849130224500 ) ) ;
#310 = CARTESIAN_POINT ( 'NONE',  ( -8.497917173044729800, 5.801115731217352700, -4.248982018303137500 ) ) ;
#311 = CARTESIAN_POINT ( 'NONE',  ( -9.115796973370676100, 5.748637027605036900, -2.676005960575654500 ) ) ;
#312 = CARTESIAN_POINT ( 'NONE',  ( -9.247518623120930300, 5.751542485134163700, -2.177674032908572400 ) ) ;
#313 = CARTESIAN_POINT ( 'NONE',  ( -8.671539655678220300, 5.315000000000000400, -3.880000000000000800 ) ) ;
#314 = CARTESIAN_POINT ( 'NONE',  ( -8.372983766368898600, 5.798841134144599800, -4.490165622771034900 ) ) ;
#315 = CARTESIAN_POINT ( 'NONE',  ( -9.499999999999998200, 5.315000000000000400, 0.4849999999999993200 ) ) ;
#316 = CARTESIAN_POINT ( 'NONE',  ( -9.043334561985410900, 5.445465092631913300, -2.910000000000000100 ) ) ;
#317 = CARTESIAN_POINT ( 'NONE',  ( -9.288863261100273000, 5.571798873013920100, -1.993961934229003400 ) ) ;
#318 = CARTESIAN_POINT ( 'NONE',  ( -9.299806449598827700, 5.315000000000000400, -1.940000000000000400 ) ) ;
#319 = CARTESIAN_POINT ( 'NONE',  ( -9.299806449598831300, 5.445441933851959100, -1.939999999999999700 ) ) ;
#320 = CARTESIAN_POINT ( 'NONE',  ( -8.556883785709986900, 5.757209061608550700, -4.128013151928500200 ) ) ;
#321 = CARTESIAN_POINT ( 'NONE',  ( -10.87178715550189300, 5.315000000000000400, -0.9700000000000008600 ) ) ;
#322 = DIRECTION ( 'NONE',  ( -0.0000000000000000000, 1.000000000000000000, -0.0000000000000000000 ) ) ;
#323 = CARTESIAN_POINT ( 'NONE',  ( -9.499999999999998200, 5.800000000000000700, 0.0000000000000000000 ) ) ;
#324 = CARTESIAN_POINT ( 'NONE',  ( 4.850000000000000500, 8.800000000000000700, -4.349999999999998800 ) ) ;
#325 = CARTESIAN_POINT ( 'NONE',  ( -10.87178715550189300, 5.315000000000000400, 1.939999999999999100 ) ) ;
#326 = DIRECTION ( 'NONE',  ( 0.0000000000000000000, 0.0000000000000000000, -1.000000000000000000 ) ) ;
#327 = CARTESIAN_POINT ( 'NONE',  ( -3.814245680518656600, 5.600300602009595800, -2.995963849736054100 ) ) ;
#328 = DIRECTION ( 'NONE',  ( -1.000000000000000000, -0.0000000000000000000, -0.0000000000000000000 ) ) ;
#329 = DIRECTION ( 'NONE',  ( -0.0000000000000000000, -1.000000000000000000, -0.0000000000000000000 ) ) ;
#330 = DIRECTION ( 'NONE',  ( 0.0000000000000000000, -1.000000000000000000, 0.0000000000000000000 ) ) ;
#331 = CARTESIAN_POINT ( 'NONE',  ( -8.774333375323427800, 5.750316405532622400, -3.642889744565438500 ) ) ;
#332 = CARTESIAN_POINT ( 'NONE',  ( -3.532350492236012100, 0.0000000000000000000, -4.849999999999998800 ) ) ;
#333 = CARTESIAN_POINT ( 'NONE',  ( -9.499999999999998200, 3.500000000000010200, 4.849999999999999600 ) ) ;
#334 = CARTESIAN_POINT ( 'NONE',  ( -4.838233307980316600, 5.800509487478146700, -0.3607010690695091600 ) ) ;
#335 = CARTESIAN_POINT ( 'NONE',  ( 9.500000000000001800, 5.800000000000000700, 0.0000000000000000000 ) ) ;
#336 = CARTESIAN_POINT ( 'NONE',  ( -4.752010100999364700, 5.443583699451184400, -0.9700000000000007500 ) ) ;
#337 = CARTESIAN_POINT ( 'NONE',  ( -8.671539655678220300, 5.447911345055375800, -3.880000000000000300 ) ) ;
#338 = DIRECTION ( 'NONE',  ( -0.0000000000000000000, -1.000000000000000000, -0.0000000000000000000 ) ) ;
#339 = CARTESIAN_POINT ( 'NONE',  ( -8.697447575925455300, 5.575608849324402700, -3.822823241585087600 ) ) ;
#340 = CARTESIAN_POINT ( 'NONE',  ( -4.850000000000001400, 5.443559242030770100, -9.723938234479367900E-016 ) ) ;
#341 = CARTESIAN_POINT ( 'NONE',  ( 0.0000000000000000000, 8.800000000000000700, -4.849999999999999600 ) ) ;
#342 = CARTESIAN_POINT ( 'NONE',  ( -4.763381877291151600, 5.568926371329379100, -0.9169878020313180200 ) ) ;
#343 = CARTESIAN_POINT ( 'NONE',  ( -9.499999999999998200, 5.315000000000000400, 3.394999999999999100 ) ) ;
#344 = CARTESIAN_POINT ( 'NONE',  ( -8.168690225489026300, 3.500000000000010700, -4.849999999999998800 ) ) ;
#345 = DIRECTION ( 'NONE',  ( 0.0000000000000000000, 0.0000000000000000000, -1.000000000000000000 ) ) ;
#346 = DIRECTION ( 'NONE',  ( 1.000000000000000000, 0.0000000000000000000, 1.788374717501863000E-016 ) ) ;
#347 = CARTESIAN_POINT ( 'NONE',  ( -8.824289738904010200, 5.799134122865363700, -3.521253545219442200 ) ) ;
#348 = CARTESIAN_POINT ( 'NONE',  ( -4.849999999999999600, 8.800000000000000700, 0.0000000000000000000 ) ) ;
#349 = CARTESIAN_POINT ( 'NONE',  ( -9.025512368073753700, 5.575926658099819000, -2.966433202126333800 ) ) ;
#350 = CARTESIAN_POINT ( 'NONE',  ( -4.812747571088204200, 5.799482491962665500, -0.6132435247620821000 ) ) ;
#351 = CARTESIAN_POINT ( 'NONE',  ( -5.539443623511962400, 1.358605786100396200, -4.849999999999997900 ) ) ;
#352 = CARTESIAN_POINT ( 'NONE',  ( 0.0000000000000000000, 8.800000000000000700, -4.849999999999999600 ) ) ;
#353 = CARTESIAN_POINT ( 'NONE',  ( -4.752010100999364700, 5.315000000000000400, -0.9700000000000008600 ) ) ;
#354 = CARTESIAN_POINT ( 'NONE',  ( -8.671539655678220300, 5.315000000000000400, -3.880000000000000800 ) ) ;
#355 = DIRECTION ( 'NONE',  ( 0.0000000000000000000, 0.0000000000000000000, 1.000000000000000000 ) ) ;
#356 = DIRECTION ( 'NONE',  ( -1.000000000000000000, 0.0000000000000000000, -0.0000000000000000000 ) ) ;
#357 = CARTESIAN_POINT ( 'NONE',  ( -8.918435346014174300, 5.800842444236987000, -3.275488803951578400 ) ) ;
#358 = CARTESIAN_POINT ( 'NONE',  ( -8.962411382965685300, 5.753951440615371600, -3.151948865609482300 ) ) ;
#359 = CARTESIAN_POINT ( 'NONE',  ( -9.043334561985418000, 5.447907367104991600, -2.910000000000000100 ) ) ;
#360 = CARTESIAN_POINT ( 'NONE',  ( -10.87178715550189300, 5.315000000000000400, -2.910000000000000100 ) ) ;
#361 = CARTESIAN_POINT ( 'NONE',  ( 9.500000000000001800, 3.500000000000006700, -4.849999999999998800 ) ) ;
#362 = DIRECTION ( 'NONE',  ( -1.000000000000000000, -0.0000000000000000000, -0.0000000000000000000 ) ) ;
#363 = CARTESIAN_POINT ( 'NONE',  ( -4.794247491343769600, 5.747046518567333200, -0.7388264544018261500 ) ) ;
#364 = DIRECTION ( 'NONE',  ( 0.0000000000000000000, -1.000000000000000000, 0.0000000000000000000 ) ) ;
#365 = CARTESIAN_POINT ( 'NONE',  ( -4.845194511308650800, 5.749629456897724600, -0.2343254141606015100 ) ) ;
#366 = CARTESIAN_POINT ( 'NONE',  ( -4.849999999999999600, 5.315000000000000400, 4.364999999999999300 ) ) ;
#367 = DIRECTION ( 'NONE',  ( 1.000000000000000000, -0.0000000000000000000, -0.0000000000000000000 ) ) ;
#368 = DIRECTION ( 'NONE',  ( 0.0000000000000000000, 0.0000000000000000000, 1.000000000000000000 ) ) ;
#369 = DIRECTION ( 'NONE',  ( -1.000000000000000000, -0.0000000000000000000, -0.0000000000000000000 ) ) ;
#370 = CARTESIAN_POINT ( 'NONE',  ( -4.357527354839805700, 0.5138497367540224600, -4.849999999999998800 ) ) ;
#371 = CARTESIAN_POINT ( 'NONE',  ( -5.151193637428787200, 1.069440546119621900, -4.849999999999997000 ) ) ;
#372 = DIRECTION ( 'NONE',  ( 0.0000000000000000000, 0.0000000000000000000, -1.000000000000000000 ) ) ;
#373 = CARTESIAN_POINT ( 'NONE',  ( -4.850578797308998000, 5.568471975287069500, -0.05199599247462504500 ) ) ;
#374 = CARTESIAN_POINT ( 'NONE',  ( -6.688161998157769800, 2.247338039770963900, -4.849999999999998800 ) ) ;
#375 = CARTESIAN_POINT ( 'NONE',  ( -7.433092604739751900, 2.867487463736050600, -4.849999999999999600 ) ) ;
#376 = CARTESIAN_POINT ( 'NONE',  ( -4.849999999999999600, 5.315000000000000400, 0.0000000000000000000 ) ) ;
#377 = DIRECTION ( 'NONE',  ( 0.0000000000000000000, -1.000000000000000000, 0.0000000000000000000 ) ) ;
#378 = CARTESIAN_POINT ( 'NONE',  ( -9.043334561985416200, 5.315000000000000400, -2.910000000000000100 ) ) ;
#379 = CARTESIAN_POINT ( 'NONE',  ( -3.952268158085901400, 0.2472160622772431900, -4.850000000000000500 ) ) ;
#380 = CARTESIAN_POINT ( 'NONE',  ( -2.817079178434537900, 5.570829320653913900, -3.948223594908384400 ) ) ;
#381 = CARTESIAN_POINT ( 'NONE',  ( -2.909999999999997500, 5.387576562321283000, -3.880000000000001200 ) ) ;
#382 = CARTESIAN_POINT ( 'NONE',  ( -2.909999999999997900, 5.315000000000000400, -3.880000000000000800 ) ) ;
#383 = CARTESIAN_POINT ( 'NONE',  ( 4.541058586199196300, 5.748520384856000500, 1.706029724656516800 ) ) ;
#384 = DIRECTION ( 'NONE',  ( -1.000000000000000000, 0.0000000000000000000, -0.0000000000000000000 ) ) ;
#385 = CARTESIAN_POINT ( 'NONE',  ( 0.0000000000000000000, 8.800000000000000700, 4.849999999999999600 ) ) ;
#386 = CARTESIAN_POINT ( 'NONE',  ( 4.664284575659486600, 5.801354613234072300, 1.335683428357172800 ) ) ;
#387 = CARTESIAN_POINT ( 'NONE',  ( 4.697622082576649500, 5.752634654398010900, 1.209871867267977600 ) ) ;
#388 = DIRECTION ( 'NONE',  ( 0.0000000000000000000, -1.000000000000000000, 0.0000000000000000000 ) ) ;
#389 = CARTESIAN_POINT ( 'NONE',  ( 4.741215139030045700, 5.574659207650933400, 1.025827554392358500 ) ) ;
#390 = CARTESIAN_POINT ( 'NONE',  ( 4.752010100999366500, 5.315000000000000400, 0.9699999999999992000 ) ) ;
#391 = CARTESIAN_POINT ( 'NONE',  ( -0.5387447895506319900, 5.485505440829977700, -4.827638840402352500 ) ) ;
#392 = CARTESIAN_POINT ( 'NONE',  ( -2.497211832306933200, 5.760349859896051000, -4.160056657594901200 ) ) ;
#393 = CARTESIAN_POINT ( 'NONE',  ( 9.500000000000001800, 5.315000000000000400, -4.849999999999998800 ) ) ;
#394 = CARTESIAN_POINT ( 'NONE',  ( -4.849999999999999600, 5.315000000000000400, 1.454999999999999200 ) ) ;
#395 = DIRECTION ( 'NONE',  ( -0.0000000000000000000, -1.000000000000000000, -0.0000000000000000000 ) ) ;
#396 = CARTESIAN_POINT ( 'NONE',  ( 0.0000000000000000000, 3.500000000000010700, 0.0000000000000000000 ) ) ;
#397 = DIRECTION ( 'NONE',  ( -1.000000000000000000, -0.0000000000000000000, -0.0000000000000000000 ) ) ;
#398 = DIRECTION ( 'NONE',  ( -1.000000000000000000, 0.0000000000000000000, -0.0000000000000000000 ) ) ;
#399 = CARTESIAN_POINT ( 'NONE',  ( -1.074654548930846600, 5.638330804194228400, -4.737241847540778000 ) ) ;
#400 = CARTESIAN_POINT ( 'NONE',  ( -2.770466327308200000, 5.615850586532332000, -3.981313232947668400 ) ) ;
#401 = DIRECTION ( 'NONE',  ( 0.0000000000000000000, 0.0000000000000000000, -1.000000000000000000 ) ) ;
#402 = CARTESIAN_POINT ( 'NONE',  ( -1.343401959828209400, 5.706867179454011600, -4.668514349614766500 ) ) ;
#403 = CARTESIAN_POINT ( 'NONE',  ( -10.87178715550189300, 5.315000000000000400, -1.940000000000000200 ) ) ;
#404 = DIRECTION ( 'NONE',  ( 0.0000000000000000000, 0.0000000000000000000, -1.000000000000000000 ) ) ;
#405 = CARTESIAN_POINT ( 'NONE',  ( -9.499999999999998200, 5.315000000000000400, 1.454999999999999200 ) ) ;
#406 = DIRECTION ( 'NONE',  ( 0.0000000000000000000, 1.000000000000000000, 0.0000000000000000000 ) ) ;
#407 = CARTESIAN_POINT ( 'NONE',  ( -9.499999999999998200, 5.315000000000000400, 4.364999999999999300 ) ) ;
#408 = CARTESIAN_POINT ( 'NONE',  ( -2.125409135267008100, 5.803537231726717300, -4.361795757731193200 ) ) ;
#409 = CARTESIAN_POINT ( 'NONE',  ( -2.616554367484580400, 5.723808081376023300, -4.085522997165542200 ) ) ;
#410 = DIRECTION ( 'NONE',  ( 0.0000000000000000000, 0.0000000000000000000, 1.000000000000000000 ) ) ;
#411 = CARTESIAN_POINT ( 'NONE',  ( 0.0000000000000000000, 5.315000000000000400, -4.849999999999998800 ) ) ;
#412 = CARTESIAN_POINT ( 'NONE',  ( -2.887672792682041100, 5.456506535867249300, -3.896889849016084800 ) ) ;
#413 = CARTESIAN_POINT ( 'NONE',  ( 8.168690225489026300, 5.800000000000000700, 4.849999999999999600 ) ) ;
#414 = DIRECTION ( 'NONE',  ( -0.0000000000000000000, -1.000000000000000000, -0.0000000000000000000 ) ) ;
#415 = CARTESIAN_POINT ( 'NONE',  ( -1.736812478091790000, 5.773752230579176200, -4.530485203651143600 ) ) ;
#416 = CARTESIAN_POINT ( 'NONE',  ( -1.866820309208175700, 5.790163413416645500, -4.478572111462108700 ) ) ;
#417 = CARTESIAN_POINT ( 'NONE',  ( 4.445098424107165200, 5.315000000000000400, 1.939999999999999100 ) ) ;
#418 = DIRECTION ( 'NONE',  ( 1.000000000000000000, -0.0000000000000000000, -0.0000000000000000000 ) ) ;
#419 = CARTESIAN_POINT ( 'NONE',  ( 4.445098424107276200, 5.444963772633177400, 1.940000000000006200 ) ) ;
#420 = DIRECTION ( 'NONE',  ( -0.0000000000000000000, -0.0000000000000000000, -1.000000000000000000 ) ) ;
#421 = CARTESIAN_POINT ( 'NONE',  ( -0.2688420422759639200, 5.400014601346412300, -4.850000000000002300 ) ) ;
#422 = CARTESIAN_POINT ( 'NONE',  ( 4.469850954174861000, 5.572475234324777200, 1.884723574471104200 ) ) ;
#423 = CARTESIAN_POINT ( 'NONE',  ( -4.849999999999999600, 8.800000000000000700, 0.0000000000000000000 ) ) ;
#424 = DIRECTION ( 'NONE',  ( 0.0000000000000000000, 0.0000000000000000000, -1.000000000000000000 ) ) ;
#425 = CARTESIAN_POINT ( 'NONE',  ( 4.585532146153283900, 5.798585607655454100, 1.585085410985111400 ) ) ;
#426 = CARTESIAN_POINT ( 'NONE',  ( -2.252843192106949400, 5.800546853340493100, -4.297305653731272400 ) ) ;
#427 = CARTESIAN_POINT ( 'NONE',  ( 4.752010100999365600, 5.446380918735141700, 0.9699999999999995300 ) ) ;
#428 = CARTESIAN_POINT ( 'NONE',  ( 8.962411382965687100, 5.753951440615371600, 3.151948865609481000 ) ) ;
#429 = CARTESIAN_POINT ( 'NONE',  ( -9.499999999999998200, 3.500000000000010700, 0.0000000000000000000 ) ) ;
#430 = CARTESIAN_POINT ( 'NONE',  ( 0.0000000000000000000, 8.425000000000000700, 0.0000000000000000000 ) ) ;
#431 = DIRECTION ( 'NONE',  ( 0.0000000000000000000, 0.0000000000000000000, -1.000000000000000000 ) ) ;
#432 = CARTESIAN_POINT ( 'NONE',  ( 4.752010100999366500, 5.315000000000000400, 0.9699999999999992000 ) ) ;
#433 = CARTESIAN_POINT ( 'NONE',  ( 4.763335455920392600, 5.568566420741660700, 0.9172308094766999900 ) ) ;
#434 = CARTESIAN_POINT ( 'NONE',  ( -10.87178715550189300, 5.315000000000000400, -2.910000000000000100 ) ) ;
#435 = CARTESIAN_POINT ( 'NONE',  ( -10.87178715550189300, 5.315000000000000400, -3.880000000000000800 ) ) ;
#436 = CARTESIAN_POINT ( 'NONE',  ( 9.025512368073753700, 5.575926658099819000, 2.966433202126333800 ) ) ;
#437 = CARTESIAN_POINT ( 'NONE',  ( 9.043334561985421500, 5.447907367104991600, 2.909999999999998800 ) ) ;
#438 = CARTESIAN_POINT ( 'NONE',  ( -10.87178715550189300, 5.315000000000000400, 1.939999999999999100 ) ) ;
#439 = CARTESIAN_POINT ( 'NONE',  ( 9.299806449598827700, 5.315000000000000400, 1.939999999999999300 ) ) ;
#440 = CARTESIAN_POINT ( 'NONE',  ( 9.345667826865028600, 5.747656963980059400, 1.707856788533864700 ) ) ;
#441 = DIRECTION ( 'NONE',  ( 1.000000000000000000, 0.0000000000000000000, 0.0000000000000000000 ) ) ;
#442 = DIRECTION ( 'NONE',  ( -0.0000000000000000000, 1.000000000000000000, -0.0000000000000000000 ) ) ;
#443 = DIRECTION ( 'NONE',  ( 0.7071067811865464600, -0.7071067811865486800, 0.0000000000000000000 ) ) ;
#444 = CARTESIAN_POINT ( 'NONE',  ( 0.0000000000000000000, 8.800000000000000700, 0.0000000000000000000 ) ) ;
#445 = CARTESIAN_POINT ( 'NONE',  ( 4.850000000000000500, 5.315000000000000400, -4.365000000000001100 ) ) ;
#446 = DIRECTION ( 'NONE',  ( -1.000000000000000000, -0.0000000000000000000, -0.0000000000000000000 ) ) ;
#447 = CARTESIAN_POINT ( 'NONE',  ( 9.500000000000001800, 5.315000000000000400, -3.395000000000000500 ) ) ;
#448 = CARTESIAN_POINT ( 'NONE',  ( 4.850546180469987900, 5.569557693494807900, 0.05309407820233203600 ) ) ;
#449 = DIRECTION ( 'NONE',  ( -0.0000000000000000000, 1.000000000000000000, -0.0000000000000000000 ) ) ;
#450 = CARTESIAN_POINT ( 'NONE',  ( 8.697447575925455300, 5.575608849324402700, 3.822823241585086700 ) ) ;
#451 = CARTESIAN_POINT ( 'NONE',  ( 8.918435346014172500, 5.800842444236987000, 3.275488803951577500 ) ) ;
#452 = CARTESIAN_POINT ( 'NONE',  ( 9.043334561985416200, 5.315000000000000400, 2.909999999999999300 ) ) ;
#453 = DIRECTION ( 'NONE',  ( 0.0000000000000000000, 0.0000000000000000000, -1.000000000000000000 ) ) ;
#454 = CARTESIAN_POINT ( 'NONE',  ( 4.850000000000000500, 5.315000000000000400, -1.246832498358330100E-015 ) ) ;
#455 = CARTESIAN_POINT ( 'NONE',  ( 9.311234947367063700, 5.569689893493866800, 1.886580423722144000 ) ) ;
#456 = CARTESIAN_POINT ( 'NONE',  ( 8.671539655678220300, 5.315000000000000400, 3.879999999999999000 ) ) ;
#457 = DIRECTION ( 'NONE',  ( -0.0000000000000000000, 1.000000000000000000, -0.0000000000000000000 ) ) ;
#458 = CARTESIAN_POINT ( 'NONE',  ( 4.812588700002047300, 5.799476191763023500, 0.6148179079371655100 ) ) ;
#459 = CARTESIAN_POINT ( 'NONE',  ( 4.845227730932408300, 5.748523456316091200, 0.2332069154542932300 ) ) ;
#460 = DIRECTION ( 'NONE',  ( -1.000000000000000000, -0.0000000000000000000, 0.0000000000000000000 ) ) ;
#461 = CARTESIAN_POINT ( 'NONE',  ( 9.299806449598827700, 5.443974336122591900, 1.939999999999999100 ) ) ;
#462 = CARTESIAN_POINT ( 'NONE',  ( 8.671539655678220300, 5.447911345055375800, 3.879999999999999400 ) ) ;
#463 = CARTESIAN_POINT ( 'NONE',  ( 0.0000000000000000000, 8.800000000000000700, 1.649999999999998600 ) ) ;
#464 = DIRECTION ( 'NONE',  ( -1.000000000000000000, -0.0000000000000000000, -0.0000000000000000000 ) ) ;
#465 = CARTESIAN_POINT ( 'NONE',  ( 4.838392257337545700, 5.800515790831561000, 0.3591259102929109700 ) ) ;
#466 = CARTESIAN_POINT ( 'NONE',  ( -4.349999999999999600, 8.800000000000000700, 4.349999999999999600 ) ) ;
#467 = DIRECTION ( 'NONE',  ( 0.0000000000000000000, 0.0000000000000000000, 1.000000000000000000 ) ) ;
#468 = CARTESIAN_POINT ( 'NONE',  ( 4.752010100999401100, 5.441986272728184000, 0.9700000000000005300 ) ) ;
#469 = DIRECTION ( 'NONE',  ( 0.0000000000000000000, 0.0000000000000000000, 1.000000000000000000 ) ) ;
#470 = DIRECTION ( 'NONE',  ( 0.0000000000000000000, 0.0000000000000000000, -1.000000000000000000 ) ) ;
#471 = CARTESIAN_POINT ( 'NONE',  ( 4.794216030894451000, 5.746956794749390700, 0.7390329306575261800 ) ) ;
#472 = CARTESIAN_POINT ( 'NONE',  ( 4.850000000000001400, 5.443555516048506100, -5.251604272976662100E-016 ) ) ;
#473 = DIRECTION ( 'NONE',  ( -0.0000000000000000000, 1.000000000000000000, -0.0000000000000000000 ) ) ;
#474 = CARTESIAN_POINT ( 'NONE',  ( 8.774333375323426100, 5.750316405532622400, 3.642889744565438000 ) ) ;
#475 = CARTESIAN_POINT ( 'NONE',  ( 8.824289738904013800, 5.799134122865363700, 3.521253545219440500 ) ) ;
#476 = CARTESIAN_POINT ( 'NONE',  ( 2.479909768273389800E-016, 8.800000000000000700, -2.024999999999999900 ) ) ;
#477 = CARTESIAN_POINT ( 'NONE',  ( 3.958344625220333600, 5.624962994257752600, 2.803021803928511100 ) ) ;
#478 = CARTESIAN_POINT ( 'NONE',  ( 4.850000000000000500, 5.315000000000000400, -3.395000000000000500 ) ) ;
#479 = CARTESIAN_POINT ( 'NONE',  ( 3.930871477446367100, 5.572778692829309000, 2.841102226607451300 ) ) ;
#480 = CARTESIAN_POINT ( 'NONE',  ( 9.407197438459059300, 5.800402933037289300, 1.330733112655067000 ) ) ;
#481 = CARTESIAN_POINT ( 'NONE',  ( 9.450349199897324600, 5.443955930848110500, 0.9699999999999994200 ) ) ;
#482 = DIRECTION ( 'NONE',  ( -1.000000000000000000, -0.0000000000000000000, -0.0000000000000000000 ) ) ;
#483 = CARTESIAN_POINT ( 'NONE',  ( 1.343401959828207400, 5.706867179454009800, 4.668514349614767400 ) ) ;
#484 = CARTESIAN_POINT ( 'NONE',  ( 1.736812478091789300, 5.773752230579172600, 4.530485203651147200 ) ) ;
#485 = CARTESIAN_POINT ( 'NONE',  ( 0.2688420422781264700, 5.400014601339565300, 4.849999999999999600 ) ) ;
#486 = CARTESIAN_POINT ( 'NONE',  ( 2.887672792682043800, 5.456506535867248400, 3.896889849016083900 ) ) ;
#487 = CARTESIAN_POINT ( 'NONE',  ( 4.445098424107165200, 5.315000000000000400, 1.939999999999999100 ) ) ;
#488 = CARTESIAN_POINT ( 'NONE',  ( 3.880000000001054200, 5.383311881641375900, 2.910000000000011200 ) ) ;
#489 = CARTESIAN_POINT ( 'NONE',  ( 9.445261713982562300, 5.569214565726970700, 1.022478235725156700 ) ) ;
#490 = CARTESIAN_POINT ( 'NONE',  ( 3.880000000000000800, 5.315000000000000400, 2.909999999999999300 ) ) ;
#491 = DIRECTION ( 'NONE',  ( -1.000000000000000000, -0.0000000000000000000, 0.0000000000000000000 ) ) ;
#492 = CARTESIAN_POINT ( 'NONE',  ( 4.327032097326474900, 5.759977132472615200, 2.193256620063132700 ) ) ;
#493 = CARTESIAN_POINT ( 'NONE',  ( 2.910000000000002400, 5.387576562321284800, 3.880000000000000300 ) ) ;
#494 = DIRECTION ( 'NONE',  ( 0.0000000000000000000, 0.0000000000000000000, -1.000000000000000000 ) ) ;
#495 = DIRECTION ( 'NONE',  ( -1.000000000000000000, -0.0000000000000000000, -0.0000000000000000000 ) ) ;
#496 = DIRECTION ( 'NONE',  ( 8.659560562354937800E-017, 0.7071067811865471300, -0.7071067811865479100 ) ) ;
#497 = CARTESIAN_POINT ( 'NONE',  ( 1.866820309208176300, 5.790163413416645500, 4.478572111462110400 ) ) ;
#498 = CARTESIAN_POINT ( 'NONE',  ( 2.252843192106950300, 5.800546853340493100, 4.297305653731275000 ) ) ;
#499 = CARTESIAN_POINT ( 'NONE',  ( 3.891425345664074200, 5.452072726822365200, 2.894895717181960500 ) ) ;
#500 = CARTESIAN_POINT ( 'NONE',  ( 9.450349199897322800, 5.315000000000000400, 0.9699999999999995300 ) ) ;
#501 = CARTESIAN_POINT ( 'NONE',  ( 9.423734428507057000, 5.749884318012209200, 1.204848541986597500 ) ) ;
#502 = CARTESIAN_POINT ( 'NONE',  ( -10.87178715550189300, 5.315000000000000400, -0.9700000000000008600 ) ) ;
#503 = CARTESIAN_POINT ( 'NONE',  ( 4.418120513748014800, 5.587031537244696400, 2.003445157408430900 ) ) ;
#504 = CARTESIAN_POINT ( 'NONE',  ( 9.368150750194084600, 5.799592031391860300, 1.582392424433757900 ) ) ;
#505 = CARTESIAN_POINT ( 'NONE',  ( 1.074654548930843000, 5.638330804194223100, 4.737241847540781600 ) ) ;
#506 = DIRECTION ( 'NONE',  ( -1.000000000000000000, -0.0000000000000000000, -0.0000000000000000000 ) ) ;
#507 = CARTESIAN_POINT ( 'NONE',  ( 2.770466327308200900, 5.615850586532331200, 3.981313232947664800 ) ) ;
#508 = CARTESIAN_POINT ( 'NONE',  ( 4.262565653805670400, 5.802524474255488200, 2.317694274424938200 ) ) ;
#509 = CARTESIAN_POINT ( 'NONE',  ( -9.499999999999998200, 5.315000000000000400, -4.849999999999998800 ) ) ;
#510 = CARTESIAN_POINT ( 'NONE',  ( 4.125305718884466600, 5.797232417182411400, 2.554021422863368900 ) ) ;
#511 = CARTESIAN_POINT ( 'NONE',  ( 2.125409135267009000, 5.803537231726717300, 4.361795757731195000 ) ) ;
#512 = CARTESIAN_POINT ( 'NONE',  ( 4.445098424107165200, 5.453580466811970100, 1.939999999999999700 ) ) ;
#513 = CARTESIAN_POINT ( 'NONE',  ( -10.87178715550189300, 5.315000000000000400, 0.9699999999999992000 ) ) ;
#514 = CARTESIAN_POINT ( 'NONE',  ( 0.0000000000000000000, 5.315000000000000400, 4.849999999999999600 ) ) ;
#515 = DIRECTION ( 'NONE',  ( -1.000000000000000000, -0.0000000000000000000, -0.0000000000000000000 ) ) ;
#516 = CARTESIAN_POINT ( 'NONE',  ( 0.5387447895506325400, 5.485505440829969700, 4.827638840402355100 ) ) ;
#517 = CARTESIAN_POINT ( 'NONE',  ( 2.497211832306935400, 5.760349859896051900, 4.160056657594901200 ) ) ;
#518 = CARTESIAN_POINT ( 'NONE',  ( 2.616554367484582600, 5.723808081376023300, 4.085522997165543100 ) ) ;
#519 = CARTESIAN_POINT ( 'NONE',  ( 2.817079178434541500, 5.570829320653917400, 3.948223594908384400 ) ) ;
#520 = CARTESIAN_POINT ( 'NONE',  ( 4.050602832253064300, 5.751350523191314700, 2.669608644835569600 ) ) ;
#521 = CARTESIAN_POINT ( 'NONE',  ( 2.910000000000148500, 5.315000000000000400, 3.879999999999999000 ) ) ;
#522 = CARTESIAN_POINT ( 'NONE',  ( 8.644951214202654600, 5.582019065583344800, 3.940250145447254900 ) ) ;
#523 = CARTESIAN_POINT ( 'NONE',  ( 8.204947818410078100, 5.580709123498836600, 4.789540849130222700 ) ) ;
#524 = CARTESIAN_POINT ( 'NONE',  ( 8.671539655678220300, 5.315000000000000400, 3.879999999999999000 ) ) ;
#525 = CARTESIAN_POINT ( 'NONE',  ( 8.556883785709986900, 5.757209061608550700, 4.128013151928498400 ) ) ;
#526 = CARTESIAN_POINT ( 'NONE',  ( 9.500000000000001800, 5.315000000000000400, -1.455000000000000500 ) ) ;
#527 = DIRECTION ( 'NONE',  ( 1.000000000000000000, 0.0000000000000000000, 0.0000000000000000000 ) ) ;
#528 = CARTESIAN_POINT ( 'NONE',  ( 8.372983766368898600, 5.798841134144599800, 4.490165622771035800 ) ) ;
#529 = DIRECTION ( 'NONE',  ( -1.000000000000000000, -0.0000000000000000000, -0.0000000000000000000 ) ) ;
#530 = CARTESIAN_POINT ( 'NONE',  ( 8.671539655678222000, 5.451727418676462400, 3.879999999999999000 ) ) ;
#531 = CARTESIAN_POINT ( 'NONE',  ( 8.497917173044729800, 5.801115731217352700, 4.248982018303135700 ) ) ;
#532 = CARTESIAN_POINT ( 'NONE',  ( 0.0000000000000000000, 8.425000000000000700, 0.0000000000000000000 ) ) ;
#533 = DIRECTION ( 'NONE',  ( -0.0000000000000000000, 1.000000000000000000, -0.0000000000000000000 ) ) ;
#534 = DIRECTION ( 'NONE',  ( 0.0000000000000000000, 0.0000000000000000000, -1.000000000000000000 ) ) ;
#535 = CARTESIAN_POINT ( 'NONE',  ( 2.020667218593131000E-016, 8.800000000000000700, -1.649999999999998600 ) ) ;
#536 = CARTESIAN_POINT ( 'NONE',  ( 8.308087277834118800, 5.752760971427351300, 4.608313794893980700 ) ) ;
#537 = DIRECTION ( 'NONE',  ( -0.0000000000000000000, 1.000000000000000000, -0.0000000000000000000 ) ) ;
#538 = DIRECTION ( 'NONE',  ( 0.0000000000000000000, 0.0000000000000000000, 1.000000000000000000 ) ) ;
#539 = CARTESIAN_POINT ( 'NONE',  ( 8.168690225489026300, 5.315000000000000400, 4.849999999999999600 ) ) ;
#540 = CARTESIAN_POINT ( 'NONE',  ( -10.87178715550189300, 5.315000000000000400, -1.246832498358330100E-015 ) ) ;
#541 = CARTESIAN_POINT ( 'NONE',  ( 8.168690225489026300, 5.451650446328456700, 4.849999999999998800 ) ) ;
#542 = DIRECTION ( 'NONE',  ( -1.000000000000000000, -0.0000000000000000000, -0.0000000000000000000 ) ) ;
#543 = DIRECTION ( 'NONE',  ( 1.000000000000000000, 0.0000000000000000000, 0.0000000000000000000 ) ) ;
#544 = DIRECTION ( 'NONE',  ( -1.000000000000000000, -0.0000000000000000000, -0.0000000000000000000 ) ) ;
#545 = CARTESIAN_POINT ( 'NONE',  ( -10.87178715550189300, 5.315000000000000400, -1.940000000000000200 ) ) ;
#546 = CARTESIAN_POINT ( 'NONE',  ( -5.999999999999999100, 0.0000000000000000000, 0.0000000000000000000 ) ) ;
#547 = DIRECTION ( 'NONE',  ( 0.0000000000000000000, 0.0000000000000000000, -1.000000000000000000 ) ) ;
#548 = CARTESIAN_POINT ( 'NONE',  ( 4.850000000000000500, 5.315000000000000400, -1.455000000000000500 ) ) ;
#549 = CARTESIAN_POINT ( 'NONE',  ( 2.909999999999997900, 5.393468694757879200, 3.880000000000003000 ) ) ;
#550 = CARTESIAN_POINT ( 'NONE',  ( 2.936380391791253000, 5.467495126319317200, 3.860381260247255600 ) ) ;
#551 = CARTESIAN_POINT ( 'NONE',  ( 3.061824810876366200, 5.637341789995921300, 3.761940467789050200 ) ) ;
#552 = CARTESIAN_POINT ( 'NONE',  ( 3.215580323759202700, 5.752911184171917800, 3.633237152210215800 ) ) ;
#553 = CARTESIAN_POINT ( 'NONE',  ( 3.880000000000002100, 5.393357792546008300, 2.910000000000000100 ) ) ;
#554 = CARTESIAN_POINT ( 'NONE',  ( 4.850000000000000500, 5.315000000000000400, -0.4850000000000010400 ) ) ;
#555 = CARTESIAN_POINT ( 'NONE',  ( 3.329022988761097100, 5.793384925446067000, 3.530418118090104900 ) ) ;
#556 = CARTESIAN_POINT ( 'NONE',  ( 3.652460319125935900, 5.774806727221181800, 3.193630291366526200 ) ) ;
#557 = CARTESIAN_POINT ( 'NONE',  ( 3.778044646853329500, 5.653727021500567500, 3.041905463942585100 ) ) ;
#558 = CARTESIAN_POINT ( 'NONE',  ( 3.865765679618643700, 5.468887942718231100, 2.929186737900561600 ) ) ;
#559 = DIRECTION ( 'NONE',  ( -1.000000000000000000, -0.0000000000000000000, 0.0000000000000000000 ) ) ;
#560 = DIRECTION ( 'NONE',  ( 0.0000000000000000000, 0.0000000000000000000, -1.000000000000000000 ) ) ;
#561 = CARTESIAN_POINT ( 'NONE',  ( -9.499999999999998200, 5.315000000000000400, 4.849999999999999600 ) ) ;
#562 = CARTESIAN_POINT ( 'NONE',  ( -10.87178715550189300, 5.315000000000000400, 2.909999999999999300 ) ) ;
#563 = DIRECTION ( 'NONE',  ( -1.000000000000000000, -0.0000000000000000000, 0.0000000000000000000 ) ) ;
#564 = CARTESIAN_POINT ( 'NONE',  ( 3.013332087324583200, 5.589422843225782400, 3.800618766893675700 ) ) ;
#565 = CARTESIAN_POINT ( 'NONE',  ( 2.910000000000148500, 5.315000000000000400, 3.879999999999999000 ) ) ;
#566 = DIRECTION ( 'NONE',  ( 0.0000000000000000000, 0.0000000000000000000, -1.000000000000000000 ) ) ;
#567 = CARTESIAN_POINT ( 'NONE',  ( 3.546424377523048400, 5.805199547114309400, 3.311966226088213900 ) ) ;
#568 = CARTESIAN_POINT ( 'NONE',  ( 3.814233850376646600, 5.600389139794407000, 2.995980535626169900 ) ) ;
#569 = CARTESIAN_POINT ( 'NONE',  ( 3.880000000000000800, 5.315000000000000400, 2.909999999999999300 ) ) ;
#570 = DIRECTION ( 'NONE',  ( 0.0000000000000000000, 0.0000000000000000000, 1.000000000000000000 ) ) ;
#571 = CARTESIAN_POINT ( 'NONE',  ( 9.500000000000001800, 5.315000000000000400, -4.365000000000001100 ) ) ;
#572 = CARTESIAN_POINT ( 'NONE',  ( -10.87178715550189300, 5.315000000000000400, 3.879999999999999000 ) ) ;
#573 = CARTESIAN_POINT ( 'NONE',  ( 4.462166641524453900, 5.425471312923662000, -4.849999999999999600 ) ) ;
#574 = CARTESIAN_POINT ( 'NONE',  ( 4.850000000000001400, 5.802245494558429900, -4.430067797251703100 ) ) ;
#575 = CARTESIAN_POINT ( 'NONE',  ( 4.850000000000000500, 5.315000000000000400, -2.425000000000000300 ) ) ;
#576 = DIRECTION ( 'NONE',  ( 1.000000000000000000, 0.0000000000000000000, 0.0000000000000000000 ) ) ;
#577 = CARTESIAN_POINT ( 'NONE',  ( 4.575829315407569100, 5.537472829804233500, -4.813737169204674900 ) ) ;
#578 = CARTESIAN_POINT ( 'NONE',  ( 9.500000000000001800, 5.315000000000000400, -0.4850000000000010400 ) ) ;
#579 = CARTESIAN_POINT ( 'NONE',  ( 4.850000000000000500, 5.799767985741633300, -4.349999999999998800 ) ) ;
#580 = CARTESIAN_POINT ( 'NONE',  ( 0.0000000000000000000, 8.800000000000000700, 2.024999999999999900 ) ) ;
#581 = DIRECTION ( 'NONE',  ( 1.000000000000000000, 0.0000000000000000000, 0.0000000000000000000 ) ) ;
#582 = DIRECTION ( 'NONE',  ( 0.0000000000000000000, 0.0000000000000000000, -1.000000000000000000 ) ) ;
#583 = DIRECTION ( 'NONE',  ( 0.0000000000000000000, 0.0000000000000000000, -1.000000000000000000 ) ) ;
#584 = DIRECTION ( 'NONE',  ( 1.000000000000000000, 0.0000000000000000000, 0.0000000000000000000 ) ) ;
#585 = DIRECTION ( 'NONE',  ( 0.0000000000000000000, 0.0000000000000000000, -1.000000000000000000 ) ) ;
#586 = CARTESIAN_POINT ( 'NONE',  ( 4.830124683458263800, 5.784199415134742700, -4.507549489425587200 ) ) ;
#587 = CARTESIAN_POINT ( 'NONE',  ( 9.499999999999998200, 3.500000000000006700, 0.0000000000000000000 ) ) ;
#588 = CARTESIAN_POINT ( 'NONE',  ( 0.0000000000000000000, 0.0000000000000000000, 0.0000000000000000000 ) ) ;
#589 = CARTESIAN_POINT ( 'NONE',  ( 4.349999999999999600, 5.315000000000000400, -4.849999999999998800 ) ) ;
#590 = DIRECTION ( 'NONE',  ( -0.0000000000000000000, 1.000000000000000000, -0.0000000000000000000 ) ) ;
#591 = CARTESIAN_POINT ( 'NONE',  ( 4.349999999999999600, 8.800000000000000700, -4.349999999999998800 ) ) ;
#592 = DIRECTION ( 'NONE',  ( 0.0000000000000000000, 0.0000000000000000000, -1.000000000000000000 ) ) ;
#593 = CARTESIAN_POINT ( 'NONE',  ( 9.043334561985416200, 5.315000000000000400, 2.909999999999999300 ) ) ;
#594 = DIRECTION ( 'NONE',  ( -0.0000000000000000000, 1.000000000000000000, -0.0000000000000000000 ) ) ;
#595 = CARTESIAN_POINT ( 'NONE',  ( 9.043334561985410900, 5.445465092631913300, 2.909999999999999300 ) ) ;
#596 = DIRECTION ( 'NONE',  ( -1.000000000000000000, -0.0000000000000000000, -0.0000000000000000000 ) ) ;
#597 = CARTESIAN_POINT ( 'NONE',  ( 4.721015343461169200, 5.679392188966210700, -4.691116366315159600 ) ) ;
#598 = DIRECTION ( 'NONE',  ( 0.0000000000000000000, 0.7071067811865471300, 0.7071067811865479100 ) ) ;
#599 = CARTESIAN_POINT ( 'NONE',  ( 4.764941895813096900, 5.722099696442397100, -4.638383037613506200 ) ) ;
#600 = CARTESIAN_POINT ( 'NONE',  ( 9.500000000000001800, 5.315000000000000400, -2.425000000000000300 ) ) ;
#601 = DIRECTION ( 'NONE',  ( -0.7071067811865461300, -0.7071067811865489100, 0.0000000000000000000 ) ) ;
#602 = DIRECTION ( 'NONE',  ( -1.000000000000000000, -0.0000000000000000000, -0.0000000000000000000 ) ) ;
#603 = CARTESIAN_POINT ( 'NONE',  ( 9.450349199897322800, 5.315000000000000400, 0.9699999999999995300 ) ) ;
#604 = CARTESIAN_POINT ( 'NONE',  ( -9.499999999999998200, 5.315000000000000400, 4.849999999999999600 ) ) ;
#605 = CARTESIAN_POINT ( 'NONE',  ( 9.217583987926410300, 5.800612617209789200, 2.302773127208745100 ) ) ;
#606 = CARTESIAN_POINT ( 'NONE',  ( 9.288863261100273000, 5.571798873013918300, 1.993961934229002900 ) ) ;
#607 = CARTESIAN_POINT ( 'NONE',  ( -4.349999999999999600, 5.315000000000000400, 4.849999999999999600 ) ) ;
#608 = DIRECTION ( 'NONE',  ( 1.000000000000000000, 0.0000000000000000000, 0.0000000000000000000 ) ) ;
#609 = CARTESIAN_POINT ( 'NONE',  ( 9.500000000000001800, 5.315000000000000400, 0.0000000000000000000 ) ) ;
#610 = CARTESIAN_POINT ( 'NONE',  ( 9.115796973370676100, 5.748637027605036900, 2.676005960575653700 ) ) ;
#611 = CARTESIAN_POINT ( 'NONE',  ( 9.494047059864941600, 5.800194908927037000, 0.3593055629732631000 ) ) ;
#612 = CARTESIAN_POINT ( 'NONE',  ( 9.450349199897322800, 5.443264525532862700, 0.9699999999999993100 ) ) ;
#613 = DIRECTION ( 'NONE',  ( -1.000000000000000000, -0.0000000000000000000, 0.0000000000000000000 ) ) ;
#614 = CARTESIAN_POINT ( 'NONE',  ( 0.0000000000000000000, 8.800000000000000700, 0.0000000000000000000 ) ) ;
#615 = CARTESIAN_POINT ( 'NONE',  ( 9.456034728912639400, 5.568592803729483600, 0.9173097397521280400 ) ) ;
#616 = CARTESIAN_POINT ( 'NONE',  ( 9.500292299541428100, 5.567927055816687300, 0.05178520880604915700 ) ) ;
#617 = CARTESIAN_POINT ( 'NONE',  ( 9.500000000000000000, 5.443258041543694900, -8.724439356719291500E-016 ) ) ;
#618 = CARTESIAN_POINT ( 'NONE',  ( 9.061296544737432500, 5.571998669546276900, 2.855112482736880300 ) ) ;
#619 = DIRECTION ( 'NONE',  ( -0.0000000000000000000, 1.000000000000000000, -0.0000000000000000000 ) ) ;
#620 = CARTESIAN_POINT ( 'NONE',  ( 9.151705004902947100, 5.799375435554351200, 2.552041173865814600 ) ) ;
#621 = DIRECTION ( 'NONE',  ( 0.0000000000000000000, -1.000000000000000000, 0.0000000000000000000 ) ) ;
#622 = CARTESIAN_POINT ( 'NONE',  ( 9.299806449598827700, 5.315000000000000400, 1.939999999999999300 ) ) ;
#623 = CARTESIAN_POINT ( 'NONE',  ( 9.481099537895360600, 5.799803931800887800, 0.6121940991500117700 ) ) ;
#624 = CARTESIAN_POINT ( 'NONE',  ( -9.499999999999998200, 5.315000000000000400, 4.849999999999999600 ) ) ;
#625 = DIRECTION ( 'NONE',  ( 0.0000000000000000000, 0.0000000000000000000, -1.000000000000000000 ) ) ;
#626 = CARTESIAN_POINT ( 'NONE',  ( -4.849999999999999600, 8.800000000000000700, 4.849999999999999600 ) ) ;
#627 = CARTESIAN_POINT ( 'NONE',  ( 9.247518623120930300, 5.751542485134163700, 2.177674032908572000 ) ) ;
#628 = DIRECTION ( 'NONE',  ( -0.0000000000000000000, -1.000000000000000000, -0.0000000000000000000 ) ) ;
#629 = CARTESIAN_POINT ( 'NONE',  ( 9.471673278301977900, 5.747335179216048800, 0.7385494310783573500 ) ) ;
#630 = CARTESIAN_POINT ( 'NONE',  ( 9.497569343082499700, 5.748907937890738400, 0.2332639233071195900 ) ) ;
#631 = DIRECTION ( 'NONE',  ( 0.0000000000000000000, 0.0000000000000000000, 1.000000000000000000 ) ) ;
#632 = CARTESIAN_POINT ( 'NONE',  ( 9.299806449598831300, 5.445441933851960800, 1.939999999999999100 ) ) ;
#633 = DIRECTION ( 'NONE',  ( 0.0000000000000000000, -1.000000000000000000, 0.0000000000000000000 ) ) ;
#634 = DIRECTION ( 'NONE',  ( 1.000000000000000000, 0.0000000000000000000, 0.0000000000000000000 ) ) ;
#635 = CARTESIAN_POINT ( 'NONE',  ( 0.0000000000000000000, 0.0000000000000000000, 0.0000000000000000000 ) ) ;
#636 = CARTESIAN_POINT ( 'NONE',  ( 0.0000000000000000000, 0.0000000000000000000, 0.0000000000000000000 ) ) ;
#637 = DIRECTION ( 'NONE',  ( -0.0000000000000000000, 1.000000000000000000, -0.0000000000000000000 ) ) ;
#638 = DIRECTION ( 'NONE',  ( 0.0000000000000000000, 0.0000000000000000000, 1.000000000000000000 ) ) ;
#639 = CARTESIAN_POINT ( 'NONE',  ( 6.000000000000009800, 0.0000000000000000000, 0.0000000000000000000 ) ) ;
#640 = CARTESIAN_POINT ( 'NONE',  ( -9.499999999999998200, 0.0000000000000000000, -4.849999999999998800 ) ) ;
#641 = DIRECTION ( 'NONE',  ( -1.000000000000000000, -0.0000000000000000000, -0.0000000000000000000 ) ) ;
#642 = CARTESIAN_POINT ( 'NONE',  ( 2.910000000000148500, 5.315000000000000400, 3.879999999999999000 ) ) ;
#643 = DIRECTION ( 'NONE',  ( 0.0000000000000000000, 0.0000000000000000000, -1.000000000000000000 ) ) ;
#644 = DIRECTION ( 'NONE',  ( 0.0000000000000000000, 0.0000000000000000000, 1.000000000000000000 ) ) ;
#645 = CARTESIAN_POINT ( 'NONE',  ( -9.499999999999998200, 0.0000000000000000000, 4.849999999999999600 ) ) ;
#646 = CARTESIAN_POINT ( 'NONE',  ( 8.168690225489026300, 5.315000000000000400, 4.849999999999999600 ) ) ;
#647 = CARTESIAN_POINT ( 'NONE',  ( 6.000000000000008900, 0.0000000000000000000, -4.849999999999998800 ) ) ;
#648 = CARTESIAN_POINT ( 'NONE',  ( 4.850000000000000500, 5.315000000000000400, -2.910000000000000100 ) ) ;
#649 = CARTESIAN_POINT ( 'NONE',  ( 4.445098424107165200, 5.315000000000000400, 1.939999999999999100 ) ) ;
#650 = CARTESIAN_POINT ( 'NONE',  ( 9.450349199897322800, 5.315000000000000400, 0.9699999999999995300 ) ) ;
#651 = CARTESIAN_POINT ( 'NONE',  ( 0.0000000000000000000, 8.800000000000000700, 2.024999999999999900 ) ) ;
#652 = CARTESIAN_POINT ( 'NONE',  ( 4.850000000000000500, 5.315000000000000400, -0.9700000000000008600 ) ) ;
#653 = DIRECTION ( 'NONE',  ( 0.0000000000000000000, -1.000000000000000000, 0.0000000000000000000 ) ) ;
#654 = CARTESIAN_POINT ( 'NONE',  ( 2.020667218593130800E-016, 0.0000000000000000000, -1.649999999999998100 ) ) ;
#655 = CARTESIAN_POINT ( 'NONE',  ( 4.850000000000000500, 5.799767985741633300, -4.349999999999998800 ) ) ;
#656 = CARTESIAN_POINT ( 'NONE',  ( -9.499999999999998200, 5.315000000000000400, 2.909999999999999300 ) ) ;
#657 = CARTESIAN_POINT ( 'NONE',  ( -5.999999999999999100, 0.0000000000000000000, 4.849999999999999600 ) ) ;
#658 = CARTESIAN_POINT ( 'NONE',  ( 9.500000000000001800, 5.315000000000000400, -2.910000000000000100 ) ) ;
#659 = CARTESIAN_POINT ( 'NONE',  ( 0.0000000000000000000, 0.0000000000000000000, 0.0000000000000000000 ) ) ;
#660 = CARTESIAN_POINT ( 'NONE',  ( -9.499999999999998200, 3.500000000000010200, 4.849999999999999600 ) ) ;
#661 = CARTESIAN_POINT ( 'NONE',  ( 9.500000000000001800, 5.315000000000000400, -0.9700000000000011900 ) ) ;
#662 = CARTESIAN_POINT ( 'NONE',  ( 4.349999999999999600, 5.315000000000000400, -4.849999999999998800 ) ) ;
#663 = DIRECTION ( 'NONE',  ( 0.0000000000000000000, 0.0000000000000000000, -1.000000000000000000 ) ) ;
#664 = CARTESIAN_POINT ( 'NONE',  ( 0.0000000000000000000, 8.800000000000000700, 4.849999999999999600 ) ) ;
#665 = CARTESIAN_POINT ( 'NONE',  ( -4.849999999999999600, 5.315000000000000400, 0.9699999999999992000 ) ) ;
#666 = CARTESIAN_POINT ( 'NONE',  ( 4.850000000000000500, 5.315000000000000400, -1.940000000000000200 ) ) ;
#667 = CARTESIAN_POINT ( 'NONE',  ( 0.0000000000000000000, 5.315000000000000400, 4.849999999999999600 ) ) ;
#668 = CARTESIAN_POINT ( 'NONE',  ( 4.752010100999366500, 5.315000000000000400, 0.9699999999999992000 ) ) ;
#669 = CARTESIAN_POINT ( 'NONE',  ( 2.479909768273389800E-016, 8.800000000000000700, -2.024999999999999900 ) ) ;
#670 = CARTESIAN_POINT ( 'NONE',  ( 9.500000000000001800, 5.315000000000000400, -1.939999999999999900 ) ) ;
#671 = CARTESIAN_POINT ( 'NONE',  ( 9.500000000000001800, 5.315000000000000400, -3.880000000000000800 ) ) ;
#672 = CARTESIAN_POINT ( 'NONE',  ( 0.0000000000000000000, 8.800000000000000700, -4.849999999999999600 ) ) ;
#673 = CARTESIAN_POINT ( 'NONE',  ( 9.500000000000001800, 5.315000000000000400, 0.0000000000000000000 ) ) ;
#674 = CARTESIAN_POINT ( 'NONE',  ( 9.500000000000001800, 5.315000000000000400, -4.849999999999998800 ) ) ;
#675 = CARTESIAN_POINT ( 'NONE',  ( -4.849999999999999600, 5.315000000000000400, 0.0000000000000000000 ) ) ;
#676 = CARTESIAN_POINT ( 'NONE',  ( 9.043334561985416200, 5.315000000000000400, 2.909999999999999300 ) ) ;
#677 = CARTESIAN_POINT ( 'NONE',  ( -4.849999999999999600, 5.315000000000000400, 3.879999999999999000 ) ) ;
#678 = CARTESIAN_POINT ( 'NONE',  ( -9.499999999999998200, 5.315000000000000400, 0.9699999999999995300 ) ) ;
#679 = CARTESIAN_POINT ( 'NONE',  ( 2.020667218593131500E-016, 8.425000000000000700, -1.649999999999999000 ) ) ;
#680 = CARTESIAN_POINT ( 'NONE',  ( -9.299806449598827700, 5.315000000000000400, -1.940000000000000400 ) ) ;
#681 = CARTESIAN_POINT ( 'NONE',  ( -4.349999999999999600, 5.315000000000000400, 4.849999999999999600 ) ) ;
#682 = CARTESIAN_POINT ( 'NONE',  ( 3.880000000000000800, 5.315000000000000400, 2.909999999999999300 ) ) ;
#683 = CARTESIAN_POINT ( 'NONE',  ( 3.532350492236022300, 0.0000000000000000000, 4.849999999999999600 ) ) ;
#684 = CARTESIAN_POINT ( 'NONE',  ( 8.671539655678220300, 5.315000000000000400, 3.879999999999999000 ) ) ;
#685 = CARTESIAN_POINT ( 'NONE',  ( -9.499999999999998200, 5.315000000000000400, -5.421010862427522200E-016 ) ) ;
#686 = CARTESIAN_POINT ( 'NONE',  ( 0.0000000000000000000, 0.0000000000000000000, 1.649999999999998100 ) ) ;
#687 = CARTESIAN_POINT ( 'NONE',  ( -4.445098424107164300, 5.315000000000000400, -1.940000000000000200 ) ) ;
#688 = CARTESIAN_POINT ( 'NONE',  ( 9.299806449598827700, 5.315000000000000400, 1.939999999999999300 ) ) ;
#689 = CARTESIAN_POINT ( 'NONE',  ( -9.499999999999998200, 5.315000000000000400, 4.849999999999999600 ) ) ;
#690 = CARTESIAN_POINT ( 'NONE',  ( -4.849999999999999600, 5.315000000000000400, 2.909999999999999300 ) ) ;
#691 = CARTESIAN_POINT ( 'NONE',  ( -5.999999999999998200, 0.0000000000000000000, 0.0000000000000000000 ) ) ;
#692 = CARTESIAN_POINT ( 'NONE',  ( 9.500000000000001800, 3.500000000000006700, 0.0000000000000000000 ) ) ;
#693 = CARTESIAN_POINT ( 'NONE',  ( 4.850000000000000500, 8.800000000000000700, -4.349999999999998800 ) ) ;
#694 = CARTESIAN_POINT ( 'NONE',  ( 4.349999999999999600, 8.800000000000000700, -4.849999999999998800 ) ) ;
#695 = CARTESIAN_POINT ( 'NONE',  ( 4.850000000000000500, 5.315000000000000400, -3.880000000000000800 ) ) ;
#696 = CARTESIAN_POINT ( 'NONE',  ( -4.752010100999364700, 5.315000000000000400, -0.9700000000000008600 ) ) ;
#697 = CARTESIAN_POINT ( 'NONE',  ( 4.850000000000000500, 5.315000000000000400, -1.246832498358330100E-015 ) ) ;
#698 = CARTESIAN_POINT ( 'NONE',  ( -4.849999999999999600, 5.799767985741633300, 4.349999999999999600 ) ) ;
#699 = CARTESIAN_POINT ( 'NONE',  ( 0.0000000000000000000, 8.425000000000000700, 1.649999999999999000 ) ) ;
#700 = PRODUCT ( 'ALP0710', 'ALP0710', '', ( #16 ) ) ;
#701 = PERSON ( 'UNSPECIFIED', 'UNSPECIFIED', 'UNSPECIFIED', ('UNSPECIFIED'), ('UNSPECIFIED'), ('UNSPECIFIED') ) ;
#702 = ADVANCED_FACE ( 'NONE', ( #1236 ), #49, .F. ) ;
#703 = ADVANCED_FACE ( 'NONE', ( #1376, #1244 ), #50, .T. ) ;
#704 = ADVANCED_FACE ( 'NONE', ( #1245 ), #1270, .T. ) ;
#705 = ADVANCED_FACE ( 'NONE', ( #1249 ), #83, .F. ) ;
#706 = ADVANCED_FACE ( 'NONE', ( #1261 ), #1272, .T. ) ;
#707 = ADVANCED_FACE ( 'NONE', ( #1250 ), #1275, .T. ) ;
#708 = ADVANCED_FACE ( 'NONE', ( #1251 ), #1276, .T. ) ;
#709 = ADVANCED_FACE ( 'NONE', ( #1262 ), #1268, .T. ) ;
#710 = ADVANCED_FACE ( 'NONE', ( #1243 ), #88, .T. ) ;
#711 = ADVANCED_FACE ( 'NONE', ( #1273 ), #1246, .F. ) ;
#712 = ADVANCED_FACE ( 'NONE', ( #1269 ), #1277, .T. ) ;
#713 = ADVANCED_FACE ( 'NONE', ( #1264 ), #1274, .T. ) ;
#714 = ADVANCED_FACE ( 'NONE', ( #1267 ), #73, .T. ) ;
#715 = ADVANCED_FACE ( 'NONE', ( #1258 ), #1278, .T. ) ;
#716 = ADVANCED_FACE ( 'NONE', ( #1252 ), #1271, .T. ) ;
#717 = ADVANCED_FACE ( 'NONE', ( #1247 ), #1257, .T. ) ;
#718 = ADVANCED_FACE ( 'NONE', ( #1253 ), #1255, .T. ) ;
#719 = ADVANCED_FACE ( 'NONE', ( #1256 ), #100, .T. ) ;
#720 = ADVANCED_FACE ( 'NONE', ( #1259 ), #1265, .T. ) ;
#721 = ADVANCED_FACE ( 'NONE', ( #1263 ), #1285, .T. ) ;
#722 = ADVANCED_FACE ( 'NONE', ( #1266 ), #101, .F. ) ;
#723 = ADVANCED_FACE ( 'NONE', ( #1248 ), #1260, .T. ) ;
#724 = ADVANCED_FACE ( 'NONE', ( #1293 ), #1290, .T. ) ;
#725 = ADVANCED_FACE ( 'NONE', ( #1254 ), #1284, .T. ) ;
#726 = ADVANCED_FACE ( 'NONE', ( #1286 ), #1283, .T. ) ;
#727 = ADVANCED_FACE ( 'NONE', ( #1294 ), #1292, .T. ) ;
#728 = ADVANCED_FACE ( 'NONE', ( #1298 ), #1280, .T. ) ;
#729 = ADVANCED_FACE ( 'NONE', ( #1282 ), #1289, .T. ) ;
#730 = ADVANCED_FACE ( 'NONE', ( #1288 ), #1297, .T. ) ;
#731 = ADVANCED_FACE ( 'NONE', ( #1299 ), #1301, .T. ) ;
#732 = ADVANCED_FACE ( 'NONE', ( #1296 ), #160, .F. ) ;
#733 = ADVANCED_FACE ( 'NONE', ( #1291 ), #1308, .T. ) ;
#734 = ADVANCED_FACE ( 'NONE', ( #1295 ), #1320, .T. ) ;
#735 = ADVANCED_FACE ( 'NONE', ( #1279 ), #1307, .T. ) ;
#736 = ADVANCED_FACE ( 'NONE', ( #1300 ), #146, .T. ) ;
#737 = ADVANCED_FACE ( 'NONE', ( #1287 ), #1310, .F. ) ;
#738 = ADVANCED_FACE ( 'NONE', ( #1326 ), #1309, .T. ) ;
#739 = ADVANCED_FACE ( 'NONE', ( #1281, #1311 ), #172, .F. ) ;
#740 = ADVANCED_FACE ( 'NONE', ( #1303 ), #1328, .F. ) ;
#741 = ADVANCED_FACE ( 'NONE', ( #1312 ), #1314, .F. ) ;
#742 = ADVANCED_FACE ( 'NONE', ( #1330 ), #1331, .T. ) ;
#743 = ADVANCED_FACE ( 'NONE', ( #1319 ), #1329, .T. ) ;
#744 = EDGE_CURVE ( 'NONE', #1198, #1235, #1571, .T. ) ;
#745 = EDGE_CURVE ( 'NONE', #1188, #1192, #1321, .T. ) ;
#746 = EDGE_CURVE ( 'NONE', #1195, #1176, #1313, .T. ) ;
#747 = EDGE_CURVE ( 'NONE', #1240, #1187, #1316, .T. ) ;
#748 = EDGE_CURVE ( 'NONE', #1235, #1219, #1332, .T. ) ;
#749 = EDGE_CURVE ( 'NONE', #1215, #1185, #1322, .T. ) ;
#750 = EDGE_CURVE ( 'NONE', #1186, #1177, #1317, .T. ) ;
#751 = EDGE_CURVE ( 'NONE', #1223, #1194, #1563, .T. ) ;
#752 = EDGE_CURVE ( 'NONE', #1222, #1179, #1325, .T. ) ;
#753 = EDGE_CURVE ( 'NONE', #1217, #1223, #1564, .T. ) ;
#754 = EDGE_CURVE ( 'NONE', #1230, #1193, #1565, .T. ) ;
#755 = EDGE_CURVE ( 'NONE', #1238, #1215, #1323, .T. ) ;
#756 = EDGE_CURVE ( 'NONE', #1231, #1174, #1334, .T. ) ;
#757 = EDGE_CURVE ( 'NONE', #1239, #1221, #1335, .T. ) ;
#758 = EDGE_CURVE ( 'NONE', #1218, #1189, #1566, .T. ) ;
#759 = EDGE_CURVE ( 'NONE', #1214, #1226, #1304, .T. ) ;
#760 = EDGE_CURVE ( 'NONE', #1228, #1233, #1333, .T. ) ;
#761 = EDGE_CURVE ( 'NONE', #1188, #1194, #1336, .T. ) ;
#762 = EDGE_CURVE ( 'NONE', #1193, #1190, #1568, .T. ) ;
#763 = EDGE_CURVE ( 'NONE', #1185, #1234, #1349, .T. ) ;
#764 = EDGE_CURVE ( 'NONE', #1239, #1230, #1572, .T. ) ;
#765 = EDGE_CURVE ( 'NONE', #1189, #1232, #1337, .T. ) ;
#766 = EDGE_CURVE ( 'NONE', #1215, #1214, #1339, .T. ) ;
#767 = EDGE_CURVE ( 'NONE', #1220, #1231, #1343, .T. ) ;
#768 = EDGE_CURVE ( 'NONE', #1216, #1194, #1338, .T. ) ;
#769 = EDGE_CURVE ( 'NONE', #1233, #1221, #1573, .T. ) ;
#770 = EDGE_CURVE ( 'NONE', #1224, #1217, #1569, .T. ) ;
#771 = EDGE_CURVE ( 'NONE', #1192, #1216, #1340, .T. ) ;
#772 = EDGE_CURVE ( 'NONE', #1190, #1223, #1347, .T. ) ;
#773 = EDGE_CURVE ( 'NONE', #1194, #1227, #1351, .T. ) ;
#774 = EDGE_CURVE ( 'NONE', #1231, #1196, #1354, .T. ) ;
#775 = EDGE_CURVE ( 'NONE', #1184, #1220, #1356, .T. ) ;
#776 = EDGE_CURVE ( 'NONE', #1238, #1234, #1358, .T. ) ;
#777 = EDGE_CURVE ( 'NONE', #1226, #1185, #1306, .T. ) ;
#778 = EDGE_CURVE ( 'NONE', #1233, #1242, #1344, .T. ) ;
#779 = EDGE_CURVE ( 'NONE', #1187, #1195, #1359, .T. ) ;
#780 = EDGE_CURVE ( 'NONE', #1219, #1222, #960, .T. ) ;
#781 = EDGE_CURVE ( 'NONE', #1214, #1189, #977, .T. ) ;
#782 = EDGE_CURVE ( 'NONE', #1221, #1224, #1570, .T. ) ;
#783 = EDGE_CURVE ( 'NONE', #1230, #1224, #976, .T. ) ;
#784 = EDGE_CURVE ( 'NONE', #1240, #1188, #955, .T. ) ;
#785 = EDGE_CURVE ( 'NONE', #1190, #1188, #1547, .T. ) ;
#786 = EDGE_CURVE ( 'NONE', #1241, #1242, #1550, .T. ) ;
#787 = EDGE_CURVE ( 'NONE', #1227, #1186, #973, .T. ) ;
#788 = EDGE_CURVE ( 'NONE', #1205, #1219, #964, .T. ) ;
#789 = EDGE_CURVE ( 'NONE', #1212, #1226, #959, .T. ) ;
#790 = EDGE_CURVE ( 'NONE', #1187, #1228, #952, .T. ) ;
#791 = EDGE_CURVE ( 'NONE', #1242, #1227, #966, .T. ) ;
#792 = EDGE_CURVE ( 'NONE', #1193, #1217, #965, .T. ) ;
#793 = EDGE_CURVE ( 'NONE', #1211, #1222, #967, .T. ) ;
#794 = EDGE_CURVE ( 'NONE', #1192, #1238, #985, .T. ) ;
#795 = EDGE_CURVE ( 'NONE', #1174, #1206, #996, .T. ) ;
#796 = EDGE_CURVE ( 'NONE', #1228, #1239, #1551, .T. ) ;
#797 = EDGE_CURVE ( 'NONE', #1234, #1216, #971, .T. ) ;
#798 = EDGE_CURVE ( 'NONE', #1170, #1235, #992, .T. ) ;
#799 = EDGE_CURVE ( 'NONE', #1232, #1240, #963, .T. ) ;
#800 = EDGE_CURVE ( 'NONE', #1181, #1209, #1552, .T. ) ;
#801 = EDGE_CURVE ( 'NONE', #1210, #1181, #991, .T. ) ;
#802 = EDGE_CURVE ( 'NONE', #1203, #1158, #970, .T. ) ;
#803 = EDGE_CURVE ( 'NONE', #1208, #1201, #972, .T. ) ;
#804 = EDGE_CURVE ( 'NONE', #1203, #1200, #986, .T. ) ;
#805 = EDGE_CURVE ( 'NONE', #1182, #1197, #957, .T. ) ;
#806 = EDGE_CURVE ( 'NONE', #1232, #1225, #994, .T. ) ;
#807 = EDGE_CURVE ( 'NONE', #1207, #1208, #982, .T. ) ;
#808 = EDGE_CURVE ( 'NONE', #1209, #1196, #1555, .T. ) ;
#809 = EDGE_CURVE ( 'NONE', #1191, #1213, #1553, .T. ) ;
#810 = EDGE_CURVE ( 'NONE', #1227, #1204, #954, .T. ) ;
#811 = EDGE_CURVE ( 'NONE', #1200, #1184, #987, .T. ) ;
#812 = EDGE_CURVE ( 'NONE', #1210, #1169, #1554, .T. ) ;
#813 = EDGE_CURVE ( 'NONE', #1199, #1181, #1549, .T. ) ;
#814 = EDGE_CURVE ( 'NONE', #1180, #1200, #989, .T. ) ;
#815 = EDGE_CURVE ( 'NONE', #1158, #1180, #1001, .T. ) ;
#816 = EDGE_CURVE ( 'NONE', #1149, #1160, #995, .T. ) ;
#817 = EDGE_CURVE ( 'NONE', #1211, #1176, #1002, .T. ) ;
#818 = EDGE_CURVE ( 'NONE', #1169, #1209, #1000, .T. ) ;
#819 = EDGE_CURVE ( 'NONE', #1206, #1168, #1556, .T. ) ;
#820 = EDGE_CURVE ( 'NONE', #1202, #1149, #988, .T. ) ;
#821 = EDGE_CURVE ( 'NONE', #1201, #1197, #1034, .T. ) ;
#822 = EDGE_CURVE ( 'NONE', #1201, #1208, #1010, .T. ) ;
#823 = EDGE_CURVE ( 'NONE', #1205, #1196, #1043, .T. ) ;
#824 = EDGE_CURVE ( 'NONE', #1170, #1191, #1560, .T. ) ;
#825 = EDGE_CURVE ( 'NONE', #1183, #1201, #1014, .T. ) ;
#826 = EDGE_CURVE ( 'NONE', #1213, #1199, #1021, .T. ) ;
#827 = EDGE_CURVE ( 'NONE', #1177, #1204, #1044, .T. ) ;
#828 = EDGE_CURVE ( 'NONE', #1160, #1173, #1004, .T. ) ;
#829 = EDGE_CURVE ( 'NONE', #1168, #1199, #1562, .T. ) ;
#830 = EDGE_CURVE ( 'NONE', #1202, #1173, #1009, .T. ) ;
#831 = EDGE_CURVE ( 'NONE', #1196, #1160, #1023, .T. ) ;
#832 = EDGE_CURVE ( 'NONE', #1206, #1170, #1036, .T. ) ;
#833 = EDGE_CURVE ( 'NONE', #1183, #1207, #1046, .T. ) ;
#834 = EDGE_CURVE ( 'NONE', #1149, #1205, #1040, .T. ) ;
#835 = EDGE_CURVE ( 'NONE', #1176, #1184, #1557, .T. ) ;
#836 = EDGE_CURVE ( 'NONE', #1211, #1203, #1045, .T. ) ;
#837 = EDGE_CURVE ( 'NONE', #1191, #1168, #1003, .T. ) ;
#838 = EDGE_CURVE ( 'NONE', #1158, #1202, #1037, .T. ) ;
#839 = EDGE_CURVE ( 'NONE', #1208, #1182, #1013, .T. ) ;
#840 = EDGE_CURVE ( 'NONE', #1219, #1229, #1042, .T. ) ;
#841 = EDGE_CURVE ( 'NONE', #1220, #1195, #1047, .T. ) ;
#842 = EDGE_CURVE ( 'NONE', #1173, #1180, #1029, .T. ) ;
#843 = EDGE_CURVE ( 'NONE', #1197, #1182, #1048, .T. ) ;
#844 = EDGE_CURVE ( 'NONE', #1169, #1205, #1561, .T. ) ;
#845 = EDGE_CURVE ( 'NONE', #1213, #1210, #1548, .T. ) ;
#846 = AXIS2_PLACEMENT_3D ( 'NONE', #78, #85, #79 ) ;
#847 = AXIS2_PLACEMENT_3D ( 'NONE', #86, #89, #69 ) ;
#848 = EDGE_CURVE ( 'NONE', #1212, #1186, #1020, .T. ) ;
#849 = EDGE_CURVE ( 'NONE', #1174, #1225, #1016, .T. ) ;
#850 = EDGE_CURVE ( 'NONE', #1212, #1218, #1017, .T. ) ;
#851 = EDGE_CURVE ( 'NONE', #1229, #1198, #1049, .T. ) ;
#852 = AXIS2_PLACEMENT_3D ( 'NONE', #52, #53, #45 ) ;
#853 = AXIS2_PLACEMENT_3D ( 'NONE', #75, #59, #81 ) ;
#854 = AXIS2_PLACEMENT_3D ( 'NONE', #60, #61, #55 ) ;
#855 = AXIS2_PLACEMENT_3D ( 'NONE', #70, #71, #80 ) ;
#856 = EDGE_CURVE ( 'NONE', #1225, #1218, #1039, .T. ) ;
#857 = AXIS2_PLACEMENT_3D ( 'NONE', #77, #58, #67 ) ;
#858 = AXIS2_PLACEMENT_3D ( 'NONE', #90, #76, #57 ) ;
#859 = EDGE_CURVE ( 'NONE', #1179, #1229, #1027, .T. ) ;
#860 = AXIS2_PLACEMENT_3D ( 'NONE', #51, #46, #47 ) ;
#861 = AXIS2_PLACEMENT_3D ( 'NONE', #56, #65, #66 ) ;
#862 = EDGE_CURVE ( 'NONE', #1207, #1183, #1022, .T. ) ;
#863 = AXIS2_PLACEMENT_3D ( 'NONE', #87, #63, #64 ) ;
#864 = EDGE_CURVE ( 'NONE', #1179, #1241, #1032, .T. ) ;
#865 = EDGE_CURVE ( 'NONE', #1204, #1241, #1041, .T. ) ;
#866 = EDGE_CURVE ( 'NONE', #1177, #1198, #1031, .T. ) ;
#867 = AXIS2_PLACEMENT_3D ( 'NONE', #84, #82, #68 ) ;
#868 = AXIS2_PLACEMENT_3D ( 'NONE', #62, #74, #120 ) ;
#869 = AXIS2_PLACEMENT_3D ( 'NONE', #119, #106, #122 ) ;
#870 = AXIS2_PLACEMENT_3D ( 'NONE', #105, #94, #109 ) ;
#871 = AXIS2_PLACEMENT_3D ( 'NONE', #95, #108, #92 ) ;
#872 = AXIS2_PLACEMENT_3D ( 'NONE', #104, #97, #123 ) ;
#873 = AXIS2_PLACEMENT_3D ( 'NONE', #138, #124, #129 ) ;
#874 = AXIS2_PLACEMENT_3D ( 'NONE', #110, #107, #103 ) ;
#875 = AXIS2_PLACEMENT_3D ( 'NONE', #111, #115, #93 ) ;
#876 = AXIS2_PLACEMENT_3D ( 'NONE', #126, #132, #135 ) ;
#877 = AXIS2_PLACEMENT_3D ( 'NONE', #116, #118, #91 ) ;
#878 = AXIS2_PLACEMENT_3D ( 'NONE', #99, #117, #96 ) ;
#879 = AXIS2_PLACEMENT_3D ( 'NONE', #121, #102, #98 ) ;
#880 = AXIS2_PLACEMENT_3D ( 'NONE', #134, #137, #130 ) ;
#881 = AXIS2_PLACEMENT_3D ( 'NONE', #143, #155, #152 ) ;
#882 = AXIS2_PLACEMENT_3D ( 'NONE', #112, #113, #114 ) ;
#883 = AXIS2_PLACEMENT_3D ( 'NONE', #162, #158, #168 ) ;
#884 = AXIS2_PLACEMENT_3D ( 'NONE', #127, #128, #131 ) ;
#885 = AXIS2_PLACEMENT_3D ( 'NONE', #125, #136, #133 ) ;
#886 = AXIS2_PLACEMENT_3D ( 'NONE', #147, #148, #142 ) ;
#887 = AXIS2_PLACEMENT_3D ( 'NONE', #149, #166, #150 ) ;
#888 = AXIS2_PLACEMENT_3D ( 'NONE', #167, #156, #154 ) ;
#889 = AXIS2_PLACEMENT_3D ( 'NONE', #139, #163, #141 ) ;
#890 = AXIS2_PLACEMENT_3D ( 'NONE', #173, #186, #200 ) ;
#891 = AXIS2_PLACEMENT_3D ( 'NONE', #169, #170, #175 ) ;
#892 = AXIS2_PLACEMENT_3D ( 'NONE', #153, #157, #159 ) ;
#893 = AXIS2_PLACEMENT_3D ( 'NONE', #176, #201, #204 ) ;
#894 = AXIS2_PLACEMENT_3D ( 'NONE', #171, #181, #182 ) ;
#895 = AXIS2_PLACEMENT_3D ( 'NONE', #202, #179, #180 ) ;
#896 = AXIS2_PLACEMENT_3D ( 'NONE', #164, #165, #145 ) ;
#897 = AXIS2_PLACEMENT_3D ( 'NONE', #151, #140, #161 ) ;
#898 = AXIS2_PLACEMENT_3D ( 'NONE', #183, #178, #195 ) ;
#899 = AXIS2_PLACEMENT_3D ( 'NONE', #187, #188, #193 ) ;
#900 = AXIS2_PLACEMENT_3D ( 'NONE', #207, #261, #245 ) ;
#901 = AXIS2_PLACEMENT_3D ( 'NONE', #242, #257, #256 ) ;
#902 = AXIS2_PLACEMENT_3D ( 'NONE', #144, #174, #198 ) ;
#903 = AXIS2_PLACEMENT_3D ( 'NONE', #280, #249, #281 ) ;
#904 = AXIS2_PLACEMENT_3D ( 'NONE', #297, #293, #304 ) ;
#905 = AXIS2_PLACEMENT_3D ( 'NONE', #315, #300, #326 ) ;
#906 = AXIS2_PLACEMENT_3D ( 'NONE', #343, #356, #345 ) ;
#907 = AXIS2_PLACEMENT_3D ( 'NONE', #588, #594, #570 ) ;
#908 = AXIS2_PLACEMENT_3D ( 'NONE', #445, #460, #453 ) ;
#909 = AXIS2_PLACEMENT_3D ( 'NONE', #466, #449, #470 ) ;
#910 = APPROVAL ( #20, 'UNSPECIFIED' ) ;
#911 = AXIS2_PLACEMENT_3D ( 'NONE', #591, #590, #592 ) ;
#912 = PRODUCT_DEFINITION_FORMATION_WITH_SPECIFIED_SOURCE ( 'ANY', '', #700, .NOT_KNOWN. ) ;
#913 = CC_DESIGN_PERSON_AND_ORGANIZATION_ASSIGNMENT ( #1062, #31, ( #912 ) ) ;
#914 =( GEOMETRIC_REPRESENTATION_CONTEXT ( 3 ) GLOBAL_UNCERTAINTY_ASSIGNED_CONTEXT ( ( #1558 ) ) GLOBAL_UNIT_ASSIGNED_CONTEXT ( ( #29, #36, #8 ) ) REPRESENTATION_CONTEXT ( 'NONE', 'WORKASPACE' ) );
#915 = CC_DESIGN_PERSON_AND_ORGANIZATION_ASSIGNMENT ( #1052, #44, ( #951 ) ) ;
#916 = AXIS2_PLACEMENT_3D ( 'NONE', #571, #581, #583 ) ;
#917 = AXIS2_PLACEMENT_3D ( 'NONE', #405, #398, #424 ) ;
#918 = AXIS2_PLACEMENT_3D ( 'NONE', #575, #613, #625 ) ;
#919 = AXIS2_PLACEMENT_3D ( 'NONE', #526, #527, #534 ) ;
#920 = AXIS2_PLACEMENT_3D ( 'NONE', #407, #384, #404 ) ;
#921 = AXIS2_PLACEMENT_3D ( 'NONE', #614, #619, #631 ) ;
#922 = AXIS2_PLACEMENT_3D ( 'NONE', #578, #576, #582 ) ;
#923 = AXIS2_PLACEMENT_3D ( 'NONE', #37, #3, #10 ) ;
#924 = AXIS2_PLACEMENT_3D ( 'NONE', #366, #367, #355 ) ;
#925 = CC_DESIGN_PERSON_AND_ORGANIZATION_ASSIGNMENT ( #1070, #39, ( #700 ) ) ;
#926 = CC_DESIGN_APPROVAL ( #940, ( #912 ) ) ;
#927 = AXIS2_PLACEMENT_3D ( 'NONE', #394, #418, #410 ) ;
#928 = AXIS2_PLACEMENT_3D ( 'NONE', #444, #442, #469 ) ;
#929 = AXIS2_PLACEMENT_3D ( 'NONE', #659, #653, #663 ) ;
#930 = CC_DESIGN_PERSON_AND_ORGANIZATION_ASSIGNMENT ( #1051, #42, ( #912 ) ) ;
#931 = APPROVAL ( #48, 'UNSPECIFIED' ) ;
#932 = CC_DESIGN_APPROVAL ( #910, ( #943 ) ) ;
#933 = PRODUCT_RELATED_PRODUCT_CATEGORY ( 'detail', '', ( #700 ) ) ;
#934 = AXIS2_PLACEMENT_3D ( 'NONE', #600, #584, #585 ) ;
#935 = CC_DESIGN_APPROVAL ( #931, ( #951 ) ) ;
#936 = AXIS2_PLACEMENT_3D ( 'NONE', #447, #441, #431 ) ;
#937 = AXIS2_PLACEMENT_3D ( 'NONE', #430, #457, #467 ) ;
#938 = AXIS2_PLACEMENT_3D ( 'NONE', #478, #491, #494 ) ;
#939 = AXIS2_PLACEMENT_3D ( 'NONE', #635, #633, #643 ) ;
#940 = APPROVAL ( #26, 'UNSPECIFIED' ) ;
#941 = CC_DESIGN_SECURITY_CLASSIFICATION ( #951, ( #912 ) ) ;
#942 = CC_DESIGN_DATE_AND_TIME_ASSIGNMENT ( #1082, #41, ( #943 ) ) ;
#943 = PRODUCT_DEFINITION ( 'UNKNOWN', '', #912, #1 ) ;
#944 = CC_DESIGN_PERSON_AND_ORGANIZATION_ASSIGNMENT ( #1066, #25, ( #943 ) ) ;
#945 = CC_DESIGN_DATE_AND_TIME_ASSIGNMENT ( #1063, #54, ( #951 ) ) ;
#946 = AXIS2_PLACEMENT_3D ( 'NONE', #396, #406, #401 ) ;
#947 = AXIS2_PLACEMENT_3D ( 'NONE', #532, #537, #538 ) ;
#948 = AXIS2_PLACEMENT_3D ( 'NONE', #554, #559, #560 ) ;
#949 = AXIS2_PLACEMENT_3D ( 'NONE', #548, #563, #566 ) ;
#950 = AXIS2_PLACEMENT_3D ( 'NONE', #636, #637, #638 ) ;
#951 = SECURITY_CLASSIFICATION ( '', '', #43 ) ;
#952 = LINE ( 'NONE', #352, #968 ) ;
#953 = VECTOR ( 'NONE', #364, 1000.000000000000000 ) ;
#954 = LINE ( 'NONE', #429, #969 ) ;
#955 = LINE ( 'NONE', #348, #953 ) ;
#956 = VECTOR ( 'NONE', #397, 1000.000000000000000 ) ;
#957 = CIRCLE ( 'NONE', #928, 2.024999999999999900 ) ;
#958 = VECTOR ( 'NONE', #473, 1000.000000000000000 ) ;
#959 = CIRCLE ( 'NONE', #920, 0.4850000000000002100 ) ;
#960 = LINE ( 'NONE', #361, #980 ) ;
#961 = VECTOR ( 'NONE', #362, 1000.000000000000000 ) ;
#962 = VECTOR ( 'NONE', #506, 1000.000000000000000 ) ;
#963 = LINE ( 'NONE', #423, #990 ) ;
#964 = LINE ( 'NONE', #335, #978 ) ;
#965 = LINE ( 'NONE', #403, #956 ) ;
#966 = CIRCLE ( 'NONE', #946, 9.499999999999998200 ) ;
#967 = LINE ( 'NONE', #393, #979 ) ;
#968 = VECTOR ( 'NONE', #377, 1000.000000000000000 ) ;
#969 = VECTOR ( 'NONE', #443, 999.9999999999998900 ) ;
#970 = CIRCLE ( 'NONE', #936, 0.4850000000000002100 ) ;
#971 = CIRCLE ( 'NONE', #917, 0.4849999999999997600 ) ;
#972 = CIRCLE ( 'NONE', #937, 1.649999999999999000 ) ;
#973 = LINE ( 'NONE', #333, #984 ) ;
#974 = VECTOR ( 'NONE', #495, 1000.000000000000000 ) ;
#975 = VECTOR ( 'NONE', #515, 1000.000000000000000 ) ;
#976 = LINE ( 'NONE', #360, #961 ) ;
#977 = CIRCLE ( 'NONE', #924, 0.4850000000000002100 ) ;
#978 = VECTOR ( 'NONE', #338, 1000.000000000000000 ) ;
#979 = VECTOR ( 'NONE', #395, 1000.000000000000000 ) ;
#980 = VECTOR ( 'NONE', #372, 1000.000000000000000 ) ;
#981 = VECTOR ( 'NONE', #464, 1000.000000000000000 ) ;
#982 = LINE ( 'NONE', #463, #958 ) ;
#983 = VECTOR ( 'NONE', #388, 1000.000000000000000 ) ;
#984 = VECTOR ( 'NONE', #368, 1000.000000000000000 ) ;
#985 = CIRCLE ( 'NONE', #927, 0.4849999999999997600 ) ;
#986 = LINE ( 'NONE', #435, #981 ) ;
#987 = CIRCLE ( 'NONE', #908, 0.4850000000000002100 ) ;
#988 = CIRCLE ( 'NONE', #919, 0.4849999999999997600 ) ;
#989 = CIRCLE ( 'NONE', #938, 0.4850000000000002100 ) ;
#990 = VECTOR ( 'NONE', #420, 1000.000000000000000 ) ;
#991 = LINE ( 'NONE', #438, #999 ) ;
#992 = LINE ( 'NONE', #413, #997 ) ;
#993 = VECTOR ( 'NONE', #346, 1000.000000000000000 ) ;
#994 = CIRCLE ( 'NONE', #909, 0.5000000000000000000 ) ;
#995 = LINE ( 'NONE', #502, #975 ) ;
#996 = LINE ( 'NONE', #385, #983 ) ;
#997 = VECTOR ( 'NONE', #414, 1000.000000000000000 ) ;
#998 = VECTOR ( 'NONE', #482, 1000.000000000000000 ) ;
#999 = VECTOR ( 'NONE', #446, 1000.000000000000000 ) ;
#1000 = LINE ( 'NONE', #513, #962 ) ;
#1001 = LINE ( 'NONE', #434, #998 ) ;
#1002 = LINE ( 'NONE', #509, #974 ) ;
#1003 = LINE ( 'NONE', #572, #1012 ) ;
#1004 = CIRCLE ( 'NONE', #949, 0.4849999999999997600 ) ;
#1005 = VECTOR ( 'NONE', #533, 1000.000000000000000 ) ;
#1006 = VECTOR ( 'NONE', #543, 1000.000000000000000 ) ;
#1007 = VECTOR ( 'NONE', #621, 1000.000000000000000 ) ;
#1008 = VECTOR ( 'NONE', #634, 1000.000000000000000 ) ;
#1009 = LINE ( 'NONE', #545, #1035 ) ;
#1010 = CIRCLE ( 'NONE', #947, 1.649999999999999000 ) ;
#1011 = VECTOR ( 'NONE', #496, 1000.000000000000000 ) ;
#1012 = VECTOR ( 'NONE', #596, 1000.000000000000000 ) ;
#1013 = LINE ( 'NONE', #580, #1015 ) ;
#1014 = LINE ( 'NONE', #535, #1005 ) ;
#1015 = VECTOR ( 'NONE', #598, 1000.000000000000000 ) ;
#1016 = LINE ( 'NONE', #626, #1038 ) ;
#1017 = LINE ( 'NONE', #604, #1018 ) ;
#1018 = VECTOR ( 'NONE', #608, 1000.000000000000000 ) ;
#1019 = VECTOR ( 'NONE', #547, 1000.000000000000000 ) ;
#1020 = LINE ( 'NONE', #624, #1025 ) ;
#1021 = LINE ( 'NONE', #562, #1026 ) ;
#1022 = CIRCLE ( 'NONE', #950, 1.649999999999998100 ) ;
#1023 = CIRCLE ( 'NONE', #948, 0.4849999999999997600 ) ;
#1024 = VECTOR ( 'NONE', #601, 1000.000000000000100 ) ;
#1025 = VECTOR ( 'NONE', #628, 1000.000000000000000 ) ;
#1026 = VECTOR ( 'NONE', #542, 1000.000000000000000 ) ;
#1027 = LINE ( 'NONE', #639, #1030 ) ;
#1028 = VECTOR ( 'NONE', #529, 1000.000000000000000 ) ;
#1029 = CIRCLE ( 'NONE', #918, 0.4850000000000002100 ) ;
#1030 = VECTOR ( 'NONE', #644, 1000.000000000000000 ) ;
#1031 = LINE ( 'NONE', #645, #1008 ) ;
#1032 = LINE ( 'NONE', #640, #1033 ) ;
#1033 = VECTOR ( 'NONE', #641, 1000.000000000000000 ) ;
#1034 = LINE ( 'NONE', #476, #1011 ) ;
#1035 = VECTOR ( 'NONE', #544, 1000.000000000000000 ) ;
#1036 = LINE ( 'NONE', #561, #1006 ) ;
#1037 = CIRCLE ( 'NONE', #934, 0.4850000000000002100 ) ;
#1038 = VECTOR ( 'NONE', #602, 1000.000000000000000 ) ;
#1039 = LINE ( 'NONE', #607, #1007 ) ;
#1040 = CIRCLE ( 'NONE', #922, 0.4849999999999997600 ) ;
#1041 = CIRCLE ( 'NONE', #929, 5.999999999999998200 ) ;
#1042 = LINE ( 'NONE', #587, #1024 ) ;
#1043 = LINE ( 'NONE', #540, #1028 ) ;
#1044 = LINE ( 'NONE', #546, #1019 ) ;
#1045 = CIRCLE ( 'NONE', #916, 0.4850000000000002100 ) ;
#1046 = CIRCLE ( 'NONE', #907, 1.649999999999998100 ) ;
#1047 = CIRCLE ( 'NONE', #911, 0.4999999999999995600 ) ;
#1048 = CIRCLE ( 'NONE', #921, 2.024999999999999900 ) ;
#1049 = CIRCLE ( 'NONE', #939, 6.000000000000005300 ) ;
#1050 = APPROVAL_DATE_TIME ( #1065, #910 ) ;
#1051 = PERSON_AND_ORGANIZATION ( #701, #1083 ) ;
#1052 = PERSON_AND_ORGANIZATION ( #701, #1083 ) ;
#1053 = LOCAL_TIME ( 19, 56, 28.00000000000000000, #1055 ) ;
#1054 = DATE_AND_TIME ( #1076, #1059 ) ;
#1055 = COORDINATED_UNIVERSAL_TIME_OFFSET ( 1, 0, .AHEAD. ) ;
#1056 = APPROVAL_PERSON_ORGANIZATION ( #1074, #940, #30 ) ;
#1057 = APPROVAL_DATE_TIME ( #1078, #940 ) ;
#1058 = APPROVAL_PERSON_ORGANIZATION ( #1073, #910, #21 ) ;
#1059 = LOCAL_TIME ( 19, 56, 28.00000000000000000, #1064 ) ;
#1060 = LOCAL_TIME ( 19, 56, 28.00000000000000000, #1077 ) ;
#1061 = PERSON_AND_ORGANIZATION ( #701, #1083 ) ;
#1062 = PERSON_AND_ORGANIZATION ( #701, #1083 ) ;
#1063 = DATE_AND_TIME ( #1072, #1084 ) ;
#1064 = COORDINATED_UNIVERSAL_TIME_OFFSET ( 1, 0, .AHEAD. ) ;
#1065 = DATE_AND_TIME ( #1085, #1060 ) ;
#1066 = PERSON_AND_ORGANIZATION ( #701, #1083 ) ;
#1067 = CALENDAR_DATE ( 2017, 2, 2 ) ;
#1068 = CALENDAR_DATE ( 2017, 2, 2 ) ;
#1069 = COORDINATED_UNIVERSAL_TIME_OFFSET ( 1, 0, .AHEAD. ) ;
#1070 = PERSON_AND_ORGANIZATION ( #701, #1083 ) ;
#1071 = LOCAL_TIME ( 19, 56, 28.00000000000000000, #1069 ) ;
#1072 = CALENDAR_DATE ( 2017, 2, 2 ) ;
#1073 = PERSON_AND_ORGANIZATION ( #701, #1083 ) ;
#1074 = PERSON_AND_ORGANIZATION ( #701, #1083 ) ;
#1075 = COORDINATED_UNIVERSAL_TIME_OFFSET ( 1, 0, .AHEAD. ) ;
#1076 = CALENDAR_DATE ( 2017, 2, 2 ) ;
#1077 = COORDINATED_UNIVERSAL_TIME_OFFSET ( 1, 0, .AHEAD. ) ;
#1078 = DATE_AND_TIME ( #1067, #1071 ) ;
#1079 = APPROVAL_PERSON_ORGANIZATION ( #1061, #931, #72 ) ;
#1080 = APPROVAL_DATE_TIME ( #1054, #931 ) ;
#1081 = SHAPE_DEFINITION_REPRESENTATION ( #2, #1559 ) ;
#1082 = DATE_AND_TIME ( #1068, #1053 ) ;
#1083 = ORGANIZATION ( 'UNSPECIFIED', 'UNSPECIFIED', '' ) ;
#1084 = LOCAL_TIME ( 19, 56, 28.00000000000000000, #1075 ) ;
#1085 = CALENDAR_DATE ( 2017, 2, 2 ) ;
#1086 = ORIENTED_EDGE ( 'NONE', *, *, #778, .T. ) ;
#1087 = ORIENTED_EDGE ( 'NONE', *, *, #767, .T. ) ;
#1088 = ORIENTED_EDGE ( 'NONE', *, *, #775, .T. ) ;
#1089 = ORIENTED_EDGE ( 'NONE', *, *, #814, .T. ) ;
#1090 = ORIENTED_EDGE ( 'NONE', *, *, #762, .T. ) ;
#1091 = ORIENTED_EDGE ( 'NONE', *, *, #785, .T. ) ;
#1092 = ORIENTED_EDGE ( 'NONE', *, *, #765, .T. ) ;
#1093 = ORIENTED_EDGE ( 'NONE', *, *, #799, .T. ) ;
#1094 = ORIENTED_EDGE ( 'NONE', *, *, #784, .T. ) ;
#1095 = ORIENTED_EDGE ( 'NONE', *, *, #774, .T. ) ;
#1096 = ORIENTED_EDGE ( 'NONE', *, *, #773, .F. ) ;
#1097 = ORIENTED_EDGE ( 'NONE', *, *, #751, .F. ) ;
#1098 = ORIENTED_EDGE ( 'NONE', *, *, #753, .F. ) ;
#1099 = ORIENTED_EDGE ( 'NONE', *, *, #845, .F. ) ;
#1100 = ORIENTED_EDGE ( 'NONE', *, *, #842, .T. ) ;
#1101 = ORIENTED_EDGE ( 'NONE', *, *, #770, .F. ) ;
#1102 = ORIENTED_EDGE ( 'NONE', *, *, #831, .T. ) ;
#1103 = ORIENTED_EDGE ( 'NONE', *, *, #791, .T. ) ;
#1104 = ORIENTED_EDGE ( 'NONE', *, *, #809, .F. ) ;
#1105 = ORIENTED_EDGE ( 'NONE', *, *, #824, .F. ) ;
#1106 = ORIENTED_EDGE ( 'NONE', *, *, #795, .T. ) ;
#1107 = ORIENTED_EDGE ( 'NONE', *, *, #774, .F. ) ;
#1108 = ORIENTED_EDGE ( 'NONE', *, *, #764, .T. ) ;
#1109 = ORIENTED_EDGE ( 'NONE', *, *, #844, .F. ) ;
#1110 = ORIENTED_EDGE ( 'NONE', *, *, #790, .T. ) ;
#1111 = ORIENTED_EDGE ( 'NONE', *, *, #756, .T. ) ;
#1112 = ORIENTED_EDGE ( 'NONE', *, *, #829, .T. ) ;
#1113 = ORIENTED_EDGE ( 'NONE', *, *, #811, .T. ) ;
#1114 = ORIENTED_EDGE ( 'NONE', *, *, #758, .F. ) ;
#1115 = ORIENTED_EDGE ( 'NONE', *, *, #796, .T. ) ;
#1116 = ORIENTED_EDGE ( 'NONE', *, *, #748, .F. ) ;
#1117 = ORIENTED_EDGE ( 'NONE', *, *, #825, .F. ) ;
#1118 = ORIENTED_EDGE ( 'NONE', *, *, #843, .F. ) ;
#1119 = ORIENTED_EDGE ( 'NONE', *, *, #805, .F. ) ;
#1120 = ORIENTED_EDGE ( 'NONE', *, *, #803, .F. ) ;
#1121 = ORIENTED_EDGE ( 'NONE', *, *, #788, .F. ) ;
#1122 = ORIENTED_EDGE ( 'NONE', *, *, #800, .T. ) ;
#1123 = ORIENTED_EDGE ( 'NONE', *, *, #805, .T. ) ;
#1124 = ORIENTED_EDGE ( 'NONE', *, *, #806, .T. ) ;
#1125 = ORIENTED_EDGE ( 'NONE', *, *, #810, .F. ) ;
#1126 = ORIENTED_EDGE ( 'NONE', *, *, #768, .T. ) ;
#1127 = ORIENTED_EDGE ( 'NONE', *, *, #799, .F. ) ;
#1128 = ORIENTED_EDGE ( 'NONE', *, *, #849, .F. ) ;
#1129 = ORIENTED_EDGE ( 'NONE', *, *, #755, .T. ) ;
#1130 = ORIENTED_EDGE ( 'NONE', *, *, #781, .T. ) ;
#1131 = ORIENTED_EDGE ( 'NONE', *, *, #862, .F. ) ;
#1132 = ORIENTED_EDGE ( 'NONE', *, *, #747, .F. ) ;
#1133 = ORIENTED_EDGE ( 'NONE', *, *, #744, .F. ) ;
#1134 = ORIENTED_EDGE ( 'NONE', *, *, #767, .F. ) ;
#1135 = ORIENTED_EDGE ( 'NONE', *, *, #803, .T. ) ;
#1136 = ORIENTED_EDGE ( 'NONE', *, *, #756, .F. ) ;
#1137 = ORIENTED_EDGE ( 'NONE', *, *, #827, .F. ) ;
#1138 = ORIENTED_EDGE ( 'NONE', *, *, #746, .F. ) ;
#1139 = ORIENTED_EDGE ( 'NONE', *, *, #812, .F. ) ;
#1140 = ORIENTED_EDGE ( 'NONE', *, *, #784, .F. ) ;
#1141 = ORIENTED_EDGE ( 'NONE', *, *, #786, .F. ) ;
#1142 = ORIENTED_EDGE ( 'NONE', *, *, #839, .T. ) ;
#1143 = ORIENTED_EDGE ( 'NONE', *, *, #780, .F. ) ;
#1144 = ORIENTED_EDGE ( 'NONE', *, *, #810, .T. ) ;
#1145 = ORIENTED_EDGE ( 'NONE', *, *, #841, .F. ) ;
#1146 = ORIENTED_EDGE ( 'NONE', *, *, #747, .T. ) ;
#1147 = ORIENTED_EDGE ( 'NONE', *, *, #808, .T. ) ;
#1148 = ORIENTED_EDGE ( 'NONE', *, *, #840, .T. ) ;
#1149 = VERTEX_POINT ( 'NONE', #661 ) ;
#1150 = ORIENTED_EDGE ( 'NONE', *, *, #851, .F. ) ;
#1151 = ORIENTED_EDGE ( 'NONE', *, *, #865, .F. ) ;
#1152 = ORIENTED_EDGE ( 'NONE', *, *, #794, .T. ) ;
#1153 = ORIENTED_EDGE ( 'NONE', *, *, #840, .F. ) ;
#1154 = ORIENTED_EDGE ( 'NONE', *, *, #859, .F. ) ;
#1155 = ORIENTED_EDGE ( 'NONE', *, *, #791, .F. ) ;
#1156 = ORIENTED_EDGE ( 'NONE', *, *, #787, .F. ) ;
#1157 = ORIENTED_EDGE ( 'NONE', *, *, #807, .T. ) ;
#1158 = VERTEX_POINT ( 'NONE', #658 ) ;
#1159 = ORIENTED_EDGE ( 'NONE', *, *, #775, .F. ) ;
#1160 = VERTEX_POINT ( 'NONE', #652 ) ;
#1161 = ORIENTED_EDGE ( 'NONE', *, *, #806, .F. ) ;
#1162 = ORIENTED_EDGE ( 'NONE', *, *, #841, .T. ) ;
#1163 = ORIENTED_EDGE ( 'NONE', *, *, #750, .F. ) ;
#1164 = ORIENTED_EDGE ( 'NONE', *, *, #765, .F. ) ;
#1165 = ORIENTED_EDGE ( 'NONE', *, *, #779, .F. ) ;
#1166 = ORIENTED_EDGE ( 'NONE', *, *, #821, .F. ) ;
#1167 = ORIENTED_EDGE ( 'NONE', *, *, #766, .T. ) ;
#1168 = VERTEX_POINT ( 'NONE', #642 ) ;
#1169 = VERTEX_POINT ( 'NONE', #650 ) ;
#1170 = VERTEX_POINT ( 'NONE', #646 ) ;
#1171 = ORIENTED_EDGE ( 'NONE', *, *, #856, .F. ) ;
#1172 = ORIENTED_EDGE ( 'NONE', *, *, #752, .F. ) ;
#1173 = VERTEX_POINT ( 'NONE', #666 ) ;
#1174 = VERTEX_POINT ( 'NONE', #664 ) ;
#1175 = ORIENTED_EDGE ( 'NONE', *, *, #745, .T. ) ;
#1176 = VERTEX_POINT ( 'NONE', #662 ) ;
#1177 = VERTEX_POINT ( 'NONE', #657 ) ;
#1178 = ORIENTED_EDGE ( 'NONE', *, *, #835, .F. ) ;
#1179 = VERTEX_POINT ( 'NONE', #647 ) ;
#1180 = VERTEX_POINT ( 'NONE', #648 ) ;
#1181 = VERTEX_POINT ( 'NONE', #649 ) ;
#1182 = VERTEX_POINT ( 'NONE', #651 ) ;
#1183 = VERTEX_POINT ( 'NONE', #654 ) ;
#1184 = VERTEX_POINT ( 'NONE', #655 ) ;
#1185 = VERTEX_POINT ( 'NONE', #656 ) ;
#1186 = VERTEX_POINT ( 'NONE', #660 ) ;
#1187 = VERTEX_POINT ( 'NONE', #672 ) ;
#1188 = VERTEX_POINT ( 'NONE', #675 ) ;
#1189 = VERTEX_POINT ( 'NONE', #698 ) ;
#1190 = VERTEX_POINT ( 'NONE', #696 ) ;
#1191 = VERTEX_POINT ( 'NONE', #684 ) ;
#1192 = VERTEX_POINT ( 'NONE', #665 ) ;
#1193 = VERTEX_POINT ( 'NONE', #687 ) ;
#1194 = VERTEX_POINT ( 'NONE', #685 ) ;
#1195 = VERTEX_POINT ( 'NONE', #694 ) ;
#1196 = VERTEX_POINT ( 'NONE', #697 ) ;
#1197 = VERTEX_POINT ( 'NONE', #669 ) ;
#1198 = VERTEX_POINT ( 'NONE', #683 ) ;
#1199 = VERTEX_POINT ( 'NONE', #682 ) ;
#1200 = VERTEX_POINT ( 'NONE', #695 ) ;
#1201 = VERTEX_POINT ( 'NONE', #679 ) ;
#1202 = VERTEX_POINT ( 'NONE', #670 ) ;
#1203 = VERTEX_POINT ( 'NONE', #671 ) ;
#1204 = VERTEX_POINT ( 'NONE', #691 ) ;
#1205 = VERTEX_POINT ( 'NONE', #673 ) ;
#1206 = VERTEX_POINT ( 'NONE', #667 ) ;
#1207 = VERTEX_POINT ( 'NONE', #686 ) ;
#1208 = VERTEX_POINT ( 'NONE', #699 ) ;
#1209 = VERTEX_POINT ( 'NONE', #668 ) ;
#1210 = VERTEX_POINT ( 'NONE', #688 ) ;
#1211 = VERTEX_POINT ( 'NONE', #674 ) ;
#1212 = VERTEX_POINT ( 'NONE', #689 ) ;
#1213 = VERTEX_POINT ( 'NONE', #676 ) ;
#1214 = VERTEX_POINT ( 'NONE', #677 ) ;
#1215 = VERTEX_POINT ( 'NONE', #690 ) ;
#1216 = VERTEX_POINT ( 'NONE', #678 ) ;
#1217 = VERTEX_POINT ( 'NONE', #680 ) ;
#1218 = VERTEX_POINT ( 'NONE', #681 ) ;
#1219 = VERTEX_POINT ( 'NONE', #692 ) ;
#1220 = VERTEX_POINT ( 'NONE', #693 ) ;
#1221 = VERTEX_POINT ( 'NONE', #32 ) ;
#1222 = VERTEX_POINT ( 'NONE', #5 ) ;
#1223 = VERTEX_POINT ( 'NONE', #27 ) ;
#1224 = VERTEX_POINT ( 'NONE', #28 ) ;
#1225 = VERTEX_POINT ( 'NONE', #12 ) ;
#1226 = VERTEX_POINT ( 'NONE', #35 ) ;
#1227 = VERTEX_POINT ( 'NONE', #4 ) ;
#1228 = VERTEX_POINT ( 'NONE', #19 ) ;
#1229 = VERTEX_POINT ( 'NONE', #7 ) ;
#1230 = VERTEX_POINT ( 'NONE', #13 ) ;
#1231 = VERTEX_POINT ( 'NONE', #33 ) ;
#1232 = VERTEX_POINT ( 'NONE', #38 ) ;
#1233 = VERTEX_POINT ( 'NONE', #11 ) ;
#1234 = VERTEX_POINT ( 'NONE', #15 ) ;
#1235 = VERTEX_POINT ( 'NONE', #34 ) ;
#1236 = FACE_OUTER_BOUND ( 'NONE', #1363, .T. ) ;
#1237 = VECTOR ( 'NONE', #369, 1000.000000000000000 ) ;
#1238 = VERTEX_POINT ( 'NONE', #23 ) ;
#1239 = VERTEX_POINT ( 'NONE', #22 ) ;
#1240 = VERTEX_POINT ( 'NONE', #17 ) ;
#1241 = VERTEX_POINT ( 'NONE', #6 ) ;
#1242 = VERTEX_POINT ( 'NONE', #24 ) ;
#1243 = FACE_OUTER_BOUND ( 'NONE', #1398, .T. ) ;
#1244 = FACE_OUTER_BOUND ( 'NONE', #1381, .T. ) ;
#1245 = FACE_OUTER_BOUND ( 'NONE', #1360, .T. ) ;
#1246 = CYLINDRICAL_SURFACE ( 'NONE', #847, 1.649999999999998600 ) ;
#1247 = FACE_OUTER_BOUND ( 'NONE', #1375, .T. ) ;
#1248 = FACE_OUTER_BOUND ( 'NONE', #1370, .T. ) ;
#1249 = FACE_OUTER_BOUND ( 'NONE', #1395, .T. ) ;
#1250 = FACE_OUTER_BOUND ( 'NONE', #1371, .T. ) ;
#1251 = FACE_OUTER_BOUND ( 'NONE', #1368, .T. ) ;
#1252 = FACE_OUTER_BOUND ( 'NONE', #1383, .T. ) ;
#1253 = FACE_OUTER_BOUND ( 'NONE', #1362, .T. ) ;
#1254 = FACE_OUTER_BOUND ( 'NONE', #1410, .T. ) ;
#1255 = CYLINDRICAL_SURFACE ( 'NONE', #869, 9.499999999999998200 ) ;
#1256 = FACE_OUTER_BOUND ( 'NONE', #1382, .T. ) ;
#1257 = CYLINDRICAL_SURFACE ( 'NONE', #879, 4.849999999999999600 ) ;
#1258 = FACE_OUTER_BOUND ( 'NONE', #1417, .T. ) ;
#1259 = FACE_OUTER_BOUND ( 'NONE', #1373, .T. ) ;
#1260 = CYLINDRICAL_SURFACE ( 'NONE', #875, 0.4850000000000002100 ) ;
#1261 = FACE_OUTER_BOUND ( 'NONE', #1419, .T. ) ;
#1262 = FACE_OUTER_BOUND ( 'NONE', #1374, .T. ) ;
#1263 = FACE_OUTER_BOUND ( 'NONE', #1378, .T. ) ;
#1264 = FACE_OUTER_BOUND ( 'NONE', #1364, .T. ) ;
#1265 = CYLINDRICAL_SURFACE ( 'NONE', #871, 0.4849999999999999900 ) ;
#1266 = FACE_OUTER_BOUND ( 'NONE', #1388, .T. ) ;
#1267 = FACE_OUTER_BOUND ( 'NONE', #1379, .T. ) ;
#1268 = CYLINDRICAL_SURFACE ( 'NONE', #867, 4.850000000000000500 ) ;
#1269 = FACE_OUTER_BOUND ( 'NONE', #1384, .T. ) ;
#1270 = CYLINDRICAL_SURFACE ( 'NONE', #853, 0.4849999999999997600 ) ;
#1271 = CYLINDRICAL_SURFACE ( 'NONE', #870, 9.499999999999998200 ) ;
#1272 = CYLINDRICAL_SURFACE ( 'NONE', #861, 0.4850000000000002100 ) ;
#1273 = FACE_OUTER_BOUND ( 'NONE', #1420, .T. ) ;
#1274 = CONICAL_SURFACE ( 'NONE', #855, 6.000000000000005300, 0.7853981633974463900 ) ;
#1275 = CYLINDRICAL_SURFACE ( 'NONE', #854, 0.4849999999999997600 ) ;
#1276 = CYLINDRICAL_SURFACE ( 'NONE', #857, 0.4850000000000002100 ) ;
#1277 = CYLINDRICAL_SURFACE ( 'NONE', #858, 0.5000000000000000000 ) ;
#1278 = CYLINDRICAL_SURFACE ( 'NONE', #878, 0.4849999999999997600 ) ;
#1279 = FACE_OUTER_BOUND ( 'NONE', #1372, .T. ) ;
#1280 = CYLINDRICAL_SURFACE ( 'NONE', #884, 0.4850000000000002100 ) ;
#1281 = FACE_BOUND ( 'NONE', #1367, .T. ) ;
#1282 = FACE_OUTER_BOUND ( 'NONE', #1392, .T. ) ;
#1283 = CYLINDRICAL_SURFACE ( 'NONE', #880, 0.4849999999999997600 ) ;
#1284 = CYLINDRICAL_SURFACE ( 'NONE', #876, 0.5000000000000004400 ) ;
#1285 = CYLINDRICAL_SURFACE ( 'NONE', #874, 0.4849999999999998800 ) ;
#1286 = FACE_OUTER_BOUND ( 'NONE', #1389, .T. ) ;
#1287 = FACE_OUTER_BOUND ( 'NONE', #1423, .T. ) ;
#1288 = FACE_OUTER_BOUND ( 'NONE', #1422, .T. ) ;
#1289 = CYLINDRICAL_SURFACE ( 'NONE', #885, 0.4849999999999997600 ) ;
#1290 = CYLINDRICAL_SURFACE ( 'NONE', #877, 0.4849999999999997600 ) ;
#1291 = FACE_OUTER_BOUND ( 'NONE', #1399, .T. ) ;
#1292 = CYLINDRICAL_SURFACE ( 'NONE', #873, 0.4849999999999999900 ) ;
#1293 = FACE_OUTER_BOUND ( 'NONE', #1416, .T. ) ;
#1294 = FACE_OUTER_BOUND ( 'NONE', #1390, .T. ) ;
#1295 = FACE_OUTER_BOUND ( 'NONE', #1361, .T. ) ;
#1296 = FACE_OUTER_BOUND ( 'NONE', #1426, .T. ) ;
#1297 = CYLINDRICAL_SURFACE ( 'NONE', #888, 0.4850000000000002100 ) ;
#1298 = FACE_OUTER_BOUND ( 'NONE', #1391, .T. ) ;
#1299 = FACE_OUTER_BOUND ( 'NONE', #1397, .T. ) ;
#1300 = FACE_OUTER_BOUND ( 'NONE', #1366, .T. ) ;
#1301 = CYLINDRICAL_SURFACE ( 'NONE', #886, 0.4849999999999997600 ) ;
#1302 = VECTOR ( 'NONE', #259, 1000.000000000000000 ) ;
#1303 = FACE_OUTER_BOUND ( 'NONE', #1406, .T. ) ;
#1304 = LINE ( 'NONE', #268, #1305 ) ;
#1305 = VECTOR ( 'NONE', #271, 1000.000000000000000 ) ;
#1306 = CIRCLE ( 'NONE', #906, 0.4849999999999997600 ) ;
#1307 = CYLINDRICAL_SURFACE ( 'NONE', #896, 0.4849999999999998800 ) ;
#1308 = CONICAL_SURFACE ( 'NONE', #881, 5.999999999999998200, 0.7853981633974468400 ) ;
#1309 = CYLINDRICAL_SURFACE ( 'NONE', #892, 0.4850000000000002100 ) ;
#1310 = CONICAL_SURFACE ( 'NONE', #897, 2.024999999999999900, 0.7853981633974488300 ) ;
#1311 = FACE_OUTER_BOUND ( 'NONE', #1385, .T. ) ;
#1312 = FACE_OUTER_BOUND ( 'NONE', #1365, .T. ) ;
#1313 = LINE ( 'NONE', #177, #1315 ) ;
#1314 = CONICAL_SURFACE ( 'NONE', #891, 2.024999999999999900, 0.7853981633974488300 ) ;
#1315 = VECTOR ( 'NONE', #205, 1000.000000000000000 ) ;
#1316 = CIRCLE ( 'NONE', #898, 4.849999999999999600 ) ;
#1317 = LINE ( 'NONE', #196, #1324 ) ;
#1318 = VECTOR ( 'NONE', #194, 1000.000000000000000 ) ;
#1319 = FACE_OUTER_BOUND ( 'NONE', #1369, .T. ) ;
#1320 = CYLINDRICAL_SURFACE ( 'NONE', #889, 0.4849999999999997600 ) ;
#1321 = CIRCLE ( 'NONE', #893, 0.4849999999999998800 ) ;
#1322 = LINE ( 'NONE', #185, #1318 ) ;
#1323 = CIRCLE ( 'NONE', #900, 0.4850000000000002100 ) ;
#1324 = VECTOR ( 'NONE', #197, 1000.000000000000000 ) ;
#1325 = LINE ( 'NONE', #209, #1327 ) ;
#1326 = FACE_OUTER_BOUND ( 'NONE', #1380, .T. ) ;
#1327 = VECTOR ( 'NONE', #215, 1000.000000000000100 ) ;
#1328 = CYLINDRICAL_SURFACE ( 'NONE', #902, 1.649999999999998600 ) ;
#1329 = CYLINDRICAL_SURFACE ( 'NONE', #894, 0.4850000000000002100 ) ;
#1330 = FACE_OUTER_BOUND ( 'NONE', #1405, .T. ) ;
#1331 = CYLINDRICAL_SURFACE ( 'NONE', #895, 0.4850000000000002100 ) ;
#1332 = CIRCLE ( 'NONE', #899, 9.499999999999998200 ) ;
#1333 = LINE ( 'NONE', #260, #1345 ) ;
#1334 = CIRCLE ( 'NONE', #901, 4.850000000000000500 ) ;
#1335 = LINE ( 'NONE', #258, #1302 ) ;
#1336 = LINE ( 'NONE', #262, #1350 ) ;
#1337 = LINE ( 'NONE', #267, #1342 ) ;
#1338 = CIRCLE ( 'NONE', #905, 0.4849999999999998800 ) ;
#1339 = CIRCLE ( 'NONE', #904, 0.4849999999999997600 ) ;
#1340 = LINE ( 'NONE', #298, #1341 ) ;
#1341 = VECTOR ( 'NONE', #328, 1000.000000000000000 ) ;
#1342 = VECTOR ( 'NONE', #322, 1000.000000000000000 ) ;
#1343 = LINE ( 'NONE', #284, #1346 ) ;
#1344 = LINE ( 'NONE', #292, #1353 ) ;
#1345 = VECTOR ( 'NONE', #279, 1000.000000000000000 ) ;
#1346 = VECTOR ( 'NONE', #241, 1000.000000000000000 ) ;
#1347 = LINE ( 'NONE', #321, #1348 ) ;
#1348 = VECTOR ( 'NONE', #288, 1000.000000000000000 ) ;
#1349 = CIRCLE ( 'NONE', #903, 0.4849999999999999900 ) ;
#1350 = VECTOR ( 'NONE', #246, 1000.000000000000000 ) ;
#1351 = LINE ( 'NONE', #323, #1352 ) ;
#1352 = VECTOR ( 'NONE', #289, 1000.000000000000000 ) ;
#1353 = VECTOR ( 'NONE', #329, 1000.000000000000000 ) ;
#1354 = LINE ( 'NONE', #296, #1355 ) ;
#1355 = VECTOR ( 'NONE', #330, 1000.000000000000000 ) ;
#1356 = LINE ( 'NONE', #324, #1357 ) ;
#1357 = VECTOR ( 'NONE', #295, 1000.000000000000000 ) ;
#1358 = LINE ( 'NONE', #325, #1237 ) ;
#1359 = LINE ( 'NONE', #341, #993 ) ;
#1360 = EDGE_LOOP ( 'NONE', ( #1476, #1485, #1518, #1502 ) ) ;
#1361 = EDGE_LOOP ( 'NONE', ( #1460, #1483, #1491, #1488 ) ) ;
#1362 = EDGE_LOOP ( 'NONE', ( #1546, #1538, #1121, #1109, #1139, #1099, #1104, #1105 ) ) ;
#1363 = EDGE_LOOP ( 'NONE', ( #1449, #1443, #1463, #1444, #1431, #1509, #1457, #1467, #1504, #1451 ) ) ;
#1364 = EDGE_LOOP ( 'NONE', ( #1133, #1150, #1153, #1116 ) ) ;
#1365 = EDGE_LOOP ( 'NONE', ( #1403, #1393, #1421, #1386 ) ) ;
#1366 = EDGE_LOOP ( 'NONE', ( #1113, #1088, #1087, #1095, #1102, #1531, #1100, #1089 ) ) ;
#1367 = EDGE_LOOP ( 'NONE', ( #1119, #1118 ) ) ;
#1368 = EDGE_LOOP ( 'NONE', ( #1515, #1545, #1512, #1477 ) ) ;
#1369 = EDGE_LOOP ( 'NONE', ( #1539, #1526, #1522, #1503, #1479 ) ) ;
#1370 = EDGE_LOOP ( 'NONE', ( #1469, #1453, #1441, #1446 ) ) ;
#1371 = EDGE_LOOP ( 'NONE', ( #1537, #1510, #1497, #1482 ) ) ;
#1372 = EDGE_LOOP ( 'NONE', ( #1459, #1452, #1454, #1458 ) ) ;
#1373 = EDGE_LOOP ( 'NONE', ( #1498, #1492, #1480, #1496 ) ) ;
#1374 = EDGE_LOOP ( 'NONE', ( #1122, #1147, #1107, #1111, #1106, #1534, #1112, #1541 ) ) ;
#1375 = EDGE_LOOP ( 'NONE', ( #1110, #1115, #1108, #1542, #1090, #1091, #1140, #1146 ) ) ;
#1376 = FACE_BOUND ( 'NONE', #1396, .T. ) ;
#1377 = CLOSED_SHELL ( 'NONE', ( #741, #711, #721, #726, #727, #729, #742, #730, #723, #728, #724, #731, #703, #702, #735, #734, #720, #704, #743, #705, #708, #738, #706, #715, #707, #732, #722, #716, #718, #709, #736, #717, #710, #739, #733, #714, #713, #719, #712, #725, #740, #737 ) ) ;
#1378 = EDGE_LOOP ( 'NONE', ( #1400, #1401, #1418, #1402 ) ) ;
#1379 = EDGE_LOOP ( 'NONE', ( #1144, #1137, #1163, #1156 ) ) ;
#1380 = EDGE_LOOP ( 'NONE', ( #1535, #1493, #1511, #1507 ) ) ;
#1381 = EDGE_LOOP ( 'NONE', ( #1445, #1505, #1490, #1473, #1456, #1466 ) ) ;
#1382 = EDGE_LOOP ( 'NONE', ( #1148, #1154, #1172, #1143 ) ) ;
#1383 = EDGE_LOOP ( 'NONE', ( #1086, #1103, #1096, #1097, #1098, #1101, #1540, #1519 ) ) ;
#1384 = EDGE_LOOP ( 'NONE', ( #1145, #1159, #1178, #1138 ) ) ;
#1385 = EDGE_LOOP ( 'NONE', ( #1134, #1162, #1165, #1132, #1127, #1124, #1128, #1136 ) ) ;
#1386 = ORIENTED_EDGE ( 'NONE', *, *, #839, .F. ) ;
#1387 = ORIENTED_EDGE ( 'NONE', *, *, #804, .F. ) ;
#1388 = EDGE_LOOP ( 'NONE', ( #1475, #1514, #1530, #1520, #1525, #1527, #1544, #1126 ) ) ;
#1389 = EDGE_LOOP ( 'NONE', ( #1425, #1407, #1408, #1427 ) ) ;
#1390 = EDGE_LOOP ( 'NONE', ( #1437, #1412, #1464, #1436 ) ) ;
#1391 = EDGE_LOOP ( 'NONE', ( #1438, #1435, #1415, #1470 ) ) ;
#1392 = EDGE_LOOP ( 'NONE', ( #1465, #1429, #1472, #1434 ) ) ;
#1393 = ORIENTED_EDGE ( 'NONE', *, *, #821, .T. ) ;
#1394 = ORIENTED_EDGE ( 'NONE', *, *, #822, .T. ) ;
#1395 = EDGE_LOOP ( 'NONE', ( #1506, #1523, #1533, #1489, #1478, #1543, #1474, #1521, #1484, #1528 ) ) ;
#1396 = EDGE_LOOP ( 'NONE', ( #1432, #1471 ) ) ;
#1397 = EDGE_LOOP ( 'NONE', ( #1461, #1462, #1440, #1413 ) ) ;
#1398 = EDGE_LOOP ( 'NONE', ( #1130, #1092, #1093, #1094, #1175, #1152, #1129, #1167 ) ) ;
#1399 = EDGE_LOOP ( 'NONE', ( #1141, #1151, #1125, #1155 ) ) ;
#1400 = ORIENTED_EDGE ( 'NONE', *, *, #808, .F. ) ;
#1401 = ORIENTED_EDGE ( 'NONE', *, *, #818, .F. ) ;
#1402 = ORIENTED_EDGE ( 'NONE', *, *, #823, .T. ) ;
#1403 = ORIENTED_EDGE ( 'NONE', *, *, #822, .F. ) ;
#1404 = ORIENTED_EDGE ( 'NONE', *, *, #807, .F. ) ;
#1405 = EDGE_LOOP ( 'NONE', ( #1468, #1455, #1447, #1450 ) ) ;
#1406 = EDGE_LOOP ( 'NONE', ( #1117, #1131, #1157, #1135 ) ) ;
#1407 = ORIENTED_EDGE ( 'NONE', *, *, #801, .F. ) ;
#1408 = ORIENTED_EDGE ( 'NONE', *, *, #812, .T. ) ;
#1409 = ORIENTED_EDGE ( 'NONE', *, *, #833, .F. ) ;
#1410 = EDGE_LOOP ( 'NONE', ( #1161, #1164, #1114, #1171 ) ) ;
#1411 = ORIENTED_EDGE ( 'NONE', *, *, #830, .T. ) ;
#1412 = ORIENTED_EDGE ( 'NONE', *, *, #826, .F. ) ;
#1413 = ORIENTED_EDGE ( 'NONE', *, *, #816, .T. ) ;
#1414 = ORIENTED_EDGE ( 'NONE', *, *, #820, .F. ) ;
#1415 = ORIENTED_EDGE ( 'NONE', *, *, #838, .F. ) ;
#1416 = EDGE_LOOP ( 'NONE', ( #1448, #1439, #1414, #1411 ) ) ;
#1417 = EDGE_LOOP ( 'NONE', ( #1513, #1532, #1481, #1524 ) ) ;
#1418 = ORIENTED_EDGE ( 'NONE', *, *, #844, .T. ) ;
#1419 = EDGE_LOOP ( 'NONE', ( #1517, #1501, #1529, #1516 ) ) ;
#1420 = EDGE_LOOP ( 'NONE', ( #1409, #1424, #1394, #1404 ) ) ;
#1421 = ORIENTED_EDGE ( 'NONE', *, *, #843, .T. ) ;
#1422 = EDGE_LOOP ( 'NONE', ( #1442, #1387, #1433, #1430, #1428 ) ) ;
#1423 = EDGE_LOOP ( 'NONE', ( #1166, #1120, #1142, #1123 ) ) ;
#1424 = ORIENTED_EDGE ( 'NONE', *, *, #825, .T. ) ;
#1425 = ORIENTED_EDGE ( 'NONE', *, *, #800, .F. ) ;
#1426 = EDGE_LOOP ( 'NONE', ( #1494, #1495, #1486, #1487, #1508, #1500, #1499, #1536 ) ) ;
#1427 = ORIENTED_EDGE ( 'NONE', *, *, #818, .T. ) ;
#1428 = ORIENTED_EDGE ( 'NONE', *, *, #835, .T. ) ;
#1429 = ORIENTED_EDGE ( 'NONE', *, *, #837, .F. ) ;
#1430 = ORIENTED_EDGE ( 'NONE', *, *, #817, .T. ) ;
#1431 = ORIENTED_EDGE ( 'NONE', *, *, #750, .T. ) ;
#1432 = ORIENTED_EDGE ( 'NONE', *, *, #862, .T. ) ;
#1433 = ORIENTED_EDGE ( 'NONE', *, *, #836, .F. ) ;
#1434 = ORIENTED_EDGE ( 'NONE', *, *, #826, .T. ) ;
#1435 = ORIENTED_EDGE ( 'NONE', *, *, #830, .F. ) ;
#1436 = ORIENTED_EDGE ( 'NONE', *, *, #801, .T. ) ;
#1437 = ORIENTED_EDGE ( 'NONE', *, *, #813, .F. ) ;
#1438 = ORIENTED_EDGE ( 'NONE', *, *, #842, .F. ) ;
#1439 = ORIENTED_EDGE ( 'NONE', *, *, #816, .F. ) ;
#1440 = ORIENTED_EDGE ( 'NONE', *, *, #834, .F. ) ;
#1441 = ORIENTED_EDGE ( 'NONE', *, *, #802, .F. ) ;
#1442 = ORIENTED_EDGE ( 'NONE', *, *, #811, .F. ) ;
#1443 = ORIENTED_EDGE ( 'NONE', *, *, #856, .T. ) ;
#1444 = ORIENTED_EDGE ( 'NONE', *, *, #848, .T. ) ;
#1445 = ORIENTED_EDGE ( 'NONE', *, *, #866, .F. ) ;
#1446 = ORIENTED_EDGE ( 'NONE', *, *, #804, .T. ) ;
#1447 = ORIENTED_EDGE ( 'NONE', *, *, #824, .T. ) ;
#1448 = ORIENTED_EDGE ( 'NONE', *, *, #828, .F. ) ;
#1449 = ORIENTED_EDGE ( 'NONE', *, *, #849, .T. ) ;
#1450 = ORIENTED_EDGE ( 'NONE', *, *, #837, .T. ) ;
#1451 = ORIENTED_EDGE ( 'NONE', *, *, #795, .F. ) ;
#1452 = ORIENTED_EDGE ( 'NONE', *, *, #761, .T. ) ;
#1453 = ORIENTED_EDGE ( 'NONE', *, *, #815, .F. ) ;
#1454 = ORIENTED_EDGE ( 'NONE', *, *, #768, .F. ) ;
#1455 = ORIENTED_EDGE ( 'NONE', *, *, #832, .T. ) ;
#1456 = ORIENTED_EDGE ( 'NONE', *, *, #859, .T. ) ;
#1457 = ORIENTED_EDGE ( 'NONE', *, *, #744, .T. ) ;
#1458 = ORIENTED_EDGE ( 'NONE', *, *, #771, .F. ) ;
#1459 = ORIENTED_EDGE ( 'NONE', *, *, #745, .F. ) ;
#1460 = ORIENTED_EDGE ( 'NONE', *, *, #794, .F. ) ;
#1461 = ORIENTED_EDGE ( 'NONE', *, *, #831, .F. ) ;
#1462 = ORIENTED_EDGE ( 'NONE', *, *, #823, .F. ) ;
#1463 = ORIENTED_EDGE ( 'NONE', *, *, #850, .F. ) ;
#1464 = ORIENTED_EDGE ( 'NONE', *, *, #845, .T. ) ;
#1465 = ORIENTED_EDGE ( 'NONE', *, *, #829, .F. ) ;
#1466 = ORIENTED_EDGE ( 'NONE', *, *, #851, .T. ) ;
#1467 = ORIENTED_EDGE ( 'NONE', *, *, #798, .F. ) ;
#1468 = ORIENTED_EDGE ( 'NONE', *, *, #819, .F. ) ;
#1469 = ORIENTED_EDGE ( 'NONE', *, *, #814, .F. ) ;
#1470 = ORIENTED_EDGE ( 'NONE', *, *, #815, .T. ) ;
#1471 = ORIENTED_EDGE ( 'NONE', *, *, #833, .T. ) ;
#1472 = ORIENTED_EDGE ( 'NONE', *, *, #809, .T. ) ;
#1473 = ORIENTED_EDGE ( 'NONE', *, *, #864, .F. ) ;
#1474 = ORIENTED_EDGE ( 'NONE', *, *, #786, .T. ) ;
#1475 = ORIENTED_EDGE ( 'NONE', *, *, #773, .T. ) ;
#1476 = ORIENTED_EDGE ( 'NONE', *, *, #766, .F. ) ;
#1477 = ORIENTED_EDGE ( 'NONE', *, *, #757, .F. ) ;
#1478 = ORIENTED_EDGE ( 'NONE', *, *, #752, .T. ) ;
#1479 = ORIENTED_EDGE ( 'NONE', *, *, #758, .T. ) ;
#1480 = ORIENTED_EDGE ( 'NONE', *, *, #763, .F. ) ;
#1481 = ORIENTED_EDGE ( 'NONE', *, *, #753, .T. ) ;
#1482 = ORIENTED_EDGE ( 'NONE', *, *, #761, .F. ) ;
#1483 = ORIENTED_EDGE ( 'NONE', *, *, #771, .T. ) ;
#1484 = ORIENTED_EDGE ( 'NONE', *, *, #760, .F. ) ;
#1485 = ORIENTED_EDGE ( 'NONE', *, *, #749, .T. ) ;
#1486 = ORIENTED_EDGE ( 'NONE', *, *, #793, .F. ) ;
#1487 = ORIENTED_EDGE ( 'NONE', *, *, #836, .T. ) ;
#1488 = ORIENTED_EDGE ( 'NONE', *, *, #776, .F. ) ;
#1489 = ORIENTED_EDGE ( 'NONE', *, *, #793, .T. ) ;
#1490 = ORIENTED_EDGE ( 'NONE', *, *, #865, .T. ) ;
#1491 = ORIENTED_EDGE ( 'NONE', *, *, #797, .F. ) ;
#1492 = ORIENTED_EDGE ( 'NONE', *, *, #776, .T. ) ;
#1493 = ORIENTED_EDGE ( 'NONE', *, *, #757, .T. ) ;
#1494 = ORIENTED_EDGE ( 'NONE', *, *, #788, .T. ) ;
#1495 = ORIENTED_EDGE ( 'NONE', *, *, #780, .T. ) ;
#1496 = ORIENTED_EDGE ( 'NONE', *, *, #749, .F. ) ;
#1497 = ORIENTED_EDGE ( 'NONE', *, *, #751, .T. ) ;
#1498 = ORIENTED_EDGE ( 'NONE', *, *, #755, .F. ) ;
#1499 = ORIENTED_EDGE ( 'NONE', *, *, #820, .T. ) ;
#1500 = ORIENTED_EDGE ( 'NONE', *, *, #838, .T. ) ;
#1501 = ORIENTED_EDGE ( 'NONE', *, *, #783, .T. ) ;
#1502 = ORIENTED_EDGE ( 'NONE', *, *, #759, .F. ) ;
#1503 = ORIENTED_EDGE ( 'NONE', *, *, #850, .T. ) ;
#1504 = ORIENTED_EDGE ( 'NONE', *, *, #832, .F. ) ;
#1505 = ORIENTED_EDGE ( 'NONE', *, *, #827, .T. ) ;
#1506 = ORIENTED_EDGE ( 'NONE', *, *, #779, .T. ) ;
#1507 = ORIENTED_EDGE ( 'NONE', *, *, #783, .F. ) ;
#1508 = ORIENTED_EDGE ( 'NONE', *, *, #802, .T. ) ;
#1509 = ORIENTED_EDGE ( 'NONE', *, *, #866, .T. ) ;
#1510 = ORIENTED_EDGE ( 'NONE', *, *, #772, .T. ) ;
#1511 = ORIENTED_EDGE ( 'NONE', *, *, #782, .T. ) ;
#1512 = ORIENTED_EDGE ( 'NONE', *, *, #769, .T. ) ;
#1513 = ORIENTED_EDGE ( 'NONE', *, *, #762, .F. ) ;
#1514 = ORIENTED_EDGE ( 'NONE', *, *, #787, .T. ) ;
#1515 = ORIENTED_EDGE ( 'NONE', *, *, #796, .F. ) ;
#1516 = ORIENTED_EDGE ( 'NONE', *, *, #792, .F. ) ;
#1517 = ORIENTED_EDGE ( 'NONE', *, *, #754, .F. ) ;
#1518 = ORIENTED_EDGE ( 'NONE', *, *, #777, .F. ) ;
#1519 = ORIENTED_EDGE ( 'NONE', *, *, #769, .F. ) ;
#1520 = ORIENTED_EDGE ( 'NONE', *, *, #789, .T. ) ;
#1521 = ORIENTED_EDGE ( 'NONE', *, *, #778, .F. ) ;
#1522 = ORIENTED_EDGE ( 'NONE', *, *, #789, .F. ) ;
#1523 = ORIENTED_EDGE ( 'NONE', *, *, #746, .T. ) ;
#1524 = ORIENTED_EDGE ( 'NONE', *, *, #772, .F. ) ;
#1525 = ORIENTED_EDGE ( 'NONE', *, *, #777, .T. ) ;
#1526 = ORIENTED_EDGE ( 'NONE', *, *, #759, .T. ) ;
#1527 = ORIENTED_EDGE ( 'NONE', *, *, #763, .T. ) ;
#1528 = ORIENTED_EDGE ( 'NONE', *, *, #790, .F. ) ;
#1529 = ORIENTED_EDGE ( 'NONE', *, *, #770, .T. ) ;
#1530 = ORIENTED_EDGE ( 'NONE', *, *, #848, .F. ) ;
#1531 = ORIENTED_EDGE ( 'NONE', *, *, #828, .T. ) ;
#1532 = ORIENTED_EDGE ( 'NONE', *, *, #792, .T. ) ;
#1533 = ORIENTED_EDGE ( 'NONE', *, *, #817, .F. ) ;
#1534 = ORIENTED_EDGE ( 'NONE', *, *, #819, .T. ) ;
#1535 = ORIENTED_EDGE ( 'NONE', *, *, #764, .F. ) ;
#1536 = ORIENTED_EDGE ( 'NONE', *, *, #834, .T. ) ;
#1537 = ORIENTED_EDGE ( 'NONE', *, *, #785, .F. ) ;
#1538 = ORIENTED_EDGE ( 'NONE', *, *, #748, .T. ) ;
#1539 = ORIENTED_EDGE ( 'NONE', *, *, #781, .F. ) ;
#1540 = ORIENTED_EDGE ( 'NONE', *, *, #782, .F. ) ;
#1541 = ORIENTED_EDGE ( 'NONE', *, *, #813, .T. ) ;
#1542 = ORIENTED_EDGE ( 'NONE', *, *, #754, .T. ) ;
#1543 = ORIENTED_EDGE ( 'NONE', *, *, #864, .T. ) ;
#1544 = ORIENTED_EDGE ( 'NONE', *, *, #797, .T. ) ;
#1545 = ORIENTED_EDGE ( 'NONE', *, *, #760, .T. ) ;
#1546 = ORIENTED_EDGE ( 'NONE', *, *, #798, .T. ) ;
#1547 = B_SPLINE_CURVE_WITH_KNOTS ( 'NONE', 3,
 ( #353, #336, #342, #363, #350, #334, #365, #373, #340, #376 ),
 .UNSPECIFIED., .F., .F.,
 ( 4, 2, 2, 2, 4 ),
 ( 0.0000000000000000000, 0.0003802132831239092000, 0.0007604265662478184100, 0.001140639849371727600, 0.001520853132495636800 ),
 .UNSPECIFIED. ) ;
#1548 = B_SPLINE_CURVE_WITH_KNOTS ( 'NONE', 3,
 ( #593, #595, #618, #610, #620, #605, #627, #606, #632, #622 ),
 .UNSPECIFIED., .F., .F.,
 ( 4, 2, 2, 2, 4 ),
 ( 0.0000000000000000000, 0.0003857081331000473300, 0.0007714162662000946600, 0.001157124399300142000, 0.001542832532400189300 ),
 .UNSPECIFIED. ) ;
#1549 = B_SPLINE_CURVE_WITH_KNOTS ( 'NONE', 3,
 ( #490, #488, #499, #479, #477, #520, #510, #508, #492, #503, #512, #487 ),
 .UNSPECIFIED., .F., .F.,
 ( 4, 2, 2, 2, 2, 4 ),
 ( 0.001639900996538470400, 0.001844727820678826300, 0.002049554644819182300, 0.002459208293099894200, 0.002868861941380606600, 0.003278515589661318500 ),
 .UNSPECIFIED. ) ;
#1550 = B_SPLINE_CURVE_WITH_KNOTS ( 'NONE', 3,
 ( #332, #379, #370, #371, #351, #374, #375, #344 ),
 .UNSPECIFIED., .F., .F.,
 ( 4, 2, 2, 4 ),
 ( 6.016975856397233600E-019, 0.001452275071270519900, 0.002904550142541039000, 0.005809100285082080500 ),
 .UNSPECIFIED. ) ;
#1551 = B_SPLINE_CURVE_WITH_KNOTS ( 'NONE', 3,
 ( #411, #421, #391, #399, #402, #415, #416, #408, #426, #392, #409, #400, #380, #412, #381, #382 ),
 .UNSPECIFIED., .F., .F.,
 ( 4, 2, 2, 2, 2, 2, 2, 4 ),
 ( -1.392840014438175400E-005, 0.0008319619686110659100, 0.001677852337366514100, 0.002100797521744238700, 0.002523742706121963200, 0.002946687890499687800, 0.003158160482688549900, 0.003369633074877411900 ),
 .UNSPECIFIED. ) ;
#1552 = B_SPLINE_CURVE_WITH_KNOTS ( 'NONE', 3,
 ( #417, #419, #422, #383, #425, #386, #387, #389, #427, #390 ),
 .UNSPECIFIED., .F., .F.,
 ( 4, 2, 2, 2, 4 ),
 ( 0.001555341035397964100, 0.001943861337929038300, 0.002332381640460112600, 0.002720901942991186800, 0.003109422245522261100 ),
 .UNSPECIFIED. ) ;
#1553 = B_SPLINE_CURVE_WITH_KNOTS ( 'NONE', 3,
 ( #456, #462, #450, #474, #475, #451, #428, #436, #437, #452 ),
 .UNSPECIFIED., .F., .F.,
 ( 4, 2, 2, 2, 4 ),
 ( 0.0000000000000000000, 0.0003928190259851921700, 0.0007856380519703843400, 0.001178457077955576400, 0.001571276103940768700 ),
 .UNSPECIFIED. ) ;
#1554 = B_SPLINE_CURVE_WITH_KNOTS ( 'NONE', 3,
 ( #439, #461, #455, #440, #504, #480, #501, #489, #481, #500 ),
 .UNSPECIFIED., .F., .F.,
 ( 4, 2, 2, 2, 4 ),
 ( 0.0000000000000000000, 0.0003813739463460408200, 0.0007627478926920816400, 0.001144121839038122500, 0.001525495785384163300 ),
 .UNSPECIFIED. ) ;
#1555 = B_SPLINE_CURVE_WITH_KNOTS ( 'NONE', 3,
 ( #432, #468, #433, #471, #458, #465, #459, #448, #472, #454 ),
 .UNSPECIFIED., .F., .F.,
 ( 4, 2, 2, 2, 4 ),
 ( 0.001521229089482231800, 0.001901422610358528100, 0.002281616131234824400, 0.002661809652111121400, 0.003042003172987417900 ),
 .UNSPECIFIED. ) ;
#1556 = B_SPLINE_CURVE_WITH_KNOTS ( 'NONE', 3,
 ( #514, #485, #516, #505, #483, #484, #497, #511, #498, #517, #518, #507, #519, #486, #493, #521 ),
 .UNSPECIFIED., .F., .F.,
 ( 4, 2, 2, 2, 2, 2, 2, 4 ),
 ( -1.392840014438143700E-005, 0.0008319619686110586400, 0.001677852337366498700, 0.002100797521744219200, 0.002523742706121940300, 0.002946687890499661800, 0.003158160482688522100, 0.003369633074877382900 ),
 .UNSPECIFIED. ) ;
#1557 = B_SPLINE_CURVE_WITH_KNOTS ( 'NONE', 3,
 ( #589, #573, #577, #597, #599, #586, #574, #579 ),
 .UNSPECIFIED., .F., .F.,
 ( 4, 2, 2, 4 ),
 ( -4.472147478676271500E-006, 0.0004678267499014863000, 0.0007039761985915676000, 0.0009401256472816489500 ),
 .UNSPECIFIED. ) ;
#1558 = UNCERTAINTY_MEASURE_WITH_UNIT (LENGTH_MEASURE( 1.000000000000000100E-005 ), #29, 'distance_accuracy_value', 'NONE');
#1559 = ADVANCED_BREP_SHAPE_REPRESENTATION ( 'ALP0710', ( #1567, #923 ), #914 ) ;
#1560 = B_SPLINE_CURVE_WITH_KNOTS ( 'NONE', 3,
 ( #539, #541, #523, #536, #528, #531, #525, #522, #530, #524 ),
 .UNSPECIFIED., .F., .F.,
 ( 4, 2, 2, 2, 4 ),
 ( 0.0000000000000000000, 0.0004036712916413171400, 0.0008073425832826342800, 0.001211013874923951400, 0.001614685166565268600 ),
 .UNSPECIFIED. ) ;
#1561 = B_SPLINE_CURVE_WITH_KNOTS ( 'NONE', 3,
 ( #603, #612, #615, #629, #623, #611, #630, #616, #617, #609 ),
 .UNSPECIFIED., .F., .F.,
 ( 4, 2, 2, 2, 4 ),
 ( 0.0000000000000000000, 0.0003793162572506295800, 0.0007586325145012591700, 0.001137948771751888700, 0.001517265029002518300 ),
 .UNSPECIFIED. ) ;
#1562 = B_SPLINE_CURVE_WITH_KNOTS ( 'NONE', 3,
 ( #565, #549, #550, #564, #551, #552, #555, #567, #556, #557, #568, #558, #553, #569 ),
 .UNSPECIFIED., .F., .F.,
 ( 4, 2, 2, 2, 2, 2, 4 ),
 ( 0.001849063412732049700, 0.002080451072065802200, 0.002311838731399554700, 0.002774614050067061500, 0.003237389368734568300, 0.003468777028068323000, 0.003700164687402077200 ),
 .UNSPECIFIED. ) ;
#1563 = B_SPLINE_CURVE_WITH_KNOTS ( 'NONE', 3,
 ( #233, #212, #222, #211, #216, #208, #213, #223, #214, #237 ),
 .UNSPECIFIED., .F., .F.,
 ( 4, 2, 2, 2, 4 ),
 ( 0.0000000000000000000, 0.0003793162572506294200, 0.0007586325145012588400, 0.001137948771751888300, 0.001517265029002517700 ),
 .UNSPECIFIED. ) ;
#1564 = B_SPLINE_CURVE_WITH_KNOTS ( 'NONE', 3,
 ( #218, #235, #219, #217, #232, #238, #220, #234, #236, #221 ),
 .UNSPECIFIED., .F., .F.,
 ( 4, 2, 2, 2, 4 ),
 ( 0.0000000000000000000, 0.0003813739463460409300, 0.0007627478926920818600, 0.001144121839038122700, 0.001525495785384163700 ),
 .UNSPECIFIED. ) ;
#1565 = B_SPLINE_CURVE_WITH_KNOTS ( 'NONE', 3,
 ( #226, #224, #210, #225, #239, #227, #228, #229, #230, #231 ),
 .UNSPECIFIED., .F., .F.,
 ( 4, 2, 2, 2, 4 ),
 ( 0.0000000000000000000, 0.0004098875450848248800, 0.0008197750901696497600, 0.001229662635254474700, 0.001639550180339299500 ),
 .UNSPECIFIED. ) ;
#1566 = B_SPLINE_CURVE_WITH_KNOTS ( 'NONE', 3,
 ( #243, #270, #277, #255, #276, #253, #244, #272 ),
 .UNSPECIFIED., .F., .F.,
 ( 4, 2, 2, 4 ),
 ( -4.472147478676948300E-006, 0.0004678267499014833200, 0.0007039761985915648900, 0.0009401256472816466700 ),
 .UNSPECIFIED. ) ;
#1567 = MANIFOLD_SOLID_BREP ( 'M4 Tapped Hole3', #1377 ) ;
#1568 = B_SPLINE_CURVE_WITH_KNOTS ( 'NONE', 3,
 ( #282, #263, #265, #283, #285, #275, #266, #269, #273, #240 ),
 .UNSPECIFIED., .F., .F.,
 ( 4, 2, 2, 2, 4 ),
 ( 0.0000000000000000000, 0.0003886844212071330600, 0.0007773688424142661300, 0.001166053263621399200, 0.001554737684828532300 ),
 .UNSPECIFIED. ) ;
#1569 = B_SPLINE_CURVE_WITH_KNOTS ( 'NONE', 3,
 ( #286, #316, #290, #311, #305, #291, #312, #317, #319, #318 ),
 .UNSPECIFIED., .F., .F.,
 ( 4, 2, 2, 2, 4 ),
 ( 0.0000000000000000000, 0.0003857081331000474900, 0.0007714162662000949800, 0.001157124399300142500, 0.001542832532400190000 ),
 .UNSPECIFIED. ) ;
#1570 = B_SPLINE_CURVE_WITH_KNOTS ( 'NONE', 3,
 ( #354, #337, #339, #331, #347, #357, #358, #349, #359, #378 ),
 .UNSPECIFIED., .F., .F.,
 ( 4, 2, 2, 2, 4 ),
 ( 0.0000000000000000000, 0.0003928190259851924400, 0.0007856380519703848800, 0.001178457077955577300, 0.001571276103940769800 ),
 .UNSPECIFIED. ) ;
#1571 = B_SPLINE_CURVE_WITH_KNOTS ( 'NONE', 3,
 ( #184, #189, #203, #206, #199, #191, #190, #192 ),
 .UNSPECIFIED., .F., .F.,
 ( 4, 2, 2, 4 ),
 ( 1.069452375517840900E-018, 0.001452275071270518600, 0.002904550142541035900, 0.005809100285082068400 ),
 .UNSPECIFIED. ) ;
#1572 = B_SPLINE_CURVE_WITH_KNOTS ( 'NONE', 3,
 ( #247, #274, #248, #250, #264, #278, #251, #252, #254, #308, #327, #287, #302, #303 ),
 .UNSPECIFIED., .F., .F.,
 ( 4, 2, 2, 2, 2, 2, 4 ),
 ( 0.0000000000000000000, 0.0002308309032896002500, 0.0004616618065792004900, 0.0009233236131584000100, 0.001384985419737599500, 0.001615816323027199100, 0.001846647226316798300 ),
 .UNSPECIFIED. ) ;
#1573 = B_SPLINE_CURVE_WITH_KNOTS ( 'NONE', 3,
 ( #299, #301, #309, #306, #314, #310, #320, #307, #294, #313 ),
 .UNSPECIFIED., .F., .F.,
 ( 4, 2, 2, 2, 4 ),
 ( 8.673617379884034500E-019, 0.0004036712916413183900, 0.0008073425832826359100, 0.001211013874923953500, 0.001614685166565270900 ),
 .UNSPECIFIED. ) ;
ENDSEC;
END-ISO-10303-21;
