ISO-10303-21;
HEADER;
FILE_DESCRIPTION (( 'STEP AP203' ),
    '1' );
FILE_NAME ('ALP0123.STEP',
    '2017-01-31T23:01:04',
    ( '' ),
    ( '' ),
    'SwSTEP 2.0',
    'SolidWorks 2012',
    '' );
FILE_SCHEMA (( 'CONFIG_CONTROL_DESIGN' ));
ENDSEC;

DATA;
#1 = CIRCLE ( 'NONE', #211, 0.2500000000000004400 ) ;
#2 = LINE ( 'NONE', #582, #3 ) ;
#3 = VECTOR ( 'NONE', #588, 1000.000000000000000 ) ;
#4 = LINE ( 'NONE', #610, #1212 ) ;
#5 = ORIENTED_EDGE ( 'NONE', *, *, #2079, .F. ) ;
#6 = LINE ( 'NONE', #578, #7 ) ;
#7 = VECTOR ( 'NONE', #592, 1000.000000000000000 ) ;
#8 = ORIENTED_EDGE ( 'NONE', *, *, #1996, .F. ) ;
#9 = ORIENTED_EDGE ( 'NONE', *, *, #2106, .F. ) ;
#10 = ORIENTED_EDGE ( 'NONE', *, *, #2050, .F. ) ;
#11 = ORIENTED_EDGE ( 'NONE', *, *, #2122, .F. ) ;
#12 = ORIENTED_EDGE ( 'NONE', *, *, #2053, .F. ) ;
#13 = ORIENTED_EDGE ( 'NONE', *, *, #2041, .F. ) ;
#14 = ORIENTED_EDGE ( 'NONE', *, *, #2069, .F. ) ;
#15 = ORIENTED_EDGE ( 'NONE', *, *, #2121, .F. ) ;
#16 = ORIENTED_EDGE ( 'NONE', *, *, #1977, .T. ) ;
#17 = ORIENTED_EDGE ( 'NONE', *, *, #1990, .T. ) ;
#18 = ORIENTED_EDGE ( 'NONE', *, *, #2136, .F. ) ;
#19 = ORIENTED_EDGE ( 'NONE', *, *, #2118, .T. ) ;
#20 = ORIENTED_EDGE ( 'NONE', *, *, #2123, .F. ) ;
#21 = ORIENTED_EDGE ( 'NONE', *, *, #2094, .F. ) ;
#22 = ORIENTED_EDGE ( 'NONE', *, *, #2060, .F. ) ;
#23 = ORIENTED_EDGE ( 'NONE', *, *, #2114, .F. ) ;
#24 = ORIENTED_EDGE ( 'NONE', *, *, #2019, .F. ) ;
#25 = ORIENTED_EDGE ( 'NONE', *, *, #2132, .F. ) ;
#26 = ORIENTED_EDGE ( 'NONE', *, *, #2019, .T. ) ;
#27 = ORIENTED_EDGE ( 'NONE', *, *, #2144, .F. ) ;
#28 = ORIENTED_EDGE ( 'NONE', *, *, #2090, .F. ) ;
#29 = ORIENTED_EDGE ( 'NONE', *, *, #1990, .F. ) ;
#30 = ORIENTED_EDGE ( 'NONE', *, *, #2072, .F. ) ;
#31 = ORIENTED_EDGE ( 'NONE', *, *, #2110, .F. ) ;
#32 = ORIENTED_EDGE ( 'NONE', *, *, #2026, .T. ) ;
#33 = ORIENTED_EDGE ( 'NONE', *, *, #2051, .F. ) ;
#34 = ORIENTED_EDGE ( 'NONE', *, *, #2096, .F. ) ;
#35 = ORIENTED_EDGE ( 'NONE', *, *, #2149, .F. ) ;
#36 = ORIENTED_EDGE ( 'NONE', *, *, #2002, .F. ) ;
#37 = ORIENTED_EDGE ( 'NONE', *, *, #2058, .F. ) ;
#38 = ORIENTED_EDGE ( 'NONE', *, *, #1977, .F. ) ;
#39 = ORIENTED_EDGE ( 'NONE', *, *, #2096, .T. ) ;
#40 = ORIENTED_EDGE ( 'NONE', *, *, #2082, .F. ) ;
#41 = ORIENTED_EDGE ( 'NONE', *, *, #2070, .T. ) ;
#42 = ORIENTED_EDGE ( 'NONE', *, *, #2026, .F. ) ;
#43 = ORIENTED_EDGE ( 'NONE', *, *, #2127, .F. ) ;
#44 = ORIENTED_EDGE ( 'NONE', *, *, #2147, .F. ) ;
#45 = ORIENTED_EDGE ( 'NONE', *, *, #1988, .F. ) ;
#46 = ORIENTED_EDGE ( 'NONE', *, *, #2045, .F. ) ;
#47 = ORIENTED_EDGE ( 'NONE', *, *, #2104, .F. ) ;
#48 = ORIENTED_EDGE ( 'NONE', *, *, #2068, .T. ) ;
#49 = ORIENTED_EDGE ( 'NONE', *, *, #2084, .T. ) ;
#50 = ORIENTED_EDGE ( 'NONE', *, *, #2055, .T. ) ;
#51 = ORIENTED_EDGE ( 'NONE', *, *, #2010, .F. ) ;
#52 = ORIENTED_EDGE ( 'NONE', *, *, #2065, .T. ) ;
#53 = ORIENTED_EDGE ( 'NONE', *, *, #2047, .F. ) ;
#54 = VECTOR ( 'NONE', #577, 1000.000000000000000 ) ;
#55 = VECTOR ( 'NONE', #579, 1000.000000000000000 ) ;
#56 = VECTOR ( 'NONE', #595, 1000.000000000000000 ) ;
#57 = CIRCLE ( 'NONE', #217, 0.2500000000000003900 ) ;
#58 = LINE ( 'NONE', #589, #59 ) ;
#59 = VECTOR ( 'NONE', #590, 1000.000000000000000 ) ;
#60 = VECTOR ( 'NONE', #598, 1000.000000000000000 ) ;
#61 = LINE ( 'NONE', #596, #60 ) ;
#62 = LINE ( 'NONE', #580, #1223 ) ;
#63 = VECTOR ( 'NONE', #862, 1000.000000000000000 ) ;
#64 = LINE ( 'NONE', #587, #56 ) ;
#65 = LINE ( 'NONE', #597, #55 ) ;
#66 = CLOSED_SHELL ( 'NONE', ( #874, #906, #878, #899, #893, #909, #870, #881, #891, #871, #882, #917, #904, #900, #885, #911, #877, #873, #915, #901, #875, #905, #913, #896, #876, #890, #903, #872, #916, #898, #897, #902, #910, #918, #895, #914, #907, #879, #912, #887, #892, #908, #880, #884, #889, #869, #868, #883, #888, #894, #886, #363, #357, #359, #358, #360, #361, #364, #362 ) ) ;
#67 = ORIENTED_EDGE ( 'NONE', *, *, #1980, .F. ) ;
#68 = LINE ( 'NONE', #858, #54 ) ;
#69 = ORIENTED_EDGE ( 'NONE', *, *, #2083, .F. ) ;
#70 = ORIENTED_EDGE ( 'NONE', *, *, #2015, .F. ) ;
#71 = ORIENTED_EDGE ( 'NONE', *, *, #2070, .F. ) ;
#72 = ORIENTED_EDGE ( 'NONE', *, *, #2031, .F. ) ;
#73 = CIRCLE ( 'NONE', #221, 0.2500000000000003900 ) ;
#74 = ORIENTED_EDGE ( 'NONE', *, *, #1981, .F. ) ;
#75 = ORIENTED_EDGE ( 'NONE', *, *, #2068, .F. ) ;
#76 = ORIENTED_EDGE ( 'NONE', *, *, #2002, .T. ) ;
#77 = ORIENTED_EDGE ( 'NONE', *, *, #2054, .T. ) ;
#78 = ORIENTED_EDGE ( 'NONE', *, *, #2064, .F. ) ;
#79 = VERTEX_POINT ( 'NONE', #1610 ) ;
#80 = VERTEX_POINT ( 'NONE', #1605 ) ;
#81 = VERTEX_POINT ( 'NONE', #1611 ) ;
#82 = VERTEX_POINT ( 'NONE', #1612 ) ;
#83 = VERTEX_POINT ( 'NONE', #1613 ) ;
#84 = VERTEX_POINT ( 'NONE', #1614 ) ;
#85 = VERTEX_POINT ( 'NONE', #1619 ) ;
#86 = ORIENTED_EDGE ( 'NONE', *, *, #2021, .F. ) ;
#87 = ORIENTED_EDGE ( 'NONE', *, *, #2085, .F. ) ;
#88 = VERTEX_POINT ( 'NONE', #1607 ) ;
#89 = VERTEX_POINT ( 'NONE', #1624 ) ;
#90 = VERTEX_POINT ( 'NONE', #1618 ) ;
#91 = VERTEX_POINT ( 'NONE', #1629 ) ;
#92 = VERTEX_POINT ( 'NONE', #1625 ) ;
#93 = VERTEX_POINT ( 'NONE', #1626 ) ;
#94 = VERTEX_POINT ( 'NONE', #1615 ) ;
#95 = VERTEX_POINT ( 'NONE', #1620 ) ;
#96 = VERTEX_POINT ( 'NONE', #1608 ) ;
#97 = VERTEX_POINT ( 'NONE', #1627 ) ;
#98 = VERTEX_POINT ( 'NONE', #1616 ) ;
#99 = VERTEX_POINT ( 'NONE', #1617 ) ;
#100 = VERTEX_POINT ( 'NONE', #1628 ) ;
#101 = VERTEX_POINT ( 'NONE', #1634 ) ;
#102 = VERTEX_POINT ( 'NONE', #1599 ) ;
#103 = VERTEX_POINT ( 'NONE', #1606 ) ;
#104 = VERTEX_POINT ( 'NONE', #1621 ) ;
#105 = VERTEX_POINT ( 'NONE', #1622 ) ;
#106 = VERTEX_POINT ( 'NONE', #1633 ) ;
#107 = VERTEX_POINT ( 'NONE', #1609 ) ;
#108 = VERTEX_POINT ( 'NONE', #1630 ) ;
#109 = VERTEX_POINT ( 'NONE', #1603 ) ;
#110 = VERTEX_POINT ( 'NONE', #1623 ) ;
#111 = VERTEX_POINT ( 'NONE', #1631 ) ;
#112 = VERTEX_POINT ( 'NONE', #1632 ) ;
#113 = VERTEX_POINT ( 'NONE', #1600 ) ;
#114 = VERTEX_POINT ( 'NONE', #1601 ) ;
#115 = VERTEX_POINT ( 'NONE', #1602 ) ;
#116 = VERTEX_POINT ( 'NONE', #1604 ) ;
#117 = VERTEX_POINT ( 'NONE', #1686 ) ;
#118 = VERTEX_POINT ( 'NONE', #1636 ) ;
#119 = VERTEX_POINT ( 'NONE', #1663 ) ;
#120 = VERTEX_POINT ( 'NONE', #1684 ) ;
#121 = VERTEX_POINT ( 'NONE', #1641 ) ;
#122 = VERTEX_POINT ( 'NONE', #1642 ) ;
#123 = VERTEX_POINT ( 'NONE', #1654 ) ;
#124 = VERTEX_POINT ( 'NONE', #1667 ) ;
#125 = VERTEX_POINT ( 'NONE', #1675 ) ;
#126 = VERTEX_POINT ( 'NONE', #1649 ) ;
#127 = VERTEX_POINT ( 'NONE', #1670 ) ;
#128 = VERTEX_POINT ( 'NONE', #1643 ) ;
#129 = VERTEX_POINT ( 'NONE', #1661 ) ;
#130 = VERTEX_POINT ( 'NONE', #1644 ) ;
#131 = VERTEX_POINT ( 'NONE', #1639 ) ;
#132 = VERTEX_POINT ( 'NONE', #1640 ) ;
#133 = VERTEX_POINT ( 'NONE', #1666 ) ;
#134 = VERTEX_POINT ( 'NONE', #1672 ) ;
#135 = VERTEX_POINT ( 'NONE', #1668 ) ;
#136 = VERTEX_POINT ( 'NONE', #1683 ) ;
#137 = VERTEX_POINT ( 'NONE', #1653 ) ;
#138 = VERTEX_POINT ( 'NONE', #1676 ) ;
#139 = VERTEX_POINT ( 'NONE', #1656 ) ;
#140 = VERTEX_POINT ( 'NONE', #1685 ) ;
#141 = VERTEX_POINT ( 'NONE', #1635 ) ;
#142 = VERTEX_POINT ( 'NONE', #1657 ) ;
#143 = VERTEX_POINT ( 'NONE', #1648 ) ;
#144 = VERTEX_POINT ( 'NONE', #1645 ) ;
#145 = VERTEX_POINT ( 'NONE', #1637 ) ;
#146 = VERTEX_POINT ( 'NONE', #1673 ) ;
#147 = VERTEX_POINT ( 'NONE', #1680 ) ;
#148 = VERTEX_POINT ( 'NONE', #1646 ) ;
#149 = VERTEX_POINT ( 'NONE', #1650 ) ;
#150 = VERTEX_POINT ( 'NONE', #1647 ) ;
#151 = VERTEX_POINT ( 'NONE', #1638 ) ;
#152 = VERTEX_POINT ( 'NONE', #1651 ) ;
#153 = VERTEX_POINT ( 'NONE', #1660 ) ;
#154 = VERTEX_POINT ( 'NONE', #1669 ) ;
#155 = VERTEX_POINT ( 'NONE', #1662 ) ;
#156 = VERTEX_POINT ( 'NONE', #1652 ) ;
#157 = VERTEX_POINT ( 'NONE', #1671 ) ;
#158 = VERTEX_POINT ( 'NONE', #1655 ) ;
#159 = VERTEX_POINT ( 'NONE', #1664 ) ;
#160 = VERTEX_POINT ( 'NONE', #1658 ) ;
#161 = VERTEX_POINT ( 'NONE', #1659 ) ;
#162 = VERTEX_POINT ( 'NONE', #1665 ) ;
#163 = VERTEX_POINT ( 'NONE', #1674 ) ;
#164 = VERTEX_POINT ( 'NONE', #1677 ) ;
#165 = VERTEX_POINT ( 'NONE', #1679 ) ;
#166 = VERTEX_POINT ( 'NONE', #1678 ) ;
#167 = VERTEX_POINT ( 'NONE', #1681 ) ;
#168 = VERTEX_POINT ( 'NONE', #1682 ) ;
#169 = VERTEX_POINT ( 'NONE', #1723 ) ;
#170 = VERTEX_POINT ( 'NONE', #1696 ) ;
#171 = VERTEX_POINT ( 'NONE', #1709 ) ;
#172 = VERTEX_POINT ( 'NONE', #1706 ) ;
#173 = VERTEX_POINT ( 'NONE', #1736 ) ;
#174 = VERTEX_POINT ( 'NONE', #1692 ) ;
#175 = VERTEX_POINT ( 'NONE', #1713 ) ;
#176 = VERTEX_POINT ( 'NONE', #1735 ) ;
#177 = VERTEX_POINT ( 'NONE', #1699 ) ;
#178 = VERTEX_POINT ( 'NONE', #1708 ) ;
#179 = VERTEX_POINT ( 'NONE', #1730 ) ;
#180 = VERTEX_POINT ( 'NONE', #1731 ) ;
#181 = VERTEX_POINT ( 'NONE', #1704 ) ;
#182 = CC_DESIGN_DATE_AND_TIME_ASSIGNMENT ( #1015, #776, ( #228 ) ) ;
#183 = PRODUCT_DEFINITION_FORMATION_WITH_SPECIFIED_SOURCE ( 'ANY', '', #1236, .NOT_KNOWN. ) ;
#184 = APPROVAL ( #779, 'UNSPECIFIED' ) ;
#185 = CC_DESIGN_PERSON_AND_ORGANIZATION_ASSIGNMENT ( #1075, #775, ( #183 ) ) ;
#186 = CC_DESIGN_APPROVAL ( #184, ( #183 ) ) ;
#187 = SECURITY_CLASSIFICATION ( '', '', #771 ) ;
#188 = CC_DESIGN_PERSON_AND_ORGANIZATION_ASSIGNMENT ( #1081, #772, ( #187 ) ) ;
#189 = CC_DESIGN_PERSON_AND_ORGANIZATION_ASSIGNMENT ( #1065, #780, ( #183 ) ) ;
#190 = CC_DESIGN_DATE_AND_TIME_ASSIGNMENT ( #1069, #773, ( #187 ) ) ;
#191 = APPROVAL ( #774, 'UNSPECIFIED' ) ;
#192 = AXIS2_PLACEMENT_3D ( 'NONE', #1570, #1568, #1555 ) ;
#193 = AXIS2_PLACEMENT_3D ( 'NONE', #1563, #1547, #1546 ) ;
#194 = AXIS2_PLACEMENT_3D ( 'NONE', #1463, #1446, #1469 ) ;
#195 = AXIS2_PLACEMENT_3D ( 'NONE', #1533, #1512, #1530 ) ;
#196 = AXIS2_PLACEMENT_3D ( 'NONE', #1403, #1402, #1438 ) ;
#197 = AXIS2_PLACEMENT_3D ( 'NONE', #1497, #1495, #1501 ) ;
#198 = AXIS2_PLACEMENT_3D ( 'NONE', #1573, #1579, #1581 ) ;
#199 = AXIS2_PLACEMENT_3D ( 'NONE', #1474, #1484, #1515 ) ;
#200 = AXIS2_PLACEMENT_3D ( 'NONE', #1592, #1587, #1594 ) ;
#201 = AXIS2_PLACEMENT_3D ( 'NONE', #1443, #1445, #1401 ) ;
#202 = AXIS2_PLACEMENT_3D ( 'NONE', #1596, #1597, #1598 ) ;
#203 = AXIS2_PLACEMENT_3D ( 'NONE', #1753, #1813, #1808 ) ;
#204 = AXIS2_PLACEMENT_3D ( 'NONE', #1315, #1394, #1407 ) ;
#205 = AXIS2_PLACEMENT_3D ( 'NONE', #1503, #1532, #1496 ) ;
#206 = AXIS2_PLACEMENT_3D ( 'NONE', #1428, #1409, #1426 ) ;
#207 = AXIS2_PLACEMENT_3D ( 'NONE', #1467, #1483, #1476 ) ;
#208 = AXIS2_PLACEMENT_3D ( 'NONE', #1465, #1478, #1447 ) ;
#209 = AXIS2_PLACEMENT_3D ( 'NONE', #623, #632, #624 ) ;
#210 = AXIS2_PLACEMENT_3D ( 'NONE', #638, #633, #636 ) ;
#211 = AXIS2_PLACEMENT_3D ( 'NONE', #627, #615, #625 ) ;
#212 = AXIS2_PLACEMENT_3D ( 'NONE', #620, #616, #630 ) ;
#213 = AXIS2_PLACEMENT_3D ( 'NONE', #585, #599, #586 ) ;
#214 = AXIS2_PLACEMENT_3D ( 'NONE', #681, #679, #682 ) ;
#215 = AXIS2_PLACEMENT_3D ( 'NONE', #800, #783, #789 ) ;
#216 = AXIS2_PLACEMENT_3D ( 'NONE', #794, #788, #799 ) ;
#217 = AXIS2_PLACEMENT_3D ( 'NONE', #569, #593, #594 ) ;
#218 = AXIS2_PLACEMENT_3D ( 'NONE', #822, #836, #847 ) ;
#219 = AXIS2_PLACEMENT_3D ( 'NONE', #824, #848, #817 ) ;
#220 = AXIS2_PLACEMENT_3D ( 'NONE', #852, #818, #802 ) ;
#221 = AXIS2_PLACEMENT_3D ( 'NONE', #564, #571, #576 ) ;
#222 = AXIS2_PLACEMENT_3D ( 'NONE', #646, #647, #648 ) ;
#223 = AXIS2_PLACEMENT_3D ( 'NONE', #660, #655, #658 ) ;
#224 = AXIS2_PLACEMENT_3D ( 'NONE', #787, #793, #781 ) ;
#225 = AXIS2_PLACEMENT_3D ( 'NONE', #828, #845, #839 ) ;
#226 = AXIS2_PLACEMENT_3D ( 'NONE', #676, #677, #684 ) ;
#227 = AXIS2_PLACEMENT_3D ( 'NONE', #690, #699, #691 ) ;
#228 = PRODUCT_DEFINITION ( 'UNKNOWN', '', #183, #1974 ) ;
#229 = APPROVAL ( #765, 'UNSPECIFIED' ) ;
#230 = CC_DESIGN_APPROVAL ( #229, ( #228 ) ) ;
#231 = CC_DESIGN_PERSON_AND_ORGANIZATION_ASSIGNMENT ( #1036, #778, ( #228 ) ) ;
#232 = AXIS2_PLACEMENT_3D ( 'NONE', #688, #696, #693 ) ;
#233 = CC_DESIGN_PERSON_AND_ORGANIZATION_ASSIGNMENT ( #1046, #764, ( #1236 ) ) ;
#234 = AXIS2_PLACEMENT_3D ( 'NONE', #754, #755, #747 ) ;
#235 = AXIS2_PLACEMENT_3D ( 'NONE', #731, #742, #707 ) ;
#236 =( GEOMETRIC_REPRESENTATION_CONTEXT ( 3 ) GLOBAL_UNCERTAINTY_ASSIGNED_CONTEXT ( ( #1952 ) ) GLOBAL_UNIT_ASSIGNED_CONTEXT ( ( #762, #750, #752 ) ) REPRESENTATION_CONTEXT ( 'NONE', 'WORKASPACE' ) );
#237 = CYLINDRICAL_SURFACE ( 'NONE', #2170, 0.2500000000000003900 ) ;
#238 = CYLINDRICAL_SURFACE ( 'NONE', #2165, 0.2500000000000003900 ) ;
#239 = CYLINDRICAL_SURFACE ( 'NONE', #2161, 0.2500000000000003900 ) ;
#240 = CIRCLE ( 'NONE', #2172, 0.5000000000000000000 ) ;
#241 = VECTOR ( 'NONE', #1329, 1000.000000000000000 ) ;
#242 = CIRCLE ( 'NONE', #2162, 0.2500000000000003900 ) ;
#243 = LINE ( 'NONE', #1341, #254 ) ;
#244 = LINE ( 'NONE', #1256, #251 ) ;
#245 = VECTOR ( 'NONE', #1252, 1000.000000000000000 ) ;
#246 = VECTOR ( 'NONE', #1298, 1000.000000000000000 ) ;
#247 = CYLINDRICAL_SURFACE ( 'NONE', #2153, 0.2500000000000003900 ) ;
#248 = LINE ( 'NONE', #1287, #266 ) ;
#249 = CYLINDRICAL_SURFACE ( 'NONE', #2164, 0.2500000000000003900 ) ;
#250 = FACE_OUTER_BOUND ( 'NONE', #1150, .T. ) ;
#251 = VECTOR ( 'NONE', #1243, 1000.000000000000000 ) ;
#252 = LINE ( 'NONE', #1260, #259 ) ;
#253 = VECTOR ( 'NONE', #1264, 1000.000000000000000 ) ;
#254 = VECTOR ( 'NONE', #1305, 1000.000000000000000 ) ;
#255 = LINE ( 'NONE', #1279, #253 ) ;
#256 = CIRCLE ( 'NONE', #2171, 0.2500000000000003900 ) ;
#257 = CIRCLE ( 'NONE', #2168, 9.750000000000000000 ) ;
#258 = LINE ( 'NONE', #1925, #245 ) ;
#259 = VECTOR ( 'NONE', #1271, 1000.000000000000000 ) ;
#260 = LINE ( 'NONE', #1297, #246 ) ;
#261 = VECTOR ( 'NONE', #1275, 1000.000000000000000 ) ;
#262 = CIRCLE ( 'NONE', #2174, 0.2500000000000003900 ) ;
#263 = CYLINDRICAL_SURFACE ( 'NONE', #2152, 0.2500000000000003900 ) ;
#264 = FACE_OUTER_BOUND ( 'NONE', #1226, .T. ) ;
#265 = FACE_OUTER_BOUND ( 'NONE', #1159, .T. ) ;
#266 = VECTOR ( 'NONE', #1272, 1000.000000000000000 ) ;
#267 = FACE_OUTER_BOUND ( 'NONE', #1154, .T. ) ;
#268 = VECTOR ( 'NONE', #1874, 1000.000000000000000 ) ;
#269 = VECTOR ( 'NONE', #1281, 1000.000000000000000 ) ;
#270 = LINE ( 'NONE', #1265, #277 ) ;
#271 = CIRCLE ( 'NONE', #2177, 0.2500000000000003900 ) ;
#272 = CYLINDRICAL_SURFACE ( 'NONE', #2157, 0.2500000000000003900 ) ;
#273 = CIRCLE ( 'NONE', #2167, 0.2500000000000003900 ) ;
#274 = LINE ( 'NONE', #1278, #261 ) ;
#275 = CYLINDRICAL_SURFACE ( 'NONE', #2158, 0.2500000000000003900 ) ;
#276 = FACE_OUTER_BOUND ( 'NONE', #1221, .T. ) ;
#277 = VECTOR ( 'NONE', #1270, 1000.000000000000000 ) ;
#278 = CYLINDRICAL_SURFACE ( 'NONE', #2155, 0.2500000000000003900 ) ;
#279 = FACE_OUTER_BOUND ( 'NONE', #1184, .T. ) ;
#280 = LINE ( 'NONE', #1267, #269 ) ;
#281 = CIRCLE ( 'NONE', #2173, 9.750000000000000000 ) ;
#282 = LINE ( 'NONE', #1317, #241 ) ;
#283 = LINE ( 'NONE', #1307, #980 ) ;
#284 = FACE_OUTER_BOUND ( 'NONE', #1201, .T. ) ;
#285 = CIRCLE ( 'NONE', #2166, 0.2500000000000004400 ) ;
#286 = FACE_OUTER_BOUND ( 'NONE', #1168, .T. ) ;
#287 = CYLINDRICAL_SURFACE ( 'NONE', #2163, 0.2500000000000003900 ) ;
#288 = LINE ( 'NONE', #1873, #268 ) ;
#289 = CYLINDRICAL_SURFACE ( 'NONE', #2160, 0.2500000000000003900 ) ;
#290 = CYLINDRICAL_SURFACE ( 'NONE', #2197, 0.5000000000000000000 ) ;
#291 = FACE_OUTER_BOUND ( 'NONE', #1185, .T. ) ;
#292 = FACE_OUTER_BOUND ( 'NONE', #1176, .T. ) ;
#293 = CYLINDRICAL_SURFACE ( 'NONE', #2186, 0.2500000000000003900 ) ;
#294 = FACE_OUTER_BOUND ( 'NONE', #1166, .T. ) ;
#295 = FACE_OUTER_BOUND ( 'NONE', #1181, .T. ) ;
#296 = CYLINDRICAL_SURFACE ( 'NONE', #2198, 0.2500000000000003900 ) ;
#297 = CYLINDRICAL_SURFACE ( 'NONE', #2202, 0.2500000000000003900 ) ;
#298 = FACE_OUTER_BOUND ( 'NONE', #1180, .T. ) ;
#299 = FACE_OUTER_BOUND ( 'NONE', #1148, .T. ) ;
#300 = FACE_OUTER_BOUND ( 'NONE', #1167, .T. ) ;
#301 = FACE_OUTER_BOUND ( 'NONE', #1231, .T. ) ;
#302 = FACE_OUTER_BOUND ( 'NONE', #1232, .T. ) ;
#303 = CYLINDRICAL_SURFACE ( 'NONE', #2191, 0.5000000000000000000 ) ;
#304 = FACE_OUTER_BOUND ( 'NONE', #1149, .T. ) ;
#305 = FACE_OUTER_BOUND ( 'NONE', #1178, .T. ) ;
#306 = FACE_OUTER_BOUND ( 'NONE', #1147, .T. ) ;
#307 = FACE_BOUND ( 'NONE', #1158, .T. ) ;
#308 = CYLINDRICAL_SURFACE ( 'NONE', #2188, 0.2500000000000003900 ) ;
#309 = FACE_OUTER_BOUND ( 'NONE', #1193, .T. ) ;
#310 = FACE_OUTER_BOUND ( 'NONE', #1227, .T. ) ;
#311 = CYLINDRICAL_SURFACE ( 'NONE', #2206, 4.250000000000000000 ) ;
#312 = CONICAL_SURFACE ( 'NONE', #2146, 3.199999999999987700, 0.7853981633974505000 ) ;
#313 = CYLINDRICAL_SURFACE ( 'NONE', #2187, 0.2500000000000003900 ) ;
#314 = FACE_OUTER_BOUND ( 'NONE', #1209, .T. ) ;
#315 = FACE_OUTER_BOUND ( 'NONE', #1171, .T. ) ;
#316 = FACE_OUTER_BOUND ( 'NONE', #1151, .T. ) ;
#317 = FACE_OUTER_BOUND ( 'NONE', #1164, .T. ) ;
#318 = FACE_OUTER_BOUND ( 'NONE', #1228, .T. ) ;
#319 = CYLINDRICAL_SURFACE ( 'NONE', #2189, 0.2500000000000003900 ) ;
#320 = FACE_OUTER_BOUND ( 'NONE', #1169, .T. ) ;
#321 = CYLINDRICAL_SURFACE ( 'NONE', #2193, 9.750000000000000000 ) ;
#322 = CYLINDRICAL_SURFACE ( 'NONE', #2203, 4.250000000000000000 ) ;
#323 = FACE_OUTER_BOUND ( 'NONE', #1216, .T. ) ;
#324 = FACE_OUTER_BOUND ( 'NONE', #1157, .T. ) ;
#325 = FACE_OUTER_BOUND ( 'NONE', #1229, .T. ) ;
#326 = FACE_OUTER_BOUND ( 'NONE', #1165, .T. ) ;
#327 = FACE_OUTER_BOUND ( 'NONE', #1179, .T. ) ;
#328 = CYLINDRICAL_SURFACE ( 'NONE', #2154, 0.2500000000000003900 ) ;
#329 = CYLINDRICAL_SURFACE ( 'NONE', #2179, 0.2500000000000003900 ) ;
#330 = CYLINDRICAL_SURFACE ( 'NONE', #2169, 4.000000000000000000 ) ;
#331 = CYLINDRICAL_SURFACE ( 'NONE', #2195, 0.2500000000000003900 ) ;
#332 = CYLINDRICAL_SURFACE ( 'NONE', #2180, 0.2500000000000003900 ) ;
#333 = CYLINDRICAL_SURFACE ( 'NONE', #2182, 0.2500000000000003900 ) ;
#334 = FACE_OUTER_BOUND ( 'NONE', #1230, .T. ) ;
#335 = FACE_OUTER_BOUND ( 'NONE', #1162, .T. ) ;
#336 = CYLINDRICAL_SURFACE ( 'NONE', #2207, 0.2500000000000003900 ) ;
#337 = FACE_OUTER_BOUND ( 'NONE', #1163, .T. ) ;
#338 = CYLINDRICAL_SURFACE ( 'NONE', #2184, 0.2500000000000003900 ) ;
#339 = CYLINDRICAL_SURFACE ( 'NONE', #2194, 0.2500000000000003900 ) ;
#340 = CYLINDRICAL_SURFACE ( 'NONE', #2200, 0.2500000000000003900 ) ;
#341 = FACE_OUTER_BOUND ( 'NONE', #1146, .T. ) ;
#342 = FACE_OUTER_BOUND ( 'NONE', #1182, .T. ) ;
#343 = CYLINDRICAL_SURFACE ( 'NONE', #2192, 9.750000000000000000 ) ;
#344 = FACE_OUTER_BOUND ( 'NONE', #1234, .T. ) ;
#345 = CYLINDRICAL_SURFACE ( 'NONE', #2159, 0.2500000000000003900 ) ;
#346 = CYLINDRICAL_SURFACE ( 'NONE', #2201, 0.2500000000000003900 ) ;
#347 = FACE_OUTER_BOUND ( 'NONE', #1214, .T. ) ;
#348 = FACE_OUTER_BOUND ( 'NONE', #1217, .T. ) ;
#349 = FACE_OUTER_BOUND ( 'NONE', #1153, .T. ) ;
#350 = FACE_OUTER_BOUND ( 'NONE', #1191, .T. ) ;
#351 = CYLINDRICAL_SURFACE ( 'NONE', #2181, 0.2500000000000003900 ) ;
#352 = FACE_OUTER_BOUND ( 'NONE', #1208, .T. ) ;
#353 = FACE_OUTER_BOUND ( 'NONE', #1161, .T. ) ;
#354 = CC_DESIGN_APPROVAL ( #191, ( #187 ) ) ;
#355 = CC_DESIGN_SECURITY_CLASSIFICATION ( #187, ( #183 ) ) ;
#356 = PRODUCT_RELATED_PRODUCT_CATEGORY ( 'detail', '', ( #1236 ) ) ;
#357 = ADVANCED_FACE ( 'NONE', ( #1204 ), #1710, .F. ) ;
#358 = ADVANCED_FACE ( 'NONE', ( #1222 ), #1211, .T. ) ;
#359 = ADVANCED_FACE ( 'NONE', ( #1174 ), #1224, .T. ) ;
#360 = ADVANCED_FACE ( 'NONE', ( #1187 ), #1197, .T. ) ;
#361 = ADVANCED_FACE ( 'NONE', ( #1207 ), #1213, .T. ) ;
#362 = ADVANCED_FACE ( 'NONE', ( #1188 ), #1218, .T. ) ;
#363 = ADVANCED_FACE ( 'NONE', ( #1175 ), #1195, .T. ) ;
#364 = ADVANCED_FACE ( 'NONE', ( #1177 ), #1697, .T. ) ;
#365 = ORIENTED_EDGE ( 'NONE', *, *, #2117, .T. ) ;
#366 = ORIENTED_EDGE ( 'NONE', *, *, #2056, .F. ) ;
#367 = ORIENTED_EDGE ( 'NONE', *, *, #2041, .T. ) ;
#368 = ORIENTED_EDGE ( 'NONE', *, *, #2080, .F. ) ;
#369 = ORIENTED_EDGE ( 'NONE', *, *, #2040, .F. ) ;
#370 = ORIENTED_EDGE ( 'NONE', *, *, #2104, .T. ) ;
#371 = ORIENTED_EDGE ( 'NONE', *, *, #2059, .F. ) ;
#372 = ORIENTED_EDGE ( 'NONE', *, *, #2081, .F. ) ;
#373 = ORIENTED_EDGE ( 'NONE', *, *, #2078, .T. ) ;
#374 = ORIENTED_EDGE ( 'NONE', *, *, #2055, .F. ) ;
#375 = ORIENTED_EDGE ( 'NONE', *, *, #2112, .F. ) ;
#376 = ORIENTED_EDGE ( 'NONE', *, *, #2038, .F. ) ;
#377 = ORIENTED_EDGE ( 'NONE', *, *, #2124, .T. ) ;
#378 = ORIENTED_EDGE ( 'NONE', *, *, #2116, .F. ) ;
#379 = ORIENTED_EDGE ( 'NONE', *, *, #2049, .T. ) ;
#380 = ORIENTED_EDGE ( 'NONE', *, *, #2111, .F. ) ;
#381 = ORIENTED_EDGE ( 'NONE', *, *, #2137, .T. ) ;
#382 = ORIENTED_EDGE ( 'NONE', *, *, #2063, .T. ) ;
#383 = ORIENTED_EDGE ( 'NONE', *, *, #2128, .T. ) ;
#384 = ORIENTED_EDGE ( 'NONE', *, *, #2051, .T. ) ;
#385 = ORIENTED_EDGE ( 'NONE', *, *, #2090, .T. ) ;
#386 = ORIENTED_EDGE ( 'NONE', *, *, #2142, .F. ) ;
#387 = ORIENTED_EDGE ( 'NONE', *, *, #2089, .T. ) ;
#388 = ORIENTED_EDGE ( 'NONE', *, *, #2078, .F. ) ;
#389 = ORIENTED_EDGE ( 'NONE', *, *, #2048, .T. ) ;
#390 = ORIENTED_EDGE ( 'NONE', *, *, #2110, .T. ) ;
#391 = ORIENTED_EDGE ( 'NONE', *, *, #2126, .F. ) ;
#392 = ORIENTED_EDGE ( 'NONE', *, *, #2098, .F. ) ;
#393 = ORIENTED_EDGE ( 'NONE', *, *, #2072, .T. ) ;
#394 = ORIENTED_EDGE ( 'NONE', *, *, #2016, .F. ) ;
#395 = ORIENTED_EDGE ( 'NONE', *, *, #2126, .T. ) ;
#396 = ORIENTED_EDGE ( 'NONE', *, *, #2087, .T. ) ;
#397 = ORIENTED_EDGE ( 'NONE', *, *, #2032, .F. ) ;
#398 = ORIENTED_EDGE ( 'NONE', *, *, #2031, .T. ) ;
#399 = ORIENTED_EDGE ( 'NONE', *, *, #2013, .T. ) ;
#400 = ORIENTED_EDGE ( 'NONE', *, *, #2135, .F. ) ;
#401 = ORIENTED_EDGE ( 'NONE', *, *, #2135, .T. ) ;
#402 = ORIENTED_EDGE ( 'NONE', *, *, #2066, .F. ) ;
#403 = ORIENTED_EDGE ( 'NONE', *, *, #2067, .F. ) ;
#404 = ORIENTED_EDGE ( 'NONE', *, *, #2058, .T. ) ;
#405 = ORIENTED_EDGE ( 'NONE', *, *, #2060, .T. ) ;
#406 = ORIENTED_EDGE ( 'NONE', *, *, #2147, .T. ) ;
#407 = ORIENTED_EDGE ( 'NONE', *, *, #2088, .F. ) ;
#408 = ORIENTED_EDGE ( 'NONE', *, *, #2050, .T. ) ;
#409 = ORIENTED_EDGE ( 'NONE', *, *, #2099, .F. ) ;
#410 = ORIENTED_EDGE ( 'NONE', *, *, #2086, .F. ) ;
#411 = ORIENTED_EDGE ( 'NONE', *, *, #2115, .F. ) ;
#412 = ORIENTED_EDGE ( 'NONE', *, *, #2133, .F. ) ;
#413 = ORIENTED_EDGE ( 'NONE', *, *, #2125, .T. ) ;
#414 = ORIENTED_EDGE ( 'NONE', *, *, #2021, .T. ) ;
#415 = ORIENTED_EDGE ( 'NONE', *, *, #2080, .T. ) ;
#416 = ORIENTED_EDGE ( 'NONE', *, *, #2079, .T. ) ;
#417 = ORIENTED_EDGE ( 'NONE', *, *, #2095, .F. ) ;
#418 = ORIENTED_EDGE ( 'NONE', *, *, #2132, .T. ) ;
#419 = ORIENTED_EDGE ( 'NONE', *, *, #2143, .T. ) ;
#420 = ORIENTED_EDGE ( 'NONE', *, *, #2095, .T. ) ;
#421 = ORIENTED_EDGE ( 'NONE', *, *, #2105, .T. ) ;
#422 = ORIENTED_EDGE ( 'NONE', *, *, #2006, .F. ) ;
#423 = ORIENTED_EDGE ( 'NONE', *, *, #2086, .T. ) ;
#424 = ORIENTED_EDGE ( 'NONE', *, *, #2069, .T. ) ;
#425 = ORIENTED_EDGE ( 'NONE', *, *, #2052, .F. ) ;
#426 = ORIENTED_EDGE ( 'NONE', *, *, #2117, .F. ) ;
#427 = ORIENTED_EDGE ( 'NONE', *, *, #2053, .T. ) ;
#428 = ORIENTED_EDGE ( 'NONE', *, *, #2093, .F. ) ;
#429 = ORIENTED_EDGE ( 'NONE', *, *, #1976, .F. ) ;
#430 = ORIENTED_EDGE ( 'NONE', *, *, #2005, .T. ) ;
#431 = ORIENTED_EDGE ( 'NONE', *, *, #2106, .T. ) ;
#432 = ORIENTED_EDGE ( 'NONE', *, *, #2118, .F. ) ;
#433 = ORIENTED_EDGE ( 'NONE', *, *, #2064, .T. ) ;
#434 = ORIENTED_EDGE ( 'NONE', *, *, #2087, .F. ) ;
#435 = ORIENTED_EDGE ( 'NONE', *, *, #2008, .F. ) ;
#436 = ORIENTED_EDGE ( 'NONE', *, *, #2109, .F. ) ;
#437 = ORIENTED_EDGE ( 'NONE', *, *, #2082, .T. ) ;
#438 = ORIENTED_EDGE ( 'NONE', *, *, #2149, .T. ) ;
#439 = ORIENTED_EDGE ( 'NONE', *, *, #2061, .F. ) ;
#440 = ORIENTED_EDGE ( 'NONE', *, *, #2127, .T. ) ;
#441 = ORIENTED_EDGE ( 'NONE', *, *, #1981, .T. ) ;
#442 = ORIENTED_EDGE ( 'NONE', *, *, #2083, .T. ) ;
#443 = ORIENTED_EDGE ( 'NONE', *, *, #2071, .T. ) ;
#444 = ORIENTED_EDGE ( 'NONE', *, *, #1989, .F. ) ;
#445 = ORIENTED_EDGE ( 'NONE', *, *, #2043, .T. ) ;
#446 = ORIENTED_EDGE ( 'NONE', *, *, #2085, .T. ) ;
#447 = ORIENTED_EDGE ( 'NONE', *, *, #2091, .F. ) ;
#448 = ORIENTED_EDGE ( 'NONE', *, *, #2143, .F. ) ;
#449 = ORIENTED_EDGE ( 'NONE', *, *, #1980, .T. ) ;
#450 = ORIENTED_EDGE ( 'NONE', *, *, #2012, .T. ) ;
#451 = ORIENTED_EDGE ( 'NONE', *, *, #2137, .F. ) ;
#452 = ORIENTED_EDGE ( 'NONE', *, *, #1996, .T. ) ;
#453 = ORIENTED_EDGE ( 'NONE', *, *, #2018, .F. ) ;
#454 = ORIENTED_EDGE ( 'NONE', *, *, #2092, .F. ) ;
#455 = ORIENTED_EDGE ( 'NONE', *, *, #2013, .F. ) ;
#456 = ORIENTED_EDGE ( 'NONE', *, *, #2039, .F. ) ;
#457 = ORIENTED_EDGE ( 'NONE', *, *, #2074, .T. ) ;
#458 = ORIENTED_EDGE ( 'NONE', *, *, #2003, .F. ) ;
#459 = ORIENTED_EDGE ( 'NONE', *, *, #1989, .T. ) ;
#460 = ORIENTED_EDGE ( 'NONE', *, *, #2056, .T. ) ;
#461 = ORIENTED_EDGE ( 'NONE', *, *, #2003, .T. ) ;
#462 = ORIENTED_EDGE ( 'NONE', *, *, #2094, .T. ) ;
#463 = ORIENTED_EDGE ( 'NONE', *, *, #2141, .F. ) ;
#464 = ORIENTED_EDGE ( 'NONE', *, *, #1984, .F. ) ;
#465 = ORIENTED_EDGE ( 'NONE', *, *, #2108, .F. ) ;
#466 = ORIENTED_EDGE ( 'NONE', *, *, #2020, .F. ) ;
#467 = ORIENTED_EDGE ( 'NONE', *, *, #2012, .F. ) ;
#468 = ORIENTED_EDGE ( 'NONE', *, *, #2107, .F. ) ;
#469 = ORIENTED_EDGE ( 'NONE', *, *, #2015, .T. ) ;
#470 = ORIENTED_EDGE ( 'NONE', *, *, #2043, .F. ) ;
#471 = ORIENTED_EDGE ( 'NONE', *, *, #2075, .F. ) ;
#472 = ORIENTED_EDGE ( 'NONE', *, *, #2027, .F. ) ;
#473 = ORIENTED_EDGE ( 'NONE', *, *, #1999, .F. ) ;
#474 = ORIENTED_EDGE ( 'NONE', *, *, #1999, .T. ) ;
#475 = ORIENTED_EDGE ( 'NONE', *, *, #2066, .T. ) ;
#476 = ORIENTED_EDGE ( 'NONE', *, *, #1997, .T. ) ;
#477 = ORIENTED_EDGE ( 'NONE', *, *, #2109, .T. ) ;
#478 = ORIENTED_EDGE ( 'NONE', *, *, #2077, .F. ) ;
#479 = ORIENTED_EDGE ( 'NONE', *, *, #2125, .F. ) ;
#480 = ORIENTED_EDGE ( 'NONE', *, *, #1992, .T. ) ;
#481 = ORIENTED_EDGE ( 'NONE', *, *, #2033, .F. ) ;
#482 = ORIENTED_EDGE ( 'NONE', *, *, #1992, .F. ) ;
#483 = ORIENTED_EDGE ( 'NONE', *, *, #2029, .F. ) ;
#484 = ORIENTED_EDGE ( 'NONE', *, *, #1991, .T. ) ;
#485 = ORIENTED_EDGE ( 'NONE', *, *, #2062, .F. ) ;
#486 = ORIENTED_EDGE ( 'NONE', *, *, #2141, .T. ) ;
#487 = ORIENTED_EDGE ( 'NONE', *, *, #1985, .F. ) ;
#488 = ORIENTED_EDGE ( 'NONE', *, *, #2034, .F. ) ;
#489 = ORIENTED_EDGE ( 'NONE', *, *, #2116, .T. ) ;
#490 = ORIENTED_EDGE ( 'NONE', *, *, #2014, .F. ) ;
#491 = ORIENTED_EDGE ( 'NONE', *, *, #2077, .T. ) ;
#492 = ORIENTED_EDGE ( 'NONE', *, *, #1988, .T. ) ;
#493 = ORIENTED_EDGE ( 'NONE', *, *, #2113, .F. ) ;
#494 = ORIENTED_EDGE ( 'NONE', *, *, #2005, .F. ) ;
#495 = ORIENTED_EDGE ( 'NONE', *, *, #2022, .F. ) ;
#496 = ORIENTED_EDGE ( 'NONE', *, *, #2025, .F. ) ;
#497 = ORIENTED_EDGE ( 'NONE', *, *, #2029, .T. ) ;
#498 = ORIENTED_EDGE ( 'NONE', *, *, #2075, .T. ) ;
#499 = ORIENTED_EDGE ( 'NONE', *, *, #2010, .T. ) ;
#500 = ORIENTED_EDGE ( 'NONE', *, *, #2028, .F. ) ;
#501 = ORIENTED_EDGE ( 'NONE', *, *, #1982, .T. ) ;
#502 = ORIENTED_EDGE ( 'NONE', *, *, #2030, .F. ) ;
#503 = ORIENTED_EDGE ( 'NONE', *, *, #2107, .T. ) ;
#504 = ORIENTED_EDGE ( 'NONE', *, *, #2040, .T. ) ;
#505 = ORIENTED_EDGE ( 'NONE', *, *, #1998, .F. ) ;
#506 = ORIENTED_EDGE ( 'NONE', *, *, #2035, .T. ) ;
#507 = ORIENTED_EDGE ( 'NONE', *, *, #2000, .T. ) ;
#508 = ORIENTED_EDGE ( 'NONE', *, *, #2081, .T. ) ;
#509 = ORIENTED_EDGE ( 'NONE', *, *, #1983, .F. ) ;
#510 = ORIENTED_EDGE ( 'NONE', *, *, #1993, .F. ) ;
#511 = ORIENTED_EDGE ( 'NONE', *, *, #1995, .T. ) ;
#512 = ORIENTED_EDGE ( 'NONE', *, *, #2034, .T. ) ;
#513 = ORIENTED_EDGE ( 'NONE', *, *, #2061, .T. ) ;
#514 = ORIENTED_EDGE ( 'NONE', *, *, #2028, .T. ) ;
#515 = ORIENTED_EDGE ( 'NONE', *, *, #2124, .F. ) ;
#516 = ORIENTED_EDGE ( 'NONE', *, *, #2035, .F. ) ;
#517 = ORIENTED_EDGE ( 'NONE', *, *, #1997, .F. ) ;
#518 = ORIENTED_EDGE ( 'NONE', *, *, #2062, .T. ) ;
#519 = ORIENTED_EDGE ( 'NONE', *, *, #2014, .T. ) ;
#520 = ORIENTED_EDGE ( 'NONE', *, *, #2001, .F. ) ;
#521 = ORIENTED_EDGE ( 'NONE', *, *, #2017, .F. ) ;
#522 = ORIENTED_EDGE ( 'NONE', *, *, #2004, .F. ) ;
#523 = ORIENTED_EDGE ( 'NONE', *, *, #2063, .F. ) ;
#524 = ORIENTED_EDGE ( 'NONE', *, *, #2036, .F. ) ;
#525 = ORIENTED_EDGE ( 'NONE', *, *, #2108, .T. ) ;
#526 = ORIENTED_EDGE ( 'NONE', *, *, #1982, .F. ) ;
#527 = ORIENTED_EDGE ( 'NONE', *, *, #1978, .F. ) ;
#528 = ORIENTED_EDGE ( 'NONE', *, *, #1991, .F. ) ;
#529 = ORIENTED_EDGE ( 'NONE', *, *, #2009, .F. ) ;
#530 = ORIENTED_EDGE ( 'NONE', *, *, #2025, .T. ) ;
#531 = ORIENTED_EDGE ( 'NONE', *, *, #1995, .F. ) ;
#532 = ORIENTED_EDGE ( 'NONE', *, *, #2011, .F. ) ;
#533 = ORIENTED_EDGE ( 'NONE', *, *, #2099, .T. ) ;
#534 = ORIENTED_EDGE ( 'NONE', *, *, #2093, .T. ) ;
#535 = ORIENTED_EDGE ( 'NONE', *, *, #2076, .F. ) ;
#536 = ORIENTED_EDGE ( 'NONE', *, *, #2113, .T. ) ;
#537 = ORIENTED_EDGE ( 'NONE', *, *, #2114, .T. ) ;
#538 = ORIENTED_EDGE ( 'NONE', *, *, #2044, .T. ) ;
#539 = ORIENTED_EDGE ( 'NONE', *, *, #2057, .F. ) ;
#540 = ORIENTED_EDGE ( 'NONE', *, *, #2049, .F. ) ;
#541 = ORIENTED_EDGE ( 'NONE', *, *, #2136, .T. ) ;
#542 = VERTEX_POINT ( 'NONE', #1726 ) ;
#543 = ORIENTED_EDGE ( 'NONE', *, *, #2098, .T. ) ;
#544 = ORIENTED_EDGE ( 'NONE', *, *, #2037, .F. ) ;
#545 = ORIENTED_EDGE ( 'NONE', *, *, #2097, .F. ) ;
#546 = ORIENTED_EDGE ( 'NONE', *, *, #2065, .F. ) ;
#547 = ORIENTED_EDGE ( 'NONE', *, *, #2122, .T. ) ;
#548 = ORIENTED_EDGE ( 'NONE', *, *, #2123, .T. ) ;
#549 = VERTEX_POINT ( 'NONE', #1727 ) ;
#550 = ORIENTED_EDGE ( 'NONE', *, *, #2047, .T. ) ;
#551 = VERTEX_POINT ( 'NONE', #1700 ) ;
#552 = ORIENTED_EDGE ( 'NONE', *, *, #2042, .F. ) ;
#553 = ORIENTED_EDGE ( 'NONE', *, *, #2084, .F. ) ;
#554 = ORIENTED_EDGE ( 'NONE', *, *, #2045, .T. ) ;
#555 = ORIENTED_EDGE ( 'NONE', *, *, #2131, .T. ) ;
#556 = ORIENTED_EDGE ( 'NONE', *, *, #2046, .F. ) ;
#557 = ORIENTED_EDGE ( 'NONE', *, *, #2054, .F. ) ;
#558 = ORIENTED_EDGE ( 'NONE', *, *, #2144, .T. ) ;
#559 = ORIENTED_EDGE ( 'NONE', *, *, #2121, .T. ) ;
#560 = ORIENTED_EDGE ( 'NONE', *, *, #2071, .F. ) ;
#561 = ORIENTED_EDGE ( 'NONE', *, *, #2044, .F. ) ;
#562 = ORIENTED_EDGE ( 'NONE', *, *, #2111, .T. ) ;
#563 = ORIENTED_EDGE ( 'NONE', *, *, #2073, .F. ) ;
#564 = CARTESIAN_POINT ( 'NONE',  ( 0.0000000000000000000, 9.750000000000000000, 0.0000000000000000000 ) ) ;
#565 = CARTESIAN_POINT ( 'NONE',  ( -1.628012693470649600, -3.926144535814320300, 0.2242365780298132800 ) ) ;
#566 = CARTESIAN_POINT ( 'NONE',  ( -1.279026204690891300, -4.053286422992099100, 0.1344336711235283000 ) ) ;
#567 = CARTESIAN_POINT ( 'NONE',  ( -1.750000000000000000, -3.872983346207417500, 0.06845223849768181100 ) ) ;
#568 = CARTESIAN_POINT ( 'NONE',  ( -1.250000000000000400, -4.062019202317980400, 0.0000000000000000000 ) ) ;
#569 = CARTESIAN_POINT ( 'NONE',  ( 1.499999999999999600, -9.750000000000000000, 0.0000000000000000000 ) ) ;
#570 = CARTESIAN_POINT ( 'NONE',  ( -1.565375743339305600, -3.951795803072393600, 0.2494876963256383300 ) ) ;
#571 = DIRECTION ( 'NONE',  ( -0.0000000000000000000, -1.000000000000000000, -0.0000000000000000000 ) ) ;
#572 = CARTESIAN_POINT ( 'NONE',  ( -1.438602812053825000, -3.999689142441758900, 0.2504964745207856600 ) ) ;
#573 = CARTESIAN_POINT ( 'NONE',  ( -1.249999999999999100, -4.062019202317982200, 0.06844542391986430100 ) ) ;
#574 = CARTESIAN_POINT ( 'NONE',  ( -1.720589644916323200, -3.886464655700978100, 0.1341994827554169000 ) ) ;
#575 = CARTESIAN_POINT ( 'NONE',  ( -1.374762985761072800, -4.021823664965854300, 0.2263128816695587400 ) ) ;
#576 = DIRECTION ( 'NONE',  ( 0.0000000000000000000, 0.0000000000000000000, 1.000000000000000000 ) ) ;
#577 = DIRECTION ( 'NONE',  ( -0.0000000000000000000, -0.7071067811865489100, -0.7071067811865462400 ) ) ;
#578 = CARTESIAN_POINT ( 'NONE',  ( 3.750000000000000400, -4.250000000000000000, 3.999999999999998200 ) ) ;
#579 = DIRECTION ( 'NONE',  ( -0.0000000000000000000, 1.000000000000000000, -0.0000000000000000000 ) ) ;
#580 = CARTESIAN_POINT ( 'NONE',  ( 4.250000000000000000, -8.000000000000000000, -3.949999999999993500 ) ) ;
#581 = DIRECTION ( 'NONE',  ( -0.0000000000000000000, 0.7071067811865489100, -0.7071067811865462400 ) ) ;
#582 = CARTESIAN_POINT ( 'NONE',  ( -2.250000000000000400, 10.45710678118655100, 0.0000000000000000000 ) ) ;
#583 = CARTESIAN_POINT ( 'NONE',  ( -4.250000000000000000, 9.250000000000000000, -5.700000000000000200 ) ) ;
#584 = CARTESIAN_POINT ( 'NONE',  ( -1.250000000000000400, 10.45710678118655100, 0.0000000000000000000 ) ) ;
#585 = CARTESIAN_POINT ( 'NONE',  ( 0.0000000000000000000, 0.0000000000000000000, 3.999999999999996400 ) ) ;
#586 = DIRECTION ( 'NONE',  ( -1.000000000000000000, 0.0000000000000000000, 0.0000000000000000000 ) ) ;
#587 = CARTESIAN_POINT ( 'NONE',  ( -4.250000000000000000, 0.0000000000000000000, 3.999999999999998200 ) ) ;
#588 = DIRECTION ( 'NONE',  ( -0.0000000000000000000, 1.000000000000000000, -0.0000000000000000000 ) ) ;
#589 = CARTESIAN_POINT ( 'NONE',  ( 0.0000000000000000000, 6.249999999999986700, -5.700000000000000200 ) ) ;
#590 = DIRECTION ( 'NONE',  ( 0.0000000000000000000, 0.7071067811865489100, 0.7071067811865462400 ) ) ;
#591 = DIRECTION ( 'NONE',  ( -0.0000000000000000000, -0.0000000000000000000, -1.000000000000000000 ) ) ;
#592 = DIRECTION ( 'NONE',  ( -1.000000000000000000, 0.0000000000000000000, 0.0000000000000000000 ) ) ;
#593 = DIRECTION ( 'NONE',  ( 0.0000000000000000000, -1.000000000000000000, 0.0000000000000000000 ) ) ;
#594 = DIRECTION ( 'NONE',  ( 0.0000000000000000000, 0.0000000000000000000, -1.000000000000000000 ) ) ;
#595 = DIRECTION ( 'NONE',  ( 0.0000000000000000000, 0.0000000000000000000, -1.000000000000000000 ) ) ;
#596 = CARTESIAN_POINT ( 'NONE',  ( 4.250000000000000000, 5.204748896376250700E-016, 3.999999999999998200 ) ) ;
#597 = CARTESIAN_POINT ( 'NONE',  ( -0.2500000000000003900, 10.45710678118655100, 0.0000000000000000000 ) ) ;
#598 = DIRECTION ( 'NONE',  ( 0.0000000000000000000, 0.0000000000000000000, -1.000000000000000000 ) ) ;
#599 = DIRECTION ( 'NONE',  ( -0.0000000000000000000, -0.0000000000000000000, 1.000000000000000000 ) ) ;
#600 = DIRECTION ( 'NONE',  ( -0.0000000000000000000, 1.000000000000000000, -0.0000000000000000000 ) ) ;
#601 = DIRECTION ( 'NONE',  ( 0.0000000000000000000, 1.000000000000000000, 0.0000000000000000000 ) ) ;
#602 = CARTESIAN_POINT ( 'NONE',  ( -2.750000000000000400, -3.240370349203930200, 0.0000000000000000000 ) ) ;
#603 = CARTESIAN_POINT ( 'NONE',  ( -3.750000000000000400, 10.45710678118655100, 0.0000000000000000000 ) ) ;
#604 = CARTESIAN_POINT ( 'NONE',  ( -2.750000000000000900, -3.240370349203930600, 0.07446067138777991100 ) ) ;
#605 = CARTESIAN_POINT ( 'NONE',  ( -2.445579053872096100, -3.476638010360713100, 0.2510848419490734900 ) ) ;
#606 = CARTESIAN_POINT ( 'NONE',  ( -2.383923862956560200, -3.518932225787706700, 0.2309586813146790600 ) ) ;
#607 = CARTESIAN_POINT ( 'NONE',  ( -2.250000000000000400, -3.605551275463990000, 0.07447398300652795200 ) ) ;
#608 = CARTESIAN_POINT ( 'NONE',  ( -2.250000000000000400, -3.605551275463989600, 0.0000000000000000000 ) ) ;
#609 = CARTESIAN_POINT ( 'NONE',  ( -2.285379147524941900, -3.583715829431670200, 0.1440606530195607500 ) ) ;
#610 = CARTESIAN_POINT ( 'NONE',  ( -4.250000000000000000, -8.774964387392120800, 3.999999999999998200 ) ) ;
#611 = CARTESIAN_POINT ( 'NONE',  ( -4.250000000000000000, -9.750000000000000000, -2.200000000000000600 ) ) ;
#612 = DIRECTION ( 'NONE',  ( 1.000000000000000000, 0.0000000000000000000, 0.0000000000000000000 ) ) ;
#613 = CARTESIAN_POINT ( 'NONE',  ( -2.715456819384943500, -3.269922620571147600, 0.1417180017969620900 ) ) ;
#614 = CARTESIAN_POINT ( 'NONE',  ( -1.250000000000000400, -4.062019202317980400, 0.0000000000000000000 ) ) ;
#615 = DIRECTION ( 'NONE',  ( -2.312964634635743000E-016, -1.000000000000000000, -0.0000000000000000000 ) ) ;
#616 = DIRECTION ( 'NONE',  ( -0.0000000000000000000, -1.000000000000000000, -0.0000000000000000000 ) ) ;
#617 = CARTESIAN_POINT ( 'NONE',  ( -2.622069946606438300, -3.345272616330448900, 0.2271663733660868300 ) ) ;
#618 = DIRECTION ( 'NONE',  ( -0.0000000000000000000, 1.000000000000000000, -0.0000000000000000000 ) ) ;
#619 = DIRECTION ( 'NONE',  ( 0.0000000000000000000, 0.0000000000000000000, -1.000000000000000000 ) ) ;
#620 = CARTESIAN_POINT ( 'NONE',  ( -1.500000000000000000, 9.750000000000000000, 0.0000000000000000000 ) ) ;
#621 = CARTESIAN_POINT ( 'NONE',  ( -2.563967556624681800, -3.390271247614104100, 0.2488240119713441800 ) ) ;
#622 = CARTESIAN_POINT ( 'NONE',  ( 4.250000000000000000, -3.750000000000000400, 3.999999999999998200 ) ) ;
#623 = CARTESIAN_POINT ( 'NONE',  ( -2.500000000000000000, 9.750000000000000000, 0.0000000000000000000 ) ) ;
#624 = DIRECTION ( 'NONE',  ( 0.0000000000000000000, 0.0000000000000000000, 1.000000000000000000 ) ) ;
#625 = DIRECTION ( 'NONE',  ( -1.000000000000000000, 0.0000000000000000000, 0.0000000000000000000 ) ) ;
#626 = DIRECTION ( 'NONE',  ( 0.0000000000000000000, 0.0000000000000000000, 1.000000000000000000 ) ) ;
#627 = CARTESIAN_POINT ( 'NONE',  ( -1.500000000000000000, 4.250000000000000000, 0.0000000000000000000 ) ) ;
#628 = CARTESIAN_POINT ( 'NONE',  ( 4.250000000000000000, -9.750000000000000000, 0.0000000000000000000 ) ) ;
#629 = CARTESIAN_POINT ( 'NONE',  ( -4.250000000000000000, 9.750000000000000000, -2.200000000000000600 ) ) ;
#630 = DIRECTION ( 'NONE',  ( 0.0000000000000000000, 0.0000000000000000000, 1.000000000000000000 ) ) ;
#631 = DIRECTION ( 'NONE',  ( -1.000000000000000000, 0.0000000000000000000, 0.0000000000000000000 ) ) ;
#632 = DIRECTION ( 'NONE',  ( -0.0000000000000000000, -1.000000000000000000, -0.0000000000000000000 ) ) ;
#633 = DIRECTION ( 'NONE',  ( 0.0000000000000000000, -1.000000000000000000, 0.0000000000000000000 ) ) ;
#634 = CARTESIAN_POINT ( 'NONE',  ( -1.750000000000000400, 10.45710678118655100, 0.0000000000000000000 ) ) ;
#635 = DIRECTION ( 'NONE',  ( -0.0000000000000000000, 1.000000000000000000, -0.0000000000000000000 ) ) ;
#636 = DIRECTION ( 'NONE',  ( 0.0000000000000000000, 0.0000000000000000000, -1.000000000000000000 ) ) ;
#637 = CARTESIAN_POINT ( 'NONE',  ( -1.250000000000000200, -4.062019202317980400, 0.06707040394356420000 ) ) ;
#638 = CARTESIAN_POINT ( 'NONE',  ( 0.5000000000000004400, -9.750000000000000000, 0.0000000000000000000 ) ) ;
#639 = CARTESIAN_POINT ( 'NONE',  ( -0.7776292493438596900, -4.178530776243236200, 0.1320758759923286200 ) ) ;
#640 = CARTESIAN_POINT ( 'NONE',  ( -1.065708314501275800, -4.114748518536604400, 0.2496566675993020800 ) ) ;
#641 = CARTESIAN_POINT ( 'NONE',  ( -1.129709519810356800, -4.097384098873520800, 0.2233315698940251900 ) ) ;
#642 = CARTESIAN_POINT ( 'NONE',  ( -0.9369306957434233600, -4.145967975487758700, 0.2503363679771245000 ) ) ;
#643 = CARTESIAN_POINT ( 'NONE',  ( -0.7500000000000004400, -4.183300132670377800, 0.0000000000000000000 ) ) ;
#644 = CARTESIAN_POINT ( 'NONE',  ( -1.221883434140505400, -4.070847691356767900, 0.1321714465941082600 ) ) ;
#645 = CARTESIAN_POINT ( 'NONE',  ( -0.8722661288510572500, -4.159805103355945600, 0.2248929654920793200 ) ) ;
#646 = CARTESIAN_POINT ( 'NONE',  ( -2.000000000000000000, 9.750000000000000000, 0.0000000000000000000 ) ) ;
#647 = DIRECTION ( 'NONE',  ( -0.0000000000000000000, -1.000000000000000000, -0.0000000000000000000 ) ) ;
#648 = DIRECTION ( 'NONE',  ( 0.0000000000000000000, 0.0000000000000000000, 1.000000000000000000 ) ) ;
#649 = CARTESIAN_POINT ( 'NONE',  ( -0.7499999999999993300, -4.183300132670378700, 0.06705599932887927600 ) ) ;
#650 = CARTESIAN_POINT ( 'NONE',  ( 0.0000000000000000000, -9.750000000000000000, 3.999999999999998200 ) ) ;
#651 = CARTESIAN_POINT ( 'NONE',  ( -2.250000000000000400, -9.486832980505136300, 0.06680562486231436700 ) ) ;
#652 = CARTESIAN_POINT ( 'NONE',  ( -2.250000000000000000, -9.486832980505138100, -1.530808498934194000E-017 ) ) ;
#653 = CARTESIAN_POINT ( 'NONE',  ( -4.250000000000000000, -8.774964387392120800, 0.0000000000000000000 ) ) ;
#654 = CARTESIAN_POINT ( 'NONE',  ( -2.222139011700826400, -9.493516063537365200, 0.1318595984888843700 ) ) ;
#655 = DIRECTION ( 'NONE',  ( 0.0000000000000000000, 0.0000000000000000000, -1.000000000000000000 ) ) ;
#656 = CARTESIAN_POINT ( 'NONE',  ( -4.250000000000000900, -8.774964387392119000, 0.06938627397539630400 ) ) ;
#657 = CARTESIAN_POINT ( 'NONE',  ( -2.065139709925791300, -9.529011086459684400, 0.2498556093899995700 ) ) ;
#658 = DIRECTION ( 'NONE',  ( -1.000000000000000000, 0.0000000000000000000, 0.0000000000000000000 ) ) ;
#659 = DIRECTION ( 'NONE',  ( -0.0000000000000000000, -0.0000000000000000000, -1.000000000000000000 ) ) ;
#660 = CARTESIAN_POINT ( 'NONE',  ( 0.0000000000000000000, 0.0000000000000000000, 0.0000000000000000000 ) ) ;
#661 = CARTESIAN_POINT ( 'NONE',  ( -2.129683125985671200, -9.514683327302943600, 0.2234166087551546500 ) ) ;
#662 = CARTESIAN_POINT ( 'NONE',  ( -4.063700291344084700, -8.863045618505163100, 0.2497643829412768100 ) ) ;
#663 = CARTESIAN_POINT ( 'NONE',  ( -1.935973356989426600, -9.556090281512155100, 0.2501431516905087100 ) ) ;
#664 = CARTESIAN_POINT ( 'NONE',  ( -3.875544368004045100, -8.946807003106528100, 0.2266227464754947400 ) ) ;
#665 = CARTESIAN_POINT ( 'NONE',  ( -3.750000000000000900, -9.000000000000003600, 0.06941681843203270600 ) ) ;
#666 = CARTESIAN_POINT ( 'NONE',  ( -1.871454163988447000, -9.568827082901700400, 0.2243688167069667900 ) ) ;
#667 = CARTESIAN_POINT ( 'NONE',  ( -4.126045283246772200, -8.834078048661547600, 0.2254215143739043100 ) ) ;
#668 = CARTESIAN_POINT ( 'NONE',  ( -3.750000000000000000, -9.000000000000001800, -1.530808498934194000E-017 ) ) ;
#669 = CARTESIAN_POINT ( 'NONE',  ( -4.250000000000000000, -9.750000000000000000, 0.0000000000000000000 ) ) ;
#670 = DIRECTION ( 'NONE',  ( -0.0000000000000000000, -1.000000000000000000, -0.0000000000000000000 ) ) ;
#671 = CARTESIAN_POINT ( 'NONE',  ( -1.777386881229467800, -9.586745449046622600, 0.1315629021329730900 ) ) ;
#672 = CARTESIAN_POINT ( 'NONE',  ( -1.749999999999999600, -9.591663046625440000, -1.530808498934194000E-017 ) ) ;
#673 = CARTESIAN_POINT ( 'NONE',  ( -4.219701980677739600, -8.789726949314815100, 0.1357693347470701800 ) ) ;
#674 = CARTESIAN_POINT ( 'NONE',  ( -1.749999999999999600, -9.591663046625441800, 0.06680079111128051100 ) ) ;
#675 = CARTESIAN_POINT ( 'NONE',  ( -3.938162736759848800, -8.919535411240305600, 0.2502321461729613600 ) ) ;
#676 = CARTESIAN_POINT ( 'NONE',  ( 3.000000000000000000, -9.750000000000000000, 0.0000000000000000000 ) ) ;
#677 = DIRECTION ( 'NONE',  ( 0.0000000000000000000, -1.000000000000000000, 0.0000000000000000000 ) ) ;
#678 = CARTESIAN_POINT ( 'NONE',  ( -3.779970273927181900, -8.987603931384089900, 0.1357718424413887900 ) ) ;
#679 = DIRECTION ( 'NONE',  ( 0.0000000000000000000, -1.000000000000000000, 0.0000000000000000000 ) ) ;
#680 = DIRECTION ( 'NONE',  ( 0.0000000000000000000, 0.0000000000000000000, 1.000000000000000000 ) ) ;
#681 = CARTESIAN_POINT ( 'NONE',  ( 2.500000000000000400, -9.750000000000000000, 0.0000000000000000000 ) ) ;
#682 = DIRECTION ( 'NONE',  ( 0.0000000000000000000, 0.0000000000000000000, -1.000000000000000000 ) ) ;
#683 = CARTESIAN_POINT ( 'NONE',  ( -3.750000000000000400, 9.750000000000000000, -5.700000000000000200 ) ) ;
#684 = DIRECTION ( 'NONE',  ( 0.0000000000000000000, 0.0000000000000000000, -1.000000000000000000 ) ) ;
#685 = CARTESIAN_POINT ( 'NONE',  ( -4.205053455847168400, -0.7152265772373946900, 0.1758083583602966000 ) ) ;
#686 = CARTESIAN_POINT ( 'NONE',  ( -4.068570302196070200, -1.241819874989082800, 0.2457885032152472800 ) ) ;
#687 = CARTESIAN_POINT ( 'NONE',  ( -4.250000000000000000, -7.414941243326698100, -3.411512952054583300 ) ) ;
#688 = CARTESIAN_POINT ( 'NONE',  ( 2.000000000000000000, -9.750000000000000000, 0.0000000000000000000 ) ) ;
#689 = CARTESIAN_POINT ( 'NONE',  ( -4.250000000000000000, -8.774964387392120800, -2.200000000000000600 ) ) ;
#690 = CARTESIAN_POINT ( 'NONE',  ( 1.000000000000000000, -9.750000000000000000, 0.0000000000000000000 ) ) ;
#691 = DIRECTION ( 'NONE',  ( 0.0000000000000000000, 0.0000000000000000000, -1.000000000000000000 ) ) ;
#692 = CARTESIAN_POINT ( 'NONE',  ( -4.250000000000000000, -5.318082697984305400, -5.160717357512298900 ) ) ;
#693 = DIRECTION ( 'NONE',  ( 0.0000000000000000000, 0.0000000000000000000, -1.000000000000000000 ) ) ;
#694 = CARTESIAN_POINT ( 'NONE',  ( -4.250000000000000000, 0.0000000000000000000, 0.0000000000000000000 ) ) ;
#695 = CARTESIAN_POINT ( 'NONE',  ( -1.749999999999999600, -9.591663046625440000, -1.530808498934194000E-017 ) ) ;
#696 = DIRECTION ( 'NONE',  ( 0.0000000000000000000, -1.000000000000000000, 0.0000000000000000000 ) ) ;
#697 = CARTESIAN_POINT ( 'NONE',  ( -4.250000000000000000, -4.582575694955821200, -5.700000000000000200 ) ) ;
#698 = CARTESIAN_POINT ( 'NONE',  ( -4.250000000000000000, -6.024526751642873100, -4.586622377793937700 ) ) ;
#699 = DIRECTION ( 'NONE',  ( 0.0000000000000000000, -1.000000000000000000, 0.0000000000000000000 ) ) ;
#700 = CARTESIAN_POINT ( 'NONE',  ( -4.250000000000000000, -8.097932789798688800, -2.809325964925285700 ) ) ;
#701 = CARTESIAN_POINT ( 'NONE',  ( -4.250000000000000000, -0.3563200252976224100, 0.08641876866861728000 ) ) ;
#702 = CARTESIAN_POINT ( 'NONE',  ( -2.125352923142542300, -3.680804112524823400, 0.2256461434174031600 ) ) ;
#703 = CARTESIAN_POINT ( 'NONE',  ( 4.250000000000000000, -9.750000000000000000, 0.0000000000000000000 ) ) ;
#704 = DIRECTION ( 'NONE',  ( 0.0000000000000000000, 1.000000000000000000, 0.0000000000000000000 ) ) ;
#705 = CARTESIAN_POINT ( 'NONE',  ( -2.250000000000000900, -3.605551275463989600, 0.07071316229890369000 ) ) ;
#706 = CARTESIAN_POINT ( 'NONE',  ( 4.250000000000000000, 4.582575694955821200, -5.700000000000000200 ) ) ;
#707 = DIRECTION ( 'NONE',  ( 0.0000000000000000000, 0.0000000000000000000, 1.000000000000000000 ) ) ;
#708 = CARTESIAN_POINT ( 'NONE',  ( -1.722471744221447900, -9.596759176194243700, 0.1313220020636927100 ) ) ;
#709 = CARTESIAN_POINT ( 'NONE',  ( -1.250000000000000400, -9.669539802906857800, 0.06624342206634362100 ) ) ;
#710 = CARTESIAN_POINT ( 'NONE',  ( -2.064874487828338300, -3.715338093250993600, 0.2492742435195707800 ) ) ;
#711 = CARTESIAN_POINT ( 'NONE',  ( -3.750000000000000000, -2.000000000000000900, 0.04721872206443136100 ) ) ;
#712 = CARTESIAN_POINT ( 'NONE',  ( -1.222707309297482500, -9.673140405596020800, 0.1309444449136976100 ) ) ;
#713 = CARTESIAN_POINT ( 'NONE',  ( -3.796260046040398400, -1.911063146547819800, 0.1488188973329682400 ) ) ;
#714 = CARTESIAN_POINT ( 'NONE',  ( -3.250000000000000400, 10.45710678118655100, 0.0000000000000000000 ) ) ;
#715 = DIRECTION ( 'NONE',  ( 0.0000000000000000000, -1.000000000000000000, 0.0000000000000000000 ) ) ;
#716 = CARTESIAN_POINT ( 'NONE',  ( -1.370876849623472700, -9.653260509307557400, 0.2240344845617311400 ) ) ;
#717 = CARTESIAN_POINT ( 'NONE',  ( -1.277058725493519700, -9.666119325201364600, 0.1310016273083121100 ) ) ;
#718 = CARTESIAN_POINT ( 'NONE',  ( 4.249999999999998200, 5.318082697984308100, -5.160717357512299800 ) ) ;
#719 = CARTESIAN_POINT ( 'NONE',  ( -1.249999999999999600, -9.669539802906857800, 0.06646969130166088800 ) ) ;
#720 = DIRECTION ( 'NONE',  ( -0.0000000000000000000, 1.000000000000000000, -0.0000000000000000000 ) ) ;
#721 = CARTESIAN_POINT ( 'NONE',  ( -4.010885599055871600, -1.417361035413484900, 0.2594883406579861500 ) ) ;
#722 = CARTESIAN_POINT ( 'NONE',  ( -3.750000000000000400, -2.000000000000001800, 0.0000000000000000000 ) ) ;
#723 = CARTESIAN_POINT ( 'NONE',  ( -1.630152856145842700, -9.612871436834527800, 0.2231577451939079600 ) ) ;
#724 = CARTESIAN_POINT ( 'NONE',  ( -1.249999999999999600, -9.669539802906857800, -1.530808498934194000E-017 ) ) ;
#725 = CARTESIAN_POINT ( 'NONE',  ( -2.218628042070369700, -3.625345993643808400, 0.1372272443795497500 ) ) ;
#726 = CARTESIAN_POINT ( 'NONE',  ( -1.940844742956252500, -3.781608848279439900, 0.2506930458096746600 ) ) ;
#727 = CARTESIAN_POINT ( 'NONE',  ( -1.878510061603397000, -3.812688986004246300, 0.2283279768880661600 ) ) ;
#728 = CARTESIAN_POINT ( 'NONE',  ( -1.781346076322664700, -3.859041786753952200, 0.1381446047513754100 ) ) ;
#729 = CARTESIAN_POINT ( 'NONE',  ( -1.750000000000000400, -3.872983346207417000, 0.0000000000000000000 ) ) ;
#730 = CARTESIAN_POINT ( 'NONE',  ( -1.435611523646549400, -9.643952912967794300, 0.2501206501420912800 ) ) ;
#731 = CARTESIAN_POINT ( 'NONE',  ( -3.500000000000000000, 9.750000000000000000, 0.0000000000000000000 ) ) ;
#732 = CARTESIAN_POINT ( 'NONE',  ( -3.870961343191175800, -1.756589856040219100, 0.2198599446126391100 ) ) ;
#733 = CARTESIAN_POINT ( 'NONE',  ( -1.249999999999999600, -9.669539802906857800, -1.530808498934194000E-017 ) ) ;
#734 = CARTESIAN_POINT ( 'NONE',  ( -1.749999999999999600, -3.872983346207418800, 0.07075443654675042700 ) ) ;
#735 = CARTESIAN_POINT ( 'NONE',  ( -3.815078925347553400, -1.873375350557095800, 0.1700780370841830400 ) ) ;
#736 = CARTESIAN_POINT ( 'NONE',  ( -3.908162249246822700, -1.672474732818873600, 0.2351680278814646300 ) ) ;
#737 = CARTESIAN_POINT ( 'NONE',  ( -3.763905668213140200, -1.974023000891552900, 0.08897471293000894200 ) ) ;
#738 = CARTESIAN_POINT ( 'NONE',  ( -1.750000000000000200, -9.591663046625443600, 0.06647423840263663700 ) ) ;
#739 = CARTESIAN_POINT ( 'NONE',  ( -1.565321983561476700, -9.623750584992622600, 0.2498784784214427800 ) ) ;
#740 = CARTESIAN_POINT ( 'NONE',  ( 3.750000000000000000, 10.45710678118655100, 0.0000000000000000000 ) ) ;
#741 = CARTESIAN_POINT ( 'NONE',  ( -2.250000000000000400, -3.605551275463989600, 0.0000000000000000000 ) ) ;
#742 = DIRECTION ( 'NONE',  ( -0.0000000000000000000, -1.000000000000000000, -0.0000000000000000000 ) ) ;
#743 = APPLICATION_PROTOCOL_DEFINITION ( 'international standard', 'config_control_design', 1994, #759 ) ;
#744 = APPROVAL_ROLE ( '' ) ;
#745 = DIRECTION ( 'NONE',  ( 0.0000000000000000000, 0.0000000000000000000, 1.000000000000000000 ) ) ;
#746 = CARTESIAN_POINT ( 'NONE',  ( 4.250000000000000000, 8.097932789798692400, -2.809325964925286200 ) ) ;
#747 = DIRECTION ( 'NONE',  ( 1.000000000000000000, 0.0000000000000000000, 0.0000000000000000000 ) ) ;
#748 = CARTESIAN_POINT ( 'NONE',  ( -1.065425360404906700, -9.691833960692633800, 0.2499024404712153200 ) ) ;
#749 = CARTESIAN_POINT ( 'NONE',  ( -0.7499999999999995600, -9.721111047611790600, -1.530808498934194000E-017 ) ) ;
#750 =( NAMED_UNIT ( * ) PLANE_ANGLE_UNIT ( ) SI_UNIT ( $, .RADIAN. ) );
#751 = CARTESIAN_POINT ( 'NONE',  ( 4.250000000000000000, 8.774964387392120800, -2.200000000000000600 ) ) ;
#752 =( NAMED_UNIT ( * ) SI_UNIT ( $, .STERADIAN. ) SOLID_ANGLE_UNIT ( ) );
#753 = APPLICATION_CONTEXT ( 'configuration controlled 3d designs of mechanical parts and assemblies' ) ;
#754 = CARTESIAN_POINT ( 'NONE',  ( 0.0000000000000000000, 0.0000000000000000000, 0.0000000000000000000 ) ) ;
#755 = DIRECTION ( 'NONE',  ( 0.0000000000000000000, 0.0000000000000000000, 1.000000000000000000 ) ) ;
#756 = CARTESIAN_POINT ( 'NONE',  ( -0.7768314159381634100, -9.719117245190259900, 0.1306053002800186300 ) ) ;
#757 = APPLICATION_PROTOCOL_DEFINITION ( 'international standard', 'config_control_design', 1994, #753 ) ;
#758 = CARTESIAN_POINT ( 'NONE',  ( 3.750000000000000000, -9.750000000000000000, -5.700000000000000200 ) ) ;
#759 = APPLICATION_CONTEXT ( 'configuration controlled 3d designs of mechanical parts and assemblies' ) ;
#760 = CARTESIAN_POINT ( 'NONE',  ( 4.250000000000000000, 7.414941243326699900, -3.411512952054580600 ) ) ;
#761 = CARTESIAN_POINT ( 'NONE',  ( -0.7499999999999994400, -9.721111047611790600, 0.06624011935965136400 ) ) ;
#762 =( LENGTH_UNIT ( ) NAMED_UNIT ( * ) SI_UNIT ( .MILLI., .METRE. ) );
#763 = CARTESIAN_POINT ( 'NONE',  ( 4.250000000000000900, 6.024526751642874000, -4.586622377793935900 ) ) ;
#764 = PERSON_AND_ORGANIZATION_ROLE ( 'design_owner' ) ;
#765 = APPROVAL_STATUS ( 'not_yet_approved' ) ;
#766 = CARTESIAN_POINT ( 'NONE',  ( -0.9353223539187461900, -9.705253670795464400, 0.2500970004517632500 ) ) ;
#767 = CARTESIAN_POINT ( 'NONE',  ( -1.130467673170705100, -9.684353427591320300, 0.2229869492273103000 ) ) ;
#768 = CARTESIAN_POINT ( 'NONE',  ( -0.8704545830160160800, -9.711179943418288800, 0.2237854917367178600 ) ) ;
#769 = MECHANICAL_CONTEXT ( 'NONE', #753, 'mechanical' ) ;
#770 = APPROVAL_ROLE ( '' ) ;
#771 = SECURITY_CLASSIFICATION_LEVEL ( 'unclassified' ) ;
#772 = PERSON_AND_ORGANIZATION_ROLE ( 'classification_officer' ) ;
#773 = DATE_TIME_ROLE ( 'classification_date' ) ;
#774 = APPROVAL_STATUS ( 'not_yet_approved' ) ;
#775 = PERSON_AND_ORGANIZATION_ROLE ( 'design_supplier' ) ;
#776 = DATE_TIME_ROLE ( 'creation_date' ) ;
#777 = APPROVAL_ROLE ( '' ) ;
#778 = PERSON_AND_ORGANIZATION_ROLE ( 'creator' ) ;
#779 = APPROVAL_STATUS ( 'not_yet_approved' ) ;
#780 = PERSON_AND_ORGANIZATION_ROLE ( 'creator' ) ;
#781 = DIRECTION ( 'NONE',  ( 1.000000000000000000, 0.0000000000000000000, 0.0000000000000000000 ) ) ;
#782 = CARTESIAN_POINT ( 'NONE',  ( -0.2499999999999995800, -9.746794344808964900, 0.06610535990826191300 ) ) ;
#783 = DIRECTION ( 'NONE',  ( 0.0000000000000000000, 1.000000000000000000, 0.0000000000000000000 ) ) ;
#784 = CARTESIAN_POINT ( 'NONE',  ( 4.250000000000000000, -3.750000000000000400, 3.999999999999998200 ) ) ;
#785 = CARTESIAN_POINT ( 'NONE',  ( -0.4351048013540846400, -9.740505235630916300, 0.2500716706950488800 ) ) ;
#786 = CARTESIAN_POINT ( 'NONE',  ( -0.2766981109610648400, -9.746185166605918900, 0.1303652551487218500 ) ) ;
#787 = CARTESIAN_POINT ( 'NONE',  ( 0.0000000000000000000, 0.0000000000000000000, 34.19999999999998900 ) ) ;
#788 = DIRECTION ( 'NONE',  ( 0.0000000000000000000, 0.0000000000000000000, 1.000000000000000000 ) ) ;
#789 = DIRECTION ( 'NONE',  ( 0.0000000000000000000, 0.0000000000000000000, -1.000000000000000000 ) ) ;
#790 = CARTESIAN_POINT ( 'NONE',  ( -0.7500000000000003300, -9.721111047611788800, 0.06610704659227489800 ) ) ;
#791 = CARTESIAN_POINT ( 'NONE',  ( -0.2499999999999996400, -9.746794344808963100, -1.530808498934194000E-017 ) ) ;
#792 = CARTESIAN_POINT ( 'NONE',  ( -0.7499999999999995600, -9.721111047611790600, -1.530808498934194000E-017 ) ) ;
#793 = DIRECTION ( 'NONE',  ( 0.0000000000000000000, 0.0000000000000000000, -1.000000000000000000 ) ) ;
#794 = CARTESIAN_POINT ( 'NONE',  ( 0.0000000000000000000, 0.0000000000000000000, 34.99999999999999300 ) ) ;
#795 = CARTESIAN_POINT ( 'NONE',  ( -0.7228486750952617400, -9.723277535753601000, 0.1307235209140249800 ) ) ;
#796 = CARTESIAN_POINT ( 'NONE',  ( -0.5654462319589701500, -9.733808555353762800, 0.2499280256671477200 ) ) ;
#797 = CARTESIAN_POINT ( 'NONE',  ( -0.3701805050240270500, -9.743082342876862300, 0.2236196147982811000 ) ) ;
#798 = DIRECTION ( 'NONE',  ( -0.0000000000000000000, -1.000000000000000000, -0.0000000000000000000 ) ) ;
#799 = DIRECTION ( 'NONE',  ( 1.000000000000000000, 0.0000000000000000000, 0.0000000000000000000 ) ) ;
#800 = CARTESIAN_POINT ( 'NONE',  ( 0.0000000000000000000, -4.250000000000000000, 0.0000000000000000000 ) ) ;
#801 = CARTESIAN_POINT ( 'NONE',  ( -0.6306325658845004500, -9.729693664819226500, 0.2229020045721990500 ) ) ;
#802 = DIRECTION ( 'NONE',  ( 0.0000000000000000000, 0.0000000000000000000, 1.000000000000000000 ) ) ;
#803 = CARTESIAN_POINT ( 'NONE',  ( -2.892899850028027400, -3.114205615574007000, 0.2351549351508792100 ) ) ;
#804 = CARTESIAN_POINT ( 'NONE',  ( -2.750000000000000000, -3.240370349203932400, 0.04048604775015375600 ) ) ;
#805 = CARTESIAN_POINT ( 'NONE',  ( 0.2500000000000003900, 10.45710678118655100, 0.0000000000000000000 ) ) ;
#806 = CARTESIAN_POINT ( 'NONE',  ( 0.7499999999999993300, 9.721111047611790600, 0.06624011935965140600 ) ) ;
#807 = CARTESIAN_POINT ( 'NONE',  ( -4.000000000000000000, 0.0000000000000000000, 34.99999999999999300 ) ) ;
#808 = DIRECTION ( 'NONE',  ( -0.0000000000000000000, -0.0000000000000000000, -1.000000000000000000 ) ) ;
#809 = DIRECTION ( 'NONE',  ( 0.0000000000000000000, -1.000000000000000000, 0.0000000000000000000 ) ) ;
#810 = DIRECTION ( 'NONE',  ( -0.0000000000000000000, 1.000000000000000000, -0.0000000000000000000 ) ) ;
#811 = DIRECTION ( 'NONE',  ( 0.0000000000000000000, -1.000000000000000000, 0.0000000000000000000 ) ) ;
#812 = CARTESIAN_POINT ( 'NONE',  ( 1.250000000000000400, 9.669539802906857800, 0.06624342206634353800 ) ) ;
#813 = CARTESIAN_POINT ( 'NONE',  ( 0.8704545830160160800, 9.711179943418288800, 0.2237854917367179400 ) ) ;
#814 = CARTESIAN_POINT ( 'NONE',  ( 0.7500000000000008900, 9.721111047611788800, 0.06610704659227480100 ) ) ;
#815 = CARTESIAN_POINT ( 'NONE',  ( -3.187473473582866000, -2.811352457140708200, 0.1681910788248189600 ) ) ;
#816 = CARTESIAN_POINT ( 'NONE',  ( -3.250000000000000400, -2.738612787525830600, 0.0000000000000000000 ) ) ;
#817 = DIRECTION ( 'NONE',  ( 1.000000000000000000, 0.0000000000000000000, 0.0000000000000000000 ) ) ;
#818 = DIRECTION ( 'NONE',  ( -0.0000000000000000000, -1.000000000000000000, -0.0000000000000000000 ) ) ;
#819 = CARTESIAN_POINT ( 'NONE',  ( -3.239903750234587800, -2.750656880110182700, 0.07886285760548598900 ) ) ;
#820 = CARTESIAN_POINT ( 'NONE',  ( -2.951704186060378100, -3.058801561975880800, 0.2516491744184705100 ) ) ;
#821 = CARTESIAN_POINT ( 'NONE',  ( 4.250000000000000000, -9.250000000000000000, -5.700000000000000200 ) ) ;
#822 = CARTESIAN_POINT ( 'NONE',  ( 0.0000000000000000000, 0.0000000000000000000, -5.700000000000000200 ) ) ;
#823 = CARTESIAN_POINT ( 'NONE',  ( -2.760146866177318500, -3.231807843342084500, 0.07971574225309678600 ) ) ;
#824 = CARTESIAN_POINT ( 'NONE',  ( 3.750000000000000400, -3.750000000000000400, 3.999999999999998200 ) ) ;
#825 = CARTESIAN_POINT ( 'NONE',  ( -3.118396873419797500, -2.888400954179752800, 0.2285177225888756200 ) ) ;
#826 = CARTESIAN_POINT ( 'NONE',  ( 3.250000000000000400, 10.45710678118655100, 0.0000000000000000000 ) ) ;
#827 = DIRECTION ( 'NONE',  ( -0.0000000000000000000, -0.0000000000000000000, -1.000000000000000000 ) ) ;
#828 = CARTESIAN_POINT ( 'NONE',  ( 0.0000000000000000000, 0.0000000000000000000, 0.0000000000000000000 ) ) ;
#829 = CARTESIAN_POINT ( 'NONE',  ( -0.7500000000000004400, 10.45710678118655100, 0.0000000000000000000 ) ) ;
#830 = CARTESIAN_POINT ( 'NONE',  ( -2.793752073691719900, -3.202802212110371200, 0.1461024238712640100 ) ) ;
#831 = CARTESIAN_POINT ( 'NONE',  ( -2.750000000000000400, -3.240370349203930200, 0.0000000000000000000 ) ) ;
#832 = DIRECTION ( 'NONE',  ( -0.0000000000000000000, 1.000000000000000000, -0.0000000000000000000 ) ) ;
#833 = CARTESIAN_POINT ( 'NONE',  ( -2.750000000000000400, 10.45710678118655100, 0.0000000000000000000 ) ) ;
#834 = CARTESIAN_POINT ( 'NONE',  ( 0.7500000000000008900, 9.721111047611790600, -1.530808498934194000E-017 ) ) ;
#835 = CARTESIAN_POINT ( 'NONE',  ( 1.222707309297482500, 9.673140405596020800, 0.1309444449136976100 ) ) ;
#836 = DIRECTION ( 'NONE',  ( 0.0000000000000000000, 0.0000000000000000000, -1.000000000000000000 ) ) ;
#837 = CARTESIAN_POINT ( 'NONE',  ( -3.208262873211703800, -2.787496891344098900, 0.1428276420302742900 ) ) ;
#838 = CARTESIAN_POINT ( 'NONE',  ( -2.816883405319441800, -3.182582193821209800, 0.1733071959420755800 ) ) ;
#839 = DIRECTION ( 'NONE',  ( -1.000000000000000000, 0.0000000000000000000, 0.0000000000000000000 ) ) ;
#840 = CARTESIAN_POINT ( 'NONE',  ( -3.250000000000000900, -2.738612787525831000, 0.04047470046694086300 ) ) ;
#841 = CARTESIAN_POINT ( 'NONE',  ( 1.130467673170705100, 9.684353427591320300, 0.2229869492273103800 ) ) ;
#842 = CARTESIAN_POINT ( 'NONE',  ( 0.0000000000000000000, -6.249999999999986700, -5.700000000000000200 ) ) ;
#843 = CARTESIAN_POINT ( 'NONE',  ( 1.065425360404906700, 9.691833960692633800, 0.2499024404712153200 ) ) ;
#844 = CARTESIAN_POINT ( 'NONE',  ( 0.7768314159381634100, 9.719117245190259900, 0.1306053002800185700 ) ) ;
#845 = DIRECTION ( 'NONE',  ( 0.0000000000000000000, 0.0000000000000000000, -1.000000000000000000 ) ) ;
#846 = CARTESIAN_POINT ( 'NONE',  ( 1.250000000000000400, 9.669539802906857800, -1.530808498934194000E-017 ) ) ;
#847 = DIRECTION ( 'NONE',  ( -1.000000000000000000, 0.0000000000000000000, 0.0000000000000000000 ) ) ;
#848 = DIRECTION ( 'NONE',  ( -0.0000000000000000000, -0.0000000000000000000, -1.000000000000000000 ) ) ;
#849 = CARTESIAN_POINT ( 'NONE',  ( -3.064072273735849900, -2.946232458390829500, 0.2481018669174151500 ) ) ;
#850 = DIRECTION ( 'NONE',  ( -1.000000000000000000, 0.0000000000000000000, 0.0000000000000000000 ) ) ;
#851 = CARTESIAN_POINT ( 'NONE',  ( 0.9353223539187458500, 9.705253670795464400, 0.2500970004517632500 ) ) ;
#852 = CARTESIAN_POINT ( 'NONE',  ( -3.000000000000000000, 9.750000000000000000, 0.0000000000000000000 ) ) ;
#853 = CARTESIAN_POINT ( 'NONE',  ( 0.7500000000000008900, 9.721111047611790600, -1.530808498934194000E-017 ) ) ;
#854 = CARTESIAN_POINT ( 'NONE',  ( -1.750000000000000400, -3.872983346207417000, 0.0000000000000000000 ) ) ;
#855 = CARTESIAN_POINT ( 'NONE',  ( 0.3701805050240276100, 9.743082342876862300, 0.2236196147982811600 ) ) ;
#856 = CARTESIAN_POINT ( 'NONE',  ( 0.2766981109610653400, 9.746185166605918900, 0.1303652551487219100 ) ) ;
#857 = CARTESIAN_POINT ( 'NONE',  ( 0.2500000000000000000, 9.746794344808964900, 0.06610535990826205100 ) ) ;
#858 = CARTESIAN_POINT ( 'NONE',  ( -4.250000000000000000, -1.750000000000039700, -13.69999999999999200 ) ) ;
#859 = CARTESIAN_POINT ( 'NONE',  ( -4.250000000000000000, -9.750000000000000000, -5.700000000000000200 ) ) ;
#860 = CARTESIAN_POINT ( 'NONE',  ( 0.7228486750952624100, 9.723277535753601000, 0.1307235209140248700 ) ) ;
#861 = CARTESIAN_POINT ( 'NONE',  ( 0.2500000000000003900, 9.746794344808963100, 0.0000000000000000000 ) ) ;
#862 = DIRECTION ( 'NONE',  ( -0.0000000000000000000, -1.000000000000000000, -0.0000000000000000000 ) ) ;
#863 = CARTESIAN_POINT ( 'NONE',  ( 0.4351048013540852500, 9.740505235630916300, 0.2500716706950489300 ) ) ;
#864 = CARTESIAN_POINT ( 'NONE',  ( 0.6306325658845010100, 9.729693664819226500, 0.2229020045721990300 ) ) ;
#865 = CARTESIAN_POINT ( 'NONE',  ( 0.5654462319589707000, 9.733808555353762800, 0.2499280256671476700 ) ) ;
#866 = VECTOR ( 'NONE', #619, 1000.000000000000000 ) ;
#867 = LINE ( 'NONE', #622, #866 ) ;
#868 = ADVANCED_FACE ( 'NONE', ( #1215 ), #1719, .T. ) ;
#869 = ADVANCED_FACE ( 'NONE', ( #1219 ), #1734, .T. ) ;
#870 = ADVANCED_FACE ( 'NONE', ( #1202 ), #1220, .T. ) ;
#871 = ADVANCED_FACE ( 'NONE', ( #1192 ), #1203, .T. ) ;
#872 = ADVANCED_FACE ( 'NONE', ( #1206 ), #1225, .T. ) ;
#873 = ADVANCED_FACE ( 'NONE', ( #1196 ), #1773, .T. ) ;
#874 = ADVANCED_FACE ( 'NONE', ( #304 ), #312, .T. ) ;
#875 = ADVANCED_FACE ( 'NONE', ( #299 ), #313, .T. ) ;
#876 = ADVANCED_FACE ( 'NONE', ( #292 ), #296, .T. ) ;
#877 = ADVANCED_FACE ( 'NONE', ( #294 ), #1770, .T. ) ;
#878 = ADVANCED_FACE ( 'NONE', ( #306, #307 ), #1782, .F. ) ;
#879 = ADVANCED_FACE ( 'NONE', ( #314 ), #297, .T. ) ;
#880 = ADVANCED_FACE ( 'NONE', ( #318 ), #290, .T. ) ;
#881 = ADVANCED_FACE ( 'NONE', ( #317 ), #293, .T. ) ;
#882 = ADVANCED_FACE ( 'NONE', ( #300 ), #308, .T. ) ;
#883 = ADVANCED_FACE ( 'NONE', ( #302 ), #303, .T. ) ;
#884 = ADVANCED_FACE ( 'NONE', ( #305 ), #311, .T. ) ;
#885 = ADVANCED_FACE ( 'NONE', ( #315 ), #1811, .T. ) ;
#886 = ADVANCED_FACE ( 'NONE', ( #295 ), #1787, .F. ) ;
#887 = ADVANCED_FACE ( 'NONE', ( #298 ), #319, .T. ) ;
#888 = ADVANCED_FACE ( 'NONE', ( #301 ), #321, .T. ) ;
#889 = ADVANCED_FACE ( 'NONE', ( #310 ), #322, .T. ) ;
#890 = ADVANCED_FACE ( 'NONE', ( #291 ), #336, .T. ) ;
#891 = ADVANCED_FACE ( 'NONE', ( #316 ), #346, .T. ) ;
#892 = ADVANCED_FACE ( 'NONE', ( #309 ), #329, .T. ) ;
#893 = ADVANCED_FACE ( 'NONE', ( #320 ), #351, .T. ) ;
#894 = ADVANCED_FACE ( 'NONE', ( #323 ), #343, .T. ) ;
#895 = ADVANCED_FACE ( 'NONE', ( #325 ), #333, .T. ) ;
#896 = ADVANCED_FACE ( 'NONE', ( #347 ), #331, .T. ) ;
#897 = ADVANCED_FACE ( 'NONE', ( #352 ), #332, .T. ) ;
#898 = ADVANCED_FACE ( 'NONE', ( #334 ), #339, .T. ) ;
#899 = ADVANCED_FACE ( 'NONE', ( #353 ), #1848, .T. ) ;
#900 = ADVANCED_FACE ( 'NONE', ( #326 ), #1843, .T. ) ;
#901 = ADVANCED_FACE ( 'NONE', ( #335 ), #340, .T. ) ;
#902 = ADVANCED_FACE ( 'NONE', ( #348 ), #338, .T. ) ;
#903 = ADVANCED_FACE ( 'NONE', ( #327 ), #1853, .F. ) ;
#904 = ADVANCED_FACE ( 'NONE', ( #349 ), #328, .T. ) ;
#905 = ADVANCED_FACE ( 'NONE', ( #341 ), #345, .T. ) ;
#906 = ADVANCED_FACE ( 'NONE', ( #324 ), #330, .T. ) ;
#907 = ADVANCED_FACE ( 'NONE', ( #350 ), #263, .T. ) ;
#908 = ADVANCED_FACE ( 'NONE', ( #342 ), #289, .T. ) ;
#909 = ADVANCED_FACE ( 'NONE', ( #337 ), #247, .T. ) ;
#910 = ADVANCED_FACE ( 'NONE', ( #344 ), #278, .T. ) ;
#911 = ADVANCED_FACE ( 'NONE', ( #265 ), #1892, .F. ) ;
#912 = ADVANCED_FACE ( 'NONE', ( #264 ), #275, .T. ) ;
#913 = ADVANCED_FACE ( 'NONE', ( #250 ), #239, .T. ) ;
#914 = ADVANCED_FACE ( 'NONE', ( #276 ), #272, .T. ) ;
#915 = ADVANCED_FACE ( 'NONE', ( #267 ), #287, .T. ) ;
#916 = ADVANCED_FACE ( 'NONE', ( #279 ), #249, .T. ) ;
#917 = ADVANCED_FACE ( 'NONE', ( #286 ), #237, .T. ) ;
#918 = ADVANCED_FACE ( 'NONE', ( #284 ), #238, .T. ) ;
#919 = VECTOR ( 'NONE', #1455, 1000.000000000000000 ) ;
#920 = LINE ( 'NONE', #1472, #919 ) ;
#921 = CIRCLE ( 'NONE', #208, 0.2500000000000002200 ) ;
#922 = CIRCLE ( 'NONE', #205, 0.5000000000000004400 ) ;
#923 = LINE ( 'NONE', #821, #927 ) ;
#924 = CIRCLE ( 'NONE', #199, 4.250000000000000000 ) ;
#925 = LINE ( 'NONE', #1479, #945 ) ;
#926 = CIRCLE ( 'NONE', #198, 6.249999999999986700 ) ;
#927 = VECTOR ( 'NONE', #827, 1000.000000000000000 ) ;
#928 = CIRCLE ( 'NONE', #202, 0.2500000000000003900 ) ;
#929 = CIRCLE ( 'NONE', #204, 3.199999999999987700 ) ;
#930 = LINE ( 'NONE', #1523, #938 ) ;
#931 = CIRCLE ( 'NONE', #200, 0.2500000000000003900 ) ;
#932 = LINE ( 'NONE', #1509, #947 ) ;
#933 = LINE ( 'NONE', #1507, #934 ) ;
#934 = VECTOR ( 'NONE', #1535, 1000.000000000000000 ) ;
#935 = LINE ( 'NONE', #1522, #936 ) ;
#936 = VECTOR ( 'NONE', #1490, 1000.000000000000000 ) ;
#937 = CIRCLE ( 'NONE', #203, 0.2500000000000003900 ) ;
#938 = VECTOR ( 'NONE', #1516, 1000.000000000000000 ) ;
#939 = VECTOR ( 'NONE', #600, 1000.000000000000000 ) ;
#940 = LINE ( 'NONE', #1493, #954 ) ;
#941 = LINE ( 'NONE', #1590, #959 ) ;
#942 = LINE ( 'NONE', #1878, #943 ) ;
#943 = VECTOR ( 'NONE', #1690, 1000.000000000000000 ) ;
#944 = LINE ( 'NONE', #1491, #949 ) ;
#945 = VECTOR ( 'NONE', #1480, 1000.000000000000000 ) ;
#946 = CIRCLE ( 'NONE', #193, 4.250000000000000000 ) ;
#947 = VECTOR ( 'NONE', #1511, 1000.000000000000000 ) ;
#948 = LINE ( 'NONE', #1528, #951 ) ;
#949 = VECTOR ( 'NONE', #1529, 1000.000000000000000 ) ;
#950 = CIRCLE ( 'NONE', #195, 4.000000000000000000 ) ;
#951 = VECTOR ( 'NONE', #1489, 1000.000000000000100 ) ;
#952 = CIRCLE ( 'NONE', #197, 0.2500000000000003900 ) ;
#953 = CIRCLE ( 'NONE', #192, 4.000000000000000000 ) ;
#954 = VECTOR ( 'NONE', #1545, 1000.000000000000100 ) ;
#955 = LINE ( 'NONE', #1571, #956 ) ;
#956 = VECTOR ( 'NONE', #1538, 1000.000000000000000 ) ;
#957 = LINE ( 'NONE', #1554, #958 ) ;
#958 = VECTOR ( 'NONE', #1559, 1000.000000000000000 ) ;
#959 = VECTOR ( 'NONE', #1595, 1000.000000000000000 ) ;
#960 = LINE ( 'NONE', #784, #969 ) ;
#961 = CIRCLE ( 'NONE', #216, 3.199999999999987700 ) ;
#962 = CIRCLE ( 'NONE', #218, 6.249999999999986700 ) ;
#963 = CIRCLE ( 'NONE', #215, 0.2500000000000003900 ) ;
#964 = VECTOR ( 'NONE', #809, 1000.000000000000000 ) ;
#965 = LINE ( 'NONE', #833, #974 ) ;
#966 = CIRCLE ( 'NONE', #224, 4.000000000000000000 ) ;
#967 = CIRCLE ( 'NONE', #219, 0.5000000000000000000 ) ;
#968 = CIRCLE ( 'NONE', #225, 4.250000000000000000 ) ;
#969 = VECTOR ( 'NONE', #798, 1000.000000000000000 ) ;
#970 = LINE ( 'NONE', #584, #939 ) ;
#971 = LINE ( 'NONE', #842, #976 ) ;
#972 = LINE ( 'NONE', #826, #964 ) ;
#973 = CIRCLE ( 'NONE', #220, 0.2500000000000003900 ) ;
#974 = VECTOR ( 'NONE', #832, 1000.000000000000000 ) ;
#975 = LINE ( 'NONE', #807, #982 ) ;
#976 = VECTOR ( 'NONE', #850, 1000.000000000000000 ) ;
#977 = LINE ( 'NONE', #829, #979 ) ;
#978 = CIRCLE ( 'NONE', #2175, 0.2500000000000002200 ) ;
#979 = VECTOR ( 'NONE', #810, 1000.000000000000000 ) ;
#980 = VECTOR ( 'NONE', #1308, 1000.000000000000000 ) ;
#981 = LINE ( 'NONE', #1392, #993 ) ;
#982 = VECTOR ( 'NONE', #808, 1000.000000000000000 ) ;
#983 = LINE ( 'NONE', #1433, #994 ) ;
#984 = VECTOR ( 'NONE', #1377, 1000.000000000000000 ) ;
#985 = LINE ( 'NONE', #1368, #1012 ) ;
#986 = CIRCLE ( 'NONE', #196, 0.2500000000000003900 ) ;
#987 = LINE ( 'NONE', #1404, #992 ) ;
#988 = LINE ( 'NONE', #1425, #1001 ) ;
#989 = CIRCLE ( 'NONE', #194, 0.2500000000000003900 ) ;
#990 = LINE ( 'NONE', #1466, #998 ) ;
#991 = VECTOR ( 'NONE', #1357, 1000.000000000000000 ) ;
#992 = VECTOR ( 'NONE', #1435, 1000.000000000000000 ) ;
#993 = VECTOR ( 'NONE', #1370, 1000.000000000000000 ) ;
#994 = VECTOR ( 'NONE', #1427, 1000.000000000000000 ) ;
#995 = VECTOR ( 'NONE', #811, 1000.000000000000000 ) ;
#996 = CIRCLE ( 'NONE', #2178, 0.2500000000000002200 ) ;
#997 = VECTOR ( 'NONE', #1406, 1000.000000000000000 ) ;
#998 = VECTOR ( 'NONE', #1450, 1000.000000000000000 ) ;
#999 = CIRCLE ( 'NONE', #2176, 0.5000000000000000000 ) ;
#1000 = LINE ( 'NONE', #805, #995 ) ;
#1001 = VECTOR ( 'NONE', #1439, 1000.000000000000000 ) ;
#1002 = LINE ( 'NONE', #1405, #1003 ) ;
#1003 = VECTOR ( 'NONE', #1456, 1000.000000000000000 ) ;
#1004 = CIRCLE ( 'NONE', #207, 0.2500000000000002200 ) ;
#1005 = LINE ( 'NONE', #1424, #997 ) ;
#1006 = VECTOR ( 'NONE', #1487, 1000.000000000000000 ) ;
#1007 = LINE ( 'NONE', #1359, #991 ) ;
#1008 = LINE ( 'NONE', #1374, #984 ) ;
#1009 = LINE ( 'NONE', #1481, #1006 ) ;
#1010 = CIRCLE ( 'NONE', #201, 0.2500000000000003900 ) ;
#1011 = CIRCLE ( 'NONE', #206, 0.2500000000000004400 ) ;
#1012 = VECTOR ( 'NONE', #1351, 1000.000000000000000 ) ;
#1013 = LINE ( 'NONE', #859, #63 ) ;
#1014 = SHAPE_DEFINITION_REPRESENTATION ( #1975, #1956 ) ;
#1015 = DATE_AND_TIME ( #1056, #1055 ) ;
#1016 = APPROVAL_DATE_TIME ( #1034, #229 ) ;
#1017 = VECTOR ( 'NONE', #680, 1000.000000000000000 ) ;
#1018 = LINE ( 'NONE', #629, #1031 ) ;
#1019 = VECTOR ( 'NONE', #612, 1000.000000000000000 ) ;
#1020 = CIRCLE ( 'NONE', #222, 0.2500000000000003900 ) ;
#1021 = CIRCLE ( 'NONE', #223, 9.750000000000000000 ) ;
#1022 = CIRCLE ( 'NONE', #226, 0.2500000000000003900 ) ;
#1023 = LINE ( 'NONE', #669, #1035 ) ;
#1024 = VECTOR ( 'NONE', #720, 1000.000000000000000 ) ;
#1025 = LINE ( 'NONE', #603, #1041 ) ;
#1026 = LINE ( 'NONE', #683, #1017 ) ;
#1027 = CIRCLE ( 'NONE', #212, 0.2500000000000003900 ) ;
#1028 = VECTOR ( 'NONE', #745, 1000.000000000000000 ) ;
#1029 = ORGANIZATION ( 'UNSPECIFIED', 'UNSPECIFIED', '' ) ;
#1030 = CALENDAR_DATE ( 2017, 1, 2 ) ;
#1031 = VECTOR ( 'NONE', #631, 1000.000000000000000 ) ;
#1032 = LINE ( 'NONE', #758, #1028 ) ;
#1033 = COORDINATED_UNIVERSAL_TIME_OFFSET ( 1, 0, .AHEAD. ) ;
#1034 = DATE_AND_TIME ( #1030, #1050 ) ;
#1035 = VECTOR ( 'NONE', #670, 1000.000000000000000 ) ;
#1036 = PERSON_AND_ORGANIZATION ( #1237, #1029 ) ;
#1037 = VECTOR ( 'NONE', #659, 1000.000000000000000 ) ;
#1038 = COORDINATED_UNIVERSAL_TIME_OFFSET ( 1, 0, .AHEAD. ) ;
#1039 = LINE ( 'NONE', #650, #1037 ) ;
#1040 = LINE ( 'NONE', #611, #1019 ) ;
#1041 = VECTOR ( 'NONE', #618, 1000.000000000000000 ) ;
#1042 = CIRCLE ( 'NONE', #232, 0.2500000000000003900 ) ;
#1043 = CIRCLE ( 'NONE', #227, 0.2500000000000003900 ) ;
#1044 = CIRCLE ( 'NONE', #210, 0.2500000000000003900 ) ;
#1045 = CIRCLE ( 'NONE', #214, 0.2500000000000003900 ) ;
#1046 = PERSON_AND_ORGANIZATION ( #1237, #1029 ) ;
#1047 = APPROVAL_PERSON_ORGANIZATION ( #1054, #229, #744 ) ;
#1048 = CIRCLE ( 'NONE', #235, 0.2500000000000003900 ) ;
#1049 = VECTOR ( 'NONE', #635, 1000.000000000000000 ) ;
#1050 = LOCAL_TIME ( 0, 1, 4.000000000000000000, #1033 ) ;
#1051 = CIRCLE ( 'NONE', #209, 0.2500000000000003900 ) ;
#1052 = LINE ( 'NONE', #634, #1049 ) ;
#1053 = VECTOR ( 'NONE', #704, 1000.000000000000000 ) ;
#1054 = PERSON_AND_ORGANIZATION ( #1237, #1029 ) ;
#1055 = LOCAL_TIME ( 0, 1, 4.000000000000000000, #1038 ) ;
#1056 = CALENDAR_DATE ( 2017, 1, 2 ) ;
#1057 = PERSON_AND_ORGANIZATION ( #1237, #1029 ) ;
#1058 = APPROVAL_PERSON_ORGANIZATION ( #1057, #184, #770 ) ;
#1059 = LINE ( 'NONE', #740, #1063 ) ;
#1060 = LINE ( 'NONE', #703, #1053 ) ;
#1061 = LINE ( 'NONE', #628, #1064 ) ;
#1062 = LINE ( 'NONE', #714, #1024 ) ;
#1063 = VECTOR ( 'NONE', #715, 1000.000000000000000 ) ;
#1064 = VECTOR ( 'NONE', #601, 1000.000000000000000 ) ;
#1065 = PERSON_AND_ORGANIZATION ( #1237, #1029 ) ;
#1066 = COORDINATED_UNIVERSAL_TIME_OFFSET ( 1, 0, .AHEAD. ) ;
#1067 = LOCAL_TIME ( 0, 1, 4.000000000000000000, #1079 ) ;
#1068 = CALENDAR_DATE ( 2017, 1, 2 ) ;
#1069 = DATE_AND_TIME ( #1073, #1067 ) ;
#1070 = APPROVAL_DATE_TIME ( #1083, #191 ) ;
#1071 = DATE_AND_TIME ( #1074, #1077 ) ;
#1072 = APPROVAL_DATE_TIME ( #1071, #184 ) ;
#1073 = CALENDAR_DATE ( 2017, 1, 2 ) ;
#1074 = CALENDAR_DATE ( 2017, 1, 2 ) ;
#1075 = PERSON_AND_ORGANIZATION ( #1237, #1029 ) ;
#1076 = COORDINATED_UNIVERSAL_TIME_OFFSET ( 1, 0, .AHEAD. ) ;
#1077 = LOCAL_TIME ( 0, 1, 4.000000000000000000, #1066 ) ;
#1078 = APPROVAL_PERSON_ORGANIZATION ( #1080, #191, #777 ) ;
#1079 = COORDINATED_UNIVERSAL_TIME_OFFSET ( 1, 0, .AHEAD. ) ;
#1080 = PERSON_AND_ORGANIZATION ( #1237, #1029 ) ;
#1081 = PERSON_AND_ORGANIZATION ( #1237, #1029 ) ;
#1082 = LOCAL_TIME ( 0, 1, 4.000000000000000000, #1076 ) ;
#1083 = DATE_AND_TIME ( #1068, #1082 ) ;
#1084 = VECTOR ( 'NONE', #591, 1000.000000000000000 ) ;
#1085 = ORIENTED_EDGE ( 'NONE', *, *, #2006, .T. ) ;
#1086 = ORIENTED_EDGE ( 'NONE', *, *, #1987, .T. ) ;
#1087 = ORIENTED_EDGE ( 'NONE', *, *, #2009, .T. ) ;
#1088 = ORIENTED_EDGE ( 'NONE', *, *, #1979, .F. ) ;
#1089 = ORIENTED_EDGE ( 'NONE', *, *, #2089, .F. ) ;
#1090 = ORIENTED_EDGE ( 'NONE', *, *, #2128, .F. ) ;
#1091 = ORIENTED_EDGE ( 'NONE', *, *, #2023, .F. ) ;
#1092 = ORIENTED_EDGE ( 'NONE', *, *, #2022, .T. ) ;
#1093 = ORIENTED_EDGE ( 'NONE', *, *, #2131, .F. ) ;
#1094 = ORIENTED_EDGE ( 'NONE', *, *, #1978, .T. ) ;
#1095 = ORIENTED_EDGE ( 'NONE', *, *, #2100, .F. ) ;
#1096 = ORIENTED_EDGE ( 'NONE', *, *, #2074, .F. ) ;
#1097 = ORIENTED_EDGE ( 'NONE', *, *, #2027, .T. ) ;
#1098 = ORIENTED_EDGE ( 'NONE', *, *, #2105, .F. ) ;
#1099 = ORIENTED_EDGE ( 'NONE', *, *, #1984, .T. ) ;
#1100 = ORIENTED_EDGE ( 'NONE', *, *, #2008, .T. ) ;
#1101 = ORIENTED_EDGE ( 'NONE', *, *, #2142, .T. ) ;
#1102 = ORIENTED_EDGE ( 'NONE', *, *, #2092, .T. ) ;
#1103 = ORIENTED_EDGE ( 'NONE', *, *, #2023, .T. ) ;
#1104 = ORIENTED_EDGE ( 'NONE', *, *, #2037, .T. ) ;
#1105 = ORIENTED_EDGE ( 'NONE', *, *, #2001, .T. ) ;
#1106 = ORIENTED_EDGE ( 'NONE', *, *, #2112, .T. ) ;
#1107 = ORIENTED_EDGE ( 'NONE', *, *, #2000, .F. ) ;
#1108 = ORIENTED_EDGE ( 'NONE', *, *, #1986, .T. ) ;
#1109 = ORIENTED_EDGE ( 'NONE', *, *, #1994, .F. ) ;
#1110 = ORIENTED_EDGE ( 'NONE', *, *, #1976, .T. ) ;
#1111 = ORIENTED_EDGE ( 'NONE', *, *, #1993, .T. ) ;
#1112 = ORIENTED_EDGE ( 'NONE', *, *, #2032, .T. ) ;
#1113 = ORIENTED_EDGE ( 'NONE', *, *, #2016, .T. ) ;
#1114 = ORIENTED_EDGE ( 'NONE', *, *, #2088, .T. ) ;
#1115 = ORIENTED_EDGE ( 'NONE', *, *, #2046, .T. ) ;
#1116 = ORIENTED_EDGE ( 'NONE', *, *, #2052, .T. ) ;
#1117 = ORIENTED_EDGE ( 'NONE', *, *, #2076, .T. ) ;
#1118 = ORIENTED_EDGE ( 'NONE', *, *, #2018, .T. ) ;
#1119 = ORIENTED_EDGE ( 'NONE', *, *, #1985, .T. ) ;
#1120 = ORIENTED_EDGE ( 'NONE', *, *, #2059, .T. ) ;
#1121 = ORIENTED_EDGE ( 'NONE', *, *, #1979, .T. ) ;
#1122 = ORIENTED_EDGE ( 'NONE', *, *, #2073, .T. ) ;
#1123 = ORIENTED_EDGE ( 'NONE', *, *, #2133, .T. ) ;
#1124 = ORIENTED_EDGE ( 'NONE', *, *, #2115, .T. ) ;
#1125 = ORIENTED_EDGE ( 'NONE', *, *, #1987, .F. ) ;
#1126 = ORIENTED_EDGE ( 'NONE', *, *, #2033, .T. ) ;
#1127 = ORIENTED_EDGE ( 'NONE', *, *, #2097, .T. ) ;
#1128 = ORIENTED_EDGE ( 'NONE', *, *, #2057, .T. ) ;
#1129 = ORIENTED_EDGE ( 'NONE', *, *, #2017, .T. ) ;
#1130 = ORIENTED_EDGE ( 'NONE', *, *, #2100, .T. ) ;
#1131 = ORIENTED_EDGE ( 'NONE', *, *, #2030, .T. ) ;
#1132 = ORIENTED_EDGE ( 'NONE', *, *, #2036, .T. ) ;
#1133 = ORIENTED_EDGE ( 'NONE', *, *, #2024, .F. ) ;
#1134 = ORIENTED_EDGE ( 'NONE', *, *, #1998, .T. ) ;
#1135 = ORIENTED_EDGE ( 'NONE', *, *, #2004, .T. ) ;
#1136 = ORIENTED_EDGE ( 'NONE', *, *, #1986, .F. ) ;
#1137 = ORIENTED_EDGE ( 'NONE', *, *, #2091, .T. ) ;
#1138 = ORIENTED_EDGE ( 'NONE', *, *, #2007, .T. ) ;
#1139 = ORIENTED_EDGE ( 'NONE', *, *, #2011, .T. ) ;
#1140 = ORIENTED_EDGE ( 'NONE', *, *, #2024, .T. ) ;
#1141 = ORIENTED_EDGE ( 'NONE', *, *, #2067, .T. ) ;
#1142 = ORIENTED_EDGE ( 'NONE', *, *, #2042, .T. ) ;
#1143 = ORIENTED_EDGE ( 'NONE', *, *, #1994, .T. ) ;
#1144 = ORIENTED_EDGE ( 'NONE', *, *, #1983, .T. ) ;
#1145 = ORIENTED_EDGE ( 'NONE', *, *, #2020, .T. ) ;
#1146 = EDGE_LOOP ( 'NONE', ( #467, #398, #399, #464 ) ) ;
#1147 = EDGE_LOOP ( 'NONE', ( #539, #545, #563, #560, #544, #552, #376, #402 ) ) ;
#1148 = EDGE_LOOP ( 'NONE', ( #494, #449, #396, #483, #466, #397 ) ) ;
#1149 = EDGE_LOOP ( 'NONE', ( #546, #550, #561, #557 ) ) ;
#1150 = EDGE_LOOP ( 'NONE', ( #458, #414, #444, #394 ) ) ;
#1151 = EDGE_LOOP ( 'NONE', ( #417, #547, #365, #386 ) ) ;
#1152 = ORIENTED_EDGE ( 'NONE', *, *, #2038, .T. ) ;
#1153 = EDGE_LOOP ( 'NONE', ( #395, #548, #562, #412 ) ) ;
#1154 = EDGE_LOOP ( 'NONE', ( #470, #442, #473, #453 ) ) ;
#1155 = EDGE_LOOP ( 'NONE', ( #390, #440, #463, #471, #468, #378, #465, #439, #485, #434, #433 ) ) ;
#1156 = EDGE_LOOP ( 'NONE', ( #409, #558, #415, #411 ) ) ;
#1157 = EDGE_LOOP ( 'NONE', ( #538, #554, #543, #553 ) ) ;
#1158 = EDGE_LOOP ( 'NONE', ( #374, #392 ) ) ;
#1159 = EDGE_LOOP ( 'NONE', ( #432, #381, #457, #419 ) ) ;
#1160 = ORIENTED_EDGE ( 'NONE', *, *, #2039, .T. ) ;
#1161 = EDGE_LOOP ( 'NONE', ( #416, #393, #410, #384, #404, #366 ) ) ;
#1162 = EDGE_LOOP ( 'NONE', ( #455, #441, #445, #435 ) ) ;
#1163 = EDGE_LOOP ( 'NONE', ( #368, #424, #534, #371 ) ) ;
#1164 = EDGE_LOOP ( 'NONE', ( #426, #541, #533, #407 ) ) ;
#1165 = EDGE_LOOP ( 'NONE', ( #537, #406, #382, #377, #413, #383, #387, #555, #536, #379, #559 ) ) ;
#1166 = EDGE_LOOP ( 'NONE', ( #436, #437, #462, #460, #438, #456, #448, #454, #443, #421 ) ) ;
#1167 = EDGE_LOOP ( 'NONE', ( #400, #427, #373, #535 ) ) ;
#1168 = EDGE_LOOP ( 'NONE', ( #380, #367, #401, #556 ) ) ;
#1169 = EDGE_LOOP ( 'NONE', ( #428, #405, #540, #372, #403, #425 ) ) ;
#1170 = EDGE_LOOP ( 'NONE', ( #38, #40, #51, #44 ) ) ;
#1171 = EDGE_LOOP ( 'NONE', ( #369, #370, #385, #423, #418, #431, #391, #447, #475, #389 ) ) ;
#1172 = ORIENTED_EDGE ( 'NONE', *, *, #2048, .F. ) ;
#1173 = EDGE_LOOP ( 'NONE', ( #388, #408, #420, #375 ) ) ;
#1174 = FACE_OUTER_BOUND ( 'NONE', #1183, .T. ) ;
#1175 = FACE_OUTER_BOUND ( 'NONE', #1205, .T. ) ;
#1176 = EDGE_LOOP ( 'NONE', ( #451, #452, #461, #472 ) ) ;
#1177 = FACE_OUTER_BOUND ( 'NONE', #1186, .T. ) ;
#1178 = EDGE_LOOP ( 'NONE', ( #1096, #1097, #1113, #1085, #1099, #1100, #1118, #1110, #1112, #1136, #1104, #1102 ) ) ;
#1179 = EDGE_LOOP ( 'NONE', ( #1094, #499, #477, #507 ) ) ;
#1180 = EDGE_LOOP ( 'NONE', ( #532, #1092, #498, #528 ) ) ;
#1181 = EDGE_LOOP ( 'NONE', ( #21, #16, #23, #24, #5 ) ) ;
#1182 = EDGE_LOOP ( 'NONE', ( #1087, #492, #504, #505 ) ) ;
#1183 = EDGE_LOOP ( 'NONE', ( #39, #36, #35, #37 ) ) ;
#1184 = EDGE_LOOP ( 'NONE', ( #487, #519, #1089, #526 ) ) ;
#1185 = EDGE_LOOP ( 'NONE', ( #474, #446, #430, #429 ) ) ;
#1186 = EDGE_LOOP ( 'NONE', ( #41, #52 ) ) ;
#1187 = FACE_OUTER_BOUND ( 'NONE', #1233, .T. ) ;
#1188 = FACE_OUTER_BOUND ( 'NONE', #1189, .T. ) ;
#1189 = EDGE_LOOP ( 'NONE', ( #53, #71, #77, #75 ) ) ;
#1190 = EDGE_LOOP ( 'NONE', ( #510, #516, #1093, #490 ) ) ;
#1191 = EDGE_LOOP ( 'NONE', ( #1095, #511, #525, #517 ) ) ;
#1192 = FACE_OUTER_BOUND ( 'NONE', #1173, .T. ) ;
#1193 = EDGE_LOOP ( 'NONE', ( #1235, #484, #486, #529 ) ) ;
#1194 = EDGE_LOOP ( 'NONE', ( #1105, #1126, #1125, #1127, #1143, #1141, #1103, #1111, #1119, #1135, #1121 ) ) ;
#1195 = CONICAL_SURFACE ( 'NONE', #2130, 6.249999999999986700, 0.7853981633974502800 ) ;
#1196 = FACE_OUTER_BOUND ( 'NONE', #1155, .T. ) ;
#1197 = CYLINDRICAL_SURFACE ( 'NONE', #2120, 0.5000000000000000000 ) ;
#1198 = EDGE_LOOP ( 'NONE', ( #28, #32, #31, #34, #33 ) ) ;
#1199 = EDGE_LOOP ( 'NONE', ( #46, #48, #49, #50 ) ) ;
#1200 = CIRCLE ( 'NONE', #213, 4.000000000000000000 ) ;
#1201 = EDGE_LOOP ( 'NONE', ( #1091, #508, #493, #506 ) ) ;
#1202 = FACE_OUTER_BOUND ( 'NONE', #1156, .T. ) ;
#1203 = CYLINDRICAL_SURFACE ( 'NONE', #2103, 0.2500000000000003900 ) ;
#1204 = FACE_OUTER_BOUND ( 'NONE', #1198, .T. ) ;
#1205 = EDGE_LOOP ( 'NONE', ( #26, #29, #25, #30 ) ) ;
#1206 = FACE_OUTER_BOUND ( 'NONE', #1190, .T. ) ;
#1207 = FACE_OUTER_BOUND ( 'NONE', #1199, .T. ) ;
#1208 = EDGE_LOOP ( 'NONE', ( #520, #482, #515, #478 ) ) ;
#1209 = EDGE_LOOP ( 'NONE', ( #502, #476, #489, #496 ) ) ;
#1210 = EDGE_LOOP ( 'NONE', ( #1108, #1145, #1144, #1129, #1130, #1131, #1132, #1139, #1138, #1133, #1142 ) ) ;
#1211 = CYLINDRICAL_SURFACE ( 'NONE', #2119, 0.5000000000000004400 ) ;
#1212 = VECTOR ( 'NONE', #626, 1000.000000000000000 ) ;
#1213 = CYLINDRICAL_SURFACE ( 'NONE', #2102, 4.000000000000000000 ) ;
#1214 = EDGE_LOOP ( 'NONE', ( #459, #469, #450, #422 ) ) ;
#1215 = FACE_OUTER_BOUND ( 'NONE', #1210, .T. ) ;
#1216 = EDGE_LOOP ( 'NONE', ( #9, #17, #15, #22, #14, #27, #18, #11, #10, #12, #13, #20 ) ) ;
#1217 = EDGE_LOOP ( 'NONE', ( #1088, #512, #479, #480 ) ) ;
#1218 = CONICAL_SURFACE ( 'NONE', #2129, 3.199999999999987700, 0.7853981633974505000 ) ;
#1219 = FACE_OUTER_BOUND ( 'NONE', #1194, .T. ) ;
#1220 = CYLINDRICAL_SURFACE ( 'NONE', #2101, 0.2500000000000003900 ) ;
#1221 = EDGE_LOOP ( 'NONE', ( #521, #514, #513, #531 ) ) ;
#1222 = FACE_OUTER_BOUND ( 'NONE', #1170, .T. ) ;
#1223 = VECTOR ( 'NONE', #581, 1000.000000000000000 ) ;
#1224 = CONICAL_SURFACE ( 'NONE', #2139, 6.249999999999986700, 0.7853981633974502800 ) ;
#1225 = CYLINDRICAL_SURFACE ( 'NONE', #2148, 0.2500000000000003900 ) ;
#1226 = EDGE_LOOP ( 'NONE', ( #524, #530, #503, #495 ) ) ;
#1227 = EDGE_LOOP ( 'NONE', ( #1120, #1116, #1109, #1128, #1137, #1123, #1115, #1117, #1106, #1101, #1114, #1124 ) ) ;
#1228 = EDGE_LOOP ( 'NONE', ( #1107, #1098, #1122, #1086 ) ) ;
#1229 = EDGE_LOOP ( 'NONE', ( #509, #497, #518, #500 ) ) ;
#1230 = EDGE_LOOP ( 'NONE', ( #522, #501, #1090, #488 ) ) ;
#1231 = EDGE_LOOP ( 'NONE', ( #1160, #76, #78, #67, #87, #69, #74, #72, #70, #86, #8, #19 ) ) ;
#1232 = EDGE_LOOP ( 'NONE', ( #1140, #1134, #1172, #1152 ) ) ;
#1233 = EDGE_LOOP ( 'NONE', ( #42, #47, #45, #43 ) ) ;
#1234 = EDGE_LOOP ( 'NONE', ( #481, #491, #523, #527 ) ) ;
#1235 = ORIENTED_EDGE ( 'NONE', *, *, #2007, .F. ) ;
#1236 = PRODUCT ( 'ALP0123', 'ALP0123', '', ( #769 ) ) ;
#1237 = PERSON ( 'UNSPECIFIED', 'UNSPECIFIED', 'UNSPECIFIED', ('UNSPECIFIED'), ('UNSPECIFIED'), ('UNSPECIFIED') ) ;
#1238 = DIRECTION ( 'NONE',  ( -2.312964634635743000E-016, -1.000000000000000000, -0.0000000000000000000 ) ) ;
#1239 = DIRECTION ( 'NONE',  ( -1.000000000000000000, 0.0000000000000000000, 0.0000000000000000000 ) ) ;
#1240 = CARTESIAN_POINT ( 'NONE',  ( 2.064874487828339200, 3.715338093250993600, 0.2492742435195706700 ) ) ;
#1241 = CARTESIAN_POINT ( 'NONE',  ( 1.781346076322664700, 3.859041786753952200, 0.1381446047513755800 ) ) ;
#1242 = CARTESIAN_POINT ( 'NONE',  ( 1.749999999999999600, 3.872983346207418800, 0.07075443654675030200 ) ) ;
#1243 = DIRECTION ( 'NONE',  ( 0.0000000000000000000, 0.0000000000000000000, -1.000000000000000000 ) ) ;
#1244 = DIRECTION ( 'NONE',  ( 0.0000000000000000000, 0.0000000000000000000, -1.000000000000000000 ) ) ;
#1245 = CARTESIAN_POINT ( 'NONE',  ( 1.499999999999999600, -4.250000000000000000, 0.0000000000000000000 ) ) ;
#1246 = CARTESIAN_POINT ( 'NONE',  ( 2.218628042070369700, 3.625345993643808400, 0.1372272443795497500 ) ) ;
#1247 = CARTESIAN_POINT ( 'NONE',  ( 1.940844742956252500, 3.781608848279439900, 0.2506930458096747200 ) ) ;
#1248 = CARTESIAN_POINT ( 'NONE',  ( 1.250000000000000400, 9.669539802906857800, -1.530808498934194000E-017 ) ) ;
#1249 = CARTESIAN_POINT ( 'NONE',  ( 1.750000000000000000, 3.872983346207417500, 0.0000000000000000000 ) ) ;
#1250 = CARTESIAN_POINT ( 'NONE',  ( 2.250000000000000900, 3.605551275463989600, 0.07071316229890360600 ) ) ;
#1251 = CARTESIAN_POINT ( 'NONE',  ( 2.125352923142541900, 3.680804112524823400, 0.2256461434174031600 ) ) ;
#1252 = DIRECTION ( 'NONE',  ( 0.0000000000000000000, -1.000000000000000000, 0.0000000000000000000 ) ) ;
#1253 = CARTESIAN_POINT ( 'NONE',  ( 1.878510061603397200, 3.812688986004246300, 0.2283279768880662500 ) ) ;
#1254 = DIRECTION ( 'NONE',  ( 0.0000000000000000000, 1.000000000000000000, 0.0000000000000000000 ) ) ;
#1255 = CARTESIAN_POINT ( 'NONE',  ( 1.277058725493519300, 9.666119325201364600, 0.1310016273083121900 ) ) ;
#1256 = CARTESIAN_POINT ( 'NONE',  ( 0.0000000000000000000, 4.250000000000000000, 3.999999999999998200 ) ) ;
#1257 = CARTESIAN_POINT ( 'NONE',  ( 1.249999999999999300, 9.669539802906857800, 0.06646969130166087400 ) ) ;
#1258 = CARTESIAN_POINT ( 'NONE',  ( -0.5000000000000000000, 4.250000000000000000, 0.0000000000000000000 ) ) ;
#1259 = CARTESIAN_POINT ( 'NONE',  ( 2.250000000000000400, 3.605551275463989600, 0.0000000000000000000 ) ) ;
#1260 = CARTESIAN_POINT ( 'NONE',  ( 2.750000000000000000, 10.45710678118655100, 0.0000000000000000000 ) ) ;
#1261 = DIRECTION ( 'NONE',  ( 0.0000000000000000000, 1.000000000000000000, 0.0000000000000000000 ) ) ;
#1262 = CARTESIAN_POINT ( 'NONE',  ( 3.564159339071813400, 9.075454384177305700, 0.2497881552948399400 ) ) ;
#1263 = CARTESIAN_POINT ( 'NONE',  ( -4.180354220163675200, 9.514062525637941200, 0.1804194184738823500 ) ) ;
#1264 = DIRECTION ( 'NONE',  ( -0.0000000000000000000, 1.000000000000000000, -0.0000000000000000000 ) ) ;
#1265 = CARTESIAN_POINT ( 'NONE',  ( -1.250000000000000400, 10.45710678118655100, 0.0000000000000000000 ) ) ;
#1266 = CARTESIAN_POINT ( 'NONE',  ( 3.750000000000000000, 9.000000000000000000, 0.06851570577205588800 ) ) ;
#1267 = CARTESIAN_POINT ( 'NONE',  ( -3.250000000000000400, 10.45710678118655100, 0.0000000000000000000 ) ) ;
#1268 = DIRECTION ( 'NONE',  ( -1.000000000000000000, 0.0000000000000000000, 0.0000000000000000000 ) ) ;
#1269 = CARTESIAN_POINT ( 'NONE',  ( -4.009936019636709800, 9.679102815176134900, 0.2525382643538461300 ) ) ;
#1270 = DIRECTION ( 'NONE',  ( -0.0000000000000000000, 1.000000000000000000, -0.0000000000000000000 ) ) ;
#1271 = DIRECTION ( 'NONE',  ( -0.0000000000000000000, 1.000000000000000000, -0.0000000000000000000 ) ) ;
#1272 = DIRECTION ( 'NONE',  ( 0.0000000000000000000, 0.0000000000000000000, -1.000000000000000000 ) ) ;
#1273 = CARTESIAN_POINT ( 'NONE',  ( 3.750000000000000000, 9.000000000000001800, -1.530808498934194000E-017 ) ) ;
#1274 = CARTESIAN_POINT ( 'NONE',  ( -4.250000000000000000, 9.250000000000000000, 0.0000000000000000000 ) ) ;
#1275 = DIRECTION ( 'NONE',  ( 0.0000000000000000000, 0.0000000000000000000, -1.000000000000000000 ) ) ;
#1276 = DIRECTION ( 'NONE',  ( 0.0000000000000000000, 0.0000000000000000000, -1.000000000000000000 ) ) ;
#1277 = CARTESIAN_POINT ( 'NONE',  ( -4.136684299986376900, 9.577058363004034900, 0.2189365893918678300 ) ) ;
#1278 = CARTESIAN_POINT ( 'NONE',  ( 0.0000000000000000000, -4.250000000000000000, 3.999999999999998200 ) ) ;
#1279 = CARTESIAN_POINT ( 'NONE',  ( 2.750000000000000000, 10.45710678118655100, 0.0000000000000000000 ) ) ;
#1280 = CARTESIAN_POINT ( 'NONE',  ( 3.720497894886745100, 9.012376433894422300, 0.1345035353646355500 ) ) ;
#1281 = DIRECTION ( 'NONE',  ( -0.0000000000000000000, 1.000000000000000000, -0.0000000000000000000 ) ) ;
#1282 = CARTESIAN_POINT ( 'NONE',  ( 1.000000000000000000, -4.250000000000000000, 0.0000000000000000000 ) ) ;
#1283 = CARTESIAN_POINT ( 'NONE',  ( 3.627248860594433700, 9.050309346944370500, 0.2247626529307979200 ) ) ;
#1284 = DIRECTION ( 'NONE',  ( 0.0000000000000000000, 0.0000000000000000000, 1.000000000000000000 ) ) ;
#1285 = CARTESIAN_POINT ( 'NONE',  ( -4.250000000000000000, 9.317405865742214700, 0.04766282977026228800 ) ) ;
#1286 = CARTESIAN_POINT ( 'NONE',  ( 3.437502337361112700, 9.124181155271568100, 0.2502090835289697600 ) ) ;
#1287 = CARTESIAN_POINT ( 'NONE',  ( 3.750000000000000400, -4.250000000000000000, 3.999999999999998200 ) ) ;
#1288 = CARTESIAN_POINT ( 'NONE',  ( 0.0000000000000000000, 0.0000000000000000000, -2.200000000000000600 ) ) ;
#1289 = CARTESIAN_POINT ( 'NONE',  ( -3.750000000000000900, 9.750000000000000000, 0.08373786527088369900 ) ) ;
#1290 = CARTESIAN_POINT ( 'NONE',  ( -3.794555861296087200, 9.752983645670086700, 0.1644085681947056200 ) ) ;
#1291 = CARTESIAN_POINT ( 'NONE',  ( -4.044948828123849300, 9.655743969708837000, 0.2480091930949910000 ) ) ;
#1292 = CARTESIAN_POINT ( 'NONE',  ( -4.236452820883393100, 9.385267975935033000, 0.09575424162713103100 ) ) ;
#1293 = CARTESIAN_POINT ( 'NONE',  ( 3.374223689800612400, 9.147659529214625000, 0.2259140947170635600 ) ) ;
#1294 = CARTESIAN_POINT ( 'NONE',  ( 3.279096268962249400, 9.182188629630772400, 0.1343815463998093700 ) ) ;
#1295 = CARTESIAN_POINT ( 'NONE',  ( 3.250000000000000400, 9.192388155425117400, 0.06852755910626834300 ) ) ;
#1296 = CARTESIAN_POINT ( 'NONE',  ( 3.250000000000000400, 9.192388155425117400, -1.530808498934194000E-017 ) ) ;
#1297 = CARTESIAN_POINT ( 'NONE',  ( -1.750000000000000400, 10.45710678118655100, 0.0000000000000000000 ) ) ;
#1298 = DIRECTION ( 'NONE',  ( -0.0000000000000000000, 1.000000000000000000, -0.0000000000000000000 ) ) ;
#1299 = CARTESIAN_POINT ( 'NONE',  ( -3.936224026088474700, 9.715850375554280700, 0.2445545432019418400 ) ) ;
#1300 = CARTESIAN_POINT ( 'NONE',  ( -3.750000000000000000, 9.750000000000000000, 4.592425496802592700E-017 ) ) ;
#1301 = CARTESIAN_POINT ( 'NONE',  ( -3.897634240400680300, 9.729007906206323500, 0.2317447283490198200 ) ) ;
#1302 = CARTESIAN_POINT ( 'NONE',  ( 2.285379147524942300, 3.583715829431668900, 0.1440606530195607500 ) ) ;
#1303 = CARTESIAN_POINT ( 'NONE',  ( 2.250000000000000400, 3.605551275463989600, 0.0000000000000000000 ) ) ;
#1304 = CARTESIAN_POINT ( 'NONE',  ( 1.750000000000000000, 3.872983346207417500, 0.0000000000000000000 ) ) ;
#1305 = DIRECTION ( 'NONE',  ( -0.0000000000000000000, 1.000000000000000000, -0.0000000000000000000 ) ) ;
#1306 = CARTESIAN_POINT ( 'NONE',  ( 3.750000000000000400, -3.750000000000000400, 0.0000000000000000000 ) ) ;
#1307 = CARTESIAN_POINT ( 'NONE',  ( 0.2500000000000003900, 10.45710678118655100, 0.0000000000000000000 ) ) ;
#1308 = DIRECTION ( 'NONE',  ( 0.0000000000000000000, -1.000000000000000000, 0.0000000000000000000 ) ) ;
#1309 = CARTESIAN_POINT ( 'NONE',  ( 2.750000000000000900, 3.240370349203928900, 0.07446067138777987000 ) ) ;
#1310 = CARTESIAN_POINT ( 'NONE',  ( 2.715456819384942700, 3.269922620571147600, 0.1417180017969626200 ) ) ;
#1311 = CARTESIAN_POINT ( 'NONE',  ( -4.136684299986375100, 4.077058363004032200, 0.2189365893918676900 ) ) ;
#1312 = CARTESIAN_POINT ( 'NONE',  ( 2.383923862956560700, 3.518932225787706700, 0.2309586813146790900 ) ) ;
#1313 = DIRECTION ( 'NONE',  ( 0.0000000000000000000, 0.0000000000000000000, -1.000000000000000000 ) ) ;
#1314 = DIRECTION ( 'NONE',  ( -1.000000000000000000, -3.552713678800500100E-015, 0.0000000000000000000 ) ) ;
#1315 = CARTESIAN_POINT ( 'NONE',  ( 0.0000000000000000000, 0.0000000000000000000, 34.99999999999999300 ) ) ;
#1316 = DIRECTION ( 'NONE',  ( 0.0000000000000000000, 0.0000000000000000000, -1.000000000000000000 ) ) ;
#1317 = CARTESIAN_POINT ( 'NONE',  ( 3.250000000000000400, 10.45710678118655100, 0.0000000000000000000 ) ) ;
#1318 = CARTESIAN_POINT ( 'NONE',  ( -3.750000000000000000, 4.250000000000000000, 0.08373786527088396300 ) ) ;
#1319 = CARTESIAN_POINT ( 'NONE',  ( 3.000000000000000000, -4.250000000000000000, 0.0000000000000000000 ) ) ;
#1320 = CARTESIAN_POINT ( 'NONE',  ( -4.180354220163675200, 4.014062525637940300, 0.1804194184738812400 ) ) ;
#1321 = CARTESIAN_POINT ( 'NONE',  ( 1.749999999999999800, 3.872983346207417500, 0.06845223849768172800 ) ) ;
#1322 = CARTESIAN_POINT ( 'NONE',  ( -4.009936019636711500, 4.179102815176136700, 0.2525382643538460200 ) ) ;
#1323 = CARTESIAN_POINT ( 'NONE',  ( 2.563967556624682200, 3.390271247614105500, 0.2488240119713441800 ) ) ;
#1324 = CARTESIAN_POINT ( 'NONE',  ( -3.794555861296086800, 4.252983645670085800, 0.1644085681947059200 ) ) ;
#1325 = CARTESIAN_POINT ( 'NONE',  ( -3.750000000000000400, 4.250000000000009800, 0.0000000000000000000 ) ) ;
#1326 = CARTESIAN_POINT ( 'NONE',  ( 2.445579053872096100, 3.476638010360713100, 0.2510848419490736000 ) ) ;
#1327 = CARTESIAN_POINT ( 'NONE',  ( 2.250000000000000900, 3.605551275463989600, 0.07447398300652786900 ) ) ;
#1328 = DIRECTION ( 'NONE',  ( -1.000000000000000000, 0.0000000000000000000, 0.0000000000000000000 ) ) ;
#1329 = DIRECTION ( 'NONE',  ( 0.0000000000000000000, -1.000000000000000000, 0.0000000000000000000 ) ) ;
#1330 = CARTESIAN_POINT ( 'NONE',  ( -4.236452820883393100, 3.885267975935033900, 0.09575424162712951900 ) ) ;
#1331 = CARTESIAN_POINT ( 'NONE',  ( -4.249999999999999100, 3.817405865742665000, 0.04766282976962508300 ) ) ;
#1332 = DIRECTION ( 'NONE',  ( 0.0000000000000000000, 0.0000000000000000000, 1.000000000000000000 ) ) ;
#1333 = CARTESIAN_POINT ( 'NONE',  ( -3.936224026088474700, 4.215850375554278000, 0.2445545432019420600 ) ) ;
#1334 = CARTESIAN_POINT ( 'NONE',  ( -3.897634240400679900, 4.229007906206323500, 0.2317447283490200700 ) ) ;
#1335 = CARTESIAN_POINT ( 'NONE',  ( 2.622069946606438300, 3.345272616330449800, 0.2271663733660870800 ) ) ;
#1336 = CARTESIAN_POINT ( 'NONE',  ( 2.000000000000000000, -4.250000000000000000, 0.0000000000000000000 ) ) ;
#1337 = CARTESIAN_POINT ( 'NONE',  ( -4.044948828123847500, 4.155743969708835200, 0.2480091930949908900 ) ) ;
#1338 = CARTESIAN_POINT ( 'NONE',  ( 0.0000000000000000000, 0.0000000000000000000, -2.200000000000000600 ) ) ;
#1339 = DIRECTION ( 'NONE',  ( 0.0000000000000000000, 1.000000000000000000, 0.0000000000000000000 ) ) ;
#1340 = CARTESIAN_POINT ( 'NONE',  ( -4.250000000000000000, 3.750000000000000000, 0.0000000000000000000 ) ) ;
#1341 = CARTESIAN_POINT ( 'NONE',  ( 0.7499999999999995600, 10.45710678118655100, 0.0000000000000000000 ) ) ;
#1342 = DIRECTION ( 'NONE',  ( 0.0000000000000000000, 1.000000000000000000, 0.0000000000000000000 ) ) ;
#1343 = DIRECTION ( 'NONE',  ( 0.0000000000000000000, 0.0000000000000000000, -1.000000000000000000 ) ) ;
#1344 = CARTESIAN_POINT ( 'NONE',  ( 2.750000000000000000, 3.240370349203930600, 0.0000000000000000000 ) ) ;
#1345 = CARTESIAN_POINT ( 'NONE',  ( 2.816883405319443100, 3.182582193821211100, 0.1733071959420755800 ) ) ;
#1346 = CARTESIAN_POINT ( 'NONE',  ( 1.279026204690891100, 4.053286422992100800, 0.1344336711235286400 ) ) ;
#1347 = CARTESIAN_POINT ( 'NONE',  ( 2.750000000000000000, 9.354143466934854000, 0.06724679874932081000 ) ) ;
#1348 = CARTESIAN_POINT ( 'NONE',  ( 2.629050606823915400, 9.388978317025459900, 0.2237669938445267500 ) ) ;
#1349 = CARTESIAN_POINT ( 'NONE',  ( 3.239903750234587300, 2.750656880110182300, 0.07886285760548590600 ) ) ;
#1350 = CARTESIAN_POINT ( 'NONE',  ( 3.250000000000000400, 2.738612787525830600, 0.0000000000000000000 ) ) ;
#1351 = DIRECTION ( 'NONE',  ( 0.0000000000000000000, -1.000000000000000000, 0.0000000000000000000 ) ) ;
#1352 = CARTESIAN_POINT ( 'NONE',  ( 2.436408642035800200, 9.440912554357916900, 0.2501650460785480600 ) ) ;
#1353 = DIRECTION ( 'NONE',  ( -1.000000000000000000, 0.0000000000000000000, 0.0000000000000000000 ) ) ;
#1354 = DIRECTION ( 'NONE',  ( -0.0000000000000000000, -0.0000000000000000000, 1.000000000000000000 ) ) ;
#1355 = DIRECTION ( 'NONE',  ( -1.000000000000000000, 0.0000000000000000000, 0.0000000000000000000 ) ) ;
#1356 = CARTESIAN_POINT ( 'NONE',  ( 2.750000000000000900, 9.354143466934854000, -1.530808498934194000E-017 ) ) ;
#1357 = DIRECTION ( 'NONE',  ( 0.0000000000000000000, -1.000000000000000000, 0.0000000000000000000 ) ) ;
#1358 = CARTESIAN_POINT ( 'NONE',  ( 1.249999999999998900, 4.062019202317983100, 0.06844542391986428700 ) ) ;
#1359 = CARTESIAN_POINT ( 'NONE',  ( 1.750000000000000000, 10.45710678118655100, 0.0000000000000000000 ) ) ;
#1360 = CARTESIAN_POINT ( 'NONE',  ( 2.892899850028028300, 3.114205615574007400, 0.2351549351508792900 ) ) ;
#1361 = CARTESIAN_POINT ( 'NONE',  ( 2.793752073691720300, 3.202802212110371600, 0.1461024238712637600 ) ) ;
#1362 = CARTESIAN_POINT ( 'NONE',  ( 1.374762985761072600, 4.021823664965854300, 0.2263128816695589000 ) ) ;
#1363 = CARTESIAN_POINT ( 'NONE',  ( 2.760146866177315900, 3.231807843342083200, 0.07971574225309664700 ) ) ;
#1364 = CARTESIAN_POINT ( 'NONE',  ( 1.438602812053824800, 3.999689142441758900, 0.2504964745207857700 ) ) ;
#1365 = CARTESIAN_POINT ( 'NONE',  ( 3.208262873211703300, 2.787496891344098900, 0.1428276420302740900 ) ) ;
#1366 = CARTESIAN_POINT ( 'NONE',  ( 3.750000000000000000, -9.250000000000000000, 0.0000000000000000000 ) ) ;
#1367 = CARTESIAN_POINT ( 'NONE',  ( -3.500000000000000000, 4.250000000000000900, 0.0000000000000000000 ) ) ;
#1368 = CARTESIAN_POINT ( 'NONE',  ( 2.250000000000000400, 10.45710678118655100, 0.0000000000000000000 ) ) ;
#1369 = CARTESIAN_POINT ( 'NONE',  ( 2.277825895801696800, 9.480314860101257700, 0.1323014657638971200 ) ) ;
#1370 = DIRECTION ( 'NONE',  ( -0.0000000000000000000, 1.000000000000000000, -0.0000000000000000000 ) ) ;
#1371 = CARTESIAN_POINT ( 'NONE',  ( 2.721704337179971000, 9.362539528984175500, 0.1325628663367959000 ) ) ;
#1372 = CARTESIAN_POINT ( 'NONE',  ( -3.000000000000000000, 4.250000000000000900, 0.0000000000000000000 ) ) ;
#1373 = CARTESIAN_POINT ( 'NONE',  ( 2.372195821962688600, 9.457142678447032900, 0.2247912420353637400 ) ) ;
#1374 = CARTESIAN_POINT ( 'NONE',  ( 1.250000000000000400, 10.45710678118655100, 0.0000000000000000000 ) ) ;
#1375 = CARTESIAN_POINT ( 'NONE',  ( 1.628012693470649100, 3.926144535814320300, 0.2242365780298132300 ) ) ;
#1376 = CARTESIAN_POINT ( 'NONE',  ( 1.250000000000000400, 4.062019202317980400, 0.0000000000000000000 ) ) ;
#1377 = DIRECTION ( 'NONE',  ( 0.0000000000000000000, -1.000000000000000000, 0.0000000000000000000 ) ) ;
#1378 = CARTESIAN_POINT ( 'NONE',  ( 2.250000000000000000, 9.486832980505138100, 0.06724356287475431700 ) ) ;
#1379 = CARTESIAN_POINT ( 'NONE',  ( 1.720589644916322700, 3.886464655700978100, 0.1341994827554171000 ) ) ;
#1380 = CARTESIAN_POINT ( 'NONE',  ( 3.250000000000001300, 2.738612787525831500, 0.04047470046694082200 ) ) ;
#1381 = CARTESIAN_POINT ( 'NONE',  ( 3.187473473582866000, 2.811352457140708200, 0.1681910788248189800 ) ) ;
#1382 = CARTESIAN_POINT ( 'NONE',  ( 1.250000000000000400, 4.062019202317980400, 0.0000000000000000000 ) ) ;
#1383 = DIRECTION ( 'NONE',  ( -1.000000000000000000, 0.0000000000000000000, 0.0000000000000000000 ) ) ;
#1384 = DIRECTION ( 'NONE',  ( -2.312964634635743000E-016, -1.000000000000000000, -0.0000000000000000000 ) ) ;
#1385 = CARTESIAN_POINT ( 'NONE',  ( 3.118396873419797100, 2.888400954179751500, 0.2285177225888755400 ) ) ;
#1386 = CARTESIAN_POINT ( 'NONE',  ( 2.564882508190226700, 9.406821708164745400, 0.2498332868497678300 ) ) ;
#1387 = CARTESIAN_POINT ( 'NONE',  ( 2.951704186060379000, 3.058801561975881700, 0.2516491744184706800 ) ) ;
#1388 = CARTESIAN_POINT ( 'NONE',  ( 2.749999999999999100, 3.240370349203932400, 0.04048604775015381800 ) ) ;
#1389 = CARTESIAN_POINT ( 'NONE',  ( 2.750000000000000000, 3.240370349203930600, 0.0000000000000000000 ) ) ;
#1390 = CARTESIAN_POINT ( 'NONE',  ( 1.565375743339305600, 3.951795803072393600, 0.2494876963256382200 ) ) ;
#1391 = DIRECTION ( 'NONE',  ( -2.312964634635743000E-016, -1.000000000000000000, -0.0000000000000000000 ) ) ;
#1392 = CARTESIAN_POINT ( 'NONE',  ( -3.750000000000000400, 10.45710678118655100, 0.0000000000000000000 ) ) ;
#1393 = CARTESIAN_POINT ( 'NONE',  ( 2.250000000000000400, 9.486832980505138100, -1.530808498934194000E-017 ) ) ;
#1394 = DIRECTION ( 'NONE',  ( 0.0000000000000000000, 0.0000000000000000000, 1.000000000000000000 ) ) ;
#1395 = CARTESIAN_POINT ( 'NONE',  ( 3.064072273735849900, 2.946232458390829500, 0.2481018669174150100 ) ) ;
#1396 = CARTESIAN_POINT ( 'NONE',  ( 3.464073786600937200, 2.463985981328804500, 0.2528115391533763400 ) ) ;
#1397 = CARTESIAN_POINT ( 'NONE',  ( 2.936918047341686500, 9.297392714445887700, 0.2501868606312873700 ) ) ;
#1398 = CARTESIAN_POINT ( 'NONE',  ( 2.749999999999999600, 9.354143466934852200, 0.06781244932962068900 ) ) ;
#1399 = CARTESIAN_POINT ( 'NONE',  ( 3.750000000000000000, 2.000000000000000400, 0.0000000000000000000 ) ) ;
#1400 = CARTESIAN_POINT ( 'NONE',  ( 2.750000000000000900, 9.354143466934854000, -1.530808498934194000E-017 ) ) ;
#1401 = DIRECTION ( 'NONE',  ( -1.000000000000000000, 0.0000000000000000000, 0.0000000000000000000 ) ) ;
#1402 = DIRECTION ( 'NONE',  ( 0.0000000000000000000, 1.000000000000000000, 0.0000000000000000000 ) ) ;
#1403 = CARTESIAN_POINT ( 'NONE',  ( 0.5000000000000004400, -4.250000000000000000, 0.0000000000000000000 ) ) ;
#1404 = CARTESIAN_POINT ( 'NONE',  ( 0.0000000000000000000, -6.249999999999986700, -5.700000000000000200 ) ) ;
#1405 = CARTESIAN_POINT ( 'NONE',  ( -0.2500000000000003900, 10.45710678118655100, 0.0000000000000000000 ) ) ;
#1406 = DIRECTION ( 'NONE',  ( 0.0000000000000000000, 0.0000000000000000000, -1.000000000000000000 ) ) ;
#1407 = DIRECTION ( 'NONE',  ( 1.000000000000000000, 0.0000000000000000000, 0.0000000000000000000 ) ) ;
#1408 = CARTESIAN_POINT ( 'NONE',  ( 3.250000000000000400, 9.192388155425117400, -1.530808498934194000E-017 ) ) ;
#1409 = DIRECTION ( 'NONE',  ( -2.312964634635743000E-016, -1.000000000000000000, -0.0000000000000000000 ) ) ;
#1410 = CARTESIAN_POINT ( 'NONE',  ( 3.750000000000000900, 2.000000000000000900, 0.04737645451303070700 ) ) ;
#1411 = CARTESIAN_POINT ( 'NONE',  ( 3.736169421758385800, 2.026018091753330800, 0.08919277023679121600 ) ) ;
#1412 = CARTESIAN_POINT ( 'NONE',  ( 3.128244161247637000, 9.234663112976910800, 0.2242136438187901900 ) ) ;
#1413 = CARTESIAN_POINT ( 'NONE',  ( 2.873113895307013000, 9.317197293994301100, 0.2253050550805238700 ) ) ;
#1414 = CARTESIAN_POINT ( 'NONE',  ( 3.682016872105562400, 2.122985124150385900, 0.1736832355922680900 ) ) ;
#1415 = CARTESIAN_POINT ( 'NONE',  ( 0.8722661288510572500, 4.159805103355945600, 0.2248929654920793200 ) ) ;
#1416 = CARTESIAN_POINT ( 'NONE',  ( -3.750000000000000400, 9.750000000000000000, -2.200000000000000600 ) ) ;
#1417 = CARTESIAN_POINT ( 'NONE',  ( 3.702488604442185400, 2.086933010465344300, 0.1507637592634882000 ) ) ;
#1418 = CARTESIAN_POINT ( 'NONE',  ( 3.567868392335118400, 2.311135922047131300, 0.2461671149039619800 ) ) ;
#1419 = CARTESIAN_POINT ( 'NONE',  ( 3.221160653804182200, 9.202664743700063700, 0.1334402045019272600 ) ) ;
#1420 = CARTESIAN_POINT ( 'NONE',  ( 1.250000000000000200, 4.062019202317980400, 0.06707040394356414400 ) ) ;
#1421 = CARTESIAN_POINT ( 'NONE',  ( 3.064554447486693300, 9.256106359686148400, 0.2498109711229930500 ) ) ;
#1422 = CARTESIAN_POINT ( 'NONE',  ( 1.129709519810356800, 4.097384098873520800, 0.2233315698940252800 ) ) ;
#1423 = CARTESIAN_POINT ( 'NONE',  ( 2.778389554076087500, 9.345881464924634200, 0.1332338608102389700 ) ) ;
#1424 = CARTESIAN_POINT ( 'NONE',  ( -3.750000000000000400, 4.250000000000000000, 3.999999999999998200 ) ) ;
#1425 = CARTESIAN_POINT ( 'NONE',  ( -2.250000000000000400, 10.45710678118655100, 0.0000000000000000000 ) ) ;
#1426 = DIRECTION ( 'NONE',  ( -1.000000000000000000, 0.0000000000000000000, 0.0000000000000000000 ) ) ;
#1427 = DIRECTION ( 'NONE',  ( -0.0000000000000000000, 1.000000000000000000, -0.0000000000000000000 ) ) ;
#1428 = CARTESIAN_POINT ( 'NONE',  ( -1.000000000000000000, 4.250000000000000000, 0.0000000000000000000 ) ) ;
#1429 = CARTESIAN_POINT ( 'NONE',  ( 0.7499999999999993300, 4.183300132670378700, 0.06705599932887951200 ) ) ;
#1430 = CARTESIAN_POINT ( 'NONE',  ( 1.221883434140505400, 4.070847691356767900, 0.1321714465941082100 ) ) ;
#1431 = CARTESIAN_POINT ( 'NONE',  ( 1.065708314501275800, 4.114748518536604400, 0.2496566675993020800 ) ) ;
#1432 = CARTESIAN_POINT ( 'NONE',  ( 0.7776292493438596900, 4.178530776243236200, 0.1320758759923286500 ) ) ;
#1433 = CARTESIAN_POINT ( 'NONE',  ( -2.750000000000000400, 10.45710678118655100, 0.0000000000000000000 ) ) ;
#1434 = CARTESIAN_POINT ( 'NONE',  ( 0.9369306957434233600, 4.145967975487758700, 0.2503363679771245000 ) ) ;
#1435 = DIRECTION ( 'NONE',  ( 0.0000000000000000000, -0.7071067811865489100, 0.7071067811865462400 ) ) ;
#1436 = CARTESIAN_POINT ( 'NONE',  ( -4.250000000000000000, 9.250000000000000000, -2.699999999999995700 ) ) ;
#1437 = CARTESIAN_POINT ( 'NONE',  ( -4.249999999999999100, 9.542893218813453900, -2.407106781186546800 ) ) ;
#1438 = DIRECTION ( 'NONE',  ( 0.0000000000000000000, 0.0000000000000000000, -1.000000000000000000 ) ) ;
#1439 = DIRECTION ( 'NONE',  ( -0.0000000000000000000, 1.000000000000000000, -0.0000000000000000000 ) ) ;
#1440 = CARTESIAN_POINT ( 'NONE',  ( -4.042893218813452100, 9.750000000000000000, -2.200000000000000600 ) ) ;
#1441 = CARTESIAN_POINT ( 'NONE',  ( 3.250000000000000900, 9.192388155425117400, 0.06781081254385758200 ) ) ;
#1442 = CARTESIAN_POINT ( 'NONE',  ( 0.7499999999999995600, 4.183300132670377800, 0.0000000000000000000 ) ) ;
#1443 = CARTESIAN_POINT ( 'NONE',  ( 0.0000000000000000000, 4.250000000000000000, 0.0000000000000000000 ) ) ;
#1444 = CARTESIAN_POINT ( 'NONE',  ( 3.617086480150012200, 2.233034198227020100, 0.2279797982138940500 ) ) ;
#1445 = DIRECTION ( 'NONE',  ( -2.312964634635743000E-016, -1.000000000000000000, -0.0000000000000000000 ) ) ;
#1446 = DIRECTION ( 'NONE',  ( 0.0000000000000000000, 1.000000000000000000, 0.0000000000000000000 ) ) ;
#1447 = DIRECTION ( 'NONE',  ( -1.000000000000000000, 0.0000000000000000000, 0.0000000000000000000 ) ) ;
#1448 = CARTESIAN_POINT ( 'NONE',  ( 3.250000000000000400, 2.738612787525830600, 0.0000000000000000000 ) ) ;
#1449 = CARTESIAN_POINT ( 'NONE',  ( 3.249999999999999100, 2.738612787525831500, 0.04722764331963177200 ) ) ;
#1450 = DIRECTION ( 'NONE',  ( -0.0000000000000000000, 1.000000000000000000, -0.0000000000000000000 ) ) ;
#1451 = CARTESIAN_POINT ( 'NONE',  ( 3.329565133045398800, 2.641649843215938500, 0.1856832937180755100 ) ) ;
#1452 = CARTESIAN_POINT ( 'NONE',  ( 3.304188934299022900, 2.673168506155009000, 0.1604082431956795900 ) ) ;
#1453 = CARTESIAN_POINT ( 'NONE',  ( 2.250000000000000400, 9.486832980505138100, -1.530808498934194000E-017 ) ) ;
#1454 = CARTESIAN_POINT ( 'NONE',  ( 2.250000000000000400, 9.486832980505136300, 0.06680562486231431100 ) ) ;
#1455 = DIRECTION ( 'NONE',  ( -0.0000000000000000000, 1.000000000000000000, -0.0000000000000000000 ) ) ;
#1456 = DIRECTION ( 'NONE',  ( -0.0000000000000000000, 1.000000000000000000, -0.0000000000000000000 ) ) ;
#1457 = CARTESIAN_POINT ( 'NONE',  ( 3.408055925451394200, 2.540654696413267900, 0.2411464387272519700 ) ) ;
#1458 = CARTESIAN_POINT ( 'NONE',  ( 1.777386881229467800, 9.586745449046622600, 0.1315629021329730000 ) ) ;
#1459 = CARTESIAN_POINT ( 'NONE',  ( 1.749999999999999600, 9.591663046625441800, 0.06680079111128053900 ) ) ;
#1460 = CARTESIAN_POINT ( 'NONE',  ( 0.1307628283511514700, 4.248238196547839100, 0.2228230154865485900 ) ) ;
#1461 = CARTESIAN_POINT ( 'NONE',  ( 0.06604227562149346500, 4.250000000000069300, 0.2500000000011830500 ) ) ;
#1462 = CARTESIAN_POINT ( 'NONE',  ( 0.0000000000000000000, 4.250000000000000000, 0.2500000000000003900 ) ) ;
#1463 = CARTESIAN_POINT ( 'NONE',  ( 3.499999999999999600, -4.250000000000000000, 0.0000000000000000000 ) ) ;
#1464 = CARTESIAN_POINT ( 'NONE',  ( 1.750000000000000000, 9.591663046625440000, -1.530808498934194000E-017 ) ) ;
#1465 = CARTESIAN_POINT ( 'NONE',  ( -2.500000000000000000, 4.250000000000000900, 0.0000000000000000000 ) ) ;
#1466 = CARTESIAN_POINT ( 'NONE',  ( -0.7500000000000004400, 10.45710678118655100, 0.0000000000000000000 ) ) ;
#1467 = CARTESIAN_POINT ( 'NONE',  ( -2.000000000000000000, 4.250000000000000900, 0.0000000000000000000 ) ) ;
#1468 = CARTESIAN_POINT ( 'NONE',  ( 0.2500000000000000600, 4.242640687119284800, 4.592425496802581000E-017 ) ) ;
#1469 = DIRECTION ( 'NONE',  ( 0.0000000000000000000, 0.0000000000000000000, -1.000000000000000000 ) ) ;
#1470 = CARTESIAN_POINT ( 'NONE',  ( 3.264159116730766200, 2.721903678770900100, 0.09193397475832088000 ) ) ;
#1471 = CARTESIAN_POINT ( 'NONE',  ( 1.871454163988447000, 9.568827082901700400, 0.2243688167069668700 ) ) ;
#1472 = CARTESIAN_POINT ( 'NONE',  ( 0.7499999999999995600, 10.45710678118655100, 0.0000000000000000000 ) ) ;
#1473 = CARTESIAN_POINT ( 'NONE',  ( 2.222139011700826400, 9.493516063537365200, 0.1318595984888843400 ) ) ;
#1474 = CARTESIAN_POINT ( 'NONE',  ( 0.0000000000000000000, 0.0000000000000000000, 3.999999999999998200 ) ) ;
#1475 = CARTESIAN_POINT ( 'NONE',  ( 1.935973356989426600, 9.556090281512155100, 0.2501431516905087100 ) ) ;
#1476 = DIRECTION ( 'NONE',  ( -1.000000000000000000, 0.0000000000000000000, 0.0000000000000000000 ) ) ;
#1477 = CARTESIAN_POINT ( 'NONE',  ( 0.2229150914015956300, 4.244400494052354300, 0.1306058020699299700 ) ) ;
#1478 = DIRECTION ( 'NONE',  ( -2.312964634635743000E-016, -1.000000000000000000, -0.0000000000000000000 ) ) ;
#1479 = CARTESIAN_POINT ( 'NONE',  ( 4.250000000000000000, 8.774964387392120800, 3.999999999999998200 ) ) ;
#1480 = DIRECTION ( 'NONE',  ( -0.0000000000000000000, -0.0000000000000000000, -1.000000000000000000 ) ) ;
#1481 = CARTESIAN_POINT ( 'NONE',  ( 2.250000000000000400, 10.45710678118655100, 0.0000000000000000000 ) ) ;
#1482 = CARTESIAN_POINT ( 'NONE',  ( 2.129683125985671200, 9.514683327302943600, 0.2234166087551546200 ) ) ;
#1483 = DIRECTION ( 'NONE',  ( -2.312964634635743000E-016, -1.000000000000000000, -0.0000000000000000000 ) ) ;
#1484 = DIRECTION ( 'NONE',  ( 0.0000000000000000000, 0.0000000000000000000, -1.000000000000000000 ) ) ;
#1485 = CARTESIAN_POINT ( 'NONE',  ( 0.2500000000000003900, 4.242640687119284800, 0.06604245667574702700 ) ) ;
#1486 = CARTESIAN_POINT ( 'NONE',  ( 2.065139709925791300, 9.529011086459684400, 0.2498556093899996200 ) ) ;
#1487 = DIRECTION ( 'NONE',  ( 0.0000000000000000000, -1.000000000000000000, 0.0000000000000000000 ) ) ;
#1488 = CARTESIAN_POINT ( 'NONE',  ( -3.250000000000000000, -9.192388155425119200, 0.06852755910626831500 ) ) ;
#1489 = DIRECTION ( 'NONE',  ( 0.7071067811865490200, 8.659560562354952600E-017, -0.7071067811865460200 ) ) ;
#1490 = DIRECTION ( 'NONE',  ( 0.0000000000000000000, 0.0000000000000000000, -1.000000000000000000 ) ) ;
#1491 = CARTESIAN_POINT ( 'NONE',  ( -4.250000000000000000, -9.750000000000000000, 0.0000000000000000000 ) ) ;
#1492 = CARTESIAN_POINT ( 'NONE',  ( -2.750000000000000000, -9.354143466934854000, -1.530808498934194000E-017 ) ) ;
#1493 = CARTESIAN_POINT ( 'NONE',  ( -3.199999999999987700, 0.0000000000000000000, 34.99999999999999300 ) ) ;
#1494 = CARTESIAN_POINT ( 'NONE',  ( -3.749999999999999600, -1.999999999999999600, 0.04737645451303067900 ) ) ;
#1495 = DIRECTION ( 'NONE',  ( 0.0000000000000000000, -1.000000000000000000, 0.0000000000000000000 ) ) ;
#1496 = DIRECTION ( 'NONE',  ( 1.000000000000000000, 0.0000000000000000000, 0.0000000000000000000 ) ) ;
#1497 = CARTESIAN_POINT ( 'NONE',  ( 0.0000000000000000000, -9.750000000000000000, 0.0000000000000000000 ) ) ;
#1498 = CARTESIAN_POINT ( 'NONE',  ( -3.617086480150012200, -2.233034198227019200, 0.2279797982138940000 ) ) ;
#1499 = CARTESIAN_POINT ( 'NONE',  ( -3.682016872105563300, -2.122985124150385000, 0.1736832355922682000 ) ) ;
#1500 = CARTESIAN_POINT ( 'NONE',  ( -2.750000000000000000, -9.354143466934854000, 0.06724679874932088000 ) ) ;
#1501 = DIRECTION ( 'NONE',  ( 0.0000000000000000000, 0.0000000000000000000, -1.000000000000000000 ) ) ;
#1502 = CARTESIAN_POINT ( 'NONE',  ( -3.564159339071813800, -9.075454384177305700, 0.2497881552948399400 ) ) ;
#1503 = CARTESIAN_POINT ( 'NONE',  ( -3.750000000000000400, 3.750000000000000400, 3.999999999999998200 ) ) ;
#1504 = CARTESIAN_POINT ( 'NONE',  ( -3.750000000000000000, -9.000000000000001800, -1.530808498934194000E-017 ) ) ;
#1505 = CARTESIAN_POINT ( 'NONE',  ( -3.720497894886746400, -9.012376433894420600, 0.1345035353646350800 ) ) ;
#1506 = CARTESIAN_POINT ( 'NONE',  ( -3.279096268962249400, -9.182188629630772400, 0.1343815463998088200 ) ) ;
#1507 = CARTESIAN_POINT ( 'NONE',  ( 4.000000000000000000, 4.898587196589412800E-016, 34.99999999999999300 ) ) ;
#1508 = CARTESIAN_POINT ( 'NONE',  ( -3.702488604442187200, -2.086933010465344700, 0.1507637592634877300 ) ) ;
#1509 = CARTESIAN_POINT ( 'NONE',  ( 1.250000000000000400, 10.45710678118655100, 0.0000000000000000000 ) ) ;
#1510 = CARTESIAN_POINT ( 'NONE',  ( -3.437502337361112700, -9.124181155271569900, 0.2502090835289696400 ) ) ;
#1511 = DIRECTION ( 'NONE',  ( 0.0000000000000000000, -1.000000000000000000, 0.0000000000000000000 ) ) ;
#1512 = DIRECTION ( 'NONE',  ( 0.0000000000000000000, 0.0000000000000000000, -1.000000000000000000 ) ) ;
#1513 = CARTESIAN_POINT ( 'NONE',  ( -3.736169421758386300, -2.026018091753330800, 0.08919277023679046700 ) ) ;
#1514 = CARTESIAN_POINT ( 'NONE',  ( -3.567868392335120700, -2.311135922047131700, 0.2461671149039618100 ) ) ;
#1515 = DIRECTION ( 'NONE',  ( -1.000000000000000000, 0.0000000000000000000, 0.0000000000000000000 ) ) ;
#1516 = DIRECTION ( 'NONE',  ( 1.000000000000000000, -2.312964634635743000E-016, -0.0000000000000000000 ) ) ;
#1517 = CARTESIAN_POINT ( 'NONE',  ( -3.464073786600938600, -2.463985981328805000, 0.2528115391533763400 ) ) ;
#1518 = CARTESIAN_POINT ( 'NONE',  ( -3.408055925451395600, -2.540654696413266600, 0.2411464387272520500 ) ) ;
#1519 = CARTESIAN_POINT ( 'NONE',  ( -3.329565133045399700, -2.641649843215938100, 0.1856832937180758800 ) ) ;
#1520 = CARTESIAN_POINT ( 'NONE',  ( -3.627248860594434200, -9.050309346944370500, 0.2247626529307977200 ) ) ;
#1521 = CARTESIAN_POINT ( 'NONE',  ( -3.250000000000000000, -9.192388155425117400, -7.081923622059985600E-017 ) ) ;
#1522 = CARTESIAN_POINT ( 'NONE',  ( -4.250000000000000000, 3.750000000000000400, 3.999999999999998200 ) ) ;
#1523 = CARTESIAN_POINT ( 'NONE',  ( 0.0000000000000000000, 4.250000000000000000, 3.999999999999998200 ) ) ;
#1524 = CARTESIAN_POINT ( 'NONE',  ( -3.304188934299025200, -2.673168506155009900, 0.1604082431956794800 ) ) ;
#1525 = CARTESIAN_POINT ( 'NONE',  ( -3.249999999999999600, -2.738612787525831500, 0.04722764331963141100 ) ) ;
#1526 = CARTESIAN_POINT ( 'NONE',  ( -3.250000000000000400, -2.738612787525830600, 0.0000000000000000000 ) ) ;
#1527 = CARTESIAN_POINT ( 'NONE',  ( -3.749999999999999600, -9.000000000000001800, 0.06851570577205608200 ) ) ;
#1528 = CARTESIAN_POINT ( 'NONE',  ( 3.199999999999987700, 3.918869757271515200E-016, 34.99999999999999300 ) ) ;
#1529 = DIRECTION ( 'NONE',  ( -0.0000000000000000000, -1.000000000000000000, -0.0000000000000000000 ) ) ;
#1530 = DIRECTION ( 'NONE',  ( 1.000000000000000000, 0.0000000000000000000, 0.0000000000000000000 ) ) ;
#1531 = CARTESIAN_POINT ( 'NONE',  ( -3.374223689800612400, -9.147659529214623200, 0.2259140947170634500 ) ) ;
#1532 = DIRECTION ( 'NONE',  ( -0.0000000000000000000, -0.0000000000000000000, -1.000000000000000000 ) ) ;
#1533 = CARTESIAN_POINT ( 'NONE',  ( 0.0000000000000000000, 0.0000000000000000000, 34.19999999999998900 ) ) ;
#1534 = CARTESIAN_POINT ( 'NONE',  ( -3.264159116730767500, -2.721903678770900100, 0.09193397475832063000 ) ) ;
#1535 = DIRECTION ( 'NONE',  ( -0.0000000000000000000, -0.0000000000000000000, -1.000000000000000000 ) ) ;
#1536 = CARTESIAN_POINT ( 'NONE',  ( -3.750000000000000400, -2.000000000000001800, 0.0000000000000000000 ) ) ;
#1537 = CARTESIAN_POINT ( 'NONE',  ( -0.3707463405100469600, -4.234059831625534900, 0.2239856835944681000 ) ) ;
#1538 = DIRECTION ( 'NONE',  ( 1.000000000000000000, 0.0000000000000000000, 0.0000000000000000000 ) ) ;
#1539 = CARTESIAN_POINT ( 'NONE',  ( -3.064554447486693300, -9.256106359686148400, 0.2498109711229930500 ) ) ;
#1540 = CARTESIAN_POINT ( 'NONE',  ( -0.7226326679954612200, -4.188373898322600700, 0.1310112005371987500 ) ) ;
#1541 = CARTESIAN_POINT ( 'NONE',  ( -2.249999999999999600, -9.486832980505139900, 0.06724356287475431700 ) ) ;
#1542 = CARTESIAN_POINT ( 'NONE',  ( -2.372195821962688200, -9.457142678447034700, 0.2247912420353639900 ) ) ;
#1543 = CARTESIAN_POINT ( 'NONE',  ( -0.06604227562149292400, -4.250000000000069300, 0.2500000000011832200 ) ) ;
#1544 = CARTESIAN_POINT ( 'NONE',  ( -2.873113895307013000, -9.317197293994301100, 0.2253050550805238400 ) ) ;
#1545 = DIRECTION ( 'NONE',  ( -0.7071067811865490200, 0.0000000000000000000, -0.7071067811865460200 ) ) ;
#1546 = DIRECTION ( 'NONE',  ( -1.000000000000000000, 0.0000000000000000000, 0.0000000000000000000 ) ) ;
#1547 = DIRECTION ( 'NONE',  ( 0.0000000000000000000, 0.0000000000000000000, -1.000000000000000000 ) ) ;
#1548 = CARTESIAN_POINT ( 'NONE',  ( -0.2768816412919253300, -4.241232375560425500, 0.1307451450503643600 ) ) ;
#1549 = CARTESIAN_POINT ( 'NONE',  ( -0.7500000000000004400, -4.183300132670377800, 0.06631593945297445400 ) ) ;
#1550 = CARTESIAN_POINT ( 'NONE',  ( -3.250000000000000000, -9.192388155425117400, -7.081923622059985600E-017 ) ) ;
#1551 = CARTESIAN_POINT ( 'NONE',  ( 0.0000000000000000000, -4.250000000000000000, 0.2500000000000003900 ) ) ;
#1552 = CARTESIAN_POINT ( 'NONE',  ( -2.936918047341686500, -9.297392714445887700, 0.2501868606312874200 ) ) ;
#1553 = CARTESIAN_POINT ( 'NONE',  ( -2.277825895801695900, -9.480314860101259500, 0.1323014657638974500 ) ) ;
#1554 = CARTESIAN_POINT ( 'NONE',  ( 4.250000000000000000, -9.750000000000000000, -5.700000000000000200 ) ) ;
#1555 = DIRECTION ( 'NONE',  ( -1.000000000000000000, 0.0000000000000000000, 0.0000000000000000000 ) ) ;
#1556 = CARTESIAN_POINT ( 'NONE',  ( -2.749999999999999600, -9.354143466934852200, 0.06781244932962050800 ) ) ;
#1557 = CARTESIAN_POINT ( 'NONE',  ( -2.436408642035800200, -9.440912554357918700, 0.2501650460785481700 ) ) ;
#1558 = CARTESIAN_POINT ( 'NONE',  ( -0.2229150914015955700, -4.244400494052354300, 0.1306058020699299200 ) ) ;
#1559 = DIRECTION ( 'NONE',  ( 0.0000000000000000000, 1.000000000000000000, 0.0000000000000000000 ) ) ;
#1560 = CARTESIAN_POINT ( 'NONE',  ( -2.778389554076087500, -9.345881464924634200, 0.1332338608102390000 ) ) ;
#1561 = CARTESIAN_POINT ( 'NONE',  ( -0.5657471482311557900, -4.212685087520602800, 0.2498066084134055200 ) ) ;
#1562 = CARTESIAN_POINT ( 'NONE',  ( -0.2499999999999995300, -4.242640687119287400, 0.06630727174850832600 ) ) ;
#1563 = CARTESIAN_POINT ( 'NONE',  ( 0.0000000000000000000, 0.0000000000000000000, 3.999999999999998200 ) ) ;
#1564 = CARTESIAN_POINT ( 'NONE',  ( -2.721704337179971000, -9.362539528984175500, 0.1325628663367958700 ) ) ;
#1565 = CARTESIAN_POINT ( 'NONE',  ( -0.2500000000000003900, -4.242640687119284800, 0.0000000000000000000 ) ) ;
#1566 = CARTESIAN_POINT ( 'NONE',  ( -0.2500000000000003300, -9.746794344808963100, 0.06603003738312619700 ) ) ;
#1567 = CARTESIAN_POINT ( 'NONE',  ( -0.2500000000000003900, -4.242640687119284800, 0.0000000000000000000 ) ) ;
#1568 = DIRECTION ( 'NONE',  ( -0.0000000000000000000, -0.0000000000000000000, 1.000000000000000000 ) ) ;
#1569 = CARTESIAN_POINT ( 'NONE',  ( -2.250000000000000000, -9.486832980505138100, -1.530808498934194000E-017 ) ) ;
#1570 = CARTESIAN_POINT ( 'NONE',  ( 0.0000000000000000000, 0.0000000000000000000, 3.999999999999996400 ) ) ;
#1571 = CARTESIAN_POINT ( 'NONE',  ( 0.0000000000000000000, 6.249999999999986700, -5.700000000000000200 ) ) ;
#1572 = CARTESIAN_POINT ( 'NONE',  ( -3.250000000000000900, -9.192388155425117400, 0.06781081254385765100 ) ) ;
#1573 = CARTESIAN_POINT ( 'NONE',  ( 0.0000000000000000000, 0.0000000000000000000, -5.700000000000000200 ) ) ;
#1574 = CARTESIAN_POINT ( 'NONE',  ( -0.2499999999999996400, -9.746794344808963100, -1.530808498934194000E-017 ) ) ;
#1575 = CARTESIAN_POINT ( 'NONE',  ( -0.7500000000000004400, -4.183300132670377800, 0.0000000000000000000 ) ) ;
#1576 = CARTESIAN_POINT ( 'NONE',  ( -2.629050606823915400, -9.388978317025461700, 0.2237669938445267000 ) ) ;
#1577 = CARTESIAN_POINT ( 'NONE',  ( -3.128244161247637000, -9.234663112976910800, 0.2242136438187901900 ) ) ;
#1578 = CARTESIAN_POINT ( 'NONE',  ( -0.2500000000000003900, -4.242640687119284800, 0.06604245667574713800 ) ) ;
#1579 = DIRECTION ( 'NONE',  ( 0.0000000000000000000, 0.0000000000000000000, -1.000000000000000000 ) ) ;
#1580 = CARTESIAN_POINT ( 'NONE',  ( -3.221160653804182200, -9.202664743700063700, 0.1334402045019272600 ) ) ;
#1581 = DIRECTION ( 'NONE',  ( -1.000000000000000000, 0.0000000000000000000, 0.0000000000000000000 ) ) ;
#1582 = CARTESIAN_POINT ( 'NONE',  ( -2.564882508190226700, -9.406821708164745400, 0.2498332868497677200 ) ) ;
#1583 = CARTESIAN_POINT ( 'NONE',  ( -2.750000000000000000, -9.354143466934854000, -1.530808498934194000E-017 ) ) ;
#1584 = CARTESIAN_POINT ( 'NONE',  ( -0.6305720730506041400, -4.203219331142852500, 0.2228904961281278100 ) ) ;
#1585 = CARTESIAN_POINT ( 'NONE',  ( -0.1307628283511515200, -4.248238196547839100, 0.2228230154865486200 ) ) ;
#1586 = CARTESIAN_POINT ( 'NONE',  ( -0.4357318856026672300, -4.228111068340008500, 0.2501912040407285300 ) ) ;
#1587 = DIRECTION ( 'NONE',  ( -0.0000000000000000000, -1.000000000000000000, -0.0000000000000000000 ) ) ;
#1588 = CARTESIAN_POINT ( 'NONE',  ( 0.0000000000000000000, -9.750000000000000000, 0.2500000000000002200 ) ) ;
#1589 = CARTESIAN_POINT ( 'NONE',  ( -0.1307542633165020300, -9.749232169216297100, 0.2228319744153704200 ) ) ;
#1590 = CARTESIAN_POINT ( 'NONE',  ( 0.0000000000000000000, 9.750000000000000000, 3.999999999999998200 ) ) ;
#1591 = CARTESIAN_POINT ( 'NONE',  ( -0.2229251426284282700, -9.747560153568763000, 0.1305953558951787300 ) ) ;
#1592 = CARTESIAN_POINT ( 'NONE',  ( -1.000000000000000000, 9.750000000000000000, 0.0000000000000000000 ) ) ;
#1593 = CARTESIAN_POINT ( 'NONE',  ( -0.06603000283582281800, -9.750000000000028400, 0.2500000000011248200 ) ) ;
#1594 = DIRECTION ( 'NONE',  ( 0.0000000000000000000, 0.0000000000000000000, 1.000000000000000000 ) ) ;
#1595 = DIRECTION ( 'NONE',  ( -0.0000000000000000000, -0.0000000000000000000, -1.000000000000000000 ) ) ;
#1596 = CARTESIAN_POINT ( 'NONE',  ( -0.5000000000000000000, 9.750000000000000000, 0.0000000000000000000 ) ) ;
#1597 = DIRECTION ( 'NONE',  ( -0.0000000000000000000, -1.000000000000000000, -0.0000000000000000000 ) ) ;
#1598 = DIRECTION ( 'NONE',  ( 0.0000000000000000000, 0.0000000000000000000, 1.000000000000000000 ) ) ;
#1599 = CARTESIAN_POINT ( 'NONE',  ( -4.250000000000000000, 3.750000000000000000, 0.0000000000000000000 ) ) ;
#1600 = CARTESIAN_POINT ( 'NONE',  ( -0.7500000000000004400, 4.250000000000000000, 0.0000000000000000000 ) ) ;
#1601 = CARTESIAN_POINT ( 'NONE',  ( 0.0000000000000000000, 4.250000000000000000, 0.2500000000000003900 ) ) ;
#1602 = CARTESIAN_POINT ( 'NONE',  ( -0.7499999999999995600, 9.750000000000000000, 0.0000000000000000000 ) ) ;
#1603 = CARTESIAN_POINT ( 'NONE',  ( 1.750000000000000000, 3.872983346207417500, 0.0000000000000000000 ) ) ;
#1604 = CARTESIAN_POINT ( 'NONE',  ( 4.250000000000000000, 0.0000000000000000000, 0.0000000000000000000 ) ) ;
#1605 = CARTESIAN_POINT ( 'NONE',  ( 2.250000000000000400, -9.750000000000000000, 0.0000000000000000000 ) ) ;
#1606 = CARTESIAN_POINT ( 'NONE',  ( 3.750000000000000000, -9.750000000000000000, 0.0000000000000000000 ) ) ;
#1607 = CARTESIAN_POINT ( 'NONE',  ( 3.750000000000000000, -9.750000000000000000, -2.200000000000000600 ) ) ;
#1608 = CARTESIAN_POINT ( 'NONE',  ( 4.250000000000000000, -9.250000000000000000, 0.0000000000000000000 ) ) ;
#1609 = CARTESIAN_POINT ( 'NONE',  ( -3.250000000000000000, 9.750000000000000000, 0.0000000000000000000 ) ) ;
#1610 = CARTESIAN_POINT ( 'NONE',  ( -2.750000000000000400, -3.240370349203930200, 0.0000000000000000000 ) ) ;
#1611 = CARTESIAN_POINT ( 'NONE',  ( -4.250000000000000000, 0.0000000000000000000, 0.0000000000000000000 ) ) ;
#1612 = CARTESIAN_POINT ( 'NONE',  ( -3.250000000000000400, -2.738612787525830600, 0.0000000000000000000 ) ) ;
#1613 = CARTESIAN_POINT ( 'NONE',  ( 4.250000000000000000, 8.774964387392120800, -2.200000000000000600 ) ) ;
#1614 = CARTESIAN_POINT ( 'NONE',  ( 3.750000000000000000, 9.000000000000001800, -1.530808498934194000E-017 ) ) ;
#1615 = CARTESIAN_POINT ( 'NONE',  ( 1.249999999999999100, -9.750000000000000000, 0.0000000000000000000 ) ) ;
#1616 = CARTESIAN_POINT ( 'NONE',  ( -4.250000000000000000, 9.250000000000000000, 0.0000000000000000000 ) ) ;
#1617 = CARTESIAN_POINT ( 'NONE',  ( 0.0000000000000000000, -9.750000000000000000, -2.200000000000000600 ) ) ;
#1618 = CARTESIAN_POINT ( 'NONE',  ( -3.750000000000000400, -2.000000000000001800, 0.0000000000000000000 ) ) ;
#1619 = CARTESIAN_POINT ( 'NONE',  ( 3.249999999999999600, -9.750000000000000000, 0.0000000000000000000 ) ) ;
#1620 = CARTESIAN_POINT ( 'NONE',  ( 4.250000000000000000, 8.774964387392120800, 0.0000000000000000000 ) ) ;
#1621 = CARTESIAN_POINT ( 'NONE',  ( -3.250000000000000000, -9.192388155425117400, -7.081923622059985600E-017 ) ) ;
#1622 = CARTESIAN_POINT ( 'NONE',  ( -3.750000000000000400, 9.750000000000000000, -2.200000000000000600 ) ) ;
#1623 = CARTESIAN_POINT ( 'NONE',  ( 0.7499999999999995600, 4.183300132670377800, 0.0000000000000000000 ) ) ;
#1624 = CARTESIAN_POINT ( 'NONE',  ( -1.749999999999999600, -9.591663046625440000, -1.530808498934194000E-017 ) ) ;
#1625 = CARTESIAN_POINT ( 'NONE',  ( -4.250000000000000000, -8.774964387392120800, -2.200000000000000600 ) ) ;
#1626 = CARTESIAN_POINT ( 'NONE',  ( -4.250000000000000000, 9.250000000000000000, -2.699999999999995700 ) ) ;
#1627 = CARTESIAN_POINT ( 'NONE',  ( -1.750000000000000400, -3.872983346207417000, 0.0000000000000000000 ) ) ;
#1628 = CARTESIAN_POINT ( 'NONE',  ( -4.250000000000000000, -8.774964387392120800, 0.0000000000000000000 ) ) ;
#1629 = CARTESIAN_POINT ( 'NONE',  ( -3.750000000000000000, -9.000000000000001800, -1.530808498934194000E-017 ) ) ;
#1630 = CARTESIAN_POINT ( 'NONE',  ( -2.750000000000000000, 9.750000000000000000, 0.0000000000000000000 ) ) ;
#1631 = CARTESIAN_POINT ( 'NONE',  ( 1.250000000000000400, 4.062019202317980400, 0.0000000000000000000 ) ) ;
#1632 = CARTESIAN_POINT ( 'NONE',  ( 1.250000000000000400, -4.250000000000000000, 0.0000000000000000000 ) ) ;
#1633 = CARTESIAN_POINT ( 'NONE',  ( -3.750000000000000000, 9.750000000000000000, 4.592425496802592700E-017 ) ) ;
#1634 = CARTESIAN_POINT ( 'NONE',  ( 1.749999999999999600, -9.750000000000000000, 0.0000000000000000000 ) ) ;
#1635 = CARTESIAN_POINT ( 'NONE',  ( 0.0000000000000000000, 6.249999999999986700, -5.700000000000000200 ) ) ;
#1636 = CARTESIAN_POINT ( 'NONE',  ( -0.2499999999999996400, 9.750000000000000000, 0.0000000000000000000 ) ) ;
#1637 = CARTESIAN_POINT ( 'NONE',  ( 2.750000000000000900, 9.354143466934854000, -1.530808498934194000E-017 ) ) ;
#1638 = CARTESIAN_POINT ( 'NONE',  ( -3.199999999999987700, 0.0000000000000000000, 34.99999999999999300 ) ) ;
#1639 = CARTESIAN_POINT ( 'NONE',  ( 4.250000000000000000, -9.250000000000000000, -2.699999999999999300 ) ) ;
#1640 = CARTESIAN_POINT ( 'NONE',  ( 2.750000000000000000, 3.240370349203930600, 0.0000000000000000000 ) ) ;
#1641 = CARTESIAN_POINT ( 'NONE',  ( -1.249999999999999600, 9.750000000000000000, 0.0000000000000000000 ) ) ;
#1642 = CARTESIAN_POINT ( 'NONE',  ( 1.250000000000000400, 9.669539802906857800, -1.530808498934194000E-017 ) ) ;
#1643 = CARTESIAN_POINT ( 'NONE',  ( 2.250000000000000400, 9.486832980505138100, -1.530808498934194000E-017 ) ) ;
#1644 = CARTESIAN_POINT ( 'NONE',  ( -1.250000000000000400, 4.250000000000000000, 0.0000000000000000000 ) ) ;
#1645 = CARTESIAN_POINT ( 'NONE',  ( -0.7500000000000004400, -4.183300132670377800, 0.0000000000000000000 ) ) ;
#1646 = CARTESIAN_POINT ( 'NONE',  ( -0.2500000000000003900, 4.250000000000000000, 0.0000000000000000000 ) ) ;
#1647 = CARTESIAN_POINT ( 'NONE',  ( 3.250000000000000400, -4.250000000000000000, 0.0000000000000000000 ) ) ;
#1648 = CARTESIAN_POINT ( 'NONE',  ( 0.0000000000000000000, 4.250000000000000000, 3.999999999999998200 ) ) ;
#1649 = CARTESIAN_POINT ( 'NONE',  ( 0.0000000000000000000, 9.750000000000000000, 0.2500000000000003900 ) ) ;
#1650 = CARTESIAN_POINT ( 'NONE',  ( 2.250000000000000400, -4.250000000000000000, 0.0000000000000000000 ) ) ;
#1651 = CARTESIAN_POINT ( 'NONE',  ( -4.250000000000000000, -4.582575694955821200, -5.700000000000000200 ) ) ;
#1652 = CARTESIAN_POINT ( 'NONE',  ( -2.750000000000000400, 4.250000000000000900, 0.0000000000000000000 ) ) ;
#1653 = CARTESIAN_POINT ( 'NONE',  ( 2.750000000000000000, -4.250000000000000000, 0.0000000000000000000 ) ) ;
#1654 = CARTESIAN_POINT ( 'NONE',  ( 2.750000000000000000, -9.750000000000000000, 0.0000000000000000000 ) ) ;
#1655 = CARTESIAN_POINT ( 'NONE',  ( -3.250000000000000400, 4.250000000000000900, 0.0000000000000000000 ) ) ;
#1656 = CARTESIAN_POINT ( 'NONE',  ( 0.0000000000000000000, -4.250000000000000000, 0.2500000000000003900 ) ) ;
#1657 = CARTESIAN_POINT ( 'NONE',  ( 3.250000000000000400, 9.192388155425117400, -1.530808498934194000E-017 ) ) ;
#1658 = CARTESIAN_POINT ( 'NONE',  ( -4.000000000000000000, 0.0000000000000000000, 3.999999999999996400 ) ) ;
#1659 = CARTESIAN_POINT ( 'NONE',  ( -4.250000000000000000, 0.0000000000000000000, 3.999999999999998200 ) ) ;
#1660 = CARTESIAN_POINT ( 'NONE',  ( 4.000000000000000000, 4.898587196589412800E-016, 34.19999999999998900 ) ) ;
#1661 = CARTESIAN_POINT ( 'NONE',  ( 0.2500000000000003900, 9.746794344808963100, 0.0000000000000000000 ) ) ;
#1662 = CARTESIAN_POINT ( 'NONE',  ( 4.000000000000000000, 4.898587196589412800E-016, 3.999999999999996400 ) ) ;
#1663 = CARTESIAN_POINT ( 'NONE',  ( 0.7500000000000008900, 9.721111047611790600, -1.530808498934194000E-017 ) ) ;
#1664 = CARTESIAN_POINT ( 'NONE',  ( -4.250000000000000000, 3.750000000000000400, 3.999999999999998200 ) ) ;
#1665 = CARTESIAN_POINT ( 'NONE',  ( -3.750000000000000400, 4.250000000000009800, 0.0000000000000000000 ) ) ;
#1666 = CARTESIAN_POINT ( 'NONE',  ( 0.7499999999999997800, -9.750000000000000000, 0.0000000000000000000 ) ) ;
#1667 = CARTESIAN_POINT ( 'NONE',  ( -1.749999999999999600, 9.750000000000000000, 0.0000000000000000000 ) ) ;
#1668 = CARTESIAN_POINT ( 'NONE',  ( 4.250000000000000000, -3.750000000000000000, 0.0000000000000000000 ) ) ;
#1669 = CARTESIAN_POINT ( 'NONE',  ( 4.250000000000000000, -3.750000000000000400, 3.999999999999998200 ) ) ;
#1670 = CARTESIAN_POINT ( 'NONE',  ( 1.750000000000000000, 9.591663046625440000, -1.530808498934194000E-017 ) ) ;
#1671 = CARTESIAN_POINT ( 'NONE',  ( 2.250000000000000400, 3.605551275463989600, 0.0000000000000000000 ) ) ;
#1672 = CARTESIAN_POINT ( 'NONE',  ( 3.750000000000000000, 2.000000000000000400, 0.0000000000000000000 ) ) ;
#1673 = CARTESIAN_POINT ( 'NONE',  ( 1.750000000000000000, -4.250000000000000000, 0.0000000000000000000 ) ) ;
#1674 = CARTESIAN_POINT ( 'NONE',  ( -2.250000000000000400, 4.250000000000000900, 0.0000000000000000000 ) ) ;
#1675 = CARTESIAN_POINT ( 'NONE',  ( -1.750000000000000400, 4.250000000000000900, 0.0000000000000000000 ) ) ;
#1676 = CARTESIAN_POINT ( 'NONE',  ( 0.2500000000000000600, -9.750000000000000000, 0.0000000000000000000 ) ) ;
#1677 = CARTESIAN_POINT ( 'NONE',  ( 0.0000000000000000000, -4.250000000000000000, 3.999999999999998200 ) ) ;
#1678 = CARTESIAN_POINT ( 'NONE',  ( -4.000000000000000000, 0.0000000000000000000, 34.19999999999998900 ) ) ;
#1679 = CARTESIAN_POINT ( 'NONE',  ( 3.250000000000000400, 2.738612787525830600, 0.0000000000000000000 ) ) ;
#1680 = CARTESIAN_POINT ( 'NONE',  ( 3.750000000000000000, -4.250000000000008900, 0.0000000000000000000 ) ) ;
#1681 = CARTESIAN_POINT ( 'NONE',  ( -3.750000000000000400, 4.250000000000000000, 3.999999999999998200 ) ) ;
#1682 = CARTESIAN_POINT ( 'NONE',  ( 4.250000000000000000, 5.204748896376250700E-016, 3.999999999999998200 ) ) ;
#1683 = CARTESIAN_POINT ( 'NONE',  ( -2.250000000000000000, 9.750000000000000000, 0.0000000000000000000 ) ) ;
#1684 = CARTESIAN_POINT ( 'NONE',  ( 0.0000000000000000000, 9.750000000000000000, -2.200000000000000600 ) ) ;
#1685 = CARTESIAN_POINT ( 'NONE',  ( -0.7499999999999995600, -9.721111047611790600, -1.530808498934194000E-017 ) ) ;
#1686 = CARTESIAN_POINT ( 'NONE',  ( -2.750000000000000000, -9.354143466934854000, -1.530808498934194000E-017 ) ) ;
#1687 = DIRECTION ( 'NONE',  ( -1.000000000000000000, 2.312964634635743000E-016, 0.0000000000000000000 ) ) ;
#1688 = CARTESIAN_POINT ( 'NONE',  ( 3.750000000000000400, -4.250000000000000000, 3.999999999999998200 ) ) ;
#1689 = DIRECTION ( 'NONE',  ( -1.000000000000000000, 0.0000000000000000000, 0.0000000000000000000 ) ) ;
#1690 = DIRECTION ( 'NONE',  ( 0.0000000000000000000, 1.000000000000000000, 0.0000000000000000000 ) ) ;
#1691 = DIRECTION ( 'NONE',  ( 0.0000000000000000000, -1.000000000000000000, -0.0000000000000000000 ) ) ;
#1692 = CARTESIAN_POINT ( 'NONE',  ( 3.750000000000000400, -4.250000000000000000, 3.999999999999998200 ) ) ;
#1693 = CARTESIAN_POINT ( 'NONE',  ( -3.750000000000000400, 9.250000000000000000, -5.700000000000000200 ) ) ;
#1694 = DIRECTION ( 'NONE',  ( 1.000000000000000000, 0.0000000000000000000, 0.0000000000000000000 ) ) ;
#1695 = DIRECTION ( 'NONE',  ( 1.000000000000000000, 0.0000000000000000000, 0.0000000000000000000 ) ) ;
#1696 = CARTESIAN_POINT ( 'NONE',  ( 4.250000000000000000, -6.249999999999986700, -5.700000000000000200 ) ) ;
#1697 = PLANE ( 'NONE',  #2134 ) ;
#1698 = DIRECTION ( 'NONE',  ( 1.000000000000000000, 0.0000000000000000000, -0.0000000000000000000 ) ) ;
#1699 = CARTESIAN_POINT ( 'NONE',  ( 0.7499999999999995600, -4.250000000000000000, 0.0000000000000000000 ) ) ;
#1700 = CARTESIAN_POINT ( 'NONE',  ( -2.250000000000000400, -3.605551275463989600, 0.0000000000000000000 ) ) ;
#1701 = DIRECTION ( 'NONE',  ( 0.0000000000000000000, 0.0000000000000000000, -1.000000000000000000 ) ) ;
#1702 = DIRECTION ( 'NONE',  ( 0.0000000000000000000, 0.0000000000000000000, 1.000000000000000000 ) ) ;
#1703 = DIRECTION ( 'NONE',  ( 0.0000000000000000000, 0.0000000000000000000, 1.000000000000000000 ) ) ;
#1704 = CARTESIAN_POINT ( 'NONE',  ( -0.2500000000000003900, -4.242640687119284800, 0.0000000000000000000 ) ) ;
#1705 = CARTESIAN_POINT ( 'NONE',  ( -4.250000000000000000, 9.750000000000000000, -2.200000000000000600 ) ) ;
#1706 = CARTESIAN_POINT ( 'NONE',  ( 0.0000000000000000000, -6.249999999999986700, -5.700000000000000200 ) ) ;
#1707 = DIRECTION ( 'NONE',  ( 0.0000000000000000000, 0.0000000000000000000, 1.000000000000000000 ) ) ;
#1708 = CARTESIAN_POINT ( 'NONE',  ( -1.249999999999999600, -9.669539802906857800, -1.530808498934194000E-017 ) ) ;
#1709 = CARTESIAN_POINT ( 'NONE',  ( 4.250000000000000000, 4.582575694955821200, -5.700000000000000200 ) ) ;
#1710 = PLANE ( 'NONE',  #2138 ) ;
#1711 = DIRECTION ( 'NONE',  ( 1.000000000000000000, 0.0000000000000000000, 0.0000000000000000000 ) ) ;
#1712 = CARTESIAN_POINT ( 'NONE',  ( 0.0000000000000000000, 0.0000000000000000000, 34.99999999999999300 ) ) ;
#1713 = CARTESIAN_POINT ( 'NONE',  ( 3.199999999999987700, 4.408728476930463300E-016, 34.99999999999999300 ) ) ;
#1714 = DIRECTION ( 'NONE',  ( -1.000000000000000000, 0.0000000000000000000, 0.0000000000000000000 ) ) ;
#1715 = DIRECTION ( 'NONE',  ( 0.0000000000000000000, 0.0000000000000000000, 1.000000000000000000 ) ) ;
#1716 = DIRECTION ( 'NONE',  ( 1.000000000000000000, 0.0000000000000000000, 0.0000000000000000000 ) ) ;
#1717 = CARTESIAN_POINT ( 'NONE',  ( 0.0000000000000000000, 0.0000000000000000000, 34.99999999999999300 ) ) ;
#1718 = DIRECTION ( 'NONE',  ( -1.000000000000000000, 0.0000000000000000000, 0.0000000000000000000 ) ) ;
#1719 = PLANE ( 'NONE',  #2145 ) ;
#1720 = CARTESIAN_POINT ( 'NONE',  ( 0.0000000000000000000, 0.0000000000000000000, -5.700000000000000200 ) ) ;
#1721 = DIRECTION ( 'NONE',  ( 0.0000000000000000000, -0.7071067811865462400, 0.7071067811865489100 ) ) ;
#1722 = CARTESIAN_POINT ( 'NONE',  ( 0.0000000000000000000, 0.0000000000000000000, -5.700000000000000200 ) ) ;
#1723 = CARTESIAN_POINT ( 'NONE',  ( 0.2500000000000003900, -4.250000000000000000, 0.0000000000000000000 ) ) ;
#1724 = CARTESIAN_POINT ( 'NONE',  ( 3.750000000000000000, -9.250000000000000000, -5.700000000000000200 ) ) ;
#1725 = DIRECTION ( 'NONE',  ( -0.0000000000000000000, -0.0000000000000000000, -1.000000000000000000 ) ) ;
#1726 = CARTESIAN_POINT ( 'NONE',  ( -2.250000000000000000, -9.486832980505138100, -1.530808498934194000E-017 ) ) ;
#1727 = CARTESIAN_POINT ( 'NONE',  ( -1.250000000000000400, -4.062019202317980400, 0.0000000000000000000 ) ) ;
#1728 = CARTESIAN_POINT ( 'NONE',  ( 0.0000000000000000000, 4.250000000000000000, 3.999999999999998200 ) ) ;
#1729 = DIRECTION ( 'NONE',  ( 2.312964634635743000E-016, 1.000000000000000000, 0.0000000000000000000 ) ) ;
#1730 = CARTESIAN_POINT ( 'NONE',  ( -4.250000000000000000, 6.249999999999986700, -5.700000000000000200 ) ) ;
#1731 = CARTESIAN_POINT ( 'NONE',  ( 0.0000000000000000000, -9.750000000000000000, 0.2500000000000002200 ) ) ;
#1732 = CARTESIAN_POINT ( 'NONE',  ( 0.0000000000000000000, 0.0000000000000000000, 34.99999999999999300 ) ) ;
#1733 = DIRECTION ( 'NONE',  ( 0.0000000000000000000, 0.0000000000000000000, 1.000000000000000000 ) ) ;
#1734 = PLANE ( 'NONE',  #2140 ) ;
#1735 = CARTESIAN_POINT ( 'NONE',  ( -0.2499999999999996400, -9.746794344808963100, -1.530808498934194000E-017 ) ) ;
#1736 = CARTESIAN_POINT ( 'NONE',  ( 0.2500000000000000600, 4.242640687119284800, 4.592425496802581000E-017 ) ) ;
#1737 = CARTESIAN_POINT ( 'NONE',  ( -2.500000000000000000, 10.45710678118655100, 0.0000000000000000000 ) ) ;
#1738 = DIRECTION ( 'NONE',  ( 0.0000000000000000000, 0.0000000000000000000, -1.000000000000000000 ) ) ;
#1739 = CARTESIAN_POINT ( 'NONE',  ( -1.000000000000000000, 10.45710678118655100, 0.0000000000000000000 ) ) ;
#1740 = CARTESIAN_POINT ( 'NONE',  ( -1.500000000000000000, 10.45710678118655100, 0.0000000000000000000 ) ) ;
#1741 = DIRECTION ( 'NONE',  ( 0.0000000000000000000, 0.0000000000000000000, -1.000000000000000000 ) ) ;
#1742 = DIRECTION ( 'NONE',  ( 0.0000000000000000000, 0.0000000000000000000, -1.000000000000000000 ) ) ;
#1743 = DIRECTION ( 'NONE',  ( 0.0000000000000000000, -1.000000000000000000, 0.0000000000000000000 ) ) ;
#1744 = DIRECTION ( 'NONE',  ( 0.0000000000000000000, 0.0000000000000000000, -1.000000000000000000 ) ) ;
#1745 = CARTESIAN_POINT ( 'NONE',  ( -3.750000000000000400, 3.750000000000000400, 3.999999999999998200 ) ) ;
#1746 = DIRECTION ( 'NONE',  ( 0.0000000000000000000, 0.0000000000000000000, -1.000000000000000000 ) ) ;
#1747 = DIRECTION ( 'NONE',  ( -1.000000000000000000, 0.0000000000000000000, 0.0000000000000000000 ) ) ;
#1748 = CARTESIAN_POINT ( 'NONE',  ( 0.0000000000000000000, 0.0000000000000000000, 34.99999999999999300 ) ) ;
#1749 = DIRECTION ( 'NONE',  ( -1.000000000000000000, 0.0000000000000000000, 0.0000000000000000000 ) ) ;
#1750 = DIRECTION ( 'NONE',  ( -1.000000000000000000, 0.0000000000000000000, 0.0000000000000000000 ) ) ;
#1751 = DIRECTION ( 'NONE',  ( 0.0000000000000000000, 0.0000000000000000000, -1.000000000000000000 ) ) ;
#1752 = DIRECTION ( 'NONE',  ( -1.000000000000000000, 0.0000000000000000000, -0.0000000000000000000 ) ) ;
#1753 = CARTESIAN_POINT ( 'NONE',  ( 3.499999999999999600, -9.750000000000000000, 0.0000000000000000000 ) ) ;
#1754 = CARTESIAN_POINT ( 'NONE',  ( 0.0000000000000000000, 0.0000000000000000000, 3.999999999999998200 ) ) ;
#1755 = DIRECTION ( 'NONE',  ( 0.0000000000000000000, -1.000000000000000000, 0.0000000000000000000 ) ) ;
#1756 = DIRECTION ( 'NONE',  ( 0.0000000000000000000, -1.000000000000000000, 0.0000000000000000000 ) ) ;
#1757 = CARTESIAN_POINT ( 'NONE',  ( 1.000000000000000000, 10.45710678118655100, 0.0000000000000000000 ) ) ;
#1758 = DIRECTION ( 'NONE',  ( 0.0000000000000000000, -1.000000000000000000, 0.0000000000000000000 ) ) ;
#1759 = CARTESIAN_POINT ( 'NONE',  ( -3.000000000000000000, 10.45710678118655100, 0.0000000000000000000 ) ) ;
#1760 = DIRECTION ( 'NONE',  ( 0.0000000000000000000, 0.0000000000000000000, -1.000000000000000000 ) ) ;
#1761 = CARTESIAN_POINT ( 'NONE',  ( -4.250000000000000000, 9.750000000000000000, -5.700000000000000200 ) ) ;
#1762 = DIRECTION ( 'NONE',  ( 0.0000000000000000000, 0.0000000000000000000, -1.000000000000000000 ) ) ;
#1763 = DIRECTION ( 'NONE',  ( 0.0000000000000000000, -1.000000000000000000, 0.0000000000000000000 ) ) ;
#1764 = DIRECTION ( 'NONE',  ( 0.0000000000000000000, -0.0000000000000000000, 1.000000000000000000 ) ) ;
#1765 = DIRECTION ( 'NONE',  ( 0.0000000000000000000, 0.0000000000000000000, -1.000000000000000000 ) ) ;
#1766 = CARTESIAN_POINT ( 'NONE',  ( 0.0000000000000000000, 10.45710678118655100, 0.0000000000000000000 ) ) ;
#1767 = CARTESIAN_POINT ( 'NONE',  ( 3.499999999999999600, 10.45710678118655100, 0.0000000000000000000 ) ) ;
#1768 = DIRECTION ( 'NONE',  ( 0.0000000000000000000, 0.0000000000000000000, -1.000000000000000000 ) ) ;
#1769 = DIRECTION ( 'NONE',  ( 0.0000000000000000000, -1.000000000000000000, 0.0000000000000000000 ) ) ;
#1770 = PLANE ( 'NONE',  #2204 ) ;
#1771 = CARTESIAN_POINT ( 'NONE',  ( 3.750000000000000400, -3.750000000000000400, 3.999999999999998200 ) ) ;
#1772 = DIRECTION ( 'NONE',  ( 1.000000000000000000, 0.0000000000000000000, 0.0000000000000000000 ) ) ;
#1773 = PLANE ( 'NONE',  #2150 ) ;
#1774 = DIRECTION ( 'NONE',  ( 0.0000000000000000000, 0.0000000000000000000, -1.000000000000000000 ) ) ;
#1775 = DIRECTION ( 'NONE',  ( 0.0000000000000000000, 0.0000000000000000000, -1.000000000000000000 ) ) ;
#1776 = CARTESIAN_POINT ( 'NONE',  ( 4.250000000000000000, -9.750000000000000000, -5.700000000000000200 ) ) ;
#1777 = CARTESIAN_POINT ( 'NONE',  ( -2.000000000000000000, 10.45710678118655100, 0.0000000000000000000 ) ) ;
#1778 = DIRECTION ( 'NONE',  ( 0.0000000000000000000, 0.0000000000000000000, -1.000000000000000000 ) ) ;
#1779 = DIRECTION ( 'NONE',  ( 0.0000000000000000000, -1.000000000000000000, 0.0000000000000000000 ) ) ;
#1780 = DIRECTION ( 'NONE',  ( 0.0000000000000000000, 0.0000000000000000000, -1.000000000000000000 ) ) ;
#1781 = DIRECTION ( 'NONE',  ( 0.0000000000000000000, 1.000000000000000000, 0.0000000000000000000 ) ) ;
#1782 = PLANE ( 'NONE',  #2205 ) ;
#1783 = DIRECTION ( 'NONE',  ( 0.0000000000000000000, -1.000000000000000000, 0.0000000000000000000 ) ) ;
#1784 = DIRECTION ( 'NONE',  ( -1.000000000000000000, 0.0000000000000000000, 0.0000000000000000000 ) ) ;
#1785 = CARTESIAN_POINT ( 'NONE',  ( -4.250000000000000000, -9.750000000000000000, -2.200000000000000600 ) ) ;
#1786 = DIRECTION ( 'NONE',  ( -0.0000000000000000000, 0.7071067811865462400, 0.7071067811865489100 ) ) ;
#1787 = PLANE ( 'NONE',  #2190 ) ;
#1788 = CARTESIAN_POINT ( 'NONE',  ( 0.0000000000000000000, 0.0000000000000000000, 3.999999999999998200 ) ) ;
#1789 = DIRECTION ( 'NONE',  ( 0.0000000000000000000, -1.000000000000000000, 0.0000000000000000000 ) ) ;
#1790 = DIRECTION ( 'NONE',  ( 0.0000000000000000000, 0.0000000000000000000, -1.000000000000000000 ) ) ;
#1791 = DIRECTION ( 'NONE',  ( -1.000000000000000000, 0.0000000000000000000, 0.0000000000000000000 ) ) ;
#1792 = DIRECTION ( 'NONE',  ( 0.0000000000000000000, 0.0000000000000000000, -1.000000000000000000 ) ) ;
#1793 = DIRECTION ( 'NONE',  ( 0.0000000000000000000, -1.000000000000000000, 0.0000000000000000000 ) ) ;
#1794 = DIRECTION ( 'NONE',  ( 0.0000000000000000000, 0.0000000000000000000, -1.000000000000000000 ) ) ;
#1795 = DIRECTION ( 'NONE',  ( -0.0000000000000000000, -0.0000000000000000000, -1.000000000000000000 ) ) ;
#1796 = DIRECTION ( 'NONE',  ( 0.0000000000000000000, 0.0000000000000000000, -1.000000000000000000 ) ) ;
#1797 = CARTESIAN_POINT ( 'NONE',  ( 0.0000000000000000000, 10.45710678118655100, 0.0000000000000000000 ) ) ;
#1798 = DIRECTION ( 'NONE',  ( 0.0000000000000000000, 0.0000000000000000000, -1.000000000000000000 ) ) ;
#1799 = DIRECTION ( 'NONE',  ( -1.000000000000000000, 0.0000000000000000000, 0.0000000000000000000 ) ) ;
#1800 = CARTESIAN_POINT ( 'NONE',  ( 0.0000000000000000000, 0.0000000000000000000, 3.999999999999998200 ) ) ;
#1801 = DIRECTION ( 'NONE',  ( -0.0000000000000000000, -0.0000000000000000000, -1.000000000000000000 ) ) ;
#1802 = DIRECTION ( 'NONE',  ( -1.000000000000000000, 0.0000000000000000000, 0.0000000000000000000 ) ) ;
#1803 = DIRECTION ( 'NONE',  ( 0.0000000000000000000, 0.0000000000000000000, 1.000000000000000000 ) ) ;
#1804 = DIRECTION ( 'NONE',  ( -1.000000000000000000, 0.0000000000000000000, 0.0000000000000000000 ) ) ;
#1805 = DIRECTION ( 'NONE',  ( 1.000000000000000000, 0.0000000000000000000, 0.0000000000000000000 ) ) ;
#1806 = CARTESIAN_POINT ( 'NONE',  ( -3.500000000000000000, 10.45710678118655100, 0.0000000000000000000 ) ) ;
#1807 = DIRECTION ( 'NONE',  ( 0.0000000000000000000, -1.000000000000000000, 0.0000000000000000000 ) ) ;
#1808 = DIRECTION ( 'NONE',  ( 0.0000000000000000000, 0.0000000000000000000, -1.000000000000000000 ) ) ;
#1809 = CARTESIAN_POINT ( 'NONE',  ( -2.000000000000000000, 10.45710678118655100, 0.0000000000000000000 ) ) ;
#1810 = CARTESIAN_POINT ( 'NONE',  ( 0.0000000000000000000, 0.0000000000000000000, 3.999999999999998200 ) ) ;
#1811 = PLANE ( 'NONE',  #2183 ) ;
#1812 = DIRECTION ( 'NONE',  ( 0.0000000000000000000, 0.0000000000000000000, -1.000000000000000000 ) ) ;
#1813 = DIRECTION ( 'NONE',  ( 0.0000000000000000000, -1.000000000000000000, 0.0000000000000000000 ) ) ;
#1814 = CARTESIAN_POINT ( 'NONE',  ( -3.000000000000000000, 10.45710678118655100, 0.0000000000000000000 ) ) ;
#1815 = CARTESIAN_POINT ( 'NONE',  ( 0.0000000000000000000, 0.0000000000000000000, 3.999999999999998200 ) ) ;
#1816 = CARTESIAN_POINT ( 'NONE',  ( -4.250000000000000000, -9.750000000000000000, -5.700000000000000200 ) ) ;
#1817 = DIRECTION ( 'NONE',  ( 0.0000000000000000000, 0.0000000000000000000, -1.000000000000000000 ) ) ;
#1818 = CARTESIAN_POINT ( 'NONE',  ( 0.5000000000000004400, 10.45710678118655100, 0.0000000000000000000 ) ) ;
#1819 = DIRECTION ( 'NONE',  ( 0.0000000000000000000, -1.000000000000000000, 0.0000000000000000000 ) ) ;
#1820 = DIRECTION ( 'NONE',  ( 0.0000000000000000000, -1.000000000000000000, 0.0000000000000000000 ) ) ;
#1821 = DIRECTION ( 'NONE',  ( 0.0000000000000000000, 0.0000000000000000000, -1.000000000000000000 ) ) ;
#1822 = DIRECTION ( 'NONE',  ( 0.0000000000000000000, -1.000000000000000000, 0.0000000000000000000 ) ) ;
#1823 = CARTESIAN_POINT ( 'NONE',  ( 2.500000000000000400, 10.45710678118655100, 0.0000000000000000000 ) ) ;
#1824 = DIRECTION ( 'NONE',  ( 0.0000000000000000000, -1.000000000000000000, 0.0000000000000000000 ) ) ;
#1825 = DIRECTION ( 'NONE',  ( 0.0000000000000000000, 0.0000000000000000000, -1.000000000000000000 ) ) ;
#1826 = CARTESIAN_POINT ( 'NONE',  ( -0.5000000000000000000, 10.45710678118655100, 0.0000000000000000000 ) ) ;
#1827 = CARTESIAN_POINT ( 'NONE',  ( 0.0000000000000000000, 0.0000000000000000000, -5.700000000000000200 ) ) ;
#1828 = CARTESIAN_POINT ( 'NONE',  ( -4.250000000000000000, -9.750000000000000000, -5.700000000000000200 ) ) ;
#1829 = CARTESIAN_POINT ( 'NONE',  ( -0.5000000000000000000, 10.45710678118655100, 0.0000000000000000000 ) ) ;
#1830 = CARTESIAN_POINT ( 'NONE',  ( 0.0000000000000000000, 0.0000000000000000000, 0.0000000000000000000 ) ) ;
#1831 = DIRECTION ( 'NONE',  ( 0.0000000000000000000, 0.0000000000000000000, -1.000000000000000000 ) ) ;
#1832 = CARTESIAN_POINT ( 'NONE',  ( 0.0000000000000000000, 0.0000000000000000000, 34.99999999999999300 ) ) ;
#1833 = CARTESIAN_POINT ( 'NONE',  ( 2.000000000000000000, 10.45710678118655100, 0.0000000000000000000 ) ) ;
#1834 = DIRECTION ( 'NONE',  ( 0.0000000000000000000, -1.000000000000000000, 0.0000000000000000000 ) ) ;
#1835 = CARTESIAN_POINT ( 'NONE',  ( -4.000000000000000000, 10.45710678118655100, 0.0000000000000000000 ) ) ;
#1836 = DIRECTION ( 'NONE',  ( -1.000000000000000000, 0.0000000000000000000, -0.0000000000000000000 ) ) ;
#1837 = DIRECTION ( 'NONE',  ( 0.0000000000000000000, 0.0000000000000000000, -1.000000000000000000 ) ) ;
#1838 = DIRECTION ( 'NONE',  ( 0.0000000000000000000, -1.000000000000000000, 0.0000000000000000000 ) ) ;
#1839 = DIRECTION ( 'NONE',  ( 0.0000000000000000000, -1.000000000000000000, 0.0000000000000000000 ) ) ;
#1840 = DIRECTION ( 'NONE',  ( 0.0000000000000000000, -1.000000000000000000, 0.0000000000000000000 ) ) ;
#1841 = CARTESIAN_POINT ( 'NONE',  ( 2.000000000000000000, 10.45710678118655100, 0.0000000000000000000 ) ) ;
#1842 = DIRECTION ( 'NONE',  ( 0.0000000000000000000, 0.0000000000000000000, -1.000000000000000000 ) ) ;
#1843 = PLANE ( 'NONE',  #2199 ) ;
#1844 = DIRECTION ( 'NONE',  ( 0.0000000000000000000, 0.0000000000000000000, -1.000000000000000000 ) ) ;
#1845 = CARTESIAN_POINT ( 'NONE',  ( 3.000000000000000000, 10.45710678118655100, 0.0000000000000000000 ) ) ;
#1846 = DIRECTION ( 'NONE',  ( 0.0000000000000000000, 0.0000000000000000000, -1.000000000000000000 ) ) ;
#1847 = DIRECTION ( 'NONE',  ( -1.000000000000000000, 0.0000000000000000000, -0.0000000000000000000 ) ) ;
#1848 = PLANE ( 'NONE',  #2196 ) ;
#1849 = DIRECTION ( 'NONE',  ( 0.0000000000000000000, 0.0000000000000000000, -1.000000000000000000 ) ) ;
#1850 = CARTESIAN_POINT ( 'NONE',  ( 1.499999999999999600, 10.45710678118655100, 0.0000000000000000000 ) ) ;
#1851 = DIRECTION ( 'NONE',  ( 0.0000000000000000000, -1.000000000000000000, 0.0000000000000000000 ) ) ;
#1852 = DIRECTION ( 'NONE',  ( 0.0000000000000000000, 0.0000000000000000000, -1.000000000000000000 ) ) ;
#1853 = PLANE ( 'NONE',  #2185 ) ;
#1854 = CARTESIAN_POINT ( 'NONE',  ( 2.500000000000000400, 10.45710678118655100, 0.0000000000000000000 ) ) ;
#1855 = CARTESIAN_POINT ( 'NONE',  ( -4.000000000000000000, 10.45710678118655100, 0.0000000000000000000 ) ) ;
#1856 = DIRECTION ( 'NONE',  ( -0.0000000000000000000, -0.0000000000000000000, -1.000000000000000000 ) ) ;
#1857 = DIRECTION ( 'NONE',  ( -1.000000000000000000, 0.0000000000000000000, 0.0000000000000000000 ) ) ;
#1858 = DIRECTION ( 'NONE',  ( 0.0000000000000000000, -1.000000000000000000, 0.0000000000000000000 ) ) ;
#1859 = DIRECTION ( 'NONE',  ( 0.0000000000000000000, 0.0000000000000000000, -1.000000000000000000 ) ) ;
#1860 = DIRECTION ( 'NONE',  ( 0.0000000000000000000, -0.0000000000000000000, -1.000000000000000000 ) ) ;
#1861 = DIRECTION ( 'NONE',  ( 0.0000000000000000000, -1.000000000000000000, 0.0000000000000000000 ) ) ;
#1862 = DIRECTION ( 'NONE',  ( 0.0000000000000000000, -1.000000000000000000, 0.0000000000000000000 ) ) ;
#1863 = DIRECTION ( 'NONE',  ( 0.0000000000000000000, 0.0000000000000000000, -1.000000000000000000 ) ) ;
#1864 = CARTESIAN_POINT ( 'NONE',  ( -1.500000000000000000, 10.45710678118655100, 0.0000000000000000000 ) ) ;
#1865 = DIRECTION ( 'NONE',  ( 0.0000000000000000000, -1.000000000000000000, 0.0000000000000000000 ) ) ;
#1866 = DIRECTION ( 'NONE',  ( 0.0000000000000000000, -1.000000000000000000, 0.0000000000000000000 ) ) ;
#1867 = DIRECTION ( 'NONE',  ( 0.0000000000000000000, 0.0000000000000000000, -1.000000000000000000 ) ) ;
#1868 = DIRECTION ( 'NONE',  ( 0.0000000000000000000, 0.0000000000000000000, -1.000000000000000000 ) ) ;
#1869 = CARTESIAN_POINT ( 'NONE',  ( 0.5000000000000004400, 10.45710678118655100, 0.0000000000000000000 ) ) ;
#1870 = CARTESIAN_POINT ( 'NONE',  ( 3.750000000000000000, -9.750000000000000000, -2.200000000000000600 ) ) ;
#1871 = CARTESIAN_POINT ( 'NONE',  ( 0.6305720730506045900, 4.203219331142851600, 0.2228904961281279200 ) ) ;
#1872 = DIRECTION ( 'NONE',  ( 0.0000000000000000000, -1.000000000000000000, 0.0000000000000000000 ) ) ;
#1873 = CARTESIAN_POINT ( 'NONE',  ( 3.750000000000000000, 10.45710678118655100, 0.0000000000000000000 ) ) ;
#1874 = DIRECTION ( 'NONE',  ( 0.0000000000000000000, -1.000000000000000000, 0.0000000000000000000 ) ) ;
#1875 = CARTESIAN_POINT ( 'NONE',  ( 0.7226326679954617700, 4.188373898322601500, 0.1310112005371987200 ) ) ;
#1876 = CARTESIAN_POINT ( 'NONE',  ( 0.0000000000000000000, 0.0000000000000000000, 0.0000000000000000000 ) ) ;
#1877 = DIRECTION ( 'NONE',  ( 0.0000000000000000000, 0.0000000000000000000, -1.000000000000000000 ) ) ;
#1878 = CARTESIAN_POINT ( 'NONE',  ( -4.250000000000000000, 0.0000000000000000000, 3.999999999999998200 ) ) ;
#1879 = DIRECTION ( 'NONE',  ( 0.0000000000000000000, 0.0000000000000000000, -1.000000000000000000 ) ) ;
#1880 = DIRECTION ( 'NONE',  ( 0.0000000000000000000, 0.0000000000000000000, -1.000000000000000000 ) ) ;
#1881 = DIRECTION ( 'NONE',  ( 0.0000000000000000000, 0.0000000000000000000, -1.000000000000000000 ) ) ;
#1882 = DIRECTION ( 'NONE',  ( 0.0000000000000000000, -1.000000000000000000, 0.0000000000000000000 ) ) ;
#1883 = CARTESIAN_POINT ( 'NONE',  ( 1.000000000000000000, 10.45710678118655100, 0.0000000000000000000 ) ) ;
#1884 = DIRECTION ( 'NONE',  ( 0.0000000000000000000, 0.0000000000000000000, -1.000000000000000000 ) ) ;
#1885 = DIRECTION ( 'NONE',  ( -1.000000000000000000, 0.0000000000000000000, -0.0000000000000000000 ) ) ;
#1886 = CARTESIAN_POINT ( 'NONE',  ( 0.7499999999999995600, 4.183300132670377800, 0.0000000000000000000 ) ) ;
#1887 = CARTESIAN_POINT ( 'NONE',  ( -2.500000000000000000, 10.45710678118655100, 0.0000000000000000000 ) ) ;
#1888 = CARTESIAN_POINT ( 'NONE',  ( 4.250000000000000000, -9.250000000000000000, -2.699999999999999300 ) ) ;
#1889 = CARTESIAN_POINT ( 'NONE',  ( 3.499999999999999600, 10.45710678118655100, 0.0000000000000000000 ) ) ;
#1890 = DIRECTION ( 'NONE',  ( 0.0000000000000000000, 0.0000000000000000000, -1.000000000000000000 ) ) ;
#1891 = DIRECTION ( 'NONE',  ( 0.0000000000000000000, 0.0000000000000000000, -1.000000000000000000 ) ) ;
#1892 = PLANE ( 'NONE',  #2156 ) ;
#1893 = CARTESIAN_POINT ( 'NONE',  ( 3.000000000000000000, 10.45710678118655100, 0.0000000000000000000 ) ) ;
#1894 = DIRECTION ( 'NONE',  ( 0.0000000000000000000, -1.000000000000000000, 0.0000000000000000000 ) ) ;
#1895 = CARTESIAN_POINT ( 'NONE',  ( 4.250000000000000000, -9.542893218813452100, -2.407106781186547200 ) ) ;
#1896 = CARTESIAN_POINT ( 'NONE',  ( 0.4357318856026677900, 4.228111068340007600, 0.2501912040407284800 ) ) ;
#1897 = CARTESIAN_POINT ( 'NONE',  ( 1.499999999999999600, 10.45710678118655100, 0.0000000000000000000 ) ) ;
#1898 = CARTESIAN_POINT ( 'NONE',  ( -3.500000000000000000, 10.45710678118655100, 0.0000000000000000000 ) ) ;
#1899 = DIRECTION ( 'NONE',  ( 0.0000000000000000000, 0.0000000000000000000, -1.000000000000000000 ) ) ;
#1900 = DIRECTION ( 'NONE',  ( 0.0000000000000000000, -1.000000000000000000, 0.0000000000000000000 ) ) ;
#1901 = DIRECTION ( 'NONE',  ( 0.0000000000000000000, -1.000000000000000000, 0.0000000000000000000 ) ) ;
#1902 = DIRECTION ( 'NONE',  ( 0.0000000000000000000, -1.000000000000000000, 0.0000000000000000000 ) ) ;
#1903 = CARTESIAN_POINT ( 'NONE',  ( 0.7500000000000010000, 4.183300132670376900, 0.06631593945297435700 ) ) ;
#1904 = DIRECTION ( 'NONE',  ( 0.0000000000000000000, 0.0000000000000000000, -1.000000000000000000 ) ) ;
#1905 = CARTESIAN_POINT ( 'NONE',  ( -1.000000000000000000, 10.45710678118655100, 0.0000000000000000000 ) ) ;
#1906 = CARTESIAN_POINT ( 'NONE',  ( 0.5657471482311563500, 4.212685087520602800, 0.2498066084134054600 ) ) ;
#1907 = CARTESIAN_POINT ( 'NONE',  ( 0.3707463405100473500, 4.234059831625534000, 0.2239856835944681000 ) ) ;
#1908 = CARTESIAN_POINT ( 'NONE',  ( 0.2768816412919258800, 4.241232375560426400, 0.1307451450503644700 ) ) ;
#1909 = DIRECTION ( 'NONE',  ( 0.0000000000000000000, -1.000000000000000000, 0.0000000000000000000 ) ) ;
#1910 = CARTESIAN_POINT ( 'NONE',  ( 4.042893218813452100, -9.749999999999996400, -2.200000000000000600 ) ) ;
#1911 = DIRECTION ( 'NONE',  ( 0.0000000000000000000, -1.000000000000000000, 0.0000000000000000000 ) ) ;
#1912 = CARTESIAN_POINT ( 'NONE',  ( 0.2500000000000000000, 4.242640687119286500, 0.06630727174850831200 ) ) ;
#1913 = CARTESIAN_POINT ( 'NONE',  ( 0.2500000000000000600, 4.242640687119284800, 4.592425496802581000E-017 ) ) ;
#1914 = CARTESIAN_POINT ( 'NONE',  ( 1.370876849623472200, 9.653260509307557400, 0.2240344845617311100 ) ) ;
#1915 = DIRECTION ( 'NONE',  ( 0.0000000000000000000, 0.0000000000000000000, -1.000000000000000000 ) ) ;
#1916 = CARTESIAN_POINT ( 'NONE',  ( 0.2500000000000003900, 9.746794344808963100, 0.0000000000000000000 ) ) ;
#1917 = CARTESIAN_POINT ( 'NONE',  ( 0.2500000000000003300, 9.746794344808963100, 0.06603003738312614200 ) ) ;
#1918 = CARTESIAN_POINT ( 'NONE',  ( 1.722471744221447200, 9.596759176194243700, 0.1313220020636927900 ) ) ;
#1919 = CARTESIAN_POINT ( 'NONE',  ( 0.2229251426284283300, 9.747560153568763000, 0.1305953558951786500 ) ) ;
#1920 = CARTESIAN_POINT ( 'NONE',  ( 0.1307542633165020800, 9.749232169216297100, 0.2228319744153704500 ) ) ;
#1921 = CARTESIAN_POINT ( 'NONE',  ( 0.06603000283582405300, 9.750000000000028400, 0.2500000000011244900 ) ) ;
#1922 = CARTESIAN_POINT ( 'NONE',  ( 0.0000000000000000000, 9.750000000000000000, 0.2500000000000003900 ) ) ;
#1923 = CARTESIAN_POINT ( 'NONE',  ( 1.630152856145842000, 9.612871436834527800, 0.2231577451939080500 ) ) ;
#1924 = CARTESIAN_POINT ( 'NONE',  ( 2.500000000000000400, -4.250000000000000000, 0.0000000000000000000 ) ) ;
#1925 = CARTESIAN_POINT ( 'NONE',  ( 1.750000000000000000, 10.45710678118655100, 0.0000000000000000000 ) ) ;
#1926 = CARTESIAN_POINT ( 'NONE',  ( 1.750000000000000000, 9.591663046625440000, -1.530808498934194000E-017 ) ) ;
#1927 = CARTESIAN_POINT ( 'NONE',  ( 1.565321983561476700, 9.623750584992627900, 0.2498784784214427800 ) ) ;
#1928 = CARTESIAN_POINT ( 'NONE',  ( 1.435611523646549400, 9.643952912967794300, 0.2501206501420912800 ) ) ;
#1929 = DIRECTION ( 'NONE',  ( 0.0000000000000000000, 1.000000000000000000, 0.0000000000000000000 ) ) ;
#1930 = CARTESIAN_POINT ( 'NONE',  ( 1.749999999999999600, 9.591663046625443600, 0.06647423840263659600 ) ) ;
#1931 = B_SPLINE_CURVE_WITH_KNOTS ( 'NONE', 3,
 ( #1926, #1930, #1918, #1923, #1927, #1928, #1914, #1255, #1257, #1248 ),
 .UNSPECIFIED., .F., .F.,
 ( 4, 2, 2, 2, 4 ),
 ( 0.0000000000000000000, 0.0001965711405068168900, 0.0003931422810136337700, 0.0005897134215204506600, 0.0007862845620272675500 ),
 .UNSPECIFIED. ) ;
#1932 = B_SPLINE_CURVE_WITH_KNOTS ( 'NONE', 3,
 ( #1300, #1289, #1290, #1301, #1299, #1269, #1291, #1277, #1263, #1292, #1285, #1274 ),
 .UNSPECIFIED., .F., .F.,
 ( 4, 2, 2, 2, 2, 4 ),
 ( 2.698403271462123900E-020, 0.0002476633187723922300, 0.0003714949781585878100, 0.0004953266375447834900, 0.0007429899563171713900, 0.0009906532750895591800 ),
 .UNSPECIFIED. ) ;
#1933 = B_SPLINE_CURVE_WITH_KNOTS ( 'NONE', 3,
 ( #1325, #1318, #1324, #1334, #1333, #1322, #1337, #1311, #1320, #1330, #1331, #1340 ),
 .UNSPECIFIED., .F., .F.,
 ( 4, 2, 2, 2, 2, 4 ),
 ( 6.438754123075052200E-020, 0.0002476633187723883900, 0.0003714949781585833600, 0.0004953266375447784000, 0.0007429899563171698700, 0.0009906532750895613500 ),
 .UNSPECIFIED. ) ;
#1934 = B_SPLINE_CURVE_WITH_KNOTS ( 'NONE', 3,
 ( #1916, #1917, #1919, #1920, #1921, #1922 ),
 .UNSPECIFIED., .F., .F.,
 ( 4, 2, 4 ),
 ( 1.487652241791964800E-020, 0.0001952778909874356800, 0.0003905557819748713100 ),
 .UNSPECIFIED. ) ;
#1935 = B_SPLINE_CURVE_WITH_KNOTS ( 'NONE', 3,
 ( #1259, #1250, #1246, #1251, #1240, #1247, #1253, #1241, #1242, #1249 ),
 .UNSPECIFIED., .F., .F.,
 ( 4, 2, 2, 2, 4 ),
 ( 1.483872903270189900E-020, 0.0002088620007332319200, 0.0004177240014664637900, 0.0006265860021996956600, 0.0008354480029329275800 ),
 .UNSPECIFIED. ) ;
#1936 = B_SPLINE_CURVE_WITH_KNOTS ( 'NONE', 3,
 ( #1273, #1266, #1280, #1283, #1262, #1286, #1293, #1294, #1295, #1296 ),
 .UNSPECIFIED., .F., .F.,
 ( 4, 2, 2, 2, 4 ),
 ( 0.0000000000000000000, 0.0002025202198505872600, 0.0004050404397011745200, 0.0006075606595517617700, 0.0008100808794023490300 ),
 .UNSPECIFIED. ) ;
#1937 = B_SPLINE_CURVE_WITH_KNOTS ( 'NONE', 3,
 ( #1304, #1321, #1379, #1375, #1390, #1364, #1362, #1346, #1358, #1382 ),
 .UNSPECIFIED., .F., .F.,
 ( 4, 2, 2, 2, 4 ),
 ( 1.485665474377382500E-020, 0.0002023061068194886100, 0.0004046122136389775400, 0.0006069183204584664200, 0.0008092244272779554100 ),
 .UNSPECIFIED. ) ;
#1938 = B_SPLINE_CURVE_WITH_KNOTS ( 'NONE', 3,
 ( #1376, #1420, #1430, #1422, #1431, #1434, #1415, #1432, #1429, #1442 ),
 .UNSPECIFIED., .F., .F.,
 ( 4, 2, 2, 2, 4 ),
 ( 1.486713056707425800E-020, 0.0001982920588720405800, 0.0003965841177440811000, 0.0005948761766161216200, 0.0007931682354881621900 ),
 .UNSPECIFIED. ) ;
#1939 = B_SPLINE_CURVE_WITH_KNOTS ( 'NONE', 3,
 ( #1408, #1441, #1419, #1412, #1421, #1397, #1413, #1423, #1398, #1400 ),
 .UNSPECIFIED., .F., .F.,
 ( 4, 2, 2, 2, 4 ),
 ( 0.0000000000000000000, 0.0002004669063492918200, 0.0004009338126985836300, 0.0006014007190478754800, 0.0008018676253971672700 ),
 .UNSPECIFIED. ) ;
#1940 = MANIFOLD_SOLID_BREP ( 'Chamfer2', #66 ) ;
#1941 = B_SPLINE_CURVE_WITH_KNOTS ( 'NONE', 3,
 ( #1886, #1903, #1875, #1871, #1906, #1896, #1907, #1908, #1912, #1913 ),
 .UNSPECIFIED., .F., .F.,
 ( 4, 2, 2, 2, 4 ),
 ( 2.277054388159210900E-019, 0.0001961012510071002600, 0.0003922025020142003100, 0.0005883037530213003500, 0.0007844050040284004000 ),
 .UNSPECIFIED. ) ;
#1942 = B_SPLINE_CURVE_WITH_KNOTS ( 'NONE', 3,
 ( #1344, #1309, #1310, #1335, #1323, #1326, #1312, #1302, #1327, #1303 ),
 .UNSPECIFIED., .F., .F.,
 ( 4, 2, 2, 2, 4 ),
 ( 2.324898215073808700E-019, 0.0002196894384613900400, 0.0004393788769227798100, 0.0006590683153841695900, 0.0008787577538455594100 ),
 .UNSPECIFIED. ) ;
#1943 =( BOUNDED_CURVE ( )  B_SPLINE_CURVE ( 3, ( #1436, #1437, #1440, #1416 ),
 .UNSPECIFIED., .F., .T. ) 
 B_SPLINE_CURVE_WITH_KNOTS ( ( 4, 4 ),
 ( 4.712388980384692300, 6.283185307179586200 ),
 .UNSPECIFIED. ) 
 CURVE ( )  GEOMETRIC_REPRESENTATION_ITEM ( )  RATIONAL_B_SPLINE_CURVE ( ( 1.000000000000000000, 0.8047378541243654900, 0.8047378541243654900, 1.000000000000000000 ) ) 
 REPRESENTATION_ITEM ( '' )  );
#1944 =( BOUNDED_CURVE ( )  B_SPLINE_CURVE ( 3, ( #1888, #1895, #1910, #1870 ),
 .UNSPECIFIED., .F., .T. ) 
 B_SPLINE_CURVE_WITH_KNOTS ( ( 4, 4 ),
 ( 4.712388980384689700, 6.283185307179586200 ),
 .UNSPECIFIED. ) 
 CURVE ( )  GEOMETRIC_REPRESENTATION_ITEM ( )  RATIONAL_B_SPLINE_CURVE ( ( 1.000000000000000000, 0.8047378541243649400, 0.8047378541243649400, 1.000000000000000000 ) ) 
 REPRESENTATION_ITEM ( '' )  );
#1945 = B_SPLINE_CURVE_WITH_KNOTS ( 'NONE', 3,
 ( #1356, #1347, #1371, #1348, #1386, #1352, #1373, #1369, #1378, #1393 ),
 .UNSPECIFIED., .F., .F.,
 ( 4, 2, 2, 2, 4 ),
 ( 0.0000000000000000000, 0.0001988231786211799600, 0.0003976463572423599100, 0.0005964695358635398200, 0.0007952927144847198300 ),
 .UNSPECIFIED. ) ;
#1946 = B_SPLINE_CURVE_WITH_KNOTS ( 'NONE', 3,
 ( #1399, #1410, #1411, #1417, #1414, #1444, #1418, #1396, #1457, #1451, #1452, #1470, #1449, #1448 ),
 .UNSPECIFIED., .F., .F.,
 ( 4, 2, 2, 2, 2, 2, 4 ),
 ( 1.482569804647913600E-020, 0.0001398720545583558000, 0.0002797441091167115500, 0.0005594882182334240800, 0.0008392323273501365600, 0.0009791043819084932800, 0.001118976436466850100 ),
 .UNSPECIFIED. ) ;
#1947 = B_SPLINE_CURVE_WITH_KNOTS ( 'NONE', 3,
 ( #1453, #1454, #1473, #1482, #1486, #1475, #1471, #1458, #1459, #1464 ),
 .UNSPECIFIED., .F., .F.,
 ( 4, 2, 2, 2, 4 ),
 ( 0.0000000000000000000, 0.0001975371220858391500, 0.0003950742441716783000, 0.0005926113662575174200, 0.0007901484883433566000 ),
 .UNSPECIFIED. ) ;
#1948 = B_SPLINE_CURVE_WITH_KNOTS ( 'NONE', 3,
 ( #1468, #1485, #1477, #1460, #1461, #1462 ),
 .UNSPECIFIED., .F., .F.,
 ( 4, 2, 4 ),
 ( 1.132782754254978600E-019, 0.0001953119525976575100, 0.0003906239051953149100 ),
 .UNSPECIFIED. ) ;
#1949 = B_SPLINE_CURVE_WITH_KNOTS ( 'NONE', 3,
 ( #1350, #1380, #1349, #1365, #1381, #1385, #1395, #1387, #1360, #1345, #1361, #1363, #1388, #1389 ),
 .UNSPECIFIED., .F., .F.,
 ( 4, 2, 2, 2, 2, 2, 4 ),
 ( 1.473747935268714400E-020, 0.0001191395816089802500, 0.0002382791632179605100, 0.0004765583264359209100, 0.0007148374896538814200, 0.0008339770712628624300, 0.0009531166528718434500 ),
 .UNSPECIFIED. ) ;
#1950 = B_SPLINE_CURVE_WITH_KNOTS ( 'NONE', 3,
 ( #694, #701, #685, #686, #721, #736, #732, #735, #713, #737, #711, #722 ),
 .UNSPECIFIED., .F., .F.,
 ( 4, 2, 2, 2, 2, 4 ),
 ( -1.303841850136981100E-005, 0.001086910187919183600, 0.001636884491129460800, 0.001911871642734598900, 0.002049365218537168400, 0.002186858794339737500 ),
 .UNSPECIFIED. ) ;
#1951 = B_SPLINE_CURVE_WITH_KNOTS ( 'NONE', 3,
 ( #695, #738, #708, #723, #739, #730, #716, #717, #719, #724 ),
 .UNSPECIFIED., .F., .F.,
 ( 4, 2, 2, 2, 4 ),
 ( 8.224984863324091200E-020, 0.0001965711405068168900, 0.0003931422810136337200, 0.0005897134215204505500, 0.0007862845620272673300 ),
 .UNSPECIFIED. ) ;
#1952 = UNCERTAINTY_MEASURE_WITH_UNIT (LENGTH_MEASURE( 1.000000000000000100E-005 ), #762, 'distance_accuracy_value', 'NONE');
#1953 = B_SPLINE_CURVE_WITH_KNOTS ( 'NONE', 3,
 ( #1492, #1500, #1564, #1576, #1582, #1557, #1542, #1553, #1541, #1569 ),
 .UNSPECIFIED., .F., .F.,
 ( 4, 2, 2, 2, 4 ),
 ( 1.002197762288596400E-020, 0.0001988231786211799000, 0.0003976463572423598100, 0.0005964695358635397100, 0.0007952927144847196100 ),
 .UNSPECIFIED. ) ;
#1954 = B_SPLINE_CURVE_WITH_KNOTS ( 'NONE', 3,
 ( #854, #567, #574, #565, #570, #572, #575, #566, #573, #568 ),
 .UNSPECIFIED., .F., .F.,
 ( 4, 2, 2, 2, 4 ),
 ( 4.456996423132147400E-020, 0.0002023061068194886900, 0.0004046122136389777100, 0.0006069183204584666400, 0.0008092244272779556300 ),
 .UNSPECIFIED. ) ;
#1955 = B_SPLINE_CURVE_WITH_KNOTS ( 'NONE', 3,
 ( #653, #656, #673, #667, #662, #675, #664, #678, #665, #668 ),
 .UNSPECIFIED., .F., .F.,
 ( 4, 2, 2, 2, 4 ),
 ( 4.456465851611035600E-020, 0.0002050543813166095100, 0.0004101087626332189600, 0.0006151631439498283500, 0.0008202175252664378100 ),
 .UNSPECIFIED. ) ;
#1956 = ADVANCED_BREP_SHAPE_REPRESENTATION ( 'ALP0123', ( #1940, #234 ), #236 ) ;
#1957 = B_SPLINE_CURVE_WITH_KNOTS ( 'NONE', 3,
 ( #792, #790, #795, #801, #796, #785, #797, #786, #782, #791 ),
 .UNSPECIFIED., .F., .F.,
 ( 4, 2, 2, 2, 4 ),
 ( 8.373219856685501400E-020, 0.0001955020698859653000, 0.0003910041397719305500, 0.0005865062096578957400, 0.0007820082795438609800 ),
 .UNSPECIFIED. ) ;
#1958 = B_SPLINE_CURVE_WITH_KNOTS ( 'NONE', 3,
 ( #846, #812, #835, #841, #843, #851, #813, #844, #806, #853 ),
 .UNSPECIFIED., .F., .F.,
 ( 4, 2, 2, 2, 4 ),
 ( 0.0000000000000000000, 0.0001958986744336876800, 0.0003917973488673753500, 0.0005876960233010633000, 0.0007835946977347513600 ),
 .UNSPECIFIED. ) ;
#1959 = B_SPLINE_CURVE_WITH_KNOTS ( 'NONE', 3,
 ( #652, #651, #654, #661, #657, #663, #666, #671, #674, #672 ),
 .UNSPECIFIED., .F., .F.,
 ( 4, 2, 2, 2, 4 ),
 ( 1.077893721842774100E-020, 0.0001975371220858391500, 0.0003950742441716783000, 0.0005926113662575174200, 0.0007901484883433566000 ),
 .UNSPECIFIED. ) ;
#1960 = B_SPLINE_CURVE_WITH_KNOTS ( 'NONE', 3,
 ( #733, #709, #712, #767, #748, #766, #768, #756, #761, #749 ),
 .UNSPECIFIED., .F., .F.,
 ( 4, 2, 2, 2, 4 ),
 ( 8.314464868588075000E-020, 0.0001958986744336876800, 0.0003917973488673753000, 0.0005876960233010631900, 0.0007835946977347511400 ),
 .UNSPECIFIED. ) ;
#1961 = B_SPLINE_CURVE_WITH_KNOTS ( 'NONE', 3,
 ( #1574, #1566, #1591, #1589, #1593, #1588 ),
 .UNSPECIFIED., .F., .F.,
 ( 4, 2, 4 ),
 ( 6.607526641760861400E-020, 0.0001952778909874356800, 0.0003905557819748713100 ),
 .UNSPECIFIED. ) ;
#1962 = B_SPLINE_CURVE_WITH_KNOTS ( 'NONE', 3,
 ( #1575, #1549, #1540, #1584, #1561, #1586, #1537, #1548, #1562, #1565 ),
 .UNSPECIFIED., .F., .F.,
 ( 4, 2, 2, 2, 4 ),
 ( 4.461947805285545400E-020, 0.0001961012510071001800, 0.0003922025020142003100, 0.0005883037530213005700, 0.0007844050040284008300 ),
 .UNSPECIFIED. ) ;
#1963 = B_SPLINE_CURVE_WITH_KNOTS ( 'NONE', 3,
 ( #1504, #1527, #1505, #1520, #1502, #1510, #1531, #1506, #1488, #1521 ),
 .UNSPECIFIED., .F., .F.,
 ( 4, 2, 2, 2, 4 ),
 ( 1.202301725140037600E-019, 0.0002025202198505873900, 0.0004050404397011746800, 0.0006075606595517619900, 0.0008100808794023492500 ),
 .UNSPECIFIED. ) ;
#1964 = B_SPLINE_CURVE_WITH_KNOTS ( 'NONE', 3,
 ( #816, #840, #819, #837, #815, #825, #849, #820, #803, #838, #830, #823, #804, #831 ),
 .UNSPECIFIED., .F., .F.,
 ( 4, 2, 2, 2, 2, 2, 4 ),
 ( 4.421243805806143300E-020, 0.0001191395816089802400, 0.0002382791632179604600, 0.0004765583264359208600, 0.0007148374896538812000, 0.0008339770712628623300, 0.0009531166528718433400 ),
 .UNSPECIFIED. ) ;
#1965 = B_SPLINE_CURVE_WITH_KNOTS ( 'NONE', 3,
 ( #1550, #1572, #1580, #1577, #1539, #1552, #1544, #1560, #1556, #1583 ),
 .UNSPECIFIED., .F., .F.,
 ( 4, 2, 2, 2, 4 ),
 ( 4.480133536810186200E-020, 0.0002004669063492918400, 0.0004009338126985836300, 0.0006014007190478753700, 0.0008018676253971671600 ),
 .UNSPECIFIED. ) ;
#1966 = B_SPLINE_CURVE_WITH_KNOTS ( 'NONE', 3,
 ( #697, #692, #698, #687, #700, #689 ),
 .UNSPECIFIED., .F., .F.,
 ( 4, 2, 4 ),
 ( 8.673617379884035500E-019, 0.002730664889201335200, 0.005461329778402669600 ),
 .UNSPECIFIED. ) ;
#1967 = B_SPLINE_CURVE_WITH_KNOTS ( 'NONE', 3,
 ( #1536, #1494, #1513, #1508, #1499, #1498, #1514, #1517, #1518, #1519, #1524, #1534, #1525, #1526 ),
 .UNSPECIFIED., .F., .F.,
 ( 4, 2, 2, 2, 2, 2, 4 ),
 ( 2.896097661022405800E-019, 0.0001398720545583566400, 0.0002797441091167129600, 0.0005594882182334247300, 0.0008392323273501363400, 0.0009791043819084922000, 0.001118976436466847900 ),
 .UNSPECIFIED. ) ;
#1968 = B_SPLINE_CURVE_WITH_KNOTS ( 'NONE', 3,
 ( #1567, #1578, #1558, #1585, #1543, #1551 ),
 .UNSPECIFIED., .F., .F.,
 ( 4, 2, 4 ),
 ( 4.462834828762416900E-020, 0.0001953119525976574800, 0.0003906239051953149100 ),
 .UNSPECIFIED. ) ;
#1969 = B_SPLINE_CURVE_WITH_KNOTS ( 'NONE', 3,
 ( #741, #705, #725, #702, #710, #726, #727, #728, #734, #729 ),
 .UNSPECIFIED., .F., .F.,
 ( 4, 2, 2, 2, 4 ),
 ( 4.451618709810569900E-020, 0.0002088620007332319200, 0.0004177240014664637900, 0.0006265860021996956600, 0.0008354480029329274800 ),
 .UNSPECIFIED. ) ;
#1970 = B_SPLINE_CURVE_WITH_KNOTS ( 'NONE', 3,
 ( #706, #718, #763, #760, #746, #751 ),
 .UNSPECIFIED., .F., .F.,
 ( 4, 2, 4 ),
 ( 8.673617379884034500E-019, 0.002730664889201334800, 0.005461329778402668700 ),
 .UNSPECIFIED. ) ;
#1971 = B_SPLINE_CURVE_WITH_KNOTS ( 'NONE', 3,
 ( #834, #814, #860, #864, #865, #863, #855, #856, #857, #861 ),
 .UNSPECIFIED., .F., .F.,
 ( 4, 2, 2, 2, 4 ),
 ( 0.0000000000000000000, 0.0001955020698859652200, 0.0003910041397719304400, 0.0005865062096578956300, 0.0007820082795438608800 ),
 .UNSPECIFIED. ) ;
#1972 = B_SPLINE_CURVE_WITH_KNOTS ( 'NONE', 3,
 ( #602, #604, #613, #617, #621, #605, #606, #609, #607, #608 ),
 .UNSPECIFIED., .F., .F.,
 ( 4, 2, 2, 2, 4 ),
 ( 4.441851876970720000E-020, 0.0002196894384613895500, 0.0004393788769227790500, 0.0006590683153841685000, 0.0008787577538455580000 ),
 .UNSPECIFIED. ) ;
#1973 = B_SPLINE_CURVE_WITH_KNOTS ( 'NONE', 3,
 ( #614, #637, #644, #641, #640, #642, #645, #639, #649, #643 ),
 .UNSPECIFIED., .F., .F.,
 ( 4, 2, 2, 2, 4 ),
 ( 4.460139170122276300E-020, 0.0001982920588720406000, 0.0003965841177440811500, 0.0005948761766161216200, 0.0007931682354881621900 ),
 .UNSPECIFIED. ) ;
#1974 = DESIGN_CONTEXT ( 'detailed design', #759, 'design' ) ;
#1975 = PRODUCT_DEFINITION_SHAPE ( 'NONE', 'NONE',  #228 ) ;
#1976 = EDGE_CURVE ( 'NONE', #110, #173, #1941, .T. ) ;
#1977 = EDGE_CURVE ( 'NONE', #131, #88, #1944, .T. ) ;
#1978 = EDGE_CURVE ( 'NONE', #147, #103, #288, .T. ) ;
#1979 = EDGE_CURVE ( 'NONE', #149, #137, #242, .T. ) ;
#1980 = EDGE_CURVE ( 'NONE', #129, #126, #1934, .T. ) ;
#1981 = EDGE_CURVE ( 'NONE', #127, #122, #1931, .T. ) ;
#1982 = EDGE_CURVE ( 'NONE', #146, #101, #258, .T. ) ;
#1983 = EDGE_CURVE ( 'NONE', #148, #113, #285, .T. ) ;
#1984 = EDGE_CURVE ( 'NONE', #157, #109, #1935, .T. ) ;
#1985 = EDGE_CURVE ( 'NONE', #112, #146, #273, .T. ) ;
#1986 = EDGE_CURVE ( 'NONE', #143, #114, #244, .T. ) ;
#1987 = EDGE_CURVE ( 'NONE', #174, #147, #248, .T. ) ;
#1988 = EDGE_CURVE ( 'NONE', #106, #98, #1932, .T. ) ;
#1989 = EDGE_CURVE ( 'NONE', #132, #145, #252, .T. ) ;
#1990 = EDGE_CURVE ( 'NONE', #92, #99, #257, .T. ) ;
#1991 = EDGE_CURVE ( 'NONE', #158, #107, #280, .T. ) ;
#1992 = EDGE_CURVE ( 'NONE', #123, #137, #255, .T. ) ;
#1993 = EDGE_CURVE ( 'NONE', #177, #112, #256, .T. ) ;
#1994 = EDGE_CURVE ( 'NONE', #164, #139, #274, .T. ) ;
#1995 = EDGE_CURVE ( 'NONE', #130, #121, #270, .T. ) ;
#1996 = EDGE_CURVE ( 'NONE', #84, #142, #1936, .T. ) ;
#1997 = EDGE_CURVE ( 'NONE', #125, #124, #260, .T. ) ;
#1998 = EDGE_CURVE ( 'NONE', #162, #102, #1933, .T. ) ;
#1999 = EDGE_CURVE ( 'NONE', #110, #119, #243, .T. ) ;
#2000 = EDGE_CURVE ( 'NONE', #135, #147, #240, .T. ) ;
#2001 = EDGE_CURVE ( 'NONE', #137, #150, #271, .T. ) ;
#2002 = EDGE_CURVE ( 'NONE', #83, #120, #281, .T. ) ;
#2003 = EDGE_CURVE ( 'NONE', #142, #165, #282, .T. ) ;
#2004 = EDGE_CURVE ( 'NONE', #146, #149, #262, .T. ) ;
#2005 = EDGE_CURVE ( 'NONE', #129, #173, #283, .T. ) ;
#2006 = EDGE_CURVE ( 'NONE', #132, #157, #1942, .T. ) ;
#2007 = EDGE_CURVE ( 'NONE', #158, #162, #978, .T. ) ;
#2008 = EDGE_CURVE ( 'NONE', #109, #111, #1937, .T. ) ;
#2009 = EDGE_CURVE ( 'NONE', #162, #106, #981, .T. ) ;
#2010 = EDGE_CURVE ( 'NONE', #103, #96, #999, .T. ) ;
#2011 = EDGE_CURVE ( 'NONE', #156, #158, #996, .T. ) ;
#2012 = EDGE_CURVE ( 'NONE', #128, #157, #985, .T. ) ;
#2013 = EDGE_CURVE ( 'NONE', #127, #109, #1007, .T. ) ;
#2014 = EDGE_CURVE ( 'NONE', #112, #94, #1008, .T. ) ;
#2015 = EDGE_CURVE ( 'NONE', #145, #128, #1945, .T. ) ;
#2016 = EDGE_CURVE ( 'NONE', #165, #132, #1949, .T. ) ;
#2017 = EDGE_CURVE ( 'NONE', #113, #130, #1011, .T. ) ;
#2018 = EDGE_CURVE ( 'NONE', #111, #110, #1938, .T. ) ;
#2019 = EDGE_CURVE ( 'NONE', #172, #99, #987, .T. ) ;
#2020 = EDGE_CURVE ( 'NONE', #114, #148, #1010, .T. ) ;
#2021 = EDGE_CURVE ( 'NONE', #142, #145, #1939, .T. ) ;
#2022 = EDGE_CURVE ( 'NONE', #156, #108, #983, .T. ) ;
#2023 = EDGE_CURVE ( 'NONE', #169, #177, #986, .T. ) ;
#2024 = EDGE_CURVE ( 'NONE', #167, #162, #1005, .T. ) ;
#2025 = EDGE_CURVE ( 'NONE', #163, #136, #988, .T. ) ;
#2026 = EDGE_CURVE ( 'NONE', #93, #105, #1943, .T. ) ;
#2027 = EDGE_CURVE ( 'NONE', #134, #165, #1946, .T. ) ;
#2028 = EDGE_CURVE ( 'NONE', #113, #115, #990, .T. ) ;
#2029 = EDGE_CURVE ( 'NONE', #148, #118, #1002, .T. ) ;
#2030 = EDGE_CURVE ( 'NONE', #125, #163, #1004, .T. ) ;
#2031 = EDGE_CURVE ( 'NONE', #128, #127, #1947, .T. ) ;
#2032 = EDGE_CURVE ( 'NONE', #173, #114, #1948, .T. ) ;
#2033 = EDGE_CURVE ( 'NONE', #150, #147, #989, .T. ) ;
#2034 = EDGE_CURVE ( 'NONE', #149, #80, #1009, .T. ) ;
#2035 = EDGE_CURVE ( 'NONE', #133, #177, #920, .T. ) ;
#2036 = EDGE_CURVE ( 'NONE', #163, #156, #921, .T. ) ;
#2037 = EDGE_CURVE ( 'NONE', #143, #168, #924, .T. ) ;
#2038 = EDGE_CURVE ( 'NONE', #159, #167, #922, .T. ) ;
#2039 = EDGE_CURVE ( 'NONE', #95, #83, #925, .T. ) ;
#2040 = EDGE_CURVE ( 'NONE', #98, #102, #944, .T. ) ;
#2041 = EDGE_CURVE ( 'NONE', #91, #104, #1963, .T. ) ;
#2042 = EDGE_CURVE ( 'NONE', #167, #143, #930, .T. ) ;
#2043 = EDGE_CURVE ( 'NONE', #122, #111, #932, .T. ) ;
#2044 = EDGE_CURVE ( 'NONE', #166, #153, #950, .T. ) ;
#2045 = EDGE_CURVE ( 'NONE', #153, #155, #933, .T. ) ;
#2046 = EDGE_CURVE ( 'NONE', #90, #82, #1967, .T. ) ;
#2047 = EDGE_CURVE ( 'NONE', #175, #153, #948, .T. ) ;
#2048 = EDGE_CURVE ( 'NONE', #159, #102, #935, .T. ) ;
#2049 = EDGE_CURVE ( 'NONE', #138, #180, #952, .T. ) ;
#2050 = EDGE_CURVE ( 'NONE', #117, #542, #1953, .T. ) ;
#2051 = EDGE_CURVE ( 'NONE', #179, #141, #955, .T. ) ;
#2052 = EDGE_CURVE ( 'NONE', #181, #139, #1968, .T. ) ;
#2053 = EDGE_CURVE ( 'NONE', #104, #117, #1965, .T. ) ;
#2054 = EDGE_CURVE ( 'NONE', #151, #166, #940, .T. ) ;
#2055 = EDGE_CURVE ( 'NONE', #160, #155, #953, .T. ) ;
#2056 = EDGE_CURVE ( 'NONE', #170, #171, #957, .T. ) ;
#2057 = EDGE_CURVE ( 'NONE', #164, #161, #946, .T. ) ;
#2058 = EDGE_CURVE ( 'NONE', #141, #171, #926, .T. ) ;
#2059 = EDGE_CURVE ( 'NONE', #144, #181, #1962, .T. ) ;
#2060 = EDGE_CURVE ( 'NONE', #176, #180, #1961, .T. ) ;
#2061 = EDGE_CURVE ( 'NONE', #115, #121, #931, .T. ) ;
#2062 = EDGE_CURVE ( 'NONE', #118, #115, #928, .T. ) ;
#2063 = EDGE_CURVE ( 'NONE', #103, #85, #937, .T. ) ;
#2064 = EDGE_CURVE ( 'NONE', #126, #120, #941, .T. ) ;
#2065 = EDGE_CURVE ( 'NONE', #175, #151, #929, .T. ) ;
#2066 = EDGE_CURVE ( 'NONE', #161, #159, #942, .T. ) ;
#2067 = EDGE_CURVE ( 'NONE', #139, #169, #963, .T. ) ;
#2068 = EDGE_CURVE ( 'NONE', #153, #166, #966, .T. ) ;
#2069 = EDGE_CURVE ( 'NONE', #140, #176, #1957, .T. ) ;
#2070 = EDGE_CURVE ( 'NONE', #151, #175, #961, .T. ) ;
#2071 = EDGE_CURVE ( 'NONE', #168, #154, #960, .T. ) ;
#2072 = EDGE_CURVE ( 'NONE', #172, #152, #962, .T. ) ;
#2073 = EDGE_CURVE ( 'NONE', #154, #174, #967, .T. ) ;
#2074 = EDGE_CURVE ( 'NONE', #134, #116, #968, .T. ) ;
#2075 = EDGE_CURVE ( 'NONE', #108, #107, #973, .T. ) ;
#2076 = EDGE_CURVE ( 'NONE', #82, #79, #1964, .T. ) ;
#2077 = EDGE_CURVE ( 'NONE', #150, #85, #972, .T. ) ;
#2078 = EDGE_CURVE ( 'NONE', #117, #79, #965, .T. ) ;
#2079 = EDGE_CURVE ( 'NONE', #170, #172, #971, .T. ) ;
#2080 = EDGE_CURVE ( 'NONE', #140, #144, #977, .T. ) ;
#2081 = EDGE_CURVE ( 'NONE', #169, #138, #1000, .T. ) ;
#2082 = EDGE_CURVE ( 'NONE', #96, #131, #923, .T. ) ;
#2083 = EDGE_CURVE ( 'NONE', #122, #119, #1958, .T. ) ;
#2084 = EDGE_CURVE ( 'NONE', #166, #160, #975, .T. ) ;
#2085 = EDGE_CURVE ( 'NONE', #119, #129, #1971, .T. ) ;
#2086 = EDGE_CURVE ( 'NONE', #179, #152, #1013, .T. ) ;
#2087 = EDGE_CURVE ( 'NONE', #126, #118, #73, .T. ) ;
#2088 = EDGE_CURVE ( 'NONE', #97, #549, #1954, .T. ) ;
#2089 = EDGE_CURVE ( 'NONE', #101, #94, #57, .T. ) ;
#2090 = EDGE_CURVE ( 'NONE', #93, #179, #68, .T. ) ;
#2091 = EDGE_CURVE ( 'NONE', #161, #81, #64, .T. ) ;
#2092 = EDGE_CURVE ( 'NONE', #168, #116, #61, .T. ) ;
#2093 = EDGE_CURVE ( 'NONE', #176, #181, #65, .T. ) ;
#2094 = EDGE_CURVE ( 'NONE', #131, #170, #62, .T. ) ;
#2095 = EDGE_CURVE ( 'NONE', #542, #551, #2, .T. ) ;
#2096 = EDGE_CURVE ( 'NONE', #141, #120, #58, .T. ) ;
#2097 = EDGE_CURVE ( 'NONE', #174, #164, #6, .T. ) ;
#2098 = EDGE_CURVE ( 'NONE', #155, #160, #1200, .T. ) ;
#2099 = EDGE_CURVE ( 'NONE', #178, #549, #970, .T. ) ;
#2100 = EDGE_CURVE ( 'NONE', #130, #125, #1, .T. ) ;
#2101 = AXIS2_PLACEMENT_3D ( 'NONE', #1739, #1756, #1762 ) ;
#2102 = AXIS2_PLACEMENT_3D ( 'NONE', #1732, #1725, #1689 ) ;
#2103 = AXIS2_PLACEMENT_3D ( 'NONE', #1737, #1755, #1765 ) ;
#2104 = EDGE_CURVE ( 'NONE', #98, #93, #2151, .T. ) ;
#2105 = EDGE_CURVE ( 'NONE', #154, #135, #867, .T. ) ;
#2106 = EDGE_CURVE ( 'NONE', #92, #100, #4, .T. ) ;
#2107 = EDGE_CURVE ( 'NONE', #136, #108, #1051, .T. ) ;
#2108 = EDGE_CURVE ( 'NONE', #121, #124, #1027, .T. ) ;
#2109 = EDGE_CURVE ( 'NONE', #96, #135, #1061, .T. ) ;
#2110 = EDGE_CURVE ( 'NONE', #120, #105, #1018, .T. ) ;
#2111 = EDGE_CURVE ( 'NONE', #91, #90, #1025, .T. ) ;
#2112 = EDGE_CURVE ( 'NONE', #79, #551, #1972, .T. ) ;
#2113 = EDGE_CURVE ( 'NONE', #133, #138, #1044, .T. ) ;
#2114 = EDGE_CURVE ( 'NONE', #99, #88, #1040, .T. ) ;
#2115 = EDGE_CURVE ( 'NONE', #549, #144, #1973, .T. ) ;
#2116 = EDGE_CURVE ( 'NONE', #124, #136, #1020, .T. ) ;
#2117 = EDGE_CURVE ( 'NONE', #89, #97, #1052, .T. ) ;
#2118 = EDGE_CURVE ( 'NONE', #84, #95, #1021, .T. ) ;
#2119 = AXIS2_PLACEMENT_3D ( 'NONE', #1724, #1707, #1694 ) ;
#2120 = AXIS2_PLACEMENT_3D ( 'NONE', #1693, #1703, #1695 ) ;
#2121 = EDGE_CURVE ( 'NONE', #180, #99, #1039, .T. ) ;
#2122 = EDGE_CURVE ( 'NONE', #542, #89, #1959, .T. ) ;
#2123 = EDGE_CURVE ( 'NONE', #100, #91, #1955, .T. ) ;
#2124 = EDGE_CURVE ( 'NONE', #85, #123, #1022, .T. ) ;
#2125 = EDGE_CURVE ( 'NONE', #123, #80, #1045, .T. ) ;
#2126 = EDGE_CURVE ( 'NONE', #81, #100, #1023, .T. ) ;
#2127 = EDGE_CURVE ( 'NONE', #105, #106, #1026, .T. ) ;
#2128 = EDGE_CURVE ( 'NONE', #80, #101, #1042, .T. ) ;
#2129 = AXIS2_PLACEMENT_3D ( 'NONE', #1712, #1701, #1714 ) ;
#2130 = AXIS2_PLACEMENT_3D ( 'NONE', #1720, #1715, #1716 ) ;
#2131 = EDGE_CURVE ( 'NONE', #94, #133, #1043, .T. ) ;
#2132 = EDGE_CURVE ( 'NONE', #152, #92, #1966, .T. ) ;
#2133 = EDGE_CURVE ( 'NONE', #81, #90, #1950, .T. ) ;
#2134 = AXIS2_PLACEMENT_3D ( 'NONE', #1717, #1733, #1698 ) ;
#2135 = EDGE_CURVE ( 'NONE', #104, #82, #1062, .T. ) ;
#2136 = EDGE_CURVE ( 'NONE', #89, #178, #1951, .T. ) ;
#2137 = EDGE_CURVE ( 'NONE', #84, #134, #1059, .T. ) ;
#2138 = AXIS2_PLACEMENT_3D ( 'NONE', #1705, #1721, #1718 ) ;
#2139 = AXIS2_PLACEMENT_3D ( 'NONE', #1722, #1702, #1711 ) ;
#2140 = AXIS2_PLACEMENT_3D ( 'NONE', #1688, #1691, #1738 ) ;
#2141 = EDGE_CURVE ( 'NONE', #107, #106, #1048, .T. ) ;
#2142 = EDGE_CURVE ( 'NONE', #551, #97, #1969, .T. ) ;
#2143 = EDGE_CURVE ( 'NONE', #116, #95, #1060, .T. ) ;
#2144 = EDGE_CURVE ( 'NONE', #178, #140, #1960, .T. ) ;
#2145 = AXIS2_PLACEMENT_3D ( 'NONE', #1728, #1729, #1687 ) ;
#2146 = AXIS2_PLACEMENT_3D ( 'NONE', #1748, #1768, #1747 ) ;
#2147 = EDGE_CURVE ( 'NONE', #88, #103, #1032, .T. ) ;
#2148 = AXIS2_PLACEMENT_3D ( 'NONE', #1757, #1763, #1775 ) ;
#2149 = EDGE_CURVE ( 'NONE', #171, #83, #1970, .T. ) ;
#2150 = AXIS2_PLACEMENT_3D ( 'NONE', #1761, #1781, #1764 ) ;
#2151 = LINE ( 'NONE', #583, #1084 ) ;
#2152 = AXIS2_PLACEMENT_3D ( 'NONE', #1864, #1840, #1867 ) ;
#2153 = AXIS2_PLACEMENT_3D ( 'NONE', #1829, #1865, #1831 ) ;
#2154 = AXIS2_PLACEMENT_3D ( 'NONE', #1855, #1839, #1846 ) ;
#2155 = AXIS2_PLACEMENT_3D ( 'NONE', #1889, #1911, #1891 ) ;
#2156 = AXIS2_PLACEMENT_3D ( 'NONE', #1876, #1880, #1885 ) ;
#2157 = AXIS2_PLACEMENT_3D ( 'NONE', #1905, #1901, #1879 ) ;
#2158 = AXIS2_PLACEMENT_3D ( 'NONE', #1887, #1882, #1899 ) ;
#2159 = AXIS2_PLACEMENT_3D ( 'NONE', #1841, #1866, #1849 ) ;
#2160 = AXIS2_PLACEMENT_3D ( 'NONE', #1835, #1862, #1844 ) ;
#2161 = AXIS2_PLACEMENT_3D ( 'NONE', #1893, #1902, #1884 ) ;
#2162 = AXIS2_PLACEMENT_3D ( 'NONE', #1924, #1929, #1915 ) ;
#2163 = AXIS2_PLACEMENT_3D ( 'NONE', #1883, #1872, #1881 ) ;
#2164 = AXIS2_PLACEMENT_3D ( 'NONE', #1897, #1909, #1904 ) ;
#2165 = AXIS2_PLACEMENT_3D ( 'NONE', #1869, #1900, #1890 ) ;
#2166 = AXIS2_PLACEMENT_3D ( 'NONE', #1258, #1238, #1239 ) ;
#2167 = AXIS2_PLACEMENT_3D ( 'NONE', #1245, #1254, #1244 ) ;
#2168 = AXIS2_PLACEMENT_3D ( 'NONE', #1288, #1284, #1268 ) ;
#2169 = AXIS2_PLACEMENT_3D ( 'NONE', #1832, #1856, #1857 ) ;
#2170 = AXIS2_PLACEMENT_3D ( 'NONE', #1898, #1894, #1877 ) ;
#2171 = AXIS2_PLACEMENT_3D ( 'NONE', #1282, #1261, #1276 ) ;
#2172 = AXIS2_PLACEMENT_3D ( 'NONE', #1306, #1316, #1328 ) ;
#2173 = AXIS2_PLACEMENT_3D ( 'NONE', #1338, #1332, #1314 ) ;
#2174 = AXIS2_PLACEMENT_3D ( 'NONE', #1336, #1339, #1343 ) ;
#2175 = AXIS2_PLACEMENT_3D ( 'NONE', #1367, #1391, #1353 ) ;
#2176 = AXIS2_PLACEMENT_3D ( 'NONE', #1366, #1354, #1355 ) ;
#2177 = AXIS2_PLACEMENT_3D ( 'NONE', #1319, #1342, #1313 ) ;
#2178 = AXIS2_PLACEMENT_3D ( 'NONE', #1372, #1384, #1383 ) ;
#2179 = AXIS2_PLACEMENT_3D ( 'NONE', #1806, #1793, #1794 ) ;
#2180 = AXIS2_PLACEMENT_3D ( 'NONE', #1845, #1858, #1859 ) ;
#2181 = AXIS2_PLACEMENT_3D ( 'NONE', #1797, #1807, #1798 ) ;
#2182 = AXIS2_PLACEMENT_3D ( 'NONE', #1826, #1822, #1821 ) ;
#2183 = AXIS2_PLACEMENT_3D ( 'NONE', #1816, #1802, #1803 ) ;
#2184 = AXIS2_PLACEMENT_3D ( 'NONE', #1854, #1851, #1837 ) ;
#2185 = AXIS2_PLACEMENT_3D ( 'NONE', #1830, #1863, #1836 ) ;
#2186 = AXIS2_PLACEMENT_3D ( 'NONE', #1740, #1783, #1760 ) ;
#2187 = AXIS2_PLACEMENT_3D ( 'NONE', #1766, #1758, #1741 ) ;
#2188 = AXIS2_PLACEMENT_3D ( 'NONE', #1759, #1743, #1744 ) ;
#2189 = AXIS2_PLACEMENT_3D ( 'NONE', #1814, #1789, #1792 ) ;
#2190 = AXIS2_PLACEMENT_3D ( 'NONE', #1785, #1786, #1805 ) ;
#2191 = AXIS2_PLACEMENT_3D ( 'NONE', #1745, #1746, #1750 ) ;
#2192 = AXIS2_PLACEMENT_3D ( 'NONE', #1800, #1801, #1791 ) ;
#2193 = AXIS2_PLACEMENT_3D ( 'NONE', #1815, #1795, #1784 ) ;
#2194 = AXIS2_PLACEMENT_3D ( 'NONE', #1833, #1834, #1852 ) ;
#2195 = AXIS2_PLACEMENT_3D ( 'NONE', #1823, #1824, #1825 ) ;
#2196 = AXIS2_PLACEMENT_3D ( 'NONE', #1827, #1842, #1847 ) ;
#2197 = AXIS2_PLACEMENT_3D ( 'NONE', #1771, #1780, #1749 ) ;
#2198 = AXIS2_PLACEMENT_3D ( 'NONE', #1767, #1769, #1774 ) ;
#2199 = AXIS2_PLACEMENT_3D ( 'NONE', #1828, #1838, #1860 ) ;
#2200 = AXIS2_PLACEMENT_3D ( 'NONE', #1850, #1861, #1868 ) ;
#2201 = AXIS2_PLACEMENT_3D ( 'NONE', #1809, #1820, #1790 ) ;
#2202 = AXIS2_PLACEMENT_3D ( 'NONE', #1777, #1779, #1778 ) ;
#2203 = AXIS2_PLACEMENT_3D ( 'NONE', #1788, #1812, #1804 ) ;
#2204 = AXIS2_PLACEMENT_3D ( 'NONE', #1776, #1772, #1751 ) ;
#2205 = AXIS2_PLACEMENT_3D ( 'NONE', #1754, #1742, #1752 ) ;
#2206 = AXIS2_PLACEMENT_3D ( 'NONE', #1810, #1817, #1799 ) ;
#2207 = AXIS2_PLACEMENT_3D ( 'NONE', #1818, #1819, #1796 ) ;
ENDSEC;
END-ISO-10303-21;
