ISO-10303-21;
HEADER;
FILE_DESCRIPTION (( 'STEP AP203' ),
    '1' );
FILE_NAME ('ALP0113.STEP',
    '2017-01-31T22:44:57',
    ( '' ),
    ( '' ),
    'SwSTEP 2.0',
    'SolidWorks 2012',
    '' );
FILE_SCHEMA (( 'CONFIG_CONTROL_DESIGN' ));
ENDSEC;

DATA;
#1 = PLANE ( 'NONE',  #897 ) ;
#2 = CARTESIAN_POINT ( 'NONE',  ( 1.999999999999990500, -8.999999999999996400, 0.0000000000000000000 ) ) ;
#3 = CARTESIAN_POINT ( 'NONE',  ( 4.000000000000000900, 4.472135954999562700, -4.500000000000000000 ) ) ;
#4 = CARTESIAN_POINT ( 'NONE',  ( -0.5000000000000088800, -8.986100377805708900, -1.530808498934194000E-017 ) ) ;
#5 = DIRECTION ( 'NONE',  ( -2.478176394252574700E-016, 1.000000000000000000, 0.0000000000000000000 ) ) ;
#6 = CARTESIAN_POINT ( 'NONE',  ( -3.000000000000009800, -2.645751311064592900, 0.0000000000000000000 ) ) ;
#7 = CARTESIAN_POINT ( 'NONE',  ( 1.499999999999989800, -8.999999999999996400, 0.0000000000000000000 ) ) ;
#8 = PLANE ( 'NONE',  #910 ) ;
#9 = CARTESIAN_POINT ( 'NONE',  ( 0.0000000000000000000, 0.0000000000000000000, 20.00000000000000000 ) ) ;
#10 = DIRECTION ( 'NONE',  ( 0.0000000000000000000, 0.0000000000000000000, 1.000000000000000000 ) ) ;
#11 = DIRECTION ( 'NONE',  ( 1.000000000000000000, 0.0000000000000000000, 0.0000000000000000000 ) ) ;
#12 = DIRECTION ( 'NONE',  ( 1.000000000000000000, 0.0000000000000000000, 0.0000000000000000000 ) ) ;
#13 = DIRECTION ( 'NONE',  ( 0.0000000000000000000, 0.0000000000000000000, 1.000000000000000000 ) ) ;
#14 = CARTESIAN_POINT ( 'NONE',  ( -3.500000000000009800, 3.500000000000008900, 1.500000000000000400 ) ) ;
#15 = DIRECTION ( 'NONE',  ( 0.0000000000000000000, 0.0000000000000000000, -1.000000000000000000 ) ) ;
#16 = DIRECTION ( 'NONE',  ( 1.000000000000000000, 0.0000000000000000000, -0.0000000000000000000 ) ) ;
#17 = DIRECTION ( 'NONE',  ( -1.000000000000000000, 0.0000000000000000000, 0.0000000000000000000 ) ) ;
#18 = CARTESIAN_POINT ( 'NONE',  ( 3.500000000000000400, -8.499999999999994700, -4.500000000000000000 ) ) ;
#19 = CARTESIAN_POINT ( 'NONE',  ( 0.0000000000000000000, 0.0000000000000000000, -4.500000000000000000 ) ) ;
#20 = DIRECTION ( 'NONE',  ( 0.0000000000000000000, 0.0000000000000000000, 1.000000000000000000 ) ) ;
#21 = DIRECTION ( 'NONE',  ( 1.000000000000000000, 0.0000000000000000000, 0.0000000000000000000 ) ) ;
#22 = CARTESIAN_POINT ( 'NONE',  ( -3.999999999999999100, 9.000000000000003600, -1.500000000000004000 ) ) ;
#23 = DIRECTION ( 'NONE',  ( 0.0000000000000000000, -0.7071067811865461300, 0.7071067811865490200 ) ) ;
#24 = DIRECTION ( 'NONE',  ( -1.000000000000000000, 0.0000000000000000000, 0.0000000000000000000 ) ) ;
#25 = DIRECTION ( 'NONE',  ( -1.000000000000000000, 0.0000000000000000000, 0.0000000000000000000 ) ) ;
#26 = VERTEX_POINT ( 'NONE', #1285 ) ;
#27 = CARTESIAN_POINT ( 'NONE',  ( -3.999999999999999100, -8.999999999999996400, -1.500000000000004000 ) ) ;
#28 = CARTESIAN_POINT ( 'NONE',  ( -1.750000000000009300, 9.707106781186555000, 0.0000000000000000000 ) ) ;
#29 = VERTEX_POINT ( 'NONE', #1289 ) ;
#30 = DIRECTION ( 'NONE',  ( -0.0000000000000000000, -0.0000000000000000000, -1.000000000000000000 ) ) ;
#31 = DIRECTION ( 'NONE',  ( -1.000000000000000000, 0.0000000000000000000, 0.0000000000000000000 ) ) ;
#32 = PLANE ( 'NONE',  #696 ) ;
#33 = VERTEX_POINT ( 'NONE', #1286 ) ;
#34 = DIRECTION ( 'NONE',  ( 0.0000000000000000000, 0.0000000000000000000, -1.000000000000000000 ) ) ;
#35 = DIRECTION ( 'NONE',  ( -0.0000000000000000000, 0.7071067811865461300, 0.7071067811865490200 ) ) ;
#36 = DIRECTION ( 'NONE',  ( 0.0000000000000000000, 0.0000000000000000000, 1.000000000000000000 ) ) ;
#37 = CARTESIAN_POINT ( 'NONE',  ( 0.0000000000000000000, 0.0000000000000000000, 20.00000000000000000 ) ) ;
#38 = VERTEX_POINT ( 'NONE', #1290 ) ;
#39 = DIRECTION ( 'NONE',  ( 1.000000000000000000, 0.0000000000000000000, 0.0000000000000000000 ) ) ;
#40 = CARTESIAN_POINT ( 'NONE',  ( 0.0000000000000000000, 0.0000000000000000000, -4.500000000000000000 ) ) ;
#41 = CARTESIAN_POINT ( 'NONE',  ( 0.0000000000000000000, 0.0000000000000000000, 1.500000000000000400 ) ) ;
#42 = PLANE ( 'NONE',  #720 ) ;
#43 = VERTEX_POINT ( 'NONE', #1287 ) ;
#44 = VERTEX_POINT ( 'NONE', #1291 ) ;
#45 = VERTEX_POINT ( 'NONE', #1294 ) ;
#46 = VERTEX_POINT ( 'NONE', #1292 ) ;
#47 = VERTEX_POINT ( 'NONE', #1296 ) ;
#48 = VERTEX_POINT ( 'NONE', #1283 ) ;
#49 = VERTEX_POINT ( 'NONE', #1284 ) ;
#50 = CARTESIAN_POINT ( 'NONE',  ( 0.0000000000000000000, 0.0000000000000000000, 20.00000000000000000 ) ) ;
#51 = DIRECTION ( 'NONE',  ( 0.0000000000000000000, -1.000000000000000000, 0.0000000000000000000 ) ) ;
#52 = DIRECTION ( 'NONE',  ( -1.000000000000000000, 0.0000000000000000000, 0.0000000000000000000 ) ) ;
#53 = CARTESIAN_POINT ( 'NONE',  ( -1.250000000000009300, 9.707106781186555000, 0.0000000000000000000 ) ) ;
#54 = DIRECTION ( 'NONE',  ( 0.0000000000000000000, -1.000000000000000000, 0.0000000000000000000 ) ) ;
#55 = DIRECTION ( 'NONE',  ( 0.0000000000000000000, 0.0000000000000000000, -1.000000000000000000 ) ) ;
#56 = DIRECTION ( 'NONE',  ( 0.0000000000000000000, -1.000000000000000000, 0.0000000000000000000 ) ) ;
#57 = DIRECTION ( 'NONE',  ( 0.0000000000000000000, -1.000000000000000000, 0.0000000000000000000 ) ) ;
#58 = DIRECTION ( 'NONE',  ( 0.0000000000000000000, 0.0000000000000000000, -1.000000000000000000 ) ) ;
#59 = DIRECTION ( 'NONE',  ( 0.0000000000000000000, 0.0000000000000000000, -1.000000000000000000 ) ) ;
#60 = CARTESIAN_POINT ( 'NONE',  ( -3.750000000000009300, 9.707106781186555000, 0.0000000000000000000 ) ) ;
#61 = DIRECTION ( 'NONE',  ( 0.0000000000000000000, 0.0000000000000000000, -1.000000000000000000 ) ) ;
#62 = CARTESIAN_POINT ( 'NONE',  ( -3.250000000000009300, 9.707106781186555000, 0.0000000000000000000 ) ) ;
#63 = DIRECTION ( 'NONE',  ( 0.0000000000000000000, 0.0000000000000000000, -1.000000000000000000 ) ) ;
#64 = CC_DESIGN_PERSON_AND_ORGANIZATION_ASSIGNMENT ( #348, #1932, ( #1816 ) ) ;
#65 = ORIENTED_EDGE ( 'NONE', *, *, #882, .T. ) ;
#66 = ORIENTED_EDGE ( 'NONE', *, *, #870, .F. ) ;
#67 = VECTOR ( 'NONE', #1690, 1000.000000000000000 ) ;
#68 = VECTOR ( 'NONE', #1730, 1000.000000000000000 ) ;
#69 = VECTOR ( 'NONE', #1728, 1000.000000000000000 ) ;
#70 = CIRCLE ( 'NONE', #899, 0.2500000000000002200 ) ;
#71 = VECTOR ( 'NONE', #1054, 1000.000000000000000 ) ;
#72 = VECTOR ( 'NONE', #1555, 1000.000000000000000 ) ;
#73 = LINE ( 'NONE', #1714, #69 ) ;
#74 = LINE ( 'NONE', #1599, #98 ) ;
#75 = LINE ( 'NONE', #1664, #77 ) ;
#76 = VECTOR ( 'NONE', #1511, 1000.000000000000000 ) ;
#77 = VECTOR ( 'NONE', #1646, 1000.000000000000000 ) ;
#78 = LINE ( 'NONE', #1731, #89 ) ;
#79 = LINE ( 'NONE', #1720, #126 ) ;
#80 = VECTOR ( 'NONE', #1535, 1000.000000000000000 ) ;
#81 = LINE ( 'NONE', #1675, #115 ) ;
#82 = VECTOR ( 'NONE', #1668, 1000.000000000000000 ) ;
#83 = LINE ( 'NONE', #1602, #86 ) ;
#84 = VECTOR ( 'NONE', #1545, 1000.000000000000000 ) ;
#85 = CIRCLE ( 'NONE', #869, 0.2500000000000003900 ) ;
#86 = VECTOR ( 'NONE', #1618, 1000.000000000000000 ) ;
#87 = CIRCLE ( 'NONE', #874, 0.2500000000000003900 ) ;
#88 = VECTOR ( 'NONE', #1700, 1000.000000000000000 ) ;
#89 = VECTOR ( 'NONE', #1729, 1000.000000000000000 ) ;
#90 = LINE ( 'NONE', #1052, #71 ) ;
#91 = LINE ( 'NONE', #1732, #68 ) ;
#92 = LINE ( 'NONE', #1531, #113 ) ;
#93 = CIRCLE ( 'NONE', #879, 0.2500000000000003900 ) ;
#94 = CIRCLE ( 'NONE', #880, 0.2500000000000003900 ) ;
#95 = LINE ( 'NONE', #1679, #112 ) ;
#96 = VECTOR ( 'NONE', #1699, 1000.000000000000000 ) ;
#97 = LINE ( 'NONE', #1556, #72 ) ;
#98 = VECTOR ( 'NONE', #1594, 1000.000000000000000 ) ;
#99 = VECTOR ( 'NONE', #1689, 1000.000000000000000 ) ;
#100 = VECTOR ( 'NONE', #1608, 1000.000000000000100 ) ;
#101 = VECTOR ( 'NONE', #1619, 1000.000000000000000 ) ;
#102 = LINE ( 'NONE', #1607, #100 ) ;
#103 = LINE ( 'NONE', #1670, #108 ) ;
#104 = VECTOR ( 'NONE', #1566, 1000.000000000000000 ) ;
#105 = LINE ( 'NONE', #1725, #67 ) ;
#106 = LINE ( 'NONE', #1561, #104 ) ;
#107 = LINE ( 'NONE', #1584, #101 ) ;
#108 = VECTOR ( 'NONE', #1665, 1000.000000000000000 ) ;
#109 = LINE ( 'NONE', #1648, #82 ) ;
#110 = LINE ( 'NONE', #1719, #99 ) ;
#111 = LINE ( 'NONE', #1543, #84 ) ;
#112 = VECTOR ( 'NONE', #1637, 1000.000000000000000 ) ;
#113 = VECTOR ( 'NONE', #1538, 1000.000000000000000 ) ;
#114 = CIRCLE ( 'NONE', #908, 0.2500000000000003900 ) ;
#115 = VECTOR ( 'NONE', #1653, 1000.000000000000000 ) ;
#116 = CIRCLE ( 'NONE', #868, 0.2500000000000003900 ) ;
#117 = LINE ( 'NONE', #1506, #76 ) ;
#118 = LINE ( 'NONE', #1697, #88 ) ;
#119 = CIRCLE ( 'NONE', #888, 0.2500000000000003900 ) ;
#120 = LINE ( 'NONE', #1692, #121 ) ;
#121 = VECTOR ( 'NONE', #1693, 1000.000000000000000 ) ;
#122 = CIRCLE ( 'NONE', #867, 4.000000000000000000 ) ;
#123 = LINE ( 'NONE', #1691, #96 ) ;
#124 = LINE ( 'NONE', #1569, #80 ) ;
#125 = CIRCLE ( 'NONE', #916, 5.999999999999987600 ) ;
#126 = VECTOR ( 'NONE', #1698, 1000.000000000000000 ) ;
#127 = LINE ( 'NONE', #1713, #128 ) ;
#128 = VECTOR ( 'NONE', #1696, 1000.000000000000000 ) ;
#129 = CIRCLE ( 'NONE', #906, 8.999999999999996400 ) ;
#130 = CIRCLE ( 'NONE', #877, 0.2500000000000003900 ) ;
#131 = LINE ( 'NONE', #1071, #173 ) ;
#132 = LINE ( 'NONE', #1131, #145 ) ;
#133 = LINE ( 'NONE', #1247, #177 ) ;
#134 = VECTOR ( 'NONE', #1180, 1000.000000000000000 ) ;
#135 = VECTOR ( 'NONE', #1092, 1000.000000000000000 ) ;
#136 = LINE ( 'NONE', #1118, #144 ) ;
#137 = VECTOR ( 'NONE', #1203, 1000.000000000000000 ) ;
#138 = LINE ( 'NONE', #1210, #151 ) ;
#139 = LINE ( 'NONE', #1100, #160 ) ;
#140 = CIRCLE ( 'NONE', #900, 0.2500000000000003900 ) ;
#141 = VECTOR ( 'NONE', #1209, 1000.000000000000000 ) ;
#142 = LINE ( 'NONE', #1055, #135 ) ;
#143 = LINE ( 'NONE', #1125, #149 ) ;
#144 = VECTOR ( 'NONE', #1123, 1000.000000000000000 ) ;
#145 = VECTOR ( 'NONE', #1133, 1000.000000000000000 ) ;
#146 = VECTOR ( 'NONE', #1215, 1000.000000000000000 ) ;
#147 = CIRCLE ( 'NONE', #905, 0.2500000000000002200 ) ;
#148 = LINE ( 'NONE', #1126, #174 ) ;
#149 = VECTOR ( 'NONE', #1132, 1000.000000000000000 ) ;
#150 = LINE ( 'NONE', #1208, #141 ) ;
#151 = VECTOR ( 'NONE', #1181, 1000.000000000000000 ) ;
#152 = VECTOR ( 'NONE', #1259, 1000.000000000000000 ) ;
#153 = LINE ( 'NONE', #1127, #164 ) ;
#154 = CIRCLE ( 'NONE', #903, 0.2500000000000003900 ) ;
#155 = VECTOR ( 'NONE', #1251, 1000.000000000000000 ) ;
#156 = VECTOR ( 'NONE', #1230, 1000.000000000000000 ) ;
#157 = LINE ( 'NONE', #1079, #159 ) ;
#158 = LINE ( 'NONE', #1241, #165 ) ;
#159 = VECTOR ( 'NONE', #1082, 1000.000000000000000 ) ;
#160 = VECTOR ( 'NONE', #1101, 1000.000000000000000 ) ;
#161 = CIRCLE ( 'NONE', #881, 0.2500000000000003900 ) ;
#162 = CIRCLE ( 'NONE', #907, 0.2500000000000003900 ) ;
#163 = CIRCLE ( 'NONE', #884, 0.2500000000000002200 ) ;
#164 = VECTOR ( 'NONE', #1134, 1000.000000000000000 ) ;
#165 = VECTOR ( 'NONE', #1240, 1000.000000000000000 ) ;
#166 = CIRCLE ( 'NONE', #909, 0.2500000000000004400 ) ;
#167 = LINE ( 'NONE', #1257, #156 ) ;
#168 = LINE ( 'NONE', #1266, #171 ) ;
#169 = VECTOR ( 'NONE', #1098, 1000.000000000000100 ) ;
#170 = LINE ( 'NONE', #1214, #146 ) ;
#171 = VECTOR ( 'NONE', #1263, 1000.000000000000000 ) ;
#172 = CIRCLE ( 'NONE', #890, 0.2500000000000002200 ) ;
#173 = VECTOR ( 'NONE', #1063, 1000.000000000000000 ) ;
#174 = VECTOR ( 'NONE', #1113, 1000.000000000000000 ) ;
#175 = LINE ( 'NONE', #1224, #134 ) ;
#176 = CIRCLE ( 'NONE', #878, 4.000000000000008900 ) ;
#177 = VECTOR ( 'NONE', #1235, 1000.000000000000000 ) ;
#178 = LINE ( 'NONE', #1097, #169 ) ;
#179 = LINE ( 'NONE', #1282, #185 ) ;
#180 = CIRCLE ( 'NONE', #883, 0.2500000000000004400 ) ;
#181 = CIRCLE ( 'NONE', #885, 3.200000000000001500 ) ;
#182 = LINE ( 'NONE', #1200, #184 ) ;
#183 = LINE ( 'NONE', #1232, #155 ) ;
#184 = VECTOR ( 'NONE', #1205, 1000.000000000000000 ) ;
#185 = VECTOR ( 'NONE', #1383, 1000.000000000000000 ) ;
#186 = LINE ( 'NONE', #1268, #152 ) ;
#187 = CIRCLE ( 'NONE', #894, 0.2500000000000003900 ) ;
#188 = LINE ( 'NONE', #1198, #137 ) ;
#189 = FACE_OUTER_BOUND ( 'NONE', #394, .T. ) ;
#190 = CYLINDRICAL_SURFACE ( 'NONE', #694, 0.2500000000000003900 ) ;
#191 = CYLINDRICAL_SURFACE ( 'NONE', #692, 8.999999999999996400 ) ;
#192 = CIRCLE ( 'NONE', #901, 0.2500000000000004400 ) ;
#193 = LINE ( 'NONE', #2069, #194 ) ;
#194 = VECTOR ( 'NONE', #2050, 1000.000000000000000 ) ;
#195 = LINE ( 'NONE', #2064, #199 ) ;
#196 = CYLINDRICAL_SURFACE ( 'NONE', #923, 0.4999999999999995600 ) ;
#197 = CYLINDRICAL_SURFACE ( 'NONE', #898, 0.4999999999999991700 ) ;
#198 = CYLINDRICAL_SURFACE ( 'NONE', #713, 0.2500000000000003900 ) ;
#199 = VECTOR ( 'NONE', #2058, 1000.000000000000000 ) ;
#200 = FACE_OUTER_BOUND ( 'NONE', #479, .T. ) ;
#201 = FACE_OUTER_BOUND ( 'NONE', #474, .T. ) ;
#202 = FACE_OUTER_BOUND ( 'NONE', #435, .T. ) ;
#203 = FACE_OUTER_BOUND ( 'NONE', #460, .T. ) ;
#204 = FACE_OUTER_BOUND ( 'NONE', #432, .T. ) ;
#205 = FACE_OUTER_BOUND ( 'NONE', #482, .T. ) ;
#206 = CYLINDRICAL_SURFACE ( 'NONE', #693, 0.2500000000000003900 ) ;
#207 = CYLINDRICAL_SURFACE ( 'NONE', #716, 0.5000000000000004400 ) ;
#208 = FACE_OUTER_BOUND ( 'NONE', #370, .T. ) ;
#209 = CYLINDRICAL_SURFACE ( 'NONE', #697, 8.999999999999996400 ) ;
#210 = CYLINDRICAL_SURFACE ( 'NONE', #709, 0.5000000000000000000 ) ;
#211 = FACE_OUTER_BOUND ( 'NONE', #451, .T. ) ;
#212 = CIRCLE ( 'NONE', #893, 0.2500000000000003900 ) ;
#213 = CIRCLE ( 'NONE', #915, 8.999999999999996400 ) ;
#214 = FACE_OUTER_BOUND ( 'NONE', #480, .T. ) ;
#215 = CONICAL_SURFACE ( 'NONE', #902, 5.999999999999987600, 0.7853981633974502800 ) ;
#216 = CYLINDRICAL_SURFACE ( 'NONE', #695, 0.2500000000000003900 ) ;
#217 = LINE ( 'NONE', #2063, #232 ) ;
#218 = FACE_OUTER_BOUND ( 'NONE', #481, .T. ) ;
#219 = FACE_OUTER_BOUND ( 'NONE', #440, .T. ) ;
#220 = FACE_OUTER_BOUND ( 'NONE', #397, .T. ) ;
#221 = CYLINDRICAL_SURFACE ( 'NONE', #722, 0.2500000000000003900 ) ;
#222 = CONICAL_SURFACE ( 'NONE', #719, 3.200000000000001500, 0.7853981633974450600 ) ;
#223 = CIRCLE ( 'NONE', #892, 0.2500000000000003900 ) ;
#224 = FACE_OUTER_BOUND ( 'NONE', #448, .T. ) ;
#225 = CONICAL_SURFACE ( 'NONE', #911, 3.200000000000001500, 0.7853981633974450600 ) ;
#226 = CONICAL_SURFACE ( 'NONE', #721, 5.999999999999987600, 0.7853981633974502800 ) ;
#227 = FACE_OUTER_BOUND ( 'NONE', #477, .T. ) ;
#228 = FACE_OUTER_BOUND ( 'NONE', #399, .T. ) ;
#229 = FACE_OUTER_BOUND ( 'NONE', #461, .T. ) ;
#230 = FACE_OUTER_BOUND ( 'NONE', #360, .T. ) ;
#231 = FACE_OUTER_BOUND ( 'NONE', #475, .T. ) ;
#233 = ORIENTED_EDGE ( 'NONE', *, *, #835, .T. ) ;
#232 = VECTOR ( 'NONE', #2082, 1000.000000000000000 ) ;
#234 = FACE_OUTER_BOUND ( 'NONE', #449, .T. ) ;
#236 = ORIENTED_EDGE ( 'NONE', *, *, #875, .T. ) ;
#235 = FACE_OUTER_BOUND ( 'NONE', #430, .T. ) ;
#237 = CYLINDRICAL_SURFACE ( 'NONE', #708, 0.2500000000000003900 ) ;
#238 = FACE_OUTER_BOUND ( 'NONE', #426, .T. ) ;
#239 = CYLINDRICAL_SURFACE ( 'NONE', #725, 0.2500000000000003900 ) ;
#240 = FACE_OUTER_BOUND ( 'NONE', #388, .T. ) ;
#241 = FACE_OUTER_BOUND ( 'NONE', #403, .T. ) ;
#243 = ORIENTED_EDGE ( 'NONE', *, *, #731, .F. ) ;
#242 = FACE_OUTER_BOUND ( 'NONE', #422, .T. ) ;
#244 = FACE_OUTER_BOUND ( 'NONE', #462, .T. ) ;
#245 = CYLINDRICAL_SURFACE ( 'NONE', #706, 0.2500000000000003900 ) ;
#247 = ORIENTED_EDGE ( 'NONE', *, *, #860, .T. ) ;
#246 = FACE_OUTER_BOUND ( 'NONE', #375, .T. ) ;
#249 = ORIENTED_EDGE ( 'NONE', *, *, #832, .T. ) ;
#248 = CYLINDRICAL_SURFACE ( 'NONE', #727, 0.2500000000000003900 ) ;
#251 = VERTEX_POINT ( 'NONE', #1295 ) ;
#250 = FACE_OUTER_BOUND ( 'NONE', #425, .T. ) ;
#253 = VERTEX_POINT ( 'NONE', #1315 ) ;
#252 = FACE_OUTER_BOUND ( 'NONE', #438, .T. ) ;
#255 = ORIENTED_EDGE ( 'NONE', *, *, #767, .T. ) ;
#254 = CYLINDRICAL_SURFACE ( 'NONE', #704, 0.2500000000000003900 ) ;
#256 = FACE_OUTER_BOUND ( 'NONE', #392, .T. ) ;
#257 = CYLINDRICAL_SURFACE ( 'NONE', #691, 0.2500000000000003900 ) ;
#258 = FACE_OUTER_BOUND ( 'NONE', #433, .T. ) ;
#259 = CYLINDRICAL_SURFACE ( 'NONE', #723, 0.2500000000000003900 ) ;
#260 = FACE_OUTER_BOUND ( 'NONE', #454, .T. ) ;
#261 = FACE_OUTER_BOUND ( 'NONE', #371, .T. ) ;
#263 = ORIENTED_EDGE ( 'NONE', *, *, #859, .T. ) ;
#262 = SHAPE_DEFINITION_REPRESENTATION ( #1831, #1024 ) ;
#265 = VERTEX_POINT ( 'NONE', #1288 ) ;
#264 = CYLINDRICAL_SURFACE ( 'NONE', #1904, 0.2500000000000003900 ) ;
#267 = VERTEX_POINT ( 'NONE', #1293 ) ;
#266 = CYLINDRICAL_SURFACE ( 'NONE', #702, 0.2500000000000003900 ) ;
#269 = VERTEX_POINT ( 'NONE', #1297 ) ;
#268 = FACE_OUTER_BOUND ( 'NONE', #421, .T. ) ;
#271 = VERTEX_POINT ( 'NONE', #1298 ) ;
#270 = CYLINDRICAL_SURFACE ( 'NONE', #700, 0.2500000000000003900 ) ;
#273 = VERTEX_POINT ( 'NONE', #1304 ) ;
#272 = FACE_OUTER_BOUND ( 'NONE', #386, .T. ) ;
#274 = FACE_OUTER_BOUND ( 'NONE', #450, .T. ) ;
#275 = FACE_OUTER_BOUND ( 'NONE', #447, .T. ) ;
#276 = CYLINDRICAL_SURFACE ( 'NONE', #1898, 0.2500000000000003900 ) ;
#277 = ORIENTED_EDGE ( 'NONE', *, *, #843, .T. ) ;
#279 = VERTEX_POINT ( 'NONE', #1305 ) ;
#278 = CYLINDRICAL_SURFACE ( 'NONE', #1902, 0.2500000000000003900 ) ;
#280 = FACE_OUTER_BOUND ( 'NONE', #485, .T. ) ;
#281 = FACE_OUTER_BOUND ( 'NONE', #402, .T. ) ;
#283 = ORIENTED_EDGE ( 'NONE', *, *, #835, .F. ) ;
#282 = CYLINDRICAL_SURFACE ( 'NONE', #711, 0.2500000000000003900 ) ;
#285 = VERTEX_POINT ( 'NONE', #1306 ) ;
#284 = FACE_OUTER_BOUND ( 'NONE', #398, .T. ) ;
#286 = FACE_OUTER_BOUND ( 'NONE', #439, .T. ) ;
#288 = ORIENTED_EDGE ( 'NONE', *, *, #755, .F. ) ;
#287 = FACE_OUTER_BOUND ( 'NONE', #374, .T. ) ;
#289 = CYLINDRICAL_SURFACE ( 'NONE', #698, 0.2500000000000003900 ) ;
#291 = VERTEX_POINT ( 'NONE', #1307 ) ;
#290 = CYLINDRICAL_SURFACE ( 'NONE', #703, 4.000000000000008900 ) ;
#292 = FACE_OUTER_BOUND ( 'NONE', #377, .T. ) ;
#293 = FACE_OUTER_BOUND ( 'NONE', #466, .T. ) ;
#294 = CYLINDRICAL_SURFACE ( 'NONE', #1900, 0.2500000000000003900 ) ;
#295 = FACE_OUTER_BOUND ( 'NONE', #465, .T. ) ;
#296 = FACE_OUTER_BOUND ( 'NONE', #389, .T. ) ;
#298 = ORIENTED_EDGE ( 'NONE', *, *, #832, .F. ) ;
#297 = CYLINDRICAL_SURFACE ( 'NONE', #1908, 0.2500000000000003900 ) ;
#300 = ORIENTED_EDGE ( 'NONE', *, *, #808, .T. ) ;
#299 = CYLINDRICAL_SURFACE ( 'NONE', #1892, 0.2500000000000003900 ) ;
#301 = CYLINDRICAL_SURFACE ( 'NONE', #1895, 0.2500000000000003900 ) ;
#302 = CYLINDRICAL_SURFACE ( 'NONE', #724, 0.2500000000000003900 ) ;
#303 = CYLINDRICAL_SURFACE ( 'NONE', #712, 0.2500000000000003900 ) ;
#304 = FACE_OUTER_BOUND ( 'NONE', #372, .T. ) ;
#305 = FACE_OUTER_BOUND ( 'NONE', #434, .T. ) ;
#306 = ORIENTED_EDGE ( 'NONE', *, *, #748, .F. ) ;
#307 = CYLINDRICAL_SURFACE ( 'NONE', #1896, 0.2500000000000003900 ) ;
#308 = FACE_OUTER_BOUND ( 'NONE', #437, .T. ) ;
#309 = CYLINDRICAL_SURFACE ( 'NONE', #707, 0.2500000000000003900 ) ;
#310 = CYLINDRICAL_SURFACE ( 'NONE', #1909, 0.2500000000000003900 ) ;
#311 = CYLINDRICAL_SURFACE ( 'NONE', #715, 0.2500000000000003900 ) ;
#312 = CYLINDRICAL_SURFACE ( 'NONE', #1899, 0.2500000000000003900 ) ;
#313 = FACE_OUTER_BOUND ( 'NONE', #404, .T. ) ;
#314 = CYLINDRICAL_SURFACE ( 'NONE', #699, 4.000000000000008900 ) ;
#315 = FACE_OUTER_BOUND ( 'NONE', #393, .T. ) ;
#316 = FACE_OUTER_BOUND ( 'NONE', #400, .T. ) ;
#317 = CYLINDRICAL_SURFACE ( 'NONE', #1906, 0.2500000000000003900 ) ;
#318 = FACE_OUTER_BOUND ( 'NONE', #415, .T. ) ;
#319 = FACE_OUTER_BOUND ( 'NONE', #483, .T. ) ;
#320 = FACE_OUTER_BOUND ( 'NONE', #431, .T. ) ;
#321 = CYLINDRICAL_SURFACE ( 'NONE', #701, 0.2500000000000003900 ) ;
#322 = FACE_OUTER_BOUND ( 'NONE', #382, .T. ) ;
#323 = DATE_AND_TIME ( #324, #351 ) ;
#324 = CALENDAR_DATE ( 2017, 31, 1 ) ;
#325 = COORDINATED_UNIVERSAL_TIME_OFFSET ( 1, 0, .AHEAD. ) ;
#326 = PERSON_AND_ORGANIZATION ( #1806, #328 ) ;
#327 = COORDINATED_UNIVERSAL_TIME_OFFSET ( 1, 0, .AHEAD. ) ;
#328 = ORGANIZATION ( 'UNSPECIFIED', 'UNSPECIFIED', '' ) ;
#329 = DATE_AND_TIME ( #338, #343 ) ;
#330 = CALENDAR_DATE ( 2017, 31, 1 ) ;
#331 = LOCAL_TIME ( 23, 44, 57.00000000000000000, #357 ) ;
#332 = APPROVAL_PERSON_ORGANIZATION ( #350, #1950, #1930 ) ;
#333 = COORDINATED_UNIVERSAL_TIME_OFFSET ( 1, 0, .AHEAD. ) ;
#334 = PERSON_AND_ORGANIZATION ( #1806, #328 ) ;
#335 = DATE_AND_TIME ( #353, #346 ) ;
#336 = DATE_AND_TIME ( #344, #331 ) ;
#337 = PERSON_AND_ORGANIZATION ( #1806, #328 ) ;
#338 = CALENDAR_DATE ( 2017, 31, 1 ) ;
#339 = PERSON_AND_ORGANIZATION ( #1806, #328 ) ;
#340 = COORDINATED_UNIVERSAL_TIME_OFFSET ( 1, 0, .AHEAD. ) ;
#341 = APPROVAL_PERSON_ORGANIZATION ( #334, #1817, #1925 ) ;
#342 = APPROVAL_PERSON_ORGANIZATION ( #354, #1907, #1924 ) ;
#343 = LOCAL_TIME ( 23, 44, 57.00000000000000000, #327 ) ;
#344 = CALENDAR_DATE ( 2017, 31, 1 ) ;
#345 = APPROVAL_DATE_TIME ( #336, #1907 ) ;
#346 = LOCAL_TIME ( 23, 44, 57.00000000000000000, #340 ) ;
#347 = APPROVAL_DATE_TIME ( #323, #1817 ) ;
#348 = PERSON_AND_ORGANIZATION ( #1806, #328 ) ;
#349 = PERSON_AND_ORGANIZATION ( #1806, #328 ) ;
#350 = PERSON_AND_ORGANIZATION ( #1806, #328 ) ;
#351 = LOCAL_TIME ( 23, 44, 57.00000000000000000, #325 ) ;
#352 = APPROVAL_DATE_TIME ( #355, #1950 ) ;
#353 = CALENDAR_DATE ( 2017, 31, 1 ) ;
#354 = PERSON_AND_ORGANIZATION ( #1806, #328 ) ;
#355 = DATE_AND_TIME ( #330, #356 ) ;
#356 = LOCAL_TIME ( 23, 44, 57.00000000000000000, #333 ) ;
#357 = COORDINATED_UNIVERSAL_TIME_OFFSET ( 1, 0, .AHEAD. ) ;
#358 = VERTEX_POINT ( 'NONE', #1314 ) ;
#359 = VERTEX_POINT ( 'NONE', #1320 ) ;
#360 = EDGE_LOOP ( 'NONE', ( #452, #446, #464, #467 ) ) ;
#361 = VERTEX_POINT ( 'NONE', #1308 ) ;
#362 = VERTEX_POINT ( 'NONE', #1317 ) ;
#363 = VERTEX_POINT ( 'NONE', #1309 ) ;
#364 = VERTEX_POINT ( 'NONE', #1316 ) ;
#365 = VERTEX_POINT ( 'NONE', #1318 ) ;
#366 = ORIENTED_EDGE ( 'NONE', *, *, #745, .T. ) ;
#367 = VERTEX_POINT ( 'NONE', #1311 ) ;
#368 = VERTEX_POINT ( 'NONE', #1312 ) ;
#369 = VERTEX_POINT ( 'NONE', #1300 ) ;
#370 = EDGE_LOOP ( 'NONE', ( #566, #551, #613, #596 ) ) ;
#371 = EDGE_LOOP ( 'NONE', ( #966, #959, #247, #306 ) ) ;
#372 = EDGE_LOOP ( 'NONE', ( #565, #553, #583, #602, #563, #552 ) ) ;
#373 = ORIENTED_EDGE ( 'NONE', *, *, #913, .F. ) ;
#374 = EDGE_LOOP ( 'NONE', ( #233, #236, #300, #288 ) ) ;
#375 = EDGE_LOOP ( 'NONE', ( #653, #629, #559, #623 ) ) ;
#376 = VERTEX_POINT ( 'NONE', #1319 ) ;
#377 = EDGE_LOOP ( 'NONE', ( #509, #538, #510, #511 ) ) ;
#378 = VERTEX_POINT ( 'NONE', #1313 ) ;
#379 = VERTEX_POINT ( 'NONE', #1321 ) ;
#380 = ORIENTED_EDGE ( 'NONE', *, *, #813, .F. ) ;
#381 = VERTEX_POINT ( 'NONE', #1299 ) ;
#382 = EDGE_LOOP ( 'NONE', ( #529, #473, #505, #534 ) ) ;
#383 = VERTEX_POINT ( 'NONE', #1322 ) ;
#384 = VERTEX_POINT ( 'NONE', #1302 ) ;
#385 = VERTEX_POINT ( 'NONE', #1323 ) ;
#386 = EDGE_LOOP ( 'NONE', ( #373, #1827, #1813, #2019 ) ) ;
#387 = VERTEX_POINT ( 'NONE', #1301 ) ;
#388 = EDGE_LOOP ( 'NONE', ( #655, #656, #652, #650, #643, #618, #555, #976, #962, #943 ) ) ;
#389 = EDGE_LOOP ( 'NONE', ( #972, #974, #980, #960 ) ) ;
#390 = VERTEX_POINT ( 'NONE', #1324 ) ;
#391 = VERTEX_POINT ( 'NONE', #1325 ) ;
#392 = EDGE_LOOP ( 'NONE', ( #945, #978, #946, #982, #942, #961, #954, #965, #971, #956 ) ) ;
#393 = EDGE_LOOP ( 'NONE', ( #1820, #1826, #1808, #380 ) ) ;
#394 = EDGE_LOOP ( 'NONE', ( #598, #571, #594, #556, #573, #586, #593, #597, #572, #550, #578, #557, #558, #611 ) ) ;
#395 = VERTEX_POINT ( 'NONE', #1303 ) ;
#396 = VERTEX_POINT ( 'NONE', #1310 ) ;
#397 = EDGE_LOOP ( 'NONE', ( #520, #531, #495, #501 ) ) ;
#398 = EDGE_LOOP ( 'NONE', ( #927, #936, #930, #932, #934, #443, #441, #463, #468, #427 ) ) ;
#399 = EDGE_LOOP ( 'NONE', ( #1736, #1812, #1811, #1823 ) ) ;
#400 = EDGE_LOOP ( 'NONE', ( #580, #584, #675, #628 ) ) ;
#401 = VERTEX_POINT ( 'NONE', #1357 ) ;
#402 = EDGE_LOOP ( 'NONE', ( #1815, #1824, #1825, #1829 ) ) ;
#403 = EDGE_LOOP ( 'NONE', ( #428, #423, #424, #476, #478, #484, #928, #925, #926, #924 ) ) ;
#404 = EDGE_LOOP ( 'NONE', ( #938, #944, #941, #949, #948, #953, #950, #940, #939, #951, #933, #929, #935, #931 ) ) ;
#405 = VERTEX_POINT ( 'NONE', #1333 ) ;
#406 = VERTEX_POINT ( 'NONE', #1326 ) ;
#407 = VERTEX_POINT ( 'NONE', #1363 ) ;
#408 = ORIENTED_EDGE ( 'NONE', *, *, #813, .T. ) ;
#409 = VERTEX_POINT ( 'NONE', #1369 ) ;
#410 = VERTEX_POINT ( 'NONE', #1346 ) ;
#411 = VERTEX_POINT ( 'NONE', #1371 ) ;
#412 = VERTEX_POINT ( 'NONE', #1335 ) ;
#413 = VERTEX_POINT ( 'NONE', #1379 ) ;
#414 = VERTEX_POINT ( 'NONE', #1352 ) ;
#415 = EDGE_LOOP ( 'NONE', ( #674, #637, #651, #658 ) ) ;
#416 = VERTEX_POINT ( 'NONE', #1332 ) ;
#417 = ORIENTED_EDGE ( 'NONE', *, *, #809, .T. ) ;
#418 = VERTEX_POINT ( 'NONE', #1329 ) ;
#419 = VERTEX_POINT ( 'NONE', #1360 ) ;
#420 = VERTEX_POINT ( 'NONE', #1330 ) ;
#421 = EDGE_LOOP ( 'NONE', ( #255, #277, #249, #455 ) ) ;
#422 = EDGE_LOOP ( 'NONE', ( #616, #654, #646, #624 ) ) ;
#423 = ORIENTED_EDGE ( 'NONE', *, *, #913, .T. ) ;
#424 = ORIENTED_EDGE ( 'NONE', *, *, #855, .T. ) ;
#425 = EDGE_LOOP ( 'NONE', ( #536, #527, #543, #539 ) ) ;
#426 = EDGE_LOOP ( 'NONE', ( #445, #494, #504, #472 ) ) ;
#427 = ORIENTED_EDGE ( 'NONE', *, *, #858, .T. ) ;
#428 = ORIENTED_EDGE ( 'NONE', *, *, #735, .T. ) ;
#429 = ORIENTED_EDGE ( 'NONE', *, *, #853, .T. ) ;
#430 = EDGE_LOOP ( 'NONE', ( #579, #601, #604, #609 ) ) ;
#431 = EDGE_LOOP ( 'NONE', ( #984, #986, #979, #973 ) ) ;
#432 = EDGE_LOOP ( 'NONE', ( #608, #521, #519, #561, #490, #590, #497, #582, #491, #523, #506 ) ) ;
#433 = EDGE_LOOP ( 'NONE', ( #967, #983, #969, #963 ) ) ;
#434 = EDGE_LOOP ( 'NONE', ( #459, #458, #471, #444 ) ) ;
#435 = EDGE_LOOP ( 'NONE', ( #522, #542, #530, #499, #606 ) ) ;
#436 = ORIENTED_EDGE ( 'NONE', *, *, #850, .T. ) ;
#437 = EDGE_LOOP ( 'NONE', ( #547, #548, #502, #417 ) ) ;
#438 = EDGE_LOOP ( 'NONE', ( #569, #574, #564, #589 ) ) ;
#439 = EDGE_LOOP ( 'NONE', ( #525, #528, #524, #526 ) ) ;
#440 = EDGE_LOOP ( 'NONE', ( #617, #648, #622, #661 ) ) ;
#441 = ORIENTED_EDGE ( 'NONE', *, *, #838, .T. ) ;
#442 = ORIENTED_EDGE ( 'NONE', *, *, #802, .F. ) ;
#443 = ORIENTED_EDGE ( 'NONE', *, *, #914, .T. ) ;
#444 = ORIENTED_EDGE ( 'NONE', *, *, #826, .F. ) ;
#445 = ORIENTED_EDGE ( 'NONE', *, *, #914, .F. ) ;
#446 = ORIENTED_EDGE ( 'NONE', *, *, #820, .T. ) ;
#447 = EDGE_LOOP ( 'NONE', ( #456, #453, #457, #470 ) ) ;
#448 = EDGE_LOOP ( 'NONE', ( #503, #498, #541, #576 ) ) ;
#449 = EDGE_LOOP ( 'NONE', ( #429, #436, #442, #469 ) ) ;
#450 = EDGE_LOOP ( 'NONE', ( #585, #605, #612, #554 ) ) ;
#451 = EDGE_LOOP ( 'NONE', ( #298, #263, #283, #243 ) ) ;
#452 = ORIENTED_EDGE ( 'NONE', *, *, #917, .T. ) ;
#453 = ORIENTED_EDGE ( 'NONE', *, *, #809, .F. ) ;
#454 = EDGE_LOOP ( 'NONE', ( #581, #537, #540, #493, #507, #545, #588, #577, #516, #515, #487 ) ) ;
#455 = ORIENTED_EDGE ( 'NONE', *, *, #763, .F. ) ;
#456 = ORIENTED_EDGE ( 'NONE', *, *, #805, .F. ) ;
#457 = ORIENTED_EDGE ( 'NONE', *, *, #783, .F. ) ;
#458 = ORIENTED_EDGE ( 'NONE', *, *, #852, .T. ) ;
#459 = ORIENTED_EDGE ( 'NONE', *, *, #803, .F. ) ;
#460 = EDGE_LOOP ( 'NONE', ( #1828, #947, #937, #952 ) ) ;
#461 = EDGE_LOOP ( 'NONE', ( #518, #549, #513, #514 ) ) ;
#462 = EDGE_LOOP ( 'NONE', ( #532, #560, #533, #591 ) ) ;
#463 = ORIENTED_EDGE ( 'NONE', *, *, #805, .T. ) ;
#464 = ORIENTED_EDGE ( 'NONE', *, *, #839, .T. ) ;
#465 = EDGE_LOOP ( 'NONE', ( #975, #955, #964, #957, #968, #977, #958, #981, #985, #970 ) ) ;
#466 = EDGE_LOOP ( 'NONE', ( #636, #638, #665, #621, #647, #600, #664, #632, #649, #620 ) ) ;
#467 = ORIENTED_EDGE ( 'NONE', *, *, #736, .F. ) ;
#468 = ORIENTED_EDGE ( 'NONE', *, *, #803, .T. ) ;
#469 = ORIENTED_EDGE ( 'NONE', *, *, #766, .T. ) ;
#470 = ORIENTED_EDGE ( 'NONE', *, *, #852, .F. ) ;
#471 = ORIENTED_EDGE ( 'NONE', *, *, #756, .F. ) ;
#472 = ORIENTED_EDGE ( 'NONE', *, *, #837, .F. ) ;
#473 = ORIENTED_EDGE ( 'NONE', *, *, #814, .F. ) ;
#474 = EDGE_LOOP ( 'NONE', ( #2018, #1822, #366, #1821 ) ) ;
#475 = EDGE_LOOP ( 'NONE', ( #489, #517, #512, #544 ) ) ;
#476 = ORIENTED_EDGE ( 'NONE', *, *, #840, .T. ) ;
#477 = EDGE_LOOP ( 'NONE', ( #587, #599, #562, #607 ) ) ;
#478 = ORIENTED_EDGE ( 'NONE', *, *, #845, .T. ) ;
#479 = EDGE_LOOP ( 'NONE', ( #492, #488, #486, #496, #546 ) ) ;
#480 = EDGE_LOOP ( 'NONE', ( #1807, #65, #2017, #66 ) ) ;
#481 = EDGE_LOOP ( 'NONE', ( #508, #500 ) ) ;
#482 = EDGE_LOOP ( 'NONE', ( #592, #568, #575, #595 ) ) ;
#483 = EDGE_LOOP ( 'NONE', ( #1809, #408, #1810, #1814 ) ) ;
#484 = ORIENTED_EDGE ( 'NONE', *, *, #871, .T. ) ;
#485 = EDGE_LOOP ( 'NONE', ( #610, #567, #603, #570 ) ) ;
#486 = ORIENTED_EDGE ( 'NONE', *, *, #819, .F. ) ;
#487 = ORIENTED_EDGE ( 'NONE', *, *, #753, .F. ) ;
#488 = ORIENTED_EDGE ( 'NONE', *, *, #854, .T. ) ;
#489 = ORIENTED_EDGE ( 'NONE', *, *, #854, .F. ) ;
#490 = ORIENTED_EDGE ( 'NONE', *, *, #820, .F. ) ;
#491 = ORIENTED_EDGE ( 'NONE', *, *, #875, .F. ) ;
#492 = ORIENTED_EDGE ( 'NONE', *, *, #788, .F. ) ;
#493 = ORIENTED_EDGE ( 'NONE', *, *, #744, .F. ) ;
#494 = ORIENTED_EDGE ( 'NONE', *, *, #776, .F. ) ;
#495 = ORIENTED_EDGE ( 'NONE', *, *, #849, .T. ) ;
#496 = ORIENTED_EDGE ( 'NONE', *, *, #806, .F. ) ;
#497 = ORIENTED_EDGE ( 'NONE', *, *, #825, .F. ) ;
#498 = ORIENTED_EDGE ( 'NONE', *, *, #804, .F. ) ;
#499 = ORIENTED_EDGE ( 'NONE', *, *, #807, .F. ) ;
#500 = ORIENTED_EDGE ( 'NONE', *, *, #742, .T. ) ;
#501 = ORIENTED_EDGE ( 'NONE', *, *, #850, .F. ) ;
#502 = ORIENTED_EDGE ( 'NONE', *, *, #784, .F. ) ;
#503 = ORIENTED_EDGE ( 'NONE', *, *, #831, .F. ) ;
#504 = ORIENTED_EDGE ( 'NONE', *, *, #863, .F. ) ;
#505 = ORIENTED_EDGE ( 'NONE', *, *, #844, .F. ) ;
#506 = ORIENTED_EDGE ( 'NONE', *, *, #843, .F. ) ;
#507 = ORIENTED_EDGE ( 'NONE', *, *, #846, .F. ) ;
#508 = ORIENTED_EDGE ( 'NONE', *, *, #848, .T. ) ;
#509 = ORIENTED_EDGE ( 'NONE', *, *, #836, .F. ) ;
#510 = ORIENTED_EDGE ( 'NONE', *, *, #777, .F. ) ;
#511 = ORIENTED_EDGE ( 'NONE', *, *, #814, .T. ) ;
#512 = ORIENTED_EDGE ( 'NONE', *, *, #833, .F. ) ;
#513 = ORIENTED_EDGE ( 'NONE', *, *, #743, .T. ) ;
#514 = ORIENTED_EDGE ( 'NONE', *, *, #834, .F. ) ;
#515 = ORIENTED_EDGE ( 'NONE', *, *, #861, .F. ) ;
#516 = ORIENTED_EDGE ( 'NONE', *, *, #824, .F. ) ;
#517 = ORIENTED_EDGE ( 'NONE', *, *, #794, .F. ) ;
#518 = ORIENTED_EDGE ( 'NONE', *, *, #747, .F. ) ;
#519 = ORIENTED_EDGE ( 'NONE', *, *, #771, .F. ) ;
#520 = ORIENTED_EDGE ( 'NONE', *, *, #817, .T. ) ;
#521 = ORIENTED_EDGE ( 'NONE', *, *, #918, .T. ) ;
#522 = ORIENTED_EDGE ( 'NONE', *, *, #827, .F. ) ;
#523 = ORIENTED_EDGE ( 'NONE', *, *, #859, .F. ) ;
#524 = ORIENTED_EDGE ( 'NONE', *, *, #791, .F. ) ;
#525 = ORIENTED_EDGE ( 'NONE', *, *, #858, .F. ) ;
#526 = ORIENTED_EDGE ( 'NONE', *, *, #920, .F. ) ;
#527 = ORIENTED_EDGE ( 'NONE', *, *, #828, .F. ) ;
#528 = ORIENTED_EDGE ( 'NONE', *, *, #826, .T. ) ;
#529 = ORIENTED_EDGE ( 'NONE', *, *, #886, .F. ) ;
#530 = ORIENTED_EDGE ( 'NONE', *, *, #797, .F. ) ;
#531 = ORIENTED_EDGE ( 'NONE', *, *, #801, .T. ) ;
#532 = ORIENTED_EDGE ( 'NONE', *, *, #806, .T. ) ;
#533 = ORIENTED_EDGE ( 'NONE', *, *, #842, .F. ) ;
#534 = ORIENTED_EDGE ( 'NONE', *, *, #817, .F. ) ;
#535 = CLOSED_SHELL ( 'NONE', ( #1963, #1985, #1990, #1976, #1997, #1973, #1975, #1964, #1995, #2001, #1984, #1965, #1962, #1993, #1982, #1972, #1988, #1977, #2003, #1989, #2005, #1981, #2004, #2007, #1970, #1996, #2000, #1980, #1991, #1998, #1983, #1966, #1999, #1992, #2006, #1986, #1971, #1969, #2002, #1967, #1968, #1994, #1987, #1974, #1952, #1953, #1961, #1979, #1958, #1959, #1960, #1956, #1955, #1978, #1954, #1957 ) ) ;
#536 = ORIENTED_EDGE ( 'NONE', *, *, #807, .T. ) ;
#537 = ORIENTED_EDGE ( 'NONE', *, *, #828, .T. ) ;
#538 = ORIENTED_EDGE ( 'NONE', *, *, #920, .T. ) ;
#539 = ORIENTED_EDGE ( 'NONE', *, *, #798, .F. ) ;
#540 = ORIENTED_EDGE ( 'NONE', *, *, #754, .F. ) ;
#541 = ORIENTED_EDGE ( 'NONE', *, *, #801, .F. ) ;
#542 = ORIENTED_EDGE ( 'NONE', *, *, #831, .T. ) ;
#543 = ORIENTED_EDGE ( 'NONE', *, *, #789, .F. ) ;
#544 = ORIENTED_EDGE ( 'NONE', *, *, #782, .F. ) ;
#545 = ORIENTED_EDGE ( 'NONE', *, *, #787, .F. ) ;
#546 = ORIENTED_EDGE ( 'NONE', *, *, #768, .F. ) ;
#547 = ORIENTED_EDGE ( 'NONE', *, *, #838, .F. ) ;
#548 = ORIENTED_EDGE ( 'NONE', *, *, #837, .T. ) ;
#549 = ORIENTED_EDGE ( 'NONE', *, *, #848, .F. ) ;
#550 = ORIENTED_EDGE ( 'NONE', *, *, #736, .T. ) ;
#551 = ORIENTED_EDGE ( 'NONE', *, *, #846, .T. ) ;
#552 = ORIENTED_EDGE ( 'NONE', *, *, #740, .F. ) ;
#553 = ORIENTED_EDGE ( 'NONE', *, *, #798, .T. ) ;
#554 = ORIENTED_EDGE ( 'NONE', *, *, #786, .F. ) ;
#555 = ORIENTED_EDGE ( 'NONE', *, *, #851, .F. ) ;
#556 = ORIENTED_EDGE ( 'NONE', *, *, #763, .T. ) ;
#557 = ORIENTED_EDGE ( 'NONE', *, *, #735, .F. ) ;
#558 = ORIENTED_EDGE ( 'NONE', *, *, #741, .T. ) ;
#559 = ORIENTED_EDGE ( 'NONE', *, *, #773, .T. ) ;
#560 = ORIENTED_EDGE ( 'NONE', *, *, #918, .F. ) ;
#561 = ORIENTED_EDGE ( 'NONE', *, *, #912, .F. ) ;
#562 = ORIENTED_EDGE ( 'NONE', *, *, #737, .F. ) ;
#563 = ORIENTED_EDGE ( 'NONE', *, *, #749, .T. ) ;
#564 = ORIENTED_EDGE ( 'NONE', *, *, #739, .T. ) ;
#565 = ORIENTED_EDGE ( 'NONE', *, *, #795, .T. ) ;
#566 = ORIENTED_EDGE ( 'NONE', *, *, #739, .F. ) ;
#567 = ORIENTED_EDGE ( 'NONE', *, *, #816, .T. ) ;
#568 = ORIENTED_EDGE ( 'NONE', *, *, #744, .T. ) ;
#569 = ORIENTED_EDGE ( 'NONE', *, *, #800, .F. ) ;
#570 = ORIENTED_EDGE ( 'NONE', *, *, #751, .F. ) ;
#571 = ORIENTED_EDGE ( 'NONE', *, *, #758, .T. ) ;
#572 = ORIENTED_EDGE ( 'NONE', *, *, #732, .T. ) ;
#573 = ORIENTED_EDGE ( 'NONE', *, *, #731, .T. ) ;
#574 = ORIENTED_EDGE ( 'NONE', *, *, #787, .T. ) ;
#575 = ORIENTED_EDGE ( 'NONE', *, *, #776, .T. ) ;
#576 = ORIENTED_EDGE ( 'NONE', *, *, #750, .F. ) ;
#577 = ORIENTED_EDGE ( 'NONE', *, *, #770, .F. ) ;
#578 = ORIENTED_EDGE ( 'NONE', *, *, #792, .T. ) ;
#579 = ORIENTED_EDGE ( 'NONE', *, *, #796, .F. ) ;
#580 = ORIENTED_EDGE ( 'NONE', *, *, #762, .F. ) ;
#581 = ORIENTED_EDGE ( 'NONE', *, *, #864, .F. ) ;
#582 = ORIENTED_EDGE ( 'NONE', *, *, #821, .F. ) ;
#583 = ORIENTED_EDGE ( 'NONE', *, *, #785, .F. ) ;
#584 = ORIENTED_EDGE ( 'NONE', *, *, #770, .T. ) ;
#585 = ORIENTED_EDGE ( 'NONE', *, *, #741, .F. ) ;
#586 = ORIENTED_EDGE ( 'NONE', *, *, #755, .T. ) ;
#587 = ORIENTED_EDGE ( 'NONE', *, *, #742, .F. ) ;
#588 = ORIENTED_EDGE ( 'NONE', *, *, #816, .F. ) ;
#589 = ORIENTED_EDGE ( 'NONE', *, *, #780, .F. ) ;
#590 = ORIENTED_EDGE ( 'NONE', *, *, #781, .F. ) ;
#591 = ORIENTED_EDGE ( 'NONE', *, *, #749, .F. ) ;
#592 = ORIENTED_EDGE ( 'NONE', *, *, #738, .F. ) ;
#593 = ORIENTED_EDGE ( 'NONE', *, *, #748, .T. ) ;
#594 = ORIENTED_EDGE ( 'NONE', *, *, #730, .T. ) ;
#595 = ORIENTED_EDGE ( 'NONE', *, *, #764, .F. ) ;
#596 = ORIENTED_EDGE ( 'NONE', *, *, #841, .F. ) ;
#597 = ORIENTED_EDGE ( 'NONE', *, *, #799, .T. ) ;
#598 = ORIENTED_EDGE ( 'NONE', *, *, #737, .T. ) ;
#599 = ORIENTED_EDGE ( 'NONE', *, *, #747, .T. ) ;
#600 = ORIENTED_EDGE ( 'NONE', *, *, #756, .T. ) ;
#601 = ORIENTED_EDGE ( 'NONE', *, *, #775, .F. ) ;
#602 = ORIENTED_EDGE ( 'NONE', *, *, #768, .T. ) ;
#603 = ORIENTED_EDGE ( 'NONE', *, *, #800, .T. ) ;
#604 = ORIENTED_EDGE ( 'NONE', *, *, #766, .F. ) ;
#605 = ORIENTED_EDGE ( 'NONE', *, *, #734, .F. ) ;
#606 = ORIENTED_EDGE ( 'NONE', *, *, #795, .F. ) ;
#607 = ORIENTED_EDGE ( 'NONE', *, *, #743, .F. ) ;
#608 = ORIENTED_EDGE ( 'NONE', *, *, #857, .T. ) ;
#609 = ORIENTED_EDGE ( 'NONE', *, *, #757, .F. ) ;
#610 = ORIENTED_EDGE ( 'NONE', *, *, #790, .F. ) ;
#611 = ORIENTED_EDGE ( 'NONE', *, *, #733, .F. ) ;
#612 = ORIENTED_EDGE ( 'NONE', *, *, #759, .F. ) ;
#613 = ORIENTED_EDGE ( 'NONE', *, *, #738, .T. ) ;
#614 = LINE ( 'NONE', #1468, #615 ) ;
#615 = VECTOR ( 'NONE', #1436, 1000.000000000000000 ) ;
#616 = ORIENTED_EDGE ( 'NONE', *, *, #862, .T. ) ;
#617 = ORIENTED_EDGE ( 'NONE', *, *, #851, .T. ) ;
#618 = ORIENTED_EDGE ( 'NONE', *, *, #864, .T. ) ;
#619 = CIRCLE ( 'NONE', #896, 4.000000000000008900 ) ;
#620 = ORIENTED_EDGE ( 'NONE', *, *, #754, .T. ) ;
#621 = ORIENTED_EDGE ( 'NONE', *, *, #777, .T. ) ;
#622 = ORIENTED_EDGE ( 'NONE', *, *, #856, .T. ) ;
#623 = ORIENTED_EDGE ( 'NONE', *, *, #774, .F. ) ;
#624 = ORIENTED_EDGE ( 'NONE', *, *, #759, .T. ) ;
#625 = VECTOR ( 'NONE', #1334, 1000.000000000000000 ) ;
#626 = VECTOR ( 'NONE', #1387, 1000.000000000000000 ) ;
#627 = LINE ( 'NONE', #1331, #662 ) ;
#628 = ORIENTED_EDGE ( 'NONE', *, *, #793, .F. ) ;
#629 = ORIENTED_EDGE ( 'NONE', *, *, #861, .T. ) ;
#630 = CIRCLE ( 'NONE', #866, 3.200000000000001500 ) ;
#631 = LINE ( 'NONE', #1475, #634 ) ;
#632 = ORIENTED_EDGE ( 'NONE', *, *, #784, .T. ) ;
#633 = CIRCLE ( 'NONE', #887, 0.2500000000000003900 ) ;
#634 = VECTOR ( 'NONE', #1439, 1000.000000000000000 ) ;
#635 = CIRCLE ( 'NONE', #904, 0.2500000000000003900 ) ;
#636 = ORIENTED_EDGE ( 'NONE', *, *, #797, .T. ) ;
#637 = ORIENTED_EDGE ( 'NONE', *, *, #824, .T. ) ;
#638 = ORIENTED_EDGE ( 'NONE', *, *, #750, .T. ) ;
#639 = LINE ( 'NONE', #1327, #625 ) ;
#640 = VECTOR ( 'NONE', #1353, 1000.000000000000000 ) ;
#641 = LINE ( 'NONE', #1376, #672 ) ;
#642 = LINE ( 'NONE', #1344, #657 ) ;
#643 = ORIENTED_EDGE ( 'NONE', *, *, #789, .T. ) ;
#644 = VECTOR ( 'NONE', #1412, 1000.000000000000000 ) ;
#645 = LINE ( 'NONE', #1382, #626 ) ;
#646 = ORIENTED_EDGE ( 'NONE', *, *, #810, .F. ) ;
#647 = ORIENTED_EDGE ( 'NONE', *, *, #791, .T. ) ;
#648 = ORIENTED_EDGE ( 'NONE', *, *, #753, .T. ) ;
#649 = ORIENTED_EDGE ( 'NONE', *, *, #863, .T. ) ;
#650 = ORIENTED_EDGE ( 'NONE', *, *, #785, .T. ) ;
#651 = ORIENTED_EDGE ( 'NONE', *, *, #762, .T. ) ;
#652 = ORIENTED_EDGE ( 'NONE', *, *, #788, .T. ) ;
#653 = ORIENTED_EDGE ( 'NONE', *, *, #856, .F. ) ;
#654 = ORIENTED_EDGE ( 'NONE', *, *, #811, .T. ) ;
#655 = ORIENTED_EDGE ( 'NONE', *, *, #830, .F. ) ;
#656 = ORIENTED_EDGE ( 'NONE', *, *, #794, .T. ) ;
#657 = VECTOR ( 'NONE', #1345, 1000.000000000000000 ) ;
#658 = ORIENTED_EDGE ( 'NONE', *, *, #769, .F. ) ;
#659 = CIRCLE ( 'NONE', #872, 4.000000000000000000 ) ;
#660 = LINE ( 'NONE', #1418, #644 ) ;
#661 = ORIENTED_EDGE ( 'NONE', *, *, #779, .F. ) ;
#662 = VECTOR ( 'NONE', #1375, 1000.000000000000000 ) ;
#663 = VECTOR ( 'NONE', #1422, 1000.000000000000100 ) ;
#664 = ORIENTED_EDGE ( 'NONE', *, *, #783, .T. ) ;
#665 = ORIENTED_EDGE ( 'NONE', *, *, #844, .T. ) ;
#666 = LINE ( 'NONE', #1420, #670 ) ;
#667 = LINE ( 'NONE', #1373, #640 ) ;
#668 = CIRCLE ( 'NONE', #919, 0.2500000000000003900 ) ;
#669 = LINE ( 'NONE', #1424, #663 ) ;
#670 = VECTOR ( 'NONE', #1402, 1000.000000000000100 ) ;
#671 = CIRCLE ( 'NONE', #889, 0.2500000000000003900 ) ;
#672 = VECTOR ( 'NONE', #1377, 1000.000000000000000 ) ;
#673 = CIRCLE ( 'NONE', #891, 5.999999999999987600 ) ;
#674 = ORIENTED_EDGE ( 'NONE', *, *, #773, .F. ) ;
#675 = ORIENTED_EDGE ( 'NONE', *, *, #790, .T. ) ;
#676 = VECTOR ( 'NONE', #1498, 1000.000000000000000 ) ;
#677 = VECTOR ( 'NONE', #1446, 1000.000000000000000 ) ;
#678 = LINE ( 'NONE', #1466, #679 ) ;
#679 = VECTOR ( 'NONE', #1473, 1000.000000000000000 ) ;
#680 = CIRCLE ( 'NONE', #895, 0.2500000000000003900 ) ;
#681 = LINE ( 'NONE', #1438, #677 ) ;
#682 = VECTOR ( 'NONE', #1516, 1000.000000000000000 ) ;
#683 = LINE ( 'NONE', #1487, #676 ) ;
#684 = CIRCLE ( 'NONE', #922, 0.4999999999999995600 ) ;
#685 = LINE ( 'NONE', #1502, #686 ) ;
#686 = VECTOR ( 'NONE', #1505, 1000.000000000000000 ) ;
#687 = CIRCLE ( 'NONE', #873, 0.5000000000000008900 ) ;
#688 = CIRCLE ( 'NONE', #876, 0.2500000000000003900 ) ;
#689 = LINE ( 'NONE', #1495, #682 ) ;
#690 = CC_DESIGN_PERSON_AND_ORGANIZATION_ASSIGNMENT ( #339, #1931, ( #1816 ) ) ;
#691 = AXIS2_PLACEMENT_3D ( 'NONE', #62, #56, #58 ) ;
#692 = AXIS2_PLACEMENT_3D ( 'NONE', #41, #30, #31 ) ;
#693 = AXIS2_PLACEMENT_3D ( 'NONE', #1802, #1798, #1799 ) ;
#694 = AXIS2_PLACEMENT_3D ( 'NONE', #1753, #1754, #1755 ) ;
#695 = AXIS2_PLACEMENT_3D ( 'NONE', #60, #51, #63 ) ;
#696 = AXIS2_PLACEMENT_3D ( 'NONE', #27, #35, #39 ) ;
#697 = AXIS2_PLACEMENT_3D ( 'NONE', #1774, #1781, #1782 ) ;
#698 = AXIS2_PLACEMENT_3D ( 'NONE', #1790, #1789, #1771 ) ;
#699 = AXIS2_PLACEMENT_3D ( 'NONE', #1845, #1853, #1850 ) ;
#700 = AXIS2_PLACEMENT_3D ( 'NONE', #1851, #1839, #1841 ) ;
#701 = AXIS2_PLACEMENT_3D ( 'NONE', #1840, #1849, #1852 ) ;
#702 = AXIS2_PLACEMENT_3D ( 'NONE', #1775, #1783, #1784 ) ;
#703 = AXIS2_PLACEMENT_3D ( 'NONE', #1796, #1776, #1766 ) ;
#704 = AXIS2_PLACEMENT_3D ( 'NONE', #2044, #2040, #2043 ) ;
#705 = AXIS2_PLACEMENT_3D ( 'NONE', #1794, #1762, #1773 ) ;
#706 = AXIS2_PLACEMENT_3D ( 'NONE', #2041, #2033, #2034 ) ;
#707 = AXIS2_PLACEMENT_3D ( 'NONE', #1767, #1795, #1768 ) ;
#708 = AXIS2_PLACEMENT_3D ( 'NONE', #1745, #1747, #1748 ) ;
#709 = AXIS2_PLACEMENT_3D ( 'NONE', #1757, #1759, #1760 ) ;
#710 = AXIS2_PLACEMENT_3D ( 'NONE', #1752, #1758, #1756 ) ;
#711 = AXIS2_PLACEMENT_3D ( 'NONE', #1777, #1786, #1788 ) ;
#712 = AXIS2_PLACEMENT_3D ( 'NONE', #1793, #1770, #1761 ) ;
#713 = AXIS2_PLACEMENT_3D ( 'NONE', #2042, #2032, #2039 ) ;
#714 = AXIS2_PLACEMENT_3D ( 'NONE', #1801, #1803, #1804 ) ;
#715 = AXIS2_PLACEMENT_3D ( 'NONE', #1842, #1846, #1854 ) ;
#716 = AXIS2_PLACEMENT_3D ( 'NONE', #1743, #1744, #1742 ) ;
#717 = CC_DESIGN_APPROVAL ( #1817, ( #1816 ) ) ;
#718 = AXIS2_PLACEMENT_3D ( 'NONE', #1838, #1847, #1844 ) ;
#719 = AXIS2_PLACEMENT_3D ( 'NONE', #50, #61, #52 ) ;
#720 = AXIS2_PLACEMENT_3D ( 'NONE', #22, #23, #24 ) ;
#721 = AXIS2_PLACEMENT_3D ( 'NONE', #40, #36, #21 ) ;
#722 = AXIS2_PLACEMENT_3D ( 'NONE', #2035, #2038, #2046 ) ;
#723 = AXIS2_PLACEMENT_3D ( 'NONE', #28, #57, #59 ) ;
#724 = AXIS2_PLACEMENT_3D ( 'NONE', #1787, #1764, #1765 ) ;
#725 = AXIS2_PLACEMENT_3D ( 'NONE', #2036, #2045, #2037 ) ;
#726 = AXIS2_PLACEMENT_3D ( 'NONE', #1763, #1792, #1769 ) ;
#727 = AXIS2_PLACEMENT_3D ( 'NONE', #53, #54, #55 ) ;
#728 = AXIS2_PLACEMENT_3D ( 'NONE', #1797, #1772, #1778 ) ;
#729 = AXIS2_PLACEMENT_3D ( 'NONE', #1749, #1750, #1779 ) ;
#730 = EDGE_CURVE ( 'NONE', #49, #265, #639, .T. ) ;
#731 = EDGE_CURVE ( 'NONE', #2022, #2024, #1036, .T. ) ;
#732 = EDGE_CURVE ( 'NONE', #2021, #48, #1035, .T. ) ;
#733 = EDGE_CURVE ( 'NONE', #279, #47, #627, .T. ) ;
#734 = EDGE_CURVE ( 'NONE', #253, #269, #667, .T. ) ;
#735 = EDGE_CURVE ( 'NONE', #269, #2028, #641, .T. ) ;
#736 = EDGE_CURVE ( 'NONE', #48, #251, #1037, .T. ) ;
#737 = EDGE_CURVE ( 'NONE', #279, #2030, #619, .T. ) ;
#738 = EDGE_CURVE ( 'NONE', #1738, #2008, #642, .T. ) ;
#739 = EDGE_CURVE ( 'NONE', #43, #2016, #660, .T. ) ;
#740 = EDGE_CURVE ( 'NONE', #26, #995, #645, .T. ) ;
#741 = EDGE_CURVE ( 'NONE', #269, #47, #659, .T. ) ;
#742 = EDGE_CURVE ( 'NONE', #46, #267, #630, .T. ) ;
#743 = EDGE_CURVE ( 'NONE', #267, #279, #669, .T. ) ;
#744 = EDGE_CURVE ( 'NONE', #1738, #38, #1038, .T. ) ;
#745 = EDGE_CURVE ( 'NONE', #364, #378, #668, .T. ) ;
#746 = EDGE_CURVE ( 'NONE', #369, #381, #671, .T. ) ;
#747 = EDGE_CURVE ( 'NONE', #46, #2030, #666, .T. ) ;
#748 = EDGE_CURVE ( 'NONE', #2029, #2026, #1030, .T. ) ;
#749 = EDGE_CURVE ( 'NONE', #2012, #995, #673, .T. ) ;
#750 = EDGE_CURVE ( 'NONE', #2011, #992, #614, .T. ) ;
#751 = EDGE_CURVE ( 'NONE', #991, #2013, #1029, .T. ) ;
#752 = EDGE_CURVE ( 'NONE', #418, #364, #633, .T. ) ;
#753 = EDGE_CURVE ( 'NONE', #1737, #2010, #1027, .T. ) ;
#754 = EDGE_CURVE ( 'NONE', #38, #1735, #631, .T. ) ;
#755 = EDGE_CURVE ( 'NONE', #2024, #2029, #1031, .T. ) ;
#756 = EDGE_CURVE ( 'NONE', #1734, #1740, #635, .T. ) ;
#757 = EDGE_CURVE ( 'NONE', #49, #2020, #681, .T. ) ;
#758 = EDGE_CURVE ( 'NONE', #2030, #49, #678, .T. ) ;
#759 = EDGE_CURVE ( 'NONE', #271, #253, #684, .T. ) ;
#760 = EDGE_CURVE ( 'NONE', #410, #376, #688, .T. ) ;
#761 = EDGE_CURVE ( 'NONE', #381, #418, #680, .T. ) ;
#762 = EDGE_CURVE ( 'NONE', #994, #1733, #689, .T. ) ;
#763 = EDGE_CURVE ( 'NONE', #265, #2022, #1032, .T. ) ;
#764 = EDGE_CURVE ( 'NONE', #2008, #993, #1028, .T. ) ;
#765 = EDGE_CURVE ( 'NONE', #47, #2014, #685, .T. ) ;
#766 = EDGE_CURVE ( 'NONE', #2020, #285, #687, .T. ) ;
#767 = EDGE_CURVE ( 'NONE', #265, #379, #683, .T. ) ;
#768 = EDGE_CURVE ( 'NONE', #2025, #2012, #117, .T. ) ;
#769 = EDGE_CURVE ( 'NONE', #1739, #1733, #1033, .T. ) ;
#770 = EDGE_CURVE ( 'NONE', #994, #2015, #1034, .T. ) ;
#771 = EDGE_CURVE ( 'NONE', #369, #412, #97, .T. ) ;
#772 = EDGE_CURVE ( 'NONE', #396, #2021, #124, .T. ) ;
#773 = EDGE_CURVE ( 'NONE', #2009, #1739, #106, .T. ) ;
#774 = EDGE_CURVE ( 'NONE', #33, #1739, #1040, .T. ) ;
#775 = EDGE_CURVE ( 'NONE', #285, #2027, #111, .T. ) ;
#776 = EDGE_CURVE ( 'NONE', #38, #993, #92, .T. ) ;
#777 = EDGE_CURVE ( 'NONE', #1741, #44, #94, .T. ) ;
#778 = EDGE_CURVE ( 'NONE', #378, #420, #93, .T. ) ;
#779 = EDGE_CURVE ( 'NONE', #2014, #33, #1003, .T. ) ;
#780 = EDGE_CURVE ( 'NONE', #2013, #2016, #1009, .T. ) ;
#781 = EDGE_CURVE ( 'NONE', #396, #383, #1000, .T. ) ;
#782 = EDGE_CURVE ( 'NONE', #416, #376, #74, .T. ) ;
#783 = EDGE_CURVE ( 'NONE', #1740, #989, #85, .T. ) ;
#784 = EDGE_CURVE ( 'NONE', #989, #996, #87, .T. ) ;
#785 = EDGE_CURVE ( 'NONE', #2025, #29, #83, .T. ) ;
#786 = EDGE_CURVE ( 'NONE', #47, #271, #107, .T. ) ;
#787 = EDGE_CURVE ( 'NONE', #988, #43, #1006, .T. ) ;
#788 = EDGE_CURVE ( 'NONE', #291, #2025, #102, .T. ) ;
#789 = EDGE_CURVE ( 'NONE', #29, #273, #1010, .T. ) ;
#790 = EDGE_CURVE ( 'NONE', #2015, #991, #103, .T. ) ;
#791 = EDGE_CURVE ( 'NONE', #44, #1734, #119, .T. ) ;
#792 = EDGE_CURVE ( 'NONE', #251, #2028, #1001, .T. ) ;
#793 = EDGE_CURVE ( 'NONE', #1733, #991, #1011, .T. ) ;
#794 = EDGE_CURVE ( 'NONE', #45, #291, #75, .T. ) ;
#795 = EDGE_CURVE ( 'NONE', #26, #2023, #81, .T. ) ;
#796 = EDGE_CURVE ( 'NONE', #2027, #49, #122, .T. ) ;
#797 = EDGE_CURVE ( 'NONE', #1735, #2011, #95, .T. ) ;
#798 = EDGE_CURVE ( 'NONE', #2023, #29, #125, .T. ) ;
#799 = EDGE_CURVE ( 'NONE', #2026, #2021, #1004, .T. ) ;
#800 = EDGE_CURVE ( 'NONE', #988, #2013, #110, .T. ) ;
#801 = EDGE_CURVE ( 'NONE', #992, #413, #1002, .T. ) ;
#802 = EDGE_CURVE ( 'NONE', #2020, #419, #123, .T. ) ;
#803 = EDGE_CURVE ( 'NONE', #363, #385, #116, .T. ) ;
#804 = EDGE_CURVE ( 'NONE', #413, #365, #109, .T. ) ;
#805 = EDGE_CURVE ( 'NONE', #368, #363, #114, .T. ) ;
#806 = EDGE_CURVE ( 'NONE', #2012, #412, #79, .T. ) ;
#807 = EDGE_CURVE ( 'NONE', #2023, #1735, #105, .T. ) ;
#808 = EDGE_CURVE ( 'NONE', #362, #2029, #118, .T. ) ;
#809 = EDGE_CURVE ( 'NONE', #989, #368, #120, .T. ) ;
#810 = EDGE_CURVE ( 'NONE', #271, #990, #127, .T. ) ;
#811 = EDGE_CURVE ( 'NONE', #401, #990, #1012, .T. ) ;
#812 = EDGE_CURVE ( 'NONE', #407, #381, #73, .T. ) ;
#813 = EDGE_CURVE ( 'NONE', #411, #418, #78, .T. ) ;
#814 = EDGE_CURVE ( 'NONE', #1741, #405, #91, .T. ) ;
#815 = EDGE_CURVE ( 'NONE', #358, #395, #70, .T. ) ;
#816 = EDGE_CURVE ( 'NONE', #2015, #988, #1005, .T. ) ;
#817 = EDGE_CURVE ( 'NONE', #409, #992, #90, .T. ) ;
#818 = EDGE_CURVE ( 'NONE', #390, #378, #142, .T. ) ;
#819 = EDGE_CURVE ( 'NONE', #412, #416, #157, .T. ) ;
#820 = EDGE_CURVE ( 'NONE', #383, #387, #1013, .T. ) ;
#821 = EDGE_CURVE ( 'NONE', #362, #361, #1007, .T. ) ;
#822 = EDGE_CURVE ( 'NONE', #395, #401, #147, .T. ) ;
#823 = EDGE_CURVE ( 'NONE', #2027, #993, #131, .T. ) ;
#824 = EDGE_CURVE ( 'NONE', #2009, #994, #1014, .T. ) ;
#825 = EDGE_CURVE ( 'NONE', #361, #396, #1008, .T. ) ;
#826 = EDGE_CURVE ( 'NONE', #385, #1734, #139, .T. ) ;
#827 = EDGE_CURVE ( 'NONE', #365, #26, #178, .T. ) ;
#828 = EDGE_CURVE ( 'NONE', #273, #1735, #129, .T. ) ;
#829 = EDGE_CURVE ( 'NONE', #420, #410, #130, .T. ) ;
#830 = EDGE_CURVE ( 'NONE', #45, #990, #153, .T. ) ;
#831 = EDGE_CURVE ( 'NONE', #365, #2011, #1015, .T. ) ;
#832 = EDGE_CURVE ( 'NONE', #414, #2022, #136, .T. ) ;
#833 = EDGE_CURVE ( 'NONE', #376, #45, #998, .T. ) ;
#834 = EDGE_CURVE ( 'NONE', #2030, #279, #176, .T. ) ;
#835 = EDGE_CURVE ( 'NONE', #2024, #384, #148, .T. ) ;
#836 = EDGE_CURVE ( 'NONE', #391, #405, #161, .T. ) ;
#837 = EDGE_CURVE ( 'NONE', #367, #996, #143, .T. ) ;
#838 = EDGE_CURVE ( 'NONE', #367, #368, #140, .T. ) ;
#839 = EDGE_CURVE ( 'NONE', #387, #251, #132, .T. ) ;
#840 = EDGE_CURVE ( 'NONE', #411, #406, #180, .T. ) ;
#841 = EDGE_CURVE ( 'NONE', #2016, #2008, #999, .T. ) ;
#842 = EDGE_CURVE ( 'NONE', #995, #359, #1016, .T. ) ;
#843 = EDGE_CURVE ( 'NONE', #379, #414, #1023, .T. ) ;
#844 = EDGE_CURVE ( 'NONE', #992, #1741, #162, .T. ) ;
#845 = EDGE_CURVE ( 'NONE', #406, #390, #163, .T. ) ;
#846 = EDGE_CURVE ( 'NONE', #43, #1738, #1019, .T. ) ;
#847 = EDGE_CURVE ( 'NONE', #358, #420, #150, .T. ) ;
#848 = EDGE_CURVE ( 'NONE', #267, #46, #181, .T. ) ;
#849 = EDGE_CURVE ( 'NONE', #413, #419, #138, .T. ) ;
#850 = EDGE_CURVE ( 'NONE', #409, #419, #1025, .T. ) ;
#851 = EDGE_CURVE ( 'NONE', #2014, #1737, #175, .T. ) ;
#852 = EDGE_CURVE ( 'NONE', #363, #1740, #188, .T. ) ;
#853 = EDGE_CURVE ( 'NONE', #285, #409, #182, .T. ) ;
#854 = EDGE_CURVE ( 'NONE', #291, #416, #1017, .T. ) ;
#855 = EDGE_CURVE ( 'NONE', #407, #411, #166, .T. ) ;
#856 = EDGE_CURVE ( 'NONE', #2010, #33, #170, .T. ) ;
#857 = EDGE_CURVE ( 'NONE', #379, #359, #183, .T. ) ;
#858 = EDGE_CURVE ( 'NONE', #385, #391, #154, .T. ) ;
#859 = EDGE_CURVE ( 'NONE', #414, #384, #1018, .T. ) ;
#860 = EDGE_CURVE ( 'NONE', #361, #2026, #158, .T. ) ;
#861 = EDGE_CURVE ( 'NONE', #2010, #2009, #1020, .T. ) ;
#862 = EDGE_CURVE ( 'NONE', #253, #401, #133, .T. ) ;
#863 = EDGE_CURVE ( 'NONE', #996, #38, #187, .T. ) ;
#864 = EDGE_CURVE ( 'NONE', #273, #1737, #167, .T. ) ;
#865 = EDGE_CURVE ( 'NONE', #406, #364, #168, .T. ) ;
#866 = AXIS2_PLACEMENT_3D ( 'NONE', #1396, #1425, #1410 ) ;
#867 = AXIS2_PLACEMENT_3D ( 'NONE', #1666, #1677, #1636 ) ;
#868 = AXIS2_PLACEMENT_3D ( 'NONE', #1701, #1685, #1712 ) ;
#869 = AXIS2_PLACEMENT_3D ( 'NONE', #1593, #1614, #1616 ) ;
#870 = EDGE_CURVE ( 'NONE', #401, #376, #186, .T. ) ;
#871 = EDGE_CURVE ( 'NONE', #390, #358, #172, .T. ) ;
#872 = AXIS2_PLACEMENT_3D ( 'NONE', #1391, #1398, #1390 ) ;
#873 = AXIS2_PLACEMENT_3D ( 'NONE', #1486, #1514, #1515 ) ;
#874 = AXIS2_PLACEMENT_3D ( 'NONE', #1585, #1586, #1617 ) ;
#875 = EDGE_CURVE ( 'NONE', #384, #362, #1026, .T. ) ;
#876 = AXIS2_PLACEMENT_3D ( 'NONE', #1526, #1513, #1523 ) ;
#877 = AXIS2_PLACEMENT_3D ( 'NONE', #1115, #1135, #1116 ) ;
#878 = AXIS2_PLACEMENT_3D ( 'NONE', #1114, #1139, #1128 ) ;
#879 = AXIS2_PLACEMENT_3D ( 'NONE', #1571, #1549, #1573 ) ;
#880 = AXIS2_PLACEMENT_3D ( 'NONE', #1572, #1574, #1546 ) ;
#881 = AXIS2_PLACEMENT_3D ( 'NONE', #1138, #1140, #1143 ) ;
#882 = EDGE_CURVE ( 'NONE', #395, #410, #179, .T. ) ;
#883 = AXIS2_PLACEMENT_3D ( 'NONE', #1157, #1158, #1161 ) ;
#884 = AXIS2_PLACEMENT_3D ( 'NONE', #1219, #1178, #1204 ) ;
#885 = AXIS2_PLACEMENT_3D ( 'NONE', #1179, #1190, #1199 ) ;
#886 = EDGE_CURVE ( 'NONE', #405, #409, #223, .T. ) ;
#887 = AXIS2_PLACEMENT_3D ( 'NONE', #1447, #1442, #1459 ) ;
#888 = AXIS2_PLACEMENT_3D ( 'NONE', #1661, #1655, #1643 ) ;
#889 = AXIS2_PLACEMENT_3D ( 'NONE', #1394, #1413, #1399 ) ;
#890 = AXIS2_PLACEMENT_3D ( 'NONE', #1271, #1275, #1272 ) ;
#891 = AXIS2_PLACEMENT_3D ( 'NONE', #1449, #1433, #1434 ) ;
#892 = AXIS2_PLACEMENT_3D ( 'NONE', #1105, #1106, #1167 ) ;
#893 = AXIS2_PLACEMENT_3D ( 'NONE', #2080, #2059, #2081 ) ;
#894 = AXIS2_PLACEMENT_3D ( 'NONE', #1242, #1248, #1243 ) ;
#895 = AXIS2_PLACEMENT_3D ( 'NONE', #1519, #1488, #1483 ) ;
#896 = AXIS2_PLACEMENT_3D ( 'NONE', #1411, #1426, #1388 ) ;
#897 = AXIS2_PLACEMENT_3D ( 'NONE', #2084, #5, #2085 ) ;
#898 = AXIS2_PLACEMENT_3D ( 'NONE', #14, #15, #17 ) ;
#899 = AXIS2_PLACEMENT_3D ( 'NONE', #1044, #1048, #1049 ) ;
#900 = AXIS2_PLACEMENT_3D ( 'NONE', #1151, #1148, #1152 ) ;
#901 = AXIS2_PLACEMENT_3D ( 'NONE', #2074, #2060, #2068 ) ;
#902 = AXIS2_PLACEMENT_3D ( 'NONE', #19, #20, #12 ) ;
#903 = AXIS2_PLACEMENT_3D ( 'NONE', #1264, #1258, #1252 ) ;
#904 = AXIS2_PLACEMENT_3D ( 'NONE', #1428, #1430, #1467 ) ;
#905 = AXIS2_PLACEMENT_3D ( 'NONE', #1076, #1077, #1087 ) ;
#906 = AXIS2_PLACEMENT_3D ( 'NONE', #1107, #1108, #1109 ) ;
#907 = AXIS2_PLACEMENT_3D ( 'NONE', #1217, #1202, #1184 ) ;
#908 = AXIS2_PLACEMENT_3D ( 'NONE', #1710, #1703, #1721 ) ;
#909 = AXIS2_PLACEMENT_3D ( 'NONE', #1236, #1249, #1237 ) ;
#910 = AXIS2_PLACEMENT_3D ( 'NONE', #9, #13, #16 ) ;
#911 = AXIS2_PLACEMENT_3D ( 'NONE', #37, #34, #25 ) ;
#912 = EDGE_CURVE ( 'NONE', #387, #369, #1021, .T. ) ;
#913 = EDGE_CURVE ( 'NONE', #2028, #407, #192, .T. ) ;
#914 = EDGE_CURVE ( 'NONE', #993, #367, #212, .T. ) ;
#915 = AXIS2_PLACEMENT_3D ( 'NONE', #2057, #2070, #2061 ) ;
#916 = AXIS2_PLACEMENT_3D ( 'NONE', #1631, #1669, #1641 ) ;
#917 = EDGE_CURVE ( 'NONE', #48, #383, #193, .T. ) ;
#918 = EDGE_CURVE ( 'NONE', #359, #412, #213, .T. ) ;
#919 = AXIS2_PLACEMENT_3D ( 'NONE', #1415, #1392, #1416 ) ;
#920 = EDGE_CURVE ( 'NONE', #391, #44, #195, .T. ) ;
#921 = EDGE_CURVE ( 'NONE', #2028, #369, #217, .T. ) ;
#922 = AXIS2_PLACEMENT_3D ( 'NONE', #1490, #1493, #1491 ) ;
#923 = AXIS2_PLACEMENT_3D ( 'NONE', #18, #10, #11 ) ;
#924 = ORIENTED_EDGE ( 'NONE', *, *, #734, .T. ) ;
#925 = ORIENTED_EDGE ( 'NONE', *, *, #822, .T. ) ;
#926 = ORIENTED_EDGE ( 'NONE', *, *, #862, .F. ) ;
#927 = ORIENTED_EDGE ( 'NONE', *, *, #836, .T. ) ;
#928 = ORIENTED_EDGE ( 'NONE', *, *, #815, .T. ) ;
#929 = ORIENTED_EDGE ( 'NONE', *, *, #764, .T. ) ;
#930 = ORIENTED_EDGE ( 'NONE', *, *, #853, .F. ) ;
#931 = ORIENTED_EDGE ( 'NONE', *, *, #796, .T. ) ;
#932 = ORIENTED_EDGE ( 'NONE', *, *, #775, .T. ) ;
#933 = ORIENTED_EDGE ( 'NONE', *, *, #841, .T. ) ;
#934 = ORIENTED_EDGE ( 'NONE', *, *, #823, .T. ) ;
#935 = ORIENTED_EDGE ( 'NONE', *, *, #823, .F. ) ;
#936 = ORIENTED_EDGE ( 'NONE', *, *, #886, .T. ) ;
#937 = ORIENTED_EDGE ( 'NONE', *, *, #830, .T. ) ;
#938 = ORIENTED_EDGE ( 'NONE', *, *, #758, .F. ) ;
#939 = ORIENTED_EDGE ( 'NONE', *, *, #751, .T. ) ;
#940 = ORIENTED_EDGE ( 'NONE', *, *, #793, .T. ) ;
#941 = ORIENTED_EDGE ( 'NONE', *, *, #733, .T. ) ;
#942 = ORIENTED_EDGE ( 'NONE', *, *, #842, .T. ) ;
#943 = ORIENTED_EDGE ( 'NONE', *, *, #810, .T. ) ;
#944 = ORIENTED_EDGE ( 'NONE', *, *, #834, .T. ) ;
#945 = ORIENTED_EDGE ( 'NONE', *, *, #849, .F. ) ;
#946 = ORIENTED_EDGE ( 'NONE', *, *, #827, .T. ) ;
#947 = ORIENTED_EDGE ( 'NONE', *, *, #833, .T. ) ;
#948 = ORIENTED_EDGE ( 'NONE', *, *, #779, .T. ) ;
#949 = ORIENTED_EDGE ( 'NONE', *, *, #765, .T. ) ;
#950 = ORIENTED_EDGE ( 'NONE', *, *, #769, .T. ) ;
#951 = ORIENTED_EDGE ( 'NONE', *, *, #780, .T. ) ;
#952 = ORIENTED_EDGE ( 'NONE', *, *, #811, .F. ) ;
#953 = ORIENTED_EDGE ( 'NONE', *, *, #774, .T. ) ;
#954 = ORIENTED_EDGE ( 'NONE', *, *, #767, .F. ) ;
#955 = ORIENTED_EDGE ( 'NONE', *, *, #782, .T. ) ;
#956 = ORIENTED_EDGE ( 'NONE', *, *, #802, .T. ) ;
#957 = ORIENTED_EDGE ( 'NONE', *, *, #829, .F. ) ;
#958 = ORIENTED_EDGE ( 'NONE', *, *, #752, .F. ) ;
#959 = ORIENTED_EDGE ( 'NONE', *, *, #821, .T. ) ;
#960 = ORIENTED_EDGE ( 'NONE', *, *, #792, .F. ) ;
#961 = ORIENTED_EDGE ( 'NONE', *, *, #857, .F. ) ;
#962 = ORIENTED_EDGE ( 'NONE', *, *, #786, .T. ) ;
#963 = ORIENTED_EDGE ( 'NONE', *, *, #732, .F. ) ;
#964 = ORIENTED_EDGE ( 'NONE', *, *, #760, .F. ) ;
#965 = ORIENTED_EDGE ( 'NONE', *, *, #730, .F. ) ;
#966 = ORIENTED_EDGE ( 'NONE', *, *, #808, .F. ) ;
#967 = ORIENTED_EDGE ( 'NONE', *, *, #772, .F. ) ;
#968 = ORIENTED_EDGE ( 'NONE', *, *, #778, .F. ) ;
#969 = ORIENTED_EDGE ( 'NONE', *, *, #917, .F. ) ;
#970 = ORIENTED_EDGE ( 'NONE', *, *, #771, .T. ) ;
#971 = ORIENTED_EDGE ( 'NONE', *, *, #757, .T. ) ;
#972 = ORIENTED_EDGE ( 'NONE', *, *, #839, .F. ) ;
#973 = ORIENTED_EDGE ( 'NONE', *, *, #799, .F. ) ;
#974 = ORIENTED_EDGE ( 'NONE', *, *, #912, .T. ) ;
#975 = ORIENTED_EDGE ( 'NONE', *, *, #819, .T. ) ;
#976 = ORIENTED_EDGE ( 'NONE', *, *, #765, .F. ) ;
#977 = ORIENTED_EDGE ( 'NONE', *, *, #745, .F. ) ;
#978 = ORIENTED_EDGE ( 'NONE', *, *, #804, .T. ) ;
#979 = ORIENTED_EDGE ( 'NONE', *, *, #772, .T. ) ;
#980 = ORIENTED_EDGE ( 'NONE', *, *, #921, .F. ) ;
#981 = ORIENTED_EDGE ( 'NONE', *, *, #761, .F. ) ;
#982 = ORIENTED_EDGE ( 'NONE', *, *, #740, .T. ) ;
#983 = ORIENTED_EDGE ( 'NONE', *, *, #781, .T. ) ;
#984 = ORIENTED_EDGE ( 'NONE', *, *, #860, .F. ) ;
#985 = ORIENTED_EDGE ( 'NONE', *, *, #746, .F. ) ;
#986 = ORIENTED_EDGE ( 'NONE', *, *, #825, .T. ) ;
#987 = CC_DESIGN_PERSON_AND_ORGANIZATION_ASSIGNMENT ( #349, #1927, ( #2031 ) ) ;
#988 = VERTEX_POINT ( 'NONE', #2054 ) ;
#989 = VERTEX_POINT ( 'NONE', #2065 ) ;
#990 = VERTEX_POINT ( 'NONE', #2071 ) ;
#991 = VERTEX_POINT ( 'NONE', #2079 ) ;
#992 = VERTEX_POINT ( 'NONE', #2047 ) ;
#993 = VERTEX_POINT ( 'NONE', #2048 ) ;
#994 = VERTEX_POINT ( 'NONE', #2051 ) ;
#995 = VERTEX_POINT ( 'NONE', #3 ) ;
#996 = VERTEX_POINT ( 'NONE', #2052 ) ;
#997 = CC_DESIGN_DATE_AND_TIME_ASSIGNMENT ( #329, #1928, ( #2031 ) ) ;
#998 = B_SPLINE_CURVE_WITH_KNOTS ( 'NONE', 3,
 ( #1117, #1142, #1120, #1124, #1137, #1136, #1144, #1141, #1130, #1129, #1119, #1145 ),
 .UNSPECIFIED., .F., .F.,
 ( 4, 2, 2, 2, 2, 4 ),
 ( 1.746580429656774200E-018, 0.0002476633187723937500, 0.0003714949781585906800, 0.0004953266375447877200, 0.0007429899563171807200, 0.0009906532750895739300 ),
 .UNSPECIFIED. ) ;
#999 = B_SPLINE_CURVE_WITH_KNOTS ( 'NONE', 3,
 ( #1150, #1153, #1154, #1164, #1174, #1172, #1165, #1169, #1156, #1176 ),
 .UNSPECIFIED., .F., .F.,
 ( 4, 2, 2, 2, 4 ),
 ( 4.460926358885195200E-020, 0.0001972130853140595400, 0.0003944261706281190200, 0.0005916392559421784000, 0.0007888523412562379400 ),
 .UNSPECIFIED. ) ;
#1000 = B_SPLINE_CURVE_WITH_KNOTS ( 'NONE', 3,
 ( #1544, #1589, #1612, #1623, #1579, #1590, #1600, #1613, #1626, #1591 ),
 .UNSPECIFIED., .F., .F.,
 ( 4, 2, 2, 2, 4 ),
 ( 0.0000000000000000000, 0.0001963469913050646700, 0.0003926939826101293300, 0.0005890409739151940300, 0.0007853879652202586700 ),
 .UNSPECIFIED. ) ;
#1001 = B_SPLINE_CURVE_WITH_KNOTS ( 'NONE', 3,
 ( #1645, #1663, #1662, #1650, #1656, #1638, #1651, #1639, #1657, #1673 ),
 .UNSPECIFIED., .F., .F.,
 ( 4, 2, 2, 2, 4 ),
 ( 1.486067914324889100E-019, 0.0001956043334332026400, 0.0003912086668664051800, 0.0005868130002996076100, 0.0007824173337328101500 ),
 .UNSPECIFIED. ) ;
#1002 = B_SPLINE_CURVE_WITH_KNOTS ( 'NONE', 3,
 ( #1686, #1705, #1702, #1684, #1708, #1683, #1707, #1687, #1709, #1681, #1688, #1711 ),
 .UNSPECIFIED., .F., .F.,
 ( 4, 2, 2, 2, 2, 4 ),
 ( 1.772732050865615600E-018, 0.0002476633187723893100, 0.0003714949781585835800, 0.0004953266375447778600, 0.0007429899563171620700, 0.0009906532750895461700 ),
 .UNSPECIFIED. ) ;
#1003 = B_SPLINE_CURVE_WITH_KNOTS ( 'NONE', 3,
 ( #1540, #1552, #1577, #1554, #1527, #1581, #1592, #1611, #1609, #1598, #1604, #1583 ),
 .UNSPECIFIED., .F., .F.,
 ( 4, 2, 2, 2, 2, 4 ),
 ( -1.264912465843487600E-005, 0.001057789063751768800, 0.001593008157956869900, 0.001860617705059420500, 0.001994422478610695800, 0.002128227252161971300 ),
 .UNSPECIFIED. ) ;
#1004 = B_SPLINE_CURVE_WITH_KNOTS ( 'NONE', 3,
 ( #1652, #1667, #1642, #1649, #1654, #1658, #1660, #1659, #1682, #1706 ),
 .UNSPECIFIED., .F., .F.,
 ( 4, 2, 2, 2, 4 ),
 ( 1.484402741354285400E-020, 0.0002067062860041249200, 0.0004134125720082493000, 0.0006201188580123737300, 0.0008268251440164980500 ),
 .UNSPECIFIED. ) ;
#1005 = B_SPLINE_CURVE_WITH_KNOTS ( 'NONE', 3,
 ( #1043, #1050, #1045, #1046, #1041, #1042, #1056, #1057, #1053, #1051 ),
 .UNSPECIFIED., .F., .F.,
 ( 4, 2, 2, 2, 4 ),
 ( 7.482863558572226400E-020, 0.0001973119397469294500, 0.0003946238794938588000, 0.0005919358192407881900, 0.0007892477589877175900 ),
 .UNSPECIFIED. ) ;
#1006 = B_SPLINE_CURVE_WITH_KNOTS ( 'NONE', 3,
 ( #1587, #1596, #1601, #1621, #1622, #1610, #1624, #1625, #1603, #1580 ),
 .UNSPECIFIED., .F., .F.,
 ( 4, 2, 2, 2, 4 ),
 ( 8.250778305991310300E-020, 0.0001963469913050647500, 0.0003926939826101294400, 0.0005890409739151941400, 0.0007853879652202587800 ),
 .UNSPECIFIED. ) ;
#1007 = B_SPLINE_CURVE_WITH_KNOTS ( 'NONE', 3,
 ( #1059, #1062, #1067, #1072, #1095, #1061, #1091, #1074, #1093, #1073 ),
 .UNSPECIFIED., .F., .F.,
 ( 4, 2, 2, 2, 4 ),
 ( 0.0000000000000000000, 0.0001986452793006500000, 0.0003972905586012999900, 0.0005959358379019499900, 0.0007945811172025999900 ),
 .UNSPECIFIED. ) ;
#1008 = B_SPLINE_CURVE_WITH_KNOTS ( 'NONE', 3,
 ( #1068, #1078, #1104, #1112, #1096, #1103, #1110, #1102, #1099, #1111 ),
 .UNSPECIFIED., .F., .F.,
 ( 4, 2, 2, 2, 4 ),
 ( 0.0000000000000000000, 0.0001973119397469294300, 0.0003946238794938588500, 0.0005919358192407883000, 0.0007892477589877177000 ),
 .UNSPECIFIED. ) ;
#1009 = B_SPLINE_CURVE_WITH_KNOTS ( 'NONE', 3,
 ( #1575, #1578, #1620, #1595, #1615, #1582, #1588, #1627, #1628, #1597 ),
 .UNSPECIFIED., .F., .F.,
 ( 4, 2, 2, 2, 4 ),
 ( 4.458131456539140000E-020, 0.0002006946798760908800, 0.0004013893597521817000, 0.0006020840396282724700, 0.0008027787195043632900 ),
 .UNSPECIFIED. ) ;
#1010 = B_SPLINE_CURVE_WITH_KNOTS ( 'NONE', 3,
 ( #1605, #1606, #1674, #1629, #1635, #1632 ),
 .UNSPECIFIED., .F., .F.,
 ( 4, 2, 4 ),
 ( 8.673617379884035500E-019, 0.002339282715423697500, 0.004678565430847394200 ),
 .UNSPECIFIED. ) ;
#1011 = B_SPLINE_CURVE_WITH_KNOTS ( 'NONE', 3,
 ( #1671, #1630, #1634, #1640, #1644, #1678, #1633, #1672, #1647, #1676 ),
 .UNSPECIFIED., .F., .F.,
 ( 4, 2, 2, 2, 4 ),
 ( 4.444131387462419100E-020, 0.0002165905857090020400, 0.0004331811714180040200, 0.0006497717571270060000, 0.0008663623428360079200 ),
 .UNSPECIFIED. ) ;
#1012 = B_SPLINE_CURVE_WITH_KNOTS ( 'NONE', 3,
 ( #1715, #1694, #1695, #1716, #1704, #1680, #1717, #1718, #1722, #1723, #1724, #1726 ),
 .UNSPECIFIED., .F., .F.,
 ( 4, 2, 2, 2, 2, 4 ),
 ( 6.438754123075052200E-020, 0.0002476633187723903400, 0.0003714949781585849400, 0.0004953266375447797000, 0.0007429899563171698700, 0.0009906532750895600500 ),
 .UNSPECIFIED. ) ;
#1013 = B_SPLINE_CURVE_WITH_KNOTS ( 'NONE', 3,
 ( #1727, #1047, #1083, #1066, #1085, #1060, #1086, #1070, #1090, #1058 ),
 .UNSPECIFIED., .F., .F.,
 ( 4, 2, 2, 2, 4 ),
 ( 0.0000000000000000000, 0.0001957196517519841300, 0.0003914393035039682600, 0.0005871589552559524200, 0.0007828786070079365200 ),
 .UNSPECIFIED. ) ;
#1014 = B_SPLINE_CURVE_WITH_KNOTS ( 'NONE', 3,
 ( #1064, #1065, #1080, #1088, #1084, #1081, #1069, #1075, #1089, #1094 ),
 .UNSPECIFIED., .F., .F.,
 ( 4, 2, 2, 2, 4 ),
 ( 1.526042922859944300E-019, 0.0002003923174583346300, 0.0004007846349166691000, 0.0006011769523750035500, 0.0008015692698333379900 ),
 .UNSPECIFIED. ) ;
#1015 =( BOUNDED_CURVE ( )  B_SPLINE_CURVE ( 3, ( #1121, #1146, #1122, #1147 ),
 .UNSPECIFIED., .F., .T. ) 
 B_SPLINE_CURVE_WITH_KNOTS ( ( 4, 4 ),
 ( 4.712388980384689700, 6.283185307179586200 ),
 .UNSPECIFIED. ) 
 CURVE ( )  GEOMETRIC_REPRESENTATION_ITEM ( )  RATIONAL_B_SPLINE_CURVE ( ( 1.000000000000000000, 0.8047378541243649400, 0.8047378541243649400, 1.000000000000000000 ) ) 
 REPRESENTATION_ITEM ( '' )  );
#1016 = B_SPLINE_CURVE_WITH_KNOTS ( 'NONE', 3,
 ( #1149, #1163, #1173, #1155, #1160, #1175 ),
 .UNSPECIFIED., .F., .F.,
 ( 4, 2, 4 ),
 ( 8.673617379884035500E-019, 0.002339282715423697500, 0.004678565430847394200 ),
 .UNSPECIFIED. ) ;
#1017 =( BOUNDED_CURVE ( )  B_SPLINE_CURVE ( 3, ( #1213, #1221, #1225, #1226 ),
 .UNSPECIFIED., .F., .T. ) 
 B_SPLINE_CURVE_WITH_KNOTS ( ( 4, 4 ),
 ( 4.712388980384686100, 6.283185307179586200 ),
 .UNSPECIFIED. ) 
 CURVE ( )  GEOMETRIC_REPRESENTATION_ITEM ( )  RATIONAL_B_SPLINE_CURVE ( ( 1.000000000000000000, 0.8047378541243641600, 0.8047378541243641600, 1.000000000000000000 ) ) 
 REPRESENTATION_ITEM ( '' )  );
#1018 = B_SPLINE_CURVE_WITH_KNOTS ( 'NONE', 3,
 ( #1254, #1238, #1250, #1239, #1253, #1267, #1261, #1269, #1231, #1256 ),
 .UNSPECIFIED., .F., .F.,
 ( 4, 2, 2, 2, 4 ),
 ( 0.0000000000000000000, 0.0002026174788980488100, 0.0004052349577960976200, 0.0006078524366941464300, 0.0008104699155921952400 ),
 .UNSPECIFIED. ) ;
#1019 = B_SPLINE_CURVE_WITH_KNOTS ( 'NONE', 3,
 ( #1177, #1201, #1192, #1195, #1193, #1218, #1220, #1187, #1212, #1227 ),
 .UNSPECIFIED., .F., .F.,
 ( 4, 2, 2, 2, 4 ),
 ( 8.337786528099462000E-020, 0.0001957196517519842400, 0.0003914393035039684200, 0.0005871589552559525200, 0.0007828786070079367300 ),
 .UNSPECIFIED. ) ;
#1020 = B_SPLINE_CURVE_WITH_KNOTS ( 'NONE', 3,
 ( #1229, #1233, #1262, #1234, #1228, #1255, #1244, #1246, #1245, #1265 ),
 .UNSPECIFIED., .F., .F.,
 ( 4, 2, 2, 2, 4 ),
 ( 7.925819366795893100E-021, 0.0002026174788980490000, 0.0004052349577960980000, 0.0006078524366941469700, 0.0008104699155921960000 ),
 .UNSPECIFIED. ) ;
#1021 = B_SPLINE_CURVE_WITH_KNOTS ( 'NONE', 3,
 ( #2076, #2055, #2056, #2073, #2072, #2077, #2075, #2062, #2078, #2049 ),
 .UNSPECIFIED., .F., .F.,
 ( 4, 2, 2, 2, 4 ),
 ( 1.487625491791159200E-020, 0.0001954108042495979900, 0.0003908216084991959300, 0.0005862324127487939200, 0.0007816432169983918500 ),
 .UNSPECIFIED. ) ;
#1022 = UNCERTAINTY_MEASURE_WITH_UNIT (LENGTH_MEASURE( 1.000000000000000100E-005 ), #1947, 'distance_accuracy_value', 'NONE');
#1023 = B_SPLINE_CURVE_WITH_KNOTS ( 'NONE', 3,
 ( #1168, #1159, #1162, #1166, #1170, #1171, #1186, #1206, #1216, #1185 ),
 .UNSPECIFIED., .F., .F.,
 ( 4, 2, 2, 2, 4 ),
 ( 1.959971022877990000E-018, 0.0002054116009512327500, 0.0004108232019024644700, 0.0006162348028536960800, 0.0008216464038049278500 ),
 .UNSPECIFIED. ) ;
#1024 = ADVANCED_BREP_SHAPE_REPRESENTATION ( 'ALP0113', ( #1039, #1893 ), #1894 ) ;
#1025 = B_SPLINE_CURVE_WITH_KNOTS ( 'NONE', 3,
 ( #1191, #1196, #1194, #1207, #1182, #1222, #1188, #1183, #1197, #1189, #1211, #1223 ),
 .UNSPECIFIED., .F., .F.,
 ( 4, 2, 2, 2, 2, 4 ),
 ( 7.448308475725875500E-020, 0.0002476633187723937500, 0.0003714949781585898200, 0.0004953266375447859900, 0.0007429899563171796300, 0.0009906532750895732800 ),
 .UNSPECIFIED. ) ;
#1026 = B_SPLINE_CURVE_WITH_KNOTS ( 'NONE', 3,
 ( #1260, #1273, #1274, #1276, #1278, #1277, #1279, #1270, #1280, #1281 ),
 .UNSPECIFIED., .F., .F.,
 ( 4, 2, 2, 2, 4 ),
 ( 0.0000000000000000000, 0.0002003923174583343300, 0.0004007846349166686700, 0.0006011769523750030000, 0.0008015692698333373400 ),
 .UNSPECIFIED. ) ;
#1027 = B_SPLINE_CURVE_WITH_KNOTS ( 'NONE', 3,
 ( #1451, #1474, #1470, #1460, #1454, #1441, #1461, #1432, #1444, #1445 ),
 .UNSPECIFIED., .F., .F.,
 ( 4, 2, 2, 2, 4 ),
 ( 1.930263565886909400E-018, 0.0002054116009512332900, 0.0004108232019024656100, 0.0006162348028536978100, 0.0008216464038049301300 ),
 .UNSPECIFIED. ) ;
#1028 = B_SPLINE_CURVE_WITH_KNOTS ( 'NONE', 3,
 ( #1524, #1525, #1499, #1503, #1489, #1478, #1480, #1517, #1494, #1504 ),
 .UNSPECIFIED., .F., .F.,
 ( 4, 2, 2, 2, 4 ),
 ( 4.462426821735180200E-020, 0.0001956043334332025600, 0.0003912086668664050700, 0.0005868130002996073900, 0.0007824173337328098200 ),
 .UNSPECIFIED. ) ;
#1029 = B_SPLINE_CURVE_WITH_KNOTS ( 'NONE', 3,
 ( #1435, #1469, #1443, #1456, #1457, #1437, #1455, #1453, #1431, #1458 ),
 .UNSPECIFIED., .F., .F.,
 ( 4, 2, 2, 2, 4 ),
 ( 4.453208224062855800E-020, 0.0002067062860041249700, 0.0004134125720082498900, 0.0006201188580123747100, 0.0008268251440164996800 ),
 .UNSPECIFIED. ) ;
#1030 = B_SPLINE_CURVE_WITH_KNOTS ( 'NONE', 3,
 ( #1393, #1403, #1407, #1404, #1405, #1406, #1408, #1409, #1417, #1421 ),
 .UNSPECIFIED., .F., .F.,
 ( 4, 2, 2, 2, 4 ),
 ( 1.481377129154138200E-020, 0.0002165905857090018700, 0.0004331811714180036900, 0.0006497717571270055600, 0.0008663623428360073800 ),
 .UNSPECIFIED. ) ;
#1031 = B_SPLINE_CURVE_WITH_KNOTS ( 'NONE', 3,
 ( #1471, #1448, #1476, #1465, #1462, #1450, #1452, #1440, #1463, #1472, #1429, #1464 ),
 .UNSPECIFIED., .F., .F.,
 ( 4, 2, 2, 2, 2, 4 ),
 ( 2.443485602206839700E-019, 0.0001173031949606603900, 0.0002346063899213205400, 0.0004692127798426408700, 0.0007038191697639610900, 0.0009384255596852814100 ),
 .UNSPECIFIED. ) ;
#1032 = B_SPLINE_CURVE_WITH_KNOTS ( 'NONE', 3,
 ( #1492, #1508, #1507, #1496, #1501, #1484, #1497, #1485, #1500, #1520, #1509, #1521 ),
 .UNSPECIFIED., .F., .F.,
 ( 4, 2, 2, 2, 2, 4 ),
 ( -1.264912465843132500E-005, 0.001057789063751732600, 0.001593008157956814400, 0.001860617705059355900, 0.001994422478610626400, 0.002128227252161896700 ),
 .UNSPECIFIED. ) ;
#1033 = B_SPLINE_CURVE_WITH_KNOTS ( 'NONE', 3,
 ( #1512, #1477, #1510, #1518, #1522, #1479, #1481, #1482, #1576, #1563, #1564, #1547 ),
 .UNSPECIFIED., .F., .F.,
 ( 4, 2, 2, 2, 2, 4 ),
 ( 4.424806342049886800E-020, 0.0001173031949606607100, 0.0002346063899213213800, 0.0004692127798426426000, 0.0007038191697639638000, 0.0009384255596852851000 ),
 .UNSPECIFIED. ) ;
#1034 = B_SPLINE_CURVE_WITH_KNOTS ( 'NONE', 3,
 ( #1553, #1567, #1529, #1530, #1548, #1568, #1559, #1550, #1534, #1542 ),
 .UNSPECIFIED., .F., .F.,
 ( 4, 2, 2, 2, 4 ),
 ( 1.009571464210850500E-020, 0.0001986452793006499400, 0.0003972905586012998900, 0.0005959358379019497700, 0.0007945811172025997700 ),
 .UNSPECIFIED. ) ;
#1035 = B_SPLINE_CURVE_WITH_KNOTS ( 'NONE', 3,
 ( #1365, #1381, #1348, #1372, #1367, #1350, #1342, #1347, #1380, #1362 ),
 .UNSPECIFIED., .F., .F.,
 ( 4, 2, 2, 2, 4 ),
 ( 1.486043818846379200E-020, 0.0002006946798760907100, 0.0004013893597521813800, 0.0006020840396282720400, 0.0008027787195043627500 ),
 .UNSPECIFIED. ) ;
#1036 = B_SPLINE_CURVE_WITH_KNOTS ( 'NONE', 3,
 ( #1349, #1351, #1337, #1354, #1370, #1328, #1356, #1336, #1364, #1338, #1374, #1339, #1340, #1341 ),
 .UNSPECIFIED., .F., .F.,
 ( 4, 2, 2, 2, 2, 2, 4 ),
 ( 4.442776256281448100E-019, 0.0001371714378823837300, 0.0002743428757647670300, 0.0005486857515295339500, 0.0008230286272943008800, 0.0009602000651766839600, 0.001097371503059067000 ),
 .UNSPECIFIED. ) ;
#1037 = B_SPLINE_CURVE_WITH_KNOTS ( 'NONE', 3,
 ( #1378, #1368, #1355, #1343, #1358, #1359, #1366, #1361, #1401, #1385 ),
 .UNSPECIFIED., .F., .F.,
 ( 4, 2, 2, 2, 4 ),
 ( 2.430155764220337700E-019, 0.0001972130853140596200, 0.0003944261706281189700, 0.0005916392559421784000, 0.0007888523412562377200 ),
 .UNSPECIFIED. ) ;
#1038 = B_SPLINE_CURVE_WITH_KNOTS ( 'NONE', 3,
 ( #1395, #1427, #1384, #1419, #1397, #1423, #1400, #1386, #1389, #1414 ),
 .UNSPECIFIED., .F., .F.,
 ( 4, 2, 2, 2, 4 ),
 ( 8.388871418127357200E-020, 0.0001954108042495983200, 0.0003908216084991965800, 0.0005862324127487947900, 0.0007816432169983930500 ),
 .UNSPECIFIED. ) ;
#1039 = MANIFOLD_SOLID_BREP ( 'Chamfer2', #535 ) ;
#1040 = B_SPLINE_CURVE_WITH_KNOTS ( 'NONE', 3,
 ( #1557, #1539, #1532, #1533, #1570, #1541, #1558, #1560, #1536, #1562, #1551, #1537, #1565, #1528 ),
 .UNSPECIFIED., .F., .F.,
 ( 4, 2, 2, 2, 2, 2, 4 ),
 ( 8.765264371961163900E-020, 0.0001371714378823838900, 0.0002743428757647677400, 0.0005486857515295371000, 0.0008230286272943063000, 0.0009602000651766915500, 0.001097371503059076600 ),
 .UNSPECIFIED. ) ;
#1041 = CARTESIAN_POINT ( 'NONE',  ( -1.815220665012825100, -8.815288841163093600, 0.2498507078710358600 ) ) ;
#1042 = CARTESIAN_POINT ( 'NONE',  ( -1.685928913116747000, -8.840926824476099500, 0.2501479705973426700 ) ) ;
#1043 = CARTESIAN_POINT ( 'NONE',  ( -2.000000000000009300, -8.774964387392115500, -1.530808498934194000E-017 ) ) ;
#1044 = CARTESIAN_POINT ( 'NONE',  ( -2.750000000000009300, 4.000000000000008000, 0.0000000000000000000 ) ) ;
#1045 = CARTESIAN_POINT ( 'NONE',  ( -1.972215778168095800, -8.781378133168232100, 0.1317301258249905200 ) ) ;
#1046 = CARTESIAN_POINT ( 'NONE',  ( -1.879813474356838400, -8.801621344670921900, 0.2233408605520379500 ) ) ;
#1047 = CARTESIAN_POINT ( 'NONE',  ( 0.9999999999999913400, 8.944271909999155700, 0.06618204159966112300 ) ) ;
#1048 = DIRECTION ( 'NONE',  ( 2.478176394252574700E-016, -1.000000000000000000, -0.0000000000000000000 ) ) ;
#1049 = DIRECTION ( 'NONE',  ( -1.000000000000000000, 0.0000000000000000000, 0.0000000000000000000 ) ) ;
#1050 = CARTESIAN_POINT ( 'NONE',  ( -2.000000000000009800, -8.774964387392115500, 0.06672865914757278300 ) ) ;
#1051 = CARTESIAN_POINT ( 'NONE',  ( -1.500000000000008900, -8.874119674649417500, -1.530808498934194000E-017 ) ) ;
#1052 = CARTESIAN_POINT ( 'NONE',  ( 3.499999999999991100, 9.707106781186555000, 0.0000000000000000000 ) ) ;
#1053 = CARTESIAN_POINT ( 'NONE',  ( -1.500000000000008900, -8.874119674649419300, 0.06672322458976190400 ) ) ;
#1054 = DIRECTION ( 'NONE',  ( 0.0000000000000000000, -1.000000000000000000, 0.0000000000000000000 ) ) ;
#1055 = CARTESIAN_POINT ( 'NONE',  ( -2.000000000000009800, 9.707106781186555000, 0.0000000000000000000 ) ) ;
#1056 = CARTESIAN_POINT ( 'NONE',  ( -1.621341000458828000, -8.852882785328878500, 0.2243068109509357100 ) ) ;
#1057 = CARTESIAN_POINT ( 'NONE',  ( -1.527309565563481400, -8.869588814679039100, 0.1314368822377755800 ) ) ;
#1058 = CARTESIAN_POINT ( 'NONE',  ( 0.4999999999999911200, 8.986100377805710700, 0.0000000000000000000 ) ) ;
#1059 = CARTESIAN_POINT ( 'NONE',  ( 2.499999999999991100, 8.645808232895289400, -1.530808498934194000E-017 ) ) ;
#1060 = CARTESIAN_POINT ( 'NONE',  ( 0.6852474652142454000, 8.974113009482394400, 0.2500916705725120300 ) ) ;
#1061 = CARTESIAN_POINT ( 'NONE',  ( 2.186399354869605000, 8.730639492926036000, 0.2501747588527045200 ) ) ;
#1062 = CARTESIAN_POINT ( 'NONE',  ( 2.499999999999991100, 8.645808232895287700, 0.06718614034791971200 ) ) ;
#1063 = DIRECTION ( 'NONE',  ( 0.0000000000000000000, 0.0000000000000000000, -1.000000000000000000 ) ) ;
#1064 = CARTESIAN_POINT ( 'NONE',  ( -3.000000000000009300, -8.485281374238562400, -1.818415386831156700E-016 ) ) ;
#1065 = CARTESIAN_POINT ( 'NONE',  ( -3.000000000000008900, -8.485281374238564200, 0.06778570017959949200 ) ) ;
#1066 = CARTESIAN_POINT ( 'NONE',  ( 0.8805550075869170700, 8.956939856034463100, 0.2229389447356523700 ) ) ;
#1067 = CARTESIAN_POINT ( 'NONE',  ( 2.471763911081065400, 8.654056545902625100, 0.1324596992158726100 ) ) ;
#1068 = CARTESIAN_POINT ( 'NONE',  ( 1.999999999999990500, 8.774964387392119000, -1.530808498934194000E-017 ) ) ;
#1069 = CARTESIAN_POINT ( 'NONE',  ( -2.623107418130465900, -8.609399035600954900, 0.2253069909806907100 ) ) ;
#1070 = CARTESIAN_POINT ( 'NONE',  ( 0.5267703854698355700, 8.984693141324724400, 0.1304991105899518100 ) ) ;
#1071 = CARTESIAN_POINT ( 'NONE',  ( 0.0000000000000000000, -4.000000000000008900, 1.500000000000000400 ) ) ;
#1072 = CARTESIAN_POINT ( 'NONE',  ( 2.379164783531743800, 8.679970418417633800, 0.2236990453031246800 ) ) ;
#1073 = CARTESIAN_POINT ( 'NONE',  ( 1.999999999999990500, 8.774964387392119000, -1.530808498934194000E-017 ) ) ;
#1074 = CARTESIAN_POINT ( 'NONE',  ( 2.027764613805085800, 8.768724046659896100, 0.1322061333257116000 ) ) ;
#1075 = CARTESIAN_POINT ( 'NONE',  ( -2.528363994100483000, -8.637697598005729600, 0.1332007823070009700 ) ) ;
#1076 = CARTESIAN_POINT ( 'NONE',  ( -3.250000000000009300, 4.000000000000008000, 0.0000000000000000000 ) ) ;
#1077 = DIRECTION ( 'NONE',  ( 2.478176394252574700E-016, -1.000000000000000000, -0.0000000000000000000 ) ) ;
#1078 = CARTESIAN_POINT ( 'NONE',  ( 1.999999999999990500, 8.774964387392119000, 0.06672865914757265800 ) ) ;
#1079 = CARTESIAN_POINT ( 'NONE',  ( -3.999999999999999100, 9.000000000000003600, -1.500000000000004000 ) ) ;
#1080 = CARTESIAN_POINT ( 'NONE',  ( -2.971185531944293700, -8.495555743145468200, 0.1333916650499497900 ) ) ;
#1081 = CARTESIAN_POINT ( 'NONE',  ( -2.686957970744480400, -8.589805114155650400, 0.2502016416188973500 ) ) ;
#1082 = DIRECTION ( 'NONE',  ( -1.000000000000000000, 0.0000000000000000000, 0.0000000000000000000 ) ) ;
#1083 = CARTESIAN_POINT ( 'NONE',  ( 0.9727705586615516000, 8.947394377482552800, 0.1308421234904301700 ) ) ;
#1084 = CARTESIAN_POINT ( 'NONE',  ( -2.814631268676736700, -8.548821313906911400, 0.2497958326927870500 ) ) ;
#1085 = CARTESIAN_POINT ( 'NONE',  ( 0.8154584632396084700, 8.963219058478637500, 0.2499078310922584500 ) ) ;
#1086 = CARTESIAN_POINT ( 'NONE',  ( 0.6203429554094859200, 8.978717753691192600, 0.2237197565171792900 ) ) ;
#1087 = DIRECTION ( 'NONE',  ( -1.000000000000000000, 0.0000000000000000000, 0.0000000000000000000 ) ) ;
#1088 = CARTESIAN_POINT ( 'NONE',  ( -2.878314705757841100, -8.527468282247969700, 0.2241689365914804300 ) ) ;
#1089 = CARTESIAN_POINT ( 'NONE',  ( -2.500000000000008900, -8.645808232895284100, 0.06778611371640727600 ) ) ;
#1090 = CARTESIAN_POINT ( 'NONE',  ( 0.4999999999999906700, 8.986100377805710700, 0.06617909748395776900 ) ) ;
#1091 = CARTESIAN_POINT ( 'NONE',  ( 2.122121107548404800, 8.746367974214733100, 0.2247532367542012000 ) ) ;
#1092 = DIRECTION ( 'NONE',  ( -0.0000000000000000000, 1.000000000000000000, -0.0000000000000000000 ) ) ;
#1093 = CARTESIAN_POINT ( 'NONE',  ( 1.999999999999990500, 8.774964387392120800, 0.06718183790039766700 ) ) ;
#1094 = CARTESIAN_POINT ( 'NONE',  ( -2.500000000000009300, -8.645808232895284100, -1.530808498934194000E-017 ) ) ;
#1095 = CARTESIAN_POINT ( 'NONE',  ( 2.314967176040144900, 8.697432671097306700, 0.2498233737370820200 ) ) ;
#1096 = CARTESIAN_POINT ( 'NONE',  ( 1.815220665012806000, 8.815288841163097200, 0.2498507078710358600 ) ) ;
#1097 = CARTESIAN_POINT ( 'NONE',  ( 4.000000000000000900, -7.499999999999998200, -2.999999999999995600 ) ) ;
#1098 = DIRECTION ( 'NONE',  ( -0.0000000000000000000, 0.7071067811865489100, -0.7071067811865461300 ) ) ;
#1099 = CARTESIAN_POINT ( 'NONE',  ( 1.499999999999989800, 8.874119674649422900, 0.06672322458976198700 ) ) ;
#1100 = CARTESIAN_POINT ( 'NONE',  ( 1.999999999999990500, 9.707106781186555000, 0.0000000000000000000 ) ) ;
#1101 = DIRECTION ( 'NONE',  ( 0.0000000000000000000, -1.000000000000000000, 0.0000000000000000000 ) ) ;
#1102 = CARTESIAN_POINT ( 'NONE',  ( 1.527309565563462300, 8.869588814679042700, 0.1314368822377755000 ) ) ;
#1103 = CARTESIAN_POINT ( 'NONE',  ( 1.685928913116728500, 8.840926824476104800, 0.2501479705973427300 ) ) ;
#1104 = CARTESIAN_POINT ( 'NONE',  ( 1.972215778168077100, 8.781378133168232100, 0.1317301258249905200 ) ) ;
#1105 = CARTESIAN_POINT ( 'NONE',  ( 3.249999999999990700, -4.000000000000008900, 0.0000000000000000000 ) ) ;
#1106 = DIRECTION ( 'NONE',  ( 0.0000000000000000000, 1.000000000000000000, 0.0000000000000000000 ) ) ;
#1107 = CARTESIAN_POINT ( 'NONE',  ( 0.0000000000000000000, 0.0000000000000000000, -1.500000000000003600 ) ) ;
#1108 = DIRECTION ( 'NONE',  ( 0.0000000000000000000, 0.0000000000000000000, 1.000000000000000000 ) ) ;
#1109 = DIRECTION ( 'NONE',  ( -1.000000000000000000, 0.0000000000000000000, 0.0000000000000000000 ) ) ;
#1110 = CARTESIAN_POINT ( 'NONE',  ( 1.621341000458809100, 8.852882785328880300, 0.2243068109509356900 ) ) ;
#1111 = CARTESIAN_POINT ( 'NONE',  ( 1.499999999999991100, 8.874119674649421100, -1.530808498934194000E-017 ) ) ;
#1112 = CARTESIAN_POINT ( 'NONE',  ( 1.879813474356819300, 8.801621344670925500, 0.2233408605520379500 ) ) ;
#1113 = DIRECTION ( 'NONE',  ( -0.0000000000000000000, 1.000000000000000000, -0.0000000000000000000 ) ) ;
#1114 = CARTESIAN_POINT ( 'NONE',  ( 0.0000000000000000000, 0.0000000000000000000, 19.19999999999998900 ) ) ;
#1115 = CARTESIAN_POINT ( 'NONE',  ( -2.750000000000009300, 9.000000000000003600, 0.0000000000000000000 ) ) ;
#1116 = DIRECTION ( 'NONE',  ( 0.0000000000000000000, 0.0000000000000000000, 1.000000000000000000 ) ) ;
#1117 = CARTESIAN_POINT ( 'NONE',  ( -3.500000000000009300, 9.000000000000003600, 4.592425496802592700E-017 ) ) ;
#1118 = CARTESIAN_POINT ( 'NONE',  ( 3.499999999999991100, 9.707106781186555000, 0.0000000000000000000 ) ) ;
#1119 = CARTESIAN_POINT ( 'NONE',  ( -4.000000000000005300, 8.567405865733425300, 0.04766282978269506500 ) ) ;
#1120 = CARTESIAN_POINT ( 'NONE',  ( -3.544555861296096100, 9.002983645670092000, 0.1644085681947059800 ) ) ;
#1121 = CARTESIAN_POINT ( 'NONE',  ( 4.000000000000000900, -8.499999999999994700, -2.000000000000002700 ) ) ;
#1122 = CARTESIAN_POINT ( 'NONE',  ( 3.792893218813453000, -8.999999999999996400, -1.500000000000004700 ) ) ;
#1123 = DIRECTION ( 'NONE',  ( 0.0000000000000000000, -1.000000000000000000, 0.0000000000000000000 ) ) ;
#1124 = CARTESIAN_POINT ( 'NONE',  ( -3.647634240400687800, 8.979007906206321700, 0.2317447283490195200 ) ) ;
#1125 = CARTESIAN_POINT ( 'NONE',  ( 0.4999999999999911200, 9.707106781186555000, 0.0000000000000000000 ) ) ;
#1126 = CARTESIAN_POINT ( 'NONE',  ( 2.999999999999990700, 9.707106781186555000, 0.0000000000000000000 ) ) ;
#1127 = CARTESIAN_POINT ( 'NONE',  ( -3.999999999999999100, -8.999999999999996400, 0.0000000000000000000 ) ) ;
#1128 = DIRECTION ( 'NONE',  ( 1.000000000000000000, 0.0000000000000000000, 0.0000000000000000000 ) ) ;
#1129 = CARTESIAN_POINT ( 'NONE',  ( -3.986452820883396700, 8.635267975935025900, 0.09575424162714492300 ) ) ;
#1130 = CARTESIAN_POINT ( 'NONE',  ( -3.930354220163677900, 8.764062525637934100, 0.1804194184738862900 ) ) ;
#1131 = CARTESIAN_POINT ( 'NONE',  ( 0.4999999999999911200, 9.707106781186555000, 0.0000000000000000000 ) ) ;
#1132 = DIRECTION ( 'NONE',  ( 0.0000000000000000000, -1.000000000000000000, 0.0000000000000000000 ) ) ;
#1133 = DIRECTION ( 'NONE',  ( 0.0000000000000000000, -1.000000000000000000, 0.0000000000000000000 ) ) ;
#1134 = DIRECTION ( 'NONE',  ( -0.0000000000000000000, -1.000000000000000000, -0.0000000000000000000 ) ) ;
#1135 = DIRECTION ( 'NONE',  ( -0.0000000000000000000, -1.000000000000000000, -0.0000000000000000000 ) ) ;
#1136 = CARTESIAN_POINT ( 'NONE',  ( -3.759936019636717800, 8.929102815176134900, 0.2525382643538461900 ) ) ;
#1137 = CARTESIAN_POINT ( 'NONE',  ( -3.686224026088480900, 8.965850375554278900, 0.2445545432019411700 ) ) ;
#1138 = CARTESIAN_POINT ( 'NONE',  ( 2.749999999999991100, -4.000000000000008900, 0.0000000000000000000 ) ) ;
#1139 = DIRECTION ( 'NONE',  ( 0.0000000000000000000, 0.0000000000000000000, -1.000000000000000000 ) ) ;
#1140 = DIRECTION ( 'NONE',  ( 0.0000000000000000000, 1.000000000000000000, 0.0000000000000000000 ) ) ;
#1141 = CARTESIAN_POINT ( 'NONE',  ( -3.886684299986379500, 8.827058363004026000, 0.2189365893918710800 ) ) ;
#1142 = CARTESIAN_POINT ( 'NONE',  ( -3.500000000000000000, 9.000000000000007100, 0.08373786527088655800 ) ) ;
#1143 = DIRECTION ( 'NONE',  ( 0.0000000000000000000, 0.0000000000000000000, -1.000000000000000000 ) ) ;
#1144 = CARTESIAN_POINT ( 'NONE',  ( -3.794948828123854100, 8.905743969708838700, 0.2480091930949915900 ) ) ;
#1145 = CARTESIAN_POINT ( 'NONE',  ( -3.999999999999999100, 8.500000000000001800, 0.0000000000000000000 ) ) ;
#1146 = CARTESIAN_POINT ( 'NONE',  ( 4.000000000000000000, -8.792893218813448500, -1.707106781186551200 ) ) ;
#1147 = CARTESIAN_POINT ( 'NONE',  ( 3.500000000000000400, -8.999999999999996400, -1.500000000000004000 ) ) ;
#1148 = DIRECTION ( 'NONE',  ( 0.0000000000000000000, 1.000000000000000000, 0.0000000000000000000 ) ) ;
#1149 = CARTESIAN_POINT ( 'NONE',  ( 4.000000000000000900, 4.472135954999562700, -4.500000000000000000 ) ) ;
#1150 = CARTESIAN_POINT ( 'NONE',  ( -1.000000000000009800, -3.872983346207423200, 0.0000000000000000000 ) ) ;
#1151 = CARTESIAN_POINT ( 'NONE',  ( 0.7499999999999911200, -4.000000000000008900, 0.0000000000000000000 ) ) ;
#1152 = DIRECTION ( 'NONE',  ( 0.0000000000000000000, 0.0000000000000000000, -1.000000000000000000 ) ) ;
#1153 = CARTESIAN_POINT ( 'NONE',  ( -1.000000000000009800, -3.872983346207422800, 0.06669956561027413900 ) ) ;
#1154 = CARTESIAN_POINT ( 'NONE',  ( -0.9722473651815930500, -3.880331660117486900, 0.1315938085762314300 ) ) ;
#1155 = CARTESIAN_POINT ( 'NONE',  ( 4.000000000000000900, 6.894950114888232000, -2.535182752016495100 ) ) ;
#1156 = CARTESIAN_POINT ( 'NONE',  ( -0.5000000000000088800, -3.968626966596895000, 0.06668584247952277800 ) ) ;
#1157 = CARTESIAN_POINT ( 'NONE',  ( -1.250000000000009300, 4.000000000000008900, 0.0000000000000000000 ) ) ;
#1158 = DIRECTION ( 'NONE',  ( 2.478176394252574700E-016, -1.000000000000000000, -0.0000000000000000000 ) ) ;
#1159 = CARTESIAN_POINT ( 'NONE',  ( 3.999999999999990700, 8.062257748298547400, 0.06950985849412363900 ) ) ;
#1160 = CARTESIAN_POINT ( 'NONE',  ( 4.000000000000000900, 7.481112616743582900, -2.020593537751664400 ) ) ;
#1161 = DIRECTION ( 'NONE',  ( -1.000000000000000000, 0.0000000000000000000, 0.0000000000000000000 ) ) ;
#1162 = CARTESIAN_POINT ( 'NONE',  ( 3.969594296806479700, 8.077439486514714800, 0.1359272839426942100 ) ) ;
#1163 = CARTESIAN_POINT ( 'NONE',  ( 4.000000000000000900, 5.098302035858253600, -4.033283359331782100 ) ) ;
#1164 = CARTESIAN_POINT ( 'NONE',  ( -0.8801887657202341900, -3.902243773563175200, 0.2230733221745675500 ) ) ;
#1165 = CARTESIAN_POINT ( 'NONE',  ( -0.6215755097228988800, -3.951697703511353000, 0.2244909283764807100 ) ) ;
#1166 = CARTESIAN_POINT ( 'NONE',  ( 3.875931677511513600, 8.122798850815426500, 0.2254752631866921200 ) ) ;
#1167 = DIRECTION ( 'NONE',  ( 0.0000000000000000000, 0.0000000000000000000, -1.000000000000000000 ) ) ;
#1168 = CARTESIAN_POINT ( 'NONE',  ( 4.000000000000000900, 8.062257748298543800, 0.0000000000000000000 ) ) ;
#1169 = CARTESIAN_POINT ( 'NONE',  ( -0.5272563827132817900, -3.965384163118661500, 0.1314317601810673100 ) ) ;
#1170 = CARTESIAN_POINT ( 'NONE',  ( 3.813732896497523700, 8.152312440309813700, 0.2497371357354934700 ) ) ;
#1171 = CARTESIAN_POINT ( 'NONE',  ( 3.688346276870120300, 8.209802584237689200, 0.2502585412839267200 ) ) ;
#1172 = CARTESIAN_POINT ( 'NONE',  ( -0.6864509472267579200, -3.941208273601742600, 0.2502922445230384400 ) ) ;
#1173 = CARTESIAN_POINT ( 'NONE',  ( 4.000000000000000000, 5.703257493405086400, -3.541183811663110200 ) ) ;
#1174 = CARTESIAN_POINT ( 'NONE',  ( -0.8158279597969642100, -3.916473196495650700, 0.2497025620327681700 ) ) ;
#1175 = CARTESIAN_POINT ( 'NONE',  ( 4.000000000000000900, 8.062257748298543800, -1.500000000000003600 ) ) ;
#1176 = CARTESIAN_POINT ( 'NONE',  ( -0.5000000000000097700, -3.968626966596894100, 0.0000000000000000000 ) ) ;
#1177 = CARTESIAN_POINT ( 'NONE',  ( -1.000000000000008900, -8.944271909999152100, -1.530808498934194000E-017 ) ) ;
#1178 = DIRECTION ( 'NONE',  ( 2.478176394252574700E-016, -1.000000000000000000, -0.0000000000000000000 ) ) ;
#1179 = CARTESIAN_POINT ( 'NONE',  ( 0.0000000000000000000, 0.0000000000000000000, 20.00000000000000000 ) ) ;
#1180 = DIRECTION ( 'NONE',  ( -0.0000000000000000000, -1.000000000000000000, -0.0000000000000000000 ) ) ;
#1181 = DIRECTION ( 'NONE',  ( 0.0000000000000000000, 1.000000000000000000, 0.0000000000000000000 ) ) ;
#1182 = CARTESIAN_POINT ( 'NONE',  ( 3.686224026088469300, -3.965850375554292700, 0.2445545432019433100 ) ) ;
#1183 = CARTESIAN_POINT ( 'NONE',  ( 3.886684299986377300, -3.827058363004050000, 0.2189365893918620900 ) ) ;
#1184 = DIRECTION ( 'NONE',  ( 0.0000000000000000000, 0.0000000000000000000, -1.000000000000000000 ) ) ;
#1185 = CARTESIAN_POINT ( 'NONE',  ( 3.499999999999991100, 8.291561975888500400, -1.530808498934194000E-017 ) ) ;
#1186 = CARTESIAN_POINT ( 'NONE',  ( 3.625782209120812300, 8.237500956100534600, 0.2267574276689503800 ) ) ;
#1187 = CARTESIAN_POINT ( 'NONE',  ( -0.5267703854698537700, -8.984693141324724400, 0.1304991105899516700 ) ) ;
#1188 = CARTESIAN_POINT ( 'NONE',  ( 3.794948828123846600, -3.905743969708850700, 0.2480091930949895900 ) ) ;
#1189 = CARTESIAN_POINT ( 'NONE',  ( 3.986452820883395800, -3.635267975935061500, 0.09575424162710401100 ) ) ;
#1190 = DIRECTION ( 'NONE',  ( 0.0000000000000000000, 0.0000000000000000000, 1.000000000000000000 ) ) ;
#1191 = CARTESIAN_POINT ( 'NONE',  ( 3.499999999999991100, -4.000000000000019500, 0.0000000000000000000 ) ) ;
#1192 = CARTESIAN_POINT ( 'NONE',  ( -0.9727705586615697000, -8.947394377482549300, 0.1308421234904302800 ) ) ;
#1193 = CARTESIAN_POINT ( 'NONE',  ( -0.8154584632396266700, -8.963219058478634000, 0.2499078310922584500 ) ) ;
#1194 = CARTESIAN_POINT ( 'NONE',  ( 3.544555861296078800, -4.002983645670097300, 0.1644085681947079800 ) ) ;
#1195 = CARTESIAN_POINT ( 'NONE',  ( -0.8805550075869352800, -8.956939856034463100, 0.2229389447356524600 ) ) ;
#1196 = CARTESIAN_POINT ( 'NONE',  ( 3.499999999999990700, -4.000000000000008900, 0.08373786527088507300 ) ) ;
#1197 = CARTESIAN_POINT ( 'NONE',  ( 3.930354220163676100, -3.764062525637957200, 0.1804194184738723300 ) ) ;
#1198 = CARTESIAN_POINT ( 'NONE',  ( 1.499999999999991100, 9.707106781186555000, 0.0000000000000000000 ) ) ;
#1199 = DIRECTION ( 'NONE',  ( 1.000000000000000000, 0.0000000000000000000, 0.0000000000000000000 ) ) ;
#1200 = CARTESIAN_POINT ( 'NONE',  ( 3.500000000000008000, -4.000000000000008900, 1.500000000000000400 ) ) ;
#1201 = CARTESIAN_POINT ( 'NONE',  ( -1.000000000000009800, -8.944271909999150300, 0.06618204159966120700 ) ) ;
#1202 = DIRECTION ( 'NONE',  ( 0.0000000000000000000, -1.000000000000000000, 0.0000000000000000000 ) ) ;
#1203 = DIRECTION ( 'NONE',  ( 0.0000000000000000000, -1.000000000000000000, 0.0000000000000000000 ) ) ;
#1204 = DIRECTION ( 'NONE',  ( -1.000000000000000000, 0.0000000000000000000, 0.0000000000000000000 ) ) ;
#1205 = DIRECTION ( 'NONE',  ( 0.0000000000000000000, 0.0000000000000000000, -1.000000000000000000 ) ) ;
#1206 = CARTESIAN_POINT ( 'NONE',  ( 3.530095976209425900, 8.278957725975189400, 0.1359823918551992800 ) ) ;
#1207 = CARTESIAN_POINT ( 'NONE',  ( 3.647634240400674500, -3.979007906206337300, 0.2317447283490219100 ) ) ;
#1208 = CARTESIAN_POINT ( 'NONE',  ( -2.500000000000009800, 9.707106781186555000, 0.0000000000000000000 ) ) ;
#1209 = DIRECTION ( 'NONE',  ( -0.0000000000000000000, 1.000000000000000000, -0.0000000000000000000 ) ) ;
#1210 = CARTESIAN_POINT ( 'NONE',  ( 4.000000000000000900, -8.999999999999996400, 0.0000000000000000000 ) ) ;
#1211 = CARTESIAN_POINT ( 'NONE',  ( 4.000000000000000000, -3.567405865757202300, 0.04766282974908248000 ) ) ;
#1212 = CARTESIAN_POINT ( 'NONE',  ( -0.5000000000000088800, -8.986100377805708900, 0.06617909748395764400 ) ) ;
#1213 = CARTESIAN_POINT ( 'NONE',  ( -3.999999999999999100, 8.500000000000000000, -2.000000000000005300 ) ) ;
#1214 = CARTESIAN_POINT ( 'NONE',  ( -3.500000000000009800, 9.707106781186555000, 0.0000000000000000000 ) ) ;
#1215 = DIRECTION ( 'NONE',  ( -0.0000000000000000000, 1.000000000000000000, -0.0000000000000000000 ) ) ;
#1216 = CARTESIAN_POINT ( 'NONE',  ( 3.499999999999990200, 8.291561975888500400, 0.06954202701619580100 ) ) ;
#1217 = CARTESIAN_POINT ( 'NONE',  ( 3.249999999999990700, -8.999999999999996400, 0.0000000000000000000 ) ) ;
#1218 = CARTESIAN_POINT ( 'NONE',  ( -0.6852474652142633800, -8.974113009482398000, 0.2500916705725119700 ) ) ;
#1219 = CARTESIAN_POINT ( 'NONE',  ( -1.750000000000009300, 4.000000000000008000, 0.0000000000000000000 ) ) ;
#1220 = CARTESIAN_POINT ( 'NONE',  ( -0.6203429554095040200, -8.978717753691190900, 0.2237197565171791800 ) ) ;
#1221 = CARTESIAN_POINT ( 'NONE',  ( -4.000000000000000000, 8.792893218813455600, -1.707106781186552600 ) ) ;
#1222 = CARTESIAN_POINT ( 'NONE',  ( 3.759936019636707500, -3.929102815176150000, 0.2525382643538459100 ) ) ;
#1223 = CARTESIAN_POINT ( 'NONE',  ( 4.000000000000000900, -3.500000000000008400, 0.0000000000000000000 ) ) ;
#1224 = CARTESIAN_POINT ( 'NONE',  ( -3.999999999999999100, -8.999999999999996400, 0.0000000000000000000 ) ) ;
#1225 = CARTESIAN_POINT ( 'NONE',  ( -3.792893218813452500, 9.000000000000003600, -1.500000000000004700 ) ) ;
#1226 = CARTESIAN_POINT ( 'NONE',  ( -3.499999999999999100, 9.000000000000003600, -1.500000000000004000 ) ) ;
#1227 = CARTESIAN_POINT ( 'NONE',  ( -0.5000000000000088800, -8.986100377805708900, -1.530808498934194000E-017 ) ) ;
#1228 = CARTESIAN_POINT ( 'NONE',  ( -3.314218312147919800, -8.367829228353111000, 0.2497673286216536800 ) ) ;
#1229 = CARTESIAN_POINT ( 'NONE',  ( -3.500000000000009300, -8.291561975888491500, -1.530808498934194000E-017 ) ) ;
#1230 = DIRECTION ( 'NONE',  ( 0.0000000000000000000, 0.0000000000000000000, 1.000000000000000000 ) ) ;
#1231 = CARTESIAN_POINT ( 'NONE',  ( 2.999999999999990200, 8.485281374238567800, 0.06856098072592527200 ) ) ;
#1232 = CARTESIAN_POINT ( 'NONE',  ( 4.000000000000000900, 8.062257748298543800, 1.500000000000000400 ) ) ;
#1233 = CARTESIAN_POINT ( 'NONE',  ( -3.500000000000008900, -8.291561975888491500, 0.06854973256602649200 ) ) ;
#1234 = CARTESIAN_POINT ( 'NONE',  ( -3.377245060402104500, -8.342467026524573700, 0.2247579302116491700 ) ) ;
#1235 = DIRECTION ( 'NONE',  ( 0.0000000000000000000, 0.0000000000000000000, -1.000000000000000000 ) ) ;
#1236 = CARTESIAN_POINT ( 'NONE',  ( -0.7500000000000093300, 4.000000000000008900, 0.0000000000000000000 ) ) ;
#1237 = DIRECTION ( 'NONE',  ( -1.000000000000000000, 0.0000000000000000000, 0.0000000000000000000 ) ) ;
#1238 = CARTESIAN_POINT ( 'NONE',  ( 3.499999999999990700, 8.291561975888500400, 0.06854973256602631100 ) ) ;
#1239 = CARTESIAN_POINT ( 'NONE',  ( 3.377245060402087600, 8.342467026524579100, 0.2247579302116490800 ) ) ;
#1240 = DIRECTION ( 'NONE',  ( 0.0000000000000000000, -1.000000000000000000, 0.0000000000000000000 ) ) ;
#1241 = CARTESIAN_POINT ( 'NONE',  ( 1.999999999999990500, 9.707106781186555000, 0.0000000000000000000 ) ) ;
#1242 = CARTESIAN_POINT ( 'NONE',  ( 0.2499999999999906700, -8.999999999999996400, 0.0000000000000000000 ) ) ;
#1243 = DIRECTION ( 'NONE',  ( 0.0000000000000000000, 0.0000000000000000000, -1.000000000000000000 ) ) ;
#1244 = CARTESIAN_POINT ( 'NONE',  ( -3.124319462320164700, -8.440449803321909500, 0.2259731052288946600 ) ) ;
#1245 = CARTESIAN_POINT ( 'NONE',  ( -3.000000000000009300, -8.485281374238562400, 0.06856098072592516100 ) ) ;
#1246 = CARTESIAN_POINT ( 'NONE',  ( -3.029130753007871500, -8.475077100900700000, 0.1344478247180288000 ) ) ;
#1247 = CARTESIAN_POINT ( 'NONE',  ( -3.500000000000009800, 4.000000000000008900, 1.500000000000000400 ) ) ;
#1248 = DIRECTION ( 'NONE',  ( 0.0000000000000000000, -1.000000000000000000, 0.0000000000000000000 ) ) ;
#1249 = DIRECTION ( 'NONE',  ( 2.478176394252574700E-016, -1.000000000000000000, -0.0000000000000000000 ) ) ;
#1250 = CARTESIAN_POINT ( 'NONE',  ( 3.470468265567195200, 8.304118875856197200, 0.1345406127068934100 ) ) ;
#1251 = DIRECTION ( 'NONE',  ( -0.0000000000000000000, -0.0000000000000000000, -1.000000000000000000 ) ) ;
#1252 = DIRECTION ( 'NONE',  ( 0.0000000000000000000, 0.0000000000000000000, -1.000000000000000000 ) ) ;
#1253 = CARTESIAN_POINT ( 'NONE',  ( 3.314218312147901200, 8.367829228353118200, 0.2497673286216536800 ) ) ;
#1254 = CARTESIAN_POINT ( 'NONE',  ( 3.499999999999991100, 8.291561975888500400, -1.530808498934194000E-017 ) ) ;
#1255 = CARTESIAN_POINT ( 'NONE',  ( -3.187606200599102800, -8.416874462967792100, 0.2502293425205026100 ) ) ;
#1256 = CARTESIAN_POINT ( 'NONE',  ( 2.999999999999991600, 8.485281374238567800, -1.530808498934194000E-017 ) ) ;
#1257 = CARTESIAN_POINT ( 'NONE',  ( -3.999999999999999100, -8.062257748298543800, 1.500000000000000400 ) ) ;
#1258 = DIRECTION ( 'NONE',  ( 0.0000000000000000000, 1.000000000000000000, 0.0000000000000000000 ) ) ;
#1259 = DIRECTION ( 'NONE',  ( -0.0000000000000000000, 1.000000000000000000, -0.0000000000000000000 ) ) ;
#1260 = CARTESIAN_POINT ( 'NONE',  ( 2.999999999999991600, 8.485281374238567800, -1.530808498934194000E-017 ) ) ;
#1261 = CARTESIAN_POINT ( 'NONE',  ( 3.124319462320146900, 8.440449803321920200, 0.2259731052288948000 ) ) ;
#1262 = CARTESIAN_POINT ( 'NONE',  ( -3.470468265567214800, -8.304118875856188400, 0.1345406127068933500 ) ) ;
#1263 = DIRECTION ( 'NONE',  ( -0.0000000000000000000, 1.000000000000000000, -0.0000000000000000000 ) ) ;
#1264 = CARTESIAN_POINT ( 'NONE',  ( 2.249999999999990700, -4.000000000000008900, 0.0000000000000000000 ) ) ;
#1265 = CARTESIAN_POINT ( 'NONE',  ( -3.000000000000009300, -8.485281374238562400, -1.818415386831156700E-016 ) ) ;
#1266 = CARTESIAN_POINT ( 'NONE',  ( -1.500000000000009800, 9.707106781186555000, 0.0000000000000000000 ) ) ;
#1267 = CARTESIAN_POINT ( 'NONE',  ( 3.187606200599085100, 8.416874462967802700, 0.2502293425205025500 ) ) ;
#1268 = CARTESIAN_POINT ( 'NONE',  ( -3.500000000000009800, 9.707106781186555000, 0.0000000000000000000 ) ) ;
#1269 = CARTESIAN_POINT ( 'NONE',  ( 3.029130753007853300, 8.475077100900708900, 0.1344478247180293500 ) ) ;
#1270 = CARTESIAN_POINT ( 'NONE',  ( 2.528363994100465600, 8.637697598005734900, 0.1332007823070010000 ) ) ;
#1271 = CARTESIAN_POINT ( 'NONE',  ( -2.250000000000009300, 4.000000000000008000, 0.0000000000000000000 ) ) ;
#1272 = DIRECTION ( 'NONE',  ( -1.000000000000000000, 0.0000000000000000000, 0.0000000000000000000 ) ) ;
#1273 = CARTESIAN_POINT ( 'NONE',  ( 2.999999999999991100, 8.485281374238567800, 0.06778570017959946500 ) ) ;
#1274 = CARTESIAN_POINT ( 'NONE',  ( 2.971185531944275500, 8.495555743145477100, 0.1333916650499492600 ) ) ;
#1275 = DIRECTION ( 'NONE',  ( 2.478176394252574700E-016, -1.000000000000000000, -0.0000000000000000000 ) ) ;
#1276 = CARTESIAN_POINT ( 'NONE',  ( 2.878314705757822400, 8.527468282247976800, 0.2241689365914800700 ) ) ;
#1277 = CARTESIAN_POINT ( 'NONE',  ( 2.686957970744462600, 8.589805114155654000, 0.2502016416188974600 ) ) ;
#1278 = CARTESIAN_POINT ( 'NONE',  ( 2.814631268676718500, 8.548821313906913100, 0.2497958326927869900 ) ) ;
#1279 = CARTESIAN_POINT ( 'NONE',  ( 2.623107418130447700, 8.609399035600960200, 0.2253069909806906500 ) ) ;
#1280 = CARTESIAN_POINT ( 'NONE',  ( 2.499999999999991100, 8.645808232895289400, 0.06778611371640733100 ) ) ;
#1281 = CARTESIAN_POINT ( 'NONE',  ( 2.499999999999991100, 8.645808232895289400, -1.530808498934194000E-017 ) ) ;
#1282 = CARTESIAN_POINT ( 'NONE',  ( -3.000000000000009800, 9.707106781186555000, 0.0000000000000000000 ) ) ;
#1283 = CARTESIAN_POINT ( 'NONE',  ( 0.9999999999999902300, 3.872983346207428600, 0.0000000000000000000 ) ) ;
#1284 = CARTESIAN_POINT ( 'NONE',  ( 4.000000000000000000, 0.0000000000000000000, 1.500000000000000400 ) ) ;
#1285 = CARTESIAN_POINT ( 'NONE',  ( 4.000000000000000900, -5.999999999999987600, -4.500000000000000000 ) ) ;
#1286 = CARTESIAN_POINT ( 'NONE',  ( -3.500000000000009800, -1.936491673103710300, 0.0000000000000000000 ) ) ;
#1287 = CARTESIAN_POINT ( 'NONE',  ( -1.000000000000008900, -8.944271909999152100, -1.530808498934194000E-017 ) ) ;
#1288 = CARTESIAN_POINT ( 'NONE',  ( 4.000000000000000900, 0.0000000000000000000, 0.0000000000000000000 ) ) ;
#1289 = CARTESIAN_POINT ( 'NONE',  ( -3.999999999999999100, -4.472135954999565400, -4.500000000000000000 ) ) ;
#1290 = CARTESIAN_POINT ( 'NONE',  ( 0.0000000000000000000, -8.999999999999996400, 0.0000000000000000000 ) ) ;
#1291 = CARTESIAN_POINT ( 'NONE',  ( 2.499999999999991100, -8.999999999999996400, 0.0000000000000000000 ) ) ;
#1292 = CARTESIAN_POINT ( 'NONE',  ( 3.200000000000001500, 4.408728476930477600E-016, 20.00000000000000000 ) ) ;
#1293 = CARTESIAN_POINT ( 'NONE',  ( -3.200000000000001500, 0.0000000000000000000, 20.00000000000000000 ) ) ;
#1294 = CARTESIAN_POINT ( 'NONE',  ( -3.999999999999999100, 8.500000000000001800, 0.0000000000000000000 ) ) ;
#1295 = CARTESIAN_POINT ( 'NONE',  ( 0.4999999999999906700, 3.968626966596896700, 4.592425496802581000E-017 ) ) ;
#1296 = CARTESIAN_POINT ( 'NONE',  ( -4.000000000000008900, 0.0000000000000000000, 1.500000000000000400 ) ) ;
#1297 = CARTESIAN_POINT ( 'NONE',  ( 0.0000000000000000000, 4.000000000000008900, 1.500000000000000400 ) ) ;
#1298 = CARTESIAN_POINT ( 'NONE',  ( -4.000000000000009800, 3.500000000000008900, 1.500000000000000400 ) ) ;
#1299 = CARTESIAN_POINT ( 'NONE',  ( -0.5000000000000088800, 9.000000000000003600, 0.0000000000000000000 ) ) ;
#1300 = CARTESIAN_POINT ( 'NONE',  ( 0.0000000000000000000, 9.000000000000003600, 0.0000000000000000000 ) ) ;
#1301 = CARTESIAN_POINT ( 'NONE',  ( 0.4999999999999911200, 8.986100377805710700, 0.0000000000000000000 ) ) ;
#1302 = CARTESIAN_POINT ( 'NONE',  ( 2.999999999999991600, 8.485281374238567800, -1.530808498934194000E-017 ) ) ;
#1303 = CARTESIAN_POINT ( 'NONE',  ( -3.000000000000009800, 4.000000000000008000, 0.0000000000000000000 ) ) ;
#1304 = CARTESIAN_POINT ( 'NONE',  ( -3.999999999999999100, -8.062257748298543800, -1.500000000000003600 ) ) ;
#1305 = CARTESIAN_POINT ( 'NONE',  ( -4.000000000000008900, 0.0000000000000000000, 19.19999999999998900 ) ) ;
#1306 = CARTESIAN_POINT ( 'NONE',  ( 3.500000000000008000, -4.000000000000008900, 1.500000000000000400 ) ) ;
#1307 = CARTESIAN_POINT ( 'NONE',  ( -3.999999999999999100, 8.500000000000000000, -2.000000000000005300 ) ) ;
#1308 = CARTESIAN_POINT ( 'NONE',  ( 1.999999999999990500, 8.774964387392119000, -1.530808498934194000E-017 ) ) ;
#1309 = CARTESIAN_POINT ( 'NONE',  ( 1.499999999999991100, -4.000000000000008900, 0.0000000000000000000 ) ) ;
#1310 = CARTESIAN_POINT ( 'NONE',  ( 1.499999999999991100, 8.874119674649421100, -1.530808498934194000E-017 ) ) ;
#1311 = CARTESIAN_POINT ( 'NONE',  ( 0.4999999999999911200, -4.000000000000008900, 0.0000000000000000000 ) ) ;
#1312 = CARTESIAN_POINT ( 'NONE',  ( 0.9999999999999902300, -4.000000000000008900, 0.0000000000000000000 ) ) ;
#1313 = CARTESIAN_POINT ( 'NONE',  ( -2.000000000000009300, 9.000000000000003600, 0.0000000000000000000 ) ) ;
#1314 = CARTESIAN_POINT ( 'NONE',  ( -2.500000000000009800, 4.000000000000008000, 0.0000000000000000000 ) ) ;
#1315 = CARTESIAN_POINT ( 'NONE',  ( -3.500000000000009800, 4.000000000000008900, 1.500000000000000400 ) ) ;
#1316 = CARTESIAN_POINT ( 'NONE',  ( -1.500000000000008900, 9.000000000000003600, 0.0000000000000000000 ) ) ;
#1317 = CARTESIAN_POINT ( 'NONE',  ( 2.499999999999991100, 8.645808232895289400, -1.530808498934194000E-017 ) ) ;
#1318 = CARTESIAN_POINT ( 'NONE',  ( 4.000000000000000900, -8.499999999999994700, -2.000000000000002700 ) ) ;
#1319 = CARTESIAN_POINT ( 'NONE',  ( -3.500000000000009300, 9.000000000000003600, 4.592425496802592700E-017 ) ) ;
#1320 = CARTESIAN_POINT ( 'NONE',  ( 4.000000000000000900, 8.062257748298543800, -1.500000000000003600 ) ) ;
#1321 = CARTESIAN_POINT ( 'NONE',  ( 4.000000000000000900, 8.062257748298543800, 0.0000000000000000000 ) ) ;
#1322 = CARTESIAN_POINT ( 'NONE',  ( 0.9999999999999915600, 8.944271909999155700, -1.530808498934194000E-017 ) ) ;
#1323 = CARTESIAN_POINT ( 'NONE',  ( 1.999999999999990500, -4.000000000000008900, 0.0000000000000000000 ) ) ;
#1324 = CARTESIAN_POINT ( 'NONE',  ( -2.000000000000009800, 4.000000000000008000, 0.0000000000000000000 ) ) ;
#1325 = CARTESIAN_POINT ( 'NONE',  ( 2.499999999999991100, -4.000000000000008900, 0.0000000000000000000 ) ) ;
#1326 = CARTESIAN_POINT ( 'NONE',  ( -1.500000000000009800, 4.000000000000008000, 0.0000000000000000000 ) ) ;
#1327 = CARTESIAN_POINT ( 'NONE',  ( 4.000000000000008900, 4.898587196589422700E-016, 1.500000000000000400 ) ) ;
#1328 = CARTESIAN_POINT ( 'NONE',  ( 3.367726844811386000, 2.159933588536785200, 0.2277231971549696100 ) ) ;
#1329 = CARTESIAN_POINT ( 'NONE',  ( -1.000000000000008900, 9.000000000000003600, 0.0000000000000000000 ) ) ;
#1330 = CARTESIAN_POINT ( 'NONE',  ( -2.500000000000009300, 9.000000000000003600, 0.0000000000000000000 ) ) ;
#1331 = CARTESIAN_POINT ( 'NONE',  ( -4.000000000000008900, 0.0000000000000000000, 1.500000000000000400 ) ) ;
#1332 = CARTESIAN_POINT ( 'NONE',  ( -3.499999999999999100, 9.000000000000003600, -1.500000000000004000 ) ) ;
#1333 = CARTESIAN_POINT ( 'NONE',  ( 2.999999999999990700, -4.000000000000008900, 0.0000000000000000000 ) ) ;
#1334 = DIRECTION ( 'NONE',  ( 0.0000000000000000000, 0.0000000000000000000, -1.000000000000000000 ) ) ;
#1335 = CARTESIAN_POINT ( 'NONE',  ( 0.0000000000000000000, 9.000000000000003600, -1.500000000000004000 ) ) ;
#1336 = CARTESIAN_POINT ( 'NONE',  ( 3.213449229650238600, 2.383684231057984400, 0.2528066616425895300 ) ) ;
#1337 = CARTESIAN_POINT ( 'NONE',  ( 3.486621420907396500, 1.960763868045639600, 0.08798287332561380300 ) ) ;
#1338 = CARTESIAN_POINT ( 'NONE',  ( 3.078289732076778600, 2.554575702686591800, 0.1845341205140607900 ) ) ;
#1339 = CARTESIAN_POINT ( 'NONE',  ( 3.013613759367754800, 2.630407931941139300, 0.09045601988053711400 ) ) ;
#1340 = CARTESIAN_POINT ( 'NONE',  ( 2.999999999999989800, 2.645751311064613400, 0.04631612904176675400 ) ) ;
#1341 = CARTESIAN_POINT ( 'NONE',  ( 2.999999999999990700, 2.645751311064614700, 0.0000000000000000000 ) ) ;
#1342 = CARTESIAN_POINT ( 'NONE',  ( 1.123844472657862700, 3.839195957998252000, 0.2258076146418555300 ) ) ;
#1343 = CARTESIAN_POINT ( 'NONE',  ( 0.8801887657202157600, 3.902243773563179600, 0.2230733221745675500 ) ) ;
#1344 = CARTESIAN_POINT ( 'NONE',  ( -0.5000000000000097700, 9.707106781186555000, 0.0000000000000000000 ) ) ;
#1345 = DIRECTION ( 'NONE',  ( -0.0000000000000000000, 1.000000000000000000, -0.0000000000000000000 ) ) ;
#1346 = CARTESIAN_POINT ( 'NONE',  ( -3.000000000000009300, 9.000000000000003600, 0.0000000000000000000 ) ) ;
#1347 = CARTESIAN_POINT ( 'NONE',  ( 1.028460554318489000, 3.865840256767557400, 0.1335086885425366100 ) ) ;
#1348 = CARTESIAN_POINT ( 'NONE',  ( 1.471100906126680400, 3.719987074690469100, 0.1333837952467785700 ) ) ;
#1349 = CARTESIAN_POINT ( 'NONE',  ( 3.499999999999991100, 1.936491673103745800, 0.0000000000000000000 ) ) ;
#1350 = CARTESIAN_POINT ( 'NONE',  ( 1.188080981371922400, 3.820074898827165100, 0.2504661745239448200 ) ) ;
#1351 = CARTESIAN_POINT ( 'NONE',  ( 3.499999999999991600, 1.936491673103743100, 0.04645730814035518900 ) ) ;
#1352 = CARTESIAN_POINT ( 'NONE',  ( 3.499999999999991100, 8.291561975888500400, -1.530808498934194000E-017 ) ) ;
#1353 = DIRECTION ( 'NONE',  ( 1.000000000000000000, 2.478176394252574700E-016, -0.0000000000000000000 ) ) ;
#1354 = CARTESIAN_POINT ( 'NONE',  ( 3.453267324158519000, 2.018927603175176200, 0.1497099788267366200 ) ) ;
#1355 = CARTESIAN_POINT ( 'NONE',  ( 0.9722473651815748400, 3.880331660117490900, 0.1315938085762314000 ) ) ;
#1356 = CARTESIAN_POINT ( 'NONE',  ( 3.318067618311664200, 2.235762452776630200, 0.2461990380188504900 ) ) ;
#1357 = CARTESIAN_POINT ( 'NONE',  ( -3.500000000000009800, 4.000000000000017800, 0.0000000000000000000 ) ) ;
#1358 = CARTESIAN_POINT ( 'NONE',  ( 0.8158279597969455600, 3.916473196495654300, 0.2497025620327681700 ) ) ;
#1359 = CARTESIAN_POINT ( 'NONE',  ( 0.6864509472267397200, 3.941208273601744400, 0.2502922445230384400 ) ) ;
#1360 = CARTESIAN_POINT ( 'NONE',  ( 4.000000000000000900, -3.500000000000008400, 0.0000000000000000000 ) ) ;
#1361 = CARTESIAN_POINT ( 'NONE',  ( 0.5272563827132632500, 3.965384163118663300, 0.1314317601810670900 ) ) ;
#1362 = CARTESIAN_POINT ( 'NONE',  ( 0.9999999999999902300, 3.872983346207428600, 0.0000000000000000000 ) ) ;
#1363 = CARTESIAN_POINT ( 'NONE',  ( -0.5000000000000097700, 4.000000000000008900, 0.0000000000000000000 ) ) ;
#1364 = CARTESIAN_POINT ( 'NONE',  ( 3.156853401231142400, 2.457880262460298700, 0.2407752938120171200 ) ) ;
#1365 = CARTESIAN_POINT ( 'NONE',  ( 1.499999999999991100, 3.708099243547844400, 0.0000000000000000000 ) ) ;
#1366 = CARTESIAN_POINT ( 'NONE',  ( 0.6215755097228803400, 3.951697703511356500, 0.2244909283764805200 ) ) ;
#1367 = CARTESIAN_POINT ( 'NONE',  ( 1.315627767616035900, 3.778046086011219700, 0.2495200704678012200 ) ) ;
#1368 = CARTESIAN_POINT ( 'NONE',  ( 0.9999999999999915600, 3.872983346207427700, 0.06669956561027400000 ) ) ;
#1369 = CARTESIAN_POINT ( 'NONE',  ( 3.499999999999991100, -4.000000000000019500, 0.0000000000000000000 ) ) ;
#1370 = CARTESIAN_POINT ( 'NONE',  ( 3.432789152813178200, 2.053699816031155000, 0.1728944526055398700 ) ) ;
#1371 = CARTESIAN_POINT ( 'NONE',  ( -1.000000000000009800, 4.000000000000008900, 0.0000000000000000000 ) ) ;
#1372 = CARTESIAN_POINT ( 'NONE',  ( 1.378756870571556900, 3.755192565464867000, 0.2238269773845287800 ) ) ;
#1373 = CARTESIAN_POINT ( 'NONE',  ( 0.0000000000000000000, 4.000000000000008900, 1.500000000000000400 ) ) ;
#1374 = CARTESIAN_POINT ( 'NONE',  ( 3.053024296120698800, 2.584561167077733300, 0.1589380960441118800 ) ) ;
#1375 = DIRECTION ( 'NONE',  ( 0.0000000000000000000, 0.0000000000000000000, -1.000000000000000000 ) ) ;
#1376 = CARTESIAN_POINT ( 'NONE',  ( 0.0000000000000000000, 4.000000000000008900, 1.500000000000000400 ) ) ;
#1377 = DIRECTION ( 'NONE',  ( 0.0000000000000000000, 0.0000000000000000000, -1.000000000000000000 ) ) ;
#1378 = CARTESIAN_POINT ( 'NONE',  ( 0.9999999999999902300, 3.872983346207428600, 0.0000000000000000000 ) ) ;
#1379 = CARTESIAN_POINT ( 'NONE',  ( 4.000000000000000900, -8.499999999999994700, 0.0000000000000000000 ) ) ;
#1380 = CARTESIAN_POINT ( 'NONE',  ( 0.9999999999999900100, 3.872983346207430300, 0.06788472895873216800 ) ) ;
#1381 = CARTESIAN_POINT ( 'NONE',  ( 1.499999999999991300, 3.708099243547844800, 0.06789835146293613000 ) ) ;
#1382 = CARTESIAN_POINT ( 'NONE',  ( 4.000000000000000900, -8.999999999999996400, -4.500000000000000000 ) ) ;
#1383 = DIRECTION ( 'NONE',  ( -0.0000000000000000000, 1.000000000000000000, -0.0000000000000000000 ) ) ;
#1384 = CARTESIAN_POINT ( 'NONE',  ( -0.4728819342249051000, -8.987686777495920200, 0.1306739989050234900 ) ) ;
#1385 = CARTESIAN_POINT ( 'NONE',  ( 0.4999999999999906700, 3.968626966596896700, 4.592425496802581000E-017 ) ) ;
#1386 = CARTESIAN_POINT ( 'NONE',  ( -0.02666697427226406800, -9.000081761818307800, 0.1303062861212357600 ) ) ;
#1387 = DIRECTION ( 'NONE',  ( 0.0000000000000000000, 1.000000000000000000, 0.0000000000000000000 ) ) ;
#1388 = DIRECTION ( 'NONE',  ( 1.000000000000000000, 0.0000000000000000000, 0.0000000000000000000 ) ) ;
#1389 = CARTESIAN_POINT ( 'NONE',  ( -8.889610781433882100E-015, -8.999999999999998200, 0.06607458029627068200 ) ) ;
#1390 = DIRECTION ( 'NONE',  ( 1.000000000000000000, 0.0000000000000000000, 0.0000000000000000000 ) ) ;
#1391 = CARTESIAN_POINT ( 'NONE',  ( 0.0000000000000000000, 0.0000000000000000000, 1.500000000000000400 ) ) ;
#1392 = DIRECTION ( 'NONE',  ( -0.0000000000000000000, -1.000000000000000000, -0.0000000000000000000 ) ) ;
#1393 = CARTESIAN_POINT ( 'NONE',  ( 2.499999999999991100, 3.122498999199217400, 0.0000000000000000000 ) ) ;
#1394 = CARTESIAN_POINT ( 'NONE',  ( -0.2500000000000093300, 9.000000000000003600, 0.0000000000000000000 ) ) ;
#1395 = CARTESIAN_POINT ( 'NONE',  ( -0.5000000000000088800, -8.986100377805708900, -1.530808498934194000E-017 ) ) ;
#1396 = CARTESIAN_POINT ( 'NONE',  ( 0.0000000000000000000, 0.0000000000000000000, 20.00000000000000000 ) ) ;
#1397 = CARTESIAN_POINT ( 'NONE',  ( -0.3154328562580563900, -8.994707133065137600, 0.2499390979363493900 ) ) ;
#1398 = DIRECTION ( 'NONE',  ( 0.0000000000000000000, 0.0000000000000000000, 1.000000000000000000 ) ) ;
#1399 = DIRECTION ( 'NONE',  ( 0.0000000000000000000, 0.0000000000000000000, 1.000000000000000000 ) ) ;
#1400 = CARTESIAN_POINT ( 'NONE',  ( -0.1201057627357511700, -8.999319832781196700, 0.2235729315211385000 ) ) ;
#1401 = CARTESIAN_POINT ( 'NONE',  ( 0.4999999999999907900, 3.968626966596898100, 0.06668584247952275000 ) ) ;
#1402 = DIRECTION ( 'NONE',  ( 0.7071067811865452400, 8.659560562354905700E-017, -0.7071067811865499000 ) ) ;
#1403 = CARTESIAN_POINT ( 'NONE',  ( 2.499999999999991100, 3.122498999199216900, 0.07339152900857931500 ) ) ;
#1404 = CARTESIAN_POINT ( 'NONE',  ( 2.372782262186609300, 3.220771499819452500, 0.2269289752374244200 ) ) ;
#1405 = CARTESIAN_POINT ( 'NONE',  ( 2.314391515071367000, 3.263261653692549800, 0.2489195738818170100 ) ) ;
#1406 = CARTESIAN_POINT ( 'NONE',  ( 2.194289322619105100, 3.345202396587440700, 0.2510050634956502700 ) ) ;
#1407 = CARTESIAN_POINT ( 'NONE',  ( 2.466524625220824200, 3.149558856566413700, 0.1403186743913619200 ) ) ;
#1408 = CARTESIAN_POINT ( 'NONE',  ( 2.133064893349204000, 3.384283371258779200, 0.2306287084020067500 ) ) ;
#1409 = CARTESIAN_POINT ( 'NONE',  ( 2.034404775708091000, 3.444493719662389700, 0.1427659608209674600 ) ) ;
#1410 = DIRECTION ( 'NONE',  ( 1.000000000000000000, 0.0000000000000000000, 0.0000000000000000000 ) ) ;
#1411 = CARTESIAN_POINT ( 'NONE',  ( 0.0000000000000000000, 0.0000000000000000000, 19.19999999999998900 ) ) ;
#1412 = DIRECTION ( 'NONE',  ( -0.0000000000000000000, 1.000000000000000000, -0.0000000000000000000 ) ) ;
#1413 = DIRECTION ( 'NONE',  ( -0.0000000000000000000, -1.000000000000000000, -0.0000000000000000000 ) ) ;
#1414 = CARTESIAN_POINT ( 'NONE',  ( 0.0000000000000000000, -8.999999999999996400, 0.0000000000000000000 ) ) ;
#1415 = CARTESIAN_POINT ( 'NONE',  ( -1.750000000000009300, 9.000000000000003600, 0.0000000000000000000 ) ) ;
#1416 = DIRECTION ( 'NONE',  ( 0.0000000000000000000, 0.0000000000000000000, 1.000000000000000000 ) ) ;
#1417 = CARTESIAN_POINT ( 'NONE',  ( 1.999999999999949800, 3.464101615137924000, 0.07348155353165845800 ) ) ;
#1418 = CARTESIAN_POINT ( 'NONE',  ( -1.000000000000009800, 9.707106781186555000, 0.0000000000000000000 ) ) ;
#1419 = CARTESIAN_POINT ( 'NONE',  ( -0.3806617078871426500, -8.992064701626635100, 0.2228891399007098000 ) ) ;
#1420 = CARTESIAN_POINT ( 'NONE',  ( 3.200000000000001500, 3.918869757271531900E-016, 20.00000000000000000 ) ) ;
#1421 = CARTESIAN_POINT ( 'NONE',  ( 1.999999999999990500, 3.464101615137770400, 0.0000000000000000000 ) ) ;
#1422 = DIRECTION ( 'NONE',  ( -0.7071067811865452400, 0.0000000000000000000, -0.7071067811865499000 ) ) ;
#1423 = CARTESIAN_POINT ( 'NONE',  ( -0.1850333522791533200, -8.998334121100654700, 0.2500606847132041400 ) ) ;
#1424 = CARTESIAN_POINT ( 'NONE',  ( -3.200000000000001500, 0.0000000000000000000, 20.00000000000000000 ) ) ;
#1425 = DIRECTION ( 'NONE',  ( 0.0000000000000000000, 0.0000000000000000000, 1.000000000000000000 ) ) ;
#1426 = DIRECTION ( 'NONE',  ( 0.0000000000000000000, 0.0000000000000000000, -1.000000000000000000 ) ) ;
#1427 = CARTESIAN_POINT ( 'NONE',  ( -0.5000000000000097700, -8.986100377805708900, 0.06607557390410827300 ) ) ;
#1428 = CARTESIAN_POINT ( 'NONE',  ( 1.749999999999990200, -8.999999999999996400, 0.0000000000000000000 ) ) ;
#1429 = CARTESIAN_POINT ( 'NONE',  ( 2.499999999999990700, 3.122498999199218700, 0.07967624913633771000 ) ) ;
#1430 = DIRECTION ( 'NONE',  ( 0.0000000000000000000, -1.000000000000000000, 0.0000000000000000000 ) ) ;
#1431 = CARTESIAN_POINT ( 'NONE',  ( -1.500000000000008900, -3.708099243547839900, 0.06998904638684433400 ) ) ;
#1432 = CARTESIAN_POINT ( 'NONE',  ( -3.530095976209445000, -8.278957725975180500, 0.1359823918551997800 ) ) ;
#1433 = DIRECTION ( 'NONE',  ( 0.0000000000000000000, 0.0000000000000000000, -1.000000000000000000 ) ) ;
#1434 = DIRECTION ( 'NONE',  ( -1.000000000000000000, 0.0000000000000000000, 0.0000000000000000000 ) ) ;
#1435 = CARTESIAN_POINT ( 'NONE',  ( -2.000000000000009800, -3.464101615137759300, 0.0000000000000000000 ) ) ;
#1436 = DIRECTION ( 'NONE',  ( 0.0000000000000000000, 0.0000000000000000000, 1.000000000000000000 ) ) ;
#1437 = CARTESIAN_POINT ( 'NONE',  ( -1.690325725040815000, -3.625965239463199800, 0.2506750530557396700 ) ) ;
#1438 = CARTESIAN_POINT ( 'NONE',  ( 4.000000000000008900, -3.500000000000008900, 1.500000000000000400 ) ) ;
#1439 = DIRECTION ( 'NONE',  ( -0.0000000000000000000, -0.0000000000000000000, -1.000000000000000000 ) ) ;
#1440 = CARTESIAN_POINT ( 'NONE',  ( 2.701020421881459300, 2.951375135951710900, 0.2516318145536669000 ) ) ;
#1441 = CARTESIAN_POINT ( 'NONE',  ( -3.688346276870139400, -8.209802584237680300, 0.2502585412839267700 ) ) ;
#1442 = DIRECTION ( 'NONE',  ( -0.0000000000000000000, -1.000000000000000000, -0.0000000000000000000 ) ) ;
#1443 = CARTESIAN_POINT ( 'NONE',  ( -1.969263020260096700, -3.482070133652944900, 0.1362327387487067800 ) ) ;
#1444 = CARTESIAN_POINT ( 'NONE',  ( -3.500000000000009300, -8.291561975888493300, 0.06954202701619574500 ) ) ;
#1445 = CARTESIAN_POINT ( 'NONE',  ( -3.500000000000009300, -8.291561975888491500, -1.530808498934194000E-017 ) ) ;
#1446 = DIRECTION ( 'NONE',  ( -0.0000000000000000000, -1.000000000000000000, -0.0000000000000000000 ) ) ;
#1447 = CARTESIAN_POINT ( 'NONE',  ( -1.250000000000009300, 9.000000000000003600, 0.0000000000000000000 ) ) ;
#1448 = CARTESIAN_POINT ( 'NONE',  ( 2.999999999999990700, 2.645751311064612900, 0.03983478817382890600 ) ) ;
#1449 = CARTESIAN_POINT ( 'NONE',  ( 0.0000000000000000000, 0.0000000000000000000, -4.500000000000000000 ) ) ;
#1450 = CARTESIAN_POINT ( 'NONE',  ( 2.869190737179546000, 2.787882959563814400, 0.2282169534967818100 ) ) ;
#1451 = CARTESIAN_POINT ( 'NONE',  ( -3.999999999999999100, -8.062257748298543800, 0.0000000000000000000 ) ) ;
#1452 = CARTESIAN_POINT ( 'NONE',  ( 2.814413602472119800, 2.843449065264680400, 0.2481299195679612700 ) ) ;
#1453 = CARTESIAN_POINT ( 'NONE',  ( -1.530583173608600200, -3.695956163870130200, 0.1369719906470209000 ) ) ;
#1454 = CARTESIAN_POINT ( 'NONE',  ( -3.813732896497542300, -8.152312440309804800, 0.2497371357354934700 ) ) ;
#1455 = CARTESIAN_POINT ( 'NONE',  ( -1.627415243859721600, -3.654353081003035400, 0.2277675294845852600 ) ) ;
#1456 = CARTESIAN_POINT ( 'NONE',  ( -1.876308713311524600, -3.533026304882684400, 0.2251260538057249500 ) ) ;
#1457 = CARTESIAN_POINT ( 'NONE',  ( -1.815202060004819800, -3.565089964627040000, 0.2492943896030001000 ) ) ;
#1458 = CARTESIAN_POINT ( 'NONE',  ( -1.500000000000009800, -3.708099243547837300, 0.0000000000000000000 ) ) ;
#1459 = DIRECTION ( 'NONE',  ( 0.0000000000000000000, 0.0000000000000000000, 1.000000000000000000 ) ) ;
#1460 = CARTESIAN_POINT ( 'NONE',  ( -3.875931677511533600, -8.122798850815423000, 0.2254752631866921200 ) ) ;
#1461 = CARTESIAN_POINT ( 'NONE',  ( -3.625782209120831400, -8.237500956100527500, 0.2267574276689506000 ) ) ;
#1462 = CARTESIAN_POINT ( 'NONE',  ( 2.938443713623065400, 2.714163823814804500, 0.1671416142652424100 ) ) ;
#1463 = CARTESIAN_POINT ( 'NONE',  ( 2.641529590956332600, 3.004450824080604900, 0.2345782721701109300 ) ) ;
#1464 = CARTESIAN_POINT ( 'NONE',  ( 2.499999999999991100, 3.122498999199217400, 0.0000000000000000000 ) ) ;
#1465 = CARTESIAN_POINT ( 'NONE',  ( 2.959097470525646800, 2.691520721456768200, 0.1415487917305539300 ) ) ;
#1466 = CARTESIAN_POINT ( 'NONE',  ( 4.000000000000008900, 4.898587196589422700E-016, 1.500000000000000400 ) ) ;
#1467 = DIRECTION ( 'NONE',  ( 0.0000000000000000000, 0.0000000000000000000, -1.000000000000000000 ) ) ;
#1468 = CARTESIAN_POINT ( 'NONE',  ( 3.500000000000000400, -8.999999999999996400, -4.500000000000000000 ) ) ;
#1469 = CARTESIAN_POINT ( 'NONE',  ( -2.000000000000009800, -3.464101615137758800, 0.06997082388823867800 ) ) ;
#1470 = CARTESIAN_POINT ( 'NONE',  ( -3.969594296806497900, -8.077439486514707700, 0.1359272839426942700 ) ) ;
#1471 = CARTESIAN_POINT ( 'NONE',  ( 2.999999999999990700, 2.645751311064614700, 0.0000000000000000000 ) ) ;
#1472 = CARTESIAN_POINT ( 'NONE',  ( 2.540419366616236000, 3.090416278745909300, 0.1512241829962300000 ) ) ;
#1473 = DIRECTION ( 'NONE',  ( 0.0000000000000000000, 0.0000000000000000000, -1.000000000000000000 ) ) ;
#1474 = CARTESIAN_POINT ( 'NONE',  ( -4.000000000000008900, -8.062257748298538500, 0.06950985849412393000 ) ) ;
#1475 = CARTESIAN_POINT ( 'NONE',  ( 0.0000000000000000000, -8.999999999999996400, 1.500000000000000400 ) ) ;
#1476 = CARTESIAN_POINT ( 'NONE',  ( 2.990215999949442000, 2.656906078081949600, 0.07780800722864407400 ) ) ;
#1477 = CARTESIAN_POINT ( 'NONE',  ( -3.000000000000009300, -2.645751311064593800, 0.03983478817382913500 ) ) ;
#1478 = CARTESIAN_POINT ( 'NONE',  ( -0.1853341973172366900, -3.996237480453804100, 0.2501287628380831100 ) ) ;
#1479 = CARTESIAN_POINT ( 'NONE',  ( -2.869190737179565500, -2.787882959563797500, 0.2282169534967819200 ) ) ;
#1480 = CARTESIAN_POINT ( 'NONE',  ( -0.1203341977525938700, -3.998463666002630500, 0.2237286422816034400 ) ) ;
#1481 = CARTESIAN_POINT ( 'NONE',  ( -2.814413602472138500, -2.843449065264660900, 0.2481299195679613800 ) ) ;
#1482 = CARTESIAN_POINT ( 'NONE',  ( -2.701020421881478400, -2.951375135951694900, 0.2516318145536669500 ) ) ;
#1483 = DIRECTION ( 'NONE',  ( 0.0000000000000000000, 0.0000000000000000000, 1.000000000000000000 ) ) ;
#1484 = CARTESIAN_POINT ( 'NONE',  ( 3.656815067581432800, 1.623468659813645900, 0.2346604472464211600 ) ) ;
#1485 = CARTESIAN_POINT ( 'NONE',  ( 3.563739486838787100, 1.817003156619108100, 0.1686211819401636200 ) ) ;
#1486 = CARTESIAN_POINT ( 'NONE',  ( 3.500000000000008000, -3.500000000000008900, 1.500000000000000400 ) ) ;
#1487 = CARTESIAN_POINT ( 'NONE',  ( 4.000000000000000900, -8.999999999999996400, 0.0000000000000000000 ) ) ;
#1488 = DIRECTION ( 'NONE',  ( -0.0000000000000000000, -1.000000000000000000, -0.0000000000000000000 ) ) ;
#1489 = CARTESIAN_POINT ( 'NONE',  ( -0.3156576001081012300, -3.988060060276548600, 0.2498702534988171700 ) ) ;
#1490 = CARTESIAN_POINT ( 'NONE',  ( -3.500000000000009800, 3.500000000000008900, 1.500000000000000400 ) ) ;
#1491 = DIRECTION ( 'NONE',  ( 1.000000000000000000, 0.0000000000000000000, 0.0000000000000000000 ) ) ;
#1492 = CARTESIAN_POINT ( 'NONE',  ( 4.000000000000000900, 0.0000000000000000000, 0.0000000000000000000 ) ) ;
#1493 = DIRECTION ( 'NONE',  ( -0.0000000000000000000, -0.0000000000000000000, -1.000000000000000000 ) ) ;
#1494 = CARTESIAN_POINT ( 'NONE',  ( -8.859964628279981500E-015, -4.000000000000009800, 0.06613935119331239300 ) ) ;
#1495 = CARTESIAN_POINT ( 'NONE',  ( -2.500000000000009800, 9.707106781186555000, 0.0000000000000000000 ) ) ;
#1496 = CARTESIAN_POINT ( 'NONE',  ( 3.817890924179967400, 1.206164198568690200, 0.2460087796120190900 ) ) ;
#1497 = CARTESIAN_POINT ( 'NONE',  ( 3.619409424381458100, 1.704943935608914000, 0.2189758630705909400 ) ) ;
#1498 = DIRECTION ( 'NONE',  ( 0.0000000000000000000, 1.000000000000000000, 0.0000000000000000000 ) ) ;
#1499 = CARTESIAN_POINT ( 'NONE',  ( -0.4728105778061054700, -3.972227931560161600, 0.1307487663227426300 ) ) ;
#1500 = CARTESIAN_POINT ( 'NONE',  ( 3.545008869163961400, 1.853118766852311000, 0.1470591508959727700 ) ) ;
#1501 = CARTESIAN_POINT ( 'NONE',  ( 3.759858800718393700, 1.376680613000361000, 0.2596124661401316100 ) ) ;
#1502 = CARTESIAN_POINT ( 'NONE',  ( -4.000000000000008900, 0.0000000000000000000, 1.500000000000000400 ) ) ;
#1503 = CARTESIAN_POINT ( 'NONE',  ( -0.3807199509797342700, -3.982109604428040800, 0.2228274845997771100 ) ) ;
#1504 = CARTESIAN_POINT ( 'NONE',  ( -9.703609443745264700E-015, -4.000000000000008900, 0.0000000000000000000 ) ) ;
#1505 = DIRECTION ( 'NONE',  ( 0.0000000000000000000, 0.0000000000000000000, -1.000000000000000000 ) ) ;
#1506 = CARTESIAN_POINT ( 'NONE',  ( 0.0000000000000000000, 5.999999999999994700, -4.500000000000000000 ) ) ;
#1507 = CARTESIAN_POINT ( 'NONE',  ( 3.954936150777382100, 0.6949624267918543800, 0.1761225795671023100 ) ) ;
#1508 = CARTESIAN_POINT ( 'NONE',  ( 4.000000000000000000, 0.3461599345370405300, 0.08653846300717731000 ) ) ;
#1509 = CARTESIAN_POINT ( 'NONE',  ( 3.499999999999989800, 1.936491673103744000, 0.04594966878216064100 ) ) ;
#1510 = CARTESIAN_POINT ( 'NONE',  ( -2.990215999949460200, -2.656906078081928200, 0.07780800722864411600 ) ) ;
#1511 = DIRECTION ( 'NONE',  ( 1.000000000000000000, 0.0000000000000000000, 0.0000000000000000000 ) ) ;
#1512 = CARTESIAN_POINT ( 'NONE',  ( -3.000000000000009800, -2.645751311064592900, 0.0000000000000000000 ) ) ;
#1513 = DIRECTION ( 'NONE',  ( -0.0000000000000000000, -1.000000000000000000, -0.0000000000000000000 ) ) ;
#1514 = DIRECTION ( 'NONE',  ( -0.0000000000000000000, -0.0000000000000000000, -1.000000000000000000 ) ) ;
#1515 = DIRECTION ( 'NONE',  ( 1.000000000000000000, 0.0000000000000000000, 0.0000000000000000000 ) ) ;
#1516 = DIRECTION ( 'NONE',  ( -0.0000000000000000000, 1.000000000000000000, -0.0000000000000000000 ) ) ;
#1517 = CARTESIAN_POINT ( 'NONE',  ( -0.02671225773348090100, -4.000184803578295400, 0.1304235784018822100 ) ) ;
#1518 = CARTESIAN_POINT ( 'NONE',  ( -2.959097470525664500, -2.691520721456747800, 0.1415487917305540100 ) ) ;
#1519 = CARTESIAN_POINT ( 'NONE',  ( -0.7500000000000093300, 9.000000000000003600, 0.0000000000000000000 ) ) ;
#1520 = CARTESIAN_POINT ( 'NONE',  ( 3.513263576309983500, 1.912620215799507400, 0.08719875734289142500 ) ) ;
#1521 = CARTESIAN_POINT ( 'NONE',  ( 3.499999999999991100, 1.936491673103745800, 0.0000000000000000000 ) ) ;
#1522 = CARTESIAN_POINT ( 'NONE',  ( -2.938443713623085400, -2.714163823814784500, 0.1671416142652424900 ) ) ;
#1523 = DIRECTION ( 'NONE',  ( 0.0000000000000000000, 0.0000000000000000000, 1.000000000000000000 ) ) ;
#1524 = CARTESIAN_POINT ( 'NONE',  ( -0.5000000000000097700, -3.968626966596894100, 0.0000000000000000000 ) ) ;
#1525 = CARTESIAN_POINT ( 'NONE',  ( -0.5000000000000096600, -3.968626966596895000, 0.06614434547783112900 ) ) ;
#1526 = CARTESIAN_POINT ( 'NONE',  ( -3.250000000000009300, 9.000000000000003600, 0.0000000000000000000 ) ) ;
#1527 = CARTESIAN_POINT ( 'NONE',  ( -3.759858800718400800, -1.376680613000343300, 0.2596124661401315600 ) ) ;
#1528 = CARTESIAN_POINT ( 'NONE',  ( -3.000000000000009800, -2.645751311064592900, 0.0000000000000000000 ) ) ;
#1529 = CARTESIAN_POINT ( 'NONE',  ( -2.471763911081084100, -8.654056545902621500, 0.1324596992158726400 ) ) ;
#1530 = CARTESIAN_POINT ( 'NONE',  ( -2.379164783531762400, -8.679970418417628500, 0.2236990453031245100 ) ) ;
#1531 = CARTESIAN_POINT ( 'NONE',  ( -9.703609443745264700E-015, 9.707106781186555000, 0.0000000000000000000 ) ) ;
#1532 = CARTESIAN_POINT ( 'NONE',  ( -3.486621420907414200, -1.960763868045606300, 0.08798287332561378900 ) ) ;
#1533 = CARTESIAN_POINT ( 'NONE',  ( -3.453267324158537700, -2.018927603175145500, 0.1497099788267365900 ) ) ;
#1534 = CARTESIAN_POINT ( 'NONE',  ( -2.000000000000008900, -8.774964387392115500, 0.06718183790039758400 ) ) ;
#1535 = DIRECTION ( 'NONE',  ( 0.0000000000000000000, -1.000000000000000000, 0.0000000000000000000 ) ) ;
#1536 = CARTESIAN_POINT ( 'NONE',  ( -3.156853401231162900, -2.457880262460275100, 0.2407752938120177300 ) ) ;
#1537 = CARTESIAN_POINT ( 'NONE',  ( -3.013613759367772500, -2.630407931941118000, 0.09045601988053779400 ) ) ;
#1538 = DIRECTION ( 'NONE',  ( -0.0000000000000000000, 1.000000000000000000, -0.0000000000000000000 ) ) ;
#1539 = CARTESIAN_POINT ( 'NONE',  ( -3.500000000000011100, -1.936491673103709800, 0.04645730814035564600 ) ) ;
#1540 = CARTESIAN_POINT ( 'NONE',  ( -3.999999999999999100, 0.0000000000000000000, 0.0000000000000000000 ) ) ;
#1541 = CARTESIAN_POINT ( 'NONE',  ( -3.367726844811404600, -2.159933588536755400, 0.2277231971549694400 ) ) ;
#1542 = CARTESIAN_POINT ( 'NONE',  ( -2.000000000000009300, -8.774964387392115500, -1.530808498934194000E-017 ) ) ;
#1543 = CARTESIAN_POINT ( 'NONE',  ( 3.500000000000008000, -4.000000000000008900, 1.500000000000000400 ) ) ;
#1544 = CARTESIAN_POINT ( 'NONE',  ( 1.499999999999991100, 8.874119674649421100, -1.530808498934194000E-017 ) ) ;
#1545 = DIRECTION ( 'NONE',  ( -1.000000000000000000, 0.0000000000000000000, 0.0000000000000000000 ) ) ;
#1546 = DIRECTION ( 'NONE',  ( 0.0000000000000000000, 0.0000000000000000000, -1.000000000000000000 ) ) ;
#1547 = CARTESIAN_POINT ( 'NONE',  ( -2.500000000000009800, -3.122498999199203200, 0.0000000000000000000 ) ) ;
#1548 = CARTESIAN_POINT ( 'NONE',  ( -2.314967176040163600, -8.697432671097301300, 0.2498233737370820800 ) ) ;
#1549 = DIRECTION ( 'NONE',  ( -0.0000000000000000000, -1.000000000000000000, -0.0000000000000000000 ) ) ;
#1550 = CARTESIAN_POINT ( 'NONE',  ( -2.027764613805104400, -8.768724046659890800, 0.1322061333257114600 ) ) ;
#1551 = CARTESIAN_POINT ( 'NONE',  ( -3.053024296120718800, -2.584561167077712000, 0.1589380960441126300 ) ) ;
#1552 = CARTESIAN_POINT ( 'NONE',  ( -4.000000000000011500, -0.3461599345266068700, 0.08653846304896867200 ) ) ;
#1553 = CARTESIAN_POINT ( 'NONE',  ( -2.500000000000009300, -8.645808232895284100, -1.530808498934194000E-017 ) ) ;
#1554 = CARTESIAN_POINT ( 'NONE',  ( -3.817890924179972300, -1.206164198568676400, 0.2460087796120223300 ) ) ;
#1555 = DIRECTION ( 'NONE',  ( -0.0000000000000000000, -0.0000000000000000000, -1.000000000000000000 ) ) ;
#1556 = CARTESIAN_POINT ( 'NONE',  ( 0.0000000000000000000, 9.000000000000003600, 1.500000000000000400 ) ) ;
#1557 = CARTESIAN_POINT ( 'NONE',  ( -3.500000000000009800, -1.936491673103710300, 0.0000000000000000000 ) ) ;
#1558 = CARTESIAN_POINT ( 'NONE',  ( -3.318067618311683300, -2.235762452776601400, 0.2461990380188501200 ) ) ;
#1559 = CARTESIAN_POINT ( 'NONE',  ( -2.122121107548422500, -8.746367974214727800, 0.2247532367542012000 ) ) ;
#1560 = CARTESIAN_POINT ( 'NONE',  ( -3.213449229650258600, -2.383684231057959600, 0.2528066616425897500 ) ) ;
#1561 = CARTESIAN_POINT ( 'NONE',  ( -3.000000000000009800, 9.707106781186555000, 0.0000000000000000000 ) ) ;
#1562 = CARTESIAN_POINT ( 'NONE',  ( -3.078289732076799000, -2.554575702686569600, 0.1845341205140616500 ) ) ;
#1563 = CARTESIAN_POINT ( 'NONE',  ( -2.540419366616254700, -3.090416278745895100, 0.1512241829962308900 ) ) ;
#1564 = CARTESIAN_POINT ( 'NONE',  ( -2.500000000000008900, -3.122498999199204900, 0.07967624913633809800 ) ) ;
#1565 = CARTESIAN_POINT ( 'NONE',  ( -3.000000000000009800, -2.645751311064593800, 0.04631612904176653900 ) ) ;
#1566 = DIRECTION ( 'NONE',  ( -0.0000000000000000000, 1.000000000000000000, -0.0000000000000000000 ) ) ;
#1567 = CARTESIAN_POINT ( 'NONE',  ( -2.500000000000010200, -8.645808232895284100, 0.06718614034791972600 ) ) ;
#1568 = CARTESIAN_POINT ( 'NONE',  ( -2.186399354869624100, -8.730639492926030700, 0.2501747588527045200 ) ) ;
#1569 = CARTESIAN_POINT ( 'NONE',  ( 1.499999999999991100, 9.707106781186555000, 0.0000000000000000000 ) ) ;
#1570 = CARTESIAN_POINT ( 'NONE',  ( -3.432789152813196400, -2.053699816031123500, 0.1728944526055399600 ) ) ;
#1571 = CARTESIAN_POINT ( 'NONE',  ( -2.250000000000009300, 9.000000000000003600, 0.0000000000000000000 ) ) ;
#1572 = CARTESIAN_POINT ( 'NONE',  ( 2.749999999999991100, -8.999999999999996400, 0.0000000000000000000 ) ) ;
#1573 = DIRECTION ( 'NONE',  ( 0.0000000000000000000, 0.0000000000000000000, 1.000000000000000000 ) ) ;
#1574 = DIRECTION ( 'NONE',  ( 0.0000000000000000000, -1.000000000000000000, 0.0000000000000000000 ) ) ;
#1575 = CARTESIAN_POINT ( 'NONE',  ( -1.500000000000009800, -3.708099243547837300, 0.0000000000000000000 ) ) ;
#1576 = CARTESIAN_POINT ( 'NONE',  ( -2.641529590956351600, -3.004450824080588500, 0.2345782721701114300 ) ) ;
#1577 = CARTESIAN_POINT ( 'NONE',  ( -3.954936150777382600, -0.6949624267918549400, 0.1761225795671205500 ) ) ;
#1578 = CARTESIAN_POINT ( 'NONE',  ( -1.500000000000009800, -3.708099243547837300, 0.06789835146293622700 ) ) ;
#1579 = CARTESIAN_POINT ( 'NONE',  ( 1.315386182223722700, 8.903597970016344100, 0.2498786074319547000 ) ) ;
#1580 = CARTESIAN_POINT ( 'NONE',  ( -1.000000000000008900, -8.944271909999152100, -1.530808498934194000E-017 ) ) ;
#1581 = CARTESIAN_POINT ( 'NONE',  ( -3.656815067581443000, -1.623468659813621000, 0.2346604472464174600 ) ) ;
#1582 = CARTESIAN_POINT ( 'NONE',  ( -1.188080981371941300, -3.820074898827159300, 0.2504661745239447600 ) ) ;
#1583 = CARTESIAN_POINT ( 'NONE',  ( -3.500000000000009800, -1.936491673103710300, 0.0000000000000000000 ) ) ;
#1584 = CARTESIAN_POINT ( 'NONE',  ( -4.000000000000008900, 0.0000000000000000000, 1.500000000000000400 ) ) ;
#1585 = CARTESIAN_POINT ( 'NONE',  ( 0.7499999999999911200, -8.999999999999996400, 0.0000000000000000000 ) ) ;
#1586 = DIRECTION ( 'NONE',  ( 0.0000000000000000000, -1.000000000000000000, 0.0000000000000000000 ) ) ;
#1587 = CARTESIAN_POINT ( 'NONE',  ( -1.500000000000008900, -8.874119674649417500, -1.530808498934194000E-017 ) ) ;
#1588 = CARTESIAN_POINT ( 'NONE',  ( -1.123844472657881300, -3.839195957998245800, 0.2258076146418556700 ) ) ;
#1589 = CARTESIAN_POINT ( 'NONE',  ( 1.499999999999991100, 8.874119674649421100, 0.06639752209558026600 ) ) ;
#1590 = CARTESIAN_POINT ( 'NONE',  ( 1.185545408243652700, 8.921814821271320600, 0.2501205247064941000 ) ) ;
#1591 = CARTESIAN_POINT ( 'NONE',  ( 0.9999999999999915600, 8.944271909999155700, -1.530808498934194000E-017 ) ) ;
#1592 = CARTESIAN_POINT ( 'NONE',  ( -3.619409424381469600, -1.704943935608886500, 0.2189758630705867200 ) ) ;
#1593 = CARTESIAN_POINT ( 'NONE',  ( 1.249999999999990700, -8.999999999999996400, 0.0000000000000000000 ) ) ;
#1594 = DIRECTION ( 'NONE',  ( 0.0000000000000000000, 0.0000000000000000000, 1.000000000000000000 ) ) ;
#1595 = CARTESIAN_POINT ( 'NONE',  ( -1.378756870571575600, -3.755192565464860400, 0.2238269773845287800 ) ) ;
#1596 = CARTESIAN_POINT ( 'NONE',  ( -1.500000000000009800, -8.874119674649417500, 0.06639752209558040500 ) ) ;
#1597 = CARTESIAN_POINT ( 'NONE',  ( -1.000000000000009800, -3.872983346207423200, 0.0000000000000000000 ) ) ;
#1598 = CARTESIAN_POINT ( 'NONE',  ( -3.513263576310001700, -1.912620215799473800, 0.08719875734288888600 ) ) ;
#1599 = CARTESIAN_POINT ( 'NONE',  ( -3.499999999999999100, 9.000000000000003600, -4.500000000000000000 ) ) ;
#1600 = CARTESIAN_POINT ( 'NONE',  ( 1.120752040320444300, 8.930069698135120900, 0.2239634738877704900 ) ) ;
#1601 = CARTESIAN_POINT ( 'NONE',  ( -1.472549527013570700, -8.878838968892541300, 0.1311930318613630500 ) ) ;
#1602 = CARTESIAN_POINT ( 'NONE',  ( -3.999999999999999100, -8.999999999999996400, -4.500000000000000000 ) ) ;
#1603 = CARTESIAN_POINT ( 'NONE',  ( -1.000000000000008700, -8.944271909999153900, 0.06639289154022347300 ) ) ;
#1604 = CARTESIAN_POINT ( 'NONE',  ( -3.500000000000010200, -1.936491673103710300, 0.04594966878215921800 ) ) ;
#1605 = CARTESIAN_POINT ( 'NONE',  ( -3.999999999999999100, -4.472135954999565400, -4.500000000000000000 ) ) ;
#1606 = CARTESIAN_POINT ( 'NONE',  ( -4.000000000000000000, -5.098302035858254500, -4.033283359331782100 ) ) ;
#1607 = CARTESIAN_POINT ( 'NONE',  ( -3.999999999999999100, -1.500000000000030900, -11.99999999999999500 ) ) ;
#1608 = DIRECTION ( 'NONE',  ( -0.0000000000000000000, -0.7071067811865489100, -0.7071067811865461300 ) ) ;
#1609 = CARTESIAN_POINT ( 'NONE',  ( -3.545008869163977000, -1.853118766852279500, 0.1470591508959689100 ) ) ;
#1610 = CARTESIAN_POINT ( 'NONE',  ( -1.185545408243671600, -8.921814821271322400, 0.2501205247064941000 ) ) ;
#1611 = CARTESIAN_POINT ( 'NONE',  ( -3.563739486838802600, -1.817003156619079000, 0.1686211819401593200 ) ) ;
#1612 = CARTESIAN_POINT ( 'NONE',  ( 1.472549527013552700, 8.878838968892546600, 0.1311930318613629400 ) ) ;
#1613 = CARTESIAN_POINT ( 'NONE',  ( 1.026982070207990800, 8.941338701609776500, 0.1308727462403626300 ) ) ;
#1614 = DIRECTION ( 'NONE',  ( 0.0000000000000000000, -1.000000000000000000, 0.0000000000000000000 ) ) ;
#1615 = CARTESIAN_POINT ( 'NONE',  ( -1.315627767616054800, -3.778046086011213100, 0.2495200704678012200 ) ) ;
#1616 = DIRECTION ( 'NONE',  ( 0.0000000000000000000, 0.0000000000000000000, -1.000000000000000000 ) ) ;
#1617 = DIRECTION ( 'NONE',  ( 0.0000000000000000000, 0.0000000000000000000, -1.000000000000000000 ) ) ;
#1618 = DIRECTION ( 'NONE',  ( -0.0000000000000000000, -1.000000000000000000, -0.0000000000000000000 ) ) ;
#1619 = DIRECTION ( 'NONE',  ( -2.478176394252575700E-016, 1.000000000000000000, 0.0000000000000000000 ) ) ;
#1620 = CARTESIAN_POINT ( 'NONE',  ( -1.471100906126698600, -3.719987074690462400, 0.1333837952467787100 ) ) ;
#1621 = CARTESIAN_POINT ( 'NONE',  ( -1.380273934205076700, -8.893650960746473500, 0.2230887842310103300 ) ) ;
#1622 = CARTESIAN_POINT ( 'NONE',  ( -1.315386182223741200, -8.903597970016340600, 0.2498786074319547000 ) ) ;
#1623 = CARTESIAN_POINT ( 'NONE',  ( 1.380273934205058100, 8.893650960746477100, 0.2230887842310102200 ) ) ;
#1624 = CARTESIAN_POINT ( 'NONE',  ( -1.120752040320462700, -8.930069698135113800, 0.2239634738877703500 ) ) ;
#1625 = CARTESIAN_POINT ( 'NONE',  ( -1.026982070208009500, -8.941338701609774700, 0.1308727462403624900 ) ) ;
#1626 = CARTESIAN_POINT ( 'NONE',  ( 0.9999999999999902300, 8.944271909999157400, 0.06639289154022365300 ) ) ;
#1627 = CARTESIAN_POINT ( 'NONE',  ( -1.028460554318507500, -3.865840256767552100, 0.1335086885425368600 ) ) ;
#1628 = CARTESIAN_POINT ( 'NONE',  ( -1.000000000000008400, -3.872983346207424600, 0.06788472895873223800 ) ) ;
#1629 = CARTESIAN_POINT ( 'NONE',  ( -3.999999999999999100, -6.894950114888232000, -2.535182752016496500 ) ) ;
#1630 = CARTESIAN_POINT ( 'NONE',  ( -2.500000000000010200, -3.122498999199203200, 0.07339152900857935600 ) ) ;
#1631 = CARTESIAN_POINT ( 'NONE',  ( 0.0000000000000000000, 0.0000000000000000000, -4.500000000000000000 ) ) ;
#1632 = CARTESIAN_POINT ( 'NONE',  ( -3.999999999999999100, -8.062257748298543800, -1.500000000000003600 ) ) ;
#1633 = CARTESIAN_POINT ( 'NONE',  ( -2.133064893349223100, -3.384283371258768500, 0.2306287084020070000 ) ) ;
#1634 = CARTESIAN_POINT ( 'NONE',  ( -2.466524625220841900, -3.149558856566398600, 0.1403186743913623400 ) ) ;
#1635 = CARTESIAN_POINT ( 'NONE',  ( -3.999999999999999100, -7.481112616743585500, -2.020593537751663500 ) ) ;
#1636 = DIRECTION ( 'NONE',  ( 1.000000000000000000, 0.0000000000000000000, 0.0000000000000000000 ) ) ;
#1637 = DIRECTION ( 'NONE',  ( 1.000000000000000000, 0.0000000000000000000, 0.0000000000000000000 ) ) ;
#1638 = CARTESIAN_POINT ( 'NONE',  ( 0.1853341973172180900, 3.996237480453807700, 0.2501287628380831600 ) ) ;
#1639 = CARTESIAN_POINT ( 'NONE',  ( 0.02671225773346222800, 4.000184803578295400, 0.1304235784018820700 ) ) ;
#1640 = CARTESIAN_POINT ( 'NONE',  ( -2.372782262186627000, -3.220771499819438300, 0.2269289752374246100 ) ) ;
#1641 = DIRECTION ( 'NONE',  ( -1.000000000000000000, 0.0000000000000000000, 0.0000000000000000000 ) ) ;
#1642 = CARTESIAN_POINT ( 'NONE',  ( 1.969263020260078500, 3.482070133652955600, 0.1362327387487065100 ) ) ;
#1643 = DIRECTION ( 'NONE',  ( 0.0000000000000000000, 0.0000000000000000000, -1.000000000000000000 ) ) ;
#1644 = CARTESIAN_POINT ( 'NONE',  ( -2.314391515071385600, -3.263261653692536500, 0.2489195738818167900 ) ) ;
#1645 = CARTESIAN_POINT ( 'NONE',  ( 0.4999999999999906700, 3.968626966596896700, 4.592425496802581000E-017 ) ) ;
#1646 = DIRECTION ( 'NONE',  ( -0.0000000000000000000, -0.0000000000000000000, -1.000000000000000000 ) ) ;
#1647 = CARTESIAN_POINT ( 'NONE',  ( -1.999999999999968500, -3.464101615137912900, 0.07348155353165863900 ) ) ;
#1648 = CARTESIAN_POINT ( 'NONE',  ( 4.000000000000000900, -8.499999999999994700, -4.500000000000000000 ) ) ;
#1649 = CARTESIAN_POINT ( 'NONE',  ( 1.876308713311505500, 3.533026304882693800, 0.2251260538057247900 ) ) ;
#1650 = CARTESIAN_POINT ( 'NONE',  ( 0.3807199509797155600, 3.982109604428040800, 0.2228274845997770800 ) ) ;
#1651 = CARTESIAN_POINT ( 'NONE',  ( 0.1203341977525753700, 3.998463666002629600, 0.2237286422816035200 ) ) ;
#1652 = CARTESIAN_POINT ( 'NONE',  ( 1.999999999999990500, 3.464101615137770400, 0.0000000000000000000 ) ) ;
#1653 = DIRECTION ( 'NONE',  ( -1.000000000000000000, 0.0000000000000000000, 0.0000000000000000000 ) ) ;
#1654 = CARTESIAN_POINT ( 'NONE',  ( 1.815202060004800700, 3.565089964627049300, 0.2492943896029999900 ) ) ;
#1655 = DIRECTION ( 'NONE',  ( 0.0000000000000000000, -1.000000000000000000, 0.0000000000000000000 ) ) ;
#1656 = CARTESIAN_POINT ( 'NONE',  ( 0.3156576001080827500, 3.988060060276550800, 0.2498702534988172200 ) ) ;
#1657 = CARTESIAN_POINT ( 'NONE',  ( -9.777301310156388800E-015, 4.000000000000008000, 0.06613935119331233700 ) ) ;
#1658 = CARTESIAN_POINT ( 'NONE',  ( 1.690325725040796600, 3.625965239463207800, 0.2506750530557396200 ) ) ;
#1659 = CARTESIAN_POINT ( 'NONE',  ( 1.530583173608582000, 3.695956163870137300, 0.1369719906470205900 ) ) ;
#1660 = CARTESIAN_POINT ( 'NONE',  ( 1.627415243859702500, 3.654353081003044200, 0.2277675294845851200 ) ) ;
#1661 = CARTESIAN_POINT ( 'NONE',  ( 2.249999999999990700, -8.999999999999996400, 0.0000000000000000000 ) ) ;
#1662 = CARTESIAN_POINT ( 'NONE',  ( 0.4728105778060868700, 3.972227931560163400, 0.1307487663227427100 ) ) ;
#1663 = CARTESIAN_POINT ( 'NONE',  ( 0.4999999999999911200, 3.968626966596895000, 0.06614434547783106000 ) ) ;
#1664 = CARTESIAN_POINT ( 'NONE',  ( -3.999999999999999100, 8.500000000000001800, -4.500000000000000000 ) ) ;
#1665 = DIRECTION ( 'NONE',  ( -0.0000000000000000000, 1.000000000000000000, -0.0000000000000000000 ) ) ;
#1666 = CARTESIAN_POINT ( 'NONE',  ( 0.0000000000000000000, 0.0000000000000000000, 1.500000000000000400 ) ) ;
#1667 = CARTESIAN_POINT ( 'NONE',  ( 1.999999999999991300, 3.464101615137771700, 0.06997082388823845600 ) ) ;
#1668 = DIRECTION ( 'NONE',  ( -0.0000000000000000000, -0.0000000000000000000, -1.000000000000000000 ) ) ;
#1669 = DIRECTION ( 'NONE',  ( 0.0000000000000000000, 0.0000000000000000000, -1.000000000000000000 ) ) ;
#1670 = CARTESIAN_POINT ( 'NONE',  ( -2.000000000000009800, 9.707106781186555000, 0.0000000000000000000 ) ) ;
#1671 = CARTESIAN_POINT ( 'NONE',  ( -2.500000000000009800, -3.122498999199203200, 0.0000000000000000000 ) ) ;
#1672 = CARTESIAN_POINT ( 'NONE',  ( -2.034404775708110100, -3.444493719662379500, 0.1427659608209680100 ) ) ;
#1673 = CARTESIAN_POINT ( 'NONE',  ( -9.703609443745264700E-015, 4.000000000000008900, 0.0000000000000000000 ) ) ;
#1674 = CARTESIAN_POINT ( 'NONE',  ( -3.999999999999999100, -5.703257493405085500, -3.541183811663112500 ) ) ;
#1675 = CARTESIAN_POINT ( 'NONE',  ( 0.0000000000000000000, -5.999999999999987600, -4.500000000000000000 ) ) ;
#1676 = CARTESIAN_POINT ( 'NONE',  ( -2.000000000000009800, -3.464101615137759300, 0.0000000000000000000 ) ) ;
#1677 = DIRECTION ( 'NONE',  ( 0.0000000000000000000, 0.0000000000000000000, 1.000000000000000000 ) ) ;
#1678 = CARTESIAN_POINT ( 'NONE',  ( -2.194289322619124200, -3.345202396587428200, 0.2510050634956503800 ) ) ;
#1679 = CARTESIAN_POINT ( 'NONE',  ( -3.999999999999999100, -8.999999999999996400, -1.500000000000004000 ) ) ;
#1680 = CARTESIAN_POINT ( 'NONE',  ( -3.759936019636720900, 3.929102815176145600, 0.2525382643538460800 ) ) ;
#1681 = CARTESIAN_POINT ( 'NONE',  ( 3.986452820883389600, -8.635267975935040100, 0.09575424162711497500 ) ) ;
#1682 = CARTESIAN_POINT ( 'NONE',  ( 1.499999999999989800, 3.708099243547846600, 0.06998904638684445800 ) ) ;
#1683 = CARTESIAN_POINT ( 'NONE',  ( 3.759936019636707500, -8.929102815176134900, 0.2525382643538459100 ) ) ;
#1684 = CARTESIAN_POINT ( 'NONE',  ( 3.647634240400673600, -8.979007906206321700, 0.2317447283490213800 ) ) ;
#1685 = DIRECTION ( 'NONE',  ( 0.0000000000000000000, 1.000000000000000000, 0.0000000000000000000 ) ) ;
#1686 = CARTESIAN_POINT ( 'NONE',  ( 3.499999999999990200, -8.999999999999996400, 0.0000000000000000000 ) ) ;
#1687 = CARTESIAN_POINT ( 'NONE',  ( 3.886684299986372900, -8.827058363004033100, 0.2189365893918642200 ) ) ;
#1688 = CARTESIAN_POINT ( 'NONE',  ( 3.999999999999996400, -8.567405865750650700, 0.04766282975832490000 ) ) ;
#1689 = DIRECTION ( 'NONE',  ( -0.0000000000000000000, 1.000000000000000000, -0.0000000000000000000 ) ) ;
#1690 = DIRECTION ( 'NONE',  ( 0.0000000000000000000, -0.7071067811865489100, 0.7071067811865460200 ) ) ;
#1691 = CARTESIAN_POINT ( 'NONE',  ( 4.000000000000008900, -3.500000000000008900, 1.500000000000000400 ) ) ;
#1692 = CARTESIAN_POINT ( 'NONE',  ( 0.9999999999999902300, 9.707106781186555000, 0.0000000000000000000 ) ) ;
#1693 = DIRECTION ( 'NONE',  ( -0.0000000000000000000, 1.000000000000000000, -0.0000000000000000000 ) ) ;
#1694 = CARTESIAN_POINT ( 'NONE',  ( -3.500000000000009300, 4.000000000000009800, 0.08373786527088389300 ) ) ;
#1695 = CARTESIAN_POINT ( 'NONE',  ( -3.544555861296095700, 4.002983645670093800, 0.1644085681947055900 ) ) ;
#1696 = DIRECTION ( 'NONE',  ( 0.0000000000000000000, 0.0000000000000000000, -1.000000000000000000 ) ) ;
#1697 = CARTESIAN_POINT ( 'NONE',  ( 2.499999999999991100, 9.707106781186555000, 0.0000000000000000000 ) ) ;
#1698 = DIRECTION ( 'NONE',  ( 0.0000000000000000000, 0.7071067811865489100, 0.7071067811865460200 ) ) ;
#1699 = DIRECTION ( 'NONE',  ( 0.0000000000000000000, 0.0000000000000000000, -1.000000000000000000 ) ) ;
#1700 = DIRECTION ( 'NONE',  ( 0.0000000000000000000, -1.000000000000000000, 0.0000000000000000000 ) ) ;
#1701 = CARTESIAN_POINT ( 'NONE',  ( 1.749999999999990200, -4.000000000000008900, 0.0000000000000000000 ) ) ;
#1702 = CARTESIAN_POINT ( 'NONE',  ( 3.544555861296079700, -9.002983645670083100, 0.1644085681947078900 ) ) ;
#1703 = DIRECTION ( 'NONE',  ( 0.0000000000000000000, 1.000000000000000000, 0.0000000000000000000 ) ) ;
#1704 = CARTESIAN_POINT ( 'NONE',  ( -3.686224026088482700, 3.965850375554285500, 0.2445545432019418400 ) ) ;
#1705 = CARTESIAN_POINT ( 'NONE',  ( 3.500000000000001300, -9.000000000000000000, 0.08373786527088089600 ) ) ;
#1706 = CARTESIAN_POINT ( 'NONE',  ( 1.499999999999991100, 3.708099243547844400, 0.0000000000000000000 ) ) ;
#1707 = CARTESIAN_POINT ( 'NONE',  ( 3.794948828123844800, -8.905743969708837000, 0.2480091930949901200 ) ) ;
#1708 = CARTESIAN_POINT ( 'NONE',  ( 3.686224026088468400, -8.965850375554275300, 0.2445545432019428600 ) ) ;
#1709 = CARTESIAN_POINT ( 'NONE',  ( 3.930354220163671600, -8.764062525637941200, 0.1804194184738759600 ) ) ;
#1710 = CARTESIAN_POINT ( 'NONE',  ( 1.249999999999990700, -4.000000000000008900, 0.0000000000000000000 ) ) ;
#1711 = CARTESIAN_POINT ( 'NONE',  ( 4.000000000000000900, -8.499999999999994700, 0.0000000000000000000 ) ) ;
#1712 = DIRECTION ( 'NONE',  ( 0.0000000000000000000, 0.0000000000000000000, -1.000000000000000000 ) ) ;
#1713 = CARTESIAN_POINT ( 'NONE',  ( -4.000000000000009800, 3.500000000000008900, 1.500000000000000400 ) ) ;
#1714 = CARTESIAN_POINT ( 'NONE',  ( -0.5000000000000097700, 9.707106781186555000, 0.0000000000000000000 ) ) ;
#1715 = CARTESIAN_POINT ( 'NONE',  ( -3.500000000000009800, 4.000000000000017800, 0.0000000000000000000 ) ) ;
#1716 = CARTESIAN_POINT ( 'NONE',  ( -3.647634240400688300, 3.979007906206330200, 0.2317447283490198500 ) ) ;
#1717 = CARTESIAN_POINT ( 'NONE',  ( -3.794948828123858100, 3.905743969708843600, 0.2480091930949909500 ) ) ;
#1718 = CARTESIAN_POINT ( 'NONE',  ( -3.886684299986384400, 3.827058363004039800, 0.2189365893918681100 ) ) ;
#1719 = CARTESIAN_POINT ( 'NONE',  ( -1.500000000000009800, 9.707106781186555000, 0.0000000000000000000 ) ) ;
#1720 = CARTESIAN_POINT ( 'NONE',  ( 0.0000000000000000000, 5.999999999999994700, -4.500000000000000000 ) ) ;
#1721 = DIRECTION ( 'NONE',  ( 0.0000000000000000000, 0.0000000000000000000, -1.000000000000000000 ) ) ;
#1722 = CARTESIAN_POINT ( 'NONE',  ( -3.930354220163682700, 3.764062525637945600, 0.1804194184738816800 ) ) ;
#1723 = CARTESIAN_POINT ( 'NONE',  ( -3.986452820883400700, 3.635267975935041500, 0.09575424162713065700 ) ) ;
#1724 = CARTESIAN_POINT ( 'NONE',  ( -4.000000000000008900, 3.567405865741828400, 0.04766282977081960600 ) ) ;
#1725 = CARTESIAN_POINT ( 'NONE',  ( 0.0000000000000000000, -5.999999999999987600, -4.500000000000000000 ) ) ;
#1726 = CARTESIAN_POINT ( 'NONE',  ( -3.999999999999999100, 3.500000000000008400, 0.0000000000000000000 ) ) ;
#1727 = CARTESIAN_POINT ( 'NONE',  ( 0.9999999999999915600, 8.944271909999155700, -1.530808498934194000E-017 ) ) ;
#1728 = DIRECTION ( 'NONE',  ( -0.0000000000000000000, 1.000000000000000000, -0.0000000000000000000 ) ) ;
#1729 = DIRECTION ( 'NONE',  ( -0.0000000000000000000, 1.000000000000000000, -0.0000000000000000000 ) ) ;
#1730 = DIRECTION ( 'NONE',  ( -0.0000000000000000000, 1.000000000000000000, -0.0000000000000000000 ) ) ;
#1731 = CARTESIAN_POINT ( 'NONE',  ( -1.000000000000009800, 9.707106781186555000, 0.0000000000000000000 ) ) ;
#1732 = CARTESIAN_POINT ( 'NONE',  ( 2.999999999999990700, 9.707106781186555000, 0.0000000000000000000 ) ) ;
#1733 = VERTEX_POINT ( 'NONE', #2066 ) ;
#1734 = VERTEX_POINT ( 'NONE', #2 ) ;
#1735 = VERTEX_POINT ( 'NONE', #2053 ) ;
#1736 = ORIENTED_EDGE ( 'NONE', *, *, #871, .F. ) ;
#1737 = VERTEX_POINT ( 'NONE', #2067 ) ;
#1738 = VERTEX_POINT ( 'NONE', #4 ) ;
#1739 = VERTEX_POINT ( 'NONE', #6 ) ;
#1740 = VERTEX_POINT ( 'NONE', #7 ) ;
#1741 = VERTEX_POINT ( 'NONE', #2083 ) ;
#1742 = DIRECTION ( 'NONE',  ( -1.000000000000000000, 0.0000000000000000000, 0.0000000000000000000 ) ) ;
#1743 = CARTESIAN_POINT ( 'NONE',  ( 3.500000000000008000, -3.500000000000008900, 1.500000000000000400 ) ) ;
#1744 = DIRECTION ( 'NONE',  ( 0.0000000000000000000, 0.0000000000000000000, -1.000000000000000000 ) ) ;
#1745 = CARTESIAN_POINT ( 'NONE',  ( -0.7500000000000093300, 9.707106781186555000, 0.0000000000000000000 ) ) ;
#1746 = PLANE ( 'NONE',  #729 ) ;
#1747 = DIRECTION ( 'NONE',  ( 0.0000000000000000000, -1.000000000000000000, 0.0000000000000000000 ) ) ;
#1748 = DIRECTION ( 'NONE',  ( 0.0000000000000000000, 0.0000000000000000000, -1.000000000000000000 ) ) ;
#1749 = CARTESIAN_POINT ( 'NONE',  ( 0.0000000000000000000, 0.0000000000000000000, 1.500000000000000400 ) ) ;
#1750 = DIRECTION ( 'NONE',  ( 0.0000000000000000000, 0.0000000000000000000, -1.000000000000000000 ) ) ;
#1751 = PLANE ( 'NONE',  #710 ) ;
#1752 = CARTESIAN_POINT ( 'NONE',  ( 0.0000000000000000000, 0.0000000000000000000, 1.500000000000000400 ) ) ;
#1753 = CARTESIAN_POINT ( 'NONE',  ( 1.249999999999990700, 9.707106781186555000, 0.0000000000000000000 ) ) ;
#1754 = DIRECTION ( 'NONE',  ( 0.0000000000000000000, -1.000000000000000000, 0.0000000000000000000 ) ) ;
#1755 = DIRECTION ( 'NONE',  ( 0.0000000000000000000, 0.0000000000000000000, -1.000000000000000000 ) ) ;
#1756 = DIRECTION ( 'NONE',  ( -1.000000000000000000, 0.0000000000000000000, -0.0000000000000000000 ) ) ;
#1757 = CARTESIAN_POINT ( 'NONE',  ( -3.499999999999999100, 8.500000000000001800, -4.500000000000000000 ) ) ;
#1758 = DIRECTION ( 'NONE',  ( 0.0000000000000000000, 0.0000000000000000000, -1.000000000000000000 ) ) ;
#1759 = DIRECTION ( 'NONE',  ( 0.0000000000000000000, 0.0000000000000000000, 1.000000000000000000 ) ) ;
#1760 = DIRECTION ( 'NONE',  ( 1.000000000000000000, 0.0000000000000000000, 0.0000000000000000000 ) ) ;
#1761 = DIRECTION ( 'NONE',  ( 0.0000000000000000000, 0.0000000000000000000, -1.000000000000000000 ) ) ;
#1762 = DIRECTION ( 'NONE',  ( -1.000000000000000000, 0.0000000000000000000, 0.0000000000000000000 ) ) ;
#1763 = CARTESIAN_POINT ( 'NONE',  ( 3.500000000000008000, -4.000000000000008900, 1.500000000000000400 ) ) ;
#1764 = DIRECTION ( 'NONE',  ( 0.0000000000000000000, -1.000000000000000000, 0.0000000000000000000 ) ) ;
#1765 = DIRECTION ( 'NONE',  ( 0.0000000000000000000, 0.0000000000000000000, -1.000000000000000000 ) ) ;
#1766 = DIRECTION ( 'NONE',  ( -1.000000000000000000, 0.0000000000000000000, 0.0000000000000000000 ) ) ;
#1767 = CARTESIAN_POINT ( 'NONE',  ( 2.749999999999991100, 9.707106781186555000, 0.0000000000000000000 ) ) ;
#1768 = DIRECTION ( 'NONE',  ( 0.0000000000000000000, 0.0000000000000000000, -1.000000000000000000 ) ) ;
#1769 = DIRECTION ( 'NONE',  ( 0.0000000000000000000, 0.0000000000000000000, -1.000000000000000000 ) ) ;
#1770 = DIRECTION ( 'NONE',  ( 0.0000000000000000000, -1.000000000000000000, 0.0000000000000000000 ) ) ;
#1771 = DIRECTION ( 'NONE',  ( 0.0000000000000000000, 0.0000000000000000000, -1.000000000000000000 ) ) ;
#1772 = DIRECTION ( 'NONE',  ( 0.0000000000000000000, 1.000000000000000000, 0.0000000000000000000 ) ) ;
#1773 = DIRECTION ( 'NONE',  ( 0.0000000000000000000, 0.0000000000000000000, 1.000000000000000000 ) ) ;
#1774 = CARTESIAN_POINT ( 'NONE',  ( 0.0000000000000000000, 0.0000000000000000000, 1.500000000000000400 ) ) ;
#1775 = CARTESIAN_POINT ( 'NONE',  ( 3.249999999999990700, 9.707106781186555000, 0.0000000000000000000 ) ) ;
#1776 = DIRECTION ( 'NONE',  ( 0.0000000000000000000, 0.0000000000000000000, -1.000000000000000000 ) ) ;
#1777 = CARTESIAN_POINT ( 'NONE',  ( -1.250000000000009300, 9.707106781186555000, 0.0000000000000000000 ) ) ;
#1778 = DIRECTION ( 'NONE',  ( 0.0000000000000000000, -0.0000000000000000000, 1.000000000000000000 ) ) ;
#1779 = DIRECTION ( 'NONE',  ( -1.000000000000000000, 0.0000000000000000000, -0.0000000000000000000 ) ) ;
#1780 = PLANE ( 'NONE',  #726 ) ;
#1781 = DIRECTION ( 'NONE',  ( -0.0000000000000000000, -0.0000000000000000000, -1.000000000000000000 ) ) ;
#1782 = DIRECTION ( 'NONE',  ( -1.000000000000000000, 0.0000000000000000000, 0.0000000000000000000 ) ) ;
#1783 = DIRECTION ( 'NONE',  ( 0.0000000000000000000, -1.000000000000000000, 0.0000000000000000000 ) ) ;
#1784 = DIRECTION ( 'NONE',  ( 0.0000000000000000000, 0.0000000000000000000, -1.000000000000000000 ) ) ;
#1785 = PLANE ( 'NONE',  #705 ) ;
#1786 = DIRECTION ( 'NONE',  ( 0.0000000000000000000, -1.000000000000000000, 0.0000000000000000000 ) ) ;
#1787 = CARTESIAN_POINT ( 'NONE',  ( -2.750000000000009300, 9.707106781186555000, 0.0000000000000000000 ) ) ;
#1788 = DIRECTION ( 'NONE',  ( 0.0000000000000000000, 0.0000000000000000000, -1.000000000000000000 ) ) ;
#1789 = DIRECTION ( 'NONE',  ( 0.0000000000000000000, -1.000000000000000000, 0.0000000000000000000 ) ) ;
#1790 = CARTESIAN_POINT ( 'NONE',  ( 0.2499999999999906700, 9.707106781186555000, 0.0000000000000000000 ) ) ;
#1791 = PLANE ( 'NONE',  #728 ) ;
#1792 = DIRECTION ( 'NONE',  ( 0.0000000000000000000, -1.000000000000000000, -0.0000000000000000000 ) ) ;
#1793 = CARTESIAN_POINT ( 'NONE',  ( 0.2499999999999906700, 9.707106781186555000, 0.0000000000000000000 ) ) ;
#1794 = CARTESIAN_POINT ( 'NONE',  ( -3.999999999999999100, -8.999999999999996400, -4.500000000000000000 ) ) ;
#1795 = DIRECTION ( 'NONE',  ( 0.0000000000000000000, -1.000000000000000000, 0.0000000000000000000 ) ) ;
#1796 = CARTESIAN_POINT ( 'NONE',  ( 0.0000000000000000000, 0.0000000000000000000, 1.500000000000000400 ) ) ;
#1797 = CARTESIAN_POINT ( 'NONE',  ( -3.999999999999999100, 9.000000000000003600, -4.500000000000000000 ) ) ;
#1798 = DIRECTION ( 'NONE',  ( 0.0000000000000000000, -1.000000000000000000, 0.0000000000000000000 ) ) ;
#1799 = DIRECTION ( 'NONE',  ( 0.0000000000000000000, 0.0000000000000000000, -1.000000000000000000 ) ) ;
#1800 = PLANE ( 'NONE',  #714 ) ;
#1801 = CARTESIAN_POINT ( 'NONE',  ( 4.000000000000000900, -8.999999999999996400, -4.500000000000000000 ) ) ;
#1802 = CARTESIAN_POINT ( 'NONE',  ( -0.2500000000000093300, 9.707106781186555000, 0.0000000000000000000 ) ) ;
#1803 = DIRECTION ( 'NONE',  ( 1.000000000000000000, 0.0000000000000000000, 0.0000000000000000000 ) ) ;
#1804 = DIRECTION ( 'NONE',  ( 0.0000000000000000000, 0.0000000000000000000, -1.000000000000000000 ) ) ;
#1805 = PRODUCT ( 'ALP0113', 'ALP0113', '', ( #1919 ) ) ;
#1806 = PERSON ( 'UNSPECIFIED', 'UNSPECIFIED', 'UNSPECIFIED', ('UNSPECIFIED'), ('UNSPECIFIED'), ('UNSPECIFIED') ) ;
#1807 = ORIENTED_EDGE ( 'NONE', *, *, #822, .F. ) ;
#1808 = ORIENTED_EDGE ( 'NONE', *, *, #761, .T. ) ;
#1809 = ORIENTED_EDGE ( 'NONE', *, *, #840, .F. ) ;
#1810 = ORIENTED_EDGE ( 'NONE', *, *, #752, .T. ) ;
#1811 = ORIENTED_EDGE ( 'NONE', *, *, #778, .T. ) ;
#1812 = ORIENTED_EDGE ( 'NONE', *, *, #818, .T. ) ;
#1813 = ORIENTED_EDGE ( 'NONE', *, *, #746, .T. ) ;
#1814 = ORIENTED_EDGE ( 'NONE', *, *, #865, .F. ) ;
#1815 = ORIENTED_EDGE ( 'NONE', *, *, #815, .F. ) ;
#1816 = PRODUCT_DEFINITION_FORMATION_WITH_SPECIFIED_SOURCE ( 'ANY', '', #1805, .NOT_KNOWN. ) ;
#1817 = APPROVAL ( #1933, 'UNSPECIFIED' ) ;
#1818 = CC_DESIGN_PERSON_AND_ORGANIZATION_ASSIGNMENT ( #326, #1917, ( #1901 ) ) ;
#1819 = CC_DESIGN_DATE_AND_TIME_ASSIGNMENT ( #335, #1918, ( #1901 ) ) ;
#1820 = ORIENTED_EDGE ( 'NONE', *, *, #855, .F. ) ;
#1821 = ORIENTED_EDGE ( 'NONE', *, *, #818, .F. ) ;
#1822 = ORIENTED_EDGE ( 'NONE', *, *, #865, .T. ) ;
#1823 = ORIENTED_EDGE ( 'NONE', *, *, #847, .F. ) ;
#1824 = ORIENTED_EDGE ( 'NONE', *, *, #847, .T. ) ;
#1825 = ORIENTED_EDGE ( 'NONE', *, *, #829, .T. ) ;
#1826 = ORIENTED_EDGE ( 'NONE', *, *, #812, .T. ) ;
#1827 = ORIENTED_EDGE ( 'NONE', *, *, #921, .T. ) ;
#1828 = ORIENTED_EDGE ( 'NONE', *, *, #870, .T. ) ;
#1829 = ORIENTED_EDGE ( 'NONE', *, *, #882, .F. ) ;
#1830 = DESIGN_CONTEXT ( 'detailed design', #1922, 'design' ) ;
#1831 = PRODUCT_DEFINITION_SHAPE ( 'NONE', 'NONE',  #1901 ) ;
#1832 = CARTESIAN_POINT ( 'NONE',  ( -3.999999999999999100, 0.0000000000000000000, 0.0000000000000000000 ) ) ;
#1833 = DIRECTION ( 'NONE',  ( 0.0000000000000000000, 0.0000000000000000000, -1.000000000000000000 ) ) ;
#1834 = DIRECTION ( 'NONE',  ( 0.0000000000000000000, -1.000000000000000000, 0.0000000000000000000 ) ) ;
#1835 = DIRECTION ( 'NONE',  ( 0.0000000000000000000, 0.0000000000000000000, -1.000000000000000000 ) ) ;
#1836 = CARTESIAN_POINT ( 'NONE',  ( -0.5000000000000097700, -3.968626966596894100, 0.0000000000000000000 ) ) ;
#1837 = CARTESIAN_POINT ( 'NONE',  ( 3.749999999999990200, 9.707106781186555000, 0.0000000000000000000 ) ) ;
#1838 = CARTESIAN_POINT ( 'NONE',  ( -3.999999999999999100, -8.999999999999996400, -4.500000000000000000 ) ) ;
#1839 = DIRECTION ( 'NONE',  ( 0.0000000000000000000, -1.000000000000000000, 0.0000000000000000000 ) ) ;
#1840 = CARTESIAN_POINT ( 'NONE',  ( -1.750000000000009300, 9.707106781186555000, 0.0000000000000000000 ) ) ;
#1841 = DIRECTION ( 'NONE',  ( 0.0000000000000000000, 0.0000000000000000000, -1.000000000000000000 ) ) ;
#1842 = CARTESIAN_POINT ( 'NONE',  ( 2.249999999999990700, 9.707106781186555000, 0.0000000000000000000 ) ) ;
#1843 = PLANE ( 'NONE',  #718 ) ;
#1844 = DIRECTION ( 'NONE',  ( 0.0000000000000000000, -0.0000000000000000000, -1.000000000000000000 ) ) ;
#1845 = CARTESIAN_POINT ( 'NONE',  ( 0.0000000000000000000, 0.0000000000000000000, 1.500000000000000400 ) ) ;
#1846 = DIRECTION ( 'NONE',  ( 0.0000000000000000000, -1.000000000000000000, 0.0000000000000000000 ) ) ;
#1847 = DIRECTION ( 'NONE',  ( 0.0000000000000000000, -1.000000000000000000, 0.0000000000000000000 ) ) ;
#1848 = CARTESIAN_POINT ( 'NONE',  ( -3.000000000000009300, -8.485281374238562400, -1.818415386831156700E-016 ) ) ;
#1849 = DIRECTION ( 'NONE',  ( 0.0000000000000000000, -1.000000000000000000, 0.0000000000000000000 ) ) ;
#1850 = DIRECTION ( 'NONE',  ( -1.000000000000000000, 0.0000000000000000000, 0.0000000000000000000 ) ) ;
#1851 = CARTESIAN_POINT ( 'NONE',  ( -0.2500000000000093300, 9.707106781186555000, 0.0000000000000000000 ) ) ;
#1852 = DIRECTION ( 'NONE',  ( 0.0000000000000000000, 0.0000000000000000000, -1.000000000000000000 ) ) ;
#1853 = DIRECTION ( 'NONE',  ( 0.0000000000000000000, 0.0000000000000000000, -1.000000000000000000 ) ) ;
#1854 = DIRECTION ( 'NONE',  ( 0.0000000000000000000, 0.0000000000000000000, -1.000000000000000000 ) ) ;
#1855 = CARTESIAN_POINT ( 'NONE',  ( -3.500000000000009300, -8.291561975888491500, -1.530808498934194000E-017 ) ) ;
#1856 = CARTESIAN_POINT ( 'NONE',  ( 1.249999999999990700, 9.707106781186555000, 0.0000000000000000000 ) ) ;
#1857 = DIRECTION ( 'NONE',  ( 0.0000000000000000000, -1.000000000000000000, 0.0000000000000000000 ) ) ;
#1858 = CARTESIAN_POINT ( 'NONE',  ( 2.249999999999990700, 9.707106781186555000, 0.0000000000000000000 ) ) ;
#1859 = DIRECTION ( 'NONE',  ( 0.0000000000000000000, 0.0000000000000000000, -1.000000000000000000 ) ) ;
#1860 = CARTESIAN_POINT ( 'NONE',  ( 3.249999999999990700, 9.707106781186555000, 0.0000000000000000000 ) ) ;
#1861 = DIRECTION ( 'NONE',  ( 0.0000000000000000000, 0.0000000000000000000, -1.000000000000000000 ) ) ;
#1862 = PLANE ( 'NONE',  #1905 ) ;
#1863 = DIRECTION ( 'NONE',  ( 0.0000000000000000000, -1.000000000000000000, 0.0000000000000000000 ) ) ;
#1864 = DIRECTION ( 'NONE',  ( 0.0000000000000000000, -1.000000000000000000, 0.0000000000000000000 ) ) ;
#1865 = DIRECTION ( 'NONE',  ( 0.0000000000000000000, -1.000000000000000000, 0.0000000000000000000 ) ) ;
#1866 = CARTESIAN_POINT ( 'NONE',  ( 3.500000000000000400, -8.999999999999996400, -1.500000000000004000 ) ) ;
#1867 = DIRECTION ( 'NONE',  ( 0.0000000000000000000, 0.0000000000000000000, -1.000000000000000000 ) ) ;
#1868 = DIRECTION ( 'NONE',  ( 0.0000000000000000000, 0.0000000000000000000, -1.000000000000000000 ) ) ;
#1869 = CARTESIAN_POINT ( 'NONE',  ( 1.749999999999990200, 9.707106781186555000, 0.0000000000000000000 ) ) ;
#1870 = DIRECTION ( 'NONE',  ( 0.0000000000000000000, -1.000000000000000000, 0.0000000000000000000 ) ) ;
#1871 = DIRECTION ( 'NONE',  ( 0.0000000000000000000, 0.0000000000000000000, -1.000000000000000000 ) ) ;
#1872 = CARTESIAN_POINT ( 'NONE',  ( 2.749999999999991100, 9.707106781186555000, 0.0000000000000000000 ) ) ;
#1873 = DIRECTION ( 'NONE',  ( 0.0000000000000000000, 0.0000000000000000000, -1.000000000000000000 ) ) ;
#1874 = DIRECTION ( 'NONE',  ( 0.0000000000000000000, -1.000000000000000000, 0.0000000000000000000 ) ) ;
#1875 = DIRECTION ( 'NONE',  ( 0.0000000000000000000, -1.000000000000000000, 0.0000000000000000000 ) ) ;
#1876 = CARTESIAN_POINT ( 'NONE',  ( 1.749999999999990200, 9.707106781186555000, 0.0000000000000000000 ) ) ;
#1877 = DIRECTION ( 'NONE',  ( 0.0000000000000000000, -1.000000000000000000, 0.0000000000000000000 ) ) ;
#1878 = CARTESIAN_POINT ( 'NONE',  ( 0.0000000000000000000, 5.999999999999994700, -4.500000000000000000 ) ) ;
#1879 = DIRECTION ( 'NONE',  ( 0.0000000000000000000, -1.000000000000000000, 0.0000000000000000000 ) ) ;
#1880 = CARTESIAN_POINT ( 'NONE',  ( 0.0000000000000000000, 0.0000000000000000000, -4.500000000000000000 ) ) ;
#1881 = DIRECTION ( 'NONE',  ( 0.0000000000000000000, 0.0000000000000000000, -1.000000000000000000 ) ) ;
#1882 = CARTESIAN_POINT ( 'NONE',  ( -2.250000000000009300, 9.707106781186555000, 0.0000000000000000000 ) ) ;
#1883 = DIRECTION ( 'NONE',  ( -1.000000000000000000, 0.0000000000000000000, -0.0000000000000000000 ) ) ;
#1884 = CARTESIAN_POINT ( 'NONE',  ( 0.7499999999999911200, 9.707106781186555000, 0.0000000000000000000 ) ) ;
#1885 = DIRECTION ( 'NONE',  ( 0.0000000000000000000, 0.0000000000000000000, -1.000000000000000000 ) ) ;
#1886 = CARTESIAN_POINT ( 'NONE',  ( -2.750000000000009300, 9.707106781186555000, 0.0000000000000000000 ) ) ;
#1887 = DIRECTION ( 'NONE',  ( 0.0000000000000000000, 0.0000000000000000000, -1.000000000000000000 ) ) ;
#1888 = DIRECTION ( 'NONE',  ( 0.0000000000000000000, 0.0000000000000000000, -1.000000000000000000 ) ) ;
#1889 = DIRECTION ( 'NONE',  ( 0.0000000000000000000, -1.000000000000000000, 0.0000000000000000000 ) ) ;
#1890 = CARTESIAN_POINT ( 'NONE',  ( -0.7500000000000093300, 9.707106781186555000, 0.0000000000000000000 ) ) ;
#1891 = CARTESIAN_POINT ( 'NONE',  ( -1.500000000000009800, -3.708099243547837300, 0.0000000000000000000 ) ) ;
#1892 = AXIS2_PLACEMENT_3D ( 'NONE', #1860, #1874, #1859 ) ;
#1893 = AXIS2_PLACEMENT_3D ( 'NONE', #1914, #1915, #1920 ) ;
#1894 =( GEOMETRIC_REPRESENTATION_CONTEXT ( 3 ) GLOBAL_UNCERTAINTY_ASSIGNED_CONTEXT ( ( #1022 ) ) GLOBAL_UNIT_ASSIGNED_CONTEXT ( ( #1947, #1910, #1911 ) ) REPRESENTATION_CONTEXT ( 'NONE', 'WORKASPACE' ) );
#1895 = AXIS2_PLACEMENT_3D ( 'NONE', #1890, #1889, #1833 ) ;
#1896 = AXIS2_PLACEMENT_3D ( 'NONE', #1876, #1864, #1881 ) ;
#1897 = CC_DESIGN_PERSON_AND_ORGANIZATION_ASSIGNMENT ( #337, #1921, ( #1805 ) ) ;
#1898 = AXIS2_PLACEMENT_3D ( 'NONE', #1869, #1863, #1871 ) ;
#1899 = AXIS2_PLACEMENT_3D ( 'NONE', #1858, #1875, #1888 ) ;
#1900 = AXIS2_PLACEMENT_3D ( 'NONE', #1884, #1879, #1868 ) ;
#1901 = PRODUCT_DEFINITION ( 'UNKNOWN', '', #1816, #1830 ) ;
#1902 = AXIS2_PLACEMENT_3D ( 'NONE', #1872, #1877, #1861 ) ;
#1903 = CC_DESIGN_APPROVAL ( #1907, ( #1901 ) ) ;
#1904 = AXIS2_PLACEMENT_3D ( 'NONE', #1856, #1857, #1873 ) ;
#1905 = AXIS2_PLACEMENT_3D ( 'NONE', #1880, #1867, #1883 ) ;
#1906 = AXIS2_PLACEMENT_3D ( 'NONE', #1882, #1870, #1885 ) ;
#1907 = APPROVAL ( #1923, 'UNSPECIFIED' ) ;
#1908 = AXIS2_PLACEMENT_3D ( 'NONE', #1886, #1865, #1887 ) ;
#1909 = AXIS2_PLACEMENT_3D ( 'NONE', #1837, #1834, #1835 ) ;
#1910 =( NAMED_UNIT ( * ) PLANE_ANGLE_UNIT ( ) SI_UNIT ( $, .RADIAN. ) );
#1911 =( NAMED_UNIT ( * ) SI_UNIT ( $, .STERADIAN. ) SOLID_ANGLE_UNIT ( ) );
#1912 = APPLICATION_CONTEXT ( 'configuration controlled 3d designs of mechanical parts and assemblies' ) ;
#1913 = APPLICATION_PROTOCOL_DEFINITION ( 'international standard', 'config_control_design', 1994, #1912 ) ;
#1914 = CARTESIAN_POINT ( 'NONE',  ( 0.0000000000000000000, 0.0000000000000000000, 0.0000000000000000000 ) ) ;
#1915 = DIRECTION ( 'NONE',  ( 0.0000000000000000000, 0.0000000000000000000, 1.000000000000000000 ) ) ;
#1916 = APPLICATION_PROTOCOL_DEFINITION ( 'international standard', 'config_control_design', 1994, #1922 ) ;
#1917 = PERSON_AND_ORGANIZATION_ROLE ( 'creator' ) ;
#1918 = DATE_TIME_ROLE ( 'creation_date' ) ;
#1919 = MECHANICAL_CONTEXT ( 'NONE', #1912, 'mechanical' ) ;
#1920 = DIRECTION ( 'NONE',  ( 1.000000000000000000, 0.0000000000000000000, 0.0000000000000000000 ) ) ;
#1921 = PERSON_AND_ORGANIZATION_ROLE ( 'design_owner' ) ;
#1922 = APPLICATION_CONTEXT ( 'configuration controlled 3d designs of mechanical parts and assemblies' ) ;
#1923 = APPROVAL_STATUS ( 'not_yet_approved' ) ;
#1924 = APPROVAL_ROLE ( '' ) ;
#1925 = APPROVAL_ROLE ( '' ) ;
#1926 = SECURITY_CLASSIFICATION_LEVEL ( 'unclassified' ) ;
#1927 = PERSON_AND_ORGANIZATION_ROLE ( 'classification_officer' ) ;
#1928 = DATE_TIME_ROLE ( 'classification_date' ) ;
#1929 = APPROVAL_STATUS ( 'not_yet_approved' ) ;
#1930 = APPROVAL_ROLE ( '' ) ;
#1931 = PERSON_AND_ORGANIZATION_ROLE ( 'creator' ) ;
#1932 = PERSON_AND_ORGANIZATION_ROLE ( 'design_supplier' ) ;
#1933 = APPROVAL_STATUS ( 'not_yet_approved' ) ;
#1934 = CARTESIAN_POINT ( 'NONE',  ( 4.000000000000008900, -3.500000000000008900, 1.500000000000000400 ) ) ;
#1935 = CARTESIAN_POINT ( 'NONE',  ( 1.499999999999991100, 3.708099243547844400, 0.0000000000000000000 ) ) ;
#1936 = CARTESIAN_POINT ( 'NONE',  ( -3.999999999999999100, 5.999999999999994700, -4.500000000000000000 ) ) ;
#1937 = CARTESIAN_POINT ( 'NONE',  ( -9.703609443745264700E-015, 4.000000000000008900, 0.0000000000000000000 ) ) ;
#1938 = CARTESIAN_POINT ( 'NONE',  ( 1.999999999999990500, 3.464101615137770400, 0.0000000000000000000 ) ) ;
#1939 = CARTESIAN_POINT ( 'NONE',  ( 3.499999999999991100, 1.936491673103745800, 0.0000000000000000000 ) ) ;
#1940 = CARTESIAN_POINT ( 'NONE',  ( 0.0000000000000000000, -5.999999999999987600, -4.500000000000000000 ) ) ;
#1941 = CARTESIAN_POINT ( 'NONE',  ( 2.999999999999990700, 2.645751311064614700, 0.0000000000000000000 ) ) ;
#1942 = CARTESIAN_POINT ( 'NONE',  ( -2.000000000000009300, -8.774964387392115500, -1.530808498934194000E-017 ) ) ;
#1943 = CARTESIAN_POINT ( 'NONE',  ( 2.499999999999991100, 3.122498999199217400, 0.0000000000000000000 ) ) ;
#1944 = CARTESIAN_POINT ( 'NONE',  ( 4.000000000000008900, 4.898587196589422700E-016, 19.19999999999998900 ) ) ;
#1945 = CARTESIAN_POINT ( 'NONE',  ( -1.000000000000009800, -3.872983346207423200, 0.0000000000000000000 ) ) ;
#1946 = CARTESIAN_POINT ( 'NONE',  ( 0.0000000000000000000, -4.000000000000008900, 1.500000000000000400 ) ) ;
#1947 =( LENGTH_UNIT ( ) NAMED_UNIT ( * ) SI_UNIT ( .MILLI., .METRE. ) );
#1948 = CC_DESIGN_SECURITY_CLASSIFICATION ( #2031, ( #1816 ) ) ;
#1949 = CC_DESIGN_APPROVAL ( #1950, ( #2031 ) ) ;
#1950 = APPROVAL ( #1929, 'UNSPECIFIED' ) ;
#1951 = PRODUCT_RELATED_PRODUCT_CATEGORY ( 'detail', '', ( #1805 ) ) ;
#1952 = ADVANCED_FACE ( 'NONE', ( #241 ), #1, .T. ) ;
#1953 = ADVANCED_FACE ( 'NONE', ( #242 ), #197, .T. ) ;
#1954 = ADVANCED_FACE ( 'NONE', ( #218 ), #8, .T. ) ;
#1955 = ADVANCED_FACE ( 'NONE', ( #224 ), #196, .T. ) ;
#1956 = ADVANCED_FACE ( 'NONE', ( #244 ), #215, .T. ) ;
#1957 = ADVANCED_FACE ( 'NONE', ( #229 ), #225, .T. ) ;
#1958 = ADVANCED_FACE ( 'NONE', ( #202 ), #32, .F. ) ;
#1959 = ADVANCED_FACE ( 'NONE', ( #250 ), #226, .T. ) ;
#1960 = ADVANCED_FACE ( 'NONE', ( #200 ), #42, .F. ) ;
#1961 = ADVANCED_FACE ( 'NONE', ( #204 ), #191, .T. ) ;
#1962 = ADVANCED_FACE ( 'NONE', ( #219 ), #216, .T. ) ;
#1963 = ADVANCED_FACE ( 'NONE', ( #227 ), #222, .T. ) ;
#1964 = ADVANCED_FACE ( 'NONE', ( #252 ), #248, .T. ) ;
#1965 = ADVANCED_FACE ( 'NONE', ( #246 ), #257, .T. ) ;
#1966 = ADVANCED_FACE ( 'NONE', ( #220 ), #239, .T. ) ;
#1967 = ADVANCED_FACE ( 'NONE', ( #214 ), #198, .T. ) ;
#1968 = ADVANCED_FACE ( 'NONE', ( #203 ), #254, .T. ) ;
#1969 = ADVANCED_FACE ( 'NONE', ( #228 ), #221, .T. ) ;
#1970 = ADVANCED_FACE ( 'NONE', ( #230 ), #245, .T. ) ;
#1971 = ADVANCED_FACE ( 'NONE', ( #201 ), #259, .T. ) ;
#1972 = ADVANCED_FACE ( 'NONE', ( #256 ), #1800, .T. ) ;
#1973 = ADVANCED_FACE ( 'NONE', ( #205 ), #206, .T. ) ;
#1974 = ADVANCED_FACE ( 'NONE', ( #234 ), #207, .T. ) ;
#1975 = ADVANCED_FACE ( 'NONE', ( #208 ), #237, .T. ) ;
#1976 = ADVANCED_FACE ( 'NONE', ( #235 ), #1751, .F. ) ;
#1977 = ADVANCED_FACE ( 'NONE', ( #258 ), #190, .T. ) ;
#1978 = ADVANCED_FACE ( 'NONE', ( #231 ), #210, .T. ) ;
#1979 = ADVANCED_FACE ( 'NONE', ( #260 ), #209, .T. ) ;
#1980 = ADVANCED_FACE ( 'NONE', ( #238 ), #289, .T. ) ;
#1981 = ADVANCED_FACE ( 'NONE', ( #211 ), #266, .T. ) ;
#1982 = ADVANCED_FACE ( 'NONE', ( #240 ), #1785, .T. ) ;
#1983 = ADVANCED_FACE ( 'NONE', ( #292 ), #309, .T. ) ;
#1984 = ADVANCED_FACE ( 'NONE', ( #318 ), #302, .T. ) ;
#1985 = ADVANCED_FACE ( 'NONE', ( #189 ), #290, .T. ) ;
#1986 = ADVANCED_FACE ( 'NONE', ( #319 ), #282, .T. ) ;
#1987 = ADVANCED_FACE ( 'NONE', ( #284 ), #1780, .T. ) ;
#1988 = ADVANCED_FACE ( 'NONE', ( #295 ), #1791, .T. ) ;
#1989 = ADVANCED_FACE ( 'NONE', ( #296 ), #303, .T. ) ;
#1990 = ADVANCED_FACE ( 'NONE', ( #274 ), #1746, .F. ) ;
#1991 = ADVANCED_FACE ( 'NONE', ( #286 ), #311, .T. ) ;
#1992 = ADVANCED_FACE ( 'NONE', ( #272 ), #270, .T. ) ;
#1993 = ADVANCED_FACE ( 'NONE', ( #293 ), #1843, .T. ) ;
#1994 = ADVANCED_FACE ( 'NONE', ( #313 ), #314, .T. ) ;
#1995 = ADVANCED_FACE ( 'NONE', ( #280 ), #321, .T. ) ;
#1996 = ADVANCED_FACE ( 'NONE', ( #275 ), #264, .T. ) ;
#1997 = ADVANCED_FACE ( 'NONE', ( #304 ), #1862, .T. ) ;
#1998 = ADVANCED_FACE ( 'NONE', ( #322 ), #299, .T. ) ;
#1999 = ADVANCED_FACE ( 'NONE', ( #308 ), #294, .T. ) ;
#2000 = ADVANCED_FACE ( 'NONE', ( #305 ), #276, .T. ) ;
#2001 = ADVANCED_FACE ( 'NONE', ( #316 ), #317, .T. ) ;
#2002 = ADVANCED_FACE ( 'NONE', ( #281 ), #297, .T. ) ;
#2003 = ADVANCED_FACE ( 'NONE', ( #320 ), #307, .T. ) ;
#2004 = ADVANCED_FACE ( 'NONE', ( #287 ), #278, .T. ) ;
#2005 = ADVANCED_FACE ( 'NONE', ( #261 ), #312, .T. ) ;
#2006 = ADVANCED_FACE ( 'NONE', ( #315 ), #301, .T. ) ;
#2007 = ADVANCED_FACE ( 'NONE', ( #268 ), #310, .T. ) ;
#2008 = VERTEX_POINT ( 'NONE', #1836 ) ;
#2009 = VERTEX_POINT ( 'NONE', #1848 ) ;
#2010 = VERTEX_POINT ( 'NONE', #1855 ) ;
#2011 = VERTEX_POINT ( 'NONE', #1866 ) ;
#2012 = VERTEX_POINT ( 'NONE', #1878 ) ;
#2013 = VERTEX_POINT ( 'NONE', #1891 ) ;
#2014 = VERTEX_POINT ( 'NONE', #1832 ) ;
#2015 = VERTEX_POINT ( 'NONE', #1942 ) ;
#2016 = VERTEX_POINT ( 'NONE', #1945 ) ;
#2017 = ORIENTED_EDGE ( 'NONE', *, *, #760, .T. ) ;
#2018 = ORIENTED_EDGE ( 'NONE', *, *, #845, .F. ) ;
#2019 = ORIENTED_EDGE ( 'NONE', *, *, #812, .F. ) ;
#2020 = VERTEX_POINT ( 'NONE', #1934 ) ;
#2021 = VERTEX_POINT ( 'NONE', #1935 ) ;
#2022 = VERTEX_POINT ( 'NONE', #1939 ) ;
#2023 = VERTEX_POINT ( 'NONE', #1940 ) ;
#2024 = VERTEX_POINT ( 'NONE', #1941 ) ;
#2025 = VERTEX_POINT ( 'NONE', #1936 ) ;
#2026 = VERTEX_POINT ( 'NONE', #1938 ) ;
#2027 = VERTEX_POINT ( 'NONE', #1946 ) ;
#2028 = VERTEX_POINT ( 'NONE', #1937 ) ;
#2029 = VERTEX_POINT ( 'NONE', #1943 ) ;
#2030 = VERTEX_POINT ( 'NONE', #1944 ) ;
#2031 = SECURITY_CLASSIFICATION ( '', '', #1926 ) ;
#2032 = DIRECTION ( 'NONE',  ( 0.0000000000000000000, -1.000000000000000000, 0.0000000000000000000 ) ) ;
#2033 = DIRECTION ( 'NONE',  ( 0.0000000000000000000, -1.000000000000000000, 0.0000000000000000000 ) ) ;
#2034 = DIRECTION ( 'NONE',  ( 0.0000000000000000000, 0.0000000000000000000, -1.000000000000000000 ) ) ;
#2035 = CARTESIAN_POINT ( 'NONE',  ( -2.250000000000009300, 9.707106781186555000, 0.0000000000000000000 ) ) ;
#2036 = CARTESIAN_POINT ( 'NONE',  ( 3.749999999999990200, 9.707106781186555000, 0.0000000000000000000 ) ) ;
#2037 = DIRECTION ( 'NONE',  ( 0.0000000000000000000, 0.0000000000000000000, -1.000000000000000000 ) ) ;
#2038 = DIRECTION ( 'NONE',  ( 0.0000000000000000000, -1.000000000000000000, 0.0000000000000000000 ) ) ;
#2039 = DIRECTION ( 'NONE',  ( 0.0000000000000000000, 0.0000000000000000000, -1.000000000000000000 ) ) ;
#2040 = DIRECTION ( 'NONE',  ( 0.0000000000000000000, -1.000000000000000000, 0.0000000000000000000 ) ) ;
#2041 = CARTESIAN_POINT ( 'NONE',  ( 0.7499999999999911200, 9.707106781186555000, 0.0000000000000000000 ) ) ;
#2042 = CARTESIAN_POINT ( 'NONE',  ( -3.250000000000009300, 9.707106781186555000, 0.0000000000000000000 ) ) ;
#2043 = DIRECTION ( 'NONE',  ( 0.0000000000000000000, 0.0000000000000000000, -1.000000000000000000 ) ) ;
#2044 = CARTESIAN_POINT ( 'NONE',  ( -3.750000000000009300, 9.707106781186555000, 0.0000000000000000000 ) ) ;
#2045 = DIRECTION ( 'NONE',  ( 0.0000000000000000000, -1.000000000000000000, 0.0000000000000000000 ) ) ;
#2046 = DIRECTION ( 'NONE',  ( 0.0000000000000000000, 0.0000000000000000000, -1.000000000000000000 ) ) ;
#2047 = CARTESIAN_POINT ( 'NONE',  ( 3.499999999999990200, -8.999999999999996400, 0.0000000000000000000 ) ) ;
#2048 = CARTESIAN_POINT ( 'NONE',  ( -9.703609443745264700E-015, -4.000000000000008900, 0.0000000000000000000 ) ) ;
#2049 = CARTESIAN_POINT ( 'NONE',  ( 0.0000000000000000000, 9.000000000000003600, 0.0000000000000000000 ) ) ;
#2050 = DIRECTION ( 'NONE',  ( -0.0000000000000000000, 1.000000000000000000, -0.0000000000000000000 ) ) ;
#2051 = CARTESIAN_POINT ( 'NONE',  ( -2.500000000000009300, -8.645808232895284100, -1.530808498934194000E-017 ) ) ;
#2052 = CARTESIAN_POINT ( 'NONE',  ( 0.4999999999999906700, -8.999999999999996400, 0.0000000000000000000 ) ) ;
#2053 = CARTESIAN_POINT ( 'NONE',  ( 0.0000000000000000000, -8.999999999999996400, -1.500000000000004000 ) ) ;
#2054 = CARTESIAN_POINT ( 'NONE',  ( -1.500000000000008900, -8.874119674649417500, -1.530808498934194000E-017 ) ) ;
#2055 = CARTESIAN_POINT ( 'NONE',  ( 0.4999999999999911200, 8.986100377805710700, 0.06607557390410810600 ) ) ;
#2056 = CARTESIAN_POINT ( 'NONE',  ( 0.4728819342248866700, 8.987686777495925500, 0.1306739989050231800 ) ) ;
#2057 = CARTESIAN_POINT ( 'NONE',  ( 0.0000000000000000000, 0.0000000000000000000, -1.500000000000003600 ) ) ;
#2058 = DIRECTION ( 'NONE',  ( 0.0000000000000000000, -1.000000000000000000, 0.0000000000000000000 ) ) ;
#2059 = DIRECTION ( 'NONE',  ( 0.0000000000000000000, 1.000000000000000000, 0.0000000000000000000 ) ) ;
#2060 = DIRECTION ( 'NONE',  ( 2.478176394252574700E-016, -1.000000000000000000, -0.0000000000000000000 ) ) ;
#2061 = DIRECTION ( 'NONE',  ( -1.000000000000000000, 0.0000000000000000000, 0.0000000000000000000 ) ) ;
#2062 = CARTESIAN_POINT ( 'NONE',  ( 0.02666697427224590200, 9.000081761818307800, 0.1303062861212364900 ) ) ;
#2063 = CARTESIAN_POINT ( 'NONE',  ( -9.703609443745264700E-015, 9.707106781186555000, 0.0000000000000000000 ) ) ;
#2064 = CARTESIAN_POINT ( 'NONE',  ( 2.499999999999991100, 9.707106781186555000, 0.0000000000000000000 ) ) ;
#2065 = CARTESIAN_POINT ( 'NONE',  ( 0.9999999999999904500, -8.999999999999996400, 0.0000000000000000000 ) ) ;
#2066 = CARTESIAN_POINT ( 'NONE',  ( -2.500000000000009800, -3.122498999199203200, 0.0000000000000000000 ) ) ;
#2067 = CARTESIAN_POINT ( 'NONE',  ( -3.999999999999999100, -8.062257748298543800, 0.0000000000000000000 ) ) ;
#2068 = DIRECTION ( 'NONE',  ( -1.000000000000000000, 0.0000000000000000000, 0.0000000000000000000 ) ) ;
#2069 = CARTESIAN_POINT ( 'NONE',  ( 0.9999999999999902300, 9.707106781186555000, 0.0000000000000000000 ) ) ;
#2070 = DIRECTION ( 'NONE',  ( 0.0000000000000000000, 0.0000000000000000000, 1.000000000000000000 ) ) ;
#2071 = CARTESIAN_POINT ( 'NONE',  ( -3.999999999999999100, 3.500000000000008400, 0.0000000000000000000 ) ) ;
#2072 = CARTESIAN_POINT ( 'NONE',  ( 0.3154328562580383500, 8.994707133065141100, 0.2499390979363491600 ) ) ;
#2073 = CARTESIAN_POINT ( 'NONE',  ( 0.3806617078871243900, 8.992064701626638600, 0.2228891399007096300 ) ) ;
#2074 = CARTESIAN_POINT ( 'NONE',  ( -0.2500000000000093300, 4.000000000000008900, 0.0000000000000000000 ) ) ;
#2075 = CARTESIAN_POINT ( 'NONE',  ( 0.1201057627357332600, 8.999319832781196700, 0.2235729315211388800 ) ) ;
#2076 = CARTESIAN_POINT ( 'NONE',  ( 0.4999999999999911200, 8.986100377805710700, 0.0000000000000000000 ) ) ;
#2077 = CARTESIAN_POINT ( 'NONE',  ( 0.1850333522791355000, 8.998334121100654700, 0.2500606847132043100 ) ) ;
#2078 = CARTESIAN_POINT ( 'NONE',  ( -9.740031860477199600E-015, 8.999999999999998200, 0.06607458029627089100 ) ) ;
#2079 = CARTESIAN_POINT ( 'NONE',  ( -2.000000000000009800, -3.464101615137759300, 0.0000000000000000000 ) ) ;
#2080 = CARTESIAN_POINT ( 'NONE',  ( 0.2499999999999906700, -4.000000000000008900, 0.0000000000000000000 ) ) ;
#2081 = DIRECTION ( 'NONE',  ( 0.0000000000000000000, 0.0000000000000000000, -1.000000000000000000 ) ) ;
#2082 = DIRECTION ( 'NONE',  ( -0.0000000000000000000, 1.000000000000000000, -0.0000000000000000000 ) ) ;
#2083 = CARTESIAN_POINT ( 'NONE',  ( 2.999999999999990700, -8.999999999999996400, 0.0000000000000000000 ) ) ;
#2084 = CARTESIAN_POINT ( 'NONE',  ( 0.0000000000000000000, 4.000000000000008900, 1.500000000000000400 ) ) ;
#2085 = DIRECTION ( 'NONE',  ( -1.000000000000000000, -2.478176394252574700E-016, 0.0000000000000000000 ) ) ;
ENDSEC;
END-ISO-10303-21;
