ISO-10303-21;
HEADER;
FILE_DESCRIPTION (( 'STEP AP203' ),
    '1' );
FILE_NAME ('ALP1502.STEP',
    '2017-02-06T18:44:09',
    ( '' ),
    ( '' ),
    'SwSTEP 2.0',
    'SolidWorks 2012',
    '' );
FILE_SCHEMA (( 'CONFIG_CONTROL_DESIGN' ));
ENDSEC;

DATA;
#1 = PERSON_AND_ORGANIZATION ( #666, #12 ) ;
#2 = APPROVAL_DATE_TIME ( #135, #1953 ) ;
#3 = PERSON_AND_ORGANIZATION ( #666, #12 ) ;
#4 = PERSON_AND_ORGANIZATION ( #666, #12 ) ;
#5 = COORDINATED_UNIVERSAL_TIME_OFFSET ( 1, 0, .AHEAD. ) ;
#6 = LOCAL_TIME ( 19, 44, 9.000000000000000000, #5 ) ;
#7 = CALENDAR_DATE ( 2017, 6, 2 ) ;
#8 = DATE_AND_TIME ( #7, #6 ) ;
#9 = PERSON_AND_ORGANIZATION ( #666, #12 ) ;
#10 = SHAPE_REPRESENTATION_RELATIONSHIP ( 'NONE' , 'NONE' ,  #1636, #1188 ) ;
#11 = SHAPE_DEFINITION_REPRESENTATION ( #1690, #1633 ) ;
#12 = ORGANIZATION ( 'UNSPECIFIED', 'UNSPECIFIED', '' ) ;
#13 = SHAPE_DEFINITION_REPRESENTATION ( #1695, #1636 ) ;
#14 = SHAPE_DEFINITION_REPRESENTATION ( #1691, #1634 ) ;
#15 = DATE_AND_TIME ( #29, #28 ) ;
#16 = APPROVAL_DATE_TIME ( #39, #1922 ) ;
#17 = PERSON_AND_ORGANIZATION ( #666, #12 ) ;
#18 = LOCAL_TIME ( 19, 44, 9.000000000000000000, #40 ) ;
#19 = PERSON_AND_ORGANIZATION ( #666, #12 ) ;
#20 = COORDINATED_UNIVERSAL_TIME_OFFSET ( 1, 0, .AHEAD. ) ;
#21 = LOCAL_TIME ( 19, 44, 9.000000000000000000, #20 ) ;
#22 = CALENDAR_DATE ( 2017, 6, 2 ) ;
#23 = DATE_AND_TIME ( #22, #21 ) ;
#24 = COORDINATED_UNIVERSAL_TIME_OFFSET ( 1, 0, .AHEAD. ) ;
#25 = APPROVAL_DATE_TIME ( #23, #1924 ) ;
#26 = PERSON_AND_ORGANIZATION ( #666, #12 ) ;
#27 = PERSON_AND_ORGANIZATION ( #666, #12 ) ;
#28 = LOCAL_TIME ( 19, 44, 9.000000000000000000, #24 ) ;
#29 = CALENDAR_DATE ( 2017, 6, 2 ) ;
#30 = PERSON_AND_ORGANIZATION ( #666, #12 ) ;
#31 = COORDINATED_UNIVERSAL_TIME_OFFSET ( 1, 0, .AHEAD. ) ;
#32 = LOCAL_TIME ( 19, 44, 9.000000000000000000, #31 ) ;
#33 = CALENDAR_DATE ( 2017, 6, 2 ) ;
#34 = DATE_AND_TIME ( #33, #32 ) ;
#35 = PERSON_AND_ORGANIZATION ( #666, #12 ) ;
#36 = APPROVAL_PERSON_ORGANIZATION ( #19, #1924, #1014 ) ;
#37 = PERSON_AND_ORGANIZATION ( #666, #12 ) ;
#38 = CALENDAR_DATE ( 2017, 6, 2 ) ;
#39 = DATE_AND_TIME ( #38, #18 ) ;
#40 = COORDINATED_UNIVERSAL_TIME_OFFSET ( 1, 0, .AHEAD. ) ;
#41 = PERSON_AND_ORGANIZATION ( #666, #12 ) ;
#42 = APPROVAL_PERSON_ORGANIZATION ( #37, #1922, #1045 ) ;
#43 = APPROVAL_PERSON_ORGANIZATION ( #35, #1920, #1033 ) ;
#44 = COORDINATED_UNIVERSAL_TIME_OFFSET ( 1, 0, .AHEAD. ) ;
#45 = LOCAL_TIME ( 19, 44, 9.000000000000000000, #44 ) ;
#46 = PERSON_AND_ORGANIZATION ( #666, #12 ) ;
#47 = PERSON_AND_ORGANIZATION ( #666, #12 ) ;
#48 = APPROVAL_PERSON_ORGANIZATION ( #47, #1931, #1082 ) ;
#49 = COORDINATED_UNIVERSAL_TIME_OFFSET ( 1, 0, .AHEAD. ) ;
#50 = LOCAL_TIME ( 19, 44, 9.000000000000000000, #49 ) ;
#51 = CALENDAR_DATE ( 2017, 6, 2 ) ;
#52 = PERSON_AND_ORGANIZATION ( #666, #12 ) ;
#53 = COORDINATED_UNIVERSAL_TIME_OFFSET ( 1, 0, .AHEAD. ) ;
#54 = LOCAL_TIME ( 19, 44, 9.000000000000000000, #53 ) ;
#55 = CALENDAR_DATE ( 2017, 6, 2 ) ;
#56 = DATE_AND_TIME ( #55, #54 ) ;
#57 = PERSON_AND_ORGANIZATION ( #666, #12 ) ;
#58 = APPROVAL_PERSON_ORGANIZATION ( #57, #1932, #1122 ) ;
#59 = APPROVAL_DATE_TIME ( #62, #1931 ) ;
#60 = COORDINATED_UNIVERSAL_TIME_OFFSET ( 1, 0, .AHEAD. ) ;
#61 = LOCAL_TIME ( 19, 44, 9.000000000000000000, #60 ) ;
#62 = DATE_AND_TIME ( #51, #50 ) ;
#63 = APPROVAL_DATE_TIME ( #64, #1920 ) ;
#64 = DATE_AND_TIME ( #65, #45 ) ;
#65 = CALENDAR_DATE ( 2017, 6, 2 ) ;
#66 = PERSON_AND_ORGANIZATION ( #666, #12 ) ;
#67 = APPROVAL_PERSON_ORGANIZATION ( #66, #1954, #1096 ) ;
#68 = CALENDAR_DATE ( 2017, 6, 2 ) ;
#69 = COORDINATED_UNIVERSAL_TIME_OFFSET ( 1, 0, .AHEAD. ) ;
#70 = LOCAL_TIME ( 19, 44, 9.000000000000000000, #78 ) ;
#71 = LOCAL_TIME ( 19, 44, 9.000000000000000000, #69 ) ;
#72 = CALENDAR_DATE ( 2017, 6, 2 ) ;
#73 = DATE_AND_TIME ( #72, #91 ) ;
#74 = APPROVAL_DATE_TIME ( #73, #1951 ) ;
#75 = PERSON_AND_ORGANIZATION ( #666, #12 ) ;
#76 = PERSON_AND_ORGANIZATION ( #666, #12 ) ;
#77 = LOCAL_TIME ( 19, 44, 9.000000000000000000, #98 ) ;
#78 = COORDINATED_UNIVERSAL_TIME_OFFSET ( 1, 0, .AHEAD. ) ;
#79 = PERSON_AND_ORGANIZATION ( #666, #12 ) ;
#80 = PERSON_AND_ORGANIZATION ( #666, #12 ) ;
#81 = DATE_AND_TIME ( #96, #61 ) ;
#82 = DATE_AND_TIME ( #103, #102 ) ;
#83 = DATE_AND_TIME ( #86, #70 ) ;
#84 = APPROVAL_PERSON_ORGANIZATION ( #79, #1951, #1086 ) ;
#85 = COORDINATED_UNIVERSAL_TIME_OFFSET ( 1, 0, .AHEAD. ) ;
#86 = CALENDAR_DATE ( 2017, 6, 2 ) ;
#87 = PERSON_AND_ORGANIZATION ( #666, #12 ) ;
#88 = DATE_AND_TIME ( #68, #92 ) ;
#89 = CALENDAR_DATE ( 2017, 6, 2 ) ;
#90 = DATE_AND_TIME ( #89, #71 ) ;
#91 = LOCAL_TIME ( 19, 44, 9.000000000000000000, #85 ) ;
#92 = LOCAL_TIME ( 19, 44, 9.000000000000000000, #101 ) ;
#93 = APPROVAL_DATE_TIME ( #83, #1954 ) ;
#94 = APPROVAL_PERSON_ORGANIZATION ( #106, #1961, #1131 ) ;
#95 = PERSON_AND_ORGANIZATION ( #666, #12 ) ;
#96 = CALENDAR_DATE ( 2017, 6, 2 ) ;
#97 = COORDINATED_UNIVERSAL_TIME_OFFSET ( 1, 0, .AHEAD. ) ;
#98 = COORDINATED_UNIVERSAL_TIME_OFFSET ( 1, 0, .AHEAD. ) ;
#99 = APPROVAL_DATE_TIME ( #81, #1932 ) ;
#100 = PERSON_AND_ORGANIZATION ( #666, #12 ) ;
#101 = COORDINATED_UNIVERSAL_TIME_OFFSET ( 1, 0, .AHEAD. ) ;
#102 = LOCAL_TIME ( 19, 44, 9.000000000000000000, #97 ) ;
#103 = CALENDAR_DATE ( 2017, 6, 2 ) ;
#104 = APPROVAL_DATE_TIME ( #82, #1961 ) ;
#105 = PERSON_AND_ORGANIZATION ( #666, #12 ) ;
#106 = PERSON_AND_ORGANIZATION ( #666, #12 ) ;
#107 = PERSON_AND_ORGANIZATION ( #666, #12 ) ;
#108 = DATE_AND_TIME ( #123, #128 ) ;
#109 = APPROVAL_PERSON_ORGANIZATION ( #110, #1965, #1090 ) ;
#110 = PERSON_AND_ORGANIZATION ( #666, #12 ) ;
#111 = LOCAL_TIME ( 19, 44, 9.000000000000000000, #129 ) ;
#112 = DATE_AND_TIME ( #119, #111 ) ;
#113 = APPROVAL_DATE_TIME ( #112, #1965 ) ;
#114 = PERSON_AND_ORGANIZATION ( #666, #12 ) ;
#115 = COORDINATED_UNIVERSAL_TIME_OFFSET ( 1, 0, .AHEAD. ) ;
#116 = LOCAL_TIME ( 19, 44, 9.000000000000000000, #115 ) ;
#117 = CALENDAR_DATE ( 2017, 6, 2 ) ;
#118 = DATE_AND_TIME ( #117, #116 ) ;
#119 = CALENDAR_DATE ( 2017, 6, 2 ) ;
#120 = PERSON_AND_ORGANIZATION ( #666, #12 ) ;
#121 = DATE_AND_TIME ( #126, #77 ) ;
#122 = COORDINATED_UNIVERSAL_TIME_OFFSET ( 1, 0, .AHEAD. ) ;
#123 = CALENDAR_DATE ( 2017, 6, 2 ) ;
#124 = APPROVAL_PERSON_ORGANIZATION ( #127, #1945, #1100 ) ;
#125 = PERSON_AND_ORGANIZATION ( #666, #12 ) ;
#126 = CALENDAR_DATE ( 2017, 6, 2 ) ;
#127 = PERSON_AND_ORGANIZATION ( #666, #12 ) ;
#128 = LOCAL_TIME ( 19, 44, 9.000000000000000000, #122 ) ;
#129 = COORDINATED_UNIVERSAL_TIME_OFFSET ( 1, 0, .AHEAD. ) ;
#130 = APPROVAL_DATE_TIME ( #108, #1945 ) ;
#131 = APPROVAL_PERSON_ORGANIZATION ( #120, #1953, #1104 ) ;
#132 = LOCAL_TIME ( 19, 44, 9.000000000000000000, #133 ) ;
#133 = COORDINATED_UNIVERSAL_TIME_OFFSET ( 1, 0, .AHEAD. ) ;
#134 = CALENDAR_DATE ( 2017, 6, 2 ) ;
#135 = DATE_AND_TIME ( #134, #132 ) ;
#136 = SHAPE_REPRESENTATION_RELATIONSHIP ( 'NONE' , 'NONE' ,  #1635, #1203 ) ;
#137 = VECTOR ( 'NONE', #302, 1000.000000000000000 ) ;
#138 = LINE ( 'NONE', #619, #174 ) ;
#139 = LINE ( 'NONE', #285, #177 ) ;
#140 = VECTOR ( 'NONE', #328, 1000.000000000000000 ) ;
#141 = VECTOR ( 'NONE', #372, 1000.000000000000000 ) ;
#142 = LINE ( 'NONE', #378, #151 ) ;
#143 = LINE ( 'NONE', #379, #160 ) ;
#144 = CIRCLE ( 'NONE', #1856, 4.500000000000000900 ) ;
#145 = CIRCLE ( 'NONE', #1855, 4.500000000000003600 ) ;
#146 = VECTOR ( 'NONE', #327, 1000.000000000000000 ) ;
#147 = LINE ( 'NONE', #349, #146 ) ;
#148 = CIRCLE ( 'NONE', #1842, 4.500000000000000900 ) ;
#149 = CIRCLE ( 'NONE', #1867, 2.899999999999999900 ) ;
#150 = LINE ( 'NONE', #362, #166 ) ;
#151 = VECTOR ( 'NONE', #384, 1000.000000000000000 ) ;
#152 = LINE ( 'NONE', #706, #155 ) ;
#153 = CIRCLE ( 'NONE', #1847, 2.499999999999998200 ) ;
#154 = CIRCLE ( 'NONE', #1860, 2.899999999999999900 ) ;
#155 = VECTOR ( 'NONE', #716, 1000.000000000000000 ) ;
#156 = VECTOR ( 'NONE', #312, 1000.000000000000000 ) ;
#157 = CIRCLE ( 'NONE', #1836, 5.000000000000000000 ) ;
#158 = LINE ( 'NONE', #366, #178 ) ;
#159 = LINE ( 'NONE', #371, #141 ) ;
#160 = VECTOR ( 'NONE', #383, 1000.000000000000100 ) ;
#161 = LINE ( 'NONE', #322, #167 ) ;
#162 = VECTOR ( 'NONE', #309, 1000.000000000000000 ) ;
#163 = VECTOR ( 'NONE', #709, 1000.000000000000000 ) ;
#164 = CIRCLE ( 'NONE', #1841, 2.499999999999998200 ) ;
#165 = LINE ( 'NONE', #294, #162 ) ;
#166 = VECTOR ( 'NONE', #351, 1000.000000000000100 ) ;
#167 = VECTOR ( 'NONE', #298, 1000.000000000000000 ) ;
#168 = VECTOR ( 'NONE', #694, 1000.000000000000000 ) ;
#169 = LINE ( 'NONE', #356, #140 ) ;
#170 = LINE ( 'NONE', #711, #168 ) ;
#171 = LINE ( 'NONE', #712, #163 ) ;
#172 = LINE ( 'NONE', #631, #156 ) ;
#173 = CIRCLE ( 'NONE', #1828, 2.899999999999999900 ) ;
#174 = VECTOR ( 'NONE', #625, 1000.000000000000000 ) ;
#175 = CIRCLE ( 'NONE', #1827, 0.8999999999999910300 ) ;
#176 = LINE ( 'NONE', #306, #137 ) ;
#177 = VECTOR ( 'NONE', #318, 1000.000000000000000 ) ;
#178 = VECTOR ( 'NONE', #373, 1000.000000000000000 ) ;
#179 = CIRCLE ( 'NONE', #1854, 0.8999999999999910300 ) ;
#180 = LINE ( 'NONE', #676, #226 ) ;
#181 = LINE ( 'NONE', #762, #197 ) ;
#182 = LINE ( 'NONE', #703, #228 ) ;
#183 = VECTOR ( 'NONE', #680, 1000.000000000000100 ) ;
#184 = LINE ( 'NONE', #770, #229 ) ;
#185 = LINE ( 'NONE', #685, #186 ) ;
#186 = VECTOR ( 'NONE', #688, 1000.000000000000000 ) ;
#187 = CIRCLE ( 'NONE', #1869, 5.000000000000000000 ) ;
#188 = VECTOR ( 'NONE', #789, 1000.000000000000000 ) ;
#189 = CIRCLE ( 'NONE', #1879, 2.899999999999999900 ) ;
#190 = CIRCLE ( 'NONE', #1886, 5.000000000000000000 ) ;
#191 = CIRCLE ( 'NONE', #1880, 0.4500000000000003400 ) ;
#192 = CIRCLE ( 'NONE', #1858, 4.500000000000000900 ) ;
#193 = LINE ( 'NONE', #727, #196 ) ;
#194 = CIRCLE ( 'NONE', #1857, 2.499999999999997800 ) ;
#195 = VECTOR ( 'NONE', #870, 1000.000000000000000 ) ;
#196 = VECTOR ( 'NONE', #744, 1000.000000000000000 ) ;
#197 = VECTOR ( 'NONE', #717, 1000.000000000000000 ) ;
#198 = LINE ( 'NONE', #735, #232 ) ;
#199 = LINE ( 'NONE', #829, #227 ) ;
#200 = LINE ( 'NONE', #674, #233 ) ;
#201 = LINE ( 'NONE', #775, #188 ) ;
#202 = LINE ( 'NONE', #835, #206 ) ;
#203 = LINE ( 'NONE', #669, #234 ) ;
#204 = LINE ( 'NONE', #847, #207 ) ;
#205 = LINE ( 'NONE', #673, #236 ) ;
#206 = VECTOR ( 'NONE', #837, 1000.000000000000000 ) ;
#207 = VECTOR ( 'NONE', #861, 1000.000000000000000 ) ;
#208 = LINE ( 'NONE', #844, #209 ) ;
#209 = VECTOR ( 'NONE', #838, 1000.000000000000000 ) ;
#210 = VECTOR ( 'NONE', #731, 1000.000000000000000 ) ;
#211 = LINE ( 'NONE', #839, #212 ) ;
#212 = VECTOR ( 'NONE', #840, 1000.000000000000100 ) ;
#213 = CIRCLE ( 'NONE', #1868, 4.500000000000003600 ) ;
#214 = VECTOR ( 'NONE', #672, 1000.000000000000000 ) ;
#215 = LINE ( 'NONE', #858, #217 ) ;
#216 = CIRCLE ( 'NONE', #1859, 2.499999999999997800 ) ;
#217 = VECTOR ( 'NONE', #860, 1000.000000000000000 ) ;
#218 = LINE ( 'NONE', #841, #220 ) ;
#219 = LINE ( 'NONE', #843, #195 ) ;
#220 = VECTOR ( 'NONE', #866, 1000.000000000000000 ) ;
#221 = LINE ( 'NONE', #701, #214 ) ;
#222 = LINE ( 'NONE', #848, #230 ) ;
#223 = LINE ( 'NONE', #849, #224 ) ;
#224 = VECTOR ( 'NONE', #871, 1000.000000000000000 ) ;
#225 = LINE ( 'NONE', #750, #210 ) ;
#226 = VECTOR ( 'NONE', #678, 1000.000000000000100 ) ;
#227 = VECTOR ( 'NONE', #868, 1000.000000000000000 ) ;
#228 = VECTOR ( 'NONE', #708, 1000.000000000000000 ) ;
#229 = VECTOR ( 'NONE', #825, 1000.000000000000000 ) ;
#230 = VECTOR ( 'NONE', #881, 1000.000000000000000 ) ;
#231 = LINE ( 'NONE', #885, #250 ) ;
#232 = VECTOR ( 'NONE', #738, 1000.000000000000000 ) ;
#233 = VECTOR ( 'NONE', #697, 1000.000000000000000 ) ;
#234 = VECTOR ( 'NONE', #713, 1000.000000000000000 ) ;
#235 = LINE ( 'NONE', #715, #183 ) ;
#236 = VECTOR ( 'NONE', #675, 1000.000000000000000 ) ;
#237 = VECTOR ( 'NONE', #906, 999.9999999999998900 ) ;
#238 = CIRCLE ( 'NONE', #1894, 4.500000000000000900 ) ;
#239 = CIRCLE ( 'NONE', #1895, 2.445500000000003100 ) ;
#240 = LINE ( 'NONE', #895, #247 ) ;
#241 = CIRCLE ( 'NONE', #1893, 4.500000000000000900 ) ;
#242 = CIRCLE ( 'NONE', #1875, 3.000000000000002700 ) ;
#243 = VECTOR ( 'NONE', #946, 1000.000000000000000 ) ;
#244 = CIRCLE ( 'NONE', #1874, 2.499999999999998200 ) ;
#245 = LINE ( 'NONE', #874, #254 ) ;
#246 = CIRCLE ( 'NONE', #1872, 3.024999999999999900 ) ;
#247 = VECTOR ( 'NONE', #899, 999.9999999999998900 ) ;
#248 = LINE ( 'NONE', #901, #237 ) ;
#249 = CIRCLE ( 'NONE', #1887, 4.500000000000000900 ) ;
#250 = VECTOR ( 'NONE', #886, 1000.000000000000100 ) ;
#251 = CIRCLE ( 'NONE', #1882, 3.000000000000002700 ) ;
#252 = CIRCLE ( 'NONE', #1881, 0.4500000000000003400 ) ;
#253 = CIRCLE ( 'NONE', #1891, 4.500000000000000900 ) ;
#254 = VECTOR ( 'NONE', #889, 999.9999999999998900 ) ;
#255 = CIRCLE ( 'NONE', #1878, 3.000000000000002700 ) ;
#256 = LINE ( 'NONE', #945, #243 ) ;
#257 = LINE ( 'NONE', #897, #258 ) ;
#258 = VECTOR ( 'NONE', #908, 1000.000000000000000 ) ;
#259 = VECTOR ( 'NONE', #951, 1000.000000000000000 ) ;
#260 = LINE ( 'NONE', #971, #261 ) ;
#261 = VECTOR ( 'NONE', #972, 1000.000000000000000 ) ;
#262 = CIRCLE ( 'NONE', #1888, 3.000000000000002700 ) ;
#263 = LINE ( 'NONE', #1000, #266 ) ;
#264 = CIRCLE ( 'NONE', #1883, 3.024999999999999900 ) ;
#265 = SHAPE_REPRESENTATION_RELATIONSHIP ( 'NONE' , 'NONE' ,  #1633, #1207 ) ;
#266 = VECTOR ( 'NONE', #995, 1000.000000000000000 ) ;
#267 = LINE ( 'NONE', #968, #269 ) ;
#268 = VECTOR ( 'NONE', #936, 1000.000000000000000 ) ;
#269 = VECTOR ( 'NONE', #973, 1000.000000000000000 ) ;
#270 = CIRCLE ( 'NONE', #1892, 2.499999999999998200 ) ;
#271 = LINE ( 'NONE', #912, #268 ) ;
#272 = CIRCLE ( 'NONE', #1896, 3.024999999999999900 ) ;
#273 = LINE ( 'NONE', #944, #259 ) ;
#274 = VECTOR ( 'NONE', #1041, 1000.000000000000000 ) ;
#275 = CIRCLE ( 'NONE', #1897, 2.445500000000003100 ) ;
#276 = LINE ( 'NONE', #1061, #274 ) ;
#277 = DIRECTION ( 'NONE',  ( 1.000000000000000000, 0.0000000000000000000, 0.0000000000000000000 ) ) ;
#278 = CARTESIAN_POINT ( 'NONE',  ( 4.392716636401102500, 6.837167941606587400, 0.9946631467286266600 ) ) ;
#279 = CARTESIAN_POINT ( 'NONE',  ( 4.485839114383846700, 6.978875921350436300, 0.4089653168867749000 ) ) ;
#280 = CARTESIAN_POINT ( 'NONE',  ( 4.295391822588473300, 6.684024064365552900, -1.354822827142763400 ) ) ;
#281 = CARTESIAN_POINT ( 'NONE',  ( 0.0000000000000000000, 13.07499999999999800, 0.0000000000000000000 ) ) ;
#282 = CARTESIAN_POINT ( 'NONE',  ( 3.678763937975814400, 5.517699892597609500, -2.594826605443717700 ) ) ;
#283 = CARTESIAN_POINT ( 'NONE',  ( 4.106960364004744500, 6.371632975818433100, 1.847173684076342400 ) ) ;
#284 = CARTESIAN_POINT ( 'NONE',  ( 4.499840555982989300, 6.999760833883359900, 0.2055320918282239300 ) ) ;
#285 = CARTESIAN_POINT ( 'NONE',  ( -6.801778715335158800, 13.60000000000000000, -1.000000000000000200 ) ) ;
#286 = CARTESIAN_POINT ( 'NONE',  ( 3.354101966249685200, 4.000000000000000900, -3.000000000000000000 ) ) ;
#287 = DIRECTION ( 'NONE',  ( -0.0000000000000000000, -0.0000000000000000000, -1.000000000000000000 ) ) ;
#288 = DIRECTION ( 'NONE',  ( 1.000000000000000000, 0.0000000000000000000, 0.0000000000000000000 ) ) ;
#289 = CARTESIAN_POINT ( 'NONE',  ( 3.893604577299805600, 5.980686825392111500, -2.261175549762569000 ) ) ;
#290 = CARTESIAN_POINT ( 'NONE',  ( 4.037463627868616500, 6.250370076368324300, 1.993017260663770200 ) ) ;
#291 = CARTESIAN_POINT ( 'NONE',  ( 4.486268577481871100, 6.979518243955987500, -0.4038509358377459500 ) ) ;
#292 = CARTESIAN_POINT ( 'NONE',  ( 3.354101966249684700, 4.204974276344808400, -3.000000000000000400 ) ) ;
#293 = CARTESIAN_POINT ( 'NONE',  ( 3.493318751439892000, 4.990784989619990100, -2.838286884987125900 ) ) ;
#294 = CARTESIAN_POINT ( 'NONE',  ( 5.000000000000000000, 0.0000000000000000000, 19.00000000000000000 ) ) ;
#295 = CARTESIAN_POINT ( 'NONE',  ( 4.235166310274896900, 6.587306169777921400, 1.530535976369936000 ) ) ;
#296 = CARTESIAN_POINT ( 'NONE',  ( 4.500156688889617800, 7.000235033424757200, -0.1984899127981738000 ) ) ;
#297 = CARTESIAN_POINT ( 'NONE',  ( 3.373104120945487500, 4.406669099694603600, -2.979097111531846300 ) ) ;
#298 = DIRECTION ( 'NONE',  ( -0.0000000000000000000, 1.000000000000000000, -0.0000000000000000000 ) ) ;
#299 = CARTESIAN_POINT ( 'NONE',  ( 4.236904390752728800, 6.590158996086366000, -1.525836753830672100 ) ) ;
#300 = CARTESIAN_POINT ( 'NONE',  ( 4.394118131813836900, 6.839342956542688900, -0.9887677412678519400 ) ) ;
#301 = CARTESIAN_POINT ( 'NONE',  ( 3.442841593781891700, 4.800441494290260500, -2.898222346681183800 ) ) ;
#302 = DIRECTION ( 'NONE',  ( 1.000000000000000000, 0.0000000000000000000, 0.0000000000000000000 ) ) ;
#303 = CARTESIAN_POINT ( 'NONE',  ( 0.0000000000000000000, 0.0000000000000000000, 19.00000000000000000 ) ) ;
#304 = CARTESIAN_POINT ( 'NONE',  ( 4.431866775900934000, 6.896962601415472300, 0.8053335155187554300 ) ) ;
#305 = CARTESIAN_POINT ( 'NONE',  ( 4.037216138709685400, 6.249906186170841600, -1.993478698295046300 ) ) ;
#306 = CARTESIAN_POINT ( 'NONE',  ( -6.801778715335158800, 12.60000000000000000, 0.9999999999999997800 ) ) ;
#307 = DIRECTION ( 'NONE',  ( 0.0000000000000000000, 0.0000000000000000000, 1.000000000000000000 ) ) ;
#308 = DIRECTION ( 'NONE',  ( 1.000000000000000000, 0.0000000000000000000, 0.0000000000000000000 ) ) ;
#309 = DIRECTION ( 'NONE',  ( 0.0000000000000000000, 0.0000000000000000000, 1.000000000000000000 ) ) ;
#310 = DIRECTION ( 'NONE',  ( -0.0000000000000000000, 1.000000000000000000, -0.0000000000000000000 ) ) ;
#311 = CARTESIAN_POINT ( 'NONE',  ( 3.820500027972058500, 5.834755928284182300, -2.381220015020746300 ) ) ;
#312 = DIRECTION ( 'NONE',  ( -0.0000000000000000000, -1.000000000000000000, -0.0000000000000000000 ) ) ;
#313 = DIRECTION ( 'NONE',  ( 0.0000000000000000000, 0.0000000000000000000, 1.000000000000000000 ) ) ;
#314 = CARTESIAN_POINT ( 'NONE',  ( 0.0000000000000000000, 0.0000000000000000000, 0.0000000000000000000 ) ) ;
#315 = CARTESIAN_POINT ( 'NONE',  ( 4.108183965203631200, 6.373760792620778700, -1.844549029915992300 ) ) ;
#316 = CARTESIAN_POINT ( 'NONE',  ( 4.294492291197362200, 6.682578334423558500, 1.357442515917918600 ) ) ;
#317 = CARTESIAN_POINT ( 'NONE',  ( 3.610764232794232900, 5.347589455776812000, -2.687290456170556800 ) ) ;
#318 = DIRECTION ( 'NONE',  ( -1.000000000000000000, -0.0000000000000000000, -0.0000000000000000000 ) ) ;
#319 = CARTESIAN_POINT ( 'NONE',  ( 0.0000000000000000000, 0.0000000000000000000, 19.00000000000000000 ) ) ;
#320 = DIRECTION ( 'NONE',  ( 0.0000000000000000000, 0.0000000000000000000, 1.000000000000000000 ) ) ;
#321 = DIRECTION ( 'NONE',  ( 1.000000000000000000, 0.0000000000000000000, 0.0000000000000000000 ) ) ;
#322 = CARTESIAN_POINT ( 'NONE',  ( 0.0000000000000000000, 13.60000000000000000, 2.499999999999997800 ) ) ;
#323 = CARTESIAN_POINT ( 'NONE',  ( 4.433018197401493100, 6.898719295699074800, -0.7987809394229754600 ) ) ;
#324 = CARTESIAN_POINT ( 'NONE',  ( 0.0000000000000000000, 0.0000000000000000000, 2.000000000000001800 ) ) ;
#325 = CARTESIAN_POINT ( 'NONE',  ( 3.819925657321496400, 2.166491699013183500, 2.382106101433536100 ) ) ;
#326 = CARTESIAN_POINT ( 'NONE',  ( 0.0000000000000000000, 13.60000000000000000, 0.0000000000000000000 ) ) ;
#327 = DIRECTION ( 'NONE',  ( -0.7071067811865487900, 8.659560562354948900E-017, 0.7071067811865463500 ) ) ;
#328 = DIRECTION ( 'NONE',  ( 0.0000000000000000000, 0.7071067811865435800, 0.7071067811865515700 ) ) ;
#329 = DIRECTION ( 'NONE',  ( 0.0000000000000000000, 1.000000000000000000, 0.0000000000000000000 ) ) ;
#330 = CARTESIAN_POINT ( 'NONE',  ( 3.677903756494956200, 2.484356445238787200, -2.596050380227390900 ) ) ;
#331 = CARTESIAN_POINT ( 'NONE',  ( 3.443012004808892800, 3.199061820158823500, 2.898017432815956300 ) ) ;
#332 = DIRECTION ( 'NONE',  ( 0.0000000000000000000, 0.0000000000000000000, 1.000000000000000000 ) ) ;
#333 = CARTESIAN_POINT ( 'NONE',  ( 3.611858490924554100, 2.649424692269693800, 2.685837240897779800 ) ) ;
#334 = CARTESIAN_POINT ( 'NONE',  ( 3.373456882231598500, 3.590876988003752800, 2.978695246225703900 ) ) ;
#335 = DIRECTION ( 'NONE',  ( 0.0000000000000000000, 1.000000000000000000, 0.0000000000000000000 ) ) ;
#336 = DIRECTION ( 'NONE',  ( 0.0000000000000000000, 0.0000000000000000000, 1.000000000000000000 ) ) ;
#337 = CARTESIAN_POINT ( 'NONE',  ( 3.354101966249685200, 4.000000000000000900, -3.000000000000000000 ) ) ;
#338 = CARTESIAN_POINT ( 'NONE',  ( 3.492561922117416500, 3.011796939051763400, -2.839221480179358300 ) ) ;
#339 = CARTESIAN_POINT ( 'NONE',  ( 3.354101966249685200, 3.796311925801672400, 2.999999999999999100 ) ) ;
#340 = CARTESIAN_POINT ( 'NONE',  ( 3.493848759996895500, 3.007270902451805400, 2.837651191624043000 ) ) ;
#341 = DIRECTION ( 'NONE',  ( 0.0000000000000000000, 0.0000000000000000000, 1.000000000000000000 ) ) ;
#342 = CARTESIAN_POINT ( 'NONE',  ( 4.110053005663695000, 1.613703132238446100, 1.857438836934856500 ) ) ;
#343 = CARTESIAN_POINT ( 'NONE',  ( 4.499633655127072800, 1.000549518359253200, -0.2124921526933767100 ) ) ;
#344 = CARTESIAN_POINT ( 'NONE',  ( 0.0000000000000000000, 13.07499999999999800, 0.0000000000000000000 ) ) ;
#345 = CARTESIAN_POINT ( 'NONE',  ( 3.610166678243712300, 2.653946526120082500, -2.688096714896087500 ) ) ;
#346 = CARTESIAN_POINT ( 'NONE',  ( 3.373073821132752200, 3.594264068117257500, -2.979120440002564200 ) ) ;
#347 = CARTESIAN_POINT ( 'NONE',  ( 4.235863475345325000, 1.411551951034047100, -1.528637658855877400 ) ) ;
#348 = CARTESIAN_POINT ( 'NONE',  ( 3.678895991196878200, 2.482042037351178000, 2.594607059249141900 ) ) ;
#349 = CARTESIAN_POINT ( 'NONE',  ( -2.899999999999999900, 3.551475717527323800E-016, 2.000000000000001800 ) ) ;
#350 = DIRECTION ( 'NONE',  ( -0.0000000000000000000, 1.000000000000000000, -0.0000000000000000000 ) ) ;
#351 = DIRECTION ( 'NONE',  ( 0.0000000000000000000, 0.8660254037844386000, 0.4999999999999999400 ) ) ;
#352 = CARTESIAN_POINT ( 'NONE',  ( 3.819811542812975100, 2.166653451838213700, -2.382329405458289500 ) ) ;
#353 = CARTESIAN_POINT ( 'NONE',  ( 4.247385222402824600, 1.391476167410433500, 1.533412340954915900 ) ) ;
#354 = CARTESIAN_POINT ( 'NONE',  ( 4.036543311948448400, 1.751299011970422600, -1.994831985725327600 ) ) ;
#355 = CARTESIAN_POINT ( 'NONE',  ( 4.107563629626722200, 1.627321578497556300, -1.845858473015930000 ) ) ;
#356 = CARTESIAN_POINT ( 'NONE',  ( 0.0000000000000000000, 0.0000000000000000000, 9.000000000000058600 ) ) ;
#357 = CARTESIAN_POINT ( 'NONE',  ( 4.486594944757365000, 1.019993290803016300, 0.3999969666886432100 ) ) ;
#358 = CARTESIAN_POINT ( 'NONE',  ( 3.894420064152309900, 2.017709180265688100, 2.259788939150666900 ) ) ;
#359 = CARTESIAN_POINT ( 'NONE',  ( 3.892957491633921100, 2.020582849423061300, -2.262281708550003800 ) ) ;
#360 = CARTESIAN_POINT ( 'NONE',  ( 3.354101966249685600, 4.000000000000000000, 3.000000000000000000 ) ) ;
#361 = CARTESIAN_POINT ( 'NONE',  ( 4.431944877052902000, 1.102920968184486700, -0.8043324864835903500 ) ) ;
#362 = CARTESIAN_POINT ( 'NONE',  ( 0.0000000000000000000, -1.499999999999996700, 0.8660254037844364900 ) ) ;
#363 = CARTESIAN_POINT ( 'NONE',  ( 3.354101966249685200, 3.794411117512554600, -3.000000000000000000 ) ) ;
#364 = CARTESIAN_POINT ( 'NONE',  ( 4.391833227896839300, 1.164201274311652500, -0.9984152191925058700 ) ) ;
#365 = CARTESIAN_POINT ( 'NONE',  ( 0.0000000000000000000, 13.60000000000000000, 0.0000000000000000000 ) ) ;
#366 = CARTESIAN_POINT ( 'NONE',  ( -12.69999999999998200, 0.0000000000000000000, 3.000000000000002700 ) ) ;
#367 = DIRECTION ( 'NONE',  ( 0.0000000000000000000, 0.0000000000000000000, 1.000000000000000000 ) ) ;
#368 = CARTESIAN_POINT ( 'NONE',  ( 4.485407567822298000, 1.021776943741922000, -0.4125591988682126300 ) ) ;
#369 = CARTESIAN_POINT ( 'NONE',  ( 3.442018254387486700, 3.203454767670833400, -2.899188840920077200 ) ) ;
#370 = CARTESIAN_POINT ( 'NONE',  ( 4.500352457665984600, 0.9994713124712537600, 0.1966817278960863400 ) ) ;
#371 = CARTESIAN_POINT ( 'NONE',  ( 2.899999999999999900, 0.0000000000000000000, 2.000000000000001800 ) ) ;
#372 = DIRECTION ( 'NONE',  ( 0.7071067811865487900, 0.0000000000000000000, 0.7071067811865463500 ) ) ;
#373 = DIRECTION ( 'NONE',  ( -1.000000000000000000, 0.0000000000000000000, 0.0000000000000000000 ) ) ;
#374 = CARTESIAN_POINT ( 'NONE',  ( 4.394160776097308500, 1.160602569977642300, 0.9883115564069764300 ) ) ;
#375 = CARTESIAN_POINT ( 'NONE',  ( 4.433834032459370400, 1.100036204375710800, 0.7941332031136314500 ) ) ;
#376 = CARTESIAN_POINT ( 'NONE',  ( 4.293753182364234500, 1.318606388084750900, -1.359674836316010300 ) ) ;
#377 = CARTESIAN_POINT ( 'NONE',  ( -2.409096496335927800, 6.924609448254308600, 0.6897923409639152800 ) ) ;
#378 = CARTESIAN_POINT ( 'NONE',  ( 3.500000000000000000, 3.469446951953614200E-015, 1.732050807568875000 ) ) ;
#379 = CARTESIAN_POINT ( 'NONE',  ( 0.0000000000000000000, -1.499999999999996700, -0.8660254037844415900 ) ) ;
#380 = CARTESIAN_POINT ( 'NONE',  ( 0.0000000000000000000, 0.0000000000000000000, 2.000000000000001800 ) ) ;
#381 = DIRECTION ( 'NONE',  ( 0.0000000000000000000, 0.0000000000000000000, 1.000000000000000000 ) ) ;
#382 = CARTESIAN_POINT ( 'NONE',  ( -0.1772137551696140500, 5.658312395177703500, 2.499999999999998200 ) ) ;
#383 = DIRECTION ( 'NONE',  ( 0.0000000000000000000, 0.8660254037844386000, -0.4999999999999999400 ) ) ;
#384 = DIRECTION ( 'NONE',  ( -1.000000000000000000, 0.0000000000000000000, 0.0000000000000000000 ) ) ;
#385 = CARTESIAN_POINT ( 'NONE',  ( -0.3480879709607893600, 5.687014349287457200, 2.481454583110875900 ) ) ;
#386 = CARTESIAN_POINT ( 'NONE',  ( 0.0000000000000000000, 5.658312395177703500, 2.499999999999997800 ) ) ;
#387 = DIRECTION ( 'NONE',  ( 1.000000000000000000, 0.0000000000000000000, 0.0000000000000000000 ) ) ;
#388 = CARTESIAN_POINT ( 'NONE',  ( -0.6801414761831551200, 5.785341593869025800, 2.411677767850624500 ) ) ;
#389 = DIRECTION ( 'NONE',  ( -1.000000000000000000, 0.0000000000000000000, 0.0000000000000000000 ) ) ;
#390 = DIRECTION ( 'NONE',  ( 0.0000000000000000000, 0.0000000000000000000, 1.000000000000000000 ) ) ;
#391 = CARTESIAN_POINT ( 'NONE',  ( -0.8336336750818748000, 5.851825056883101600, 2.362212128935707900 ) ) ;
#392 = DIRECTION ( 'NONE',  ( 1.000000000000000000, 0.0000000000000000000, 0.0000000000000000000 ) ) ;
#393 = CARTESIAN_POINT ( 'NONE',  ( -6.801778715335158800, 12.60000000000000000, 0.9999999999999997800 ) ) ;
#394 = DIRECTION ( 'NONE',  ( -0.0000000000000000000, 0.0000000000000000000, 1.000000000000000000 ) ) ;
#395 = PLANE ( 'NONE',  #1777 ) ;
#396 = CARTESIAN_POINT ( 'NONE',  ( 5.449999999999989500, 0.0000000000000000000, 0.0000000000000000000 ) ) ;
#397 = CARTESIAN_POINT ( 'NONE',  ( 0.0000000000000000000, 13.60000000000000000, 0.0000000000000000000 ) ) ;
#398 = CARTESIAN_POINT ( 'NONE',  ( -1.124550191624270600, 5.999730999547630000, 2.238387391145531900 ) ) ;
#399 = PLANE ( 'NONE',  #1804 ) ;
#400 = DIRECTION ( 'NONE',  ( 0.0000000000000000000, 1.000000000000000000, 0.0000000000000000000 ) ) ;
#401 = DIRECTION ( 'NONE',  ( 0.0000000000000000000, -0.0000000000000000000, 1.000000000000000000 ) ) ;
#402 = DIRECTION ( 'NONE',  ( 0.0000000000000000000, 0.0000000000000000000, -1.000000000000000000 ) ) ;
#403 = CARTESIAN_POINT ( 'NONE',  ( 3.500000000000000000, -1.499999999999996700, 0.8660254037844364900 ) ) ;
#404 = DIRECTION ( 'NONE',  ( 0.0000000000000000000, -0.8660254037844386000, -0.5000000000000000000 ) ) ;
#405 = PLANE ( 'NONE',  #1806 ) ;
#406 = DIRECTION ( 'NONE',  ( 0.0000000000000000000, 0.0000000000000000000, -1.000000000000000000 ) ) ;
#407 = PLANE ( 'NONE',  #1829 ) ;
#408 = DIRECTION ( 'NONE',  ( 0.0000000000000000000, -1.000000000000000000, 0.0000000000000000000 ) ) ;
#409 = CARTESIAN_POINT ( 'NONE',  ( 0.0000000000000000000, 0.0000000000000000000, 2.000000000000001800 ) ) ;
#410 = DIRECTION ( 'NONE',  ( 0.0000000000000000000, -0.0000000000000000000, -1.000000000000000000 ) ) ;
#411 = CARTESIAN_POINT ( 'NONE',  ( 0.0000000000000000000, 13.60000000000000000, 0.0000000000000000000 ) ) ;
#412 = CARTESIAN_POINT ( 'NONE',  ( 0.0000000000000000000, 0.0000000000000000000, 21.50000000000000000 ) ) ;
#413 = DIRECTION ( 'NONE',  ( -1.000000000000000000, 0.0000000000000000000, 0.0000000000000000000 ) ) ;
#414 = DIRECTION ( 'NONE',  ( 0.0000000000000000000, 0.0000000000000000000, -1.000000000000000000 ) ) ;
#415 = CARTESIAN_POINT ( 'NONE',  ( -6.801778715335158800, 12.60000000000000000, -1.000000000000000200 ) ) ;
#416 = PLANE ( 'NONE',  #1792 ) ;
#417 = DIRECTION ( 'NONE',  ( 1.000000000000000000, 0.0000000000000000000, 0.0000000000000000000 ) ) ;
#418 = DIRECTION ( 'NONE',  ( 0.0000000000000000000, 0.0000000000000000000, -1.000000000000000000 ) ) ;
#419 = DIRECTION ( 'NONE',  ( 0.0000000000000000000, 0.0000000000000000000, 1.000000000000000000 ) ) ;
#420 = DIRECTION ( 'NONE',  ( -1.000000000000000000, 0.0000000000000000000, -0.0000000000000000000 ) ) ;
#421 = DIRECTION ( 'NONE',  ( 0.0000000000000000000, 0.0000000000000000000, 1.000000000000000000 ) ) ;
#422 = CARTESIAN_POINT ( 'NONE',  ( 0.0000000000000000000, 0.0000000000000000000, 0.0000000000000000000 ) ) ;
#423 = DIRECTION ( 'NONE',  ( 0.0000000000000000000, 0.0000000000000000000, -1.000000000000000000 ) ) ;
#424 = CARTESIAN_POINT ( 'NONE',  ( -4.500000000000000900, 4.000000000000000000, 0.0000000000000000000 ) ) ;
#425 = DIRECTION ( 'NONE',  ( -0.0000000000000000000, 1.000000000000000000, -0.0000000000000000000 ) ) ;
#426 = PLANE ( 'NONE',  #1837 ) ;
#427 = CARTESIAN_POINT ( 'NONE',  ( -6.801778715335158800, 12.60000000000000000, 0.9999999999999997800 ) ) ;
#428 = CARTESIAN_POINT ( 'NONE',  ( 0.0000000000000000000, 0.0000000000000000000, 21.50000000000000000 ) ) ;
#429 = DIRECTION ( 'NONE',  ( -0.0000000000000000000, 0.0000000000000000000, 1.000000000000000000 ) ) ;
#430 = CARTESIAN_POINT ( 'NONE',  ( -1.262333910530359300, 6.081810746365206900, 2.163341436746785400 ) ) ;
#431 = DIRECTION ( 'NONE',  ( 1.000000000000000000, 0.0000000000000000000, 0.0000000000000000000 ) ) ;
#432 = DIRECTION ( 'NONE',  ( -1.000000000000000000, 0.0000000000000000000, 0.0000000000000000000 ) ) ;
#433 = DIRECTION ( 'NONE',  ( 0.0000000000000000000, 0.0000000000000000000, 1.000000000000000000 ) ) ;
#434 = PLANE ( 'NONE',  #1772 ) ;
#435 = CARTESIAN_POINT ( 'NONE',  ( 3.500000000000000000, 1.500000000000005300, 0.8660254037844373800 ) ) ;
#436 = DIRECTION ( 'NONE',  ( 1.000000000000000000, 0.0000000000000000000, 0.0000000000000000000 ) ) ;
#437 = DIRECTION ( 'NONE',  ( 1.000000000000000000, -0.0000000000000000000, -0.0000000000000000000 ) ) ;
#438 = DIRECTION ( 'NONE',  ( -0.0000000000000000000, 1.000000000000000000, -0.0000000000000000000 ) ) ;
#439 = DIRECTION ( 'NONE',  ( 1.000000000000000000, 0.0000000000000000000, 0.0000000000000000000 ) ) ;
#440 = DIRECTION ( 'NONE',  ( 1.000000000000000000, 0.0000000000000000000, 0.0000000000000000000 ) ) ;
#441 = PLANE ( 'NONE',  #1786 ) ;
#442 = DIRECTION ( 'NONE',  ( 0.0000000000000000000, 0.0000000000000000000, -1.000000000000000000 ) ) ;
#443 = DIRECTION ( 'NONE',  ( 0.0000000000000000000, 0.0000000000000000000, -1.000000000000000000 ) ) ;
#444 = CARTESIAN_POINT ( 'NONE',  ( -1.517361346215670300, 6.245625644891911000, 1.992773850348073400 ) ) ;
#445 = DIRECTION ( 'NONE',  ( 0.0000000000000000000, -0.5000000000000001100, 0.8660254037844387100 ) ) ;
#446 = CARTESIAN_POINT ( 'NONE',  ( -4.500000000000000900, 4.000000000000000000, 0.0000000000000000000 ) ) ;
#447 = CARTESIAN_POINT ( 'NONE',  ( 0.0000000000000000000, 12.60000000000000000, 0.0000000000000000000 ) ) ;
#448 = DIRECTION ( 'NONE',  ( 0.0000000000000000000, 0.0000000000000000000, 1.000000000000000000 ) ) ;
#449 = CARTESIAN_POINT ( 'NONE',  ( 0.0000000000000000000, 0.0000000000000000000, 19.00000000000000000 ) ) ;
#450 = DIRECTION ( 'NONE',  ( 1.000000000000000000, -0.0000000000000000000, -0.0000000000000000000 ) ) ;
#451 = CARTESIAN_POINT ( 'NONE',  ( 0.0000000000000000000, 13.60000000000000000, 0.0000000000000000000 ) ) ;
#452 = DIRECTION ( 'NONE',  ( 0.0000000000000000000, 0.0000000000000000000, 1.000000000000000000 ) ) ;
#453 = CARTESIAN_POINT ( 'NONE',  ( 0.0000000000000000000, 0.0000000000000000000, 2.000000000000001800 ) ) ;
#454 = DIRECTION ( 'NONE',  ( -0.0000000000000000000, 1.000000000000000000, -0.0000000000000000000 ) ) ;
#455 = DIRECTION ( 'NONE',  ( 1.000000000000000000, 0.0000000000000000000, 0.0000000000000000000 ) ) ;
#456 = DIRECTION ( 'NONE',  ( 0.0000000000000000000, 0.5000000000000002200, -0.8660254037844386000 ) ) ;
#457 = DIRECTION ( 'NONE',  ( 1.000000000000000000, 0.0000000000000000000, 0.0000000000000000000 ) ) ;
#458 = DIRECTION ( 'NONE',  ( -1.000000000000000000, 0.0000000000000000000, -0.0000000000000000000 ) ) ;
#459 = DIRECTION ( 'NONE',  ( 0.0000000000000000000, 0.8660254037844386000, 0.5000000000000002200 ) ) ;
#460 = DIRECTION ( 'NONE',  ( 0.0000000000000000000, 1.000000000000000000, 0.0000000000000000000 ) ) ;
#461 = CARTESIAN_POINT ( 'NONE',  ( -1.635912534538623600, 6.328177307467324700, 1.896756988275055500 ) ) ;
#462 = CARTESIAN_POINT ( 'NONE',  ( 5.449999999999989500, 0.0000000000000000000, 0.0000000000000000000 ) ) ;
#463 = CARTESIAN_POINT ( 'NONE',  ( 0.0000000000000000000, 0.0000000000000000000, 19.00000000000000000 ) ) ;
#464 = PLANE ( 'NONE',  #1831 ) ;
#465 = CARTESIAN_POINT ( 'NONE',  ( 0.0000000000000000000, 0.0000000000000000000, 0.0000000000000000000 ) ) ;
#466 = DIRECTION ( 'NONE',  ( 0.0000000000000000000, 0.5000000000000000000, 0.8660254037844387100 ) ) ;
#467 = CARTESIAN_POINT ( 'NONE',  ( -1.857126852368554200, 6.488597978809266000, 1.680766714164255700 ) ) ;
#468 = DIRECTION ( 'NONE',  ( -1.000000000000000000, 0.0000000000000000000, 0.0000000000000000000 ) ) ;
#469 = DIRECTION ( 'NONE',  ( -1.000000000000000000, 0.0000000000000000000, 0.0000000000000000000 ) ) ;
#470 = DIRECTION ( 'NONE',  ( -1.000000000000000000, 0.0000000000000000000, 0.0000000000000000000 ) ) ;
#471 = DIRECTION ( 'NONE',  ( 0.0000000000000000000, 1.000000000000000000, 0.0000000000000000000 ) ) ;
#472 = CARTESIAN_POINT ( 'NONE',  ( 0.0000000000000000000, 13.60000000000000000, 0.0000000000000000000 ) ) ;
#473 = DIRECTION ( 'NONE',  ( 0.0000000000000000000, 0.0000000000000000000, 1.000000000000000000 ) ) ;
#474 = DIRECTION ( 'NONE',  ( 0.0000000000000000000, -0.8660254037844386000, 0.4999999999999999400 ) ) ;
#475 = CARTESIAN_POINT ( 'NONE',  ( 0.0000000000000000000, 0.0000000000000000000, 19.00000000000000000 ) ) ;
#476 = DIRECTION ( 'NONE',  ( 0.0000000000000000000, 0.0000000000000000000, 1.000000000000000000 ) ) ;
#477 = DIRECTION ( 'NONE',  ( 0.0000000000000000000, 0.0000000000000000000, 1.000000000000000000 ) ) ;
#478 = CARTESIAN_POINT ( 'NONE',  ( 0.0000000000000000000, 13.60000000000000000, 0.0000000000000000000 ) ) ;
#479 = DIRECTION ( 'NONE',  ( 0.0000000000000000000, 0.0000000000000000000, 1.000000000000000000 ) ) ;
#480 = PLANE ( 'NONE',  #1821 ) ;
#481 = DIRECTION ( 'NONE',  ( 0.0000000000000000000, 0.0000000000000000000, -1.000000000000000000 ) ) ;
#482 = PLANE ( 'NONE',  #1820 ) ;
#483 = DIRECTION ( 'NONE',  ( -0.0000000000000000000, 1.000000000000000000, -0.0000000000000000000 ) ) ;
#484 = DIRECTION ( 'NONE',  ( 0.0000000000000000000, 0.0000000000000000000, 1.000000000000000000 ) ) ;
#485 = CARTESIAN_POINT ( 'NONE',  ( 0.0000000000000000000, 13.60000000000000000, 0.0000000000000000000 ) ) ;
#486 = CARTESIAN_POINT ( 'NONE',  ( 3.500000000000000000, -1.499999999999996700, 0.8660254037844364900 ) ) ;
#487 = CARTESIAN_POINT ( 'NONE',  ( -6.801778715335158800, 12.60000000000000000, -1.000000000000000200 ) ) ;
#488 = CARTESIAN_POINT ( 'NONE',  ( -1.960260155174834900, 6.566972589912527500, 1.559714500699423500 ) ) ;
#489 = PLANE ( 'NONE',  #1835 ) ;
#490 = DIRECTION ( 'NONE',  ( -0.0000000000000000000, -1.000000000000000000, -0.0000000000000000000 ) ) ;
#491 = DIRECTION ( 'NONE',  ( 0.0000000000000000000, 0.0000000000000000000, 1.000000000000000000 ) ) ;
#492 = CARTESIAN_POINT ( 'NONE',  ( 3.500000000000000000, 1.500000000000004200, -0.8660254037844411500 ) ) ;
#493 = CARTESIAN_POINT ( 'NONE',  ( 0.0000000000000000000, 1000.000000000000000, 9.000000000000028400 ) ) ;
#494 = DIRECTION ( 'NONE',  ( 1.000000000000000000, 0.0000000000000000000, 0.0000000000000000000 ) ) ;
#495 = DIRECTION ( 'NONE',  ( 0.0000000000000000000, 0.0000000000000000000, 1.000000000000000000 ) ) ;
#496 = CARTESIAN_POINT ( 'NONE',  ( 3.500000000000000000, -1.499999999999996700, -0.8660254037844415900 ) ) ;
#497 = PLANE ( 'NONE',  #1826 ) ;
#498 = DIRECTION ( 'NONE',  ( 0.0000000000000000000, 0.0000000000000000000, -1.000000000000000000 ) ) ;
#499 = DIRECTION ( 'NONE',  ( 0.0000000000000000000, 0.0000000000000000000, 1.000000000000000000 ) ) ;
#500 = CARTESIAN_POINT ( 'NONE',  ( -12.69999999999998200, 0.0000000000000000000, 0.0000000000000000000 ) ) ;
#501 = DIRECTION ( 'NONE',  ( 0.0000000000000000000, 0.0000000000000000000, 1.000000000000000000 ) ) ;
#502 = DIRECTION ( 'NONE',  ( -0.0000000000000000000, -1.000000000000000000, -0.0000000000000000000 ) ) ;
#503 = CARTESIAN_POINT ( 'NONE',  ( 0.0000000000000000000, 0.0000000000000000000, 0.0000000000000000000 ) ) ;
#504 = DIRECTION ( 'NONE',  ( 0.0000000000000000000, 1.249000902703299900E-016, 1.000000000000000000 ) ) ;
#505 = PLANE ( 'NONE',  #1832 ) ;
#506 = PLANE ( 'NONE',  #1861 ) ;
#507 = DIRECTION ( 'NONE',  ( 0.0000000000000000000, 1.000000000000000000, 0.0000000000000000000 ) ) ;
#508 = DIRECTION ( 'NONE',  ( 0.0000000000000000000, 0.0000000000000000000, -1.000000000000000000 ) ) ;
#509 = CARTESIAN_POINT ( 'NONE',  ( 0.0000000000000000000, 12.60000000000000000, 0.0000000000000000000 ) ) ;
#510 = CARTESIAN_POINT ( 'NONE',  ( 8.000000000000000000, 0.4500000000000004000, -1.084202172485504400E-016 ) ) ;
#511 = CARTESIAN_POINT ( 'NONE',  ( -2.222068958484207700, 6.772369983579987500, 1.157754883617162300 ) ) ;
#512 = DIRECTION ( 'NONE',  ( 0.0000000000000000000, -0.0000000000000000000, 1.000000000000000000 ) ) ;
#513 = CARTESIAN_POINT ( 'NONE',  ( 0.0000000000000000000, 0.0000000000000000000, 0.0000000000000000000 ) ) ;
#514 = DIRECTION ( 'NONE',  ( 0.0000000000000000000, 0.0000000000000000000, -1.000000000000000000 ) ) ;
#515 = DIRECTION ( 'NONE',  ( 0.0000000000000000000, 0.0000000000000000000, 1.000000000000000000 ) ) ;
#516 = PLANE ( 'NONE',  #1843 ) ;
#517 = DIRECTION ( 'NONE',  ( 1.000000000000000000, 0.0000000000000000000, 0.0000000000000000000 ) ) ;
#518 = DIRECTION ( 'NONE',  ( 0.0000000000000000000, 1.000000000000000000, -1.249000902703299900E-016 ) ) ;
#519 = CARTESIAN_POINT ( 'NONE',  ( 3.500000000000000000, 1.500000000000005300, 0.8660254037844373800 ) ) ;
#520 = PLANE ( 'NONE',  #1819 ) ;
#521 = PLANE ( 'NONE',  #1848 ) ;
#522 = DIRECTION ( 'NONE',  ( 0.0000000000000000000, 0.0000000000000000000, -1.000000000000000000 ) ) ;
#523 = CARTESIAN_POINT ( 'NONE',  ( 0.0000000000000000000, 13.60000000000000000, 0.0000000000000000000 ) ) ;
#524 = CARTESIAN_POINT ( 'NONE',  ( 0.0000000000000000000, 13.60000000000000000, 0.0000000000000000000 ) ) ;
#525 = DIRECTION ( 'NONE',  ( -1.000000000000000000, 0.0000000000000000000, 0.0000000000000000000 ) ) ;
#526 = CARTESIAN_POINT ( 'NONE',  ( 0.0000000000000000000, 1000.000000000000000, 9.000000000000028400 ) ) ;
#527 = CARTESIAN_POINT ( 'NONE',  ( 0.0000000000000000000, 13.60000000000000000, 0.0000000000000000000 ) ) ;
#528 = DIRECTION ( 'NONE',  ( 0.0000000000000000000, -0.0000000000000000000, -1.000000000000000000 ) ) ;
#529 = PLANE ( 'NONE',  #1840 ) ;
#530 = CARTESIAN_POINT ( 'NONE',  ( 0.0000000000000000000, 0.0000000000000000000, 21.50000000000000000 ) ) ;
#531 = CARTESIAN_POINT ( 'NONE',  ( -2.142218874239619100, 6.708473759618989600, 1.298548225715801400 ) ) ;
#532 = CARTESIAN_POINT ( 'NONE',  ( 0.0000000000000000000, 0.0000000000000000000, 21.50000000000000000 ) ) ;
#533 = DIRECTION ( 'NONE',  ( -0.0000000000000000000, 1.000000000000000000, -0.0000000000000000000 ) ) ;
#534 = DIRECTION ( 'NONE',  ( 0.0000000000000000000, 0.8660254037844387100, -0.4999999999999998900 ) ) ;
#535 = DIRECTION ( 'NONE',  ( 0.0000000000000000000, 0.0000000000000000000, -1.000000000000000000 ) ) ;
#536 = DIRECTION ( 'NONE',  ( 1.000000000000000000, 0.0000000000000000000, 0.0000000000000000000 ) ) ;
#537 = DIRECTION ( 'NONE',  ( -1.000000000000000000, 0.0000000000000000000, 0.0000000000000000000 ) ) ;
#538 = DIRECTION ( 'NONE',  ( 0.0000000000000000000, 0.0000000000000000000, 1.000000000000000000 ) ) ;
#539 = CARTESIAN_POINT ( 'NONE',  ( 3.500000000000000000, 1.500000000000005300, 0.8660254037844373800 ) ) ;
#540 = PLANE ( 'NONE',  #1862 ) ;
#541 = DIRECTION ( 'NONE',  ( 1.000000000000000000, 0.0000000000000000000, 0.0000000000000000000 ) ) ;
#542 = PLANE ( 'NONE',  #1833 ) ;
#543 = DIRECTION ( 'NONE',  ( 0.0000000000000000000, 1.000000000000000000, 0.0000000000000000000 ) ) ;
#544 = DIRECTION ( 'NONE',  ( 0.0000000000000000000, 0.0000000000000000000, -1.000000000000000000 ) ) ;
#545 = DIRECTION ( 'NONE',  ( 0.0000000000000000000, -0.4999999999999998900, -0.8660254037844387100 ) ) ;
#546 = DIRECTION ( 'NONE',  ( 0.0000000000000000000, -0.0000000000000000000, 1.000000000000000000 ) ) ;
#547 = CARTESIAN_POINT ( 'NONE',  ( 0.0000000000000000000, 0.0000000000000000000, 0.0000000000000000000 ) ) ;
#548 = DIRECTION ( 'NONE',  ( 0.0000000000000000000, 0.0000000000000000000, 1.000000000000000000 ) ) ;
#549 = DIRECTION ( 'NONE',  ( 0.0000000000000000000, 0.0000000000000000000, 1.000000000000000000 ) ) ;
#550 = CARTESIAN_POINT ( 'NONE',  ( 0.0000000000000000000, 0.0000000000000000000, 21.50000000000000000 ) ) ;
#551 = DIRECTION ( 'NONE',  ( 0.0000000000000000000, 1.000000000000000000, 0.0000000000000000000 ) ) ;
#552 = DIRECTION ( 'NONE',  ( 0.0000000000000000000, -1.000000000000000000, 0.0000000000000000000 ) ) ;
#553 = CARTESIAN_POINT ( 'NONE',  ( 3.500000000000000000, 3.469446951953614200E-015, 1.732050807568875000 ) ) ;
#554 = CARTESIAN_POINT ( 'NONE',  ( 3.061622515116742500E-016, 5.658312395177703500, -2.499999999999997800 ) ) ;
#555 = CARTESIAN_POINT ( 'NONE',  ( 0.0000000000000000000, 0.0000000000000000000, 9.000000000000000000 ) ) ;
#556 = CARTESIAN_POINT ( 'NONE',  ( 5.449999999999989500, 3.673940397442062300E-016, -3.000000000000002700 ) ) ;
#557 = CARTESIAN_POINT ( 'NONE',  ( -2.899999999999999900, 0.0000000000000000000, 19.00000000000000000 ) ) ;
#558 = CARTESIAN_POINT ( 'NONE',  ( 4.500000000000003600, 5.817072295949930400E-016, 21.50000000000000000 ) ) ;
#559 = CARTESIAN_POINT ( 'NONE',  ( 5.449999999999989500, 0.0000000000000000000, 3.000000000000002700 ) ) ;
#560 = DIRECTION ( 'NONE',  ( 0.0000000000000000000, 0.0000000000000000000, 1.000000000000000000 ) ) ;
#561 = CARTESIAN_POINT ( 'NONE',  ( -2.142924871814774100E-022, 2.899999999999999900, 11.90000000000009100 ) ) ;
#562 = CARTESIAN_POINT ( 'NONE',  ( -4.387482193696061300, 12.60000000000000000, -1.000000000000000200 ) ) ;
#563 = CARTESIAN_POINT ( 'NONE',  ( -4.387482193696061300, 12.60000000000000000, 0.9999999999999997800 ) ) ;
#564 = CARTESIAN_POINT ( 'NONE',  ( 8.000000000000000000, 0.0000000000000000000, 0.4500000000000003400 ) ) ;
#565 = CARTESIAN_POINT ( 'NONE',  ( 4.387482193696062200, 13.60000000000000000, -1.000000000000000200 ) ) ;
#566 = CARTESIAN_POINT ( 'NONE',  ( -4.387482193696061300, 13.60000000000000000, -1.000000000000000200 ) ) ;
#567 = CARTESIAN_POINT ( 'NONE',  ( 0.0000000000000000000, 3.469446951953614200E-015, -1.732050807568880300 ) ) ;
#568 = CARTESIAN_POINT ( 'NONE',  ( 5.000000000000000000, 0.0000000000000000000, 19.00000000000000000 ) ) ;
#569 = CARTESIAN_POINT ( 'NONE',  ( 0.0000000000000000000, 1.500000000000004200, -0.8660254037844411500 ) ) ;
#570 = CARTESIAN_POINT ( 'NONE',  ( -12.69999999999998200, 0.0000000000000000000, 0.0000000000000000000 ) ) ;
#571 = CARTESIAN_POINT ( 'NONE',  ( -3.354101966249685600, 4.000000000000000000, -3.000000000000000000 ) ) ;
#572 = CARTESIAN_POINT ( 'NONE',  ( 0.0000000000000000000, -1.499999999999996700, -0.8660254037844415900 ) ) ;
#573 = CARTESIAN_POINT ( 'NONE',  ( -2.291287847477917700, 12.60000000000000000, 0.9999999999999997800 ) ) ;
#574 = CARTESIAN_POINT ( 'NONE',  ( -5.000000000000000000, 6.123233995736766300E-016, 19.00000000000000000 ) ) ;
#575 = CARTESIAN_POINT ( 'NONE',  ( 5.510910596163089600E-016, 13.60000000000000000, 4.500000000000000900 ) ) ;
#576 = CARTESIAN_POINT ( 'NONE',  ( -2.899999999999999900, 0.0000000000000000000, 2.000000000000001800 ) ) ;
#577 = CARTESIAN_POINT ( 'NONE',  ( 3.500000000000000000, 1.500000000000005300, 0.8660254037844373800 ) ) ;
#578 = CARTESIAN_POINT ( 'NONE',  ( 0.0000000000000000000, 5.658312395177703500, 2.499999999999997800 ) ) ;
#579 = DIRECTION ( 'NONE',  ( -1.000000000000000000, 0.0000000000000000000, 0.0000000000000000000 ) ) ;
#580 = CARTESIAN_POINT ( 'NONE',  ( -2.291287847477917700, 12.60000000000000000, -1.000000000000000200 ) ) ;
#581 = CARTESIAN_POINT ( 'NONE',  ( 3.500000000000000000, -1.499999999999996700, -0.8660254037844415900 ) ) ;
#582 = CARTESIAN_POINT ( 'NONE',  ( -4.500000000000003600, 0.0000000000000000000, 21.50000000000000000 ) ) ;
#583 = CARTESIAN_POINT ( 'NONE',  ( 2.899999999999999900, 3.551475717527323800E-016, 2.000000000000001800 ) ) ;
#584 = CARTESIAN_POINT ( 'NONE',  ( -2.291287847477918100, 13.07499999999999800, -1.000000000000000200 ) ) ;
#585 = CARTESIAN_POINT ( 'NONE',  ( -0.8999999999999910300, 2.326828918379965400E-016, 0.0000000000000000000 ) ) ;
#586 = CARTESIAN_POINT ( 'NONE',  ( 0.0000000000000000000, 1.500000000000005300, 0.8660254037844373800 ) ) ;
#587 = CARTESIAN_POINT ( 'NONE',  ( 8.000000000000000000, 2.112515728529185200E-016, -0.4500000000000000100 ) ) ;
#588 = CARTESIAN_POINT ( 'NONE',  ( 3.500000000000000000, -1.499999999999996700, 0.8660254037844364900 ) ) ;
#589 = CARTESIAN_POINT ( 'NONE',  ( 0.0000000000000000000, -1.499999999999996700, 0.8660254037844364900 ) ) ;
#590 = CARTESIAN_POINT ( 'NONE',  ( 2.854929946601141700, 13.60000000000000000, -1.000000000000000200 ) ) ;
#591 = CARTESIAN_POINT ( 'NONE',  ( 2.291287847477918100, 13.07499999999999800, -1.000000000000000200 ) ) ;
#592 = CARTESIAN_POINT ( 'NONE',  ( 0.0000000000000000000, 3.334407072378456200E-016, 2.445500000000000900 ) ) ;
#593 = CARTESIAN_POINT ( 'NONE',  ( 0.0000000000000000000, 0.0000000000000000000, -2.445500000000000900 ) ) ;
#594 = CARTESIAN_POINT ( 'NONE',  ( 4.387482193696062200, 13.60000000000000000, 0.9999999999999997800 ) ) ;
#595 = CARTESIAN_POINT ( 'NONE',  ( 2.291287847477917700, 12.60000000000000000, 0.9999999999999997800 ) ) ;
#596 = CARTESIAN_POINT ( 'NONE',  ( 5.000000000000000000, 0.0000000000000000000, 20.99999999999999600 ) ) ;
#597 = CARTESIAN_POINT ( 'NONE',  ( 3.354101966249685600, 4.000000000000000000, 3.000000000000000000 ) ) ;
#598 = CARTESIAN_POINT ( 'NONE',  ( 0.8999999999999910300, 0.0000000000000000000, 0.0000000000000000000 ) ) ;
#599 = CARTESIAN_POINT ( 'NONE',  ( 2.291287847477917700, 12.60000000000000000, -1.000000000000000200 ) ) ;
#600 = CARTESIAN_POINT ( 'NONE',  ( -2.291287847477918100, 13.07499999999999800, 0.9999999999999997800 ) ) ;
#601 = CARTESIAN_POINT ( 'NONE',  ( 2.899999999999999900, 3.551475717527323800E-016, 19.00000000000000000 ) ) ;
#602 = DIRECTION ( 'NONE',  ( 1.000000000000000000, 0.0000000000000000000, 0.0000000000000000000 ) ) ;
#603 = CARTESIAN_POINT ( 'NONE',  ( 3.061616997868381200E-016, 13.07499999999999800, -2.499999999999998200 ) ) ;
#604 = CARTESIAN_POINT ( 'NONE',  ( -3.354101966249685600, 4.000000000000000000, 3.000000000000000000 ) ) ;
#605 = CARTESIAN_POINT ( 'NONE',  ( 0.3201407242656457200, 3.673940397442059400E-016, -3.000000000000000000 ) ) ;
#606 = CARTESIAN_POINT ( 'NONE',  ( 4.387482193696061300, 12.60000000000000000, 0.9999999999999997800 ) ) ;
#607 = CARTESIAN_POINT ( 'NONE',  ( 0.0000000000000000000, 3.469446951953614200E-015, 1.732050807568875000 ) ) ;
#608 = CARTESIAN_POINT ( 'NONE',  ( 3.548121512339610300E-016, 2.899999999999999900, 6.099999999999967700 ) ) ;
#609 = CARTESIAN_POINT ( 'NONE',  ( 0.3201407242656457200, 0.0000000000000000000, 3.000000000000002700 ) ) ;
#610 = CARTESIAN_POINT ( 'NONE',  ( -2.854929946601142200, 13.60000000000000000, -1.000000000000000200 ) ) ;
#611 = CARTESIAN_POINT ( 'NONE',  ( 3.500000000000000000, 3.469446951953614200E-015, -1.732050807568880300 ) ) ;
#612 = CARTESIAN_POINT ( 'NONE',  ( 3.354101966249685200, 4.000000000000000900, -3.000000000000000000 ) ) ;
#613 = CARTESIAN_POINT ( 'NONE',  ( -5.000000000000000000, 6.123233995736766300E-016, 20.99999999999999600 ) ) ;
#614 = CARTESIAN_POINT ( 'NONE',  ( 0.0000000000000000000, 13.07499999999999800, 2.499999999999998200 ) ) ;
#615 = CARTESIAN_POINT ( 'NONE',  ( 3.500000000000000000, 1.500000000000004200, -0.8660254037844411500 ) ) ;
#616 = CARTESIAN_POINT ( 'NONE',  ( 4.387482193696061300, 12.60000000000000000, -1.000000000000000200 ) ) ;
#617 = DIRECTION ( 'NONE',  ( -0.0000000000000000000, -0.0000000000000000000, -1.000000000000000000 ) ) ;
#618 = DIRECTION ( 'NONE',  ( 1.000000000000000000, 0.0000000000000000000, 0.0000000000000000000 ) ) ;
#619 = CARTESIAN_POINT ( 'NONE',  ( -2.291287847477917700, 13.60000000000000000, 0.9999999999999997800 ) ) ;
#620 = CARTESIAN_POINT ( 'NONE',  ( -2.291287847477917700, 13.60000000000000000, -1.000000000000000200 ) ) ;
#621 = CARTESIAN_POINT ( 'NONE',  ( 0.0000000000000000000, 0.0000000000000000000, -4.500000000000000900 ) ) ;
#622 = DIRECTION ( 'NONE',  ( 8.659560562354982200E-017, 0.7071067811865435800, -0.7071067811865515700 ) ) ;
#623 = CARTESIAN_POINT ( 'NONE',  ( 0.0000000000000000000, 0.0000000000000000000, 0.0000000000000000000 ) ) ;
#624 = DIRECTION ( 'NONE',  ( 0.0000000000000000000, 0.0000000000000000000, 1.000000000000000000 ) ) ;
#625 = DIRECTION ( 'NONE',  ( -0.0000000000000000000, 1.000000000000000000, -0.0000000000000000000 ) ) ;
#626 = CARTESIAN_POINT ( 'NONE',  ( 2.854929946601141700, 13.60000000000000000, 0.9999999999999997800 ) ) ;
#627 = CARTESIAN_POINT ( 'NONE',  ( 0.0000000000000000000, 0.0000000000000000000, 21.50000000000000000 ) ) ;
#628 = CARTESIAN_POINT ( 'NONE',  ( 0.0000000000000000000, 13.60000000000000000, 3.024999999999999900 ) ) ;
#629 = CARTESIAN_POINT ( 'NONE',  ( -2.854929946601142200, 13.60000000000000000, 0.9999999999999997800 ) ) ;
#630 = CARTESIAN_POINT ( 'NONE',  ( 5.510910596163089600E-016, 0.0000000000000000000, 4.500000000000000900 ) ) ;
#631 = CARTESIAN_POINT ( 'NONE',  ( 4.387482193696061300, 13.60000000000000000, -1.000000000000000200 ) ) ;
#632 = CARTESIAN_POINT ( 'NONE',  ( -2.356513653817636600, 6.881249983987011400, 0.8513696178332527100 ) ) ;
#633 = DIRECTION ( 'NONE',  ( 0.0000000000000000000, 1.000000000000000000, 0.0000000000000000000 ) ) ;
#634 = CARTESIAN_POINT ( 'NONE',  ( 4.500000000000003600, 5.510910596163094500E-016, 21.50000000000000000 ) ) ;
#635 = CARTESIAN_POINT ( 'NONE',  ( 0.0000000000000000000, 13.60000000000000000, -4.500000000000000900 ) ) ;
#636 = DIRECTION ( 'NONE',  ( 0.7071067811865444600, 8.659560562354895900E-017, -0.7071067811865505700 ) ) ;
#637 = CARTESIAN_POINT ( 'NONE',  ( 0.0000000000000000000, 0.0000000000000000000, 19.00000000000000000 ) ) ;
#638 = CARTESIAN_POINT ( 'NONE',  ( 0.0000000000000000000, 13.60000000000000000, -4.500000000000000900 ) ) ;
#639 = CARTESIAN_POINT ( 'NONE',  ( 3.372662154030627000, 4.403414991172174300, 2.979597905227797700 ) ) ;
#640 = CARTESIAN_POINT ( 'NONE',  ( 3.442443849709888100, 4.798945122193868200, 2.898695227798699500 ) ) ;
#641 = DIRECTION ( 'NONE',  ( 0.0000000000000000000, 0.0000000000000000000, 1.000000000000000000 ) ) ;
#642 = CARTESIAN_POINT ( 'NONE',  ( 3.492293040322592900, 4.987346394704096600, 2.839561781089373800 ) ) ;
#643 = DIRECTION ( 'NONE',  ( 0.0000000000000000000, -1.000000000000000000, 0.0000000000000000000 ) ) ;
#644 = DIRECTION ( 'NONE',  ( 1.000000000000000000, -0.0000000000000000000, -0.0000000000000000000 ) ) ;
#645 = CARTESIAN_POINT ( 'NONE',  ( 3.354101966249686000, 4.203079150505227600, 3.000000000000000400 ) ) ;
#646 = CARTESIAN_POINT ( 'NONE',  ( 2.291287847477918100, 13.07499999999999800, 0.9999999999999997800 ) ) ;
#647 = CARTESIAN_POINT ( 'NONE',  ( 3.610251238973325000, 5.346349223700148200, 2.687993262566079600 ) ) ;
#648 = CARTESIAN_POINT ( 'NONE',  ( 3.678425042957012400, 5.516820268530596000, 2.595270587199526100 ) ) ;
#649 = DIRECTION ( 'NONE',  ( 1.000000000000000000, 0.0000000000000000000, 0.0000000000000000000 ) ) ;
#650 = CARTESIAN_POINT ( 'NONE',  ( -4.500000000000000900, 4.000000000000000000, -3.000000000000000000 ) ) ;
#651 = CARTESIAN_POINT ( 'NONE',  ( 3.819404682669182100, 5.832426004063249200, 2.382936861824292300 ) ) ;
#652 = CARTESIAN_POINT ( 'NONE',  ( 0.0000000000000000000, 0.0000000000000000000, 0.0000000000000000000 ) ) ;
#653 = CARTESIAN_POINT ( 'NONE',  ( 3.893358531736287500, 5.980225641409513000, 2.261634296481636900 ) ) ;
#654 = DIRECTION ( 'NONE',  ( 0.0000000000000000000, 0.0000000000000000000, 1.000000000000000000 ) ) ;
#655 = CARTESIAN_POINT ( 'NONE',  ( -4.387482193696061300, 13.60000000000000000, 0.9999999999999997800 ) ) ;
#656 = DIRECTION ( 'NONE',  ( -0.0000000000000000000, -1.000000000000000000, -0.0000000000000000000 ) ) ;
#657 = CARTESIAN_POINT ( 'NONE',  ( 3.611520038843303800E-030, 0.0000000000000000000, 9.000000000000000000 ) ) ;
#658 = DIRECTION ( 'NONE',  ( 1.000000000000000000, 0.0000000000000000000, 0.0000000000000000000 ) ) ;
#659 = CARTESIAN_POINT ( 'NONE',  ( 3.354101966249685600, 4.000000000000000000, 3.000000000000000000 ) ) ;
#660 = PERSON ( 'NAUO-PER3', 'UNSPECIFIED', 'UNSPECIFIED', ('UNSPECIFIED'), ('UNSPECIFIED'), ('UNSPECIFIED') ) ;
#661 = PRODUCT ( 'ALP1502', 'ALP1502', '', ( #1060 ) ) ;
#662 = PERSON ( 'NAUO-PER1', 'UNSPECIFIED', 'UNSPECIFIED', ('UNSPECIFIED'), ('UNSPECIFIED'), ('UNSPECIFIED') ) ;
#663 = PRODUCT ( 'DIN 914 - M6 x 8-N_DIN 914 - M6 x 8-N', 'DIN 914 - M6 x 8-N_DIN 914 - M6 x 8-N', '', ( #1124 ) ) ;
#664 = PERSON ( 'NAUO-PER2', 'UNSPECIFIED', 'UNSPECIFIED', ('UNSPECIFIED'), ('UNSPECIFIED'), ('UNSPECIFIED') ) ;
#665 = PRODUCT ( 'Cilindar', 'Cilindar', '', ( #1101 ) ) ;
#666 = PERSON ( 'UNSPECIFIED', 'UNSPECIFIED', 'UNSPECIFIED', ('UNSPECIFIED'), ('UNSPECIFIED'), ('UNSPECIFIED') ) ;
#667 = PRODUCT ( 'Osovinica', 'Osovinica', '', ( #1094 ) ) ;
#668 = CARTESIAN_POINT ( 'NONE',  ( 0.0000000000000000000, 12.60000000000000000, 0.0000000000000000000 ) ) ;
#669 = CARTESIAN_POINT ( 'NONE',  ( 2.899999999999999900, 3.551475717527323800E-016, 21.50000000000000000 ) ) ;
#670 = CARTESIAN_POINT ( 'NONE',  ( -0.3484250250321165900, 5.692388013903067400, -2.477112449126036800 ) ) ;
#671 = CARTESIAN_POINT ( 'NONE',  ( -1.961838723306015300, 6.568174340221977700, -1.557819279250723700 ) ) ;
#672 = DIRECTION ( 'NONE',  ( 0.0000000000000000000, 1.000000000000000000, 0.0000000000000000000 ) ) ;
#673 = CARTESIAN_POINT ( 'NONE',  ( 3.061616997868380700E-016, 13.60000000000000000, -2.499999999999997800 ) ) ;
#674 = CARTESIAN_POINT ( 'NONE',  ( 3.500000000000000000, -1.499999999999996700, -0.8660254037844415900 ) ) ;
#675 = DIRECTION ( 'NONE',  ( -0.0000000000000000000, 1.000000000000000000, -0.0000000000000000000 ) ) ;
#676 = CARTESIAN_POINT ( 'NONE',  ( 0.0000000000000000000, 0.0000000000000000000, -2.445500000000003100 ) ) ;
#677 = CARTESIAN_POINT ( 'NONE',  ( -1.858986789197020400, 6.489994092289651700, -1.678687487223975900 ) ) ;
#678 = DIRECTION ( 'NONE',  ( 0.4999999999999981700, 0.0000000000000000000, -0.8660254037844396000 ) ) ;
#679 = CARTESIAN_POINT ( 'NONE',  ( -2.358487857359501800, 6.882866466805222800, -0.8459682085623920800 ) ) ;
#680 = DIRECTION ( 'NONE',  ( 0.0000000000000000000, 0.8660254037844386000, -0.4999999999999999400 ) ) ;
#681 = CARTESIAN_POINT ( 'NONE',  ( -1.519784522395265300, 6.247248483249051400, -1.990982710094666000 ) ) ;
#682 = CARTESIAN_POINT ( 'NONE',  ( 3.548121512339610300E-016, 2.899999999999999900, 6.099999999999967700 ) ) ;
#683 = CARTESIAN_POINT ( 'NONE',  ( 0.1672956656160741200, 2.900000000000000800, 6.099999999999967700 ) ) ;
#684 = CARTESIAN_POINT ( 'NONE',  ( 0.0000000000000000000, 13.60000000000000000, 0.0000000000000000000 ) ) ;
#685 = CARTESIAN_POINT ( 'NONE',  ( 3.500000000000000000, -1.499999999999996700, 0.8660254037844364900 ) ) ;
#686 = CARTESIAN_POINT ( 'NONE',  ( -2.144459308184555500, 6.710242422731037800, -1.294954191702871700 ) ) ;
#687 = CARTESIAN_POINT ( 'NONE',  ( -1.638372895291798400, 6.329915114602920700, -1.894612841227611800 ) ) ;
#688 = DIRECTION ( 'NONE',  ( 0.0000000000000000000, 0.0000000000000000000, -1.000000000000000000 ) ) ;
#689 = CARTESIAN_POINT ( 'NONE',  ( -2.410615087601234700, 6.925861548013646300, -0.6846425134715290500 ) ) ;
#690 = CARTESIAN_POINT ( 'NONE',  ( -2.224360488590513300, 6.774208657495039500, -1.153406953337742000 ) ) ;
#691 = CARTESIAN_POINT ( 'NONE',  ( -2.480845453595315100, 6.983988716598115200, 0.3535042258389227100 ) ) ;
#692 = CARTESIAN_POINT ( 'NONE',  ( -1.263702328120770900, 6.082624384052681200, -2.162594176518157300 ) ) ;
#693 = CARTESIAN_POINT ( 'NONE',  ( -0.1763363896246082900, 5.665494435247375700, -2.495273844967316600 ) ) ;
#694 = DIRECTION ( 'NONE',  ( -1.000000000000000000, 0.0000000000000000000, 0.0000000000000000000 ) ) ;
#695 = CARTESIAN_POINT ( 'NONE',  ( -2.500201010509250900, 7.000167508722763700, -0.1709130201550466400 ) ) ;
#696 = CARTESIAN_POINT ( 'NONE',  ( 3.061622515116742500E-016, 5.658312395177703500, -2.499999999999997800 ) ) ;
#697 = DIRECTION ( 'NONE',  ( -1.000000000000000000, 0.0000000000000000000, 0.0000000000000000000 ) ) ;
#698 = CARTESIAN_POINT ( 'NONE',  ( -1.126099956746297300, 6.000617910959858700, -2.237595589282654900 ) ) ;
#699 = CARTESIAN_POINT ( 'NONE',  ( -0.4324765767667120300, 5.711971094311930800, -2.463747631513451400 ) ) ;
#700 = CARTESIAN_POINT ( 'NONE',  ( -2.499795589715933200, 6.999829658131856600, 0.1767437779577270300 ) ) ;
#701 = CARTESIAN_POINT ( 'NONE',  ( 4.387482193696061300, 13.60000000000000000, 0.9999999999999997800 ) ) ;
#702 = DIRECTION ( 'NONE',  ( 0.0000000000000000000, 0.0000000000000000000, -1.000000000000000000 ) ) ;
#703 = CARTESIAN_POINT ( 'NONE',  ( -4.387482193696061300, 13.60000000000000000, -1.000000000000000200 ) ) ;
#704 = CARTESIAN_POINT ( 'NONE',  ( -0.8356049829867706600, 5.852729500132627800, -2.361503640939153700 ) ) ;
#705 = CARTESIAN_POINT ( 'NONE',  ( -0.6796397510454473800, 5.785258061018639700, -2.411730360914938800 ) ) ;
#706 = CARTESIAN_POINT ( 'NONE',  ( -2.899999999999999900, 0.0000000000000000000, 21.50000000000000000 ) ) ;
#707 = CARTESIAN_POINT ( 'NONE',  ( -0.08745817710881283200, 5.658312395177704300, -2.499999999999997800 ) ) ;
#708 = DIRECTION ( 'NONE',  ( 0.0000000000000000000, 1.000000000000000000, 0.0000000000000000000 ) ) ;
#709 = DIRECTION ( 'NONE',  ( 1.000000000000000000, -0.0000000000000000000, -0.0000000000000000000 ) ) ;
#710 = CARTESIAN_POINT ( 'NONE',  ( -2.481838346623940000, 6.984815283455099600, -0.3468124753382814100 ) ) ;
#711 = CARTESIAN_POINT ( 'NONE',  ( 3.500000000000000000, -1.499999999999996700, 0.8660254037844364900 ) ) ;
#712 = CARTESIAN_POINT ( 'NONE',  ( -4.500000000000000900, 4.000000000000000000, 3.000000000000000000 ) ) ;
#713 = DIRECTION ( 'NONE',  ( 0.0000000000000000000, 0.0000000000000000000, -1.000000000000000000 ) ) ;
#714 = DIRECTION ( 'NONE',  ( -0.0000000000000000000, 1.000000000000000000, -0.0000000000000000000 ) ) ;
#715 = CARTESIAN_POINT ( 'NONE',  ( 3.500000000000000000, -1.499999999999996700, -0.8660254037844415900 ) ) ;
#716 = DIRECTION ( 'NONE',  ( 0.0000000000000000000, 0.0000000000000000000, -1.000000000000000000 ) ) ;
#717 = DIRECTION ( 'NONE',  ( 0.0000000000000000000, -0.8660254037844387100, 0.4999999999999998900 ) ) ;
#718 = CARTESIAN_POINT ( 'NONE',  ( 1.178613784227717800, 2.652292472760406500, 6.619201995728557700 ) ) ;
#719 = CARTESIAN_POINT ( 'NONE',  ( 1.482844776729198800, 2.494100692377297300, 11.01099888468803400 ) ) ;
#720 = CARTESIAN_POINT ( 'NONE',  ( 1.888121858696550900, 2.201805283985271100, 7.856096081735978800 ) ) ;
#721 = CARTESIAN_POINT ( 'NONE',  ( 0.3366937433439402000, 2.884805176424949800, 11.86980316277751000 ) ) ;
#722 = CARTESIAN_POINT ( 'NONE',  ( -2.142924871814774100E-022, 2.899999999999999900, 11.90000000000009100 ) ) ;
#723 = CARTESIAN_POINT ( 'NONE',  ( -3.354101966249685200, 3.794861247920718700, 3.000000000000000000 ) ) ;
#724 = CARTESIAN_POINT ( 'NONE',  ( 1.060726892907875000, 2.702664174500922600, 11.49074742674172000 ) ) ;
#725 = CARTESIAN_POINT ( 'NONE',  ( 0.0000000000000000000, 12.60000000000000000, 0.0000000000000000000 ) ) ;
#726 = CARTESIAN_POINT ( 'NONE',  ( 2.040410944260493000, 2.060954475166518300, 9.334047288600070000 ) ) ;
#727 = CARTESIAN_POINT ( 'NONE',  ( -5.000000000000000000, 6.123233995736766300E-016, 19.00000000000000000 ) ) ;
#728 = CARTESIAN_POINT ( 'NONE',  ( 1.837569076199412100, 2.244824568970138500, 10.29855568740710000 ) ) ;
#729 = CARTESIAN_POINT ( 'NONE',  ( 1.999565236870595200, 2.100606825102102600, 9.664544175306923900 ) ) ;
#730 = CARTESIAN_POINT ( 'NONE',  ( 1.716775707704372800, 2.338494554266700800, 7.404739102174851900 ) ) ;
#731 = DIRECTION ( 'NONE',  ( -0.7071067811865444600, 0.0000000000000000000, -0.7071067811865505700 ) ) ;
#732 = CARTESIAN_POINT ( 'NONE',  ( 1.177773215850226300, 2.652689275940223200, 11.38169710607347100 ) ) ;
#733 = CARTESIAN_POINT ( 'NONE',  ( 2.050691024727434800, 2.050528306193958500, 9.164547588451172900 ) ) ;
#734 = CARTESIAN_POINT ( 'NONE',  ( 1.999938415928688400, 2.100247728223728400, 8.338013277251027600 ) ) ;
#735 = CARTESIAN_POINT ( 'NONE',  ( -12.69999999999998200, 3.673940397442062300E-016, -3.000000000000002700 ) ) ;
#736 = CARTESIAN_POINT ( 'NONE',  ( 2.050527315685810600, 2.050692015156509600, 8.831421466630310100 ) ) ;
#737 = CARTESIAN_POINT ( 'NONE',  ( 0.1698711615073531000, 2.900000000000000400, 11.90000000000009100 ) ) ;
#738 = DIRECTION ( 'NONE',  ( -1.000000000000000000, 0.0000000000000000000, 0.0000000000000000000 ) ) ;
#739 = CARTESIAN_POINT ( 'NONE',  ( -3.354101966249685600, 4.000000000000000000, 3.000000000000000000 ) ) ;
#740 = CARTESIAN_POINT ( 'NONE',  ( 0.0000000000000000000, 0.0000000000000000000, 21.50000000000000000 ) ) ;
#741 = CARTESIAN_POINT ( 'NONE',  ( 1.389172643369651400, 2.548329880597578300, 6.858304695874600100 ) ) ;
#742 = CARTESIAN_POINT ( 'NONE',  ( 2.040376030215720300, 2.060985163153151900, 8.666136155367310000 ) ) ;
#743 = CARTESIAN_POINT ( 'NONE',  ( 0.6511767506613381800, 2.830447389041755200, 11.75942624933118500 ) ) ;
#744 = DIRECTION ( 'NONE',  ( 0.0000000000000000000, 0.0000000000000000000, 1.000000000000000000 ) ) ;
#745 = CARTESIAN_POINT ( 'NONE',  ( 1.645220385437438500, 2.390126828529281200, 7.259731065433858700 ) ) ;
#746 = DIRECTION ( 'NONE',  ( -0.0000000000000000000, 1.000000000000000000, -0.0000000000000000000 ) ) ;
#747 = CARTESIAN_POINT ( 'NONE',  ( 1.716186644576733800, 2.338931562964762000, 10.59655062395746600 ) ) ;
#748 = CARTESIAN_POINT ( 'NONE',  ( 0.3367568079905125000, 2.884766116356167300, 6.130277909264003200 ) ) ;
#749 = DIRECTION ( 'NONE',  ( 0.0000000000000000000, 0.0000000000000000000, 1.000000000000000000 ) ) ;
#750 = CARTESIAN_POINT ( 'NONE',  ( -4.500000000000003600, 0.0000000000000000000, 21.50000000000000000 ) ) ;
#751 = CARTESIAN_POINT ( 'NONE',  ( 1.059257260994465700, 2.703173687015254100, 6.508166327954502800 ) ) ;
#752 = CARTESIAN_POINT ( 'NONE',  ( 1.837913985188289700, 2.244537322912713200, 7.702448706464289300 ) ) ;
#753 = CARTESIAN_POINT ( 'NONE',  ( 0.6501178455535381300, 2.830658488885126700, 6.240143346602991400 ) ) ;
#754 = CARTESIAN_POINT ( 'NONE',  ( 0.7968817834166936900, 2.791801094347478700, 6.319842208825011000 ) ) ;
#755 = CARTESIAN_POINT ( 'NONE',  ( 1.481411484058802200, 2.494970217860937200, 6.986824342554482000 ) ) ;
#756 = DIRECTION ( 'NONE',  ( -3.552713678800500900E-015, 0.0000000000000000000, -1.000000000000000000 ) ) ;
#757 = CARTESIAN_POINT ( 'NONE',  ( 1.969252666744271100, 2.129552675186446200, 8.173796423490934200 ) ) ;
#758 = CARTESIAN_POINT ( 'NONE',  ( 1.969244586799259600, 2.129553669763981200, 9.826103289069644500 ) ) ;
#759 = CARTESIAN_POINT ( 'NONE',  ( 1.888500076325460200, 2.201474627780696000, 10.14255417942675500 ) ) ;
#760 = DIRECTION ( 'NONE',  ( 0.0000000000000000000, 1.000000000000000000, 0.0000000000000000000 ) ) ;
#761 = DIRECTION ( 'NONE',  ( 0.0000000000000000000, 0.0000000000000000000, 1.000000000000000000 ) ) ;
#762 = CARTESIAN_POINT ( 'NONE',  ( 0.0000000000000000000, 1.500000000000005300, 0.8660254037844373800 ) ) ;
#763 = DIRECTION ( 'NONE',  ( 1.000000000000000000, 0.0000000000000000000, 0.0000000000000000000 ) ) ;
#764 = CARTESIAN_POINT ( 'NONE',  ( -2.142924871814774100E-022, 2.899999999999999900, 11.90000000000009100 ) ) ;
#765 = CARTESIAN_POINT ( 'NONE',  ( 1.645833121205180000, 2.389686220559928700, 10.73903434475879400 ) ) ;
#766 = CARTESIAN_POINT ( 'NONE',  ( -0.1697985173034075600, 2.899999999999999500, 11.90000000000008900 ) ) ;
#767 = CARTESIAN_POINT ( 'NONE',  ( 1.389293862931170600, 2.548288191136206300, 11.14161287955378700 ) ) ;
#768 = CARTESIAN_POINT ( 'NONE',  ( 0.7958991822182017700, 2.792146069462188200, 11.68089440485546000 ) ) ;
#769 = CARTESIAN_POINT ( 'NONE',  ( -1.058473541243852000, 2.703477129820707000, 6.507510964430326600 ) ) ;
#770 = CARTESIAN_POINT ( 'NONE',  ( 3.500000000000000000, 3.469446951953614200E-015, -1.732050807568880300 ) ) ;
#771 = CARTESIAN_POINT ( 'NONE',  ( -0.6517609654388870600, 2.830344649873886000, 11.75921752098137100 ) ) ;
#772 = CARTESIAN_POINT ( 'NONE',  ( -1.061314766699603900, 2.702409614788783700, 11.49019114464448100 ) ) ;
#773 = CARTESIAN_POINT ( 'NONE',  ( -1.888478064927167700, 2.201492004841580900, 10.14259299468187700 ) ) ;
#774 = CARTESIAN_POINT ( 'NONE',  ( -1.716921547288022600, 2.338383694213262800, 7.405079573971682400 ) ) ;
#775 = CARTESIAN_POINT ( 'NONE',  ( 5.510910596163089600E-016, 13.60000000000000000, 4.500000000000000900 ) ) ;
#776 = CARTESIAN_POINT ( 'NONE',  ( -3.373264966559927000, 3.592230881628566400, 2.978913574222204400 ) ) ;
#777 = CARTESIAN_POINT ( 'NONE',  ( -4.038232441663859100, 1.748276012588619400, 1.991429199060499300 ) ) ;
#778 = CARTESIAN_POINT ( 'NONE',  ( -4.109253124399519000, 1.624396252485418300, 1.842164484502904200 ) ) ;
#779 = CARTESIAN_POINT ( 'NONE',  ( -4.237777964626502600, 1.408418629042865500, 1.523407086394544600 ) ) ;
#780 = CARTESIAN_POINT ( 'NONE',  ( -4.295558995108742700, 1.315723516108639600, 1.353954231239820300 ) ) ;
#781 = CARTESIAN_POINT ( 'NONE',  ( -1.645599314428562100, 2.389877977414988300, 7.260390248233074200 ) ) ;
#782 = CARTESIAN_POINT ( 'NONE',  ( -2.040186687300968400, 2.061176052590441500, 9.336419688400729600 ) ) ;
#783 = CARTESIAN_POINT ( 'NONE',  ( -1.999921897449975100, 2.100263827560691100, 8.337870360399236300 ) ) ;
#784 = CARTESIAN_POINT ( 'NONE',  ( -3.670213265604858500, 2.472206423893638800, 2.610803145400172100 ) ) ;
#785 = CARTESIAN_POINT ( 'NONE',  ( -0.1672241228047769700, 2.900000000000000800, 6.099999999999968600 ) ) ;
#786 = CARTESIAN_POINT ( 'NONE',  ( -4.393142560467548000, 1.162181345099037300, 0.9926316457581191300 ) ) ;
#787 = CARTESIAN_POINT ( 'NONE',  ( -4.500160203382179700, 0.9997596948331608500, 0.2016351555491839000 ) ) ;
#788 = CARTESIAN_POINT ( 'NONE',  ( -1.178102979656269900, 2.652534558110418900, 11.38134727223307300 ) ) ;
#789 = DIRECTION ( 'NONE',  ( -0.0000000000000000000, -1.000000000000000000, -0.0000000000000000000 ) ) ;
#790 = CARTESIAN_POINT ( 'NONE',  ( -3.822820735674607600, 2.151834145047256000, 2.393425924068886400 ) ) ;
#791 = CARTESIAN_POINT ( 'NONE',  ( -1.482935529277037600, 2.494046599220525600, 11.01086532576638500 ) ) ;
#792 = CARTESIAN_POINT ( 'NONE',  ( -0.7973927657521728800, 2.791696892079009300, 11.67995514125652600 ) ) ;
#793 = CARTESIAN_POINT ( 'NONE',  ( -2.050586017520130700, 2.050633313360904700, 8.832076823230027100 ) ) ;
#794 = CARTESIAN_POINT ( 'NONE',  ( -1.969265671246506200, 2.129541574337946700, 8.173837134959068600 ) ) ;
#795 = CARTESIAN_POINT ( 'NONE',  ( -4.485724366519620300, 1.021300346360513700, -0.4093750306519277600 ) ) ;
#796 = CARTESIAN_POINT ( 'NONE',  ( 3.548121512339610300E-016, 2.899999999999999900, 6.099999999999967700 ) ) ;
#797 = CARTESIAN_POINT ( 'NONE',  ( -4.432337737435921600, 1.102320522745360700, -0.8023049229629228800 ) ) ;
#798 = CARTESIAN_POINT ( 'NONE',  ( -4.392396630677296800, 1.163329823820233600, -0.9959815000687446400 ) ) ;
#799 = CARTESIAN_POINT ( 'NONE',  ( -4.245347047141399000, 1.394780304918192400, -1.538680502243915400 ) ) ;
#800 = CARTESIAN_POINT ( 'NONE',  ( -4.108053634833549200, 1.617153321488048900, -1.861692956300715000 ) ) ;
#801 = CARTESIAN_POINT ( 'NONE',  ( -3.892802446129809600, 2.020890530756117400, -2.262540706364855500 ) ) ;
#802 = CARTESIAN_POINT ( 'NONE',  ( -0.3361713757875008900, 2.884897225074179800, 11.86999018333383100 ) ) ;
#803 = CARTESIAN_POINT ( 'NONE',  ( -3.818472168643109600, 2.169527128072024500, -2.384414876165746700 ) ) ;
#804 = CARTESIAN_POINT ( 'NONE',  ( -4.499837005213145800, 1.000244492274665600, -0.2087235458027531800 ) ) ;
#805 = CARTESIAN_POINT ( 'NONE',  ( -3.677755572156325800, 2.484814440179306900, -2.596204528895136800 ) ) ;
#806 = CARTESIAN_POINT ( 'NONE',  ( -1.177316228133499200, 2.652889290252645100, 6.617861834711522600 ) ) ;
#807 = CARTESIAN_POINT ( 'NONE',  ( -3.610926920034717400, 2.651960199989804600, -2.687075300939200800 ) ) ;
#808 = CARTESIAN_POINT ( 'NONE',  ( -4.433125020815825900, 1.101117989504493600, 0.7981206805233803700 ) ) ;
#809 = CARTESIAN_POINT ( 'NONE',  ( -4.486268427252863200, 1.020482612576824300, 0.4037197908160400900 ) ) ;
#810 = CARTESIAN_POINT ( 'NONE',  ( -1.888080252076239900, 2.201841856833367700, 7.855943370758252400 ) ) ;
#811 = CARTESIAN_POINT ( 'NONE',  ( -3.493368204405105500, 3.009020942638712400, -2.838229286579989600 ) ) ;
#812 = CARTESIAN_POINT ( 'NONE',  ( -1.999380757424636700, 2.100782003362675200, 9.665473379260234300 ) ) ;
#813 = CARTESIAN_POINT ( 'NONE',  ( -1.645914345766945400, 2.389630136542934200, 10.73888092149836200 ) ) ;
#814 = CARTESIAN_POINT ( 'NONE',  ( -2.050633231745914800, 2.050586099136999100, 9.166766068231174500 ) ) ;
#815 = CARTESIAN_POINT ( 'NONE',  ( -0.7962052352543128600, 2.791990697035097800, 6.319449960517635700 ) ) ;
#816 = CARTESIAN_POINT ( 'NONE',  ( -1.716237156328412200, 2.338892969444083200, 10.59643112521329500 ) ) ;
#817 = CARTESIAN_POINT ( 'NONE',  ( -1.837874936222644500, 2.244565352069075400, 7.702370699292221600 ) ) ;
#818 = CARTESIAN_POINT ( 'NONE',  ( -1.388742600232059500, 2.548585701455686100, 6.857684145328162700 ) ) ;
#819 = CARTESIAN_POINT ( 'NONE',  ( -2.040398990069866200, 2.060962809606631900, 8.666331340876302700 ) ) ;
#820 = CARTESIAN_POINT ( 'NONE',  ( -1.389282966801211700, 2.548285512025887400, 11.14160074912058600 ) ) ;
#821 = CARTESIAN_POINT ( 'NONE',  ( -1.969133220975402200, 2.129655091122387000, 9.826587122462155900 ) ) ;
#822 = CARTESIAN_POINT ( 'NONE',  ( -1.481299075591803200, 2.495048476329023000, 6.986609229920868600 ) ) ;
#823 = CARTESIAN_POINT ( 'NONE',  ( -0.6491110812406177800, 2.830863145865492000, 6.239725871241016200 ) ) ;
#824 = CARTESIAN_POINT ( 'NONE',  ( -0.3366666677223732500, 2.884750752015422700, 6.130311033027390400 ) ) ;
#825 = DIRECTION ( 'NONE',  ( -1.000000000000000000, 0.0000000000000000000, 0.0000000000000000000 ) ) ;
#826 = CARTESIAN_POINT ( 'NONE',  ( -3.442896742310387600, 3.199439510412639600, 2.898155385602084500 ) ) ;
#827 = CARTESIAN_POINT ( 'NONE',  ( -3.493688173115271100, 3.007891638978879000, 2.837839419135235200 ) ) ;
#828 = CARTESIAN_POINT ( 'NONE',  ( -1.837545372747183100, 2.244842378068583300, 10.29860937054414200 ) ) ;
#829 = CARTESIAN_POINT ( 'NONE',  ( -6.801778715335158800, 12.60000000000000000, -1.000000000000000200 ) ) ;
#830 = DIRECTION ( 'NONE',  ( -1.000000000000000000, 0.0000000000000000000, 0.0000000000000000000 ) ) ;
#831 = DIRECTION ( 'NONE',  ( -0.0000000000000000000, -0.0000000000000000000, -1.000000000000000000 ) ) ;
#832 = CARTESIAN_POINT ( 'NONE',  ( 2.480546688754600800, 13.24845859321800400, -1.000000000000000200 ) ) ;
#833 = CARTESIAN_POINT ( 'NONE',  ( -3.354101966249685600, 4.000000000000000000, -3.000000000000000000 ) ) ;
#834 = DIRECTION ( 'NONE',  ( 1.000000000000000000, 0.0000000000000000000, 0.0000000000000000000 ) ) ;
#835 = CARTESIAN_POINT ( 'NONE',  ( 2.291287847477917700, 13.60000000000000000, -1.000000000000000200 ) ) ;
#836 = CARTESIAN_POINT ( 'NONE',  ( 2.668173149561974300, 13.42374295120713000, -1.000000000000000200 ) ) ;
#837 = DIRECTION ( 'NONE',  ( -0.0000000000000000000, 1.000000000000000000, -0.0000000000000000000 ) ) ;
#838 = DIRECTION ( 'NONE',  ( 0.0000000000000000000, -0.8660254037844387100, 0.4999999999999998900 ) ) ;
#839 = CARTESIAN_POINT ( 'NONE',  ( 3.500000000000000000, -1.499999999999996700, 0.8660254037844364900 ) ) ;
#840 = DIRECTION ( 'NONE',  ( 0.0000000000000000000, 0.8660254037844386000, 0.4999999999999999400 ) ) ;
#841 = CARTESIAN_POINT ( 'NONE',  ( 3.500000000000000000, 1.500000000000004200, -0.8660254037844411500 ) ) ;
#842 = CARTESIAN_POINT ( 'NONE',  ( 2.854929946601141700, 13.60000000000000000, -1.000000000000000200 ) ) ;
#843 = CARTESIAN_POINT ( 'NONE',  ( -4.387482193696061300, 13.60000000000000000, 0.9999999999999997800 ) ) ;
#844 = CARTESIAN_POINT ( 'NONE',  ( 3.500000000000000000, 1.500000000000005300, 0.8660254037844373800 ) ) ;
#845 = DIRECTION ( 'NONE',  ( 1.000000000000000000, 0.0000000000000000000, 0.0000000000000000000 ) ) ;
#846 = CARTESIAN_POINT ( 'NONE',  ( -3.354101966249686000, 3.796535616862575200, -3.000000000000000900 ) ) ;
#847 = CARTESIAN_POINT ( 'NONE',  ( 3.500000000000000000, 1.500000000000005300, 0.8660254037844373800 ) ) ;
#848 = CARTESIAN_POINT ( 'NONE',  ( 0.0000000000000000000, -1.499999999999996700, 0.8660254037844364900 ) ) ;
#849 = CARTESIAN_POINT ( 'NONE',  ( 0.0000000000000000000, 1.500000000000005300, 0.8660254037844373800 ) ) ;
#850 = CARTESIAN_POINT ( 'NONE',  ( -2.291287847477918100, 13.07499999999999800, 0.9999999999999997800 ) ) ;
#851 = CARTESIAN_POINT ( 'NONE',  ( -2.480546688754601300, 13.24845859321800400, 0.9999999999999997800 ) ) ;
#852 = CARTESIAN_POINT ( 'NONE',  ( 0.0000000000000000000, 0.0000000000000000000, 20.99999999999999600 ) ) ;
#853 = CARTESIAN_POINT ( 'NONE',  ( 2.291287847477918100, 13.07499999999999800, -1.000000000000000200 ) ) ;
#854 = DIRECTION ( 'NONE',  ( 0.0000000000000000000, 0.0000000000000000000, 1.000000000000000000 ) ) ;
#855 = DIRECTION ( 'NONE',  ( -0.0000000000000000000, -0.0000000000000000000, -1.000000000000000000 ) ) ;
#856 = CARTESIAN_POINT ( 'NONE',  ( -2.668173149561974300, 13.42374295120713000, 0.9999999999999997800 ) ) ;
#857 = CARTESIAN_POINT ( 'NONE',  ( 0.0000000000000000000, 0.0000000000000000000, 20.99999999999999600 ) ) ;
#858 = CARTESIAN_POINT ( 'NONE',  ( -6.801778715335158800, 13.60000000000000000, -1.000000000000000200 ) ) ;
#859 = CARTESIAN_POINT ( 'NONE',  ( 8.000000000000000000, 0.0000000000000000000, 0.0000000000000000000 ) ) ;
#860 = DIRECTION ( 'NONE',  ( -1.000000000000000000, -0.0000000000000000000, -0.0000000000000000000 ) ) ;
#861 = DIRECTION ( 'NONE',  ( -1.000000000000000000, 0.0000000000000000000, 0.0000000000000000000 ) ) ;
#862 = CARTESIAN_POINT ( 'NONE',  ( -3.442674906773348200, 3.200586999094763300, -2.898414291797549100 ) ) ;
#863 = CARTESIAN_POINT ( 'NONE',  ( -2.854929946601142200, 13.60000000000000000, 0.9999999999999997800 ) ) ;
#864 = DIRECTION ( 'NONE',  ( 1.000000000000000000, 0.0000000000000000000, 0.0000000000000000000 ) ) ;
#865 = CARTESIAN_POINT ( 'NONE',  ( -3.373369271350342000, 3.591746557662803200, -2.978790976173459900 ) ) ;
#866 = DIRECTION ( 'NONE',  ( -1.000000000000000000, 0.0000000000000000000, 0.0000000000000000000 ) ) ;
#867 = CARTESIAN_POINT ( 'NONE',  ( 0.0000000000000000000, 0.0000000000000000000, 19.00000000000000000 ) ) ;
#868 = DIRECTION ( 'NONE',  ( -1.000000000000000000, -0.0000000000000000000, -0.0000000000000000000 ) ) ;
#869 = DIRECTION ( 'NONE',  ( 0.0000000000000000000, 0.0000000000000000000, 1.000000000000000000 ) ) ;
#870 = DIRECTION ( 'NONE',  ( -0.0000000000000000000, -1.000000000000000000, -0.0000000000000000000 ) ) ;
#871 = DIRECTION ( 'NONE',  ( 0.0000000000000000000, -1.249000902703300100E-016, -1.000000000000000000 ) ) ;
#872 = CARTESIAN_POINT ( 'NONE',  ( 0.0000000000000000000, 13.60000000000000000, 0.0000000000000000000 ) ) ;
#873 = CARTESIAN_POINT ( 'NONE',  ( 5.449999999999989500, 0.0000000000000000000, 0.0000000000000000000 ) ) ;
#874 = CARTESIAN_POINT ( 'NONE',  ( 0.0000000000000000000, 13.60000000000000000, 3.024999999999999900 ) ) ;
#875 = CARTESIAN_POINT ( 'NONE',  ( 3.061622515116742500E-016, 5.658312395177703500, -2.499999999999997800 ) ) ;
#876 = DIRECTION ( 'NONE',  ( 0.0000000000000000000, 0.0000000000000000000, 1.000000000000000000 ) ) ;
#877 = DIRECTION ( 'NONE',  ( -0.0000000000000000000, 1.000000000000000000, -0.0000000000000000000 ) ) ;
#878 = CARTESIAN_POINT ( 'NONE',  ( 0.1748688499593346600, 5.658312395177703500, -2.499999999999998200 ) ) ;
#879 = CARTESIAN_POINT ( 'NONE',  ( 0.3201407242656457200, 0.0000000000000000000, 0.0000000000000000000 ) ) ;
#880 = DIRECTION ( 'NONE',  ( 0.0000000000000000000, 0.0000000000000000000, -1.000000000000000000 ) ) ;
#881 = DIRECTION ( 'NONE',  ( 0.0000000000000000000, 0.0000000000000000000, -1.000000000000000000 ) ) ;
#882 = DIRECTION ( 'NONE',  ( 0.0000000000000000000, 1.000000000000000000, 0.0000000000000000000 ) ) ;
#883 = DIRECTION ( 'NONE',  ( 0.0000000000000000000, 0.0000000000000000000, 1.000000000000000000 ) ) ;
#884 = DIRECTION ( 'NONE',  ( -1.000000000000000000, 0.0000000000000000000, 0.0000000000000000000 ) ) ;
#885 = CARTESIAN_POINT ( 'NONE',  ( 0.0000000000000000000, 2.994873747314856400E-016, 2.445500000000003100 ) ) ;
#886 = DIRECTION ( 'NONE',  ( 0.4999999999999981700, 1.060575238724907900E-016, 0.8660254037844396000 ) ) ;
#887 = DIRECTION ( 'NONE',  ( 0.0000000000000000000, 0.0000000000000000000, 1.000000000000000000 ) ) ;
#888 = CARTESIAN_POINT ( 'NONE',  ( 0.0000000000000000000, 13.07499999999999800, 0.0000000000000000000 ) ) ;
#889 = DIRECTION ( 'NONE',  ( 0.0000000000000000000, 0.7071067811865472400, 0.7071067811865479100 ) ) ;
#890 = CARTESIAN_POINT ( 'NONE',  ( 8.000000000000000000, 0.0000000000000000000, 0.0000000000000000000 ) ) ;
#891 = CARTESIAN_POINT ( 'NONE',  ( 0.0000000000000000000, 12.60000000000000000, 0.0000000000000000000 ) ) ;
#892 = DIRECTION ( 'NONE',  ( 0.0000000000000000000, 0.0000000000000000000, 1.000000000000000000 ) ) ;
#893 = CARTESIAN_POINT ( 'NONE',  ( 0.0000000000000000000, 0.0000000000000000000, 0.0000000000000000000 ) ) ;
#894 = DIRECTION ( 'NONE',  ( 0.0000000000000000000, 1.000000000000000000, 0.0000000000000000000 ) ) ;
#895 = CARTESIAN_POINT ( 'NONE',  ( 5.449999999999989500, 3.673940397442062300E-016, -3.000000000000002700 ) ) ;
#896 = DIRECTION ( 'NONE',  ( -1.000000000000000000, 0.0000000000000000000, 0.0000000000000000000 ) ) ;
#897 = CARTESIAN_POINT ( 'NONE',  ( -6.801778715335158800, 12.60000000000000000, 0.9999999999999997800 ) ) ;
#898 = DIRECTION ( 'NONE',  ( 0.0000000000000000000, -1.000000000000000000, 0.0000000000000000000 ) ) ;
#899 = DIRECTION ( 'NONE',  ( -0.7071067811865486800, 8.659560562354920500E-017, -0.7071067811865464600 ) ) ;
#900 = DIRECTION ( 'NONE',  ( 0.0000000000000000000, 0.0000000000000000000, 1.000000000000000000 ) ) ;
#901 = CARTESIAN_POINT ( 'NONE',  ( 5.449999999999989500, 0.0000000000000000000, 3.000000000000002700 ) ) ;
#902 = DIRECTION ( 'NONE',  ( 0.0000000000000000000, -1.000000000000000000, 0.0000000000000000000 ) ) ;
#903 = DIRECTION ( 'NONE',  ( 0.0000000000000000000, 0.0000000000000000000, -1.000000000000000000 ) ) ;
#904 = CARTESIAN_POINT ( 'NONE',  ( 0.0000000000000000000, 13.60000000000000000, 0.0000000000000000000 ) ) ;
#905 = DIRECTION ( 'NONE',  ( -0.0000000000000000000, 1.000000000000000000, -0.0000000000000000000 ) ) ;
#906 = DIRECTION ( 'NONE',  ( -0.7071067811865486800, 0.0000000000000000000, 0.7071067811865464600 ) ) ;
#907 = DIRECTION ( 'NONE',  ( 0.0000000000000000000, 0.0000000000000000000, 1.000000000000000000 ) ) ;
#908 = DIRECTION ( 'NONE',  ( 1.000000000000000000, 0.0000000000000000000, 0.0000000000000000000 ) ) ;
#909 = CARTESIAN_POINT ( 'NONE',  ( 0.0000000000000000000, 12.60000000000000000, 0.0000000000000000000 ) ) ;
#910 = CARTESIAN_POINT ( 'NONE',  ( 2.482252461130548300, 6.985160620429208900, 0.3437422442981171700 ) ) ;
#911 = CARTESIAN_POINT ( 'NONE',  ( 1.264546237527091900, 6.083124418345095200, 2.162138126093698700 ) ) ;
#912 = CARTESIAN_POINT ( 'NONE',  ( 2.291287847477917700, 13.60000000000000000, 0.9999999999999997800 ) ) ;
#913 = CARTESIAN_POINT ( 'NONE',  ( 2.480579969157183500, 13.24848909521080200, 0.9999999999999997800 ) ) ;
#914 = DIRECTION ( 'NONE',  ( -1.000000000000000000, 0.0000000000000000000, 0.0000000000000000000 ) ) ;
#915 = CARTESIAN_POINT ( 'NONE',  ( 2.407882727612255200, 6.923608241644182600, -0.6941324098548297100 ) ) ;
#916 = CARTESIAN_POINT ( 'NONE',  ( 2.145881825573163300, 6.711366813962202500, 1.292650339085399600 ) ) ;
#917 = DIRECTION ( 'NONE',  ( 0.0000000000000000000, 0.0000000000000000000, 1.000000000000000000 ) ) ;
#918 = DIRECTION ( 'NONE',  ( 0.0000000000000000000, 0.0000000000000000000, 1.000000000000000000 ) ) ;
#919 = DIRECTION ( 'NONE',  ( 0.0000000000000000000, 0.0000000000000000000, 1.000000000000000000 ) ) ;
#920 = CARTESIAN_POINT ( 'NONE',  ( 2.359227695616064900, 6.883474100906648900, 0.8438442404201212900 ) ) ;
#921 = CARTESIAN_POINT ( 'NONE',  ( 1.962995584372008600, 6.569056802562825800, 1.556406773372181800 ) ) ;
#922 = CARTESIAN_POINT ( 'NONE',  ( 1.969721943979212600, 6.570258568697177300, -1.570782645587380600 ) ) ;
#923 = DIRECTION ( 'NONE',  ( -1.000000000000000000, 0.0000000000000000000, 0.0000000000000000000 ) ) ;
#924 = CARTESIAN_POINT ( 'NONE',  ( 2.499508936129192400, 6.999590780582262400, -0.1808203586605953200 ) ) ;
#925 = CARTESIAN_POINT ( 'NONE',  ( 2.411548626180512100, 6.926631754321978600, 0.6812996659845416100 ) ) ;
#926 = CARTESIAN_POINT ( 'NONE',  ( 2.225647568331727400, 6.775243172995559800, 1.150878500725063300 ) ) ;
#927 = CARTESIAN_POINT ( 'NONE',  ( 0.3201407242656457200, 0.0000000000000000000, 0.0000000000000000000 ) ) ;
#928 = DIRECTION ( 'NONE',  ( 0.0000000000000000000, 0.0000000000000000000, 1.000000000000000000 ) ) ;
#929 = CARTESIAN_POINT ( 'NONE',  ( 1.860520557296076800, 6.491142394801547900, 1.676988514160258700 ) ) ;
#930 = CARTESIAN_POINT ( 'NONE',  ( 2.854929946601141700, 13.60000000000000000, 0.9999999999999997800 ) ) ;
#931 = CARTESIAN_POINT ( 'NONE',  ( 2.152609551528618800, 6.716143590995431000, -1.314772279574525400 ) ) ;
#932 = DIRECTION ( 'NONE',  ( -1.000000000000000000, 0.0000000000000000000, 0.0000000000000000000 ) ) ;
#933 = CARTESIAN_POINT ( 'NONE',  ( 2.668199923056137700, 13.42376821945515000, 0.9999999999999997800 ) ) ;
#934 = CARTESIAN_POINT ( 'NONE',  ( 2.291287847477918100, 13.07499999999999800, 0.9999999999999997800 ) ) ;
#935 = CARTESIAN_POINT ( 'NONE',  ( 2.480369217718158700, 6.983591355544543700, -0.3570540241203237200 ) ) ;
#936 = DIRECTION ( 'NONE',  ( 0.0000000000000000000, -1.000000000000000000, 0.0000000000000000000 ) ) ;
#937 = CARTESIAN_POINT ( 'NONE',  ( 0.1771656269769343600, 5.658312395177703500, 2.499999999999997800 ) ) ;
#938 = CARTESIAN_POINT ( 'NONE',  ( 0.0000000000000000000, 13.07499999999999800, 0.0000000000000000000 ) ) ;
#939 = CARTESIAN_POINT ( 'NONE',  ( 2.500471899043157800, 7.000393248737387900, 0.1669766630141341400 ) ) ;
#940 = CARTESIAN_POINT ( 'NONE',  ( 0.3494228366616294300, 5.687425442891854900, -2.481161234206848300 ) ) ;
#941 = CARTESIAN_POINT ( 'NONE',  ( 0.0000000000000000000, 0.0000000000000000000, 0.0000000000000000000 ) ) ;
#942 = CARTESIAN_POINT ( 'NONE',  ( 0.3514304378373774900, 5.687837360393311700, 2.480887745524787700 ) ) ;
#943 = DIRECTION ( 'NONE',  ( -0.0000000000000000000, 1.000000000000000000, -0.0000000000000000000 ) ) ;
#944 = CARTESIAN_POINT ( 'NONE',  ( 3.500000000000000000, 1.500000000000004200, -0.8660254037844411500 ) ) ;
#945 = CARTESIAN_POINT ( 'NONE',  ( 3.500000000000000000, 1.500000000000005300, 0.8660254037844373800 ) ) ;
#946 = DIRECTION ( 'NONE',  ( 0.0000000000000000000, -1.249000902703300100E-016, -1.000000000000000000 ) ) ;
#947 = CARTESIAN_POINT ( 'NONE',  ( 0.8322509338905930100, 5.851129370791612800, -2.362790915517317000 ) ) ;
#948 = CARTESIAN_POINT ( 'NONE',  ( 1.521394592146614500, 6.248326413240443200, 1.989793194816721100 ) ) ;
#949 = CARTESIAN_POINT ( 'NONE',  ( 0.0000000000000000000, 13.60000000000000000, 0.0000000000000000000 ) ) ;
#950 = DIRECTION ( 'NONE',  ( -0.0000000000000000000, 1.000000000000000000, -0.0000000000000000000 ) ) ;
#951 = DIRECTION ( 'NONE',  ( 0.0000000000000000000, -0.8660254037844386000, -0.5000000000000001100 ) ) ;
#952 = DIRECTION ( 'NONE',  ( 0.0000000000000000000, 0.0000000000000000000, 1.000000000000000000 ) ) ;
#953 = CARTESIAN_POINT ( 'NONE',  ( 1.272385469226478700, 6.074877852809892800, -2.175482780293385600 ) ) ;
#954 = CARTESIAN_POINT ( 'NONE',  ( 0.8370828712283137100, 5.853403468655344900, 2.360978175560876700 ) ) ;
#955 = CARTESIAN_POINT ( 'NONE',  ( 1.523710964866894300, 6.246802100280221200, -2.006356785772696000 ) ) ;
#956 = CARTESIAN_POINT ( 'NONE',  ( 0.6806791688271094400, 5.785669547642020100, 2.411427632681203600 ) ) ;
#957 = CARTESIAN_POINT ( 'NONE',  ( 0.0000000000000000000, 5.658312395177703500, 2.499999999999997800 ) ) ;
#958 = CARTESIAN_POINT ( 'NONE',  ( 1.640086125581559100, 6.331123374337232200, 1.893130930871292500 ) ) ;
#959 = CARTESIAN_POINT ( 'NONE',  ( 1.127446615629790900, 6.001382660915922400, 2.236915243741597800 ) ) ;
#960 = CARTESIAN_POINT ( 'NONE',  ( 2.355341175726631200, 6.880288021269164400, -0.8546674517285316500 ) ) ;
#961 = CARTESIAN_POINT ( 'NONE',  ( 0.6784409347123722100, 5.784822234406415300, -2.412047944593580500 ) ) ;
#962 = CARTESIAN_POINT ( 'NONE',  ( -4.036962157103106500, 6.249454604777088000, 1.993995525253782900 ) ) ;
#963 = CARTESIAN_POINT ( 'NONE',  ( -3.610463940588255500, 5.346794265003476100, 2.687692489036655800 ) ) ;
#964 = CARTESIAN_POINT ( 'NONE',  ( -3.819507000215842200, 5.832639317194323600, -2.382774127436686500 ) ) ;
#965 = CARTESIAN_POINT ( 'NONE',  ( -3.493051486964754200, 4.989855351324052900, 2.838614466835087200 ) ) ;
#966 = CARTESIAN_POINT ( 'NONE',  ( -3.442651036673702400, 4.799644716564277000, 2.898447680434336400 ) ) ;
#967 = CARTESIAN_POINT ( 'NONE',  ( -4.392821713911983400, 6.837331385091777000, -0.9942300960271783800 ) ) ;
#968 = CARTESIAN_POINT ( 'NONE',  ( -6.801778715335158800, 13.60000000000000000, 0.9999999999999997800 ) ) ;
#969 = CARTESIAN_POINT ( 'NONE',  ( -4.295274513685352100, 6.683835969858682400, 1.355174407299965900 ) ) ;
#970 = CARTESIAN_POINT ( 'NONE',  ( -3.372981381998057000, 4.405695594903582100, 2.979235088612542300 ) ) ;
#971 = CARTESIAN_POINT ( 'NONE',  ( -6.801778715335158800, 13.60000000000000000, 0.9999999999999997800 ) ) ;
#972 = DIRECTION ( 'NONE',  ( 1.000000000000000000, 0.0000000000000000000, 0.0000000000000000000 ) ) ;
#973 = DIRECTION ( 'NONE',  ( 1.000000000000000000, 0.0000000000000000000, 0.0000000000000000000 ) ) ;
#974 = CARTESIAN_POINT ( 'NONE',  ( -4.235264456249264100, 6.587465351976808500, -1.530259828970365900 ) ) ;
#975 = CARTESIAN_POINT ( 'NONE',  ( -3.354101966249686000, 4.203271097782687700, -3.000000000000000000 ) ) ;
#976 = CARTESIAN_POINT ( 'NONE',  ( -4.486233703476932200, 6.979466222768943200, 0.4042973298221104700 ) ) ;
#977 = CARTESIAN_POINT ( 'NONE',  ( -4.485845263100934200, 6.978884755878513400, -0.4088186566874712500 ) ) ;
#978 = CARTESIAN_POINT ( 'NONE',  ( -4.432901448748462600, 6.898541251168403200, 0.7994585159953134800 ) ) ;
#979 = DIRECTION ( 'NONE',  ( -1.000000000000000000, 0.0000000000000000000, 0.0000000000000000000 ) ) ;
#980 = CARTESIAN_POINT ( 'NONE',  ( -2.854929946601142200, 13.60000000000000000, -1.000000000000000200 ) ) ;
#981 = CARTESIAN_POINT ( 'NONE',  ( -3.354101966249685600, 4.000000000000000000, -3.000000000000000000 ) ) ;
#982 = CARTESIAN_POINT ( 'NONE',  ( -4.500130170547808300, 7.000195255873300900, 0.1991049373427848700 ) ) ;
#983 = CARTESIAN_POINT ( 'NONE',  ( -2.668199923056137700, 13.42376821945515000, -1.000000000000000200 ) ) ;
#984 = DIRECTION ( 'NONE',  ( 0.0000000000000000000, 0.0000000000000000000, 1.000000000000000000 ) ) ;
#985 = CARTESIAN_POINT ( 'NONE',  ( -3.893377524305206900, 5.980268061847529500, -2.261610958607580500 ) ) ;
#986 = CARTESIAN_POINT ( 'NONE',  ( 0.0000000000000000000, 13.60000000000000000, 0.0000000000000000000 ) ) ;
#987 = CARTESIAN_POINT ( 'NONE',  ( 0.0000000000000000000, 0.0000000000000000000, 0.0000000000000000000 ) ) ;
#988 = CARTESIAN_POINT ( 'NONE',  ( -3.372694477988042100, 4.403604402893443600, -2.979560525306459900 ) ) ;
#989 = DIRECTION ( 'NONE',  ( 0.0000000000000000000, 0.0000000000000000000, 1.000000000000000000 ) ) ;
#990 = CARTESIAN_POINT ( 'NONE',  ( -4.107112497119603100, 6.371894811602766500, -1.846831636758685000 ) ) ;
#991 = DIRECTION ( 'NONE',  ( -0.0000000000000000000, 1.000000000000000000, -0.0000000000000000000 ) ) ;
#992 = CARTESIAN_POINT ( 'NONE',  ( -4.499867933940120900, 6.999801900858216200, -0.2049461027840569500 ) ) ;
#993 = CARTESIAN_POINT ( 'NONE',  ( -3.442418391657238200, 4.798794626549246300, -2.898724647598583700 ) ) ;
#994 = CARTESIAN_POINT ( 'NONE',  ( -3.678509053996986000, 5.517024061301089700, -2.595152675035069700 ) ) ;
#995 = DIRECTION ( 'NONE',  ( 0.0000000000000000000, -0.8660254037844386000, -0.5000000000000001100 ) ) ;
#996 = DIRECTION ( 'NONE',  ( -1.000000000000000000, 0.0000000000000000000, 0.0000000000000000000 ) ) ;
#997 = CARTESIAN_POINT ( 'NONE',  ( -4.294534028010253300, 6.682645950614463500, -1.357333259124252000 ) ) ;
#998 = CARTESIAN_POINT ( 'NONE',  ( -3.492352148929046800, 4.987546782877558400, -2.839488606946031900 ) ) ;
#999 = CARTESIAN_POINT ( 'NONE',  ( -3.610290340696201900, 5.346447719136091500, -2.687940240589687100 ) ) ;
#1000 = CARTESIAN_POINT ( 'NONE',  ( 0.0000000000000000000, 1.500000000000004200, -0.8660254037844411500 ) ) ;
#1001 = CARTESIAN_POINT ( 'NONE',  ( -4.037603787427309000, 6.250626000528693100, -1.992743919978552200 ) ) ;
#1002 = CARTESIAN_POINT ( 'NONE',  ( -4.431943754540896800, 6.897079927743517300, -0.8048695391967372000 ) ) ;
#1003 = CARTESIAN_POINT ( 'NONE',  ( -4.393967136259513900, 6.839108937628313200, 0.9894107476610225500 ) ) ;
#1004 = CARTESIAN_POINT ( 'NONE',  ( -4.236673029728566900, 6.589781272543757700, 1.526474126765583300 ) ) ;
#1005 = CARTESIAN_POINT ( 'NONE',  ( -4.107940392399463300, 6.373340040174605600, 1.845087356470450400 ) ) ;
#1006 = CARTESIAN_POINT ( 'NONE',  ( -3.893282808397889600, 5.980058985797351000, 2.261731767130693300 ) ) ;
#1007 = CARTESIAN_POINT ( 'NONE',  ( -2.291287847477918100, 13.07499999999999800, -1.000000000000000200 ) ) ;
#1008 = DIRECTION ( 'NONE',  ( 0.0000000000000000000, 0.0000000000000000000, 1.000000000000000000 ) ) ;
#1009 = CARTESIAN_POINT ( 'NONE',  ( -3.820185885312547200, 5.834098038321057400, 2.381718108091615000 ) ) ;
#1010 = CARTESIAN_POINT ( 'NONE',  ( -3.678547342059812000, 5.517170380546384800, 2.595128281410648400 ) ) ;
#1011 = CARTESIAN_POINT ( 'NONE',  ( 5.449999999999989500, 0.0000000000000000000, 0.0000000000000000000 ) ) ;
#1012 =( LENGTH_UNIT ( ) NAMED_UNIT ( * ) SI_UNIT ( .MILLI., .METRE. ) );
#1013 = CARTESIAN_POINT ( 'NONE',  ( -2.480579969157183500, 13.24848909521080200, -1.000000000000000200 ) ) ;
#1014 = APPROVAL_ROLE ( '' ) ;
#1015 = PERSON_AND_ORGANIZATION_ROLE ( 'design_supplier' ) ;
#1016 = DIRECTION ( 'NONE',  ( -0.04920776930498559100, 0.0000000000000000000, 0.9987885639313395200 ) ) ;
#1017 = CARTESIAN_POINT ( 'NONE',  ( -3.354101966249685600, 4.000000000000000000, 3.000000000000000000 ) ) ;
#1018 =( NAMED_UNIT ( * ) PLANE_ANGLE_UNIT ( ) SI_UNIT ( $, .RADIAN. ) );
#1019 = DIRECTION ( 'NONE',  ( 1.000000000000000000, 0.0000000000000000000, 0.0000000000000000000 ) ) ;
#1020 =( NAMED_UNIT ( * ) SI_UNIT ( $, .STERADIAN. ) SOLID_ANGLE_UNIT ( ) );
#1021 = APPLICATION_PROTOCOL_DEFINITION ( 'international standard', 'config_control_design', 1994, #1027 ) ;
#1022 = CARTESIAN_POINT ( 'NONE',  ( 0.0000000000000000000, 0.0000000000000000000, 0.0000000000000000000 ) ) ;
#1023 = DATE_TIME_ROLE ( 'creation_date' ) ;
#1024 = APPROVAL_STATUS ( 'not_yet_approved' ) ;
#1025 = DATE_TIME_ROLE ( 'classification_date' ) ;
#1026 =( NAMED_UNIT ( * ) SI_UNIT ( $, .STERADIAN. ) SOLID_ANGLE_UNIT ( ) );
#1027 = APPLICATION_CONTEXT ( 'configuration controlled 3d designs of mechanical parts and assemblies' ) ;
#1028 =( NAMED_UNIT ( * ) PLANE_ANGLE_UNIT ( ) SI_UNIT ( $, .RADIAN. ) );
#1029 = DIRECTION ( 'NONE',  ( 1.000000000000000000, 0.0000000000000000000, 0.0000000000000000000 ) ) ;
#1030 = APPLICATION_CONTEXT ( 'configuration controlled 3d designs of mechanical parts and assemblies' ) ;
#1031 = CARTESIAN_POINT ( 'NONE',  ( -10.37104921350331200, -2.445084409962691400, 0.4823595740504060800 ) ) ;
#1032 = PERSON_AND_ORGANIZATION_ROLE ( 'classification_officer' ) ;
#1033 = APPROVAL_ROLE ( '' ) ;
#1034 = DIRECTION ( 'NONE',  ( 1.000000000000000000, 0.0000000000000000000, 0.0000000000000000000 ) ) ;
#1035 = CARTESIAN_POINT ( 'NONE',  ( -1.371049213503283700, 7.154915590037307800, 0.4823595740504060800 ) ) ;
#1036 =( LENGTH_UNIT ( ) NAMED_UNIT ( * ) SI_UNIT ( .MILLI., .METRE. ) );
#1037 =( NAMED_UNIT ( * ) PLANE_ANGLE_UNIT ( ) SI_UNIT ( $, .RADIAN. ) );
#1038 = CARTESIAN_POINT ( 'NONE',  ( -1.371049213503283700, -6.445084409962691800, 0.4823595740504060800 ) ) ;
#1039 = DIRECTION ( 'NONE',  ( 0.0000000000000000000, 0.0000000000000000000, -1.000000000000000000 ) ) ;
#1040 = DIRECTION ( 'NONE',  ( 0.0000000000000000000, 0.0000000000000000000, 1.000000000000000000 ) ) ;
#1041 = DIRECTION ( 'NONE',  ( -1.000000000000000000, -0.0000000000000000000, -0.0000000000000000000 ) ) ;
#1042 = APPLICATION_CONTEXT ( 'configuration controlled 3d designs of mechanical parts and assemblies' ) ;
#1043 = DIRECTION ( 'NONE',  ( 1.000000000000000000, 0.0000000000000000000, 0.0000000000000000000 ) ) ;
#1044 = APPROVAL_STATUS ( 'not_yet_approved' ) ;
#1045 = APPROVAL_ROLE ( '' ) ;
#1046 = APPROVAL_STATUS ( 'not_yet_approved' ) ;
#1047 = APPLICATION_PROTOCOL_DEFINITION ( 'international standard', 'config_control_design', 1994, #1068 ) ;
#1048 = DIRECTION ( 'NONE',  ( 0.0000000000000000000, -1.000000000000000000, 0.0000000000000000000 ) ) ;
#1049 =( NAMED_UNIT ( * ) SI_UNIT ( $, .STERADIAN. ) SOLID_ANGLE_UNIT ( ) );
#1050 = CARTESIAN_POINT ( 'NONE',  ( 0.0000000000000000000, 0.0000000000000000000, 0.0000000000000000000 ) ) ;
#1051 =( NAMED_UNIT ( * ) PLANE_ANGLE_UNIT ( ) SI_UNIT ( $, .RADIAN. ) );
#1052 =( LENGTH_UNIT ( ) NAMED_UNIT ( * ) SI_UNIT ( .MILLI., .METRE. ) );
#1053 = PERSON_AND_ORGANIZATION_ROLE ( 'creator' ) ;
#1054 = DIRECTION ( 'NONE',  ( 0.0000000000000000000, 0.0000000000000000000, 1.000000000000000000 ) ) ;
#1055 = PERSON_AND_ORGANIZATION_ROLE ( 'creator' ) ;
#1056 = SECURITY_CLASSIFICATION_LEVEL ( 'unclassified' ) ;
#1057 = CARTESIAN_POINT ( 'NONE',  ( -3.354101966249685200, 4.204943876121855200, 3.000000000000000400 ) ) ;
#1058 = APPLICATION_CONTEXT ( 'configuration controlled 3d designs of mechanical parts and assemblies' ) ;
#1059 = DIRECTION ( 'NONE',  ( 0.0000000000000000000, 0.0000000000000000000, 1.000000000000000000 ) ) ;
#1060 = MECHANICAL_CONTEXT ( 'NONE', #1027, 'mechanical' ) ;
#1061 = CARTESIAN_POINT ( 'NONE',  ( -6.801778715335158800, 12.60000000000000000, -1.000000000000000200 ) ) ;
#1062 =( LENGTH_UNIT ( ) NAMED_UNIT ( * ) SI_UNIT ( .MILLI., .METRE. ) );
#1063 = DIRECTION ( 'NONE',  ( 1.000000000000000000, 0.0000000000000000000, 0.0000000000000000000 ) ) ;
#1064 = PERSON_AND_ORGANIZATION_ROLE ( 'design_owner' ) ;
#1065 =( NAMED_UNIT ( * ) SI_UNIT ( $, .STERADIAN. ) SOLID_ANGLE_UNIT ( ) );
#1066 = CARTESIAN_POINT ( 'NONE',  ( 0.0000000000000000000, 0.0000000000000000000, 0.0000000000000000000 ) ) ;
#1067 = DIRECTION ( 'NONE',  ( 0.0000000000000000000, 0.0000000000000000000, 1.000000000000000000 ) ) ;
#1068 = APPLICATION_CONTEXT ( 'configuration controlled 3d designs of mechanical parts and assemblies' ) ;
#1069 =( REPRESENTATION_RELATIONSHIP ('NONE','NONE', #1634, #1635 ) REPRESENTATION_RELATIONSHIP_WITH_TRANSFORMATION ( #1679 )SHAPE_REPRESENTATION_RELATIONSHIP( ) );
#1070 = APPROVAL_ROLE ( '' ) ;
#1071 = DATE_TIME_ROLE ( 'classification_date' ) ;
#1072 = SECURITY_CLASSIFICATION_LEVEL ( 'unclassified' ) ;
#1073 = DATE_TIME_ROLE ( 'classification_date' ) ;
#1074 = PERSON_AND_ORGANIZATION_ROLE ( 'design_owner' ) ;
#1075 = APPLICATION_PROTOCOL_DEFINITION ( 'international standard', 'config_control_design', 1994, #1042 ) ;
#1076 = APPROVAL_STATUS ( 'not_yet_approved' ) ;
#1077 = PERSON_AND_ORGANIZATION_ROLE ( 'classification_officer' ) ;
#1078 = PERSON_AND_ORGANIZATION_ROLE ( 'classification_officer' ) ;
#1079 = APPROVAL_STATUS ( 'not_yet_approved' ) ;
#1080 =( REPRESENTATION_RELATIONSHIP ('NONE','NONE', #1634, #1633 ) REPRESENTATION_RELATIONSHIP_WITH_TRANSFORMATION ( #1637 )SHAPE_REPRESENTATION_RELATIONSHIP( ) );
#1081 = DATE_TIME_ROLE ( 'classification_date' ) ;
#1082 = APPROVAL_ROLE ( '' ) ;
#1083 = APPROVAL_STATUS ( 'not_yet_approved' ) ;
#1084 = APPROVAL_STATUS ( 'not_yet_approved' ) ;
#1085 = APPLICATION_CONTEXT ( 'configuration controlled 3d designs of mechanical parts and assemblies' ) ;
#1086 = APPROVAL_ROLE ( '' ) ;
#1087 = APPROVAL_ROLE ( '' ) ;
#1088 = APPROVAL_STATUS ( 'not_yet_approved' ) ;
#1089 = SECURITY_CLASSIFICATION_LEVEL ( 'unclassified' ) ;
#1090 = APPROVAL_ROLE ( '' ) ;
#1091 = PERSON_AND_ORGANIZATION_ROLE ( 'classification_officer' ) ;
#1092 = APPLICATION_PROTOCOL_DEFINITION ( 'international standard', 'config_control_design', 1994, #1085 ) ;
#1093 = APPLICATION_CONTEXT ( 'configuration controlled 3d designs of mechanical parts and assemblies' ) ;
#1094 = MECHANICAL_CONTEXT ( 'NONE', #1030, 'mechanical' ) ;
#1095 = APPLICATION_PROTOCOL_DEFINITION ( 'international standard', 'config_control_design', 1994, #1093 ) ;
#1096 = APPROVAL_ROLE ( '' ) ;
#1097 = PERSON_AND_ORGANIZATION_ROLE ( 'design_owner' ) ;
#1098 = APPLICATION_PROTOCOL_DEFINITION ( 'international standard', 'config_control_design', 1994, #1058 ) ;
#1099 = SECURITY_CLASSIFICATION_LEVEL ( 'unclassified' ) ;
#1100 = APPROVAL_ROLE ( '' ) ;
#1101 = MECHANICAL_CONTEXT ( 'NONE', #1042, 'mechanical' ) ;
#1102 = APPLICATION_PROTOCOL_DEFINITION ( 'international standard', 'config_control_design', 1994, #1128 ) ;
#1103 = PERSON_AND_ORGANIZATION_ROLE ( 'creator' ) ;
#1104 = APPROVAL_ROLE ( '' ) ;
#1105 = PERSON_AND_ORGANIZATION_ROLE ( 'creator' ) ;
#1106 = APPROVAL_STATUS ( 'not_yet_approved' ) ;
#1107 = APPLICATION_PROTOCOL_DEFINITION ( 'international standard', 'config_control_design', 1994, #1030 ) ;
#1108 = APPROVAL_STATUS ( 'not_yet_approved' ) ;
#1109 = PERSON_AND_ORGANIZATION_ROLE ( 'creator' ) ;
#1110 = DATE_TIME_ROLE ( 'creation_date' ) ;
#1111 = DATE_TIME_ROLE ( 'creation_date' ) ;
#1112 = PERSON_AND_ORGANIZATION_ROLE ( 'design_supplier' ) ;
#1113 = PERSON_AND_ORGANIZATION_ROLE ( 'design_supplier' ) ;
#1114 = APPROVAL_STATUS ( 'not_yet_approved' ) ;
#1115 = SECURITY_CLASSIFICATION_LEVEL ( 'unclassified' ) ;
#1116 = PERSON_AND_ORGANIZATION_ROLE ( 'creator' ) ;
#1117 = PERSON_AND_ORGANIZATION_ROLE ( 'classification_officer' ) ;
#1118 = APPROVAL_STATUS ( 'not_yet_approved' ) ;
#1119 = PERSON_AND_ORGANIZATION_ROLE ( 'creator' ) ;
#1120 = DATE_TIME_ROLE ( 'classification_date' ) ;
#1121 = SECURITY_CLASSIFICATION_LEVEL ( 'unclassified' ) ;
#1122 = APPROVAL_ROLE ( '' ) ;
#1123 = PERSON_AND_ORGANIZATION_ROLE ( 'creator' ) ;
#1124 = MECHANICAL_CONTEXT ( 'NONE', #1058, 'mechanical' ) ;
#1125 = PERSON_AND_ORGANIZATION_ROLE ( 'design_owner' ) ;
#1126 = APPROVAL_STATUS ( 'not_yet_approved' ) ;
#1127 = PERSON_AND_ORGANIZATION_ROLE ( 'design_supplier' ) ;
#1128 = APPLICATION_CONTEXT ( 'configuration controlled 3d designs of mechanical parts and assemblies' ) ;
#1129 = APPROVAL_STATUS ( 'not_yet_approved' ) ;
#1130 = DATE_TIME_ROLE ( 'creation_date' ) ;
#1131 = APPROVAL_ROLE ( '' ) ;
#1132 = APPROVAL_ROLE ( '' ) ;
#1133 = DATE_TIME_ROLE ( 'classification_date' ) ;
#1134 = PERSON_AND_ORGANIZATION_ROLE ( 'classification_officer' ) ;
#1135 = APPROVAL_STATUS ( 'not_yet_approved' ) ;
#1136 = SECURITY_CLASSIFICATION_LEVEL ( 'unclassified' ) ;
#1137 = PERSON_AND_ORGANIZATION_ROLE ( 'classification_officer' ) ;
#1138 = DATE_TIME_ROLE ( 'classification_date' ) ;
#1139 =( REPRESENTATION_RELATIONSHIP ('NONE','NONE', #1634, #1636 ) REPRESENTATION_RELATIONSHIP_WITH_TRANSFORMATION ( #1643 )SHAPE_REPRESENTATION_RELATIONSHIP( ) );
#1140 = APPROVAL_ROLE ( '' ) ;
#1141 = ADVANCED_FACE ( 'NONE', ( #1302 ), #1332, .T. ) ;
#1142 = ADVANCED_FACE ( 'NONE', ( #1274 ), #399, .F. ) ;
#1143 = ADVANCED_FACE ( 'NONE', ( #1296 ), #395, .T. ) ;
#1144 = ADVANCED_FACE ( 'NONE', ( #1308 ), #1292, .F. ) ;
#1145 = ADVANCED_FACE ( 'NONE', ( #1270 ), #434, .F. ) ;
#1146 = ADVANCED_FACE ( 'NONE', ( #1317 ), #416, .F. ) ;
#1147 = ADVANCED_FACE ( 'NONE', ( #1327 ), #441, .F. ) ;
#1148 = ADVANCED_FACE ( 'NONE', ( #1297 ), #1272, .T. ) ;
#1149 = ADVANCED_FACE ( 'NONE', ( #1304, #1285 ), #1315, .F. ) ;
#1150 = ADVANCED_FACE ( 'NONE', ( #1309 ), #1299, .F. ) ;
#1151 = ADVANCED_FACE ( 'NONE', ( #1276 ), #1273, .T. ) ;
#1152 = ADVANCED_FACE ( 'NONE', ( #1282, #1275 ), #405, .F. ) ;
#1153 = ADVANCED_FACE ( 'NONE', ( #1293 ), #1316, .T. ) ;
#1154 = ADVANCED_FACE ( 'NONE', ( #1310 ), #407, .F. ) ;
#1155 = ADVANCED_FACE ( 'NONE', ( #1271 ), #1328, .F. ) ;
#1156 = ADVANCED_FACE ( 'NONE', ( #1287 ), #1277, .T. ) ;
#1157 = ADVANCED_FACE ( 'NONE', ( #1295 ), #426, .F. ) ;
#1158 = ADVANCED_FACE ( 'NONE', ( #1278 ), #1322, .T. ) ;
#1159 = ADVANCED_FACE ( 'NONE', ( #1311 ), #1301, .F. ) ;
#1160 = ADVANCED_FACE ( 'NONE', ( #1279 ), #1288, .T. ) ;
#1161 = ADVANCED_FACE ( 'NONE', ( #1318 ), #489, .T. ) ;
#1162 = ADVANCED_FACE ( 'NONE', ( #1283 ), #1290, .F. ) ;
#1163 = ADVANCED_FACE ( 'NONE', ( #1284 ), #1331, .F. ) ;
#1164 = ADVANCED_FACE ( 'NONE', ( #1325 ), #1319, .T. ) ;
#1165 = ADVANCED_FACE ( 'NONE', ( #1330 ), #497, .T. ) ;
#1166 = ADVANCED_FACE ( 'NONE', ( #1300 ), #1321, .T. ) ;
#1167 = ADVANCED_FACE ( 'NONE', ( #1286, #1280 ), #1291, .T. ) ;
#1168 = ADVANCED_FACE ( 'NONE', ( #1303 ), #482, .F. ) ;
#1169 = ADVANCED_FACE ( 'NONE', ( #1329 ), #1306, .T. ) ;
#1170 = ADVANCED_FACE ( 'NONE', ( #1307 ), #480, .F. ) ;
#1171 = ADVANCED_FACE ( 'NONE', ( #1326, #1312 ), #464, .T. ) ;
#1172 = ADVANCED_FACE ( 'NONE', ( #1313 ), #1320, .T. ) ;
#1173 = ADVANCED_FACE ( 'NONE', ( #1323, #1324 ), #1294, .T. ) ;
#1174 = ADVANCED_FACE ( 'NONE', ( #1314 ), #516, .F. ) ;
#1175 = ADVANCED_FACE ( 'NONE', ( #1305 ), #505, .T. ) ;
#1176 = ADVANCED_FACE ( 'NONE', ( #1281 ), #521, .T. ) ;
#1177 = ADVANCED_FACE ( 'NONE', ( #1289 ), #1341, .F. ) ;
#1178 = ADVANCED_FACE ( 'NONE', ( #1334 ), #520, .F. ) ;
#1179 = ADVANCED_FACE ( 'NONE', ( #1354 ), #1337, .F. ) ;
#1180 = ADVANCED_FACE ( 'NONE', ( #1346 ), #506, .T. ) ;
#1181 = ADVANCED_FACE ( 'NONE', ( #1336, #1352 ), #1335, .T. ) ;
#1182 = ADVANCED_FACE ( 'NONE', ( #1350 ), #529, .F. ) ;
#1183 = ADVANCED_FACE ( 'NONE', ( #1338 ), #1343, .T. ) ;
#1184 = ADVANCED_FACE ( 'NONE', ( #1342 ), #540, .T. ) ;
#1185 = ADVANCED_FACE ( 'NONE', ( #1345 ), #542, .F. ) ;
#1186 = ADVANCED_FACE ( 'NONE', ( #1339 ), #1353, .T. ) ;
#1187 = UNCERTAINTY_MEASURE_WITH_UNIT (LENGTH_MEASURE( 1.000000000000000100E-005 ), #1036, 'distance_accuracy_value', 'NONE');
#1188 = ADVANCED_BREP_SHAPE_REPRESENTATION ( '', ( #1189, #1870 ), #1871 ) ;
#1189 = MANIFOLD_SOLID_BREP ( 'Hex', #1471 ) ;
#1190 = B_SPLINE_CURVE_WITH_KNOTS ( 'NONE', 3,
 ( #739, #723, #776, #826, #827, #784, #790, #777, #778, #779, #780, #786, #808, #809, #787, #804, #795, #797, #798, #799, #800, #801, #803, #805, #807, #811, #862, #865, #846, #833 ),
 .UNSPECIFIED., .F., .F.,
 ( 4, 2, 2, 2, 2, 2, 2, 2, 2, 2, 2, 2, 2, 2, 4 ),
 ( 0.01453545563664988800, 0.01514133799583222700, 0.01574722035501456600, 0.01695898507337924300, 0.01756486743256158200, 0.01817074979174392400, 0.01877663215092626300, 0.01938251451010860100, 0.01998839686929094000, 0.02059427922847327900, 0.02180604394683795900, 0.02241192630602029800, 0.02301780866520263700, 0.02362369102438497500, 0.02422957338356731400 ),
 .UNSPECIFIED. ) ;
#1191 = B_SPLINE_CURVE_WITH_KNOTS ( 'NONE', 3,
 ( #659, #645, #639, #640, #642, #647, #648, #651, #653, #290, #283, #295, #316, #278, #304, #279, #284, #296, #291, #323, #300, #280, #299, #315, #305, #289, #311, #282, #317, #293, #301, #297, #292, #286 ),
 .UNSPECIFIED., .F., .F.,
 ( 4, 2, 2, 2, 2, 2, 2, 2, 2, 2, 2, 2, 2, 2, 2, 2, 4 ),
 ( 0.009689525720720692400, 0.01029331065631004800, 0.01089709559189940300, 0.01150088052748875900, 0.01210466546307811600, 0.01270845039866747200, 0.01331223533425682900, 0.01391602026984618500, 0.01451980520543554000, 0.01512359014102489800, 0.01572737507661425100, 0.01633116001220361000, 0.01693494494779296300, 0.01753872988338232200, 0.01814251481897167700, 0.01874629975456103300, 0.01935008469015038800 ),
 .UNSPECIFIED. ) ;
#1192 = B_SPLINE_CURVE_WITH_KNOTS ( 'NONE', 3,
 ( #682, #683, #748, #753, #754, #751, #718, #741, #755, #745, #730, #752, #720, #757, #734, #742, #736, #733, #726, #729, #758, #759, #728, #747, #765, #719, #767, #732, #724, #768, #743, #721, #737, #722 ),
 .UNSPECIFIED., .F., .F.,
 ( 4, 2, 2, 2, 2, 2, 2, 2, 2, 2, 2, 2, 2, 2, 2, 2, 4 ),
 ( 0.001369566339496732400, 0.001871676639803984000, 0.002373786940111235500, 0.002875897240418486400, 0.003378007540725737800, 0.003880117841032989100, 0.004382228141340240000, 0.004884338441647492200, 0.005386448741954742700, 0.005888559042261994100, 0.006390669342569245400, 0.006892779642876496700, 0.007394889943183748100, 0.007897000243491001200, 0.008399110543798252500, 0.008901220844105503900, 0.009403331144412755200 ),
 .UNSPECIFIED. ) ;
#1193 = B_SPLINE_CURVE_WITH_KNOTS ( 'NONE', 3,
 ( #853, #832, #836, #842 ),
 .UNSPECIFIED., .F., .F.,
 ( 4, 4 ),
 ( 0.01153459415463957600, 0.01230245887041110100 ),
 .UNSPECIFIED. ) ;
#1194 = B_SPLINE_CURVE_WITH_KNOTS ( 'NONE', 3,
 ( #850, #851, #856, #863 ),
 .UNSPECIFIED., .F., .F.,
 ( 4, 4 ),
 ( 0.01153459415463957800, 0.01230245887041110300 ),
 .UNSPECIFIED. ) ;
#1195 = B_SPLINE_CURVE_WITH_KNOTS ( 'NONE', 3,
 ( #875, #878, #940, #961, #947, #953, #955, #922, #931, #960, #915, #935, #924, #939, #910, #925, #920, #926, #916, #921, #929, #958, #948, #911, #959, #954, #956, #942, #937, #957 ),
 .UNSPECIFIED., .F., .F.,
 ( 4, 2, 2, 2, 2, 2, 2, 2, 2, 2, 2, 2, 2, 2, 4 ),
 ( 0.008363444166855343200, 0.008886017466854453900, 0.009408590766853564700, 0.01045373736685178600, 0.01149888396685000800, 0.01202145726684911800, 0.01254403056684822900, 0.01306660386684734000, 0.01358917716684644700, 0.01411175046684555800, 0.01463432376684466900, 0.01515689706684378000, 0.01567947036684289000, 0.01620204366684199800, 0.01672461696684110800 ),
 .UNSPECIFIED. ) ;
#1196 = MANIFOLD_SOLID_BREP ( 'Cut-Revolve1', #1378 ) ;
#1197 = B_SPLINE_CURVE_WITH_KNOTS ( 'NONE', 3,
 ( #337, #363, #346, #369, #338, #345, #330, #352, #359, #354, #355, #347, #376, #364, #361, #368, #343, #370, #357, #375, #374, #353, #342, #358, #325, #348, #333, #340, #331, #334, #339, #360 ),
 .UNSPECIFIED., .F., .F.,
 ( 4, 2, 2, 2, 2, 2, 2, 2, 2, 2, 2, 2, 2, 2, 2, 4 ),
 ( 8.673617379884035500E-019, 0.0006055953575450442500, 0.001211190715090087600, 0.001816786072635131100, 0.002422381430180174400, 0.003027976787725217900, 0.003633572145270261400, 0.004239167502815304400, 0.004844762860360347900, 0.005450358217905391400, 0.006055953575450434900, 0.007267144290540520100, 0.007872739648085564500, 0.008478335005630607100, 0.009083930363175649800, 0.009689525720720692400 ),
 .UNSPECIFIED. ) ;
#1198 = B_SPLINE_CURVE_WITH_KNOTS ( 'NONE', 3,
 ( #386, #382, #385, #388, #391, #398, #430, #444, #461, #467, #488, #531, #511, #632, #377, #691, #700, #695, #710, #689, #679, #690, #686, #671, #677, #687, #681, #692, #698, #704, #705, #699, #670, #693, #707, #696 ),
 .UNSPECIFIED., .F., .F.,
 ( 4, 2, 2, 2, 2, 2, 2, 2, 2, 2, 2, 2, 2, 2, 2, 2, 2, 4 ),
 ( 0.0000000000000000000, 0.0005227152604284591600, 0.001045430520856918100, 0.001568145781285377100, 0.002090861041713835800, 0.002613576302142295000, 0.003136291562570754100, 0.003659006822999213300, 0.004181722083427672500, 0.004704437343856131600, 0.005227152604284590800, 0.005749867864713049900, 0.006272583125141509100, 0.006795298385569967400, 0.007318013645998424800, 0.007840728906426884900, 0.008102086536641113200, 0.008363444166855343200 ),
 .UNSPECIFIED. ) ;
#1199 = B_SPLINE_CURVE_WITH_KNOTS ( 'NONE', 3,
 ( #930, #933, #913, #934 ),
 .UNSPECIFIED., .F., .F.,
 ( 4, 4 ),
 ( 0.005219366319591658300, 0.005989636509655317500 ),
 .UNSPECIFIED. ) ;
#1200 = B_SPLINE_CURVE_WITH_KNOTS ( 'NONE', 3,
 ( #980, #983, #1013, #1007 ),
 .UNSPECIFIED., .F., .F.,
 ( 4, 4 ),
 ( 0.005219366319591658300, 0.005989636509655317500 ),
 .UNSPECIFIED. ) ;
#1201 = B_SPLINE_CURVE_WITH_KNOTS ( 'NONE', 3,
 ( #981, #975, #988, #993, #998, #999, #994, #964, #985, #1001, #990, #974, #997, #967, #1002, #977, #992, #982, #976, #978, #1003, #969, #1004, #1005, #962, #1006, #1009, #1010, #963, #965, #966, #970, #1057, #1017 ),
 .UNSPECIFIED., .F., .F.,
 ( 4, 2, 2, 2, 2, 2, 2, 2, 2, 2, 2, 2, 2, 2, 2, 2, 4 ),
 ( 0.004850547024809076900, 0.005455853813049127200, 0.006061160601289177600, 0.006666467389529228900, 0.007271774177769279300, 0.007877080966009329700, 0.008482387754249379200, 0.009087694542489432200, 0.009693001330729481700, 0.01029830811896953500, 0.01090361490720958400, 0.01150892169544963500, 0.01211422848368968500, 0.01271953527192973600, 0.01332484206016978700, 0.01393014884840983700, 0.01453545563664988800 ),
 .UNSPECIFIED. ) ;
#1202 = UNCERTAINTY_MEASURE_WITH_UNIT (LENGTH_MEASURE( 1.000000000000000100E-005 ), #1012, 'distance_accuracy_value', 'NONE');
#1203 = ADVANCED_BREP_SHAPE_REPRESENTATION ( '', ( #1205, #1870 ), #1873 ) ;
#1204 = UNCERTAINTY_MEASURE_WITH_UNIT (LENGTH_MEASURE( 1.000000000000000100E-005 ), #1062, 'distance_accuracy_value', 'NONE');
#1205 = MANIFOLD_SOLID_BREP ( 'Cut-Extrude2', #1374 ) ;
#1206 = B_SPLINE_CURVE_WITH_KNOTS ( 'NONE', 3,
 ( #764, #766, #802, #771, #792, #772, #788, #820, #791, #813, #816, #828, #773, #821, #812, #782, #814, #793, #819, #783, #794, #810, #817, #774, #781, #822, #818, #806, #769, #815, #823, #824, #785, #796 ),
 .UNSPECIFIED., .F., .F.,
 ( 4, 2, 2, 2, 2, 2, 2, 2, 2, 2, 2, 2, 2, 2, 2, 2, 4 ),
 ( 0.009403331144412755200, 0.009905226720791967400, 0.01040712229717118000, 0.01090901787355039200, 0.01141091344992960400, 0.01191280902630881600, 0.01241470460268802700, 0.01291660017906724100, 0.01341849575544645100, 0.01392039133182566500, 0.01442228690820487500, 0.01492418248458408900, 0.01542607806096330000, 0.01592797363734251000, 0.01642986921372172400, 0.01693176479010093800, 0.01743366036648014800 ),
 .UNSPECIFIED. ) ;
#1207 = ADVANCED_BREP_SHAPE_REPRESENTATION ( '', ( #1196, #1870 ), #1876 ) ;
#1208 = UNCERTAINTY_MEASURE_WITH_UNIT (LENGTH_MEASURE( 1.000000000000000100E-005 ), #1052, 'distance_accuracy_value', 'NONE');
#1209 = ORIENTED_EDGE ( 'NONE', *, *, #1701, .F. ) ;
#1210 = ORIENTED_EDGE ( 'NONE', *, *, #1818, .F. ) ;
#1211 = ORIENTED_EDGE ( 'NONE', *, *, #1796, .T. ) ;
#1212 = ORIENTED_EDGE ( 'NONE', *, *, #1764, .F. ) ;
#1213 = ORIENTED_EDGE ( 'NONE', *, *, #1811, .F. ) ;
#1214 = ORIENTED_EDGE ( 'NONE', *, *, #1767, .F. ) ;
#1215 = ORIENTED_EDGE ( 'NONE', *, *, #1812, .F. ) ;
#1216 = ORIENTED_EDGE ( 'NONE', *, *, #1740, .F. ) ;
#1217 = ORIENTED_EDGE ( 'NONE', *, *, #1739, .T. ) ;
#1218 = ORIENTED_EDGE ( 'NONE', *, *, #1765, .T. ) ;
#1219 = ORIENTED_EDGE ( 'NONE', *, *, #1800, .F. ) ;
#1220 = ORIENTED_EDGE ( 'NONE', *, *, #1812, .T. ) ;
#1221 = ORIENTED_EDGE ( 'NONE', *, *, #1809, .F. ) ;
#1222 = ORIENTED_EDGE ( 'NONE', *, *, #1729, .F. ) ;
#1223 = ORIENTED_EDGE ( 'NONE', *, *, #1761, .F. ) ;
#1224 = ORIENTED_EDGE ( 'NONE', *, *, #1811, .T. ) ;
#1225 = ORIENTED_EDGE ( 'NONE', *, *, #1769, .T. ) ;
#1226 = ORIENTED_EDGE ( 'NONE', *, *, #1735, .F. ) ;
#1227 = ORIENTED_EDGE ( 'NONE', *, *, #1755, .T. ) ;
#1228 = ORIENTED_EDGE ( 'NONE', *, *, #1814, .F. ) ;
#1229 = ORIENTED_EDGE ( 'NONE', *, *, #1770, .T. ) ;
#1230 = ORIENTED_EDGE ( 'NONE', *, *, #1761, .T. ) ;
#1231 = ORIENTED_EDGE ( 'NONE', *, *, #1797, .T. ) ;
#1232 = ORIENTED_EDGE ( 'NONE', *, *, #1766, .T. ) ;
#1233 = ORIENTED_EDGE ( 'NONE', *, *, #1793, .F. ) ;
#1234 = ORIENTED_EDGE ( 'NONE', *, *, #1816, .T. ) ;
#1235 = ORIENTED_EDGE ( 'NONE', *, *, #1817, .F. ) ;
#1236 = ORIENTED_EDGE ( 'NONE', *, *, #1744, .F. ) ;
#1237 = ORIENTED_EDGE ( 'NONE', *, *, #1770, .F. ) ;
#1238 = ORIENTED_EDGE ( 'NONE', *, *, #1783, .F. ) ;
#1239 = ORIENTED_EDGE ( 'NONE', *, *, #1741, .T. ) ;
#1240 = ORIENTED_EDGE ( 'NONE', *, *, #1722, .T. ) ;
#1241 = ORIENTED_EDGE ( 'NONE', *, *, #1736, .F. ) ;
#1242 = ORIENTED_EDGE ( 'NONE', *, *, #1768, .F. ) ;
#1243 = ORIENTED_EDGE ( 'NONE', *, *, #1731, .T. ) ;
#1244 = ORIENTED_EDGE ( 'NONE', *, *, #1798, .F. ) ;
#1245 = ORIENTED_EDGE ( 'NONE', *, *, #1781, .F. ) ;
#1246 = ORIENTED_EDGE ( 'NONE', *, *, #1774, .F. ) ;
#1247 = ORIENTED_EDGE ( 'NONE', *, *, #1710, .F. ) ;
#1248 = ORIENTED_EDGE ( 'NONE', *, *, #1700, .T. ) ;
#1249 = ORIENTED_EDGE ( 'NONE', *, *, #1775, .F. ) ;
#1250 = ORIENTED_EDGE ( 'NONE', *, *, #1789, .T. ) ;
#1251 = ORIENTED_EDGE ( 'NONE', *, *, #1797, .F. ) ;
#1252 = ORIENTED_EDGE ( 'NONE', *, *, #1776, .F. ) ;
#1253 = ORIENTED_EDGE ( 'NONE', *, *, #1735, .T. ) ;
#1254 = ORIENTED_EDGE ( 'NONE', *, *, #1732, .T. ) ;
#1255 = ORIENTED_EDGE ( 'NONE', *, *, #1753, .F. ) ;
#1256 = ORIENTED_EDGE ( 'NONE', *, *, #1731, .F. ) ;
#1257 = ORIENTED_EDGE ( 'NONE', *, *, #1755, .F. ) ;
#1258 = ORIENTED_EDGE ( 'NONE', *, *, #1708, .F. ) ;
#1259 = ORIENTED_EDGE ( 'NONE', *, *, #1796, .F. ) ;
#1260 = ORIENTED_EDGE ( 'NONE', *, *, #1733, .F. ) ;
#1261 = ORIENTED_EDGE ( 'NONE', *, *, #1783, .T. ) ;
#1262 = ORIENTED_EDGE ( 'NONE', *, *, #1722, .F. ) ;
#1263 = ORIENTED_EDGE ( 'NONE', *, *, #1751, .F. ) ;
#1264 = ORIENTED_EDGE ( 'NONE', *, *, #1739, .F. ) ;
#1265 = ORIENTED_EDGE ( 'NONE', *, *, #1753, .T. ) ;
#1266 = ORIENTED_EDGE ( 'NONE', *, *, #1715, .T. ) ;
#1267 = ORIENTED_EDGE ( 'NONE', *, *, #1744, .T. ) ;
#1268 = ORIENTED_EDGE ( 'NONE', *, *, #1732, .F. ) ;
#1269 = ORIENTED_EDGE ( 'NONE', *, *, #1818, .T. ) ;
#1270 = FACE_OUTER_BOUND ( 'NONE', #1459, .T. ) ;
#1271 = FACE_OUTER_BOUND ( 'NONE', #1453, .T. ) ;
#1272 = CONICAL_SURFACE ( 'NONE', #1778, 2.899999999999999900, 0.7853981633974500600 ) ;
#1273 = CONICAL_SURFACE ( 'NONE', #1773, 4.500000000000003600, 0.7853981633974439500 ) ;
#1274 = FACE_OUTER_BOUND ( 'NONE', #1448, .T. ) ;
#1275 = FACE_BOUND ( 'NONE', #1456, .T. ) ;
#1276 = FACE_OUTER_BOUND ( 'NONE', #1478, .T. ) ;
#1277 = CYLINDRICAL_SURFACE ( 'NONE', #1866, 2.899999999999999900 ) ;
#1278 = FACE_OUTER_BOUND ( 'NONE', #1424, .T. ) ;
#1279 = FACE_OUTER_BOUND ( 'NONE', #1441, .T. ) ;
#1280 = FACE_BOUND ( 'NONE', #1480, .T. ) ;
#1281 = FACE_OUTER_BOUND ( 'NONE', #1432, .T. ) ;
#1282 = FACE_OUTER_BOUND ( 'NONE', #1454, .T. ) ;
#1283 = FACE_OUTER_BOUND ( 'NONE', #1475, .T. ) ;
#1284 = FACE_OUTER_BOUND ( 'NONE', #1426, .T. ) ;
#1285 = FACE_BOUND ( 'NONE', #1484, .T. ) ;
#1286 = FACE_OUTER_BOUND ( 'NONE', #1464, .T. ) ;
#1287 = FACE_OUTER_BOUND ( 'NONE', #1482, .T. ) ;
#1288 = CYLINDRICAL_SURFACE ( 'NONE', #1824, 5.000000000000000000 ) ;
#1289 = FACE_OUTER_BOUND ( 'NONE', #1465, .T. ) ;
#1290 = CONICAL_SURFACE ( 'NONE', #1865, 1000.000000000011400, 0.7853981633974539400 ) ;
#1291 = CYLINDRICAL_SURFACE ( 'NONE', #1823, 4.500000000000000900 ) ;
#1292 = CYLINDRICAL_SURFACE ( 'NONE', #1785, 3.000000000000000000 ) ;
#1293 = FACE_OUTER_BOUND ( 'NONE', #1446, .T. ) ;
#1294 = CYLINDRICAL_SURFACE ( 'NONE', #1846, 2.899999999999999900 ) ;
#1295 = FACE_OUTER_BOUND ( 'NONE', #1455, .T. ) ;
#1296 = FACE_OUTER_BOUND ( 'NONE', #1431, .T. ) ;
#1297 = FACE_OUTER_BOUND ( 'NONE', #1425, .T. ) ;
#1298 = ORIENTED_EDGE ( 'NONE', *, *, #1738, .T. ) ;
#1299 = CONICAL_SURFACE ( 'NONE', #1780, 3.024999999999999900, 0.7853981633974487200 ) ;
#1300 = FACE_OUTER_BOUND ( 'NONE', #1468, .T. ) ;
#1301 = CONICAL_SURFACE ( 'NONE', #1851, 3.024999999999999900, 0.7853981633974487200 ) ;
#1302 = FACE_OUTER_BOUND ( 'NONE', #1435, .T. ) ;
#1303 = FACE_OUTER_BOUND ( 'NONE', #1462, .T. ) ;
#1304 = FACE_OUTER_BOUND ( 'NONE', #1444, .T. ) ;
#1305 = FACE_OUTER_BOUND ( 'NONE', #1472, .T. ) ;
#1306 = CYLINDRICAL_SURFACE ( 'NONE', #1845, 5.000000000000000000 ) ;
#1307 = FACE_OUTER_BOUND ( 'NONE', #1429, .T. ) ;
#1308 = FACE_OUTER_BOUND ( 'NONE', #1422, .T. ) ;
#1309 = FACE_OUTER_BOUND ( 'NONE', #1467, .T. ) ;
#1310 = FACE_OUTER_BOUND ( 'NONE', #1474, .T. ) ;
#1311 = FACE_OUTER_BOUND ( 'NONE', #1440, .T. ) ;
#1312 = FACE_BOUND ( 'NONE', #1439, .T. ) ;
#1313 = FACE_OUTER_BOUND ( 'NONE', #1436, .T. ) ;
#1314 = FACE_OUTER_BOUND ( 'NONE', #1443, .T. ) ;
#1315 = CYLINDRICAL_SURFACE ( 'NONE', #1802, 3.000000000000000000 ) ;
#1316 = CONICAL_SURFACE ( 'NONE', #1805, 2.445500000000003100, 1.047197551196599400 ) ;
#1317 = FACE_OUTER_BOUND ( 'NONE', #1473, .T. ) ;
#1318 = FACE_OUTER_BOUND ( 'NONE', #1466, .T. ) ;
#1319 = CONICAL_SURFACE ( 'NONE', #1838, 2.899999999999999900, 0.7853981633974500600 ) ;
#1320 = CONICAL_SURFACE ( 'NONE', #1822, 4.500000000000003600, 0.7853981633974439500 ) ;
#1321 = CYLINDRICAL_SURFACE ( 'NONE', #1852, 3.000000000000002700 ) ;
#1322 = CONICAL_SURFACE ( 'NONE', #1863, 3.000000000000002700, 0.7853981633974463900 ) ;
#1323 = FACE_BOUND ( 'NONE', #1481, .T. ) ;
#1324 = FACE_OUTER_BOUND ( 'NONE', #1445, .T. ) ;
#1325 = FACE_OUTER_BOUND ( 'NONE', #1442, .T. ) ;
#1326 = FACE_OUTER_BOUND ( 'NONE', #1479, .T. ) ;
#1327 = FACE_OUTER_BOUND ( 'NONE', #1430, .T. ) ;
#1328 = CYLINDRICAL_SURFACE ( 'NONE', #1830, 2.499999999999997800 ) ;
#1329 = FACE_OUTER_BOUND ( 'NONE', #1449, .T. ) ;
#1330 = FACE_OUTER_BOUND ( 'NONE', #1451, .T. ) ;
#1331 = CONICAL_SURFACE ( 'NONE', #1849, 3.024999999999999900, 0.7853981633974487200 ) ;
#1332 = CONICAL_SURFACE ( 'NONE', #1790, 3.000000000000002700, 0.7853981633974463900 ) ;
#1333 = LINE ( 'NONE', #650, #1344 ) ;
#1334 = FACE_OUTER_BOUND ( 'NONE', #1483, .T. ) ;
#1335 = CYLINDRICAL_SURFACE ( 'NONE', #1853, 4.500000000000000900 ) ;
#1336 = FACE_BOUND ( 'NONE', #1452, .T. ) ;
#1337 = CYLINDRICAL_SURFACE ( 'NONE', #1825, 2.499999999999997800 ) ;
#1338 = FACE_OUTER_BOUND ( 'NONE', #1461, .T. ) ;
#1339 = FACE_OUTER_BOUND ( 'NONE', #1428, .T. ) ;
#1340 = LINE ( 'NONE', #620, #1348 ) ;
#1341 = CONICAL_SURFACE ( 'NONE', #1850, 1000.000000000011400, 0.7853981633974539400 ) ;
#1342 = FACE_OUTER_BOUND ( 'NONE', #1463, .T. ) ;
#1343 = CONICAL_SURFACE ( 'NONE', #1864, 2.445500000000003100, 1.047197551196599400 ) ;
#1344 = VECTOR ( 'NONE', #644, 1000.000000000000000 ) ;
#1345 = FACE_OUTER_BOUND ( 'NONE', #1427, .T. ) ;
#1346 = FACE_OUTER_BOUND ( 'NONE', #1447, .T. ) ;
#1347 = CIRCLE ( 'NONE', #1839, 5.000000000000000000 ) ;
#1348 = VECTOR ( 'NONE', #643, 1000.000000000000000 ) ;
#1349 = LINE ( 'NONE', #657, #1351 ) ;
#1350 = FACE_OUTER_BOUND ( 'NONE', #1450, .T. ) ;
#1351 = VECTOR ( 'NONE', #622, 1000.000000000000000 ) ;
#1352 = FACE_OUTER_BOUND ( 'NONE', #1469, .T. ) ;
#1353 = CYLINDRICAL_SURFACE ( 'NONE', #1844, 3.000000000000002700 ) ;
#1354 = FACE_OUTER_BOUND ( 'NONE', #1476, .T. ) ;
#1355 = LINE ( 'NONE', #634, #1359 ) ;
#1356 = LINE ( 'NONE', #635, #1357 ) ;
#1357 = VECTOR ( 'NONE', #656, 1000.000000000000000 ) ;
#1358 = CIRCLE ( 'NONE', #1834, 4.500000000000000900 ) ;
#1359 = VECTOR ( 'NONE', #636, 1000.000000000000000 ) ;
#1360 = VERTEX_POINT ( 'NONE', #608 ) ;
#1361 = VERTEX_POINT ( 'NONE', #598 ) ;
#1362 = VERTEX_POINT ( 'NONE', #603 ) ;
#1363 = VERTEX_POINT ( 'NONE', #580 ) ;
#1364 = VERTEX_POINT ( 'NONE', #563 ) ;
#1365 = VERTEX_POINT ( 'NONE', #615 ) ;
#1366 = VERTEX_POINT ( 'NONE', #589 ) ;
#1367 = VERTEX_POINT ( 'NONE', #604 ) ;
#1368 = VERTEX_POINT ( 'NONE', #576 ) ;
#1369 = VERTEX_POINT ( 'NONE', #566 ) ;
#1370 = VERTEX_POINT ( 'NONE', #561 ) ;
#1371 = VERTEX_POINT ( 'NONE', #599 ) ;
#1372 = VERTEX_POINT ( 'NONE', #571 ) ;
#1373 = VERTEX_POINT ( 'NONE', #601 ) ;
#1374 = CLOSED_SHELL ( 'NONE', ( #1144, #1179, #1181, #1159, #1143, #1163, #1167, #1180, #1182, #1155, #1150, #1142, #1170, #1174, #1154, #1157, #1145, #1149 ) ) ;
#1375 = VERTEX_POINT ( 'NONE', #562 ) ;
#1376 = VERTEX_POINT ( 'NONE', #605 ) ;
#1377 = VERTEX_POINT ( 'NONE', #572 ) ;
#1378 = CLOSED_SHELL ( 'NONE', ( #1177, #1164, #1151, #1169, #1173, #1156, #1185, #1152, #1160, #1176, #1172, #1148, #1162 ) ) ;
#1379 = VERTEX_POINT ( 'NONE', #564 ) ;
#1380 = VERTEX_POINT ( 'NONE', #581 ) ;
#1381 = VERTEX_POINT ( 'NONE', #582 ) ;
#1382 = VERTEX_POINT ( 'NONE', #557 ) ;
#1383 = VERTEX_POINT ( 'NONE', #585 ) ;
#1384 = VERTEX_POINT ( 'NONE', #587 ) ;
#1385 = VERTEX_POINT ( 'NONE', #558 ) ;
#1386 = VERTEX_POINT ( 'NONE', #606 ) ;
#1387 = VERTEX_POINT ( 'NONE', #577 ) ;
#1388 = VERTEX_POINT ( 'NONE', #556 ) ;
#1389 = VERTEX_POINT ( 'NONE', #583 ) ;
#1390 = VERTEX_POINT ( 'NONE', #578 ) ;
#1391 = VERTEX_POINT ( 'NONE', #575 ) ;
#1392 = VERTEX_POINT ( 'NONE', #586 ) ;
#1393 = VERTEX_POINT ( 'NONE', #567 ) ;
#1394 = VERTEX_POINT ( 'NONE', #614 ) ;
#1395 = VERTEX_POINT ( 'NONE', #597 ) ;
#1396 = VERTEX_POINT ( 'NONE', #607 ) ;
#1397 = VERTEX_POINT ( 'NONE', #553 ) ;
#1398 = VERTEX_POINT ( 'NONE', #590 ) ;
#1399 = VERTEX_POINT ( 'NONE', #554 ) ;
#1400 = VERTEX_POINT ( 'NONE', #584 ) ;
#1401 = VERTEX_POINT ( 'NONE', #565 ) ;
#1402 = VERTEX_POINT ( 'NONE', #612 ) ;
#1403 = VERTEX_POINT ( 'NONE', #555 ) ;
#1404 = VERTEX_POINT ( 'NONE', #609 ) ;
#1405 = VERTEX_POINT ( 'NONE', #610 ) ;
#1406 = VERTEX_POINT ( 'NONE', #613 ) ;
#1407 = VERTEX_POINT ( 'NONE', #592 ) ;
#1408 = VERTEX_POINT ( 'NONE', #611 ) ;
#1409 = VERTEX_POINT ( 'NONE', #568 ) ;
#1410 = VERTEX_POINT ( 'NONE', #588 ) ;
#1411 = VERTEX_POINT ( 'NONE', #569 ) ;
#1412 = VERTEX_POINT ( 'NONE', #559 ) ;
#1413 = VERTEX_POINT ( 'NONE', #573 ) ;
#1414 = VERTEX_POINT ( 'NONE', #574 ) ;
#1415 = VERTEX_POINT ( 'NONE', #600 ) ;
#1416 = VERTEX_POINT ( 'NONE', #591 ) ;
#1417 = VERTEX_POINT ( 'NONE', #593 ) ;
#1418 = VERTEX_POINT ( 'NONE', #594 ) ;
#1419 = VERTEX_POINT ( 'NONE', #595 ) ;
#1420 = VERTEX_POINT ( 'NONE', #596 ) ;
#1421 = VERTEX_POINT ( 'NONE', #638 ) ;
#1422 = EDGE_LOOP ( 'NONE', ( #1486, #1491, #1511, #1512 ) ) ;
#1423 = VERTEX_POINT ( 'NONE', #616 ) ;
#1424 = EDGE_LOOP ( 'NONE', ( #1618, #1261, #1213, #1245 ) ) ;
#1425 = EDGE_LOOP ( 'NONE', ( #1496, #1574, #1514, #1522 ) ) ;
#1426 = EDGE_LOOP ( 'NONE', ( #1589, #1569, #1601, #1552 ) ) ;
#1427 = EDGE_LOOP ( 'NONE', ( #1533, #1544 ) ) ;
#1428 = EDGE_LOOP ( 'NONE', ( #1255, #1250, #1627, #1251 ) ) ;
#1429 = EDGE_LOOP ( 'NONE', ( #1632, #1577, #1625, #1584, #1593 ) ) ;
#1430 = EDGE_LOOP ( 'NONE', ( #1240, #1268, #1214, #1253 ) ) ;
#1431 = EDGE_LOOP ( 'NONE', ( #1599, #1555, #1558, #1597, #1575, #1551 ) ) ;
#1432 = EDGE_LOOP ( 'NONE', ( #1541, #1542 ) ) ;
#1433 = VERTEX_POINT ( 'NONE', #628 ) ;
#1434 = VERTEX_POINT ( 'NONE', #629 ) ;
#1435 = EDGE_LOOP ( 'NONE', ( #1238, #1230, #1614, #1626 ) ) ;
#1436 = EDGE_LOOP ( 'NONE', ( #1545, #1534, #1500, #1529 ) ) ;
#1437 = VERTEX_POINT ( 'NONE', #646 ) ;
#1438 = VERTEX_POINT ( 'NONE', #655 ) ;
#1439 = EDGE_LOOP ( 'NONE', ( #1237, #1621, #1262, #1628, #1243, #1215 ) ) ;
#1440 = EDGE_LOOP ( 'NONE', ( #1603, #1566, #1606, #1596 ) ) ;
#1441 = EDGE_LOOP ( 'NONE', ( #1523, #1570, #1564, #1535 ) ) ;
#1442 = EDGE_LOOP ( 'NONE', ( #1532, #1536, #1499, #1525 ) ) ;
#1443 = EDGE_LOOP ( 'NONE', ( #1620, #1615, #1613, #1585 ) ) ;
#1444 = EDGE_LOOP ( 'NONE', ( #1241, #1235, #1248, #1247 ) ) ;
#1445 = EDGE_LOOP ( 'NONE', ( #1531, #1506, #1530, #1504 ) ) ;
#1446 = EDGE_LOOP ( 'NONE', ( #1252, #1244, #1267, #1231 ) ) ;
#1447 = EDGE_LOOP ( 'NONE', ( #1579, #1598, #1594, #1559, #1550 ) ) ;
#1448 = EDGE_LOOP ( 'NONE', ( #1553, #1595, #1587, #1554, #1571 ) ) ;
#1449 = EDGE_LOOP ( 'NONE', ( #1609, #1501, #1507, #1492 ) ) ;
#1450 = EDGE_LOOP ( 'NONE', ( #1561, #1610 ) ) ;
#1451 = EDGE_LOOP ( 'NONE', ( #1249, #1226, #1298, #1217 ) ) ;
#1452 = EDGE_LOOP ( 'NONE', ( #1526, #1515 ) ) ;
#1453 = EDGE_LOOP ( 'NONE', ( #1567, #1562, #1619, #1572, #1576, #1588, #1581, #1608 ) ) ;
#1454 = EDGE_LOOP ( 'NONE', ( #1537, #1556 ) ) ;
#1455 = EDGE_LOOP ( 'NONE', ( #1624, #1246, #1258, #1630, #1242 ) ) ;
#1456 = EDGE_LOOP ( 'NONE', ( #1497, #1494 ) ) ;
#1457 = ORIENTED_EDGE ( 'NONE', *, *, #1738, .F. ) ;
#1458 = ORIENTED_EDGE ( 'NONE', *, *, #1764, .T. ) ;
#1459 = EDGE_LOOP ( 'NONE', ( #1210, #1209, #1228, #1218, #1629 ) ) ;
#1460 = VERTEX_POINT ( 'NONE', #621 ) ;
#1461 = EDGE_LOOP ( 'NONE', ( #1622, #1623, #1211, #1236 ) ) ;
#1462 = EDGE_LOOP ( 'NONE', ( #1220, #1257, #1221, #1225 ) ) ;
#1463 = EDGE_LOOP ( 'NONE', ( #1233, #1223 ) ) ;
#1464 = EDGE_LOOP ( 'NONE', ( #1573, #1611, #1563, #1568, #1605, #1565, #1590, #1592 ) ) ;
#1465 = EDGE_LOOP ( 'NONE', ( #1489, #1510, #1505 ) ) ;
#1466 = EDGE_LOOP ( 'NONE', ( #1256, #1264, #1239, #1227 ) ) ;
#1467 = EDGE_LOOP ( 'NONE', ( #1607, #1582, #1578, #1557, #1600 ) ) ;
#1468 = EDGE_LOOP ( 'NONE', ( #1224, #1265, #1259, #1222 ) ) ;
#1469 = EDGE_LOOP ( 'NONE', ( #1528, #1516, #1604, #1602, #1591, #1612, #1580, #1616 ) ) ;
#1470 = ORIENTED_EDGE ( 'NONE', *, *, #1741, .F. ) ;
#1471 = CLOSED_SHELL ( 'NONE', ( #1183, #1166, #1158, #1171, #1184, #1141, #1186, #1153, #1175, #1147, #1165, #1161, #1168, #1178, #1146 ) ) ;
#1472 = EDGE_LOOP ( 'NONE', ( #1263, #1212, #1232, #1254 ) ) ;
#1473 = EDGE_LOOP ( 'NONE', ( #1488, #1520, #1548, #1470, #1457, #1503 ) ) ;
#1474 = EDGE_LOOP ( 'NONE', ( #1266, #1216, #1269, #1631 ) ) ;
#1475 = EDGE_LOOP ( 'NONE', ( #1517, #1519, #1539 ) ) ;
#1476 = EDGE_LOOP ( 'NONE', ( #1513, #1487, #1527, #1538, #1508, #1540, #1547, #1524 ) ) ;
#1477 = VERTEX_POINT ( 'NONE', #630 ) ;
#1478 = EDGE_LOOP ( 'NONE', ( #1498, #1502, #1521, #1490 ) ) ;
#1479 = EDGE_LOOP ( 'NONE', ( #1617, #1234 ) ) ;
#1480 = EDGE_LOOP ( 'NONE', ( #1583, #1586 ) ) ;
#1481 = EDGE_LOOP ( 'NONE', ( #1509, #1546 ) ) ;
#1482 = EDGE_LOOP ( 'NONE', ( #1543, #1518, #1493, #1560 ) ) ;
#1483 = EDGE_LOOP ( 'NONE', ( #1229, #1549, #1495, #1458 ) ) ;
#1484 = EDGE_LOOP ( 'NONE', ( #1260, #1219 ) ) ;
#1485 = VERTEX_POINT ( 'NONE', #626 ) ;
#1486 = ORIENTED_EDGE ( 'NONE', *, *, #1756, .F. ) ;
#1487 = ORIENTED_EDGE ( 'NONE', *, *, #1743, .T. ) ;
#1488 = ORIENTED_EDGE ( 'NONE', *, *, #1766, .F. ) ;
#1489 = ORIENTED_EDGE ( 'NONE', *, *, #1724, .F. ) ;
#1490 = ORIENTED_EDGE ( 'NONE', *, *, #1748, .F. ) ;
#1491 = ORIENTED_EDGE ( 'NONE', *, *, #1736, .T. ) ;
#1492 = ORIENTED_EDGE ( 'NONE', *, *, #1723, .F. ) ;
#1493 = ORIENTED_EDGE ( 'NONE', *, *, #1734, .T. ) ;
#1494 = ORIENTED_EDGE ( 'NONE', *, *, #1718, .T. ) ;
#1495 = ORIENTED_EDGE ( 'NONE', *, *, #1799, .F. ) ;
#1496 = ORIENTED_EDGE ( 'NONE', *, *, #1721, .F. ) ;
#1497 = ORIENTED_EDGE ( 'NONE', *, *, #1759, .T. ) ;
#1498 = ORIENTED_EDGE ( 'NONE', *, *, #1709, .F. ) ;
#1499 = ORIENTED_EDGE ( 'NONE', *, *, #1730, .F. ) ;
#1500 = ORIENTED_EDGE ( 'NONE', *, *, #1748, .T. ) ;
#1501 = ORIENTED_EDGE ( 'NONE', *, *, #1749, .T. ) ;
#1502 = ORIENTED_EDGE ( 'NONE', *, *, #1706, .T. ) ;
#1503 = ORIENTED_EDGE ( 'NONE', *, *, #1767, .T. ) ;
#1504 = ORIENTED_EDGE ( 'NONE', *, *, #1734, .F. ) ;
#1505 = ORIENTED_EDGE ( 'NONE', *, *, #1754, .F. ) ;
#1506 = ORIENTED_EDGE ( 'NONE', *, *, #1737, .T. ) ;
#1507 = ORIENTED_EDGE ( 'NONE', *, *, #1757, .T. ) ;
#1508 = ORIENTED_EDGE ( 'NONE', *, *, #1740, .T. ) ;
#1509 = ORIENTED_EDGE ( 'NONE', *, *, #1754, .T. ) ;
#1510 = ORIENTED_EDGE ( 'NONE', *, *, #1702, .T. ) ;
#1511 = ORIENTED_EDGE ( 'NONE', *, *, #1725, .F. ) ;
#1512 = ORIENTED_EDGE ( 'NONE', *, *, #1700, .F. ) ;
#1513 = ORIENTED_EDGE ( 'NONE', *, *, #1733, .T. ) ;
#1514 = ORIENTED_EDGE ( 'NONE', *, *, #1728, .T. ) ;
#1515 = ORIENTED_EDGE ( 'NONE', *, *, #1710, .T. ) ;
#1516 = ORIENTED_EDGE ( 'NONE', *, *, #1758, .T. ) ;
#1517 = ORIENTED_EDGE ( 'NONE', *, *, #1702, .F. ) ;
#1518 = ORIENTED_EDGE ( 'NONE', *, *, #1759, .F. ) ;
#1519 = ORIENTED_EDGE ( 'NONE', *, *, #1724, .T. ) ;
#1520 = ORIENTED_EDGE ( 'NONE', *, *, #1799, .T. ) ;
#1521 = ORIENTED_EDGE ( 'NONE', *, *, #1757, .F. ) ;
#1522 = ORIENTED_EDGE ( 'NONE', *, *, #1712, .F. ) ;
#1523 = ORIENTED_EDGE ( 'NONE', *, *, #1749, .F. ) ;
#1524 = ORIENTED_EDGE ( 'NONE', *, *, #1713, .F. ) ;
#1525 = ORIENTED_EDGE ( 'NONE', *, *, #1728, .F. ) ;
#1526 = ORIENTED_EDGE ( 'NONE', *, *, #1725, .T. ) ;
#1527 = ORIENTED_EDGE ( 'NONE', *, *, #1719, .T. ) ;
#1528 = ORIENTED_EDGE ( 'NONE', *, *, #1727, .F. ) ;
#1529 = ORIENTED_EDGE ( 'NONE', *, *, #1760, .F. ) ;
#1530 = ORIENTED_EDGE ( 'NONE', *, *, #1730, .T. ) ;
#1531 = ORIENTED_EDGE ( 'NONE', *, *, #1718, .F. ) ;
#1532 = ORIENTED_EDGE ( 'NONE', *, *, #1707, .F. ) ;
#1533 = ORIENTED_EDGE ( 'NONE', *, *, #1714, .T. ) ;
#1534 = ORIENTED_EDGE ( 'NONE', *, *, #1752, .F. ) ;
#1535 = ORIENTED_EDGE ( 'NONE', *, *, #1760, .T. ) ;
#1536 = ORIENTED_EDGE ( 'NONE', *, *, #1721, .T. ) ;
#1537 = ORIENTED_EDGE ( 'NONE', *, *, #1705, .F. ) ;
#1538 = ORIENTED_EDGE ( 'NONE', *, *, #1701, .T. ) ;
#1539 = ORIENTED_EDGE ( 'NONE', *, *, #1747, .F. ) ;
#1540 = ORIENTED_EDGE ( 'NONE', *, *, #1708, .T. ) ;
#1541 = ORIENTED_EDGE ( 'NONE', *, *, #1752, .T. ) ;
#1542 = ORIENTED_EDGE ( 'NONE', *, *, #1709, .T. ) ;
#1543 = ORIENTED_EDGE ( 'NONE', *, *, #1737, .F. ) ;
#1544 = ORIENTED_EDGE ( 'NONE', *, *, #1707, .T. ) ;
#1545 = ORIENTED_EDGE ( 'NONE', *, *, #1706, .F. ) ;
#1546 = ORIENTED_EDGE ( 'NONE', *, *, #1747, .T. ) ;
#1547 = ORIENTED_EDGE ( 'NONE', *, *, #1726, .T. ) ;
#1548 = ORIENTED_EDGE ( 'NONE', *, *, #1809, .T. ) ;
#1549 = ORIENTED_EDGE ( 'NONE', *, *, #1769, .F. ) ;
#1550 = ORIENTED_EDGE ( 'NONE', *, *, #1788, .F. ) ;
#1551 = ORIENTED_EDGE ( 'NONE', *, *, #1808, .F. ) ;
#1552 = ORIENTED_EDGE ( 'NONE', *, *, #1808, .T. ) ;
#1553 = ORIENTED_EDGE ( 'NONE', *, *, #1794, .F. ) ;
#1554 = ORIENTED_EDGE ( 'NONE', *, *, #1810, .T. ) ;
#1555 = ORIENTED_EDGE ( 'NONE', *, *, #1745, .T. ) ;
#1556 = ORIENTED_EDGE ( 'NONE', *, *, #1717, .F. ) ;
#1557 = ORIENTED_EDGE ( 'NONE', *, *, #1784, .F. ) ;
#1558 = ORIENTED_EDGE ( 'NONE', *, *, #1727, .T. ) ;
#1559 = ORIENTED_EDGE ( 'NONE', *, *, #1765, .F. ) ;
#1560 = ORIENTED_EDGE ( 'NONE', *, *, #1712, .T. ) ;
#1561 = ORIENTED_EDGE ( 'NONE', *, *, #1795, .F. ) ;
#1562 = ORIENTED_EDGE ( 'NONE', *, *, #1800, .T. ) ;
#1563 = ORIENTED_EDGE ( 'NONE', *, *, #1768, .T. ) ;
#1564 = ORIENTED_EDGE ( 'NONE', *, *, #1723, .T. ) ;
#1565 = ORIENTED_EDGE ( 'NONE', *, *, #1791, .F. ) ;
#1566 = ORIENTED_EDGE ( 'NONE', *, *, #1787, .T. ) ;
#1567 = ORIENTED_EDGE ( 'NONE', *, *, #1743, .F. ) ;
#1568 = ORIENTED_EDGE ( 'NONE', *, *, #1782, .T. ) ;
#1569 = ORIENTED_EDGE ( 'NONE', *, *, #1726, .F. ) ;
#1570 = ORIENTED_EDGE ( 'NONE', *, *, #1717, .T. ) ;
#1571 = ORIENTED_EDGE ( 'NONE', *, *, #1742, .F. ) ;
#1572 = ORIENTED_EDGE ( 'NONE', *, *, #1803, .T. ) ;
#1573 = ORIENTED_EDGE ( 'NONE', *, *, #1758, .F. ) ;
#1574 = ORIENTED_EDGE ( 'NONE', *, *, #1714, .F. ) ;
#1575 = ORIENTED_EDGE ( 'NONE', *, *, #1813, .F. ) ;
#1576 = ORIENTED_EDGE ( 'NONE', *, *, #1807, .T. ) ;
#1577 = ORIENTED_EDGE ( 'NONE', *, *, #1762, .F. ) ;
#1578 = ORIENTED_EDGE ( 'NONE', *, *, #1719, .F. ) ;
#1579 = ORIENTED_EDGE ( 'NONE', *, *, #1716, .F. ) ;
#1580 = ORIENTED_EDGE ( 'NONE', *, *, #1779, .T. ) ;
#1581 = ORIENTED_EDGE ( 'NONE', *, *, #1763, .T. ) ;
#1582 = ORIENTED_EDGE ( 'NONE', *, *, #1814, .T. ) ;
#1583 = ORIENTED_EDGE ( 'NONE', *, *, #1817, .T. ) ;
#1584 = ORIENTED_EDGE ( 'NONE', *, *, #1771, .F. ) ;
#1585 = ORIENTED_EDGE ( 'NONE', *, *, #1779, .F. ) ;
#1586 = ORIENTED_EDGE ( 'NONE', *, *, #1756, .T. ) ;
#1587 = ORIENTED_EDGE ( 'NONE', *, *, #1801, .F. ) ;
#1588 = ORIENTED_EDGE ( 'NONE', *, *, #1750, .T. ) ;
#1589 = ORIENTED_EDGE ( 'NONE', *, *, #1787, .F. ) ;
#1590 = ORIENTED_EDGE ( 'NONE', *, *, #1703, .T. ) ;
#1591 = ORIENTED_EDGE ( 'NONE', *, *, #1720, .F. ) ;
#1592 = ORIENTED_EDGE ( 'NONE', *, *, #1795, .T. ) ;
#1593 = ORIENTED_EDGE ( 'NONE', *, *, #1711, .F. ) ;
#1594 = ORIENTED_EDGE ( 'NONE', *, *, #1791, .T. ) ;
#1595 = ORIENTED_EDGE ( 'NONE', *, *, #1807, .F. ) ;
#1596 = ORIENTED_EDGE ( 'NONE', *, *, #1801, .T. ) ;
#1597 = ORIENTED_EDGE ( 'NONE', *, *, #1810, .F. ) ;
#1598 = ORIENTED_EDGE ( 'NONE', *, *, #1720, .T. ) ;
#1599 = ORIENTED_EDGE ( 'NONE', *, *, #1815, .F. ) ;
#1600 = ORIENTED_EDGE ( 'NONE', *, *, #1762, .T. ) ;
#1601 = ORIENTED_EDGE ( 'NONE', *, *, #1774, .T. ) ;
#1602 = ORIENTED_EDGE ( 'NONE', *, *, #1703, .F. ) ;
#1603 = ORIENTED_EDGE ( 'NONE', *, *, #1803, .F. ) ;
#1604 = ORIENTED_EDGE ( 'NONE', *, *, #1704, .T. ) ;
#1605 = ORIENTED_EDGE ( 'NONE', *, *, #1746, .T. ) ;
#1606 = ORIENTED_EDGE ( 'NONE', *, *, #1813, .T. ) ;
#1607 = ORIENTED_EDGE ( 'NONE', *, *, #1788, .T. ) ;
#1608 = ORIENTED_EDGE ( 'NONE', *, *, #1784, .T. ) ;
#1609 = ORIENTED_EDGE ( 'NONE', *, *, #1705, .T. ) ;
#1610 = ORIENTED_EDGE ( 'NONE', *, *, #1704, .F. ) ;
#1611 = ORIENTED_EDGE ( 'NONE', *, *, #1745, .F. ) ;
#1612 = ORIENTED_EDGE ( 'NONE', *, *, #1711, .T. ) ;
#1613 = ORIENTED_EDGE ( 'NONE', *, *, #1794, .T. ) ;
#1614 = ORIENTED_EDGE ( 'NONE', *, *, #1781, .T. ) ;
#1615 = ORIENTED_EDGE ( 'NONE', *, *, #1750, .F. ) ;
#1616 = ORIENTED_EDGE ( 'NONE', *, *, #1742, .T. ) ;
#1617 = ORIENTED_EDGE ( 'NONE', *, *, #1798, .T. ) ;
#1618 = ORIENTED_EDGE ( 'NONE', *, *, #1793, .T. ) ;
#1619 = ORIENTED_EDGE ( 'NONE', *, *, #1713, .T. ) ;
#1620 = ORIENTED_EDGE ( 'NONE', *, *, #1771, .T. ) ;
#1621 = ORIENTED_EDGE ( 'NONE', *, *, #1751, .T. ) ;
#1622 = ORIENTED_EDGE ( 'NONE', *, *, #1816, .F. ) ;
#1623 = ORIENTED_EDGE ( 'NONE', *, *, #1776, .T. ) ;
#1624 = ORIENTED_EDGE ( 'NONE', *, *, #1815, .T. ) ;
#1625 = ORIENTED_EDGE ( 'NONE', *, *, #1763, .F. ) ;
#1626 = ORIENTED_EDGE ( 'NONE', *, *, #1789, .F. ) ;
#1627 = ORIENTED_EDGE ( 'NONE', *, *, #1729, .T. ) ;
#1628 = ORIENTED_EDGE ( 'NONE', *, *, #1775, .T. ) ;
#1629 = ORIENTED_EDGE ( 'NONE', *, *, #1746, .F. ) ;
#1630 = ORIENTED_EDGE ( 'NONE', *, *, #1715, .F. ) ;
#1631 = ORIENTED_EDGE ( 'NONE', *, *, #1782, .F. ) ;
#1632 = ORIENTED_EDGE ( 'NONE', *, *, #1716, .T. ) ;
#1633 = SHAPE_REPRESENTATION ( 'Osovinica', ( #1870 ), #1876 ) ;
#1634 = SHAPE_REPRESENTATION ( 'ALP1502', ( #1911, #1885, #1877, #1889 ), #1890 ) ;
#1635 = SHAPE_REPRESENTATION ( 'Cilindar', ( #1870 ), #1873 ) ;
#1636 = SHAPE_REPRESENTATION ( 'DIN 914 - M6 x 8-N_DIN 914 - M6 x 8-N', ( #1870 ), #1871 ) ;
#1637 = ITEM_DEFINED_TRANSFORMATION ( 'NONE', 'NONE', #1877,  #1870 ) ;
#1638 = COORDINATED_UNIVERSAL_TIME_OFFSET ( 1, 0, .AHEAD. ) ;
#1639 = CC_DESIGN_APPROVAL ( #1981, ( #1984 ) ) ;
#1640 = COORDINATED_UNIVERSAL_TIME_OFFSET ( 1, 0, .AHEAD. ) ;
#1641 = CALENDAR_DATE ( 2017, 6, 2 ) ;
#1642 = APPROVAL_DATE_TIME ( #1654, #1981 ) ;
#1643 = ITEM_DEFINED_TRANSFORMATION ( 'NONE', 'NONE', #1889,  #1870 ) ;
#1644 = COORDINATED_UNIVERSAL_TIME_OFFSET ( 1, 0, .AHEAD. ) ;
#1645 = COORDINATED_UNIVERSAL_TIME_OFFSET ( 1, 0, .AHEAD. ) ;
#1646 = LOCAL_TIME ( 19, 44, 9.000000000000000000, #1645 ) ;
#1647 = LOCAL_TIME ( 19, 44, 9.000000000000000000, #1638 ) ;
#1648 = ORGANIZATION ( 'NAUO-ORG2', 'UNSPECIFIED', 'UNSPECIFIED' ) ;
#1649 = DATE_AND_TIME ( #1664, #1663 ) ;
#1650 = CALENDAR_DATE ( 2017, 6, 2 ) ;
#1651 = PERSON_AND_ORGANIZATION ( #660, #1666 ) ;
#1652 = LOCAL_TIME ( 19, 44, 9.000000000000000000, #1640 ) ;
#1653 = CONTEXT_DEPENDENT_SHAPE_REPRESENTATION ( #1080, #1699 ) ;
#1654 = DATE_AND_TIME ( #1662, #1652 ) ;
#1655 = CC_DESIGN_DATE_AND_TIME_ASSIGNMENT ( #1683, #1071, ( #1909 ) ) ;
#1656 = DATE_AND_TIME ( #1650, #1646 ) ;
#1657 = APPROVAL_PERSON_ORGANIZATION ( #1651, #1983, #1132 ) ;
#1658 = PERSON_AND_ORGANIZATION ( #664, #1648 ) ;
#1659 = CONTEXT_DEPENDENT_SHAPE_REPRESENTATION ( #1139, #1689 ) ;
#1660 = DATE_AND_TIME ( #1641, #1647 ) ;
#1661 = APPROVAL_PERSON_ORGANIZATION ( #1658, #1981, #1140 ) ;
#1662 = CALENDAR_DATE ( 2017, 6, 2 ) ;
#1663 = LOCAL_TIME ( 19, 44, 9.000000000000000000, #1644 ) ;
#1664 = CALENDAR_DATE ( 2017, 6, 2 ) ;
#1665 = APPROVAL_DATE_TIME ( #1656, #1983 ) ;
#1666 = ORGANIZATION ( 'NAUO-ORG3', 'UNSPECIFIED', 'UNSPECIFIED' ) ;
#1667 = APPROVAL_PERSON_ORGANIZATION ( #9, #1968, #1087 ) ;
#1668 = LOCAL_TIME ( 19, 44, 9.000000000000000000, #1669 ) ;
#1669 = COORDINATED_UNIVERSAL_TIME_OFFSET ( 1, 0, .AHEAD. ) ;
#1670 = CALENDAR_DATE ( 2017, 6, 2 ) ;
#1671 = DATE_AND_TIME ( #1670, #1668 ) ;
#1672 = APPROVAL_DATE_TIME ( #1671, #1968 ) ;
#1673 = CC_DESIGN_SECURITY_CLASSIFICATION ( #1984, ( #1987 ) ) ;
#1674 = CALENDAR_DATE ( 2017, 6, 2 ) ;
#1675 = SHAPE_DEFINITION_REPRESENTATION ( #1697, #1635 ) ;
#1676 = LOCAL_TIME ( 19, 44, 9.000000000000000000, #1684 ) ;
#1677 = DATE_AND_TIME ( #1682, #1676 ) ;
#1678 = APPROVAL_DATE_TIME ( #1677, #1979 ) ;
#1679 = ITEM_DEFINED_TRANSFORMATION ( 'NONE', 'NONE', #1885,  #1870 ) ;
#1680 = ORGANIZATION ( 'NAUO-ORG1', 'UNSPECIFIED', 'UNSPECIFIED' ) ;
#1681 = PERSON_AND_ORGANIZATION ( #662, #1680 ) ;
#1682 = CALENDAR_DATE ( 2017, 6, 2 ) ;
#1683 = DATE_AND_TIME ( #1674, #1686 ) ;
#1684 = COORDINATED_UNIVERSAL_TIME_OFFSET ( 1, 0, .AHEAD. ) ;
#1685 = APPROVAL_PERSON_ORGANIZATION ( #1681, #1979, #1070 ) ;
#1686 = LOCAL_TIME ( 19, 44, 9.000000000000000000, #1687 ) ;
#1687 = COORDINATED_UNIVERSAL_TIME_OFFSET ( 1, 0, .AHEAD. ) ;
#1688 = CONTEXT_DEPENDENT_SHAPE_REPRESENTATION ( #1069, #1698 ) ;
#1689 = PRODUCT_DEFINITION_SHAPE ( 'NONE', 'NONE',  #1988 ) ;
#1690 = PRODUCT_DEFINITION_SHAPE ( 'NONE', 'NONE',  #1934 ) ;
#1691 = PRODUCT_DEFINITION_SHAPE ( 'NONE', 'NONE',  #1910 ) ;
#1692 = DESIGN_CONTEXT ( 'detailed design', #1068, 'design' ) ;
#1693 = DESIGN_CONTEXT ( 'detailed design', #1128, 'design' ) ;
#1694 = DESIGN_CONTEXT ( 'detailed design', #1085, 'design' ) ;
#1695 = PRODUCT_DEFINITION_SHAPE ( 'NONE', 'NONE',  #1902 ) ;
#1696 = DESIGN_CONTEXT ( 'detailed design', #1093, 'design' ) ;
#1697 = PRODUCT_DEFINITION_SHAPE ( 'NONE', 'NONE',  #1949 ) ;
#1698 = PRODUCT_DEFINITION_SHAPE ( 'NONE', 'NONE',  #1986 ) ;
#1699 = PRODUCT_DEFINITION_SHAPE ( 'NONE', 'NONE',  #1987 ) ;
#1700 = EDGE_CURVE ( 'NONE', #1372, #1402, #1333, .T. ) ;
#1701 = EDGE_CURVE ( 'NONE', #1400, #1363, #1340, .T. ) ;
#1702 = EDGE_CURVE ( 'NONE', #1403, #1360, #1349, .T. ) ;
#1703 = EDGE_CURVE ( 'NONE', #1421, #1460, #1356, .T. ) ;
#1704 = EDGE_CURVE ( 'NONE', #1477, #1460, #1358, .T. ) ;
#1705 = EDGE_CURVE ( 'NONE', #1409, #1414, #1347, .T. ) ;
#1706 = EDGE_CURVE ( 'NONE', #1385, #1420, #1355, .T. ) ;
#1707 = EDGE_CURVE ( 'NONE', #1383, #1361, #179, .T. ) ;
#1708 = EDGE_CURVE ( 'NONE', #1413, #1415, #138, .T. ) ;
#1709 = EDGE_CURVE ( 'NONE', #1385, #1381, #145, .T. ) ;
#1710 = EDGE_CURVE ( 'NONE', #1395, #1402, #1191, .T. ) ;
#1711 = EDGE_CURVE ( 'NONE', #1401, #1423, #172, .T. ) ;
#1712 = EDGE_CURVE ( 'NONE', #1368, #1389, #154, .T. ) ;
#1713 = EDGE_CURVE ( 'NONE', #1390, #1394, #161, .T. ) ;
#1714 = EDGE_CURVE ( 'NONE', #1361, #1383, #175, .T. ) ;
#1715 = EDGE_CURVE ( 'NONE', #1364, #1413, #176, .T. ) ;
#1716 = EDGE_CURVE ( 'NONE', #1401, #1398, #139, .T. ) ;
#1717 = EDGE_CURVE ( 'NONE', #1414, #1409, #157, .T. ) ;
#1718 = EDGE_CURVE ( 'NONE', #1373, #1382, #173, .T. ) ;
#1719 = EDGE_CURVE ( 'NONE', #1362, #1400, #153, .T. ) ;
#1720 = EDGE_CURVE ( 'NONE', #1401, #1421, #144, .T. ) ;
#1721 = EDGE_CURVE ( 'NONE', #1383, #1368, #147, .T. ) ;
#1722 = EDGE_CURVE ( 'NONE', #1366, #1396, #150, .T. ) ;
#1723 = EDGE_CURVE ( 'NONE', #1409, #1420, #165, .T. ) ;
#1724 = EDGE_CURVE ( 'NONE', #1403, #1370, #169, .T. ) ;
#1725 = EDGE_CURVE ( 'NONE', #1402, #1395, #1197, .T. ) ;
#1726 = EDGE_CURVE ( 'NONE', #1415, #1394, #164, .T. ) ;
#1727 = EDGE_CURVE ( 'NONE', #1391, #1418, #148, .T. ) ;
#1728 = EDGE_CURVE ( 'NONE', #1361, #1389, #159, .T. ) ;
#1729 = EDGE_CURVE ( 'NONE', #1412, #1404, #158, .T. ) ;
#1730 = EDGE_CURVE ( 'NONE', #1389, #1368, #149, .T. ) ;
#1731 = EDGE_CURVE ( 'NONE', #1377, #1393, #143, .T. ) ;
#1732 = EDGE_CURVE ( 'NONE', #1397, #1396, #142, .T. ) ;
#1733 = EDGE_CURVE ( 'NONE', #1390, #1399, #1198, .T. ) ;
#1734 = EDGE_CURVE ( 'NONE', #1382, #1368, #152, .T. ) ;
#1735 = EDGE_CURVE ( 'NONE', #1410, #1366, #170, .T. ) ;
#1736 = EDGE_CURVE ( 'NONE', #1367, #1395, #171, .T. ) ;
#1737 = EDGE_CURVE ( 'NONE', #1373, #1389, #203, .T. ) ;
#1738 = EDGE_CURVE ( 'NONE', #1410, #1380, #185, .T. ) ;
#1739 = EDGE_CURVE ( 'NONE', #1380, #1377, #200, .T. ) ;
#1740 = EDGE_CURVE ( 'NONE', #1363, #1413, #194, .T. ) ;
#1741 = EDGE_CURVE ( 'NONE', #1380, #1408, #235, .T. ) ;
#1742 = EDGE_CURVE ( 'NONE', #1386, #1418, #221, .T. ) ;
#1743 = EDGE_CURVE ( 'NONE', #1399, #1362, #205, .T. ) ;
#1744 = EDGE_CURVE ( 'NONE', #1417, #1376, #180, .T. ) ;
#1745 = EDGE_CURVE ( 'NONE', #1438, #1391, #192, .T. ) ;
#1746 = EDGE_CURVE ( 'NONE', #1375, #1369, #182, .T. ) ;
#1747 = EDGE_CURVE ( 'NONE', #1360, #1370, #1192, .T. ) ;
#1748 = EDGE_CURVE ( 'NONE', #1381, #1406, #225, .T. ) ;
#1749 = EDGE_CURVE ( 'NONE', #1414, #1406, #193, .T. ) ;
#1750 = EDGE_CURVE ( 'NONE', #1419, #1371, #216, .T. ) ;
#1751 = EDGE_CURVE ( 'NONE', #1392, #1396, #181, .T. ) ;
#1752 = EDGE_CURVE ( 'NONE', #1381, #1385, #213, .T. ) ;
#1753 = EDGE_CURVE ( 'NONE', #1388, #1376, #198, .T. ) ;
#1754 = EDGE_CURVE ( 'NONE', #1370, #1360, #1206, .T. ) ;
#1755 = EDGE_CURVE ( 'NONE', #1408, #1393, #184, .T. ) ;
#1756 = EDGE_CURVE ( 'NONE', #1367, #1372, #1190, .T. ) ;
#1757 = EDGE_CURVE ( 'NONE', #1406, #1420, #187, .T. ) ;
#1758 = EDGE_CURVE ( 'NONE', #1391, #1477, #201, .T. ) ;
#1759 = EDGE_CURVE ( 'NONE', #1382, #1373, #189, .T. ) ;
#1760 = EDGE_CURVE ( 'NONE', #1420, #1406, #190, .T. ) ;
#1761 = EDGE_CURVE ( 'NONE', #1384, #1379, #191, .T. ) ;
#1762 = EDGE_CURVE ( 'NONE', #1416, #1398, #1193, .T. ) ;
#1763 = EDGE_CURVE ( 'NONE', #1371, #1416, #202, .T. ) ;
#1764 = EDGE_CURVE ( 'NONE', #1387, #1392, #204, .T. ) ;
#1765 = EDGE_CURVE ( 'NONE', #1405, #1369, #215, .T. ) ;
#1766 = EDGE_CURVE ( 'NONE', #1387, #1397, #208, .T. ) ;
#1767 = EDGE_CURVE ( 'NONE', #1410, #1397, #211, .T. ) ;
#1768 = EDGE_CURVE ( 'NONE', #1438, #1364, #219, .T. ) ;
#1769 = EDGE_CURVE ( 'NONE', #1365, #1411, #218, .T. ) ;
#1770 = EDGE_CURVE ( 'NONE', #1392, #1411, #223, .T. ) ;
#1771 = EDGE_CURVE ( 'NONE', #1423, #1371, #199, .T. ) ;
#1772 = AXIS2_PLACEMENT_3D ( 'NONE', #415, #414, #420 ) ;
#1773 = AXIS2_PLACEMENT_3D ( 'NONE', #428, #418, #432 ) ;
#1774 = EDGE_CURVE ( 'NONE', #1415, #1434, #1194, .T. ) ;
#1775 = EDGE_CURVE ( 'NONE', #1366, #1377, #222, .T. ) ;
#1776 = EDGE_CURVE ( 'NONE', #1407, #1404, #231, .T. ) ;
#1777 = AXIS2_PLACEMENT_3D ( 'NONE', #397, #400, #401 ) ;
#1778 = AXIS2_PLACEMENT_3D ( 'NONE', #409, #421, #417 ) ;
#1779 = EDGE_CURVE ( 'NONE', #1423, #1386, #241, .T. ) ;
#1780 = AXIS2_PLACEMENT_3D ( 'NONE', #451, #438, #433 ) ;
#1781 = EDGE_CURVE ( 'NONE', #1379, #1412, #248, .T. ) ;
#1782 = EDGE_CURVE ( 'NONE', #1364, #1375, #253, .T. ) ;
#1783 = EDGE_CURVE ( 'NONE', #1384, #1388, #240, .T. ) ;
#1784 = EDGE_CURVE ( 'NONE', #1416, #1362, #244, .T. ) ;
#1785 = AXIS2_PLACEMENT_3D ( 'NONE', #446, #437, #443 ) ;
#1786 = AXIS2_PLACEMENT_3D ( 'NONE', #403, #445, #404 ) ;
#1787 = EDGE_CURVE ( 'NONE', #1394, #1433, #245, .T. ) ;
#1788 = EDGE_CURVE ( 'NONE', #1398, #1405, #246, .T. ) ;
#1789 = EDGE_CURVE ( 'NONE', #1388, #1412, #242, .T. ) ;
#1790 = AXIS2_PLACEMENT_3D ( 'NONE', #396, #389, #390 ) ;
#1791 = EDGE_CURVE ( 'NONE', #1421, #1369, #249, .T. ) ;
#1792 = AXIS2_PLACEMENT_3D ( 'NONE', #435, #436, #406 ) ;
#1793 = EDGE_CURVE ( 'NONE', #1379, #1384, #252, .T. ) ;
#1794 = EDGE_CURVE ( 'NONE', #1419, #1386, #257, .T. ) ;
#1795 = EDGE_CURVE ( 'NONE', #1460, #1477, #238, .T. ) ;
#1796 = EDGE_CURVE ( 'NONE', #1404, #1376, #251, .T. ) ;
#1797 = EDGE_CURVE ( 'NONE', #1376, #1404, #255, .T. ) ;
#1798 = EDGE_CURVE ( 'NONE', #1417, #1407, #239, .T. ) ;
#1799 = EDGE_CURVE ( 'NONE', #1387, #1365, #256, .T. ) ;
#1800 = EDGE_CURVE ( 'NONE', #1399, #1390, #1195, .T. ) ;
#1801 = EDGE_CURVE ( 'NONE', #1485, #1437, #1199, .T. ) ;
#1802 = AXIS2_PLACEMENT_3D ( 'NONE', #424, #450, #442 ) ;
#1803 = EDGE_CURVE ( 'NONE', #1394, #1437, #270, .T. ) ;
#1804 = AXIS2_PLACEMENT_3D ( 'NONE', #393, #394, #392 ) ;
#1805 = AXIS2_PLACEMENT_3D ( 'NONE', #422, #440, #423 ) ;
#1806 = AXIS2_PLACEMENT_3D ( 'NONE', #449, #419, #439 ) ;
#1807 = EDGE_CURVE ( 'NONE', #1437, #1419, #271, .T. ) ;
#1808 = EDGE_CURVE ( 'NONE', #1434, #1433, #272, .T. ) ;
#1809 = EDGE_CURVE ( 'NONE', #1365, #1408, #273, .T. ) ;
#1810 = EDGE_CURVE ( 'NONE', #1485, #1418, #260, .T. ) ;
#1811 = EDGE_CURVE ( 'NONE', #1412, #1388, #262, .T. ) ;
#1812 = EDGE_CURVE ( 'NONE', #1411, #1393, #263, .T. ) ;
#1813 = EDGE_CURVE ( 'NONE', #1433, #1485, #264, .T. ) ;
#1814 = EDGE_CURVE ( 'NONE', #1405, #1400, #1200, .T. ) ;
#1815 = EDGE_CURVE ( 'NONE', #1438, #1434, #267, .T. ) ;
#1816 = EDGE_CURVE ( 'NONE', #1407, #1417, #275, .T. ) ;
#1817 = EDGE_CURVE ( 'NONE', #1372, #1367, #1201, .T. ) ;
#1818 = EDGE_CURVE ( 'NONE', #1363, #1375, #276, .T. ) ;
#1819 = AXIS2_PLACEMENT_3D ( 'NONE', #539, #518, #504 ) ;
#1820 = AXIS2_PLACEMENT_3D ( 'NONE', #492, #456, #459 ) ;
#1821 = AXIS2_PLACEMENT_3D ( 'NONE', #487, #481, #458 ) ;
#1822 = AXIS2_PLACEMENT_3D ( 'NONE', #550, #522, #525 ) ;
#1823 = AXIS2_PLACEMENT_3D ( 'NONE', #478, #490, #498 ) ;
#1824 = AXIS2_PLACEMENT_3D ( 'NONE', #475, #473, #455 ) ;
#1825 = AXIS2_PLACEMENT_3D ( 'NONE', #527, #533, #538 ) ;
#1826 = AXIS2_PLACEMENT_3D ( 'NONE', #486, #460, #452 ) ;
#1827 = AXIS2_PLACEMENT_3D ( 'NONE', #314, #287, #277 ) ;
#1828 = AXIS2_PLACEMENT_3D ( 'NONE', #319, #320, #288 ) ;
#1829 = AXIS2_PLACEMENT_3D ( 'NONE', #447, #408, #410 ) ;
#1830 = AXIS2_PLACEMENT_3D ( 'NONE', #411, #425, #448 ) ;
#1831 = AXIS2_PLACEMENT_3D ( 'NONE', #465, #468, #479 ) ;
#1832 = AXIS2_PLACEMENT_3D ( 'NONE', #519, #545, #534 ) ;
#1833 = AXIS2_PLACEMENT_3D ( 'NONE', #513, #548, #602 ) ;
#1834 = AXIS2_PLACEMENT_3D ( 'NONE', #623, #633, #654 ) ;
#1835 = AXIS2_PLACEMENT_3D ( 'NONE', #496, #466, #474 ) ;
#1836 = AXIS2_PLACEMENT_3D ( 'NONE', #303, #307, #321 ) ;
#1837 = AXIS2_PLACEMENT_3D ( 'NONE', #427, #429, #431 ) ;
#1838 = AXIS2_PLACEMENT_3D ( 'NONE', #453, #499, #494 ) ;
#1839 = AXIS2_PLACEMENT_3D ( 'NONE', #637, #624, #658 ) ;
#1840 = AXIS2_PLACEMENT_3D ( 'NONE', #503, #507, #546 ) ;
#1841 = AXIS2_PLACEMENT_3D ( 'NONE', #344, #350, #332 ) ;
#1842 = AXIS2_PLACEMENT_3D ( 'NONE', #365, #335, #367 ) ;
#1843 = AXIS2_PLACEMENT_3D ( 'NONE', #509, #552, #528 ) ;
#1844 = AXIS2_PLACEMENT_3D ( 'NONE', #570, #579, #560 ) ;
#1845 = AXIS2_PLACEMENT_3D ( 'NONE', #463, #501, #457 ) ;
#1846 = AXIS2_PLACEMENT_3D ( 'NONE', #530, #514, #537 ) ;
#1847 = AXIS2_PLACEMENT_3D ( 'NONE', #281, #310, #336 ) ;
#1848 = AXIS2_PLACEMENT_3D ( 'NONE', #532, #515, #517 ) ;
#1849 = AXIS2_PLACEMENT_3D ( 'NONE', #485, #483, #491 ) ;
#1850 = AXIS2_PLACEMENT_3D ( 'NONE', #526, #551, #549 ) ;
#1851 = AXIS2_PLACEMENT_3D ( 'NONE', #472, #454, #477 ) ;
#1852 = AXIS2_PLACEMENT_3D ( 'NONE', #500, #470, #476 ) ;
#1853 = AXIS2_PLACEMENT_3D ( 'NONE', #524, #502, #535 ) ;
#1854 = AXIS2_PLACEMENT_3D ( 'NONE', #652, #617, #618 ) ;
#1855 = AXIS2_PLACEMENT_3D ( 'NONE', #627, #641, #649 ) ;
#1856 = AXIS2_PLACEMENT_3D ( 'NONE', #326, #329, #341 ) ;
#1857 = AXIS2_PLACEMENT_3D ( 'NONE', #668, #714, #702 ) ;
#1858 = AXIS2_PLACEMENT_3D ( 'NONE', #684, #760, #749 ) ;
#1859 = AXIS2_PLACEMENT_3D ( 'NONE', #725, #746, #756 ) ;
#1860 = AXIS2_PLACEMENT_3D ( 'NONE', #324, #313, #308 ) ;
#1861 = AXIS2_PLACEMENT_3D ( 'NONE', #523, #543, #512 ) ;
#1862 = AXIS2_PLACEMENT_3D ( 'NONE', #510, #541, #544 ) ;
#1863 = AXIS2_PLACEMENT_3D ( 'NONE', #462, #469, #495 ) ;
#1864 = AXIS2_PLACEMENT_3D ( 'NONE', #547, #536, #508 ) ;
#1865 = AXIS2_PLACEMENT_3D ( 'NONE', #493, #471, #484 ) ;
#1866 = AXIS2_PLACEMENT_3D ( 'NONE', #412, #402, #413 ) ;
#1867 = AXIS2_PLACEMENT_3D ( 'NONE', #380, #381, #387 ) ;
#1868 = AXIS2_PLACEMENT_3D ( 'NONE', #740, #761, #763 ) ;
#1869 = AXIS2_PLACEMENT_3D ( 'NONE', #852, #831, #834 ) ;
#1870 = AXIS2_PLACEMENT_3D ( 'NONE', #1066, #1040, #1029 ) ;
#1871 =( GEOMETRIC_REPRESENTATION_CONTEXT ( 3 ) GLOBAL_UNCERTAINTY_ASSIGNED_CONTEXT ( ( #1187 ) ) GLOBAL_UNIT_ASSIGNED_CONTEXT ( ( #1036, #1018, #1026 ) ) REPRESENTATION_CONTEXT ( 'NONE', 'WORKASPACE' ) );
#1872 = AXIS2_PLACEMENT_3D ( 'NONE', #872, #905, #892 ) ;
#1873 =( GEOMETRIC_REPRESENTATION_CONTEXT ( 3 ) GLOBAL_UNCERTAINTY_ASSIGNED_CONTEXT ( ( #1202 ) ) GLOBAL_UNIT_ASSIGNED_CONTEXT ( ( #1012, #1037, #1065 ) ) REPRESENTATION_CONTEXT ( 'NONE', 'WORKASPACE' ) );
#1874 = AXIS2_PLACEMENT_3D ( 'NONE', #888, #877, #907 ) ;
#1875 = AXIS2_PLACEMENT_3D ( 'NONE', #873, #884, #876 ) ;
#1876 =( GEOMETRIC_REPRESENTATION_CONTEXT ( 3 ) GLOBAL_UNCERTAINTY_ASSIGNED_CONTEXT ( ( #1204 ) ) GLOBAL_UNIT_ASSIGNED_CONTEXT ( ( #1062, #1051, #1049 ) ) REPRESENTATION_CONTEXT ( 'NONE', 'WORKASPACE' ) );
#1877 = AXIS2_PLACEMENT_3D ( 'NONE', #1031, #1019, #1039 ) ;
#1878 = AXIS2_PLACEMENT_3D ( 'NONE', #927, #923, #918 ) ;
#1879 = AXIS2_PLACEMENT_3D ( 'NONE', #867, #854, #845 ) ;
#1880 = AXIS2_PLACEMENT_3D ( 'NONE', #859, #830, #869 ) ;
#1881 = AXIS2_PLACEMENT_3D ( 'NONE', #890, #896, #883 ) ;
#1882 = AXIS2_PLACEMENT_3D ( 'NONE', #879, #914, #919 ) ;
#1883 = AXIS2_PLACEMENT_3D ( 'NONE', #986, #991, #1008 ) ;
#1884 = AXIS2_PLACEMENT_3D ( 'NONE', #1050, #1059, #1063 ) ;
#1885 = AXIS2_PLACEMENT_3D ( 'NONE', #1038, #1054, #1034 ) ;
#1886 = AXIS2_PLACEMENT_3D ( 'NONE', #857, #855, #864 ) ;
#1887 = AXIS2_PLACEMENT_3D ( 'NONE', #904, #882, #887 ) ;
#1888 = AXIS2_PLACEMENT_3D ( 'NONE', #1011, #979, #984 ) ;
#1889 = AXIS2_PLACEMENT_3D ( 'NONE', #1035, #1016, #1048 ) ;
#1890 =( GEOMETRIC_REPRESENTATION_CONTEXT ( 3 ) GLOBAL_UNCERTAINTY_ASSIGNED_CONTEXT ( ( #1208 ) ) GLOBAL_UNIT_ASSIGNED_CONTEXT ( ( #1052, #1028, #1020 ) ) REPRESENTATION_CONTEXT ( 'NONE', 'WORKASPACE' ) );
#1891 = AXIS2_PLACEMENT_3D ( 'NONE', #909, #898, #903 ) ;
#1892 = AXIS2_PLACEMENT_3D ( 'NONE', #938, #943, #917 ) ;
#1893 = AXIS2_PLACEMENT_3D ( 'NONE', #891, #902, #880 ) ;
#1894 = AXIS2_PLACEMENT_3D ( 'NONE', #893, #894, #900 ) ;
#1895 = AXIS2_PLACEMENT_3D ( 'NONE', #941, #932, #928 ) ;
#1896 = AXIS2_PLACEMENT_3D ( 'NONE', #949, #950, #952 ) ;
#1897 = AXIS2_PLACEMENT_3D ( 'NONE', #987, #996, #989 ) ;
#1898 = PRODUCT_RELATED_PRODUCT_CATEGORY ( 'detail', '', ( #661 ) ) ;
#1899 = CC_DESIGN_PERSON_AND_ORGANIZATION_ASSIGNMENT ( #52, #1116, ( #1902 ) ) ;
#1900 = PRODUCT_DEFINITION_FORMATION_WITH_SPECIFIED_SOURCE ( 'ANY', '', #663, .NOT_KNOWN. ) ;
#1901 = CC_DESIGN_PERSON_AND_ORGANIZATION_ASSIGNMENT ( #100, #1123, ( #1900 ) ) ;
#1902 = PRODUCT_DEFINITION ( 'UNKNOWN', '', #1900, #1694 ) ;
#1903 = CC_DESIGN_APPROVAL ( #1931, ( #1902 ) ) ;
#1904 = CC_DESIGN_PERSON_AND_ORGANIZATION_ASSIGNMENT ( #30, #1032, ( #1917 ) ) ;
#1905 = SECURITY_CLASSIFICATION ( '', '', #1072 ) ;
#1906 = CC_DESIGN_PERSON_AND_ORGANIZATION_ASSIGNMENT ( #80, #1091, ( #1905 ) ) ;
#1907 = CC_DESIGN_PERSON_AND_ORGANIZATION_ASSIGNMENT ( #17, #1064, ( #661 ) ) ;
#1908 = CC_DESIGN_PERSON_AND_ORGANIZATION_ASSIGNMENT ( #41, #1053, ( #1910 ) ) ;
#1909 = SECURITY_CLASSIFICATION ( '', '', #1121 ) ;
#1910 = PRODUCT_DEFINITION ( 'UNKNOWN', '', #1912, #1692 ) ;
#1911 = AXIS2_PLACEMENT_3D ( 'NONE', #1022, #1067, #1043 ) ;
#1912 = PRODUCT_DEFINITION_FORMATION_WITH_SPECIFIED_SOURCE ( 'ANY', '', #661, .NOT_KNOWN. ) ;
#1913 = CC_DESIGN_PERSON_AND_ORGANIZATION_ASSIGNMENT ( #26, #1055, ( #1912 ) ) ;
#1914 = CC_DESIGN_PERSON_AND_ORGANIZATION_ASSIGNMENT ( #125, #1125, ( #665 ) ) ;
#1915 = CC_DESIGN_PERSON_AND_ORGANIZATION_ASSIGNMENT ( #27, #1015, ( #1912 ) ) ;
#1916 = CC_DESIGN_DATE_AND_TIME_ASSIGNMENT ( #15, #1023, ( #1910 ) ) ;
#1917 = SECURITY_CLASSIFICATION ( '', '', #1056 ) ;
#1918 = CC_DESIGN_APPROVAL ( #1922, ( #1910 ) ) ;
#1919 = CC_DESIGN_DATE_AND_TIME_ASSIGNMENT ( #34, #1025, ( #1917 ) ) ;
#1920 = APPROVAL ( #1024, 'UNSPECIFIED' ) ;
#1921 = CC_DESIGN_SECURITY_CLASSIFICATION ( #1917, ( #1912 ) ) ;
#1922 = APPROVAL ( #1044, 'UNSPECIFIED' ) ;
#1923 = CC_DESIGN_PERSON_AND_ORGANIZATION_ASSIGNMENT ( #107, #1097, ( #667 ) ) ;
#1924 = APPROVAL ( #1046, 'UNSPECIFIED' ) ;
#1925 = CC_DESIGN_PERSON_AND_ORGANIZATION_ASSIGNMENT ( #46, #1074, ( #663 ) ) ;
#1926 = CC_DESIGN_APPROVAL ( #1932, ( #1900 ) ) ;
#1927 = CC_DESIGN_APPROVAL ( #1924, ( #1912 ) ) ;
#1928 = CC_DESIGN_APPROVAL ( #1920, ( #1917 ) ) ;
#1929 = CC_DESIGN_PERSON_AND_ORGANIZATION_ASSIGNMENT ( #105, #1113, ( #1900 ) ) ;
#1930 = CC_DESIGN_DATE_AND_TIME_ASSIGNMENT ( #56, #1130, ( #1902 ) ) ;
#1931 = APPROVAL ( #1079, 'UNSPECIFIED' ) ;
#1932 = APPROVAL ( #1088, 'UNSPECIFIED' ) ;
#1933 = CC_DESIGN_DATE_AND_TIME_ASSIGNMENT ( #121, #1073, ( #1944 ) ) ;
#1934 = PRODUCT_DEFINITION ( 'UNKNOWN', '', #1964, #1696 ) ;
#1935 = CC_DESIGN_APPROVAL ( #1945, ( #1944 ) ) ;
#1936 = CC_DESIGN_DATE_AND_TIME_ASSIGNMENT ( #118, #1111, ( #1949 ) ) ;
#1937 = PRODUCT_RELATED_PRODUCT_CATEGORY ( 'detail', '', ( #665 ) ) ;
#1938 = CC_DESIGN_SECURITY_CLASSIFICATION ( #1909, ( #1986 ) ) ;
#1939 = CC_DESIGN_PERSON_AND_ORGANIZATION_ASSIGNMENT ( #114, #1103, ( #1949 ) ) ;
#1940 = CC_DESIGN_DATE_AND_TIME_ASSIGNMENT ( #90, #1110, ( #1934 ) ) ;
#1941 = CC_DESIGN_APPROVAL ( #1951, ( #1964 ) ) ;
#1942 = CC_DESIGN_PERSON_AND_ORGANIZATION_ASSIGNMENT ( #87, #1109, ( #1934 ) ) ;
#1943 = CC_DESIGN_APPROVAL ( #1954, ( #1934 ) ) ;
#1944 = SECURITY_CLASSIFICATION ( '', '', #1099 ) ;
#1945 = APPROVAL ( #1108, 'UNSPECIFIED' ) ;
#1946 = CC_DESIGN_APPROVAL ( #1965, ( #1949 ) ) ;
#1947 = PRODUCT_DEFINITION_FORMATION_WITH_SPECIFIED_SOURCE ( 'ANY', '', #665, .NOT_KNOWN. ) ;
#1948 = CC_DESIGN_APPROVAL ( #1953, ( #1947 ) ) ;
#1949 = PRODUCT_DEFINITION ( 'UNKNOWN', '', #1947, #1693 ) ;
#1950 = PRODUCT_RELATED_PRODUCT_CATEGORY ( 'detail', '', ( #663 ) ) ;
#1951 = APPROVAL ( #1126, 'UNSPECIFIED' ) ;
#1952 = CC_DESIGN_DATE_AND_TIME_ASSIGNMENT ( #88, #1081, ( #1905 ) ) ;
#1953 = APPROVAL ( #1076, 'UNSPECIFIED' ) ;
#1954 = APPROVAL ( #1083, 'UNSPECIFIED' ) ;
#1955 = CC_DESIGN_PERSON_AND_ORGANIZATION_ASSIGNMENT ( #95, #1078, ( #1944 ) ) ;
#1956 = CC_DESIGN_PERSON_AND_ORGANIZATION_ASSIGNMENT ( #3, #1105, ( #1947 ) ) ;
#1957 = PRODUCT_RELATED_PRODUCT_CATEGORY ( 'detail', '', ( #667 ) ) ;
#1958 = CC_DESIGN_PERSON_AND_ORGANIZATION_ASSIGNMENT ( #1, #1112, ( #1947 ) ) ;
#1959 = CC_DESIGN_PERSON_AND_ORGANIZATION_ASSIGNMENT ( #4, #1117, ( #1969 ) ) ;
#1960 = CC_DESIGN_SECURITY_CLASSIFICATION ( #1944, ( #1964 ) ) ;
#1961 = APPROVAL ( #1106, 'UNSPECIFIED' ) ;
#1962 = CC_DESIGN_PERSON_AND_ORGANIZATION_ASSIGNMENT ( #75, #1119, ( #1964 ) ) ;
#1963 = CC_DESIGN_PERSON_AND_ORGANIZATION_ASSIGNMENT ( #76, #1127, ( #1964 ) ) ;
#1964 = PRODUCT_DEFINITION_FORMATION_WITH_SPECIFIED_SOURCE ( 'ANY', '', #667, .NOT_KNOWN. ) ;
#1965 = APPROVAL ( #1114, 'UNSPECIFIED' ) ;
#1966 = CC_DESIGN_DATE_AND_TIME_ASSIGNMENT ( #8, #1120, ( #1969 ) ) ;
#1967 = CC_DESIGN_APPROVAL ( #1961, ( #1905 ) ) ;
#1968 = APPROVAL ( #1118, 'UNSPECIFIED' ) ;
#1969 = SECURITY_CLASSIFICATION ( '', '', #1115 ) ;
#1970 = CC_DESIGN_APPROVAL ( #1968, ( #1969 ) ) ;
#1971 = CC_DESIGN_SECURITY_CLASSIFICATION ( #1969, ( #1947 ) ) ;
#1972 = CC_DESIGN_SECURITY_CLASSIFICATION ( #1905, ( #1900 ) ) ;
#1973 = CC_DESIGN_SECURITY_CLASSIFICATION ( #1982, ( #1988 ) ) ;
#1974 = CC_DESIGN_DATE_AND_TIME_ASSIGNMENT ( #1649, #1133, ( #1982 ) ) ;
#1975 = CC_DESIGN_PERSON_AND_ORGANIZATION_ASSIGNMENT ( #1658, #1137, ( #1984 ) ) ;
#1976 = CC_DESIGN_PERSON_AND_ORGANIZATION_ASSIGNMENT ( #1651, #1134, ( #1982 ) ) ;
#1977 = CC_DESIGN_DATE_AND_TIME_ASSIGNMENT ( #1660, #1138, ( #1984 ) ) ;
#1978 = CC_DESIGN_APPROVAL ( #1983, ( #1982 ) ) ;
#1979 = APPROVAL ( #1129, 'UNKNOWN' ) ;
#1980 = CC_DESIGN_PERSON_AND_ORGANIZATION_ASSIGNMENT ( #1681, #1077, ( #1909 ) ) ;
#1981 = APPROVAL ( #1084, 'UNKNOWN' ) ;
#1982 = SECURITY_CLASSIFICATION ( '', '', #1136 ) ;
#1983 = APPROVAL ( #1135, 'UNKNOWN' ) ;
#1984 = SECURITY_CLASSIFICATION ( '', '', #1089 ) ;
#1985 = CC_DESIGN_APPROVAL ( #1979, ( #1909 ) ) ;
#1986 = NEXT_ASSEMBLY_USAGE_OCCURRENCE ( 'NAUO1', ' ', ' ', #1910, #1949, $ ) ;
#1987 = NEXT_ASSEMBLY_USAGE_OCCURRENCE ( 'NAUO2', ' ', ' ', #1910, #1934, $ ) ;
#1988 = NEXT_ASSEMBLY_USAGE_OCCURRENCE ( 'NAUO3', ' ', ' ', #1910, #1902, $ ) ;
ENDSEC;
END-ISO-10303-21;
