ISO-10303-21;
HEADER;
FILE_DESCRIPTION (( 'STEP AP203' ),
    '1' );
FILE_NAME ('ALP2223.STEP',
    '2017-02-10T10:42:09',
    ( '' ),
    ( '' ),
    'SwSTEP 2.0',
    'SolidWorks 2012',
    '' );
FILE_SCHEMA (( 'CONFIG_CONTROL_DESIGN' ));
ENDSEC;

DATA;
#1 = DIRECTION ( 'NONE',  ( 0.0000000000000000000, 0.0000000000000000000, -1.000000000000000000 ) ) ;
#2 = ORIENTED_EDGE ( 'NONE', *, *, #2935, .F. ) ;
#3 = CARTESIAN_POINT ( 'NONE',  ( 13.49999999999999800, 13.50000000000000000, -15.00000000000000000 ) ) ;
#4 = ORIENTED_EDGE ( 'NONE', *, *, #2941, .F. ) ;
#5 = SHAPE_REPRESENTATION ( 'Poklopac 30x30', ( #2425 ), #2416 ) ;
#6 = SHAPE_REPRESENTATION ( '3D blok 30x30', ( #2425 ), #2421 ) ;
#7 = SHAPE_REPRESENTATION ( 'ALP2223', ( #2404, #2400, #2394, #2393, #2418 ), #2422 ) ;
#8 = ORIENTED_EDGE ( 'NONE', *, *, #2976, .F. ) ;
#9 = CARTESIAN_POINT ( 'NONE',  ( -8.074346210780934300, -8.074346210780934300, -4.653575850576923600 ) ) ;
#10 = CARTESIAN_POINT ( 'NONE',  ( 13.50000000000000000, -15.00000000000000000, 13.50000000000000000 ) ) ;
#11 = DIRECTION ( 'NONE',  ( -0.0000000000000000000, -1.000000000000000000, -0.0000000000000000000 ) ) ;
#12 = DIRECTION ( 'NONE',  ( 0.0000000000000000000, 0.0000000000000000000, 1.000000000000000000 ) ) ;
#13 = CARTESIAN_POINT ( 'NONE',  ( -9.000000000000001800, -9.000000000000001800, 0.0000000000000000000 ) ) ;
#14 = CARTESIAN_POINT ( 'NONE',  ( -8.999999999999998200, -8.999999999999998200, -2.418849918582217200 ) ) ;
#15 = CARTESIAN_POINT ( 'NONE',  ( -6.363961030678915200, -6.363961030678914300, -6.363961030678937400 ) ) ;
#16 = ORIENTED_EDGE ( 'NONE', *, *, #256, .F. ) ;
#17 = ORIENTED_EDGE ( 'NONE', *, *, #2971, .F. ) ;
#18 = ORIENTED_EDGE ( 'NONE', *, *, #2889, .T. ) ;
#19 = ORIENTED_EDGE ( 'NONE', *, *, #2975, .F. ) ;
#20 = ORIENTED_EDGE ( 'NONE', *, *, #2932, .T. ) ;
#21 = ORIENTED_EDGE ( 'NONE', *, *, #3009, .F. ) ;
#22 = ORIENTED_EDGE ( 'NONE', *, *, #2940, .T. ) ;
#23 = ORIENTED_EDGE ( 'NONE', *, *, #253, .T. ) ;
#24 = ORIENTED_EDGE ( 'NONE', *, *, #2925, .T. ) ;
#25 = ORIENTED_EDGE ( 'NONE', *, *, #3005, .T. ) ;
#26 = ORIENTED_EDGE ( 'NONE', *, *, #246, .F. ) ;
#27 = ORIENTED_EDGE ( 'NONE', *, *, #2934, .T. ) ;
#28 = ORIENTED_EDGE ( 'NONE', *, *, #2985, .F. ) ;
#29 = ORIENTED_EDGE ( 'NONE', *, *, #2980, .T. ) ;
#30 = EDGE_CURVE ( 'NONE', #1560, #1550, #2059, .T. ) ;
#31 = EDGE_CURVE ( 'NONE', #1590, #1582, #2021, .T. ) ;
#32 = EDGE_CURVE ( 'NONE', #1605, #1578, #2025, .T. ) ;
#33 = EDGE_CURVE ( 'NONE', #1528, #1564, #2040, .T. ) ;
#34 = EDGE_CURVE ( 'NONE', #1590, #1599, #2048, .T. ) ;
#35 = EDGE_CURVE ( 'NONE', #1554, #1571, #2030, .T. ) ;
#36 = EDGE_CURVE ( 'NONE', #1599, #1597, #2047, .T. ) ;
#37 = EDGE_CURVE ( 'NONE', #1597, #1578, #2020, .T. ) ;
#38 = EDGE_CURVE ( 'NONE', #1582, #1597, #1997, .T. ) ;
#39 = EDGE_CURVE ( 'NONE', #1504, #1574, #2052, .T. ) ;
#40 = EDGE_CURVE ( 'NONE', #1500, #1532, #1999, .T. ) ;
#41 = EDGE_CURVE ( 'NONE', #1573, #1544, #2076, .T. ) ;
#42 = EDGE_CURVE ( 'NONE', #1604, #1511, #2098, .T. ) ;
#43 = EDGE_CURVE ( 'NONE', #1546, #1608, #2107, .T. ) ;
#44 = ADVANCED_FACE ( 'NONE', ( #2086 ), #2074, .T. ) ;
#45 = ADVANCED_FACE ( 'NONE', ( #2109 ), #2111, .F. ) ;
#46 = ADVANCED_FACE ( 'NONE', ( #2071 ), #2090, .F. ) ;
#47 = DIRECTION ( 'NONE',  ( 0.9993908270190956500, 0.0000000000000000000, -0.03489949670250148300 ) ) ;
#48 = CARTESIAN_POINT ( 'NONE',  ( 4.500000000000087000, -10.50000000000003600, -14.99999999999994700 ) ) ;
#49 = DIRECTION ( 'NONE',  ( 0.0000000000000000000, 1.000000000000000000, 0.0000000000000000000 ) ) ;
#50 = DIRECTION ( 'NONE',  ( 3.491481338843121100E-015, -1.000000000000000000, 3.491481338843145600E-015 ) ) ;
#51 = DIRECTION ( 'NONE',  ( 0.0000000000000000000, 0.0000000000000000000, 1.000000000000000000 ) ) ;
#52 = CARTESIAN_POINT ( 'NONE',  ( 1.102182119232617700E-015, -9.000000000000001800, -9.000000000000000000 ) ) ;
#53 = CARTESIAN_POINT ( 'NONE',  ( 9.499999999999998200, -14.99999999999997700, 6.700000000000052600 ) ) ;
#54 = CARTESIAN_POINT ( 'NONE',  ( -15.00000000000000200, -6.700000000000000200, -10.99999999999999500 ) ) ;
#55 = CARTESIAN_POINT ( 'NONE',  ( 0.0000000000000000000, -15.00000000000000000, 4.549999999999999800 ) ) ;
#56 = DIRECTION ( 'NONE',  ( -0.0000000000000000000, 1.000000000000000000, -0.0000000000000000000 ) ) ;
#57 = CARTESIAN_POINT ( 'NONE',  ( -15.00000000000000200, -6.700000000000000200, -12.49999999999999300 ) ) ;
#58 = DIRECTION ( 'NONE',  ( -0.0000000000000000000, 1.000000000000000000, -0.0000000000000000000 ) ) ;
#59 = DIRECTION ( 'NONE',  ( 1.000000000000000000, -0.0000000000000000000, -4.440892098500625200E-016 ) ) ;
#60 = DIRECTION ( 'NONE',  ( -0.03489949670250104600, 0.9993908270190956500, -3.489354422748178200E-015 ) ) ;
#61 = DIRECTION ( 'NONE',  ( 0.0000000000000000000, -1.000000000000000000, 3.491481338843133400E-015 ) ) ;
#62 = DIRECTION ( 'NONE',  ( 0.0000000000000000000, -2.486635053674692200E-015, -1.000000000000000000 ) ) ;
#63 = CARTESIAN_POINT ( 'NONE',  ( 10.99999999999999800, -17.99999999999997900, 6.700000000000062400 ) ) ;
#64 = DIRECTION ( 'NONE',  ( 0.0000000000000000000, 0.0000000000000000000, -1.000000000000000000 ) ) ;
#65 = CARTESIAN_POINT ( 'NONE',  ( 0.0000000000000000000, -9.000000000000001800, 0.0000000000000000000 ) ) ;
#66 = DIRECTION ( 'NONE',  ( -0.0000000000000000000, -1.000000000000000000, -0.0000000000000000000 ) ) ;
#67 = CARTESIAN_POINT ( 'NONE',  ( -11.00000000000000200, -15.00000000000000000, 6.700000000000052600 ) ) ;
#68 = DIRECTION ( 'NONE',  ( 0.0000000000000000000, 0.0000000000000000000, 1.000000000000000000 ) ) ;
#69 = DIRECTION ( 'NONE',  ( 0.0000000000000000000, 0.0000000000000000000, -1.000000000000000000 ) ) ;
#70 = DIRECTION ( 'NONE',  ( -3.491481338843133400E-015, 1.000000000000000000, 0.0000000000000000000 ) ) ;
#71 = CARTESIAN_POINT ( 'NONE',  ( -5.237222008264700000E-014, 0.0000000000000000000, 15.00000000000000000 ) ) ;
#72 = DIRECTION ( 'NONE',  ( -1.000000000000000000, 0.0000000000000000000, 0.0000000000000000000 ) ) ;
#73 = DIRECTION ( 'NONE',  ( 0.0000000000000000000, -2.486635053674692200E-015, -1.000000000000000000 ) ) ;
#74 = CARTESIAN_POINT ( 'NONE',  ( -9.500000000000001800, -15.00000000000002100, -6.699999999999947800 ) ) ;
#75 = DIRECTION ( 'NONE',  ( 1.000000000000000000, -0.0000000000000000000, -0.0000000000000000000 ) ) ;
#76 = CARTESIAN_POINT ( 'NONE',  ( -11.00000000000000200, -6.700000000000000200, -18.00000000000000000 ) ) ;
#77 = DIRECTION ( 'NONE',  ( 0.0000000000000000000, 0.0000000000000000000, -1.000000000000000000 ) ) ;
#78 = CARTESIAN_POINT ( 'NONE',  ( 15.00000000000000000, -15.00000000000000000, -15.00000000000000000 ) ) ;
#79 = CARTESIAN_POINT ( 'NONE',  ( -4.499999999999948500, -1.571166602479392000E-014, -15.00000000000000000 ) ) ;
#80 = CARTESIAN_POINT ( 'NONE',  ( 10.99999999999999800, -6.700000000000000200, -15.00000000000000000 ) ) ;
#81 = CARTESIAN_POINT ( 'NONE',  ( -11.00000000000000200, -15.00000000000000000, 6.700000000000052600 ) ) ;
#82 = DIRECTION ( 'NONE',  ( 0.0000000000000000000, 0.0000000000000000000, 1.000000000000000000 ) ) ;
#83 = DIRECTION ( 'NONE',  ( -1.000000000000000000, 0.0000000000000000000, 0.0000000000000000000 ) ) ;
#84 = DIRECTION ( 'NONE',  ( -0.0000000000000000000, -1.000000000000000000, -0.0000000000000000000 ) ) ;
#85 = DIRECTION ( 'NONE',  ( 0.03489949670250104600, 0.9993908270190956500, -3.485080467055321200E-015 ) ) ;
#86 = CARTESIAN_POINT ( 'NONE',  ( -11.00000000000000200, -18.00000000000002100, -6.699999999999938000 ) ) ;
#87 = DIRECTION ( 'NONE',  ( 0.0000000000000000000, 1.000000000000000000, 0.0000000000000000000 ) ) ;
#88 = DIRECTION ( 'NONE',  ( 0.0000000000000000000, -1.000000000000000000, 3.491481338843133400E-015 ) ) ;
#89 = CARTESIAN_POINT ( 'NONE',  ( -10.49999999999999800, 4.500000000000000900, -15.00000000000000000 ) ) ;
#90 = CARTESIAN_POINT ( 'NONE',  ( 13.49999999999999800, 13.50000000000000000, 15.00000000000000000 ) ) ;
#91 = DIRECTION ( 'NONE',  ( -1.000000000000000000, 0.0000000000000000000, 0.0000000000000000000 ) ) ;
#92 = DIRECTION ( 'NONE',  ( -1.000000000000000000, 0.0000000000000000000, 0.0000000000000000000 ) ) ;
#93 = DIRECTION ( 'NONE',  ( 0.0000000000000000000, 0.0000000000000000000, -1.000000000000000000 ) ) ;
#94 = DIRECTION ( 'NONE',  ( -0.0000000000000000000, 1.000000000000000000, -3.491481338843133400E-015 ) ) ;
#95 = CARTESIAN_POINT ( 'NONE',  ( 0.0000000000000000000, 0.0000000000000000000, 5.000000000000000000 ) ) ;
#96 = DIRECTION ( 'NONE',  ( -1.000000000000000000, 0.0000000000000000000, 0.0000000000000000000 ) ) ;
#97 = CARTESIAN_POINT ( 'NONE',  ( -9.000000000000001800, 1.102182119232617700E-015, 9.000000000000000000 ) ) ;
#98 = CARTESIAN_POINT ( 'NONE',  ( 10.99999999999999800, -14.99999999999997700, 6.700000000000052600 ) ) ;
#99 = DIRECTION ( 'NONE',  ( -0.0000000000000000000, -0.0000000000000000000, -1.000000000000000000 ) ) ;
#100 = DIRECTION ( 'NONE',  ( 1.000000000000000000, 0.0000000000000000000, 0.0000000000000000000 ) ) ;
#101 = CARTESIAN_POINT ( 'NONE',  ( -15.00000000000000200, 6.700000000000000200, -12.49999999999999300 ) ) ;
#102 = DIRECTION ( 'NONE',  ( 0.9993908270190956500, 0.0000000000000000000, -0.03489949670250148300 ) ) ;
#103 = DIRECTION ( 'NONE',  ( 1.000000000000000000, -0.0000000000000000000, -0.0000000000000000000 ) ) ;
#104 = CARTESIAN_POINT ( 'NONE',  ( -4.549999999999948300, 5.572142936120457300E-016, -15.00000000000006800 ) ) ;
#105 = CARTESIAN_POINT ( 'NONE',  ( -9.500000000000001800, -14.99999999999997700, 6.700000000000052600 ) ) ;
#106 = CARTESIAN_POINT ( 'NONE',  ( 0.0000000000000000000, -9.000000000000001800, 0.0000000000000000000 ) ) ;
#107 = DIRECTION ( 'NONE',  ( 0.0000000000000000000, 1.000000000000000000, 0.0000000000000000000 ) ) ;
#108 = DIRECTION ( 'NONE',  ( 0.0000000000000000000, 0.0000000000000000000, 1.000000000000000000 ) ) ;
#109 = DIRECTION ( 'NONE',  ( 0.03489949670250104600, 0.9993908270190956500, -3.485080467055321200E-015 ) ) ;
#110 = DIRECTION ( 'NONE',  ( -3.491481338843133400E-015, -0.0000000000000000000, 1.000000000000000000 ) ) ;
#111 = CARTESIAN_POINT ( 'NONE',  ( -15.00000000000000000, -15.00000000000000000, -15.00000000000000000 ) ) ;
#112 = DIRECTION ( 'NONE',  ( 0.0000000000000000000, -1.000000000000000000, 3.491481338843133400E-015 ) ) ;
#113 = CARTESIAN_POINT ( 'NONE',  ( -9.500000000000000000, 0.0000000000000000000, -5.637851296924623100E-015 ) ) ;
#114 = CARTESIAN_POINT ( 'NONE',  ( 0.0000000000000000000, 0.0000000000000000000, 3.999999999999999100 ) ) ;
#115 = DIRECTION ( 'NONE',  ( -1.000000000000000000, 0.0000000000000000000, 0.0000000000000000000 ) ) ;
#116 = DIRECTION ( 'NONE',  ( -1.000000000000000000, 0.0000000000000000000, 0.0000000000000000000 ) ) ;
#117 = DIRECTION ( 'NONE',  ( -7.888609052210118100E-030, 0.7071067811865486800, -0.7071067811865464600 ) ) ;
#118 = DIRECTION ( 'NONE',  ( 0.0000000000000000000, -2.486635053674692200E-015, -1.000000000000000000 ) ) ;
#119 = DIRECTION ( 'NONE',  ( 0.0000000000000000000, 0.0000000000000000000, 1.000000000000000000 ) ) ;
#120 = DIRECTION ( 'NONE',  ( 0.0000000000000000000, 0.0000000000000000000, 1.000000000000000000 ) ) ;
#121 = CARTESIAN_POINT ( 'NONE',  ( 9.500000000000000000, 1.163414459189985500E-015, -5.637851296924623100E-015 ) ) ;
#122 = CARTESIAN_POINT ( 'NONE',  ( 0.0000000000000000000, 0.0000000000000000000, 5.000000000000000000 ) ) ;
#123 = DIRECTION ( 'NONE',  ( 1.000000000000000000, 0.0000000000000000000, 0.0000000000000000000 ) ) ;
#124 = DIRECTION ( 'NONE',  ( 0.0000000000000000000, 0.0000000000000000000, -1.000000000000000000 ) ) ;
#125 = DIRECTION ( 'NONE',  ( 1.000000000000000000, 0.0000000000000000000, 0.0000000000000000000 ) ) ;
#126 = CARTESIAN_POINT ( 'NONE',  ( 4.500000000000087000, -15.00000000000004600, -10.49999999999993100 ) ) ;
#127 = DIRECTION ( 'NONE',  ( -0.7071067811865500200, 0.0000000000000000000, -0.7071067811865451300 ) ) ;
#128 = DIRECTION ( 'NONE',  ( -0.7071067811865487900, 8.659560562354948900E-017, 0.7071067811865463500 ) ) ;
#129 = CARTESIAN_POINT ( 'NONE',  ( 0.0000000000000000000, 0.0000000000000000000, 0.0000000000000000000 ) ) ;
#130 = CARTESIAN_POINT ( 'NONE',  ( 13.50000000000000000, 13.50000000000000000, 13.50000000000000000 ) ) ;
#131 = DIRECTION ( 'NONE',  ( 0.0000000000000000000, 0.0000000000000000000, 1.000000000000000000 ) ) ;
#132 = DIRECTION ( 'NONE',  ( 0.7071067811865500200, 8.659560562354962400E-017, -0.7071067811865451300 ) ) ;
#133 = CARTESIAN_POINT ( 'NONE',  ( 0.0000000000000000000, 0.0000000000000000000, 1.000000000000000000 ) ) ;
#134 = CARTESIAN_POINT ( 'NONE',  ( -18.00000000000000400, -6.700000000000000200, -10.99999999999999300 ) ) ;
#135 = CARTESIAN_POINT ( 'NONE',  ( 9.000000000000000000, 1.102182119232617700E-015, 5.000000000000000000 ) ) ;
#136 = DIRECTION ( 'NONE',  ( 1.000000000000000000, -0.0000000000000000000, -4.440892098500625200E-016 ) ) ;
#137 = DIRECTION ( 'NONE',  ( 0.0000000000000000000, 0.0000000000000000000, 1.000000000000000000 ) ) ;
#138 = DIRECTION ( 'NONE',  ( 1.000000000000000000, 0.0000000000000000000, 0.0000000000000000000 ) ) ;
#139 = DIRECTION ( 'NONE',  ( 0.0000000000000000000, 0.0000000000000000000, 1.000000000000000000 ) ) ;
#140 = DIRECTION ( 'NONE',  ( -0.0000000000000000000, -0.0000000000000000000, -1.000000000000000000 ) ) ;
#141 = CARTESIAN_POINT ( 'NONE',  ( -8.000000000000000000, 9.797174393178825700E-016, 3.999999999999999100 ) ) ;
#142 = CARTESIAN_POINT ( 'NONE',  ( -11.00000000000000200, -18.00000000000002100, -6.699999999999938000 ) ) ;
#143 = CARTESIAN_POINT ( 'NONE',  ( 0.0000000000000000000, -9.000000000000001800, 0.0000000000000000000 ) ) ;
#144 = DIRECTION ( 'NONE',  ( 0.0000000000000000000, 0.0000000000000000000, 1.000000000000000000 ) ) ;
#145 = DIRECTION ( 'NONE',  ( -0.0000000000000000000, -1.000000000000000000, -0.0000000000000000000 ) ) ;
#146 = DIRECTION ( 'NONE',  ( -3.491481338843123900E-015, 0.0000000000000000000, 1.000000000000000000 ) ) ;
#147 = CARTESIAN_POINT ( 'NONE',  ( -11.00000000000000200, -15.00000000000000000, -6.699999999999947800 ) ) ;
#148 = CARTESIAN_POINT ( 'NONE',  ( -15.00000000000000200, 6.700000000000000200, -9.499999999999994700 ) ) ;
#149 = CARTESIAN_POINT ( 'NONE',  ( -11.00000000000000200, -17.99999999999997900, 6.700000000000062400 ) ) ;
#150 = DIRECTION ( 'NONE',  ( 0.0000000000000000000, 1.000000000000000000, 0.0000000000000000000 ) ) ;
#151 = CARTESIAN_POINT ( 'NONE',  ( -14.99999999999999800, -6.700000000000000200, 9.500000000000005300 ) ) ;
#152 = DIRECTION ( 'NONE',  ( 0.0000000000000000000, 0.0000000000000000000, -1.000000000000000000 ) ) ;
#153 = DIRECTION ( 'NONE',  ( -1.000000000000000000, 0.0000000000000000000, -3.469446951953614200E-015 ) ) ;
#154 = CARTESIAN_POINT ( 'NONE',  ( 0.0000000000000000000, 0.0000000000000000000, 0.4999999999999995600 ) ) ;
#155 = DIRECTION ( 'NONE',  ( 0.0000000000000000000, 1.000000000000000000, 0.0000000000000000000 ) ) ;
#156 = DIRECTION ( 'NONE',  ( 0.0000000000000000000, -2.486635053674692200E-015, -1.000000000000000000 ) ) ;
#157 = DIRECTION ( 'NONE',  ( 0.0000000000000000000, 0.0000000000000000000, -1.000000000000000000 ) ) ;
#158 = DIRECTION ( 'NONE',  ( 0.9993908270190956500, 0.0000000000000000000, -0.03489949670250148300 ) ) ;
#159 = DIRECTION ( 'NONE',  ( 0.9993908270190956500, 4.273955692857151000E-018, 0.03489949670250059400 ) ) ;
#160 = CARTESIAN_POINT ( 'NONE',  ( 10.99999999999999800, -15.00000000000000000, -6.699999999999947800 ) ) ;
#161 = CARTESIAN_POINT ( 'NONE',  ( 0.0000000000000000000, -9.000000000000001800, 0.0000000000000000000 ) ) ;
#162 = DIRECTION ( 'NONE',  ( 0.0000000000000000000, 0.0000000000000000000, 1.000000000000000000 ) ) ;
#163 = DIRECTION ( 'NONE',  ( -0.0000000000000000000, -1.000000000000000000, -0.0000000000000000000 ) ) ;
#164 = CARTESIAN_POINT ( 'NONE',  ( -9.000000000000049700, 1.102182119232617700E-015, 14.49999999999999500 ) ) ;
#165 = CARTESIAN_POINT ( 'NONE',  ( -14.99999999999999800, 6.700000000000000200, 12.50000000000000400 ) ) ;
#166 = DIRECTION ( 'NONE',  ( -0.7071067811865524600, 8.659560562354963700E-017, 0.7071067811865426900 ) ) ;
#167 = DIRECTION ( 'NONE',  ( 0.0000000000000000000, -1.000000000000000000, 3.491481338843133400E-015 ) ) ;
#168 = DIRECTION ( 'NONE',  ( 0.0000000000000000000, 1.000000000000000000, 0.0000000000000000000 ) ) ;
#169 = DIRECTION ( 'NONE',  ( 0.0000000000000000000, 0.0000000000000000000, 1.000000000000000000 ) ) ;
#170 = CARTESIAN_POINT ( 'NONE',  ( 0.0000000000000000000, 14.49999999999999800, 0.0000000000000000000 ) ) ;
#171 = CARTESIAN_POINT ( 'NONE',  ( -5.062647941322553500E-014, 0.0000000000000000000, 14.50000000000002700 ) ) ;
#172 = DIRECTION ( 'NONE',  ( 0.0000000000000000000, -1.000000000000000000, 3.491481338843133400E-015 ) ) ;
#173 = CARTESIAN_POINT ( 'NONE',  ( 10.99999999999999800, -18.00000000000002100, -6.699999999999938000 ) ) ;
#174 = DIRECTION ( 'NONE',  ( 0.0000000000000000000, -2.486635053674692200E-015, -1.000000000000000000 ) ) ;
#175 = DIRECTION ( 'NONE',  ( 0.0000000000000000000, 0.0000000000000000000, 1.000000000000000000 ) ) ;
#176 = DIRECTION ( 'NONE',  ( 0.9993908270190956500, 4.273955692857151000E-018, 0.03489949670250059400 ) ) ;
#177 = DIRECTION ( 'NONE',  ( -1.000000000000000000, 0.0000000000000000000, 0.0000000000000000000 ) ) ;
#178 = DIRECTION ( 'NONE',  ( 0.0000000000000000000, 0.0000000000000000000, 1.000000000000000000 ) ) ;
#179 = DIRECTION ( 'NONE',  ( 1.000000000000000000, 0.0000000000000000000, 0.0000000000000000000 ) ) ;
#180 = DIRECTION ( 'NONE',  ( 1.000000000000000000, -0.0000000000000000000, -4.440892098500625200E-016 ) ) ;
#181 = CARTESIAN_POINT ( 'NONE',  ( 10.99999999999999800, -15.00000000000000000, 6.700000000000052600 ) ) ;
#182 = CARTESIAN_POINT ( 'NONE',  ( -18.00000000000000000, 6.700000000000000200, 11.00000000000000700 ) ) ;
#183 = CARTESIAN_POINT ( 'NONE',  ( -11.00000000000000200, -6.700000000000000200, -18.00000000000000000 ) ) ;
#184 = DIRECTION ( 'NONE',  ( -1.000000000000000000, 0.0000000000000000000, 0.0000000000000000000 ) ) ;
#185 = CARTESIAN_POINT ( 'NONE',  ( -18.00000000000000400, 6.700000000000000200, -10.99999999999999300 ) ) ;
#186 = CARTESIAN_POINT ( 'NONE',  ( 10.99999999999999800, -17.99999999999997900, 6.700000000000062400 ) ) ;
#187 = CARTESIAN_POINT ( 'NONE',  ( -8.999999999999998200, 8.999999999999998200, -2.418849918582219900 ) ) ;
#188 = CARTESIAN_POINT ( 'NONE',  ( 0.0000000000000000000, 0.0000000000000000000, 0.4999999999999995600 ) ) ;
#189 = DIRECTION ( 'NONE',  ( 0.9993908270190956500, 4.273955692857151000E-018, 0.03489949670250059400 ) ) ;
#190 = DIRECTION ( 'NONE',  ( 0.0000000000000000000, 0.0000000000000000000, -1.000000000000000000 ) ) ;
#191 = CARTESIAN_POINT ( 'NONE',  ( -15.00000000000003000, -4.499999999999999100, -10.49999999999999800 ) ) ;
#192 = CARTESIAN_POINT ( 'NONE',  ( -9.000000000000000000, 8.999999999999998200, 0.0000000000000000000 ) ) ;
#193 = DIRECTION ( 'NONE',  ( 0.7071067811865513500, -0.0000000000000000000, -0.7071067811865438000 ) ) ;
#194 = CARTESIAN_POINT ( 'NONE',  ( -15.00000000000000200, -6.700000000000000200, -9.499999999999994700 ) ) ;
#195 = DIRECTION ( 'NONE',  ( -1.000000000000000000, 0.0000000000000000000, 0.0000000000000000000 ) ) ;
#196 = DIRECTION ( 'NONE',  ( -0.0000000000000000000, -1.000000000000000000, -0.0000000000000000000 ) ) ;
#197 = DIRECTION ( 'NONE',  ( 0.0000000000000000000, 0.0000000000000000000, 1.000000000000000000 ) ) ;
#198 = DIRECTION ( 'NONE',  ( 1.000000000000000000, -0.0000000000000000000, -4.440892098500625200E-016 ) ) ;
#199 = CARTESIAN_POINT ( 'NONE',  ( 13.50000000000000000, 13.50000000000000000, 13.50000000000000000 ) ) ;
#200 = CARTESIAN_POINT ( 'NONE',  ( -8.074346210780934300, 8.074346210780934300, -4.653575850576926200 ) ) ;
#201 = DIRECTION ( 'NONE',  ( 0.0000000000000000000, -1.000000000000000000, 3.491481338843133400E-015 ) ) ;
#202 = DIRECTION ( 'NONE',  ( -0.0000000000000000000, 1.000000000000000000, -0.0000000000000000000 ) ) ;
#203 = CARTESIAN_POINT ( 'NONE',  ( -14.99999999999999800, 6.700000000000000200, 9.500000000000005300 ) ) ;
#204 = DIRECTION ( 'NONE',  ( 0.9993908270190956500, 0.0000000000000000000, -0.03489949670250148300 ) ) ;
#205 = CARTESIAN_POINT ( 'NONE',  ( -9.000000000000000000, 0.0000000000000000000, 5.000000000000000000 ) ) ;
#206 = CARTESIAN_POINT ( 'NONE',  ( 12.49999999999999600, -6.700000000000000200, -15.00000000000000000 ) ) ;
#207 = DIRECTION ( 'NONE',  ( 0.0000000000000000000, 0.0000000000000000000, 1.000000000000000000 ) ) ;
#208 = DIRECTION ( 'NONE',  ( 0.0000000000000000000, 0.0000000000000000000, -1.000000000000000000 ) ) ;
#209 = DIRECTION ( 'NONE',  ( 0.0000000000000000000, -2.486635053674692200E-015, -1.000000000000000000 ) ) ;
#210 = CARTESIAN_POINT ( 'NONE',  ( 0.0000000000000000000, -9.000000000000001800, 9.000000000000000000 ) ) ;
#211 = DIRECTION ( 'NONE',  ( 0.0000000000000000000, 0.0000000000000000000, 1.000000000000000000 ) ) ;
#212 = DIRECTION ( 'NONE',  ( 0.0000000000000000000, 0.0000000000000000000, -1.000000000000000000 ) ) ;
#213 = CARTESIAN_POINT ( 'NONE',  ( -6.363961030678915200, 6.363961030678914300, -6.363961030678937400 ) ) ;
#214 = DIRECTION ( 'NONE',  ( 0.0000000000000000000, -0.0000000000000000000, 1.000000000000000000 ) ) ;
#215 = DIRECTION ( 'NONE',  ( -0.0000000000000000000, -0.0000000000000000000, -1.000000000000000000 ) ) ;
#216 = DIRECTION ( 'NONE',  ( 0.03489949670250104600, -4.273955692857151000E-018, 0.9993908270190956500 ) ) ;
#217 = CARTESIAN_POINT ( 'NONE',  ( -9.000000000000000000, 8.999999999999998200, 0.0000000000000000000 ) ) ;
#218 = CARTESIAN_POINT ( 'NONE',  ( -8.999999999999998200, 8.999999999999998200, 2.418849918582207000 ) ) ;
#219 = CARTESIAN_POINT ( 'NONE',  ( -18.00000000000000400, 6.700000000000000200, -10.99999999999999300 ) ) ;
#220 = DIRECTION ( 'NONE',  ( 1.000000000000000000, -0.0000000000000000000, -4.440892098500625200E-016 ) ) ;
#221 = CARTESIAN_POINT ( 'NONE',  ( 10.99999999999999800, -18.00000000000002100, -6.699999999999938000 ) ) ;
#222 = DIRECTION ( 'NONE',  ( 0.0000000000000000000, -1.000000000000000000, 3.491481338843133400E-015 ) ) ;
#223 = DIRECTION ( 'NONE',  ( 0.0000000000000000000, -2.486635053674692200E-015, -1.000000000000000000 ) ) ;
#224 = CARTESIAN_POINT ( 'NONE',  ( -6.363961030678938300, 6.363961030678936500, 6.363961030678914300 ) ) ;
#225 = CARTESIAN_POINT ( 'NONE',  ( 12.49999999999999600, -15.00000000000002100, -6.699999999999947800 ) ) ;
#226 = DIRECTION ( 'NONE',  ( 0.03489949670250104600, 0.9993908270190956500, -3.485080467055321200E-015 ) ) ;
#227 = CARTESIAN_POINT ( 'NONE',  ( -12.50000000000000000, -14.99999999999997700, 6.700000000000052600 ) ) ;
#228 = CARTESIAN_POINT ( 'NONE',  ( -8.074346210780944900, 8.074346210780944900, 4.653575850576901400 ) ) ;
#229 = CARTESIAN_POINT ( 'NONE',  ( 0.0000000000000000000, 0.0000000000000000000, 0.0000000000000000000 ) ) ;
#230 = DIRECTION ( 'NONE',  ( 0.0000000000000000000, 0.0000000000000000000, -1.000000000000000000 ) ) ;
#231 = CARTESIAN_POINT ( 'NONE',  ( -14.99999999999999800, 6.700000000000000200, 11.00000000000000500 ) ) ;
#232 = DIRECTION ( 'NONE',  ( 1.000000000000000000, -0.0000000000000000000, -4.440892098500625200E-016 ) ) ;
#233 = DIRECTION ( 'NONE',  ( -0.03489949670250104600, 0.9993908270190956500, -3.489354422748178200E-015 ) ) ;
#234 = DIRECTION ( 'NONE',  ( 0.0000000000000000000, 0.0000000000000000000, -1.000000000000000000 ) ) ;
#235 = CARTESIAN_POINT ( 'NONE',  ( 5.572142936120457300E-016, -15.00000000000000000, -4.549999999999999800 ) ) ;
#236 = DIRECTION ( 'NONE',  ( -1.000000000000000000, 0.0000000000000000000, 0.0000000000000000000 ) ) ;
#237 = CARTESIAN_POINT ( 'NONE',  ( 10.99999999999999800, -6.700000000000000200, -18.00000000000000000 ) ) ;
#238 = DIRECTION ( 'NONE',  ( -0.0000000000000000000, 1.000000000000000000, -0.0000000000000000000 ) ) ;
#239 = DIRECTION ( 'NONE',  ( -1.000000000000000000, 0.0000000000000000000, 0.0000000000000000000 ) ) ;
#240 = DIRECTION ( 'NONE',  ( 0.0000000000000000000, 0.0000000000000000000, -1.000000000000000000 ) ) ;
#241 = EDGE_CURVE ( 'NONE', #1525, #1505, #2077, .T. ) ;
#242 = EDGE_CURVE ( 'NONE', #1625, #1509, #2078, .T. ) ;
#243 = EDGE_CURVE ( 'NONE', #1516, #1583, #303, .T. ) ;
#244 = EDGE_CURVE ( 'NONE', #1502, #1530, #2085, .T. ) ;
#245 = EDGE_CURVE ( 'NONE', #1520, #1576, #318, .T. ) ;
#246 = EDGE_CURVE ( 'NONE', #1568, #1537, #2080, .T. ) ;
#247 = EDGE_CURVE ( 'NONE', #1496, #1487, #2079, .T. ) ;
#248 = EDGE_CURVE ( 'NONE', #1601, #1548, #2104, .T. ) ;
#249 = EDGE_CURVE ( 'NONE', #1583, #1531, #2087, .T. ) ;
#250 = EDGE_CURVE ( 'NONE', #1544, #1593, #300, .T. ) ;
#251 = EDGE_CURVE ( 'NONE', #1529, #1510, #2112, .T. ) ;
#252 = EDGE_CURVE ( 'NONE', #1607, #1497, #2102, .T. ) ;
#253 = EDGE_CURVE ( 'NONE', #1548, #1601, #2106, .T. ) ;
#254 = EDGE_CURVE ( 'NONE', #1511, #1548, #2113, .T. ) ;
#255 = EDGE_CURVE ( 'NONE', #1604, #1601, #2110, .T. ) ;
#256 = EDGE_CURVE ( 'NONE', #1537, #1507, #2072, .T. ) ;
#257 = EDGE_CURVE ( 'NONE', #1571, #1518, #2092, .T. ) ;
#258 = EDGE_CURVE ( 'NONE', #1526, #1522, #2091, .T. ) ;
#259 = EDGE_CURVE ( 'NONE', #1583, #1486, #306, .T. ) ;
#260 = EDGE_CURVE ( 'NONE', #1507, #1543, #2089, .T. ) ;
#261 = EDGE_CURVE ( 'NONE', #1550, #1581, #2114, .T. ) ;
#262 = EDGE_CURVE ( 'NONE', #1593, #1607, #301, .T. ) ;
#263 = EDGE_CURVE ( 'NONE', #1600, #1591, #2096, .T. ) ;
#264 = EDGE_CURVE ( 'NONE', #1491, #1488, #2099, .T. ) ;
#265 = EDGE_CURVE ( 'NONE', #1515, #1495, #2060, .T. ) ;
#266 = EDGE_CURVE ( 'NONE', #1606, #1559, #2083, .T. ) ;
#267 = EDGE_CURVE ( 'NONE', #1603, #1609, #2101, .T. ) ;
#268 = EDGE_CURVE ( 'NONE', #1554, #1594, #2061, .T. ) ;
#269 = EDGE_CURVE ( 'NONE', #1535, #1540, #2116, .T. ) ;
#270 = EDGE_CURVE ( 'NONE', #1568, #1543, #2100, .T. ) ;
#271 = EDGE_CURVE ( 'NONE', #1570, #1563, #2065, .T. ) ;
#272 = EDGE_CURVE ( 'NONE', #1553, #1571, #2075, .T. ) ;
#273 = EDGE_CURVE ( 'NONE', #1584, #1577, #319, .T. ) ;
#274 = EDGE_CURVE ( 'NONE', #1593, #1573, #320, .T. ) ;
#275 = EDGE_CURVE ( 'NONE', #1559, #1527, #2094, .T. ) ;
#276 = EDGE_CURVE ( 'NONE', #1517, #1583, #2095, .T. ) ;
#277 = EDGE_CURVE ( 'NONE', #1589, #1565, #2093, .T. ) ;
#278 = EDGE_CURVE ( 'NONE', #1509, #1600, #2082, .T. ) ;
#279 = EDGE_CURVE ( 'NONE', #1547, #1512, #2174, .T. ) ;
#280 = EDGE_CURVE ( 'NONE', #1577, #1517, #305, .T. ) ;
#281 = EDGE_CURVE ( 'NONE', #1572, #1550, #2150, .T. ) ;
#282 = EDGE_CURVE ( 'NONE', #1591, #1625, #2136, .T. ) ;
#283 = EDGE_CURVE ( 'NONE', #1531, #1584, #2152, .T. ) ;
#284 = EDGE_CURVE ( 'NONE', #1607, #1576, #311, .T. ) ;
#285 = EDGE_CURVE ( 'NONE', #1625, #1570, #2126, .T. ) ;
#286 = EDGE_CURVE ( 'NONE', #1552, #1496, #315, .T. ) ;
#287 = EDGE_CURVE ( 'NONE', #1592, #1553, #2132, .T. ) ;
#288 = EDGE_CURVE ( 'NONE', #1536, #1541, #2151, .T. ) ;
#289 = EDGE_CURVE ( 'NONE', #1581, #1611, #2161, .T. ) ;
#290 = EDGE_CURVE ( 'NONE', #1567, #1584, #302, .T. ) ;
#291 = EDGE_CURVE ( 'NONE', #1497, #1492, #2135, .T. ) ;
#292 = EDGE_CURVE ( 'NONE', #1512, #1547, #2124, .T. ) ;
#293 =( BOUNDED_CURVE ( )  B_SPLINE_CURVE ( 3, ( #2882, #2861, #2887, #2888 ),
 .UNSPECIFIED., .F., .F. ) 
 B_SPLINE_CURVE_WITH_KNOTS ( ( 4, 4 ),
 ( 0.0000000000000000000, 0.7853981633974500600 ),
 .UNSPECIFIED. ) 
 CURVE ( )  GEOMETRIC_REPRESENTATION_ITEM ( )  RATIONAL_B_SPLINE_CURVE ( ( 1.000000000000000000, 0.9492530216741910100, 0.9492530216741910100, 1.000000000000000000 ) ) 
 REPRESENTATION_ITEM ( '' )  );
#294 = UNCERTAINTY_MEASURE_WITH_UNIT (LENGTH_MEASURE( 1.000000000000000100E-005 ), #2703, 'distance_accuracy_value', 'NONE');
#295 = ADVANCED_BREP_SHAPE_REPRESENTATION ( '', ( #299, #2425 ), #2421 ) ;
#296 = UNCERTAINTY_MEASURE_WITH_UNIT (LENGTH_MEASURE( 1.000000000000000100E-005 ), #2724, 'distance_accuracy_value', 'NONE');
#297 = ADVANCED_BREP_SHAPE_REPRESENTATION ( '', ( #298, #2425 ), #2416 ) ;
#298 = MANIFOLD_SOLID_BREP ( 'Chamfer2', #1612 ) ;
#299 = MANIFOLD_SOLID_BREP ( 'CirPattern3', #1628 ) ;
#300 =( BOUNDED_CURVE ( )  B_SPLINE_CURVE ( 3, ( #949, #933, #950, #935 ),
 .UNSPECIFIED., .F., .F. ) 
 B_SPLINE_CURVE_WITH_KNOTS ( ( 4, 4 ),
 ( 0.0000000000000000000, 0.7853981633974502800 ),
 .UNSPECIFIED. ) 
 CURVE ( )  GEOMETRIC_REPRESENTATION_ITEM ( )  RATIONAL_B_SPLINE_CURVE ( ( 1.000000000000000000, 0.9492530216741910100, 0.9492530216741910100, 1.000000000000000000 ) ) 
 REPRESENTATION_ITEM ( '' )  );
#301 =( BOUNDED_CURVE ( )  B_SPLINE_CURVE ( 3, ( #989, #983, #984, #975 ),
 .UNSPECIFIED., .F., .F. ) 
 B_SPLINE_CURVE_WITH_KNOTS ( ( 4, 4 ),
 ( 5.497787143782139700, 6.283185307179586200 ),
 .UNSPECIFIED. ) 
 CURVE ( )  GEOMETRIC_REPRESENTATION_ITEM ( )  RATIONAL_B_SPLINE_CURVE ( ( 1.000000000000000000, 0.9492530216741912300, 0.9492530216741912300, 1.000000000000000000 ) ) 
 REPRESENTATION_ITEM ( '' )  );
#302 =( BOUNDED_CURVE ( )  B_SPLINE_CURVE ( 3, ( #372, #377, #379, #380 ),
 .UNSPECIFIED., .F., .F. ) 
 B_SPLINE_CURVE_WITH_KNOTS ( ( 4, 4 ),
 ( 2.356194490192343500, 3.141592653589793100 ),
 .UNSPECIFIED. ) 
 CURVE ( )  GEOMETRIC_REPRESENTATION_ITEM ( )  RATIONAL_B_SPLINE_CURVE ( ( 1.000000000000000000, 0.9492530216741910100, 0.9492530216741910100, 1.000000000000000000 ) ) 
 REPRESENTATION_ITEM ( '' )  );
#303 =( BOUNDED_CURVE ( )  B_SPLINE_CURVE ( 3, ( #902, #903, #904, #905 ),
 .UNSPECIFIED., .F., .F. ) 
 B_SPLINE_CURVE_WITH_KNOTS ( ( 4, 4 ),
 ( 2.356194490192347100, 3.141592653589793100 ),
 .UNSPECIFIED. ) 
 CURVE ( )  GEOMETRIC_REPRESENTATION_ITEM ( )  RATIONAL_B_SPLINE_CURVE ( ( 1.000000000000000000, 0.9492530216741914600, 0.9492530216741914600, 1.000000000000000000 ) ) 
 REPRESENTATION_ITEM ( '' )  );
#304 =( BOUNDED_CURVE ( )  B_SPLINE_CURVE ( 3, ( #558, #553, #571, #552 ),
 .UNSPECIFIED., .F., .F. ) 
 B_SPLINE_CURVE_WITH_KNOTS ( ( 4, 4 ),
 ( 2.356194490192343100, 3.141592653589793100 ),
 .UNSPECIFIED. ) 
 CURVE ( )  GEOMETRIC_REPRESENTATION_ITEM ( )  RATIONAL_B_SPLINE_CURVE ( ( 1.000000000000000000, 0.9492530216741910100, 0.9492530216741910100, 1.000000000000000000 ) ) 
 REPRESENTATION_ITEM ( '' )  );
#305 =( BOUNDED_CURVE ( )  B_SPLINE_CURVE ( 3, ( #367, #334, #404, #381 ),
 .UNSPECIFIED., .F., .F. ) 
 B_SPLINE_CURVE_WITH_KNOTS ( ( 4, 4 ),
 ( 2.356194490192346600, 3.141592653589793100 ),
 .UNSPECIFIED. ) 
 CURVE ( )  GEOMETRIC_REPRESENTATION_ITEM ( )  RATIONAL_B_SPLINE_CURVE ( ( 1.000000000000000000, 0.9492530216741912300, 0.9492530216741912300, 1.000000000000000000 ) ) 
 REPRESENTATION_ITEM ( '' )  );
#306 =( BOUNDED_CURVE ( )  B_SPLINE_CURVE ( 3, ( #980, #990, #979, #987 ),
 .UNSPECIFIED., .F., .F. ) 
 B_SPLINE_CURVE_WITH_KNOTS ( ( 4, 4 ),
 ( 3.141592653589793100, 3.926990816987239200 ),
 .UNSPECIFIED. ) 
 CURVE ( )  GEOMETRIC_REPRESENTATION_ITEM ( )  RATIONAL_B_SPLINE_CURVE ( ( 1.000000000000000000, 0.9492530216741914600, 0.9492530216741914600, 1.000000000000000000 ) ) 
 REPRESENTATION_ITEM ( '' )  );
#307 =( BOUNDED_CURVE ( )  B_SPLINE_CURVE ( 3, ( #213, #200, #187, #192 ),
 .UNSPECIFIED., .F., .F. ) 
 B_SPLINE_CURVE_WITH_KNOTS ( ( 4, 4 ),
 ( 2.356194490192343100, 3.141592653589793100 ),
 .UNSPECIFIED. ) 
 CURVE ( )  GEOMETRIC_REPRESENTATION_ITEM ( )  RATIONAL_B_SPLINE_CURVE ( ( 1.000000000000000000, 0.9492530216741910100, 0.9492530216741910100, 1.000000000000000000 ) ) 
 REPRESENTATION_ITEM ( '' )  );
#308 =( BOUNDED_CURVE ( )  B_SPLINE_CURVE ( 3, ( #217, #218, #228, #224 ),
 .UNSPECIFIED., .F., .F. ) 
 B_SPLINE_CURVE_WITH_KNOTS ( ( 4, 4 ),
 ( 3.141592653589793100, 3.926990816987239600 ),
 .UNSPECIFIED. ) 
 CURVE ( )  GEOMETRIC_REPRESENTATION_ITEM ( )  RATIONAL_B_SPLINE_CURVE ( ( 1.000000000000000000, 0.9492530216741912300, 0.9492530216741912300, 1.000000000000000000 ) ) 
 REPRESENTATION_ITEM ( '' )  );
#309 =( BOUNDED_CURVE ( )  B_SPLINE_CURVE ( 3, ( #2849, #2825, #2841, #2850 ),
 .UNSPECIFIED., .F., .F. ) 
 B_SPLINE_CURVE_WITH_KNOTS ( ( 4, 4 ),
 ( 3.141592653589793100, 3.926990816987243200 ),
 .UNSPECIFIED. ) 
 CURVE ( )  GEOMETRIC_REPRESENTATION_ITEM ( )  RATIONAL_B_SPLINE_CURVE ( ( 1.000000000000000000, 0.9492530216741910100, 0.9492530216741910100, 1.000000000000000000 ) ) 
 REPRESENTATION_ITEM ( '' )  );
#310 =( BOUNDED_CURVE ( )  B_SPLINE_CURVE ( 3, ( #13, #14, #9, #15 ),
 .UNSPECIFIED., .F., .F. ) 
 B_SPLINE_CURVE_WITH_KNOTS ( ( 4, 4 ),
 ( 3.141592653589793100, 3.926990816987243200 ),
 .UNSPECIFIED. ) 
 CURVE ( )  GEOMETRIC_REPRESENTATION_ITEM ( )  RATIONAL_B_SPLINE_CURVE ( ( 1.000000000000000000, 0.9492530216741910100, 0.9492530216741910100, 1.000000000000000000 ) ) 
 REPRESENTATION_ITEM ( '' )  );
#311 =( BOUNDED_CURVE ( )  B_SPLINE_CURVE ( 3, ( #403, #398, #393, #390 ),
 .UNSPECIFIED., .F., .F. ) 
 B_SPLINE_CURVE_WITH_KNOTS ( ( 4, 4 ),
 ( 0.0000000000000000000, 0.7853981633974468400 ),
 .UNSPECIFIED. ) 
 CURVE ( )  GEOMETRIC_REPRESENTATION_ITEM ( )  RATIONAL_B_SPLINE_CURVE ( ( 1.000000000000000000, 0.9492530216741912300, 0.9492530216741912300, 1.000000000000000000 ) ) 
 REPRESENTATION_ITEM ( '' )  );
#312 =( BOUNDED_CURVE ( )  B_SPLINE_CURVE ( 3, ( #2868, #2879, #2875, #2878 ),
 .UNSPECIFIED., .F., .F. ) 
 B_SPLINE_CURVE_WITH_KNOTS ( ( 4, 4 ),
 ( 5.497787143782139700, 6.283185307179589800 ),
 .UNSPECIFIED. ) 
 CURVE ( )  GEOMETRIC_REPRESENTATION_ITEM ( )  RATIONAL_B_SPLINE_CURVE ( ( 1.000000000000000000, 0.9492530216741910100, 0.9492530216741910100, 1.000000000000000000 ) ) 
 REPRESENTATION_ITEM ( '' )  );
#313 =( BOUNDED_CURVE ( )  B_SPLINE_CURVE ( 3, ( #2662, #2660, #2645, #2657 ),
 .UNSPECIFIED., .F., .F. ) 
 B_SPLINE_CURVE_WITH_KNOTS ( ( 4, 4 ),
 ( 3.141592653589793100, 3.926990816987239600 ),
 .UNSPECIFIED. ) 
 CURVE ( )  GEOMETRIC_REPRESENTATION_ITEM ( )  RATIONAL_B_SPLINE_CURVE ( ( 1.000000000000000000, 0.9492530216741912300, 0.9492530216741912300, 1.000000000000000000 ) ) 
 REPRESENTATION_ITEM ( '' )  );
#314 =( BOUNDED_CURVE ( )  B_SPLINE_CURVE ( 3, ( #2679, #2673, #2666, #2663 ),
 .UNSPECIFIED., .F., .F. ) 
 B_SPLINE_CURVE_WITH_KNOTS ( ( 4, 4 ),
 ( 0.0000000000000000000, 0.7853981633974467200 ),
 .UNSPECIFIED. ) 
 CURVE ( )  GEOMETRIC_REPRESENTATION_ITEM ( )  RATIONAL_B_SPLINE_CURVE ( ( 1.000000000000000000, 0.9492530216741912300, 0.9492530216741912300, 1.000000000000000000 ) ) 
 REPRESENTATION_ITEM ( '' )  );
#315 =( BOUNDED_CURVE ( )  B_SPLINE_CURVE ( 3, ( #378, #397, #401, #402 ),
 .UNSPECIFIED., .F., .F. ) 
 B_SPLINE_CURVE_WITH_KNOTS ( ( 4, 4 ),
 ( 5.497787143782136200, 6.283185307179586200 ),
 .UNSPECIFIED. ) 
 CURVE ( )  GEOMETRIC_REPRESENTATION_ITEM ( )  RATIONAL_B_SPLINE_CURVE ( ( 1.000000000000000000, 0.9492530216741910100, 0.9492530216741910100, 1.000000000000000000 ) ) 
 REPRESENTATION_ITEM ( '' )  );
#316 =( BOUNDED_CURVE ( )  B_SPLINE_CURVE ( 3, ( #2650, #2649, #2647, #2678 ),
 .UNSPECIFIED., .F., .F. ) 
 B_SPLINE_CURVE_WITH_KNOTS ( ( 4, 4 ),
 ( 5.497787143782139700, 6.283185307179586200 ),
 .UNSPECIFIED. ) 
 CURVE ( )  GEOMETRIC_REPRESENTATION_ITEM ( )  RATIONAL_B_SPLINE_CURVE ( ( 1.000000000000000000, 0.9492530216741912300, 0.9492530216741912300, 1.000000000000000000 ) ) 
 REPRESENTATION_ITEM ( '' )  );
#317 =( BOUNDED_CURVE ( )  B_SPLINE_CURVE ( 3, ( #2661, #2668, #2704, #2685 ),
 .UNSPECIFIED., .F., .F. ) 
 B_SPLINE_CURVE_WITH_KNOTS ( ( 4, 4 ),
 ( 2.356194490192346600, 3.141592653589793100 ),
 .UNSPECIFIED. ) 
 CURVE ( )  GEOMETRIC_REPRESENTATION_ITEM ( )  RATIONAL_B_SPLINE_CURVE ( ( 1.000000000000000000, 0.9492530216741912300, 0.9492530216741912300, 1.000000000000000000 ) ) 
 REPRESENTATION_ITEM ( '' )  );
#318 =( BOUNDED_CURVE ( )  B_SPLINE_CURVE ( 3, ( #965, #932, #954, #964 ),
 .UNSPECIFIED., .F., .F. ) 
 B_SPLINE_CURVE_WITH_KNOTS ( ( 4, 4 ),
 ( 3.552713678800500900E-015, 0.7853981633974502800 ),
 .UNSPECIFIED. ) 
 CURVE ( )  GEOMETRIC_REPRESENTATION_ITEM ( )  RATIONAL_B_SPLINE_CURVE ( ( 1.000000000000000000, 0.9492530216741912300, 0.9492530216741912300, 1.000000000000000000 ) ) 
 REPRESENTATION_ITEM ( '' )  );
#319 =( BOUNDED_CURVE ( )  B_SPLINE_CURVE ( 3, ( #344, #349, #340, #370 ),
 .UNSPECIFIED., .F., .F. ) 
 B_SPLINE_CURVE_WITH_KNOTS ( ( 4, 4 ),
 ( 3.141592653589793100, 3.926990816987242700 ),
 .UNSPECIFIED. ) 
 CURVE ( )  GEOMETRIC_REPRESENTATION_ITEM ( )  RATIONAL_B_SPLINE_CURVE ( ( 1.000000000000000000, 0.9492530216741910100, 0.9492530216741910100, 1.000000000000000000 ) ) 
 REPRESENTATION_ITEM ( '' )  );
#320 =( BOUNDED_CURVE ( )  B_SPLINE_CURVE ( 3, ( #339, #348, #345, #369 ),
 .UNSPECIFIED., .F., .F. ) 
 B_SPLINE_CURVE_WITH_KNOTS ( ( 4, 4 ),
 ( 5.497787143782136200, 6.283185307179586200 ),
 .UNSPECIFIED. ) 
 CURVE ( )  GEOMETRIC_REPRESENTATION_ITEM ( )  RATIONAL_B_SPLINE_CURVE ( ( 1.000000000000000000, 0.9492530216741910100, 0.9492530216741910100, 1.000000000000000000 ) ) 
 REPRESENTATION_ITEM ( '' )  );
#321 =( BOUNDED_CURVE ( )  B_SPLINE_CURVE ( 3, ( #538, #546, #565, #537 ),
 .UNSPECIFIED., .F., .F. ) 
 B_SPLINE_CURVE_WITH_KNOTS ( ( 4, 4 ),
 ( 5.497787143782136200, 7.068583470577032700 ),
 .UNSPECIFIED. ) 
 CURVE ( )  GEOMETRIC_REPRESENTATION_ITEM ( )  RATIONAL_B_SPLINE_CURVE ( ( 1.000000000000000000, 0.8047378541243649400, 0.8047378541243649400, 1.000000000000000000 ) ) 
 REPRESENTATION_ITEM ( '' )  );
#322 = UNCERTAINTY_MEASURE_WITH_UNIT (LENGTH_MEASURE( 1.000000000000000100E-005 ), #2716, 'distance_accuracy_value', 'NONE');
#323 = PRODUCT ( 'ALP2223', 'ALP2223', '', ( #2682 ) ) ;
#324 = PERSON ( 'NAUO-PER2', 'UNSPECIFIED', 'UNSPECIFIED', ('UNSPECIFIED'), ('UNSPECIFIED'), ('UNSPECIFIED') ) ;
#325 = PERSON ( 'NAUO-PER4', 'UNSPECIFIED', 'UNSPECIFIED', ('UNSPECIFIED'), ('UNSPECIFIED'), ('UNSPECIFIED') ) ;
#326 = PERSON ( 'UNSPECIFIED', 'UNSPECIFIED', 'UNSPECIFIED', ('UNSPECIFIED'), ('UNSPECIFIED'), ('UNSPECIFIED') ) ;
#327 = PERSON ( 'NAUO-PER3', 'UNSPECIFIED', 'UNSPECIFIED', ('UNSPECIFIED'), ('UNSPECIFIED'), ('UNSPECIFIED') ) ;
#328 = PRODUCT ( '3D blok 30x30', '3D blok 30x30', '', ( #2740 ) ) ;
#329 = PERSON ( 'NAUO-PER1', 'UNSPECIFIED', 'UNSPECIFIED', ('UNSPECIFIED'), ('UNSPECIFIED'), ('UNSPECIFIED') ) ;
#330 = PRODUCT ( 'Poklopac 30x30', 'Poklopac 30x30', '', ( #2761 ) ) ;
#331 = CARTESIAN_POINT ( 'NONE',  ( 15.00000000000000000, -15.00000000000000000, 13.50000000000000000 ) ) ;
#332 = DIRECTION ( 'NONE',  ( 1.000000000000000000, 0.0000000000000000000, 0.0000000000000000000 ) ) ;
#333 = CARTESIAN_POINT ( 'NONE',  ( 10.99999999999999800, -6.700000000000000200, -15.00000000000000000 ) ) ;
#334 = CARTESIAN_POINT ( 'NONE',  ( -8.074346210780941400, -8.074346210780941400, 4.653575850576904000 ) ) ;
#335 = PLANE ( 'NONE',  #2365 ) ;
#336 = CARTESIAN_POINT ( 'NONE',  ( 15.00000000000000000, 13.49999999999999800, 15.00000000000000000 ) ) ;
#337 = DIRECTION ( 'NONE',  ( 1.000000000000000000, 0.0000000000000000000, 0.0000000000000000000 ) ) ;
#338 = CARTESIAN_POINT ( 'NONE',  ( -5.237222008264700000E-014, 0.0000000000000000000, 15.00000000000000000 ) ) ;
#339 = CARTESIAN_POINT ( 'NONE',  ( 6.363961030678915200, -6.363961030678914300, 6.363961030678937400 ) ) ;
#340 = CARTESIAN_POINT ( 'NONE',  ( -8.074346210780962700, -4.653575850576920900, 8.074346210780936100 ) ) ;
#341 = DIRECTION ( 'NONE',  ( -1.000000000000000000, 0.0000000000000000000, 0.0000000000000000000 ) ) ;
#342 = DIRECTION ( 'NONE',  ( 1.000000000000000000, 3.491481338843133400E-015, 3.491481338843133700E-015 ) ) ;
#343 = CARTESIAN_POINT ( 'NONE',  ( 12.49999999999999600, 6.700000000000000200, -15.00000000000000000 ) ) ;
#344 = CARTESIAN_POINT ( 'NONE',  ( -9.000000000000032000, 0.0000000000000000000, 9.000000000000000000 ) ) ;
#345 = CARTESIAN_POINT ( 'NONE',  ( 2.418849918582187500, -8.999999999999998200, 9.000000000000003600 ) ) ;
#346 = DIRECTION ( 'NONE',  ( 0.0000000000000000000, 0.0000000000000000000, -1.000000000000000000 ) ) ;
#347 = DIRECTION ( 'NONE',  ( -0.0000000000000000000, -1.000000000000000000, -0.0000000000000000000 ) ) ;
#348 = CARTESIAN_POINT ( 'NONE',  ( 4.653575850576896000, -8.074346210780932500, 8.074346210780946700 ) ) ;
#349 = CARTESIAN_POINT ( 'NONE',  ( -9.000000000000030200, -2.418849918582216800, 8.999999999999998200 ) ) ;
#350 = DIRECTION ( 'NONE',  ( -0.03489949670250104600, 0.0000000000000000000, 0.9993908270190956500 ) ) ;
#351 = CARTESIAN_POINT ( 'NONE',  ( 4.500000000000087000, -10.50000000000003600, -14.99999999999994700 ) ) ;
#352 = DIRECTION ( 'NONE',  ( -3.491481338843133400E-015, 0.0000000000000000000, 1.000000000000000000 ) ) ;
#353 = CARTESIAN_POINT ( 'NONE',  ( 3.142333204958820700E-014, 0.0000000000000000000, -9.000000000000001800 ) ) ;
#354 = CARTESIAN_POINT ( 'NONE',  ( -15.00000000000000000, 15.00000000000000000, 13.50000000000000000 ) ) ;
#355 = DIRECTION ( 'NONE',  ( 0.0000000000000000000, 0.0000000000000000000, -1.000000000000000000 ) ) ;
#356 = CARTESIAN_POINT ( 'NONE',  ( -12.50000000000000000, -6.700000000000000200, -15.00000000000000000 ) ) ;
#357 = DIRECTION ( 'NONE',  ( -3.491481338843133400E-015, 0.0000000000000000000, 1.000000000000000000 ) ) ;
#358 = DIRECTION ( 'NONE',  ( 0.0000000000000000000, 0.0000000000000000000, -1.000000000000000000 ) ) ;
#359 = CARTESIAN_POINT ( 'NONE',  ( 5.237222008264717700E-014, 0.0000000000000000000, -15.00000000000005200 ) ) ;
#360 = CARTESIAN_POINT ( 'NONE',  ( -9.000000000000001800, 0.0000000000000000000, 0.0000000000000000000 ) ) ;
#361 = DIRECTION ( 'NONE',  ( -0.0000000000000000000, -0.0000000000000000000, 1.000000000000000000 ) ) ;
#362 = DIRECTION ( 'NONE',  ( -3.491481338843133400E-015, 0.0000000000000000000, 1.000000000000000000 ) ) ;
#363 = CARTESIAN_POINT ( 'NONE',  ( -15.00000000000000000, -15.00000000000000000, 15.00000000000000000 ) ) ;
#364 = DIRECTION ( 'NONE',  ( -1.000000000000000000, 0.0000000000000000000, 0.0000000000000000000 ) ) ;
#365 = CARTESIAN_POINT ( 'NONE',  ( -4.500000000000000900, -15.00000000000000000, 15.00000000000003600 ) ) ;
#366 = DIRECTION ( 'NONE',  ( 1.000000000000000000, 0.0000000000000000000, 3.431321161272805500E-015 ) ) ;
#367 = CARTESIAN_POINT ( 'NONE',  ( -6.363961030678938300, -6.363961030678937400, 6.363961030678915200 ) ) ;
#368 = DIRECTION ( 'NONE',  ( 0.03489949670250104600, -4.273955692857151000E-018, 0.9993908270190956500 ) ) ;
#369 = CARTESIAN_POINT ( 'NONE',  ( -3.142333204958820000E-014, -9.000000000000001800, 9.000000000000000000 ) ) ;
#370 = CARTESIAN_POINT ( 'NONE',  ( -6.363961030678938300, -6.363961030678937400, 6.363961030678915200 ) ) ;
#371 = DIRECTION ( 'NONE',  ( 1.000000000000000000, -0.0000000000000000000, -0.0000000000000000000 ) ) ;
#372 = CARTESIAN_POINT ( 'NONE',  ( -6.363961030678938300, 6.363961030678936500, 6.363961030678914300 ) ) ;
#373 = CARTESIAN_POINT ( 'NONE',  ( 0.0000000000000000000, 15.00000000000000000, 0.0000000000000000000 ) ) ;
#374 = CARTESIAN_POINT ( 'NONE',  ( -15.00000000000000000, -4.499999999999999100, 15.00000000000000000 ) ) ;
#375 = CARTESIAN_POINT ( 'NONE',  ( -15.00000000000000000, 13.50000000000000000, 13.50000000000000000 ) ) ;
#376 = CARTESIAN_POINT ( 'NONE',  ( 15.00000000000000000, -15.00000000000000000, -15.00000000000000000 ) ) ;
#377 = CARTESIAN_POINT ( 'NONE',  ( -8.074346210780962700, 4.653575850576922700, 8.074346210780936100 ) ) ;
#378 = CARTESIAN_POINT ( 'NONE',  ( 6.363961030678938300, 6.363961030678936500, -6.363961030678914300 ) ) ;
#379 = CARTESIAN_POINT ( 'NONE',  ( -9.000000000000030200, 2.418849918582219000, 8.999999999999998200 ) ) ;
#380 = CARTESIAN_POINT ( 'NONE',  ( -9.000000000000032000, 0.0000000000000000000, 9.000000000000000000 ) ) ;
#381 = CARTESIAN_POINT ( 'NONE',  ( -9.000000000000001800, -9.000000000000001800, 0.0000000000000000000 ) ) ;
#382 = DIRECTION ( 'NONE',  ( 0.0000000000000000000, 0.0000000000000000000, -1.000000000000000000 ) ) ;
#383 = DIRECTION ( 'NONE',  ( -1.000000000000000000, -0.0000000000000000000, -0.0000000000000000000 ) ) ;
#384 = DIRECTION ( 'NONE',  ( 0.0000000000000000000, 0.0000000000000000000, -1.000000000000000000 ) ) ;
#385 = CARTESIAN_POINT ( 'NONE',  ( -12.50000000000000000, -15.00000000000000000, -6.699999999999947800 ) ) ;
#386 = DIRECTION ( 'NONE',  ( 1.000000000000000000, 0.0000000000000000000, 3.431321161272805500E-015 ) ) ;
#387 = DIRECTION ( 'NONE',  ( 0.0000000000000000000, 0.0000000000000000000, 1.000000000000000000 ) ) ;
#388 = CARTESIAN_POINT ( 'NONE',  ( 9.604762308475242700, -17.99999999999997900, 6.700000000000057900 ) ) ;
#389 = CARTESIAN_POINT ( 'NONE',  ( -5.062647941322553500E-014, 0.0000000000000000000, 14.50000000000002700 ) ) ;
#390 = CARTESIAN_POINT ( 'NONE',  ( 6.363961030678914300, 6.363961030678914300, 6.363961030678936500 ) ) ;
#391 = DIRECTION ( 'NONE',  ( 0.0000000000000000000, -1.000000000000000000, 0.0000000000000000000 ) ) ;
#392 = DIRECTION ( 'NONE',  ( 0.0000000000000000000, 0.0000000000000000000, -1.000000000000000000 ) ) ;
#393 = CARTESIAN_POINT ( 'NONE',  ( 8.074346210780913000, 4.653575850576904000, 8.074346210780941400 ) ) ;
#394 = DIRECTION ( 'NONE',  ( 1.000000000000000000, 0.0000000000000000000, 0.0000000000000000000 ) ) ;
#395 = DIRECTION ( 'NONE',  ( -1.000000000000000000, 0.0000000000000000000, 0.0000000000000000000 ) ) ;
#396 = DIRECTION ( 'NONE',  ( 0.0000000000000000000, 0.0000000000000000000, -1.000000000000000000 ) ) ;
#397 = CARTESIAN_POINT ( 'NONE',  ( 8.074346210780960900, 4.653575850576926200, -8.074346210780934300 ) ) ;
#398 = CARTESIAN_POINT ( 'NONE',  ( 8.999999999999966200, 2.418849918582209200, 8.999999999999998200 ) ) ;
#399 = CARTESIAN_POINT ( 'NONE',  ( -15.00000000000000000, 4.500000000000000900, 15.00000000000000000 ) ) ;
#400 = CARTESIAN_POINT ( 'NONE',  ( -9.000000000000001800, 0.0000000000000000000, 0.0000000000000000000 ) ) ;
#401 = CARTESIAN_POINT ( 'NONE',  ( 9.000000000000030200, 2.418849918582218500, -8.999999999999998200 ) ) ;
#402 = CARTESIAN_POINT ( 'NONE',  ( 9.000000000000030200, 0.0000000000000000000, -9.000000000000001800 ) ) ;
#403 = CARTESIAN_POINT ( 'NONE',  ( 8.999999999999966200, 1.102182119232617700E-015, 9.000000000000000000 ) ) ;
#404 = CARTESIAN_POINT ( 'NONE',  ( -8.999999999999998200, -8.999999999999998200, 2.418849918582209700 ) ) ;
#405 = CARTESIAN_POINT ( 'NONE',  ( -15.00000000000000000, -15.00000000000000000, -15.00000000000000000 ) ) ;
#406 = CARTESIAN_POINT ( 'NONE',  ( 0.0000000000000000000, 13.50000000000000000, 15.00000000000000000 ) ) ;
#407 = DIRECTION ( 'NONE',  ( 1.000000000000000000, 0.0000000000000000000, 0.0000000000000000000 ) ) ;
#408 = CARTESIAN_POINT ( 'NONE',  ( -12.50000000000000000, -6.700000000000000200, -15.00000000000000000 ) ) ;
#409 = CARTESIAN_POINT ( 'NONE',  ( 12.49999999999999600, 6.700000000000000200, -15.00000000000000000 ) ) ;
#410 = CARTESIAN_POINT ( 'NONE',  ( 9.499999999999998200, -15.00000000000000000, 6.700000000000052600 ) ) ;
#411 = CARTESIAN_POINT ( 'NONE',  ( 9.000000000000000000, -9.000000000000001800, 0.0000000000000000000 ) ) ;
#412 = CARTESIAN_POINT ( 'NONE',  ( 3.142333204958820700E-014, 0.0000000000000000000, -9.000000000000001800 ) ) ;
#413 = CARTESIAN_POINT ( 'NONE',  ( 9.604762308475242700, -18.00000000000002100, -6.699999999999943300 ) ) ;
#414 = CARTESIAN_POINT ( 'NONE',  ( -18.00000000000000000, 6.700000000000000200, 12.39523769152476100 ) ) ;
#415 = CARTESIAN_POINT ( 'NONE',  ( -12.39523769152475600, -17.99999999999997900, 6.700000000000057900 ) ) ;
#416 = CARTESIAN_POINT ( 'NONE',  ( 0.0000000000000000000, 9.000000000000001800, 9.000000000000000000 ) ) ;
#417 = CARTESIAN_POINT ( 'NONE',  ( 9.499999999999998200, 6.700000000000000200, -15.00000000000000000 ) ) ;
#418 = CARTESIAN_POINT ( 'NONE',  ( -9.000000000000049700, 1.102182119232619500E-015, 14.49999999999999500 ) ) ;
#419 = CARTESIAN_POINT ( 'NONE',  ( 14.49999999999999800, 0.0000000000000000000, -9.000000000000000000 ) ) ;
#420 = CARTESIAN_POINT ( 'NONE',  ( -6.363961030678915200, 6.363961030678914300, -6.363961030678937400 ) ) ;
#421 = CARTESIAN_POINT ( 'NONE',  ( 12.39523769152475200, -18.00000000000002100, -6.699999999999943300 ) ) ;
#422 = CARTESIAN_POINT ( 'NONE',  ( -9.000000000000001800, 0.0000000000000000000, -4.549999999999999800 ) ) ;
#423 = CARTESIAN_POINT ( 'NONE',  ( 6.363961030678938300, -6.363961030678936500, -6.363961030678914300 ) ) ;
#424 = CARTESIAN_POINT ( 'NONE',  ( -15.00000000000000000, -15.00000000000000000, 15.00000000000000000 ) ) ;
#425 = CARTESIAN_POINT ( 'NONE',  ( 1.163414459189984900E-015, 15.00000000000000000, -9.499999999999994700 ) ) ;
#426 = CARTESIAN_POINT ( 'NONE',  ( 4.550000000000031800, 0.0000000000000000000, -8.999999999999985800 ) ) ;
#427 = CARTESIAN_POINT ( 'NONE',  ( 15.00000000000000000, 0.0000000000000000000, -9.499999999999994700 ) ) ;
#428 = CARTESIAN_POINT ( 'NONE',  ( -9.500000000000060400, 1.163414459189986500E-015, 15.00000000000000000 ) ) ;
#429 = CARTESIAN_POINT ( 'NONE',  ( -9.000000000000001800, -9.000000000000001800, 0.0000000000000000000 ) ) ;
#430 = CARTESIAN_POINT ( 'NONE',  ( 0.0000000000000000000, 14.49999999999999800, 9.000000000000000000 ) ) ;
#431 = CARTESIAN_POINT ( 'NONE',  ( -15.00000000000000200, -6.700000000000000200, -12.49999999999999300 ) ) ;
#432 = CARTESIAN_POINT ( 'NONE',  ( -15.00000000000000200, 6.700000000000000200, -9.499999999999994700 ) ) ;
#433 = CARTESIAN_POINT ( 'NONE',  ( 1.102182119232617700E-015, 14.49999999999999800, -9.000000000000000000 ) ) ;
#434 = CARTESIAN_POINT ( 'NONE',  ( -12.39523769152475700, -6.700000000000000200, -18.00000000000000000 ) ) ;
#435 = CARTESIAN_POINT ( 'NONE',  ( -9.500000000000001800, -15.00000000000000000, 6.700000000000052600 ) ) ;
#436 = CARTESIAN_POINT ( 'NONE',  ( 9.604762308475240900, 6.700000000000000200, -18.00000000000000000 ) ) ;
#437 = CARTESIAN_POINT ( 'NONE',  ( -9.604762308475244500, 6.700000000000000200, -18.00000000000000000 ) ) ;
#438 = CARTESIAN_POINT ( 'NONE',  ( -14.99999999999999800, 6.700000000000000200, 9.500000000000005300 ) ) ;
#439 = CARTESIAN_POINT ( 'NONE',  ( -15.00000000000000000, 5.572142936120457300E-016, 4.549999999999999800 ) ) ;
#440 = CARTESIAN_POINT ( 'NONE',  ( 4.500000000000087000, -15.00000000000000000, -10.49999999999993100 ) ) ;
#441 = CARTESIAN_POINT ( 'NONE',  ( 5.572142936120457300E-016, -15.00000000000000000, -4.549999999999999800 ) ) ;
#442 = CARTESIAN_POINT ( 'NONE',  ( -12.39523769152475600, -18.00000000000002100, -6.699999999999943300 ) ) ;
#443 = CARTESIAN_POINT ( 'NONE',  ( 14.49999999999999800, 1.102182119232617700E-015, 9.000000000000000000 ) ) ;
#444 = CARTESIAN_POINT ( 'NONE',  ( 0.0000000000000000000, 15.00000000000000000, 9.499999999999994700 ) ) ;
#445 = CARTESIAN_POINT ( 'NONE',  ( 9.000000000000030200, 0.0000000000000000000, -9.000000000000001800 ) ) ;
#446 = CARTESIAN_POINT ( 'NONE',  ( 12.49999999999999600, -15.00000000000000000, -6.699999999999947800 ) ) ;
#447 = CARTESIAN_POINT ( 'NONE',  ( 4.500000000000103000, -15.00000000000000000, -14.99999999999993200 ) ) ;
#448 = CARTESIAN_POINT ( 'NONE',  ( 9.604762308475240900, -6.700000000000000200, -18.00000000000000000 ) ) ;
#449 = DIRECTION ( 'NONE',  ( -1.000000000000000000, 0.0000000000000000000, -3.469446951953614200E-015 ) ) ;
#450 = CARTESIAN_POINT ( 'NONE',  ( -9.000000000000000000, 8.999999999999998200, 0.0000000000000000000 ) ) ;
#451 = CARTESIAN_POINT ( 'NONE',  ( -4.549999999999968700, 5.572142936120469200E-016, -9.000000000000016000 ) ) ;
#452 = CARTESIAN_POINT ( 'NONE',  ( -9.500000000000001800, 6.700000000000000200, -15.00000000000000000 ) ) ;
#453 = CARTESIAN_POINT ( 'NONE',  ( 15.00000000000000000, 1.163414459189984900E-015, 9.499999999999994700 ) ) ;
#454 = CARTESIAN_POINT ( 'NONE',  ( -12.50000000000000000, -15.00000000000000000, 6.700000000000052600 ) ) ;
#455 = CARTESIAN_POINT ( 'NONE',  ( 3.142333204958820000E-014, 8.999999999999998200, -9.000000000000000000 ) ) ;
#456 = CARTESIAN_POINT ( 'NONE',  ( -9.604762308475246300, -18.00000000000002100, -6.699999999999943300 ) ) ;
#457 = CARTESIAN_POINT ( 'NONE',  ( 0.0000000000000000000, -9.000000000000001800, 4.549999999999999800 ) ) ;
#458 = DIRECTION ( 'NONE',  ( 1.000000000000000000, 0.0000000000000000000, 3.431321161272805500E-015 ) ) ;
#459 = CARTESIAN_POINT ( 'NONE',  ( 8.999999999999948500, 0.0000000000000000000, 14.50000000000005900 ) ) ;
#460 = CARTESIAN_POINT ( 'NONE',  ( 12.49999999999999600, -15.00000000000000000, 6.700000000000052600 ) ) ;
#461 = CARTESIAN_POINT ( 'NONE',  ( 15.00000000000000000, -15.00000000000000000, 13.50000000000000000 ) ) ;
#462 = CARTESIAN_POINT ( 'NONE',  ( -9.000000000000001800, 5.572142936120457300E-016, 4.549999999999999800 ) ) ;
#463 = CARTESIAN_POINT ( 'NONE',  ( -9.500000000000001800, -15.00000000000000000, -6.699999999999947800 ) ) ;
#464 = CARTESIAN_POINT ( 'NONE',  ( -9.604762308475246300, -17.99999999999997900, 6.700000000000057900 ) ) ;
#465 = DIRECTION ( 'NONE',  ( -3.491481338843123900E-015, 0.0000000000000000000, 1.000000000000000000 ) ) ;
#466 = DIRECTION ( 'NONE',  ( -3.491481338843133400E-015, 0.0000000000000000000, 1.000000000000000000 ) ) ;
#467 = CARTESIAN_POINT ( 'NONE',  ( -18.00000000000000000, -6.700000000000000200, 12.39523769152476100 ) ) ;
#468 = CARTESIAN_POINT ( 'NONE',  ( -6.363961030678915200, -6.363961030678914300, -6.363961030678937400 ) ) ;
#469 = CARTESIAN_POINT ( 'NONE',  ( 12.39523769152475200, -17.99999999999997900, 6.700000000000057900 ) ) ;
#470 = CARTESIAN_POINT ( 'NONE',  ( 9.499999999999889900, 0.0000000000000000000, 15.00000000000000000 ) ) ;
#471 = CARTESIAN_POINT ( 'NONE',  ( 9.499999999999998200, -15.00000000000000000, -6.699999999999947800 ) ) ;
#472 = CARTESIAN_POINT ( 'NONE',  ( -9.000000000000001800, 0.0000000000000000000, -9.000000000000032000 ) ) ;
#473 = CARTESIAN_POINT ( 'NONE',  ( -14.99999999999999800, 6.700000000000000200, 12.50000000000000400 ) ) ;
#474 = CARTESIAN_POINT ( 'NONE',  ( 9.499999999999994700, 1.163414459189984700E-015, 0.0000000000000000000 ) ) ;
#475 = CARTESIAN_POINT ( 'NONE',  ( -15.00000000000000000, -4.499999999999999100, -10.49999999999999800 ) ) ;
#476 = CARTESIAN_POINT ( 'NONE',  ( -4.499999999999912100, -10.50000000000006600, -14.99999999999997900 ) ) ;
#477 = CARTESIAN_POINT ( 'NONE',  ( 6.363961030678915200, -6.363961030678914300, 6.363961030678937400 ) ) ;
#478 = CARTESIAN_POINT ( 'NONE',  ( -15.00000000000000000, -15.00000000000000000, -15.00000000000000000 ) ) ;
#479 = CARTESIAN_POINT ( 'NONE',  ( 8.000000000000000000, 0.0000000000000000000, 3.999999999999999100 ) ) ;
#480 = CARTESIAN_POINT ( 'NONE',  ( 9.499999999999998200, -6.700000000000000200, -15.00000000000000000 ) ) ;
#481 = CARTESIAN_POINT ( 'NONE',  ( 15.00000000000000000, 13.49999999999999800, -15.00000000000000000 ) ) ;
#482 = CARTESIAN_POINT ( 'NONE',  ( -9.500000000000001800, -6.700000000000000200, -15.00000000000000000 ) ) ;
#483 = CARTESIAN_POINT ( 'NONE',  ( -9.499999999999994700, 0.0000000000000000000, 0.0000000000000000000 ) ) ;
#484 = CARTESIAN_POINT ( 'NONE',  ( 0.0000000000000000000, -15.00000000000000000, 4.549999999999999800 ) ) ;
#485 = CARTESIAN_POINT ( 'NONE',  ( -4.499999999999903200, -15.00000000000000000, -15.00000000000000000 ) ) ;
#486 = CARTESIAN_POINT ( 'NONE',  ( 12.39523769152475400, -6.700000000000000200, -18.00000000000000000 ) ) ;
#487 = CARTESIAN_POINT ( 'NONE',  ( 8.000000000000000000, 0.0000000000000000000, 1.000000000000000000 ) ) ;
#488 = CARTESIAN_POINT ( 'NONE',  ( 9.000000000000000000, 1.102182119232617700E-015, 5.000000000000000000 ) ) ;
#489 = CARTESIAN_POINT ( 'NONE',  ( -9.000000000000000000, 0.0000000000000000000, 5.000000000000000000 ) ) ;
#490 = CARTESIAN_POINT ( 'NONE',  ( 12.49999999999999600, -6.700000000000000200, -15.00000000000000000 ) ) ;
#491 = CARTESIAN_POINT ( 'NONE',  ( -18.00000000000000400, -6.700000000000000200, -12.39523769152474700 ) ) ;
#492 = CARTESIAN_POINT ( 'NONE',  ( -14.99999999999999800, -6.700000000000000200, 12.50000000000000400 ) ) ;
#493 = CARTESIAN_POINT ( 'NONE',  ( -18.00000000000000400, 6.700000000000000200, -12.39523769152474700 ) ) ;
#494 = CARTESIAN_POINT ( 'NONE',  ( -15.00000000000000000, -4.499999999999999100, -15.00000000000000000 ) ) ;
#495 = CARTESIAN_POINT ( 'NONE',  ( -15.00000000000000000, 4.500000000000000900, -10.49999999999999800 ) ) ;
#496 = CARTESIAN_POINT ( 'NONE',  ( -9.000000000000032000, 0.0000000000000000000, 9.000000000000000000 ) ) ;
#497 = CARTESIAN_POINT ( 'NONE',  ( -6.363961030678938300, -6.363961030678937400, 6.363961030678915200 ) ) ;
#498 = CARTESIAN_POINT ( 'NONE',  ( -12.50000000000000000, 6.700000000000000200, -15.00000000000000000 ) ) ;
#499 = CARTESIAN_POINT ( 'NONE',  ( 3.142333204958820000E-014, -9.000000000000001800, -9.000000000000000000 ) ) ;
#500 = CARTESIAN_POINT ( 'NONE',  ( 4.550000000000052200, 0.0000000000000000000, -15.00000000000003600 ) ) ;
#501 = CARTESIAN_POINT ( 'NONE',  ( 4.500000000000087000, -10.50000000000003600, -14.99999999999994700 ) ) ;
#502 = CARTESIAN_POINT ( 'NONE',  ( -8.000000000000000000, 9.797174393178825700E-016, 1.000000000000000000 ) ) ;
#503 = CARTESIAN_POINT ( 'NONE',  ( 13.49999999999999800, -15.00000000000000000, 15.00000000000000000 ) ) ;
#504 = CARTESIAN_POINT ( 'NONE',  ( -12.39523769152475700, 6.700000000000000200, -18.00000000000000000 ) ) ;
#505 = CARTESIAN_POINT ( 'NONE',  ( -15.00000000000000000, 15.00000000000000000, -15.00000000000000000 ) ) ;
#506 = CARTESIAN_POINT ( 'NONE',  ( 9.000000000000000000, 1.102182119232617700E-015, 0.4999999999999995600 ) ) ;
#507 = CARTESIAN_POINT ( 'NONE',  ( -18.00000000000000000, 6.700000000000000200, 9.604762308475251600 ) ) ;
#508 = CARTESIAN_POINT ( 'NONE',  ( -15.00000000000000200, -6.700000000000000200, -9.499999999999994700 ) ) ;
#509 = CARTESIAN_POINT ( 'NONE',  ( 12.39523769152475400, 6.700000000000000200, -18.00000000000000000 ) ) ;
#510 = CARTESIAN_POINT ( 'NONE',  ( -15.00000000000000000, 15.00000000000000000, 13.50000000000000000 ) ) ;
#511 = CARTESIAN_POINT ( 'NONE',  ( -18.00000000000000400, -6.700000000000000200, -9.604762308475237400 ) ) ;
#512 = CARTESIAN_POINT ( 'NONE',  ( -9.000000000000000000, 0.0000000000000000000, 0.4999999999999995600 ) ) ;
#513 = CARTESIAN_POINT ( 'NONE',  ( -14.99999999999999800, -6.700000000000000200, 9.500000000000005300 ) ) ;
#514 = CARTESIAN_POINT ( 'NONE',  ( 15.00000000000000000, 13.49999999999999800, 13.50000000000000000 ) ) ;
#515 = CARTESIAN_POINT ( 'NONE',  ( -15.00000000000000000, 4.500000000000000900, -15.00000000000000000 ) ) ;
#516 = CARTESIAN_POINT ( 'NONE',  ( -15.00000000000000200, 6.700000000000000200, -12.49999999999999300 ) ) ;
#517 = CARTESIAN_POINT ( 'NONE',  ( -6.363961030678938300, 6.363961030678936500, 6.363961030678914300 ) ) ;
#518 = CARTESIAN_POINT ( 'NONE',  ( 8.999999999999966200, 1.102182119232617700E-015, 9.000000000000000000 ) ) ;
#519 = CARTESIAN_POINT ( 'NONE',  ( -15.00000000000000000, 0.0000000000000000000, -4.549999999999999800 ) ) ;
#520 = CARTESIAN_POINT ( 'NONE',  ( -10.49999999999999800, -4.499999999999999100, -15.00000000000000000 ) ) ;
#521 = CARTESIAN_POINT ( 'NONE',  ( -18.00000000000000400, 6.700000000000000200, -9.604762308475237400 ) ) ;
#522 = CARTESIAN_POINT ( 'NONE',  ( 5.572142936120457300E-016, -9.000000000000001800, -4.549999999999999800 ) ) ;
#523 = CARTESIAN_POINT ( 'NONE',  ( 6.363961030678914300, 6.363961030678914300, 6.363961030678936500 ) ) ;
#524 = CARTESIAN_POINT ( 'NONE',  ( 6.363961030678938300, 6.363961030678936500, -6.363961030678914300 ) ) ;
#525 = CARTESIAN_POINT ( 'NONE',  ( -4.499999999999912100, -15.00000000000000000, -10.49999999999996300 ) ) ;
#526 = CARTESIAN_POINT ( 'NONE',  ( 13.49999999999999800, 15.00000000000000000, -15.00000000000000000 ) ) ;
#527 = CARTESIAN_POINT ( 'NONE',  ( -8.000000000000000000, 9.797174393178825700E-016, 3.999999999999999100 ) ) ;
#528 = CARTESIAN_POINT ( 'NONE',  ( -9.604762308475244500, -6.700000000000000200, -18.00000000000000000 ) ) ;
#529 = CARTESIAN_POINT ( 'NONE',  ( 13.50000000000000000, 13.50000000000000000, 15.00000000000000000 ) ) ;
#530 = CARTESIAN_POINT ( 'NONE',  ( 13.49999999999999800, 15.00000000000000000, 13.50000000000000000 ) ) ;
#531 = CARTESIAN_POINT ( 'NONE',  ( -3.142333204958820000E-014, -9.000000000000001800, 9.000000000000000000 ) ) ;
#532 = CARTESIAN_POINT ( 'NONE',  ( -10.49999999999999800, 4.500000000000000900, -15.00000000000000000 ) ) ;
#533 = CARTESIAN_POINT ( 'NONE',  ( -4.549999999999948300, 5.572142936120457300E-016, -15.00000000000006800 ) ) ;
#534 = CARTESIAN_POINT ( 'NONE',  ( -18.00000000000000000, -6.700000000000000200, 9.604762308475251600 ) ) ;
#535 = CARTESIAN_POINT ( 'NONE',  ( -9.000000000000001800, 0.0000000000000000000, 0.0000000000000000000 ) ) ;
#536 = DIRECTION ( 'NONE',  ( 1.000000000000000000, 0.0000000000000000000, 0.0000000000000000000 ) ) ;
#537 = CARTESIAN_POINT ( 'NONE',  ( 6.363961030678938300, 6.363961030678936500, -6.363961030678914300 ) ) ;
#538 = CARTESIAN_POINT ( 'NONE',  ( 6.363961030678914300, 6.363961030678914300, 6.363961030678936500 ) ) ;
#539 = DIRECTION ( 'NONE',  ( -3.491481338843133400E-015, 0.0000000000000000000, 1.000000000000000000 ) ) ;
#540 = CARTESIAN_POINT ( 'NONE',  ( -14.99999999999999800, 6.700000000000000200, 11.00000000000000500 ) ) ;
#541 = DIRECTION ( 'NONE',  ( 0.0000000000000000000, 0.0000000000000000000, -1.000000000000000000 ) ) ;
#542 = CARTESIAN_POINT ( 'NONE',  ( 3.142333204958820700E-014, 0.0000000000000000000, -9.000000000000001800 ) ) ;
#543 = CARTESIAN_POINT ( 'NONE',  ( 13.49999999999999800, 15.00000000000000000, 15.00000000000000000 ) ) ;
#544 = CARTESIAN_POINT ( 'NONE',  ( 3.142333204958820700E-014, 0.0000000000000000000, -9.000000000000001800 ) ) ;
#545 = DIRECTION ( 'NONE',  ( 1.000000000000000000, 0.0000000000000000000, 3.469446951953614200E-015 ) ) ;
#546 = CARTESIAN_POINT ( 'NONE',  ( 10.09188309203677700, 10.09188309203677700, 2.636038969321091100 ) ) ;
#547 = DIRECTION ( 'NONE',  ( 1.000000000000000000, -0.0000000000000000000, -4.440892098500625200E-016 ) ) ;
#548 = DIRECTION ( 'NONE',  ( 1.000000000000000000, 0.0000000000000000000, 0.0000000000000000000 ) ) ;
#549 = CARTESIAN_POINT ( 'NONE',  ( 14.49999999999999800, 0.0000000000000000000, 0.0000000000000000000 ) ) ;
#550 = DIRECTION ( 'NONE',  ( 0.0000000000000000000, 0.0000000000000000000, -1.000000000000000000 ) ) ;
#551 = DIRECTION ( 'NONE',  ( 0.0000000000000000000, 0.0000000000000000000, 1.000000000000000000 ) ) ;
#552 = CARTESIAN_POINT ( 'NONE',  ( 3.142333204958820000E-014, -9.000000000000001800, -9.000000000000000000 ) ) ;
#553 = CARTESIAN_POINT ( 'NONE',  ( -4.653575850576895200, -8.074346210780934300, -8.074346210780950300 ) ) ;
#554 = DIRECTION ( 'NONE',  ( 0.0000000000000000000, 0.0000000000000000000, 1.000000000000000000 ) ) ;
#555 = DIRECTION ( 'NONE',  ( 0.0000000000000000000, 0.0000000000000000000, -1.000000000000000000 ) ) ;
#556 = CARTESIAN_POINT ( 'NONE',  ( -15.00000000000000000, 15.00000000000000000, 15.00000000000000000 ) ) ;
#557 = DIRECTION ( 'NONE',  ( -0.0000000000000000000, -1.000000000000000000, -0.0000000000000000000 ) ) ;
#558 = CARTESIAN_POINT ( 'NONE',  ( -6.363961030678915200, -6.363961030678914300, -6.363961030678937400 ) ) ;
#559 = CARTESIAN_POINT ( 'NONE',  ( -15.00000000000000000, 0.0000000000000000000, 0.0000000000000000000 ) ) ;
#560 = CARTESIAN_POINT ( 'NONE',  ( -15.00000000000000200, 6.700000000000000200, -10.99999999999999500 ) ) ;
#561 = DIRECTION ( 'NONE',  ( 0.0000000000000000000, 0.0000000000000000000, -1.000000000000000000 ) ) ;
#562 = DIRECTION ( 'NONE',  ( 1.000000000000000000, -0.0000000000000000000, -4.440892098500625200E-016 ) ) ;
#563 = DIRECTION ( 'NONE',  ( 1.000000000000000000, 0.0000000000000000000, 0.0000000000000000000 ) ) ;
#564 = CARTESIAN_POINT ( 'NONE',  ( 13.50000000000000000, 13.50000000000000000, 13.50000000000000000 ) ) ;
#565 = CARTESIAN_POINT ( 'NONE',  ( 10.09188309203678600, 10.09188309203678600, -2.636038969321052400 ) ) ;
#566 = CARTESIAN_POINT ( 'NONE',  ( -14.99999999999999800, -6.700000000000000200, 11.00000000000000500 ) ) ;
#567 = DIRECTION ( 'NONE',  ( 0.0000000000000000000, 0.0000000000000000000, -1.000000000000000000 ) ) ;
#568 = CARTESIAN_POINT ( 'NONE',  ( -15.00000000000000000, 13.49999999999999800, 15.00000000000000000 ) ) ;
#569 = DIRECTION ( 'NONE',  ( 1.000000000000000000, -0.0000000000000000000, -4.440892098500625200E-016 ) ) ;
#570 = DIRECTION ( 'NONE',  ( -0.0000000000000000000, -0.0000000000000000000, -1.000000000000000000 ) ) ;
#571 = CARTESIAN_POINT ( 'NONE',  ( -2.418849918582188300, -8.999999999999998200, -9.000000000000003600 ) ) ;
#572 = DIRECTION ( 'NONE',  ( 0.0000000000000000000, 0.0000000000000000000, -1.000000000000000000 ) ) ;
#573 = DIRECTION ( 'NONE',  ( 1.000000000000000000, -0.0000000000000000000, -0.0000000000000000000 ) ) ;
#574 = CARTESIAN_POINT ( 'NONE',  ( 0.0000000000000000000, 0.0000000000000000000, 1.000000000000000000 ) ) ;
#575 = DIRECTION ( 'NONE',  ( 0.0000000000000000000, -1.000000000000000000, 0.0000000000000000000 ) ) ;
#576 = CARTESIAN_POINT ( 'NONE',  ( -11.00000000000000200, -6.700000000000000200, -18.00000000000000000 ) ) ;
#577 = DIRECTION ( 'NONE',  ( 1.000000000000000000, -0.0000000000000000000, -0.0000000000000000000 ) ) ;
#578 = DIRECTION ( 'NONE',  ( 0.0000000000000000000, 0.0000000000000000000, -1.000000000000000000 ) ) ;
#579 = DIRECTION ( 'NONE',  ( -3.491481338843133400E-015, 0.0000000000000000000, 1.000000000000000000 ) ) ;
#580 = CARTESIAN_POINT ( 'NONE',  ( -10.49999999999999800, -4.499999999999999100, -10.49999999999999800 ) ) ;
#581 = DIRECTION ( 'NONE',  ( 1.000000000000000000, 0.0000000000000000000, 3.469446951953614200E-015 ) ) ;
#582 = CARTESIAN_POINT ( 'NONE',  ( 3.142333204958820700E-014, 0.0000000000000000000, -9.000000000000001800 ) ) ;
#583 = CARTESIAN_POINT ( 'NONE',  ( 10.99999999999999800, 6.700000000000000200, -18.00000000000000000 ) ) ;
#584 = DIRECTION ( 'NONE',  ( 0.0000000000000000000, 0.0000000000000000000, -1.000000000000000000 ) ) ;
#585 = CARTESIAN_POINT ( 'NONE',  ( 3.142333204958820700E-014, 0.0000000000000000000, -9.000000000000001800 ) ) ;
#586 = DIRECTION ( 'NONE',  ( 1.000000000000000000, 0.0000000000000000000, 3.469446951953614200E-015 ) ) ;
#587 = PLANE ( 'NONE',  #2258 ) ;
#588 = CARTESIAN_POINT ( 'NONE',  ( -15.00000000000000200, -6.700000000000000200, -10.99999999999999500 ) ) ;
#589 = DIRECTION ( 'NONE',  ( 0.0000000000000000000, -0.0000000000000000000, -1.000000000000000000 ) ) ;
#590 = PLANE ( 'NONE',  #2270 ) ;
#591 = DIRECTION ( 'NONE',  ( 0.0000000000000000000, 0.0000000000000000000, -1.000000000000000000 ) ) ;
#592 = DIRECTION ( 'NONE',  ( -3.491481338843133400E-015, -0.0000000000000000000, 1.000000000000000000 ) ) ;
#593 = CARTESIAN_POINT ( 'NONE',  ( -9.000000000000001800, 0.0000000000000000000, 0.0000000000000000000 ) ) ;
#594 = DIRECTION ( 'NONE',  ( 0.0000000000000000000, 0.0000000000000000000, -1.000000000000000000 ) ) ;
#595 = DIRECTION ( 'NONE',  ( 0.0000000000000000000, 0.0000000000000000000, -1.000000000000000000 ) ) ;
#596 = DIRECTION ( 'NONE',  ( -1.000000000000000000, 0.0000000000000000000, -0.0000000000000000000 ) ) ;
#597 = DIRECTION ( 'NONE',  ( -1.000000000000000000, 0.0000000000000000000, 0.0000000000000000000 ) ) ;
#598 = DIRECTION ( 'NONE',  ( -3.491481338843133400E-015, -0.0000000000000000000, 1.000000000000000000 ) ) ;
#599 = CARTESIAN_POINT ( 'NONE',  ( -14.99999999999999800, -6.700000000000000200, 11.00000000000000500 ) ) ;
#600 = DIRECTION ( 'NONE',  ( 1.000000000000000000, -0.0000000000000000000, -4.440892098500625200E-016 ) ) ;
#601 = DIRECTION ( 'NONE',  ( 0.0000000000000000000, 0.0000000000000000000, 1.000000000000000000 ) ) ;
#602 = CARTESIAN_POINT ( 'NONE',  ( 10.99999999999999800, -6.700000000000000200, -15.00000000000000000 ) ) ;
#603 = DIRECTION ( 'NONE',  ( 1.000000000000000000, -0.0000000000000000000, -4.440892098500625200E-016 ) ) ;
#604 = DIRECTION ( 'NONE',  ( 0.0000000000000000000, 0.0000000000000000000, -1.000000000000000000 ) ) ;
#605 = CARTESIAN_POINT ( 'NONE',  ( -15.00000000000000000, 0.0000000000000000000, 0.0000000000000000000 ) ) ;
#606 = CARTESIAN_POINT ( 'NONE',  ( 10.99999999999999800, -14.99999999999997700, 6.700000000000052600 ) ) ;
#607 = DIRECTION ( 'NONE',  ( -0.0000000000000000000, 1.000000000000000000, -3.491481338843133400E-015 ) ) ;
#608 = DIRECTION ( 'NONE',  ( -1.000000000000000000, 0.0000000000000000000, 0.0000000000000000000 ) ) ;
#609 = DIRECTION ( 'NONE',  ( 0.0000000000000000000, 0.0000000000000000000, 1.000000000000000000 ) ) ;
#610 = DIRECTION ( 'NONE',  ( 1.000000000000000000, 0.0000000000000000000, -0.0000000000000000000 ) ) ;
#611 = DIRECTION ( 'NONE',  ( 1.000000000000000000, -0.0000000000000000000, -0.0000000000000000000 ) ) ;
#612 = DIRECTION ( 'NONE',  ( -1.000000000000000000, 0.0000000000000000000, 0.0000000000000000000 ) ) ;
#613 = DIRECTION ( 'NONE',  ( 1.000000000000000000, 0.0000000000000000000, 3.469446951953614200E-015 ) ) ;
#614 = CARTESIAN_POINT ( 'NONE',  ( 15.00000000000000000, -15.00000000000000000, 15.00000000000000000 ) ) ;
#615 = DIRECTION ( 'NONE',  ( -1.000000000000000000, 0.0000000000000000000, 0.0000000000000000000 ) ) ;
#616 = DIRECTION ( 'NONE',  ( 0.0000000000000000000, 0.0000000000000000000, -1.000000000000000000 ) ) ;
#617 = CARTESIAN_POINT ( 'NONE',  ( -9.000000000000001800, 0.0000000000000000000, 0.0000000000000000000 ) ) ;
#618 = PLANE ( 'NONE',  #2245 ) ;
#619 = DIRECTION ( 'NONE',  ( -0.0000000000000000000, -0.0000000000000000000, 1.000000000000000000 ) ) ;
#620 = CARTESIAN_POINT ( 'NONE',  ( 10.99999999999999800, -6.700000000000000200, -18.00000000000000000 ) ) ;
#621 = DIRECTION ( 'NONE',  ( 0.0000000000000000000, 0.0000000000000000000, 1.000000000000000000 ) ) ;
#622 = CARTESIAN_POINT ( 'NONE',  ( -9.000000000000001800, 0.0000000000000000000, 0.0000000000000000000 ) ) ;
#623 = DIRECTION ( 'NONE',  ( 0.0000000000000000000, 0.0000000000000000000, -1.000000000000000000 ) ) ;
#624 = DIRECTION ( 'NONE',  ( -1.000000000000000000, 0.0000000000000000000, -0.0000000000000000000 ) ) ;
#625 = DIRECTION ( 'NONE',  ( 1.000000000000000000, -0.0000000000000000000, -0.0000000000000000000 ) ) ;
#626 = CARTESIAN_POINT ( 'NONE',  ( -11.00000000000000200, -6.700000000000000200, -15.00000000000000000 ) ) ;
#627 = DIRECTION ( 'NONE',  ( -1.000000000000000000, 0.0000000000000000000, 2.220446049250312600E-016 ) ) ;
#628 = PLANE ( 'NONE',  #2247 ) ;
#629 = DIRECTION ( 'NONE',  ( 0.0000000000000000000, 0.0000000000000000000, -1.000000000000000000 ) ) ;
#630 = CARTESIAN_POINT ( 'NONE',  ( -15.00000000000000200, 6.700000000000000200, -10.99999999999999500 ) ) ;
#631 = DIRECTION ( 'NONE',  ( 0.0000000000000000000, 0.0000000000000000000, 1.000000000000000000 ) ) ;
#632 = DIRECTION ( 'NONE',  ( 0.0000000000000000000, 0.0000000000000000000, -1.000000000000000000 ) ) ;
#633 = DIRECTION ( 'NONE',  ( -1.000000000000000000, 0.0000000000000000000, 0.0000000000000000000 ) ) ;
#634 = DIRECTION ( 'NONE',  ( -3.491481338843133400E-015, -0.0000000000000000000, 1.000000000000000000 ) ) ;
#635 = DIRECTION ( 'NONE',  ( 1.000000000000000000, 0.0000000000000000000, 3.431321161272805500E-015 ) ) ;
#636 = PLANE ( 'NONE',  #2274 ) ;
#637 = DIRECTION ( 'NONE',  ( 0.0000000000000000000, 0.0000000000000000000, -1.000000000000000000 ) ) ;
#638 = DIRECTION ( 'NONE',  ( -1.000000000000000000, 0.0000000000000000000, 2.220446049250312600E-016 ) ) ;
#639 = CARTESIAN_POINT ( 'NONE',  ( -15.00000000000000000, -15.00000000000000000, 15.00000000000000000 ) ) ;
#640 = DIRECTION ( 'NONE',  ( 0.0000000000000000000, 0.0000000000000000000, -1.000000000000000000 ) ) ;
#641 = CARTESIAN_POINT ( 'NONE',  ( -9.000000000000001800, 0.0000000000000000000, 0.0000000000000000000 ) ) ;
#642 = CARTESIAN_POINT ( 'NONE',  ( -18.00000000000000400, 6.700000000000000200, -10.99999999999999300 ) ) ;
#643 = DIRECTION ( 'NONE',  ( -1.000000000000000000, 0.0000000000000000000, 0.0000000000000000000 ) ) ;
#644 = DIRECTION ( 'NONE',  ( 1.000000000000000000, 0.0000000000000000000, 0.0000000000000000000 ) ) ;
#645 = CARTESIAN_POINT ( 'NONE',  ( -15.00000000000000200, -6.700000000000000200, -10.99999999999999500 ) ) ;
#646 = DIRECTION ( 'NONE',  ( 1.000000000000000000, -0.0000000000000000000, -4.440892098500625200E-016 ) ) ;
#647 = CARTESIAN_POINT ( 'NONE',  ( 0.0000000000000000000, -9.000000000000001800, 0.0000000000000000000 ) ) ;
#648 = DIRECTION ( 'NONE',  ( -0.0000000000000000000, 1.000000000000000000, -3.491481338843133400E-015 ) ) ;
#649 = CARTESIAN_POINT ( 'NONE',  ( -18.00000000000000000, 6.700000000000000200, 11.00000000000000700 ) ) ;
#650 = CARTESIAN_POINT ( 'NONE',  ( 5.237222008264717700E-014, 0.0000000000000000000, -15.00000000000005200 ) ) ;
#651 = DIRECTION ( 'NONE',  ( -0.0000000000000000000, 1.000000000000000000, -0.0000000000000000000 ) ) ;
#652 = DIRECTION ( 'NONE',  ( 1.000000000000000000, -0.0000000000000000000, -4.440892098500625200E-016 ) ) ;
#653 = DIRECTION ( 'NONE',  ( -3.491481338843133400E-015, -0.0000000000000000000, 1.000000000000000000 ) ) ;
#654 = DIRECTION ( 'NONE',  ( 0.0000000000000000000, 0.0000000000000000000, -1.000000000000000000 ) ) ;
#655 = DIRECTION ( 'NONE',  ( 1.000000000000000000, 0.0000000000000000000, 3.469446951953614200E-015 ) ) ;
#656 = PLANE ( 'NONE',  #2250 ) ;
#657 = DIRECTION ( 'NONE',  ( -0.0000000000000000000, 1.000000000000000000, -0.0000000000000000000 ) ) ;
#658 = DIRECTION ( 'NONE',  ( 1.000000000000000000, -0.0000000000000000000, -0.0000000000000000000 ) ) ;
#659 = PLANE ( 'NONE',  #2263 ) ;
#660 = CARTESIAN_POINT ( 'NONE',  ( 3.142333204958820700E-014, 0.0000000000000000000, -9.000000000000001800 ) ) ;
#661 = CARTESIAN_POINT ( 'NONE',  ( 0.0000000000000000000, -9.000000000000001800, 0.0000000000000000000 ) ) ;
#662 = CARTESIAN_POINT ( 'NONE',  ( -11.00000000000000200, -14.99999999999997700, 6.700000000000052600 ) ) ;
#663 = DIRECTION ( 'NONE',  ( -2.220446049250312600E-016, 0.0000000000000000000, -1.000000000000000000 ) ) ;
#664 = DIRECTION ( 'NONE',  ( -0.0000000000000000000, -0.0000000000000000000, 1.000000000000000000 ) ) ;
#665 = CARTESIAN_POINT ( 'NONE',  ( 0.0000000000000000000, -9.000000000000001800, 0.0000000000000000000 ) ) ;
#666 = DIRECTION ( 'NONE',  ( -0.0000000000000000000, 1.000000000000000000, -0.0000000000000000000 ) ) ;
#667 = DIRECTION ( 'NONE',  ( 0.0000000000000000000, 0.0000000000000000000, 1.000000000000000000 ) ) ;
#668 = DIRECTION ( 'NONE',  ( -2.220446049250312600E-016, 0.0000000000000000000, -1.000000000000000000 ) ) ;
#669 = CARTESIAN_POINT ( 'NONE',  ( -11.00000000000000200, 6.700000000000000200, -15.00000000000000000 ) ) ;
#670 = CARTESIAN_POINT ( 'NONE',  ( -18.00000000000000000, -6.700000000000000200, 11.00000000000000700 ) ) ;
#671 = CARTESIAN_POINT ( 'NONE',  ( 10.99999999999999800, 6.700000000000000200, -15.00000000000000000 ) ) ;
#672 = DIRECTION ( 'NONE',  ( -1.000000000000000000, 0.0000000000000000000, -0.0000000000000000000 ) ) ;
#673 = CARTESIAN_POINT ( 'NONE',  ( -15.00000000000000000, 0.0000000000000000000, 0.0000000000000000000 ) ) ;
#674 = DIRECTION ( 'NONE',  ( 0.0000000000000000000, 0.0000000000000000000, 1.000000000000000000 ) ) ;
#675 = DIRECTION ( 'NONE',  ( -1.000000000000000000, 0.0000000000000000000, 0.0000000000000000000 ) ) ;
#676 = DIRECTION ( 'NONE',  ( 1.000000000000000000, 0.0000000000000000000, 3.431321161272805500E-015 ) ) ;
#677 = CARTESIAN_POINT ( 'NONE',  ( -15.00000000000000000, 15.00000000000000000, 15.00000000000000000 ) ) ;
#678 = PLANE ( 'NONE',  #2300 ) ;
#679 = DIRECTION ( 'NONE',  ( 0.0000000000000000000, 0.0000000000000000000, -1.000000000000000000 ) ) ;
#680 = DIRECTION ( 'NONE',  ( 0.0000000000000000000, 0.0000000000000000000, 1.000000000000000000 ) ) ;
#681 = DIRECTION ( 'NONE',  ( -1.000000000000000000, 0.0000000000000000000, -0.0000000000000000000 ) ) ;
#682 = CARTESIAN_POINT ( 'NONE',  ( 3.142333204958820700E-014, 0.0000000000000000000, -9.000000000000001800 ) ) ;
#683 = DIRECTION ( 'NONE',  ( 1.000000000000000000, -0.0000000000000000000, -0.0000000000000000000 ) ) ;
#684 = DIRECTION ( 'NONE',  ( -0.0000000000000000000, -0.0000000000000000000, 1.000000000000000000 ) ) ;
#685 = DIRECTION ( 'NONE',  ( -1.000000000000000000, 0.0000000000000000000, 0.0000000000000000000 ) ) ;
#686 = DIRECTION ( 'NONE',  ( 0.0000000000000000000, 0.0000000000000000000, -1.000000000000000000 ) ) ;
#687 = CARTESIAN_POINT ( 'NONE',  ( 0.0000000000000000000, 0.0000000000000000000, 15.00000000000000000 ) ) ;
#688 = PLANE ( 'NONE',  #2377 ) ;
#689 = DIRECTION ( 'NONE',  ( 0.0000000000000000000, 0.0000000000000000000, -1.000000000000000000 ) ) ;
#690 = DIRECTION ( 'NONE',  ( 0.0000000000000000000, -0.0000000000000000000, -1.000000000000000000 ) ) ;
#691 = DIRECTION ( 'NONE',  ( -0.0000000000000000000, -0.0000000000000000000, 1.000000000000000000 ) ) ;
#692 = DIRECTION ( 'NONE',  ( 1.000000000000000000, 0.0000000000000000000, 3.469446951953614200E-015 ) ) ;
#693 = PLANE ( 'NONE',  #2315 ) ;
#694 = DIRECTION ( 'NONE',  ( -0.0000000000000000000, 1.000000000000000000, -0.0000000000000000000 ) ) ;
#695 = DIRECTION ( 'NONE',  ( -0.7071067811865438000, 0.0000000000000000000, -0.7071067811865513500 ) ) ;
#696 = DIRECTION ( 'NONE',  ( 0.0000000000000000000, 1.000000000000000000, 0.0000000000000000000 ) ) ;
#697 = CARTESIAN_POINT ( 'NONE',  ( 5.237222008264717700E-014, 0.0000000000000000000, -15.00000000000005200 ) ) ;
#698 = PLANE ( 'NONE',  #2266 ) ;
#699 = PLANE ( 'NONE',  #2281 ) ;
#700 = CARTESIAN_POINT ( 'NONE',  ( -11.00000000000000200, 6.700000000000000200, -18.00000000000000000 ) ) ;
#701 = PLANE ( 'NONE',  #2239 ) ;
#702 = DIRECTION ( 'NONE',  ( 0.0000000000000000000, 0.0000000000000000000, -1.000000000000000000 ) ) ;
#703 = DIRECTION ( 'NONE',  ( 0.0000000000000000000, 1.000000000000000000, 0.0000000000000000000 ) ) ;
#704 = DIRECTION ( 'NONE',  ( 0.0000000000000000000, 0.0000000000000000000, -1.000000000000000000 ) ) ;
#705 = DIRECTION ( 'NONE',  ( -1.000000000000000000, 0.0000000000000000000, -0.0000000000000000000 ) ) ;
#706 = CARTESIAN_POINT ( 'NONE',  ( -15.00000000000003000, 0.0000000000000000000, -10.49999999999999800 ) ) ;
#707 = DIRECTION ( 'NONE',  ( 1.000000000000000000, -0.0000000000000000000, -0.0000000000000000000 ) ) ;
#708 = CARTESIAN_POINT ( 'NONE',  ( -9.000000000000001800, 0.0000000000000000000, 0.0000000000000000000 ) ) ;
#709 = PLANE ( 'NONE',  #2267 ) ;
#710 = CARTESIAN_POINT ( 'NONE',  ( 0.0000000000000000000, 0.0000000000000000000, -15.00000000000000000 ) ) ;
#711 = CARTESIAN_POINT ( 'NONE',  ( 0.0000000000000000000, -9.000000000000001800, 0.0000000000000000000 ) ) ;
#712 = DIRECTION ( 'NONE',  ( -2.220446049250312600E-016, 0.0000000000000000000, -1.000000000000000000 ) ) ;
#713 = DIRECTION ( 'NONE',  ( -1.000000000000000000, 0.0000000000000000000, 2.220446049250312600E-016 ) ) ;
#714 = DIRECTION ( 'NONE',  ( 0.0000000000000000000, 0.0000000000000000000, -1.000000000000000000 ) ) ;
#715 = DIRECTION ( 'NONE',  ( -3.491481338843133400E-015, -0.0000000000000000000, 1.000000000000000000 ) ) ;
#716 = CARTESIAN_POINT ( 'NONE',  ( 0.0000000000000000000, 14.49999999999999800, 0.0000000000000000000 ) ) ;
#717 = DIRECTION ( 'NONE',  ( -3.491481338843133400E-015, -0.0000000000000000000, 1.000000000000000000 ) ) ;
#718 = DIRECTION ( 'NONE',  ( 0.0000000000000000000, -1.000000000000000000, 0.0000000000000000000 ) ) ;
#719 = CARTESIAN_POINT ( 'NONE',  ( -14.99999999999999800, 6.700000000000000200, 11.00000000000000500 ) ) ;
#720 = DIRECTION ( 'NONE',  ( 1.000000000000000000, -0.0000000000000000000, -4.440892098500625200E-016 ) ) ;
#721 = DIRECTION ( 'NONE',  ( 0.0000000000000000000, 0.0000000000000000000, -1.000000000000000000 ) ) ;
#722 = CARTESIAN_POINT ( 'NONE',  ( 4.500000000000071900, -10.50000000000002000, -10.49999999999994700 ) ) ;
#723 = DIRECTION ( 'NONE',  ( 1.000000000000000000, 3.491481338843133400E-015, 3.491481338843133400E-015 ) ) ;
#724 = DIRECTION ( 'NONE',  ( -0.0000000000000000000, -0.0000000000000000000, 1.000000000000000000 ) ) ;
#725 = PLANE ( 'NONE',  #2289 ) ;
#726 = DIRECTION ( 'NONE',  ( 0.0000000000000000000, 0.0000000000000000000, -1.000000000000000000 ) ) ;
#727 = DIRECTION ( 'NONE',  ( 1.000000000000000000, -0.0000000000000000000, -4.440892098500625200E-016 ) ) ;
#728 = DIRECTION ( 'NONE',  ( 3.491481338843133400E-015, 0.0000000000000000000, -1.000000000000000000 ) ) ;
#729 = DIRECTION ( 'NONE',  ( 0.0000000000000000000, 0.0000000000000000000, 1.000000000000000000 ) ) ;
#730 = DIRECTION ( 'NONE',  ( 0.0000000000000000000, 0.0000000000000000000, -1.000000000000000000 ) ) ;
#731 = CARTESIAN_POINT ( 'NONE',  ( 0.0000000000000000000, 14.49999999999999800, 0.0000000000000000000 ) ) ;
#732 = DIRECTION ( 'NONE',  ( 0.0000000000000000000, 1.000000000000000000, 0.0000000000000000000 ) ) ;
#733 = PLANE ( 'NONE',  #2320 ) ;
#734 = CARTESIAN_POINT ( 'NONE',  ( -9.000000000000001800, 0.0000000000000000000, 0.0000000000000000000 ) ) ;
#735 = DIRECTION ( 'NONE',  ( 1.000000000000000000, 0.0000000000000000000, 0.0000000000000000000 ) ) ;
#736 = DIRECTION ( 'NONE',  ( -3.491481338843133400E-015, 0.0000000000000000000, 1.000000000000000000 ) ) ;
#737 = DIRECTION ( 'NONE',  ( 0.0000000000000000000, 1.000000000000000000, 0.0000000000000000000 ) ) ;
#738 = PLANE ( 'NONE',  #2321 ) ;
#739 = DIRECTION ( 'NONE',  ( 1.000000000000000000, -0.0000000000000000000, -0.0000000000000000000 ) ) ;
#740 = DIRECTION ( 'NONE',  ( 0.0000000000000000000, 1.000000000000000000, -0.0000000000000000000 ) ) ;
#741 = CARTESIAN_POINT ( 'NONE',  ( -14.99999999999999800, 6.700000000000000200, 11.00000000000000500 ) ) ;
#742 = CARTESIAN_POINT ( 'NONE',  ( 10.99999999999999800, 6.700000000000000200, -18.00000000000000000 ) ) ;
#743 = DIRECTION ( 'NONE',  ( 1.000000000000000000, -0.0000000000000000000, -4.440892098500625200E-016 ) ) ;
#744 = DIRECTION ( 'NONE',  ( 0.0000000000000000000, -0.0000000000000000000, 1.000000000000000000 ) ) ;
#745 = CARTESIAN_POINT ( 'NONE',  ( 0.0000000000000000000, -9.000000000000001800, 0.0000000000000000000 ) ) ;
#746 = CARTESIAN_POINT ( 'NONE',  ( 3.142333204958820700E-014, 0.0000000000000000000, -9.000000000000001800 ) ) ;
#747 = DIRECTION ( 'NONE',  ( -1.000000000000000000, 0.0000000000000000000, -0.0000000000000000000 ) ) ;
#748 = CARTESIAN_POINT ( 'NONE',  ( -10.49999999999999800, 4.500000000000000900, -10.49999999999999800 ) ) ;
#749 = DIRECTION ( 'NONE',  ( -0.0000000000000000000, 1.000000000000000000, -0.0000000000000000000 ) ) ;
#750 = DIRECTION ( 'NONE',  ( -0.0000000000000000000, 1.000000000000000000, -3.491481338843133400E-015 ) ) ;
#751 = CARTESIAN_POINT ( 'NONE',  ( -11.00000000000000200, -6.700000000000000200, -15.00000000000000000 ) ) ;
#752 = CARTESIAN_POINT ( 'NONE',  ( -14.99999999999999800, -6.700000000000000200, 11.00000000000000500 ) ) ;
#753 = DIRECTION ( 'NONE',  ( -1.000000000000000000, 0.0000000000000000000, 0.0000000000000000000 ) ) ;
#754 = DIRECTION ( 'NONE',  ( 0.0000000000000000000, 0.0000000000000000000, -1.000000000000000000 ) ) ;
#755 = CARTESIAN_POINT ( 'NONE',  ( 0.0000000000000000000, -15.00000000000000000, 0.0000000000000000000 ) ) ;
#756 = CARTESIAN_POINT ( 'NONE',  ( 13.50000000000000000, 13.50000000000000000, 13.50000000000000000 ) ) ;
#757 = DIRECTION ( 'NONE',  ( 0.0000000000000000000, 0.0000000000000000000, 1.000000000000000000 ) ) ;
#758 = DIRECTION ( 'NONE',  ( -0.0000000000000000000, 1.000000000000000000, -0.0000000000000000000 ) ) ;
#759 = DIRECTION ( 'NONE',  ( 0.0000000000000000000, 0.0000000000000000000, 1.000000000000000000 ) ) ;
#760 = DIRECTION ( 'NONE',  ( 1.000000000000000000, 0.0000000000000000000, 3.491481338843133400E-015 ) ) ;
#761 = PLANE ( 'NONE',  #2292 ) ;
#762 = DIRECTION ( 'NONE',  ( -1.000000000000000000, 0.0000000000000000000, 0.0000000000000000000 ) ) ;
#763 = CARTESIAN_POINT ( 'NONE',  ( -15.00000000000000000, -15.00000000000000000, 15.00000000000000000 ) ) ;
#764 = DIRECTION ( 'NONE',  ( 0.0000000000000000000, 0.0000000000000000000, 1.000000000000000000 ) ) ;
#765 = DIRECTION ( 'NONE',  ( 0.0000000000000000000, 0.0000000000000000000, -1.000000000000000000 ) ) ;
#766 = CARTESIAN_POINT ( 'NONE',  ( 10.99999999999999800, -15.00000000000002100, -6.699999999999947800 ) ) ;
#767 = DIRECTION ( 'NONE',  ( 0.0000000000000000000, 1.000000000000000000, 0.0000000000000000000 ) ) ;
#768 = CARTESIAN_POINT ( 'NONE',  ( 13.50000000000000000, 0.0000000000000000000, 13.50000000000000000 ) ) ;
#769 = DIRECTION ( 'NONE',  ( 0.0000000000000000000, -1.000000000000000000, 3.491481338843133400E-015 ) ) ;
#770 = DIRECTION ( 'NONE',  ( 1.000000000000000000, -0.0000000000000000000, -4.440892098500625200E-016 ) ) ;
#771 = PLANE ( 'NONE',  #2325 ) ;
#772 = CARTESIAN_POINT ( 'NONE',  ( -15.00000000000000200, 6.700000000000000200, -10.99999999999999500 ) ) ;
#773 = CARTESIAN_POINT ( 'NONE',  ( 3.142333204958820700E-014, 0.0000000000000000000, -9.000000000000001800 ) ) ;
#774 = DIRECTION ( 'NONE',  ( 1.000000000000000000, 0.0000000000000000000, 0.0000000000000000000 ) ) ;
#775 = DIRECTION ( 'NONE',  ( 1.000000000000000000, 0.0000000000000000000, 3.469446951953614200E-015 ) ) ;
#776 = PLANE ( 'NONE',  #2327 ) ;
#777 = CARTESIAN_POINT ( 'NONE',  ( 0.0000000000000000000, -15.00000000000000000, 0.0000000000000000000 ) ) ;
#778 = DIRECTION ( 'NONE',  ( 1.000000000000000000, -0.0000000000000000000, -4.440892098500625200E-016 ) ) ;
#779 = DIRECTION ( 'NONE',  ( 0.0000000000000000000, 1.000000000000000000, 0.0000000000000000000 ) ) ;
#780 = DIRECTION ( 'NONE',  ( -0.0000000000000000000, -0.0000000000000000000, 1.000000000000000000 ) ) ;
#781 = DIRECTION ( 'NONE',  ( -1.000000000000000000, 0.0000000000000000000, 0.0000000000000000000 ) ) ;
#782 = DIRECTION ( 'NONE',  ( -1.000000000000000000, 0.0000000000000000000, 0.0000000000000000000 ) ) ;
#783 = CARTESIAN_POINT ( 'NONE',  ( -11.00000000000000200, 6.700000000000000200, -15.00000000000000000 ) ) ;
#784 = DIRECTION ( 'NONE',  ( -3.491481338843133400E-015, -0.0000000000000000000, 1.000000000000000000 ) ) ;
#785 = DIRECTION ( 'NONE',  ( 0.0000000000000000000, 0.0000000000000000000, -1.000000000000000000 ) ) ;
#786 = PLANE ( 'NONE',  #2283 ) ;
#787 = DIRECTION ( 'NONE',  ( 0.0000000000000000000, 0.0000000000000000000, 1.000000000000000000 ) ) ;
#788 = DIRECTION ( 'NONE',  ( -3.491481338843133400E-015, 0.0000000000000000000, 1.000000000000000000 ) ) ;
#789 = DIRECTION ( 'NONE',  ( 0.0000000000000000000, 0.0000000000000000000, 1.000000000000000000 ) ) ;
#790 = CARTESIAN_POINT ( 'NONE',  ( -11.00000000000000200, -15.00000000000002100, -6.699999999999947800 ) ) ;
#791 = CARTESIAN_POINT ( 'NONE',  ( -18.00000000000000400, -6.700000000000000200, -10.99999999999999300 ) ) ;
#792 = DIRECTION ( 'NONE',  ( 0.0000000000000000000, 0.0000000000000000000, -1.000000000000000000 ) ) ;
#793 = DIRECTION ( 'NONE',  ( -0.0000000000000000000, 1.000000000000000000, -3.491481338843133400E-015 ) ) ;
#794 = DIRECTION ( 'NONE',  ( -1.000000000000000000, -0.0000000000000000000, 0.0000000000000000000 ) ) ;
#795 = DIRECTION ( 'NONE',  ( -1.000000000000000000, 0.0000000000000000000, 0.0000000000000000000 ) ) ;
#796 = DIRECTION ( 'NONE',  ( 1.000000000000000000, 0.0000000000000000000, 3.469446951953614200E-015 ) ) ;
#797 = DIRECTION ( 'NONE',  ( -1.000000000000000000, 0.0000000000000000000, 0.0000000000000000000 ) ) ;
#798 = PLANE ( 'NONE',  #2290 ) ;
#799 = CARTESIAN_POINT ( 'NONE',  ( -9.000000000000001800, 0.0000000000000000000, 0.0000000000000000000 ) ) ;
#800 = DIRECTION ( 'NONE',  ( -1.000000000000000000, 0.0000000000000000000, 2.220446049250312600E-016 ) ) ;
#801 = CARTESIAN_POINT ( 'NONE',  ( 0.0000000000000000000, -9.000000000000001800, 0.0000000000000000000 ) ) ;
#802 = CARTESIAN_POINT ( 'NONE',  ( 3.142333204958820700E-014, 0.0000000000000000000, -9.000000000000001800 ) ) ;
#803 = DIRECTION ( 'NONE',  ( -0.0000000000000000000, -0.0000000000000000000, 1.000000000000000000 ) ) ;
#804 = CARTESIAN_POINT ( 'NONE',  ( -4.499999999999928100, -10.50000000000005200, -10.49999999999997900 ) ) ;
#805 = DIRECTION ( 'NONE',  ( -1.000000000000000000, -3.491481338843133400E-015, -3.491481338843133400E-015 ) ) ;
#806 = PLANE ( 'NONE',  #2312 ) ;
#807 = CARTESIAN_POINT ( 'NONE',  ( 10.99999999999999800, -17.99999999999997900, 6.700000000000062400 ) ) ;
#808 = DIRECTION ( 'NONE',  ( -3.491481338843133400E-015, -0.0000000000000000000, 1.000000000000000000 ) ) ;
#809 = DIRECTION ( 'NONE',  ( -0.0000000000000000000, 1.000000000000000000, -0.0000000000000000000 ) ) ;
#810 = DIRECTION ( 'NONE',  ( -2.220446049250312600E-016, 0.0000000000000000000, -1.000000000000000000 ) ) ;
#811 = CARTESIAN_POINT ( 'NONE',  ( 10.99999999999999800, -6.700000000000000200, -15.00000000000000000 ) ) ;
#812 = DIRECTION ( 'NONE',  ( 0.0000000000000000000, 0.0000000000000000000, -1.000000000000000000 ) ) ;
#813 = CARTESIAN_POINT ( 'NONE',  ( 10.99999999999999800, 6.700000000000000200, -15.00000000000000000 ) ) ;
#814 = CARTESIAN_POINT ( 'NONE',  ( -15.00000000000000200, -6.700000000000000200, -10.99999999999999500 ) ) ;
#815 = DIRECTION ( 'NONE',  ( -0.0000000000000000000, -0.0000000000000000000, 1.000000000000000000 ) ) ;
#816 = DIRECTION ( 'NONE',  ( 0.0000000000000000000, 1.000000000000000000, 0.0000000000000000000 ) ) ;
#817 = CARTESIAN_POINT ( 'NONE',  ( 0.0000000000000000000, 0.0000000000000000000, -5.637851296924623100E-015 ) ) ;
#818 = DIRECTION ( 'NONE',  ( -0.0000000000000000000, -0.0000000000000000000, 1.000000000000000000 ) ) ;
#819 = CARTESIAN_POINT ( 'NONE',  ( 8.903277414049993200E-014, -15.00000000000006200, -10.49999999999994700 ) ) ;
#820 = CARTESIAN_POINT ( 'NONE',  ( 0.0000000000000000000, 0.0000000000000000000, 0.0000000000000000000 ) ) ;
#821 = DIRECTION ( 'NONE',  ( 0.0000000000000000000, 0.0000000000000000000, 1.000000000000000000 ) ) ;
#822 = CARTESIAN_POINT ( 'NONE',  ( -11.00000000000000200, -18.00000000000002100, -6.699999999999938000 ) ) ;
#823 = DIRECTION ( 'NONE',  ( 0.0000000000000000000, -1.000000000000000000, 3.491481338843133400E-015 ) ) ;
#824 = DIRECTION ( 'NONE',  ( -1.000000000000000000, 0.0000000000000000000, 0.0000000000000000000 ) ) ;
#825 = DIRECTION ( 'NONE',  ( 1.000000000000000000, 0.0000000000000000000, -0.0000000000000000000 ) ) ;
#826 = DIRECTION ( 'NONE',  ( 1.000000000000000000, 0.0000000000000000000, 3.469446951953614200E-015 ) ) ;
#827 = DIRECTION ( 'NONE',  ( 1.000000000000000000, 0.0000000000000000000, 0.0000000000000000000 ) ) ;
#828 = PLANE ( 'NONE',  #2381 ) ;
#829 = CARTESIAN_POINT ( 'NONE',  ( -11.00000000000000200, -17.99999999999997900, 6.700000000000062400 ) ) ;
#830 = DIRECTION ( 'NONE',  ( -3.491481338843123900E-015, 0.0000000000000000000, 1.000000000000000000 ) ) ;
#831 = DIRECTION ( 'NONE',  ( -1.000000000000000000, -0.0000000000000000000, 0.0000000000000000000 ) ) ;
#832 = DIRECTION ( 'NONE',  ( 4.937700262164531500E-015, -0.7071067811865464600, -0.7071067811865486800 ) ) ;
#833 = DIRECTION ( 'NONE',  ( 0.0000000000000000000, -0.0000000000000000000, 1.000000000000000000 ) ) ;
#834 = PLANE ( 'NONE',  #2295 ) ;
#835 = DIRECTION ( 'NONE',  ( -0.0000000000000000000, 1.000000000000000000, -3.491481338843133400E-015 ) ) ;
#836 = DIRECTION ( 'NONE',  ( -0.0000000000000000000, 1.000000000000000000, -3.491481338843133400E-015 ) ) ;
#837 = DIRECTION ( 'NONE',  ( -0.0000000000000000000, -0.0000000000000000000, -1.000000000000000000 ) ) ;
#838 = DIRECTION ( 'NONE',  ( -0.0000000000000000000, 1.000000000000000000, -0.0000000000000000000 ) ) ;
#839 = DIRECTION ( 'NONE',  ( -1.000000000000000000, -3.491481338843133000E-015, -3.491481338843133700E-015 ) ) ;
#840 = CARTESIAN_POINT ( 'NONE',  ( -11.00000000000000200, -14.99999999999997700, 6.700000000000052600 ) ) ;
#841 = DIRECTION ( 'NONE',  ( 0.0000000000000000000, -1.000000000000000000, 3.491481338843133400E-015 ) ) ;
#842 = CARTESIAN_POINT ( 'NONE',  ( 0.0000000000000000000, 0.0000000000000000000, 1.000000000000000000 ) ) ;
#843 = DIRECTION ( 'NONE',  ( 0.0000000000000000000, 0.0000000000000000000, 1.000000000000000000 ) ) ;
#844 = CARTESIAN_POINT ( 'NONE',  ( 10.99999999999999800, -15.00000000000002100, -6.699999999999947800 ) ) ;
#845 = PLANE ( 'NONE',  #2302 ) ;
#846 = CARTESIAN_POINT ( 'NONE',  ( 0.0000000000000000000, 0.0000000000000000000, 3.999999999999999100 ) ) ;
#847 = CARTESIAN_POINT ( 'NONE',  ( 10.99999999999999800, -18.00000000000002100, -6.699999999999938000 ) ) ;
#848 = CARTESIAN_POINT ( 'NONE',  ( 0.0000000000000000000, -9.000000000000001800, 0.0000000000000000000 ) ) ;
#849 = PLANE ( 'NONE',  #2297 ) ;
#850 = DIRECTION ( 'NONE',  ( 0.0000000000000000000, 0.0000000000000000000, 1.000000000000000000 ) ) ;
#851 = DIRECTION ( 'NONE',  ( -1.000000000000000000, 0.0000000000000000000, 0.0000000000000000000 ) ) ;
#852 = CARTESIAN_POINT ( 'NONE',  ( 0.0000000000000000000, 0.0000000000000000000, 3.999999999999999100 ) ) ;
#853 = DIRECTION ( 'NONE',  ( -1.000000000000000000, 0.0000000000000000000, 0.0000000000000000000 ) ) ;
#854 = DIRECTION ( 'NONE',  ( 0.0000000000000000000, 0.0000000000000000000, 1.000000000000000000 ) ) ;
#855 = DIRECTION ( 'NONE',  ( 1.000000000000000000, 0.0000000000000000000, 0.0000000000000000000 ) ) ;
#856 = DIRECTION ( 'NONE',  ( 0.0000000000000000000, 0.0000000000000000000, 1.000000000000000000 ) ) ;
#857 = PLANE ( 'NONE',  #2308 ) ;
#858 = CARTESIAN_POINT ( 'NONE',  ( 0.0000000000000000000, 13.50000000000000000, 13.50000000000000000 ) ) ;
#859 = DIRECTION ( 'NONE',  ( 0.0000000000000000000, -1.000000000000000000, 3.491481338843133400E-015 ) ) ;
#860 = DIRECTION ( 'NONE',  ( -1.000000000000000000, -0.0000000000000000000, 0.0000000000000000000 ) ) ;
#861 = DIRECTION ( 'NONE',  ( -1.000000000000000000, 0.0000000000000000000, 0.0000000000000000000 ) ) ;
#862 = CARTESIAN_POINT ( 'NONE',  ( -5.062647941322553500E-014, 0.0000000000000000000, 14.50000000000002700 ) ) ;
#863 = CARTESIAN_POINT ( 'NONE',  ( 0.0000000000000000000, 0.0000000000000000000, 5.000000000000000000 ) ) ;
#864 = DIRECTION ( 'NONE',  ( -0.0000000000000000000, -0.0000000000000000000, -1.000000000000000000 ) ) ;
#865 = DIRECTION ( 'NONE',  ( -1.000000000000000000, 0.0000000000000000000, 0.0000000000000000000 ) ) ;
#866 = DIRECTION ( 'NONE',  ( -1.000000000000000000, -0.0000000000000000000, 0.0000000000000000000 ) ) ;
#867 = DIRECTION ( 'NONE',  ( 1.000000000000000000, 0.0000000000000000000, 0.0000000000000000000 ) ) ;
#868 = CARTESIAN_POINT ( 'NONE',  ( 0.0000000000000000000, 0.0000000000000000000, 1.000000000000000000 ) ) ;
#869 = DIRECTION ( 'NONE',  ( 1.000000000000000000, 0.0000000000000000000, 0.0000000000000000000 ) ) ;
#870 = DIRECTION ( 'NONE',  ( -0.0000000000000000000, -0.0000000000000000000, 1.000000000000000000 ) ) ;
#871 = DIRECTION ( 'NONE',  ( -0.0000000000000000000, -0.0000000000000000000, -1.000000000000000000 ) ) ;
#872 = CARTESIAN_POINT ( 'NONE',  ( 0.0000000000000000000, 0.0000000000000000000, -5.637851296924623100E-015 ) ) ;
#873 = DIRECTION ( 'NONE',  ( -1.000000000000000000, 0.0000000000000000000, 0.0000000000000000000 ) ) ;
#874 = CARTESIAN_POINT ( 'NONE',  ( 14.49999999999999800, 0.0000000000000000000, 0.0000000000000000000 ) ) ;
#875 = DIRECTION ( 'NONE',  ( 7.888609052210118100E-030, -0.7071067811865486800, 0.7071067811865464600 ) ) ;
#876 = DIRECTION ( 'NONE',  ( -0.0000000000000000000, -0.0000000000000000000, 1.000000000000000000 ) ) ;
#877 = DIRECTION ( 'NONE',  ( 1.000000000000000000, 0.0000000000000000000, 0.0000000000000000000 ) ) ;
#878 = DIRECTION ( 'NONE',  ( -0.7071067811865513500, -0.0000000000000000000, 0.7071067811865438000 ) ) ;
#879 = CARTESIAN_POINT ( 'NONE',  ( -8.000000000000000000, 9.797174393178825700E-016, 1.000000000000000000 ) ) ;
#880 = CARTESIAN_POINT ( 'NONE',  ( 8.000000000000000000, 0.0000000000000000000, 3.999999999999999100 ) ) ;
#881 = CARTESIAN_POINT ( 'NONE',  ( -4.499999999999912100, -15.00000000000007800, -10.49999999999996300 ) ) ;
#882 = CARTESIAN_POINT ( 'NONE',  ( 0.0000000000000000000, 0.0000000000000000000, 5.000000000000000000 ) ) ;
#883 = CARTESIAN_POINT ( 'NONE',  ( 0.0000000000000000000, -9.000000000000001800, 0.0000000000000000000 ) ) ;
#884 = DIRECTION ( 'NONE',  ( -0.0000000000000000000, -0.0000000000000000000, 1.000000000000000000 ) ) ;
#885 = DIRECTION ( 'NONE',  ( 0.0000000000000000000, 0.0000000000000000000, 1.000000000000000000 ) ) ;
#886 = DIRECTION ( 'NONE',  ( 0.0000000000000000000, 1.000000000000000000, 0.0000000000000000000 ) ) ;
#887 = DIRECTION ( 'NONE',  ( 0.0000000000000000000, 0.0000000000000000000, 1.000000000000000000 ) ) ;
#888 = CARTESIAN_POINT ( 'NONE',  ( 8.000000000000000000, 0.0000000000000000000, 1.000000000000000000 ) ) ;
#889 = CARTESIAN_POINT ( 'NONE',  ( -15.00000000000003000, 4.500000000000000900, -10.49999999999999800 ) ) ;
#890 = DIRECTION ( 'NONE',  ( 0.0000000000000000000, 0.0000000000000000000, 1.000000000000000000 ) ) ;
#891 = DIRECTION ( 'NONE',  ( 1.000000000000000000, 0.0000000000000000000, 0.0000000000000000000 ) ) ;
#892 = CARTESIAN_POINT ( 'NONE',  ( 0.0000000000000000000, 0.0000000000000000000, 1.000000000000000000 ) ) ;
#893 = DIRECTION ( 'NONE',  ( 0.0000000000000000000, 0.0000000000000000000, 1.000000000000000000 ) ) ;
#894 = DIRECTION ( 'NONE',  ( -1.000000000000000000, 0.0000000000000000000, 0.0000000000000000000 ) ) ;
#895 = DIRECTION ( 'NONE',  ( 0.0000000000000000000, 0.0000000000000000000, 1.000000000000000000 ) ) ;
#896 = DIRECTION ( 'NONE',  ( 1.000000000000000000, 0.0000000000000000000, 0.0000000000000000000 ) ) ;
#897 = CARTESIAN_POINT ( 'NONE',  ( -11.00000000000000200, 6.700000000000000200, -18.00000000000000000 ) ) ;
#898 = CARTESIAN_POINT ( 'NONE',  ( 10.99999999999999800, -6.700000000000000200, -18.00000000000000000 ) ) ;
#899 = DIRECTION ( 'NONE',  ( -1.000000000000000000, 0.0000000000000000000, 0.0000000000000000000 ) ) ;
#900 = DIRECTION ( 'NONE',  ( -0.0000000000000000000, -1.000000000000000000, -0.0000000000000000000 ) ) ;
#901 = CARTESIAN_POINT ( 'NONE',  ( 0.0000000000000000000, -9.000000000000001800, 0.0000000000000000000 ) ) ;
#902 = CARTESIAN_POINT ( 'NONE',  ( -6.363961030678915200, -6.363961030678914300, -6.363961030678937400 ) ) ;
#903 = CARTESIAN_POINT ( 'NONE',  ( -8.074346210780913000, -4.653575850576902300, -8.074346210780941400 ) ) ;
#904 = CARTESIAN_POINT ( 'NONE',  ( -8.999999999999966200, -2.418849918582207400, -8.999999999999998200 ) ) ;
#905 = CARTESIAN_POINT ( 'NONE',  ( -9.000000000000001800, 0.0000000000000000000, -9.000000000000032000 ) ) ;
#906 = DIRECTION ( 'NONE',  ( -1.000000000000000000, 0.0000000000000000000, 0.0000000000000000000 ) ) ;
#907 = DIRECTION ( 'NONE',  ( -1.000000000000000000, 0.0000000000000000000, 0.0000000000000000000 ) ) ;
#908 = DIRECTION ( 'NONE',  ( 0.0000000000000000000, -1.000000000000000000, 3.491481338843133400E-015 ) ) ;
#909 = CARTESIAN_POINT ( 'NONE',  ( -11.00000000000000200, -17.99999999999997900, 6.700000000000062400 ) ) ;
#910 = DIRECTION ( 'NONE',  ( 0.0000000000000000000, 0.0000000000000000000, -1.000000000000000000 ) ) ;
#911 = DIRECTION ( 'NONE',  ( 1.000000000000000000, 0.0000000000000000000, 0.0000000000000000000 ) ) ;
#912 = DIRECTION ( 'NONE',  ( 1.000000000000000000, 0.0000000000000000000, 3.469446951953614200E-015 ) ) ;
#913 = CARTESIAN_POINT ( 'NONE',  ( -18.00000000000000000, -6.700000000000000200, 11.00000000000000700 ) ) ;
#914 = DIRECTION ( 'NONE',  ( 0.0000000000000000000, -2.486635053674692200E-015, -1.000000000000000000 ) ) ;
#915 = DIRECTION ( 'NONE',  ( -0.0000000000000000000, 1.000000000000000000, -3.491481338843133400E-015 ) ) ;
#916 = DIRECTION ( 'NONE',  ( 1.000000000000000000, -0.0000000000000000000, -4.440892098500625200E-016 ) ) ;
#917 = DIRECTION ( 'NONE',  ( -3.491481338843123900E-015, 0.0000000000000000000, 1.000000000000000000 ) ) ;
#918 = CARTESIAN_POINT ( 'NONE',  ( 14.49999999999999800, 0.0000000000000000000, 0.0000000000000000000 ) ) ;
#919 = CARTESIAN_POINT ( 'NONE',  ( -5.062647941322553500E-014, 0.0000000000000000000, 14.50000000000002700 ) ) ;
#920 = DIRECTION ( 'NONE',  ( 0.0000000000000000000, 0.0000000000000000000, 1.000000000000000000 ) ) ;
#921 = DIRECTION ( 'NONE',  ( 0.7071067811865487900, 0.0000000000000000000, 0.7071067811865463500 ) ) ;
#922 = DIRECTION ( 'NONE',  ( 0.0000000000000000000, 1.000000000000000000, 0.0000000000000000000 ) ) ;
#923 = DIRECTION ( 'NONE',  ( 0.0000000000000000000, 0.0000000000000000000, -1.000000000000000000 ) ) ;
#924 = DIRECTION ( 'NONE',  ( 0.0000000000000000000, 0.0000000000000000000, -1.000000000000000000 ) ) ;
#925 = DIRECTION ( 'NONE',  ( 0.0000000000000000000, 0.0000000000000000000, 1.000000000000000000 ) ) ;
#926 = CARTESIAN_POINT ( 'NONE',  ( -11.00000000000000200, -15.00000000000002100, -6.699999999999947800 ) ) ;
#927 = DIRECTION ( 'NONE',  ( 1.000000000000000000, 0.0000000000000000000, 0.0000000000000000000 ) ) ;
#928 = CARTESIAN_POINT ( 'NONE',  ( 0.0000000000000000000, 0.0000000000000000000, 3.999999999999999100 ) ) ;
#929 = CARTESIAN_POINT ( 'NONE',  ( -15.00000000000000000, -15.00000000000000000, 15.00000000000000000 ) ) ;
#930 = CARTESIAN_POINT ( 'NONE',  ( 15.00000000000000000, 0.0000000000000000000, 0.0000000000000000000 ) ) ;
#931 = CARTESIAN_POINT ( 'NONE',  ( -11.00000000000000200, 6.700000000000000200, -15.00000000000000000 ) ) ;
#932 = CARTESIAN_POINT ( 'NONE',  ( 2.418849918582209200, 8.999999999999989300, 8.999999999999998200 ) ) ;
#933 = CARTESIAN_POINT ( 'NONE',  ( 8.999999999999998200, -8.999999999999998200, 2.418849918582220300 ) ) ;
#934 = DIRECTION ( 'NONE',  ( -0.03489949670250104600, 0.0000000000000000000, 0.9993908270190956500 ) ) ;
#935 = CARTESIAN_POINT ( 'NONE',  ( 6.363961030678915200, -6.363961030678914300, 6.363961030678937400 ) ) ;
#936 = DIRECTION ( 'NONE',  ( -1.000000000000000000, 0.0000000000000000000, 0.0000000000000000000 ) ) ;
#937 = DIRECTION ( 'NONE',  ( -1.000000000000000000, 0.0000000000000000000, 0.0000000000000000000 ) ) ;
#938 = CARTESIAN_POINT ( 'NONE',  ( -9.000000000000001800, 0.0000000000000000000, 0.0000000000000000000 ) ) ;
#939 = DIRECTION ( 'NONE',  ( 0.0000000000000000000, 0.0000000000000000000, -1.000000000000000000 ) ) ;
#940 = DIRECTION ( 'NONE',  ( -3.491481338843133400E-015, -0.0000000000000000000, 1.000000000000000000 ) ) ;
#941 = CARTESIAN_POINT ( 'NONE',  ( 9.499999999999998200, 6.700000000000000200, -15.00000000000000000 ) ) ;
#942 = DIRECTION ( 'NONE',  ( -3.491481338843133400E-015, 0.0000000000000000000, 1.000000000000000000 ) ) ;
#943 = DIRECTION ( 'NONE',  ( -1.000000000000000000, 0.0000000000000000000, 0.0000000000000000000 ) ) ;
#944 = DIRECTION ( 'NONE',  ( 1.000000000000000000, 0.0000000000000000000, 0.0000000000000000000 ) ) ;
#945 = DIRECTION ( 'NONE',  ( -0.03489949670250104600, 0.0000000000000000000, 0.9993908270190956500 ) ) ;
#946 = CARTESIAN_POINT ( 'NONE',  ( -14.99999999999991100, -15.00000000000000000, -10.49999999999999800 ) ) ;
#947 = CARTESIAN_POINT ( 'NONE',  ( 3.142333204958820700E-014, 0.0000000000000000000, -9.000000000000001800 ) ) ;
#948 = DIRECTION ( 'NONE',  ( 0.03489949670250104600, -4.273955692857151000E-018, 0.9993908270190956500 ) ) ;
#949 = CARTESIAN_POINT ( 'NONE',  ( 9.000000000000000000, -9.000000000000001800, 0.0000000000000000000 ) ) ;
#950 = CARTESIAN_POINT ( 'NONE',  ( 8.074346210780932500, -8.074346210780932500, 4.653575850576926200 ) ) ;
#951 = DIRECTION ( 'NONE',  ( 1.000000000000000000, 0.0000000000000000000, 0.0000000000000000000 ) ) ;
#952 = CARTESIAN_POINT ( 'NONE',  ( 9.000000000000030200, 0.0000000000000000000, -8.999999999999969800 ) ) ;
#953 = DIRECTION ( 'NONE',  ( 0.0000000000000000000, 0.0000000000000000000, 1.000000000000000000 ) ) ;
#954 = CARTESIAN_POINT ( 'NONE',  ( 4.653575850576904900, 8.074346210780925400, 8.074346210780941400 ) ) ;
#955 = CARTESIAN_POINT ( 'NONE',  ( -9.000000000000001800, 0.0000000000000000000, 0.0000000000000000000 ) ) ;
#956 = CARTESIAN_POINT ( 'NONE',  ( 10.99999999999999800, 6.700000000000000200, -18.00000000000000000 ) ) ;
#957 = DIRECTION ( 'NONE',  ( 1.000000000000000000, 0.0000000000000000000, 3.469446951953614200E-015 ) ) ;
#958 = CARTESIAN_POINT ( 'NONE',  ( -9.500000000000001800, 6.700000000000000200, -15.00000000000000000 ) ) ;
#959 = DIRECTION ( 'NONE',  ( -0.0000000000000000000, -1.000000000000000000, -0.0000000000000000000 ) ) ;
#960 = DIRECTION ( 'NONE',  ( 0.0000000000000000000, 0.0000000000000000000, -1.000000000000000000 ) ) ;
#961 = DIRECTION ( 'NONE',  ( 0.0000000000000000000, 0.0000000000000000000, -1.000000000000000000 ) ) ;
#962 = DIRECTION ( 'NONE',  ( 0.0000000000000000000, 0.0000000000000000000, -1.000000000000000000 ) ) ;
#963 = CARTESIAN_POINT ( 'NONE',  ( 10.99999999999999800, -15.00000000000000000, -6.699999999999947800 ) ) ;
#964 = CARTESIAN_POINT ( 'NONE',  ( 6.363961030678914300, 6.363961030678914300, 6.363961030678936500 ) ) ;
#965 = CARTESIAN_POINT ( 'NONE',  ( 0.0000000000000000000, 9.000000000000001800, 9.000000000000000000 ) ) ;
#966 = DIRECTION ( 'NONE',  ( 0.0000000000000000000, 0.0000000000000000000, -1.000000000000000000 ) ) ;
#967 = CARTESIAN_POINT ( 'NONE',  ( -12.50000000000000000, 6.700000000000000200, -15.00000000000000000 ) ) ;
#968 = CARTESIAN_POINT ( 'NONE',  ( -11.00000000000000200, 6.700000000000000200, -15.00000000000000000 ) ) ;
#969 = DIRECTION ( 'NONE',  ( -0.0000000000000000000, -1.000000000000000000, -0.0000000000000000000 ) ) ;
#970 = DIRECTION ( 'NONE',  ( 0.0000000000000000000, 0.0000000000000000000, 1.000000000000000000 ) ) ;
#971 = DIRECTION ( 'NONE',  ( -1.000000000000000000, 0.0000000000000000000, 0.0000000000000000000 ) ) ;
#972 = DIRECTION ( 'NONE',  ( 0.0000000000000000000, 0.0000000000000000000, -1.000000000000000000 ) ) ;
#973 = DIRECTION ( 'NONE',  ( 0.0000000000000000000, 0.0000000000000000000, 1.000000000000000000 ) ) ;
#974 = CARTESIAN_POINT ( 'NONE',  ( 10.99999999999999800, -15.00000000000000000, 6.700000000000052600 ) ) ;
#975 = CARTESIAN_POINT ( 'NONE',  ( 8.999999999999966200, 1.102182119232617700E-015, 9.000000000000000000 ) ) ;
#976 = DIRECTION ( 'NONE',  ( 1.000000000000000000, 0.0000000000000000000, 3.491481338843145600E-015 ) ) ;
#977 = CARTESIAN_POINT ( 'NONE',  ( 10.99999999999999800, 6.700000000000000200, -15.00000000000000000 ) ) ;
#978 = DIRECTION ( 'NONE',  ( 0.0000000000000000000, -1.000000000000000000, 0.0000000000000000000 ) ) ;
#979 = CARTESIAN_POINT ( 'NONE',  ( -8.074346210780916500, 4.653575850576900500, -8.074346210780944900 ) ) ;
#980 = CARTESIAN_POINT ( 'NONE',  ( -9.000000000000001800, 0.0000000000000000000, -9.000000000000032000 ) ) ;
#981 = CARTESIAN_POINT ( 'NONE',  ( 13.50000000000000000, 0.0000000000000000000, 15.00000000000000000 ) ) ;
#982 = DIRECTION ( 'NONE',  ( -0.0000000000000000000, -1.000000000000000000, -0.0000000000000000000 ) ) ;
#983 = CARTESIAN_POINT ( 'NONE',  ( 8.074346210780913000, -4.653575850576905800, 8.074346210780941400 ) ) ;
#984 = CARTESIAN_POINT ( 'NONE',  ( 8.999999999999966200, -2.418849918582208300, 8.999999999999998200 ) ) ;
#985 = CARTESIAN_POINT ( 'NONE',  ( -15.00000000000000000, -15.00000000000000000, -10.49999999999999800 ) ) ;
#986 = DIRECTION ( 'NONE',  ( 0.0000000000000000000, 1.000000000000000000, 0.0000000000000000000 ) ) ;
#987 = CARTESIAN_POINT ( 'NONE',  ( -6.363961030678915200, 6.363961030678914300, -6.363961030678937400 ) ) ;
#988 = CARTESIAN_POINT ( 'NONE',  ( -11.00000000000000200, -15.00000000000000000, -6.699999999999947800 ) ) ;
#989 = CARTESIAN_POINT ( 'NONE',  ( 6.363961030678915200, -6.363961030678914300, 6.363961030678937400 ) ) ;
#990 = CARTESIAN_POINT ( 'NONE',  ( -8.999999999999966200, 2.418849918582203900, -8.999999999999998200 ) ) ;
#991 = DESIGN_CONTEXT ( 'detailed design', #2766, 'design' ) ;
#992 = PRODUCT_DEFINITION_SHAPE ( 'NONE', 'NONE',  #3013 ) ;
#993 = PRODUCT_DEFINITION_SHAPE ( 'NONE', 'NONE',  #3016 ) ;
#994 = DESIGN_CONTEXT ( 'detailed design', #2729, 'design' ) ;
#995 = PRODUCT_DEFINITION_SHAPE ( 'NONE', 'NONE',  #2428 ) ;
#996 = PRODUCT_DEFINITION_SHAPE ( 'NONE', 'NONE',  #3015 ) ;
#997 = PRODUCT_DEFINITION_SHAPE ( 'NONE', 'NONE',  #2420 ) ;
#998 = PRODUCT_DEFINITION_SHAPE ( 'NONE', 'NONE',  #2439 ) ;
#999 = PRODUCT_DEFINITION_SHAPE ( 'NONE', 'NONE',  #3014 ) ;
#1000 = DESIGN_CONTEXT ( 'detailed design', #2752, 'design' ) ;
#1001 = ORIENTED_EDGE ( 'NONE', *, *, #2958, .T. ) ;
#1002 = ORIENTED_EDGE ( 'NONE', *, *, #2979, .T. ) ;
#1003 = ORIENTED_EDGE ( 'NONE', *, *, #3002, .T. ) ;
#1004 = ORIENTED_EDGE ( 'NONE', *, *, #250, .T. ) ;
#1005 = ORIENTED_EDGE ( 'NONE', *, *, #2957, .F. ) ;
#1006 = ORIENTED_EDGE ( 'NONE', *, *, #2995, .T. ) ;
#1007 = CALENDAR_DATE ( 2017, 10, 2 ) ;
#1008 = ORIENTED_EDGE ( 'NONE', *, *, #2943, .F. ) ;
#1009 = DATE_AND_TIME ( #1007, #1310 ) ;
#1010 = ORIENTED_EDGE ( 'NONE', *, *, #2634, .F. ) ;
#1011 = ORIENTED_EDGE ( 'NONE', *, *, #2910, .F. ) ;
#1012 = ORIENTED_EDGE ( 'NONE', *, *, #2983, .T. ) ;
#1013 = ORIENTED_EDGE ( 'NONE', *, *, #251, .F. ) ;
#1014 = ORIENTED_EDGE ( 'NONE', *, *, #2965, .F. ) ;
#1015 = ORIENTED_EDGE ( 'NONE', *, *, #257, .T. ) ;
#1016 = ORIENTED_EDGE ( 'NONE', *, *, #2992, .T. ) ;
#1017 = ORIENTED_EDGE ( 'NONE', *, *, #2991, .T. ) ;
#1018 = ORIENTED_EDGE ( 'NONE', *, *, #2916, .T. ) ;
#1019 = ORIENTED_EDGE ( 'NONE', *, *, #2955, .T. ) ;
#1020 = ORIENTED_EDGE ( 'NONE', *, *, #2953, .F. ) ;
#1021 = ORIENTED_EDGE ( 'NONE', *, *, #2986, .F. ) ;
#1022 = ORIENTED_EDGE ( 'NONE', *, *, #2954, .F. ) ;
#1023 = ORIENTED_EDGE ( 'NONE', *, *, #2936, .T. ) ;
#1024 = ORIENTED_EDGE ( 'NONE', *, *, #2911, .T. ) ;
#1025 = ORIENTED_EDGE ( 'NONE', *, *, #2952, .F. ) ;
#1026 = ORIENTED_EDGE ( 'NONE', *, *, #2919, .F. ) ;
#1027 = ORIENTED_EDGE ( 'NONE', *, *, #2894, .T. ) ;
#1028 = ORIENTED_EDGE ( 'NONE', *, *, #2960, .F. ) ;
#1029 = ORIENTED_EDGE ( 'NONE', *, *, #2910, .T. ) ;
#1030 = ORIENTED_EDGE ( 'NONE', *, *, #2982, .F. ) ;
#1031 = ORIENTED_EDGE ( 'NONE', *, *, #2963, .F. ) ;
#1032 = ORIENTED_EDGE ( 'NONE', *, *, #2979, .F. ) ;
#1033 = ORIENTED_EDGE ( 'NONE', *, *, #2949, .F. ) ;
#1034 = ORIENTED_EDGE ( 'NONE', *, *, #2981, .T. ) ;
#1035 = ORIENTED_EDGE ( 'NONE', *, *, #2909, .F. ) ;
#1036 = ORIENTED_EDGE ( 'NONE', *, *, #2943, .T. ) ;
#1037 = ORIENTED_EDGE ( 'NONE', *, *, #2942, .F. ) ;
#1038 = ORIENTED_EDGE ( 'NONE', *, *, #2973, .T. ) ;
#1039 = ORIENTED_EDGE ( 'NONE', *, *, #2928, .T. ) ;
#1040 = ORIENTED_EDGE ( 'NONE', *, *, #2967, .F. ) ;
#1041 = ORIENTED_EDGE ( 'NONE', *, *, #254, .T. ) ;
#1042 = ORIENTED_EDGE ( 'NONE', *, *, #2944, .T. ) ;
#1043 = ORIENTED_EDGE ( 'NONE', *, *, #2914, .F. ) ;
#1044 = ORIENTED_EDGE ( 'NONE', *, *, #2961, .F. ) ;
#1045 = ORIENTED_EDGE ( 'NONE', *, *, #2988, .F. ) ;
#1046 = ORIENTED_EDGE ( 'NONE', *, *, #2974, .F. ) ;
#1047 = ORIENTED_EDGE ( 'NONE', *, *, #270, .T. ) ;
#1048 = ORIENTED_EDGE ( 'NONE', *, *, #2893, .F. ) ;
#1049 = ORIENTED_EDGE ( 'NONE', *, *, #2923, .F. ) ;
#1050 = ORIENTED_EDGE ( 'NONE', *, *, #3001, .T. ) ;
#1051 = ORIENTED_EDGE ( 'NONE', *, *, #2959, .T. ) ;
#1052 = ORIENTED_EDGE ( 'NONE', *, *, #2947, .F. ) ;
#1053 = ORIENTED_EDGE ( 'NONE', *, *, #2924, .F. ) ;
#1054 = ORIENTED_EDGE ( 'NONE', *, *, #2962, .F. ) ;
#1055 = ORIENTED_EDGE ( 'NONE', *, *, #2948, .T. ) ;
#1056 = ORIENTED_EDGE ( 'NONE', *, *, #279, .T. ) ;
#1057 = ORIENTED_EDGE ( 'NONE', *, *, #2987, .T. ) ;
#1058 = ORIENTED_EDGE ( 'NONE', *, *, #255, .F. ) ;
#1059 = ORIENTED_EDGE ( 'NONE', *, *, #2913, .T. ) ;
#1060 = ORIENTED_EDGE ( 'NONE', *, *, #2945, .F. ) ;
#1061 = ORIENTED_EDGE ( 'NONE', *, *, #273, .F. ) ;
#1062 = ORIENTED_EDGE ( 'NONE', *, *, #2989, .T. ) ;
#1063 = ORIENTED_EDGE ( 'NONE', *, *, #2984, .T. ) ;
#1064 = ORIENTED_EDGE ( 'NONE', *, *, #2930, .F. ) ;
#1065 = ORIENTED_EDGE ( 'NONE', *, *, #2917, .F. ) ;
#1066 = ORIENTED_EDGE ( 'NONE', *, *, #2909, .T. ) ;
#1067 = ORIENTED_EDGE ( 'NONE', *, *, #252, .F. ) ;
#1068 = ORIENTED_EDGE ( 'NONE', *, *, #2977, .T. ) ;
#1069 = ORIENTED_EDGE ( 'NONE', *, *, #262, .F. ) ;
#1070 = ORIENTED_EDGE ( 'NONE', *, *, #269, .F. ) ;
#1071 = ORIENTED_EDGE ( 'NONE', *, *, #274, .T. ) ;
#1072 = ORIENTED_EDGE ( 'NONE', *, *, #2918, .T. ) ;
#1073 = ORIENTED_EDGE ( 'NONE', *, *, #2951, .F. ) ;
#1074 = ORIENTED_EDGE ( 'NONE', *, *, #2964, .F. ) ;
#1075 = ORIENTED_EDGE ( 'NONE', *, *, #3003, .T. ) ;
#1076 = ORIENTED_EDGE ( 'NONE', *, *, #3006, .T. ) ;
#1077 = ORIENTED_EDGE ( 'NONE', *, *, #3010, .F. ) ;
#1078 = ORIENTED_EDGE ( 'NONE', *, *, #262, .T. ) ;
#1079 = ORIENTED_EDGE ( 'NONE', *, *, #2970, .T. ) ;
#1080 = ORIENTED_EDGE ( 'NONE', *, *, #2966, .T. ) ;
#1081 = ORIENTED_EDGE ( 'NONE', *, *, #2950, .F. ) ;
#1082 = ORIENTED_EDGE ( 'NONE', *, *, #2939, .F. ) ;
#1083 = FACE_OUTER_BOUND ( 'NONE', #1939, .T. ) ;
#1084 = FACE_OUTER_BOUND ( 'NONE', #1912, .T. ) ;
#1085 = FACE_BOUND ( 'NONE', #1888, .T. ) ;
#1086 = FACE_OUTER_BOUND ( 'NONE', #1818, .T. ) ;
#1087 = FACE_OUTER_BOUND ( 'NONE', #1925, .T. ) ;
#1088 = CONICAL_SURFACE ( 'NONE', #2318, 1.499999999999999600, 0.03490658503988666700 ) ;
#1089 = CONICAL_SURFACE ( 'NONE', #2291, 1.499999999999999600, 0.03490658503988666700 ) ;
#1090 = FACE_OUTER_BOUND ( 'NONE', #1920, .T. ) ;
#1091 = FACE_OUTER_BOUND ( 'NONE', #1945, .T. ) ;
#1092 = FACE_OUTER_BOUND ( 'NONE', #1810, .T. ) ;
#1093 = CONICAL_SURFACE ( 'NONE', #2282, 1.499999999999999600, 0.03490658503988666700 ) ;
#1094 = FACE_OUTER_BOUND ( 'NONE', #1901, .T. ) ;
#1095 = CYLINDRICAL_SURFACE ( 'NONE', #2330, 9.000000000000000000 ) ;
#1096 = FACE_BOUND ( 'NONE', #1923, .T. ) ;
#1097 = FACE_OUTER_BOUND ( 'NONE', #1892, .T. ) ;
#1098 = CYLINDRICAL_SURFACE ( 'NONE', #2284, 9.000000000000000000 ) ;
#1099 = FACE_BOUND ( 'NONE', #1891, .T. ) ;
#1100 = FACE_OUTER_BOUND ( 'NONE', #1919, .T. ) ;
#1101 = CYLINDRICAL_SURFACE ( 'NONE', #2310, 9.000000000000000000 ) ;
#1102 = FACE_BOUND ( 'NONE', #1902, .T. ) ;
#1103 = FACE_OUTER_BOUND ( 'NONE', #1927, .T. ) ;
#1104 = FACE_OUTER_BOUND ( 'NONE', #1969, .T. ) ;
#1105 = FACE_OUTER_BOUND ( 'NONE', #1962, .T. ) ;
#1106 = FACE_BOUND ( 'NONE', #1915, .T. ) ;
#1107 = FACE_OUTER_BOUND ( 'NONE', #1911, .T. ) ;
#1108 = FACE_BOUND ( 'NONE', #1930, .T. ) ;
#1109 = FACE_BOUND ( 'NONE', #1889, .T. ) ;
#1110 = FACE_OUTER_BOUND ( 'NONE', #1917, .T. ) ;
#1111 = CYLINDRICAL_SURFACE ( 'NONE', #2285, 4.549999999999999800 ) ;
#1112 = CONICAL_SURFACE ( 'NONE', #2306, 1.499999999999999600, 0.03490658503988666700 ) ;
#1113 = FACE_OUTER_BOUND ( 'NONE', #1942, .T. ) ;
#1114 = FACE_BOUND ( 'NONE', #1890, .T. ) ;
#1115 = FACE_BOUND ( 'NONE', #1897, .T. ) ;
#1116 = FACE_BOUND ( 'NONE', #1931, .T. ) ;
#1117 = CONICAL_SURFACE ( 'NONE', #2286, 9.000000000000000000, 0.7853981633974430600 ) ;
#1118 = FACE_OUTER_BOUND ( 'NONE', #1885, .T. ) ;
#1119 = FACE_OUTER_BOUND ( 'NONE', #1973, .T. ) ;
#1120 = FACE_OUTER_BOUND ( 'NONE', #1887, .T. ) ;
#1121 = FACE_OUTER_BOUND ( 'NONE', #1913, .T. ) ;
#1122 = FACE_OUTER_BOUND ( 'NONE', #1904, .T. ) ;
#1123 = FACE_OUTER_BOUND ( 'NONE', #1991, .T. ) ;
#1124 = FACE_OUTER_BOUND ( 'NONE', #1884, .T. ) ;
#1125 = FACE_BOUND ( 'NONE', #1928, .T. ) ;
#1126 = FACE_OUTER_BOUND ( 'NONE', #1910, .T. ) ;
#1127 = CYLINDRICAL_SURFACE ( 'NONE', #2296, 9.000000000000000000 ) ;
#1128 = CONICAL_SURFACE ( 'NONE', #2303, 9.000000000000000000, 0.7853981633974430600 ) ;
#1129 = CYLINDRICAL_SURFACE ( 'NONE', #2275, 9.000000000000000000 ) ;
#1130 = FACE_BOUND ( 'NONE', #1871, .T. ) ;
#1131 = FACE_OUTER_BOUND ( 'NONE', #1963, .T. ) ;
#1132 = FACE_OUTER_BOUND ( 'NONE', #1922, .T. ) ;
#1133 = FACE_OUTER_BOUND ( 'NONE', #1898, .T. ) ;
#1134 = FACE_OUTER_BOUND ( 'NONE', #1926, .T. ) ;
#1135 = FACE_BOUND ( 'NONE', #1918, .T. ) ;
#1136 = FACE_OUTER_BOUND ( 'NONE', #1968, .T. ) ;
#1137 = FACE_BOUND ( 'NONE', #1869, .T. ) ;
#1138 = CONICAL_SURFACE ( 'NONE', #2316, 1.499999999999999600, 0.03490658503988666700 ) ;
#1139 = CYLINDRICAL_SURFACE ( 'NONE', #2287, 9.000000000000000000 ) ;
#1140 = CONICAL_SURFACE ( 'NONE', #2244, 1.499999999999999600, 0.03490658503988666700 ) ;
#1141 = FACE_OUTER_BOUND ( 'NONE', #1895, .T. ) ;
#1142 = FACE_OUTER_BOUND ( 'NONE', #1852, .T. ) ;
#1143 = FACE_OUTER_BOUND ( 'NONE', #1893, .T. ) ;
#1144 = SPHERICAL_SURFACE ( 'NONE', #2317, 1.500000000000000000 ) ;
#1145 = CYLINDRICAL_SURFACE ( 'NONE', #2314, 4.549999999999999800 ) ;
#1146 = FACE_OUTER_BOUND ( 'NONE', #1941, .T. ) ;
#1147 = FACE_OUTER_BOUND ( 'NONE', #1958, .T. ) ;
#1148 = CYLINDRICAL_SURFACE ( 'NONE', #2311, 9.000000000000000000 ) ;
#1149 = FACE_OUTER_BOUND ( 'NONE', #1948, .T. ) ;
#1150 = CYLINDRICAL_SURFACE ( 'NONE', #2345, 8.000000000000000000 ) ;
#1151 = FACE_OUTER_BOUND ( 'NONE', #1979, .T. ) ;
#1152 = FACE_OUTER_BOUND ( 'NONE', #1936, .T. ) ;
#1153 = FACE_OUTER_BOUND ( 'NONE', #1985, .T. ) ;
#1154 = FACE_OUTER_BOUND ( 'NONE', #1993, .T. ) ;
#1155 = CONICAL_SURFACE ( 'NONE', #2288, 9.000000000000000000, 0.7853981633974517200 ) ;
#1156 = FACE_OUTER_BOUND ( 'NONE', #1875, .T. ) ;
#1157 = FACE_OUTER_BOUND ( 'NONE', #1807, .T. ) ;
#1158 = CONICAL_SURFACE ( 'NONE', #2305, 9.500000000000000000, 0.7853981633974517200 ) ;
#1159 = FACE_OUTER_BOUND ( 'NONE', #1882, .T. ) ;
#1160 = FACE_OUTER_BOUND ( 'NONE', #1992, .T. ) ;
#1161 = CYLINDRICAL_SURFACE ( 'NONE', #2353, 9.000000000000000000 ) ;
#1162 = FACE_BOUND ( 'NONE', #1924, .T. ) ;
#1163 = CYLINDRICAL_SURFACE ( 'NONE', #2329, 4.549999999999999800 ) ;
#1164 = FACE_OUTER_BOUND ( 'NONE', #1933, .T. ) ;
#1165 = FACE_OUTER_BOUND ( 'NONE', #1987, .T. ) ;
#1166 = CONICAL_SURFACE ( 'NONE', #2326, 1.499999999999999600, 0.03490658503988666700 ) ;
#1167 = FACE_OUTER_BOUND ( 'NONE', #1952, .T. ) ;
#1168 = FACE_OUTER_BOUND ( 'NONE', #1909, .T. ) ;
#1169 = FACE_OUTER_BOUND ( 'NONE', #1940, .T. ) ;
#1170 = FACE_OUTER_BOUND ( 'NONE', #1951, .T. ) ;
#1171 = FACE_OUTER_BOUND ( 'NONE', #1975, .T. ) ;
#1172 = FACE_OUTER_BOUND ( 'NONE', #1947, .T. ) ;
#1173 = CONICAL_SURFACE ( 'NONE', #2324, 1.499999999999999600, 0.03490658503988666700 ) ;
#1174 = FACE_OUTER_BOUND ( 'NONE', #1916, .T. ) ;
#1175 = FACE_OUTER_BOUND ( 'NONE', #1932, .T. ) ;
#1176 = CYLINDRICAL_SURFACE ( 'NONE', #2360, 8.000000000000000000 ) ;
#1177 = CONICAL_SURFACE ( 'NONE', #2301, 1.499999999999999600, 0.03490658503988666700 ) ;
#1178 = FACE_OUTER_BOUND ( 'NONE', #1944, .T. ) ;
#1179 = FACE_OUTER_BOUND ( 'NONE', #1988, .T. ) ;
#1180 = FACE_OUTER_BOUND ( 'NONE', #1954, .T. ) ;
#1181 = FACE_OUTER_BOUND ( 'NONE', #1977, .T. ) ;
#1182 = CONICAL_SURFACE ( 'NONE', #2328, 1.499999999999999600, 0.03490658503988666700 ) ;
#1183 = CONICAL_SURFACE ( 'NONE', #2347, 9.500000000000000000, 0.7853981633974517200 ) ;
#1184 = CYLINDRICAL_SURFACE ( 'NONE', #2356, 1.499999999999999600 ) ;
#1185 = CONICAL_SURFACE ( 'NONE', #2294, 1.499999999999999600, 0.03490658503988666700 ) ;
#1186 = FACE_OUTER_BOUND ( 'NONE', #1986, .T. ) ;
#1187 = LINE ( 'NONE', #104, #1232 ) ;
#1188 = CONICAL_SURFACE ( 'NONE', #2299, 1.499999999999999600, 0.03490658503988666700 ) ;
#1189 = FACE_OUTER_BOUND ( 'NONE', #1959, .T. ) ;
#1190 = CYLINDRICAL_SURFACE ( 'NONE', #2298, 9.000000000000000000 ) ;
#1191 = FACE_OUTER_BOUND ( 'NONE', #1961, .T. ) ;
#1192 = FACE_OUTER_BOUND ( 'NONE', #1880, .T. ) ;
#1193 = FACE_OUTER_BOUND ( 'NONE', #1960, .T. ) ;
#1194 = FACE_OUTER_BOUND ( 'NONE', #1982, .T. ) ;
#1195 = FACE_OUTER_BOUND ( 'NONE', #1981, .T. ) ;
#1196 = CONICAL_SURFACE ( 'NONE', #2319, 1.499999999999999600, 0.03490658503988666700 ) ;
#1197 = CONICAL_SURFACE ( 'NONE', #2323, 1.499999999999999600, 0.03490658503988666700 ) ;
#1198 = FACE_OUTER_BOUND ( 'NONE', #1964, .T. ) ;
#1199 = CYLINDRICAL_SURFACE ( 'NONE', #2309, 9.000000000000000000 ) ;
#1200 = FACE_OUTER_BOUND ( 'NONE', #1953, .T. ) ;
#1201 = FACE_OUTER_BOUND ( 'NONE', #1894, .T. ) ;
#1202 = CONICAL_SURFACE ( 'NONE', #2307, 1.499999999999999600, 0.03490658503988666700 ) ;
#1203 = CONICAL_SURFACE ( 'NONE', #2359, 8.000000000000000000, 0.7853981633974500600 ) ;
#1204 = FACE_BOUND ( 'NONE', #1994, .T. ) ;
#1205 = FACE_OUTER_BOUND ( 'NONE', #1970, .T. ) ;
#1206 = CONICAL_SURFACE ( 'NONE', #2313, 8.000000000000000000, 0.7853981633974500600 ) ;
#1207 = CYLINDRICAL_SURFACE ( 'NONE', #2322, 4.549999999999999800 ) ;
#1208 = CONICAL_SURFACE ( 'NONE', #2304, 1.499999999999999600, 0.03490658503988666700 ) ;
#1209 = CYLINDRICAL_SURFACE ( 'NONE', #2293, 1.499999999999999600 ) ;
#1210 = CYLINDRICAL_SURFACE ( 'NONE', #2384, 1.499999999999999600 ) ;
#1211 = LINE ( 'NONE', #148, #1249 ) ;
#1212 = LINE ( 'NONE', #210, #1239 ) ;
#1213 = LINE ( 'NONE', #194, #1227 ) ;
#1214 = LINE ( 'NONE', #126, #1218 ) ;
#1215 = LINE ( 'NONE', #141, #1226 ) ;
#1216 = CIRCLE ( 'NONE', #2385, 1.499999999999999600 ) ;
#1217 = CIRCLE ( 'NONE', #2342, 9.000000000000000000 ) ;
#1218 = VECTOR ( 'NONE', #117, 1000.000000000000000 ) ;
#1219 = CIRCLE ( 'NONE', #2352, 1.395237691524755500 ) ;
#1220 = VECTOR ( 'NONE', #158, 1000.000000000000100 ) ;
#1221 = CIRCLE ( 'NONE', #2337, 9.000000000000000000 ) ;
#1222 = CIRCLE ( 'NONE', #2378, 1.395237691524754600 ) ;
#1223 = LINE ( 'NONE', #135, #1263 ) ;
#1224 = CIRCLE ( 'NONE', #2375, 1.499999999999999600 ) ;
#1225 = LINE ( 'NONE', #203, #1317 ) ;
#1226 = VECTOR ( 'NONE', #128, 1000.000000000000000 ) ;
#1227 = VECTOR ( 'NONE', #189, 1000.000000000000100 ) ;
#1228 = VECTOR ( 'NONE', #109, 1000.000000000000100 ) ;
#1229 = CIRCLE ( 'NONE', #2341, 9.000000000000000000 ) ;
#1230 = LINE ( 'NONE', #191, #1231 ) ;
#1231 = VECTOR ( 'NONE', #193, 1000.000000000000000 ) ;
#1232 = VECTOR ( 'NONE', #110, 1000.000000000000000 ) ;
#1233 = LINE ( 'NONE', #105, #1228 ) ;
#1234 = CIRCLE ( 'NONE', #2364, 8.000000000000000000 ) ;
#1235 = VECTOR ( 'NONE', #166, 1000.000000000000000 ) ;
#1236 = VECTOR ( 'NONE', #176, 1000.000000000000100 ) ;
#1237 = CIRCLE ( 'NONE', #2348, 1.499999999999999600 ) ;
#1238 = CIRCLE ( 'NONE', #2349, 1.395237691524755500 ) ;
#1239 = VECTOR ( 'NONE', #202, 1000.000000000000000 ) ;
#1240 = CIRCLE ( 'NONE', #2350, 9.000000000000000000 ) ;
#1241 = CIRCLE ( 'NONE', #2370, 1.499999999999998700 ) ;
#1242 = PERSON_AND_ORGANIZATION ( #326, #1419 ) ;
#1243 = LINE ( 'NONE', #205, #1250 ) ;
#1244 = CONICAL_SURFACE ( 'NONE', #2344, 9.000000000000000000, 0.7853981633974430600 ) ;
#1245 = CYLINDRICAL_SURFACE ( 'NONE', #2366, 9.000000000000000000 ) ;
#1246 = LINE ( 'NONE', #165, #1236 ) ;
#1247 = LINE ( 'NONE', #97, #1257 ) ;
#1248 = LINE ( 'NONE', #101, #1262 ) ;
#1249 = VECTOR ( 'NONE', #159, 1000.000000000000100 ) ;
#1250 = VECTOR ( 'NONE', #215, 1000.000000000000000 ) ;
#1251 = CIRCLE ( 'NONE', #2355, 9.000000000000000000 ) ;
#1252 = CIRCLE ( 'NONE', #2334, 1.395237691524754600 ) ;
#1253 = LINE ( 'NONE', #111, #1260 ) ;
#1254 = CIRCLE ( 'NONE', #2373, 9.500000000000000000 ) ;
#1255 = CIRCLE ( 'NONE', #2354, 9.000000000000000000 ) ;
#1256 = CIRCLE ( 'NONE', #2387, 1.499999999999999600 ) ;
#1257 = VECTOR ( 'NONE', #103, 1000.000000000000000 ) ;
#1258 = CIRCLE ( 'NONE', #2351, 8.000000000000000000 ) ;
#1259 = CIRCLE ( 'NONE', #2374, 9.000000000000000000 ) ;
#1260 = VECTOR ( 'NONE', #100, 1000.000000000000000 ) ;
#1261 = CONICAL_SURFACE ( 'NONE', #2343, 1.499999999999999600, 0.03490658503988666700 ) ;
#1262 = VECTOR ( 'NONE', #102, 1000.000000000000100 ) ;
#1263 = VECTOR ( 'NONE', #140, 1000.000000000000000 ) ;
#1264 = LINE ( 'NONE', #164, #1235 ) ;
#1265 = CIRCLE ( 'NONE', #2376, 1.395237691524755500 ) ;
#1266 = VECTOR ( 'NONE', #132, 1000.000000000000100 ) ;
#1267 = LINE ( 'NONE', #121, #1266 ) ;
#1268 = VECTOR ( 'NONE', #127, 1000.000000000000100 ) ;
#1269 = APPROVAL_PERSON_ORGANIZATION ( #1242, #2471, #2770 ) ;
#1270 = LINE ( 'NONE', #113, #1268 ) ;
#1271 = LINE ( 'NONE', #151, #1220 ) ;
#1272 = CIRCLE ( 'NONE', #2346, 9.000000000000000000 ) ;
#1273 = CIRCLE ( 'NONE', #2338, 1.395237691524755500 ) ;
#1274 = CIRCLE ( 'NONE', #2362, 1.499999999999999600 ) ;
#1275 = LINE ( 'NONE', #57, #1289 ) ;
#1276 = CIRCLE ( 'NONE', #2332, 1.395237691524756400 ) ;
#1277 = LINE ( 'NONE', #89, #1300 ) ;
#1278 = CIRCLE ( 'NONE', #2379, 1.395237691524756400 ) ;
#1279 = VECTOR ( 'NONE', #2819, 1000.000000000000100 ) ;
#1280 = CIRCLE ( 'NONE', #2369, 9.499999999999994700 ) ;
#1281 = CIRCLE ( 'NONE', #2358, 9.500000000000000000 ) ;
#1282 = VECTOR ( 'NONE', #58, 1000.000000000000000 ) ;
#1283 = CIRCLE ( 'NONE', #2386, 1.499999999999998700 ) ;
#1284 = LINE ( 'NONE', #2802, #1279 ) ;
#1285 = CIRCLE ( 'NONE', #2335, 1.395237691524754600 ) ;
#1286 = COORDINATED_UNIVERSAL_TIME_OFFSET ( 1, 0, .AHEAD. ) ;
#1287 = CIRCLE ( 'NONE', #2357, 1.395237691524755500 ) ;
#1288 = CIRCLE ( 'NONE', #2380, 1.395237691524756400 ) ;
#1289 = VECTOR ( 'NONE', #47, 1000.000000000000100 ) ;
#1290 = LINE ( 'NONE', #235, #1311 ) ;
#1291 = LINE ( 'NONE', #53, #1336 ) ;
#1292 = LINE ( 'NONE', #2812, #1293 ) ;
#1293 = VECTOR ( 'NONE', #2806, 1000.000000000000100 ) ;
#1294 = VECTOR ( 'NONE', #2807, 999.9999999999998900 ) ;
#1295 = VECTOR ( 'NONE', #216, 1000.000000000000100 ) ;
#1296 = CIRCLE ( 'NONE', #2368, 9.499999999999994700 ) ;
#1297 = CIRCLE ( 'NONE', #2382, 1.499999999999998700 ) ;
#1298 = VECTOR ( 'NONE', #56, 1000.000000000000000 ) ;
#1299 = LINE ( 'NONE', #52, #1298 ) ;
#1300 = VECTOR ( 'NONE', #75, 1000.000000000000000 ) ;
#1301 = LINE ( 'NONE', #2811, #1294 ) ;
#1302 = LINE ( 'NONE', #2803, #1312 ) ;
#1303 = CIRCLE ( 'NONE', #2333, 9.000000000000000000 ) ;
#1304 = LINE ( 'NONE', #227, #1316 ) ;
#1305 = LINE ( 'NONE', #55, #1282 ) ;
#1306 = LINE ( 'NONE', #206, #1295 ) ;
#1307 = LINE ( 'NONE', #74, #1320 ) ;
#1308 = CIRCLE ( 'NONE', #2331, 1.499999999999999600 ) ;
#1309 = LINE ( 'NONE', #2804, #1332 ) ;
#1310 = LOCAL_TIME ( 11, 42, 9.000000000000000000, #1286 ) ;
#1311 = VECTOR ( 'NONE', #238, 1000.000000000000000 ) ;
#1312 = VECTOR ( 'NONE', #2813, 999.9999999999998900 ) ;
#1313 = VECTOR ( 'NONE', #2844, 1000.000000000000000 ) ;
#1314 = LINE ( 'NONE', #2827, #1315 ) ;
#1315 = VECTOR ( 'NONE', #2829, 999.9999999999998900 ) ;
#1316 = VECTOR ( 'NONE', #233, 1000.000000000000100 ) ;
#1317 = VECTOR ( 'NONE', #204, 1000.000000000000100 ) ;
#1318 = VECTOR ( 'NONE', #226, 1000.000000000000100 ) ;
#1319 = CIRCLE ( 'NONE', #2361, 1.499999999999999600 ) ;
#1320 = VECTOR ( 'NONE', #85, 1000.000000000000100 ) ;
#1321 = CIRCLE ( 'NONE', #2367, 9.499999999999943200 ) ;
#1322 = VECTOR ( 'NONE', #2820, 1000.000000000000000 ) ;
#1323 = LINE ( 'NONE', #225, #1318 ) ;
#1324 = CIRCLE ( 'NONE', #2336, 4.549999999999999800 ) ;
#1325 = LINE ( 'NONE', #2852, #1369 ) ;
#1326 = CIRCLE ( 'NONE', #2340, 4.549999999999999800 ) ;
#1327 = CIRCLE ( 'NONE', #2371, 1.395237691524754600 ) ;
#1328 = LINE ( 'NONE', #2816, #1322 ) ;
#1329 = LINE ( 'NONE', #2843, #1313 ) ;
#1330 = VECTOR ( 'NONE', #50, 1000.000000000000000 ) ;
#1331 = LINE ( 'NONE', #48, #1330 ) ;
#1332 = VECTOR ( 'NONE', #2821, 1000.000000000000000 ) ;
#1333 = CIRCLE ( 'NONE', #2383, 1.395237691524755500 ) ;
#1334 = CIRCLE ( 'NONE', #2363, 1.395237691524755500 ) ;
#1335 = CIRCLE ( 'NONE', #2372, 1.395237691524754600 ) ;
#1336 = VECTOR ( 'NONE', #60, 1000.000000000000100 ) ;
#1337 = LINE ( 'NONE', #2885, #1347 ) ;
#1338 = VECTOR ( 'NONE', #87, 1000.000000000000000 ) ;
#1339 = CIRCLE ( 'NONE', #2399, 1.499999999999999600 ) ;
#1340 = LINE ( 'NONE', #2835, #1352 ) ;
#1341 = CIRCLE ( 'NONE', #2406, 1.499999999999999600 ) ;
#1342 = SHAPE_DEFINITION_REPRESENTATION ( #995, #7 ) ;
#1343 = VECTOR ( 'NONE', #2664, 1000.000000000000000 ) ;
#1344 = LINE ( 'NONE', #2863, #1386 ) ;
#1345 = VECTOR ( 'NONE', #2671, 1000.000000000000000 ) ;
#1346 = LINE ( 'NONE', #2672, #1355 ) ;
#1347 = VECTOR ( 'NONE', #2886, 1000.000000000000000 ) ;
#1348 = CIRCLE ( 'NONE', #2417, 1.395237691524754600 ) ;
#1349 = LINE ( 'NONE', #2869, #1374 ) ;
#1350 = LINE ( 'NONE', #2851, #1388 ) ;
#1351 = CIRCLE ( 'NONE', #2415, 1.395237691524756400 ) ;
#1352 = VECTOR ( 'NONE', #2855, 1000.000000000000100 ) ;
#1353 = CIRCLE ( 'NONE', #2414, 4.549999999999999800 ) ;
#1354 = CIRCLE ( 'NONE', #2413, 9.000000000000000000 ) ;
#1355 = VECTOR ( 'NONE', #2696, 1000.000000000000000 ) ;
#1356 = LINE ( 'NONE', #2688, #1357 ) ;
#1357 = VECTOR ( 'NONE', #2710, 1000.000000000000000 ) ;
#1358 = VECTOR ( 'NONE', #2856, 1000.000000000000100 ) ;
#1359 = VECTOR ( 'NONE', #2583, 1000.000000000000000 ) ;
#1360 = LINE ( 'NONE', #2874, #1379 ) ;
#1361 = CIRCLE ( 'NONE', #2424, 1.499999999999999600 ) ;
#1362 = LINE ( 'NONE', #2676, #1343 ) ;
#1363 = CIRCLE ( 'NONE', #2408, 1.499999999999999600 ) ;
#1364 = LINE ( 'NONE', #2655, #1345 ) ;
#1365 = VECTOR ( 'NONE', #2845, 1000.000000000000100 ) ;
#1366 = CIRCLE ( 'NONE', #2339, 4.549999999999999800 ) ;
#1367 = LINE ( 'NONE', #2674, #1384 ) ;
#1368 = CIRCLE ( 'NONE', #2409, 1.499999999999999600 ) ;
#1369 = VECTOR ( 'NONE', #2832, 1000.000000000000000 ) ;
#1370 = LINE ( 'NONE', #2833, #1378 ) ;
#1371 = LINE ( 'NONE', #2840, #1358 ) ;
#1372 = LINE ( 'NONE', #2837, #1365 ) ;
#1373 = CIRCLE ( 'NONE', #2410, 4.549999999999999800 ) ;
#1374 = VECTOR ( 'NONE', #2873, 1000.000000000000000 ) ;
#1375 = LINE ( 'NONE', #2595, #1359 ) ;
#1376 = CIRCLE ( 'NONE', #2412, 4.549999999999999800 ) ;
#1377 = LINE ( 'NONE', #79, #1383 ) ;
#1378 = VECTOR ( 'NONE', #2828, 1000.000000000000100 ) ;
#1379 = VECTOR ( 'NONE', #2880, 1000.000000000000100 ) ;
#1380 = CIRCLE ( 'NONE', #2407, 9.000000000000000000 ) ;
#1381 = CIRCLE ( 'NONE', #2397, 1.395237691524754600 ) ;
#1382 = CIRCLE ( 'NONE', #2398, 1.499999999999999600 ) ;
#1383 = VECTOR ( 'NONE', #70, 1000.000000000000000 ) ;
#1384 = VECTOR ( 'NONE', #2651, 1000.000000000000000 ) ;
#1385 = CIRCLE ( 'NONE', #2411, 1.499999999999999600 ) ;
#1386 = VECTOR ( 'NONE', #2866, 1000.000000000000000 ) ;
#1387 = LINE ( 'NONE', #78, #1338 ) ;
#1388 = VECTOR ( 'NONE', #2824, 999.9999999999998900 ) ;
#1389 = PERSON_AND_ORGANIZATION ( #326, #1419 ) ;
#1390 = APPROVAL_DATE_TIME ( #1411, #2395 ) ;
#1391 = CALENDAR_DATE ( 2017, 10, 2 ) ;
#1392 = COORDINATED_UNIVERSAL_TIME_OFFSET ( 1, 0, .AHEAD. ) ;
#1393 = APPROVAL_DATE_TIME ( #1406, #2429 ) ;
#1394 = PERSON_AND_ORGANIZATION ( #326, #1419 ) ;
#1395 = PERSON_AND_ORGANIZATION ( #326, #1419 ) ;
#1396 = DATE_AND_TIME ( #1391, #1416 ) ;
#1397 = SHAPE_REPRESENTATION_RELATIONSHIP ( 'NONE' , 'NONE' ,  #6, #295 ) ;
#1398 = SHAPE_DEFINITION_REPRESENTATION ( #997, #5 ) ;
#1399 = APPROVAL_PERSON_ORGANIZATION ( #1395, #2429, #2730 ) ;
#1400 = SHAPE_REPRESENTATION_RELATIONSHIP ( 'NONE' , 'NONE' ,  #5, #297 ) ;
#1401 = COORDINATED_UNIVERSAL_TIME_OFFSET ( 1, 0, .AHEAD. ) ;
#1402 = PERSON_AND_ORGANIZATION ( #326, #1419 ) ;
#1403 = LOCAL_TIME ( 11, 42, 9.000000000000000000, #1401 ) ;
#1404 = CALENDAR_DATE ( 2017, 10, 2 ) ;
#1405 = PERSON_AND_ORGANIZATION ( #326, #1419 ) ;
#1406 = DATE_AND_TIME ( #1404, #1403 ) ;
#1407 = COORDINATED_UNIVERSAL_TIME_OFFSET ( 1, 0, .AHEAD. ) ;
#1408 = CALENDAR_DATE ( 2017, 10, 2 ) ;
#1409 = APPROVAL_PERSON_ORGANIZATION ( #1389, #2395, #2683 ) ;
#1410 = LOCAL_TIME ( 11, 42, 9.000000000000000000, #1392 ) ;
#1411 = DATE_AND_TIME ( #1413, #1410 ) ;
#1412 = PERSON_AND_ORGANIZATION ( #326, #1419 ) ;
#1413 = CALENDAR_DATE ( 2017, 10, 2 ) ;
#1414 = PERSON_AND_ORGANIZATION ( #326, #1419 ) ;
#1415 = COORDINATED_UNIVERSAL_TIME_OFFSET ( 1, 0, .AHEAD. ) ;
#1416 = LOCAL_TIME ( 11, 42, 9.000000000000000000, #1415 ) ;
#1417 = LOCAL_TIME ( 11, 42, 9.000000000000000000, #1407 ) ;
#1418 = DATE_AND_TIME ( #1408, #1417 ) ;
#1419 = ORGANIZATION ( 'UNSPECIFIED', 'UNSPECIFIED', '' ) ;
#1420 = DATE_AND_TIME ( #1438, #1483 ) ;
#1421 = LOCAL_TIME ( 11, 42, 9.000000000000000000, #1422 ) ;
#1422 = COORDINATED_UNIVERSAL_TIME_OFFSET ( 1, 0, .AHEAD. ) ;
#1423 = LOCAL_TIME ( 11, 42, 9.000000000000000000, #1453 ) ;
#1424 = PERSON_AND_ORGANIZATION ( #326, #1419 ) ;
#1425 = COORDINATED_UNIVERSAL_TIME_OFFSET ( 1, 0, .AHEAD. ) ;
#1426 = APPROVAL_DATE_TIME ( #1443, #2479 ) ;
#1427 = CALENDAR_DATE ( 2017, 10, 2 ) ;
#1428 = DATE_AND_TIME ( #1427, #1457 ) ;
#1429 = PERSON_AND_ORGANIZATION ( #326, #1419 ) ;
#1430 = CALENDAR_DATE ( 2017, 10, 2 ) ;
#1431 = APPROVAL_PERSON_ORGANIZATION ( #1456, #2448, #2783 ) ;
#1432 = LOCAL_TIME ( 11, 42, 9.000000000000000000, #1460 ) ;
#1433 = DATE_AND_TIME ( #1454, #1461 ) ;
#1434 = CALENDAR_DATE ( 2017, 10, 2 ) ;
#1435 = CALENDAR_DATE ( 2017, 10, 2 ) ;
#1436 = APPROVAL_DATE_TIME ( #1439, #2389 ) ;
#1437 = PERSON_AND_ORGANIZATION ( #326, #1419 ) ;
#1438 = CALENDAR_DATE ( 2017, 10, 2 ) ;
#1439 = DATE_AND_TIME ( #1435, #1423 ) ;
#1440 = APPROVAL_PERSON_ORGANIZATION ( #1471, #2483, #2790 ) ;
#1441 = CALENDAR_DATE ( 2017, 10, 2 ) ;
#1442 = DATE_AND_TIME ( #1441, #1475 ) ;
#1443 = DATE_AND_TIME ( #1448, #1421 ) ;
#1444 = DATE_AND_TIME ( #1430, #1446 ) ;
#1445 = APPROVAL_PERSON_ORGANIZATION ( #1437, #2389, #2775 ) ;
#1446 = LOCAL_TIME ( 11, 42, 9.000000000000000000, #1450 ) ;
#1447 = PERSON_AND_ORGANIZATION ( #326, #1419 ) ;
#1448 = CALENDAR_DATE ( 2017, 10, 2 ) ;
#1449 = COORDINATED_UNIVERSAL_TIME_OFFSET ( 1, 0, .AHEAD. ) ;
#1450 = COORDINATED_UNIVERSAL_TIME_OFFSET ( 1, 0, .AHEAD. ) ;
#1451 = APPROVAL_DATE_TIME ( #1428, #2483 ) ;
#1452 = PERSON_AND_ORGANIZATION ( #326, #1419 ) ;
#1453 = COORDINATED_UNIVERSAL_TIME_OFFSET ( 1, 0, .AHEAD. ) ;
#1454 = CALENDAR_DATE ( 2017, 10, 2 ) ;
#1455 = LOCAL_TIME ( 11, 42, 9.000000000000000000, #1425 ) ;
#1456 = PERSON_AND_ORGANIZATION ( #326, #1419 ) ;
#1457 = LOCAL_TIME ( 11, 42, 9.000000000000000000, #1462 ) ;
#1458 = PERSON_AND_ORGANIZATION ( #326, #1419 ) ;
#1459 = COORDINATED_UNIVERSAL_TIME_OFFSET ( 1, 0, .AHEAD. ) ;
#1460 = COORDINATED_UNIVERSAL_TIME_OFFSET ( 1, 0, .AHEAD. ) ;
#1461 = LOCAL_TIME ( 11, 42, 9.000000000000000000, #1482 ) ;
#1462 = COORDINATED_UNIVERSAL_TIME_OFFSET ( 1, 0, .AHEAD. ) ;
#1463 = PERSON_AND_ORGANIZATION ( #326, #1419 ) ;
#1464 = CALENDAR_DATE ( 2017, 10, 2 ) ;
#1465 = APPROVAL_DATE_TIME ( #1478, #2457 ) ;
#1466 = PERSON_AND_ORGANIZATION ( #326, #1419 ) ;
#1467 = APPROVAL_PERSON_ORGANIZATION ( #1447, #2437, #2749 ) ;
#1468 = APPROVAL_PERSON_ORGANIZATION ( #1477, #2479, #2741 ) ;
#1469 = DATE_AND_TIME ( #1434, #1455 ) ;
#1470 = PERSON_AND_ORGANIZATION ( #326, #1419 ) ;
#1471 = PERSON_AND_ORGANIZATION ( #326, #1419 ) ;
#1472 = APPROVAL_PERSON_ORGANIZATION ( #1452, #2457, #2769 ) ;
#1473 = APPROVAL_DATE_TIME ( #1433, #2448 ) ;
#1474 = PERSON_AND_ORGANIZATION ( #326, #1419 ) ;
#1475 = LOCAL_TIME ( 11, 42, 9.000000000000000000, #1459 ) ;
#1476 = APPROVAL_DATE_TIME ( #1442, #2437 ) ;
#1477 = PERSON_AND_ORGANIZATION ( #326, #1419 ) ;
#1478 = DATE_AND_TIME ( #1464, #1432 ) ;
#1479 = PERSON_AND_ORGANIZATION ( #326, #1419 ) ;
#1480 = PERSON_AND_ORGANIZATION ( #326, #1419 ) ;
#1481 = PERSON_AND_ORGANIZATION ( #326, #1419 ) ;
#1482 = COORDINATED_UNIVERSAL_TIME_OFFSET ( 1, 0, .AHEAD. ) ;
#1483 = LOCAL_TIME ( 11, 42, 9.000000000000000000, #1449 ) ;
#1484 = VERTEX_POINT ( 'NONE', #388 ) ;
#1485 = VERTEX_POINT ( 'NONE', #469 ) ;
#1486 = VERTEX_POINT ( 'NONE', #420 ) ;
#1487 = VERTEX_POINT ( 'NONE', #455 ) ;
#1488 = VERTEX_POINT ( 'NONE', #463 ) ;
#1489 = ORIENTED_EDGE ( 'NONE', *, *, #2963, .T. ) ;
#1490 = VERTEX_POINT ( 'NONE', #376 ) ;
#1491 = VERTEX_POINT ( 'NONE', #385 ) ;
#1492 = VERTEX_POINT ( 'NONE', #418 ) ;
#1493 = ORIENTED_EDGE ( 'NONE', *, *, #2890, .T. ) ;
#1494 = VERTEX_POINT ( 'NONE', #413 ) ;
#1495 = VERTEX_POINT ( 'NONE', #470 ) ;
#1496 = VERTEX_POINT ( 'NONE', #445 ) ;
#1497 = VERTEX_POINT ( 'NONE', #459 ) ;
#1498 = VERTEX_POINT ( 'NONE', #421 ) ;
#1499 = VERTEX_POINT ( 'NONE', #441 ) ;
#1500 = VERTEX_POINT ( 'NONE', #415 ) ;
#1501 = VERTEX_POINT ( 'NONE', #435 ) ;
#1502 = VERTEX_POINT ( 'NONE', #422 ) ;
#1503 = VERTEX_POINT ( 'NONE', #456 ) ;
#1504 = VERTEX_POINT ( 'NONE', #467 ) ;
#1505 = VERTEX_POINT ( 'NONE', #427 ) ;
#1506 = VERTEX_POINT ( 'NONE', #439 ) ;
#1507 = VERTEX_POINT ( 'NONE', #417 ) ;
#1508 = VERTEX_POINT ( 'NONE', #414 ) ;
#1509 = VERTEX_POINT ( 'NONE', #424 ) ;
#1510 = VERTEX_POINT ( 'NONE', #446 ) ;
#1511 = VERTEX_POINT ( 'NONE', #437 ) ;
#1512 = VERTEX_POINT ( 'NONE', #426 ) ;
#1513 = VERTEX_POINT ( 'NONE', #423 ) ;
#1514 = ORIENTED_EDGE ( 'NONE', *, *, #2983, .F. ) ;
#1515 = VERTEX_POINT ( 'NONE', #428 ) ;
#1516 = VERTEX_POINT ( 'NONE', #468 ) ;
#1517 = VERTEX_POINT ( 'NONE', #429 ) ;
#1518 = VERTEX_POINT ( 'NONE', #440 ) ;
#1519 = VERTEX_POINT ( 'NONE', #430 ) ;
#1520 = VERTEX_POINT ( 'NONE', #416 ) ;
#1521 = VERTEX_POINT ( 'NONE', #433 ) ;
#1522 = VERTEX_POINT ( 'NONE', #460 ) ;
#1523 = VERTEX_POINT ( 'NONE', #454 ) ;
#1524 = VERTEX_POINT ( 'NONE', #431 ) ;
#1525 = VERTEX_POINT ( 'NONE', #453 ) ;
#1526 = VERTEX_POINT ( 'NONE', #410 ) ;
#1527 = VERTEX_POINT ( 'NONE', #461 ) ;
#1528 = VERTEX_POINT ( 'NONE', #457 ) ;
#1529 = VERTEX_POINT ( 'NONE', #471 ) ;
#1530 = VERTEX_POINT ( 'NONE', #462 ) ;
#1531 = VERTEX_POINT ( 'NONE', #450 ) ;
#1532 = VERTEX_POINT ( 'NONE', #464 ) ;
#1533 = VERTEX_POINT ( 'NONE', #432 ) ;
#1534 = VERTEX_POINT ( 'NONE', #419 ) ;
#1535 = VERTEX_POINT ( 'NONE', #434 ) ;
#1536 = VERTEX_POINT ( 'NONE', #425 ) ;
#1537 = VERTEX_POINT ( 'NONE', #436 ) ;
#1538 = VERTEX_POINT ( 'NONE', #438 ) ;
#1539 = VERTEX_POINT ( 'NONE', #442 ) ;
#1540 = VERTEX_POINT ( 'NONE', #408 ) ;
#1541 = VERTEX_POINT ( 'NONE', #444 ) ;
#1542 = VERTEX_POINT ( 'NONE', #443 ) ;
#1543 = VERTEX_POINT ( 'NONE', #409 ) ;
#1544 = VERTEX_POINT ( 'NONE', #411 ) ;
#1545 = VERTEX_POINT ( 'NONE', #447 ) ;
#1546 = VERTEX_POINT ( 'NONE', #448 ) ;
#1547 = VERTEX_POINT ( 'NONE', #451 ) ;
#1548 = VERTEX_POINT ( 'NONE', #452 ) ;
#1549 = VERTEX_POINT ( 'NONE', #513 ) ;
#1550 = VERTEX_POINT ( 'NONE', #495 ) ;
#1551 = VERTEX_POINT ( 'NONE', #508 ) ;
#1552 = VERTEX_POINT ( 'NONE', #524 ) ;
#1553 = VERTEX_POINT ( 'NONE', #485 ) ;
#1554 = VERTEX_POINT ( 'NONE', #476 ) ;
#1555 = VERTEX_POINT ( 'NONE', #483 ) ;
#1556 = VERTEX_POINT ( 'NONE', #520 ) ;
#1557 = VERTEX_POINT ( 'NONE', #505 ) ;
#1558 = VERTEX_POINT ( 'NONE', #521 ) ;
#1559 = VERTEX_POINT ( 'NONE', #514 ) ;
#1560 = VERTEX_POINT ( 'NONE', #532 ) ;
#1561 = VERTEX_POINT ( 'NONE', #512 ) ;
#1562 = VERTEX_POINT ( 'NONE', #507 ) ;
#1563 = VERTEX_POINT ( 'NONE', #530 ) ;
#1564 = VERTEX_POINT ( 'NONE', #522 ) ;
#1565 = VERTEX_POINT ( 'NONE', #533 ) ;
#1566 = VERTEX_POINT ( 'NONE', #484 ) ;
#1567 = VERTEX_POINT ( 'NONE', #517 ) ;
#1568 = VERTEX_POINT ( 'NONE', #509 ) ;
#1569 = VERTEX_POINT ( 'NONE', #499 ) ;
#1570 = VERTEX_POINT ( 'NONE', #510 ) ;
#1571 = VERTEX_POINT ( 'NONE', #525 ) ;
#1572 = VERTEX_POINT ( 'NONE', #515 ) ;
#1573 = VERTEX_POINT ( 'NONE', #531 ) ;
#1574 = VERTEX_POINT ( 'NONE', #534 ) ;
#1575 = VERTEX_POINT ( 'NONE', #491 ) ;
#1576 = VERTEX_POINT ( 'NONE', #523 ) ;
#1577 = VERTEX_POINT ( 'NONE', #497 ) ;
#1578 = VERTEX_POINT ( 'NONE', #488 ) ;
#1579 = VERTEX_POINT ( 'NONE', #526 ) ;
#1580 = VERTEX_POINT ( 'NONE', #511 ) ;
#1581 = VERTEX_POINT ( 'NONE', #475 ) ;
#1582 = VERTEX_POINT ( 'NONE', #527 ) ;
#1583 = VERTEX_POINT ( 'NONE', #472 ) ;
#1584 = VERTEX_POINT ( 'NONE', #496 ) ;
#1585 = VERTEX_POINT ( 'NONE', #473 ) ;
#1586 = VERTEX_POINT ( 'NONE', #528 ) ;
#1587 = VERTEX_POINT ( 'NONE', #506 ) ;
#1588 = VERTEX_POINT ( 'NONE', #474 ) ;
#1589 = VERTEX_POINT ( 'NONE', #500 ) ;
#1590 = VERTEX_POINT ( 'NONE', #502 ) ;
#1591 = VERTEX_POINT ( 'NONE', #529 ) ;
#1592 = VERTEX_POINT ( 'NONE', #478 ) ;
#1593 = VERTEX_POINT ( 'NONE', #477 ) ;
#1594 = VERTEX_POINT ( 'NONE', #501 ) ;
#1595 = VERTEX_POINT ( 'NONE', #516 ) ;
#1596 = VERTEX_POINT ( 'NONE', #492 ) ;
#1597 = VERTEX_POINT ( 'NONE', #479 ) ;
#1598 = VERTEX_POINT ( 'NONE', #482 ) ;
#1599 = VERTEX_POINT ( 'NONE', #487 ) ;
#1600 = VERTEX_POINT ( 'NONE', #503 ) ;
#1601 = VERTEX_POINT ( 'NONE', #498 ) ;
#1602 = VERTEX_POINT ( 'NONE', #493 ) ;
#1603 = VERTEX_POINT ( 'NONE', #480 ) ;
#1604 = VERTEX_POINT ( 'NONE', #504 ) ;
#1605 = VERTEX_POINT ( 'NONE', #489 ) ;
#1606 = VERTEX_POINT ( 'NONE', #481 ) ;
#1607 = VERTEX_POINT ( 'NONE', #518 ) ;
#1608 = VERTEX_POINT ( 'NONE', #486 ) ;
#1609 = VERTEX_POINT ( 'NONE', #490 ) ;
#1610 = VERTEX_POINT ( 'NONE', #519 ) ;
#1611 = VERTEX_POINT ( 'NONE', #494 ) ;
#1612 = CLOSED_SHELL ( 'NONE', ( #2570, #2574, #2575, #2581, #2566, #2565, #2567, #2569, #2576, #2578 ) ) ;
#1613 = ORIENTED_EDGE ( 'NONE', *, *, #2907, .T. ) ;
#1614 = ORIENTED_EDGE ( 'NONE', *, *, #2899, .T. ) ;
#1615 = ORIENTED_EDGE ( 'NONE', *, *, #280, .T. ) ;
#1616 = ORIENTED_EDGE ( 'NONE', *, *, #31, .T. ) ;
#1617 = ORIENTED_EDGE ( 'NONE', *, *, #2921, .T. ) ;
#1618 = ORIENTED_EDGE ( 'NONE', *, *, #35, .T. ) ;
#1619 = ORIENTED_EDGE ( 'NONE', *, *, #2904, .T. ) ;
#1620 = ORIENTED_EDGE ( 'NONE', *, *, #2914, .T. ) ;
#1621 = ORIENTED_EDGE ( 'NONE', *, *, #32, .F. ) ;
#1622 = ORIENTED_EDGE ( 'NONE', *, *, #268, .T. ) ;
#1623 = ORIENTED_EDGE ( 'NONE', *, *, #257, .F. ) ;
#1624 = ORIENTED_EDGE ( 'NONE', *, *, #32, .T. ) ;
#1625 = VERTEX_POINT ( 'NONE', #568 ) ;
#1626 = ORIENTED_EDGE ( 'NONE', *, *, #2900, .T. ) ;
#1627 = ORIENTED_EDGE ( 'NONE', *, *, #2954, .T. ) ;
#1628 = CLOSED_SHELL ( 'NONE', ( #2501, #2508, #44, #2542, #46, #45, #2526, #2543, #2506, #2494, #2547, #2505, #2544, #2500, #2533, #2551, #2546, #2523, #2545, #2498, #2496, #2535, #2507, #2497, #2527, #2552, #2520, #2514, #2538, #2495, #2518, #2515, #2519, #2529, #2554, #2525, #2502, #2531, #2492, #2491, #2511, #2549, #2522, #2536, #2528, #2524, #2509, #2499, #2550, #2513, #2493, #2537, #2530, #2540, #2512, #2553, #2503, #2516, #2548, #2539, #2517, #2504, #2510, #2541, #2521, #2559, #2571, #2557, #2582, #2534, #2572, #2532, #2560, #2579, #2562, #2561, #2558, #2573, #2564, #2563, #2580, #2556, #2577, #2555, #2568 ) ) ;
#1629 = ORIENTED_EDGE ( 'NONE', *, *, #2898, .T. ) ;
#1630 = ORIENTED_EDGE ( 'NONE', *, *, #272, .F. ) ;
#1631 = ORIENTED_EDGE ( 'NONE', *, *, #2907, .F. ) ;
#1632 = ORIENTED_EDGE ( 'NONE', *, *, #2921, .F. ) ;
#1633 = ORIENTED_EDGE ( 'NONE', *, *, #2897, .T. ) ;
#1634 = ORIENTED_EDGE ( 'NONE', *, *, #2949, .T. ) ;
#1635 = ORIENTED_EDGE ( 'NONE', *, *, #2981, .F. ) ;
#1636 = ORIENTED_EDGE ( 'NONE', *, *, #31, .F. ) ;
#1637 = ORIENTED_EDGE ( 'NONE', *, *, #2894, .F. ) ;
#1638 = ORIENTED_EDGE ( 'NONE', *, *, #2899, .F. ) ;
#1639 = ORIENTED_EDGE ( 'NONE', *, *, #2929, .T. ) ;
#1640 = ORIENTED_EDGE ( 'NONE', *, *, #2897, .F. ) ;
#1641 = ORIENTED_EDGE ( 'NONE', *, *, #2903, .F. ) ;
#1642 = ORIENTED_EDGE ( 'NONE', *, *, #2929, .F. ) ;
#1643 = ORIENTED_EDGE ( 'NONE', *, *, #2952, .T. ) ;
#1644 = ORIENTED_EDGE ( 'NONE', *, *, #38, .T. ) ;
#1645 = ORIENTED_EDGE ( 'NONE', *, *, #2905, .T. ) ;
#1646 = ORIENTED_EDGE ( 'NONE', *, *, #2898, .F. ) ;
#1647 = ORIENTED_EDGE ( 'NONE', *, *, #2957, .T. ) ;
#1648 = ORIENTED_EDGE ( 'NONE', *, *, #2992, .F. ) ;
#1649 = ORIENTED_EDGE ( 'NONE', *, *, #2902, .T. ) ;
#1650 = ORIENTED_EDGE ( 'NONE', *, *, #2900, .F. ) ;
#1651 = ORIENTED_EDGE ( 'NONE', *, *, #36, .F. ) ;
#1652 = ORIENTED_EDGE ( 'NONE', *, *, #34, .F. ) ;
#1653 = ORIENTED_EDGE ( 'NONE', *, *, #2946, .T. ) ;
#1654 = ORIENTED_EDGE ( 'NONE', *, *, #40, .F. ) ;
#1655 = ORIENTED_EDGE ( 'NONE', *, *, #2908, .T. ) ;
#1656 = ORIENTED_EDGE ( 'NONE', *, *, #2903, .T. ) ;
#1657 = ORIENTED_EDGE ( 'NONE', *, *, #2908, .F. ) ;
#1658 = ORIENTED_EDGE ( 'NONE', *, *, #37, .F. ) ;
#1659 = ORIENTED_EDGE ( 'NONE', *, *, #2996, .T. ) ;
#1660 = ORIENTED_EDGE ( 'NONE', *, *, #2942, .T. ) ;
#1661 = ORIENTED_EDGE ( 'NONE', *, *, #35, .F. ) ;
#1662 = ORIENTED_EDGE ( 'NONE', *, *, #258, .T. ) ;
#1663 = ORIENTED_EDGE ( 'NONE', *, *, #2938, .T. ) ;
#1664 = ORIENTED_EDGE ( 'NONE', *, *, #36, .T. ) ;
#1665 = ORIENTED_EDGE ( 'NONE', *, *, #2938, .F. ) ;
#1666 = ORIENTED_EDGE ( 'NONE', *, *, #2904, .F. ) ;
#1667 = ORIENTED_EDGE ( 'NONE', *, *, #37, .T. ) ;
#1668 = ORIENTED_EDGE ( 'NONE', *, *, #34, .T. ) ;
#1669 = ORIENTED_EDGE ( 'NONE', *, *, #2901, .T. ) ;
#1670 = ORIENTED_EDGE ( 'NONE', *, *, #40, .T. ) ;
#1671 = ORIENTED_EDGE ( 'NONE', *, *, #38, .F. ) ;
#1672 = ORIENTED_EDGE ( 'NONE', *, *, #2927, .F. ) ;
#1673 = ORIENTED_EDGE ( 'NONE', *, *, #2905, .F. ) ;
#1674 = ORIENTED_EDGE ( 'NONE', *, *, #2901, .F. ) ;
#1675 = ORIENTED_EDGE ( 'NONE', *, *, #2927, .T. ) ;
#1676 = ORIENTED_EDGE ( 'NONE', *, *, #2202, .T. ) ;
#1677 = ORIENTED_EDGE ( 'NONE', *, *, #243, .T. ) ;
#1678 = ORIENTED_EDGE ( 'NONE', *, *, #3005, .F. ) ;
#1679 = ORIENTED_EDGE ( 'NONE', *, *, #2203, .T. ) ;
#1680 = ORIENTED_EDGE ( 'NONE', *, *, #285, .T. ) ;
#1681 = ORIENTED_EDGE ( 'NONE', *, *, #2969, .F. ) ;
#1682 = ORIENTED_EDGE ( 'NONE', *, *, #241, .T. ) ;
#1683 = ORIENTED_EDGE ( 'NONE', *, *, #2941, .T. ) ;
#1684 = ORIENTED_EDGE ( 'NONE', *, *, #2212, .T. ) ;
#1685 = ORIENTED_EDGE ( 'NONE', *, *, #2634, .T. ) ;
#1686 = ORIENTED_EDGE ( 'NONE', *, *, #2971, .T. ) ;
#1687 = ORIENTED_EDGE ( 'NONE', *, *, #2998, .F. ) ;
#1688 = ORIENTED_EDGE ( 'NONE', *, *, #268, .F. ) ;
#1689 = ORIENTED_EDGE ( 'NONE', *, *, #272, .T. ) ;
#1690 = ORIENTED_EDGE ( 'NONE', *, *, #2226, .T. ) ;
#1691 = ORIENTED_EDGE ( 'NONE', *, *, #267, .F. ) ;
#1692 = ORIENTED_EDGE ( 'NONE', *, *, #264, .F. ) ;
#1693 = ORIENTED_EDGE ( 'NONE', *, *, #2911, .F. ) ;
#1694 = ORIENTED_EDGE ( 'NONE', *, *, #3004, .F. ) ;
#1695 = ORIENTED_EDGE ( 'NONE', *, *, #2977, .F. ) ;
#1696 = ORIENTED_EDGE ( 'NONE', *, *, #2994, .T. ) ;
#1697 = ORIENTED_EDGE ( 'NONE', *, *, #2946, .F. ) ;
#1698 = ORIENTED_EDGE ( 'NONE', *, *, #2999, .T. ) ;
#1699 = ORIENTED_EDGE ( 'NONE', *, *, #3011, .T. ) ;
#1700 = ORIENTED_EDGE ( 'NONE', *, *, #2993, .T. ) ;
#1701 = ORIENTED_EDGE ( 'NONE', *, *, #259, .T. ) ;
#1702 = ORIENTED_EDGE ( 'NONE', *, *, #253, .F. ) ;
#1703 = ORIENTED_EDGE ( 'NONE', *, *, #248, .F. ) ;
#1704 = ORIENTED_EDGE ( 'NONE', *, *, #2891, .T. ) ;
#1705 = ORIENTED_EDGE ( 'NONE', *, *, #2956, .F. ) ;
#1706 = ORIENTED_EDGE ( 'NONE', *, *, #276, .F. ) ;
#1707 = ORIENTED_EDGE ( 'NONE', *, *, #2600, .F. ) ;
#1708 = ORIENTED_EDGE ( 'NONE', *, *, #258, .F. ) ;
#1709 = ORIENTED_EDGE ( 'NONE', *, *, #287, .T. ) ;
#1710 = ORIENTED_EDGE ( 'NONE', *, *, #2968, .F. ) ;
#1711 = ORIENTED_EDGE ( 'NONE', *, *, #284, .T. ) ;
#1712 = ORIENTED_EDGE ( 'NONE', *, *, #278, .F. ) ;
#1713 = ORIENTED_EDGE ( 'NONE', *, *, #2923, .T. ) ;
#1714 = ORIENTED_EDGE ( 'NONE', *, *, #247, .F. ) ;
#1715 = ORIENTED_EDGE ( 'NONE', *, *, #2891, .F. ) ;
#1716 = ORIENTED_EDGE ( 'NONE', *, *, #2996, .F. ) ;
#1717 = ORIENTED_EDGE ( 'NONE', *, *, #273, .T. ) ;
#1718 = ORIENTED_EDGE ( 'NONE', *, *, #2988, .T. ) ;
#1719 = ORIENTED_EDGE ( 'NONE', *, *, #3000, .F. ) ;
#1720 = ORIENTED_EDGE ( 'NONE', *, *, #2997, .F. ) ;
#1721 = ORIENTED_EDGE ( 'NONE', *, *, #287, .F. ) ;
#1722 = ORIENTED_EDGE ( 'NONE', *, *, #2226, .F. ) ;
#1723 = ORIENTED_EDGE ( 'NONE', *, *, #2210, .T. ) ;
#1724 = ORIENTED_EDGE ( 'NONE', *, *, #2230, .T. ) ;
#1725 = ORIENTED_EDGE ( 'NONE', *, *, #2225, .F. ) ;
#1726 = ORIENTED_EDGE ( 'NONE', *, *, #242, .F. ) ;
#1727 = ORIENTED_EDGE ( 'NONE', *, *, #2928, .F. ) ;
#1728 = ORIENTED_EDGE ( 'NONE', *, *, #2991, .F. ) ;
#1729 = ORIENTED_EDGE ( 'NONE', *, *, #249, .F. ) ;
#1730 = ORIENTED_EDGE ( 'NONE', *, *, #3008, .F. ) ;
#1731 = ORIENTED_EDGE ( 'NONE', *, *, #286, .F. ) ;
#1732 = ORIENTED_EDGE ( 'NONE', *, *, #2890, .F. ) ;
#1733 = ORIENTED_EDGE ( 'NONE', *, *, #3007, .T. ) ;
#1734 = ORIENTED_EDGE ( 'NONE', *, *, #2972, .F. ) ;
#1735 = ORIENTED_EDGE ( 'NONE', *, *, #2990, .T. ) ;
#1736 = ORIENTED_EDGE ( 'NONE', *, *, #277, .T. ) ;
#1737 = ORIENTED_EDGE ( 'NONE', *, *, #286, .T. ) ;
#1738 = ORIENTED_EDGE ( 'NONE', *, *, #2958, .F. ) ;
#1739 = ORIENTED_EDGE ( 'NONE', *, *, #260, .F. ) ;
#1740 = ORIENTED_EDGE ( 'NONE', *, *, #276, .T. ) ;
#1741 = ORIENTED_EDGE ( 'NONE', *, *, #252, .T. ) ;
#1742 = ORIENTED_EDGE ( 'NONE', *, *, #2231, .F. ) ;
#1743 = ORIENTED_EDGE ( 'NONE', *, *, #291, .T. ) ;
#1744 = ORIENTED_EDGE ( 'NONE', *, *, #2974, .T. ) ;
#1745 = ORIENTED_EDGE ( 'NONE', *, *, #288, .T. ) ;
#1746 = ORIENTED_EDGE ( 'NONE', *, *, #2976, .T. ) ;
#1747 = ORIENTED_EDGE ( 'NONE', *, *, #2969, .T. ) ;
#1748 = ORIENTED_EDGE ( 'NONE', *, *, #2947, .T. ) ;
#1749 = ORIENTED_EDGE ( 'NONE', *, *, #263, .T. ) ;
#1750 = ORIENTED_EDGE ( 'NONE', *, *, #2600, .T. ) ;
#1751 = ORIENTED_EDGE ( 'NONE', *, *, #2968, .T. ) ;
#1752 = ORIENTED_EDGE ( 'NONE', *, *, #2933, .T. ) ;
#1753 = ORIENTED_EDGE ( 'NONE', *, *, #283, .F. ) ;
#1754 = ORIENTED_EDGE ( 'NONE', *, *, #277, .F. ) ;
#1755 = ORIENTED_EDGE ( 'NONE', *, *, #2964, .T. ) ;
#1756 = ORIENTED_EDGE ( 'NONE', *, *, #3001, .F. ) ;
#1757 = ORIENTED_EDGE ( 'NONE', *, *, #244, .F. ) ;
#1758 = ORIENTED_EDGE ( 'NONE', *, *, #292, .T. ) ;
#1759 = ORIENTED_EDGE ( 'NONE', *, *, #266, .T. ) ;
#1760 = ORIENTED_EDGE ( 'NONE', *, *, #2985, .T. ) ;
#1761 = ORIENTED_EDGE ( 'NONE', *, *, #249, .T. ) ;
#1762 = ORIENTED_EDGE ( 'NONE', *, *, #2953, .T. ) ;
#1763 = ORIENTED_EDGE ( 'NONE', *, *, #271, .T. ) ;
#1764 = ORIENTED_EDGE ( 'NONE', *, *, #283, .T. ) ;
#1765 = ORIENTED_EDGE ( 'NONE', *, *, #290, .F. ) ;
#1766 = ORIENTED_EDGE ( 'NONE', *, *, #2225, .T. ) ;
#1767 = ORIENTED_EDGE ( 'NONE', *, *, #256, .T. ) ;
#1768 = ORIENTED_EDGE ( 'NONE', *, *, #3000, .T. ) ;
#1769 = ORIENTED_EDGE ( 'NONE', *, *, #2935, .T. ) ;
#1770 = ORIENTED_EDGE ( 'NONE', *, *, #265, .T. ) ;
#1771 = ORIENTED_EDGE ( 'NONE', *, *, #2972, .T. ) ;
#1772 = ORIENTED_EDGE ( 'NONE', *, *, #2998, .T. ) ;
#1773 = ORIENTED_EDGE ( 'NONE', *, *, #2990, .F. ) ;
#1774 = ORIENTED_EDGE ( 'NONE', *, *, #2889, .F. ) ;
#1775 = ORIENTED_EDGE ( 'NONE', *, *, #275, .T. ) ;
#1776 = ORIENTED_EDGE ( 'NONE', *, *, #278, .T. ) ;
#1777 = ORIENTED_EDGE ( 'NONE', *, *, #292, .F. ) ;
#1778 = ORIENTED_EDGE ( 'NONE', *, *, #259, .F. ) ;
#1779 = ORIENTED_EDGE ( 'NONE', *, *, #275, .F. ) ;
#1780 = ORIENTED_EDGE ( 'NONE', *, *, #2961, .T. ) ;
#1781 = ORIENTED_EDGE ( 'NONE', *, *, #2199, .T. ) ;
#1782 = ORIENTED_EDGE ( 'NONE', *, *, #284, .F. ) ;
#1783 = ORIENTED_EDGE ( 'NONE', *, *, #244, .T. ) ;
#1784 = ORIENTED_EDGE ( 'NONE', *, *, #281, .T. ) ;
#1785 = ORIENTED_EDGE ( 'NONE', *, *, #2229, .T. ) ;
#1786 = ORIENTED_EDGE ( 'NONE', *, *, #263, .F. ) ;
#1787 = ORIENTED_EDGE ( 'NONE', *, *, #289, .T. ) ;
#1788 = ORIENTED_EDGE ( 'NONE', *, *, #242, .T. ) ;
#1789 = ORIENTED_EDGE ( 'NONE', *, *, #2216, .T. ) ;
#1790 = ORIENTED_EDGE ( 'NONE', *, *, #290, .T. ) ;
#1791 = ORIENTED_EDGE ( 'NONE', *, *, #247, .T. ) ;
#1792 = ORIENTED_EDGE ( 'NONE', *, *, #261, .T. ) ;
#1793 = ORIENTED_EDGE ( 'NONE', *, *, #279, .F. ) ;
#1794 = ORIENTED_EDGE ( 'NONE', *, *, #2229, .F. ) ;
#1795 = ORIENTED_EDGE ( 'NONE', *, *, #2223, .T. ) ;
#1796 = ORIENTED_EDGE ( 'NONE', *, *, #2234, .T. ) ;
#1797 = ORIENTED_EDGE ( 'NONE', *, *, #2237, .F. ) ;
#1798 = ORIENTED_EDGE ( 'NONE', *, *, #3003, .F. ) ;
#1799 = ORIENTED_EDGE ( 'NONE', *, *, #2204, .T. ) ;
#1800 = ORIENTED_EDGE ( 'NONE', *, *, #2967, .T. ) ;
#1801 = ORIENTED_EDGE ( 'NONE', *, *, #282, .T. ) ;
#1802 = ORIENTED_EDGE ( 'NONE', *, *, #245, .T. ) ;
#1803 = ORIENTED_EDGE ( 'NONE', *, *, #2978, .T. ) ;
#1804 = EDGE_LOOP ( 'NONE', ( #1033, #1034, #1039, #1025 ) ) ;
#1805 = ORIENTED_EDGE ( 'NONE', *, *, #2210, .F. ) ;
#1806 = ORIENTED_EDGE ( 'NONE', *, *, #261, .F. ) ;
#1807 = EDGE_LOOP ( 'NONE', ( #1063, #24, #1052, #1060 ) ) ;
#1808 = EDGE_LOOP ( 'NONE', ( #1022, #1019, #1024, #1028 ) ) ;
#1809 = ORIENTED_EDGE ( 'NONE', *, *, #42, .T. ) ;
#1810 = EDGE_LOOP ( 'NONE', ( #1026, #1023, #1029, #1030 ) ) ;
#1811 = EDGE_LOOP ( 'NONE', ( #1032, #1038, #1040, #1014 ) ) ;
#1812 = ORIENTED_EDGE ( 'NONE', *, *, #42, .F. ) ;
#1813 = ORIENTED_EDGE ( 'NONE', *, *, #260, .T. ) ;
#1814 = ORIENTED_EDGE ( 'NONE', *, *, #2931, .T. ) ;
#1815 = ORIENTED_EDGE ( 'NONE', *, *, #43, .F. ) ;
#1816 = ORIENTED_EDGE ( 'NONE', *, *, #43, .T. ) ;
#1817 = ORIENTED_EDGE ( 'NONE', *, *, #2951, .T. ) ;
#1818 = EDGE_LOOP ( 'NONE', ( #1514, #22, #1042, #1081 ) ) ;
#1819 = ORIENTED_EDGE ( 'NONE', *, *, #3010, .T. ) ;
#1820 = ORIENTED_EDGE ( 'NONE', *, *, #2989, .F. ) ;
#1821 = ORIENTED_EDGE ( 'NONE', *, *, #3009, .T. ) ;
#1822 = ORIENTED_EDGE ( 'NONE', *, *, #243, .F. ) ;
#1823 = ORIENTED_EDGE ( 'NONE', *, *, #246, .T. ) ;
#1824 = ORIENTED_EDGE ( 'NONE', *, *, #2203, .F. ) ;
#1825 = ORIENTED_EDGE ( 'NONE', *, *, #2934, .F. ) ;
#1826 = ORIENTED_EDGE ( 'NONE', *, *, #2932, .F. ) ;
#1827 = ORIENTED_EDGE ( 'NONE', *, *, #289, .F. ) ;
#1828 = ORIENTED_EDGE ( 'NONE', *, *, #30, .F. ) ;
#1829 = ORIENTED_EDGE ( 'NONE', *, *, #248, .T. ) ;
#1830 = ORIENTED_EDGE ( 'NONE', *, *, #3008, .T. ) ;
#1831 = ORIENTED_EDGE ( 'NONE', *, *, #2926, .T. ) ;
#1832 = ORIENTED_EDGE ( 'NONE', *, *, #2966, .F. ) ;
#1833 = ORIENTED_EDGE ( 'NONE', *, *, #3004, .T. ) ;
#1834 = ORIENTED_EDGE ( 'NONE', *, *, #2202, .F. ) ;
#1835 = ORIENTED_EDGE ( 'NONE', *, *, #2234, .F. ) ;
#1836 = ORIENTED_EDGE ( 'NONE', *, *, #2918, .F. ) ;
#1837 = ORIENTED_EDGE ( 'NONE', *, *, #2939, .T. ) ;
#1838 = ORIENTED_EDGE ( 'NONE', *, *, #2945, .T. ) ;
#1839 = ORIENTED_EDGE ( 'NONE', *, *, #254, .F. ) ;
#1840 = ORIENTED_EDGE ( 'NONE', *, *, #2237, .T. ) ;
#1841 = ORIENTED_EDGE ( 'NONE', *, *, #2956, .T. ) ;
#1842 = ORIENTED_EDGE ( 'NONE', *, *, #2931, .F. ) ;
#1843 = ORIENTED_EDGE ( 'NONE', *, *, #2984, .F. ) ;
#1844 = ORIENTED_EDGE ( 'NONE', *, *, #2997, .T. ) ;
#1845 = ORIENTED_EDGE ( 'NONE', *, *, #2930, .T. ) ;
#1846 = ORIENTED_EDGE ( 'NONE', *, *, #2893, .T. ) ;
#1847 = ORIENTED_EDGE ( 'NONE', *, *, #281, .F. ) ;
#1848 = ORIENTED_EDGE ( 'NONE', *, *, #267, .T. ) ;
#1849 = ORIENTED_EDGE ( 'NONE', *, *, #2895, .T. ) ;
#1850 = EDGE_LOOP ( 'NONE', ( #1043, #1027, #1036, #1037 ) ) ;
#1851 = EDGE_LOOP ( 'NONE', ( #27, #1072, #8, #1048 ) ) ;
#1852 = EDGE_LOOP ( 'NONE', ( #1031, #1079, #1044, #1054 ) ) ;
#1853 = ORIENTED_EDGE ( 'NONE', *, *, #2993, .F. ) ;
#1854 = EDGE_LOOP ( 'NONE', ( #1035, #1018, #1020, #1021 ) ) ;
#1855 = ORIENTED_EDGE ( 'NONE', *, *, #2933, .F. ) ;
#1856 = ORIENTED_EDGE ( 'NONE', *, *, #269, .T. ) ;
#1857 = ORIENTED_EDGE ( 'NONE', *, *, #2959, .F. ) ;
#1858 = ORIENTED_EDGE ( 'NONE', *, *, #270, .F. ) ;
#1859 = ORIENTED_EDGE ( 'NONE', *, *, #2925, .F. ) ;
#1860 = ORIENTED_EDGE ( 'NONE', *, *, #2231, .T. ) ;
#1861 = ORIENTED_EDGE ( 'NONE', *, *, #2922, .F. ) ;
#1862 = ORIENTED_EDGE ( 'NONE', *, *, #2913, .F. ) ;
#1863 = ORIENTED_EDGE ( 'NONE', *, *, #30, .T. ) ;
#1864 = ORIENTED_EDGE ( 'NONE', *, *, #2975, .T. ) ;
#1865 = ORIENTED_EDGE ( 'NONE', *, *, #255, .T. ) ;
#1866 = ORIENTED_EDGE ( 'NONE', *, *, #2922, .T. ) ;
#1867 = ORIENTED_EDGE ( 'NONE', *, *, #2926, .F. ) ;
#1868 = EDGE_LOOP ( 'NONE', ( #1717, #1615, #1725 ) ) ;
#1869 = EDGE_LOOP ( 'NONE', ( #1777, #1793 ) ) ;
#1870 = EDGE_LOOP ( 'NONE', ( #1679, #1744 ) ) ;
#1871 = EDGE_LOOP ( 'NONE', ( #1006, #1012 ) ) ;
#1872 = EDGE_LOOP ( 'NONE', ( #1820, #1765, #1760, #1802, #1782, #1741, #1743 ) ) ;
#1873 = EDGE_LOOP ( 'NONE', ( #1706, #1696, #1677 ) ) ;
#1874 = EDGE_LOOP ( 'NONE', ( #1683, #1723 ) ) ;
#1875 = EDGE_LOOP ( 'NONE', ( #1779, #1781, #1786, #1853 ) ) ;
#1876 = EDGE_LOOP ( 'NONE', ( #1822, #1799, #1797 ) ) ;
#1877 = EDGE_LOOP ( 'NONE', ( #1800, #1682 ) ) ;
#1878 = EDGE_LOOP ( 'NONE', ( #1078, #1493, #1002, #1010, #1017, #1003, #1004 ) ) ;
#1879 = EDGE_LOOP ( 'NONE', ( #1718, #1795 ) ) ;
#1880 = EDGE_LOOP ( 'NONE', ( #21, #1041, #23, #1058 ) ) ;
#1881 = EDGE_LOOP ( 'NONE', ( #1752, #1817 ) ) ;
#1882 = EDGE_LOOP ( 'NONE', ( #1719, #1733, #1728 ) ) ;
#1883 = EDGE_LOOP ( 'NONE', ( #3012, #1055, #1489, #1053, #28, #2, #1049 ) ) ;
#1884 = EDGE_LOOP ( 'NONE', ( #1860, #1823 ) ) ;
#1885 = EDGE_LOOP ( 'NONE', ( #1061, #1062, #1066, #1067, #1069, #1071, #1076 ) ) ;
#1886 = EDGE_LOOP ( 'NONE', ( #1057, #29, #1045, #1065 ) ) ;
#1887 = EDGE_LOOP ( 'NONE', ( #1749, #1801, #1788, #1776 ) ) ;
#1888 = EDGE_LOOP ( 'NONE', ( #1005, #1008 ) ) ;
#1889 = EDGE_LOOP ( 'NONE', ( #1703, #1702 ) ) ;
#1890 = EDGE_LOOP ( 'NONE', ( #1780, #1745 ) ) ;
#1891 = EDGE_LOOP ( 'NONE', ( #1762, #1770 ) ) ;
#1892 = EDGE_LOOP ( 'NONE', ( #1843, #1978 ) ) ;
#1893 = EDGE_LOOP ( 'NONE', ( #1840, #1768, #1791, #1785 ) ) ;
#1894 = EDGE_LOOP ( 'NONE', ( #1766, #1740, #1761, #1764 ) ) ;
#1895 = EDGE_LOOP ( 'NONE', ( #1976, #1980, #1938, #1943 ) ) ;
#1896 = EDGE_LOOP ( 'NONE', ( #1701, #1713, #1729 ) ) ;
#1897 = EDGE_LOOP ( 'NONE', ( #1708, #1727 ) ) ;
#1898 = EDGE_LOOP ( 'NONE', ( #1073, #1051, #1068, #1070 ) ) ;
#1899 = EDGE_LOOP ( 'NONE', ( #1082, #20, #1001, #19 ) ) ;
#1900 = EDGE_LOOP ( 'NONE', ( #1827, #1831, #1830 ) ) ;
#1901 = EDGE_LOOP ( 'NONE', ( #1722, #1763, #1724, #1747 ) ) ;
#1902 = EDGE_LOOP ( 'NONE', ( #1691, #1738 ) ) ;
#1903 = EDGE_LOOP ( 'NONE', ( #1794, #1803, #1778 ) ) ;
#1904 = EDGE_LOOP ( 'NONE', ( #1732, #1711, #1684, #1737, #1685, #1789 ) ) ;
#1905 = EDGE_LOOP ( 'NONE', ( #1774, #1754, #1755, #1758 ) ) ;
#1906 = EDGE_LOOP ( 'NONE', ( #1746, #1676 ) ) ;
#1907 = EDGE_LOOP ( 'NONE', ( #1816, #1837 ) ) ;
#1908 = EDGE_LOOP ( 'NONE', ( #1046, #1075, #1050, #1077 ) ) ;
#1909 = EDGE_LOOP ( 'NONE', ( #1836, #1866, #1846, #1834 ) ) ;
#1910 = EDGE_LOOP ( 'NONE', ( #1697, #1688, #1716, #1721, #1734, #1730, #1720, #1705, #1710, #1681, #1698, #1687, #1715 ) ) ;
#1911 = EDGE_LOOP ( 'NONE', ( #1726, #1680, #1690, #1751, #1784, #1792, #1787, #1771, #1773 ) ) ;
#1912 = EDGE_LOOP ( 'NONE', ( #1015, #1016, #1704, #1707, #1700, #1712, #1735, #1709, #1689 ) ) ;
#1913 = EDGE_LOOP ( 'NONE', ( #1798, #1824, #1819, #1783 ) ) ;
#1914 = EDGE_LOOP ( 'NONE', ( #1832, #1842 ) ) ;
#1915 = EDGE_LOOP ( 'NONE', ( #1013, #1011 ) ) ;
#1916 = EDGE_LOOP ( 'NONE', ( #1826, #1815, #1864, #1848 ) ) ;
#1917 = EDGE_LOOP ( 'NONE', ( #17, #18, #1056, #1074 ) ) ;
#1918 = EDGE_LOOP ( 'NONE', ( #1694, #1695 ) ) ;
#1919 = EDGE_LOOP ( 'NONE', ( #1828, #1844, #1867, #1806 ) ) ;
#1920 = EDGE_LOOP ( 'NONE', ( #26, #1047, #25, #16 ) ) ;
#1921 = EDGE_LOOP ( 'NONE', ( #1825, #1861 ) ) ;
#1922 = EDGE_LOOP ( 'NONE', ( #1809, #1821 ) ) ;
#1923 = EDGE_LOOP ( 'NONE', ( #1692, #1693 ) ) ;
#1924 = EDGE_LOOP ( 'NONE', ( #1757, #1756 ) ) ;
#1925 = EDGE_LOOP ( 'NONE', ( #1080, #1059, #4, #1064 ) ) ;
#1926 = EDGE_LOOP ( 'NONE', ( #1731, #1699, #1714 ) ) ;
#1927 = EDGE_LOOP ( 'NONE', ( #1859, #1849, #1838, #1835 ) ) ;
#1928 = EDGE_LOOP ( 'NONE', ( #1748, #1796 ) ) ;
#1929 = EDGE_LOOP ( 'NONE', ( #1772, #1759, #1775, #1750 ) ) ;
#1930 = EDGE_LOOP ( 'NONE', ( #1736, #1686 ) ) ;
#1931 = EDGE_LOOP ( 'NONE', ( #1739, #1678 ) ) ;
#1932 = EDGE_LOOP ( 'NONE', ( #1673, #1655, #1613, #1665 ) ) ;
#1933 = EDGE_LOOP ( 'NONE', ( #1617, #1634 ) ) ;
#1934 = ORIENTED_EDGE ( 'NONE', *, *, #33, .F. ) ;
#1935 = ORIENTED_EDGE ( 'NONE', *, *, #2987, .F. ) ;
#1936 = EDGE_LOOP ( 'NONE', ( #1656, #1668 ) ) ;
#1937 = ORIENTED_EDGE ( 'NONE', *, *, #274, .F. ) ;
#1938 = ORIENTED_EDGE ( 'NONE', *, *, #2917, .T. ) ;
#1939 = EDGE_LOOP ( 'NONE', ( #1753, #1769, #1790 ) ) ;
#1940 = EDGE_LOOP ( 'NONE', ( #1674, #1621, #1639, #1657 ) ) ;
#1941 = EDGE_LOOP ( 'NONE', ( #1841, #1863, #1847 ) ) ;
#1942 = EDGE_LOOP ( 'NONE', ( #2038, #2055, #2042 ) ) ;
#1943 = ORIENTED_EDGE ( 'NONE', *, *, #2223, .F. ) ;
#1944 = EDGE_LOOP ( 'NONE', ( #2036, #2023, #2057, #2017 ) ) ;
#1945 = EDGE_LOOP ( 'NONE', ( #1839, #1812, #1865, #1829 ) ) ;
#1946 = ORIENTED_EDGE ( 'NONE', *, *, #2906, .F. ) ;
#1947 = EDGE_LOOP ( 'NONE', ( #1649, #1627 ) ) ;
#1948 = EDGE_LOOP ( 'NONE', ( #1996, #2002, #2031, #2011, #2044, #2005 ) ) ;
#1949 = ORIENTED_EDGE ( 'NONE', *, *, #39, .F. ) ;
#1950 = ORIENTED_EDGE ( 'NONE', *, *, #41, .F. ) ;
#1951 = EDGE_LOOP ( 'NONE', ( #2027, #2016, #2034, #2053 ) ) ;
#1952 = EDGE_LOOP ( 'NONE', ( #2010, #2004, #2000, #2041 ) ) ;
#1953 = EDGE_LOOP ( 'NONE', ( #2015, #2022, #2054, #2046 ) ) ;
#1954 = EDGE_LOOP ( 'NONE', ( #2012, #2003, #2001, #2032 ) ) ;
#1955 = ORIENTED_EDGE ( 'NONE', *, *, #2912, .F. ) ;
#1956 = ORIENTED_EDGE ( 'NONE', *, *, #3006, .F. ) ;
#1957 = ORIENTED_EDGE ( 'NONE', *, *, #2994, .F. ) ;
#1958 = EDGE_LOOP ( 'NONE', ( #1636, #1641, #1664, #1619 ) ) ;
#1959 = EDGE_LOOP ( 'NONE', ( #1633, #1663 ) ) ;
#1960 = EDGE_LOOP ( 'NONE', ( #2035, #2029, #2007, #2043 ) ) ;
#1961 = EDGE_LOOP ( 'NONE', ( #1637, #1654, #1660, #1647 ) ) ;
#1962 = EDGE_LOOP ( 'NONE', ( #2013, #2008, #2014, #2026 ) ) ;
#1963 = EDGE_LOOP ( 'NONE', ( #1950, #1937, #1971 ) ) ;
#1964 = EDGE_LOOP ( 'NONE', ( #1966, #2037, #2033, #2009 ) ) ;
#1965 = EDGE_LOOP ( 'NONE', ( #1967, #1946, #1972 ) ) ;
#1966 = ORIENTED_EDGE ( 'NONE', *, *, #2892, .T. ) ;
#1967 = ORIENTED_EDGE ( 'NONE', *, *, #3007, .F. ) ;
#1968 = EDGE_LOOP ( 'NONE', ( #1862, #1814, #1845, #1805 ) ) ;
#1969 = EDGE_LOOP ( 'NONE', ( #1935, #1949 ) ) ;
#1970 = EDGE_LOOP ( 'NONE', ( #1638, #1669, #1672, #1642 ) ) ;
#1971 = ORIENTED_EDGE ( 'NONE', *, *, #250, .F. ) ;
#1972 = ORIENTED_EDGE ( 'NONE', *, *, #3002, .F. ) ;
#1973 = EDGE_LOOP ( 'NONE', ( #1858, #1742, #1767, #1813 ) ) ;
#1974 = EDGE_LOOP ( 'NONE', ( #1857, #1855, #1856, #1833 ) ) ;
#1975 = EDGE_LOOP ( 'NONE', ( #1670, #1620 ) ) ;
#1976 = ORIENTED_EDGE ( 'NONE', *, *, #2980, .F. ) ;
#1977 = EDGE_LOOP ( 'NONE', ( #1648, #1626, #1653 ) ) ;
#1978 = ORIENTED_EDGE ( 'NONE', *, *, #2895, .F. ) ;
#1979 = EDGE_LOOP ( 'NONE', ( #1671, #1629, #1624, #1658 ) ) ;
#1980 = ORIENTED_EDGE ( 'NONE', *, *, #39, .T. ) ;
#1981 = EDGE_LOOP ( 'NONE', ( #1646, #1666, #1667, #1614 ) ) ;
#1982 = EDGE_LOOP ( 'NONE', ( #2006, #2056 ) ) ;
#1983 = ORIENTED_EDGE ( 'NONE', *, *, #2892, .F. ) ;
#1984 = ORIENTED_EDGE ( 'NONE', *, *, #280, .F. ) ;
#1985 = EDGE_LOOP ( 'NONE', ( #1652, #1616, #1644, #1651 ) ) ;
#1986 = EDGE_LOOP ( 'NONE', ( #1635, #1632, #1643, #1662 ) ) ;
#1987 = EDGE_LOOP ( 'NONE', ( #1661, #1622, #1650, #1623 ) ) ;
#1988 = EDGE_LOOP ( 'NONE', ( #1675, #1645, #1640, #1631 ) ) ;
#1989 = ORIENTED_EDGE ( 'NONE', *, *, #2204, .F. ) ;
#1990 = ORIENTED_EDGE ( 'NONE', *, *, #2944, .F. ) ;
#1991 = EDGE_LOOP ( 'NONE', ( #1955, #1984, #1956 ) ) ;
#1992 = EDGE_LOOP ( 'NONE', ( #2018, #2019, #2045, #2039 ) ) ;
#1993 = EDGE_LOOP ( 'NONE', ( #1659, #1618, #1630 ) ) ;
#1994 = EDGE_LOOP ( 'NONE', ( #1934, #1990 ) ) ;
#1995 = EDGE_LOOP ( 'NONE', ( #1983, #1989, #1957 ) ) ;
#1996 = ORIENTED_EDGE ( 'NONE', *, *, #2948, .F. ) ;
#1997 = CIRCLE ( 'NONE', #2195, 8.000000000000000000 ) ;
#1998 = LOCAL_TIME ( 11, 42, 9.000000000000000000, #2050 ) ;
#1999 = CIRCLE ( 'NONE', #2235, 1.395237691524755500 ) ;
#2000 = ORIENTED_EDGE ( 'NONE', *, *, #285, .F. ) ;
#2001 = ORIENTED_EDGE ( 'NONE', *, *, #2999, .F. ) ;
#2002 = ORIENTED_EDGE ( 'NONE', *, *, #3011, .F. ) ;
#2003 = ORIENTED_EDGE ( 'NONE', *, *, #266, .F. ) ;
#2004 = ORIENTED_EDGE ( 'NONE', *, *, #271, .F. ) ;
#2005 = ORIENTED_EDGE ( 'NONE', *, *, #2915, .T. ) ;
#2006 = ORIENTED_EDGE ( 'NONE', *, *, #2937, .T. ) ;
#2007 = ORIENTED_EDGE ( 'NONE', *, *, #2950, .T. ) ;
#2008 = ORIENTED_EDGE ( 'NONE', *, *, #2915, .F. ) ;
#2009 = ORIENTED_EDGE ( 'NONE', *, *, #2906, .T. ) ;
#2010 = ORIENTED_EDGE ( 'NONE', *, *, #2896, .T. ) ;
#2011 = ORIENTED_EDGE ( 'NONE', *, *, #245, .F. ) ;
#2012 = ORIENTED_EDGE ( 'NONE', *, *, #2920, .F. ) ;
#2013 = ORIENTED_EDGE ( 'NONE', *, *, #2970, .F. ) ;
#2014 = ORIENTED_EDGE ( 'NONE', *, *, #2962, .T. ) ;
#2015 = ORIENTED_EDGE ( 'NONE', *, *, #2916, .F. ) ;
#2016 = ORIENTED_EDGE ( 'NONE', *, *, #2902, .F. ) ;
#2017 = ORIENTED_EDGE ( 'NONE', *, *, #241, .F. ) ;
#2018 = ORIENTED_EDGE ( 'NONE', *, *, #2936, .F. ) ;
#2019 = ORIENTED_EDGE ( 'NONE', *, *, #2937, .F. ) ;
#2020 = LINE ( 'NONE', #880, #2058 ) ;
#2021 = LINE ( 'NONE', #879, #2024 ) ;
#2022 = ORIENTED_EDGE ( 'NONE', *, *, #291, .F. ) ;
#2023 = ORIENTED_EDGE ( 'NONE', *, *, #2216, .F. ) ;
#2024 = VECTOR ( 'NONE', #884, 1000.000000000000000 ) ;
#2025 = CIRCLE ( 'NONE', #2221, 9.000000000000000000 ) ;
#2026 = ORIENTED_EDGE ( 'NONE', *, *, #288, .F. ) ;
#2027 = ORIENTED_EDGE ( 'NONE', *, *, #2955, .F. ) ;
#2028 = VECTOR ( 'NONE', #878, 1000.000000000000000 ) ;
#2029 = ORIENTED_EDGE ( 'NONE', *, *, #2995, .F. ) ;
#2030 = LINE ( 'NONE', #881, #2049 ) ;
#2031 = ORIENTED_EDGE ( 'NONE', *, *, #2212, .F. ) ;
#2032 = ORIENTED_EDGE ( 'NONE', *, *, #2230, .F. ) ;
#2033 = ORIENTED_EDGE ( 'NONE', *, *, #41, .T. ) ;
#2034 = ORIENTED_EDGE ( 'NONE', *, *, #2960, .T. ) ;
#2035 = ORIENTED_EDGE ( 'NONE', *, *, #2940, .F. ) ;
#2036 = ORIENTED_EDGE ( 'NONE', *, *, #2973, .F. ) ;
#2037 = ORIENTED_EDGE ( 'NONE', *, *, #2912, .T. ) ;
#2038 = ORIENTED_EDGE ( 'NONE', *, *, #2199, .F. ) ;
#2039 = ORIENTED_EDGE ( 'NONE', *, *, #251, .T. ) ;
#2040 = CIRCLE ( 'NONE', #2211, 4.549999999999999800 ) ;
#2041 = ORIENTED_EDGE ( 'NONE', *, *, #282, .F. ) ;
#2042 = ORIENTED_EDGE ( 'NONE', *, *, #2896, .F. ) ;
#2043 = ORIENTED_EDGE ( 'NONE', *, *, #33, .T. ) ;
#2044 = ORIENTED_EDGE ( 'NONE', *, *, #2924, .T. ) ;
#2045 = ORIENTED_EDGE ( 'NONE', *, *, #2982, .T. ) ;
#2046 = ORIENTED_EDGE ( 'NONE', *, *, #265, .F. ) ;
#2047 = LINE ( 'NONE', #888, #2051 ) ;
#2048 = CIRCLE ( 'NONE', #2224, 8.000000000000000000 ) ;
#2049 = VECTOR ( 'NONE', #875, 1000.000000000000000 ) ;
#2050 = COORDINATED_UNIVERSAL_TIME_OFFSET ( 1, 0, .AHEAD. ) ;
#2051 = VECTOR ( 'NONE', #876, 1000.000000000000000 ) ;
#2052 = CIRCLE ( 'NONE', #2196, 1.395237691524754600 ) ;
#2053 = ORIENTED_EDGE ( 'NONE', *, *, #264, .T. ) ;
#2054 = ORIENTED_EDGE ( 'NONE', *, *, #2986, .T. ) ;
#2055 = ORIENTED_EDGE ( 'NONE', *, *, #2920, .T. ) ;
#2056 = ORIENTED_EDGE ( 'NONE', *, *, #2919, .T. ) ;
#2057 = ORIENTED_EDGE ( 'NONE', *, *, #2965, .T. ) ;
#2058 = VECTOR ( 'NONE', #921, 1000.000000000000000 ) ;
#2059 = LINE ( 'NONE', #889, #2028 ) ;
#2060 = CIRCLE ( 'NONE', #2218, 9.499999999999943200 ) ;
#2061 = LINE ( 'NONE', #351, #2062 ) ;
#2062 = VECTOR ( 'NONE', #342, 1000.000000000000000 ) ;
#2063 = VECTOR ( 'NONE', #934, 1000.000000000000100 ) ;
#2064 = VECTOR ( 'NONE', #361, 1000.000000000000000 ) ;
#2065 = LINE ( 'NONE', #354, #2066 ) ;
#2066 = VECTOR ( 'NONE', #371, 1000.000000000000000 ) ;
#2067 = VECTOR ( 'NONE', #347, 1000.000000000000000 ) ;
#2068 = VECTOR ( 'NONE', #900, 1000.000000000000000 ) ;
#2069 = VECTOR ( 'NONE', #352, 1000.000000000000000 ) ;
#2070 = VECTOR ( 'NONE', #368, 1000.000000000000100 ) ;
#2071 = FACE_OUTER_BOUND ( 'NONE', #1811, .T. ) ;
#2072 = LINE ( 'NONE', #941, #2073 ) ;
#2073 = VECTOR ( 'NONE', #945, 1000.000000000000100 ) ;
#2074 = CONICAL_SURFACE ( 'NONE', #2215, 1.499999999999999600, 0.03490658503988666700 ) ;
#2075 = LINE ( 'NONE', #365, #2069 ) ;
#2076 = CIRCLE ( 'NONE', #2236, 9.000000000000000000 ) ;
#2077 = CIRCLE ( 'NONE', #2217, 9.499999999999994700 ) ;
#2078 = LINE ( 'NONE', #929, #2068 ) ;
#2079 = CIRCLE ( 'NONE', #2213, 9.000000000000000000 ) ;
#2080 = CIRCLE ( 'NONE', #2197, 1.395237691524756400 ) ;
#2081 = VECTOR ( 'NONE', #978, 1000.000000000000000 ) ;
#2082 = LINE ( 'NONE', #363, #2146 ) ;
#2083 = LINE ( 'NONE', #336, #2064 ) ;
#2084 = VECTOR ( 'NONE', #948, 1000.000000000000100 ) ;
#2085 = CIRCLE ( 'NONE', #2200, 4.549999999999999800 ) ;
#2086 = FACE_OUTER_BOUND ( 'NONE', #1808, .T. ) ;
#2087 = CIRCLE ( 'NONE', #2238, 9.000000000000000000 ) ;
#2088 = VECTOR ( 'NONE', #350, 1000.000000000000100 ) ;
#2089 = CIRCLE ( 'NONE', #2198, 1.499999999999999600 ) ;
#2090 = CONICAL_SURFACE ( 'NONE', #2205, 9.000000000000000000, 0.7853981633974430600 ) ;
#2091 = CIRCLE ( 'NONE', #2233, 1.499999999999998700 ) ;
#2092 = LINE ( 'NONE', #946, #2108 ) ;
#2093 = CIRCLE ( 'NONE', #2194, 4.549999999999999800 ) ;
#2094 = LINE ( 'NONE', #331, #2067 ) ;
#2095 = CIRCLE ( 'NONE', #2206, 9.000000000000000000 ) ;
#2096 = LINE ( 'NONE', #981, #2115 ) ;
#2097 = CALENDAR_DATE ( 2017, 10, 2 ) ;
#2098 = CIRCLE ( 'NONE', #2232, 1.395237691524756400 ) ;
#2099 = CIRCLE ( 'NONE', #2207, 1.499999999999999600 ) ;
#2100 = LINE ( 'NONE', #343, #2070 ) ;
#2101 = CIRCLE ( 'NONE', #2193, 1.499999999999999600 ) ;
#2102 = LINE ( 'NONE', #952, #2103 ) ;
#2103 = VECTOR ( 'NONE', #940, 1000.000000000000000 ) ;
#2104 = CIRCLE ( 'NONE', #2227, 1.499999999999999600 ) ;
#2105 = DATE_AND_TIME ( #2097, #1998 ) ;
#2106 = CIRCLE ( 'NONE', #2201, 1.499999999999999600 ) ;
#2107 = CIRCLE ( 'NONE', #2228, 1.395237691524756400 ) ;
#2108 = VECTOR ( 'NONE', #976, 1000.000000000000000 ) ;
#2109 = FACE_OUTER_BOUND ( 'NONE', #1854, .T. ) ;
#2110 = LINE ( 'NONE', #967, #2063 ) ;
#2111 = CONICAL_SURFACE ( 'NONE', #2208, 9.000000000000000000, 0.7853981633974517200 ) ;
#2112 = CIRCLE ( 'NONE', #2209, 1.499999999999999600 ) ;
#2113 = LINE ( 'NONE', #958, #2084 ) ;
#2114 = LINE ( 'NONE', #985, #2081 ) ;
#2115 = VECTOR ( 'NONE', #986, 1000.000000000000000 ) ;
#2116 = LINE ( 'NONE', #356, #2088 ) ;
#2117 = FACE_OUTER_BOUND ( 'NONE', #1921, .T. ) ;
#2118 = FACE_OUTER_BOUND ( 'NONE', #1965, .T. ) ;
#2119 = FACE_OUTER_BOUND ( 'NONE', #1873, .T. ) ;
#2120 = CIRCLE ( 'NONE', #2271, 9.000000000000000000 ) ;
#2121 = CYLINDRICAL_SURFACE ( 'NONE', #2262, 9.000000000000000000 ) ;
#2122 = VECTOR ( 'NONE', #567, 1000.000000000000000 ) ;
#2123 = CYLINDRICAL_SURFACE ( 'NONE', #2268, 9.000000000000000000 ) ;
#2124 = CIRCLE ( 'NONE', #2251, 4.549999999999999800 ) ;
#2125 = FACE_OUTER_BOUND ( 'NONE', #1876, .T. ) ;
#2126 = CIRCLE ( 'NONE', #2220, 1.499999999999999600 ) ;
#2127 = CYLINDRICAL_SURFACE ( 'NONE', #2256, 9.000000000000000000 ) ;
#2128 = FACE_OUTER_BOUND ( 'NONE', #1883, .T. ) ;
#2129 = CIRCLE ( 'NONE', #2252, 1.499999999999999600 ) ;
#2130 = FACE_OUTER_BOUND ( 'NONE', #1974, .T. ) ;
#2131 = FACE_OUTER_BOUND ( 'NONE', #1804, .T. ) ;
#2132 = LINE ( 'NONE', #405, #2145 ) ;
#2133 = CIRCLE ( 'NONE', #2279, 9.000000000000000000 ) ;
#2134 = VECTOR ( 'NONE', #395, 1000.000000000000000 ) ;
#2135 = CIRCLE ( 'NONE', #2257, 9.000000000000000000 ) ;
#2136 = LINE ( 'NONE', #406, #2134 ) ;
#2137 = LINE ( 'NONE', #556, #2148 ) ;
#2138 = FACE_OUTER_BOUND ( 'NONE', #1903, .T. ) ;
#2139 = FACE_OUTER_BOUND ( 'NONE', #1900, .T. ) ;
#2140 = CIRCLE ( 'NONE', #2278, 1.499999999999999600 ) ;
#2141 = LINE ( 'NONE', #543, #2122 ) ;
#2142 = CYLINDRICAL_SURFACE ( 'NONE', #2273, 9.000000000000000000 ) ;
#2143 = FACE_OUTER_BOUND ( 'NONE', #1929, .T. ) ;
#2144 = CIRCLE ( 'NONE', #2255, 9.000000000000000000 ) ;
#2145 = VECTOR ( 'NONE', #407, 1000.000000000000000 ) ;
#2146 = VECTOR ( 'NONE', #332, 1000.000000000000000 ) ;
#2147 = CIRCLE ( 'NONE', #2277, 1.499999999999999600 ) ;
#2148 = VECTOR ( 'NONE', #570, 1000.000000000000000 ) ;
#2149 = FACE_OUTER_BOUND ( 'NONE', #1896, .T. ) ;
#2150 = LINE ( 'NONE', #399, #2163 ) ;
#2151 = CIRCLE ( 'NONE', #2222, 9.499999999999994700 ) ;
#2152 = CIRCLE ( 'NONE', #2219, 9.000000000000000000 ) ;
#2153 = CIRCLE ( 'NONE', #2261, 1.499999999999999600 ) ;
#2154 = CONICAL_SURFACE ( 'NONE', #2246, 1.499999999999999600, 0.03490658503988666700 ) ;
#2155 = CYLINDRICAL_SURFACE ( 'NONE', #2269, 4.549999999999999800 ) ;
#2156 = FACE_OUTER_BOUND ( 'NONE', #1872, .T. ) ;
#2157 = FACE_BOUND ( 'NONE', #1877, .T. ) ;
#2158 = FACE_OUTER_BOUND ( 'NONE', #1886, .T. ) ;
#2159 = FACE_OUTER_BOUND ( 'NONE', #1878, .T. ) ;
#2160 = CIRCLE ( 'NONE', #2253, 4.549999999999999800 ) ;
#2161 = LINE ( 'NONE', #374, #2172 ) ;
#2162 = CIRCLE ( 'NONE', #2272, 1.499999999999999600 ) ;
#2163 = VECTOR ( 'NONE', #387, 1000.000000000000000 ) ;
#2164 = CIRCLE ( 'NONE', #2254, 9.000000000000000000 ) ;
#2165 = FACE_OUTER_BOUND ( 'NONE', #1881, .T. ) ;
#2166 = CIRCLE ( 'NONE', #2248, 1.395237691524756400 ) ;
#2167 = FACE_OUTER_BOUND ( 'NONE', #1899, .T. ) ;
#2168 = FACE_OUTER_BOUND ( 'NONE', #1851, .T. ) ;
#2169 = FACE_OUTER_BOUND ( 'NONE', #1908, .T. ) ;
#2170 = CONICAL_SURFACE ( 'NONE', #2242, 1.499999999999999600, 0.03490658503988666700 ) ;
#2171 = CONICAL_SURFACE ( 'NONE', #2249, 1.499999999999999600, 0.03490658503988666700 ) ;
#2172 = VECTOR ( 'NONE', #384, 1000.000000000000000 ) ;
#2173 = CYLINDRICAL_SURFACE ( 'NONE', #2260, 9.000000000000000000 ) ;
#2174 = CIRCLE ( 'NONE', #2214, 4.549999999999999800 ) ;
#2175 = FACE_OUTER_BOUND ( 'NONE', #1905, .T. ) ;
#2176 = FACE_BOUND ( 'NONE', #1874, .T. ) ;
#2177 = FACE_OUTER_BOUND ( 'NONE', #1995, .T. ) ;
#2178 = CONICAL_SURFACE ( 'NONE', #2276, 1.499999999999999600, 0.03490658503988666700 ) ;
#2179 = CYLINDRICAL_SURFACE ( 'NONE', #2259, 9.000000000000000000 ) ;
#2180 = CONICAL_SURFACE ( 'NONE', #2280, 1.499999999999999600, 0.03490658503988666700 ) ;
#2181 = FACE_BOUND ( 'NONE', #1870, .T. ) ;
#2182 = CYLINDRICAL_SURFACE ( 'NONE', #2241, 9.000000000000000000 ) ;
#2183 = FACE_OUTER_BOUND ( 'NONE', #1907, .T. ) ;
#2184 = CYLINDRICAL_SURFACE ( 'NONE', #2265, 9.000000000000000000 ) ;
#2185 = FACE_OUTER_BOUND ( 'NONE', #1868, .T. ) ;
#2186 = CYLINDRICAL_SURFACE ( 'NONE', #2240, 4.549999999999999800 ) ;
#2187 = FACE_OUTER_BOUND ( 'NONE', #1914, .T. ) ;
#2188 = CONICAL_SURFACE ( 'NONE', #2264, 1.499999999999999600, 0.03490658503988666700 ) ;
#2189 = FACE_BOUND ( 'NONE', #1879, .T. ) ;
#2190 = CYLINDRICAL_SURFACE ( 'NONE', #2243, 9.000000000000000000 ) ;
#2191 = FACE_OUTER_BOUND ( 'NONE', #1850, .T. ) ;
#2192 = FACE_BOUND ( 'NONE', #1906, .T. ) ;
#2193 = AXIS2_PLACEMENT_3D ( 'NONE', #333, #355, #364 ) ;
#2194 = AXIS2_PLACEMENT_3D ( 'NONE', #359, #362, #366 ) ;
#2195 = AXIS2_PLACEMENT_3D ( 'NONE', #928, #925, #896 ) ;
#2196 = AXIS2_PLACEMENT_3D ( 'NONE', #913, #916, #893 ) ;
#2197 = AXIS2_PLACEMENT_3D ( 'NONE', #956, #966, #936 ) ;
#2198 = AXIS2_PLACEMENT_3D ( 'NONE', #977, #972, #971 ) ;
#2199 = EDGE_CURVE ( 'NONE', #1559, #1591, #2140, .T. ) ;
#2200 = AXIS2_PLACEMENT_3D ( 'NONE', #955, #951, #962 ) ;
#2201 = AXIS2_PLACEMENT_3D ( 'NONE', #931, #961, #937 ) ;
#2202 = EDGE_CURVE ( 'NONE', #1533, #1595, #2129, .T. ) ;
#2203 = EDGE_CURVE ( 'NONE', #1610, #1506, #2160, .T. ) ;
#2204 = EDGE_CURVE ( 'NONE', #1516, #1569, #304, .T. ) ;
#2205 = AXIS2_PLACEMENT_3D ( 'NONE', #918, #927, #923 ) ;
#2206 = AXIS2_PLACEMENT_3D ( 'NONE', #360, #337, #358 ) ;
#2207 = AXIS2_PLACEMENT_3D ( 'NONE', #988, #969, #970 ) ;
#2208 = AXIS2_PLACEMENT_3D ( 'NONE', #919, #917, #912 ) ;
#2209 = AXIS2_PLACEMENT_3D ( 'NONE', #963, #959, #953 ) ;
#2210 = EDGE_CURVE ( 'NONE', #1585, #1538, #2153, .T. ) ;
#2211 = AXIS2_PLACEMENT_3D ( 'NONE', #883, #886, #887 ) ;
#2212 = EDGE_CURVE ( 'NONE', #1576, #1552, #321, .T. ) ;
#2213 = AXIS2_PLACEMENT_3D ( 'NONE', #947, #942, #957 ) ;
#2214 = AXIS2_PLACEMENT_3D ( 'NONE', #353, #357, #386 ) ;
#2215 = AXIS2_PLACEMENT_3D ( 'NONE', #926, #915, #899 ) ;
#2216 = EDGE_CURVE ( 'NONE', #1534, #1542, #2133, .T. ) ;
#2217 = AXIS2_PLACEMENT_3D ( 'NONE', #930, #894, #895 ) ;
#2218 = AXIS2_PLACEMENT_3D ( 'NONE', #338, #346, #341 ) ;
#2219 = AXIS2_PLACEMENT_3D ( 'NONE', #400, #394, #396 ) ;
#2220 = AXIS2_PLACEMENT_3D ( 'NONE', #375, #383, #392 ) ;
#2221 = AXIS2_PLACEMENT_3D ( 'NONE', #882, #885, #877 ) ;
#2222 = AXIS2_PLACEMENT_3D ( 'NONE', #373, #391, #382 ) ;
#2223 = EDGE_CURVE ( 'NONE', #1596, #1549, #2162, .T. ) ;
#2224 = AXIS2_PLACEMENT_3D ( 'NONE', #892, #890, #891 ) ;
#2225 = EDGE_CURVE ( 'NONE', #1584, #1517, #2164, .T. ) ;
#2226 = EDGE_CURVE ( 'NONE', #1570, #1557, #2137, .T. ) ;
#2227 = AXIS2_PLACEMENT_3D ( 'NONE', #968, #960, #943 ) ;
#2228 = AXIS2_PLACEMENT_3D ( 'NONE', #898, #924, #906 ) ;
#2229 = EDGE_CURVE ( 'NONE', #1487, #1583, #2144, .T. ) ;
#2230 = EDGE_CURVE ( 'NONE', #1563, #1579, #2141, .T. ) ;
#2231 = EDGE_CURVE ( 'NONE', #1537, #1568, #2166, .T. ) ;
#2232 = AXIS2_PLACEMENT_3D ( 'NONE', #897, #910, #907 ) ;
#2233 = AXIS2_PLACEMENT_3D ( 'NONE', #974, #982, #973 ) ;
#2234 = EDGE_CURVE ( 'NONE', #1551, #1524, #2147, .T. ) ;
#2235 = AXIS2_PLACEMENT_3D ( 'NONE', #909, #908, #914 ) ;
#2236 = AXIS2_PLACEMENT_3D ( 'NONE', #901, #922, #920 ) ;
#2237 = EDGE_CURVE ( 'NONE', #1583, #1569, #2120, .T. ) ;
#2238 = AXIS2_PLACEMENT_3D ( 'NONE', #938, #944, #939 ) ;
#2239 = AXIS2_PLACEMENT_3D ( 'NONE', #710, #704, #705 ) ;
#2240 = AXIS2_PLACEMENT_3D ( 'NONE', #650, #634, #635 ) ;
#2241 = AXIS2_PLACEMENT_3D ( 'NONE', #622, #658, #629 ) ;
#2242 = AXIS2_PLACEMENT_3D ( 'NONE', #602, #619, #597 ) ;
#2243 = AXIS2_PLACEMENT_3D ( 'NONE', #661, #657, #621 ) ;
#2244 = AXIS2_PLACEMENT_3D ( 'NONE', #645, #646, #654 ) ;
#2245 = AXIS2_PLACEMENT_3D ( 'NONE', #576, #578, #596 ) ;
#2246 = AXIS2_PLACEMENT_3D ( 'NONE', #606, #607, #608 ) ;
#2247 = AXIS2_PLACEMENT_3D ( 'NONE', #639, #644, #640 ) ;
#2248 = AXIS2_PLACEMENT_3D ( 'NONE', #583, #584, #612 ) ;
#2249 = AXIS2_PLACEMENT_3D ( 'NONE', #599, #600, #591 ) ;
#2250 = AXIS2_PLACEMENT_3D ( 'NONE', #620, #623, #624 ) ;
#2251 = AXIS2_PLACEMENT_3D ( 'NONE', #412, #466, #458 ) ;
#2252 = AXIS2_PLACEMENT_3D ( 'NONE', #560, #547, #550 ) ;
#2253 = AXIS2_PLACEMENT_3D ( 'NONE', #559, #548, #561 ) ;
#2254 = AXIS2_PLACEMENT_3D ( 'NONE', #535, #536, #541 ) ;
#2255 = AXIS2_PLACEMENT_3D ( 'NONE', #544, #539, #545 ) ;
#2256 = AXIS2_PLACEMENT_3D ( 'NONE', #585, #592, #586 ) ;
#2257 = AXIS2_PLACEMENT_3D ( 'NONE', #389, #465, #449 ) ;
#2258 = AXIS2_PLACEMENT_3D ( 'NONE', #580, #575, #589 ) ;
#2259 = AXIS2_PLACEMENT_3D ( 'NONE', #647, #651, #631 ) ;
#2260 = AXIS2_PLACEMENT_3D ( 'NONE', #617, #577, #594 ) ;
#2261 = AXIS2_PLACEMENT_3D ( 'NONE', #540, #569, #572 ) ;
#2262 = AXIS2_PLACEMENT_3D ( 'NONE', #660, #653, #655 ) ;
#2263 = AXIS2_PLACEMENT_3D ( 'NONE', #642, #638, #663 ) ;
#2264 = AXIS2_PLACEMENT_3D ( 'NONE', #662, #648, #633 ) ;
#2265 = AXIS2_PLACEMENT_3D ( 'NONE', #665, #666, #667 ) ;
#2266 = AXIS2_PLACEMENT_3D ( 'NONE', #677, #718, #690 ) ;
#2267 = AXIS2_PLACEMENT_3D ( 'NONE', #670, #713, #712 ) ;
#2268 = AXIS2_PLACEMENT_3D ( 'NONE', #542, #598, #581 ) ;
#2269 = AXIS2_PLACEMENT_3D ( 'NONE', #605, #573, #595 ) ;
#2270 = AXIS2_PLACEMENT_3D ( 'NONE', #614, #615, #601 ) ;
#2271 = AXIS2_PLACEMENT_3D ( 'NONE', #582, #579, #613 ) ;
#2272 = AXIS2_PLACEMENT_3D ( 'NONE', #566, #562, #555 ) ;
#2273 = AXIS2_PLACEMENT_3D ( 'NONE', #593, #611, #616 ) ;
#2274 = AXIS2_PLACEMENT_3D ( 'NONE', #649, #627, #668 ) ;
#2275 = AXIS2_PLACEMENT_3D ( 'NONE', #641, #625, #637 ) ;
#2276 = AXIS2_PLACEMENT_3D ( 'NONE', #630, #652, #632 ) ;
#2277 = AXIS2_PLACEMENT_3D ( 'NONE', #588, #603, #604 ) ;
#2278 = AXIS2_PLACEMENT_3D ( 'NONE', #564, #557, #551 ) ;
#2279 = AXIS2_PLACEMENT_3D ( 'NONE', #549, #563, #554 ) ;
#2280 = AXIS2_PLACEMENT_3D ( 'NONE', #626, #664, #643 ) ;
#2281 = AXIS2_PLACEMENT_3D ( 'NONE', #687, #714, #672 ) ;
#2282 = AXIS2_PLACEMENT_3D ( 'NONE', #671, #691, #675 ) ;
#2283 = AXIS2_PLACEMENT_3D ( 'NONE', #807, #769, #794 ) ;
#2284 = AXIS2_PLACEMENT_3D ( 'NONE', #708, #683, #686 ) ;
#2285 = AXIS2_PLACEMENT_3D ( 'NONE', #673, #707, #679 ) ;
#2286 = AXIS2_PLACEMENT_3D ( 'NONE', #731, #732, #729 ) ;
#2287 = AXIS2_PLACEMENT_3D ( 'NONE', #734, #739, #730 ) ;
#2288 = AXIS2_PLACEMENT_3D ( 'NONE', #862, #830, #826 ) ;
#2289 = AXIS2_PLACEMENT_3D ( 'NONE', #742, #726, #747 ) ;
#2290 = AXIS2_PLACEMENT_3D ( 'NONE', #801, #816, #833 ) ;
#2291 = AXIS2_PLACEMENT_3D ( 'NONE', #741, #743, #754 ) ;
#2292 = AXIS2_PLACEMENT_3D ( 'NONE', #763, #767, #744 ) ;
#2293 = AXIS2_PLACEMENT_3D ( 'NONE', #768, #779, #789 ) ;
#2294 = AXIS2_PLACEMENT_3D ( 'NONE', #844, #835, #853 ) ;
#2295 = AXIS2_PLACEMENT_3D ( 'NONE', #847, #859, #831 ) ;
#2296 = AXIS2_PLACEMENT_3D ( 'NONE', #711, #694, #674 ) ;
#2297 = AXIS2_PLACEMENT_3D ( 'NONE', #829, #841, #860 ) ;
#2298 = AXIS2_PLACEMENT_3D ( 'NONE', #802, #808, #796 ) ;
#2299 = AXIS2_PLACEMENT_3D ( 'NONE', #811, #780, #781 ) ;
#2300 = AXIS2_PLACEMENT_3D ( 'NONE', #700, #702, #681 ) ;
#2301 = AXIS2_PLACEMENT_3D ( 'NONE', #772, #770, #812 ) ;
#2302 = AXIS2_PLACEMENT_3D ( 'NONE', #820, #821, #825 ) ;
#2303 = AXIS2_PLACEMENT_3D ( 'NONE', #716, #703, #680 ) ;
#2304 = AXIS2_PLACEMENT_3D ( 'NONE', #790, #793, #795 ) ;
#2305 = AXIS2_PLACEMENT_3D ( 'NONE', #817, #837, #824 ) ;
#2306 = AXIS2_PLACEMENT_3D ( 'NONE', #669, #684, #685 ) ;
#2307 = AXIS2_PLACEMENT_3D ( 'NONE', #840, #836, #861 ) ;
#2308 = AXIS2_PLACEMENT_3D ( 'NONE', #819, #832, #839 ) ;
#2309 = AXIS2_PLACEMENT_3D ( 'NONE', #773, #784, #775 ) ;
#2310 = AXIS2_PLACEMENT_3D ( 'NONE', #745, #749, #757 ) ;
#2311 = AXIS2_PLACEMENT_3D ( 'NONE', #863, #864, #865 ) ;
#2312 = AXIS2_PLACEMENT_3D ( 'NONE', #804, #805, #788 ) ;
#2313 = AXIS2_PLACEMENT_3D ( 'NONE', #846, #843, #827 ) ;
#2314 = AXIS2_PLACEMENT_3D ( 'NONE', #697, #715, #676 ) ;
#2315 = AXIS2_PLACEMENT_3D ( 'NONE', #706, #695, #696 ) ;
#2316 = AXIS2_PLACEMENT_3D ( 'NONE', #751, #724, #762 ) ;
#2317 = AXIS2_PLACEMENT_3D ( 'NONE', #756, #737, #735 ) ;
#2318 = AXIS2_PLACEMENT_3D ( 'NONE', #752, #727, #765 ) ;
#2319 = AXIS2_PLACEMENT_3D ( 'NONE', #766, #750, #753 ) ;
#2320 = AXIS2_PLACEMENT_3D ( 'NONE', #746, #736, #760 ) ;
#2321 = AXIS2_PLACEMENT_3D ( 'NONE', #748, #740, #764 ) ;
#2322 = AXIS2_PLACEMENT_3D ( 'NONE', #755, #758, #759 ) ;
#2323 = AXIS2_PLACEMENT_3D ( 'NONE', #719, #720, #721 ) ;
#2324 = AXIS2_PLACEMENT_3D ( 'NONE', #814, #778, #785 ) ;
#2325 = AXIS2_PLACEMENT_3D ( 'NONE', #791, #800, #810 ) ;
#2326 = AXIS2_PLACEMENT_3D ( 'NONE', #783, #815, #797 ) ;
#2327 = AXIS2_PLACEMENT_3D ( 'NONE', #799, #774, #792 ) ;
#2328 = AXIS2_PLACEMENT_3D ( 'NONE', #813, #803, #782 ) ;
#2329 = AXIS2_PLACEMENT_3D ( 'NONE', #777, #809, #787 ) ;
#2330 = AXIS2_PLACEMENT_3D ( 'NONE', #682, #717, #692 ) ;
#2331 = AXIS2_PLACEMENT_3D ( 'NONE', #80, #208, #2805 ) ;
#2332 = AXIS2_PLACEMENT_3D ( 'NONE', #76, #69, #83 ) ;
#2333 = AXIS2_PLACEMENT_3D ( 'NONE', #2814, #2810, #2808 ) ;
#2334 = AXIS2_PLACEMENT_3D ( 'NONE', #134, #136, #139 ) ;
#2335 = AXIS2_PLACEMENT_3D ( 'NONE', #2801, #2815, #2818 ) ;
#2336 = AXIS2_PLACEMENT_3D ( 'NONE', #2842, #2831, #2834 ) ;
#2337 = AXIS2_PLACEMENT_3D ( 'NONE', #170, #150, #157 ) ;
#2338 = AXIS2_PLACEMENT_3D ( 'NONE', #186, #201, #209 ) ;
#2339 = AXIS2_PLACEMENT_3D ( 'NONE', #2830, #2836, #2857 ) ;
#2340 = AXIS2_PLACEMENT_3D ( 'NONE', #65, #49, #51 ) ;
#2341 = AXIS2_PLACEMENT_3D ( 'NONE', #161, #168, #175 ) ;
#2342 = AXIS2_PLACEMENT_3D ( 'NONE', #122, #131, #138 ) ;
#2343 = AXIS2_PLACEMENT_3D ( 'NONE', #98, #94, #92 ) ;
#2344 = AXIS2_PLACEMENT_3D ( 'NONE', #874, #911, #689 ) ;
#2345 = AXIS2_PLACEMENT_3D ( 'NONE', #842, #818, #855 ) ;
#2346 = AXIS2_PLACEMENT_3D ( 'NONE', #143, #155, #162 ) ;
#2347 = AXIS2_PLACEMENT_3D ( 'NONE', #872, #871, #873 ) ;
#2348 = AXIS2_PLACEMENT_3D ( 'NONE', #160, #145, #144 ) ;
#2349 = AXIS2_PLACEMENT_3D ( 'NONE', #173, #167, #174 ) ;
#2350 = AXIS2_PLACEMENT_3D ( 'NONE', #188, #190, #195 ) ;
#2351 = AXIS2_PLACEMENT_3D ( 'NONE', #133, #120, #123 ) ;
#2352 = AXIS2_PLACEMENT_3D ( 'NONE', #142, #112, #118 ) ;
#2353 = AXIS2_PLACEMENT_3D ( 'NONE', #848, #838, #850 ) ;
#2354 = AXIS2_PLACEMENT_3D ( 'NONE', #154, #152, #177 ) ;
#2355 = AXIS2_PLACEMENT_3D ( 'NONE', #171, #146, #153 ) ;
#2356 = AXIS2_PLACEMENT_3D ( 'NONE', #858, #851, #854 ) ;
#2357 = AXIS2_PLACEMENT_3D ( 'NONE', #221, #222, #223 ) ;
#2358 = AXIS2_PLACEMENT_3D ( 'NONE', #229, #240, #236 ) ;
#2359 = AXIS2_PLACEMENT_3D ( 'NONE', #852, #856, #867 ) ;
#2360 = AXIS2_PLACEMENT_3D ( 'NONE', #868, #870, #869 ) ;
#2361 = AXIS2_PLACEMENT_3D ( 'NONE', #231, #232, #234 ) ;
#2362 = AXIS2_PLACEMENT_3D ( 'NONE', #54, #59, #64 ) ;
#2363 = AXIS2_PLACEMENT_3D ( 'NONE', #86, #88, #73 ) ;
#2364 = AXIS2_PLACEMENT_3D ( 'NONE', #114, #119, #125 ) ;
#2365 = AXIS2_PLACEMENT_3D ( 'NONE', #574, #609, #610 ) ;
#2366 = AXIS2_PLACEMENT_3D ( 'NONE', #95, #99, #96 ) ;
#2367 = AXIS2_PLACEMENT_3D ( 'NONE', #71, #77, #72 ) ;
#2368 = AXIS2_PLACEMENT_3D ( 'NONE', #2817, #2800, #2809 ) ;
#2369 = AXIS2_PLACEMENT_3D ( 'NONE', #2822, #2798, #2799 ) ;
#2370 = AXIS2_PLACEMENT_3D ( 'NONE', #181, #196, #211 ) ;
#2371 = AXIS2_PLACEMENT_3D ( 'NONE', #182, #198, #207 ) ;
#2372 = AXIS2_PLACEMENT_3D ( 'NONE', #219, #220, #178 ) ;
#2373 = AXIS2_PLACEMENT_3D ( 'NONE', #129, #124, #116 ) ;
#2374 = AXIS2_PLACEMENT_3D ( 'NONE', #106, #107, #108 ) ;
#2375 = AXIS2_PLACEMENT_3D ( 'NONE', #199, #214, #179 ) ;
#2376 = AXIS2_PLACEMENT_3D ( 'NONE', #149, #172, #156 ) ;
#2377 = AXIS2_PLACEMENT_3D ( 'NONE', #722, #723, #728 ) ;
#2378 = AXIS2_PLACEMENT_3D ( 'NONE', #185, #180, #197 ) ;
#2379 = AXIS2_PLACEMENT_3D ( 'NONE', #183, #212, #184 ) ;
#2380 = AXIS2_PLACEMENT_3D ( 'NONE', #237, #230, #239 ) ;
#2381 = AXIS2_PLACEMENT_3D ( 'NONE', #822, #823, #866 ) ;
#2382 = AXIS2_PLACEMENT_3D ( 'NONE', #67, #66, #68 ) ;
#2383 = AXIS2_PLACEMENT_3D ( 'NONE', #63, #61, #62 ) ;
#2384 = AXIS2_PLACEMENT_3D ( 'NONE', #90, #93, #91 ) ;
#2385 = AXIS2_PLACEMENT_3D ( 'NONE', #130, #115, #137 ) ;
#2386 = AXIS2_PLACEMENT_3D ( 'NONE', #81, #84, #82 ) ;
#2387 = AXIS2_PLACEMENT_3D ( 'NONE', #147, #163, #169 ) ;
#2388 = CC_DESIGN_DATE_AND_TIME_ASSIGNMENT ( #1396, #2755, ( #2403 ) ) ;
#2389 = APPROVAL ( #2780, 'UNSPECIFIED' ) ;
#2390 = CC_DESIGN_APPROVAL ( #2389, ( #2403 ) ) ;
#2391 = CC_DESIGN_SECURITY_CLASSIFICATION ( #2403, ( #2431 ) ) ;
#2392 = PRODUCT_RELATED_PRODUCT_CATEGORY ( 'detail', '', ( #323 ) ) ;
#2393 = AXIS2_PLACEMENT_3D ( 'NONE', #2714, #2721, #2732 ) ;
#2394 = AXIS2_PLACEMENT_3D ( 'NONE', #2686, #2708, #2706 ) ;
#2395 = APPROVAL ( #2720, 'UNSPECIFIED' ) ;
#2396 = CC_DESIGN_PERSON_AND_ORGANIZATION_ASSIGNMENT ( #1414, #2782, ( #2403 ) ) ;
#2397 = AXIS2_PLACEMENT_3D ( 'NONE', #2877, #2859, #2870 ) ;
#2398 = AXIS2_PLACEMENT_3D ( 'NONE', #2860, #2871, #2881 ) ;
#2399 = AXIS2_PLACEMENT_3D ( 'NONE', #3, #1, #2659 ) ;
#2400 = AXIS2_PLACEMENT_3D ( 'NONE', #2731, #2711, #2725 ) ;
#2401 = CC_DESIGN_APPROVAL ( #2429, ( #2428 ) ) ;
#2402 = CC_DESIGN_PERSON_AND_ORGANIZATION_ASSIGNMENT ( #1405, #2728, ( #2428 ) ) ;
#2403 = SECURITY_CLASSIFICATION ( '', '', #2774 ) ;
#2404 = AXIS2_PLACEMENT_3D ( 'NONE', #2718, #2723, #2719 ) ;
#2405 = SECURITY_CLASSIFICATION ( '', '', #2786 ) ;
#2406 = AXIS2_PLACEMENT_3D ( 'NONE', #2680, #2653, #2675 ) ;
#2407 = AXIS2_PLACEMENT_3D ( 'NONE', #2823, #2838, #2826 ) ;
#2408 = AXIS2_PLACEMENT_3D ( 'NONE', #2847, #2854, #2839 ) ;
#2409 = AXIS2_PLACEMENT_3D ( 'NONE', #2853, #2846, #2848 ) ;
#2410 = AXIS2_PLACEMENT_3D ( 'NONE', #2858, #2864, #2867 ) ;
#2411 = AXIS2_PLACEMENT_3D ( 'NONE', #10, #11, #12 ) ;
#2412 = AXIS2_PLACEMENT_3D ( 'NONE', #2872, #2883, #2884 ) ;
#2413 = AXIS2_PLACEMENT_3D ( 'NONE', #2652, #2670, #2658 ) ;
#2414 = AXIS2_PLACEMENT_3D ( 'NONE', #2681, #2667, #2656 ) ;
#2415 = AXIS2_PLACEMENT_3D ( 'NONE', #2648, #2669, #2665 ) ;
#2416 =( GEOMETRIC_REPRESENTATION_CONTEXT ( 3 ) GLOBAL_UNCERTAINTY_ASSIGNED_CONTEXT ( ( #296 ) ) GLOBAL_UNIT_ASSIGNED_CONTEXT ( ( #2724, #2687, #2692 ) ) REPRESENTATION_CONTEXT ( 'NONE', 'WORKASPACE' ) );
#2417 = AXIS2_PLACEMENT_3D ( 'NONE', #2862, #2865, #2876 ) ;
#2418 = AXIS2_PLACEMENT_3D ( 'NONE', #2699, #2693, #2722 ) ;
#2419 = CC_DESIGN_PERSON_AND_ORGANIZATION_ASSIGNMENT ( #1470, #2791, ( #330 ) ) ;
#2420 = PRODUCT_DEFINITION ( 'UNKNOWN', '', #2484, #991 ) ;
#2421 =( GEOMETRIC_REPRESENTATION_CONTEXT ( 3 ) GLOBAL_UNCERTAINTY_ASSIGNED_CONTEXT ( ( #294 ) ) GLOBAL_UNIT_ASSIGNED_CONTEXT ( ( #2703, #2713, #2694 ) ) REPRESENTATION_CONTEXT ( 'NONE', 'WORKASPACE' ) );
#2422 =( GEOMETRIC_REPRESENTATION_CONTEXT ( 3 ) GLOBAL_UNCERTAINTY_ASSIGNED_CONTEXT ( ( #322 ) ) GLOBAL_UNIT_ASSIGNED_CONTEXT ( ( #2716, #2715, #2717 ) ) REPRESENTATION_CONTEXT ( 'NONE', 'WORKASPACE' ) );
#2423 = AXIS2_PLACEMENT_3D ( 'NONE', #2697, #2712, #2695 ) ;
#2424 = AXIS2_PLACEMENT_3D ( 'NONE', #2677, #2646, #2654 ) ;
#2425 = AXIS2_PLACEMENT_3D ( 'NONE', #2689, #2709, #2705 ) ;
#2426 = CC_DESIGN_PERSON_AND_ORGANIZATION_ASSIGNMENT ( #1463, #2779, ( #328 ) ) ;
#2427 = CC_DESIGN_PERSON_AND_ORGANIZATION_ASSIGNMENT ( #1402, #2700, ( #323 ) ) ;
#2428 = PRODUCT_DEFINITION ( 'UNKNOWN', '', #2431, #994 ) ;
#2429 = APPROVAL ( #2690, 'UNSPECIFIED' ) ;
#2430 = CC_DESIGN_DATE_AND_TIME_ASSIGNMENT ( #1418, #2707, ( #2428 ) ) ;
#2431 = PRODUCT_DEFINITION_FORMATION_WITH_SPECIFIED_SOURCE ( 'ANY', '', #323, .NOT_KNOWN. ) ;
#2432 = CC_DESIGN_APPROVAL ( #2395, ( #2431 ) ) ;
#2433 = CC_DESIGN_PERSON_AND_ORGANIZATION_ASSIGNMENT ( #1394, #2691, ( #2431 ) ) ;
#2434 = CC_DESIGN_PERSON_AND_ORGANIZATION_ASSIGNMENT ( #1412, #2684, ( #2431 ) ) ;
#2435 = CC_DESIGN_PERSON_AND_ORGANIZATION_ASSIGNMENT ( #2598, #2756, ( #2405 ) ) ;
#2436 = APPROVAL ( #2788, 'UNKNOWN' ) ;
#2437 = APPROVAL ( #2758, 'UNSPECIFIED' ) ;
#2438 = CC_DESIGN_DATE_AND_TIME_ASSIGNMENT ( #2604, #2787, ( #2405 ) ) ;
#2439 = PRODUCT_DEFINITION ( 'UNKNOWN', '', #2469, #1000 ) ;
#2440 = CC_DESIGN_PERSON_AND_ORGANIZATION_ASSIGNMENT ( #1429, #2771, ( #2484 ) ) ;
#2441 = SECURITY_CLASSIFICATION ( '', '', #2772 ) ;
#2442 = CC_DESIGN_APPROVAL ( #2436, ( #2473 ) ) ;
#2443 = CC_DESIGN_PERSON_AND_ORGANIZATION_ASSIGNMENT ( #2640, #2739, ( #2473 ) ) ;
#2444 = CC_DESIGN_APPROVAL ( #2448, ( #2420 ) ) ;
#2445 = APPROVAL ( #2734, 'UNKNOWN' ) ;
#2446 = CC_DESIGN_APPROVAL ( #2445, ( #2462 ) ) ;
#2447 = CC_DESIGN_PERSON_AND_ORGANIZATION_ASSIGNMENT ( #2615, #2738, ( #2462 ) ) ;
#2448 = APPROVAL ( #2784, 'UNSPECIFIED' ) ;
#2449 = SECURITY_CLASSIFICATION ( '', '', #2765 ) ;
#2450 = CC_DESIGN_PERSON_AND_ORGANIZATION_ASSIGNMENT ( #1479, #2762, ( #2420 ) ) ;
#2451 = PRODUCT_RELATED_PRODUCT_CATEGORY ( 'detail', '', ( #328 ) ) ;
#2452 = CC_DESIGN_SECURITY_CLASSIFICATION ( #2473, ( #3014 ) ) ;
#2453 = CC_DESIGN_PERSON_AND_ORGANIZATION_ASSIGNMENT ( #1424, #2753, ( #2439 ) ) ;
#2454 = APPROVAL ( #2794, 'UNKNOWN' ) ;
#2455 = CC_DESIGN_APPROVAL ( #2454, ( #2449 ) ) ;
#2456 = CC_DESIGN_DATE_AND_TIME_ASSIGNMENT ( #2601, #2795, ( #2449 ) ) ;
#2457 = APPROVAL ( #2778, 'UNSPECIFIED' ) ;
#2458 = CC_DESIGN_PERSON_AND_ORGANIZATION_ASSIGNMENT ( #2641, #2797, ( #2449 ) ) ;
#2459 = CC_DESIGN_SECURITY_CLASSIFICATION ( #2462, ( #3015 ) ) ;
#2460 = CC_DESIGN_APPROVAL ( #2437, ( #2468 ) ) ;
#2461 = CC_DESIGN_DATE_AND_TIME_ASSIGNMENT ( #2592, #2793, ( #2473 ) ) ;
#2462 = SECURITY_CLASSIFICATION ( '', '', #2754 ) ;
#2463 = CC_DESIGN_DATE_AND_TIME_ASSIGNMENT ( #2588, #2751, ( #2462 ) ) ;
#2464 = CC_DESIGN_PERSON_AND_ORGANIZATION_ASSIGNMENT ( #1480, #2789, ( #2469 ) ) ;
#2465 = PRODUCT_RELATED_PRODUCT_CATEGORY ( 'detail', '', ( #330 ) ) ;
#2466 = CC_DESIGN_SECURITY_CLASSIFICATION ( #2441, ( #2469 ) ) ;
#2467 = CC_DESIGN_SECURITY_CLASSIFICATION ( #2449, ( #3016 ) ) ;
#2468 = SECURITY_CLASSIFICATION ( '', '', #2747 ) ;
#2469 = PRODUCT_DEFINITION_FORMATION_WITH_SPECIFIED_SOURCE ( 'ANY', '', #328, .NOT_KNOWN. ) ;
#2470 = CC_DESIGN_APPROVAL ( #2479, ( #2439 ) ) ;
#2471 = APPROVAL ( #2750, 'UNSPECIFIED' ) ;
#2472 = CC_DESIGN_DATE_AND_TIME_ASSIGNMENT ( #1444, #2737, ( #2439 ) ) ;
#2473 = SECURITY_CLASSIFICATION ( '', '', #2773 ) ;
#2474 = CC_DESIGN_SECURITY_CLASSIFICATION ( #2468, ( #2484 ) ) ;
#2475 = CC_DESIGN_APPROVAL ( #2471, ( #2441 ) ) ;
#2476 = CC_DESIGN_DATE_AND_TIME_ASSIGNMENT ( #1420, #2785, ( #2468 ) ) ;
#2477 = CC_DESIGN_PERSON_AND_ORGANIZATION_ASSIGNMENT ( #1481, #2745, ( #2441 ) ) ;
#2478 = CC_DESIGN_PERSON_AND_ORGANIZATION_ASSIGNMENT ( #1474, #2768, ( #2468 ) ) ;
#2479 = APPROVAL ( #2736, 'UNSPECIFIED' ) ;
#2480 = CC_DESIGN_APPROVAL ( #2457, ( #2469 ) ) ;
#2481 = CC_DESIGN_PERSON_AND_ORGANIZATION_ASSIGNMENT ( #1458, #2757, ( #2484 ) ) ;
#2482 = CC_DESIGN_PERSON_AND_ORGANIZATION_ASSIGNMENT ( #1466, #2744, ( #2469 ) ) ;
#2483 = APPROVAL ( #2777, 'UNSPECIFIED' ) ;
#2484 = PRODUCT_DEFINITION_FORMATION_WITH_SPECIFIED_SOURCE ( 'ANY', '', #330, .NOT_KNOWN. ) ;
#2485 = CC_DESIGN_DATE_AND_TIME_ASSIGNMENT ( #2105, #2743, ( #2441 ) ) ;
#2486 = CC_DESIGN_SECURITY_CLASSIFICATION ( #2405, ( #3013 ) ) ;
#2487 = APPROVAL ( #2735, 'UNKNOWN' ) ;
#2488 = CC_DESIGN_APPROVAL ( #2483, ( #2484 ) ) ;
#2489 = CC_DESIGN_APPROVAL ( #2487, ( #2405 ) ) ;
#2490 = CC_DESIGN_DATE_AND_TIME_ASSIGNMENT ( #1469, #2776, ( #2420 ) ) ;
#2491 = ADVANCED_FACE ( 'NONE', ( #2125 ), #2123, .F. ) ;
#2492 = ADVANCED_FACE ( 'NONE', ( #2138 ), #2127, .F. ) ;
#2493 = ADVANCED_FACE ( 'NONE', ( #2139 ), #587, .F. ) ;
#2494 = ADVANCED_FACE ( 'NONE', ( #2158 ), #2171, .T. ) ;
#2495 = ADVANCED_FACE ( 'NONE', ( #2157, #2143 ), #590, .F. ) ;
#2496 = ADVANCED_FACE ( 'NONE', ( #2159 ), #2142, .F. ) ;
#2497 = ADVANCED_FACE ( 'NONE', ( #2149 ), #2173, .F. ) ;
#2498 = ADVANCED_FACE ( 'NONE', ( #2169 ), #2155, .F. ) ;
#2499 = ADVANCED_FACE ( 'NONE', ( #2165 ), #618, .T. ) ;
#2500 = ADVANCED_FACE ( 'NONE', ( #2167 ), #2170, .T. ) ;
#2501 = ADVANCED_FACE ( 'NONE', ( #2131 ), #2154, .T. ) ;
#2502 = ADVANCED_FACE ( 'NONE', ( #2156 ), #2121, .F. ) ;
#2503 = ADVANCED_FACE ( 'NONE', ( #2117 ), #659, .T. ) ;
#2504 = ADVANCED_FACE ( 'NONE', ( #2118 ), #2190, .F. ) ;
#2505 = ADVANCED_FACE ( 'NONE', ( #2168 ), #2178, .T. ) ;
#2506 = ADVANCED_FACE ( 'NONE', ( #2128 ), #2179, .F. ) ;
#2507 = ADVANCED_FACE ( 'NONE', ( #2119 ), #2182, .F. ) ;
#2508 = ADVANCED_FACE ( 'NONE', ( #2191 ), #2188, .T. ) ;
#2509 = ADVANCED_FACE ( 'NONE', ( #2130 ), #2180, .T. ) ;
#2510 = ADVANCED_FACE ( 'NONE', ( #2177 ), #2184, .F. ) ;
#2511 = ADVANCED_FACE ( 'NONE', ( #2175 ), #2186, .F. ) ;
#2512 = ADVANCED_FACE ( 'NONE', ( #2187 ), #636, .T. ) ;
#2513 = ADVANCED_FACE ( 'NONE', ( #2183 ), #656, .T. ) ;
#2514 = ADVANCED_FACE ( 'NONE', ( #2185 ), #1129, .F. ) ;
#2515 = ADVANCED_FACE ( 'NONE', ( #2189, #1125, #2192, #2176, #2181, #1107 ), #628, .F. ) ;
#2516 = ADVANCED_FACE ( 'NONE', ( #1103 ), #1140, .T. ) ;
#2517 = ADVANCED_FACE ( 'NONE', ( #1104 ), #709, .T. ) ;
#2518 = ADVANCED_FACE ( 'NONE', ( #1114, #1094 ), #698, .F. ) ;
#2519 = ADVANCED_FACE ( 'NONE', ( #1099, #1120 ), #699, .F. ) ;
#2520 = ADVANCED_FACE ( 'NONE', ( #1126, #1135, #1116, #1108, #1109, #1102 ), #701, .T. ) ;
#2521 = ADVANCED_FACE ( 'NONE', ( #1131 ), #1127, .F. ) ;
#2522 = ADVANCED_FACE ( 'NONE', ( #1119 ), #1093, .T. ) ;
#2523 = ADVANCED_FACE ( 'NONE', ( #1110 ), #1145, .F. ) ;
#2524 = ADVANCED_FACE ( 'NONE', ( #1132 ), #678, .T. ) ;
#2525 = ADVANCED_FACE ( 'NONE', ( #1121 ), #1111, .F. ) ;
#2526 = ADVANCED_FACE ( 'NONE', ( #1142 ), #1128, .F. ) ;
#2527 = ADVANCED_FACE ( 'NONE', ( #1134 ), #1095, .F. ) ;
#2528 = ADVANCED_FACE ( 'NONE', ( #1091 ), #1112, .T. ) ;
#2529 = ADVANCED_FACE ( 'NONE', ( #1083 ), #1098, .F. ) ;
#2530 = ADVANCED_FACE ( 'NONE', ( #1100 ), #693, .T. ) ;
#2531 = ADVANCED_FACE ( 'NONE', ( #1137, #1143 ), #733, .T. ) ;
#2532 = ADVANCED_FACE ( 'NONE', ( #1105 ), #1117, .F. ) ;
#2533 = ADVANCED_FACE ( 'NONE', ( #1133 ), #1138, .T. ) ;
#2534 = ADVANCED_FACE ( 'NONE', ( #1113 ), #1144, .T. ) ;
#2535 = ADVANCED_FACE ( 'NONE', ( #1085, #1106, #1130, #1084, #1096, #1115 ), #761, .F. ) ;
#2536 = ADVANCED_FACE ( 'NONE', ( #1124 ), #725, .T. ) ;
#2537 = ADVANCED_FACE ( 'NONE', ( #1146 ), #738, .F. ) ;
#2538 = ADVANCED_FACE ( 'NONE', ( #1122 ), #1139, .F. ) ;
#2539 = ADVANCED_FACE ( 'NONE', ( #1141 ), #1088, .T. ) ;
#2540 = ADVANCED_FACE ( 'NONE', ( #1136 ), #1089, .T. ) ;
#2541 = ADVANCED_FACE ( 'NONE', ( #1123 ), #1101, .F. ) ;
#2542 = ADVANCED_FACE ( 'NONE', ( #1092 ), #1196, .T. ) ;
#2543 = ADVANCED_FACE ( 'NONE', ( #1086 ), #1207, .F. ) ;
#2544 = ADVANCED_FACE ( 'NONE', ( #1087 ), #1197, .T. ) ;
#2545 = ADVANCED_FACE ( 'NONE', ( #1118 ), #1190, .F. ) ;
#2546 = ADVANCED_FACE ( 'NONE', ( #1090 ), #1182, .T. ) ;
#2547 = ADVANCED_FACE ( 'NONE', ( #1157 ), #1173, .T. ) ;
#2548 = ADVANCED_FACE ( 'NONE', ( #1097 ), #771, .T. ) ;
#2549 = ADVANCED_FACE ( 'NONE', ( #1156 ), #1209, .T. ) ;
#2550 = ADVANCED_FACE ( 'NONE', ( #1174 ), #1188, .T. ) ;
#2551 = ADVANCED_FACE ( 'NONE', ( #1192 ), #1166, .T. ) ;
#2552 = ADVANCED_FACE ( 'NONE', ( #1159 ), #1199, .F. ) ;
#2553 = ADVANCED_FACE ( 'NONE', ( #1168 ), #1177, .T. ) ;
#2554 = ADVANCED_FACE ( 'NONE', ( #1162, #1201 ), #776, .T. ) ;
#2555 = ADVANCED_FACE ( 'NONE', ( #1154 ), #806, .F. ) ;
#2556 = ADVANCED_FACE ( 'NONE', ( #1164 ), #786, .T. ) ;
#2557 = ADVANCED_FACE ( 'NONE', ( #1193 ), #1163, .F. ) ;
#2558 = ADVANCED_FACE ( 'NONE', ( #1170 ), #1208, .T. ) ;
#2559 = ADVANCED_FACE ( 'NONE', ( #1204, #1198 ), #798, .T. ) ;
#2560 = ADVANCED_FACE ( 'NONE', ( #1200 ), #1155, .F. ) ;
#2561 = ADVANCED_FACE ( 'NONE', ( #1194 ), #834, .T. ) ;
#2562 = ADVANCED_FACE ( 'NONE', ( #1160 ), #1185, .T. ) ;
#2563 = ADVANCED_FACE ( 'NONE', ( #1171 ), #849, .T. ) ;
#2564 = ADVANCED_FACE ( 'NONE', ( #1191 ), #1202, .T. ) ;
#2565 = ADVANCED_FACE ( 'NONE', ( #1189 ), #845, .F. ) ;
#2566 = ADVANCED_FACE ( 'NONE', ( #1169 ), #1148, .T. ) ;
#2567 = ADVANCED_FACE ( 'NONE', ( #1175 ), #1158, .T. ) ;
#2568 = ADVANCED_FACE ( 'NONE', ( #1165 ), #857, .T. ) ;
#2569 = ADVANCED_FACE ( 'NONE', ( #1147 ), #1150, .F. ) ;
#2570 = ADVANCED_FACE ( 'NONE', ( #1151 ), #1206, .F. ) ;
#2571 = ADVANCED_FACE ( 'NONE', ( #1149 ), #1161, .F. ) ;
#2572 = ADVANCED_FACE ( 'NONE', ( #1167 ), #1184, .T. ) ;
#2573 = ADVANCED_FACE ( 'NONE', ( #1172 ), #828, .T. ) ;
#2574 = ADVANCED_FACE ( 'NONE', ( #1153 ), #1176, .F. ) ;
#2575 = ADVANCED_FACE ( 'NONE', ( #1179 ), #1183, .T. ) ;
#2576 = ADVANCED_FACE ( 'NONE', ( #1152 ), #335, .T. ) ;
#2577 = ADVANCED_FACE ( 'NONE', ( #1181 ), #688, .F. ) ;
#2578 = ADVANCED_FACE ( 'NONE', ( #1195 ), #1203, .F. ) ;
#2579 = ADVANCED_FACE ( 'NONE', ( #1178 ), #1244, .F. ) ;
#2580 = ADVANCED_FACE ( 'NONE', ( #1186 ), #1261, .T. ) ;
#2581 = ADVANCED_FACE ( 'NONE', ( #1205 ), #1245, .T. ) ;
#2582 = ADVANCED_FACE ( 'NONE', ( #1180 ), #1210, .T. ) ;
#2583 = DIRECTION ( 'NONE',  ( -0.0000000000000000000, -1.000000000000000000, -0.0000000000000000000 ) ) ;
#2584 = COORDINATED_UNIVERSAL_TIME_OFFSET ( 1, 0, .AHEAD. ) ;
#2585 = APPROVAL_DATE_TIME ( #2612, #2445 ) ;
#2586 = LOCAL_TIME ( 11, 42, 9.000000000000000000, #2607 ) ;
#2587 = CALENDAR_DATE ( 2017, 10, 2 ) ;
#2588 = DATE_AND_TIME ( #2596, #2608 ) ;
#2589 = LOCAL_TIME ( 11, 42, 9.000000000000000000, #2626 ) ;
#2590 = APPROVAL_DATE_TIME ( #2618, #2487 ) ;
#2591 = ITEM_DEFINED_TRANSFORMATION ( 'NONE', 'NONE', #2418,  #2425 ) ;
#2592 = DATE_AND_TIME ( #2642, #2616 ) ;
#2593 = CALENDAR_DATE ( 2017, 10, 2 ) ;
#2594 = CONTEXT_DEPENDENT_SHAPE_REPRESENTATION ( #2733, #996 ) ;
#2595 = CARTESIAN_POINT ( 'NONE',  ( -10.49999999999999800, -4.499999999999999100, -15.00000000000000000 ) ) ;
#2596 = CALENDAR_DATE ( 2017, 10, 2 ) ;
#2597 = COORDINATED_UNIVERSAL_TIME_OFFSET ( 1, 0, .AHEAD. ) ;
#2598 = PERSON_AND_ORGANIZATION ( #329, #2631 ) ;
#2599 = CONTEXT_DEPENDENT_SHAPE_REPRESENTATION ( #2746, #999 ) ;
#2600 = EDGE_CURVE ( 'NONE', #1527, #1490, #1356, .T. ) ;
#2601 = DATE_AND_TIME ( #2639, #2636 ) ;
#2602 = CALENDAR_DATE ( 2017, 10, 2 ) ;
#2603 = CALENDAR_DATE ( 2017, 10, 2 ) ;
#2604 = DATE_AND_TIME ( #2587, #2586 ) ;
#2605 = DATE_AND_TIME ( #2602, #2620 ) ;
#2606 = APPROVAL_DATE_TIME ( #2628, #2436 ) ;
#2607 = COORDINATED_UNIVERSAL_TIME_OFFSET ( 1, 0, .AHEAD. ) ;
#2608 = LOCAL_TIME ( 11, 42, 9.000000000000000000, #2584 ) ;
#2609 = ITEM_DEFINED_TRANSFORMATION ( 'NONE', 'NONE', #2393,  #2425 ) ;
#2610 = ORGANIZATION ( 'NAUO-ORG2', 'UNSPECIFIED', 'UNSPECIFIED' ) ;
#2611 = APPROVAL_PERSON_ORGANIZATION ( #2640, #2436, #2792 ) ;
#2612 = DATE_AND_TIME ( #2624, #2623 ) ;
#2613 = ORGANIZATION ( 'NAUO-ORG3', 'UNSPECIFIED', 'UNSPECIFIED' ) ;
#2614 = APPROVAL_DATE_TIME ( #2605, #2454 ) ;
#2615 = PERSON_AND_ORGANIZATION ( #327, #2613 ) ;
#2616 = LOCAL_TIME ( 11, 42, 9.000000000000000000, #2597 ) ;
#2617 = SHAPE_DEFINITION_REPRESENTATION ( #998, #6 ) ;
#2618 = DATE_AND_TIME ( #2593, #2589 ) ;
#2619 = COORDINATED_UNIVERSAL_TIME_OFFSET ( 1, 0, .AHEAD. ) ;
#2620 = LOCAL_TIME ( 11, 42, 9.000000000000000000, #2627 ) ;
#2621 = COORDINATED_UNIVERSAL_TIME_OFFSET ( 1, 0, .AHEAD. ) ;
#2622 = LOCAL_TIME ( 11, 42, 9.000000000000000000, #2621 ) ;
#2623 = LOCAL_TIME ( 11, 42, 9.000000000000000000, #2619 ) ;
#2624 = CALENDAR_DATE ( 2017, 10, 2 ) ;
#2625 = COORDINATED_UNIVERSAL_TIME_OFFSET ( 1, 0, .AHEAD. ) ;
#2626 = COORDINATED_UNIVERSAL_TIME_OFFSET ( 1, 0, .AHEAD. ) ;
#2627 = COORDINATED_UNIVERSAL_TIME_OFFSET ( 1, 0, .AHEAD. ) ;
#2628 = DATE_AND_TIME ( #2603, #2622 ) ;
#2629 = APPROVAL_PERSON_ORGANIZATION ( #2598, #2487, #2764 ) ;
#2630 = ITEM_DEFINED_TRANSFORMATION ( 'NONE', 'NONE', #2400,  #2425 ) ;
#2631 = ORGANIZATION ( 'NAUO-ORG1', 'UNSPECIFIED', 'UNSPECIFIED' ) ;
#2632 = CONTEXT_DEPENDENT_SHAPE_REPRESENTATION ( #2759, #992 ) ;
#2633 = ITEM_DEFINED_TRANSFORMATION ( 'NONE', 'NONE', #2394,  #2425 ) ;
#2634 = EDGE_CURVE ( 'NONE', #1496, #1534, #1346, .T. ) ;
#2635 = APPROVAL_PERSON_ORGANIZATION ( #2615, #2445, #2760 ) ;
#2636 = LOCAL_TIME ( 11, 42, 9.000000000000000000, #2625 ) ;
#2637 = APPROVAL_DATE_TIME ( #1009, #2471 ) ;
#2638 = ORGANIZATION ( 'NAUO-ORG4', 'UNSPECIFIED', 'UNSPECIFIED' ) ;
#2639 = CALENDAR_DATE ( 2017, 10, 2 ) ;
#2640 = PERSON_AND_ORGANIZATION ( #324, #2610 ) ;
#2641 = PERSON_AND_ORGANIZATION ( #325, #2638 ) ;
#2642 = CALENDAR_DATE ( 2017, 10, 2 ) ;
#2643 = CONTEXT_DEPENDENT_SHAPE_REPRESENTATION ( #2742, #993 ) ;
#2644 = APPROVAL_PERSON_ORGANIZATION ( #2641, #2454, #2796 ) ;
#2645 = CARTESIAN_POINT ( 'NONE',  ( 4.653575850576928900, -8.074346210780944900, -8.074346210780927200 ) ) ;
#2646 = DIRECTION ( 'NONE',  ( 0.0000000000000000000, 0.0000000000000000000, -1.000000000000000000 ) ) ;
#2647 = CARTESIAN_POINT ( 'NONE',  ( 8.999999999999998200, -8.999999999999998200, -2.418849918582208300 ) ) ;
#2648 = CARTESIAN_POINT ( 'NONE',  ( -11.00000000000000200, 6.700000000000000200, -18.00000000000000000 ) ) ;
#2649 = CARTESIAN_POINT ( 'NONE',  ( 8.074346210780941400, -8.074346210780941400, -4.653575850576905800 ) ) ;
#2650 = CARTESIAN_POINT ( 'NONE',  ( 6.363961030678938300, -6.363961030678936500, -6.363961030678914300 ) ) ;
#2651 = DIRECTION ( 'NONE',  ( 1.000000000000000000, -0.0000000000000000000, -0.0000000000000000000 ) ) ;
#2652 = CARTESIAN_POINT ( 'NONE',  ( 3.142333204958820700E-014, 0.0000000000000000000, -9.000000000000001800 ) ) ;
#2653 = DIRECTION ( 'NONE',  ( 0.0000000000000000000, 0.0000000000000000000, -1.000000000000000000 ) ) ;
#2654 = DIRECTION ( 'NONE',  ( -1.000000000000000000, 0.0000000000000000000, 0.0000000000000000000 ) ) ;
#2655 = CARTESIAN_POINT ( 'NONE',  ( -15.00000000000000000, 0.0000000000000000000, -4.549999999999999800 ) ) ;
#2656 = DIRECTION ( 'NONE',  ( 0.0000000000000000000, 0.0000000000000000000, -1.000000000000000000 ) ) ;
#2657 = CARTESIAN_POINT ( 'NONE',  ( 6.363961030678938300, -6.363961030678936500, -6.363961030678914300 ) ) ;
#2658 = DIRECTION ( 'NONE',  ( 1.000000000000000000, 0.0000000000000000000, 3.469446951953614200E-015 ) ) ;
#2659 = DIRECTION ( 'NONE',  ( -1.000000000000000000, 0.0000000000000000000, 0.0000000000000000000 ) ) ;
#2660 = CARTESIAN_POINT ( 'NONE',  ( 2.418849918582238500, -8.999999999999998200, -8.999999999999989300 ) ) ;
#2661 = CARTESIAN_POINT ( 'NONE',  ( 6.363961030678938300, 6.363961030678936500, -6.363961030678914300 ) ) ;
#2662 = CARTESIAN_POINT ( 'NONE',  ( 3.142333204958820000E-014, -9.000000000000001800, -9.000000000000000000 ) ) ;
#2663 = CARTESIAN_POINT ( 'NONE',  ( -6.363961030678938300, -6.363961030678937400, 6.363961030678915200 ) ) ;
#2664 = DIRECTION ( 'NONE',  ( -1.000000000000000000, 0.0000000000000000000, 0.0000000000000000000 ) ) ;
#2665 = DIRECTION ( 'NONE',  ( -1.000000000000000000, 0.0000000000000000000, 0.0000000000000000000 ) ) ;
#2666 = CARTESIAN_POINT ( 'NONE',  ( -4.653575850576931600, -8.074346210780941400, 8.074346210780925400 ) ) ;
#2667 = DIRECTION ( 'NONE',  ( 1.000000000000000000, 0.0000000000000000000, 0.0000000000000000000 ) ) ;
#2668 = CARTESIAN_POINT ( 'NONE',  ( 4.653575850576931600, 8.074346210780941400, -8.074346210780925400 ) ) ;
#2669 = DIRECTION ( 'NONE',  ( 0.0000000000000000000, 0.0000000000000000000, -1.000000000000000000 ) ) ;
#2670 = DIRECTION ( 'NONE',  ( -3.491481338843133400E-015, 0.0000000000000000000, 1.000000000000000000 ) ) ;
#2671 = DIRECTION ( 'NONE',  ( 1.000000000000000000, -0.0000000000000000000, -0.0000000000000000000 ) ) ;
#2672 = CARTESIAN_POINT ( 'NONE',  ( -9.000000000000001800, 0.0000000000000000000, -9.000000000000000000 ) ) ;
#2673 = CARTESIAN_POINT ( 'NONE',  ( -2.418849918582239900, -8.999999999999998200, 8.999999999999989300 ) ) ;
#2674 = CARTESIAN_POINT ( 'NONE',  ( -15.00000000000000000, 5.572142936120457300E-016, 4.549999999999999800 ) ) ;
#2675 = DIRECTION ( 'NONE',  ( -1.000000000000000000, 0.0000000000000000000, 0.0000000000000000000 ) ) ;
#2676 = CARTESIAN_POINT ( 'NONE',  ( -10.49999999999999800, -4.499999999999999100, -15.00000000000000000 ) ) ;
#2677 = CARTESIAN_POINT ( 'NONE',  ( 10.99999999999999800, 6.700000000000000200, -15.00000000000000000 ) ) ;
#2678 = CARTESIAN_POINT ( 'NONE',  ( 9.000000000000000000, -9.000000000000001800, 0.0000000000000000000 ) ) ;
#2679 = CARTESIAN_POINT ( 'NONE',  ( -3.142333204958820000E-014, -9.000000000000001800, 9.000000000000000000 ) ) ;
#2680 = CARTESIAN_POINT ( 'NONE',  ( -11.00000000000000200, -6.700000000000000200, -15.00000000000000000 ) ) ;
#2681 = CARTESIAN_POINT ( 'NONE',  ( -9.000000000000001800, 0.0000000000000000000, 0.0000000000000000000 ) ) ;
#2682 = MECHANICAL_CONTEXT ( 'NONE', #2727, 'mechanical' ) ;
#2683 = APPROVAL_ROLE ( '' ) ;
#2684 = PERSON_AND_ORGANIZATION_ROLE ( 'design_supplier' ) ;
#2685 = CARTESIAN_POINT ( 'NONE',  ( 3.142333204958820000E-014, 8.999999999999998200, -9.000000000000000000 ) ) ;
#2686 = CARTESIAN_POINT ( 'NONE',  ( -2.457888466004583400, -1.553262179754708100, 19.64378720253219200 ) ) ;
#2687 =( NAMED_UNIT ( * ) PLANE_ANGLE_UNIT ( ) SI_UNIT ( $, .RADIAN. ) );
#2688 = CARTESIAN_POINT ( 'NONE',  ( 15.00000000000000000, -15.00000000000000000, 15.00000000000000000 ) ) ;
#2689 = CARTESIAN_POINT ( 'NONE',  ( 0.0000000000000000000, 0.0000000000000000000, 0.0000000000000000000 ) ) ;
#2690 = APPROVAL_STATUS ( 'not_yet_approved' ) ;
#2691 = PERSON_AND_ORGANIZATION_ROLE ( 'creator' ) ;
#2692 =( NAMED_UNIT ( * ) SI_UNIT ( $, .STERADIAN. ) SOLID_ANGLE_UNIT ( ) );
#2693 = DIRECTION ( 'NONE',  ( 0.0000000000000000000, -1.000000000000000000, 0.0000000000000000000 ) ) ;
#2694 =( NAMED_UNIT ( * ) SI_UNIT ( $, .STERADIAN. ) SOLID_ANGLE_UNIT ( ) );
#2695 = DIRECTION ( 'NONE',  ( 1.000000000000000000, 0.0000000000000000000, 0.0000000000000000000 ) ) ;
#2696 = DIRECTION ( 'NONE',  ( 1.000000000000000000, -0.0000000000000000000, -0.0000000000000000000 ) ) ;
#2697 = CARTESIAN_POINT ( 'NONE',  ( 0.0000000000000000000, 0.0000000000000000000, 0.0000000000000000000 ) ) ;
#2698 = APPLICATION_PROTOCOL_DEFINITION ( 'international standard', 'config_control_design', 1994, #2727 ) ;
#2699 = CARTESIAN_POINT ( 'NONE',  ( -2.457888466004531900, 13.44673782024528900, 4.643787202532167600 ) ) ;
#2700 = PERSON_AND_ORGANIZATION_ROLE ( 'design_owner' ) ;
#2701 = APPLICATION_CONTEXT ( 'configuration controlled 3d designs of mechanical parts and assemblies' ) ;
#2702 = APPLICATION_PROTOCOL_DEFINITION ( 'international standard', 'config_control_design', 1994, #2729 ) ;
#2703 =( LENGTH_UNIT ( ) NAMED_UNIT ( * ) SI_UNIT ( .MILLI., .METRE. ) );
#2704 = CARTESIAN_POINT ( 'NONE',  ( 2.418849918582240700, 8.999999999999998200, -8.999999999999989300 ) ) ;
#2705 = DIRECTION ( 'NONE',  ( 1.000000000000000000, 0.0000000000000000000, 0.0000000000000000000 ) ) ;
#2706 = DIRECTION ( 'NONE',  ( -0.9990992695400624500, 0.04243406184321744900, -3.488336455250929600E-015 ) ) ;
#2707 = DATE_TIME_ROLE ( 'creation_date' ) ;
#2708 = DIRECTION ( 'NONE',  ( 3.491481338843130200E-015, 5.686885939786630000E-030, -1.000000000000000000 ) ) ;
#2709 = DIRECTION ( 'NONE',  ( 0.0000000000000000000, 0.0000000000000000000, 1.000000000000000000 ) ) ;
#2710 = DIRECTION ( 'NONE',  ( -0.0000000000000000000, -0.0000000000000000000, -1.000000000000000000 ) ) ;
#2711 = DIRECTION ( 'NONE',  ( 0.0000000000000000000, 0.0000000000000000000, 1.000000000000000000 ) ) ;
#2712 = DIRECTION ( 'NONE',  ( 0.0000000000000000000, 0.0000000000000000000, 1.000000000000000000 ) ) ;
#2713 =( NAMED_UNIT ( * ) PLANE_ANGLE_UNIT ( ) SI_UNIT ( $, .RADIAN. ) );
#2714 = CARTESIAN_POINT ( 'NONE',  ( 12.54211153399546700, -1.553262179754710800, 4.643787202532167600 ) ) ;
#2715 =( NAMED_UNIT ( * ) PLANE_ANGLE_UNIT ( ) SI_UNIT ( $, .RADIAN. ) );
#2716 =( LENGTH_UNIT ( ) NAMED_UNIT ( * ) SI_UNIT ( .MILLI., .METRE. ) );
#2717 =( NAMED_UNIT ( * ) SI_UNIT ( $, .STERADIAN. ) SOLID_ANGLE_UNIT ( ) );
#2718 = CARTESIAN_POINT ( 'NONE',  ( 0.0000000000000000000, 0.0000000000000000000, 0.0000000000000000000 ) ) ;
#2719 = DIRECTION ( 'NONE',  ( 1.000000000000000000, 0.0000000000000000000, 0.0000000000000000000 ) ) ;
#2720 = APPROVAL_STATUS ( 'not_yet_approved' ) ;
#2721 = DIRECTION ( 'NONE',  ( -1.000000000000000000, 0.0000000000000000000, 0.0000000000000000000 ) ) ;
#2722 = DIRECTION ( 'NONE',  ( -0.9237280213470695500, 0.0000000000000000000, 0.3830490080632345000 ) ) ;
#2723 = DIRECTION ( 'NONE',  ( 0.0000000000000000000, 0.0000000000000000000, 1.000000000000000000 ) ) ;
#2724 =( LENGTH_UNIT ( ) NAMED_UNIT ( * ) SI_UNIT ( .MILLI., .METRE. ) );
#2725 = DIRECTION ( 'NONE',  ( 1.000000000000000000, 0.0000000000000000000, 0.0000000000000000000 ) ) ;
#2726 = APPLICATION_CONTEXT ( 'configuration controlled 3d designs of mechanical parts and assemblies' ) ;
#2727 = APPLICATION_CONTEXT ( 'configuration controlled 3d designs of mechanical parts and assemblies' ) ;
#2728 = PERSON_AND_ORGANIZATION_ROLE ( 'creator' ) ;
#2729 = APPLICATION_CONTEXT ( 'configuration controlled 3d designs of mechanical parts and assemblies' ) ;
#2730 = APPROVAL_ROLE ( '' ) ;
#2731 = CARTESIAN_POINT ( 'NONE',  ( -2.457888466004531900, -1.553262179754710800, 4.643787202532167600 ) ) ;
#2732 = DIRECTION ( 'NONE',  ( 0.0000000000000000000, 0.0000000000000000000, 1.000000000000000000 ) ) ;
#2733 =( REPRESENTATION_RELATIONSHIP ('NONE','NONE', #7, #5 ) REPRESENTATION_RELATIONSHIP_WITH_TRANSFORMATION ( #2609 )SHAPE_REPRESENTATION_RELATIONSHIP( ) );
#2734 = APPROVAL_STATUS ( 'not_yet_approved' ) ;
#2735 = APPROVAL_STATUS ( 'not_yet_approved' ) ;
#2736 = APPROVAL_STATUS ( 'not_yet_approved' ) ;
#2737 = DATE_TIME_ROLE ( 'creation_date' ) ;
#2738 = PERSON_AND_ORGANIZATION_ROLE ( 'classification_officer' ) ;
#2739 = PERSON_AND_ORGANIZATION_ROLE ( 'classification_officer' ) ;
#2740 = MECHANICAL_CONTEXT ( 'NONE', #2701, 'mechanical' ) ;
#2741 = APPROVAL_ROLE ( '' ) ;
#2742 =( REPRESENTATION_RELATIONSHIP ('NONE','NONE', #7, #5 ) REPRESENTATION_RELATIONSHIP_WITH_TRANSFORMATION ( #2591 )SHAPE_REPRESENTATION_RELATIONSHIP( ) );
#2743 = DATE_TIME_ROLE ( 'classification_date' ) ;
#2744 = PERSON_AND_ORGANIZATION_ROLE ( 'creator' ) ;
#2745 = PERSON_AND_ORGANIZATION_ROLE ( 'classification_officer' ) ;
#2746 =( REPRESENTATION_RELATIONSHIP ('NONE','NONE', #7, #5 ) REPRESENTATION_RELATIONSHIP_WITH_TRANSFORMATION ( #2633 )SHAPE_REPRESENTATION_RELATIONSHIP( ) );
#2747 = SECURITY_CLASSIFICATION_LEVEL ( 'unclassified' ) ;
#2748 = APPLICATION_PROTOCOL_DEFINITION ( 'international standard', 'config_control_design', 1994, #2726 ) ;
#2749 = APPROVAL_ROLE ( '' ) ;
#2750 = APPROVAL_STATUS ( 'not_yet_approved' ) ;
#2751 = DATE_TIME_ROLE ( 'classification_date' ) ;
#2752 = APPLICATION_CONTEXT ( 'configuration controlled 3d designs of mechanical parts and assemblies' ) ;
#2753 = PERSON_AND_ORGANIZATION_ROLE ( 'creator' ) ;
#2754 = SECURITY_CLASSIFICATION_LEVEL ( 'unclassified' ) ;
#2755 = DATE_TIME_ROLE ( 'classification_date' ) ;
#2756 = PERSON_AND_ORGANIZATION_ROLE ( 'classification_officer' ) ;
#2757 = PERSON_AND_ORGANIZATION_ROLE ( 'design_supplier' ) ;
#2758 = APPROVAL_STATUS ( 'not_yet_approved' ) ;
#2759 =( REPRESENTATION_RELATIONSHIP ('NONE','NONE', #7, #6 ) REPRESENTATION_RELATIONSHIP_WITH_TRANSFORMATION ( #2630 )SHAPE_REPRESENTATION_RELATIONSHIP( ) );
#2760 = APPROVAL_ROLE ( '' ) ;
#2761 = MECHANICAL_CONTEXT ( 'NONE', #2726, 'mechanical' ) ;
#2762 = PERSON_AND_ORGANIZATION_ROLE ( 'creator' ) ;
#2763 = APPLICATION_PROTOCOL_DEFINITION ( 'international standard', 'config_control_design', 1994, #2752 ) ;
#2764 = APPROVAL_ROLE ( '' ) ;
#2765 = SECURITY_CLASSIFICATION_LEVEL ( 'unclassified' ) ;
#2766 = APPLICATION_CONTEXT ( 'configuration controlled 3d designs of mechanical parts and assemblies' ) ;
#2767 = APPLICATION_PROTOCOL_DEFINITION ( 'international standard', 'config_control_design', 1994, #2701 ) ;
#2768 = PERSON_AND_ORGANIZATION_ROLE ( 'classification_officer' ) ;
#2769 = APPROVAL_ROLE ( '' ) ;
#2770 = APPROVAL_ROLE ( '' ) ;
#2771 = PERSON_AND_ORGANIZATION_ROLE ( 'creator' ) ;
#2772 = SECURITY_CLASSIFICATION_LEVEL ( 'unclassified' ) ;
#2773 = SECURITY_CLASSIFICATION_LEVEL ( 'unclassified' ) ;
#2774 = SECURITY_CLASSIFICATION_LEVEL ( 'unclassified' ) ;
#2775 = APPROVAL_ROLE ( '' ) ;
#2776 = DATE_TIME_ROLE ( 'creation_date' ) ;
#2777 = APPROVAL_STATUS ( 'not_yet_approved' ) ;
#2778 = APPROVAL_STATUS ( 'not_yet_approved' ) ;
#2779 = PERSON_AND_ORGANIZATION_ROLE ( 'design_owner' ) ;
#2780 = APPROVAL_STATUS ( 'not_yet_approved' ) ;
#2781 = APPLICATION_PROTOCOL_DEFINITION ( 'international standard', 'config_control_design', 1994, #2766 ) ;
#2782 = PERSON_AND_ORGANIZATION_ROLE ( 'classification_officer' ) ;
#2783 = APPROVAL_ROLE ( '' ) ;
#2784 = APPROVAL_STATUS ( 'not_yet_approved' ) ;
#2785 = DATE_TIME_ROLE ( 'classification_date' ) ;
#2786 = SECURITY_CLASSIFICATION_LEVEL ( 'unclassified' ) ;
#2787 = DATE_TIME_ROLE ( 'classification_date' ) ;
#2788 = APPROVAL_STATUS ( 'not_yet_approved' ) ;
#2789 = PERSON_AND_ORGANIZATION_ROLE ( 'design_supplier' ) ;
#2790 = APPROVAL_ROLE ( '' ) ;
#2791 = PERSON_AND_ORGANIZATION_ROLE ( 'design_owner' ) ;
#2792 = APPROVAL_ROLE ( '' ) ;
#2793 = DATE_TIME_ROLE ( 'classification_date' ) ;
#2794 = APPROVAL_STATUS ( 'not_yet_approved' ) ;
#2795 = DATE_TIME_ROLE ( 'classification_date' ) ;
#2796 = APPROVAL_ROLE ( '' ) ;
#2797 = PERSON_AND_ORGANIZATION_ROLE ( 'classification_officer' ) ;
#2798 = DIRECTION ( 'NONE',  ( -1.000000000000000000, 0.0000000000000000000, 0.0000000000000000000 ) ) ;
#2799 = DIRECTION ( 'NONE',  ( 0.0000000000000000000, 0.0000000000000000000, 1.000000000000000000 ) ) ;
#2800 = DIRECTION ( 'NONE',  ( 0.0000000000000000000, -1.000000000000000000, 0.0000000000000000000 ) ) ;
#2801 = CARTESIAN_POINT ( 'NONE',  ( -18.00000000000000000, 6.700000000000000200, 11.00000000000000700 ) ) ;
#2802 = CARTESIAN_POINT ( 'NONE',  ( -9.500000000000001800, -6.700000000000000200, -15.00000000000000000 ) ) ;
#2803 = CARTESIAN_POINT ( 'NONE',  ( 14.49999999999999800, 0.0000000000000000000, -9.000000000000000000 ) ) ;
#2804 = CARTESIAN_POINT ( 'NONE',  ( 4.550000000000052200, 0.0000000000000000000, -15.00000000000003600 ) ) ;
#2805 = DIRECTION ( 'NONE',  ( -1.000000000000000000, 0.0000000000000000000, 0.0000000000000000000 ) ) ;
#2806 = DIRECTION ( 'NONE',  ( -0.03489949670250104600, 0.9993908270190956500, -3.489354422748178200E-015 ) ) ;
#2807 = DIRECTION ( 'NONE',  ( 0.0000000000000000000, 0.7071067811865512400, 0.7071067811865439100 ) ) ;
#2808 = DIRECTION ( 'NONE',  ( 0.0000000000000000000, 0.0000000000000000000, -1.000000000000000000 ) ) ;
#2809 = DIRECTION ( 'NONE',  ( 0.0000000000000000000, 0.0000000000000000000, -1.000000000000000000 ) ) ;
#2810 = DIRECTION ( 'NONE',  ( 0.0000000000000000000, 1.000000000000000000, 0.0000000000000000000 ) ) ;
#2811 = CARTESIAN_POINT ( 'NONE',  ( 0.0000000000000000000, 14.49999999999999800, 9.000000000000000000 ) ) ;
#2812 = CARTESIAN_POINT ( 'NONE',  ( -12.50000000000000000, -15.00000000000002100, -6.699999999999947800 ) ) ;
#2813 = DIRECTION ( 'NONE',  ( 0.7071067811865512400, 0.0000000000000000000, -0.7071067811865439100 ) ) ;
#2814 = CARTESIAN_POINT ( 'NONE',  ( 0.0000000000000000000, 14.49999999999999800, 0.0000000000000000000 ) ) ;
#2815 = DIRECTION ( 'NONE',  ( 1.000000000000000000, -0.0000000000000000000, -4.440892098500625200E-016 ) ) ;
#2816 = CARTESIAN_POINT ( 'NONE',  ( -15.00000000000000000, -15.00000000000000000, -15.00000000000000000 ) ) ;
#2817 = CARTESIAN_POINT ( 'NONE',  ( 0.0000000000000000000, 15.00000000000000000, 0.0000000000000000000 ) ) ;
#2818 = DIRECTION ( 'NONE',  ( 0.0000000000000000000, 0.0000000000000000000, 1.000000000000000000 ) ) ;
#2819 = DIRECTION ( 'NONE',  ( 0.03489949670250104600, -4.273955692857151000E-018, 0.9993908270190956500 ) ) ;
#2820 = DIRECTION ( 'NONE',  ( -0.0000000000000000000, -1.000000000000000000, -0.0000000000000000000 ) ) ;
#2821 = DIRECTION ( 'NONE',  ( -3.491481338843133400E-015, -0.0000000000000000000, 1.000000000000000000 ) ) ;
#2822 = CARTESIAN_POINT ( 'NONE',  ( 15.00000000000000000, 0.0000000000000000000, 0.0000000000000000000 ) ) ;
#2823 = CARTESIAN_POINT ( 'NONE',  ( 14.49999999999999800, 0.0000000000000000000, 0.0000000000000000000 ) ) ;
#2824 = DIRECTION ( 'NONE',  ( 0.7071067811865512400, 8.659560562354888500E-017, 0.7071067811865439100 ) ) ;
#2825 = CARTESIAN_POINT ( 'NONE',  ( -2.418849918582185700, 8.999999999999998200, -9.000000000000003600 ) ) ;
#2826 = DIRECTION ( 'NONE',  ( 0.0000000000000000000, 0.0000000000000000000, 1.000000000000000000 ) ) ;
#2827 = CARTESIAN_POINT ( 'NONE',  ( 1.102182119232617700E-015, 14.49999999999999800, -9.000000000000000000 ) ) ;
#2828 = DIRECTION ( 'NONE',  ( -0.03489949670250104600, 0.0000000000000000000, 0.9993908270190956500 ) ) ;
#2829 = DIRECTION ( 'NONE',  ( 8.659560562354888500E-017, 0.7071067811865512400, -0.7071067811865439100 ) ) ;
#2830 = CARTESIAN_POINT ( 'NONE',  ( -15.00000000000000000, 0.0000000000000000000, 0.0000000000000000000 ) ) ;
#2831 = DIRECTION ( 'NONE',  ( -3.491481338843133400E-015, 0.0000000000000000000, 1.000000000000000000 ) ) ;
#2832 = DIRECTION ( 'NONE',  ( -0.0000000000000000000, -1.000000000000000000, -0.0000000000000000000 ) ) ;
#2833 = CARTESIAN_POINT ( 'NONE',  ( 9.499999999999998200, -6.700000000000000200, -15.00000000000000000 ) ) ;
#2834 = DIRECTION ( 'NONE',  ( 1.000000000000000000, 0.0000000000000000000, 3.431321161272805500E-015 ) ) ;
#2835 = CARTESIAN_POINT ( 'NONE',  ( -14.99999999999999800, -6.700000000000000200, 12.50000000000000400 ) ) ;
#2836 = DIRECTION ( 'NONE',  ( 1.000000000000000000, 0.0000000000000000000, 0.0000000000000000000 ) ) ;
#2837 = CARTESIAN_POINT ( 'NONE',  ( 9.499999999999998200, -15.00000000000002100, -6.699999999999947800 ) ) ;
#2838 = DIRECTION ( 'NONE',  ( 1.000000000000000000, 0.0000000000000000000, 0.0000000000000000000 ) ) ;
#2839 = DIRECTION ( 'NONE',  ( -1.000000000000000000, 0.0000000000000000000, 0.0000000000000000000 ) ) ;
#2840 = CARTESIAN_POINT ( 'NONE',  ( 12.49999999999999600, -14.99999999999997700, 6.700000000000052600 ) ) ;
#2841 = CARTESIAN_POINT ( 'NONE',  ( -4.653575850576892500, 8.074346210780934300, -8.074346210780950300 ) ) ;
#2842 = CARTESIAN_POINT ( 'NONE',  ( 5.237222008264717700E-014, 0.0000000000000000000, -15.00000000000005200 ) ) ;
#2843 = CARTESIAN_POINT ( 'NONE',  ( -15.00000000000000000, 15.00000000000000000, -15.00000000000000000 ) ) ;
#2844 = DIRECTION ( 'NONE',  ( -1.000000000000000000, -0.0000000000000000000, -0.0000000000000000000 ) ) ;
#2845 = DIRECTION ( 'NONE',  ( -0.03489949670250104600, 0.9993908270190956500, -3.489354422748178200E-015 ) ) ;
#2846 = DIRECTION ( 'NONE',  ( 1.000000000000000000, -0.0000000000000000000, -4.440892098500625200E-016 ) ) ;
#2847 = CARTESIAN_POINT ( 'NONE',  ( -11.00000000000000200, -6.700000000000000200, -15.00000000000000000 ) ) ;
#2848 = DIRECTION ( 'NONE',  ( 0.0000000000000000000, 0.0000000000000000000, -1.000000000000000000 ) ) ;
#2849 = CARTESIAN_POINT ( 'NONE',  ( 3.142333204958820000E-014, 8.999999999999998200, -9.000000000000000000 ) ) ;
#2850 = CARTESIAN_POINT ( 'NONE',  ( -6.363961030678915200, 6.363961030678914300, -6.363961030678937400 ) ) ;
#2851 = CARTESIAN_POINT ( 'NONE',  ( 14.49999999999999800, 1.102182119232617700E-015, 9.000000000000000000 ) ) ;
#2852 = CARTESIAN_POINT ( 'NONE',  ( -15.00000000000000000, -15.00000000000000000, -15.00000000000000000 ) ) ;
#2853 = CARTESIAN_POINT ( 'NONE',  ( -15.00000000000000200, 6.700000000000000200, -10.99999999999999500 ) ) ;
#2854 = DIRECTION ( 'NONE',  ( 0.0000000000000000000, 0.0000000000000000000, -1.000000000000000000 ) ) ;
#2855 = DIRECTION ( 'NONE',  ( 0.9993908270190956500, 4.273955692857151000E-018, 0.03489949670250059400 ) ) ;
#2856 = DIRECTION ( 'NONE',  ( 0.03489949670250104600, 0.9993908270190956500, -3.485080467055321200E-015 ) ) ;
#2857 = DIRECTION ( 'NONE',  ( 0.0000000000000000000, 0.0000000000000000000, -1.000000000000000000 ) ) ;
#2858 = CARTESIAN_POINT ( 'NONE',  ( 0.0000000000000000000, -15.00000000000000000, 0.0000000000000000000 ) ) ;
#2859 = DIRECTION ( 'NONE',  ( 1.000000000000000000, -0.0000000000000000000, -4.440892098500625200E-016 ) ) ;
#2860 = CARTESIAN_POINT ( 'NONE',  ( -14.99999999999999800, -6.700000000000000200, 11.00000000000000500 ) ) ;
#2861 = CARTESIAN_POINT ( 'NONE',  ( 9.000000000000030200, -2.418849918582218500, -8.999999999999998200 ) ) ;
#2862 = CARTESIAN_POINT ( 'NONE',  ( -18.00000000000000400, -6.700000000000000200, -10.99999999999999300 ) ) ;
#2863 = CARTESIAN_POINT ( 'NONE',  ( -8.999999999999968000, 1.102182119232617700E-015, -9.000000000000032000 ) ) ;
#2864 = DIRECTION ( 'NONE',  ( 0.0000000000000000000, 1.000000000000000000, 0.0000000000000000000 ) ) ;
#2865 = DIRECTION ( 'NONE',  ( 1.000000000000000000, -0.0000000000000000000, -4.440892098500625200E-016 ) ) ;
#2866 = DIRECTION ( 'NONE',  ( -3.491481338843133400E-015, -0.0000000000000000000, 1.000000000000000000 ) ) ;
#2867 = DIRECTION ( 'NONE',  ( 0.0000000000000000000, 0.0000000000000000000, 1.000000000000000000 ) ) ;
#2868 = CARTESIAN_POINT ( 'NONE',  ( -6.363961030678938300, 6.363961030678936500, 6.363961030678914300 ) ) ;
#2869 = CARTESIAN_POINT ( 'NONE',  ( -15.00000000000000000, -15.00000000000000000, 15.00000000000000000 ) ) ;
#2870 = DIRECTION ( 'NONE',  ( 0.0000000000000000000, 0.0000000000000000000, 1.000000000000000000 ) ) ;
#2871 = DIRECTION ( 'NONE',  ( 1.000000000000000000, -0.0000000000000000000, -4.440892098500625200E-016 ) ) ;
#2872 = CARTESIAN_POINT ( 'NONE',  ( 0.0000000000000000000, -15.00000000000000000, 0.0000000000000000000 ) ) ;
#2873 = DIRECTION ( 'NONE',  ( -0.0000000000000000000, -0.0000000000000000000, -1.000000000000000000 ) ) ;
#2874 = CARTESIAN_POINT ( 'NONE',  ( 8.999999999999948500, 0.0000000000000000000, 14.50000000000005900 ) ) ;
#2875 = CARTESIAN_POINT ( 'NONE',  ( -2.418849918582218100, 9.000000000000003600, 8.999999999999998200 ) ) ;
#2876 = DIRECTION ( 'NONE',  ( 0.0000000000000000000, 0.0000000000000000000, 1.000000000000000000 ) ) ;
#2877 = CARTESIAN_POINT ( 'NONE',  ( -18.00000000000000000, -6.700000000000000200, 11.00000000000000700 ) ) ;
#2878 = CARTESIAN_POINT ( 'NONE',  ( 0.0000000000000000000, 9.000000000000001800, 9.000000000000000000 ) ) ;
#2879 = CARTESIAN_POINT ( 'NONE',  ( -4.653575850576926200, 8.074346210780946700, 8.074346210780932500 ) ) ;
#2880 = DIRECTION ( 'NONE',  ( 0.7071067811865474600, 0.0000000000000000000, 0.7071067811865474600 ) ) ;
#2881 = DIRECTION ( 'NONE',  ( 0.0000000000000000000, 0.0000000000000000000, -1.000000000000000000 ) ) ;
#2882 = CARTESIAN_POINT ( 'NONE',  ( 9.000000000000030200, 0.0000000000000000000, -9.000000000000001800 ) ) ;
#2883 = DIRECTION ( 'NONE',  ( 0.0000000000000000000, 1.000000000000000000, 0.0000000000000000000 ) ) ;
#2884 = DIRECTION ( 'NONE',  ( 0.0000000000000000000, 0.0000000000000000000, 1.000000000000000000 ) ) ;
#2885 = CARTESIAN_POINT ( 'NONE',  ( 4.500000000000000900, -15.00000000000000000, 15.00000000000006800 ) ) ;
#2886 = DIRECTION ( 'NONE',  ( 3.491481338843133400E-015, 0.0000000000000000000, -1.000000000000000000 ) ) ;
#2887 = CARTESIAN_POINT ( 'NONE',  ( 8.074346210780960900, -4.653575850576926200, -8.074346210780934300 ) ) ;
#2888 = CARTESIAN_POINT ( 'NONE',  ( 6.363961030678938300, -6.363961030678936500, -6.363961030678914300 ) ) ;
#2889 = EDGE_CURVE ( 'NONE', #1565, #1547, #1187, .T. ) ;
#2890 = EDGE_CURVE ( 'NONE', #1607, #1542, #1247, .T. ) ;
#2891 = EDGE_CURVE ( 'NONE', #1545, #1490, #1253, .T. ) ;
#2892 = EDGE_CURVE ( 'NONE', #1569, #1517, #1259, .T. ) ;
#2893 = EDGE_CURVE ( 'NONE', #1602, #1595, #1248, .T. ) ;
#2894 = EDGE_CURVE ( 'NONE', #1532, #1501, #1233, .T. ) ;
#2895 = EDGE_CURVE ( 'NONE', #1580, #1575, #1252, .T. ) ;
#2896 = EDGE_CURVE ( 'NONE', #1591, #1563, #1216, .T. ) ;
#2897 = EDGE_CURVE ( 'NONE', #1555, #1588, #1254, .T. ) ;
#2898 = EDGE_CURVE ( 'NONE', #1582, #1605, #1215, .T. ) ;
#2899 = EDGE_CURVE ( 'NONE', #1578, #1605, #1217, .T. ) ;
#2900 = EDGE_CURVE ( 'NONE', #1518, #1594, #1214, .T. ) ;
#2901 = EDGE_CURVE ( 'NONE', #1578, #1587, #1223, .T. ) ;
#2902 = EDGE_CURVE ( 'NONE', #1539, #1503, #1219, .T. ) ;
#2903 = EDGE_CURVE ( 'NONE', #1599, #1590, #1258, .T. ) ;
#2904 = EDGE_CURVE ( 'NONE', #1597, #1582, #1234, .T. ) ;
#2905 = EDGE_CURVE ( 'NONE', #1587, #1588, #1267, .T. ) ;
#2906 = EDGE_CURVE ( 'NONE', #1544, #1569, #1229, .T. ) ;
#2907 = EDGE_CURVE ( 'NONE', #1561, #1555, #1270, .T. ) ;
#2908 = EDGE_CURVE ( 'NONE', #1587, #1561, #1255, .T. ) ;
#2909 = EDGE_CURVE ( 'NONE', #1492, #1497, #1251, .T. ) ;
#2910 = EDGE_CURVE ( 'NONE', #1510, #1529, #1237, .T. ) ;
#2911 = EDGE_CURVE ( 'NONE', #1488, #1491, #1256, .T. ) ;
#2912 = EDGE_CURVE ( 'NONE', #1517, #1573, #1272, .T. ) ;
#2913 = EDGE_CURVE ( 'NONE', #1508, #1585, #1246, .T. ) ;
#2914 = EDGE_CURVE ( 'NONE', #1532, #1500, #1265, .T. ) ;
#2915 = EDGE_CURVE ( 'NONE', #1519, #1521, #1221, .T. ) ;
#2916 = EDGE_CURVE ( 'NONE', #1492, #1515, #1264, .T. ) ;
#2917 = EDGE_CURVE ( 'NONE', #1574, #1549, #1271, .T. ) ;
#2918 = EDGE_CURVE ( 'NONE', #1558, #1533, #1211, .T. ) ;
#2919 = EDGE_CURVE ( 'NONE', #1498, #1494, #1238, .T. ) ;
#2920 = EDGE_CURVE ( 'NONE', #1559, #1563, #1224, .T. ) ;
#2921 = EDGE_CURVE ( 'NONE', #1484, #1485, #1273, .T. ) ;
#2922 = EDGE_CURVE ( 'NONE', #1558, #1602, #1222, .T. ) ;
#2923 = EDGE_CURVE ( 'NONE', #1486, #1531, #307, .T. ) ;
#2924 = EDGE_CURVE ( 'NONE', #1520, #1519, #1212, .T. ) ;
#2925 = EDGE_CURVE ( 'NONE', #1580, #1551, #1213, .T. ) ;
#2926 = EDGE_CURVE ( 'NONE', #1581, #1556, #1230, .T. ) ;
#2927 = EDGE_CURVE ( 'NONE', #1561, #1587, #1240, .T. ) ;
#2928 = EDGE_CURVE ( 'NONE', #1522, #1526, #1241, .T. ) ;
#2929 = EDGE_CURVE ( 'NONE', #1605, #1561, #1243, .T. ) ;
#2930 = EDGE_CURVE ( 'NONE', #1562, #1538, #1225, .T. ) ;
#2931 = EDGE_CURVE ( 'NONE', #1508, #1562, #1327, .T. ) ;
#2932 = EDGE_CURVE ( 'NONE', #1608, #1609, #1306, .T. ) ;
#2933 = EDGE_CURVE ( 'NONE', #1535, #1586, #1278, .T. ) ;
#2934 = EDGE_CURVE ( 'NONE', #1602, #1558, #1335, .T. ) ;
#2935 = EDGE_CURVE ( 'NONE', #1531, #1567, #308, .T. ) ;
#2936 = EDGE_CURVE ( 'NONE', #1498, #1510, #1323, .T. ) ;
#2937 = EDGE_CURVE ( 'NONE', #1494, #1498, #1287, .T. ) ;
#2938 = EDGE_CURVE ( 'NONE', #1588, #1555, #1281, .T. ) ;
#2939 = EDGE_CURVE ( 'NONE', #1608, #1546, #1288, .T. ) ;
#2940 = EDGE_CURVE ( 'NONE', #1499, #1564, #1290, .T. ) ;
#2941 = EDGE_CURVE ( 'NONE', #1538, #1585, #1319, .T. ) ;
#2942 = EDGE_CURVE ( 'NONE', #1500, #1523, #1304, .T. ) ;
#2943 = EDGE_CURVE ( 'NONE', #1501, #1523, #1297, .T. ) ;
#2944 = EDGE_CURVE ( 'NONE', #1564, #1528, #1326, .T. ) ;
#2945 = EDGE_CURVE ( 'NONE', #1575, #1524, #1275, .T. ) ;
#2946 = EDGE_CURVE ( 'NONE', #1594, #1545, #1331, .T. ) ;
#2947 = EDGE_CURVE ( 'NONE', #1524, #1551, #1274, .T. ) ;
#2948 = EDGE_CURVE ( 'NONE', #1487, #1521, #1299, .T. ) ;
#2949 = EDGE_CURVE ( 'NONE', #1485, #1484, #1333, .T. ) ;
#2950 = EDGE_CURVE ( 'NONE', #1566, #1528, #1305, .T. ) ;
#2951 = EDGE_CURVE ( 'NONE', #1586, #1535, #1276, .T. ) ;
#2952 = EDGE_CURVE ( 'NONE', #1484, #1526, #1291, .T. ) ;
#2953 = EDGE_CURVE ( 'NONE', #1495, #1515, #1321, .T. ) ;
#2954 = EDGE_CURVE ( 'NONE', #1503, #1539, #1334, .T. ) ;
#2955 = EDGE_CURVE ( 'NONE', #1503, #1488, #1307, .T. ) ;
#2956 = EDGE_CURVE ( 'NONE', #1572, #1560, #1277, .T. ) ;
#2957 = EDGE_CURVE ( 'NONE', #1523, #1501, #1283, .T. ) ;
#2958 = EDGE_CURVE ( 'NONE', #1609, #1603, #1308, .T. ) ;
#2959 = EDGE_CURVE ( 'NONE', #1586, #1598, #1284, .T. ) ;
#2960 = EDGE_CURVE ( 'NONE', #1539, #1491, #1292, .T. ) ;
#2961 = EDGE_CURVE ( 'NONE', #1541, #1536, #1296, .T. ) ;
#2962 = EDGE_CURVE ( 'NONE', #1519, #1541, #1301, .T. ) ;
#2963 = EDGE_CURVE ( 'NONE', #1521, #1519, #1303, .T. ) ;
#2964 = EDGE_CURVE ( 'NONE', #1589, #1512, #1309, .T. ) ;
#2965 = EDGE_CURVE ( 'NONE', #1534, #1505, #1302, .T. ) ;
#2966 = EDGE_CURVE ( 'NONE', #1562, #1508, #1285, .T. ) ;
#2967 = EDGE_CURVE ( 'NONE', #1505, #1525, #1280, .T. ) ;
#2968 = EDGE_CURVE ( 'NONE', #1557, #1572, #1328, .T. ) ;
#2969 = EDGE_CURVE ( 'NONE', #1579, #1557, #1329, .T. ) ;
#2970 = EDGE_CURVE ( 'NONE', #1521, #1536, #1314, .T. ) ;
#2971 = EDGE_CURVE ( 'NONE', #1565, #1589, #1324, .T. ) ;
#2972 = EDGE_CURVE ( 'NONE', #1611, #1592, #1325, .T. ) ;
#2973 = EDGE_CURVE ( 'NONE', #1542, #1525, #1350, .T. ) ;
#2974 = EDGE_CURVE ( 'NONE', #1506, #1610, #1366, .T. ) ;
#2975 = EDGE_CURVE ( 'NONE', #1546, #1603, #1370, .T. ) ;
#2976 = EDGE_CURVE ( 'NONE', #1595, #1533, #1368, .T. ) ;
#2977 = EDGE_CURVE ( 'NONE', #1598, #1540, #1363, .T. ) ;
#2978 = EDGE_CURVE ( 'NONE', #1487, #1486, #309, .T. ) ;
#2979 = EDGE_CURVE ( 'NONE', #1542, #1534, #1380, .T. ) ;
#2980 = EDGE_CURVE ( 'NONE', #1504, #1596, #1340, .T. ) ;
#2981 = EDGE_CURVE ( 'NONE', #1485, #1522, #1371, .T. ) ;
#2982 = EDGE_CURVE ( 'NONE', #1494, #1529, #1372, .T. ) ;
#2983 = EDGE_CURVE ( 'NONE', #1499, #1566, #1373, .T. ) ;
#2984 = EDGE_CURVE ( 'NONE', #1575, #1580, #1348, .T. ) ;
#2985 = EDGE_CURVE ( 'NONE', #1567, #1520, #312, .T. ) ;
#2986 = EDGE_CURVE ( 'NONE', #1497, #1495, #1360, .T. ) ;
#2987 = EDGE_CURVE ( 'NONE', #1574, #1504, #1381, .T. ) ;
#2988 = EDGE_CURVE ( 'NONE', #1549, #1596, #1382, .T. ) ;
#2989 = EDGE_CURVE ( 'NONE', #1584, #1492, #1344, .T. ) ;
#2990 = EDGE_CURVE ( 'NONE', #1509, #1592, #1349, .T. ) ;
#2991 = EDGE_CURVE ( 'NONE', #1496, #1513, #293, .T. ) ;
#2992 = EDGE_CURVE ( 'NONE', #1518, #1545, #1337, .T. ) ;
#2993 = EDGE_CURVE ( 'NONE', #1527, #1600, #1385, .T. ) ;
#2994 = EDGE_CURVE ( 'NONE', #1517, #1516, #310, .T. ) ;
#2995 = EDGE_CURVE ( 'NONE', #1566, #1499, #1376, .T. ) ;
#2996 = EDGE_CURVE ( 'NONE', #1553, #1554, #1377, .T. ) ;
#2997 = EDGE_CURVE ( 'NONE', #1560, #1556, #1375, .T. ) ;
#2998 = EDGE_CURVE ( 'NONE', #1490, #1606, #1387, .T. ) ;
#2999 = EDGE_CURVE ( 'NONE', #1579, #1606, #1339, .T. ) ;
#3000 = EDGE_CURVE ( 'NONE', #1569, #1496, #1354, .T. ) ;
#3001 = EDGE_CURVE ( 'NONE', #1530, #1502, #1353, .T. ) ;
#3002 = EDGE_CURVE ( 'NONE', #1513, #1544, #316, .T. ) ;
#3003 = EDGE_CURVE ( 'NONE', #1506, #1530, #1367, .T. ) ;
#3004 = EDGE_CURVE ( 'NONE', #1540, #1598, #1341, .T. ) ;
#3005 = EDGE_CURVE ( 'NONE', #1543, #1507, #1361, .T. ) ;
#3006 = EDGE_CURVE ( 'NONE', #1573, #1577, #314, .T. ) ;
#3007 = EDGE_CURVE ( 'NONE', #1569, #1513, #313, .T. ) ;
#3008 = EDGE_CURVE ( 'NONE', #1556, #1611, #1362, .T. ) ;
#3009 = EDGE_CURVE ( 'NONE', #1511, #1604, #1351, .T. ) ;
#3010 = EDGE_CURVE ( 'NONE', #1610, #1502, #1364, .T. ) ;
#3011 = EDGE_CURVE ( 'NONE', #1552, #1487, #317, .T. ) ;
#3012 = ORIENTED_EDGE ( 'NONE', *, *, #2978, .F. ) ;
#3013 = NEXT_ASSEMBLY_USAGE_OCCURRENCE ( 'NAUO1', ' ', ' ', #2428, #2439, $ ) ;
#3014 = NEXT_ASSEMBLY_USAGE_OCCURRENCE ( 'NAUO2', ' ', ' ', #2428, #2420, $ ) ;
#3015 = NEXT_ASSEMBLY_USAGE_OCCURRENCE ( 'NAUO3', ' ', ' ', #2428, #2420, $ ) ;
#3016 = NEXT_ASSEMBLY_USAGE_OCCURRENCE ( 'NAUO4', ' ', ' ', #2428, #2420, $ ) ;
ENDSEC;
END-ISO-10303-21;
