ISO-10303-21;
HEADER;
FILE_DESCRIPTION (( 'STEP AP203' ),
    '1' );
FILE_NAME ('ALP2118.STEP',
    '2017-03-04T21:51:37',
    ( '' ),
    ( '' ),
    'SwSTEP 2.0',
    'SolidWorks 2012',
    '' );
FILE_SCHEMA (( 'CONFIG_CONTROL_DESIGN' ));
ENDSEC;

DATA;
#1 = EDGE_CURVE ( 'NONE', #1231, #1188, #1367, .T. ) ;
#2 = EDGE_CURVE ( 'NONE', #1220, #1236, #1368, .T. ) ;
#3 = EDGE_CURVE ( 'NONE', #1193, #1174, #1411, .T. ) ;
#4 = EDGE_CURVE ( 'NONE', #1213, #1217, #770, .T. ) ;
#5 = EDGE_CURVE ( 'NONE', #1192, #1703, #1375, .T. ) ;
#6 = EDGE_CURVE ( 'NONE', #1212, #1692, #1394, .T. ) ;
#7 = EDGE_CURVE ( 'NONE', #1186, #1197, #1390, .T. ) ;
#8 = EDGE_CURVE ( 'NONE', #1202, #1196, #1381, .T. ) ;
#9 = EDGE_CURVE ( 'NONE', #1701, #1175, #1380, .T. ) ;
#10 = EDGE_CURVE ( 'NONE', #1203, #1740, #1386, .T. ) ;
#11 = EDGE_CURVE ( 'NONE', #1743, #1206, #1385, .T. ) ;
#12 = EDGE_CURVE ( 'NONE', #1236, #1231, #1395, .T. ) ;
#13 = EDGE_CURVE ( 'NONE', #1219, #1188, #1392, .T. ) ;
#14 = EDGE_CURVE ( 'NONE', #1206, #1231, #1419, .T. ) ;
#15 = EDGE_CURVE ( 'NONE', #1235, #1220, #1437, .T. ) ;
#16 = EDGE_CURVE ( 'NONE', #1175, #1185, #1489, .T. ) ;
#17 = EDGE_CURVE ( 'NONE', #1681, #1184, #1461, .T. ) ;
#18 = EDGE_CURVE ( 'NONE', #1739, #1196, #1482, .T. ) ;
#19 = EDGE_CURVE ( 'NONE', #1188, #1743, #1440, .T. ) ;
#20 = EDGE_CURVE ( 'NONE', #1667, #1191, #1442, .T. ) ;
#21 = EDGE_CURVE ( 'NONE', #1175, #1234, #1450, .T. ) ;
#22 = EDGE_CURVE ( 'NONE', #1233, #1286, #1438, .T. ) ;
#23 = EDGE_CURVE ( 'NONE', #1234, #1217, #1469, .T. ) ;
#24 = EDGE_CURVE ( 'NONE', #1196, #1174, #1453, .T. ) ;
#25 = EDGE_CURVE ( 'NONE', #1203, #1212, #1465, .T. ) ;
#26 = EDGE_CURVE ( 'NONE', #1228, #1214, #1471, .T. ) ;
#27 = EDGE_CURVE ( 'NONE', #1175, #1177, #756, .T. ) ;
#28 = EDGE_CURVE ( 'NONE', #1217, #1698, #1464, .T. ) ;
#29 = ORIENTED_EDGE ( 'NONE', *, *, #901, .T. ) ;
#30 = ORIENTED_EDGE ( 'NONE', *, *, #923, .F. ) ;
#31 = ORIENTED_EDGE ( 'NONE', *, *, #901, .F. ) ;
#32 = ORIENTED_EDGE ( 'NONE', *, *, #989, .T. ) ;
#33 = ORIENTED_EDGE ( 'NONE', *, *, #1010, .T. ) ;
#34 = ORIENTED_EDGE ( 'NONE', *, *, #100, .F. ) ;
#35 = ORIENTED_EDGE ( 'NONE', *, *, #923, .T. ) ;
#36 = ORIENTED_EDGE ( 'NONE', *, *, #221, .T. ) ;
#37 = ORIENTED_EDGE ( 'NONE', *, *, #979, .T. ) ;
#38 = ORIENTED_EDGE ( 'NONE', *, *, #91, .F. ) ;
#39 = ORIENTED_EDGE ( 'NONE', *, *, #940, .F. ) ;
#40 = ORIENTED_EDGE ( 'NONE', *, *, #902, .T. ) ;
#41 = ORIENTED_EDGE ( 'NONE', *, *, #979, .F. ) ;
#42 = ORIENTED_EDGE ( 'NONE', *, *, #898, .F. ) ;
#43 = ORIENTED_EDGE ( 'NONE', *, *, #962, .T. ) ;
#44 = ORIENTED_EDGE ( 'NONE', *, *, #933, .T. ) ;
#45 = ORIENTED_EDGE ( 'NONE', *, *, #956, .T. ) ;
#46 = ORIENTED_EDGE ( 'NONE', *, *, #894, .T. ) ;
#47 = ORIENTED_EDGE ( 'NONE', *, *, #240, .F. ) ;
#48 = ORIENTED_EDGE ( 'NONE', *, *, #171, .T. ) ;
#49 = ORIENTED_EDGE ( 'NONE', *, *, #130, .T. ) ;
#50 = ORIENTED_EDGE ( 'NONE', *, *, #131, .F. ) ;
#51 = ORIENTED_EDGE ( 'NONE', *, *, #211, .F. ) ;
#52 = ORIENTED_EDGE ( 'NONE', *, *, #894, .F. ) ;
#53 = ORIENTED_EDGE ( 'NONE', *, *, #1003, .F. ) ;
#54 = ORIENTED_EDGE ( 'NONE', *, *, #989, .F. ) ;
#55 = ORIENTED_EDGE ( 'NONE', *, *, #1010, .F. ) ;
#56 = ORIENTED_EDGE ( 'NONE', *, *, #223, .T. ) ;
#57 = ORIENTED_EDGE ( 'NONE', *, *, #229, .F. ) ;
#58 = ORIENTED_EDGE ( 'NONE', *, *, #947, .F. ) ;
#59 = ORIENTED_EDGE ( 'NONE', *, *, #912, .F. ) ;
#60 = ORIENTED_EDGE ( 'NONE', *, *, #947, .T. ) ;
#61 = ORIENTED_EDGE ( 'NONE', *, *, #905, .F. ) ;
#62 = ORIENTED_EDGE ( 'NONE', *, *, #905, .T. ) ;
#63 = ORIENTED_EDGE ( 'NONE', *, *, #956, .F. ) ;
#64 = ORIENTED_EDGE ( 'NONE', *, *, #908, .T. ) ;
#65 = DIRECTION ( 'NONE',  ( 8.673617379884035500E-017, 5.880445856723917500E-032, -1.000000000000000000 ) ) ;
#66 = ORIENTED_EDGE ( 'NONE', *, *, #206, .T. ) ;
#67 = ORIENTED_EDGE ( 'NONE', *, *, #95, .T. ) ;
#68 = ORIENTED_EDGE ( 'NONE', *, *, #139, .T. ) ;
#69 = ORIENTED_EDGE ( 'NONE', *, *, #962, .F. ) ;
#70 = DIRECTION ( 'NONE',  ( 2.993637084257137000E-016, 1.000000000000000000, 1.110223024625155700E-016 ) ) ;
#71 = DIRECTION ( 'NONE',  ( -0.7071067811865474600, 0.7071067811865474600, 0.0000000000000000000 ) ) ;
#72 = DIRECTION ( 'NONE',  ( -9.130123557772670800E-017, 1.826024711554534200E-016, -1.000000000000000000 ) ) ;
#73 = DIRECTION ( 'NONE',  ( -0.7071067811865474600, 0.7071067811865474600, 0.0000000000000000000 ) ) ;
#74 = CARTESIAN_POINT ( 'NONE',  ( 9.575314775471817100, -6.393334260132373700, -6.000000000000000900 ) ) ;
#75 = CARTESIAN_POINT ( 'NONE',  ( 9.575314775471817100, -6.393334260132373700, 5.999999999999999100 ) ) ;
#76 = CARTESIAN_POINT ( 'NONE',  ( 2.156675682618965700, 5.267945519839766000, -4.750000000000000900 ) ) ;
#77 = CARTESIAN_POINT ( 'NONE',  ( 0.8838834764831795500, 6.540737725975553500, -4.750000000000000900 ) ) ;
#78 = DIRECTION ( 'NONE',  ( 0.0000000000000000000, 0.0000000000000000000, 1.000000000000000000 ) ) ;
#79 = CARTESIAN_POINT ( 'NONE',  ( 42.00000000000000000, 7.851028073651787200, 21.00000000000000000 ) ) ;
#80 = CARTESIAN_POINT ( 'NONE',  ( 10.00000000000000500, 21.00000000000002500, 5.000000000000000900 ) ) ;
#81 = DIRECTION ( 'NONE',  ( -0.0000000000000000000, 1.000000000000000000, -0.0000000000000000000 ) ) ;
#82 = EDGE_CURVE ( 'NONE', #1204, #1226, #1431, .T. ) ;
#83 = EDGE_CURVE ( 'NONE', #1718, #1726, #1445, .T. ) ;
#84 = EDGE_CURVE ( 'NONE', #1173, #1197, #1446, .T. ) ;
#85 = EDGE_CURVE ( 'NONE', #1207, #1227, #1466, .T. ) ;
#86 = EDGE_CURVE ( 'NONE', #1682, #1222, #1470, .T. ) ;
#87 = EDGE_CURVE ( 'NONE', #1230, #1190, #1456, .T. ) ;
#88 = EDGE_CURVE ( 'NONE', #1194, #1227, #1429, .T. ) ;
#89 = EDGE_CURVE ( 'NONE', #1226, #1199, #1488, .T. ) ;
#90 = EDGE_CURVE ( 'NONE', #1207, #1187, #1435, .T. ) ;
#91 = EDGE_CURVE ( 'NONE', #1732, #1709, #1485, .T. ) ;
#92 = EDGE_CURVE ( 'NONE', #1187, #1198, #1447, .T. ) ;
#93 = EDGE_CURVE ( 'NONE', #1182, #1625, #1474, .T. ) ;
#94 = EDGE_CURVE ( 'NONE', #1708, #1690, #1480, .T. ) ;
#95 = EDGE_CURVE ( 'NONE', #1732, #1735, #1468, .T. ) ;
#96 = EDGE_CURVE ( 'NONE', #1647, #1229, #1477, .T. ) ;
#97 = EDGE_CURVE ( 'NONE', #1178, #1713, #1476, .T. ) ;
#98 = EDGE_CURVE ( 'NONE', #1179, #1700, #1463, .T. ) ;
#99 = EDGE_CURVE ( 'NONE', #1222, #1182, #1458, .T. ) ;
#100 = EDGE_CURVE ( 'NONE', #1674, #1230, #745, .T. ) ;
#101 = EDGE_CURVE ( 'NONE', #1216, #1636, #1543, .T. ) ;
#102 = EDGE_CURVE ( 'NONE', #1228, #1221, #1511, .T. ) ;
#103 = EDGE_CURVE ( 'NONE', #1616, #1216, #1499, .T. ) ;
#104 = EDGE_CURVE ( 'NONE', #1645, #1191, #1550, .T. ) ;
#105 = EDGE_CURVE ( 'NONE', #1720, #1228, #1532, .T. ) ;
#106 = EDGE_CURVE ( 'NONE', #1216, #1179, #1501, .T. ) ;
#107 = EDGE_CURVE ( 'NONE', #1205, #1218, #1505, .T. ) ;
#108 = EDGE_CURVE ( 'NONE', #1650, #1179, #1523, .T. ) ;
#109 = EDGE_CURVE ( 'NONE', #1201, #1659, #1493, .T. ) ;
#110 = EDGE_CURVE ( 'NONE', #1221, #1673, #1533, .T. ) ;
#111 = EDGE_CURVE ( 'NONE', #1742, #1672, #1515, .T. ) ;
#112 = EDGE_CURVE ( 'NONE', #1224, #1680, #1539, .T. ) ;
#113 = EDGE_CURVE ( 'NONE', #1692, #1173, #1506, .T. ) ;
#114 = EDGE_CURVE ( 'NONE', #1677, #1736, #1535, .T. ) ;
#115 = EDGE_CURVE ( 'NONE', #1197, #1740, #1510, .T. ) ;
#116 = EDGE_CURVE ( 'NONE', #1222, #1622, #1502, .T. ) ;
#117 = EDGE_CURVE ( 'NONE', #1215, #1204, #1524, .T. ) ;
#118 = EDGE_CURVE ( 'NONE', #1689, #1676, #1512, .T. ) ;
#119 = EDGE_CURVE ( 'NONE', #1695, #1674, #1497, .T. ) ;
#120 = EDGE_CURVE ( 'NONE', #1229, #1205, #763, .T. ) ;
#121 = EDGE_CURVE ( 'NONE', #1176, #1224, #1540, .T. ) ;
#122 = EDGE_CURVE ( 'NONE', #1710, #1656, #1503, .T. ) ;
#123 = EDGE_CURVE ( 'NONE', #1651, #1722, #1498, .T. ) ;
#124 = EDGE_CURVE ( 'NONE', #1214, #1176, #1500, .T. ) ;
#125 = EDGE_CURVE ( 'NONE', #1230, #1226, #1538, .T. ) ;
#126 = EDGE_CURVE ( 'NONE', #1198, #1178, #1528, .T. ) ;
#127 = EDGE_CURVE ( 'NONE', #1740, #1692, #1516, .T. ) ;
#128 = EDGE_CURVE ( 'NONE', #1191, #1662, #1513, .T. ) ;
#129 = EDGE_CURVE ( 'NONE', #1183, #1229, #1544, .T. ) ;
#130 = EDGE_CURVE ( 'NONE', #1735, #1705, #1492, .T. ) ;
#131 = EDGE_CURVE ( 'NONE', #1200, #1630, #1518, .T. ) ;
#132 = EDGE_CURVE ( 'NONE', #1200, #1183, #1508, .T. ) ;
#133 = EDGE_CURVE ( 'NONE', #1674, #1204, #1607, .T. ) ;
#134 = EDGE_CURVE ( 'NONE', #1660, #1725, #1561, .T. ) ;
#135 = EDGE_CURVE ( 'NONE', #1723, #1194, #1571, .T. ) ;
#136 = EDGE_CURVE ( 'NONE', #1199, #1183, #1580, .T. ) ;
#137 = EDGE_CURVE ( 'NONE', #1214, #1680, #1558, .T. ) ;
#138 = EDGE_CURVE ( 'NONE', #1691, #1201, #1593, .T. ) ;
#139 = EDGE_CURVE ( 'NONE', #1679, #1615, #1597, .T. ) ;
#140 = EDGE_CURVE ( 'NONE', #1218, #1215, #762, .T. ) ;
#141 = EDGE_CURVE ( 'NONE', #1693, #1697, #1551, .T. ) ;
#142 = EDGE_CURVE ( 'NONE', #1190, #1200, #749, .T. ) ;
#143 = EDGE_CURVE ( 'NONE', #1215, #1715, #1601, .T. ) ;
#144 = EDGE_CURVE ( 'NONE', #1704, #1182, #1554, .T. ) ;
#145 = EDGE_CURVE ( 'NONE', #1190, #1199, #1573, .T. ) ;
#146 = EDGE_CURVE ( 'NONE', #1648, #1623, #1559, .T. ) ;
#147 = EDGE_CURVE ( 'NONE', #1636, #1660, #1562, .T. ) ;
#148 = EDGE_CURVE ( 'NONE', #1649, #1624, #1563, .T. ) ;
#149 = EDGE_CURVE ( 'NONE', #1669, #1620, #1582, .T. ) ;
#150 = EDGE_CURVE ( 'NONE', #1715, #1628, #755, .T. ) ;
#151 = EDGE_CURVE ( 'NONE', #1649, #1662, #1592, .T. ) ;
#152 = EDGE_CURVE ( 'NONE', #1615, #1634, #1572, .T. ) ;
#153 = EDGE_CURVE ( 'NONE', #1630, #1647, #1565, .T. ) ;
#154 = EDGE_CURVE ( 'NONE', #1715, #1695, #1575, .T. ) ;
#155 = EDGE_CURVE ( 'NONE', #1645, #1649, #1587, .T. ) ;
#156 = EDGE_CURVE ( 'NONE', #1625, #1650, #1585, .T. ) ;
#157 = EDGE_CURVE ( 'NONE', #1706, #1707, #1590, .T. ) ;
#158 = EDGE_CURVE ( 'NONE', #1631, #1626, #1577, .T. ) ;
#159 = EDGE_CURVE ( 'NONE', #1653, #1656, #771, .T. ) ;
#160 = EDGE_CURVE ( 'NONE', #1622, #1616, #1598, .T. ) ;
#161 = EDGE_CURVE ( 'NONE', #1613, #1624, #1600, .T. ) ;
#162 = EDGE_CURVE ( 'NONE', #1627, #1691, #1603, .T. ) ;
#163 = EDGE_CURVE ( 'NONE', #1641, #1645, #1605, .T. ) ;
#164 = EDGE_CURVE ( 'NONE', #1667, #1652, #1570, .T. ) ;
#165 = EDGE_CURVE ( 'NONE', #1662, #1652, #1602, .T. ) ;
#166 = EDGE_CURVE ( 'NONE', #1651, #1656, #1588, .T. ) ;
#167 = EDGE_CURVE ( 'NONE', #1613, #1631, #1416, .T. ) ;
#168 = EDGE_CURVE ( 'NONE', #1659, #1717, #1479, .T. ) ;
#169 = EDGE_CURVE ( 'NONE', #1670, #1647, #779, .T. ) ;
#170 = EDGE_CURVE ( 'NONE', #1623, #1717, #1415, .T. ) ;
#171 = EDGE_CURVE ( 'NONE', #1695, #1617, #747, .T. ) ;
#172 = EDGE_CURVE ( 'NONE', #1653, #1642, #2544, .T. ) ;
#173 = EDGE_CURVE ( 'NONE', #1620, #1624, #2553, .T. ) ;
#174 = EDGE_CURVE ( 'NONE', #1622, #1625, #2569, .T. ) ;
#175 = EDGE_CURVE ( 'NONE', #1617, #1660, #2546, .T. ) ;
#176 = EDGE_CURVE ( 'NONE', #1648, #1659, #2563, .T. ) ;
#177 = EDGE_CURVE ( 'NONE', #1626, #1669, #2542, .T. ) ;
#178 = EDGE_CURVE ( 'NONE', #1667, #1691, #2533, .T. ) ;
#179 = EDGE_CURVE ( 'NONE', #1636, #1651, #2556, .T. ) ;
#180 = EDGE_CURVE ( 'NONE', #1670, #1628, #2577, .T. ) ;
#181 = EDGE_CURVE ( 'NONE', #1616, #1650, #2547, .T. ) ;
#182 = EDGE_CURVE ( 'NONE', #1626, #1652, #2555, .T. ) ;
#183 = EDGE_CURVE ( 'NONE', #1615, #1700, #2568, .T. ) ;
#184 = EDGE_CURVE ( 'NONE', #1639, #1627, #2543, .T. ) ;
#185 = EDGE_CURVE ( 'NONE', #1639, #1641, #2580, .T. ) ;
#186 = EDGE_CURVE ( 'NONE', #1634, #1630, #772, .T. ) ;
#187 = EDGE_CURVE ( 'NONE', #1682, #1723, #2541, .T. ) ;
#188 = EDGE_CURVE ( 'NONE', #1728, #1687, #2582, .T. ) ;
#189 = EDGE_CURVE ( 'NONE', #1698, #1738, #760, .T. ) ;
#190 = EDGE_CURVE ( 'NONE', #1678, #1729, #754, .T. ) ;
#191 = EDGE_CURVE ( 'NONE', #1705, #1679, #2534, .T. ) ;
#192 = EDGE_CURVE ( 'NONE', #1710, #1688, #750, .T. ) ;
#193 = EDGE_CURVE ( 'NONE', #1681, #1676, #2579, .T. ) ;
#194 = EDGE_CURVE ( 'NONE', #1703, #1681, #2560, .T. ) ;
#195 = EDGE_CURVE ( 'NONE', #1672, #1730, #758, .T. ) ;
#196 = EDGE_CURVE ( 'NONE', #1685, #1675, #2551, .T. ) ;
#197 = EDGE_CURVE ( 'NONE', #1725, #1709, #2565, .T. ) ;
#198 = EDGE_CURVE ( 'NONE', #1699, #1733, #2578, .T. ) ;
#199 = EDGE_CURVE ( 'NONE', #1726, #1704, #2567, .T. ) ;
#200 = EDGE_CURVE ( 'NONE', #1714, #1637, #2548, .T. ) ;
#201 = EDGE_CURVE ( 'NONE', #1734, #1742, #773, .T. ) ;
#202 = EDGE_CURVE ( 'NONE', #1720, #1673, #2573, .T. ) ;
#203 = EDGE_CURVE ( 'NONE', #1738, #1727, #2561, .T. ) ;
#204 = EDGE_CURVE ( 'NONE', #1731, #1702, #2572, .T. ) ;
#205 = EDGE_CURVE ( 'NONE', #1733, #1706, #2585, .T. ) ;
#206 = EDGE_CURVE ( 'NONE', #1712, #1737, #2550, .T. ) ;
#207 = EDGE_CURVE ( 'NONE', #1642, #1714, #2581, .T. ) ;
#208 = EDGE_CURVE ( 'NONE', #1676, #1693, #2598, .T. ) ;
#209 = EDGE_CURVE ( 'NONE', #1719, #1686, #2607, .T. ) ;
#210 = EDGE_CURVE ( 'NONE', #1690, #1699, #746, .T. ) ;
#211 = EDGE_CURVE ( 'NONE', #1683, #1694, #2594, .T. ) ;
#212 = EDGE_CURVE ( 'NONE', #1722, #1682, #2595, .T. ) ;
#213 = EDGE_CURVE ( 'NONE', #1722, #1690, #2596, .T. ) ;
#214 = EDGE_CURVE ( 'NONE', #1707, #1719, #2612, .T. ) ;
#215 = EDGE_CURVE ( 'NONE', #1621, #1688, #2603, .T. ) ;
#216 = EDGE_CURVE ( 'NONE', #1713, #1704, #2642, .T. ) ;
#217 = EDGE_CURVE ( 'NONE', #1713, #1716, #2608, .T. ) ;
#218 = EDGE_CURVE ( 'NONE', #1618, #1685, #2601, .T. ) ;
#219 = EDGE_CURVE ( 'NONE', #1697, #1726, #2621, .T. ) ;
#220 = EDGE_CURVE ( 'NONE', #1730, #1728, #2588, .T. ) ;
#221 = EDGE_CURVE ( 'NONE', #1724, #1711, #2623, .T. ) ;
#222 = EDGE_CURVE ( 'NONE', #1737, #1709, #2615, .T. ) ;
#223 = EDGE_CURVE ( 'NONE', #1705, #1712, #2610, .T. ) ;
#224 = EDGE_CURVE ( 'NONE', #1673, #1736, #2632, .T. ) ;
#225 = EDGE_CURVE ( 'NONE', #1693, #1675, #759, .T. ) ;
#226 = EDGE_CURVE ( 'NONE', #1677, #1703, #2613, .T. ) ;
#227 = EDGE_CURVE ( 'NONE', #1724, #1697, #766, .T. ) ;
#228 = EDGE_CURVE ( 'NONE', #1701, #1698, #2597, .T. ) ;
#229 = EDGE_CURVE ( 'NONE', #1694, #1725, #2604, .T. ) ;
#230 = EDGE_CURVE ( 'NONE', #1716, #1701, #776, .T. ) ;
#231 = EDGE_CURVE ( 'NONE', #1741, #1684, #2616, .T. ) ;
#232 = EDGE_CURVE ( 'NONE', #1729, #1723, #2627, .T. ) ;
#233 = EDGE_CURVE ( 'NONE', #1637, #1621, #2605, .T. ) ;
#234 = EDGE_CURVE ( 'NONE', #1687, #1731, #2617, .T. ) ;
#235 = EDGE_CURVE ( 'NONE', #1721, #1618, #2625, .T. ) ;
#236 = EDGE_CURVE ( 'NONE', #1700, #1718, #2622, .T. ) ;
#237 = EDGE_CURVE ( 'NONE', #1689, #1742, #2636, .T. ) ;
#238 = EDGE_CURVE ( 'NONE', #1711, #1721, #2638, .T. ) ;
#239 = EDGE_CURVE ( 'NONE', #1708, #1677, #2589, .T. ) ;
#240 = EDGE_CURVE ( 'NONE', #1679, #1741, #2626, .T. ) ;
#241 = EDGE_CURVE ( 'NONE', #1684, #1683, #2631, .T. ) ;
#242 = EDGE_CURVE ( 'NONE', #1727, #1696, #764, .T. ) ;
#243 = EDGE_CURVE ( 'NONE', #1686, #1708, #748, .T. ) ;
#244 = EDGE_CURVE ( 'NONE', #1689, #1720, #2628, .T. ) ;
#245 = EDGE_CURVE ( 'NONE', #1672, #1718, #2633, .T. ) ;
#246 = EDGE_CURVE ( 'NONE', #1710, #1736, #2679, .T. ) ;
#247 = EDGE_CURVE ( 'NONE', #1696, #1678, #2693, .T. ) ;
#248 = EDGE_CURVE ( 'NONE', #1702, #1734, #2696, .T. ) ;
#249 = ORIENTED_EDGE ( 'NONE', *, *, #88, .F. ) ;
#250 = ORIENTED_EDGE ( 'NONE', *, *, #246, .F. ) ;
#251 = ORIENTED_EDGE ( 'NONE', *, *, #163, .T. ) ;
#252 = ORIENTED_EDGE ( 'NONE', *, *, #160, .F. ) ;
#253 = ORIENTED_EDGE ( 'NONE', *, *, #954, .F. ) ;
#254 = ORIENTED_EDGE ( 'NONE', *, *, #942, .T. ) ;
#255 = ORIENTED_EDGE ( 'NONE', *, *, #200, .F. ) ;
#256 = ORIENTED_EDGE ( 'NONE', *, *, #177, .T. ) ;
#257 = ORIENTED_EDGE ( 'NONE', *, *, #248, .T. ) ;
#258 = ORIENTED_EDGE ( 'NONE', *, *, #135, .F. ) ;
#259 = ORIENTED_EDGE ( 'NONE', *, *, #16, .F. ) ;
#260 = ORIENTED_EDGE ( 'NONE', *, *, #928, .F. ) ;
#261 = ORIENTED_EDGE ( 'NONE', *, *, #182, .F. ) ;
#262 = ORIENTED_EDGE ( 'NONE', *, *, #224, .T. ) ;
#263 = ORIENTED_EDGE ( 'NONE', *, *, #188, .T. ) ;
#264 = ORIENTED_EDGE ( 'NONE', *, *, #185, .T. ) ;
#265 = ORIENTED_EDGE ( 'NONE', *, *, #178, .T. ) ;
#266 = ORIENTED_EDGE ( 'NONE', *, *, #236, .T. ) ;
#267 = ORIENTED_EDGE ( 'NONE', *, *, #896, .F. ) ;
#268 = ORIENTED_EDGE ( 'NONE', *, *, #97, .F. ) ;
#269 = ORIENTED_EDGE ( 'NONE', *, *, #951, .F. ) ;
#270 = ORIENTED_EDGE ( 'NONE', *, *, #213, .T. ) ;
#271 = ORIENTED_EDGE ( 'NONE', *, *, #146, .F. ) ;
#272 = ORIENTED_EDGE ( 'NONE', *, *, #190, .F. ) ;
#273 = ORIENTED_EDGE ( 'NONE', *, *, #207, .F. ) ;
#274 = ORIENTED_EDGE ( 'NONE', *, *, #237, .F. ) ;
#275 = ORIENTED_EDGE ( 'NONE', *, *, #198, .T. ) ;
#276 = ORIENTED_EDGE ( 'NONE', *, *, #205, .T. ) ;
#277 = ORIENTED_EDGE ( 'NONE', *, *, #157, .T. ) ;
#278 = ORIENTED_EDGE ( 'NONE', *, *, #167, .T. ) ;
#279 = ORIENTED_EDGE ( 'NONE', *, *, #155, .T. ) ;
#280 = ORIENTED_EDGE ( 'NONE', *, *, #911, .F. ) ;
#281 = ORIENTED_EDGE ( 'NONE', *, *, #150, .T. ) ;
#282 = ORIENTED_EDGE ( 'NONE', *, *, #184, .F. ) ;
#283 = ORIENTED_EDGE ( 'NONE', *, *, #154, .F. ) ;
#284 = ORIENTED_EDGE ( 'NONE', *, *, #244, .T. ) ;
#285 = ORIENTED_EDGE ( 'NONE', *, *, #170, .F. ) ;
#286 = ORIENTED_EDGE ( 'NONE', *, *, #179, .F. ) ;
#287 = ORIENTED_EDGE ( 'NONE', *, *, #164, .F. ) ;
#288 = ORIENTED_EDGE ( 'NONE', *, *, #12, .F. ) ;
#289 = ORIENTED_EDGE ( 'NONE', *, *, #930, .T. ) ;
#290 = ORIENTED_EDGE ( 'NONE', *, *, #182, .T. ) ;
#291 = ORIENTED_EDGE ( 'NONE', *, *, #210, .T. ) ;
#292 = ORIENTED_EDGE ( 'NONE', *, *, #931, .T. ) ;
#293 = ORIENTED_EDGE ( 'NONE', *, *, #220, .T. ) ;
#294 = ORIENTED_EDGE ( 'NONE', *, *, #169, .T. ) ;
#295 = ORIENTED_EDGE ( 'NONE', *, *, #180, .F. ) ;
#296 = ORIENTED_EDGE ( 'NONE', *, *, #165, .T. ) ;
#297 = ORIENTED_EDGE ( 'NONE', *, *, #148, .F. ) ;
#298 = ORIENTED_EDGE ( 'NONE', *, *, #910, .F. ) ;
#299 = ORIENTED_EDGE ( 'NONE', *, *, #195, .T. ) ;
#300 = ORIENTED_EDGE ( 'NONE', *, *, #172, .F. ) ;
#301 = ORIENTED_EDGE ( 'NONE', *, *, #161, .F. ) ;
#302 = ORIENTED_EDGE ( 'NONE', *, *, #126, .F. ) ;
#303 = ORIENTED_EDGE ( 'NONE', *, *, #917, .T. ) ;
#304 = ORIENTED_EDGE ( 'NONE', *, *, #175, .F. ) ;
#305 = ORIENTED_EDGE ( 'NONE', *, *, #176, .T. ) ;
#306 = ORIENTED_EDGE ( 'NONE', *, *, #949, .T. ) ;
#307 = ORIENTED_EDGE ( 'NONE', *, *, #27, .F. ) ;
#308 = ORIENTED_EDGE ( 'NONE', *, *, #201, .T. ) ;
#309 = ORIENTED_EDGE ( 'NONE', *, *, #217, .F. ) ;
#310 = ORIENTED_EDGE ( 'NONE', *, *, #941, .T. ) ;
#311 = ORIENTED_EDGE ( 'NONE', *, *, #934, .F. ) ;
#312 = ORIENTED_EDGE ( 'NONE', *, *, #911, .T. ) ;
#313 = ORIENTED_EDGE ( 'NONE', *, *, #154, .T. ) ;
#314 = ORIENTED_EDGE ( 'NONE', *, *, #194, .T. ) ;
#315 = ORIENTED_EDGE ( 'NONE', *, *, #221, .F. ) ;
#316 = ORIENTED_EDGE ( 'NONE', *, *, #101, .F. ) ;
#317 = ORIENTED_EDGE ( 'NONE', *, *, #87, .T. ) ;
#318 = ORIENTED_EDGE ( 'NONE', *, *, #208, .T. ) ;
#319 = ORIENTED_EDGE ( 'NONE', *, *, #204, .T. ) ;
#320 = ORIENTED_EDGE ( 'NONE', *, *, #173, .T. ) ;
#321 = ORIENTED_EDGE ( 'NONE', *, *, #222, .F. ) ;
#322 = ORIENTED_EDGE ( 'NONE', *, *, #189, .T. ) ;
#323 = ORIENTED_EDGE ( 'NONE', *, *, #228, .T. ) ;
#324 = ORIENTED_EDGE ( 'NONE', *, *, #166, .F. ) ;
#325 = ORIENTED_EDGE ( 'NONE', *, *, #223, .F. ) ;
#326 = ORIENTED_EDGE ( 'NONE', *, *, #171, .F. ) ;
#327 = ORIENTED_EDGE ( 'NONE', *, *, #152, .F. ) ;
#328 = ORIENTED_EDGE ( 'NONE', *, *, #225, .T. ) ;
#329 = ORIENTED_EDGE ( 'NONE', *, *, #247, .T. ) ;
#330 = ORIENTED_EDGE ( 'NONE', *, *, #168, .T. ) ;
#331 = ORIENTED_EDGE ( 'NONE', *, *, #243, .T. ) ;
#332 = ORIENTED_EDGE ( 'NONE', *, *, #226, .T. ) ;
#333 = ORIENTED_EDGE ( 'NONE', *, *, #231, .T. ) ;
#334 = ORIENTED_EDGE ( 'NONE', *, *, #183, .T. ) ;
#335 = ORIENTED_EDGE ( 'NONE', *, *, #191, .T. ) ;
#336 = ORIENTED_EDGE ( 'NONE', *, *, #119, .T. ) ;
#337 = ORIENTED_EDGE ( 'NONE', *, *, #147, .F. ) ;
#338 = ORIENTED_EDGE ( 'NONE', *, *, #192, .T. ) ;
#339 = ORIENTED_EDGE ( 'NONE', *, *, #148, .T. ) ;
#340 = ORIENTED_EDGE ( 'NONE', *, *, #234, .T. ) ;
#341 = ORIENTED_EDGE ( 'NONE', *, *, #145, .T. ) ;
#342 = ORIENTED_EDGE ( 'NONE', *, *, #134, .F. ) ;
#343 = ORIENTED_EDGE ( 'NONE', *, *, #117, .F. ) ;
#344 = ORIENTED_EDGE ( 'NONE', *, *, #230, .T. ) ;
#345 = ORIENTED_EDGE ( 'NONE', *, *, #242, .T. ) ;
#346 = ORIENTED_EDGE ( 'NONE', *, *, #190, .T. ) ;
#347 = ORIENTED_EDGE ( 'NONE', *, *, #174, .T. ) ;
#348 = ORIENTED_EDGE ( 'NONE', *, *, #199, .T. ) ;
#349 = ORIENTED_EDGE ( 'NONE', *, *, #217, .T. ) ;
#350 = ORIENTED_EDGE ( 'NONE', *, *, #162, .F. ) ;
#351 = ORIENTED_EDGE ( 'NONE', *, *, #245, .F. ) ;
#352 = ORIENTED_EDGE ( 'NONE', *, *, #232, .T. ) ;
#353 = ORIENTED_EDGE ( 'NONE', *, *, #197, .T. ) ;
#354 = ORIENTED_EDGE ( 'NONE', *, *, #125, .F. ) ;
#355 = ORIENTED_EDGE ( 'NONE', *, *, #197, .F. ) ;
#356 = ORIENTED_EDGE ( 'NONE', *, *, #202, .T. ) ;
#357 = ORIENTED_EDGE ( 'NONE', *, *, #215, .F. ) ;
#358 = ORIENTED_EDGE ( 'NONE', *, *, #89, .F. ) ;
#359 = ORIENTED_EDGE ( 'NONE', *, *, #206, .F. ) ;
#360 = ORIENTED_EDGE ( 'NONE', *, *, #153, .F. ) ;
#361 = ORIENTED_EDGE ( 'NONE', *, *, #151, .T. ) ;
#362 = ORIENTED_EDGE ( 'NONE', *, *, #159, .T. ) ;
#363 = ORIENTED_EDGE ( 'NONE', *, *, #196, .F. ) ;
#364 = ORIENTED_EDGE ( 'NONE', *, *, #158, .T. ) ;
#365 = ORIENTED_EDGE ( 'NONE', *, *, #233, .F. ) ;
#366 = ORIENTED_EDGE ( 'NONE', *, *, #149, .T. ) ;
#367 = ORIENTED_EDGE ( 'NONE', *, *, #212, .F. ) ;
#368 = ORIENTED_EDGE ( 'NONE', *, *, #181, .F. ) ;
#369 = ORIENTED_EDGE ( 'NONE', *, *, #82, .F. ) ;
#370 = ORIENTED_EDGE ( 'NONE', *, *, #147, .T. ) ;
#371 = ORIENTED_EDGE ( 'NONE', *, *, #186, .F. ) ;
#372 = ORIENTED_EDGE ( 'NONE', *, *, #193, .T. ) ;
#373 = ORIENTED_EDGE ( 'NONE', *, *, #219, .T. ) ;
#374 = ORIENTED_EDGE ( 'NONE', *, *, #214, .T. ) ;
#375 = ORIENTED_EDGE ( 'NONE', *, *, #156, .T. ) ;
#376 = ORIENTED_EDGE ( 'NONE', *, *, #133, .F. ) ;
#377 = ORIENTED_EDGE ( 'NONE', *, *, #235, .F. ) ;
#378 = ORIENTED_EDGE ( 'NONE', *, *, #144, .T. ) ;
#379 = ORIENTED_EDGE ( 'NONE', *, *, #202, .F. ) ;
#380 = ORIENTED_EDGE ( 'NONE', *, *, #245, .T. ) ;
#381 = ORIENTED_EDGE ( 'NONE', *, *, #91, .T. ) ;
#382 = ORIENTED_EDGE ( 'NONE', *, *, #240, .T. ) ;
#383 = ORIENTED_EDGE ( 'NONE', *, *, #129, .F. ) ;
#384 = ORIENTED_EDGE ( 'NONE', *, *, #145, .F. ) ;
#385 = ORIENTED_EDGE ( 'NONE', *, *, #140, .T. ) ;
#386 = ORIENTED_EDGE ( 'NONE', *, *, #187, .F. ) ;
#387 = ORIENTED_EDGE ( 'NONE', *, *, #95, .F. ) ;
#388 = ORIENTED_EDGE ( 'NONE', *, *, #133, .T. ) ;
#389 = ORIENTED_EDGE ( 'NONE', *, *, #90, .T. ) ;
#390 = ORIENTED_EDGE ( 'NONE', *, *, #93, .T. ) ;
#391 = ORIENTED_EDGE ( 'NONE', *, *, #116, .F. ) ;
#392 = ORIENTED_EDGE ( 'NONE', *, *, #115, .F. ) ;
#393 = ORIENTED_EDGE ( 'NONE', *, *, #107, .T. ) ;
#394 = ORIENTED_EDGE ( 'NONE', *, *, #174, .F. ) ;
#395 = ORIENTED_EDGE ( 'NONE', *, *, #191, .F. ) ;
#396 = ORIENTED_EDGE ( 'NONE', *, *, #241, .T. ) ;
#397 = ORIENTED_EDGE ( 'NONE', *, *, #209, .T. ) ;
#398 = ORIENTED_EDGE ( 'NONE', *, *, #97, .T. ) ;
#399 = ORIENTED_EDGE ( 'NONE', *, *, #227, .T. ) ;
#400 = ORIENTED_EDGE ( 'NONE', *, *, #216, .F. ) ;
#401 = ORIENTED_EDGE ( 'NONE', *, *, #88, .T. ) ;
#402 = ORIENTED_EDGE ( 'NONE', *, *, #208, .F. ) ;
#403 = ORIENTED_EDGE ( 'NONE', *, *, #216, .T. ) ;
#404 = ORIENTED_EDGE ( 'NONE', *, *, #99, .F. ) ;
#405 = ORIENTED_EDGE ( 'NONE', *, *, #213, .F. ) ;
#406 = ORIENTED_EDGE ( 'NONE', *, *, #142, .T. ) ;
#407 = ORIENTED_EDGE ( 'NONE', *, *, #110, .T. ) ;
#408 = ORIENTED_EDGE ( 'NONE', *, *, #125, .T. ) ;
#409 = ORIENTED_EDGE ( 'NONE', *, *, #86, .F. ) ;
#410 = ORIENTED_EDGE ( 'NONE', *, *, #92, .T. ) ;
#411 = ORIENTED_EDGE ( 'NONE', *, *, #166, .T. ) ;
#412 = ORIENTED_EDGE ( 'NONE', *, *, #239, .F. ) ;
#413 = ORIENTED_EDGE ( 'NONE', *, *, #136, .F. ) ;
#414 = ORIENTED_EDGE ( 'NONE', *, *, #123, .F. ) ;
#415 = ORIENTED_EDGE ( 'NONE', *, *, #102, .T. ) ;
#416 = ORIENTED_EDGE ( 'NONE', *, *, #203, .T. ) ;
#417 = ORIENTED_EDGE ( 'NONE', *, *, #100, .T. ) ;
#418 = ORIENTED_EDGE ( 'NONE', *, *, #111, .T. ) ;
#419 = ORIENTED_EDGE ( 'NONE', *, *, #237, .T. ) ;
#420 = ORIENTED_EDGE ( 'NONE', *, *, #211, .T. ) ;
#421 = ORIENTED_EDGE ( 'NONE', *, *, #118, .F. ) ;
#422 = ORIENTED_EDGE ( 'NONE', *, *, #141, .F. ) ;
#423 = ORIENTED_EDGE ( 'NONE', *, *, #187, .T. ) ;
#424 = ORIENTED_EDGE ( 'NONE', *, *, #94, .T. ) ;
#425 = ORIENTED_EDGE ( 'NONE', *, *, #114, .F. ) ;
#426 = ORIENTED_EDGE ( 'NONE', *, *, #130, .F. ) ;
#427 = ORIENTED_EDGE ( 'NONE', *, *, #136, .T. ) ;
#428 = ORIENTED_EDGE ( 'NONE', *, *, #83, .T. ) ;
#429 = ORIENTED_EDGE ( 'NONE', *, *, #113, .F. ) ;
#430 = ORIENTED_EDGE ( 'NONE', *, *, #106, .T. ) ;
#431 = ORIENTED_EDGE ( 'NONE', *, *, #218, .F. ) ;
#432 = ORIENTED_EDGE ( 'NONE', *, *, #219, .F. ) ;
#433 = ORIENTED_EDGE ( 'NONE', *, *, #238, .F. ) ;
#434 = ORIENTED_EDGE ( 'NONE', *, *, #143, .T. ) ;
#435 = ORIENTED_EDGE ( 'NONE', *, *, #98, .T. ) ;
#436 = ORIENTED_EDGE ( 'NONE', *, *, #135, .T. ) ;
#437 = ORIENTED_EDGE ( 'NONE', *, *, #239, .T. ) ;
#438 = ORIENTED_EDGE ( 'NONE', *, *, #183, .F. ) ;
#439 = ORIENTED_EDGE ( 'NONE', *, *, #229, .T. ) ;
#440 = ORIENTED_EDGE ( 'NONE', *, *, #139, .F. ) ;
#441 = ORIENTED_EDGE ( 'NONE', *, *, #181, .T. ) ;
#442 = ORIENTED_EDGE ( 'NONE', *, *, #975, .F. ) ;
#443 = ORIENTED_EDGE ( 'NONE', *, *, #209, .F. ) ;
#444 = ORIENTED_EDGE ( 'NONE', *, *, #950, .T. ) ;
#445 = ORIENTED_EDGE ( 'NONE', *, *, #99, .T. ) ;
#446 = ORIENTED_EDGE ( 'NONE', *, *, #981, .F. ) ;
#447 = ORIENTED_EDGE ( 'NONE', *, *, #128, .T. ) ;
#448 = ORIENTED_EDGE ( 'NONE', *, *, #104, .T. ) ;
#449 = ORIENTED_EDGE ( 'NONE', *, *, #915, .F. ) ;
#450 = ORIENTED_EDGE ( 'NONE', *, *, #924, .T. ) ;
#451 = ORIENTED_EDGE ( 'NONE', *, *, #966, .T. ) ;
#452 = ORIENTED_EDGE ( 'NONE', *, *, #127, .F. ) ;
#453 = ORIENTED_EDGE ( 'NONE', *, *, #978, .F. ) ;
#454 = ORIENTED_EDGE ( 'NONE', *, *, #155, .F. ) ;
#455 = ORIENTED_EDGE ( 'NONE', *, *, #82, .T. ) ;
#456 = ORIENTED_EDGE ( 'NONE', *, *, #106, .F. ) ;
#457 = ORIENTED_EDGE ( 'NONE', *, *, #945, .F. ) ;
#458 = ORIENTED_EDGE ( 'NONE', *, *, #131, .T. ) ;
#459 = ORIENTED_EDGE ( 'NONE', *, *, #214, .F. ) ;
#460 = ORIENTED_EDGE ( 'NONE', *, *, #975, .T. ) ;
#461 = ORIENTED_EDGE ( 'NONE', *, *, #906, .F. ) ;
#462 = ORIENTED_EDGE ( 'NONE', *, *, #122, .F. ) ;
#463 = ORIENTED_EDGE ( 'NONE', *, *, #903, .F. ) ;
#464 = ORIENTED_EDGE ( 'NONE', *, *, #992, .F. ) ;
#465 = ORIENTED_EDGE ( 'NONE', *, *, #968, .T. ) ;
#466 = ORIENTED_EDGE ( 'NONE', *, *, #151, .F. ) ;
#467 = ORIENTED_EDGE ( 'NONE', *, *, #124, .T. ) ;
#468 = ORIENTED_EDGE ( 'NONE', *, *, #89, .T. ) ;
#469 = ORIENTED_EDGE ( 'NONE', *, *, #936, .F. ) ;
#470 = ORIENTED_EDGE ( 'NONE', *, *, #101, .T. ) ;
#471 = ORIENTED_EDGE ( 'NONE', *, *, #991, .F. ) ;
#472 = ORIENTED_EDGE ( 'NONE', *, *, #966, .F. ) ;
#473 = ORIENTED_EDGE ( 'NONE', *, *, #960, .T. ) ;
#474 = ORIENTED_EDGE ( 'NONE', *, *, #919, .F. ) ;
#475 = ORIENTED_EDGE ( 'NONE', *, *, #105, .T. ) ;
#476 = ORIENTED_EDGE ( 'NONE', *, *, #210, .F. ) ;
#477 = ORIENTED_EDGE ( 'NONE', *, *, #902, .F. ) ;
#478 = ORIENTED_EDGE ( 'NONE', *, *, #112, .T. ) ;
#479 = ORIENTED_EDGE ( 'NONE', *, *, #246, .T. ) ;
#480 = ORIENTED_EDGE ( 'NONE', *, *, #234, .F. ) ;
#481 = ORIENTED_EDGE ( 'NONE', *, *, #999, .T. ) ;
#482 = ORIENTED_EDGE ( 'NONE', *, *, #103, .F. ) ;
#483 = ORIENTED_EDGE ( 'NONE', *, *, #243, .F. ) ;
#484 = ORIENTED_EDGE ( 'NONE', *, *, #84, .F. ) ;
#485 = ORIENTED_EDGE ( 'NONE', *, *, #120, .T. ) ;
#486 = ORIENTED_EDGE ( 'NONE', *, *, #921, .F. ) ;
#487 = ORIENTED_EDGE ( 'NONE', *, *, #204, .F. ) ;
#488 = ORIENTED_EDGE ( 'NONE', *, *, #132, .F. ) ;
#489 = ORIENTED_EDGE ( 'NONE', *, *, #137, .F. ) ;
#490 = ORIENTED_EDGE ( 'NONE', *, *, #153, .T. ) ;
#491 = ORIENTED_EDGE ( 'NONE', *, *, #157, .F. ) ;
#492 = ORIENTED_EDGE ( 'NONE', *, *, #132, .T. ) ;
#493 = ORIENTED_EDGE ( 'NONE', *, *, #117, .T. ) ;
#494 = ORIENTED_EDGE ( 'NONE', *, *, #121, .T. ) ;
#495 = ORIENTED_EDGE ( 'NONE', *, *, #205, .F. ) ;
#496 = ORIENTED_EDGE ( 'NONE', *, *, #85, .F. ) ;
#497 = ORIENTED_EDGE ( 'NONE', *, *, #108, .T. ) ;
#498 = ORIENTED_EDGE ( 'NONE', *, *, #96, .T. ) ;
#499 = ORIENTED_EDGE ( 'NONE', *, *, #126, .T. ) ;
#500 = ORIENTED_EDGE ( 'NONE', *, *, #904, .F. ) ;
#501 = ORIENTED_EDGE ( 'NONE', *, *, #968, .F. ) ;
#502 = ORIENTED_EDGE ( 'NONE', *, *, #1002, .T. ) ;
#503 = ORIENTED_EDGE ( 'NONE', *, *, #129, .T. ) ;
#504 = ORIENTED_EDGE ( 'NONE', *, *, #945, .T. ) ;
#505 = ORIENTED_EDGE ( 'NONE', *, *, #946, .T. ) ;
#506 = ORIENTED_EDGE ( 'NONE', *, *, #944, .T. ) ;
#507 = ORIENTED_EDGE ( 'NONE', *, *, #950, .F. ) ;
#508 = ORIENTED_EDGE ( 'NONE', *, *, #198, .F. ) ;
#509 = ORIENTED_EDGE ( 'NONE', *, *, #906, .T. ) ;
#510 = ORIENTED_EDGE ( 'NONE', *, *, #918, .T. ) ;
#511 = ORIENTED_EDGE ( 'NONE', *, *, #999, .F. ) ;
#512 = ORIENTED_EDGE ( 'NONE', *, *, #980, .F. ) ;
#513 = ORIENTED_EDGE ( 'NONE', *, *, #188, .F. ) ;
#514 = ORIENTED_EDGE ( 'NONE', *, *, #192, .F. ) ;
#515 = ORIENTED_EDGE ( 'NONE', *, *, #111, .F. ) ;
#516 = ORIENTED_EDGE ( 'NONE', *, *, #899, .F. ) ;
#517 = ORIENTED_EDGE ( 'NONE', *, *, #982, .F. ) ;
#518 = ORIENTED_EDGE ( 'NONE', *, *, #220, .F. ) ;
#519 = ORIENTED_EDGE ( 'NONE', *, *, #977, .T. ) ;
#520 = ORIENTED_EDGE ( 'NONE', *, *, #976, .F. ) ;
#521 = ORIENTED_EDGE ( 'NONE', *, *, #973, .T. ) ;
#522 = ORIENTED_EDGE ( 'NONE', *, *, #201, .F. ) ;
#523 = ORIENTED_EDGE ( 'NONE', *, *, #207, .T. ) ;
#524 = ORIENTED_EDGE ( 'NONE', *, *, #1006, .F. ) ;
#525 = ORIENTED_EDGE ( 'NONE', *, *, #995, .F. ) ;
#526 = ORIENTED_EDGE ( 'NONE', *, *, #990, .F. ) ;
#527 = ORIENTED_EDGE ( 'NONE', *, *, #932, .F. ) ;
#528 = ORIENTED_EDGE ( 'NONE', *, *, #972, .T. ) ;
#529 = ORIENTED_EDGE ( 'NONE', *, *, #918, .F. ) ;
#530 = ORIENTED_EDGE ( 'NONE', *, *, #1013, .F. ) ;
#531 = ORIENTED_EDGE ( 'NONE', *, *, #915, .T. ) ;
#532 = ORIENTED_EDGE ( 'NONE', *, *, #981, .T. ) ;
#533 = ORIENTED_EDGE ( 'NONE', *, *, #1011, .T. ) ;
#534 = ORIENTED_EDGE ( 'NONE', *, *, #959, .T. ) ;
#535 = ORIENTED_EDGE ( 'NONE', *, *, #908, .F. ) ;
#536 = ORIENTED_EDGE ( 'NONE', *, *, #921, .T. ) ;
#537 = ORIENTED_EDGE ( 'NONE', *, *, #1007, .F. ) ;
#538 = ORIENTED_EDGE ( 'NONE', *, *, #986, .T. ) ;
#539 = ORIENTED_EDGE ( 'NONE', *, *, #986, .F. ) ;
#540 = ORIENTED_EDGE ( 'NONE', *, *, #980, .T. ) ;
#541 = ORIENTED_EDGE ( 'NONE', *, *, #988, .F. ) ;
#542 = ORIENTED_EDGE ( 'NONE', *, *, #919, .T. ) ;
#543 = ORIENTED_EDGE ( 'NONE', *, *, #974, .F. ) ;
#544 = ORIENTED_EDGE ( 'NONE', *, *, #94, .F. ) ;
#545 = ORIENTED_EDGE ( 'NONE', *, *, #924, .F. ) ;
#546 = ORIENTED_EDGE ( 'NONE', *, *, #903, .T. ) ;
#547 = ORIENTED_EDGE ( 'NONE', *, *, #916, .T. ) ;
#548 = ORIENTED_EDGE ( 'NONE', *, *, #933, .F. ) ;
#549 = ORIENTED_EDGE ( 'NONE', *, *, #1004, .T. ) ;
#550 = ORIENTED_EDGE ( 'NONE', *, *, #991, .T. ) ;
#551 = ORIENTED_EDGE ( 'NONE', *, *, #992, .T. ) ;
#552 = ORIENTED_EDGE ( 'NONE', *, *, #227, .F. ) ;
#553 = ORIENTED_EDGE ( 'NONE', *, *, #960, .F. ) ;
#554 = ORIENTED_EDGE ( 'NONE', *, *, #195, .F. ) ;
#555 = ORIENTED_EDGE ( 'NONE', *, *, #159, .F. ) ;
#556 = ORIENTED_EDGE ( 'NONE', *, *, #1004, .F. ) ;
#557 = ORIENTED_EDGE ( 'NONE', *, *, #904, .T. ) ;
#558 = ORIENTED_EDGE ( 'NONE', *, *, #946, .F. ) ;
#559 = ORIENTED_EDGE ( 'NONE', *, *, #961, .F. ) ;
#560 = ORIENTED_EDGE ( 'NONE', *, *, #172, .T. ) ;
#561 = ORIENTED_EDGE ( 'NONE', *, *, #971, .F. ) ;
#562 = ORIENTED_EDGE ( 'NONE', *, *, #932, .T. ) ;
#563 = ORIENTED_EDGE ( 'NONE', *, *, #977, .F. ) ;
#564 = ORIENTED_EDGE ( 'NONE', *, *, #916, .F. ) ;
#565 = ORIENTED_EDGE ( 'NONE', *, *, #978, .T. ) ;
#566 = ORIENTED_EDGE ( 'NONE', *, *, #215, .T. ) ;
#567 = ORIENTED_EDGE ( 'NONE', *, *, #225, .F. ) ;
#568 = ORIENTED_EDGE ( 'NONE', *, *, #1011, .F. ) ;
#569 = ORIENTED_EDGE ( 'NONE', *, *, #993, .T. ) ;
#570 = ORIENTED_EDGE ( 'NONE', *, *, #995, .T. ) ;
#571 = ORIENTED_EDGE ( 'NONE', *, *, #1006, .T. ) ;
#572 = ORIENTED_EDGE ( 'NONE', *, *, #974, .T. ) ;
#573 = ORIENTED_EDGE ( 'NONE', *, *, #23, .F. ) ;
#574 = ORIENTED_EDGE ( 'NONE', *, *, #934, .T. ) ;
#575 = ORIENTED_EDGE ( 'NONE', *, *, #179, .T. ) ;
#576 = ORIENTED_EDGE ( 'NONE', *, *, #3706, .F. ) ;
#577 = ORIENTED_EDGE ( 'NONE', *, *, #24, .F. ) ;
#578 = ORIENTED_EDGE ( 'NONE', *, *, #144, .F. ) ;
#579 = ORIENTED_EDGE ( 'NONE', *, *, #27, .T. ) ;
#580 = ORIENTED_EDGE ( 'NONE', *, *, #3, .F. ) ;
#581 = ORIENTED_EDGE ( 'NONE', *, *, #164, .T. ) ;
#582 = ORIENTED_EDGE ( 'NONE', *, *, #937, .T. ) ;
#583 = ORIENTED_EDGE ( 'NONE', *, *, #156, .F. ) ;
#584 = ORIENTED_EDGE ( 'NONE', *, *, #943, .T. ) ;
#585 = ORIENTED_EDGE ( 'NONE', *, *, #922, .F. ) ;
#586 = ORIENTED_EDGE ( 'NONE', *, *, #20, .T. ) ;
#587 = ORIENTED_EDGE ( 'NONE', *, *, #236, .F. ) ;
#588 = ORIENTED_EDGE ( 'NONE', *, *, #8, .T. ) ;
#589 = ORIENTED_EDGE ( 'NONE', *, *, #3, .T. ) ;
#590 = ORIENTED_EDGE ( 'NONE', *, *, #103, .T. ) ;
#591 = ORIENTED_EDGE ( 'NONE', *, *, #8, .F. ) ;
#592 = ORIENTED_EDGE ( 'NONE', *, *, #28, .T. ) ;
#593 = ORIENTED_EDGE ( 'NONE', *, *, #900, .T. ) ;
#594 = ORIENTED_EDGE ( 'NONE', *, *, #18, .T. ) ;
#595 = ORIENTED_EDGE ( 'NONE', *, *, #128, .F. ) ;
#596 = ORIENTED_EDGE ( 'NONE', *, *, #927, .T. ) ;
#597 = ORIENTED_EDGE ( 'NONE', *, *, #203, .F. ) ;
#598 = ORIENTED_EDGE ( 'NONE', *, *, #247, .F. ) ;
#599 = ORIENTED_EDGE ( 'NONE', *, *, #3705, .T. ) ;
#600 = ORIENTED_EDGE ( 'NONE', *, *, #160, .T. ) ;
#601 = ORIENTED_EDGE ( 'NONE', *, *, #83, .F. ) ;
#602 = ORIENTED_EDGE ( 'NONE', *, *, #9, .T. ) ;
#603 = ORIENTED_EDGE ( 'NONE', *, *, #199, .F. ) ;
#604 = ORIENTED_EDGE ( 'NONE', *, *, #24, .T. ) ;
#605 = ORIENTED_EDGE ( 'NONE', *, *, #922, .T. ) ;
#606 = ORIENTED_EDGE ( 'NONE', *, *, #109, .F. ) ;
#607 = ORIENTED_EDGE ( 'NONE', *, *, #222, .T. ) ;
#608 = ORIENTED_EDGE ( 'NONE', *, *, #21, .F. ) ;
#609 = ORIENTED_EDGE ( 'NONE', *, *, #242, .F. ) ;
#610 = ORIENTED_EDGE ( 'NONE', *, *, #952, .F. ) ;
#611 = ORIENTED_EDGE ( 'NONE', *, *, #127, .T. ) ;
#612 = ORIENTED_EDGE ( 'NONE', *, *, #928, .T. ) ;
#613 = ORIENTED_EDGE ( 'NONE', *, *, #18, .F. ) ;
#614 = ORIENTED_EDGE ( 'NONE', *, *, #3705, .F. ) ;
#615 = ORIENTED_EDGE ( 'NONE', *, *, #143, .F. ) ;
#616 = ORIENTED_EDGE ( 'NONE', *, *, #895, .T. ) ;
#617 = ORIENTED_EDGE ( 'NONE', *, *, #98, .F. ) ;
#618 = ORIENTED_EDGE ( 'NONE', *, *, #3701, .T. ) ;
#619 = ORIENTED_EDGE ( 'NONE', *, *, #23, .T. ) ;
#620 = ORIENTED_EDGE ( 'NONE', *, *, #165, .F. ) ;
#621 = ORIENTED_EDGE ( 'NONE', *, *, #3702, .T. ) ;
#622 = ORIENTED_EDGE ( 'NONE', *, *, #3704, .T. ) ;
#623 = ORIENTED_EDGE ( 'NONE', *, *, #929, .T. ) ;
#624 = ORIENTED_EDGE ( 'NONE', *, *, #102, .F. ) ;
#625 = ORIENTED_EDGE ( 'NONE', *, *, #193, .F. ) ;
#626 = ORIENTED_EDGE ( 'NONE', *, *, #3707, .F. ) ;
#627 = ORIENTED_EDGE ( 'NONE', *, *, #123, .T. ) ;
#628 = ORIENTED_EDGE ( 'NONE', *, *, #212, .T. ) ;
#629 = ORIENTED_EDGE ( 'NONE', *, *, #163, .F. ) ;
#630 = ORIENTED_EDGE ( 'NONE', *, *, #116, .T. ) ;
#631 = ORIENTED_EDGE ( 'NONE', *, *, #3701, .F. ) ;
#632 = ORIENTED_EDGE ( 'NONE', *, *, #7, .T. ) ;
#633 = ORIENTED_EDGE ( 'NONE', *, *, #937, .F. ) ;
#634 = ORIENTED_EDGE ( 'NONE', *, *, #226, .F. ) ;
#635 = ORIENTED_EDGE ( 'NONE', *, *, #180, .T. ) ;
#636 = ORIENTED_EDGE ( 'NONE', *, *, #169, .F. ) ;
#637 = ORIENTED_EDGE ( 'NONE', *, *, #120, .F. ) ;
#638 = ORIENTED_EDGE ( 'NONE', *, *, #244, .F. ) ;
#639 = ORIENTED_EDGE ( 'NONE', *, *, #178, .F. ) ;
#640 = ORIENTED_EDGE ( 'NONE', *, *, #96, .F. ) ;
#641 = ORIENTED_EDGE ( 'NONE', *, *, #19, .T. ) ;
#642 = ORIENTED_EDGE ( 'NONE', *, *, #114, .T. ) ;
#643 = ORIENTED_EDGE ( 'NONE', *, *, #927, .F. ) ;
#644 = ORIENTED_EDGE ( 'NONE', *, *, #112, .F. ) ;
#645 = ORIENTED_EDGE ( 'NONE', *, *, #909, .F. ) ;
#646 = ORIENTED_EDGE ( 'NONE', *, *, #10, .F. ) ;
#647 = ORIENTED_EDGE ( 'NONE', *, *, #138, .F. ) ;
#648 = ORIENTED_EDGE ( 'NONE', *, *, #86, .T. ) ;
#649 = ORIENTED_EDGE ( 'NONE', *, *, #17, .T. ) ;
#650 = ORIENTED_EDGE ( 'NONE', *, *, #124, .F. ) ;
#651 = ORIENTED_EDGE ( 'NONE', *, *, #938, .T. ) ;
#652 = ORIENTED_EDGE ( 'NONE', *, *, #938, .F. ) ;
#653 = ORIENTED_EDGE ( 'NONE', *, *, #900, .F. ) ;
#654 = ORIENTED_EDGE ( 'NONE', *, *, #84, .T. ) ;
#655 = ORIENTED_EDGE ( 'NONE', *, *, #25, .F. ) ;
#656 = ORIENTED_EDGE ( 'NONE', *, *, #115, .T. ) ;
#657 = ORIENTED_EDGE ( 'NONE', *, *, #104, .F. ) ;
#658 = ORIENTED_EDGE ( 'NONE', *, *, #10, .T. ) ;
#659 = ORIENTED_EDGE ( 'NONE', *, *, #7, .F. ) ;
#660 = ORIENTED_EDGE ( 'NONE', *, *, #952, .T. ) ;
#661 = ORIENTED_EDGE ( 'NONE', *, *, #93, .F. ) ;
#662 = ORIENTED_EDGE ( 'NONE', *, *, #108, .F. ) ;
#663 = ORIENTED_EDGE ( 'NONE', *, *, #6, .T. ) ;
#664 = ORIENTED_EDGE ( 'NONE', *, *, #17, .F. ) ;
#665 = ORIENTED_EDGE ( 'NONE', *, *, #4, .T. ) ;
#666 = ORIENTED_EDGE ( 'NONE', *, *, #20, .F. ) ;
#667 = ORIENTED_EDGE ( 'NONE', *, *, #110, .F. ) ;
#668 = ORIENTED_EDGE ( 'NONE', *, *, #21, .T. ) ;
#669 = ORIENTED_EDGE ( 'NONE', *, *, #168, .F. ) ;
#670 = ORIENTED_EDGE ( 'NONE', *, *, #228, .F. ) ;
#671 = ORIENTED_EDGE ( 'NONE', *, *, #3706, .T. ) ;
#672 = ORIENTED_EDGE ( 'NONE', *, *, #926, .F. ) ;
#673 = ORIENTED_EDGE ( 'NONE', *, *, #150, .F. ) ;
#674 = ORIENTED_EDGE ( 'NONE', *, *, #15, .T. ) ;
#675 = ORIENTED_EDGE ( 'NONE', *, *, #917, .F. ) ;
#676 = ORIENTED_EDGE ( 'NONE', *, *, #16, .T. ) ;
#677 = ORIENTED_EDGE ( 'NONE', *, *, #909, .T. ) ;
#678 = ORIENTED_EDGE ( 'NONE', *, *, #105, .F. ) ;
#679 = ORIENTED_EDGE ( 'NONE', *, *, #4, .F. ) ;
#680 = ORIENTED_EDGE ( 'NONE', *, *, #931, .F. ) ;
#681 = ORIENTED_EDGE ( 'NONE', *, *, #22, .F. ) ;
#682 = ORIENTED_EDGE ( 'NONE', *, *, #943, .F. ) ;
#683 = ORIENTED_EDGE ( 'NONE', *, *, #895, .F. ) ;
#684 = ORIENTED_EDGE ( 'NONE', *, *, #910, .T. ) ;
#685 = ORIENTED_EDGE ( 'NONE', *, *, #107, .F. ) ;
#686 = ORIENTED_EDGE ( 'NONE', *, *, #5, .T. ) ;
#687 = ORIENTED_EDGE ( 'NONE', *, *, #955, .T. ) ;
#688 = ORIENTED_EDGE ( 'NONE', *, *, #11, .F. ) ;
#689 = ORIENTED_EDGE ( 'NONE', *, *, #5, .F. ) ;
#690 = ORIENTED_EDGE ( 'NONE', *, *, #998, .F. ) ;
#691 = ORIENTED_EDGE ( 'NONE', *, *, #896, .T. ) ;
#692 = ORIENTED_EDGE ( 'NONE', *, *, #232, .F. ) ;
#693 = ORIENTED_EDGE ( 'NONE', *, *, #930, .F. ) ;
#694 = ORIENTED_EDGE ( 'NONE', *, *, #926, .T. ) ;
#695 = ORIENTED_EDGE ( 'NONE', *, *, #3703, .F. ) ;
#696 = ORIENTED_EDGE ( 'NONE', *, *, #14, .F. ) ;
#697 = ORIENTED_EDGE ( 'NONE', *, *, #25, .T. ) ;
#698 = ORIENTED_EDGE ( 'NONE', *, *, #949, .F. ) ;
#699 = ORIENTED_EDGE ( 'NONE', *, *, #9, .F. ) ;
#700 = ORIENTED_EDGE ( 'NONE', *, *, #939, .F. ) ;
#701 = ORIENTED_EDGE ( 'NONE', *, *, #929, .F. ) ;
#702 = ORIENTED_EDGE ( 'NONE', *, *, #913, .F. ) ;
#703 = ORIENTED_EDGE ( 'NONE', *, *, #15, .F. ) ;
#704 = ORIENTED_EDGE ( 'NONE', *, *, #26, .F. ) ;
#705 = ORIENTED_EDGE ( 'NONE', *, *, #194, .F. ) ;
#706 = ORIENTED_EDGE ( 'NONE', *, *, #1, .T. ) ;
#707 = ORIENTED_EDGE ( 'NONE', *, *, #13, .F. ) ;
#708 = ORIENTED_EDGE ( 'NONE', *, *, #942, .F. ) ;
#709 = ORIENTED_EDGE ( 'NONE', *, *, #28, .F. ) ;
#710 = ORIENTED_EDGE ( 'NONE', *, *, #140, .F. ) ;
#711 = ORIENTED_EDGE ( 'NONE', *, *, #957, .T. ) ;
#712 = ORIENTED_EDGE ( 'NONE', *, *, #12, .T. ) ;
#713 = ORIENTED_EDGE ( 'NONE', *, *, #951, .T. ) ;
#714 = ORIENTED_EDGE ( 'NONE', *, *, #13, .T. ) ;
#715 = ORIENTED_EDGE ( 'NONE', *, *, #955, .F. ) ;
#716 = ORIENTED_EDGE ( 'NONE', *, *, #26, .T. ) ;
#717 = ORIENTED_EDGE ( 'NONE', *, *, #3702, .F. ) ;
#718 = ORIENTED_EDGE ( 'NONE', *, *, #121, .F. ) ;
#719 = ORIENTED_EDGE ( 'NONE', *, *, #189, .F. ) ;
#720 = ORIENTED_EDGE ( 'NONE', *, *, #113, .T. ) ;
#721 = ORIENTED_EDGE ( 'NONE', *, *, #957, .F. ) ;
#722 = ORIENTED_EDGE ( 'NONE', *, *, #907, .F. ) ;
#723 = ORIENTED_EDGE ( 'NONE', *, *, #14, .T. ) ;
#724 = ORIENTED_EDGE ( 'NONE', *, *, #11, .T. ) ;
#725 = ORIENTED_EDGE ( 'NONE', *, *, #118, .T. ) ;
#726 = ORIENTED_EDGE ( 'NONE', *, *, #897, .T. ) ;
#727 = ORIENTED_EDGE ( 'NONE', *, *, #224, .F. ) ;
#728 = ORIENTED_EDGE ( 'NONE', *, *, #230, .F. ) ;
#729 = ORIENTED_EDGE ( 'NONE', *, *, #6, .F. ) ;
#730 = ORIENTED_EDGE ( 'NONE', *, *, #3703, .T. ) ;
#731 = ORIENTED_EDGE ( 'NONE', *, *, #948, .T. ) ;
#732 = ORIENTED_EDGE ( 'NONE', *, *, #137, .T. ) ;
#733 = ORIENTED_EDGE ( 'NONE', *, *, #22, .T. ) ;
#734 = ORIENTED_EDGE ( 'NONE', *, *, #3704, .F. ) ;
#735 = ORIENTED_EDGE ( 'NONE', *, *, #2, .T. ) ;
#736 = ORIENTED_EDGE ( 'NONE', *, *, #954, .T. ) ;
#737 = ORIENTED_EDGE ( 'NONE', *, *, #19, .F. ) ;
#738 = ORIENTED_EDGE ( 'NONE', *, *, #907, .T. ) ;
#739 = ORIENTED_EDGE ( 'NONE', *, *, #913, .T. ) ;
#740 = ORIENTED_EDGE ( 'NONE', *, *, #939, .T. ) ;
#741 = ORIENTED_EDGE ( 'NONE', *, *, #2, .F. ) ;
#742 = ORIENTED_EDGE ( 'NONE', *, *, #1, .F. ) ;
#743 = PRODUCT_DEFINITION_SHAPE ( 'NONE', 'NONE',  #1166 ) ;
#744 = DESIGN_CONTEXT ( 'detailed design', #3491, 'design' ) ;
#745 =( BOUNDED_CURVE ( )  B_SPLINE_CURVE ( 3, ( #3631, #3617, #3626, #3627 ),
 .UNSPECIFIED., .F., .F. ) 
 B_SPLINE_CURVE_WITH_KNOTS ( ( 4, 4 ),
 ( 4.712388980384688800, 6.283185307179593300 ),
 .UNSPECIFIED. ) 
 CURVE ( )  GEOMETRIC_REPRESENTATION_ITEM ( )  RATIONAL_B_SPLINE_CURVE ( ( 1.000000000000000000, 0.8047378541243631600, 0.8047378541243631600, 1.000000000000000000 ) ) 
 REPRESENTATION_ITEM ( '' )  );
#746 =( BOUNDED_CURVE ( )  B_SPLINE_CURVE ( 3, ( #1911, #1907, #1939, #1905 ),
 .UNSPECIFIED., .F., .F. ) 
 B_SPLINE_CURVE_WITH_KNOTS ( ( 4, 4 ),
 ( 3.141592653589793100, 4.712388980384708300 ),
 .UNSPECIFIED. ) 
 CURVE ( )  GEOMETRIC_REPRESENTATION_ITEM ( )  RATIONAL_B_SPLINE_CURVE ( ( 1.000000000000000000, 0.8047378541243605000, 0.8047378541243605000, 1.000000000000000000 ) ) 
 REPRESENTATION_ITEM ( '' )  );
#747 =( BOUNDED_CURVE ( )  B_SPLINE_CURVE ( 3, ( #1844, #1857, #1829, #1862 ),
 .UNSPECIFIED., .F., .F. ) 
 B_SPLINE_CURVE_WITH_KNOTS ( ( 4, 4 ),
 ( 3.141592653589785600, 4.712388980384689700 ),
 .UNSPECIFIED. ) 
 CURVE ( )  GEOMETRIC_REPRESENTATION_ITEM ( )  RATIONAL_B_SPLINE_CURVE ( ( 1.000000000000000000, 0.8047378541243631600, 0.8047378541243631600, 1.000000000000000000 ) ) 
 REPRESENTATION_ITEM ( '' )  );
#748 =( BOUNDED_CURVE ( )  B_SPLINE_CURVE ( 3, ( #2040, #2023, #2018, #2032 ),
 .UNSPECIFIED., .F., .F. ) 
 B_SPLINE_CURVE_WITH_KNOTS ( ( 4, 4 ),
 ( 1.570796326794879500, 3.141592653589796700 ),
 .UNSPECIFIED. ) 
 CURVE ( )  GEOMETRIC_REPRESENTATION_ITEM ( )  RATIONAL_B_SPLINE_CURVE ( ( 1.000000000000000000, 0.8047378541243601600, 0.8047378541243601600, 1.000000000000000000 ) ) 
 REPRESENTATION_ITEM ( '' )  );
#749 =( BOUNDED_CURVE ( )  B_SPLINE_CURVE ( 3, ( #1755, #1770, #1757, #1780 ),
 .UNSPECIFIED., .F., .F. ) 
 B_SPLINE_CURVE_WITH_KNOTS ( ( 4, 4 ),
 ( 0.0000000000000000000, 1.570796326794903400 ),
 .UNSPECIFIED. ) 
 CURVE ( )  GEOMETRIC_REPRESENTATION_ITEM ( )  RATIONAL_B_SPLINE_CURVE ( ( 1.000000000000000000, 0.8047378541243634900, 0.8047378541243634900, 1.000000000000000000 ) ) 
 REPRESENTATION_ITEM ( '' )  );
#750 =( BOUNDED_CURVE ( )  B_SPLINE_CURVE ( 3, ( #1872, #1891, #1871, #1899 ),
 .UNSPECIFIED., .F., .F. ) 
 B_SPLINE_CURVE_WITH_KNOTS ( ( 4, 4 ),
 ( 3.141592653589786500, 4.712388980384690600 ),
 .UNSPECIFIED. ) 
 CURVE ( )  GEOMETRIC_REPRESENTATION_ITEM ( )  RATIONAL_B_SPLINE_CURVE ( ( 1.000000000000000000, 0.8047378541243631600, 0.8047378541243631600, 1.000000000000000000 ) ) 
 REPRESENTATION_ITEM ( '' )  );
#751 =( BOUNDED_CURVE ( )  B_SPLINE_CURVE ( 3, ( #3270, #3262, #3281, #3254 ),
 .UNSPECIFIED., .F., .F. ) 
 B_SPLINE_CURVE_WITH_KNOTS ( ( 4, 4 ),
 ( 3.141592653589793100, 4.712388980384693200 ),
 .UNSPECIFIED. ) 
 CURVE ( )  GEOMETRIC_REPRESENTATION_ITEM ( )  RATIONAL_B_SPLINE_CURVE ( ( 1.000000000000000000, 0.8047378541243641600, 0.8047378541243641600, 1.000000000000000000 ) ) 
 REPRESENTATION_ITEM ( '' )  );
#752 =( BOUNDED_CURVE ( )  B_SPLINE_CURVE ( 3, ( #2878, #2879, #2863, #2893 ),
 .UNSPECIFIED., .F., .F. ) 
 B_SPLINE_CURVE_WITH_KNOTS ( ( 4, 4 ),
 ( -7.105427357601001900E-015, 1.570796326794903700 ),
 .UNSPECIFIED. ) 
 CURVE ( )  GEOMETRIC_REPRESENTATION_ITEM ( )  RATIONAL_B_SPLINE_CURVE ( ( 1.000000000000000000, 0.8047378541243617200, 0.8047378541243617200, 1.000000000000000000 ) ) 
 REPRESENTATION_ITEM ( '' )  );
#753 = UNCERTAINTY_MEASURE_WITH_UNIT (LENGTH_MEASURE( 1.000000000000000100E-005 ), #3487, 'distance_accuracy_value', 'NONE');
#754 =( BOUNDED_CURVE ( )  B_SPLINE_CURVE ( 3, ( #1895, #1874, #1887, #1875 ),
 .UNSPECIFIED., .F., .F. ) 
 B_SPLINE_CURVE_WITH_KNOTS ( ( 4, 4 ),
 ( 3.141592653589793100, 4.712388980384689700 ),
 .UNSPECIFIED. ) 
 CURVE ( )  GEOMETRIC_REPRESENTATION_ITEM ( )  RATIONAL_B_SPLINE_CURVE ( ( 1.000000000000000000, 0.8047378541243649400, 0.8047378541243649400, 1.000000000000000000 ) ) 
 REPRESENTATION_ITEM ( '' )  );
#755 =( BOUNDED_CURVE ( )  B_SPLINE_CURVE ( 3, ( #1808, #1800, #1789, #1824 ),
 .UNSPECIFIED., .F., .F. ) 
 B_SPLINE_CURVE_WITH_KNOTS ( ( 4, 4 ),
 ( 1.570796326794901400, 3.141592653589794000 ),
 .UNSPECIFIED. ) 
 CURVE ( )  GEOMETRIC_REPRESENTATION_ITEM ( )  RATIONAL_B_SPLINE_CURVE ( ( 1.000000000000000000, 0.8047378541243658300, 0.8047378541243658300, 1.000000000000000000 ) ) 
 REPRESENTATION_ITEM ( '' )  );
#756 =( BOUNDED_CURVE ( )  B_SPLINE_CURVE ( 3, ( #3583, #3559, #3566, #3565 ),
 .UNSPECIFIED., .F., .F. ) 
 B_SPLINE_CURVE_WITH_KNOTS ( ( 4, 4 ),
 ( 4.712388980384689700, 6.283185307179593300 ),
 .UNSPECIFIED. ) 
 CURVE ( )  GEOMETRIC_REPRESENTATION_ITEM ( )  RATIONAL_B_SPLINE_CURVE ( ( 1.000000000000000000, 0.8047378541243632700, 0.8047378541243632700, 1.000000000000000000 ) ) 
 REPRESENTATION_ITEM ( '' )  );
#757 =( BOUNDED_CURVE ( )  B_SPLINE_CURVE ( 3, ( #2948, #2943, #2939, #2959 ),
 .UNSPECIFIED., .F., .F. ) 
 B_SPLINE_CURVE_WITH_KNOTS ( ( 4, 4 ),
 ( 3.141592653589793100, 4.712388980384689700 ),
 .UNSPECIFIED. ) 
 CURVE ( )  GEOMETRIC_REPRESENTATION_ITEM ( )  RATIONAL_B_SPLINE_CURVE ( ( 1.000000000000000000, 0.8047378541243649400, 0.8047378541243649400, 1.000000000000000000 ) ) 
 REPRESENTATION_ITEM ( '' )  );
#758 =( BOUNDED_CURVE ( )  B_SPLINE_CURVE ( 3, ( #1880, #1893, #1869, #1882 ),
 .UNSPECIFIED., .F., .F. ) 
 B_SPLINE_CURVE_WITH_KNOTS ( ( 4, 4 ),
 ( 3.141592653589769100, 4.712388980384689700 ),
 .UNSPECIFIED. ) 
 CURVE ( )  GEOMETRIC_REPRESENTATION_ITEM ( )  RATIONAL_B_SPLINE_CURVE ( ( 1.000000000000000000, 0.8047378541243592800, 0.8047378541243592800, 1.000000000000000000 ) ) 
 REPRESENTATION_ITEM ( '' )  );
#759 =( BOUNDED_CURVE ( )  B_SPLINE_CURVE ( 3, ( #1948, #1971, #1954, #1955 ),
 .UNSPECIFIED., .F., .F. ) 
 B_SPLINE_CURVE_WITH_KNOTS ( ( 4, 4 ),
 ( 3.141592653589806900, 4.712388980384706500 ),
 .UNSPECIFIED. ) 
 CURVE ( )  GEOMETRIC_REPRESENTATION_ITEM ( )  RATIONAL_B_SPLINE_CURVE ( ( 1.000000000000000000, 0.8047378541243643800, 0.8047378541243643800, 1.000000000000000000 ) ) 
 REPRESENTATION_ITEM ( '' )  );
#760 =( BOUNDED_CURVE ( )  B_SPLINE_CURVE ( 3, ( #1866, #1879, #1901, #1890 ),
 .UNSPECIFIED., .F., .F. ) 
 B_SPLINE_CURVE_WITH_KNOTS ( ( 4, 4 ),
 ( 1.570796326794907000, 3.141592653589792700 ),
 .UNSPECIFIED. ) 
 CURVE ( )  GEOMETRIC_REPRESENTATION_ITEM ( )  RATIONAL_B_SPLINE_CURVE ( ( 1.000000000000000000, 0.8047378541243676000, 0.8047378541243676000, 1.000000000000000000 ) ) 
 REPRESENTATION_ITEM ( '' )  );
#761 =( BOUNDED_CURVE ( )  B_SPLINE_CURVE ( 3, ( #2903, #2910, #2926, #2920 ),
 .UNSPECIFIED., .F., .F. ) 
 B_SPLINE_CURVE_WITH_KNOTS ( ( 4, 4 ),
 ( 3.141592653589793100, 4.712388980384687900 ),
 .UNSPECIFIED. ) 
 CURVE ( )  GEOMETRIC_REPRESENTATION_ITEM ( )  RATIONAL_B_SPLINE_CURVE ( ( 1.000000000000000000, 0.8047378541243654900, 0.8047378541243654900, 1.000000000000000000 ) ) 
 REPRESENTATION_ITEM ( '' )  );
#762 =( BOUNDED_CURVE ( )  B_SPLINE_CURVE ( 3, ( #1761, #1758, #1772, #1759 ),
 .UNSPECIFIED., .F., .F. ) 
 B_SPLINE_CURVE_WITH_KNOTS ( ( 4, 4 ),
 ( 3.141592653589792700, 4.712388980384689700 ),
 .UNSPECIFIED. ) 
 CURVE ( )  GEOMETRIC_REPRESENTATION_ITEM ( )  RATIONAL_B_SPLINE_CURVE ( ( 1.000000000000000000, 0.8047378541243649400, 0.8047378541243649400, 1.000000000000000000 ) ) 
 REPRESENTATION_ITEM ( '' )  );
#763 =( BOUNDED_CURVE ( )  B_SPLINE_CURVE ( 3, ( #3517, #3518, #893, #1744 ),
 .UNSPECIFIED., .F., .F. ) 
 B_SPLINE_CURVE_WITH_KNOTS ( ( 4, 4 ),
 ( 1.570796326794897700, 3.141592653589793100 ),
 .UNSPECIFIED. ) 
 CURVE ( )  GEOMETRIC_REPRESENTATION_ITEM ( )  RATIONAL_B_SPLINE_CURVE ( ( 1.000000000000000000, 0.8047378541243652700, 0.8047378541243652700, 1.000000000000000000 ) ) 
 REPRESENTATION_ITEM ( '' )  );
#764 =( BOUNDED_CURVE ( )  B_SPLINE_CURVE ( 3, ( #2010, #1986, #2015, #1987 ),
 .UNSPECIFIED., .F., .F. ) 
 B_SPLINE_CURVE_WITH_KNOTS ( ( 4, 4 ),
 ( 3.141592653589794000, 4.712388980384677200 ),
 .UNSPECIFIED. ) 
 CURVE ( )  GEOMETRIC_REPRESENTATION_ITEM ( )  RATIONAL_B_SPLINE_CURVE ( ( 1.000000000000000000, 0.8047378541243681600, 0.8047378541243681600, 1.000000000000000000 ) ) 
 REPRESENTATION_ITEM ( '' )  );
#765 =( BOUNDED_CURVE ( )  B_SPLINE_CURVE ( 3, ( #2993, #3008, #2998, #2975 ),
 .UNSPECIFIED., .F., .F. ) 
 B_SPLINE_CURVE_WITH_KNOTS ( ( 4, 4 ),
 ( 1.570796326794893000, 3.141592653589793100 ),
 .UNSPECIFIED. ) 
 CURVE ( )  GEOMETRIC_REPRESENTATION_ITEM ( )  RATIONAL_B_SPLINE_CURVE ( ( 1.000000000000000000, 0.8047378541243641600, 0.8047378541243641600, 1.000000000000000000 ) ) 
 REPRESENTATION_ITEM ( '' )  );
#766 =( BOUNDED_CURVE ( )  B_SPLINE_CURVE ( 3, ( #1956, #1977, #1958, #1959 ),
 .UNSPECIFIED., .F., .F. ) 
 B_SPLINE_CURVE_WITH_KNOTS ( ( 4, 4 ),
 ( 1.570796326794878100, 3.141592653589793100 ),
 .UNSPECIFIED. ) 
 CURVE ( )  GEOMETRIC_REPRESENTATION_ITEM ( )  RATIONAL_B_SPLINE_CURVE ( ( 1.000000000000000000, 0.8047378541243606100, 0.8047378541243606100, 1.000000000000000000 ) ) 
 REPRESENTATION_ITEM ( '' )  );
#767 = MANIFOLD_SOLID_BREP ( 'Mirror7', #3677 ) ;
#768 =( BOUNDED_CURVE ( )  B_SPLINE_CURVE ( 3, ( #2839, #2820, #2847, #2829 ),
 .UNSPECIFIED., .F., .F. ) 
 B_SPLINE_CURVE_WITH_KNOTS ( ( 4, 4 ),
 ( 1.570796326794896600, 3.141592653589793100 ),
 .UNSPECIFIED. ) 
 CURVE ( )  GEOMETRIC_REPRESENTATION_ITEM ( )  RATIONAL_B_SPLINE_CURVE ( ( 1.000000000000000000, 0.8047378541243649400, 0.8047378541243649400, 1.000000000000000000 ) ) 
 REPRESENTATION_ITEM ( '' )  );
#769 =( BOUNDED_CURVE ( )  B_SPLINE_CURVE ( 3, ( #2836, #2851, #2830, #2834 ),
 .UNSPECIFIED., .F., .F. ) 
 B_SPLINE_CURVE_WITH_KNOTS ( ( 4, 4 ),
 ( 1.570796326794896600, 3.141592653589793100 ),
 .UNSPECIFIED. ) 
 CURVE ( )  GEOMETRIC_REPRESENTATION_ITEM ( )  RATIONAL_B_SPLINE_CURVE ( ( 1.000000000000000000, 0.8047378541243649400, 0.8047378541243649400, 1.000000000000000000 ) ) 
 REPRESENTATION_ITEM ( '' )  );
#770 =( BOUNDED_CURVE ( )  B_SPLINE_CURVE ( 3, ( #3538, #3526, #3546, #3541 ),
 .UNSPECIFIED., .F., .F. ) 
 B_SPLINE_CURVE_WITH_KNOTS ( ( 4, 4 ),
 ( 3.141592653589792700, 4.712388980384689700 ),
 .UNSPECIFIED. ) 
 CURVE ( )  GEOMETRIC_REPRESENTATION_ITEM ( )  RATIONAL_B_SPLINE_CURVE ( ( 1.000000000000000000, 0.8047378541243649400, 0.8047378541243649400, 1.000000000000000000 ) ) 
 REPRESENTATION_ITEM ( '' )  );
#771 =( BOUNDED_CURVE ( )  B_SPLINE_CURVE ( 3, ( #1812, #1802, #1803, #1787 ),
 .UNSPECIFIED., .F., .F. ) 
 B_SPLINE_CURVE_WITH_KNOTS ( ( 4, 4 ),
 ( 1.570796326794893400, 3.141592653589793100 ),
 .UNSPECIFIED. ) 
 CURVE ( )  GEOMETRIC_REPRESENTATION_ITEM ( )  RATIONAL_B_SPLINE_CURVE ( ( 1.000000000000000000, 0.8047378541243643800, 0.8047378541243643800, 1.000000000000000000 ) ) 
 REPRESENTATION_ITEM ( '' )  );
#772 =( BOUNDED_CURVE ( )  B_SPLINE_CURVE ( 3, ( #1873, #1877, #1889, #1884 ),
 .UNSPECIFIED., .F., .F. ) 
 B_SPLINE_CURVE_WITH_KNOTS ( ( 4, 4 ),
 ( 1.570796326794891700, 3.141592653589792200 ),
 .UNSPECIFIED. ) 
 CURVE ( )  GEOMETRIC_REPRESENTATION_ITEM ( )  RATIONAL_B_SPLINE_CURVE ( ( 1.000000000000000000, 0.8047378541243640500, 0.8047378541243640500, 1.000000000000000000 ) ) 
 REPRESENTATION_ITEM ( '' )  );
#773 =( BOUNDED_CURVE ( )  B_SPLINE_CURVE ( 3, ( #1930, #1915, #1933, #1931 ),
 .UNSPECIFIED., .F., .F. ) 
 B_SPLINE_CURVE_WITH_KNOTS ( ( 4, 4 ),
 ( 1.570796326794897200, 3.141592653589796700 ),
 .UNSPECIFIED. ) 
 CURVE ( )  GEOMETRIC_REPRESENTATION_ITEM ( )  RATIONAL_B_SPLINE_CURVE ( ( 1.000000000000000000, 0.8047378541243643800, 0.8047378541243643800, 1.000000000000000000 ) ) 
 REPRESENTATION_ITEM ( '' )  );
#774 =( BOUNDED_CURVE ( )  B_SPLINE_CURVE ( 3, ( #2942, #2970, #2958, #2935 ),
 .UNSPECIFIED., .F., .F. ) 
 B_SPLINE_CURVE_WITH_KNOTS ( ( 4, 4 ),
 ( 3.141592653589793100, 4.712388980384693200 ),
 .UNSPECIFIED. ) 
 CURVE ( )  GEOMETRIC_REPRESENTATION_ITEM ( )  RATIONAL_B_SPLINE_CURVE ( ( 1.000000000000000000, 0.8047378541243641600, 0.8047378541243641600, 1.000000000000000000 ) ) 
 REPRESENTATION_ITEM ( '' )  );
#775 =( BOUNDED_CURVE ( )  B_SPLINE_CURVE ( 3, ( #3204, #3223, #3230, #3231 ),
 .UNSPECIFIED., .F., .F. ) 
 B_SPLINE_CURVE_WITH_KNOTS ( ( 4, 4 ),
 ( 1.570796326794891900, 3.141592653589793100 ),
 .UNSPECIFIED. ) 
 CURVE ( )  GEOMETRIC_REPRESENTATION_ITEM ( )  RATIONAL_B_SPLINE_CURVE ( ( 1.000000000000000000, 0.8047378541243639400, 0.8047378541243639400, 1.000000000000000000 ) ) 
 REPRESENTATION_ITEM ( '' )  );
#776 =( BOUNDED_CURVE ( )  B_SPLINE_CURVE ( 3, ( #2013, #2012, #1999, #2000 ),
 .UNSPECIFIED., .F., .F. ) 
 B_SPLINE_CURVE_WITH_KNOTS ( ( 4, 4 ),
 ( 1.570796326794896600, 3.141592653589799800 ),
 .UNSPECIFIED. ) 
 CURVE ( )  GEOMETRIC_REPRESENTATION_ITEM ( )  RATIONAL_B_SPLINE_CURVE ( ( 1.000000000000000000, 0.8047378541243634900, 0.8047378541243634900, 1.000000000000000000 ) ) 
 REPRESENTATION_ITEM ( '' )  );
#777 = ADVANCED_BREP_SHAPE_REPRESENTATION ( 'ALP2118', ( #767, #1160 ), #1144 ) ;
#778 =( BOUNDED_CURVE ( )  B_SPLINE_CURVE ( 3, ( #2928, #2929, #2911, #2895 ),
 .UNSPECIFIED., .F., .F. ) 
 B_SPLINE_CURVE_WITH_KNOTS ( ( 4, 4 ),
 ( 1.570796326794896600, 3.141592653589793100 ),
 .UNSPECIFIED. ) 
 CURVE ( )  GEOMETRIC_REPRESENTATION_ITEM ( )  RATIONAL_B_SPLINE_CURVE ( ( 1.000000000000000000, 0.8047378541243649400, 0.8047378541243649400, 1.000000000000000000 ) ) 
 REPRESENTATION_ITEM ( '' )  );
#779 =( BOUNDED_CURVE ( )  B_SPLINE_CURVE ( 3, ( #1839, #1834, #1833, #1850 ),
 .UNSPECIFIED., .F., .F. ) 
 B_SPLINE_CURVE_WITH_KNOTS ( ( 4, 4 ),
 ( 3.141592653589794000, 4.712388980384684300 ),
 .UNSPECIFIED. ) 
 CURVE ( )  GEOMETRIC_REPRESENTATION_ITEM ( )  RATIONAL_B_SPLINE_CURVE ( ( 1.000000000000000000, 0.8047378541243663800, 0.8047378541243663800, 1.000000000000000000 ) ) 
 REPRESENTATION_ITEM ( '' )  );
#780 = ADVANCED_FACE ( 'NONE', ( #2697 ), #2044, .F. ) ;
#781 = ADVANCED_FACE ( 'NONE', ( #2650 ), #2043, .T. ) ;
#782 = ADVANCED_FACE ( 'NONE', ( #2666 ), #2048, .T. ) ;
#783 = ADVANCED_FACE ( 'NONE', ( #2676 ), #2025, .T. ) ;
#784 = ADVANCED_FACE ( 'NONE', ( #2690 ), #2038, .T. ) ;
#785 = ADVANCED_FACE ( 'NONE', ( #2651 ), #2646, .F. ) ;
#786 = ADVANCED_FACE ( 'NONE', ( #2701 ), #2660, .F. ) ;
#787 = ADVANCED_FACE ( 'NONE', ( #2695 ), #2680, .F. ) ;
#788 = ADVANCED_FACE ( 'NONE', ( #2649 ), #2060, .F. ) ;
#789 = ADVANCED_FACE ( 'NONE', ( #2681 ), #2061, .F. ) ;
#790 = ADVANCED_FACE ( 'NONE', ( #2653 ), #2076, .F. ) ;
#791 = ADVANCED_FACE ( 'NONE', ( #2674, #2670 ), #2102, .F. ) ;
#792 = ADVANCED_FACE ( 'NONE', ( #2643 ), #2082, .T. ) ;
#793 = ADVANCED_FACE ( 'NONE', ( #2654 ), #2106, .T. ) ;
#794 = ADVANCED_FACE ( 'NONE', ( #2663 ), #2066, .F. ) ;
#795 = ADVANCED_FACE ( 'NONE', ( #2704 ), #2087, .F. ) ;
#796 = ADVANCED_FACE ( 'NONE', ( #2673 ), #2098, .F. ) ;
#797 = ADVANCED_FACE ( 'NONE', ( #2682 ), #2665, .F. ) ;
#798 = ADVANCED_FACE ( 'NONE', ( #2662 ), #2109, .T. ) ;
#799 = ADVANCED_FACE ( 'NONE', ( #2672 ), #2116, .T. ) ;
#800 = ADVANCED_FACE ( 'NONE', ( #2656 ), #2647, .F. ) ;
#801 = ADVANCED_FACE ( 'NONE', ( #2667 ), #2067, .T. ) ;
#802 = ADVANCED_FACE ( 'NONE', ( #2699 ), #2100, .T. ) ;
#803 = ADVANCED_FACE ( 'NONE', ( #2652 ), #2129, .T. ) ;
#804 = ADVANCED_FACE ( 'NONE', ( #2683 ), #2123, .T. ) ;
#805 = ADVANCED_FACE ( 'NONE', ( #2655 ), #2163, .F. ) ;
#806 = ADVANCED_FACE ( 'NONE', ( #2687 ), #2128, .T. ) ;
#807 = ADVANCED_FACE ( 'NONE', ( #2684 ), #2138, .T. ) ;
#808 = ADVANCED_FACE ( 'NONE', ( #2698 ), #2147, .F. ) ;
#809 = ADVANCED_FACE ( 'NONE', ( #2644 ), #2135, .F. ) ;
#810 = ADVANCED_FACE ( 'NONE', ( #2658 ), #2140, .F. ) ;
#811 = ADVANCED_FACE ( 'NONE', ( #2700 ), #2165, .T. ) ;
#812 = ADVANCED_FACE ( 'NONE', ( #2664 ), #2145, .T. ) ;
#813 = ADVANCED_FACE ( 'NONE', ( #2657 ), #2153, .F. ) ;
#814 = ADVANCED_FACE ( 'NONE', ( #2668 ), #2678, .F. ) ;
#815 = ADVANCED_FACE ( 'NONE', ( #2669 ), #2685, .F. ) ;
#816 = ADVANCED_FACE ( 'NONE', ( #2703, #2648 ), #2117, .F. ) ;
#817 = ADVANCED_FACE ( 'NONE', ( #2645 ), #3021, .F. ) ;
#818 = ADVANCED_FACE ( 'NONE', ( #2671 ), #3025, .T. ) ;
#819 = ADVANCED_FACE ( 'NONE', ( #2691 ), #3033, .F. ) ;
#820 = ADVANCED_FACE ( 'NONE', ( #2692 ), #3047, .T. ) ;
#821 = ADVANCED_FACE ( 'NONE', ( #2689 ), #2702, .F. ) ;
#822 = ADVANCED_FACE ( 'NONE', ( #2677 ), #2709, .F. ) ;
#823 = ADVANCED_FACE ( 'NONE', ( #2659 ), #3055, .F. ) ;
#824 = ADVANCED_FACE ( 'NONE', ( #2688 ), #3027, .F. ) ;
#825 = ADVANCED_FACE ( 'NONE', ( #2694 ), #3024, .F. ) ;
#826 = ADVANCED_FACE ( 'NONE', ( #2707 ), #3049, .T. ) ;
#827 = ADVANCED_FACE ( 'NONE', ( #2710 ), #3046, .T. ) ;
#828 = ADVANCED_FACE ( 'NONE', ( #2708 ), #3060, .T. ) ;
#829 = ADVANCED_FACE ( 'NONE', ( #2711 ), #3011, .T. ) ;
#830 = ADVANCED_FACE ( 'NONE', ( #2706 ), #3012, .T. ) ;
#831 = ADVANCED_FACE ( 'NONE', ( #2247 ), #3105, .F. ) ;
#832 = ADVANCED_FACE ( 'NONE', ( #2209 ), #2202, .F. ) ;
#833 = ADVANCED_FACE ( 'NONE', ( #2217 ), #2207, .F. ) ;
#834 = ADVANCED_FACE ( 'NONE', ( #2234 ), #3080, .T. ) ;
#835 = ADVANCED_FACE ( 'NONE', ( #2204 ), #3072, .T. ) ;
#836 = ADVANCED_FACE ( 'NONE', ( #2215 ), #2225, .F. ) ;
#837 = ADVANCED_FACE ( 'NONE', ( #2198 ), #3089, .T. ) ;
#838 = ADVANCED_FACE ( 'NONE', ( #2199 ), #3101, .F. ) ;
#839 = ADVANCED_FACE ( 'NONE', ( #2240 ), #2201, .F. ) ;
#840 = ADVANCED_FACE ( 'NONE', ( #2216 ), #3091, .F. ) ;
#841 = ADVANCED_FACE ( 'NONE', ( #2226 ), #2210, .F. ) ;
#842 = ADVANCED_FACE ( 'NONE', ( #2208 ), #3082, .F. ) ;
#843 = ADVANCED_FACE ( 'NONE', ( #2248 ), #2220, .F. ) ;
#844 = ADVANCED_FACE ( 'NONE', ( #2213 ), #2245, .F. ) ;
#845 = ADVANCED_FACE ( 'NONE', ( #2211 ), #3123, .F. ) ;
#846 = ADVANCED_FACE ( 'NONE', ( #2235 ), #3126, .F. ) ;
#847 = ADVANCED_FACE ( 'NONE', ( #2196 ), #2236, .F. ) ;
#848 = ADVANCED_FACE ( 'NONE', ( #2206 ), #3115, .T. ) ;
#849 = ADVANCED_FACE ( 'NONE', ( #2237 ), #2200, .F. ) ;
#850 = ADVANCED_FACE ( 'NONE', ( #2212 ), #3137, .F. ) ;
#851 = ADVANCED_FACE ( 'NONE', ( #2223 ), #3118, .F. ) ;
#852 = ADVANCED_FACE ( 'NONE', ( #2228 ), #3144, .T. ) ;
#853 = ADVANCED_FACE ( 'NONE', ( #2250 ), #3154, .F. ) ;
#854 = ADVANCED_FACE ( 'NONE', ( #2218 ), #2229, .F. ) ;
#855 = ADVANCED_FACE ( 'NONE', ( #2230 ), #3156, .T. ) ;
#856 = ADVANCED_FACE ( 'NONE', ( #2254 ), #2197, .F. ) ;
#857 = ADVANCED_FACE ( 'NONE', ( #2219 ), #2205, .F. ) ;
#858 = ADVANCED_FACE ( 'NONE', ( #2249 ), #3168, .T. ) ;
#859 = ADVANCED_FACE ( 'NONE', ( #2253 ), #2214, .F. ) ;
#860 = ADVANCED_FACE ( 'NONE', ( #2227 ), #3161, .T. ) ;
#861 = ADVANCED_FACE ( 'NONE', ( #2231 ), #3184, .F. ) ;
#862 = ADVANCED_FACE ( 'NONE', ( #2203 ), #3163, .T. ) ;
#863 = ADVANCED_FACE ( 'NONE', ( #2233 ), #2194, .F. ) ;
#864 = ADVANCED_FACE ( 'NONE', ( #2224, #2232 ), #3179, .T. ) ;
#865 = ADVANCED_FACE ( 'NONE', ( #2221, #2241 ), #2725, .F. ) ;
#866 = ADVANCED_FACE ( 'NONE', ( #2222 ), #3173, .F. ) ;
#867 = ADVANCED_FACE ( 'NONE', ( #2246 ), #3165, .T. ) ;
#868 = ADVANCED_FACE ( 'NONE', ( #2239 ), #2756, .T. ) ;
#869 = ADVANCED_FACE ( 'NONE', ( #2238 ), #2731, .F. ) ;
#870 = ADVANCED_FACE ( 'NONE', ( #2244 ), #2251, .F. ) ;
#871 = ADVANCED_FACE ( 'NONE', ( #2242 ), #2252, .F. ) ;
#872 = ADVANCED_FACE ( 'NONE', ( #2255 ), #2755, .T. ) ;
#873 = ADVANCED_FACE ( 'NONE', ( #2195 ), #2713, .F. ) ;
#874 = ADVANCED_FACE ( 'NONE', ( #2243, #2291 ), #2754, .F. ) ;
#875 = ADVANCED_FACE ( 'NONE', ( #2314 ), #2289, .F. ) ;
#876 = ADVANCED_FACE ( 'NONE', ( #2312 ), #2751, .F. ) ;
#877 = ADVANCED_FACE ( 'NONE', ( #2287 ), #2721, .F. ) ;
#878 = ADVANCED_FACE ( 'NONE', ( #2278 ), #2714, .F. ) ;
#879 = ADVANCED_FACE ( 'NONE', ( #2288 ), #2716, .F. ) ;
#880 = ADVANCED_FACE ( 'NONE', ( #2299 ), #2786, .F. ) ;
#881 = ADVANCED_FACE ( 'NONE', ( #2308 ), #2315, .F. ) ;
#882 = ADVANCED_FACE ( 'NONE', ( #2276 ), #2793, .F. ) ;
#883 = ADVANCED_FACE ( 'NONE', ( #2262 ), #2256, .F. ) ;
#884 = ADVANCED_FACE ( 'NONE', ( #2257 ), #2275, .F. ) ;
#885 = ADVANCED_FACE ( 'NONE', ( #2258 ), #2774, .T. ) ;
#886 = ADVANCED_FACE ( 'NONE', ( #2309 ), #2788, .F. ) ;
#887 = ADVANCED_FACE ( 'NONE', ( #2260 ), #2280, .F. ) ;
#888 = ADVANCED_FACE ( 'NONE', ( #2264 ), #2311, .F. ) ;
#889 = ADVANCED_FACE ( 'NONE', ( #2271 ), #2798, .F. ) ;
#890 = ADVANCED_FACE ( 'NONE', ( #2303 ), #2791, .F. ) ;
#891 = ADVANCED_FACE ( 'NONE', ( #2273 ), #2804, .F. ) ;
#892 = ADVANCED_FACE ( 'NONE', ( #2296 ), #2802, .F. ) ;
#893 = CARTESIAN_POINT ( 'NONE',  ( 10.00000000000001100, 19.00000000000001400, -4.171572875253807500 ) ) ;
#894 = EDGE_CURVE ( 'NONE', #1285, #1712, #2277, .T. ) ;
#895 = EDGE_CURVE ( 'NONE', #1223, #1173, #2263, .T. ) ;
#896 = EDGE_CURVE ( 'NONE', #1195, #1194, #2279, .T. ) ;
#897 = EDGE_CURVE ( 'NONE', #1272, #1286, #2268, .T. ) ;
#898 = EDGE_CURVE ( 'NONE', #1281, #1294, #2304, .T. ) ;
#899 = EDGE_CURVE ( 'NONE', #1675, #1292, #2269, .T. ) ;
#900 = EDGE_CURVE ( 'NONE', #1211, #1727, #2274, .T. ) ;
#901 = EDGE_CURVE ( 'NONE', #1271, #1711, #2283, .T. ) ;
#902 = EDGE_CURVE ( 'NONE', #1292, #1294, #768, .T. ) ;
#903 = EDGE_CURVE ( 'NONE', #1296, #1250, #769, .T. ) ;
#904 = EDGE_CURVE ( 'NONE', #1250, #1256, #2266, .T. ) ;
#905 = EDGE_CURVE ( 'NONE', #1258, #1721, #2295, .T. ) ;
#906 = EDGE_CURVE ( 'NONE', #1296, #1266, #2306, .T. ) ;
#907 = EDGE_CURVE ( 'NONE', #1178, #1232, #2259, .T. ) ;
#908 = EDGE_CURVE ( 'NONE', #1209, #1724, #2272, .T. ) ;
#909 = EDGE_CURVE ( 'NONE', #1192, #1224, #2267, .T. ) ;
#910 = EDGE_CURVE ( 'NONE', #1220, #1206, #2284, .T. ) ;
#911 = EDGE_CURVE ( 'NONE', #1244, #1195, #2302, .T. ) ;
#912 = EDGE_CURVE ( 'NONE', #1254, #1210, #2307, .T. ) ;
#913 = EDGE_CURVE ( 'NONE', #1219, #1235, #2265, .T. ) ;
#914 = EDGE_CURVE ( 'NONE', #1239, #1737, #2313, .T. ) ;
#915 = EDGE_CURVE ( 'NONE', #1697, #1281, #2373, .T. ) ;
#916 = EDGE_CURVE ( 'NONE', #1208, #1687, #2355, .T. ) ;
#917 = EDGE_CURVE ( 'NONE', #1198, #1233, #2366, .T. ) ;
#918 = EDGE_CURVE ( 'NONE', #1282, #1265, #2325, .T. ) ;
#919 = EDGE_CURVE ( 'NONE', #1297, #1731, #2327, .T. ) ;
#920 = EDGE_CURVE ( 'NONE', #1258, #1254, #2335, .T. ) ;
#921 = EDGE_CURVE ( 'NONE', #1284, #1274, #2358, .T. ) ;
#922 = EDGE_CURVE ( 'NONE', #1213, #1211, #2343, .T. ) ;
#923 = EDGE_CURVE ( 'NONE', #1617, #1694, #2340, .T. ) ;
#924 = EDGE_CURVE ( 'NONE', #1266, #1284, #2367, .T. ) ;
#925 = EDGE_CURVE ( 'NONE', #1254, #1618, #2334, .T. ) ;
#926 = EDGE_CURVE ( 'NONE', #1236, #1219, #2336, .T. ) ;
#927 = EDGE_CURVE ( 'NONE', #1738, #1213, #2348, .T. ) ;
#928 = EDGE_CURVE ( 'NONE', #1193, #1202, #752, .T. ) ;
#929 = EDGE_CURVE ( 'NONE', #1184, #1176, #2359, .T. ) ;
#930 = EDGE_CURVE ( 'NONE', #1185, #1244, #2330, .T. ) ;
#931 = EDGE_CURVE ( 'NONE', #1716, #1232, #2353, .T. ) ;
#932 = EDGE_CURVE ( 'NONE', #1189, #1288, #2339, .T. ) ;
#933 = EDGE_CURVE ( 'NONE', #1281, #1209, #761, .T. ) ;
#934 = EDGE_CURVE ( 'NONE', #1202, #1678, #2338, .T. ) ;
#935 = EDGE_CURVE ( 'NONE', #1272, #1207, #2351, .T. ) ;
#936 = EDGE_CURVE ( 'NONE', #1294, #1693, #2331, .T. ) ;
#937 = EDGE_CURVE ( 'NONE', #1696, #1739, #2350, .T. ) ;
#938 = EDGE_CURVE ( 'NONE', #1739, #1211, #778, .T. ) ;
#939 = EDGE_CURVE ( 'NONE', #1232, #1185, #2370, .T. ) ;
#940 = EDGE_CURVE ( 'NONE', #1735, #1285, #2356, .T. ) ;
#941 = EDGE_CURVE ( 'NONE', #1286, #1227, #2361, .T. ) ;
#942 = EDGE_CURVE ( 'NONE', #1235, #1743, #2352, .T. ) ;
#943 = EDGE_CURVE ( 'NONE', #1177, #1193, #2363, .T. ) ;
#944 = EDGE_CURVE ( 'NONE', #1265, #1208, #2371, .T. ) ;
#945 = EDGE_CURVE ( 'NONE', #1256, #1252, #757, .T. ) ;
#946 = EDGE_CURVE ( 'NONE', #1699, #1296, #2323, .T. ) ;
#947 = EDGE_CURVE ( 'NONE', #1239, #1732, #2317, .T. ) ;
#948 = EDGE_CURVE ( 'NONE', #1180, #1272, #2316, .T. ) ;
#949 = EDGE_CURVE ( 'NONE', #1184, #1192, #2427, .T. ) ;
#950 = EDGE_CURVE ( 'NONE', #1708, #1256, #2423, .T. ) ;
#951 = EDGE_CURVE ( 'NONE', #1202, #1244, #2409, .T. ) ;
#952 = EDGE_CURVE ( 'NONE', #1205, #1670, #2431, .T. ) ;
#953 = EDGE_CURVE ( 'NONE', #1210, #1685, #2380, .T. ) ;
#954 = EDGE_CURVE ( 'NONE', #1729, #1195, #2429, .T. ) ;
#955 = EDGE_CURVE ( 'NONE', #1628, #1218, #2415, .T. ) ;
#956 = EDGE_CURVE ( 'NONE', #1209, #1271, #2378, .T. ) ;
#957 = EDGE_CURVE ( 'NONE', #1186, #1203, #2419, .T. ) ;
#958 = EDGE_CURVE ( 'NONE', #1280, #1648, #2399, .T. ) ;
#959 = EDGE_CURVE ( 'NONE', #1238, #1295, #774, .T. ) ;
#960 = EDGE_CURVE ( 'NONE', #1287, #1252, #2406, .T. ) ;
#961 = EDGE_CURVE ( 'NONE', #1295, #1734, #2421, .T. ) ;
#962 = EDGE_CURVE ( 'NONE', #1200, #1684, #2401, .T. ) ;
#963 = EDGE_CURVE ( 'NONE', #1187, #1180, #2426, .T. ) ;
#964 = EDGE_CURVE ( 'NONE', #1293, #1669, #2381, .T. ) ;
#965 = EDGE_CURVE ( 'NONE', #1243, #1270, #2413, .T. ) ;
#966 = EDGE_CURVE ( 'NONE', #1287, #1719, #2389, .T. ) ;
#967 = EDGE_CURVE ( 'NONE', #1181, #1613, #2408, .T. ) ;
#968 = EDGE_CURVE ( 'NONE', #1252, #1686, #2385, .T. ) ;
#969 = AXIS2_PLACEMENT_3D ( 'NONE', #3568, #3569, #3571 ) ;
#970 = AXIS2_PLACEMENT_3D ( 'NONE', #1771, #1756, #1754 ) ;
#971 = EDGE_CURVE ( 'NONE', #1240, #1702, #2402, .T. ) ;
#972 = EDGE_CURVE ( 'NONE', #1282, #1251, #765, .T. ) ;
#973 = EDGE_CURVE ( 'NONE', #1742, #1238, #2404, .T. ) ;
#974 = EDGE_CURVE ( 'NONE', #1251, #1672, #2425, .T. ) ;
#975 = EDGE_CURVE ( 'NONE', #1266, #1733, #2392, .T. ) ;
#976 = EDGE_CURVE ( 'NONE', #1253, #1714, #2410, .T. ) ;
#977 = EDGE_CURVE ( 'NONE', #1265, #1728, #2433, .T. ) ;
#978 = EDGE_CURVE ( 'NONE', #1274, #1707, #2388, .T. ) ;
#979 = EDGE_CURVE ( 'NONE', #1210, #1292, #2377, .T. ) ;
#980 = EDGE_CURVE ( 'NONE', #1251, #1238, #2379, .T. ) ;
#981 = EDGE_CURVE ( 'NONE', #1250, #1690, #2394, .T. ) ;
#982 = EDGE_CURVE ( 'NONE', #1189, #1621, #2374, .T. ) ;
#983 = EDGE_CURVE ( 'NONE', #1293, #1181, #2422, .T. ) ;
#984 = EDGE_CURVE ( 'NONE', #1627, #1280, #2464, .T. ) ;
#985 = EDGE_CURVE ( 'NONE', #1280, #1201, #2453, .T. ) ;
#986 = EDGE_CURVE ( 'NONE', #1208, #1297, #2486, .T. ) ;
#987 = EDGE_CURVE ( 'NONE', #1623, #1639, #2438, .T. ) ;
#988 = EDGE_CURVE ( 'NONE', #1270, #1642, #2446, .T. ) ;
#989 = EDGE_CURVE ( 'NONE', #1674, #1683, #2481, .T. ) ;
#990 = EDGE_CURVE ( 'NONE', #1656, #1255, #2487, .T. ) ;
#991 = EDGE_CURVE ( 'NONE', #1284, #1706, #2459, .T. ) ;
#992 = EDGE_CURVE ( 'NONE', #1274, #1287, #2440, .T. ) ;
#993 = EDGE_CURVE ( 'NONE', #1243, #1653, #2465, .T. ) ;
#994 = EDGE_CURVE ( 'NONE', #1288, #1269, #775, .T. ) ;
#995 = EDGE_CURVE ( 'NONE', #1240, #1295, #2470, .T. ) ;
#996 = EDGE_CURVE ( 'NONE', #1181, #1620, #2436, .T. ) ;
#997 = AXIS2_PLACEMENT_3D ( 'NONE', #3561, #3557, #3573 ) ;
#998 = EDGE_CURVE ( 'NONE', #1180, #1233, #2490, .T. ) ;
#999 = EDGE_CURVE ( 'NONE', #1297, #1240, #2437, .T. ) ;
#1000 = EDGE_CURVE ( 'NONE', #1271, #1258, #2482, .T. ) ;
#1001 = AXIS2_PLACEMENT_3D ( 'NONE', #3515, #3516, #3511 ) ;
#1002 = EDGE_CURVE ( 'NONE', #1730, #1282, #2435, .T. ) ;
#1003 = EDGE_CURVE ( 'NONE', #1285, #1239, #2472, .T. ) ;
#1004 = EDGE_CURVE ( 'NONE', #1269, #1710, #2441, .T. ) ;
#1005 = EDGE_CURVE ( 'NONE', #1283, #1637, #2476, .T. ) ;
#1006 = EDGE_CURVE ( 'NONE', #1270, #1253, #2473, .T. ) ;
#1007 = EDGE_CURVE ( 'NONE', #1255, #1269, #2467, .T. ) ;
#1008 = EDGE_CURVE ( 'NONE', #1283, #1189, #2439, .T. ) ;
#1009 = EDGE_CURVE ( 'NONE', #1631, #1293, #2442, .T. ) ;
#1010 = EDGE_CURVE ( 'NONE', #1634, #1741, #2475, .T. ) ;
#1011 = EDGE_CURVE ( 'NONE', #1255, #1243, #751, .T. ) ;
#1012 = EDGE_CURVE ( 'NONE', #1253, #1283, #2447, .T. ) ;
#1013 = EDGE_CURVE ( 'NONE', #1688, #1288, #2445, .T. ) ;
#1014 = AXIS2_PLACEMENT_3D ( 'NONE', #1965, #1973, #1945 ) ;
#1015 = AXIS2_PLACEMENT_3D ( 'NONE', #2024, #2041, #2063 ) ;
#1016 = AXIS2_PLACEMENT_3D ( 'NONE', #2037, #2052, #2021 ) ;
#1017 = AXIS2_PLACEMENT_3D ( 'NONE', #2017, #1981, #1980 ) ;
#1018 = AXIS2_PLACEMENT_3D ( 'NONE', #2056, #2027, #2031 ) ;
#1019 = AXIS2_PLACEMENT_3D ( 'NONE', #2009, #1991, #2007 ) ;
#1020 = AXIS2_PLACEMENT_3D ( 'NONE', #1804, #1788, #1785 ) ;
#1021 = AXIS2_PLACEMENT_3D ( 'NONE', #2039, #2049, #2051 ) ;
#1022 = AXIS2_PLACEMENT_3D ( 'NONE', #1940, #1949, #1964 ) ;
#1023 = AXIS2_PLACEMENT_3D ( 'NONE', #1853, #1846, #1825 ) ;
#1024 = AXIS2_PLACEMENT_3D ( 'NONE', #2002, #2004, #1988 ) ;
#1025 = AXIS2_PLACEMENT_3D ( 'NONE', #1935, #1914, #1918 ) ;
#1026 = AXIS2_PLACEMENT_3D ( 'NONE', #1978, #1963, #1941 ) ;
#1027 = AXIS2_PLACEMENT_3D ( 'NONE', #1900, #1886, #1865 ) ;
#1028 = AXIS2_PLACEMENT_3D ( 'NONE', #1904, #1910, #1923 ) ;
#1029 = AXIS2_PLACEMENT_3D ( 'NONE', #1781, #1782, #1747 ) ;
#1030 = AXIS2_PLACEMENT_3D ( 'NONE', #2057, #2022, #2030 ) ;
#1031 = AXIS2_PLACEMENT_3D ( 'NONE', #2033, #2029, #2045 ) ;
#1032 = AXIS2_PLACEMENT_3D ( 'NONE', #2065, #2046, #2055 ) ;
#1033 = AXIS2_PLACEMENT_3D ( 'NONE', #2047, #2054, #2058 ) ;
#1034 = AXIS2_PLACEMENT_3D ( 'NONE', #1927, #1938, #1913 ) ;
#1035 = AXIS2_PLACEMENT_3D ( 'NONE', #2107, #2088, #2077 ) ;
#1036 = AXIS2_PLACEMENT_3D ( 'NONE', #3029, #3031, #3017 ) ;
#1037 = AXIS2_PLACEMENT_3D ( 'NONE', #2105, #2112, #2097 ) ;
#1038 = AXIS2_PLACEMENT_3D ( 'NONE', #3030, #3032, #3037 ) ;
#1039 = AXIS2_PLACEMENT_3D ( 'NONE', #3045, #3026, #3023 ) ;
#1040 = AXIS2_PLACEMENT_3D ( 'NONE', #2160, #2157, #2152 ) ;
#1041 = AXIS2_PLACEMENT_3D ( 'NONE', #2156, #2136, #2154 ) ;
#1042 = AXIS2_PLACEMENT_3D ( 'NONE', #2086, #2079, #2075 ) ;
#1043 = AXIS2_PLACEMENT_3D ( 'NONE', #2073, #2096, #2068 ) ;
#1044 = AXIS2_PLACEMENT_3D ( 'NONE', #2101, #2094, #2095 ) ;
#1045 = AXIS2_PLACEMENT_3D ( 'NONE', #2069, #2074, #2144 ) ;
#1046 = AXIS2_PLACEMENT_3D ( 'NONE', #2143, #2149, #2122 ) ;
#1047 = AXIS2_PLACEMENT_3D ( 'NONE', #2148, #2120, #2151 ) ;
#1048 = AXIS2_PLACEMENT_3D ( 'NONE', #2062, #2064, #2104 ) ;
#1049 = AXIS2_PLACEMENT_3D ( 'NONE', #2080, #2103, #2108 ) ;
#1050 = AXIS2_PLACEMENT_3D ( 'NONE', #2083, #2111, #2114 ) ;
#1051 = AXIS2_PLACEMENT_3D ( 'NONE', #2127, #2119, #2130 ) ;
#1052 = AXIS2_PLACEMENT_3D ( 'NONE', #2132, #2159, #2139 ) ;
#1053 = AXIS2_PLACEMENT_3D ( 'NONE', #2133, #2134, #2121 ) ;
#1054 = AXIS2_PLACEMENT_3D ( 'NONE', #2091, #2115, #2093 ) ;
#1055 = AXIS2_PLACEMENT_3D ( 'NONE', #2141, #2150, #2142 ) ;
#1056 = AXIS2_PLACEMENT_3D ( 'NONE', #2113, #2099, #2072 ) ;
#1057 = AXIS2_PLACEMENT_3D ( 'NONE', #2155, #2161, #2162 ) ;
#1058 = AXIS2_PLACEMENT_3D ( 'NONE', #2184, #1763, #1847 ) ;
#1059 = AXIS2_PLACEMENT_3D ( 'NONE', #2164, #2146, #2158 ) ;
#1060 = AXIS2_PLACEMENT_3D ( 'NONE', #1960, #1985, #2059 ) ;
#1061 = AXIS2_PLACEMENT_3D ( 'NONE', #2118, #2137, #2126 ) ;
#1062 = AXIS2_PLACEMENT_3D ( 'NONE', #1892, #1957, #3503 ) ;
#1063 = AXIS2_PLACEMENT_3D ( 'NONE', #3059, #3041, #3015 ) ;
#1064 = AXIS2_PLACEMENT_3D ( 'NONE', #3042, #3019, #3048 ) ;
#1065 = AXIS2_PLACEMENT_3D ( 'NONE', #2124, #2131, #2125 ) ;
#1066 = AXIS2_PLACEMENT_3D ( 'NONE', #3043, #3054, #3016 ) ;
#1067 = AXIS2_PLACEMENT_3D ( 'NONE', #2089, #2085, #2084 ) ;
#1068 = AXIS2_PLACEMENT_3D ( 'NONE', #2090, #2078, #2081 ) ;
#1069 = AXIS2_PLACEMENT_3D ( 'NONE', #2110, #2070, #2092 ) ;
#1070 = AXIS2_PLACEMENT_3D ( 'NONE', #3040, #3053, #3018 ) ;
#1071 = AXIS2_PLACEMENT_3D ( 'NONE', #3171, #3176, #3191 ) ;
#1072 = AXIS2_PLACEMENT_3D ( 'NONE', #3056, #3036, #3057 ) ;
#1073 = AXIS2_PLACEMENT_3D ( 'NONE', #3104, #3075, #3065 ) ;
#1074 = AXIS2_PLACEMENT_3D ( 'NONE', #3152, #3132, #3139 ) ;
#1075 = AXIS2_PLACEMENT_3D ( 'NONE', #3069, #3100, #3093 ) ;
#1076 = AXIS2_PLACEMENT_3D ( 'NONE', #3068, #3097, #3102 ) ;
#1077 = AXIS2_PLACEMENT_3D ( 'NONE', #3150, #3128, #3148 ) ;
#1078 = AXIS2_PLACEMENT_3D ( 'NONE', #3114, #3141, #3110 ) ;
#1079 = AXIS2_PLACEMENT_3D ( 'NONE', #3067, #3073, #3071 ) ;
#1080 = AXIS2_PLACEMENT_3D ( 'NONE', #3153, #3127, #3140 ) ;
#1081 = AXIS2_PLACEMENT_3D ( 'NONE', #3129, #3120, #3142 ) ;
#1082 = AXIS2_PLACEMENT_3D ( 'NONE', #3122, #3131, #3121 ) ;
#1083 = AXIS2_PLACEMENT_3D ( 'NONE', #3157, #3159, #3160 ) ;
#1084 = AXIS2_PLACEMENT_3D ( 'NONE', #3170, #3181, #3162 ) ;
#1085 = AXIS2_PLACEMENT_3D ( 'NONE', #3180, #3174, #3182 ) ;
#1086 = AXIS2_PLACEMENT_3D ( 'NONE', #3143, #3147, #3151 ) ;
#1087 = AXIS2_PLACEMENT_3D ( 'NONE', #3077, #3084, #3106 ) ;
#1088 = AXIS2_PLACEMENT_3D ( 'NONE', #3113, #3116, #3117 ) ;
#1089 = AXIS2_PLACEMENT_3D ( 'NONE', #3013, #3014, #3076 ) ;
#1090 = AXIS2_PLACEMENT_3D ( 'NONE', #3063, #3074, #3094 ) ;
#1091 = AXIS2_PLACEMENT_3D ( 'NONE', #3136, #3112, #3146 ) ;
#1092 = AXIS2_PLACEMENT_3D ( 'NONE', #3085, #3070, #3086 ) ;
#1093 = AXIS2_PLACEMENT_3D ( 'NONE', #3020, #3052, #3058 ) ;
#1094 = AXIS2_PLACEMENT_3D ( 'NONE', #3038, #3035, #3044 ) ;
#1095 = AXIS2_PLACEMENT_3D ( 'NONE', #3095, #3090, #3061 ) ;
#1096 = AXIS2_PLACEMENT_3D ( 'NONE', #3149, #3133, #3145 ) ;
#1097 = AXIS2_PLACEMENT_3D ( 'NONE', #3124, #3155, #3130 ) ;
#1098 = AXIS2_PLACEMENT_3D ( 'NONE', #3087, #3083, #3109 ) ;
#1099 = AXIS2_PLACEMENT_3D ( 'NONE', #3190, #3183, #3164 ) ;
#1100 = AXIS2_PLACEMENT_3D ( 'NONE', #3135, #3134, #3111 ) ;
#1101 = AXIS2_PLACEMENT_3D ( 'NONE', #3167, #3166, #3169 ) ;
#1102 = AXIS2_PLACEMENT_3D ( 'NONE', #3050, #3022, #3051 ) ;
#1103 = AXIS2_PLACEMENT_3D ( 'NONE', #3119, #3138, #3125 ) ;
#1104 = AXIS2_PLACEMENT_3D ( 'NONE', #3096, #3103, #3107 ) ;
#1105 = AXIS2_PLACEMENT_3D ( 'NONE', #3028, #3039, #3034 ) ;
#1106 = AXIS2_PLACEMENT_3D ( 'NONE', #3081, #3064, #3092 ) ;
#1107 = AXIS2_PLACEMENT_3D ( 'NONE', #3078, #3108, #3079 ) ;
#1108 = AXIS2_PLACEMENT_3D ( 'NONE', #3066, #3088, #3062 ) ;
#1109 = AXIS2_PLACEMENT_3D ( 'NONE', #2730, #2758, #2738 ) ;
#1110 = AXIS2_PLACEMENT_3D ( 'NONE', #2872, #2894, #2858 ) ;
#1111 = AXIS2_PLACEMENT_3D ( 'NONE', #2916, #2901, #2921 ) ;
#1112 = AXIS2_PLACEMENT_3D ( 'NONE', #2753, #2740, #2760 ) ;
#1113 = AXIS2_PLACEMENT_3D ( 'NONE', #2764, #2782, #2783 ) ;
#1114 = AXIS2_PLACEMENT_3D ( 'NONE', #2807, #2771, #2801 ) ;
#1115 = AXIS2_PLACEMENT_3D ( 'NONE', #2855, #2870, #2871 ) ;
#1116 = AXIS2_PLACEMENT_3D ( 'NONE', #2748, #2749, #2726 ) ;
#1117 = AXIS2_PLACEMENT_3D ( 'NONE', #3187, #3185, #3186 ) ;
#1118 = AXIS2_PLACEMENT_3D ( 'NONE', #2723, #2750, #2729 ) ;
#1119 = AXIS2_PLACEMENT_3D ( 'NONE', #2720, #2728, #2745 ) ;
#1120 = AXIS2_PLACEMENT_3D ( 'NONE', #2785, #2770, #2800 ) ;
#1121 = AXIS2_PLACEMENT_3D ( 'NONE', #2757, #2733, #2744 ) ;
#1122 = AXIS2_PLACEMENT_3D ( 'NONE', #2742, #2732, #2717 ) ;
#1123 = AXIS2_PLACEMENT_3D ( 'NONE', #2735, #2722, #2736 ) ;
#1124 = AXIS2_PLACEMENT_3D ( 'NONE', #2799, #2776, #2779 ) ;
#1125 = AXIS2_PLACEMENT_3D ( 'NONE', #2813, #2827, #2822 ) ;
#1126 = AXIS2_PLACEMENT_3D ( 'NONE', #2888, #2889, #2853 ) ;
#1127 = AXIS2_PLACEMENT_3D ( 'NONE', #2796, #2775, #2809 ) ;
#1128 = AXIS2_PLACEMENT_3D ( 'NONE', #2734, #2739, #2741 ) ;
#1129 = AXIS2_PLACEMENT_3D ( 'NONE', #2762, #2767, #2787 ) ;
#1130 = AXIS2_PLACEMENT_3D ( 'NONE', #3175, #3188, #3178 ) ;
#1131 = AXIS2_PLACEMENT_3D ( 'NONE', #2712, #2752, #2761 ) ;
#1132 = AXIS2_PLACEMENT_3D ( 'NONE', #2768, #2810, #2789 ) ;
#1133 = AXIS2_PLACEMENT_3D ( 'NONE', #2727, #2759, #2718 ) ;
#1134 = AXIS2_PLACEMENT_3D ( 'NONE', #2743, #2719, #2747 ) ;
#1135 = AXIS2_PLACEMENT_3D ( 'NONE', #2765, #2794, #2772 ) ;
#1136 = AXIS2_PLACEMENT_3D ( 'NONE', #2790, #2777, #2797 ) ;
#1137 = AXIS2_PLACEMENT_3D ( 'NONE', #2737, #2724, #2746 ) ;
#1138 = AXIS2_PLACEMENT_3D ( 'NONE', #2795, #2769, #2780 ) ;
#1139 = AXIS2_PLACEMENT_3D ( 'NONE', #2773, #2808, #2781 ) ;
#1140 = AXIS2_PLACEMENT_3D ( 'NONE', #2778, #2803, #2784 ) ;
#1141 = AXIS2_PLACEMENT_3D ( 'NONE', #2805, #2811, #2763 ) ;
#1142 = AXIS2_PLACEMENT_3D ( 'NONE', #2715, #2806, #2792 ) ;
#1143 = AXIS2_PLACEMENT_3D ( 'NONE', #3172, #3177, #3189 ) ;
#1144 =( GEOMETRIC_REPRESENTATION_CONTEXT ( 3 ) GLOBAL_UNCERTAINTY_ASSIGNED_CONTEXT ( ( #753 ) ) GLOBAL_UNIT_ASSIGNED_CONTEXT ( ( #3487, #3483, #3471 ) ) REPRESENTATION_CONTEXT ( 'NONE', 'WORKASPACE' ) );
#1145 = CC_DESIGN_DATE_AND_TIME_ASSIGNMENT ( #2499, #3494, ( #1166 ) ) ;
#1146 = CC_DESIGN_PERSON_AND_ORGANIZATION_ASSIGNMENT ( #2526, #3481, ( #1149 ) ) ;
#1147 = APPROVAL ( #3489, 'UNSPECIFIED' ) ;
#1148 = CC_DESIGN_APPROVAL ( #1162, ( #1157 ) ) ;
#1149 = PRODUCT_DEFINITION_FORMATION_WITH_SPECIFIED_SOURCE ( 'ANY', '', #1746, .NOT_KNOWN. ) ;
#1150 = AXIS2_PLACEMENT_3D ( 'NONE', #3233, #3197, #3227 ) ;
#1151 = AXIS2_PLACEMENT_3D ( 'NONE', #3200, #3215, #3196 ) ;
#1152 = PRODUCT_RELATED_PRODUCT_CATEGORY ( 'detail', '', ( #1746 ) ) ;
#1153 = CC_DESIGN_APPROVAL ( #1165, ( #1166 ) ) ;
#1154 = AXIS2_PLACEMENT_3D ( 'NONE', #3099, #3158, #3192 ) ;
#1155 = CC_DESIGN_DATE_AND_TIME_ASSIGNMENT ( #2529, #3492, ( #1157 ) ) ;
#1156 = CC_DESIGN_PERSON_AND_ORGANIZATION_ASSIGNMENT ( #2507, #3500, ( #1157 ) ) ;
#1157 = SECURITY_CLASSIFICATION ( '', '', #3478 ) ;
#1158 = AXIS2_PLACEMENT_3D ( 'NONE', #3279, #3234, #3241 ) ;
#1159 = AXIS2_PLACEMENT_3D ( 'NONE', #2972, #2945, #2963 ) ;
#1160 = AXIS2_PLACEMENT_3D ( 'NONE', #3496, #3472, #3479 ) ;
#1161 = CC_DESIGN_PERSON_AND_ORGANIZATION_ASSIGNMENT ( #2520, #3490, ( #1746 ) ) ;
#1162 = APPROVAL ( #3476, 'UNSPECIFIED' ) ;
#1163 = CC_DESIGN_SECURITY_CLASSIFICATION ( #1157, ( #1149 ) ) ;
#1164 = AXIS2_PLACEMENT_3D ( 'NONE', #3232, #3201, #3202 ) ;
#1165 = APPROVAL ( #3495, 'UNSPECIFIED' ) ;
#1166 = PRODUCT_DEFINITION ( 'UNKNOWN', '', #1149, #744 ) ;
#1167 = CC_DESIGN_PERSON_AND_ORGANIZATION_ASSIGNMENT ( #2506, #3475, ( #1149 ) ) ;
#1168 = AXIS2_PLACEMENT_3D ( 'NONE', #3485, #3486, #3474 ) ;
#1169 = CC_DESIGN_PERSON_AND_ORGANIZATION_ASSIGNMENT ( #2522, #3493, ( #1166 ) ) ;
#1170 = AXIS2_PLACEMENT_3D ( 'NONE', #3261, #3280, #3253 ) ;
#1171 = CC_DESIGN_APPROVAL ( #1147, ( #1149 ) ) ;
#1172 = AXIS2_PLACEMENT_3D ( 'NONE', #2969, #2938, #2957 ) ;
#1173 = VERTEX_POINT ( 'NONE', #3260 ) ;
#1174 = VERTEX_POINT ( 'NONE', #3278 ) ;
#1175 = VERTEX_POINT ( 'NONE', #3247 ) ;
#1176 = VERTEX_POINT ( 'NONE', #3239 ) ;
#1177 = VERTEX_POINT ( 'NONE', #3235 ) ;
#1178 = VERTEX_POINT ( 'NONE', #3263 ) ;
#1179 = VERTEX_POINT ( 'NONE', #3256 ) ;
#1180 = VERTEX_POINT ( 'NONE', #3282 ) ;
#1181 = VERTEX_POINT ( 'NONE', #3236 ) ;
#1182 = VERTEX_POINT ( 'NONE', #3237 ) ;
#1183 = VERTEX_POINT ( 'NONE', #3238 ) ;
#1184 = VERTEX_POINT ( 'NONE', #3274 ) ;
#1185 = VERTEX_POINT ( 'NONE', #3264 ) ;
#1186 = VERTEX_POINT ( 'NONE', #3265 ) ;
#1187 = VERTEX_POINT ( 'NONE', #3240 ) ;
#1188 = VERTEX_POINT ( 'NONE', #3242 ) ;
#1189 = VERTEX_POINT ( 'NONE', #3273 ) ;
#1190 = VERTEX_POINT ( 'NONE', #3272 ) ;
#1191 = VERTEX_POINT ( 'NONE', #3275 ) ;
#1192 = VERTEX_POINT ( 'NONE', #3266 ) ;
#1193 = VERTEX_POINT ( 'NONE', #3267 ) ;
#1194 = VERTEX_POINT ( 'NONE', #3276 ) ;
#1195 = VERTEX_POINT ( 'NONE', #3268 ) ;
#1196 = VERTEX_POINT ( 'NONE', #3246 ) ;
#1197 = VERTEX_POINT ( 'NONE', #3244 ) ;
#1198 = VERTEX_POINT ( 'NONE', #3250 ) ;
#1199 = VERTEX_POINT ( 'NONE', #3277 ) ;
#1200 = VERTEX_POINT ( 'NONE', #3245 ) ;
#1201 = VERTEX_POINT ( 'NONE', #3248 ) ;
#1202 = VERTEX_POINT ( 'NONE', #3251 ) ;
#1203 = VERTEX_POINT ( 'NONE', #3252 ) ;
#1204 = VERTEX_POINT ( 'NONE', #3318 ) ;
#1205 = VERTEX_POINT ( 'NONE', #3310 ) ;
#1206 = VERTEX_POINT ( 'NONE', #3347 ) ;
#1207 = VERTEX_POINT ( 'NONE', #3303 ) ;
#1208 = VERTEX_POINT ( 'NONE', #3290 ) ;
#1209 = VERTEX_POINT ( 'NONE', #3293 ) ;
#1210 = VERTEX_POINT ( 'NONE', #3285 ) ;
#1211 = VERTEX_POINT ( 'NONE', #3300 ) ;
#1212 = VERTEX_POINT ( 'NONE', #3289 ) ;
#1213 = VERTEX_POINT ( 'NONE', #3304 ) ;
#1214 = VERTEX_POINT ( 'NONE', #3299 ) ;
#1215 = VERTEX_POINT ( 'NONE', #3301 ) ;
#1216 = VERTEX_POINT ( 'NONE', #3315 ) ;
#1217 = VERTEX_POINT ( 'NONE', #3297 ) ;
#1218 = VERTEX_POINT ( 'NONE', #3323 ) ;
#1219 = VERTEX_POINT ( 'NONE', #3335 ) ;
#1220 = VERTEX_POINT ( 'NONE', #3331 ) ;
#1221 = VERTEX_POINT ( 'NONE', #3319 ) ;
#1222 = VERTEX_POINT ( 'NONE', #3305 ) ;
#1223 = VERTEX_POINT ( 'NONE', #3337 ) ;
#1224 = VERTEX_POINT ( 'NONE', #3306 ) ;
#1225 = VERTEX_POINT ( 'NONE', #3342 ) ;
#1226 = VERTEX_POINT ( 'NONE', #3346 ) ;
#1227 = VERTEX_POINT ( 'NONE', #3286 ) ;
#1228 = VERTEX_POINT ( 'NONE', #3295 ) ;
#1229 = VERTEX_POINT ( 'NONE', #3313 ) ;
#1230 = VERTEX_POINT ( 'NONE', #3302 ) ;
#1231 = VERTEX_POINT ( 'NONE', #3298 ) ;
#1232 = VERTEX_POINT ( 'NONE', #3320 ) ;
#1233 = VERTEX_POINT ( 'NONE', #3345 ) ;
#1234 = VERTEX_POINT ( 'NONE', #3317 ) ;
#1235 = VERTEX_POINT ( 'NONE', #3309 ) ;
#1236 = VERTEX_POINT ( 'NONE', #3341 ) ;
#1237 = EDGE_LOOP ( 'NONE', ( #591, #574, #598, #582, #594 ) ) ;
#1238 = VERTEX_POINT ( 'NONE', #3291 ) ;
#1239 = VERTEX_POINT ( 'NONE', #3307 ) ;
#1240 = VERTEX_POINT ( 'NONE', #3321 ) ;
#1241 = EDGE_LOOP ( 'NONE', ( #448, #447, #466, #454 ) ) ;
#1242 = EDGE_LOOP ( 'NONE', ( #301, #278, #364, #290, #287, #265, #350, #282, #264, #251, #279, #339 ) ) ;
#1243 = VERTEX_POINT ( 'NONE', #3330 ) ;
#1244 = VERTEX_POINT ( 'NONE', #3338 ) ;
#1245 = ORIENTED_EDGE ( 'NONE', *, *, #948, .F. ) ;
#1246 = EDGE_LOOP ( 'NONE', ( #720, #683, #734, #663 ) ) ;
#1247 = EDGE_LOOP ( 'NONE', ( #706, #641, #724, #723 ) ) ;
#1248 = EDGE_LOOP ( 'NONE', ( #635, #687, #685, #660 ) ) ;
#1249 = EDGE_LOOP ( 'NONE', ( #390, #394, #391, #445 ) ) ;
#1250 = VERTEX_POINT ( 'NONE', #3308 ) ;
#1251 = VERTEX_POINT ( 'NONE', #3311 ) ;
#1252 = VERTEX_POINT ( 'NONE', #3324 ) ;
#1253 = VERTEX_POINT ( 'NONE', #3312 ) ;
#1254 = VERTEX_POINT ( 'NONE', #3322 ) ;
#1255 = VERTEX_POINT ( 'NONE', #3333 ) ;
#1256 = VERTEX_POINT ( 'NONE', #3327 ) ;
#1257 = ORIENTED_EDGE ( 'NONE', *, *, #90, .F. ) ;
#1258 = VERTEX_POINT ( 'NONE', #3325 ) ;
#1259 = EDGE_LOOP ( 'NONE', ( #652, #633, #609, #653 ) ) ;
#1260 = EDGE_LOOP ( 'NONE', ( #670, #602, #668, #619, #592 ) ) ;
#1261 = EDGE_LOOP ( 'NONE', ( #710, #715, #673, #615 ) ) ;
#1262 = ORIENTED_EDGE ( 'NONE', *, *, #85, .T. ) ;
#1263 = EDGE_LOOP ( 'NONE', ( #320, #297, #361, #296, #261, #256, #366 ) ) ;
#1264 = EDGE_LOOP ( 'NONE', ( #637, #640, #636, #610 ) ) ;
#1265 = VERTEX_POINT ( 'NONE', #3287 ) ;
#1266 = VERTEX_POINT ( 'NONE', #3288 ) ;
#1267 = EDGE_LOOP ( 'NONE', ( #321, #359, #325, #335, #382, #333, #396, #420, #439, #353 ) ) ;
#1268 = EDGE_LOOP ( 'NONE', ( #488, #458, #490, #498, #383 ) ) ;
#1269 = VERTEX_POINT ( 'NONE', #3326 ) ;
#1270 = VERTEX_POINT ( 'NONE', #3292 ) ;
#1271 = VERTEX_POINT ( 'NONE', #3294 ) ;
#1272 = VERTEX_POINT ( 'NONE', #3328 ) ;
#1273 = EDGE_LOOP ( 'NONE', ( #497, #456, #482, #441 ) ) ;
#1274 = VERTEX_POINT ( 'NONE', #3343 ) ;
#1275 = ORIENTED_EDGE ( 'NONE', *, *, #941, .F. ) ;
#1276 = ORIENTED_EDGE ( 'NONE', *, *, #935, .T. ) ;
#1277 = EDGE_LOOP ( 'NONE', ( #484, #429, #452, #392 ) ) ;
#1278 = EDGE_LOOP ( 'NONE', ( #611, #729, #655, #658 ) ) ;
#1279 = EDGE_LOOP ( 'NONE', ( #732, #717, #624, #716 ) ) ;
#1280 = VERTEX_POINT ( 'NONE', #3296 ) ;
#1281 = VERTEX_POINT ( 'NONE', #3316 ) ;
#1282 = VERTEX_POINT ( 'NONE', #3344 ) ;
#1283 = VERTEX_POINT ( 'NONE', #3329 ) ;
#1284 = VERTEX_POINT ( 'NONE', #3332 ) ;
#1285 = VERTEX_POINT ( 'NONE', #3334 ) ;
#1286 = VERTEX_POINT ( 'NONE', #3336 ) ;
#1287 = VERTEX_POINT ( 'NONE', #3314 ) ;
#1288 = VERTEX_POINT ( 'NONE', #3339 ) ;
#1289 = ORIENTED_EDGE ( 'NONE', *, *, #998, .T. ) ;
#1290 = ORIENTED_EDGE ( 'NONE', *, *, #897, .F. ) ;
#1291 = ORIENTED_EDGE ( 'NONE', *, *, #963, .F. ) ;
#1292 = VERTEX_POINT ( 'NONE', #3358 ) ;
#1293 = VERTEX_POINT ( 'NONE', #3389 ) ;
#1294 = VERTEX_POINT ( 'NONE', #3350 ) ;
#1295 = VERTEX_POINT ( 'NONE', #3382 ) ;
#1296 = VERTEX_POINT ( 'NONE', #3393 ) ;
#1297 = VERTEX_POINT ( 'NONE', #3376 ) ;
#1298 = ORIENTED_EDGE ( 'NONE', *, *, #963, .T. ) ;
#1299 = ORIENTED_EDGE ( 'NONE', *, *, #92, .F. ) ;
#1300 = EDGE_LOOP ( 'NONE', ( #654, #659, #695, #616 ) ) ;
#1301 = EDGE_LOOP ( 'NONE', ( #440, #395, #426, #387, #381, #355, #342, #337, #316, #430, #435, #438 ) ) ;
#1302 = EDGE_LOOP ( 'NONE', ( #402, #421, #419, #418, #380, #428, #432, #422 ) ) ;
#1303 = EDGE_LOOP ( 'NONE', ( #631, #584, #589, #671 ) ) ;
#1304 = EDGE_LOOP ( 'NONE', ( #737, #707, #739, #254 ) ) ;
#1305 = EDGE_LOOP ( 'NONE', ( #313, #336, #388, #343, #434 ) ) ;
#1306 = EDGE_LOOP ( 'NONE', ( #679, #643, #719, #709 ) ) ;
#1307 = EDGE_LOOP ( 'NONE', ( #300, #362, #324, #286, #370, #304, #326, #283, #281, #295, #294, #360, #371, #327, #334, #266, #351, #299, #293, #263, #340, #319, #257, #308, #274, #284, #356, #262, #250, #338, #357, #365, #255, #273 ) ) ;
#1308 = EDGE_LOOP ( 'NONE', ( #702, #672, #741, #703 ) ) ;
#1309 = EDGE_LOOP ( 'NONE', ( #566, #3644, #527, #3647 ) ) ;
#1310 = EDGE_LOOP ( 'NONE', ( #544, #444, #500, #532 ) ) ;
#1311 = EDGE_LOOP ( 'NONE', ( #518, #502, #510, #519 ) ) ;
#1312 = EDGE_LOOP ( 'NONE', ( #608, #579, #618, #599 ) ) ;
#1313 = EDGE_LOOP ( 'NONE', ( #401, #496, #389, #410, #499, #398, #403, #378, #404, #409, #423, #436 ) ) ;
#1314 = EDGE_LOOP ( 'NONE', ( #515, #521, #512, #572 ) ) ;
#1315 = EDGE_LOOP ( 'NONE', ( #384, #406, #492, #413 ) ) ;
#1316 = EDGE_LOOP ( 'NONE', ( #562, #3642, #537, #533, #3657, #571, #3649, #3665 ) ) ;
#1317 = EDGE_LOOP ( 'NONE', ( #696, #298, #735, #712 ) ) ;
#1318 = EDGE_LOOP ( 'NONE', ( #487, #474, #481, #3646 ) ) ;
#1319 = EDGE_LOOP ( 'NONE', ( #375, #368, #252, #347 ) ) ;
#1320 = EDGE_LOOP ( 'NONE', ( #494, #478, #489, #467 ) ) ;
#1321 = EDGE_LOOP ( 'NONE', ( #613, #651, #585, #665, #573, #614, #576, #577 ) ) ;
#1322 = EDGE_LOOP ( 'NONE', ( #3650, #549, #3652, #3654 ) ) ;
#1323 = EDGE_LOOP ( 'NONE', ( #580, #612, #588, #604 ) ) ;
#1324 = EDGE_LOOP ( 'NONE', ( #523, #520, #524, #3651 ) ) ;
#1325 = EDGE_LOOP ( 'NONE', ( #1646, #1611, #59, #1609 ) ) ;
#1326 = EDGE_LOOP ( 'NONE', ( #1614, #60, #67, #3637 ) ) ;
#1327 = EDGE_LOOP ( 'NONE', ( #32, #1629, #69, #1655, #3504, #34 ) ) ;
#1328 = EDGE_LOOP ( 'NONE', ( #689, #698, #664, #705 ) ) ;
#1329 = EDGE_LOOP ( 'NONE', ( #1658, #61, #3685, #29 ) ) ;
#1330 = EDGE_LOOP ( 'NONE', ( #491, #471, #536, #565 ) ) ;
#1331 = EDGE_LOOP ( 'NONE', ( #354, #317, #341, #358 ) ) ;
#1332 = EDGE_LOOP ( 'NONE', ( #617, #662, #583, #661, #578, #603, #601, #587 ) ) ;
#1333 = EDGE_LOOP ( 'NONE', ( #644, #645, #686, #634, #642, #727, #667, #621 ) ) ;
#1334 = EDGE_LOOP ( 'NONE', ( #459, #453, #551, #451 ) ) ;
#1335 = EDGE_LOOP ( 'NONE', ( #470, #575, #627, #628, #648, #630, #600, #590 ) ) ;
#1336 = EDGE_LOOP ( 'NONE', ( #37, #40, #42, #44, #45, #1666, #1654, #1664 ) ) ;
#1337 = EDGE_LOOP ( 'NONE', ( #557, #504, #553, #464, #486, #545, #461, #546 ) ) ;
#1338 = EDGE_LOOP ( 'NONE', ( #605, #593, #597, #596 ) ) ;
#1339 = EDGE_LOOP ( 'NONE', ( #48, #35, #51, #54, #1665 ) ) ;
#1340 = EDGE_LOOP ( 'NONE', ( #581, #620, #595, #666 ) ) ;
#1341 = EDGE_LOOP ( 'NONE', ( #411, #462, #479, #425, #412, #424, #405, #414 ) ) ;
#1342 = EDGE_LOOP ( 'NONE', ( #311, #713, #312, #253, #272 ) ) ;
#1343 = EDGE_LOOP ( 'NONE', ( #570, #3648, #3653, #561 ) ) ;
#1344 = EDGE_LOOP ( 'NONE', ( #63, #64, #36, #31 ) ) ;
#1345 = EDGE_LOOP ( 'NONE', ( #1612, #1668, #1643, #531 ) ) ;
#1346 = EDGE_LOOP ( 'NONE', ( #271, #305, #330, #285 ) ) ;
#1347 = EDGE_LOOP ( 'NONE', ( #656, #646, #721, #632 ) ) ;
#1348 = EDGE_LOOP ( 'NONE', ( #736, #691, #258, #692 ) ) ;
#1349 = EDGE_LOOP ( 'NONE', ( #513, #563, #506, #547 ) ) ;
#1350 = EDGE_LOOP ( 'NONE', ( #270, #291, #275, #276, #277, #374, #397, #331, #437, #332, #314, #372, #318, #328, #363, #431, #377, #433, #315, #399, #373, #348, #400, #349, #344, #323, #322, #416, #345, #329, #346, #352, #386, #367 ) ) ;
#1351 = EDGE_LOOP ( 'NONE', ( #508, #505, #509, #460 ) ) ;
#1352 = EDGE_LOOP ( 'NONE', ( #742, #288, #694, #714 ) ) ;
#1353 = EDGE_LOOP ( 'NONE', ( #376, #417, #408, #369 ) ) ;
#1354 = EDGE_LOOP ( 'NONE', ( #725, #625, #649, #623, #650, #704, #678, #638 ) ) ;
#1355 = EDGE_LOOP ( 'NONE', ( #66, #1619, #53, #46 ) ) ;
#1356 = EDGE_LOOP ( 'NONE', ( #681, #690, #731, #726 ) ) ;
#1357 = EDGE_LOOP ( 'NONE', ( #718, #701, #306, #677 ) ) ;
#1358 = EDGE_LOOP ( 'NONE', ( #3502, #1635, #57, #30 ) ) ;
#1359 = EDGE_LOOP ( 'NONE', ( #606, #647, #639, #586, #657, #629, #626, #669 ) ) ;
#1360 = EDGE_LOOP ( 'NONE', ( #3505, #1640, #41, #1610 ) ) ;
#1361 = EDGE_LOOP ( 'NONE', ( #475, #415, #407, #379 ) ) ;
#1362 = EDGE_LOOP ( 'NONE', ( #676, #289, #269, #260, #682, #307 ) ) ;
#1363 = EDGE_LOOP ( 'NONE', ( #268, #738, #680, #309 ) ) ;
#1364 = EDGE_LOOP ( 'NONE', ( #503, #485, #393, #385, #493, #455, #468, #427 ) ) ;
#1365 = EDGE_LOOP ( 'NONE', ( #1245, #1291, #1257, #1644 ) ) ;
#1366 = EDGE_LOOP ( 'NONE', ( #3692, #3691, #3676, #3684 ) ) ;
#1367 = LINE ( 'NONE', #3550, #1413 ) ;
#1368 = LINE ( 'NONE', #3540, #1382 ) ;
#1369 = EDGE_LOOP ( 'NONE', ( #607, #38, #58, #1663 ) ) ;
#1370 = EDGE_LOOP ( 'NONE', ( #3681, #3674, #3663, #3697, #3700 ) ) ;
#1371 = EDGE_LOOP ( 'NONE', ( #3679, #3682, #3673, #3699 ) ) ;
#1372 = VECTOR ( 'NONE', #3542, 999.9999999999998900 ) ;
#1373 = EDGE_LOOP ( 'NONE', ( #688, #708, #674, #684 ) ) ;
#1374 = EDGE_LOOP ( 'NONE', ( #3664, #3640, #522, #559 ) ) ;
#1375 = LINE ( 'NONE', #3536, #1372 ) ;
#1376 = EDGE_LOOP ( 'NONE', ( #1657, #33, #47, #68 ) ) ;
#1377 = VECTOR ( 'NONE', #3543, 1000.000000000000000 ) ;
#1378 = EDGE_LOOP ( 'NONE', ( #1638, #1661, #1632, #62 ) ) ;
#1379 = VECTOR ( 'NONE', #3523, 1000.000000000000000 ) ;
#1380 = LINE ( 'NONE', #3539, #1420 ) ;
#1381 = LINE ( 'NONE', #3533, #1383 ) ;
#1382 = VECTOR ( 'NONE', #3555, 1000.000000000000000 ) ;
#1383 = VECTOR ( 'NONE', #3548, 1000.000000000000000 ) ;
#1384 = EDGE_LOOP ( 'NONE', ( #540, #534, #525, #511, #539, #3659, #529, #528 ) ) ;
#1385 = LINE ( 'NONE', #3527, #1389 ) ;
#1386 = LINE ( 'NONE', #3549, #1388 ) ;
#1387 = EDGE_LOOP ( 'NONE', ( #3638, #3645, #3639, #3656 ) ) ;
#1388 = VECTOR ( 'NONE', #3551, 1000.000000000000000 ) ;
#1389 = VECTOR ( 'NONE', #3552, 1000.000000000000000 ) ;
#1390 = LINE ( 'NONE', #3545, #1379 ) ;
#1391 = EDGE_LOOP ( 'NONE', ( #56, #52, #39, #49 ) ) ;
#1392 = LINE ( 'NONE', #3524, #1417 ) ;
#1393 = EDGE_LOOP ( 'NONE', ( #3670, #3667, #3696, #3698 ) ) ;
#1394 = LINE ( 'NONE', #3525, #1377 ) ;
#1395 = LINE ( 'NONE', #3528, #1414 ) ;
#1396 = EDGE_LOOP ( 'NONE', ( #3694, #3671, #3683, #3693 ) ) ;
#1397 = EDGE_LOOP ( 'NONE', ( #292, #740, #259, #699, #728 ) ) ;
#1398 = EDGE_LOOP ( 'NONE', ( #3675, #3672, #3689, #3695 ) ) ;
#1399 = EDGE_LOOP ( 'NONE', ( #3655, #530, #514, #556 ) ) ;
#1400 = VECTOR ( 'NONE', #3556, 1000.000000000000000 ) ;
#1401 = EDGE_LOOP ( 'NONE', ( #480, #564, #538, #542 ) ) ;
#1402 = EDGE_LOOP ( 'NONE', ( #568, #526, #555, #3690 ) ) ;
#1403 = EDGE_LOOP ( 'NONE', ( #3641, #3658, #554, #543 ) ) ;
#1404 = EDGE_LOOP ( 'NONE', ( #3680, #3686, #3668, #3688 ) ) ;
#1405 = EDGE_LOOP ( 'NONE', ( #473, #465, #443, #472 ) ) ;
#1406 = EDGE_LOOP ( 'NONE', ( #675, #1299, #1298, #1289 ) ) ;
#1407 = EDGE_LOOP ( 'NONE', ( #457, #507, #483, #501 ) ) ;
#1408 = EDGE_LOOP ( 'NONE', ( #302, #303, #733, #310, #249, #267, #280, #693, #700, #722 ) ) ;
#1409 = EDGE_LOOP ( 'NONE', ( #548, #449, #552, #535 ) ) ;
#1410 = EDGE_LOOP ( 'NONE', ( #477, #516, #567, #469 ) ) ;
#1411 = LINE ( 'NONE', #3535, #1400 ) ;
#1412 = EDGE_LOOP ( 'NONE', ( #1275, #1290, #1276, #1262 ) ) ;
#1413 = VECTOR ( 'NONE', #3537, 1000.000000000000000 ) ;
#1414 = VECTOR ( 'NONE', #3534, 999.9999999999998900 ) ;
#1415 = LINE ( 'NONE', #1838, #1441 ) ;
#1416 = LINE ( 'NONE', #1851, #1439 ) ;
#1417 = VECTOR ( 'NONE', #3521, 999.9999999999998900 ) ;
#1418 = EDGE_LOOP ( 'NONE', ( #3661, #517, #3643, #3662 ) ) ;
#1419 = LINE ( 'NONE', #3532, #1422 ) ;
#1420 = VECTOR ( 'NONE', #3544, 1000.000000000000100 ) ;
#1421 = EDGE_LOOP ( 'NONE', ( #730, #711, #697, #622 ) ) ;
#1422 = VECTOR ( 'NONE', #3522, 1000.000000000000000 ) ;
#1423 = EDGE_LOOP ( 'NONE', ( #3660, #569, #560, #541 ) ) ;
#1424 = EDGE_LOOP ( 'NONE', ( #495, #442, #450, #550 ) ) ;
#1425 = EDGE_LOOP ( 'NONE', ( #463, #558, #476, #446 ) ) ;
#1426 = EDGE_LOOP ( 'NONE', ( #1671, #50, #43, #1633, #55 ) ) ;
#1427 = EDGE_LOOP ( 'NONE', ( #3687, #3678, #3666, #3669 ) ) ;
#1428 = VECTOR ( 'NONE', #3560, 1000.000000000000000 ) ;
#1429 = LINE ( 'NONE', #3584, #1434 ) ;
#1430 = VECTOR ( 'NONE', #3579, 1000.000000000000100 ) ;
#1431 = CIRCLE ( 'NONE', #969, 2.000000000000001800 ) ;
#1432 = VECTOR ( 'NONE', #3529, 1000.000000000000100 ) ;
#1433 = VECTOR ( 'NONE', #3586, 1000.000000000000000 ) ;
#1434 = VECTOR ( 'NONE', #3605, 1000.000000000000000 ) ;
#1435 = LINE ( 'NONE', #3602, #1449 ) ;
#1436 = VECTOR ( 'NONE', #3624, 1000.000000000000000 ) ;
#1437 = LINE ( 'NONE', #3553, #1452 ) ;
#1438 = LINE ( 'NONE', #3574, #1473 ) ;
#1439 = VECTOR ( 'NONE', #1837, 999.9999999999998900 ) ;
#1440 = LINE ( 'NONE', #3595, #1430 ) ;
#1441 = VECTOR ( 'NONE', #1861, 1000.000000000000000 ) ;
#1442 = LINE ( 'NONE', #3596, #1475 ) ;
#1443 = VECTOR ( 'NONE', #3590, 1000.000000000000100 ) ;
#1444 = VECTOR ( 'NONE', #3601, 1000.000000000000000 ) ;
#1445 = LINE ( 'NONE', #3580, #1484 ) ;
#1446 = LINE ( 'NONE', #3585, #1433 ) ;
#1447 = LINE ( 'NONE', #3600, #1457 ) ;
#1448 = VECTOR ( 'NONE', #3582, 1000.000000000000000 ) ;
#1449 = VECTOR ( 'NONE', #3598, 1000.000000000000000 ) ;
#1450 = LINE ( 'NONE', #3587, #1460 ) ;
#1451 = VECTOR ( 'NONE', #3592, 1000.000000000000000 ) ;
#1452 = VECTOR ( 'NONE', #3531, 1000.000000000000000 ) ;
#1453 = CIRCLE ( 'NONE', #997, 2.000000000000001800 ) ;
#1454 = VECTOR ( 'NONE', #3612, 1000.000000000000000 ) ;
#1455 = VECTOR ( 'NONE', #3578, 1000.000000000000100 ) ;
#1456 = LINE ( 'NONE', #3593, #1478 ) ;
#1457 = VECTOR ( 'NONE', #3604, 1000.000000000000100 ) ;
#1458 = LINE ( 'NONE', #3625, #1436 ) ;
#1459 = VECTOR ( 'NONE', #3608, 1000.000000000000000 ) ;
#1460 = VECTOR ( 'NONE', #3581, 1000.000000000000000 ) ;
#1461 = LINE ( 'NONE', #3530, #1472 ) ;
#1462 = VECTOR ( 'NONE', #3620, 1000.000000000000000 ) ;
#1463 = LINE ( 'NONE', #3619, #1487 ) ;
#1464 = LINE ( 'NONE', #3567, #1455 ) ;
#1465 = LINE ( 'NONE', #3563, #1490 ) ;
#1466 = LINE ( 'NONE', #3588, #1443 ) ;
#1467 = VECTOR ( 'NONE', #3597, 1000.000000000000000 ) ;
#1468 = LINE ( 'NONE', #3607, #1459 ) ;
#1469 = LINE ( 'NONE', #3562, #1448 ) ;
#1470 = LINE ( 'NONE', #3591, #1451 ) ;
#1471 = LINE ( 'NONE', #3575, #1428 ) ;
#1472 = VECTOR ( 'NONE', #3570, 999.9999999999998900 ) ;
#1473 = VECTOR ( 'NONE', #3558, 1000.000000000000000 ) ;
#1474 = LINE ( 'NONE', #3599, #1444 ) ;
#1475 = VECTOR ( 'NONE', #3577, 1000.000000000000000 ) ;
#1476 = LINE ( 'NONE', #3606, #1486 ) ;
#1477 = LINE ( 'NONE', #3610, #1462 ) ;
#1478 = VECTOR ( 'NONE', #3594, 1000.000000000000000 ) ;
#1479 = CIRCLE ( 'NONE', #1023, 1.000000000000054600 ) ;
#1480 = LINE ( 'NONE', #3611, #1481 ) ;
#1481 = VECTOR ( 'NONE', #3603, 1000.000000000000000 ) ;
#1482 = LINE ( 'NONE', #3547, #1483 ) ;
#1483 = VECTOR ( 'NONE', #3576, 1000.000000000000000 ) ;
#1484 = VECTOR ( 'NONE', #3572, 1000.000000000000000 ) ;
#1485 = LINE ( 'NONE', #3609, #1454 ) ;
#1486 = VECTOR ( 'NONE', #3622, 1000.000000000000000 ) ;
#1487 = VECTOR ( 'NONE', #3623, 1000.000000000000000 ) ;
#1488 = LINE ( 'NONE', #3589, #1467 ) ;
#1489 = LINE ( 'NONE', #3554, #1432 ) ;
#1490 = VECTOR ( 'NONE', #3564, 1000.000000000000000 ) ;
#1491 = VECTOR ( 'NONE', #3630, 1000.000000000000000 ) ;
#1492 = LINE ( 'NONE', #2186, #1541 ) ;
#1493 = CIRCLE ( 'NONE', #1001, 1.000000000000054600 ) ;
#1494 = VECTOR ( 'NONE', #3636, 1000.000000000000000 ) ;
#1495 = VECTOR ( 'NONE', #2177, 1000.000000000000000 ) ;
#1496 = VECTOR ( 'NONE', #2172, 1000.000000000000000 ) ;
#1497 = LINE ( 'NONE', #3635, #1494 ) ;
#1498 = LINE ( 'NONE', #2190, #1525 ) ;
#1499 = LINE ( 'NONE', #3613, #1520 ) ;
#1500 = LINE ( 'NONE', #2189, #1549 ) ;
#1501 = LINE ( 'NONE', #3616, #1529 ) ;
#1502 = LINE ( 'NONE', #79, #1519 ) ;
#1503 = LINE ( 'NONE', #2183, #1504 ) ;
#1504 = VECTOR ( 'NONE', #2180, 1000.000000000000000 ) ;
#1505 = LINE ( 'NONE', #3509, #1514 ) ;
#1506 = LINE ( 'NONE', #77, #1534 ) ;
#1507 = VECTOR ( 'NONE', #3514, 1000.000000000000000 ) ;
#1508 = LINE ( 'NONE', #2188, #1608 ) ;
#1509 = VECTOR ( 'NONE', #78, 1000.000000000000000 ) ;
#1510 = LINE ( 'NONE', #76, #1509 ) ;
#1511 = LINE ( 'NONE', #3629, #1527 ) ;
#1512 = LINE ( 'NONE', #74, #1531 ) ;
#1513 = LINE ( 'NONE', #2166, #1536 ) ;
#1514 = VECTOR ( 'NONE', #3508, 1000.000000000000000 ) ;
#1515 = LINE ( 'NONE', #3513, #1548 ) ;
#1516 = LINE ( 'NONE', #2170, #1542 ) ;
#1517 = VECTOR ( 'NONE', #71, 1000.000000000000100 ) ;
#1518 = LINE ( 'NONE', #2175, #1537 ) ;
#1519 = VECTOR ( 'NONE', #81, 1000.000000000000000 ) ;
#1520 = VECTOR ( 'NONE', #3633, 1000.000000000000000 ) ;
#1521 = VECTOR ( 'NONE', #3634, 1000.000000000000000 ) ;
#1522 = VECTOR ( 'NONE', #73, 1000.000000000000100 ) ;
#1523 = LINE ( 'NONE', #3506, #1507 ) ;
#1524 = LINE ( 'NONE', #80, #1546 ) ;
#1525 = VECTOR ( 'NONE', #2169, 1000.000000000000000 ) ;
#1526 = VECTOR ( 'NONE', #2174, 1000.000000000000000 ) ;
#1527 = VECTOR ( 'NONE', #3632, 1000.000000000000000 ) ;
#1528 = LINE ( 'NONE', #2193, #1496 ) ;
#1529 = VECTOR ( 'NONE', #3621, 1000.000000000000000 ) ;
#1530 = VECTOR ( 'NONE', #3512, 1000.000000000000000 ) ;
#1531 = VECTOR ( 'NONE', #3507, 1000.000000000000100 ) ;
#1532 = LINE ( 'NONE', #3615, #1491 ) ;
#1533 = LINE ( 'NONE', #3510, #1530 ) ;
#1534 = VECTOR ( 'NONE', #72, 1000.000000000000000 ) ;
#1535 = LINE ( 'NONE', #75, #1522 ) ;
#1536 = VECTOR ( 'NONE', #2168, 1000.000000000000000 ) ;
#1537 = VECTOR ( 'NONE', #2187, 1000.000000000000000 ) ;
#1538 = LINE ( 'NONE', #2176, #1495 ) ;
#1539 = LINE ( 'NONE', #3520, #1517 ) ;
#1540 = LINE ( 'NONE', #2185, #1526 ) ;
#1541 = VECTOR ( 'NONE', #2173, 1000.000000000000000 ) ;
#1542 = VECTOR ( 'NONE', #2178, 1000.000000000000000 ) ;
#1543 = LINE ( 'NONE', #3618, #1547 ) ;
#1544 = LINE ( 'NONE', #2179, #1545 ) ;
#1545 = VECTOR ( 'NONE', #2181, 1000.000000000000000 ) ;
#1546 = VECTOR ( 'NONE', #70, 1000.000000000000000 ) ;
#1547 = VECTOR ( 'NONE', #3628, 1000.000000000000000 ) ;
#1548 = VECTOR ( 'NONE', #3519, 1000.000000000000000 ) ;
#1549 = VECTOR ( 'NONE', #2171, 1000.000000000000100 ) ;
#1550 = LINE ( 'NONE', #3614, #1521 ) ;
#1551 = LINE ( 'NONE', #1760, #1596 ) ;
#1552 = VECTOR ( 'NONE', #1768, 1000.000000000000000 ) ;
#1553 = VECTOR ( 'NONE', #1777, 1000.000000000000000 ) ;
#1554 = LINE ( 'NONE', #1749, #1591 ) ;
#1555 = VECTOR ( 'NONE', #1779, 1000.000000000000000 ) ;
#1556 = VECTOR ( 'NONE', #1791, 1000.000000000000000 ) ;
#1557 = VECTOR ( 'NONE', #1784, 999.9999999999998900 ) ;
#1558 = LINE ( 'NONE', #1776, #1555 ) ;
#1559 = CIRCLE ( 'NONE', #1029, 1.000000000000054600 ) ;
#1560 = VECTOR ( 'NONE', #1811, 1000.000000000000000 ) ;
#1561 = LINE ( 'NONE', #1783, #1557 ) ;
#1562 = LINE ( 'NONE', #1748, #1552 ) ;
#1563 = LINE ( 'NONE', #1751, #1594 ) ;
#1564 = VECTOR ( 'NONE', #1815, 1000.000000000000000 ) ;
#1565 = LINE ( 'NONE', #1816, #1574 ) ;
#1566 = VECTOR ( 'NONE', #1805, 1000.000000000000000 ) ;
#1567 = VECTOR ( 'NONE', #1797, 1000.000000000000000 ) ;
#1568 = VECTOR ( 'NONE', #1820, 1000.000000000000000 ) ;
#1569 = VECTOR ( 'NONE', #1750, 1000.000000000000000 ) ;
#1570 = LINE ( 'NONE', #1821, #1583 ) ;
#1571 = LINE ( 'NONE', #2182, #1553 ) ;
#1572 = LINE ( 'NONE', #1796, #1560 ) ;
#1573 = LINE ( 'NONE', #1767, #1589 ) ;
#1574 = VECTOR ( 'NONE', #1818, 1000.000000000000000 ) ;
#1575 = LINE ( 'NONE', #1799, #1576 ) ;
#1576 = VECTOR ( 'NONE', #1798, 1000.000000000000000 ) ;
#1577 = LINE ( 'NONE', #1823, #1599 ) ;
#1578 = VECTOR ( 'NONE', #1769, 1000.000000000000000 ) ;
#1579 = VECTOR ( 'NONE', #1822, 1000.000000000000000 ) ;
#1580 = CIRCLE ( 'NONE', #970, 2.000000000000001800 ) ;
#1581 = VECTOR ( 'NONE', #1786, 1000.000000000000000 ) ;
#1582 = CIRCLE ( 'NONE', #1020, 1.000000000000054600 ) ;
#1583 = VECTOR ( 'NONE', #1794, 1000.000000000000000 ) ;
#1584 = VECTOR ( 'NONE', #1819, 1000.000000000000000 ) ;
#1585 = LINE ( 'NONE', #1806, #1568 ) ;
#1586 = VECTOR ( 'NONE', #2167, 1000.000000000000000 ) ;
#1587 = LINE ( 'NONE', #1792, #1566 ) ;
#1588 = LINE ( 'NONE', #1790, #1556 ) ;
#1589 = VECTOR ( 'NONE', #1775, 1000.000000000000000 ) ;
#1590 = LINE ( 'NONE', #1778, #1569 ) ;
#1591 = VECTOR ( 'NONE', #1774, 1000.000000000000000 ) ;
#1592 = LINE ( 'NONE', #1814, #1564 ) ;
#1593 = LINE ( 'NONE', #1762, #1595 ) ;
#1594 = VECTOR ( 'NONE', #1752, 1000.000000000000000 ) ;
#1595 = VECTOR ( 'NONE', #1753, 1000.000000000000100 ) ;
#1596 = VECTOR ( 'NONE', #1773, 1000.000000000000000 ) ;
#1597 = LINE ( 'NONE', #1764, #1606 ) ;
#1598 = LINE ( 'NONE', #1807, #1567 ) ;
#1599 = VECTOR ( 'NONE', #1801, 1000.000000000000000 ) ;
#1600 = LINE ( 'NONE', #1795, #1579 ) ;
#1601 = LINE ( 'NONE', #1766, #1578 ) ;
#1602 = LINE ( 'NONE', #1809, #1584 ) ;
#1603 = LINE ( 'NONE', #1810, #1604 ) ;
#1604 = VECTOR ( 'NONE', #1817, 1000.000000000000000 ) ;
#1605 = LINE ( 'NONE', #1793, #1581 ) ;
#1606 = VECTOR ( 'NONE', #1765, 999.9999999999998900 ) ;
#1607 = LINE ( 'NONE', #2191, #1586 ) ;
#1608 = VECTOR ( 'NONE', #2192, 1000.000000000000000 ) ;
#1609 = ORIENTED_EDGE ( 'NONE', *, *, #925, .T. ) ;
#1610 = ORIENTED_EDGE ( 'NONE', *, *, #953, .T. ) ;
#1611 = ORIENTED_EDGE ( 'NONE', *, *, #953, .F. ) ;
#1612 = ORIENTED_EDGE ( 'NONE', *, *, #898, .T. ) ;
#1613 = VERTEX_POINT ( 'NONE', #3340 ) ;
#1614 = ORIENTED_EDGE ( 'NONE', *, *, #1003, .T. ) ;
#1615 = VERTEX_POINT ( 'NONE', #3356 ) ;
#1616 = VERTEX_POINT ( 'NONE', #3401 ) ;
#1617 = VERTEX_POINT ( 'NONE', #3392 ) ;
#1618 = VERTEX_POINT ( 'NONE', #3391 ) ;
#1619 = ORIENTED_EDGE ( 'NONE', *, *, #914, .F. ) ;
#1620 = VERTEX_POINT ( 'NONE', #3359 ) ;
#1621 = VERTEX_POINT ( 'NONE', #3383 ) ;
#1622 = VERTEX_POINT ( 'NONE', #3352 ) ;
#1623 = VERTEX_POINT ( 'NONE', #3377 ) ;
#1624 = VERTEX_POINT ( 'NONE', #3398 ) ;
#1625 = VERTEX_POINT ( 'NONE', #3362 ) ;
#1626 = VERTEX_POINT ( 'NONE', #3354 ) ;
#1627 = VERTEX_POINT ( 'NONE', #3360 ) ;
#1628 = VERTEX_POINT ( 'NONE', #3380 ) ;
#1629 = ORIENTED_EDGE ( 'NONE', *, *, #241, .F. ) ;
#1630 = VERTEX_POINT ( 'NONE', #3372 ) ;
#1631 = VERTEX_POINT ( 'NONE', #3404 ) ;
#1632 = ORIENTED_EDGE ( 'NONE', *, *, #920, .F. ) ;
#1633 = ORIENTED_EDGE ( 'NONE', *, *, #231, .F. ) ;
#1634 = VERTEX_POINT ( 'NONE', #3407 ) ;
#1635 = ORIENTED_EDGE ( 'NONE', *, *, #134, .T. ) ;
#1636 = VERTEX_POINT ( 'NONE', #3399 ) ;
#1637 = VERTEX_POINT ( 'NONE', #3381 ) ;
#1638 = ORIENTED_EDGE ( 'NONE', *, *, #235, .T. ) ;
#1639 = VERTEX_POINT ( 'NONE', #3365 ) ;
#1640 = ORIENTED_EDGE ( 'NONE', *, *, #899, .T. ) ;
#1641 = VERTEX_POINT ( 'NONE', #3361 ) ;
#1642 = VERTEX_POINT ( 'NONE', #3405 ) ;
#1643 = ORIENTED_EDGE ( 'NONE', *, *, #141, .T. ) ;
#1644 = ORIENTED_EDGE ( 'NONE', *, *, #935, .F. ) ;
#1645 = VERTEX_POINT ( 'NONE', #3364 ) ;
#1646 = ORIENTED_EDGE ( 'NONE', *, *, #218, .T. ) ;
#1647 = VERTEX_POINT ( 'NONE', #3371 ) ;
#1648 = VERTEX_POINT ( 'NONE', #3366 ) ;
#1649 = VERTEX_POINT ( 'NONE', #3348 ) ;
#1650 = VERTEX_POINT ( 'NONE', #3351 ) ;
#1651 = VERTEX_POINT ( 'NONE', #3394 ) ;
#1652 = VERTEX_POINT ( 'NONE', #3409 ) ;
#1653 = VERTEX_POINT ( 'NONE', #3410 ) ;
#1654 = ORIENTED_EDGE ( 'NONE', *, *, #920, .T. ) ;
#1655 = ORIENTED_EDGE ( 'NONE', *, *, #142, .F. ) ;
#1656 = VERTEX_POINT ( 'NONE', #3395 ) ;
#1657 = ORIENTED_EDGE ( 'NONE', *, *, #152, .T. ) ;
#1658 = ORIENTED_EDGE ( 'NONE', *, *, #238, .T. ) ;
#1659 = VERTEX_POINT ( 'NONE', #3403 ) ;
#1660 = VERTEX_POINT ( 'NONE', #3408 ) ;
#1661 = ORIENTED_EDGE ( 'NONE', *, *, #925, .F. ) ;
#1662 = VERTEX_POINT ( 'NONE', #3406 ) ;
#1663 = ORIENTED_EDGE ( 'NONE', *, *, #914, .T. ) ;
#1664 = ORIENTED_EDGE ( 'NONE', *, *, #912, .T. ) ;
#1665 = ORIENTED_EDGE ( 'NONE', *, *, #119, .F. ) ;
#1666 = ORIENTED_EDGE ( 'NONE', *, *, #1000, .T. ) ;
#1667 = VERTEX_POINT ( 'NONE', #3353 ) ;
#1668 = ORIENTED_EDGE ( 'NONE', *, *, #936, .T. ) ;
#1669 = VERTEX_POINT ( 'NONE', #3390 ) ;
#1670 = VERTEX_POINT ( 'NONE', #3411 ) ;
#1671 = ORIENTED_EDGE ( 'NONE', *, *, #186, .T. ) ;
#1672 = VERTEX_POINT ( 'NONE', #3349 ) ;
#1673 = VERTEX_POINT ( 'NONE', #3363 ) ;
#1674 = VERTEX_POINT ( 'NONE', #3384 ) ;
#1675 = VERTEX_POINT ( 'NONE', #3397 ) ;
#1676 = VERTEX_POINT ( 'NONE', #3375 ) ;
#1677 = VERTEX_POINT ( 'NONE', #3367 ) ;
#1678 = VERTEX_POINT ( 'NONE', #3355 ) ;
#1679 = VERTEX_POINT ( 'NONE', #3368 ) ;
#1680 = VERTEX_POINT ( 'NONE', #3396 ) ;
#1681 = VERTEX_POINT ( 'NONE', #3386 ) ;
#1682 = VERTEX_POINT ( 'NONE', #3400 ) ;
#1683 = VERTEX_POINT ( 'NONE', #3402 ) ;
#1684 = VERTEX_POINT ( 'NONE', #3369 ) ;
#1685 = VERTEX_POINT ( 'NONE', #3357 ) ;
#1686 = VERTEX_POINT ( 'NONE', #3370 ) ;
#1687 = VERTEX_POINT ( 'NONE', #3373 ) ;
#1688 = VERTEX_POINT ( 'NONE', #3374 ) ;
#1689 = VERTEX_POINT ( 'NONE', #3378 ) ;
#1690 = VERTEX_POINT ( 'NONE', #3379 ) ;
#1691 = VERTEX_POINT ( 'NONE', #3385 ) ;
#1692 = VERTEX_POINT ( 'NONE', #3387 ) ;
#1693 = VERTEX_POINT ( 'NONE', #3388 ) ;
#1694 = VERTEX_POINT ( 'NONE', #3466 ) ;
#1695 = VERTEX_POINT ( 'NONE', #3443 ) ;
#1696 = VERTEX_POINT ( 'NONE', #3418 ) ;
#1697 = VERTEX_POINT ( 'NONE', #3467 ) ;
#1698 = VERTEX_POINT ( 'NONE', #3432 ) ;
#1699 = VERTEX_POINT ( 'NONE', #3465 ) ;
#1700 = VERTEX_POINT ( 'NONE', #3434 ) ;
#1701 = VERTEX_POINT ( 'NONE', #3450 ) ;
#1702 = VERTEX_POINT ( 'NONE', #3412 ) ;
#1703 = VERTEX_POINT ( 'NONE', #3470 ) ;
#1704 = VERTEX_POINT ( 'NONE', #3458 ) ;
#1705 = VERTEX_POINT ( 'NONE', #3442 ) ;
#1706 = VERTEX_POINT ( 'NONE', #3423 ) ;
#1707 = VERTEX_POINT ( 'NONE', #3424 ) ;
#1708 = VERTEX_POINT ( 'NONE', #3448 ) ;
#1709 = VERTEX_POINT ( 'NONE', #3436 ) ;
#1710 = VERTEX_POINT ( 'NONE', #3468 ) ;
#1711 = VERTEX_POINT ( 'NONE', #3454 ) ;
#1712 = VERTEX_POINT ( 'NONE', #3427 ) ;
#1713 = VERTEX_POINT ( 'NONE', #3444 ) ;
#1714 = VERTEX_POINT ( 'NONE', #3419 ) ;
#1715 = VERTEX_POINT ( 'NONE', #3433 ) ;
#1716 = VERTEX_POINT ( 'NONE', #3452 ) ;
#1717 = VERTEX_POINT ( 'NONE', #3431 ) ;
#1718 = VERTEX_POINT ( 'NONE', #3425 ) ;
#1719 = VERTEX_POINT ( 'NONE', #3462 ) ;
#1720 = VERTEX_POINT ( 'NONE', #3429 ) ;
#1721 = VERTEX_POINT ( 'NONE', #3440 ) ;
#1722 = VERTEX_POINT ( 'NONE', #3463 ) ;
#1723 = VERTEX_POINT ( 'NONE', #3469 ) ;
#1724 = VERTEX_POINT ( 'NONE', #3413 ) ;
#1725 = VERTEX_POINT ( 'NONE', #3441 ) ;
#1726 = VERTEX_POINT ( 'NONE', #3414 ) ;
#1727 = VERTEX_POINT ( 'NONE', #3445 ) ;
#1728 = VERTEX_POINT ( 'NONE', #3464 ) ;
#1729 = VERTEX_POINT ( 'NONE', #3428 ) ;
#1730 = VERTEX_POINT ( 'NONE', #3451 ) ;
#1731 = VERTEX_POINT ( 'NONE', #3420 ) ;
#1732 = VERTEX_POINT ( 'NONE', #3415 ) ;
#1733 = VERTEX_POINT ( 'NONE', #3416 ) ;
#1734 = VERTEX_POINT ( 'NONE', #3417 ) ;
#1735 = VERTEX_POINT ( 'NONE', #3457 ) ;
#1736 = VERTEX_POINT ( 'NONE', #3455 ) ;
#1737 = VERTEX_POINT ( 'NONE', #3437 ) ;
#1738 = VERTEX_POINT ( 'NONE', #3446 ) ;
#1739 = VERTEX_POINT ( 'NONE', #3459 ) ;
#1740 = VERTEX_POINT ( 'NONE', #3453 ) ;
#1741 = VERTEX_POINT ( 'NONE', #3447 ) ;
#1742 = VERTEX_POINT ( 'NONE', #3460 ) ;
#1743 = VERTEX_POINT ( 'NONE', #3456 ) ;
#1744 = CARTESIAN_POINT ( 'NONE',  ( 10.00000000000000500, 19.00000000000001100, -2.999999999999998200 ) ) ;
#1745 = PERSON ( 'UNSPECIFIED', 'UNSPECIFIED', 'UNSPECIFIED', ('UNSPECIFIED'), ('UNSPECIFIED'), ('UNSPECIFIED') ) ;
#1746 = PRODUCT ( 'ALP2118', 'ALP2118', '', ( #3488 ) ) ;
#1747 = DIRECTION ( 'NONE',  ( -1.000000000000000000, 0.0000000000000000000, 0.0000000000000000000 ) ) ;
#1748 = CARTESIAN_POINT ( 'NONE',  ( 2.398567066962342800E-015, 39.17157287525380100, 21.00000000000000000 ) ) ;
#1749 = CARTESIAN_POINT ( 'NONE',  ( 42.00000000000000000, 2.828427124746212900, -21.00000000000000000 ) ) ;
#1750 = DIRECTION ( 'NONE',  ( 1.156482317317876900E-015, 5.135813185032653200E-031, -1.000000000000000000 ) ) ;
#1751 = CARTESIAN_POINT ( 'NONE',  ( 7.851028073651397300, 42.00000000000000700, -17.50000000000000400 ) ) ;
#1752 = DIRECTION ( 'NONE',  ( 0.7071067811865514600, -0.7071067811865435800, 6.133173666733527400E-017 ) ) ;
#1753 = DIRECTION ( 'NONE',  ( -0.7358823077175455900, -0.6771094661783273500, -2.878738267365292600E-016 ) ) ;
#1754 = DIRECTION ( 'NONE',  ( 0.0000000000000000000, 1.000000000000000000, 2.168404344971006900E-016 ) ) ;
#1755 = CARTESIAN_POINT ( 'NONE',  ( 2.071067811865473300, 37.00000000000001400, -2.999999999999981800 ) ) ;
#1756 = DIRECTION ( 'NONE',  ( -1.000000000000000000, 4.718447854656915300E-016, 1.110223024625158000E-016 ) ) ;
#1757 = CARTESIAN_POINT ( 'NONE',  ( 1.242640687119266100, 36.17157287525381500, -5.000000000000004400 ) ) ;
#1758 = CARTESIAN_POINT ( 'NONE',  ( 10.00000000000001100, 19.00000000000001400, 4.171572875253810200 ) ) ;
#1759 = CARTESIAN_POINT ( 'NONE',  ( 10.00000000000000500, 21.82842712474620200, 5.000000000000000900 ) ) ;
#1760 = CARTESIAN_POINT ( 'NONE',  ( 3.181980515339463800, -2.059984127722458400E-014, -19.00000000000000700 ) ) ;
#1761 = CARTESIAN_POINT ( 'NONE',  ( 10.00000000000000500, 19.00000000000001100, 3.000000000000000400 ) ) ;
#1762 = CARTESIAN_POINT ( 'NONE',  ( 25.98617420860566400, 23.86485386504589500, 17.50000000000000400 ) ) ;
#1763 = DIRECTION ( 'NONE',  ( 6.779692484893237600E-016, -1.000000000000000000, -0.0000000000000000000 ) ) ;
#1764 = CARTESIAN_POINT ( 'NONE',  ( 2.398567066962361700E-015, 39.17157287525380100, -5.999999999999994700 ) ) ;
#1765 = DIRECTION ( 'NONE',  ( -0.7071067811865430200, -0.7071067811865521200, -9.860761315262649300E-031 ) ) ;
#1766 = CARTESIAN_POINT ( 'NONE',  ( -1.414213562373102000, 10.41421356237308700, 5.000000000000000900 ) ) ;
#1767 = CARTESIAN_POINT ( 'NONE',  ( -5.204170427930421300E-015, 37.00000000000001400, -2.999999999999981300 ) ) ;
#1768 = DIRECTION ( 'NONE',  ( -0.0000000000000000000, -0.0000000000000000000, -1.000000000000000000 ) ) ;
#1769 = DIRECTION ( 'NONE',  ( -0.7071067811865473500, -0.7071067811865477900, 4.930380657631323800E-032 ) ) ;
#1770 = CARTESIAN_POINT ( 'NONE',  ( 2.071067811865472400, 37.00000000000001400, -4.171572875253812800 ) ) ;
#1771 = CARTESIAN_POINT ( 'NONE',  ( 10.00000000000000900, 35.00000000000000000, -2.999999999999997300 ) ) ;
#1772 = CARTESIAN_POINT ( 'NONE',  ( 10.00000000000001100, 20.17157287525382300, 5.000000000000000900 ) ) ;
#1773 = DIRECTION ( 'NONE',  ( 1.734723475976806800E-016, -1.734723475976806800E-016, -1.000000000000000000 ) ) ;
#1774 = DIRECTION ( 'NONE',  ( 0.7071067811865420200, 0.7071067811865531200, -0.0000000000000000000 ) ) ;
#1775 = DIRECTION ( 'NONE',  ( 1.000000000000000000, -4.718447854656915300E-016, -1.110223024625158000E-016 ) ) ;
#1776 = CARTESIAN_POINT ( 'NONE',  ( 1.873832970144344100, 2.722361107568194600, -6.000000000000000900 ) ) ;
#1777 = DIRECTION ( 'NONE',  ( 0.7071067811865419100, 0.7071067811865531200, 0.0000000000000000000 ) ) ;
#1778 = CARTESIAN_POINT ( 'NONE',  ( 36.00000000000001400, 2.440689294561566200E-014, 11.00000000000001800 ) ) ;
#1779 = DIRECTION ( 'NONE',  ( 0.0000000000000000000, 0.0000000000000000000, 1.000000000000000000 ) ) ;
#1780 = CARTESIAN_POINT ( 'NONE',  ( 0.07106781186543920100, 34.99999999999999300, -4.999999999999989300 ) ) ;
#1781 = CARTESIAN_POINT ( 'NONE',  ( 16.44023266258734500, 16.44023266258711800, 18.00000000000000400 ) ) ;
#1782 = DIRECTION ( 'NONE',  ( 8.673617379884035500E-017, 5.880445856723917500E-032, -1.000000000000000000 ) ) ;
#1783 = CARTESIAN_POINT ( 'NONE',  ( 2.398567066962353000E-015, 39.17157287525380100, 6.000000000000005300 ) ) ;
#1784 = DIRECTION ( 'NONE',  ( 0.7071067811865430200, 0.7071067811865521200, 9.860761315262649300E-031 ) ) ;
#1785 = DIRECTION ( 'NONE',  ( -1.000000000000000000, 0.0000000000000000000, 0.0000000000000000000 ) ) ;
#1786 = DIRECTION ( 'NONE',  ( -0.7071067811865514600, 0.7071067811865435800, -6.133173666733527400E-017 ) ) ;
#1787 = CARTESIAN_POINT ( 'NONE',  ( -1.984105069811701800E-014, 3.181980515339461600, 18.00000000000000400 ) ) ;
#1788 = DIRECTION ( 'NONE',  ( -8.673617379884035500E-017, -5.880445856723917500E-032, -1.000000000000000000 ) ) ;
#1789 = CARTESIAN_POINT ( 'NONE',  ( 6.788580148877357400E-016, 9.000000000000000000, 4.171572875253805700 ) ) ;
#1790 = CARTESIAN_POINT ( 'NONE',  ( 0.0000000000000000000, 3.181980515339441200, 21.00000000000000000 ) ) ;
#1791 = DIRECTION ( 'NONE',  ( -0.0000000000000000000, -0.0000000000000000000, -1.000000000000000000 ) ) ;
#1792 = CARTESIAN_POINT ( 'NONE',  ( 9.999999999999994700, 39.85102807365143500, 21.00000000000000000 ) ) ;
#1793 = CARTESIAN_POINT ( 'NONE',  ( 7.851028073651395500, 42.00000000000000700, 17.50000000000000000 ) ) ;
#1794 = DIRECTION ( 'NONE',  ( 1.031748184493172900E-031, -1.031748184493161100E-031, -1.000000000000000000 ) ) ;
#1795 = CARTESIAN_POINT ( 'NONE',  ( 23.86485386504603700, 25.98617420860554700, -18.00000000000000700 ) ) ;
#1796 = CARTESIAN_POINT ( 'NONE',  ( 1.997785850000666200E-031, 3.181980515339444300, -5.999999999999998200 ) ) ;
#1797 = DIRECTION ( 'NONE',  ( -0.7071067811865515700, 0.7071067811865435800, -0.0000000000000000000 ) ) ;
#1798 = DIRECTION ( 'NONE',  ( 2.993637084257137000E-016, 1.000000000000000000, 1.110223024625155700E-016 ) ) ;
#1799 = CARTESIAN_POINT ( 'NONE',  ( -1.040834085586084300E-014, 21.00000000000002800, 5.000000000000001800 ) ) ;
#1800 = CARTESIAN_POINT ( 'NONE',  ( 7.569388135538543200E-016, 10.17157287525380100, 4.999999999999994700 ) ) ;
#1801 = DIRECTION ( 'NONE',  ( 8.673617379884035500E-017, 5.880445856723917500E-032, 1.000000000000000000 ) ) ;
#1802 = CARTESIAN_POINT ( 'NONE',  ( -5.521146221727417700E-017, 3.767766952966388000, 19.00000000000000700 ) ) ;
#1803 = CARTESIAN_POINT ( 'NONE',  ( -9.425186155033388000E-017, 3.181980515339480700, 18.58578643762690800 ) ) ;
#1804 = CARTESIAN_POINT ( 'NONE',  ( 16.44023266258734500, 16.44023266258711800, -17.50000000000000000 ) ) ;
#1805 = DIRECTION ( 'NONE',  ( 1.486905836551549800E-016, -1.486905836551533100E-016, -1.000000000000000000 ) ) ;
#1806 = CARTESIAN_POINT ( 'NONE',  ( 7.851028073651395500, 42.00000000000000700, -21.00000000000000000 ) ) ;
#1807 = CARTESIAN_POINT ( 'NONE',  ( 7.851028073651395500, 42.00000000000000700, 21.00000000000000000 ) ) ;
#1808 = CARTESIAN_POINT ( 'NONE',  ( -1.315397692389352100E-014, 11.82842712474617700, 5.000000000000000900 ) ) ;
#1809 = CARTESIAN_POINT ( 'NONE',  ( 10.00000000000002100, 10.00000000000000700, -17.50000000000000000 ) ) ;
#1810 = CARTESIAN_POINT ( 'NONE',  ( 25.98617420860566400, 23.86485386504589500, 18.00000000000000700 ) ) ;
#1811 = DIRECTION ( 'NONE',  ( -6.664613044169669500E-017, -1.000000000000000000, -1.110223024625156000E-016 ) ) ;
#1812 = CARTESIAN_POINT ( 'NONE',  ( 3.184381795276759200E-015, 4.596194077712580900, 19.00000000000000400 ) ) ;
#1813 = CARTESIAN_POINT ( 'NONE',  ( 23.86485386504603700, 25.98617420860554700, -17.50000000000000400 ) ) ;
#1814 = CARTESIAN_POINT ( 'NONE',  ( 9.999999999999998200, 42.00000000000001400, -17.50000000000000000 ) ) ;
#1815 = DIRECTION ( 'NONE',  ( 6.779692484893237600E-016, -1.000000000000000000, -0.0000000000000000000 ) ) ;
#1816 = CARTESIAN_POINT ( 'NONE',  ( -1.040834085586084300E-014, 21.00000000000002800, -4.999999999999997300 ) ) ;
#1817 = DIRECTION ( 'NONE',  ( 8.673617379884035500E-017, 5.880445856723917500E-032, -1.000000000000000000 ) ) ;
#1818 = DIRECTION ( 'NONE',  ( -2.993637084257137000E-016, -1.000000000000000000, -4.906789260620087900E-017 ) ) ;
#1819 = DIRECTION ( 'NONE',  ( 1.000000000000000000, 6.938893903907228400E-016, 8.673617379884035500E-017 ) ) ;
#1820 = DIRECTION ( 'NONE',  ( -0.7071067811865515700, 0.7071067811865435800, -0.0000000000000000000 ) ) ;
#1821 = CARTESIAN_POINT ( 'NONE',  ( 39.85102807365173300, 10.00000000000003000, 21.00000000000000000 ) ) ;
#1822 = DIRECTION ( 'NONE',  ( 8.673617379884035500E-017, 5.880445856723917500E-032, 1.000000000000000000 ) ) ;
#1823 = CARTESIAN_POINT ( 'NONE',  ( 25.98617420860566400, 23.86485386504589500, -18.00000000000000700 ) ) ;
#1824 = CARTESIAN_POINT ( 'NONE',  ( 3.877484854870202100E-016, 8.999999999999998200, 2.999999999999999100 ) ) ;
#1825 = DIRECTION ( 'NONE',  ( -1.000000000000000000, 0.0000000000000000000, 0.0000000000000000000 ) ) ;
#1826 = CARTESIAN_POINT ( 'NONE',  ( 42.00000000000000000, 7.851028073651787200, 21.00000000000000000 ) ) ;
#1827 = DIRECTION ( 'NONE',  ( -0.0000000000000000000, -0.0000000000000000000, -1.000000000000000000 ) ) ;
#1828 = CARTESIAN_POINT ( 'NONE',  ( 7.851028073651395500, 42.00000000000000700, 17.50000000000000000 ) ) ;
#1829 = CARTESIAN_POINT ( 'NONE',  ( 2.113192882753734500E-015, 35.51471862576146100, 6.000000000000006200 ) ) ;
#1830 = DIRECTION ( 'NONE',  ( 0.6771094661783257900, 0.7358823077175471500, -2.878738267365287100E-016 ) ) ;
#1831 = DIRECTION ( 'NONE',  ( -0.7071067811865514600, 0.7071067811865435800, -6.133173666733527400E-017 ) ) ;
#1832 = DIRECTION ( 'NONE',  ( 0.7071067811865514600, -0.7071067811865435800, 6.133173666733527400E-017 ) ) ;
#1833 = CARTESIAN_POINT ( 'NONE',  ( -1.104229244345491700E-016, 10.17157287525380300, -4.999999999999990200 ) ) ;
#1834 = CARTESIAN_POINT ( 'NONE',  ( -1.885037231006677100E-016, 9.000000000000003600, -4.171572875253803000 ) ) ;
#1835 = DIRECTION ( 'NONE',  ( -6.664613044169667100E-017, -1.000000000000000000, -0.0000000000000000000 ) ) ;
#1836 = CARTESIAN_POINT ( 'NONE',  ( 0.0000000000000000000, 3.181980515339441200, 21.00000000000000000 ) ) ;
#1837 = DIRECTION ( 'NONE',  ( 0.7071067811865435800, -0.7071067811865515700, 0.0000000000000000000 ) ) ;
#1838 = CARTESIAN_POINT ( 'NONE',  ( 15.70435035486971900, 17.11734212876551800, 18.00000000000000400 ) ) ;
#1839 = CARTESIAN_POINT ( 'NONE',  ( 3.877484854870202100E-016, 9.000000000000000000, -2.999999999999999100 ) ) ;
#1840 = CARTESIAN_POINT ( 'NONE',  ( 25.98617420860566400, 23.86485386504589500, -17.50000000000000400 ) ) ;
#1841 = DIRECTION ( 'NONE',  ( -0.0000000000000000000, -0.0000000000000000000, -1.000000000000000000 ) ) ;
#1842 = CARTESIAN_POINT ( 'NONE',  ( 3.877484854870201600E-016, 8.999999999999994700, 21.00000000000000000 ) ) ;
#1843 = DIRECTION ( 'NONE',  ( -2.472462059630329400E-033, -2.220446049250313600E-016, 1.000000000000000000 ) ) ;
#1844 = CARTESIAN_POINT ( 'NONE',  ( -1.214306433183765000E-014, 34.92893218813454600, 4.999999999999996400 ) ) ;
#1845 = CARTESIAN_POINT ( 'NONE',  ( 7.851028073651395500, 42.00000000000000700, 21.00000000000000000 ) ) ;
#1846 = DIRECTION ( 'NONE',  ( 8.673617379884035500E-017, 5.880445856723917500E-032, -1.000000000000000000 ) ) ;
#1847 = DIRECTION ( 'NONE',  ( 1.000000000000000000, 8.673617379884027600E-016, 0.0000000000000000000 ) ) ;
#1848 = DIRECTION ( 'NONE',  ( -0.7358823077175455900, -0.6771094661783273500, 2.878738267365292600E-016 ) ) ;
#1849 = CARTESIAN_POINT ( 'NONE',  ( 1.109881027778147900E-031, 3.181980515339442900, 6.000000000000001800 ) ) ;
#1850 = CARTESIAN_POINT ( 'NONE',  ( -1.315397692389352200E-014, 11.82842712474617600, -4.999999999999998200 ) ) ;
#1851 = CARTESIAN_POINT ( 'NONE',  ( 25.98617420860566400, 23.86485386504589500, -18.00000000000000700 ) ) ;
#1852 = DIRECTION ( 'NONE',  ( 6.664613044169669500E-017, 1.000000000000000000, 1.110223024625156000E-016 ) ) ;
#1853 = CARTESIAN_POINT ( 'NONE',  ( 16.44023266258734500, 16.44023266258711800, 17.50000000000000000 ) ) ;
#1854 = CARTESIAN_POINT ( 'NONE',  ( 15.44023266258729000, 16.44023266258711800, 18.00000000000000400 ) ) ;
#1855 = DIRECTION ( 'NONE',  ( 8.673617379884035500E-017, 5.880445856723917500E-032, -1.000000000000000000 ) ) ;
#1856 = DIRECTION ( 'NONE',  ( -0.0000000000000000000, -0.0000000000000000000, -1.000000000000000000 ) ) ;
#1857 = CARTESIAN_POINT ( 'NONE',  ( 2.074152483420675600E-015, 34.92893218813455300, 5.585786437626906000 ) ) ;
#1858 = CARTESIAN_POINT ( 'NONE',  ( 2.398567066962342800E-015, 39.17157287525380100, 21.00000000000000000 ) ) ;
#1859 = CARTESIAN_POINT ( 'NONE',  ( 25.98617420860566400, 23.86485386504589500, 18.00000000000000700 ) ) ;
#1860 = DIRECTION ( 'NONE',  ( 2.338800386392613400E-016, 1.000000000000000000, 1.110223024625155900E-016 ) ) ;
#1861 = DIRECTION ( 'NONE',  ( 8.673617379884035500E-017, 5.880445856723917500E-032, -1.000000000000000000 ) ) ;
#1862 = CARTESIAN_POINT ( 'NONE',  ( 4.545103684395361900E-016, 36.34314575050765200, 6.000000000000005300 ) ) ;
#1863 = CARTESIAN_POINT ( 'NONE',  ( 4.448224133180411400E-015, 10.00000000000000400, 19.00000000000000400 ) ) ;
#1864 = CARTESIAN_POINT ( 'NONE',  ( 7.851028073651397300, 42.00000000000000700, -17.50000000000000400 ) ) ;
#1865 = DIRECTION ( 'NONE',  ( 2.338800386392613900E-016, 1.000000000000000000, 0.0000000000000000000 ) ) ;
#1866 = CARTESIAN_POINT ( 'NONE',  ( 11.82842712474613500, -4.498254909077621500E-014, -4.999999999999998200 ) ) ;
#1867 = DIRECTION ( 'NONE',  ( 8.673617379884035500E-017, 5.880445856723917500E-032, -1.000000000000000000 ) ) ;
#1868 = DIRECTION ( 'NONE',  ( 3.486305596842098400E-032, 2.363607985495160500E-047, -1.000000000000000000 ) ) ;
#1869 = CARTESIAN_POINT ( 'NONE',  ( -5.521146221727543500E-017, 3.767766952966380900, -19.00000000000000400 ) ) ;
#1870 = CARTESIAN_POINT ( 'NONE',  ( 39.17157287525383700, 2.602085213965210600E-015, 21.00000000000000000 ) ) ;
#1871 = CARTESIAN_POINT ( 'NONE',  ( -5.521146221727460300E-017, 3.767766952966383100, 9.000000000000007100 ) ) ;
#1872 = CARTESIAN_POINT ( 'NONE',  ( 0.0000000000000000000, 3.181980515339441200, 10.00000000000001200 ) ) ;
#1873 = CARTESIAN_POINT ( 'NONE',  ( 2.168404344971008900E-015, 36.34314575050765900, -5.999999999999996400 ) ) ;
#1874 = CARTESIAN_POINT ( 'NONE',  ( 34.92893218813454600, -9.143156809708917900E-017, 5.585786437626906000 ) ) ;
#1875 = CARTESIAN_POINT ( 'NONE',  ( 36.34314575050763800, 4.336808689942017700E-016, 6.000000000000000000 ) ) ;
#1876 = CARTESIAN_POINT ( 'NONE',  ( 1.097086912079697300, 40.26865978733351900, 6.000000000000004400 ) ) ;
#1877 = CARTESIAN_POINT ( 'NONE',  ( 2.113192882753734900E-015, 35.51471862576146100, -5.999999999999998200 ) ) ;
#1878 = CARTESIAN_POINT ( 'NONE',  ( 39.17157287525383700, 2.602085213965210600E-015, -6.000000000000001800 ) ) ;
#1879 = CARTESIAN_POINT ( 'NONE',  ( 10.17157287525376600, -1.673580751417596700E-014, -4.999999999999985800 ) ) ;
#1880 = CARTESIAN_POINT ( 'NONE',  ( 0.0000000000000000000, 3.181980515339441200, -17.99999999999997900 ) ) ;
#1881 = CARTESIAN_POINT ( 'NONE',  ( 7.424621202458743200, -1.892137175346655800E-014, 21.00000000000000000 ) ) ;
#1882 = CARTESIAN_POINT ( 'NONE',  ( -1.034465698298835300E-015, 4.596194077712588900, -19.00000000000000400 ) ) ;
#1883 = CARTESIAN_POINT ( 'NONE',  ( 1.097086912079697300, 40.26865978733351900, 6.000000000000004400 ) ) ;
#1884 = CARTESIAN_POINT ( 'NONE',  ( -5.721347244770511200E-015, 34.92893218813455300, -4.999999999999996400 ) ) ;
#1885 = DIRECTION ( 'NONE',  ( -1.000000000000000000, -6.779692484893237600E-016, 0.0000000000000000000 ) ) ;
#1886 = DIRECTION ( 'NONE',  ( 1.000000000000000000, -4.559246435642925500E-016, -1.110223024625157000E-016 ) ) ;
#1887 = CARTESIAN_POINT ( 'NONE',  ( 35.51471862576145400, 3.057136227960599200E-016, 6.000000000000000000 ) ) ;
#1888 = DIRECTION ( 'NONE',  ( -1.110223024625156800E-016, 1.110223024625156500E-016, -1.000000000000000000 ) ) ;
#1889 = CARTESIAN_POINT ( 'NONE',  ( 2.074152483420675600E-015, 34.92893218813456000, -5.585786437626903300 ) ) ;
#1890 = CARTESIAN_POINT ( 'NONE',  ( 8.999999999999973400, -1.785331337401151500E-014, -2.999999999999999100 ) ) ;
#1891 = CARTESIAN_POINT ( 'NONE',  ( -9.425186155033426200E-017, 3.181980515339476200, 9.414213562373104700 ) ) ;
#1892 = CARTESIAN_POINT ( 'NONE',  ( 3.712310601229365800, 3.712310601229365000, 0.0000000000000000000 ) ) ;
#1893 = CARTESIAN_POINT ( 'NONE',  ( -9.425186155033523600E-017, 3.181980515339473100, -18.58578643762689400 ) ) ;
#1894 = CARTESIAN_POINT ( 'NONE',  ( 10.00000000000000500, 6.779692484893241000E-015, -9.000000000000003600 ) ) ;
#1895 = CARTESIAN_POINT ( 'NONE',  ( 34.92893218813451700, -2.648095079470974100E-014, 5.000000000000000000 ) ) ;
#1896 = CARTESIAN_POINT ( 'NONE',  ( 23.86485386504603700, 25.98617420860554700, 18.00000000000000700 ) ) ;
#1897 = DIRECTION ( 'NONE',  ( 0.7071067811865435800, -0.7071067811865515700, -0.0000000000000000000 ) ) ;
#1898 = DIRECTION ( 'NONE',  ( -0.0000000000000000000, -0.0000000000000000000, -1.000000000000000000 ) ) ;
#1899 = CARTESIAN_POINT ( 'NONE',  ( 2.074158770651603400E-015, 4.596194077712579200, 9.000000000000005300 ) ) ;
#1900 = CARTESIAN_POINT ( 'NONE',  ( 6.064542171872117700E-015, 34.00000000000000000, -16.99999999999999600 ) ) ;
#1901 = CARTESIAN_POINT ( 'NONE',  ( 8.999999999999971600, -1.753009789596226000E-014, -4.171572875253798600 ) ) ;
#1902 = DIRECTION ( 'NONE',  ( -1.110223024625156800E-016, 1.110223024625156500E-016, -1.000000000000000000 ) ) ;
#1903 = DIRECTION ( 'NONE',  ( 1.000000000000000000, 6.779692484893235600E-016, -0.0000000000000000000 ) ) ;
#1904 = CARTESIAN_POINT ( 'NONE',  ( 34.00000000000000000, 2.305095444863701000E-014, 17.00000000000000000 ) ) ;
#1905 = CARTESIAN_POINT ( 'NONE',  ( 4.596194077712586300, 3.116078244777881900E-015, 19.00000000000000400 ) ) ;
#1906 = DIRECTION ( 'NONE',  ( 5.782411586589389200E-016, 3.920297237815965900E-031, 1.000000000000000000 ) ) ;
#1907 = CARTESIAN_POINT ( 'NONE',  ( 3.181980515339462900, -2.177547501780717800E-014, 18.58578643762691800 ) ) ;
#1908 = CARTESIAN_POINT ( 'NONE',  ( 3.338001108555254900E-015, 10.00000000000000400, 9.000000000000005300 ) ) ;
#1909 = DIRECTION ( 'NONE',  ( 1.000000000000000000, 6.779692484893239600E-016, 0.0000000000000000000 ) ) ;
#1910 = DIRECTION ( 'NONE',  ( -6.779692484893237600E-016, 1.000000000000000000, -0.0000000000000000000 ) ) ;
#1911 = CARTESIAN_POINT ( 'NONE',  ( 3.181980515339463400, -2.179775167172303500E-014, 18.00000000000000400 ) ) ;
#1912 = CARTESIAN_POINT ( 'NONE',  ( 39.17157287525383700, 2.602085213965210600E-015, -21.00000000000000000 ) ) ;
#1913 = DIRECTION ( 'NONE',  ( -2.338800386392610000E-016, -1.000000000000000000, 0.0000000000000000000 ) ) ;
#1914 = DIRECTION ( 'NONE',  ( -1.000000000000000000, 4.559246435642925500E-016, 1.110223024625157000E-016 ) ) ;
#1915 = CARTESIAN_POINT ( 'NONE',  ( 1.679512013759532800E-015, 3.767766952966390200, -9.000000000000003600 ) ) ;
#1916 = CARTESIAN_POINT ( 'NONE',  ( 2.827555846510019100E-016, 7.424621202458731700, 21.00000000000000000 ) ) ;
#1917 = DIRECTION ( 'NONE',  ( 0.0000000000000000000, 0.0000000000000000000, 1.000000000000000000 ) ) ;
#1918 = DIRECTION ( 'NONE',  ( 2.338800386392610000E-016, 1.000000000000000000, 0.0000000000000000000 ) ) ;
#1919 = CARTESIAN_POINT ( 'NONE',  ( 9.640926718101080100E-015, 36.00000000000001400, 11.00000000000002100 ) ) ;
#1920 = DIRECTION ( 'NONE',  ( -0.0000000000000000000, -0.0000000000000000000, -1.000000000000000000 ) ) ;
#1921 = CARTESIAN_POINT ( 'NONE',  ( 10.00000000000000500, 6.779692484893241000E-015, 9.000000000000003600 ) ) ;
#1922 = DIRECTION ( 'NONE',  ( -1.000000000000000000, -6.779692484893237600E-016, 0.0000000000000000000 ) ) ;
#1923 = DIRECTION ( 'NONE',  ( 1.000000000000000000, 6.779692484893236600E-016, 0.0000000000000000000 ) ) ;
#1924 = CARTESIAN_POINT ( 'NONE',  ( 10.00000000000000500, 6.779692484893241000E-015, 19.00000000000000400 ) ) ;
#1925 = DIRECTION ( 'NONE',  ( 1.000000000000000000, 6.779692484893235600E-016, -0.0000000000000000000 ) ) ;
#1926 = CARTESIAN_POINT ( 'NONE',  ( 8.999999999999987600, -1.785331337401150500E-014, 21.00000000000001800 ) ) ;
#1927 = CARTESIAN_POINT ( 'NONE',  ( 6.730675986647210900E-015, 34.00000000000000700, -11.00000000000000000 ) ) ;
#1928 = CARTESIAN_POINT ( 'NONE',  ( 3.181980515339463400, -2.179775167172303500E-014, 21.00000000000000000 ) ) ;
#1929 = DIRECTION ( 'NONE',  ( -1.000000000000000000, -6.779692484893237600E-016, -0.0000000000000000000 ) ) ;
#1930 = CARTESIAN_POINT ( 'NONE',  ( 7.575732632632055300E-017, 4.596194077712582700, -9.000000000000001800 ) ) ;
#1931 = CARTESIAN_POINT ( 'NONE',  ( -2.156189638628601400E-014, 3.181980515339463400, -10.00000000000000500 ) ) ;
#1932 = CARTESIAN_POINT ( 'NONE',  ( 2.369879118215481500, 38.99586758119772200, 4.750000000000003600 ) ) ;
#1933 = CARTESIAN_POINT ( 'NONE',  ( 1.640471614426472800E-015, 3.181980515339485100, -9.414213562373099400 ) ) ;
#1934 = DIRECTION ( 'NONE',  ( 1.110223024625156800E-016, -1.110223024625156500E-016, 1.000000000000000000 ) ) ;
#1935 = CARTESIAN_POINT ( 'NONE',  ( 9.839300455597650000E-015, 34.00000000000000000, 17.00000000000000400 ) ) ;
#1936 = DIRECTION ( 'NONE',  ( -1.110223024625156800E-016, 1.267504619780392500E-015, -1.000000000000000000 ) ) ;
#1937 = CARTESIAN_POINT ( 'NONE',  ( 39.17157287525383700, 2.602085213965210600E-015, 21.00000000000000000 ) ) ;
#1938 = DIRECTION ( 'NONE',  ( 1.000000000000000000, -4.559246435642925500E-016, -1.110223024625157000E-016 ) ) ;
#1939 = CARTESIAN_POINT ( 'NONE',  ( 3.767766952966382600, -2.137832982691401900E-014, 19.00000000000001400 ) ) ;
#1940 = CARTESIAN_POINT ( 'NONE',  ( 2.511300474452787600, 38.85444622496041200, 5.000000000000004400 ) ) ;
#1941 = DIRECTION ( 'NONE',  ( -1.000000000000000000, -6.779692484893236600E-016, 0.0000000000000000000 ) ) ;
#1942 = DIRECTION ( 'NONE',  ( -2.338800386392612400E-016, -1.000000000000000000, -1.110223024625155800E-016 ) ) ;
#1943 = CARTESIAN_POINT ( 'NONE',  ( 39.17157287525383700, 2.602085213965210600E-015, 21.00000000000000000 ) ) ;
#1944 = CARTESIAN_POINT ( 'NONE',  ( 3.181980515339463400, -2.179775167172303500E-014, 21.00000000000000000 ) ) ;
#1945 = DIRECTION ( 'NONE',  ( -1.000000000000000000, -6.779692484893236600E-016, 0.0000000000000000000 ) ) ;
#1946 = CARTESIAN_POINT ( 'NONE',  ( 3.181980515339463400, -2.179775167172303500E-014, 21.00000000000000000 ) ) ;
#1947 = DIRECTION ( 'NONE',  ( 1.000000000000000000, 6.779692484893239600E-016, 0.0000000000000000000 ) ) ;
#1948 = CARTESIAN_POINT ( 'NONE',  ( 3.181980515339463400, -2.179775167172303500E-014, -9.999999999999987600 ) ) ;
#1949 = DIRECTION ( 'NONE',  ( -0.7071067811865511300, -0.7071067811865440200, 8.258387601532469100E-031 ) ) ;
#1950 = DIRECTION ( 'NONE',  ( -6.664613044169669500E-017, -1.000000000000000000, 0.0000000000000000000 ) ) ;
#1951 = CARTESIAN_POINT ( 'NONE',  ( 39.17157287525383700, 2.602085213965210600E-015, 5.999999999999998200 ) ) ;
#1952 = DIRECTION ( 'NONE',  ( 2.338800386392613400E-016, 1.000000000000000000, 1.110223024625155900E-016 ) ) ;
#1953 = DIRECTION ( 'NONE',  ( -0.0000000000000000000, -0.0000000000000000000, -1.000000000000000000 ) ) ;
#1954 = CARTESIAN_POINT ( 'NONE',  ( 3.767766952966390200, -2.137832982691401600E-014, -8.999999999999992900 ) ) ;
#1955 = CARTESIAN_POINT ( 'NONE',  ( 4.596194077712584500, 3.116078244777881100E-015, -9.000000000000003600 ) ) ;
#1956 = CARTESIAN_POINT ( 'NONE',  ( 4.596194077712585400, 3.116078244777881100E-015, -19.00000000000000400 ) ) ;
#1957 = DIRECTION ( 'NONE',  ( 0.7071067811865475700, 0.7071067811865474600, -0.0000000000000000000 ) ) ;
#1958 = CARTESIAN_POINT ( 'NONE',  ( 3.181980515339462500, -2.177547501780718500E-014, -18.58578643762691500 ) ) ;
#1959 = CARTESIAN_POINT ( 'NONE',  ( 3.181980515339463800, -2.042636892962690400E-014, -18.00000000000000400 ) ) ;
#1960 = CARTESIAN_POINT ( 'NONE',  ( 5.701902961143712600, 10.29809703885629300, 18.00000000000000400 ) ) ;
#1961 = DIRECTION ( 'NONE',  ( -1.000000000000000000, -6.779692484893237600E-016, 0.0000000000000000000 ) ) ;
#1962 = CARTESIAN_POINT ( 'NONE',  ( 2.369879118215480600, 38.99586758119772200, -4.749999999999998200 ) ) ;
#1963 = DIRECTION ( 'NONE',  ( -6.779692484893237600E-016, 1.000000000000000000, -0.0000000000000000000 ) ) ;
#1964 = DIRECTION ( 'NONE',  ( 0.7071067811865439100, -0.7071067811865512400, 0.0000000000000000000 ) ) ;
#1965 = CARTESIAN_POINT ( 'NONE',  ( 34.00000000000000700, 2.305095444863701300E-014, -11.00000000000000400 ) ) ;
#1966 = DIRECTION ( 'NONE',  ( -0.7071067811865420200, 0.7071067811865531200, 1.570092458683774700E-016 ) ) ;
#1967 = DIRECTION ( 'NONE',  ( 0.7071067811865420200, -0.7071067811865531200, -6.388768780841565400E-016 ) ) ;
#1968 = DIRECTION ( 'NONE',  ( -0.0000000000000000000, -0.0000000000000000000, -1.000000000000000000 ) ) ;
#1969 = CARTESIAN_POINT ( 'NONE',  ( 0.0000000000000000000, 3.181980515339441200, 5.999999999999998200 ) ) ;
#1970 = DIRECTION ( 'NONE',  ( -0.0000000000000000000, -0.0000000000000000000, -1.000000000000000000 ) ) ;
#1971 = CARTESIAN_POINT ( 'NONE',  ( 3.181980515339475300, -2.177547501780717500E-014, -9.414213562373081600 ) ) ;
#1972 = CARTESIAN_POINT ( 'NONE',  ( 2.293766396048153500E-016, 10.00000000000000700, -19.00000000000000400 ) ) ;
#1973 = DIRECTION ( 'NONE',  ( 6.779692484893237600E-016, -1.000000000000000000, -0.0000000000000000000 ) ) ;
#1974 = CARTESIAN_POINT ( 'NONE',  ( 2.369879118215481500, 38.99586758119772200, 4.750000000000003600 ) ) ;
#1975 = CARTESIAN_POINT ( 'NONE',  ( 10.00000000000000500, 6.779692484893241000E-015, -19.00000000000000400 ) ) ;
#1976 = DIRECTION ( 'NONE',  ( 1.000000000000000000, 6.779692484893237600E-016, 0.0000000000000000000 ) ) ;
#1977 = CARTESIAN_POINT ( 'NONE',  ( 3.767766952966382600, -2.137832982691401600E-014, -19.00000000000001100 ) ) ;
#1978 = CARTESIAN_POINT ( 'NONE',  ( 34.00000000000000700, 2.305095444863701300E-014, 11.00000000000000400 ) ) ;
#1979 = CARTESIAN_POINT ( 'NONE',  ( 39.17157287525383700, 2.602085213965210600E-015, -6.000000000000001800 ) ) ;
#1980 = DIRECTION ( 'NONE',  ( 1.000000000000000000, 6.779692484893236600E-016, 0.0000000000000000000 ) ) ;
#1981 = DIRECTION ( 'NONE',  ( 6.779692484893237600E-016, -1.000000000000000000, 0.0000000000000000000 ) ) ;
#1982 = CARTESIAN_POINT ( 'NONE',  ( 0.0000000000000000000, 3.181980515339441200, 21.00000000000000000 ) ) ;
#1983 = CARTESIAN_POINT ( 'NONE',  ( 1.097086912079696000, 40.26865978733351900, -5.999999999999995600 ) ) ;
#1984 = DIRECTION ( 'NONE',  ( 0.7071067811865434600, -0.7071067811865516800, -1.570092458683774700E-016 ) ) ;
#1985 = DIRECTION ( 'NONE',  ( 0.7071067811865473500, 0.7071067811865477900, 2.465190328815661900E-032 ) ) ;
#1986 = CARTESIAN_POINT ( 'NONE',  ( 8.999999999999980500, -1.232592746803183400E-014, 4.171572875253799500 ) ) ;
#1987 = CARTESIAN_POINT ( 'NONE',  ( 11.82842712474613700, -4.498254909077621500E-014, 5.000000000000000000 ) ) ;
#1988 = DIRECTION ( 'NONE',  ( -2.338800386392610000E-016, -1.000000000000000000, 0.0000000000000000000 ) ) ;
#1989 = DIRECTION ( 'NONE',  ( -1.000000000000000000, -7.434529182757762200E-016, 6.195440985631468900E-017 ) ) ;
#1990 = CARTESIAN_POINT ( 'NONE',  ( 3.218407255639331900, 38.14733944377385900, -4.999999999999989300 ) ) ;
#1991 = DIRECTION ( 'NONE',  ( -0.7071067811865511300, -0.7071067811865440200, 8.258387601532469100E-031 ) ) ;
#1992 = DIRECTION ( 'NONE',  ( -0.0000000000000000000, -0.0000000000000000000, -1.000000000000000000 ) ) ;
#1993 = DIRECTION ( 'NONE',  ( 1.110223024625156800E-016, -1.110223024625156500E-016, 1.000000000000000000 ) ) ;
#1994 = DIRECTION ( 'NONE',  ( -6.664613044169667100E-017, -1.000000000000000000, -0.0000000000000000000 ) ) ;
#1995 = CARTESIAN_POINT ( 'NONE',  ( 2.511300474452784500, 38.85444622496041200, 6.000000000000004400 ) ) ;
#1996 = CARTESIAN_POINT ( 'NONE',  ( 36.00000000000001400, 2.440689294561566200E-014, -11.00000000000001800 ) ) ;
#1997 = CARTESIAN_POINT ( 'NONE',  ( 7.198436063925731000E-015, 36.00000000000001400, -11.00000000000001400 ) ) ;
#1998 = DIRECTION ( 'NONE',  ( -0.7071067811865434600, 0.7071067811865516800, 1.570092458683774700E-016 ) ) ;
#1999 = CARTESIAN_POINT ( 'NONE',  ( 34.92893218813453900, -9.143156809709277800E-017, -5.585786437626901500 ) ) ;
#2000 = CARTESIAN_POINT ( 'NONE',  ( 34.92893218813450300, -3.773023560249555400E-014, -4.999999999999992900 ) ) ;
#2001 = DIRECTION ( 'NONE',  ( 1.000000000000000000, 6.779692484893237600E-016, 0.0000000000000000000 ) ) ;
#2002 = CARTESIAN_POINT ( 'NONE',  ( 9.173166640822557600E-015, 34.00000000000000700, 11.00000000000000700 ) ) ;
#2003 = DIRECTION ( 'NONE',  ( -0.0000000000000000000, -0.0000000000000000000, -1.000000000000000000 ) ) ;
#2004 = DIRECTION ( 'NONE',  ( -1.000000000000000000, 4.559246435642925500E-016, 1.110223024625157000E-016 ) ) ;
#2005 = DIRECTION ( 'NONE',  ( 1.110223024625156800E-016, 1.045460014855361200E-015, 1.000000000000000000 ) ) ;
#2006 = CARTESIAN_POINT ( 'NONE',  ( 21.00000000000002800, -3.816391647148975600E-014, -4.999999999999999100 ) ) ;
#2007 = DIRECTION ( 'NONE',  ( 0.7071067811865439100, -0.7071067811865512400, 0.0000000000000000000 ) ) ;
#2008 = CARTESIAN_POINT ( 'NONE',  ( 0.0000000000000000000, 3.181980515339441200, -21.00000000000000000 ) ) ;
#2009 = CARTESIAN_POINT ( 'NONE',  ( 2.511300474452786700, 38.85444622496041200, -4.999999999999995600 ) ) ;
#2010 = CARTESIAN_POINT ( 'NONE',  ( 8.999999999999976900, -1.785331337401151200E-014, 3.000000000000002700 ) ) ;
#2011 = DIRECTION ( 'NONE',  ( 1.156482317317876900E-015, 5.135813185032653200E-031, 1.000000000000000000 ) ) ;
#2012 = CARTESIAN_POINT ( 'NONE',  ( 35.51471862576143900, 3.057136227960572100E-016, -6.000000000000000000 ) ) ;
#2013 = CARTESIAN_POINT ( 'NONE',  ( 36.34314575050763800, 8.673617379884035500E-016, -6.000000000000000900 ) ) ;
#2014 = CARTESIAN_POINT ( 'NONE',  ( 3.181980515339463400, -2.179775167172303500E-014, 21.00000000000000000 ) ) ;
#2015 = CARTESIAN_POINT ( 'NONE',  ( 10.17157287525376900, -1.153163708624554900E-014, 4.999999999999985800 ) ) ;
#2016 = CARTESIAN_POINT ( 'NONE',  ( 39.17157287525383700, 2.602085213965210600E-015, 6.000000000000000000 ) ) ;
#2017 = CARTESIAN_POINT ( 'NONE',  ( 34.00000000000000000, 2.305095444863701000E-014, -17.00000000000000000 ) ) ;
#2018 = CARTESIAN_POINT ( 'NONE',  ( 3.181980515339457100, -2.264283675579558800E-014, 9.414213562373088700 ) ) ;
#2019 = DIRECTION ( 'NONE',  ( -0.0000000000000000000, -0.0000000000000000000, -1.000000000000000000 ) ) ;
#2020 = DIRECTION ( 'NONE',  ( -0.0000000000000000000, -0.0000000000000000000, -1.000000000000000000 ) ) ;
#2021 = DIRECTION ( 'NONE',  ( -0.7071067811865511300, -0.7071067811865440200, 0.0000000000000000000 ) ) ;
#2022 = DIRECTION ( 'NONE',  ( 3.407318703740831900E-016, -3.407318703740832900E-016, -1.000000000000000000 ) ) ;
#2023 = CARTESIAN_POINT ( 'NONE',  ( 3.767766952966376000, -2.224569156490243200E-014, 8.999999999999992900 ) ) ;
#2024 = CARTESIAN_POINT ( 'NONE',  ( 33.33901333170536700, -3.286975131276912900, 4.749999999999999100 ) ) ;
#2025 = PLANE ( 'NONE',  #1016 ) ;
#2026 = DIRECTION ( 'NONE',  ( 1.000000000000000000, 7.434529182757762200E-016, 0.0000000000000000000 ) ) ;
#2027 = DIRECTION ( 'NONE',  ( 0.7071067811865511300, 0.7071067811865440200, -8.258387601532469100E-031 ) ) ;
#2028 = CARTESIAN_POINT ( 'NONE',  ( 1.339599664229972100E-015, 10.00000000000000700, -9.000000000000001800 ) ) ;
#2029 = DIRECTION ( 'NONE',  ( 1.110223024625156500E-016, -1.110223024625156000E-016, 1.000000000000000000 ) ) ;
#2030 = DIRECTION ( 'NONE',  ( 0.0000000000000000000, 1.000000000000000000, -3.407318703740832900E-016 ) ) ;
#2031 = DIRECTION ( 'NONE',  ( -0.7071067811865439100, 0.7071067811865512400, 0.0000000000000000000 ) ) ;
#2032 = CARTESIAN_POINT ( 'NONE',  ( 3.181980515339462000, -1.903859014884545800E-014, 10.00000000000000500 ) ) ;
#2033 = CARTESIAN_POINT ( 'NONE',  ( -4.559767337412712800, 34.61180553784116400, -5.999999999999995600 ) ) ;
#2034 = CARTESIAN_POINT ( 'NONE',  ( 0.0000000000000000000, 3.181980515339441200, 21.00000000000000000 ) ) ;
#2035 = DIRECTION ( 'NONE',  ( 6.664613044169669500E-017, 1.000000000000000000, 0.0000000000000000000 ) ) ;
#2036 = DIRECTION ( 'NONE',  ( -2.338800386392612400E-016, -1.000000000000000000, -1.110223024625155800E-016 ) ) ;
#2037 = CARTESIAN_POINT ( 'NONE',  ( -2.438446993853076600, 32.49048519428150400, -4.999999999999989300 ) ) ;
#2038 = PLANE ( 'NONE',  #1032 ) ;
#2039 = CARTESIAN_POINT ( 'NONE',  ( 33.19759197546805800, -3.145553775039606800, 5.000000000000000000 ) ) ;
#2040 = CARTESIAN_POINT ( 'NONE',  ( 4.596194077712580900, 3.116078244777878700E-015, 9.000000000000003600 ) ) ;
#2041 = DIRECTION ( 'NONE',  ( -0.0000000000000000000, 0.0000000000000000000, 1.000000000000000000 ) ) ;
#2042 = CARTESIAN_POINT ( 'NONE',  ( 0.0000000000000000000, 3.181980515339441200, -6.000000000000001800 ) ) ;
#2043 = PLANE ( 'NONE',  #1031 ) ;
#2044 = PLANE ( 'NONE',  #1030 ) ;
#2045 = DIRECTION ( 'NONE',  ( 1.000000000000000000, 0.0000000000000000000, -1.110223024625156500E-016 ) ) ;
#2046 = DIRECTION ( 'NONE',  ( -1.110223024625156500E-016, 1.110223024625156000E-016, -1.000000000000000000 ) ) ;
#2047 = CARTESIAN_POINT ( 'NONE',  ( -3.145553775039621900, 33.19759197546805800, -4.999999999999995600 ) ) ;
#2048 = PLANE ( 'NONE',  #1015 ) ;
#2049 = DIRECTION ( 'NONE',  ( 0.7071067811865438000, 0.7071067811865514600, -0.0000000000000000000 ) ) ;
#2050 = CARTESIAN_POINT ( 'NONE',  ( 0.0000000000000000000, 3.181980515339441200, 21.00000000000000000 ) ) ;
#2051 = DIRECTION ( 'NONE',  ( -0.7071067811865514600, 0.7071067811865436900, 0.0000000000000000000 ) ) ;
#2052 = DIRECTION ( 'NONE',  ( -0.7071067811865440200, 0.7071067811865511300, 1.570092458683774900E-016 ) ) ;
#2053 = CARTESIAN_POINT ( 'NONE',  ( 21.00000000000002800, -3.816391647148975600E-014, 5.000000000000000000 ) ) ;
#2054 = DIRECTION ( 'NONE',  ( 0.7071067811865511300, 0.7071067811865440200, -8.258387601532469100E-031 ) ) ;
#2055 = DIRECTION ( 'NONE',  ( -1.000000000000000000, 0.0000000000000000000, 1.110223024625156500E-016 ) ) ;
#2056 = CARTESIAN_POINT ( 'NONE',  ( -3.145553775039621000, 33.19759197546805800, 5.000000000000004400 ) ) ;
#2057 = CARTESIAN_POINT ( 'NONE',  ( -4.772970773009201500, 0.8838834764831717800, 4.749999999999998200 ) ) ;
#2058 = DIRECTION ( 'NONE',  ( -0.7071067811865439100, 0.7071067811865512400, 0.0000000000000000000 ) ) ;
#2059 = DIRECTION ( 'NONE',  ( -0.7071067811865479100, 0.7071067811865471300, 0.0000000000000000000 ) ) ;
#2060 = PLANE ( 'NONE',  #1048 ) ;
#2061 = PLANE ( 'NONE',  #1069 ) ;
#2062 = CARTESIAN_POINT ( 'NONE',  ( 10.00000000000000200, 6.000000000000007100, -9.000000000000003600 ) ) ;
#2063 = DIRECTION ( 'NONE',  ( 1.000000000000000000, 0.0000000000000000000, 0.0000000000000000000 ) ) ;
#2064 = DIRECTION ( 'NONE',  ( 0.0000000000000000000, -0.0000000000000000000, 1.000000000000000000 ) ) ;
#2065 = CARTESIAN_POINT ( 'NONE',  ( -3.145553775039624100, 33.19759197546805800, 6.000000000000004400 ) ) ;
#2066 = PLANE ( 'NONE',  #1049 ) ;
#2067 = PLANE ( 'NONE',  #1045 ) ;
#2068 = DIRECTION ( 'NONE',  ( -0.7071067811865513500, 0.7071067811865438000, 0.0000000000000000000 ) ) ;
#2069 = CARTESIAN_POINT ( 'NONE',  ( -1.944543648263015000, -1.944543648263017400, 0.0000000000000000000 ) ) ;
#2070 = DIRECTION ( 'NONE',  ( 1.000000000000000000, 6.779692484893237600E-016, -1.156482317317876900E-015 ) ) ;
#2071 = CARTESIAN_POINT ( 'NONE',  ( 17.11734212876567100, 15.70435035486957400, 18.00000000000000400 ) ) ;
#2072 = DIRECTION ( 'NONE',  ( -1.000000000000000000, 0.0000000000000000000, 1.110223024625156500E-016 ) ) ;
#2073 = CARTESIAN_POINT ( 'NONE',  ( 38.85444622496041200, 2.511300474452804500, -5.000000000000000000 ) ) ;
#2074 = DIRECTION ( 'NONE',  ( -0.7071067811865479100, -0.7071067811865471300, 0.0000000000000000000 ) ) ;
#2075 = DIRECTION ( 'NONE',  ( -1.000000000000000000, 0.0000000000000000000, -3.407318703740845700E-016 ) ) ;
#2076 = PLANE ( 'NONE',  #1068 ) ;
#2077 = DIRECTION ( 'NONE',  ( 1.000000000000000000, 8.673617379884027600E-016, 0.0000000000000000000 ) ) ;
#2078 = DIRECTION ( 'NONE',  ( -0.7071067811865474600, 0.7071067811865476800, 0.0000000000000000000 ) ) ;
#2079 = DIRECTION ( 'NONE',  ( 3.407318703740845700E-016, -3.407318703740809200E-016, -1.000000000000000000 ) ) ;
#2080 = CARTESIAN_POINT ( 'NONE',  ( -4.772970773009202400, 0.8838834764831734500, -4.750000000000000900 ) ) ;
#2081 = DIRECTION ( 'NONE',  ( -0.7071067811865476800, -0.7071067811865474600, 0.0000000000000000000 ) ) ;
#2082 = PLANE ( 'NONE',  #1067 ) ;
#2083 = CARTESIAN_POINT ( 'NONE',  ( 15.02601910021394400, 15.02601910021421700, 0.0000000000000000000 ) ) ;
#2084 = DIRECTION ( 'NONE',  ( -0.7071067811865436900, -0.7071067811865513500, 0.0000000000000000000 ) ) ;
#2085 = DIRECTION ( 'NONE',  ( -0.7071067811865513500, 0.7071067811865436900, 0.0000000000000000000 ) ) ;
#2086 = CARTESIAN_POINT ( 'NONE',  ( 33.33901333170536700, -3.286975131276912900, -4.750000000000002700 ) ) ;
#2087 = PLANE ( 'NONE',  #1056 ) ;
#2088 = DIRECTION ( 'NONE',  ( 6.779692484893237600E-016, -1.000000000000000000, -0.0000000000000000000 ) ) ;
#2089 = CARTESIAN_POINT ( 'NONE',  ( 33.33901333170536700, -3.286975131276912900, 4.749999999999999100 ) ) ;
#2090 = CARTESIAN_POINT ( 'NONE',  ( -3.500178566873416200, -0.3889087296526138000, -4.750000000000000900 ) ) ;
#2091 = CARTESIAN_POINT ( 'NONE',  ( 0.8838834764831743400, -4.772970773009202400, -4.750000000000001800 ) ) ;
#2092 = DIRECTION ( 'NONE',  ( -1.156482317317876900E-015, 0.0000000000000000000, -1.000000000000000000 ) ) ;
#2093 = DIRECTION ( 'NONE',  ( -1.000000000000000000, 0.0000000000000000000, 1.110223024625156500E-016 ) ) ;
#2094 = DIRECTION ( 'NONE',  ( 6.779692484893237600E-016, -1.000000000000000000, -0.0000000000000000000 ) ) ;
#2095 = DIRECTION ( 'NONE',  ( 1.000000000000000000, 8.673617379884027600E-016, 0.0000000000000000000 ) ) ;
#2096 = DIRECTION ( 'NONE',  ( 0.7071067811865438000, 0.7071067811865513500, 0.0000000000000000000 ) ) ;
#2097 = DIRECTION ( 'NONE',  ( 0.7071067811865477900, -0.7071067811865472400, -1.570092458683774700E-016 ) ) ;
#2098 = PLANE ( 'NONE',  #1043 ) ;
#2099 = DIRECTION ( 'NONE',  ( -1.110223024625156500E-016, 1.110223024625156000E-016, -1.000000000000000000 ) ) ;
#2100 = PLANE ( 'NONE',  #1046 ) ;
#2101 = CARTESIAN_POINT ( 'NONE',  ( 33.99999999999999300, 6.000000000000024000, -17.00000000000000000 ) ) ;
#2102 = PLANE ( 'NONE',  #1037 ) ;
#2103 = DIRECTION ( 'NONE',  ( 0.0000000000000000000, 0.0000000000000000000, 1.000000000000000000 ) ) ;
#2104 = DIRECTION ( 'NONE',  ( 1.000000000000000000, 0.0000000000000000000, -0.0000000000000000000 ) ) ;
#2105 = CARTESIAN_POINT ( 'NONE',  ( 3.712310601229364100, 3.712310601229366700, 1.702522070838316700E-031 ) ) ;
#2106 = PLANE ( 'NONE',  #1042 ) ;
#2107 = CARTESIAN_POINT ( 'NONE',  ( 34.00000000000000000, 6.000000000000024000, -11.00000000000000400 ) ) ;
#2108 = DIRECTION ( 'NONE',  ( 1.000000000000000000, 0.0000000000000000000, -0.0000000000000000000 ) ) ;
#2109 = PLANE ( 'NONE',  #1050 ) ;
#2110 = CARTESIAN_POINT ( 'NONE',  ( 36.00000000000000700, 6.000000000000024000, -11.00000000000001800 ) ) ;
#2111 = DIRECTION ( 'NONE',  ( -0.7071067811865418000, -0.7071067811865533500, 0.0000000000000000000 ) ) ;
#2112 = DIRECTION ( 'NONE',  ( 0.7071067811865472400, 0.7071067811865477900, 1.232595164407830900E-032 ) ) ;
#2113 = CARTESIAN_POINT ( 'NONE',  ( -3.286975131276927500, 33.33901333170536700, 4.750000000000003600 ) ) ;
#2114 = DIRECTION ( 'NONE',  ( 0.7071067811865532300, -0.7071067811865416900, 0.0000000000000000000 ) ) ;
#2115 = DIRECTION ( 'NONE',  ( -1.110223024625156500E-016, 1.110223024625156000E-016, -1.000000000000000000 ) ) ;
#2116 = PLANE ( 'NONE',  #1054 ) ;
#2117 = PLANE ( 'NONE',  #1062 ) ;
#2118 = CARTESIAN_POINT ( 'NONE',  ( -0.3889087296526138000, -3.500178566873416200, -4.750000000000000900 ) ) ;
#2119 = DIRECTION ( 'NONE',  ( 0.0000000000000000000, 0.0000000000000000000, -1.000000000000000000 ) ) ;
#2120 = DIRECTION ( 'NONE',  ( 0.7071067811865479100, -0.7071067811865472400, 3.666992255478560200E-017 ) ) ;
#2121 = DIRECTION ( 'NONE',  ( 0.7071067811865472400, 0.7071067811865479100, 0.0000000000000000000 ) ) ;
#2122 = DIRECTION ( 'NONE',  ( 1.000000000000000000, 0.0000000000000000000, -4.517541728365988900E-016 ) ) ;
#2123 = PLANE ( 'NONE',  #1061 ) ;
#2124 = CARTESIAN_POINT ( 'NONE',  ( -3.286975131276928400, 33.33901333170536700, -4.749999999999998200 ) ) ;
#2125 = DIRECTION ( 'NONE',  ( 0.0000000000000000000, -1.000000000000000000, -4.517541728365999800E-016 ) ) ;
#2126 = DIRECTION ( 'NONE',  ( -0.7071067811865472400, -0.7071067811865479100, 0.0000000000000000000 ) ) ;
#2127 = CARTESIAN_POINT ( 'NONE',  ( 34.61180553784116400, -4.559767337412696800, -6.000000000000000000 ) ) ;
#2128 = PLANE ( 'NONE',  #1052 ) ;
#2129 = PLANE ( 'NONE',  #1053 ) ;
#2130 = DIRECTION ( 'NONE',  ( -1.000000000000000000, 0.0000000000000000000, 0.0000000000000000000 ) ) ;
#2131 = DIRECTION ( 'NONE',  ( 4.517541728365965300E-016, -4.517541728365999800E-016, 1.000000000000000000 ) ) ;
#2132 = CARTESIAN_POINT ( 'NONE',  ( -1.944543648263017400, -1.944543648263015600, 2.819561438582912400E-031 ) ) ;
#2133 = CARTESIAN_POINT ( 'NONE',  ( 4.136574669941287800, 3.288046532517441300, -6.000000000000000900 ) ) ;
#2134 = DIRECTION ( 'NONE',  ( 0.7071067811865479100, -0.7071067811865472400, -1.570092458683775400E-016 ) ) ;
#2135 = PLANE ( 'NONE',  #1040 ) ;
#2136 = DIRECTION ( 'NONE',  ( 0.7358823077175471500, -0.6771094661783257900, -6.382761573768084700E-017 ) ) ;
#2137 = DIRECTION ( 'NONE',  ( -0.7071067811865479100, 0.7071067811865472400, 1.570092458683775400E-016 ) ) ;
#2138 = PLANE ( 'NONE',  #1047 ) ;
#2139 = DIRECTION ( 'NONE',  ( -0.7071067811865481300, 0.7071067811865469100, 1.570092458683774700E-016 ) ) ;
#2140 = PLANE ( 'NONE',  #1055 ) ;
#2141 = CARTESIAN_POINT ( 'NONE',  ( 39.17157287525383700, 2.602085213965210600E-015, 21.00000000000000000 ) ) ;
#2142 = DIRECTION ( 'NONE',  ( -1.000000000000000000, -6.779692484893237600E-016, 0.0000000000000000000 ) ) ;
#2143 = CARTESIAN_POINT ( 'NONE',  ( 0.8838834764831743400, -4.772970773009202400, 4.749999999999997300 ) ) ;
#2144 = DIRECTION ( 'NONE',  ( 0.7071067811865471300, -0.7071067811865479100, 0.0000000000000000000 ) ) ;
#2145 = PLANE ( 'NONE',  #1059 ) ;
#2146 = DIRECTION ( 'NONE',  ( -0.6771094661783273500, 0.7358823077175457000, 5.872988433928336400E-017 ) ) ;
#2147 = PLANE ( 'NONE',  #1065 ) ;
#2148 = CARTESIAN_POINT ( 'NONE',  ( 0.8838834764831743400, -4.772970773009202400, -4.750000000000001800 ) ) ;
#2149 = DIRECTION ( 'NONE',  ( 4.517541728365988900E-016, -4.517541728365985000E-016, 1.000000000000000000 ) ) ;
#2150 = DIRECTION ( 'NONE',  ( -6.779692484893237600E-016, 1.000000000000000000, 0.0000000000000000000 ) ) ;
#2151 = DIRECTION ( 'NONE',  ( 0.7071067811865472400, 0.7071067811865479100, 0.0000000000000000000 ) ) ;
#2152 = DIRECTION ( 'NONE',  ( -0.6771094661783257900, -0.7358823077175471500, 0.0000000000000000000 ) ) ;
#2153 = PLANE ( 'NONE',  #1057 ) ;
#2154 = DIRECTION ( 'NONE',  ( 0.6771094661783257900, 0.7358823077175471500, 0.0000000000000000000 ) ) ;
#2155 = CARTESIAN_POINT ( 'NONE',  ( -3.286975131276927500, 33.33901333170536700, 4.750000000000003600 ) ) ;
#2156 = CARTESIAN_POINT ( 'NONE',  ( 23.86485386504603700, 25.98617420860554700, -18.00000000000000700 ) ) ;
#2157 = DIRECTION ( 'NONE',  ( -0.7358823077175471500, 0.6771094661783257900, -6.382761573768084700E-017 ) ) ;
#2158 = DIRECTION ( 'NONE',  ( -0.7358823077175457000, -0.6771094661783273500, 0.0000000000000000000 ) ) ;
#2159 = DIRECTION ( 'NONE',  ( -0.7071067811865469100, -0.7071067811865481300, -9.860761315262647600E-032 ) ) ;
#2160 = CARTESIAN_POINT ( 'NONE',  ( 23.86485386504603700, 25.98617420860554700, 18.00000000000000700 ) ) ;
#2161 = DIRECTION ( 'NONE',  ( -0.7071067811865440200, 0.7071067811865511300, 1.570092458683774900E-016 ) ) ;
#2162 = DIRECTION ( 'NONE',  ( -0.7071067811865511300, -0.7071067811865440200, 0.0000000000000000000 ) ) ;
#2163 = PLANE ( 'NONE',  #1051 ) ;
#2164 = CARTESIAN_POINT ( 'NONE',  ( 25.98617420860566400, 23.86485386504589500, -18.00000000000000700 ) ) ;
#2165 = PLANE ( 'NONE',  #1041 ) ;
#2166 = CARTESIAN_POINT ( 'NONE',  ( 10.00000000000002100, 10.00000000000000700, -17.50000000000000000 ) ) ;
#2167 = DIRECTION ( 'NONE',  ( 1.000000000000000000, -4.718447854656915300E-016, -1.110223024625158000E-016 ) ) ;
#2168 = DIRECTION ( 'NONE',  ( 1.486905836551548800E-016, -0.0000000000000000000, -1.000000000000000000 ) ) ;
#2169 = DIRECTION ( 'NONE',  ( 0.7071067811865475700, -0.7071067811865474600, 0.0000000000000000000 ) ) ;
#2170 = CARTESIAN_POINT ( 'NONE',  ( 0.8838834764831804400, 6.540737725975551700, 4.749999999999998200 ) ) ;
#2171 = DIRECTION ( 'NONE',  ( 0.7071067811865474600, -0.7071067811865474600, -0.0000000000000000000 ) ) ;
#2172 = DIRECTION ( 'NONE',  ( 0.0000000000000000000, 0.0000000000000000000, -1.000000000000000000 ) ) ;
#2173 = DIRECTION ( 'NONE',  ( 0.7071067811865511300, 0.7071067811865440200, -8.258387601532469100E-031 ) ) ;
#2174 = DIRECTION ( 'NONE',  ( 1.110223024625156800E-016, -1.110223024625156500E-016, 1.000000000000000000 ) ) ;
#2175 = CARTESIAN_POINT ( 'NONE',  ( -6.964466094067270200, 27.96446609406735800, -4.999999999999996400 ) ) ;
#2176 = CARTESIAN_POINT ( 'NONE',  ( -5.204170427930421300E-015, 37.00000000000001400, 2.999999999999990200 ) ) ;
#2177 = DIRECTION ( 'NONE',  ( 1.000000000000000000, -4.718447854656915300E-016, -1.110223024625158000E-016 ) ) ;
#2178 = DIRECTION ( 'NONE',  ( -0.7071067811865474600, 0.7071067811865476800, -4.818676322157798400E-016 ) ) ;
#2179 = CARTESIAN_POINT ( 'NONE',  ( 10.00000000000000500, 21.00000000000002500, -4.999999999999998200 ) ) ;
#2180 = DIRECTION ( 'NONE',  ( -6.245004513516506800E-017, 6.245004513516495700E-017, 1.000000000000000000 ) ) ;
#2181 = DIRECTION ( 'NONE',  ( -2.993637084257137000E-016, -1.000000000000000000, -4.906789260620087900E-017 ) ) ;
#2182 = CARTESIAN_POINT ( 'NONE',  ( 42.00000000000000000, 2.828427124746212900, 6.000000000000000000 ) ) ;
#2183 = CARTESIAN_POINT ( 'NONE',  ( -1.990350074325218300E-014, 3.181980515339461600, 19.00000000000000700 ) ) ;
#2184 = CARTESIAN_POINT ( 'NONE',  ( 33.99999999999999300, 6.000000000000024000, 17.00000000000000000 ) ) ;
#2185 = CARTESIAN_POINT ( 'NONE',  ( 2.722361107568192800, 1.873832970144345500, -6.000000000000000900 ) ) ;
#2186 = CARTESIAN_POINT ( 'NONE',  ( -4.559767337412705700, 34.61180553784116400, -4.749999999999997300 ) ) ;
#2187 = DIRECTION ( 'NONE',  ( -0.7071067811865511300, -0.7071067811865440200, 4.380838333381150500E-017 ) ) ;
#2188 = CARTESIAN_POINT ( 'NONE',  ( -6.938893903907228400E-015, 34.99999999999999300, -4.999999999999996400 ) ) ;
#2189 = CARTESIAN_POINT ( 'NONE',  ( 10.28242155665836500, -5.686227478945825800, -6.000000000000000900 ) ) ;
#2190 = CARTESIAN_POINT ( 'NONE',  ( 0.0000000000000000000, 3.181980515339441200, 21.00000000000000000 ) ) ;
#2191 = CARTESIAN_POINT ( 'NONE',  ( -6.938893903907228400E-015, 34.99999999999999300, 5.000000000000004400 ) ) ;
#2192 = DIRECTION ( 'NONE',  ( 1.000000000000000000, -4.718447854656915300E-016, -1.110223024625158000E-016 ) ) ;
#2193 = CARTESIAN_POINT ( 'NONE',  ( 40.26865978733351900, 1.097086912079714400, 6.000000000000000000 ) ) ;
#2194 = CYLINDRICAL_SURFACE ( 'NONE', #1130, 0.9999999999999995600 ) ;
#2195 = FACE_OUTER_BOUND ( 'NONE', #1302, .T. ) ;
#2196 = FACE_OUTER_BOUND ( 'NONE', #1306, .T. ) ;
#2197 = CYLINDRICAL_SURFACE ( 'NONE', #1088, 2.000000000000001800 ) ;
#2198 = FACE_OUTER_BOUND ( 'NONE', #1401, .T. ) ;
#2199 = FACE_OUTER_BOUND ( 'NONE', #1423, .T. ) ;
#2200 = CYLINDRICAL_SURFACE ( 'NONE', #1091, 2.000000000000001800 ) ;
#2201 = CYLINDRICAL_SURFACE ( 'NONE', #1090, 1.000000000000000000 ) ;
#2202 = CYLINDRICAL_SURFACE ( 'NONE', #1104, 2.000000000000001800 ) ;
#2203 = FACE_OUTER_BOUND ( 'NONE', #1384, .T. ) ;
#2204 = FACE_OUTER_BOUND ( 'NONE', #1330, .T. ) ;
#2205 = CYLINDRICAL_SURFACE ( 'NONE', #1101, 2.000000000000001800 ) ;
#2206 = FACE_OUTER_BOUND ( 'NONE', #1343, .T. ) ;
#2207 = CYLINDRICAL_SURFACE ( 'NONE', #1107, 1.000000000000001300 ) ;
#2208 = FACE_OUTER_BOUND ( 'NONE', #1387, .T. ) ;
#2209 = FACE_OUTER_BOUND ( 'NONE', #1418, .T. ) ;
#2210 = CYLINDRICAL_SURFACE ( 'NONE', #1075, 2.000000000000001800 ) ;
#2211 = FACE_OUTER_BOUND ( 'NONE', #1404, .T. ) ;
#2212 = FACE_OUTER_BOUND ( 'NONE', #1307, .T. ) ;
#2213 = FACE_OUTER_BOUND ( 'NONE', #1374, .T. ) ;
#2214 = CYLINDRICAL_SURFACE ( 'NONE', #1099, 2.000000000000001800 ) ;
#2215 = FACE_OUTER_BOUND ( 'NONE', #1349, .T. ) ;
#2216 = FACE_OUTER_BOUND ( 'NONE', #1279, .T. ) ;
#2217 = FACE_OUTER_BOUND ( 'NONE', #1410, .T. ) ;
#2218 = FACE_OUTER_BOUND ( 'NONE', #1397, .T. ) ;
#2219 = FACE_OUTER_BOUND ( 'NONE', #1315, .T. ) ;
#2220 = CYLINDRICAL_SURFACE ( 'NONE', #1077, 1.000000000000001300 ) ;
#2221 = FACE_OUTER_BOUND ( 'NONE', #1241, .T. ) ;
#2222 = FACE_OUTER_BOUND ( 'NONE', #1263, .T. ) ;
#2223 = FACE_OUTER_BOUND ( 'NONE', #1303, .T. ) ;
#2224 = FACE_BOUND ( 'NONE', #1321, .T. ) ;
#2225 = CYLINDRICAL_SURFACE ( 'NONE', #1073, 2.000000000000001800 ) ;
#2226 = FACE_OUTER_BOUND ( 'NONE', #1318, .T. ) ;
#2227 = FACE_OUTER_BOUND ( 'NONE', #1305, .T. ) ;
#2228 = FACE_OUTER_BOUND ( 'NONE', #1268, .T. ) ;
#2229 = CYLINDRICAL_SURFACE ( 'NONE', #1080, 1.000000000000000700 ) ;
#2230 = FACE_OUTER_BOUND ( 'NONE', #1331, .T. ) ;
#2231 = FACE_OUTER_BOUND ( 'NONE', #1344, .T. ) ;
#2232 = FACE_OUTER_BOUND ( 'NONE', #1340, .T. ) ;
#2233 = FACE_OUTER_BOUND ( 'NONE', #1409, .T. ) ;
#2234 = FACE_OUTER_BOUND ( 'NONE', #1311, .T. ) ;
#2235 = FACE_OUTER_BOUND ( 'NONE', #1237, .T. ) ;
#2236 = CYLINDRICAL_SURFACE ( 'NONE', #1078, 2.000000000000000000 ) ;
#2237 = FACE_OUTER_BOUND ( 'NONE', #1334, .T. ) ;
#2238 = FACE_OUTER_BOUND ( 'NONE', #1322, .T. ) ;
#2239 = FACE_OUTER_BOUND ( 'NONE', #1351, .T. ) ;
#2240 = FACE_OUTER_BOUND ( 'NONE', #1403, .T. ) ;
#2241 = FACE_BOUND ( 'NONE', #1364, .T. ) ;
#2242 = FACE_OUTER_BOUND ( 'NONE', #1407, .T. ) ;
#2243 = FACE_OUTER_BOUND ( 'NONE', #1319, .T. ) ;
#2244 = FACE_OUTER_BOUND ( 'NONE', #1427, .T. ) ;
#2245 = CYLINDRICAL_SURFACE ( 'NONE', #1082, 0.9999999999999995600 ) ;
#2246 = FACE_OUTER_BOUND ( 'NONE', #1405, .T. ) ;
#2247 = FACE_OUTER_BOUND ( 'NONE', #1345, .T. ) ;
#2248 = FACE_OUTER_BOUND ( 'NONE', #1425, .T. ) ;
#2249 = FACE_OUTER_BOUND ( 'NONE', #1393, .T. ) ;
#2250 = FACE_OUTER_BOUND ( 'NONE', #1309, .T. ) ;
#2251 = CYLINDRICAL_SURFACE ( 'NONE', #1134, 1.000000000000054600 ) ;
#2252 = CYLINDRICAL_SURFACE ( 'NONE', #1123, 0.9999999999999995600 ) ;
#2253 = FACE_OUTER_BOUND ( 'NONE', #1312, .T. ) ;
#2254 = FACE_OUTER_BOUND ( 'NONE', #1324, .T. ) ;
#2255 = FACE_OUTER_BOUND ( 'NONE', #1337, .T. ) ;
#2256 = CYLINDRICAL_SURFACE ( 'NONE', #1135, 1.999999999999999300 ) ;
#2257 = FACE_OUTER_BOUND ( 'NONE', #1346, .T. ) ;
#2258 = FACE_OUTER_BOUND ( 'NONE', #1248, .T. ) ;
#2259 = LINE ( 'NONE', #2848, #2285 ) ;
#2260 = FACE_OUTER_BOUND ( 'NONE', #1323, .T. ) ;
#2261 = VECTOR ( 'NONE', #2812, 1000.000000000000000 ) ;
#2262 = FACE_OUTER_BOUND ( 'NONE', #1261, .T. ) ;
#2263 = LINE ( 'NONE', #2766, #2261 ) ;
#2264 = FACE_OUTER_BOUND ( 'NONE', #1353, .T. ) ;
#2265 = LINE ( 'NONE', #2882, #2310 ) ;
#2266 = LINE ( 'NONE', #2815, #2301 ) ;
#2267 = LINE ( 'NONE', #2841, #2305 ) ;
#2268 = LINE ( 'NONE', #2826, #2293 ) ;
#2269 = LINE ( 'NONE', #2817, #2286 ) ;
#2270 = VECTOR ( 'NONE', #2825, 1000.000000000000000 ) ;
#2271 = FACE_OUTER_BOUND ( 'NONE', #1359, .T. ) ;
#2272 = LINE ( 'NONE', #2840, #2292 ) ;
#2273 = FACE_OUTER_BOUND ( 'NONE', #1267, .T. ) ;
#2274 = LINE ( 'NONE', #2819, #2290 ) ;
#2275 = CYLINDRICAL_SURFACE ( 'NONE', #1139, 1.000000000000054600 ) ;
#2276 = FACE_OUTER_BOUND ( 'NONE', #1354, .T. ) ;
#2277 = LINE ( 'NONE', #2831, #2297 ) ;
#2278 = FACE_OUTER_BOUND ( 'NONE', #1260, .T. ) ;
#2279 = LINE ( 'NONE', #2824, #2294 ) ;
#2280 = CYLINDRICAL_SURFACE ( 'NONE', #1132, 2.000000000000001800 ) ;
#2281 = VECTOR ( 'NONE', #2843, 1000.000000000000000 ) ;
#2282 = VECTOR ( 'NONE', #2835, 1000.000000000000000 ) ;
#2283 = LINE ( 'NONE', #2823, #2282 ) ;
#2284 = LINE ( 'NONE', #2814, #2300 ) ;
#2285 = VECTOR ( 'NONE', #2833, 1000.000000000000100 ) ;
#2286 = VECTOR ( 'NONE', #2849, 1000.000000000000100 ) ;
#2287 = FACE_OUTER_BOUND ( 'NONE', #1333, .T. ) ;
#2288 = FACE_OUTER_BOUND ( 'NONE', #1320, .T. ) ;
#2289 = CYLINDRICAL_SURFACE ( 'NONE', #1119, 2.000000000000002700 ) ;
#2290 = VECTOR ( 'NONE', #2845, 1000.000000000000100 ) ;
#2291 = FACE_BOUND ( 'NONE', #1242, .T. ) ;
#2292 = VECTOR ( 'NONE', #2850, 1000.000000000000100 ) ;
#2293 = VECTOR ( 'NONE', #2818, 1000.000000000000100 ) ;
#2294 = VECTOR ( 'NONE', #2832, 1000.000000000000100 ) ;
#2295 = LINE ( 'NONE', #2837, #2270 ) ;
#2296 = FACE_OUTER_BOUND ( 'NONE', #1313, .T. ) ;
#2297 = VECTOR ( 'NONE', #2828, 1000.000000000000000 ) ;
#2298 = VECTOR ( 'NONE', #2838, 1000.000000000000000 ) ;
#2299 = FACE_OUTER_BOUND ( 'NONE', #1338, .T. ) ;
#2300 = VECTOR ( 'NONE', #2846, 999.9999999999998900 ) ;
#2301 = VECTOR ( 'NONE', #2816, 1000.000000000000000 ) ;
#2302 = CIRCLE ( 'NONE', #1115, 1.000000000000000700 ) ;
#2303 = FACE_OUTER_BOUND ( 'NONE', #1301, .T. ) ;
#2304 = LINE ( 'NONE', #2842, #2281 ) ;
#2305 = VECTOR ( 'NONE', #2844, 999.9999999999998900 ) ;
#2306 = LINE ( 'NONE', #2821, #2298 ) ;
#2307 = CIRCLE ( 'NONE', #1110, 2.000000000000001800 ) ;
#2308 = FACE_OUTER_BOUND ( 'NONE', #1259, .T. ) ;
#2309 = FACE_OUTER_BOUND ( 'NONE', #1335, .T. ) ;
#2310 = VECTOR ( 'NONE', #2880, 1000.000000000000100 ) ;
#2311 = CYLINDRICAL_SURFACE ( 'NONE', #1136, 2.000000000000001800 ) ;
#2312 = FACE_OUTER_BOUND ( 'NONE', #1249, .T. ) ;
#2313 = LINE ( 'NONE', #2873, #2332 ) ;
#2314 = FACE_OUTER_BOUND ( 'NONE', #1264, .T. ) ;
#2315 = CYLINDRICAL_SURFACE ( 'NONE', #1113, 2.000000000000002700 ) ;
#2316 = LINE ( 'NONE', #2933, #2320 ) ;
#2317 = LINE ( 'NONE', #2949, #2354 ) ;
#2318 = VECTOR ( 'NONE', #2924, 1000.000000000000100 ) ;
#2319 = VECTOR ( 'NONE', #2914, 1000.000000000000100 ) ;
#2320 = VECTOR ( 'NONE', #2955, 1000.000000000000000 ) ;
#2321 = VECTOR ( 'NONE', #2892, 1000.000000000000100 ) ;
#2322 = VECTOR ( 'NONE', #2925, 1000.000000000000100 ) ;
#2323 = LINE ( 'NONE', #2971, #2372 ) ;
#2324 = VECTOR ( 'NONE', #2898, 999.9999999999998900 ) ;
#2325 = LINE ( 'NONE', #2890, #2369 ) ;
#2326 = VECTOR ( 'NONE', #2865, 1000.000000000000000 ) ;
#2327 = LINE ( 'NONE', #2861, #2347 ) ;
#2328 = VECTOR ( 'NONE', #2887, 1000.000000000000000 ) ;
#2329 = VECTOR ( 'NONE', #2868, 1000.000000000000100 ) ;
#2330 = LINE ( 'NONE', #2909, #2337 ) ;
#2331 = LINE ( 'NONE', #2919, #2342 ) ;
#2332 = VECTOR ( 'NONE', #2884, 1000.000000000000000 ) ;
#2333 = VECTOR ( 'NONE', #2856, 1000.000000000000000 ) ;
#2334 = LINE ( 'NONE', #2857, #2326 ) ;
#2335 = LINE ( 'NONE', #2886, #2345 ) ;
#2336 = LINE ( 'NONE', #2866, #2328 ) ;
#2337 = VECTOR ( 'NONE', #2927, 1000.000000000000000 ) ;
#2338 = LINE ( 'NONE', #2896, #2346 ) ;
#2339 = LINE ( 'NONE', #2877, #2341 ) ;
#2340 = LINE ( 'NONE', #2875, #2344 ) ;
#2341 = VECTOR ( 'NONE', #2908, 1000.000000000000000 ) ;
#2342 = VECTOR ( 'NONE', #2913, 1000.000000000000100 ) ;
#2343 = LINE ( 'NONE', #2881, #2333 ) ;
#2344 = VECTOR ( 'NONE', #2864, 1000.000000000000000 ) ;
#2345 = VECTOR ( 'NONE', #2876, 1000.000000000000000 ) ;
#2346 = VECTOR ( 'NONE', #2907, 1000.000000000000100 ) ;
#2347 = VECTOR ( 'NONE', #2885, 1000.000000000000000 ) ;
#2348 = LINE ( 'NONE', #2867, #2329 ) ;
#2349 = VECTOR ( 'NONE', #2859, 1000.000000000000000 ) ;
#2350 = LINE ( 'NONE', #2915, #2360 ) ;
#2351 = LINE ( 'NONE', #2902, #2319 ) ;
#2352 = LINE ( 'NONE', #2899, #2362 ) ;
#2353 = LINE ( 'NONE', #2917, #2322 ) ;
#2354 = VECTOR ( 'NONE', #2946, 1000.000000000000000 ) ;
#2355 = LINE ( 'NONE', #2883, #2349 ) ;
#2356 = LINE ( 'NONE', #2912, #2357 ) ;
#2357 = VECTOR ( 'NONE', #2900, 1000.000000000000000 ) ;
#2358 = LINE ( 'NONE', #2862, #2368 ) ;
#2359 = LINE ( 'NONE', #2897, #2324 ) ;
#2360 = VECTOR ( 'NONE', #2905, 1000.000000000000100 ) ;
#2361 = LINE ( 'NONE', #2918, #2318 ) ;
#2362 = VECTOR ( 'NONE', #2904, 999.9999999999998900 ) ;
#2363 = LINE ( 'NONE', #2923, #2364 ) ;
#2364 = VECTOR ( 'NONE', #2930, 1000.000000000000000 ) ;
#2365 = VECTOR ( 'NONE', #2854, 1000.000000000000100 ) ;
#2366 = LINE ( 'NONE', #2891, #2321 ) ;
#2367 = CIRCLE ( 'NONE', #1126, 2.000000000000001800 ) ;
#2368 = VECTOR ( 'NONE', #2874, 1000.000000000000000 ) ;
#2369 = VECTOR ( 'NONE', #2860, 1000.000000000000000 ) ;
#2370 = CIRCLE ( 'NONE', #1111, 1.000000000000000700 ) ;
#2371 = CIRCLE ( 'NONE', #1159, 2.000000000000001800 ) ;
#2372 = VECTOR ( 'NONE', #2954, 1000.000000000000100 ) ;
#2373 = LINE ( 'NONE', #2852, #2365 ) ;
#2374 = LINE ( 'NONE', #3002, #2420 ) ;
#2375 = VECTOR ( 'NONE', #2986, 1000.000000000000000 ) ;
#2376 = VECTOR ( 'NONE', #2962, 1000.000000000000000 ) ;
#2377 = LINE ( 'NONE', #2984, #2407 ) ;
#2378 = LINE ( 'NONE', #2956, #2428 ) ;
#2379 = LINE ( 'NONE', #2990, #2411 ) ;
#2380 = LINE ( 'NONE', #2940, #2396 ) ;
#2381 = LINE ( 'NONE', #2964, #2400 ) ;
#2382 = VECTOR ( 'NONE', #2952, 1000.000000000000000 ) ;
#2383 = VECTOR ( 'NONE', #2996, 1000.000000000000100 ) ;
#2384 = VECTOR ( 'NONE', #2936, 1000.000000000000000 ) ;
#2385 = LINE ( 'NONE', #2989, #2383 ) ;
#2386 = VECTOR ( 'NONE', #2988, 1000.000000000000100 ) ;
#2387 = VECTOR ( 'NONE', #3004, 1000.000000000000000 ) ;
#2388 = LINE ( 'NONE', #2980, #2405 ) ;
#2389 = LINE ( 'NONE', #2992, #2390 ) ;
#2390 = VECTOR ( 'NONE', #3010, 1000.000000000000000 ) ;
#2391 = VECTOR ( 'NONE', #3006, 1000.000000000000000 ) ;
#2392 = LINE ( 'NONE', #2977, #2387 ) ;
#2393 = VECTOR ( 'NONE', #2950, 1000.000000000000000 ) ;
#2394 = LINE ( 'NONE', #2999, #2412 ) ;
#2395 = VECTOR ( 'NONE', #2994, 999.9999999999998900 ) ;
#2396 = VECTOR ( 'NONE', #2937, 1000.000000000000000 ) ;
#2397 = VECTOR ( 'NONE', #2932, 1000.000000000000100 ) ;
#2398 = VECTOR ( 'NONE', #2965, 1000.000000000000000 ) ;
#2399 = CIRCLE ( 'NONE', #1172, 1.000000000000054600 ) ;
#2400 = VECTOR ( 'NONE', #2983, 1000.000000000000000 ) ;
#2401 = LINE ( 'NONE', #2961, #2375 ) ;
#2402 = LINE ( 'NONE', #2974, #2391 ) ;
#2403 = VECTOR ( 'NONE', #2944, 1000.000000000000100 ) ;
#2404 = LINE ( 'NONE', #2995, #2417 ) ;
#2405 = VECTOR ( 'NONE', #2978, 1000.000000000000000 ) ;
#2406 = LINE ( 'NONE', #2906, #2393 ) ;
#2407 = VECTOR ( 'NONE', #2987, 1000.000000000000000 ) ;
#2408 = LINE ( 'NONE', #2973, #2395 ) ;
#2409 = LINE ( 'NONE', #2922, #2424 ) ;
#2410 = LINE ( 'NONE', #2982, #2432 ) ;
#2411 = VECTOR ( 'NONE', #2997, 1000.000000000000000 ) ;
#2412 = VECTOR ( 'NONE', #3000, 1000.000000000000100 ) ;
#2413 = LINE ( 'NONE', #3007, #2416 ) ;
#2414 = VECTOR ( 'NONE', #2931, 1000.000000000000000 ) ;
#2415 = LINE ( 'NONE', #2941, #2376 ) ;
#2416 = VECTOR ( 'NONE', #3005, 1000.000000000000000 ) ;
#2417 = VECTOR ( 'NONE', #3001, 1000.000000000000000 ) ;
#2418 = VECTOR ( 'NONE', #2979, 1000.000000000000000 ) ;
#2419 = LINE ( 'NONE', #2934, #2384 ) ;
#2420 = VECTOR ( 'NONE', #3003, 1000.000000000000000 ) ;
#2421 = LINE ( 'NONE', #2960, #2398 ) ;
#2422 = CIRCLE ( 'NONE', #1154, 1.000000000000054600 ) ;
#2423 = LINE ( 'NONE', #2951, #2403 ) ;
#2424 = VECTOR ( 'NONE', #2953, 1000.000000000000100 ) ;
#2425 = LINE ( 'NONE', #3009, #2430 ) ;
#2426 = LINE ( 'NONE', #2981, #2386 ) ;
#2427 = LINE ( 'NONE', #2966, #2382 ) ;
#2428 = VECTOR ( 'NONE', #2968, 1000.000000000000000 ) ;
#2429 = LINE ( 'NONE', #2967, #2397 ) ;
#2430 = VECTOR ( 'NONE', #2976, 1000.000000000000000 ) ;
#2431 = LINE ( 'NONE', #2947, #2414 ) ;
#2432 = VECTOR ( 'NONE', #2991, 1000.000000000000000 ) ;
#2433 = LINE ( 'NONE', #2985, #2418 ) ;
#2434 = VECTOR ( 'NONE', #3205, 1000.000000000000000 ) ;
#2435 = LINE ( 'NONE', #3203, #2485 ) ;
#2436 = LINE ( 'NONE', #3226, #2458 ) ;
#2437 = CIRCLE ( 'NONE', #1151, 2.000000000000001800 ) ;
#2438 = LINE ( 'NONE', #3219, #2451 ) ;
#2439 = CIRCLE ( 'NONE', #1158, 2.000000000000001800 ) ;
#2440 = CIRCLE ( 'NONE', #1150, 2.000000000000001800 ) ;
#2441 = LINE ( 'NONE', #3217, #2460 ) ;
#2442 = LINE ( 'NONE', #3243, #2443 ) ;
#2443 = VECTOR ( 'NONE', #3259, 1000.000000000000100 ) ;
#2444 = VECTOR ( 'NONE', #3461, 1000.000000000000000 ) ;
#2445 = LINE ( 'NONE', #3283, #2454 ) ;
#2446 = LINE ( 'NONE', #3194, #2469 ) ;
#2447 = LINE ( 'NONE', #3284, #2463 ) ;
#2448 = VECTOR ( 'NONE', #3438, 1000.000000000000000 ) ;
#2449 = VECTOR ( 'NONE', #3501, 1000.000000000000000 ) ;
#2450 = LINE ( 'NONE', #3430, #2479 ) ;
#2451 = VECTOR ( 'NONE', #3193, 999.9999999999998900 ) ;
#2452 = CIRCLE ( 'NONE', #1168, 2.000000000000001800 ) ;
#2453 = LINE ( 'NONE', #2071, #2491 ) ;
#2454 = VECTOR ( 'NONE', #3271, 1000.000000000000000 ) ;
#2455 = LINE ( 'NONE', #3426, #2478 ) ;
#2456 = LINE ( 'NONE', #3421, #2448 ) ;
#2457 = VECTOR ( 'NONE', #3222, 1000.000000000000000 ) ;
#2458 = VECTOR ( 'NONE', #3208, 1000.000000000000000 ) ;
#2459 = LINE ( 'NONE', #3229, #2434 ) ;
#2460 = VECTOR ( 'NONE', #3225, 1000.000000000000000 ) ;
#2461 = VECTOR ( 'NONE', #3216, 1000.000000000000000 ) ;
#2462 = LINE ( 'NONE', #3422, #2444 ) ;
#2463 = VECTOR ( 'NONE', #3249, 1000.000000000000000 ) ;
#2464 = LINE ( 'NONE', #3098, #2468 ) ;
#2465 = LINE ( 'NONE', #3206, #2457 ) ;
#2466 = LINE ( 'NONE', #3435, #2449 ) ;
#2467 = LINE ( 'NONE', #3209, #2474 ) ;
#2468 = VECTOR ( 'NONE', #2869, 1000.000000000000100 ) ;
#2469 = VECTOR ( 'NONE', #3228, 1000.000000000000000 ) ;
#2470 = LINE ( 'NONE', #3199, #2484 ) ;
#2471 = VECTOR ( 'NONE', #3258, 1000.000000000000000 ) ;
#2472 = LINE ( 'NONE', #3212, #2461 ) ;
#2473 = CIRCLE ( 'NONE', #1170, 2.000000000000001800 ) ;
#2474 = VECTOR ( 'NONE', #3220, 1000.000000000000000 ) ;
#2475 = LINE ( 'NONE', #3269, #2471 ) ;
#2476 = LINE ( 'NONE', #3257, #2477 ) ;
#2477 = VECTOR ( 'NONE', #3255, 1000.000000000000000 ) ;
#2478 = VECTOR ( 'NONE', #3449, 1000.000000000000000 ) ;
#2479 = VECTOR ( 'NONE', #3439, 1000.000000000000000 ) ;
#2480 = LINE ( 'NONE', #3497, #2483 ) ;
#2481 = LINE ( 'NONE', #3221, #2493 ) ;
#2482 = CIRCLE ( 'NONE', #1164, 2.000000000000001800 ) ;
#2483 = VECTOR ( 'NONE', #3482, 999.9999999999998900 ) ;
#2484 = VECTOR ( 'NONE', #3224, 1000.000000000000000 ) ;
#2485 = VECTOR ( 'NONE', #3211, 1000.000000000000000 ) ;
#2486 = LINE ( 'NONE', #3213, #2492 ) ;
#2487 = LINE ( 'NONE', #3218, #2488 ) ;
#2488 = VECTOR ( 'NONE', #3214, 1000.000000000000000 ) ;
#2489 = VECTOR ( 'NONE', #3210, 1000.000000000000100 ) ;
#2490 = LINE ( 'NONE', #3195, #2489 ) ;
#2491 = VECTOR ( 'NONE', #65, 1000.000000000000000 ) ;
#2492 = VECTOR ( 'NONE', #3207, 1000.000000000000000 ) ;
#2493 = VECTOR ( 'NONE', #3198, 1000.000000000000000 ) ;
#2494 = CALENDAR_DATE ( 2017, 4, 3 ) ;
#2495 = CALENDAR_DATE ( 2017, 4, 3 ) ;
#2496 = COORDINATED_UNIVERSAL_TIME_OFFSET ( 1, 0, .AHEAD. ) ;
#2497 = LOCAL_TIME ( 22, 51, 37.00000000000000000, #2496 ) ;
#2498 = LOCAL_TIME ( 22, 51, 37.00000000000000000, #2518 ) ;
#2499 = DATE_AND_TIME ( #2515, #2508 ) ;
#2500 = APPROVAL_DATE_TIME ( #2504, #1147 ) ;
#2501 = APPROVAL_PERSON_ORGANIZATION ( #2514, #1162, #3484 ) ;
#2502 = APPROVAL_DATE_TIME ( #2528, #1165 ) ;
#2503 = DATE_AND_TIME ( #2509, #2497 ) ;
#2504 = DATE_AND_TIME ( #2495, #2498 ) ;
#2505 = APPROVAL_DATE_TIME ( #2503, #1162 ) ;
#2506 = PERSON_AND_ORGANIZATION ( #1745, #2510 ) ;
#2507 = PERSON_AND_ORGANIZATION ( #1745, #2510 ) ;
#2508 = LOCAL_TIME ( 22, 51, 37.00000000000000000, #2525 ) ;
#2509 = CALENDAR_DATE ( 2017, 4, 3 ) ;
#2510 = ORGANIZATION ( 'UNSPECIFIED', 'UNSPECIFIED', '' ) ;
#2511 = APPROVAL_PERSON_ORGANIZATION ( #2516, #1165, #3499 ) ;
#2512 = PERSON_AND_ORGANIZATION ( #1745, #2510 ) ;
#2513 = COORDINATED_UNIVERSAL_TIME_OFFSET ( 1, 0, .AHEAD. ) ;
#2514 = PERSON_AND_ORGANIZATION ( #1745, #2510 ) ;
#2515 = CALENDAR_DATE ( 2017, 4, 3 ) ;
#2516 = PERSON_AND_ORGANIZATION ( #1745, #2510 ) ;
#2517 = LOCAL_TIME ( 22, 51, 37.00000000000000000, #2524 ) ;
#2518 = COORDINATED_UNIVERSAL_TIME_OFFSET ( 1, 0, .AHEAD. ) ;
#2519 = SHAPE_DEFINITION_REPRESENTATION ( #743, #777 ) ;
#2520 = PERSON_AND_ORGANIZATION ( #1745, #2510 ) ;
#2521 = APPROVAL_PERSON_ORGANIZATION ( #2512, #1147, #3473 ) ;
#2522 = PERSON_AND_ORGANIZATION ( #1745, #2510 ) ;
#2523 = CALENDAR_DATE ( 2017, 4, 3 ) ;
#2524 = COORDINATED_UNIVERSAL_TIME_OFFSET ( 1, 0, .AHEAD. ) ;
#2525 = COORDINATED_UNIVERSAL_TIME_OFFSET ( 1, 0, .AHEAD. ) ;
#2526 = PERSON_AND_ORGANIZATION ( #1745, #2510 ) ;
#2527 = LOCAL_TIME ( 22, 51, 37.00000000000000000, #2513 ) ;
#2528 = DATE_AND_TIME ( #2494, #2517 ) ;
#2529 = DATE_AND_TIME ( #2523, #2527 ) ;
#2530 = VECTOR ( 'NONE', #1868, 1000.000000000000000 ) ;
#2531 = VECTOR ( 'NONE', #1855, 1000.000000000000000 ) ;
#2532 = VECTOR ( 'NONE', #1852, 1000.000000000000000 ) ;
#2533 = LINE ( 'NONE', #1828, #2564 ) ;
#2534 = LINE ( 'NONE', #1876, #2574 ) ;
#2535 = VECTOR ( 'NONE', #1827, 1000.000000000000000 ) ;
#2536 = VECTOR ( 'NONE', #1856, 1000.000000000000000 ) ;
#2537 = VECTOR ( 'NONE', #1848, 1000.000000000000100 ) ;
#2538 = VECTOR ( 'NONE', #1897, 999.9999999999998900 ) ;
#2539 = VECTOR ( 'NONE', #1830, 999.9999999999998900 ) ;
#2540 = VECTOR ( 'NONE', #1909, 1000.000000000000000 ) ;
#2541 = LINE ( 'NONE', #1870, #2557 ) ;
#2542 = LINE ( 'NONE', #1840, #2537 ) ;
#2543 = LINE ( 'NONE', #1859, #2538 ) ;
#2544 = LINE ( 'NONE', #1863, #2558 ) ;
#2545 = VECTOR ( 'NONE', #1929, 1000.000000000000000 ) ;
#2546 = LINE ( 'NONE', #1849, #2532 ) ;
#2547 = LINE ( 'NONE', #1845, #2536 ) ;
#2548 = LINE ( 'NONE', #1919, #2549 ) ;
#2549 = VECTOR ( 'NONE', #1936, 1000.000000000000000 ) ;
#2550 = LINE ( 'NONE', #1932, #2552 ) ;
#2551 = LINE ( 'NONE', #1894, #2545 ) ;
#2552 = VECTOR ( 'NONE', #1934, 1000.000000000000000 ) ;
#2553 = LINE ( 'NONE', #1813, #2539 ) ;
#2554 = VECTOR ( 'NONE', #1835, 1000.000000000000000 ) ;
#2555 = LINE ( 'NONE', #1864, #2584 ) ;
#2556 = LINE ( 'NONE', #1836, #2554 ) ;
#2557 = VECTOR ( 'NONE', #1898, 1000.000000000000000 ) ;
#2558 = VECTOR ( 'NONE', #1860, 1000.000000000000000 ) ;
#2559 = VECTOR ( 'NONE', #1885, 1000.000000000000000 ) ;
#2560 = LINE ( 'NONE', #1881, #2530 ) ;
#2561 = LINE ( 'NONE', #1926, #2562 ) ;
#2562 = VECTOR ( 'NONE', #1906, 1000.000000000000000 ) ;
#2563 = LINE ( 'NONE', #1854, #2531 ) ;
#2564 = VECTOR ( 'NONE', #1831, 1000.000000000000000 ) ;
#2565 = LINE ( 'NONE', #1883, #2566 ) ;
#2566 = VECTOR ( 'NONE', #1902, 1000.000000000000000 ) ;
#2567 = LINE ( 'NONE', #1912, #2583 ) ;
#2568 = LINE ( 'NONE', #1858, #2535 ) ;
#2569 = LINE ( 'NONE', #1826, #2571 ) ;
#2570 = VECTOR ( 'NONE', #1867, 1000.000000000000000 ) ;
#2571 = VECTOR ( 'NONE', #1841, 1000.000000000000000 ) ;
#2572 = CIRCLE ( 'NONE', #1034, 2.000000000000001800 ) ;
#2573 = LINE ( 'NONE', #1916, #2575 ) ;
#2574 = VECTOR ( 'NONE', #1888, 1000.000000000000000 ) ;
#2575 = VECTOR ( 'NONE', #1917, 1000.000000000000000 ) ;
#2576 = VECTOR ( 'NONE', #1843, 1000.000000000000000 ) ;
#2577 = LINE ( 'NONE', #1842, #2576 ) ;
#2578 = LINE ( 'NONE', #1924, #2540 ) ;
#2579 = LINE ( 'NONE', #1878, #2559 ) ;
#2580 = LINE ( 'NONE', #1896, #2570 ) ;
#2581 = CIRCLE ( 'NONE', #1025, 2.000000000000001800 ) ;
#2582 = CIRCLE ( 'NONE', #1027, 2.000000000000001800 ) ;
#2583 = VECTOR ( 'NONE', #1925, 1000.000000000000000 ) ;
#2584 = VECTOR ( 'NONE', #1832, 1000.000000000000000 ) ;
#2585 = CIRCLE ( 'NONE', #1028, 2.000000000000001800 ) ;
#2586 = VECTOR ( 'NONE', #1953, 1000.000000000000000 ) ;
#2587 = VECTOR ( 'NONE', #1950, 1000.000000000000000 ) ;
#2588 = LINE ( 'NONE', #1972, #2609 ) ;
#2589 = LINE ( 'NONE', #2014, #2591 ) ;
#2590 = VECTOR ( 'NONE', #1994, 1000.000000000000000 ) ;
#2591 = VECTOR ( 'NONE', #1992, 1000.000000000000000 ) ;
#2592 = VECTOR ( 'NONE', #1998, 1000.000000000000000 ) ;
#2593 = VECTOR ( 'NONE', #1942, 1000.000000000000000 ) ;
#2594 = CIRCLE ( 'NONE', #1022, 1.000000000000000900 ) ;
#2595 = LINE ( 'NONE', #1937, #2600 ) ;
#2596 = LINE ( 'NONE', #1944, #2586 ) ;
#2597 = LINE ( 'NONE', #2006, #2611 ) ;
#2598 = LINE ( 'NONE', #1928, #2599 ) ;
#2599 = VECTOR ( 'NONE', #1920, 1000.000000000000000 ) ;
#2600 = VECTOR ( 'NONE', #1903, 1000.000000000000000 ) ;
#2601 = CIRCLE ( 'NONE', #1014, 2.000000000000001800 ) ;
#2602 = VECTOR ( 'NONE', #1993, 1000.000000000000000 ) ;
#2603 = LINE ( 'NONE', #1908, #2593 ) ;
#2604 = LINE ( 'NONE', #1995, #2592 ) ;
#2605 = CIRCLE ( 'NONE', #1024, 2.000000000000001800 ) ;
#2606 = VECTOR ( 'NONE', #2001, 1000.000000000000000 ) ;
#2607 = LINE ( 'NONE', #1921, #2618 ) ;
#2608 = LINE ( 'NONE', #1979, #2619 ) ;
#2609 = VECTOR ( 'NONE', #1952, 1000.000000000000000 ) ;
#2610 = LINE ( 'NONE', #1962, #2640 ) ;
#2611 = VECTOR ( 'NONE', #1989, 1000.000000000000000 ) ;
#2612 = CIRCLE ( 'NONE', #1026, 2.000000000000001800 ) ;
#2613 = LINE ( 'NONE', #1951, #2635 ) ;
#2614 = VECTOR ( 'NONE', #1970, 1000.000000000000000 ) ;
#2615 = LINE ( 'NONE', #1974, #2639 ) ;
#2616 = CIRCLE ( 'NONE', #1019, 1.000000000000000900 ) ;
#2617 = LINE ( 'NONE', #1997, #2620 ) ;
#2618 = VECTOR ( 'NONE', #1922, 1000.000000000000000 ) ;
#2619 = VECTOR ( 'NONE', #1961, 1000.000000000000000 ) ;
#2620 = VECTOR ( 'NONE', #2005, 1000.000000000000000 ) ;
#2621 = LINE ( 'NONE', #1946, #2634 ) ;
#2622 = LINE ( 'NONE', #2008, #2590 ) ;
#2623 = LINE ( 'NONE', #1975, #2624 ) ;
#2624 = VECTOR ( 'NONE', #1947, 1000.000000000000000 ) ;
#2625 = LINE ( 'NONE', #1996, #2641 ) ;
#2626 = LINE ( 'NONE', #1983, #2629 ) ;
#2627 = LINE ( 'NONE', #2016, #2606 ) ;
#2628 = LINE ( 'NONE', #2042, #2630 ) ;
#2629 = VECTOR ( 'NONE', #1984, 1000.000000000000000 ) ;
#2630 = VECTOR ( 'NONE', #2035, 1000.000000000000000 ) ;
#2631 = LINE ( 'NONE', #1990, #2602 ) ;
#2632 = LINE ( 'NONE', #1969, #2587 ) ;
#2633 = LINE ( 'NONE', #2050, #2661 ) ;
#2634 = VECTOR ( 'NONE', #1968, 1000.000000000000000 ) ;
#2635 = VECTOR ( 'NONE', #1976, 1000.000000000000000 ) ;
#2636 = LINE ( 'NONE', #1982, #2637 ) ;
#2637 = VECTOR ( 'NONE', #2003, 1000.000000000000000 ) ;
#2638 = CIRCLE ( 'NONE', #1017, 2.000000000000001800 ) ;
#2639 = VECTOR ( 'NONE', #1966, 1000.000000000000000 ) ;
#2640 = VECTOR ( 'NONE', #1967, 1000.000000000000000 ) ;
#2641 = VECTOR ( 'NONE', #2011, 1000.000000000000000 ) ;
#2642 = LINE ( 'NONE', #1943, #2614 ) ;
#2643 = FACE_OUTER_BOUND ( 'NONE', #1356, .T. ) ;
#2644 = FACE_OUTER_BOUND ( 'NONE', #1366, .T. ) ;
#2645 = FACE_OUTER_BOUND ( 'NONE', #1341, .T. ) ;
#2646 = CYLINDRICAL_SURFACE ( 'NONE', #1018, 1.000000000000000900 ) ;
#2647 = CYLINDRICAL_SURFACE ( 'NONE', #1044, 2.000000000000001800 ) ;
#2648 = FACE_BOUND ( 'NONE', #1277, .T. ) ;
#2649 = FACE_OUTER_BOUND ( 'NONE', #1360, .T. ) ;
#2650 = FACE_OUTER_BOUND ( 'NONE', #1376, .T. ) ;
#2651 = FACE_OUTER_BOUND ( 'NONE', #1339, .T. ) ;
#2652 = FACE_OUTER_BOUND ( 'NONE', #1357, .T. ) ;
#2653 = FACE_OUTER_BOUND ( 'NONE', #1347, .T. ) ;
#2654 = FACE_OUTER_BOUND ( 'NONE', #1406, .T. ) ;
#2655 = FACE_OUTER_BOUND ( 'NONE', #1363, .T. ) ;
#2656 = FACE_OUTER_BOUND ( 'NONE', #1329, .T. ) ;
#2657 = FACE_OUTER_BOUND ( 'NONE', #1355, .T. ) ;
#2658 = FACE_OUTER_BOUND ( 'NONE', #1350, .T. ) ;
#2659 = FACE_OUTER_BOUND ( 'NONE', #1362, .T. ) ;
#2660 = CYLINDRICAL_SURFACE ( 'NONE', #1021, 1.000000000000000700 ) ;
#2661 = VECTOR ( 'NONE', #2019, 1000.000000000000000 ) ;
#2662 = FACE_OUTER_BOUND ( 'NONE', #1365, .T. ) ;
#2663 = FACE_OUTER_BOUND ( 'NONE', #1300, .T. ) ;
#2664 = FACE_OUTER_BOUND ( 'NONE', #1398, .T. ) ;
#2665 = CYLINDRICAL_SURFACE ( 'NONE', #1035, 2.000000000000001800 ) ;
#2666 = FACE_OUTER_BOUND ( 'NONE', #1412, .T. ) ;
#2667 = FACE_OUTER_BOUND ( 'NONE', #1421, .T. ) ;
#2668 = FACE_OUTER_BOUND ( 'NONE', #1424, .T. ) ;
#2669 = FACE_OUTER_BOUND ( 'NONE', #1402, .T. ) ;
#2670 = FACE_OUTER_BOUND ( 'NONE', #1328, .T. ) ;
#2671 = FACE_OUTER_BOUND ( 'NONE', #1332, .T. ) ;
#2672 = FACE_OUTER_BOUND ( 'NONE', #1304, .T. ) ;
#2673 = FACE_OUTER_BOUND ( 'NONE', #1408, .T. ) ;
#2674 = FACE_BOUND ( 'NONE', #1247, .T. ) ;
#2675 = VECTOR ( 'NONE', #2036, 1000.000000000000000 ) ;
#2676 = FACE_OUTER_BOUND ( 'NONE', #1327, .T. ) ;
#2677 = FACE_OUTER_BOUND ( 'NONE', #1399, .T. ) ;
#2678 = CYLINDRICAL_SURFACE ( 'NONE', #1058, 2.000000000000001800 ) ;
#2679 = LINE ( 'NONE', #2034, #2686 ) ;
#2680 = CYLINDRICAL_SURFACE ( 'NONE', #1033, 1.000000000000000900 ) ;
#2681 = FACE_OUTER_BOUND ( 'NONE', #1378, .T. ) ;
#2682 = FACE_OUTER_BOUND ( 'NONE', #1325, .T. ) ;
#2683 = FACE_OUTER_BOUND ( 'NONE', #1373, .T. ) ;
#2684 = FACE_OUTER_BOUND ( 'NONE', #1352, .T. ) ;
#2685 = CYLINDRICAL_SURFACE ( 'NONE', #1060, 0.9999999999999995600 ) ;
#2686 = VECTOR ( 'NONE', #2020, 1000.000000000000000 ) ;
#2687 = FACE_OUTER_BOUND ( 'NONE', #1308, .T. ) ;
#2688 = FACE_OUTER_BOUND ( 'NONE', #1348, .T. ) ;
#2689 = FACE_OUTER_BOUND ( 'NONE', #1396, .T. ) ;
#2690 = FACE_OUTER_BOUND ( 'NONE', #1358, .T. ) ;
#2691 = FACE_OUTER_BOUND ( 'NONE', #1273, .T. ) ;
#2692 = FACE_OUTER_BOUND ( 'NONE', #1326, .T. ) ;
#2693 = LINE ( 'NONE', #2053, #2705 ) ;
#2694 = FACE_OUTER_BOUND ( 'NONE', #1246, .T. ) ;
#2695 = FACE_OUTER_BOUND ( 'NONE', #1426, .T. ) ;
#2696 = LINE ( 'NONE', #2028, #2675 ) ;
#2697 = FACE_OUTER_BOUND ( 'NONE', #1278, .T. ) ;
#2698 = FACE_OUTER_BOUND ( 'NONE', #1391, .T. ) ;
#2699 = FACE_OUTER_BOUND ( 'NONE', #1317, .T. ) ;
#2700 = FACE_OUTER_BOUND ( 'NONE', #1371, .T. ) ;
#2701 = FACE_OUTER_BOUND ( 'NONE', #1342, .T. ) ;
#2702 = CYLINDRICAL_SURFACE ( 'NONE', #1038, 1.000000000000052800 ) ;
#2703 = FACE_OUTER_BOUND ( 'NONE', #1361, .T. ) ;
#2704 = FACE_OUTER_BOUND ( 'NONE', #1369, .T. ) ;
#2705 = VECTOR ( 'NONE', #2026, 1000.000000000000000 ) ;
#2706 = FACE_OUTER_BOUND ( 'NONE', #1316, .T. ) ;
#2707 = FACE_OUTER_BOUND ( 'NONE', #1370, .T. ) ;
#2708 = FACE_OUTER_BOUND ( 'NONE', #1314, .T. ) ;
#2709 = CYLINDRICAL_SURFACE ( 'NONE', #1039, 1.000000000000000000 ) ;
#2710 = FACE_OUTER_BOUND ( 'NONE', #1336, .T. ) ;
#2711 = FACE_OUTER_BOUND ( 'NONE', #1310, .T. ) ;
#2712 = CARTESIAN_POINT ( 'NONE',  ( 10.28242155665836500, -5.686227478945825800, 5.999999999999999100 ) ) ;
#2713 = PLANE ( 'NONE',  #1137 ) ;
#2714 = PLANE ( 'NONE',  #1142 ) ;
#2715 = CARTESIAN_POINT ( 'NONE',  ( 21.00000000000002800, -3.816391647148975600E-014, -4.999999999999999100 ) ) ;
#2716 = PLANE ( 'NONE',  #1129 ) ;
#2717 = DIRECTION ( 'NONE',  ( -1.000000000000000000, 0.0000000000000000000, -0.0000000000000000000 ) ) ;
#2718 = DIRECTION ( 'NONE',  ( -1.000000000000000000, 0.0000000000000000000, -8.673617379884035500E-017 ) ) ;
#2719 = DIRECTION ( 'NONE',  ( 8.673617379884035500E-017, 5.880445856723917500E-032, -1.000000000000000000 ) ) ;
#2720 = CARTESIAN_POINT ( 'NONE',  ( 25.37526150513161800, 37.20368862987782400, -2.999999999999999100 ) ) ;
#2721 = PLANE ( 'NONE',  #1131 ) ;
#2722 = DIRECTION ( 'NONE',  ( 0.7071067811865475700, 0.7071067811865475700, 0.0000000000000000000 ) ) ;
#2723 = CARTESIAN_POINT ( 'NONE',  ( 10.00000000000000200, 6.000000000000007100, 9.000000000000003600 ) ) ;
#2724 = DIRECTION ( 'NONE',  ( 0.7071067811865474600, 0.7071067811865476800, -0.0000000000000000000 ) ) ;
#2725 = PLANE ( 'NONE',  #1121 ) ;
#2726 = DIRECTION ( 'NONE',  ( 0.0000000000000000000, 0.0000000000000000000, 1.000000000000000000 ) ) ;
#2727 = CARTESIAN_POINT ( 'NONE',  ( 9.999999999999998200, 42.00000000000001400, -17.50000000000000000 ) ) ;
#2728 = DIRECTION ( 'NONE',  ( 0.7071067811865473500, 0.7071067811865477900, -4.380838333381090100E-017 ) ) ;
#2729 = DIRECTION ( 'NONE',  ( 1.000000000000000000, 0.0000000000000000000, -0.0000000000000000000 ) ) ;
#2730 = CARTESIAN_POINT ( 'NONE',  ( 10.58921422863444700, 13.77119474397393300, 19.00000000000000700 ) ) ;
#2731 = PLANE ( 'NONE',  #1109 ) ;
#2732 = DIRECTION ( 'NONE',  ( 0.0000000000000000000, 0.0000000000000000000, -1.000000000000000000 ) ) ;
#2733 = DIRECTION ( 'NONE',  ( -1.000000000000000000, -6.779692484893237600E-016, -1.486905836551548800E-016 ) ) ;
#2734 = CARTESIAN_POINT ( 'NONE',  ( 33.99999999999999300, 6.000000000000024000, 17.00000000000000000 ) ) ;
#2735 = CARTESIAN_POINT ( 'NONE',  ( 10.29809703885629400, 5.701902961143716200, 10.00000000000000200 ) ) ;
#2736 = DIRECTION ( 'NONE',  ( -0.7071067811865471300, 0.7071067811865479100, 0.0000000000000000000 ) ) ;
#2737 = CARTESIAN_POINT ( 'NONE',  ( 0.0000000000000000000, 3.181980515339441200, 21.00000000000000000 ) ) ;
#2738 = DIRECTION ( 'NONE',  ( 0.7071067811865473500, 0.7071067811865477900, 0.0000000000000000000 ) ) ;
#2739 = DIRECTION ( 'NONE',  ( 6.779692484893237600E-016, -1.000000000000000000, 0.0000000000000000000 ) ) ;
#2740 = DIRECTION ( 'NONE',  ( -0.7071067811865435800, -0.7071067811865514600, 0.0000000000000000000 ) ) ;
#2741 = DIRECTION ( 'NONE',  ( 1.000000000000000000, 6.779692484893237600E-016, 0.0000000000000000000 ) ) ;
#2742 = CARTESIAN_POINT ( 'NONE',  ( 10.00000000000000200, 6.000000000000007100, 19.00000000000000400 ) ) ;
#2743 = CARTESIAN_POINT ( 'NONE',  ( 16.44023266258734500, 16.44023266258711800, 18.00000000000000400 ) ) ;
#2744 = DIRECTION ( 'NONE',  ( 6.779692484893237600E-016, -1.000000000000000000, 0.0000000000000000000 ) ) ;
#2745 = DIRECTION ( 'NONE',  ( -0.7071067811865475700, 0.7071067811865475700, 0.0000000000000000000 ) ) ;
#2746 = DIRECTION ( 'NONE',  ( -0.7071067811865476800, 0.7071067811865474600, 0.0000000000000000000 ) ) ;
#2747 = DIRECTION ( 'NONE',  ( -1.000000000000000000, 0.0000000000000000000, 0.0000000000000000000 ) ) ;
#2748 = CARTESIAN_POINT ( 'NONE',  ( 42.00000000000000000, 7.851028073651787200, 21.00000000000000000 ) ) ;
#2749 = DIRECTION ( 'NONE',  ( -1.000000000000000000, 0.0000000000000000000, 0.0000000000000000000 ) ) ;
#2750 = DIRECTION ( 'NONE',  ( 0.0000000000000000000, 0.0000000000000000000, 1.000000000000000000 ) ) ;
#2751 = PLANE ( 'NONE',  #1116 ) ;
#2752 = DIRECTION ( 'NONE',  ( 0.0000000000000000000, -0.0000000000000000000, 1.000000000000000000 ) ) ;
#2753 = CARTESIAN_POINT ( 'NONE',  ( 7.851028073651395500, 42.00000000000000700, 21.00000000000000000 ) ) ;
#2754 = PLANE ( 'NONE',  #1112 ) ;
#2755 = PLANE ( 'NONE',  #1128 ) ;
#2756 = PLANE ( 'NONE',  #1122 ) ;
#2757 = CARTESIAN_POINT ( 'NONE',  ( 9.999999999999998200, 42.00000000000001400, -17.50000000000000000 ) ) ;
#2758 = DIRECTION ( 'NONE',  ( 0.7071067811865477900, -0.7071067811865473500, 8.831770080096229600E-017 ) ) ;
#2759 = DIRECTION ( 'NONE',  ( 8.673617379884035500E-017, 5.880445856723917500E-032, -1.000000000000000000 ) ) ;
#2760 = DIRECTION ( 'NONE',  ( 0.7071067811865514600, -0.7071067811865435800, 0.0000000000000000000 ) ) ;
#2761 = DIRECTION ( 'NONE',  ( 1.000000000000000000, 0.0000000000000000000, -0.0000000000000000000 ) ) ;
#2762 = CARTESIAN_POINT ( 'NONE',  ( 2.298097038856268700, 2.298097038856268700, 0.0000000000000000000 ) ) ;
#2763 = DIRECTION ( 'NONE',  ( 0.7071067811865440200, -0.7071067811865510100, -1.570092458683774400E-016 ) ) ;
#2764 = CARTESIAN_POINT ( 'NONE',  ( 37.20368862987781000, 25.37526150513162500, 3.000000000000000400 ) ) ;
#2765 = CARTESIAN_POINT ( 'NONE',  ( 4.585786437626914800, 16.41421356237310600, 3.000000000000000900 ) ) ;
#2766 = CARTESIAN_POINT ( 'NONE',  ( -4.772970773009202400, 0.8838834764831734500, -4.750000000000000900 ) ) ;
#2767 = DIRECTION ( 'NONE',  ( 0.7071067811865475700, 0.7071067811865475700, -0.0000000000000000000 ) ) ;
#2768 = CARTESIAN_POINT ( 'NONE',  ( 35.00000000000000700, -2.775557561562891400E-014, 3.000000000000000000 ) ) ;
#2769 = DIRECTION ( 'NONE',  ( -0.7071067811865475700, 0.7071067811865475700, 4.088782444489017400E-016 ) ) ;
#2770 = DIRECTION ( 'NONE',  ( 0.0000000000000000000, 0.0000000000000000000, -1.000000000000000000 ) ) ;
#2771 = DIRECTION ( 'NONE',  ( 0.0000000000000000000, 0.0000000000000000000, -1.000000000000000000 ) ) ;
#2772 = DIRECTION ( 'NONE',  ( -0.7071067811865480200, 0.7071067811865470200, 0.0000000000000000000 ) ) ;
#2773 = CARTESIAN_POINT ( 'NONE',  ( 16.44023266258734500, 16.44023266258711800, 18.00000000000000400 ) ) ;
#2774 = PLANE ( 'NONE',  #1127 ) ;
#2775 = DIRECTION ( 'NONE',  ( -0.7071067811865477900, 0.7071067811865473500, 1.570092458683775400E-016 ) ) ;
#2776 = DIRECTION ( 'NONE',  ( 0.7071067811865521200, -0.7071067811865430200, 0.0000000000000000000 ) ) ;
#2777 = DIRECTION ( 'NONE',  ( 1.000000000000000000, -4.718447854656915300E-016, -1.110223024625158000E-016 ) ) ;
#2778 = CARTESIAN_POINT ( 'NONE',  ( 9.999999999999992900, 42.00000000000001400, 17.50000000000000000 ) ) ;
#2779 = DIRECTION ( 'NONE',  ( 0.7071067811865430200, 0.7071067811865521200, 0.0000000000000000000 ) ) ;
#2780 = DIRECTION ( 'NONE',  ( -0.7071067811865474600, -0.7071067811865474600, 0.0000000000000000000 ) ) ;
#2781 = DIRECTION ( 'NONE',  ( -1.000000000000000000, 0.0000000000000000000, 0.0000000000000000000 ) ) ;
#2782 = DIRECTION ( 'NONE',  ( 0.7071067811865475700, 0.7071067811865475700, -7.295561377320234000E-032 ) ) ;
#2783 = DIRECTION ( 'NONE',  ( -0.7071067811865475700, 0.7071067811865475700, 0.0000000000000000000 ) ) ;
#2784 = DIRECTION ( 'NONE',  ( 1.000000000000000000, 0.0000000000000000000, 8.673617379884035500E-017 ) ) ;
#2785 = CARTESIAN_POINT ( 'NONE',  ( 0.0000000000000000000, 0.0000000000000000000, 21.00000000000000000 ) ) ;
#2786 = PLANE ( 'NONE',  #1138 ) ;
#2787 = DIRECTION ( 'NONE',  ( -0.7071067811865474600, 0.7071067811865474600, 0.0000000000000000000 ) ) ;
#2788 = PLANE ( 'NONE',  #1120 ) ;
#2789 = DIRECTION ( 'NONE',  ( -1.000000000000000000, -6.938893903907228400E-016, 0.0000000000000000000 ) ) ;
#2790 = CARTESIAN_POINT ( 'NONE',  ( -6.938893903907228400E-015, 35.00000000000000700, 3.000000000000004000 ) ) ;
#2791 = PLANE ( 'NONE',  #1124 ) ;
#2792 = DIRECTION ( 'NONE',  ( -1.000000000000000000, 0.0000000000000000000, 6.195440985631468900E-017 ) ) ;
#2793 = PLANE ( 'NONE',  #1114 ) ;
#2794 = DIRECTION ( 'NONE',  ( 0.7071067811865473500, 0.7071067811865477900, -4.930380657631323800E-032 ) ) ;
#2795 = CARTESIAN_POINT ( 'NONE',  ( 35.78947506750471100, 26.78947506750472500, -2.999999999999984900 ) ) ;
#2796 = CARTESIAN_POINT ( 'NONE',  ( 26.78947506750471400, 35.78947506750472500, 5.000000000000000900 ) ) ;
#2797 = DIRECTION ( 'NONE',  ( 4.718447854656915300E-016, 1.000000000000000000, 0.0000000000000000000 ) ) ;
#2798 = PLANE ( 'NONE',  #1140 ) ;
#2799 = CARTESIAN_POINT ( 'NONE',  ( 2.398567066962342800E-015, 39.17157287525380100, 21.00000000000000000 ) ) ;
#2800 = DIRECTION ( 'NONE',  ( -1.000000000000000000, 0.0000000000000000000, -0.0000000000000000000 ) ) ;
#2801 = DIRECTION ( 'NONE',  ( -1.000000000000000000, 0.0000000000000000000, -0.0000000000000000000 ) ) ;
#2802 = PLANE ( 'NONE',  #1125 ) ;
#2803 = DIRECTION ( 'NONE',  ( -8.673617379884035500E-017, -5.880445856723917500E-032, 1.000000000000000000 ) ) ;
#2804 = PLANE ( 'NONE',  #1141 ) ;
#2805 = CARTESIAN_POINT ( 'NONE',  ( 2.511300474452786700, 38.85444622496041200, -4.999999999999995600 ) ) ;
#2806 = DIRECTION ( 'NONE',  ( -6.195440985631468900E-017, -1.461643261365313800E-031, -1.000000000000000000 ) ) ;
#2807 = CARTESIAN_POINT ( 'NONE',  ( 10.28242155665836500, -5.686227478945825800, -6.000000000000000900 ) ) ;
#2808 = DIRECTION ( 'NONE',  ( 8.673617379884035500E-017, 5.880445856723917500E-032, -1.000000000000000000 ) ) ;
#2809 = DIRECTION ( 'NONE',  ( -0.7071067811865473500, -0.7071067811865477900, 0.0000000000000000000 ) ) ;
#2810 = DIRECTION ( 'NONE',  ( -6.938893903907228400E-016, 1.000000000000000000, -1.031748184493162000E-031 ) ) ;
#2811 = DIRECTION ( 'NONE',  ( 0.7071067811865510100, 0.7071067811865440200, -8.135128085091684200E-031 ) ) ;
#2812 = DIRECTION ( 'NONE',  ( 0.7071067811865476800, 0.7071067811865474600, -0.0000000000000000000 ) ) ;
#2813 = CARTESIAN_POINT ( 'NONE',  ( 42.00000000000000000, 2.828427124746212900, 21.00000000000000000 ) ) ;
#2814 = CARTESIAN_POINT ( 'NONE',  ( -0.3889087296526120800, -3.500178566873417100, 4.749999999999999100 ) ) ;
#2815 = CARTESIAN_POINT ( 'NONE',  ( 9.181980515339493100, 6.000000000000008900, 19.00000000000001100 ) ) ;
#2816 = DIRECTION ( 'NONE',  ( -3.469446951953615200E-016, -2.352178342689567400E-031, -1.000000000000000000 ) ) ;
#2817 = CARTESIAN_POINT ( 'NONE',  ( 9.889087296526035700, 5.292893218813454800, -9.000000000000003600 ) ) ;
#2818 = DIRECTION ( 'NONE',  ( 0.7071067811865436900, 0.7071067811865513500, 0.0000000000000000000 ) ) ;
#2819 = CARTESIAN_POINT ( 'NONE',  ( 8.999999999999976900, -9.838610612416066200E-015, 3.000000000000001300 ) ) ;
#2820 = CARTESIAN_POINT ( 'NONE',  ( 9.767766952966397300, 6.000000000000006200, -9.000000000000001800 ) ) ;
#2821 = CARTESIAN_POINT ( 'NONE',  ( 10.00000000000000200, 6.000000000000007100, 19.00000000000000400 ) ) ;
#2822 = DIRECTION ( 'NONE',  ( -0.7071067811865419100, -0.7071067811865531200, 0.0000000000000000000 ) ) ;
#2823 = CARTESIAN_POINT ( 'NONE',  ( 33.99999999999997900, 6.000000000000024000, -19.00000000000000400 ) ) ;
#2824 = CARTESIAN_POINT ( 'NONE',  ( 38.85444622496041200, 2.511300474452800900, 6.000000000000000000 ) ) ;
#2825 = DIRECTION ( 'NONE',  ( 6.779692484893237600E-016, -1.000000000000000000, -0.0000000000000000000 ) ) ;
#2826 = CARTESIAN_POINT ( 'NONE',  ( 33.33901333170536700, -3.286975131276912900, 4.749999999999999100 ) ) ;
#2827 = DIRECTION ( 'NONE',  ( -0.7071067811865531200, 0.7071067811865419100, 0.0000000000000000000 ) ) ;
#2828 = DIRECTION ( 'NONE',  ( 0.7071067811865511300, 0.7071067811865440200, -8.258387601532469100E-031 ) ) ;
#2829 = CARTESIAN_POINT ( 'NONE',  ( 9.181980515339489600, 6.000000000000008900, -10.00000000000000200 ) ) ;
#2830 = CARTESIAN_POINT ( 'NONE',  ( 9.181980515339493100, 6.000000000000006200, 18.58578643762690800 ) ) ;
#2831 = CARTESIAN_POINT ( 'NONE',  ( -3.286975131276928400, 33.33901333170536700, -4.749999999999998200 ) ) ;
#2832 = DIRECTION ( 'NONE',  ( 0.7071067811865517900, -0.7071067811865431300, 0.0000000000000000000 ) ) ;
#2833 = DIRECTION ( 'NONE',  ( -0.7071067811865517900, 0.7071067811865431300, 0.0000000000000000000 ) ) ;
#2834 = CARTESIAN_POINT ( 'NONE',  ( 9.181980515339493100, 6.000000000000008900, 18.00000000000000400 ) ) ;
#2835 = DIRECTION ( 'NONE',  ( 6.779692484893237600E-016, -1.000000000000000000, -0.0000000000000000000 ) ) ;
#2836 = CARTESIAN_POINT ( 'NONE',  ( 10.59619407771258700, 6.000000000000007100, 19.00000000000000400 ) ) ;
#2837 = CARTESIAN_POINT ( 'NONE',  ( 36.00000000000000000, 6.000000000000024000, -16.99999999999998900 ) ) ;
#2838 = DIRECTION ( 'NONE',  ( 1.000000000000000000, 6.779692484893239600E-016, 0.0000000000000000000 ) ) ;
#2839 = CARTESIAN_POINT ( 'NONE',  ( 10.59619407771258700, 6.000000000000007100, -9.000000000000003600 ) ) ;
#2840 = CARTESIAN_POINT ( 'NONE',  ( 3.889087296526011700, -0.7071067811865684400, -19.00000000000000400 ) ) ;
#2841 = CARTESIAN_POINT ( 'NONE',  ( 4.136574669941289500, 3.288046532517439900, 5.999999999999999100 ) ) ;
#2842 = CARTESIAN_POINT ( 'NONE',  ( 9.181980515339493100, 6.000000000000008900, -19.00000000000001100 ) ) ;
#2843 = DIRECTION ( 'NONE',  ( -3.469446951953615200E-016, -2.352178342689567400E-031, 1.000000000000000000 ) ) ;
#2844 = DIRECTION ( 'NONE',  ( -0.7071067811865472400, -0.7071067811865479100, -3.697785493223493400E-032 ) ) ;
#2845 = DIRECTION ( 'NONE',  ( -0.7071067811865474600, -0.7071067811865474600, 7.395570986446986800E-032 ) ) ;
#2846 = DIRECTION ( 'NONE',  ( 0.7071067811865472400, 0.7071067811865479100, 3.697785493223493400E-032 ) ) ;
#2847 = CARTESIAN_POINT ( 'NONE',  ( 9.181980515339493100, 6.000000000000006200, -9.414213562373097600 ) ) ;
#2848 = CARTESIAN_POINT ( 'NONE',  ( 40.26865978733351900, 1.097086912079714400, -6.000000000000000000 ) ) ;
#2849 = DIRECTION ( 'NONE',  ( 0.7071067811865474600, 0.7071067811865474600, -0.0000000000000000000 ) ) ;
#2850 = DIRECTION ( 'NONE',  ( -0.7071067811865474600, -0.7071067811865474600, 0.0000000000000000000 ) ) ;
#2851 = CARTESIAN_POINT ( 'NONE',  ( 9.767766952966397300, 6.000000000000006200, 19.00000000000000400 ) ) ;
#2852 = CARTESIAN_POINT ( 'NONE',  ( 9.181980515339493100, 6.000000000000008900, -18.00000000000000400 ) ) ;
#2853 = DIRECTION ( 'NONE',  ( 1.000000000000000000, 8.673617379884027600E-016, 0.0000000000000000000 ) ) ;
#2854 = DIRECTION ( 'NONE',  ( 0.7071067811865474600, 0.7071067811865474600, -0.0000000000000000000 ) ) ;
#2855 = CARTESIAN_POINT ( 'NONE',  ( 38.85444622496041200, 2.511300474452804500, 5.000000000000000000 ) ) ;
#2856 = DIRECTION ( 'NONE',  ( 0.0000000000000000000, 0.0000000000000000000, 1.000000000000000000 ) ) ;
#2857 = CARTESIAN_POINT ( 'NONE',  ( 36.00000000000000700, 6.000000000000024000, -11.00000000000001800 ) ) ;
#2858 = DIRECTION ( 'NONE',  ( -1.000000000000000000, -8.673617379884027600E-016, 0.0000000000000000000 ) ) ;
#2859 = DIRECTION ( 'NONE',  ( -1.000000000000000000, 4.559246435642925500E-016, 1.110223024625157000E-016 ) ) ;
#2860 = DIRECTION ( 'NONE',  ( 2.338800386392613400E-016, 1.000000000000000000, 1.110223024625155900E-016 ) ) ;
#2861 = CARTESIAN_POINT ( 'NONE',  ( 6.000000000000007100, 36.00000000000001400, -11.00000000000001400 ) ) ;
#2862 = CARTESIAN_POINT ( 'NONE',  ( 36.00000000000000700, 6.000000000000024000, 11.00000000000001800 ) ) ;
#2863 = CARTESIAN_POINT ( 'NONE',  ( 36.17157287525382300, 1.242640687119289900, 5.000000000000009800 ) ) ;
#2864 = DIRECTION ( 'NONE',  ( 0.7071067811865511300, 0.7071067811865440200, -8.258387601532469100E-031 ) ) ;
#2865 = DIRECTION ( 'NONE',  ( 6.779692484893237600E-016, -1.000000000000000000, -0.0000000000000000000 ) ) ;
#2866 = CARTESIAN_POINT ( 'NONE',  ( 0.8838834764831743400, -4.772970773009202400, -4.750000000000001800 ) ) ;
#2867 = CARTESIAN_POINT ( 'NONE',  ( 19.00000000000000000, 10.00000000000001200, -2.999999999999998200 ) ) ;
#2868 = DIRECTION ( 'NONE',  ( 0.7071067811865474600, 0.7071067811865474600, -4.380838333381093800E-017 ) ) ;
#2869 = DIRECTION ( 'NONE',  ( -0.7358823077175455900, -0.6771094661783273500, -2.878738267365292600E-016 ) ) ;
#2870 = DIRECTION ( 'NONE',  ( 0.7071067811865438000, 0.7071067811865513500, 0.0000000000000000000 ) ) ;
#2871 = DIRECTION ( 'NONE',  ( -0.7071067811865514600, 0.7071067811865436900, 0.0000000000000000000 ) ) ;
#2872 = CARTESIAN_POINT ( 'NONE',  ( 34.00000000000000000, 6.000000000000024000, -11.00000000000000400 ) ) ;
#2873 = CARTESIAN_POINT ( 'NONE',  ( -3.286975131276927500, 33.33901333170536700, 4.750000000000003600 ) ) ;
#2874 = DIRECTION ( 'NONE',  ( 1.156482317317876900E-015, 5.135813185032653200E-031, -1.000000000000000000 ) ) ;
#2875 = CARTESIAN_POINT ( 'NONE',  ( -3.145553775039624100, 33.19759197546805800, 6.000000000000004400 ) ) ;
#2876 = DIRECTION ( 'NONE',  ( 1.156482317317876900E-015, 5.135813185032653200E-031, 1.000000000000000000 ) ) ;
#2877 = CARTESIAN_POINT ( 'NONE',  ( 6.000000000000003600, 10.00000000000000000, 9.000000000000005300 ) ) ;
#2878 = CARTESIAN_POINT ( 'NONE',  ( 37.00000000000001400, 2.071067811865490200, 2.999999999999985800 ) ) ;
#2879 = CARTESIAN_POINT ( 'NONE',  ( 37.00000000000002800, 2.071067811865498200, 4.171572875253809300 ) ) ;
#2880 = DIRECTION ( 'NONE',  ( -0.7071067811865481300, 0.7071067811865469100, 1.570092458683774700E-016 ) ) ;
#2881 = CARTESIAN_POINT ( 'NONE',  ( 19.00000000000000700, 10.00000000000001400, -2.999999999999984900 ) ) ;
#2882 = CARTESIAN_POINT ( 'NONE',  ( 0.8838834764831743400, -4.772970773009202400, -4.750000000000001800 ) ) ;
#2883 = CARTESIAN_POINT ( 'NONE',  ( 6.000000000000007100, 36.00000000000000700, -16.99999999999998600 ) ) ;
#2884 = DIRECTION ( 'NONE',  ( 0.7071067811865511300, 0.7071067811865440200, -8.258387601532469100E-031 ) ) ;
#2885 = DIRECTION ( 'NONE',  ( -1.000000000000000000, 4.559246435642925500E-016, 1.110223024625157000E-016 ) ) ;
#2886 = CARTESIAN_POINT ( 'NONE',  ( 36.00000000000000700, 6.000000000000024000, -11.00000000000001800 ) ) ;
#2887 = DIRECTION ( 'NONE',  ( 7.158016869293778700E-017, 1.972106688478898300E-017, -1.000000000000000000 ) ) ;
#2888 = CARTESIAN_POINT ( 'NONE',  ( 33.99999999999999300, 6.000000000000024000, 17.00000000000000000 ) ) ;
#2889 = DIRECTION ( 'NONE',  ( -6.779692484893237600E-016, 1.000000000000000000, -0.0000000000000000000 ) ) ;
#2890 = CARTESIAN_POINT ( 'NONE',  ( 6.000000000000000000, 10.00000000000000400, -19.00000000000000400 ) ) ;
#2891 = CARTESIAN_POINT ( 'NONE',  ( 38.99586758119772200, 2.369879118215498300, -4.750000000000002700 ) ) ;
#2892 = DIRECTION ( 'NONE',  ( -0.7071067811865532300, 0.7071067811865416900, -4.818676322157790500E-016 ) ) ;
#2893 = CARTESIAN_POINT ( 'NONE',  ( 34.99999999999999300, 0.07106781186545395300, 4.999999999999992900 ) ) ;
#2894 = DIRECTION ( 'NONE',  ( 6.779692484893237600E-016, -1.000000000000000000, -0.0000000000000000000 ) ) ;
#2895 = CARTESIAN_POINT ( 'NONE',  ( 19.00000000000000700, 10.00000000000001400, 3.000000000000001300 ) ) ;
#2896 = CARTESIAN_POINT ( 'NONE',  ( 27.96446609406734400, -6.964466094067276500, 5.000000000000000000 ) ) ;
#2897 = CARTESIAN_POINT ( 'NONE',  ( 4.136574669941287800, 3.288046532517441300, -6.000000000000000900 ) ) ;
#2898 = DIRECTION ( 'NONE',  ( -0.7071067811865472400, -0.7071067811865479100, -3.697785493223493400E-032 ) ) ;
#2899 = CARTESIAN_POINT ( 'NONE',  ( -0.3889087296526138000, -3.500178566873416200, -4.750000000000000900 ) ) ;
#2900 = DIRECTION ( 'NONE',  ( 0.7071067811865420200, -0.7071067811865531200, -6.388768780841565400E-016 ) ) ;
#2901 = DIRECTION ( 'NONE',  ( 0.7071067811865438000, 0.7071067811865513500, 0.0000000000000000000 ) ) ;
#2902 = CARTESIAN_POINT ( 'NONE',  ( 33.33901333170536700, -3.286975131276912900, 4.749999999999999100 ) ) ;
#2903 = CARTESIAN_POINT ( 'NONE',  ( 9.181980515339493100, 6.000000000000008900, -18.00000000000000400 ) ) ;
#2904 = DIRECTION ( 'NONE',  ( 0.7071067811865472400, 0.7071067811865479100, 3.697785493223493400E-032 ) ) ;
#2905 = DIRECTION ( 'NONE',  ( 0.7071067811865474600, 0.7071067811865474600, -7.295561377320234000E-032 ) ) ;
#2906 = CARTESIAN_POINT ( 'NONE',  ( 10.00000000000000200, 6.000000000000007100, 9.000000000000003600 ) ) ;
#2907 = DIRECTION ( 'NONE',  ( -0.7071067811865436900, -0.7071067811865513500, 7.295561377320273400E-032 ) ) ;
#2908 = DIRECTION ( 'NONE',  ( -2.338800386392612400E-016, -1.000000000000000000, -1.110223024625155800E-016 ) ) ;
#2909 = CARTESIAN_POINT ( 'NONE',  ( 38.14733944377385900, 3.218407255639349700, -4.999999999999992900 ) ) ;
#2910 = CARTESIAN_POINT ( 'NONE',  ( 9.181980515339493100, 6.000000000000007100, -18.58578643762690400 ) ) ;
#2911 = CARTESIAN_POINT ( 'NONE',  ( 19.00000000000000700, 10.00000000000001600, 4.171572875253810200 ) ) ;
#2912 = CARTESIAN_POINT ( 'NONE',  ( -3.286975131276928400, 33.33901333170536700, -4.749999999999998200 ) ) ;
#2913 = DIRECTION ( 'NONE',  ( -0.7071067811865474600, -0.7071067811865474600, 0.0000000000000000000 ) ) ;
#2914 = DIRECTION ( 'NONE',  ( 0.7071067811865532300, -0.7071067811865416900, 0.0000000000000000000 ) ) ;
#2915 = CARTESIAN_POINT ( 'NONE',  ( 20.41421356237310600, 8.585786437626925500, 5.000000000000000000 ) ) ;
#2916 = CARTESIAN_POINT ( 'NONE',  ( 38.85444622496041200, 2.511300474452804500, -5.000000000000000000 ) ) ;
#2917 = CARTESIAN_POINT ( 'NONE',  ( 33.19759197546805800, -3.145553775039608100, -6.000000000000000900 ) ) ;
#2918 = CARTESIAN_POINT ( 'NONE',  ( 38.99586758119772200, 2.369879118215498300, 4.749999999999999100 ) ) ;
#2919 = CARTESIAN_POINT ( 'NONE',  ( 3.181980515339460200, -1.817122841085705400E-014, -10.00000000000000200 ) ) ;
#2920 = CARTESIAN_POINT ( 'NONE',  ( 10.59619407771258500, 6.000000000000007100, -19.00000000000000400 ) ) ;
#2921 = DIRECTION ( 'NONE',  ( -0.7071067811865514600, 0.7071067811865436900, 0.0000000000000000000 ) ) ;
#2922 = CARTESIAN_POINT ( 'NONE',  ( 32.49048519428150400, -2.438446993853062800, 4.999999999999992900 ) ) ;
#2923 = CARTESIAN_POINT ( 'NONE',  ( 37.00000000000001400, 2.071067811865491000, -2.999999999999985800 ) ) ;
#2924 = DIRECTION ( 'NONE',  ( 0.7071067811865532300, -0.7071067811865416900, 0.0000000000000000000 ) ) ;
#2925 = DIRECTION ( 'NONE',  ( 0.7071067811865436900, 0.7071067811865513500, -0.0000000000000000000 ) ) ;
#2926 = CARTESIAN_POINT ( 'NONE',  ( 9.767766952966392000, 6.000000000000007100, -19.00000000000000400 ) ) ;
#2927 = DIRECTION ( 'NONE',  ( 0.0000000000000000000, 0.0000000000000000000, 1.000000000000000000 ) ) ;
#2928 = CARTESIAN_POINT ( 'NONE',  ( 21.82842712474619900, 10.00000000000001400, 5.000000000000000000 ) ) ;
#2929 = CARTESIAN_POINT ( 'NONE',  ( 20.17157287525381500, 10.00000000000001600, 5.000000000000000900 ) ) ;
#2930 = DIRECTION ( 'NONE',  ( 0.0000000000000000000, 0.0000000000000000000, 1.000000000000000000 ) ) ;
#2931 = DIRECTION ( 'NONE',  ( -0.7071067811865473500, -0.7071067811865477900, 4.380838333381091300E-017 ) ) ;
#2932 = DIRECTION ( 'NONE',  ( 0.7071067811865436900, 0.7071067811865513500, -0.0000000000000000000 ) ) ;
#2933 = CARTESIAN_POINT ( 'NONE',  ( 33.33901333170536700, -3.286975131276912900, 4.749999999999999100 ) ) ;
#2934 = CARTESIAN_POINT ( 'NONE',  ( -3.500178566873416200, -0.3889087296526138000, -4.750000000000000900 ) ) ;
#2935 = CARTESIAN_POINT ( 'NONE',  ( 6.000000000000001800, 10.59619407771258700, -9.000000000000001800 ) ) ;
#2936 = DIRECTION ( 'NONE',  ( 0.0000000000000000000, 0.0000000000000000000, 1.000000000000000000 ) ) ;
#2937 = DIRECTION ( 'NONE',  ( 6.779692484893237600E-016, -1.000000000000000000, -0.0000000000000000000 ) ) ;
#2938 = DIRECTION ( 'NONE',  ( 8.673617379884035500E-017, 5.880445856723917500E-032, -1.000000000000000000 ) ) ;
#2939 = CARTESIAN_POINT ( 'NONE',  ( 9.767766952966395500, 6.000000000000008000, 9.000000000000001800 ) ) ;
#2940 = CARTESIAN_POINT ( 'NONE',  ( 33.99999999999998600, 6.000000000000024000, -9.000000000000003600 ) ) ;
#2941 = CARTESIAN_POINT ( 'NONE',  ( 10.00000000000000900, 19.00000000000001100, 3.000000000000000400 ) ) ;
#2942 = CARTESIAN_POINT ( 'NONE',  ( 5.999999999999996400, 9.181980515339486000, -10.00000000000000200 ) ) ;
#2943 = CARTESIAN_POINT ( 'NONE',  ( 9.181980515339491300, 6.000000000000008000, 9.414213562373097600 ) ) ;
#2944 = DIRECTION ( 'NONE',  ( 0.7071067811865474600, 0.7071067811865474600, -0.0000000000000000000 ) ) ;
#2945 = DIRECTION ( 'NONE',  ( 1.000000000000000000, -4.559246435642925500E-016, -1.110223024625157000E-016 ) ) ;
#2946 = DIRECTION ( 'NONE',  ( -0.7071067811865420200, 0.7071067811865531200, 1.570092458683774700E-016 ) ) ;
#2947 = CARTESIAN_POINT ( 'NONE',  ( -8.911274496092858000E-015, 8.999999999999991100, -2.999999999999997800 ) ) ;
#2948 = CARTESIAN_POINT ( 'NONE',  ( 9.181980515339489600, 6.000000000000008900, 10.00000000000000200 ) ) ;
#2949 = CARTESIAN_POINT ( 'NONE',  ( -3.286975131276927500, 33.33901333170536700, 4.750000000000003600 ) ) ;
#2950 = DIRECTION ( 'NONE',  ( -1.000000000000000000, -6.779692484893237600E-016, 0.0000000000000000000 ) ) ;
#2951 = CARTESIAN_POINT ( 'NONE',  ( 9.181980515339489600, 6.000000000000008000, 10.00000000000000200 ) ) ;
#2952 = DIRECTION ( 'NONE',  ( 1.110223024625156800E-016, -1.110223024625156500E-016, 1.000000000000000000 ) ) ;
#2953 = DIRECTION ( 'NONE',  ( 0.7071067811865436900, 0.7071067811865513500, -0.0000000000000000000 ) ) ;
#2954 = DIRECTION ( 'NONE',  ( 0.7071067811865474600, 0.7071067811865474600, -0.0000000000000000000 ) ) ;
#2955 = DIRECTION ( 'NONE',  ( -0.0000000000000000000, -0.0000000000000000000, 1.000000000000000000 ) ) ;
#2956 = CARTESIAN_POINT ( 'NONE',  ( 10.00000000000000200, 6.000000000000007100, -19.00000000000000400 ) ) ;
#2957 = DIRECTION ( 'NONE',  ( -1.000000000000000000, 0.0000000000000000000, 0.0000000000000000000 ) ) ;
#2958 = CARTESIAN_POINT ( 'NONE',  ( 5.999999999999994700, 9.767766952966393700, -9.000000000000000000 ) ) ;
#2959 = CARTESIAN_POINT ( 'NONE',  ( 10.59619407771258500, 6.000000000000007100, 9.000000000000003600 ) ) ;
#2960 = CARTESIAN_POINT ( 'NONE',  ( -0.7071067811865708900, 3.889087296526010800, -9.000000000000001800 ) ) ;
#2961 = CARTESIAN_POINT ( 'NONE',  ( -2.438446993853076600, 32.49048519428150400, -4.999999999999989300 ) ) ;
#2962 = DIRECTION ( 'NONE',  ( 0.7071067811865473500, 0.7071067811865477900, -4.930380657631323800E-032 ) ) ;
#2963 = DIRECTION ( 'NONE',  ( 4.336808689942013800E-016, 1.000000000000000000, 0.0000000000000000000 ) ) ;
#2964 = CARTESIAN_POINT ( 'NONE',  ( 17.11734212876567100, 15.70435035486957400, -18.00000000000000400 ) ) ;
#2965 = DIRECTION ( 'NONE',  ( -0.7071067811865473500, -0.7071067811865477900, -1.232595164407830900E-032 ) ) ;
#2966 = CARTESIAN_POINT ( 'NONE',  ( 4.136574669941287800, 3.288046532517441300, -6.000000000000000900 ) ) ;
#2967 = CARTESIAN_POINT ( 'NONE',  ( 33.19759197546805800, -3.145553775039610300, 6.000000000000000000 ) ) ;
#2968 = DIRECTION ( 'NONE',  ( 1.000000000000000000, 6.779692484893239600E-016, 0.0000000000000000000 ) ) ;
#2969 = CARTESIAN_POINT ( 'NONE',  ( 16.44023266258734500, 16.44023266258711800, 18.00000000000000400 ) ) ;
#2970 = CARTESIAN_POINT ( 'NONE',  ( 5.999999999999994700, 9.181980515339486000, -9.414213562373097600 ) ) ;
#2971 = CARTESIAN_POINT ( 'NONE',  ( 9.889087296526039200, 5.292893218813458300, 19.00000000000000400 ) ) ;
#2972 = CARTESIAN_POINT ( 'NONE',  ( 6.000000000000006200, 34.00000000000000000, -16.99999999999999600 ) ) ;
#2973 = CARTESIAN_POINT ( 'NONE',  ( 23.86485386504603700, 25.98617420860554700, -18.00000000000000700 ) ) ;
#2974 = CARTESIAN_POINT ( 'NONE',  ( 6.000000000000007100, 33.99999999999999300, -9.000000000000000000 ) ) ;
#2975 = CARTESIAN_POINT ( 'NONE',  ( 5.999999999999995600, 9.181980515339489600, -18.00000000000000400 ) ) ;
#2976 = DIRECTION ( 'NONE',  ( -0.7071067811865473500, -0.7071067811865477900, -2.465190328815661900E-032 ) ) ;
#2977 = CARTESIAN_POINT ( 'NONE',  ( 33.99999999999997900, 6.000000000000024000, 19.00000000000000400 ) ) ;
#2978 = DIRECTION ( 'NONE',  ( 6.779692484893237600E-016, -1.000000000000000000, -0.0000000000000000000 ) ) ;
#2979 = DIRECTION ( 'NONE',  ( -1.000000000000000000, 4.559246435642925500E-016, 1.110223024625157000E-016 ) ) ;
#2980 = CARTESIAN_POINT ( 'NONE',  ( 36.00000000000000700, 6.000000000000024000, 11.00000000000001800 ) ) ;
#2981 = CARTESIAN_POINT ( 'NONE',  ( 33.33901333170536700, -3.286975131276912900, -4.750000000000002700 ) ) ;
#2982 = CARTESIAN_POINT ( 'NONE',  ( 6.000000000000010700, 36.00000000000000700, 16.99999999999999300 ) ) ;
#2983 = DIRECTION ( 'NONE',  ( 8.673617379884035500E-017, 5.880445856723917500E-032, 1.000000000000000000 ) ) ;
#2984 = CARTESIAN_POINT ( 'NONE',  ( 10.00000000000000200, 6.000000000000007100, -9.000000000000003600 ) ) ;
#2985 = CARTESIAN_POINT ( 'NONE',  ( 6.000000000000006200, 33.99999999999998600, -19.00000000000000000 ) ) ;
#2986 = DIRECTION ( 'NONE',  ( 0.7071067811865511300, 0.7071067811865440200, -8.258387601532469100E-031 ) ) ;
#2987 = DIRECTION ( 'NONE',  ( -1.000000000000000000, -6.779692484893237600E-016, -0.0000000000000000000 ) ) ;
#2988 = DIRECTION ( 'NONE',  ( -0.7071067811865532300, 0.7071067811865416900, -4.818676322157790500E-016 ) ) ;
#2989 = CARTESIAN_POINT ( 'NONE',  ( 3.889087296526009900, -0.7071067811865684400, 9.000000000000003600 ) ) ;
#2990 = CARTESIAN_POINT ( 'NONE',  ( 5.999999999999995600, 9.181980515339489600, -19.00000000000000700 ) ) ;
#2991 = DIRECTION ( 'NONE',  ( -1.000000000000000000, 4.559246435642925500E-016, 1.110223024625157000E-016 ) ) ;
#2992 = CARTESIAN_POINT ( 'NONE',  ( 33.99999999999998600, 6.000000000000024000, 9.000000000000003600 ) ) ;
#2993 = CARTESIAN_POINT ( 'NONE',  ( 6.000000000000000000, 10.59619407771259100, -19.00000000000000400 ) ) ;
#2994 = DIRECTION ( 'NONE',  ( 0.6771094661783257900, 0.7358823077175471500, -2.878738267365287100E-016 ) ) ;
#2995 = CARTESIAN_POINT ( 'NONE',  ( 5.999999999999994700, 9.181980515339484200, -10.00000000000000200 ) ) ;
#2996 = DIRECTION ( 'NONE',  ( -0.7071067811865474600, -0.7071067811865474600, 0.0000000000000000000 ) ) ;
#2997 = DIRECTION ( 'NONE',  ( 1.110223024625154900E-016, -4.579669976578773700E-016, 1.000000000000000000 ) ) ;
#2998 = CARTESIAN_POINT ( 'NONE',  ( 5.999999999999993800, 9.181980515339491300, -18.58578643762691500 ) ) ;
#2999 = CARTESIAN_POINT ( 'NONE',  ( 3.181980515339462900, -2.086004979862110500E-014, 18.00000000000000400 ) ) ;
#3000 = DIRECTION ( 'NONE',  ( -0.7071067811865474600, -0.7071067811865474600, 0.0000000000000000000 ) ) ;
#3001 = DIRECTION ( 'NONE',  ( 0.7071067811865473500, 0.7071067811865477900, 2.465190328815661900E-032 ) ) ;
#3002 = CARTESIAN_POINT ( 'NONE',  ( 6.000000000000008900, 33.99999999999999300, 9.000000000000007100 ) ) ;
#3003 = DIRECTION ( 'NONE',  ( -1.000000000000000000, 4.559246435642925500E-016, 1.110223024625157000E-016 ) ) ;
#3004 = DIRECTION ( 'NONE',  ( 6.779692484893237600E-016, -1.000000000000000000, -0.0000000000000000000 ) ) ;
#3005 = DIRECTION ( 'NONE',  ( 2.338800386392613400E-016, 1.000000000000000000, 1.110223024625155900E-016 ) ) ;
#3006 = DIRECTION ( 'NONE',  ( -1.000000000000000000, 4.559246435642925500E-016, 1.110223024625157000E-016 ) ) ;
#3007 = CARTESIAN_POINT ( 'NONE',  ( 6.000000000000004400, 10.00000000000000000, 19.00000000000000400 ) ) ;
#3008 = CARTESIAN_POINT ( 'NONE',  ( 5.999999999999994700, 9.767766952966399100, -19.00000000000000700 ) ) ;
#3009 = CARTESIAN_POINT ( 'NONE',  ( -2.501142831246470000E-014, 3.181980515339465600, -18.00000000000000400 ) ) ;
#3010 = DIRECTION ( 'NONE',  ( 6.779692484893237600E-016, -1.000000000000000000, -0.0000000000000000000 ) ) ;
#3011 = PLANE ( 'NONE',  #1089 ) ;
#3012 = PLANE ( 'NONE',  #1108 ) ;
#3013 = CARTESIAN_POINT ( 'NONE',  ( 20.36218500164369200, 17.18020448630420600, 19.00000000000000700 ) ) ;
#3014 = DIRECTION ( 'NONE',  ( 0.7071067811865475700, -0.7071067811865475700, -2.453269466693398100E-016 ) ) ;
#3015 = DIRECTION ( 'NONE',  ( -0.7071067811865476800, 0.7071067811865474600, 0.0000000000000000000 ) ) ;
#3016 = DIRECTION ( 'NONE',  ( -1.000000000000000000, 0.0000000000000000000, -0.0000000000000000000 ) ) ;
#3017 = DIRECTION ( 'NONE',  ( -0.7071067811865419100, 0.7071067811865531200, 1.570092458683774400E-016 ) ) ;
#3018 = DIRECTION ( 'NONE',  ( 0.7071067811865476800, 0.7071067811865474600, 0.0000000000000000000 ) ) ;
#3019 = DIRECTION ( 'NONE',  ( 0.0000000000000000000, -1.000000000000000000, 0.0000000000000000000 ) ) ;
#3020 = CARTESIAN_POINT ( 'NONE',  ( 10.58921422863444300, 13.77119474397394000, -19.00000000000000700 ) ) ;
#3021 = PLANE ( 'NONE',  #1063 ) ;
#3022 = DIRECTION ( 'NONE',  ( 6.779692484893237600E-016, -1.000000000000000000, 0.0000000000000000000 ) ) ;
#3023 = DIRECTION ( 'NONE',  ( -0.7071067811865484600, 0.7071067811865468000, 0.0000000000000000000 ) ) ;
#3024 = PLANE ( 'NONE',  #1070 ) ;
#3025 = PLANE ( 'NONE',  #1066 ) ;
#3026 = DIRECTION ( 'NONE',  ( 0.7071067811865473500, 0.7071067811865477900, 1.232595164407830900E-032 ) ) ;
#3027 = PLANE ( 'NONE',  #1105 ) ;
#3028 = CARTESIAN_POINT ( 'NONE',  ( 33.19759197546805800, -3.145553775039610300, 6.000000000000000000 ) ) ;
#3029 = CARTESIAN_POINT ( 'NONE',  ( 15.02601910021421000, 15.02601910021394400, -3.037114485100895500E-029 ) ) ;
#3030 = CARTESIAN_POINT ( 'NONE',  ( 16.44023266258734500, 16.44023266258711800, -18.00000000000000400 ) ) ;
#3031 = DIRECTION ( 'NONE',  ( -0.7071067811865531200, -0.7071067811865419100, 1.269573019340065900E-030 ) ) ;
#3032 = DIRECTION ( 'NONE',  ( 8.673617379884035500E-017, 5.880445856723917500E-032, 1.000000000000000000 ) ) ;
#3033 = PLANE ( 'NONE',  #1064 ) ;
#3034 = DIRECTION ( 'NONE',  ( 1.000000000000000000, 0.0000000000000000000, -0.0000000000000000000 ) ) ;
#3035 = DIRECTION ( 'NONE',  ( 8.673617379884035500E-017, 5.880445856723917500E-032, -1.000000000000000000 ) ) ;
#3036 = DIRECTION ( 'NONE',  ( -0.7071067811865513500, 0.7071067811865436900, 0.0000000000000000000 ) ) ;
#3037 = DIRECTION ( 'NONE',  ( 1.000000000000000000, 0.0000000000000000000, 0.0000000000000000000 ) ) ;
#3038 = CARTESIAN_POINT ( 'NONE',  ( 16.44023266258734500, 16.44023266258711800, 18.00000000000000400 ) ) ;
#3039 = DIRECTION ( 'NONE',  ( 0.0000000000000000000, 0.0000000000000000000, 1.000000000000000000 ) ) ;
#3040 = CARTESIAN_POINT ( 'NONE',  ( -4.772970773009202400, 0.8838834764831734500, -4.750000000000000900 ) ) ;
#3041 = DIRECTION ( 'NONE',  ( 0.7071067811865474600, 0.7071067811865476800, -0.0000000000000000000 ) ) ;
#3042 = CARTESIAN_POINT ( 'NONE',  ( 2.828427124746173900, 42.00000000000000700, 21.00000000000000000 ) ) ;
#3043 = CARTESIAN_POINT ( 'NONE',  ( 0.0000000000000000000, 0.0000000000000000000, -21.00000000000000000 ) ) ;
#3044 = DIRECTION ( 'NONE',  ( -1.000000000000000000, 0.0000000000000000000, -8.673617379884035500E-017 ) ) ;
#3045 = CARTESIAN_POINT ( 'NONE',  ( 9.882107447447896900, 14.47830152516048100, 10.00000000000000500 ) ) ;
#3046 = PLANE ( 'NONE',  #1102 ) ;
#3047 = PLANE ( 'NONE',  #1036 ) ;
#3048 = DIRECTION ( 'NONE',  ( 0.0000000000000000000, -0.0000000000000000000, -1.000000000000000000 ) ) ;
#3049 = PLANE ( 'NONE',  #1094 ) ;
#3050 = CARTESIAN_POINT ( 'NONE',  ( 33.99999999999999300, 6.000000000000024000, -17.00000000000000000 ) ) ;
#3051 = DIRECTION ( 'NONE',  ( 1.000000000000000000, 6.779692484893237600E-016, 0.0000000000000000000 ) ) ;
#3052 = DIRECTION ( 'NONE',  ( -0.7071067811865477900, 0.7071067811865473500, 4.023361925377174500E-016 ) ) ;
#3053 = DIRECTION ( 'NONE',  ( 0.7071067811865474600, -0.7071067811865476800, -1.936791684231631700E-016 ) ) ;
#3054 = DIRECTION ( 'NONE',  ( 0.0000000000000000000, 0.0000000000000000000, -1.000000000000000000 ) ) ;
#3055 = PLANE ( 'NONE',  #1072 ) ;
#3056 = CARTESIAN_POINT ( 'NONE',  ( 32.49048519428150400, -2.438446993853062000, -4.999999999999992900 ) ) ;
#3057 = DIRECTION ( 'NONE',  ( -0.7071067811865436900, -0.7071067811865513500, 0.0000000000000000000 ) ) ;
#3058 = DIRECTION ( 'NONE',  ( -0.7071067811865473500, -0.7071067811865477900, 0.0000000000000000000 ) ) ;
#3059 = CARTESIAN_POINT ( 'NONE',  ( 0.0000000000000000000, 3.181980515339441200, 21.00000000000000000 ) ) ;
#3060 = PLANE ( 'NONE',  #1093 ) ;
#3061 = DIRECTION ( 'NONE',  ( -1.156482317317876900E-015, 0.0000000000000000000, 1.000000000000000000 ) ) ;
#3062 = DIRECTION ( 'NONE',  ( 2.338800386392612400E-016, 1.000000000000000000, 1.110223024625155800E-016 ) ) ;
#3063 = CARTESIAN_POINT ( 'NONE',  ( 9.882107447447893400, 14.47830152516048800, -18.00000000000000400 ) ) ;
#3064 = DIRECTION ( 'NONE',  ( 0.7071067811865474600, -0.7071067811865476800, 0.0000000000000000000 ) ) ;
#3065 = DIRECTION ( 'NONE',  ( -4.336808689942013800E-016, -1.000000000000000000, 0.0000000000000000000 ) ) ;
#3066 = CARTESIAN_POINT ( 'NONE',  ( 6.000000000000009800, 34.00000000000000000, 17.00000000000000400 ) ) ;
#3067 = CARTESIAN_POINT ( 'NONE',  ( 6.000000000000004400, 10.00000000000000000, 19.00000000000000400 ) ) ;
#3068 = CARTESIAN_POINT ( 'NONE',  ( 6.000000000000009800, 36.00000000000001400, 11.00000000000002100 ) ) ;
#3069 = CARTESIAN_POINT ( 'NONE',  ( 6.000000000000007100, 34.00000000000000700, -11.00000000000000000 ) ) ;
#3070 = DIRECTION ( 'NONE',  ( -0.7071067811865475700, 0.7071067811865475700, -2.453269466693398100E-016 ) ) ;
#3071 = DIRECTION ( 'NONE',  ( 1.000000000000000000, 0.0000000000000000000, -1.110223024625156500E-016 ) ) ;
#3072 = PLANE ( 'NONE',  #1095 ) ;
#3073 = DIRECTION ( 'NONE',  ( 1.110223024625156500E-016, -1.110223024625156200E-016, 1.000000000000000000 ) ) ;
#3074 = DIRECTION ( 'NONE',  ( 0.7071067811865473500, 0.7071067811865477900, 2.465190328815661900E-032 ) ) ;
#3075 = DIRECTION ( 'NONE',  ( -1.000000000000000000, 4.559246435642925500E-016, 1.110223024625157000E-016 ) ) ;
#3076 = DIRECTION ( 'NONE',  ( 0.7071067811865474600, 0.7071067811865474600, 0.0000000000000000000 ) ) ;
#3077 = CARTESIAN_POINT ( 'NONE',  ( 6.000000000000007100, 36.00000000000001400, -11.00000000000001400 ) ) ;
#3078 = CARTESIAN_POINT ( 'NONE',  ( 21.06929178283023800, 16.47309770511765900, -10.00000000000000200 ) ) ;
#3079 = DIRECTION ( 'NONE',  ( -0.7071067811865475700, 0.7071067811865475700, 0.0000000000000000000 ) ) ;
#3080 = PLANE ( 'NONE',  #1098 ) ;
#3081 = CARTESIAN_POINT ( 'NONE',  ( 3.288046532517439500, 4.136574669941289500, -6.000000000000000900 ) ) ;
#3082 = PLANE ( 'NONE',  #1076 ) ;
#3083 = DIRECTION ( 'NONE',  ( 1.110223024625156500E-016, -1.110223024625156200E-016, 1.000000000000000000 ) ) ;
#3084 = DIRECTION ( 'NONE',  ( -4.559246435642924500E-016, -1.000000000000000000, 1.045460014855361200E-015 ) ) ;
#3085 = CARTESIAN_POINT ( 'NONE',  ( 20.36218500164369200, 17.18020448630420600, -19.00000000000000700 ) ) ;
#3086 = DIRECTION ( 'NONE',  ( -0.7071067811865474600, -0.7071067811865474600, 0.0000000000000000000 ) ) ;
#3087 = CARTESIAN_POINT ( 'NONE',  ( 6.000000000000000000, 10.00000000000000400, -19.00000000000000400 ) ) ;
#3088 = DIRECTION ( 'NONE',  ( -1.000000000000000000, 2.338800386392612400E-016, 1.110223024625156800E-016 ) ) ;
#3089 = PLANE ( 'NONE',  #1087 ) ;
#3090 = DIRECTION ( 'NONE',  ( -1.000000000000000000, -6.779692484893237600E-016, -1.156482317317876900E-015 ) ) ;
#3091 = PLANE ( 'NONE',  #1106 ) ;
#3092 = DIRECTION ( 'NONE',  ( 0.7071067811865476800, 0.7071067811865474600, 0.0000000000000000000 ) ) ;
#3093 = DIRECTION ( 'NONE',  ( -4.336808689942013800E-016, -1.000000000000000000, 0.0000000000000000000 ) ) ;
#3094 = DIRECTION ( 'NONE',  ( -0.7071067811865484600, 0.7071067811865468000, 0.0000000000000000000 ) ) ;
#3095 = CARTESIAN_POINT ( 'NONE',  ( 36.00000000000000700, 6.000000000000024000, 11.00000000000001800 ) ) ;
#3096 = CARTESIAN_POINT ( 'NONE',  ( 6.000000000000009800, 34.00000000000000700, 11.00000000000000700 ) ) ;
#3097 = DIRECTION ( 'NONE',  ( 4.559246435642926500E-016, 1.000000000000000000, 1.267504619780392500E-015 ) ) ;
#3098 = CARTESIAN_POINT ( 'NONE',  ( 25.98617420860566400, 23.86485386504589500, 18.00000000000000700 ) ) ;
#3099 = CARTESIAN_POINT ( 'NONE',  ( 16.44023266258734500, 16.44023266258711800, -18.00000000000000400 ) ) ;
#3100 = DIRECTION ( 'NONE',  ( -1.000000000000000000, 4.559246435642925500E-016, 1.110223024625157000E-016 ) ) ;
#3101 = PLANE ( 'NONE',  #1079 ) ;
#3102 = DIRECTION ( 'NONE',  ( 0.0000000000000000000, -1.267504619780392500E-015, 1.000000000000000000 ) ) ;
#3103 = DIRECTION ( 'NONE',  ( -1.000000000000000000, 4.559246435642925500E-016, 1.110223024625157000E-016 ) ) ;
#3104 = CARTESIAN_POINT ( 'NONE',  ( 6.000000000000006200, 34.00000000000000000, -16.99999999999999600 ) ) ;
#3105 = PLANE ( 'NONE',  #1092 ) ;
#3106 = DIRECTION ( 'NONE',  ( 0.0000000000000000000, -1.045460014855361200E-015, -1.000000000000000000 ) ) ;
#3107 = DIRECTION ( 'NONE',  ( -4.336808689942013800E-016, -1.000000000000000000, 0.0000000000000000000 ) ) ;
#3108 = DIRECTION ( 'NONE',  ( 0.7071067811865475700, 0.7071067811865475700, 0.0000000000000000000 ) ) ;
#3109 = DIRECTION ( 'NONE',  ( 1.000000000000000000, 0.0000000000000000000, -1.110223024625156500E-016 ) ) ;
#3110 = DIRECTION ( 'NONE',  ( -0.7071067811865475700, 0.7071067811865475700, 0.0000000000000000000 ) ) ;
#3111 = DIRECTION ( 'NONE',  ( -1.000000000000000000, 0.0000000000000000000, 1.110223024625156500E-016 ) ) ;
#3112 = DIRECTION ( 'NONE',  ( 6.779692484893237600E-016, -1.000000000000000000, -0.0000000000000000000 ) ) ;
#3113 = CARTESIAN_POINT ( 'NONE',  ( 6.000000000000009800, 34.00000000000000000, 17.00000000000000400 ) ) ;
#3114 = CARTESIAN_POINT ( 'NONE',  ( 16.41421356237308500, 4.585786437626906000, -2.999999999999998700 ) ) ;
#3115 = PLANE ( 'NONE',  #1100 ) ;
#3116 = DIRECTION ( 'NONE',  ( -1.000000000000000000, 4.559246435642925500E-016, 1.110223024625157000E-016 ) ) ;
#3117 = DIRECTION ( 'NONE',  ( -4.336808689942013800E-016, -1.000000000000000000, 0.0000000000000000000 ) ) ;
#3118 = PLANE ( 'NONE',  #1074 ) ;
#3119 = CARTESIAN_POINT ( 'NONE',  ( 0.0000000000000000000, 3.181980515339441200, 21.00000000000000000 ) ) ;
#3120 = DIRECTION ( 'NONE',  ( 1.110223024625158000E-016, -4.906789260620090400E-017, 1.000000000000000000 ) ) ;
#3121 = DIRECTION ( 'NONE',  ( -0.7071067811865479100, 0.7071067811865471300, 0.0000000000000000000 ) ) ;
#3122 = CARTESIAN_POINT ( 'NONE',  ( 5.701902961143710000, 10.29809703885629600, -10.00000000000000200 ) ) ;
#3123 = PLANE ( 'NONE',  #1096 ) ;
#3124 = CARTESIAN_POINT ( 'NONE',  ( 21.00000000000002800, -3.816391647148975600E-014, 5.000000000000000000 ) ) ;
#3125 = DIRECTION ( 'NONE',  ( 6.664613044169669500E-017, 1.000000000000000000, 0.0000000000000000000 ) ) ;
#3126 = PLANE ( 'NONE',  #1097 ) ;
#3127 = DIRECTION ( 'NONE',  ( 0.7071067811865438000, 0.7071067811865514600, -0.0000000000000000000 ) ) ;
#3128 = DIRECTION ( 'NONE',  ( 0.7071067811865475700, 0.7071067811865475700, 0.0000000000000000000 ) ) ;
#3129 = CARTESIAN_POINT ( 'NONE',  ( -1.040834085586084300E-014, 21.00000000000002800, -4.999999999999997300 ) ) ;
#3130 = DIRECTION ( 'NONE',  ( 0.0000000000000000000, -1.000000000000000000, 1.031748184493162000E-031 ) ) ;
#3131 = DIRECTION ( 'NONE',  ( 0.7071067811865473500, 0.7071067811865477900, 1.232595164407830900E-032 ) ) ;
#3132 = DIRECTION ( 'NONE',  ( 1.000000000000000000, 6.938893903907228400E-016, -0.0000000000000000000 ) ) ;
#3133 = DIRECTION ( 'NONE',  ( 0.6771094661783273500, -0.7358823077175457000, 5.872988433928336400E-017 ) ) ;
#3134 = DIRECTION ( 'NONE',  ( -1.110223024625156500E-016, 1.110223024625156000E-016, -1.000000000000000000 ) ) ;
#3135 = CARTESIAN_POINT ( 'NONE',  ( 6.000000000000001800, 10.00000000000000400, -9.000000000000001800 ) ) ;
#3136 = CARTESIAN_POINT ( 'NONE',  ( 34.00000000000000000, 6.000000000000024000, 11.00000000000000400 ) ) ;
#3137 = PLANE ( 'NONE',  #1103 ) ;
#3138 = DIRECTION ( 'NONE',  ( 1.000000000000000000, -6.664613044169669500E-017, 0.0000000000000000000 ) ) ;
#3139 = DIRECTION ( 'NONE',  ( -6.938893903907228400E-016, 1.000000000000000000, 0.0000000000000000000 ) ) ;
#3140 = DIRECTION ( 'NONE',  ( -0.7071067811865514600, 0.7071067811865436900, 0.0000000000000000000 ) ) ;
#3141 = DIRECTION ( 'NONE',  ( 0.7071067811865475700, 0.7071067811865475700, -4.380838333381090700E-017 ) ) ;
#3142 = DIRECTION ( 'NONE',  ( 1.000000000000000000, 0.0000000000000000000, -1.110223024625158000E-016 ) ) ;
#3143 = CARTESIAN_POINT ( 'NONE',  ( 6.000000000000003600, 10.00000000000000000, 9.000000000000005300 ) ) ;
#3144 = PLANE ( 'NONE',  #1081 ) ;
#3145 = DIRECTION ( 'NONE',  ( 0.7358823077175457000, 0.6771094661783273500, 0.0000000000000000000 ) ) ;
#3146 = DIRECTION ( 'NONE',  ( 1.000000000000000000, 8.673617379884027600E-016, 0.0000000000000000000 ) ) ;
#3147 = DIRECTION ( 'NONE',  ( -1.110223024625156500E-016, 1.110223024625156000E-016, -1.000000000000000000 ) ) ;
#3148 = DIRECTION ( 'NONE',  ( -0.7071067811865475700, 0.7071067811865475700, 0.0000000000000000000 ) ) ;
#3149 = CARTESIAN_POINT ( 'NONE',  ( 25.98617420860566400, 23.86485386504589500, 18.00000000000000700 ) ) ;
#3150 = CARTESIAN_POINT ( 'NONE',  ( 21.06929178283023800, 16.47309770511765900, 18.00000000000000400 ) ) ;
#3151 = DIRECTION ( 'NONE',  ( -1.000000000000000000, 0.0000000000000000000, 1.110223024625156500E-016 ) ) ;
#3152 = CARTESIAN_POINT ( 'NONE',  ( 37.00000000000001400, -2.602085213965210600E-014, -2.999999999999985800 ) ) ;
#3153 = CARTESIAN_POINT ( 'NONE',  ( 33.19759197546805800, -3.145553775039606800, -5.000000000000000000 ) ) ;
#3154 = PLANE ( 'NONE',  #1086 ) ;
#3155 = DIRECTION ( 'NONE',  ( -7.670561986871750500E-047, 1.031748184493162000E-031, 1.000000000000000000 ) ) ;
#3156 = PLANE ( 'NONE',  #1083 ) ;
#3157 = CARTESIAN_POINT ( 'NONE',  ( -5.204170427930421300E-015, 37.00000000000001400, -2.999999999999981300 ) ) ;
#3158 = DIRECTION ( 'NONE',  ( -8.673617379884035500E-017, -5.880445856723917500E-032, -1.000000000000000000 ) ) ;
#3159 = DIRECTION ( 'NONE',  ( -4.718447854656915300E-016, -1.000000000000000000, -1.110223024625155900E-016 ) ) ;
#3160 = DIRECTION ( 'NONE',  ( 1.000000000000000000, -4.718447854656915300E-016, 0.0000000000000000000 ) ) ;
#3161 = PLANE ( 'NONE',  #1084 ) ;
#3162 = DIRECTION ( 'NONE',  ( -1.000000000000000000, 0.0000000000000000000, 1.110223024625157500E-016 ) ) ;
#3163 = PLANE ( 'NONE',  #1143 ) ;
#3164 = DIRECTION ( 'NONE',  ( -1.000000000000000000, -6.938893903907228400E-016, 0.0000000000000000000 ) ) ;
#3165 = PLANE ( 'NONE',  #1118 ) ;
#3166 = DIRECTION ( 'NONE',  ( 1.000000000000000000, -4.718447854656915300E-016, -1.110223024625158000E-016 ) ) ;
#3167 = CARTESIAN_POINT ( 'NONE',  ( -6.938893903907228400E-015, 35.00000000000000700, -2.999999999999996000 ) ) ;
#3168 = PLANE ( 'NONE',  #1085 ) ;
#3169 = DIRECTION ( 'NONE',  ( 4.718447854656915300E-016, 1.000000000000000000, 0.0000000000000000000 ) ) ;
#3170 = CARTESIAN_POINT ( 'NONE',  ( -1.040834085586084300E-014, 21.00000000000002800, 5.000000000000001800 ) ) ;
#3171 = CARTESIAN_POINT ( 'NONE',  ( 10.00000000000000200, 6.000000000000007100, -19.00000000000000400 ) ) ;
#3172 = CARTESIAN_POINT ( 'NONE',  ( 6.000000000000006200, 34.00000000000000000, -16.99999999999999600 ) ) ;
#3173 = PLANE ( 'NONE',  #1133 ) ;
#3174 = DIRECTION ( 'NONE',  ( 8.673617379884035500E-017, 5.880445856723917500E-032, 1.000000000000000000 ) ) ;
#3175 = CARTESIAN_POINT ( 'NONE',  ( 10.29809703885629400, 5.701902961143714400, -18.00000000000000400 ) ) ;
#3176 = DIRECTION ( 'NONE',  ( 0.0000000000000000000, 0.0000000000000000000, -1.000000000000000000 ) ) ;
#3177 = DIRECTION ( 'NONE',  ( -1.000000000000000000, 2.338800386392612400E-016, 1.110223024625156800E-016 ) ) ;
#3178 = DIRECTION ( 'NONE',  ( -0.7071067811865471300, 0.7071067811865479100, 0.0000000000000000000 ) ) ;
#3179 = PLANE ( 'NONE',  #1117 ) ;
#3180 = CARTESIAN_POINT ( 'NONE',  ( 16.44023266258734500, 16.44023266258711800, -18.00000000000000400 ) ) ;
#3181 = DIRECTION ( 'NONE',  ( -1.110223024625157500E-016, 1.110223024625156200E-016, -1.000000000000000000 ) ) ;
#3182 = DIRECTION ( 'NONE',  ( -1.000000000000000000, 0.0000000000000000000, 8.673617379884035500E-017 ) ) ;
#3183 = DIRECTION ( 'NONE',  ( -6.938893903907228400E-016, 1.000000000000000000, -1.031748184493162000E-031 ) ) ;
#3184 = PLANE ( 'NONE',  #1071 ) ;
#3185 = DIRECTION ( 'NONE',  ( -6.938893903907228400E-016, 1.000000000000000000, -1.031748184493162000E-031 ) ) ;
#3186 = DIRECTION ( 'NONE',  ( -1.000000000000000000, -6.938893903907228400E-016, 0.0000000000000000000 ) ) ;
#3187 = CARTESIAN_POINT ( 'NONE',  ( -6.938893903907228400E-015, 10.00000000000000000, -1.031748184493162000E-030 ) ) ;
#3188 = DIRECTION ( 'NONE',  ( 0.7071067811865475700, 0.7071067811865475700, 0.0000000000000000000 ) ) ;
#3189 = DIRECTION ( 'NONE',  ( 2.338800386392612400E-016, 1.000000000000000000, 1.110223024625155800E-016 ) ) ;
#3190 = CARTESIAN_POINT ( 'NONE',  ( 35.00000000000000700, -2.775557561562891400E-014, -3.000000000000000000 ) ) ;
#3191 = DIRECTION ( 'NONE',  ( -1.000000000000000000, 0.0000000000000000000, -0.0000000000000000000 ) ) ;
#3192 = DIRECTION ( 'NONE',  ( -1.000000000000000000, 0.0000000000000000000, 0.0000000000000000000 ) ) ;
#3193 = DIRECTION ( 'NONE',  ( 0.6771094661783257900, 0.7358823077175471500, 2.878738267365287100E-016 ) ) ;
#3194 = CARTESIAN_POINT ( 'NONE',  ( 6.000000000000010700, 33.99999999999998600, 19.00000000000000700 ) ) ;
#3195 = CARTESIAN_POINT ( 'NONE',  ( 33.33901333170536700, -3.286975131276912900, -4.750000000000002700 ) ) ;
#3196 = DIRECTION ( 'NONE',  ( -4.336808689942013800E-016, -1.000000000000000000, 0.0000000000000000000 ) ) ;
#3197 = DIRECTION ( 'NONE',  ( -6.779692484893237600E-016, 1.000000000000000000, -0.0000000000000000000 ) ) ;
#3198 = DIRECTION ( 'NONE',  ( 0.7071067811865511300, 0.7071067811865440200, -8.258387601532469100E-031 ) ) ;
#3199 = CARTESIAN_POINT ( 'NONE',  ( 6.000000000000001800, 10.00000000000000400, -9.000000000000001800 ) ) ;
#3200 = CARTESIAN_POINT ( 'NONE',  ( 6.000000000000007100, 34.00000000000000700, -11.00000000000000000 ) ) ;
#3201 = DIRECTION ( 'NONE',  ( 6.779692484893237600E-016, -1.000000000000000000, 0.0000000000000000000 ) ) ;
#3202 = DIRECTION ( 'NONE',  ( 1.000000000000000000, 8.673617379884027600E-016, 0.0000000000000000000 ) ) ;
#3203 = CARTESIAN_POINT ( 'NONE',  ( 5.292893218813446800, 9.889087296526037500, -19.00000000000000400 ) ) ;
#3204 = CARTESIAN_POINT ( 'NONE',  ( 6.000000000000003600, 10.59619407771258400, 9.000000000000005300 ) ) ;
#3205 = DIRECTION ( 'NONE',  ( 6.779692484893237600E-016, -1.000000000000000000, -0.0000000000000000000 ) ) ;
#3206 = CARTESIAN_POINT ( 'NONE',  ( -0.7071067811865683300, 3.889087296526007300, 19.00000000000000400 ) ) ;
#3207 = DIRECTION ( 'NONE',  ( 1.110223024625156800E-016, 1.045460014855361200E-015, 1.000000000000000000 ) ) ;
#3208 = DIRECTION ( 'NONE',  ( 8.673617379884035500E-017, 5.880445856723917500E-032, 1.000000000000000000 ) ) ;
#3209 = CARTESIAN_POINT ( 'NONE',  ( 5.999999999999999100, 9.181980515339482500, 19.00000000000000700 ) ) ;
#3210 = DIRECTION ( 'NONE',  ( 0.7071067811865436900, 0.7071067811865513500, 0.0000000000000000000 ) ) ;
#3211 = DIRECTION ( 'NONE',  ( 0.7071067811865473500, 0.7071067811865477900, 2.465190328815661900E-032 ) ) ;
#3212 = CARTESIAN_POINT ( 'NONE',  ( -3.286975131276927500, 33.33901333170536700, 4.750000000000003600 ) ) ;
#3213 = CARTESIAN_POINT ( 'NONE',  ( 6.000000000000007100, 36.00000000000001400, -11.00000000000001400 ) ) ;
#3214 = DIRECTION ( 'NONE',  ( 0.7071067811865473500, 0.7071067811865477900, 1.848892746611746400E-032 ) ) ;
#3215 = DIRECTION ( 'NONE',  ( 1.000000000000000000, -4.559246435642925500E-016, -1.110223024625157000E-016 ) ) ;
#3216 = DIRECTION ( 'NONE',  ( 1.110223024625156800E-016, -1.110223024625156500E-016, 1.000000000000000000 ) ) ;
#3217 = CARTESIAN_POINT ( 'NONE',  ( -1.924164541345029200E-014, 3.181980515339459800, 10.00000000000000500 ) ) ;
#3218 = CARTESIAN_POINT ( 'NONE',  ( 5.999999999999998200, 9.181980515339482500, 18.00000000000000400 ) ) ;
#3219 = CARTESIAN_POINT ( 'NONE',  ( 23.86485386504603700, 25.98617420860554700, 18.00000000000000700 ) ) ;
#3220 = DIRECTION ( 'NONE',  ( -1.110223024625158000E-016, -2.359223927328459600E-016, -1.000000000000000000 ) ) ;
#3221 = CARTESIAN_POINT ( 'NONE',  ( -2.438446993853076600, 32.49048519428150400, 4.999999999999996400 ) ) ;
#3222 = DIRECTION ( 'NONE',  ( -0.7071067811865473500, -0.7071067811865477900, -2.465190328815661900E-032 ) ) ;
#3223 = CARTESIAN_POINT ( 'NONE',  ( 5.999999999999999100, 9.767766952966390200, 9.000000000000001800 ) ) ;
#3224 = DIRECTION ( 'NONE',  ( -2.338800386392612400E-016, -1.000000000000000000, -1.110223024625155800E-016 ) ) ;
#3225 = DIRECTION ( 'NONE',  ( -0.7071067811865473500, -0.7071067811865477900, -1.848892746611746400E-032 ) ) ;
#3226 = CARTESIAN_POINT ( 'NONE',  ( 15.70435035486971900, 17.11734212876551800, -18.00000000000000400 ) ) ;
#3227 = DIRECTION ( 'NONE',  ( -1.000000000000000000, -8.673617379884027600E-016, 0.0000000000000000000 ) ) ;
#3228 = DIRECTION ( 'NONE',  ( -1.000000000000000000, 4.559246435642925500E-016, 1.110223024625157000E-016 ) ) ;
#3229 = CARTESIAN_POINT ( 'NONE',  ( 36.00000000000000000, 6.000000000000024000, 16.99999999999998900 ) ) ;
#3230 = CARTESIAN_POINT ( 'NONE',  ( 5.999999999999998200, 9.181980515339482500, 9.414213562373099400 ) ) ;
#3231 = CARTESIAN_POINT ( 'NONE',  ( 5.999999999999998200, 9.181980515339480700, 10.00000000000000500 ) ) ;
#3232 = CARTESIAN_POINT ( 'NONE',  ( 33.99999999999999300, 6.000000000000024000, -17.00000000000000000 ) ) ;
#3233 = CARTESIAN_POINT ( 'NONE',  ( 34.00000000000000000, 6.000000000000024000, 11.00000000000000400 ) ) ;
#3234 = DIRECTION ( 'NONE',  ( -1.000000000000000000, 4.559246435642925500E-016, 1.110223024625157000E-016 ) ) ;
#3235 = CARTESIAN_POINT ( 'NONE',  ( 37.00000000000001400, 2.071067811865491000, -2.999999999999985800 ) ) ;
#3236 = CARTESIAN_POINT ( 'NONE',  ( 15.70435035486971900, 17.11734212876551800, -18.00000000000000400 ) ) ;
#3237 = CARTESIAN_POINT ( 'NONE',  ( 42.00000000000000000, 2.828427124746212900, -21.00000000000000000 ) ) ;
#3238 = CARTESIAN_POINT ( 'NONE',  ( 10.00000000000000900, 34.99999999999999300, -4.999999999999997300 ) ) ;
#3239 = CARTESIAN_POINT ( 'NONE',  ( 2.722361107568192800, 1.873832970144345500, -6.000000000000000900 ) ) ;
#3240 = CARTESIAN_POINT ( 'NONE',  ( 34.61180553784116400, -4.559767337412689700, -4.750000000000001800 ) ) ;
#3241 = DIRECTION ( 'NONE',  ( -4.336808689942013800E-016, -1.000000000000000000, 0.0000000000000000000 ) ) ;
#3242 = CARTESIAN_POINT ( 'NONE',  ( 6.540737725975552600, 0.8838834764831814400, -4.750000000000001800 ) ) ;
#3243 = CARTESIAN_POINT ( 'NONE',  ( 25.98617420860566400, 23.86485386504589500, -18.00000000000000700 ) ) ;
#3244 = CARTESIAN_POINT ( 'NONE',  ( 2.156675682618965300, 5.267945519839766000, -4.750000000000000900 ) ) ;
#3245 = CARTESIAN_POINT ( 'NONE',  ( 0.07106781186543920100, 34.99999999999999300, -4.999999999999989300 ) ) ;
#3246 = CARTESIAN_POINT ( 'NONE',  ( 34.99999999999999300, 10.00000000000002500, 5.000000000000000900 ) ) ;
#3247 = CARTESIAN_POINT ( 'NONE',  ( 35.00000000000000700, 0.07106781186546912200, -4.999999999999992900 ) ) ;
#3248 = CARTESIAN_POINT ( 'NONE',  ( 17.11734212876567100, 15.70435035486957400, 17.50000000000000000 ) ) ;
#3249 = DIRECTION ( 'NONE',  ( -1.110223024625156800E-016, 1.267504619780392500E-015, -1.000000000000000000 ) ) ;
#3250 = CARTESIAN_POINT ( 'NONE',  ( 40.26865978733351900, 1.097086912079721300, -4.750000000000001800 ) ) ;
#3251 = CARTESIAN_POINT ( 'NONE',  ( 34.99999999999999300, 0.07106781186545395300, 4.999999999999992900 ) ) ;
#3252 = CARTESIAN_POINT ( 'NONE',  ( -3.500178566873416200, -0.3889087296526138000, 4.749999999999999100 ) ) ;
#3253 = DIRECTION ( 'NONE',  ( 4.336808689942013800E-016, 1.000000000000000000, 0.0000000000000000000 ) ) ;
#3254 = CARTESIAN_POINT ( 'NONE',  ( 6.000000000000004400, 10.59619407771258400, 19.00000000000000400 ) ) ;
#3255 = DIRECTION ( 'NONE',  ( -1.000000000000000000, 4.559246435642925500E-016, 1.110223024625157000E-016 ) ) ;
#3256 = CARTESIAN_POINT ( 'NONE',  ( 2.828427124746173900, 42.00000000000000700, -21.00000000000000000 ) ) ;
#3257 = CARTESIAN_POINT ( 'NONE',  ( 6.000000000000009800, 36.00000000000001400, 11.00000000000002100 ) ) ;
#3258 = DIRECTION ( 'NONE',  ( 0.7071067811865511300, 0.7071067811865440200, -8.258387601532469100E-031 ) ) ;
#3259 = DIRECTION ( 'NONE',  ( -0.7358823077175455900, -0.6771094661783273500, 2.878738267365292600E-016 ) ) ;
#3260 = CARTESIAN_POINT ( 'NONE',  ( 0.8838834764831795500, 6.540737725975553500, -4.750000000000000900 ) ) ;
#3261 = CARTESIAN_POINT ( 'NONE',  ( 6.000000000000009800, 34.00000000000000000, 17.00000000000000400 ) ) ;
#3262 = CARTESIAN_POINT ( 'NONE',  ( 5.999999999999998200, 9.181980515339482500, 18.58578643762691500 ) ) ;
#3263 = CARTESIAN_POINT ( 'NONE',  ( 40.26865978733351900, 1.097086912079714400, -6.000000000000000000 ) ) ;
#3264 = CARTESIAN_POINT ( 'NONE',  ( 38.14733944377385900, 3.218407255639349700, -4.999999999999992900 ) ) ;
#3265 = CARTESIAN_POINT ( 'NONE',  ( -3.500178566873416200, -0.3889087296526138000, -4.750000000000000900 ) ) ;
#3266 = CARTESIAN_POINT ( 'NONE',  ( 4.136574669941289500, 3.288046532517439900, 5.999999999999999100 ) ) ;
#3267 = CARTESIAN_POINT ( 'NONE',  ( 37.00000000000001400, 2.071067811865490200, 2.999999999999985800 ) ) ;
#3268 = CARTESIAN_POINT ( 'NONE',  ( 38.85444622496041200, 2.511300474452800900, 6.000000000000000000 ) ) ;
#3269 = CARTESIAN_POINT ( 'NONE',  ( -3.145553775039623600, 33.19759197546805800, -5.999999999999996400 ) ) ;
#3270 = CARTESIAN_POINT ( 'NONE',  ( 5.999999999999999100, 9.181980515339482500, 18.00000000000000400 ) ) ;
#3271 = DIRECTION ( 'NONE',  ( 0.7071067811865473500, 0.7071067811865477900, 1.232595164407830900E-032 ) ) ;
#3272 = CARTESIAN_POINT ( 'NONE',  ( 2.071067811865473300, 37.00000000000001400, -2.999999999999981800 ) ) ;
#3273 = CARTESIAN_POINT ( 'NONE',  ( 6.000000000000008900, 33.99999999999999300, 9.000000000000007100 ) ) ;
#3274 = CARTESIAN_POINT ( 'NONE',  ( 4.136574669941287800, 3.288046532517441300, -6.000000000000000900 ) ) ;
#3275 = CARTESIAN_POINT ( 'NONE',  ( 10.00000000000001600, 10.00000000000000700, 17.50000000000000000 ) ) ;
#3276 = CARTESIAN_POINT ( 'NONE',  ( 40.26865978733351900, 1.097086912079714400, 6.000000000000000000 ) ) ;
#3277 = CARTESIAN_POINT ( 'NONE',  ( 10.00000000000001100, 37.00000000000000700, -2.999999999999982700 ) ) ;
#3278 = CARTESIAN_POINT ( 'NONE',  ( 37.00000000000000700, 10.00000000000002700, 2.999999999999985800 ) ) ;
#3279 = CARTESIAN_POINT ( 'NONE',  ( 6.000000000000009800, 34.00000000000000700, 11.00000000000000700 ) ) ;
#3280 = DIRECTION ( 'NONE',  ( -1.000000000000000000, 4.559246435642925500E-016, 1.110223024625157000E-016 ) ) ;
#3281 = CARTESIAN_POINT ( 'NONE',  ( 5.999999999999999100, 9.767766952966390200, 19.00000000000000700 ) ) ;
#3282 = CARTESIAN_POINT ( 'NONE',  ( 33.33901333170536700, -3.286975131276912900, -4.750000000000002700 ) ) ;
#3283 = CARTESIAN_POINT ( 'NONE',  ( 5.292893218813449400, 9.889087296526028600, 9.000000000000005300 ) ) ;
#3284 = CARTESIAN_POINT ( 'NONE',  ( 6.000000000000009800, 36.00000000000001400, 11.00000000000002100 ) ) ;
#3285 = CARTESIAN_POINT ( 'NONE',  ( 33.99999999999998600, 6.000000000000024000, -9.000000000000003600 ) ) ;
#3286 = CARTESIAN_POINT ( 'NONE',  ( 40.26865978733351900, 1.097086912079714400, 4.749999999999998200 ) ) ;
#3287 = CARTESIAN_POINT ( 'NONE',  ( 6.000000000000006200, 33.99999999999998600, -19.00000000000000000 ) ) ;
#3288 = CARTESIAN_POINT ( 'NONE',  ( 33.99999999999997900, 6.000000000000024000, 19.00000000000000400 ) ) ;
#3289 = CARTESIAN_POINT ( 'NONE',  ( -4.772970773009201500, 0.8838834764831717800, 4.749999999999998200 ) ) ;
#3290 = CARTESIAN_POINT ( 'NONE',  ( 6.000000000000007100, 36.00000000000000700, -16.99999999999998600 ) ) ;
#3291 = CARTESIAN_POINT ( 'NONE',  ( 5.999999999999996400, 9.181980515339486000, -10.00000000000000200 ) ) ;
#3292 = CARTESIAN_POINT ( 'NONE',  ( 6.000000000000010700, 33.99999999999998600, 19.00000000000000700 ) ) ;
#3293 = CARTESIAN_POINT ( 'NONE',  ( 10.59619407771258500, 6.000000000000007100, -19.00000000000000400 ) ) ;
#3294 = CARTESIAN_POINT ( 'NONE',  ( 33.99999999999997900, 6.000000000000024000, -19.00000000000000400 ) ) ;
#3295 = CARTESIAN_POINT ( 'NONE',  ( 3.288046532517439500, 4.136574669941289500, -6.000000000000000900 ) ) ;
#3296 = CARTESIAN_POINT ( 'NONE',  ( 17.11734212876567100, 15.70435035486957400, 18.00000000000000400 ) ) ;
#3297 = CARTESIAN_POINT ( 'NONE',  ( 21.82842712474619900, 10.00000000000001400, -4.999999999999999100 ) ) ;
#3298 = CARTESIAN_POINT ( 'NONE',  ( 6.540737725975552600, 0.8838834764831813300, 4.749999999999997300 ) ) ;
#3299 = CARTESIAN_POINT ( 'NONE',  ( 1.873832970144343900, 2.722361107568195000, -6.000000000000000900 ) ) ;
#3300 = CARTESIAN_POINT ( 'NONE',  ( 19.00000000000000700, 10.00000000000001400, 3.000000000000001300 ) ) ;
#3301 = CARTESIAN_POINT ( 'NONE',  ( 10.00000000000000500, 21.82842712474620200, 5.000000000000000900 ) ) ;
#3302 = CARTESIAN_POINT ( 'NONE',  ( 2.071067811865473700, 37.00000000000001400, 2.999999999999990700 ) ) ;
#3303 = CARTESIAN_POINT ( 'NONE',  ( 34.61180553784116400, -4.559767337412689700, 4.749999999999999100 ) ) ;
#3304 = CARTESIAN_POINT ( 'NONE',  ( 19.00000000000000700, 10.00000000000001400, -2.999999999999998200 ) ) ;
#3305 = CARTESIAN_POINT ( 'NONE',  ( 42.00000000000000000, 2.828427124746212900, 21.00000000000000000 ) ) ;
#3306 = CARTESIAN_POINT ( 'NONE',  ( 2.722361107568194600, 1.873832970144344100, 5.999999999999999100 ) ) ;
#3307 = CARTESIAN_POINT ( 'NONE',  ( -3.286975131276927500, 33.33901333170536700, 4.750000000000003600 ) ) ;
#3308 = CARTESIAN_POINT ( 'NONE',  ( 9.181980515339493100, 6.000000000000008900, 18.00000000000000400 ) ) ;
#3309 = CARTESIAN_POINT ( 'NONE',  ( -0.3889087296526138000, -3.500178566873416200, -4.750000000000000900 ) ) ;
#3310 = CARTESIAN_POINT ( 'NONE',  ( 10.00000000000000500, 19.00000000000001100, -2.999999999999998200 ) ) ;
#3311 = CARTESIAN_POINT ( 'NONE',  ( 5.999999999999995600, 9.181980515339489600, -18.00000000000000400 ) ) ;
#3312 = CARTESIAN_POINT ( 'NONE',  ( 6.000000000000010700, 36.00000000000000700, 16.99999999999999300 ) ) ;
#3313 = CARTESIAN_POINT ( 'NONE',  ( 10.00000000000000500, 21.82842712474619900, -4.999999999999998200 ) ) ;
#3314 = CARTESIAN_POINT ( 'NONE',  ( 33.99999999999998600, 6.000000000000024000, 9.000000000000003600 ) ) ;
#3315 = CARTESIAN_POINT ( 'NONE',  ( 2.828427124746173900, 42.00000000000000700, 21.00000000000000000 ) ) ;
#3316 = CARTESIAN_POINT ( 'NONE',  ( 9.181980515339493100, 6.000000000000008900, -18.00000000000000400 ) ) ;
#3317 = CARTESIAN_POINT ( 'NONE',  ( 34.99999999999999300, 10.00000000000002500, -5.000000000000000000 ) ) ;
#3318 = CARTESIAN_POINT ( 'NONE',  ( 10.00000000000000900, 34.99999999999999300, 5.000000000000003600 ) ) ;
#3319 = CARTESIAN_POINT ( 'NONE',  ( 3.288046532517439500, 4.136574669941289500, 5.999999999999999100 ) ) ;
#3320 = CARTESIAN_POINT ( 'NONE',  ( 38.85444622496041200, 2.511300474452803100, -6.000000000000000900 ) ) ;
#3321 = CARTESIAN_POINT ( 'NONE',  ( 6.000000000000007100, 33.99999999999999300, -9.000000000000000000 ) ) ;
#3322 = CARTESIAN_POINT ( 'NONE',  ( 36.00000000000000700, 6.000000000000024000, -11.00000000000001800 ) ) ;
#3323 = CARTESIAN_POINT ( 'NONE',  ( 10.00000000000000500, 19.00000000000001100, 3.000000000000000400 ) ) ;
#3324 = CARTESIAN_POINT ( 'NONE',  ( 10.59619407771258500, 6.000000000000007100, 9.000000000000003600 ) ) ;
#3325 = CARTESIAN_POINT ( 'NONE',  ( 36.00000000000000000, 6.000000000000024000, -16.99999999999998900 ) ) ;
#3326 = CARTESIAN_POINT ( 'NONE',  ( 5.999999999999998200, 9.181980515339480700, 10.00000000000000500 ) ) ;
#3327 = CARTESIAN_POINT ( 'NONE',  ( 9.181980515339489600, 6.000000000000008900, 10.00000000000000200 ) ) ;
#3328 = CARTESIAN_POINT ( 'NONE',  ( 33.33901333170536700, -3.286975131276912900, 4.749999999999999100 ) ) ;
#3329 = CARTESIAN_POINT ( 'NONE',  ( 6.000000000000009800, 36.00000000000001400, 11.00000000000002100 ) ) ;
#3330 = CARTESIAN_POINT ( 'NONE',  ( 6.000000000000004400, 10.59619407771258400, 19.00000000000000400 ) ) ;
#3331 = CARTESIAN_POINT ( 'NONE',  ( -0.3889087296526120800, -3.500178566873417100, 4.749999999999999100 ) ) ;
#3332 = CARTESIAN_POINT ( 'NONE',  ( 36.00000000000000000, 6.000000000000024000, 16.99999999999998900 ) ) ;
#3333 = CARTESIAN_POINT ( 'NONE',  ( 5.999999999999999100, 9.181980515339482500, 18.00000000000000400 ) ) ;
#3334 = CARTESIAN_POINT ( 'NONE',  ( -3.286975131276928400, 33.33901333170536700, -4.749999999999998200 ) ) ;
#3335 = CARTESIAN_POINT ( 'NONE',  ( 0.8838834764831743400, -4.772970773009202400, -4.750000000000001800 ) ) ;
#3336 = CARTESIAN_POINT ( 'NONE',  ( 38.99586758119772200, 2.369879118215498300, 4.749999999999999100 ) ) ;
#3337 = CARTESIAN_POINT ( 'NONE',  ( -4.772970773009202400, 0.8838834764831734500, -4.750000000000000900 ) ) ;
#3338 = CARTESIAN_POINT ( 'NONE',  ( 38.14733944377385900, 3.218407255639348800, 4.999999999999992900 ) ) ;
#3339 = CARTESIAN_POINT ( 'NONE',  ( 6.000000000000003600, 10.59619407771258400, 9.000000000000005300 ) ) ;
#3340 = CARTESIAN_POINT ( 'NONE',  ( 23.86485386504603700, 25.98617420860554700, -18.00000000000000700 ) ) ;
#3341 = CARTESIAN_POINT ( 'NONE',  ( 0.8838834764831743400, -4.772970773009202400, 4.749999999999997300 ) ) ;
#3342 = CARTESIAN_POINT ( 'NONE',  ( 37.00000000000000700, 10.00000000000002700, -2.999999999999985800 ) ) ;
#3343 = CARTESIAN_POINT ( 'NONE',  ( 36.00000000000000700, 6.000000000000024000, 11.00000000000001800 ) ) ;
#3344 = CARTESIAN_POINT ( 'NONE',  ( 6.000000000000000000, 10.59619407771259100, -19.00000000000000400 ) ) ;
#3345 = CARTESIAN_POINT ( 'NONE',  ( 38.99586758119772200, 2.369879118215498300, -4.750000000000002700 ) ) ;
#3346 = CARTESIAN_POINT ( 'NONE',  ( 10.00000000000001100, 37.00000000000000700, 2.999999999999988900 ) ) ;
#3347 = CARTESIAN_POINT ( 'NONE',  ( 5.267945519839765100, 2.156675682618966600, 4.749999999999999100 ) ) ;
#3348 = CARTESIAN_POINT ( 'NONE',  ( 10.00000000000000000, 39.85102807365142800, -17.50000000000000000 ) ) ;
#3349 = CARTESIAN_POINT ( 'NONE',  ( 0.0000000000000000000, 3.181980515339441200, -17.99999999999997900 ) ) ;
#3350 = CARTESIAN_POINT ( 'NONE',  ( 9.181980515339489600, 6.000000000000008900, -10.00000000000000200 ) ) ;
#3351 = CARTESIAN_POINT ( 'NONE',  ( 7.851028073651395500, 42.00000000000000700, -21.00000000000000000 ) ) ;
#3352 = CARTESIAN_POINT ( 'NONE',  ( 42.00000000000000000, 7.851028073651787200, 21.00000000000000000 ) ) ;
#3353 = CARTESIAN_POINT ( 'NONE',  ( 39.85102807365173300, 10.00000000000003000, 17.50000000000000400 ) ) ;
#3354 = CARTESIAN_POINT ( 'NONE',  ( 25.98617420860566400, 23.86485386504589500, -17.50000000000000400 ) ) ;
#3355 = CARTESIAN_POINT ( 'NONE',  ( 34.92893218813451700, -2.648095079470974100E-014, 5.000000000000000000 ) ) ;
#3356 = CARTESIAN_POINT ( 'NONE',  ( -1.214306433183765000E-014, 39.17157287525381500, -5.999999999999995600 ) ) ;
#3357 = CARTESIAN_POINT ( 'NONE',  ( 33.99999999999999300, 2.305095444863700300E-014, -9.000000000000003600 ) ) ;
#3358 = CARTESIAN_POINT ( 'NONE',  ( 10.59619407771258700, 6.000000000000007100, -9.000000000000003600 ) ) ;
#3359 = CARTESIAN_POINT ( 'NONE',  ( 15.70435035486971900, 17.11734212876551800, -17.50000000000000000 ) ) ;
#3360 = CARTESIAN_POINT ( 'NONE',  ( 25.98617420860566400, 23.86485386504589500, 18.00000000000000700 ) ) ;
#3361 = CARTESIAN_POINT ( 'NONE',  ( 23.86485386504603700, 25.98617420860554700, 17.50000000000000400 ) ) ;
#3362 = CARTESIAN_POINT ( 'NONE',  ( 42.00000000000000000, 7.851028073651787200, -21.00000000000000000 ) ) ;
#3363 = CARTESIAN_POINT ( 'NONE',  ( -8.673617379884035500E-016, 7.424621202458730800, 5.999999999999999100 ) ) ;
#3364 = CARTESIAN_POINT ( 'NONE',  ( 9.999999999999994700, 39.85102807365143500, 17.50000000000000000 ) ) ;
#3365 = CARTESIAN_POINT ( 'NONE',  ( 23.86485386504603700, 25.98617420860554700, 18.00000000000000700 ) ) ;
#3366 = CARTESIAN_POINT ( 'NONE',  ( 15.44023266258729000, 16.44023266258711800, 18.00000000000000400 ) ) ;
#3367 = CARTESIAN_POINT ( 'NONE',  ( 3.181980515339461100, -1.821459649775647400E-014, 5.999999999999999100 ) ) ;
#3368 = CARTESIAN_POINT ( 'NONE',  ( 1.097086912079696000, 40.26865978733351900, -5.999999999999995600 ) ) ;
#3369 = CARTESIAN_POINT ( 'NONE',  ( 3.218407255639331900, 38.14733944377385900, -4.999999999999989300 ) ) ;
#3370 = CARTESIAN_POINT ( 'NONE',  ( 4.596194077712580900, 3.116078244777878700E-015, 9.000000000000003600 ) ) ;
#3371 = CARTESIAN_POINT ( 'NONE',  ( -1.315397692389352200E-014, 11.82842712474617600, -4.999999999999998200 ) ) ;
#3372 = CARTESIAN_POINT ( 'NONE',  ( -5.721347244770511200E-015, 34.92893218813455300, -4.999999999999996400 ) ) ;
#3373 = CARTESIAN_POINT ( 'NONE',  ( 6.532302249150640200E-015, 36.00000000000000700, -16.99999999999998600 ) ) ;
#3374 = CARTESIAN_POINT ( 'NONE',  ( 2.074158770651603400E-015, 4.596194077712579200, 9.000000000000005300 ) ) ;
#3375 = CARTESIAN_POINT ( 'NONE',  ( 3.181980515339461100, -1.821459649775647400E-014, -6.000000000000000900 ) ) ;
#3376 = CARTESIAN_POINT ( 'NONE',  ( 6.000000000000007100, 36.00000000000001400, -11.00000000000001400 ) ) ;
#3377 = CARTESIAN_POINT ( 'NONE',  ( 15.70435035486971900, 17.11734212876551800, 18.00000000000000400 ) ) ;
#3378 = CARTESIAN_POINT ( 'NONE',  ( 0.0000000000000000000, 3.181980515339442900, -6.000000000000000900 ) ) ;
#3379 = CARTESIAN_POINT ( 'NONE',  ( 3.181980515339463400, -2.179775167172303500E-014, 18.00000000000000400 ) ) ;
#3380 = CARTESIAN_POINT ( 'NONE',  ( 3.877484854870202100E-016, 8.999999999999998200, 2.999999999999999100 ) ) ;
#3381 = CARTESIAN_POINT ( 'NONE',  ( 9.640926718101080100E-015, 36.00000000000001400, 11.00000000000002100 ) ) ;
#3382 = CARTESIAN_POINT ( 'NONE',  ( 6.000000000000001800, 10.59619407771258700, -9.000000000000001800 ) ) ;
#3383 = CARTESIAN_POINT ( 'NONE',  ( 8.951122035897521600E-015, 33.99999999999999300, 9.000000000000007100 ) ) ;
#3384 = CARTESIAN_POINT ( 'NONE',  ( 0.07106781186545134400, 35.00000000000000700, 4.999999999999996400 ) ) ;
#3385 = CARTESIAN_POINT ( 'NONE',  ( 25.98617420860566400, 23.86485386504589500, 17.50000000000000400 ) ) ;
#3386 = CARTESIAN_POINT ( 'NONE',  ( 7.424621202458748600, -1.647987302177966700E-014, -6.000000000000001800 ) ) ;
#3387 = CARTESIAN_POINT ( 'NONE',  ( 0.8838834764831793300, 6.540737725975550800, 4.749999999999998200 ) ) ;
#3388 = CARTESIAN_POINT ( 'NONE',  ( 3.181980515339463400, -2.179775167172303500E-014, -9.999999999999987600 ) ) ;
#3389 = CARTESIAN_POINT ( 'NONE',  ( 17.11734212876567100, 15.70435035486957400, -18.00000000000000400 ) ) ;
#3390 = CARTESIAN_POINT ( 'NONE',  ( 17.11734212876567100, 15.70435035486957700, -17.50000000000000000 ) ) ;
#3391 = CARTESIAN_POINT ( 'NONE',  ( 36.00000000000001400, 2.440689294561566200E-014, -11.00000000000001800 ) ) ;
#3392 = CARTESIAN_POINT ( 'NONE',  ( 4.545103684395361900E-016, 36.34314575050765200, 6.000000000000005300 ) ) ;
#3393 = CARTESIAN_POINT ( 'NONE',  ( 10.59619407771258700, 6.000000000000007100, 19.00000000000000400 ) ) ;
#3394 = CARTESIAN_POINT ( 'NONE',  ( 0.0000000000000000000, 3.181980515339441200, 21.00000000000000000 ) ) ;
#3395 = CARTESIAN_POINT ( 'NONE',  ( -1.984105069811701800E-014, 3.181980515339461600, 18.00000000000000400 ) ) ;
#3396 = CARTESIAN_POINT ( 'NONE',  ( 1.873832970144344100, 2.722361107568194600, 5.999999999999999100 ) ) ;
#3397 = CARTESIAN_POINT ( 'NONE',  ( 4.596194077712584500, 3.116078244777881100E-015, -9.000000000000003600 ) ) ;
#3398 = CARTESIAN_POINT ( 'NONE',  ( 23.86485386504603700, 25.98617420860554700, -17.50000000000000400 ) ) ;
#3399 = CARTESIAN_POINT ( 'NONE',  ( 2.398567066962342800E-015, 39.17157287525380100, 21.00000000000000000 ) ) ;
#3400 = CARTESIAN_POINT ( 'NONE',  ( 39.17157287525383700, 2.602085213965210600E-015, 21.00000000000000000 ) ) ;
#3401 = CARTESIAN_POINT ( 'NONE',  ( 7.851028073651395500, 42.00000000000000700, 21.00000000000000000 ) ) ;
#3402 = CARTESIAN_POINT ( 'NONE',  ( 3.218407255639331900, 38.14733944377385900, 4.999999999999996400 ) ) ;
#3403 = CARTESIAN_POINT ( 'NONE',  ( 15.44023266258729000, 16.44023266258711800, 17.50000000000000000 ) ) ;
#3404 = CARTESIAN_POINT ( 'NONE',  ( 25.98617420860566400, 23.86485386504589500, -18.00000000000000700 ) ) ;
#3405 = CARTESIAN_POINT ( 'NONE',  ( 1.006134506052267800E-014, 33.99999999999998600, 19.00000000000000700 ) ) ;
#3406 = CARTESIAN_POINT ( 'NONE',  ( 10.00000000000002100, 10.00000000000000700, -17.50000000000000000 ) ) ;
#3407 = CARTESIAN_POINT ( 'NONE',  ( 2.168404344971008900E-015, 36.34314575050765900, -5.999999999999996400 ) ) ;
#3408 = CARTESIAN_POINT ( 'NONE',  ( -1.127570259384924600E-014, 39.17157287525381500, 6.000000000000004400 ) ) ;
#3409 = CARTESIAN_POINT ( 'NONE',  ( 39.85102807365173300, 10.00000000000002800, -17.49999999999999600 ) ) ;
#3410 = CARTESIAN_POINT ( 'NONE',  ( 3.184381795276759200E-015, 4.596194077712580900, 19.00000000000000400 ) ) ;
#3411 = CARTESIAN_POINT ( 'NONE',  ( 3.877484854870202100E-016, 9.000000000000000000, -2.999999999999999100 ) ) ;
#3412 = CARTESIAN_POINT ( 'NONE',  ( 6.952720591572239000E-015, 33.99999999999999300, -9.000000000000000000 ) ) ;
#3413 = CARTESIAN_POINT ( 'NONE',  ( 4.596194077712585400, 3.116078244777881100E-015, -19.00000000000000400 ) ) ;
#3414 = CARTESIAN_POINT ( 'NONE',  ( 3.181980515339463400, -2.179775167172303500E-014, -21.00000000000000000 ) ) ;
#3415 = CARTESIAN_POINT ( 'NONE',  ( -4.559767337412704800, 34.61180553784116400, 4.750000000000003600 ) ) ;
#3416 = CARTESIAN_POINT ( 'NONE',  ( 33.99999999999998600, 2.305095444863700000E-014, 19.00000000000000400 ) ) ;
#3417 = CARTESIAN_POINT ( 'NONE',  ( 7.575732632632055300E-017, 4.596194077712582700, -9.000000000000001800 ) ) ;
#3418 = CARTESIAN_POINT ( 'NONE',  ( 11.82842712474613700, -4.498254909077621500E-014, 5.000000000000000000 ) ) ;
#3419 = CARTESIAN_POINT ( 'NONE',  ( 1.030706053287617100E-014, 36.00000000000000700, 16.99999999999999300 ) ) ;
#3420 = CARTESIAN_POINT ( 'NONE',  ( 7.198436063925731000E-015, 36.00000000000001400, -11.00000000000001400 ) ) ;
#3421 = CARTESIAN_POINT ( 'NONE',  ( 37.00000000000001400, -2.602085213965210600E-014, -2.999999999999985800 ) ) ;
#3422 = CARTESIAN_POINT ( 'NONE',  ( 37.00000000000000700, 10.00000000000002700, -2.999999999999985800 ) ) ;
#3423 = CARTESIAN_POINT ( 'NONE',  ( 36.00000000000000700, 2.440689294561565900E-014, 16.99999999999998900 ) ) ;
#3424 = CARTESIAN_POINT ( 'NONE',  ( 36.00000000000001400, 2.440689294561566200E-014, 11.00000000000001800 ) ) ;
#3425 = CARTESIAN_POINT ( 'NONE',  ( 0.0000000000000000000, 3.181980515339441200, -21.00000000000000000 ) ) ;
#3426 = CARTESIAN_POINT ( 'NONE',  ( 3.288046532517439500, 4.136574669941289500, 5.999999999999999100 ) ) ;
#3427 = CARTESIAN_POINT ( 'NONE',  ( 2.369879118215480600, 38.99586758119772200, -4.749999999999998200 ) ) ;
#3428 = CARTESIAN_POINT ( 'NONE',  ( 36.34314575050763800, 4.336808689942017700E-016, 6.000000000000000000 ) ) ;
#3429 = CARTESIAN_POINT ( 'NONE',  ( -8.673617379884035500E-016, 7.424621202458730800, -6.000000000000000900 ) ) ;
#3430 = CARTESIAN_POINT ( 'NONE',  ( -4.772970773009202400, 0.8838834764831734500, -4.750000000000000900 ) ) ;
#3431 = CARTESIAN_POINT ( 'NONE',  ( 15.70435035486971200, 17.11734212876551800, 17.50000000000000000 ) ) ;
#3432 = CARTESIAN_POINT ( 'NONE',  ( 11.82842712474613500, -4.498254909077621500E-014, -4.999999999999998200 ) ) ;
#3433 = CARTESIAN_POINT ( 'NONE',  ( -1.315397692389352100E-014, 11.82842712474617700, 5.000000000000000900 ) ) ;
#3434 = CARTESIAN_POINT ( 'NONE',  ( 2.398567066962342800E-015, 39.17157287525380100, -21.00000000000000000 ) ) ;
#3435 = CARTESIAN_POINT ( 'NONE',  ( -4.772970773009202400, 0.8838834764831734500, -4.750000000000000900 ) ) ;
#3436 = CARTESIAN_POINT ( 'NONE',  ( 1.097086912079697100, 40.26865978733351900, 4.750000000000004400 ) ) ;
#3437 = CARTESIAN_POINT ( 'NONE',  ( 2.369879118215482400, 38.99586758119772200, 4.750000000000004400 ) ) ;
#3438 = DIRECTION ( 'NONE',  ( -6.938893903907228400E-016, 1.000000000000000000, -1.031748184493162000E-031 ) ) ;
#3439 = DIRECTION ( 'NONE',  ( 0.7071067811865471300, -0.7071067811865479100, 0.0000000000000000000 ) ) ;
#3440 = CARTESIAN_POINT ( 'NONE',  ( 36.00000000000000700, 2.440689294561565900E-014, -16.99999999999998900 ) ) ;
#3441 = CARTESIAN_POINT ( 'NONE',  ( 1.097086912079697300, 40.26865978733351900, 6.000000000000004400 ) ) ;
#3442 = CARTESIAN_POINT ( 'NONE',  ( 1.097086912079696000, 40.26865978733351900, -4.749999999999998200 ) ) ;
#3443 = CARTESIAN_POINT ( 'NONE',  ( -1.214306433183765000E-014, 34.92893218813454600, 4.999999999999996400 ) ) ;
#3444 = CARTESIAN_POINT ( 'NONE',  ( 39.17157287525383000, 1.561251128379126400E-014, -6.000000000000000000 ) ) ;
#3445 = CARTESIAN_POINT ( 'NONE',  ( 8.999999999999976900, -1.785331337401151200E-014, 3.000000000000002700 ) ) ;
#3446 = CARTESIAN_POINT ( 'NONE',  ( 8.999999999999973400, -1.785331337401151500E-014, -2.999999999999999100 ) ) ;
#3447 = CARTESIAN_POINT ( 'NONE',  ( 2.511300474452784900, 38.85444622496041200, -5.999999999999996400 ) ) ;
#3448 = CARTESIAN_POINT ( 'NONE',  ( 3.181980515339462000, -1.903859014884545800E-014, 10.00000000000000500 ) ) ;
#3449 = DIRECTION ( 'NONE',  ( -0.7071067811865476800, -0.7071067811865474600, -0.0000000000000000000 ) ) ;
#3450 = CARTESIAN_POINT ( 'NONE',  ( 34.92893218813450300, -3.773023560249555400E-014, -4.999999999999992900 ) ) ;
#3451 = CARTESIAN_POINT ( 'NONE',  ( -1.034465698298835300E-015, 4.596194077712588900, -19.00000000000000400 ) ) ;
#3452 = CARTESIAN_POINT ( 'NONE',  ( 36.34314575050763800, 8.673617379884035500E-016, -6.000000000000000900 ) ) ;
#3453 = CARTESIAN_POINT ( 'NONE',  ( 2.156675682618965700, 5.267945519839765100, 4.749999999999999100 ) ) ;
#3454 = CARTESIAN_POINT ( 'NONE',  ( 33.99999999999998600, 2.305095444863700000E-014, -19.00000000000000400 ) ) ;
#3455 = CARTESIAN_POINT ( 'NONE',  ( 0.0000000000000000000, 3.181980515339442900, 5.999999999999999100 ) ) ;
#3456 = CARTESIAN_POINT ( 'NONE',  ( 5.267945519839764200, 2.156675682618967500, -4.750000000000000900 ) ) ;
#3457 = CARTESIAN_POINT ( 'NONE',  ( -4.559767337412705700, 34.61180553784116400, -4.749999999999997300 ) ) ;
#3458 = CARTESIAN_POINT ( 'NONE',  ( 39.17157287525383700, 2.602085213965210600E-015, -21.00000000000000000 ) ) ;
#3459 = CARTESIAN_POINT ( 'NONE',  ( 21.82842712474619900, 10.00000000000001400, 5.000000000000000000 ) ) ;
#3460 = CARTESIAN_POINT ( 'NONE',  ( -2.156189638628601400E-014, 3.181980515339463400, -10.00000000000000500 ) ) ;
#3461 = DIRECTION ( 'NONE',  ( -0.0000000000000000000, -0.0000000000000000000, -1.000000000000000000 ) ) ;
#3462 = CARTESIAN_POINT ( 'NONE',  ( 33.99999999999999300, 2.305095444863700300E-014, 9.000000000000003600 ) ) ;
#3463 = CARTESIAN_POINT ( 'NONE',  ( 3.181980515339463400, -2.179775167172303500E-014, 21.00000000000000000 ) ) ;
#3464 = CARTESIAN_POINT ( 'NONE',  ( 5.842497566947082500E-015, 33.99999999999998600, -19.00000000000000000 ) ) ;
#3465 = CARTESIAN_POINT ( 'NONE',  ( 4.596194077712586300, 3.116078244777881900E-015, 19.00000000000000400 ) ) ;
#3466 = CARTESIAN_POINT ( 'NONE',  ( 2.511300474452784500, 38.85444622496041200, 6.000000000000004400 ) ) ;
#3467 = CARTESIAN_POINT ( 'NONE',  ( 3.181980515339463800, -2.042636892962690400E-014, -18.00000000000000400 ) ) ;
#3468 = CARTESIAN_POINT ( 'NONE',  ( 0.0000000000000000000, 3.181980515339441200, 10.00000000000001200 ) ) ;
#3469 = CARTESIAN_POINT ( 'NONE',  ( 39.17157287525383000, 1.561251128379126400E-014, 6.000000000000000000 ) ) ;
#3470 = CARTESIAN_POINT ( 'NONE',  ( 7.424621202458748600, -1.604619215278546600E-014, 5.999999999999998200 ) ) ;
#3471 =( NAMED_UNIT ( * ) SI_UNIT ( $, .STERADIAN. ) SOLID_ANGLE_UNIT ( ) );
#3472 = DIRECTION ( 'NONE',  ( 0.0000000000000000000, 0.0000000000000000000, 1.000000000000000000 ) ) ;
#3473 = APPROVAL_ROLE ( '' ) ;
#3474 = DIRECTION ( 'NONE',  ( 1.000000000000000000, 8.673617379884027600E-016, 0.0000000000000000000 ) ) ;
#3475 = PERSON_AND_ORGANIZATION_ROLE ( 'creator' ) ;
#3476 = APPROVAL_STATUS ( 'not_yet_approved' ) ;
#3477 = APPLICATION_PROTOCOL_DEFINITION ( 'international standard', 'config_control_design', 1994, #3491 ) ;
#3478 = SECURITY_CLASSIFICATION_LEVEL ( 'unclassified' ) ;
#3479 = DIRECTION ( 'NONE',  ( 1.000000000000000000, 0.0000000000000000000, 0.0000000000000000000 ) ) ;
#3480 = APPLICATION_CONTEXT ( 'configuration controlled 3d designs of mechanical parts and assemblies' ) ;
#3481 = PERSON_AND_ORGANIZATION_ROLE ( 'design_supplier' ) ;
#3482 = DIRECTION ( 'NONE',  ( 0.6771094661783257900, 0.7358823077175471500, 2.878738267365287100E-016 ) ) ;
#3483 =( NAMED_UNIT ( * ) PLANE_ANGLE_UNIT ( ) SI_UNIT ( $, .RADIAN. ) );
#3484 = APPROVAL_ROLE ( '' ) ;
#3485 = CARTESIAN_POINT ( 'NONE',  ( 35.00000000000000000, 10.00000000000002500, -3.000000000000000000 ) ) ;
#3486 = DIRECTION ( 'NONE',  ( -6.938893903907228400E-016, 1.000000000000000000, -1.031748184493162000E-031 ) ) ;
#3487 =( LENGTH_UNIT ( ) NAMED_UNIT ( * ) SI_UNIT ( .MILLI., .METRE. ) );
#3488 = MECHANICAL_CONTEXT ( 'NONE', #3480, 'mechanical' ) ;
#3489 = APPROVAL_STATUS ( 'not_yet_approved' ) ;
#3490 = PERSON_AND_ORGANIZATION_ROLE ( 'design_owner' ) ;
#3491 = APPLICATION_CONTEXT ( 'configuration controlled 3d designs of mechanical parts and assemblies' ) ;
#3492 = DATE_TIME_ROLE ( 'classification_date' ) ;
#3493 = PERSON_AND_ORGANIZATION_ROLE ( 'creator' ) ;
#3494 = DATE_TIME_ROLE ( 'creation_date' ) ;
#3495 = APPROVAL_STATUS ( 'not_yet_approved' ) ;
#3496 = CARTESIAN_POINT ( 'NONE',  ( 0.0000000000000000000, 0.0000000000000000000, 0.0000000000000000000 ) ) ;
#3497 = CARTESIAN_POINT ( 'NONE',  ( 23.86485386504603700, 25.98617420860554700, 17.50000000000000400 ) ) ;
#3498 = APPLICATION_PROTOCOL_DEFINITION ( 'international standard', 'config_control_design', 1994, #3480 ) ;
#3499 = APPROVAL_ROLE ( '' ) ;
#3500 = PERSON_AND_ORGANIZATION_ROLE ( 'classification_officer' ) ;
#3501 = DIRECTION ( 'NONE',  ( -9.130123557772670800E-017, 1.826024711554534200E-016, -1.000000000000000000 ) ) ;
#3502 = ORIENTED_EDGE ( 'NONE', *, *, #175, .T. ) ;
#3503 = DIRECTION ( 'NONE',  ( -0.7071067811865474600, 0.7071067811865475700, 0.0000000000000000000 ) ) ;
#3504 = ORIENTED_EDGE ( 'NONE', *, *, #87, .F. ) ;
#3505 = ORIENTED_EDGE ( 'NONE', *, *, #196, .T. ) ;
#3506 = CARTESIAN_POINT ( 'NONE',  ( 2.828427124746173900, 42.00000000000000700, -21.00000000000000000 ) ) ;
#3507 = DIRECTION ( 'NONE',  ( 0.7071067811865474600, -0.7071067811865474600, -0.0000000000000000000 ) ) ;
#3508 = DIRECTION ( 'NONE',  ( 1.110223024625156800E-016, -1.110223024625156500E-016, 1.000000000000000000 ) ) ;
#3509 = CARTESIAN_POINT ( 'NONE',  ( 10.00000000000000500, 19.00000000000001100, -2.999999999999984000 ) ) ;
#3510 = CARTESIAN_POINT ( 'NONE',  ( 3.288046532517439500, 4.136574669941289500, 5.999999999999999100 ) ) ;
#3511 = DIRECTION ( 'NONE',  ( -1.000000000000000000, 0.0000000000000000000, 0.0000000000000000000 ) ) ;
#3512 = DIRECTION ( 'NONE',  ( -0.7071067811865474600, 0.7071067811865475700, 0.0000000000000000000 ) ) ;
#3513 = CARTESIAN_POINT ( 'NONE',  ( -2.412234823682778100E-014, 3.181980515339466000, -19.00000000000000700 ) ) ;
#3514 = DIRECTION ( 'NONE',  ( -1.000000000000000000, -0.0000000000000000000, -0.0000000000000000000 ) ) ;
#3515 = CARTESIAN_POINT ( 'NONE',  ( 16.44023266258734500, 16.44023266258711800, 17.50000000000000000 ) ) ;
#3516 = DIRECTION ( 'NONE',  ( 8.673617379884035500E-017, 5.880445856723917500E-032, -1.000000000000000000 ) ) ;
#3517 = CARTESIAN_POINT ( 'NONE',  ( 10.00000000000000500, 21.82842712474619900, -4.999999999999998200 ) ) ;
#3518 = CARTESIAN_POINT ( 'NONE',  ( 10.00000000000001100, 20.17157287525382300, -4.999999999999998200 ) ) ;
#3519 = DIRECTION ( 'NONE',  ( -2.844946500601964100E-016, 2.844946500601962600E-016, -1.000000000000000000 ) ) ;
#3520 = CARTESIAN_POINT ( 'NONE',  ( 10.28242155665836500, -5.686227478945825800, 5.999999999999999100 ) ) ;
#3521 = DIRECTION ( 'NONE',  ( 0.7071067811865472400, 0.7071067811865479100, 3.697785493223493400E-032 ) ) ;
#3522 = DIRECTION ( 'NONE',  ( 0.7071067811865479100, -0.7071067811865472400, -6.388768780841572300E-016 ) ) ;
#3523 = DIRECTION ( 'NONE',  ( 0.7071067811865476800, 0.7071067811865474600, -0.0000000000000000000 ) ) ;
#3524 = CARTESIAN_POINT ( 'NONE',  ( 0.8838834764831743400, -4.772970773009202400, -4.750000000000001800 ) ) ;
#3525 = CARTESIAN_POINT ( 'NONE',  ( -4.772970773009201500, 0.8838834764831717800, 4.749999999999998200 ) ) ;
#3526 = CARTESIAN_POINT ( 'NONE',  ( 19.00000000000000700, 10.00000000000001600, -4.171572875253808400 ) ) ;
#3527 = CARTESIAN_POINT ( 'NONE',  ( 5.267945519839764200, 2.156675682618967500, -4.750000000000000900 ) ) ;
#3528 = CARTESIAN_POINT ( 'NONE',  ( 0.8838834764831743400, -4.772970773009202400, 4.749999999999997300 ) ) ;
#3529 = DIRECTION ( 'NONE',  ( 0.7071067811865436900, 0.7071067811865513500, -0.0000000000000000000 ) ) ;
#3530 = CARTESIAN_POINT ( 'NONE',  ( 4.136574669941287800, 3.288046532517441300, -6.000000000000000900 ) ) ;
#3531 = DIRECTION ( 'NONE',  ( 1.110223024625156800E-016, -1.110223024625156500E-016, 1.000000000000000000 ) ) ;
#3532 = CARTESIAN_POINT ( 'NONE',  ( 6.540737725975552600, 0.8838834764831813300, 4.749999999999997300 ) ) ;
#3533 = CARTESIAN_POINT ( 'NONE',  ( 34.99999999999999300, -2.775557561562891400E-014, 5.000000000000000900 ) ) ;
#3534 = DIRECTION ( 'NONE',  ( 0.7071067811865472400, 0.7071067811865479100, 3.697785493223493400E-032 ) ) ;
#3535 = CARTESIAN_POINT ( 'NONE',  ( 37.00000000000001400, -2.602085213965210600E-014, 2.999999999999985800 ) ) ;
#3536 = CARTESIAN_POINT ( 'NONE',  ( 4.136574669941289500, 3.288046532517439900, 5.999999999999999100 ) ) ;
#3537 = DIRECTION ( 'NONE',  ( 7.158016869293778700E-017, 1.972106688478898300E-017, -1.000000000000000000 ) ) ;
#3538 = CARTESIAN_POINT ( 'NONE',  ( 19.00000000000000700, 10.00000000000001400, -2.999999999999998200 ) ) ;
#3539 = CARTESIAN_POINT ( 'NONE',  ( 32.49048519428150400, -2.438446993853062000, -4.999999999999992900 ) ) ;
#3540 = CARTESIAN_POINT ( 'NONE',  ( 0.8838834764831743400, -4.772970773009202400, 4.749999999999997300 ) ) ;
#3541 = CARTESIAN_POINT ( 'NONE',  ( 21.82842712474619900, 10.00000000000001400, -4.999999999999999100 ) ) ;
#3542 = DIRECTION ( 'NONE',  ( 0.7071067811865479100, -0.7071067811865472400, -1.570092458683774700E-016 ) ) ;
#3543 = DIRECTION ( 'NONE',  ( 0.7071067811865476800, 0.7071067811865474600, -0.0000000000000000000 ) ) ;
#3544 = DIRECTION ( 'NONE',  ( 0.7071067811865436900, 0.7071067811865513500, -0.0000000000000000000 ) ) ;
#3545 = CARTESIAN_POINT ( 'NONE',  ( -3.500178566873416200, -0.3889087296526138000, -4.750000000000000900 ) ) ;
#3546 = CARTESIAN_POINT ( 'NONE',  ( 20.17157287525381500, 10.00000000000001600, -4.999999999999999100 ) ) ;
#3547 = CARTESIAN_POINT ( 'NONE',  ( 21.00000000000002100, 10.00000000000001400, 5.000000000000000000 ) ) ;
#3548 = DIRECTION ( 'NONE',  ( -6.938893903907228400E-016, 1.000000000000000000, -1.031748184493162000E-031 ) ) ;
#3549 = CARTESIAN_POINT ( 'NONE',  ( -3.500178566873416200, -0.3889087296526138000, 4.749999999999999100 ) ) ;
#3550 = CARTESIAN_POINT ( 'NONE',  ( 6.540737725975552600, 0.8838834764831814400, -4.750000000000001800 ) ) ;
#3551 = DIRECTION ( 'NONE',  ( 0.7071067811865476800, 0.7071067811865474600, -0.0000000000000000000 ) ) ;
#3552 = DIRECTION ( 'NONE',  ( 1.110223024625156800E-016, -1.110223024625156500E-016, 1.000000000000000000 ) ) ;
#3553 = CARTESIAN_POINT ( 'NONE',  ( -0.3889087296526138000, -3.500178566873416200, -4.750000000000000900 ) ) ;
#3554 = CARTESIAN_POINT ( 'NONE',  ( 32.49048519428150400, -2.438446993853062000, -4.999999999999992900 ) ) ;
#3555 = DIRECTION ( 'NONE',  ( 0.7071067811865479100, -0.7071067811865472400, -6.388768780841572300E-016 ) ) ;
#3556 = DIRECTION ( 'NONE',  ( -6.938893903907228400E-016, 1.000000000000000000, -1.031748184493162000E-031 ) ) ;
#3557 = DIRECTION ( 'NONE',  ( -6.938893903907228400E-016, 1.000000000000000000, -1.031748184493162000E-031 ) ) ;
#3558 = DIRECTION ( 'NONE',  ( -0.0000000000000000000, -0.0000000000000000000, 1.000000000000000000 ) ) ;
#3559 = CARTESIAN_POINT ( 'NONE',  ( 36.17157287525383000, 1.242640687119297000, -5.000000000000001800 ) ) ;
#3560 = DIRECTION ( 'NONE',  ( -0.7071067811865476800, -0.7071067811865474600, -0.0000000000000000000 ) ) ;
#3561 = CARTESIAN_POINT ( 'NONE',  ( 35.00000000000000000, 10.00000000000002500, 3.000000000000000000 ) ) ;
#3562 = CARTESIAN_POINT ( 'NONE',  ( 21.00000000000002100, 10.00000000000001400, -4.999999999999999100 ) ) ;
#3563 = CARTESIAN_POINT ( 'NONE',  ( -4.772970773009201500, 0.8838834764831717800, 4.749999999999998200 ) ) ;
#3564 = DIRECTION ( 'NONE',  ( -0.7071067811865474600, 0.7071067811865476800, -4.818676322157798400E-016 ) ) ;
#3565 = CARTESIAN_POINT ( 'NONE',  ( 37.00000000000001400, 2.071067811865491000, -2.999999999999985800 ) ) ;
#3566 = CARTESIAN_POINT ( 'NONE',  ( 37.00000000000002100, 2.071067811865498200, -4.171572875253803900 ) ) ;
#3567 = CARTESIAN_POINT ( 'NONE',  ( 10.41421356237306600, -1.414213562373115100, -4.999999999999998200 ) ) ;
#3568 = CARTESIAN_POINT ( 'NONE',  ( 10.00000000000000900, 35.00000000000000000, 3.000000000000002700 ) ) ;
#3569 = DIRECTION ( 'NONE',  ( -1.000000000000000000, 4.718447854656915300E-016, 1.110223024625158000E-016 ) ) ;
#3570 = DIRECTION ( 'NONE',  ( -0.7071067811865479100, 0.7071067811865472400, 1.570092458683774700E-016 ) ) ;
#3571 = DIRECTION ( 'NONE',  ( 0.0000000000000000000, -1.000000000000000000, -2.168404344971006900E-016 ) ) ;
#3572 = DIRECTION ( 'NONE',  ( 0.7071067811865475700, -0.7071067811865474600, 0.0000000000000000000 ) ) ;
#3573 = DIRECTION ( 'NONE',  ( -1.000000000000000000, -8.673617379884027600E-016, 0.0000000000000000000 ) ) ;
#3574 = CARTESIAN_POINT ( 'NONE',  ( 38.99586758119772200, 2.369879118215498300, 4.749999999999999100 ) ) ;
#3575 = CARTESIAN_POINT ( 'NONE',  ( 3.288046532517439500, 4.136574669941289500, -6.000000000000000900 ) ) ;
#3576 = DIRECTION ( 'NONE',  ( 1.000000000000000000, 7.434529182757762200E-016, 0.0000000000000000000 ) ) ;
#3577 = DIRECTION ( 'NONE',  ( -1.000000000000000000, -6.938893903907228400E-016, -8.673617379884035500E-017 ) ) ;
#3578 = DIRECTION ( 'NONE',  ( -0.7071067811865474600, -0.7071067811865474600, 4.380838333381089500E-017 ) ) ;
#3579 = DIRECTION ( 'NONE',  ( -0.7071067811865481300, 0.7071067811865469100, 1.570092458683774700E-016 ) ) ;
#3580 = CARTESIAN_POINT ( 'NONE',  ( 0.0000000000000000000, 3.181980515339441200, -21.00000000000000000 ) ) ;
#3581 = DIRECTION ( 'NONE',  ( -6.938893903907228400E-016, 1.000000000000000000, -1.031748184493162000E-031 ) ) ;
#3582 = DIRECTION ( 'NONE',  ( -1.000000000000000000, -7.434529182757762200E-016, 6.195440985631468900E-017 ) ) ;
#3583 = CARTESIAN_POINT ( 'NONE',  ( 35.00000000000000700, 0.07106781186546912200, -4.999999999999992900 ) ) ;
#3584 = CARTESIAN_POINT ( 'NONE',  ( 40.26865978733351900, 1.097086912079714400, 6.000000000000000000 ) ) ;
#3585 = CARTESIAN_POINT ( 'NONE',  ( 0.8838834764831795500, 6.540737725975553500, -4.750000000000000900 ) ) ;
#3586 = DIRECTION ( 'NONE',  ( 0.7071067811865471300, -0.7071067811865479100, 0.0000000000000000000 ) ) ;
#3587 = CARTESIAN_POINT ( 'NONE',  ( 34.99999999999999300, -2.775557561562891400E-014, -5.000000000000000000 ) ) ;
#3588 = CARTESIAN_POINT ( 'NONE',  ( 34.61180553784116400, -4.559767337412689700, 4.749999999999999100 ) ) ;
#3589 = CARTESIAN_POINT ( 'NONE',  ( 10.00000000000001100, 37.00000000000000700, -2.999999999999982700 ) ) ;
#3590 = DIRECTION ( 'NONE',  ( 0.7071067811865436900, 0.7071067811865513500, 0.0000000000000000000 ) ) ;
#3591 = CARTESIAN_POINT ( 'NONE',  ( 42.00000000000000000, 2.828427124746212900, 21.00000000000000000 ) ) ;
#3592 = DIRECTION ( 'NONE',  ( 0.7071067811865420200, 0.7071067811865531200, -0.0000000000000000000 ) ) ;
#3593 = CARTESIAN_POINT ( 'NONE',  ( 2.071067811865473300, 37.00000000000001400, -2.999999999999981800 ) ) ;
#3594 = DIRECTION ( 'NONE',  ( -1.110223024625156800E-016, 1.110223024625156300E-016, -1.000000000000000000 ) ) ;
#3595 = CARTESIAN_POINT ( 'NONE',  ( 6.540737725975552600, 0.8838834764831814400, -4.750000000000001800 ) ) ;
#3596 = CARTESIAN_POINT ( 'NONE',  ( 10.00000000000001600, 10.00000000000000700, 17.50000000000000000 ) ) ;
#3597 = DIRECTION ( 'NONE',  ( -1.110223024625156800E-016, 1.110223024625156500E-016, -1.000000000000000000 ) ) ;
#3598 = DIRECTION ( 'NONE',  ( 0.0000000000000000000, 0.0000000000000000000, -1.000000000000000000 ) ) ;
#3599 = CARTESIAN_POINT ( 'NONE',  ( 42.00000000000000000, 7.851028073651787200, -21.00000000000000000 ) ) ;
#3600 = CARTESIAN_POINT ( 'NONE',  ( 34.61180553784116400, -4.559767337412689700, -4.750000000000001800 ) ) ;
#3601 = DIRECTION ( 'NONE',  ( -0.0000000000000000000, 1.000000000000000000, -0.0000000000000000000 ) ) ;
#3602 = CARTESIAN_POINT ( 'NONE',  ( 34.61180553784116400, -4.559767337412689700, 4.749999999999999100 ) ) ;
#3603 = DIRECTION ( 'NONE',  ( 1.734723475976806800E-016, -1.734723475976806800E-016, 1.000000000000000000 ) ) ;
#3604 = DIRECTION ( 'NONE',  ( 0.7071067811865436900, 0.7071067811865513500, 0.0000000000000000000 ) ) ;
#3605 = DIRECTION ( 'NONE',  ( 0.0000000000000000000, 0.0000000000000000000, -1.000000000000000000 ) ) ;
#3606 = CARTESIAN_POINT ( 'NONE',  ( 42.00000000000000000, 2.828427124746212900, -6.000000000000001800 ) ) ;
#3607 = CARTESIAN_POINT ( 'NONE',  ( -4.559767337412704800, 34.61180553784116400, 4.750000000000003600 ) ) ;
#3608 = DIRECTION ( 'NONE',  ( -1.110223024625156800E-016, 1.110223024625156500E-016, -1.000000000000000000 ) ) ;
#3609 = CARTESIAN_POINT ( 'NONE',  ( -4.559767337412704800, 34.61180553784116400, 4.750000000000003600 ) ) ;
#3610 = CARTESIAN_POINT ( 'NONE',  ( 8.585786437626907700, 20.41421356237310300, -4.999999999999998200 ) ) ;
#3611 = CARTESIAN_POINT ( 'NONE',  ( 3.181980515339463800, -2.059984127722458400E-014, 19.00000000000000700 ) ) ;
#3612 = DIRECTION ( 'NONE',  ( 0.7071067811865511300, 0.7071067811865440200, -8.258387601532469100E-031 ) ) ;
#3613 = CARTESIAN_POINT ( 'NONE',  ( 2.828427124746173900, 42.00000000000000700, 21.00000000000000000 ) ) ;
#3614 = CARTESIAN_POINT ( 'NONE',  ( 9.999999999999992900, 42.00000000000001400, 17.50000000000000000 ) ) ;
#3615 = CARTESIAN_POINT ( 'NONE',  ( 3.288046532517439500, 4.136574669941289500, -6.000000000000000900 ) ) ;
#3616 = CARTESIAN_POINT ( 'NONE',  ( 2.828427124746173900, 42.00000000000000700, 21.00000000000000000 ) ) ;
#3617 = CARTESIAN_POINT ( 'NONE',  ( 1.242640687119280800, 36.17157287525383700, 5.000000000000006200 ) ) ;
#3618 = CARTESIAN_POINT ( 'NONE',  ( 2.398567066962342800E-015, 39.17157287525380100, 21.00000000000000000 ) ) ;
#3619 = CARTESIAN_POINT ( 'NONE',  ( 2.398567066962342800E-015, 39.17157287525380100, -21.00000000000000000 ) ) ;
#3620 = DIRECTION ( 'NONE',  ( 0.7071067811865473500, 0.7071067811865477900, -4.380838333381090100E-017 ) ) ;
#3621 = DIRECTION ( 'NONE',  ( -0.0000000000000000000, -0.0000000000000000000, -1.000000000000000000 ) ) ;
#3622 = DIRECTION ( 'NONE',  ( -0.7071067811865419100, -0.7071067811865531200, 0.0000000000000000000 ) ) ;
#3623 = DIRECTION ( 'NONE',  ( -0.7071067811865430200, -0.7071067811865521200, -0.0000000000000000000 ) ) ;
#3624 = DIRECTION ( 'NONE',  ( -0.0000000000000000000, -0.0000000000000000000, -1.000000000000000000 ) ) ;
#3625 = CARTESIAN_POINT ( 'NONE',  ( 42.00000000000000000, 2.828427124746212900, 21.00000000000000000 ) ) ;
#3626 = CARTESIAN_POINT ( 'NONE',  ( 2.071067811865481700, 37.00000000000002100, 4.171572875253808400 ) ) ;
#3627 = CARTESIAN_POINT ( 'NONE',  ( 2.071067811865473700, 37.00000000000001400, 2.999999999999990700 ) ) ;
#3628 = DIRECTION ( 'NONE',  ( -0.7071067811865430200, -0.7071067811865521200, -0.0000000000000000000 ) ) ;
#3629 = CARTESIAN_POINT ( 'NONE',  ( 3.288046532517439500, 4.136574669941289500, -6.000000000000000900 ) ) ;
#3630 = DIRECTION ( 'NONE',  ( 0.7071067811865474600, -0.7071067811865475700, -0.0000000000000000000 ) ) ;
#3631 = CARTESIAN_POINT ( 'NONE',  ( 0.07106781186545134400, 35.00000000000000700, 4.999999999999996400 ) ) ;
#3632 = DIRECTION ( 'NONE',  ( 0.0000000000000000000, 0.0000000000000000000, 1.000000000000000000 ) ) ;
#3633 = DIRECTION ( 'NONE',  ( -1.000000000000000000, -0.0000000000000000000, -0.0000000000000000000 ) ) ;
#3634 = DIRECTION ( 'NONE',  ( 6.779692484893237600E-016, -1.000000000000000000, -0.0000000000000000000 ) ) ;
#3635 = CARTESIAN_POINT ( 'NONE',  ( -2.438446993853076600, 32.49048519428150400, 4.999999999999996400 ) ) ;
#3636 = DIRECTION ( 'NONE',  ( 0.7071067811865511300, 0.7071067811865440200, -8.258387601532469100E-031 ) ) ;
#3637 = ORIENTED_EDGE ( 'NONE', *, *, #940, .T. ) ;
#3638 = ORIENTED_EDGE ( 'NONE', *, *, #200, .T. ) ;
#3639 = ORIENTED_EDGE ( 'NONE', *, *, #1012, .F. ) ;
#3640 = ORIENTED_EDGE ( 'NONE', *, *, #973, .F. ) ;
#3641 = ORIENTED_EDGE ( 'NONE', *, *, #972, .F. ) ;
#3642 = ORIENTED_EDGE ( 'NONE', *, *, #994, .T. ) ;
#3643 = ORIENTED_EDGE ( 'NONE', *, *, #1008, .F. ) ;
#3644 = ORIENTED_EDGE ( 'NONE', *, *, #1013, .T. ) ;
#3645 = ORIENTED_EDGE ( 'NONE', *, *, #1005, .F. ) ;
#3646 = ORIENTED_EDGE ( 'NONE', *, *, #971, .T. ) ;
#3647 = ORIENTED_EDGE ( 'NONE', *, *, #982, .T. ) ;
#3648 = ORIENTED_EDGE ( 'NONE', *, *, #961, .T. ) ;
#3649 = ORIENTED_EDGE ( 'NONE', *, *, #1012, .T. ) ;
#3650 = ORIENTED_EDGE ( 'NONE', *, *, #1007, .T. ) ;
#3651 = ORIENTED_EDGE ( 'NONE', *, *, #988, .T. ) ;
#3652 = ORIENTED_EDGE ( 'NONE', *, *, #122, .T. ) ;
#3653 = ORIENTED_EDGE ( 'NONE', *, *, #248, .F. ) ;
#3654 = ORIENTED_EDGE ( 'NONE', *, *, #990, .T. ) ;
#3655 = ORIENTED_EDGE ( 'NONE', *, *, #994, .F. ) ;
#3656 = ORIENTED_EDGE ( 'NONE', *, *, #976, .T. ) ;
#3657 = ORIENTED_EDGE ( 'NONE', *, *, #965, .T. ) ;
#3658 = ORIENTED_EDGE ( 'NONE', *, *, #1002, .F. ) ;
#3659 = ORIENTED_EDGE ( 'NONE', *, *, #944, .F. ) ;
#3660 = ORIENTED_EDGE ( 'NONE', *, *, #965, .F. ) ;
#3661 = ORIENTED_EDGE ( 'NONE', *, *, #233, .T. ) ;
#3662 = ORIENTED_EDGE ( 'NONE', *, *, #1005, .T. ) ;
#3663 = ORIENTED_EDGE ( 'NONE', *, *, #987, .T. ) ;
#3664 = ORIENTED_EDGE ( 'NONE', *, *, #959, .F. ) ;
#3665 = ORIENTED_EDGE ( 'NONE', *, *, #1008, .T. ) ;
#3666 = ORIENTED_EDGE ( 'NONE', *, *, #985, .T. ) ;
#3667 = ORIENTED_EDGE ( 'NONE', *, *, #1009, .F. ) ;
#3668 = ORIENTED_EDGE ( 'NONE', *, *, #984, .F. ) ;
#3669 = ORIENTED_EDGE ( 'NONE', *, *, #109, .T. ) ;
#3670 = ORIENTED_EDGE ( 'NONE', *, *, #983, .F. ) ;
#3671 = ORIENTED_EDGE ( 'NONE', *, *, #964, .F. ) ;
#3672 = ORIENTED_EDGE ( 'NONE', *, *, #158, .F. ) ;
#3673 = ORIENTED_EDGE ( 'NONE', *, *, #967, .T. ) ;
#3674 = ORIENTED_EDGE ( 'NONE', *, *, #146, .T. ) ;
#3675 = ORIENTED_EDGE ( 'NONE', *, *, #177, .F. ) ;
#3676 = ORIENTED_EDGE ( 'NONE', *, *, #987, .F. ) ;
#3677 = CLOSED_SHELL ( 'NONE', ( #884, #874, #866, #850, #810, #891, #890, #860, #888, #855, #857, #852, #879, #816, #817, #865, #873, #892, #876, #819, #886, #818, #889, #864, #878, #859, #851, #887, #846, #880, #881, #847, #885, #883, #875, #877, #882, #840, #794, #790, #780, #825, #801, #791, #803, #799, #807, #802, #804, #806, #805, #824, #854, #786, #823, #796, #792, #793, #782, #798, #781, #784, #785, #787, #783, #813, #795, #808, #820, #788, #797, #789, #800, #861, #827, #831, #833, #863, #868, #814, #835, #849, #867, #872, #829, #871, #843, #834, #836, #837, #841, #848, #862, #828, #844, #839, #853, #832, #842, #856, #838, #830, #869, #822, #815, #870, #845, #809, #826, #821, #811, #812, #858 ) ) ;
#3678 = ORIENTED_EDGE ( 'NONE', *, *, #958, .F. ) ;
#3679 = ORIENTED_EDGE ( 'NONE', *, *, #173, .F. ) ;
#3680 = ORIENTED_EDGE ( 'NONE', *, *, #138, .T. ) ;
#3681 = ORIENTED_EDGE ( 'NONE', *, *, #958, .T. ) ;
#3682 = ORIENTED_EDGE ( 'NONE', *, *, #996, .F. ) ;
#3683 = ORIENTED_EDGE ( 'NONE', *, *, #983, .T. ) ;
#3684 = ORIENTED_EDGE ( 'NONE', *, *, #170, .T. ) ;
#3685 = ORIENTED_EDGE ( 'NONE', *, *, #1000, .F. ) ;
#3686 = ORIENTED_EDGE ( 'NONE', *, *, #985, .F. ) ;
#3687 = ORIENTED_EDGE ( 'NONE', *, *, #176, .F. ) ;
#3688 = ORIENTED_EDGE ( 'NONE', *, *, #162, .T. ) ;
#3689 = ORIENTED_EDGE ( 'NONE', *, *, #1009, .T. ) ;
#3690 = ORIENTED_EDGE ( 'NONE', *, *, #993, .F. ) ;
#3691 = ORIENTED_EDGE ( 'NONE', *, *, #185, .F. ) ;
#3692 = ORIENTED_EDGE ( 'NONE', *, *, #3707, .T. ) ;
#3693 = ORIENTED_EDGE ( 'NONE', *, *, #996, .T. ) ;
#3694 = ORIENTED_EDGE ( 'NONE', *, *, #149, .F. ) ;
#3695 = ORIENTED_EDGE ( 'NONE', *, *, #964, .T. ) ;
#3696 = ORIENTED_EDGE ( 'NONE', *, *, #167, .F. ) ;
#3697 = ORIENTED_EDGE ( 'NONE', *, *, #184, .T. ) ;
#3698 = ORIENTED_EDGE ( 'NONE', *, *, #967, .F. ) ;
#3699 = ORIENTED_EDGE ( 'NONE', *, *, #161, .T. ) ;
#3700 = ORIENTED_EDGE ( 'NONE', *, *, #984, .T. ) ;
#3701 = EDGE_CURVE ( 'NONE', #1177, #1225, #2456, .T. ) ;
#3702 = EDGE_CURVE ( 'NONE', #1221, #1680, #2455, .T. ) ;
#3703 = EDGE_CURVE ( 'NONE', #1223, #1186, #2450, .T. ) ;
#3704 = EDGE_CURVE ( 'NONE', #1212, #1223, #2466, .T. ) ;
#3705 = EDGE_CURVE ( 'NONE', #1225, #1234, #2452, .T. ) ;
#3706 = EDGE_CURVE ( 'NONE', #1174, #1225, #2462, .T. ) ;
#3707 = EDGE_CURVE ( 'NONE', #1717, #1641, #2480, .T. ) ;
ENDSEC;
END-ISO-10303-21;
