ISO-10303-21;
HEADER;
FILE_DESCRIPTION (( 'STEP AP203' ),
    '1' );
FILE_NAME ('0-45-90.STEP',
    '2017-03-08T14:04:16',
    ( '' ),
    ( '' ),
    'SwSTEP 2.0',
    'SolidWorks 2012',
    '' );
FILE_SCHEMA (( 'CONFIG_CONTROL_DESIGN' ));
ENDSEC;

DATA;
#1 = DIRECTION ( 'NONE',  ( -0.0000000000000000000, -0.0000000000000000000, -1.000000000000000000 ) ) ;
#2 = DIRECTION ( 'NONE',  ( -1.000000000000000000, 0.0000000000000000000, 0.0000000000000000000 ) ) ;
#3 = CARTESIAN_POINT ( 'NONE',  ( -36.00000000000001400, 6.991378033440249800, 20.00000000000000000 ) ) ;
#4 = DIRECTION ( 'NONE',  ( 0.0000000000000000000, 0.0000000000000000000, -1.000000000000000000 ) ) ;
#5 = DIRECTION ( 'NONE',  ( -1.000000000000000000, 0.0000000000000000000, 0.0000000000000000000 ) ) ;
#6 = DIRECTION ( 'NONE',  ( 0.0000000000000000000, -0.0000000000000000000, -1.000000000000000000 ) ) ;
#7 = CARTESIAN_POINT ( 'NONE',  ( -23.08667927438986900, 15.23779400321917500, 19.49999999999999300 ) ) ;
#8 = CARTESIAN_POINT ( 'NONE',  ( -37.40559159341745500, 8.414213564768998000, -19.49999999999999300 ) ) ;
#9 = CARTESIAN_POINT ( 'NONE',  ( -15.59134739381246800, 22.73312588379657800, -5.499999999999998200 ) ) ;
#10 = DIRECTION ( 'NONE',  ( -0.4999999999999984500, 0.4999999999999982800, -0.7071067811865499000 ) ) ;
#11 = PLANE ( 'NONE',  #1578 ) ;
#12 = PLANE ( 'NONE',  #1497 ) ;
#13 = DIRECTION ( 'NONE',  ( -0.0000000000000000000, -0.0000000000000000000, 1.000000000000000000 ) ) ;
#14 = DIRECTION ( 'NONE',  ( 0.7071067811865474600, 0.7071067811865476800, 0.0000000000000000000 ) ) ;
#15 = PLANE ( 'NONE',  #1496 ) ;
#16 = CARTESIAN_POINT ( 'NONE',  ( -1.000000000000000400, 0.9999999999999997800, -19.49999999999999300 ) ) ;
#17 = DIRECTION ( 'NONE',  ( 0.0000000000000000000, 0.0000000000000000000, 1.000000000000000000 ) ) ;
#18 = DIRECTION ( 'NONE',  ( -0.0000000000000000000, -0.0000000000000000000, 1.000000000000000000 ) ) ;
#19 = CARTESIAN_POINT ( 'NONE',  ( -15.59134739381246800, 22.73312588379657800, 19.49999999999999300 ) ) ;
#20 = CARTESIAN_POINT ( 'NONE',  ( -1.000000000000026200, 36.99999999999999300, -20.00000000000000000 ) ) ;
#21 = CARTESIAN_POINT ( 'NONE',  ( -26.48079182408530500, 17.92479977172806100, 20.00000000000000000 ) ) ;
#22 = DIRECTION ( 'NONE',  ( 0.4999999999999986700, 0.4999999999999979500, -0.7071067811865499000 ) ) ;
#23 = CARTESIAN_POINT ( 'NONE',  ( -36.00000000000001400, 6.991378033440249800, 20.00000000000000000 ) ) ;
#24 = DIRECTION ( 'NONE',  ( 0.0000000000000000000, 0.0000000000000000000, -1.000000000000000000 ) ) ;
#25 = DIRECTION ( 'NONE',  ( 1.000000000000000000, 0.0000000000000000000, 0.0000000000000000000 ) ) ;
#26 = DIRECTION ( 'NONE',  ( 0.0000000000000000000, 0.0000000000000000000, -1.000000000000000000 ) ) ;
#27 = DIRECTION ( 'NONE',  ( 0.7071067811865480200, 0.7071067811865470200, 0.0000000000000000000 ) ) ;
#28 = DIRECTION ( 'NONE',  ( 1.000000000000000000, 0.0000000000000000000, 0.0000000000000000000 ) ) ;
#29 = CARTESIAN_POINT ( 'NONE',  ( -15.23779400321919100, 23.08667927438985900, -5.499999999999998200 ) ) ;
#30 = DIRECTION ( 'NONE',  ( 1.000000000000000000, 0.0000000000000000000, 0.0000000000000000000 ) ) ;
#31 = DIRECTION ( 'NONE',  ( -0.7071067811865470200, 0.7071067811865480200, 0.0000000000000000000 ) ) ;
#32 = DIRECTION ( 'NONE',  ( -0.7071067811865470200, 0.7071067811865480200, 0.0000000000000000000 ) ) ;
#33 = DIRECTION ( 'NONE',  ( -1.000000000000000000, 0.0000000000000000000, 0.0000000000000000000 ) ) ;
#34 = DIRECTION ( 'NONE',  ( -1.000000000000000000, 0.0000000000000000000, 0.0000000000000000000 ) ) ;
#35 = PLANE ( 'NONE',  #1506 ) ;
#36 = CARTESIAN_POINT ( 'NONE',  ( -18.00437707996430000, 7.733595492524199400, 19.49999999999999300 ) ) ;
#37 = CARTESIAN_POINT ( 'NONE',  ( -2.499999999999989300, 32.00000000000000000, 0.0000000000000000000 ) ) ;
#38 = CARTESIAN_POINT ( 'NONE',  ( -37.00000000000001400, 0.9999999999999954500, -20.00000000000000000 ) ) ;
#39 = PLANE ( 'NONE',  #1509 ) ;
#40 = DIRECTION ( 'NONE',  ( -1.000000000000000000, 3.414138485015652700E-016, 0.0000000000000000000 ) ) ;
#41 = DIRECTION ( 'NONE',  ( 1.000000000000000000, 0.0000000000000000000, 0.0000000000000000000 ) ) ;
#42 = DIRECTION ( 'NONE',  ( -0.0000000000000000000, 0.0000000000000000000, -1.000000000000000000 ) ) ;
#43 = CARTESIAN_POINT ( 'NONE',  ( -36.00000000000001400, 6.991378033440249800, -20.00000000000000000 ) ) ;
#44 = DIRECTION ( 'NONE',  ( -1.000000000000000000, 0.0000000000000000000, 0.0000000000000000000 ) ) ;
#45 = CARTESIAN_POINT ( 'NONE',  ( -23.94407404193130200, 13.67329245449119100, 19.49999999999999300 ) ) ;
#46 = DIRECTION ( 'NONE',  ( -1.000000000000000000, 0.0000000000000000000, 0.0000000000000000000 ) ) ;
#47 = PLANE ( 'NONE',  #1517 ) ;
#48 = DIRECTION ( 'NONE',  ( -0.7071067811865474600, -0.7071067811865476800, 0.0000000000000000000 ) ) ;
#49 = CARTESIAN_POINT ( 'NONE',  ( -15.23779400321919100, 23.08667927438985900, 19.49999999999999300 ) ) ;
#50 = DIRECTION ( 'NONE',  ( 0.0000000000000000000, 0.0000000000000000000, -1.000000000000000000 ) ) ;
#51 = DIRECTION ( 'NONE',  ( 0.7071067811865473500, 0.7071067811865477900, 0.0000000000000000000 ) ) ;
#52 = PLANE ( 'NONE',  #1500 ) ;
#53 = DIRECTION ( 'NONE',  ( 0.0000000000000000000, 0.0000000000000000000, 1.000000000000000000 ) ) ;
#54 = PLANE ( 'NONE',  #1519 ) ;
#55 = DIRECTION ( 'NONE',  ( 0.0000000000000000000, 0.0000000000000000000, 1.000000000000000000 ) ) ;
#56 = DIRECTION ( 'NONE',  ( -1.000000000000000000, 0.0000000000000000000, 0.0000000000000000000 ) ) ;
#57 = DIRECTION ( 'NONE',  ( -0.7071067811865479100, 0.7071067811865471300, 0.0000000000000000000 ) ) ;
#58 = CARTESIAN_POINT ( 'NONE',  ( -1.000000000000000400, 0.9999999999999997800, 20.00000000000000000 ) ) ;
#59 = CARTESIAN_POINT ( 'NONE',  ( -32.00000000000000700, 38.99999999999999300, 0.0000000000000000000 ) ) ;
#60 = DIRECTION ( 'NONE',  ( -1.000000000000000000, 0.0000000000000000000, 0.0000000000000000000 ) ) ;
#61 = DIRECTION ( 'NONE',  ( 0.4999999999999958900, -0.4999999999999956100, -0.7071067811865536800 ) ) ;
#62 = CARTESIAN_POINT ( 'NONE',  ( -26.48079182408530500, 17.92479977172806100, 20.00000000000000000 ) ) ;
#63 = DIRECTION ( 'NONE',  ( 1.000000000000000000, 0.0000000000000000000, 0.0000000000000000000 ) ) ;
#64 = CARTESIAN_POINT ( 'NONE',  ( -1.000000000000026200, 36.99999999999999300, 20.00000000000000000 ) ) ;
#65 = CARTESIAN_POINT ( 'NONE',  ( -4.924442635585340800, -2.924442635585344800, 20.00000000000000000 ) ) ;
#66 = DIRECTION ( 'NONE',  ( 0.0000000000000000000, 0.0000000000000000000, -1.000000000000000000 ) ) ;
#67 = DIRECTION ( 'NONE',  ( 1.000000000000000000, 0.0000000000000000000, 0.0000000000000000000 ) ) ;
#68 = DIRECTION ( 'NONE',  ( -0.0000000000000000000, -0.0000000000000000000, -1.000000000000000000 ) ) ;
#69 = PLANE ( 'NONE',  #1521 ) ;
#70 = DIRECTION ( 'NONE',  ( -0.4999999999999988300, -0.4999999999999993900, -0.7071067811865487900 ) ) ;
#71 = DIRECTION ( 'NONE',  ( -0.4999999999999948900, 0.4999999999999912800, -0.7071067811865573400 ) ) ;
#72 = PLANE ( 'NONE',  #1498 ) ;
#73 = CARTESIAN_POINT ( 'NONE',  ( -20.97422556094780400, 10.70344397350769200, -5.499999999999998200 ) ) ;
#74 = DIRECTION ( 'NONE',  ( 0.0000000000000000000, 0.0000000000000000000, 1.000000000000000000 ) ) ;
#75 = DIRECTION ( 'NONE',  ( 1.000000000000000000, 0.0000000000000000000, -0.0000000000000000000 ) ) ;
#76 = CARTESIAN_POINT ( 'NONE',  ( -18.00437707996430000, 7.733595492524199400, -5.499999999999998200 ) ) ;
#77 = DIRECTION ( 'NONE',  ( 0.0000000000000000000, 0.0000000000000000000, 1.000000000000000000 ) ) ;
#78 = DIRECTION ( 'NONE',  ( 1.193692435765339400E-016, -1.000000000000000000, 0.0000000000000000000 ) ) ;
#79 = DIRECTION ( 'NONE',  ( 0.4999999999999984500, -0.4999999999999982800, -0.7071067811865499000 ) ) ;
#80 = CARTESIAN_POINT ( 'NONE',  ( -6.991378033440278200, 35.99999999999999300, -20.00000000000000000 ) ) ;
#81 = CARTESIAN_POINT ( 'NONE',  ( -22.55634918849995100, 22.55634918849994400, 20.00000000000000000 ) ) ;
#82 = PLANE ( 'NONE',  #1510 ) ;
#83 = PLANE ( 'NONE',  #1483 ) ;
#84 = DIRECTION ( 'NONE',  ( -0.7071067811865450200, -0.7071067811865501300, 0.0000000000000000000 ) ) ;
#85 = DIRECTION ( 'NONE',  ( 1.000000000000000000, 0.0000000000000000000, 0.0000000000000000000 ) ) ;
#86 = DIRECTION ( 'NONE',  ( -0.7071067811865425800, 0.0000000000000000000, -0.7071067811865524600 ) ) ;
#87 = CARTESIAN_POINT ( 'NONE',  ( -2.775557561562891400E-014, 38.99999999999999300, -19.49999999999999300 ) ) ;
#88 = CARTESIAN_POINT ( 'NONE',  ( -22.73312588379659600, 15.59134739381245200, -5.499999999999998200 ) ) ;
#89 = DIRECTION ( 'NONE',  ( 0.0000000000000000000, 0.0000000000000000000, -1.000000000000000000 ) ) ;
#90 = DIRECTION ( 'NONE',  ( -0.7071067811865501300, 0.7071067811865450200, 0.0000000000000000000 ) ) ;
#91 = DIRECTION ( 'NONE',  ( -0.7071067811865450200, -0.7071067811865501300, 0.0000000000000000000 ) ) ;
#92 = CARTESIAN_POINT ( 'NONE',  ( -6.991378033440278200, 35.99999999999999300, 20.00000000000000000 ) ) ;
#93 = DIRECTION ( 'NONE',  ( -1.000000000000000000, 0.0000000000000000000, 0.0000000000000000000 ) ) ;
#94 = DIRECTION ( 'NONE',  ( 0.7071067811865479100, -0.7071067811865471300, 0.0000000000000000000 ) ) ;
#95 = CARTESIAN_POINT ( 'NONE',  ( -1.000000000000000400, 0.9999999999999997800, -20.00000000000000000 ) ) ;
#96 = DIRECTION ( 'NONE',  ( -0.0000000000000000000, -0.0000000000000000000, 1.000000000000000000 ) ) ;
#97 = PLANE ( 'NONE',  #1514 ) ;
#98 = DIRECTION ( 'NONE',  ( 0.7071067811865477900, -0.7071067811865473500, 0.0000000000000000000 ) ) ;
#99 = DIRECTION ( 'NONE',  ( 0.0000000000000000000, 0.7071067811865425800, -0.7071067811865524600 ) ) ;
#100 = DIRECTION ( 'NONE',  ( 1.000000000000000000, 0.0000000000000000000, 0.0000000000000000000 ) ) ;
#101 = DIRECTION ( 'NONE',  ( 0.7071067811865425800, 0.0000000000000000000, -0.7071067811865524600 ) ) ;
#102 = DIRECTION ( 'NONE',  ( -0.4999999999999919000, 0.4999999999999955000, -0.7071067811865564500 ) ) ;
#103 = DIRECTION ( 'NONE',  ( -0.7071067811865501300, -0.7071067811865450200, 0.0000000000000000000 ) ) ;
#104 = DIRECTION ( 'NONE',  ( -1.000000000000000000, 0.0000000000000000000, 0.0000000000000000000 ) ) ;
#105 = PLANE ( 'NONE',  #1523 ) ;
#106 = PLANE ( 'NONE',  #1522 ) ;
#107 = DIRECTION ( 'NONE',  ( 7.215383281001562000E-016, -1.000000000000000000, 0.0000000000000000000 ) ) ;
#108 = CARTESIAN_POINT ( 'NONE',  ( -10.70344397350771000, 20.97422556094779000, -5.499999999999998200 ) ) ;
#109 = CARTESIAN_POINT ( 'NONE',  ( -32.00000000000000000, 2.499999999999996000, 0.0000000000000000000 ) ) ;
#110 = PLANE ( 'NONE',  #1526 ) ;
#111 = DIRECTION ( 'NONE',  ( -1.193692435765339400E-016, 1.000000000000000000, 0.0000000000000000000 ) ) ;
#112 = CARTESIAN_POINT ( 'NONE',  ( -37.00000000000001400, 0.9999999999999954500, 20.00000000000000000 ) ) ;
#113 = PLANE ( 'NONE',  #1544 ) ;
#114 = DIRECTION ( 'NONE',  ( 0.0000000000000000000, 0.0000000000000000000, -1.000000000000000000 ) ) ;
#115 = CARTESIAN_POINT ( 'NONE',  ( -23.94407404193130200, 13.67329245449119100, -5.499999999999998200 ) ) ;
#116 = DIRECTION ( 'NONE',  ( 3.414138485015652700E-016, 1.000000000000000000, 0.0000000000000000000 ) ) ;
#117 = DIRECTION ( 'NONE',  ( 0.7071067811865425800, 5.102046446856209200E-016, -0.7071067811865524600 ) ) ;
#118 = DIRECTION ( 'NONE',  ( 1.000000000000000000, 0.0000000000000000000, 0.0000000000000000000 ) ) ;
#119 = DIRECTION ( 'NONE',  ( -1.000000000000000000, -1.193692435765339400E-016, 0.0000000000000000000 ) ) ;
#120 = DIRECTION ( 'NONE',  ( 0.0000000000000000000, -1.000000000000000000, 0.0000000000000000000 ) ) ;
#121 = CARTESIAN_POINT ( 'NONE',  ( -37.50000000000000000, 0.9999999999999997800, 20.00000000000000000 ) ) ;
#122 = PLANE ( 'NONE',  #1564 ) ;
#123 = DIRECTION ( 'NONE',  ( 0.7071067811865473500, 0.7071067811865477900, 0.0000000000000000000 ) ) ;
#124 = DIRECTION ( 'NONE',  ( -0.7071067811865471300, -0.7071067811865479100, 0.0000000000000000000 ) ) ;
#125 = DIRECTION ( 'NONE',  ( -0.0000000000000000000, 0.0000000000000000000, -1.000000000000000000 ) ) ;
#126 = PLANE ( 'NONE',  #1525 ) ;
#127 = DIRECTION ( 'NONE',  ( -1.000000000000000000, 0.0000000000000000000, 0.0000000000000000000 ) ) ;
#128 = CARTESIAN_POINT ( 'NONE',  ( -14.88424061262591800, 22.73312588379658500, 19.49999999999999300 ) ) ;
#129 = DIRECTION ( 'NONE',  ( 0.0000000000000000000, 0.0000000000000000000, 1.000000000000000000 ) ) ;
#130 = CARTESIAN_POINT ( 'NONE',  ( -20.97422556094780400, 10.70344397350769200, 19.49999999999999300 ) ) ;
#131 = DIRECTION ( 'NONE',  ( 0.0000000000000000000, 1.000000000000000000, 0.0000000000000000000 ) ) ;
#132 = CARTESIAN_POINT ( 'NONE',  ( -2.775557561562891400E-014, 37.99999999999999300, -19.49999999999999300 ) ) ;
#133 = CARTESIAN_POINT ( 'NONE',  ( -38.00000000000001400, -4.653657836759942700E-015, -19.49999999999999300 ) ) ;
#134 = DIRECTION ( 'NONE',  ( 1.000000000000000000, 0.0000000000000000000, 0.0000000000000000000 ) ) ;
#135 = PLANE ( 'NONE',  #1511 ) ;
#136 = DIRECTION ( 'NONE',  ( -1.000000000000000000, -1.192877847255286100E-016, 0.0000000000000000000 ) ) ;
#137 = CARTESIAN_POINT ( 'NONE',  ( -1.000000000000007300, -1.207220171898551200E-016, -19.49999999999999300 ) ) ;
#138 = DIRECTION ( 'NONE',  ( 8.434920149214175500E-017, -0.7071067811865425800, -0.7071067811865524600 ) ) ;
#139 = DIRECTION ( 'NONE',  ( 0.0000000000000000000, 1.000000000000000000, 0.0000000000000000000 ) ) ;
#140 = CARTESIAN_POINT ( 'NONE',  ( -32.00000000000000700, 38.99999999999999300, 0.0000000000000000000 ) ) ;
#141 = DIRECTION ( 'NONE',  ( -1.000000000000000000, 0.0000000000000000000, 0.0000000000000000000 ) ) ;
#142 = CARTESIAN_POINT ( 'NONE',  ( -39.00000000000001400, 32.00000000000001400, 0.0000000000000000000 ) ) ;
#143 = DIRECTION ( 'NONE',  ( 1.000000000000000000, 0.0000000000000000000, 0.0000000000000000000 ) ) ;
#144 = DIRECTION ( 'NONE',  ( -0.0000000000000000000, -1.000000000000000000, -0.0000000000000000000 ) ) ;
#145 = DIRECTION ( 'NONE',  ( 0.0000000000000000000, 0.0000000000000000000, -1.000000000000000000 ) ) ;
#146 = DIRECTION ( 'NONE',  ( 0.0000000000000000000, 0.0000000000000000000, -1.000000000000000000 ) ) ;
#147 = DIRECTION ( 'NONE',  ( -1.000000000000000000, 0.0000000000000000000, 0.0000000000000000000 ) ) ;
#148 = DIRECTION ( 'NONE',  ( 0.0000000000000000000, 0.0000000000000000000, -1.000000000000000000 ) ) ;
#149 = CARTESIAN_POINT ( 'NONE',  ( -6.991378033440278200, 35.99999999999999300, 20.00000000000000000 ) ) ;
#150 = DIRECTION ( 'NONE',  ( 1.000000000000000000, 0.0000000000000000000, 0.0000000000000000000 ) ) ;
#151 = DIRECTION ( 'NONE',  ( 1.000000000000000000, -3.414138485015652700E-016, 0.0000000000000000000 ) ) ;
#152 = DIRECTION ( 'NONE',  ( -0.0000000000000000000, -0.0000000000000000000, 1.000000000000000000 ) ) ;
#153 = DIRECTION ( 'NONE',  ( 1.000000000000000000, 0.0000000000000000000, 0.0000000000000000000 ) ) ;
#154 = DIRECTION ( 'NONE',  ( -0.0000000000000000000, -0.7071067811865425800, -0.7071067811865524600 ) ) ;
#155 = CARTESIAN_POINT ( 'NONE',  ( -32.00000000000000000, -3.863104550075336200E-015, 0.0000000000000000000 ) ) ;
#156 = DIRECTION ( 'NONE',  ( -0.0000000000000000000, -1.000000000000000000, -0.0000000000000000000 ) ) ;
#157 = DIRECTION ( 'NONE',  ( 0.0000000000000000000, 0.0000000000000000000, 1.000000000000000000 ) ) ;
#158 = DIRECTION ( 'NONE',  ( 1.000000000000000000, 0.0000000000000000000, 0.0000000000000000000 ) ) ;
#159 = DIRECTION ( 'NONE',  ( -1.000000000000000000, 0.0000000000000000000, 0.0000000000000000000 ) ) ;
#160 = DIRECTION ( 'NONE',  ( 0.0000000000000000000, 1.000000000000000000, 0.0000000000000000000 ) ) ;
#161 = CARTESIAN_POINT ( 'NONE',  ( -1.000000000000026200, 36.99999999999999300, 20.00000000000000000 ) ) ;
#162 = PLANE ( 'NONE',  #1548 ) ;
#163 = CARTESIAN_POINT ( 'NONE',  ( -1.000000000000000400, 37.49999999999997900, 20.00000000000000000 ) ) ;
#164 = PLANE ( 'NONE',  #1529 ) ;
#165 = CARTESIAN_POINT ( 'NONE',  ( -39.00000000000001400, 32.00000000000001400, 0.0000000000000000000 ) ) ;
#166 = DIRECTION ( 'NONE',  ( 1.000000000000000000, -3.414138485015652700E-016, 0.0000000000000000000 ) ) ;
#167 = CARTESIAN_POINT ( 'NONE',  ( -32.00000000000000000, -3.863104550075336200E-015, 0.0000000000000000000 ) ) ;
#168 = DIRECTION ( 'NONE',  ( 1.193692435765339400E-016, -1.000000000000000000, 0.0000000000000000000 ) ) ;
#169 = DIRECTION ( 'NONE',  ( 0.0000000000000000000, 0.0000000000000000000, -1.000000000000000000 ) ) ;
#170 = CARTESIAN_POINT ( 'NONE',  ( -20.97422556094780400, 10.70344397350769200, -5.499999999999998200 ) ) ;
#171 = CARTESIAN_POINT ( 'NONE',  ( -17.92479977172807900, 26.48079182408529100, 20.00000000000000000 ) ) ;
#172 = CARTESIAN_POINT ( 'NONE',  ( -1.000000000000000400, 0.9999999999999997800, 20.00000000000000000 ) ) ;
#173 = DIRECTION ( 'NONE',  ( 0.0000000000000000000, 0.0000000000000000000, -1.000000000000000000 ) ) ;
#174 = CARTESIAN_POINT ( 'NONE',  ( -10.70344397350771000, 20.97422556094779000, -5.499999999999998200 ) ) ;
#175 = PLANE ( 'NONE',  #1543 ) ;
#176 = DIRECTION ( 'NONE',  ( -1.000000000000000000, 0.0000000000000000000, 0.0000000000000000000 ) ) ;
#177 = CARTESIAN_POINT ( 'NONE',  ( -17.92479977172807900, 26.48079182408529100, 20.00000000000000000 ) ) ;
#178 = CARTESIAN_POINT ( 'NONE',  ( -2.775557561562891400E-014, 38.99999999999999300, 20.00000000000000000 ) ) ;
#179 = DIRECTION ( 'NONE',  ( -1.000000000000000000, -7.215383281001562000E-016, 0.0000000000000000000 ) ) ;
#180 = DIRECTION ( 'NONE',  ( 7.215383281001562000E-016, -1.000000000000000000, 0.0000000000000000000 ) ) ;
#181 = PLANE ( 'NONE',  #1575 ) ;
#182 = DIRECTION ( 'NONE',  ( 0.0000000000000000000, 0.0000000000000000000, -1.000000000000000000 ) ) ;
#183 = DIRECTION ( 'NONE',  ( -1.000000000000000000, 0.0000000000000000000, 0.0000000000000000000 ) ) ;
#184 = CARTESIAN_POINT ( 'NONE',  ( -37.00000000000001400, 0.9999999999999954500, 19.49999999999999300 ) ) ;
#185 = DIRECTION ( 'NONE',  ( 0.0000000000000000000, 0.0000000000000000000, -1.000000000000000000 ) ) ;
#186 = DIRECTION ( 'NONE',  ( -1.000000000000000000, 0.0000000000000000000, 0.0000000000000000000 ) ) ;
#187 = CARTESIAN_POINT ( 'NONE',  ( -6.991378033440278200, 37.99999999999999300, -19.49999999999999300 ) ) ;
#188 = CARTESIAN_POINT ( 'NONE',  ( -8.052038205220094700, 37.06066017177980100, -20.00000000000000000 ) ) ;
#189 = CARTESIAN_POINT ( 'NONE',  ( -1.000000000000026200, 36.99999999999999300, 19.49999999999999300 ) ) ;
#190 = DIRECTION ( 'NONE',  ( 0.0000000000000000000, 0.0000000000000000000, -1.000000000000000000 ) ) ;
#191 = CARTESIAN_POINT ( 'NONE',  ( -23.08667927438987300, 15.23779400321917200, 20.00000000000000000 ) ) ;
#192 = CARTESIAN_POINT ( 'NONE',  ( -17.92479977172807900, 26.48079182408529100, 19.49999999999999300 ) ) ;
#193 = DIRECTION ( 'NONE',  ( -1.000000000000000000, 0.0000000000000000000, 0.0000000000000000000 ) ) ;
#194 = DIRECTION ( 'NONE',  ( -1.000000000000000000, 6.938893903907228400E-015, 0.0000000000000000000 ) ) ;
#195 = DIRECTION ( 'NONE',  ( 0.0000000000000000000, 0.0000000000000000000, -1.000000000000000000 ) ) ;
#196 = DIRECTION ( 'NONE',  ( 0.0000000000000000000, 0.0000000000000000000, 1.000000000000000000 ) ) ;
#197 = CARTESIAN_POINT ( 'NONE',  ( -10.70344397350771000, 20.97422556094779000, 19.49999999999999300 ) ) ;
#198 = DIRECTION ( 'NONE',  ( 0.0000000000000000000, -0.7071067811865524600, -0.7071067811865426900 ) ) ;
#199 = DIRECTION ( 'NONE',  ( -1.000000000000000000, 1.652117596168388700E-015, 0.0000000000000000000 ) ) ;
#200 = CARTESIAN_POINT ( 'NONE',  ( -6.991378033440278200, 35.99999999999999300, -19.49999999999999300 ) ) ;
#201 = DIRECTION ( 'NONE',  ( -0.4999999999999960600, 0.5000000000000083300, 0.7071067811865444600 ) ) ;
#202 = DIRECTION ( 'NONE',  ( 0.0000000000000000000, 0.0000000000000000000, 1.000000000000000000 ) ) ;
#203 = CARTESIAN_POINT ( 'NONE',  ( -14.88424061262591600, 22.73312588379658200, -5.499999999999998200 ) ) ;
#204 = DIRECTION ( 'NONE',  ( 0.0000000000000000000, -1.000000000000000000, 0.0000000000000000000 ) ) ;
#205 = CARTESIAN_POINT ( 'NONE',  ( -23.94407404193130200, 13.67329245449119100, 19.49999999999999300 ) ) ;
#206 = DIRECTION ( 'NONE',  ( -0.5000000000000088800, 0.5000000000000038900, 0.7071067811865383600 ) ) ;
#207 = CARTESIAN_POINT ( 'NONE',  ( -37.50000000000000000, 0.9999999999999954500, -20.00000000000000000 ) ) ;
#208 = DIRECTION ( 'NONE',  ( -0.7071067811865524600, 0.0000000000000000000, 0.7071067811865426900 ) ) ;
#209 = CARTESIAN_POINT ( 'NONE',  ( -37.00000000000001400, 0.9999999999999954500, -19.49999999999999300 ) ) ;
#210 = CARTESIAN_POINT ( 'NONE',  ( -15.59134739381246600, 22.73312588379658200, 19.49999999999999300 ) ) ;
#211 = DIRECTION ( 'NONE',  ( -1.000000000000000000, 0.0000000000000000000, 0.0000000000000000000 ) ) ;
#212 = DIRECTION ( 'NONE',  ( 0.4999999999999972800, 0.4999999999999997200, -0.7071067811865496800 ) ) ;
#213 = CARTESIAN_POINT ( 'NONE',  ( -23.08667927438986900, 15.23779400321917500, 19.49999999999999300 ) ) ;
#214 = DIRECTION ( 'NONE',  ( -0.5000000000000038900, 0.5000000000000088800, 0.7071067811865383600 ) ) ;
#215 = DIRECTION ( 'NONE',  ( 0.0000000000000000000, 0.0000000000000000000, 1.000000000000000000 ) ) ;
#216 = DIRECTION ( 'NONE',  ( -1.000000000000000000, 0.0000000000000000000, 0.0000000000000000000 ) ) ;
#217 = DIRECTION ( 'NONE',  ( -0.0000000000000000000, -0.0000000000000000000, 1.000000000000000000 ) ) ;
#218 = DIRECTION ( 'NONE',  ( 0.5000000000000015500, 0.5000000000000064400, 0.7071067811865418000 ) ) ;
#219 = DIRECTION ( 'NONE',  ( -1.000000000000000000, 0.0000000000000000000, 0.0000000000000000000 ) ) ;
#220 = DIRECTION ( 'NONE',  ( -0.0000000000000000000, -0.0000000000000000000, 1.000000000000000000 ) ) ;
#221 = CARTESIAN_POINT ( 'NONE',  ( -7.733595492524212700, 18.00437707996429300, 19.49999999999999300 ) ) ;
#222 = DIRECTION ( 'NONE',  ( -0.0000000000000000000, -0.0000000000000000000, -1.000000000000000000 ) ) ;
#223 = CARTESIAN_POINT ( 'NONE',  ( -7.733595492524213600, 18.00437707996429300, -5.499999999999998200 ) ) ;
#224 = DIRECTION ( 'NONE',  ( 0.5000000000000052200, -0.5000000000000052200, 0.7071067811865401300 ) ) ;
#225 = CARTESIAN_POINT ( 'NONE',  ( -37.50000000000000000, 6.991378033440249800, -20.00000000000000000 ) ) ;
#226 = DIRECTION ( 'NONE',  ( -0.7071067811865524600, 0.0000000000000000000, 0.7071067811865426900 ) ) ;
#227 = CARTESIAN_POINT ( 'NONE',  ( -10.70344397350771000, 20.97422556094779000, 19.49999999999999300 ) ) ;
#228 = CARTESIAN_POINT ( 'NONE',  ( -14.88424061262591800, 22.73312588379658500, 19.49999999999999300 ) ) ;
#229 = DIRECTION ( 'NONE',  ( 0.0000000000000000000, 0.0000000000000000000, 1.000000000000000000 ) ) ;
#230 = DIRECTION ( 'NONE',  ( 1.000000000000000000, 0.0000000000000000000, 0.0000000000000000000 ) ) ;
#231 = CARTESIAN_POINT ( 'NONE',  ( -2.775557561562891400E-014, 37.99999999999999300, 20.00000000000000000 ) ) ;
#232 = DIRECTION ( 'NONE',  ( -0.0000000000000000000, -0.0000000000000000000, 1.000000000000000000 ) ) ;
#233 = EDGE_CURVE ( 'NONE', #925, #982, #1705, .T. ) ;
#234 = EDGE_CURVE ( 'NONE', #963, #983, #1714, .T. ) ;
#235 = CARTESIAN_POINT ( 'NONE',  ( -22.73312588379659600, 15.59134739381245200, 19.49999999999999300 ) ) ;
#236 = DESIGN_CONTEXT ( 'detailed design', #1280, 'design' ) ;
#237 = PRODUCT_DEFINITION_SHAPE ( 'NONE', 'NONE',  #1625 ) ;
#238 = EDGE_CURVE ( 'NONE', #888, #978, #1704, .T. ) ;
#239 = EDGE_CURVE ( 'NONE', #978, #990, #1692, .T. ) ;
#240 = EDGE_CURVE ( 'NONE', #915, #909, #1700, .T. ) ;
#241 = EDGE_CURVE ( 'NONE', #989, #991, #1693, .T. ) ;
#242 = EDGE_CURVE ( 'NONE', #928, #957, #1712, .T. ) ;
#243 = EDGE_CURVE ( 'NONE', #899, #885, #1707, .T. ) ;
#244 = EDGE_CURVE ( 'NONE', #980, #954, #1708, .T. ) ;
#245 = EDGE_CURVE ( 'NONE', #990, #987, #1713, .T. ) ;
#246 = EDGE_CURVE ( 'NONE', #896, #986, #1698, .T. ) ;
#247 = EDGE_CURVE ( 'NONE', #974, #990, #1690, .T. ) ;
#248 = EDGE_CURVE ( 'NONE', #911, #966, #1710, .T. ) ;
#249 = EDGE_CURVE ( 'NONE', #956, #946, #1696, .T. ) ;
#250 = EDGE_CURVE ( 'NONE', #975, #934, #1723, .T. ) ;
#251 = EDGE_CURVE ( 'NONE', #962, #978, #1751, .T. ) ;
#252 = EDGE_CURVE ( 'NONE', #917, #989, #1734, .T. ) ;
#253 = EDGE_CURVE ( 'NONE', #936, #977, #1756, .T. ) ;
#254 = EDGE_CURVE ( 'NONE', #972, #957, #1726, .T. ) ;
#255 = EDGE_CURVE ( 'NONE', #961, #985, #1748, .T. ) ;
#256 = EDGE_CURVE ( 'NONE', #924, #932, #1768, .T. ) ;
#257 = EDGE_CURVE ( 'NONE', #924, #985, #1738, .T. ) ;
#258 = EDGE_CURVE ( 'NONE', #987, #944, #1765, .T. ) ;
#259 = EDGE_CURVE ( 'NONE', #912, #984, #1715, .T. ) ;
#260 = EDGE_CURVE ( 'NONE', #988, #897, #1728, .T. ) ;
#261 = EDGE_CURVE ( 'NONE', #967, #987, #1727, .T. ) ;
#262 = EDGE_CURVE ( 'NONE', #955, #930, #1750, .T. ) ;
#263 = EDGE_CURVE ( 'NONE', #969, #989, #1743, .T. ) ;
#264 = EDGE_CURVE ( 'NONE', #989, #981, #1716, .T. ) ;
#265 = EDGE_CURVE ( 'NONE', #952, #988, #1742, .T. ) ;
#266 = EDGE_CURVE ( 'NONE', #991, #981, #1724, .T. ) ;
#267 = EDGE_CURVE ( 'NONE', #978, #943, #1752, .T. ) ;
#268 = EDGE_CURVE ( 'NONE', #987, #945, #1767, .T. ) ;
#269 = EDGE_CURVE ( 'NONE', #931, #935, #1718, .T. ) ;
#270 = EDGE_CURVE ( 'NONE', #971, #955, #1721, .T. ) ;
#271 = CARTESIAN_POINT ( 'NONE',  ( -1.000000000000026200, 37.99999999999999300, 19.49999999999999300 ) ) ;
#272 = DIRECTION ( 'NONE',  ( 0.0000000000000000000, -0.7071067811865524600, 0.7071067811865426900 ) ) ;
#273 =( BOUNDED_CURVE ( )  B_SPLINE_CURVE ( 3, ( #1077, #1094, #1080, #1106 ),
 .UNSPECIFIED., .F., .T. ) 
 B_SPLINE_CURVE_WITH_KNOTS ( ( 4, 4 ),
 ( 0.0000000000000000000, 3.141592653589793100 ),
 .UNSPECIFIED. ) 
 CURVE ( )  GEOMETRIC_REPRESENTATION_ITEM ( )  RATIONAL_B_SPLINE_CURVE ( ( 1.000000000000000000, 0.3333333333333333700, 0.3333333333333333700, 1.000000000000000000 ) ) 
 REPRESENTATION_ITEM ( '' )  );
#274 =( BOUNDED_CURVE ( )  B_SPLINE_CURVE ( 3, ( #1197, #1229, #1216, #1231 ),
 .UNSPECIFIED., .F., .T. ) 
 B_SPLINE_CURVE_WITH_KNOTS ( ( 4, 4 ),
 ( 0.0000000000000000000, 3.141592653589793100 ),
 .UNSPECIFIED. ) 
 CURVE ( )  GEOMETRIC_REPRESENTATION_ITEM ( )  RATIONAL_B_SPLINE_CURVE ( ( 1.000000000000000000, 0.3333333333333333700, 0.3333333333333333700, 1.000000000000000000 ) ) 
 REPRESENTATION_ITEM ( '' )  );
#275 = MANIFOLD_SOLID_BREP ( 'Chamfer2', #694 ) ;
#276 =( BOUNDED_CURVE ( )  B_SPLINE_CURVE ( 3, ( #1086, #1100, #1092, #1075 ),
 .UNSPECIFIED., .F., .T. ) 
 B_SPLINE_CURVE_WITH_KNOTS ( ( 4, 4 ),
 ( 3.141592653589793100, 6.283185307179586200 ),
 .UNSPECIFIED. ) 
 CURVE ( )  GEOMETRIC_REPRESENTATION_ITEM ( )  RATIONAL_B_SPLINE_CURVE ( ( 1.000000000000000000, 0.3333333333333333700, 0.3333333333333333700, 1.000000000000000000 ) ) 
 REPRESENTATION_ITEM ( '' )  );
#277 =( BOUNDED_CURVE ( )  B_SPLINE_CURVE ( 3, ( #1109, #1090, #1073, #1091 ),
 .UNSPECIFIED., .F., .T. ) 
 B_SPLINE_CURVE_WITH_KNOTS ( ( 4, 4 ),
 ( 3.141592653589793100, 6.283185307179586200 ),
 .UNSPECIFIED. ) 
 CURVE ( )  GEOMETRIC_REPRESENTATION_ITEM ( )  RATIONAL_B_SPLINE_CURVE ( ( 1.000000000000000000, 0.3333333333333333700, 0.3333333333333333700, 1.000000000000000000 ) ) 
 REPRESENTATION_ITEM ( '' )  );
#278 = UNCERTAINTY_MEASURE_WITH_UNIT (LENGTH_MEASURE( 1.000000000000000100E-005 ), #1273, 'distance_accuracy_value', 'NONE');
#279 = ADVANCED_BREP_SHAPE_REPRESENTATION ( '0-45-90', ( #275, #1624 ), #1593 ) ;
#280 = ORIENTED_EDGE ( 'NONE', *, *, #1468, .T. ) ;
#281 = ORIENTED_EDGE ( 'NONE', *, *, #1453, .T. ) ;
#282 = ORIENTED_EDGE ( 'NONE', *, *, #1455, .F. ) ;
#283 = ORIENTED_EDGE ( 'NONE', *, *, #1443, .T. ) ;
#284 = ORIENTED_EDGE ( 'NONE', *, *, #1671, .T. ) ;
#285 = ORIENTED_EDGE ( 'NONE', *, *, #1448, .F. ) ;
#286 = ORIENTED_EDGE ( 'NONE', *, *, #1646, .T. ) ;
#287 = ORIENTED_EDGE ( 'NONE', *, *, #1679, .T. ) ;
#288 = ORIENTED_EDGE ( 'NONE', *, *, #1461, .T. ) ;
#289 = ORIENTED_EDGE ( 'NONE', *, *, #1677, .F. ) ;
#290 = ORIENTED_EDGE ( 'NONE', *, *, #1480, .T. ) ;
#291 = ORIENTED_EDGE ( 'NONE', *, *, #1462, .T. ) ;
#292 = ORIENTED_EDGE ( 'NONE', *, *, #1640, .T. ) ;
#293 = ORIENTED_EDGE ( 'NONE', *, *, #1438, .T. ) ;
#294 = ORIENTED_EDGE ( 'NONE', *, *, #1475, .F. ) ;
#295 = ORIENTED_EDGE ( 'NONE', *, *, #1452, .T. ) ;
#296 = EDGE_LOOP ( 'NONE', ( #781, #777, #748, #764 ) ) ;
#297 = ORIENTED_EDGE ( 'NONE', *, *, #1420, .F. ) ;
#298 = ORIENTED_EDGE ( 'NONE', *, *, #1443, .F. ) ;
#299 = ORIENTED_EDGE ( 'NONE', *, *, #1447, .T. ) ;
#300 = ORIENTED_EDGE ( 'NONE', *, *, #1654, .T. ) ;
#301 = ORIENTED_EDGE ( 'NONE', *, *, #1436, .F. ) ;
#302 = ORIENTED_EDGE ( 'NONE', *, *, #1477, .T. ) ;
#303 = ORIENTED_EDGE ( 'NONE', *, *, #1445, .F. ) ;
#304 = ORIENTED_EDGE ( 'NONE', *, *, #1655, .F. ) ;
#305 = EDGE_LOOP ( 'NONE', ( #712, #698, #687, #728 ) ) ;
#306 = ORIENTED_EDGE ( 'NONE', *, *, #1433, .F. ) ;
#307 = ORIENTED_EDGE ( 'NONE', *, *, #1439, .F. ) ;
#308 = EDGE_LOOP ( 'NONE', ( #714, #740, #749, #775 ) ) ;
#309 = EDGE_LOOP ( 'NONE', ( #788, #763, #766, #773 ) ) ;
#310 = ORIENTED_EDGE ( 'NONE', *, *, #1450, .F. ) ;
#311 = ORIENTED_EDGE ( 'NONE', *, *, #1476, .T. ) ;
#312 = EDGE_LOOP ( 'NONE', ( #742, #747, #767, #791 ) ) ;
#313 = ORIENTED_EDGE ( 'NONE', *, *, #1439, .T. ) ;
#314 = ORIENTED_EDGE ( 'NONE', *, *, #1458, .T. ) ;
#315 = EDGE_LOOP ( 'NONE', ( #741, #784, #762, #755 ) ) ;
#316 = ORIENTED_EDGE ( 'NONE', *, *, #1446, .F. ) ;
#317 = ORIENTED_EDGE ( 'NONE', *, *, #1481, .T. ) ;
#318 = EDGE_LOOP ( 'NONE', ( #770, #760, #761, #744 ) ) ;
#319 = ORIENTED_EDGE ( 'NONE', *, *, #1650, .T. ) ;
#320 = ORIENTED_EDGE ( 'NONE', *, *, #1479, .F. ) ;
#321 = ORIENTED_EDGE ( 'NONE', *, *, #1673, .T. ) ;
#322 = EDGE_LOOP ( 'NONE', ( #736, #709, #710, #688 ) ) ;
#323 = ORIENTED_EDGE ( 'NONE', *, *, #1460, .F. ) ;
#324 = ORIENTED_EDGE ( 'NONE', *, *, #1440, .F. ) ;
#325 = ORIENTED_EDGE ( 'NONE', *, *, #1478, .T. ) ;
#326 = ORIENTED_EDGE ( 'NONE', *, *, #1458, .F. ) ;
#327 = ORIENTED_EDGE ( 'NONE', *, *, #1442, .F. ) ;
#328 = ORIENTED_EDGE ( 'NONE', *, *, #1460, .T. ) ;
#329 = ORIENTED_EDGE ( 'NONE', *, *, #1456, .F. ) ;
#330 = ORIENTED_EDGE ( 'NONE', *, *, #1457, .F. ) ;
#331 = ORIENTED_EDGE ( 'NONE', *, *, #1473, .T. ) ;
#332 = ORIENTED_EDGE ( 'NONE', *, *, #1468, .F. ) ;
#333 = ORIENTED_EDGE ( 'NONE', *, *, #1472, .T. ) ;
#334 = ORIENTED_EDGE ( 'NONE', *, *, #1476, .F. ) ;
#335 = ORIENTED_EDGE ( 'NONE', *, *, #1471, .T. ) ;
#336 = ORIENTED_EDGE ( 'NONE', *, *, #1444, .F. ) ;
#337 = ORIENTED_EDGE ( 'NONE', *, *, #1675, .T. ) ;
#338 = ORIENTED_EDGE ( 'NONE', *, *, #1657, .T. ) ;
#339 = ORIENTED_EDGE ( 'NONE', *, *, #1686, .T. ) ;
#340 = ORIENTED_EDGE ( 'NONE', *, *, #1451, .T. ) ;
#341 = ORIENTED_EDGE ( 'NONE', *, *, #1481, .F. ) ;
#342 = ORIENTED_EDGE ( 'NONE', *, *, #1677, .T. ) ;
#343 = ORIENTED_EDGE ( 'NONE', *, *, #1478, .F. ) ;
#344 = ORIENTED_EDGE ( 'NONE', *, *, #1450, .T. ) ;
#345 = ORIENTED_EDGE ( 'NONE', *, *, #1638, .T. ) ;
#346 = ORIENTED_EDGE ( 'NONE', *, *, #1631, .T. ) ;
#347 = ORIENTED_EDGE ( 'NONE', *, *, #1444, .T. ) ;
#348 = ORIENTED_EDGE ( 'NONE', *, *, #1665, .T. ) ;
#349 = ORIENTED_EDGE ( 'NONE', *, *, #1482, .T. ) ;
#350 = ORIENTED_EDGE ( 'NONE', *, *, #1637, .T. ) ;
#351 = ORIENTED_EDGE ( 'NONE', *, *, #1651, .T. ) ;
#352 = ORIENTED_EDGE ( 'NONE', *, *, #1652, .T. ) ;
#353 = ORIENTED_EDGE ( 'NONE', *, *, #1636, .T. ) ;
#354 = ORIENTED_EDGE ( 'NONE', *, *, #1470, .T. ) ;
#355 = ORIENTED_EDGE ( 'NONE', *, *, #1653, .T. ) ;
#356 = ORIENTED_EDGE ( 'NONE', *, *, #1633, .T. ) ;
#357 = ORIENTED_EDGE ( 'NONE', *, *, #1644, .T. ) ;
#358 = ORIENTED_EDGE ( 'NONE', *, *, #1684, .T. ) ;
#359 = ORIENTED_EDGE ( 'NONE', *, *, #1656, .T. ) ;
#360 = ORIENTED_EDGE ( 'NONE', *, *, #1689, .T. ) ;
#361 = ORIENTED_EDGE ( 'NONE', *, *, #1635, .T. ) ;
#362 = ORIENTED_EDGE ( 'NONE', *, *, #1628, .T. ) ;
#363 = ORIENTED_EDGE ( 'NONE', *, *, #1434, .T. ) ;
#364 = ORIENTED_EDGE ( 'NONE', *, *, #1658, .T. ) ;
#365 = ORIENTED_EDGE ( 'NONE', *, *, #1659, .T. ) ;
#366 = ORIENTED_EDGE ( 'NONE', *, *, #1466, .T. ) ;
#367 = ORIENTED_EDGE ( 'NONE', *, *, #1685, .T. ) ;
#368 = ORIENTED_EDGE ( 'NONE', *, *, #1682, .T. ) ;
#369 = ORIENTED_EDGE ( 'NONE', *, *, #1669, .T. ) ;
#370 = ORIENTED_EDGE ( 'NONE', *, *, #1435, .T. ) ;
#371 = ORIENTED_EDGE ( 'NONE', *, *, #1641, .T. ) ;
#372 = ORIENTED_EDGE ( 'NONE', *, *, #1474, .T. ) ;
#373 = ORIENTED_EDGE ( 'NONE', *, *, #1662, .T. ) ;
#374 = ORIENTED_EDGE ( 'NONE', *, *, #1665, .F. ) ;
#375 = ORIENTED_EDGE ( 'NONE', *, *, #1422, .T. ) ;
#376 = ORIENTED_EDGE ( 'NONE', *, *, #1465, .T. ) ;
#377 = ORIENTED_EDGE ( 'NONE', *, *, #1473, .F. ) ;
#378 = ORIENTED_EDGE ( 'NONE', *, *, #1635, .F. ) ;
#379 = ORIENTED_EDGE ( 'NONE', *, *, #1647, .T. ) ;
#380 = ORIENTED_EDGE ( 'NONE', *, *, #1680, .F. ) ;
#381 = ORIENTED_EDGE ( 'NONE', *, *, #1637, .F. ) ;
#382 = ORIENTED_EDGE ( 'NONE', *, *, #1634, .T. ) ;
#383 = ORIENTED_EDGE ( 'NONE', *, *, #1419, .T. ) ;
#384 = ORIENTED_EDGE ( 'NONE', *, *, #1672, .T. ) ;
#385 = ORIENTED_EDGE ( 'NONE', *, *, #1426, .T. ) ;
#386 = ORIENTED_EDGE ( 'NONE', *, *, #1674, .T. ) ;
#387 = ORIENTED_EDGE ( 'NONE', *, *, #1670, .T. ) ;
#388 = ORIENTED_EDGE ( 'NONE', *, *, #1467, .T. ) ;
#389 = ORIENTED_EDGE ( 'NONE', *, *, #1639, .T. ) ;
#390 = ORIENTED_EDGE ( 'NONE', *, *, #1645, .T. ) ;
#391 = ORIENTED_EDGE ( 'NONE', *, *, #1428, .T. ) ;
#392 = ORIENTED_EDGE ( 'NONE', *, *, #1423, .T. ) ;
#393 = ORIENTED_EDGE ( 'NONE', *, *, #1664, .T. ) ;
#394 = ORIENTED_EDGE ( 'NONE', *, *, #1440, .T. ) ;
#395 = ORIENTED_EDGE ( 'NONE', *, *, #1661, .T. ) ;
#396 = ORIENTED_EDGE ( 'NONE', *, *, #1454, .T. ) ;
#397 = ORIENTED_EDGE ( 'NONE', *, *, #1681, .T. ) ;
#398 = ORIENTED_EDGE ( 'NONE', *, *, #1425, .T. ) ;
#399 = ORIENTED_EDGE ( 'NONE', *, *, #1427, .T. ) ;
#400 = ORIENTED_EDGE ( 'NONE', *, *, #263, .T. ) ;
#401 = ORIENTED_EDGE ( 'NONE', *, *, #252, .T. ) ;
#402 = ORIENTED_EDGE ( 'NONE', *, *, #1441, .F. ) ;
#403 = ORIENTED_EDGE ( 'NONE', *, *, #238, .T. ) ;
#404 = ORIENTED_EDGE ( 'NONE', *, *, #251, .T. ) ;
#405 = ORIENTED_EDGE ( 'NONE', *, *, #1449, .T. ) ;
#406 = ORIENTED_EDGE ( 'NONE', *, *, #1467, .F. ) ;
#407 = ORIENTED_EDGE ( 'NONE', *, *, #1459, .F. ) ;
#408 = ORIENTED_EDGE ( 'NONE', *, *, #1437, .F. ) ;
#409 = ORIENTED_EDGE ( 'NONE', *, *, #1472, .F. ) ;
#410 = ORIENTED_EDGE ( 'NONE', *, *, #1457, .T. ) ;
#411 = ORIENTED_EDGE ( 'NONE', *, *, #1432, .T. ) ;
#412 = ORIENTED_EDGE ( 'NONE', *, *, #1431, .T. ) ;
#413 = ORIENTED_EDGE ( 'NONE', *, *, #251, .F. ) ;
#414 = ORIENTED_EDGE ( 'NONE', *, *, #1441, .T. ) ;
#415 = ORIENTED_EDGE ( 'NONE', *, *, #260, .T. ) ;
#416 = ORIENTED_EDGE ( 'NONE', *, *, #1449, .F. ) ;
#417 = ORIENTED_EDGE ( 'NONE', *, *, #1456, .T. ) ;
#418 = ORIENTED_EDGE ( 'NONE', *, *, #1429, .T. ) ;
#419 = ORIENTED_EDGE ( 'NONE', *, *, #1437, .T. ) ;
#420 = ORIENTED_EDGE ( 'NONE', *, *, #241, .T. ) ;
#421 = ORIENTED_EDGE ( 'NONE', *, *, #1469, .T. ) ;
#422 = ORIENTED_EDGE ( 'NONE', *, *, #239, .T. ) ;
#423 = ORIENTED_EDGE ( 'NONE', *, *, #263, .F. ) ;
#424 = ORIENTED_EDGE ( 'NONE', *, *, #1459, .T. ) ;
#425 = ORIENTED_EDGE ( 'NONE', *, *, #1469, .F. ) ;
#426 = ORIENTED_EDGE ( 'NONE', *, *, #1463, .T. ) ;
#427 = ORIENTED_EDGE ( 'NONE', *, *, #1686, .F. ) ;
#428 = ORIENTED_EDGE ( 'NONE', *, *, #1671, .F. ) ;
#429 = ORIENTED_EDGE ( 'NONE', *, *, #256, .F. ) ;
#430 = ORIENTED_EDGE ( 'NONE', *, *, #1629, .T. ) ;
#431 = EDGE_LOOP ( 'NONE', ( #314, #293, #320, #285 ) ) ;
#432 = ORIENTED_EDGE ( 'NONE', *, *, #1652, .F. ) ;
#433 = EDGE_LOOP ( 'NONE', ( #323, #295, #335, #306 ) ) ;
#434 = EDGE_LOOP ( 'NONE', ( #393, #351, #373, #352 ) ) ;
#435 = ORIENTED_EDGE ( 'NONE', *, *, #1642, .T. ) ;
#436 = EDGE_LOOP ( 'NONE', ( #388, #920, #923, #416 ) ) ;
#437 = EDGE_LOOP ( 'NONE', ( #404, #422, #919, #914 ) ) ;
#438 = EDGE_LOOP ( 'NONE', ( #884, #401, #423, #402 ) ) ;
#439 = EDGE_LOOP ( 'NONE', ( #752, #828, #745, #796, #790 ) ) ;
#440 = ORIENTED_EDGE ( 'NONE', *, *, #255, .T. ) ;
#441 = EDGE_LOOP ( 'NONE', ( #310, #299, #297, #290 ) ) ;
#442 = EDGE_LOOP ( 'NONE', ( #330, #302, #283, #327 ) ) ;
#443 = EDGE_LOOP ( 'NONE', ( #301, #313, #317, #336 ) ) ;
#444 = EDGE_LOOP ( 'NONE', ( #811, #812, #824, #820 ) ) ;
#445 = EDGE_LOOP ( 'NONE', ( #750, #829, #803, #785 ) ) ;
#446 = EDGE_LOOP ( 'NONE', ( #334, #316, #280, #331 ) ) ;
#447 = EDGE_LOOP ( 'NONE', ( #819, #789 ) ) ;
#448 = EDGE_LOOP ( 'NONE', ( #800, #780, #774, #778 ) ) ;
#449 = EDGE_LOOP ( 'NONE', ( #326, #304 ) ) ;
#450 = EDGE_LOOP ( 'NONE', ( #363, #398, #349, #358, #397, #392, #367, #354, #339, #366 ) ) ;
#451 = EDGE_LOOP ( 'NONE', ( #779, #782, #801, #815 ) ) ;
#452 = EDGE_LOOP ( 'NONE', ( #294, #311, #325, #332 ) ) ;
#453 = ORIENTED_EDGE ( 'NONE', *, *, #255, .F. ) ;
#454 = EDGE_LOOP ( 'NONE', ( #321, #286, #300, #289, #319, #287, #292, #284 ) ) ;
#455 = ORIENTED_EDGE ( 'NONE', *, *, #257, .F. ) ;
#456 = EDGE_LOOP ( 'NONE', ( #307, #380, #347, #348 ) ) ;
#457 = EDGE_LOOP ( 'NONE', ( #359, #362, #371, #345 ) ) ;
#458 = EDGE_LOOP ( 'NONE', ( #377, #343 ) ) ;
#459 = EDGE_LOOP ( 'NONE', ( #374, #341 ) ) ;
#460 = EDGE_LOOP ( 'NONE', ( #298, #291, #324, #303 ) ) ;
#461 = ORIENTED_EDGE ( 'NONE', *, *, #1482, .F. ) ;
#462 = EDGE_LOOP ( 'NONE', ( #426, #383, #408, #425 ) ) ;
#463 = EDGE_LOOP ( 'NONE', ( #409, #880, #419, #415 ) ) ;
#464 = EDGE_LOOP ( 'NONE', ( #282, #333, #281, #329 ) ) ;
#465 = ORIENTED_EDGE ( 'NONE', *, *, #1434, .F. ) ;
#466 = ORIENTED_EDGE ( 'NONE', *, *, #1684, .F. ) ;
#467 = EDGE_LOOP ( 'NONE', ( #288, #328 ) ) ;
#468 = EDGE_LOOP ( 'NONE', ( #378, #384, #357, #382 ) ) ;
#469 = EDGE_LOOP ( 'NONE', ( #342, #412, #421, #886, #890, #904, #411, #385, #418, #410, #414, #424, #405, #900 ) ) ;
#470 = EDGE_LOOP ( 'NONE', ( #338, #353, #350, #360 ) ) ;
#471 = EDGE_LOOP ( 'NONE', ( #381, #390, #361, #386 ) ) ;
#472 = EDGE_LOOP ( 'NONE', ( #389, #364, #365, #395, #355, #379, #344, #387, #346, #394, #369, #356, #368, #337, #375, #396, #399, #391, #370, #340, #376, #372 ) ) ;
#473 = EDGE_LOOP ( 'NONE', ( #783, #787, #802, #805 ) ) ;
#474 = EDGE_LOOP ( 'NONE', ( #678, #680, #681, #684 ) ) ;
#475 = EDGE_LOOP ( 'NONE', ( #719, #692, #735, #739 ) ) ;
#476 = EDGE_LOOP ( 'NONE', ( #440, #455, #733, #729 ) ) ;
#477 = EDGE_LOOP ( 'NONE', ( #830, #814, #751, #810 ) ) ;
#478 = EDGE_LOOP ( 'NONE', ( #758, #700, #718, #701 ) ) ;
#479 = EDGE_LOOP ( 'NONE', ( #891, #887, #878, #905 ) ) ;
#480 = EDGE_LOOP ( 'NONE', ( #813, #817, #818, #822 ) ) ;
#481 = EDGE_LOOP ( 'NONE', ( #705, #690, #737, #716 ) ) ;
#482 = EDGE_LOOP ( 'NONE', ( #918, #879, #883, #809 ) ) ;
#483 = EDGE_LOOP ( 'NONE', ( #793, #769, #730, #765 ) ) ;
#484 = EDGE_LOOP ( 'NONE', ( #683, #466, #685, #686 ) ) ;
#485 = EDGE_LOOP ( 'NONE', ( #835, #832, #677, #679 ) ) ;
#486 = EDGE_LOOP ( 'NONE', ( #435, #428, #453, #465 ) ) ;
#487 = EDGE_LOOP ( 'NONE', ( #807, #768, #831, #804 ) ) ;
#488 = EDGE_LOOP ( 'NONE', ( #697, #721, #734 ) ) ;
#489 = EDGE_LOOP ( 'NONE', ( #757, #772, #711, #720 ) ) ;
#490 = EDGE_LOOP ( 'NONE', ( #792, #825 ) ) ;
#491 = EDGE_LOOP ( 'NONE', ( #753, #771, #827, #826 ) ) ;
#492 = EDGE_LOOP ( 'NONE', ( #430, #461, #429, #432 ) ) ;
#493 = EDGE_LOOP ( 'NONE', ( #759, #756, #731, #706 ) ) ;
#494 = EDGE_LOOP ( 'NONE', ( #682, #823, #834, #427 ) ) ;
#495 = EDGE_LOOP ( 'NONE', ( #702, #695, #696, #707 ) ) ;
#496 = EDGE_LOOP ( 'NONE', ( #794, #715, #754, #738 ) ) ;
#497 = EDGE_LOOP ( 'NONE', ( #821, #833, #808, #806 ) ) ;
#498 = EDGE_LOOP ( 'NONE', ( #722, #689, #704, #708 ) ) ;
#499 = EDGE_LOOP ( 'NONE', ( #417, #403, #413, #902 ) ) ;
#500 = EDGE_LOOP ( 'NONE', ( #691, #724, #727, #725 ) ) ;
#501 = EDGE_LOOP ( 'NONE', ( #795, #743, #776, #786 ) ) ;
#502 = EDGE_LOOP ( 'NONE', ( #798, #797 ) ) ;
#503 = EDGE_LOOP ( 'NONE', ( #726, #713, #723, #699 ) ) ;
#504 = EDGE_LOOP ( 'NONE', ( #816, #799 ) ) ;
#505 = EDGE_LOOP ( 'NONE', ( #746, #693, #717, #732 ) ) ;
#506 = EDGE_LOOP ( 'NONE', ( #400, #420, #406, #407 ) ) ;
#507 = ADVANCED_FACE ( 'NONE', ( #1722 ), #1759, .F. ) ;
#508 = ADVANCED_FACE ( 'NONE', ( #1760 ), #1720, .T. ) ;
#509 = ADVANCED_FACE ( 'NONE', ( #1731 ), #1746, .T. ) ;
#510 = ADVANCED_FACE ( 'NONE', ( #1733 ), #1755, .T. ) ;
#511 = ADVANCED_FACE ( 'NONE', ( #1736 ), #1757, .T. ) ;
#512 = ADVANCED_FACE ( 'NONE', ( #1762 ), #15, .F. ) ;
#513 = ADVANCED_FACE ( 'NONE', ( #1753 ), #1754, .T. ) ;
#514 = ADVANCED_FACE ( 'NONE', ( #1764 ), #1766, .T. ) ;
#515 = ADVANCED_FACE ( 'NONE', ( #1739 ), #35, .F. ) ;
#516 = ADVANCED_FACE ( 'NONE', ( #1761 ), #1747, .T. ) ;
#517 = ADVANCED_FACE ( 'NONE', ( #1799 ), #12, .T. ) ;
#518 = ADVANCED_FACE ( 'NONE', ( #1771 ), #1798, .F. ) ;
#519 = ADVANCED_FACE ( 'NONE', ( #1793 ), #52, .F. ) ;
#520 = ADVANCED_FACE ( 'NONE', ( #1775 ), #1777, .T. ) ;
#521 = ADVANCED_FACE ( 'NONE', ( #1772 ), #47, .F. ) ;
#522 = ADVANCED_FACE ( 'NONE', ( #1778 ), #1797, .T. ) ;
#523 = ADVANCED_FACE ( 'NONE', ( #1780 ), #1773, .T. ) ;
#524 = ADVANCED_FACE ( 'NONE', ( #1740 ), #54, .F. ) ;
#525 = ADVANCED_FACE ( 'NONE', ( #1779 ), #69, .F. ) ;
#526 = ADVANCED_FACE ( 'NONE', ( #1791 ), #1795, .T. ) ;
#527 = ADVANCED_FACE ( 'NONE', ( #1774 ), #39, .F. ) ;
#528 = ADVANCED_FACE ( 'NONE', ( #1794 ), #1781, .T. ) ;
#529 = ADVANCED_FACE ( 'NONE', ( #1782 ), #72, .T. ) ;
#530 = ADVANCED_FACE ( 'NONE', ( #1783 ), #1800, .T. ) ;
#531 = ADVANCED_FACE ( 'NONE', ( #1785, #1770 ), #83, .T. ) ;
#532 = ADVANCED_FACE ( 'NONE', ( #1786 ), #82, .T. ) ;
#533 = ADVANCED_FACE ( 'NONE', ( #1787 ), #97, .F. ) ;
#534 = ADVANCED_FACE ( 'NONE', ( #1802 ), #135, .T. ) ;
#535 = ADVANCED_FACE ( 'NONE', ( #1776 ), #106, .T. ) ;
#536 = ADVANCED_FACE ( 'NONE', ( #1801 ), #126, .F. ) ;
#537 = ADVANCED_FACE ( 'NONE', ( #1784 ), #1697, .T. ) ;
#538 = ADVANCED_FACE ( 'NONE', ( #1789 ), #1815, .F. ) ;
#539 = ADVANCED_FACE ( 'NONE', ( #1810 ), #105, .T. ) ;
#540 = ADVANCED_FACE ( 'NONE', ( #1826 ), #110, .F. ) ;
#541 = ADVANCED_FACE ( 'NONE', ( #1806 ), #113, .F. ) ;
#542 = ADVANCED_FACE ( 'NONE', ( #1835 ), #1812, .T. ) ;
#543 = ADVANCED_FACE ( 'NONE', ( #1821 ), #1836, .F. ) ;
#544 = ADVANCED_FACE ( 'NONE', ( #1818, #1814 ), #122, .T. ) ;
#545 = ADVANCED_FACE ( 'NONE', ( #1824 ), #1830, .F. ) ;
#546 = ADVANCED_FACE ( 'NONE', ( #1807 ), #1833, .T. ) ;
#547 = ADVANCED_FACE ( 'NONE', ( #1822 ), #1819, .F. ) ;
#548 = ADVANCED_FACE ( 'NONE', ( #1837 ), #1827, .T. ) ;
#549 = ADVANCED_FACE ( 'NONE', ( #1838 ), #162, .T. ) ;
#550 = ADVANCED_FACE ( 'NONE', ( #1805 ), #164, .F. ) ;
#551 = ADVANCED_FACE ( 'NONE', ( #1823 ), #1834, .T. ) ;
#552 = ADVANCED_FACE ( 'NONE', ( #1825 ), #1829, .F. ) ;
#553 = ADVANCED_FACE ( 'NONE', ( #1831 ), #1811, .F. ) ;
#554 = ADVANCED_FACE ( 'NONE', ( #1808 ), #1809, .F. ) ;
#555 = ADVANCED_FACE ( 'NONE', ( #1813 ), #1820, .F. ) ;
#556 = ADVANCED_FACE ( 'NONE', ( #1828 ), #1854, .T. ) ;
#557 = ADVANCED_FACE ( 'NONE', ( #1832 ), #1863, .T. ) ;
#558 = ADVANCED_FACE ( 'NONE', ( #1816, #1817 ), #175, .F. ) ;
#559 = ADVANCED_FACE ( 'NONE', ( #1874 ), #181, .F. ) ;
#560 = ADVANCED_FACE ( 'NONE', ( #1876 ), #11, .F. ) ;
#561 = ADVANCED_FACE ( 'NONE', ( #1852 ), #1873, .F. ) ;
#562 = ADVANCED_FACE ( 'NONE', ( #1861 ), #1866, .T. ) ;
#563 = ADVANCED_FACE ( 'NONE', ( #1869 ), #1878, .T. ) ;
#564 = ADVANCED_FACE ( 'NONE', ( #1860 ), #1973, .F. ) ;
#565 = ADVANCED_FACE ( 'NONE', ( #1841 ), #1881, .F. ) ;
#566 = ADVANCED_FACE ( 'NONE', ( #1867 ), #1845, .F. ) ;
#567 = ADVANCED_FACE ( 'NONE', ( #1862, #1864, #1877 ), #1990, .F. ) ;
#568 = ADVANCED_FACE ( 'NONE', ( #1865 ), #1976, .F. ) ;
#569 = ADVANCED_FACE ( 'NONE', ( #1882 ), #1894, .T. ) ;
#570 = ADVANCED_FACE ( 'NONE', ( #1871 ), #1993, .F. ) ;
#571 = ADVANCED_FACE ( 'NONE', ( #1853 ), #1886, .F. ) ;
#572 = ADVANCED_FACE ( 'NONE', ( #1895, #1868 ), #1910, .F. ) ;
#573 = ADVANCED_FACE ( 'NONE', ( #1897 ), #1938, .F. ) ;
#574 = ADVANCED_FACE ( 'NONE', ( #1856 ), #1887, .T. ) ;
#575 = ADVANCED_FACE ( 'NONE', ( #1859 ), #1932, .F. ) ;
#576 = ADVANCED_FACE ( 'NONE', ( #1855 ), #1842, .T. ) ;
#577 = CIRCLE ( 'NONE', #1538, 0.4999999999999831200 ) ;
#578 = CIRCLE ( 'NONE', #1598, 0.5000000000000004400 ) ;
#579 = CIRCLE ( 'NONE', #1540, 0.4999999999999865700 ) ;
#580 = VECTOR ( 'NONE', #1032, 1000.000000000000000 ) ;
#581 = LINE ( 'NONE', #1041, #596 ) ;
#582 = VECTOR ( 'NONE', #1057, 1000.000000000000000 ) ;
#583 = VECTOR ( 'NONE', #1042, 1000.000000000000000 ) ;
#584 = VECTOR ( 'NONE', #1209, 1000.000000000000000 ) ;
#585 = LINE ( 'NONE', #1053, #586 ) ;
#586 = VECTOR ( 'NONE', #1067, 1000.000000000000100 ) ;
#587 = LINE ( 'NONE', #1056, #582 ) ;
#588 = CIRCLE ( 'NONE', #1602, 0.4999999999999831200 ) ;
#589 = LINE ( 'NONE', #1058, #595 ) ;
#590 = VECTOR ( 'NONE', #1059, 1000.000000000000100 ) ;
#591 = CIRCLE ( 'NONE', #1534, 4.199999999999997500 ) ;
#592 = CIRCLE ( 'NONE', #1535, 2.599999999999987700 ) ;
#593 = LINE ( 'NONE', #1046, #590 ) ;
#594 = CIRCLE ( 'NONE', #1620, 0.4999999999999831200 ) ;
#595 = VECTOR ( 'NONE', #1068, 1000.000000000000000 ) ;
#596 = VECTOR ( 'NONE', #1060, 1000.000000000000000 ) ;
#597 = LINE ( 'NONE', #1069, #580 ) ;
#598 = LINE ( 'NONE', #1083, #605 ) ;
#599 = VECTOR ( 'NONE', #1076, 1000.000000000000000 ) ;
#600 = CIRCLE ( 'NONE', #1619, 0.5000000000000022200 ) ;
#601 = CIRCLE ( 'NONE', #1621, 1.499999999999987600 ) ;
#602 = LINE ( 'NONE', #1101, #599 ) ;
#603 = VECTOR ( 'NONE', #1099, 1000.000000000000000 ) ;
#604 = VECTOR ( 'NONE', #1105, 1000.000000000000100 ) ;
#605 = VECTOR ( 'NONE', #1081, 1000.000000000000000 ) ;
#606 = CIRCLE ( 'NONE', #1587, 4.750000000000004400 ) ;
#607 = VECTOR ( 'NONE', #1118, 1000.000000000000000 ) ;
#608 = CIRCLE ( 'NONE', #1604, 4.199999999999997500 ) ;
#609 = LINE ( 'NONE', #1126, #614 ) ;
#610 = LINE ( 'NONE', #1120, #617 ) ;
#611 = LINE ( 'NONE', #1182, #629 ) ;
#612 = LINE ( 'NONE', #1112, #607 ) ;
#613 = VECTOR ( 'NONE', #1104, 1000.000000000000000 ) ;
#614 = VECTOR ( 'NONE', #1117, 1000.000000000000000 ) ;
#615 = LINE ( 'NONE', #1097, #603 ) ;
#616 = LINE ( 'NONE', #1089, #613 ) ;
#617 = VECTOR ( 'NONE', #1114, 1000.000000000000000 ) ;
#618 = CIRCLE ( 'NONE', #1586, 0.4999999999999865700 ) ;
#619 = CIRCLE ( 'NONE', #1627, 2.599999999999991200 ) ;
#620 = VECTOR ( 'NONE', #1149, 1000.000000000000000 ) ;
#621 = LINE ( 'NONE', #1103, #604 ) ;
#622 = LINE ( 'NONE', #1230, #1788 ) ;
#623 = LINE ( 'NONE', #1115, #620 ) ;
#624 = CIRCLE ( 'NONE', #1588, 0.5000000000000004400 ) ;
#625 = VECTOR ( 'NONE', #1142, 1000.000000000000000 ) ;
#626 = LINE ( 'NONE', #1138, #625 ) ;
#627 = VECTOR ( 'NONE', #1116, 1000.000000000000000 ) ;
#628 = VECTOR ( 'NONE', #1131, 1000.000000000000000 ) ;
#629 = VECTOR ( 'NONE', #1222, 1000.000000000000000 ) ;
#630 = CIRCLE ( 'NONE', #1618, 2.599999999999991200 ) ;
#631 = LINE ( 'NONE', #1162, #632 ) ;
#632 = VECTOR ( 'NONE', #1176, 1000.000000000000000 ) ;
#633 = LINE ( 'NONE', #1172, #634 ) ;
#634 = VECTOR ( 'NONE', #1159, 1000.000000000000000 ) ;
#635 = CIRCLE ( 'NONE', #1600, 2.000000000000000000 ) ;
#636 = CIRCLE ( 'NONE', #1599, 2.599999999999991200 ) ;
#637 = CIRCLE ( 'NONE', #1609, 2.599999999999987700 ) ;
#638 = LINE ( 'NONE', #1130, #641 ) ;
#639 = CIRCLE ( 'NONE', #1622, 4.750000000000004400 ) ;
#640 = LINE ( 'NONE', #1128, #628 ) ;
#641 = VECTOR ( 'NONE', #1143, 1000.000000000000000 ) ;
#642 = LINE ( 'NONE', #1121, #627 ) ;
#643 = CIRCLE ( 'NONE', #1616, 0.4999999999999856800 ) ;
#644 = VECTOR ( 'NONE', #1189, 1000.000000000000000 ) ;
#645 = VECTOR ( 'NONE', #1169, 999.9999999999998900 ) ;
#646 = VECTOR ( 'NONE', #1175, 1000.000000000000000 ) ;
#647 = VECTOR ( 'NONE', #1177, 1000.000000000000000 ) ;
#648 = LINE ( 'NONE', #1161, #645 ) ;
#649 = LINE ( 'NONE', #1188, #647 ) ;
#650 = LINE ( 'NONE', #1178, #675 ) ;
#651 = LINE ( 'NONE', #1157, #654 ) ;
#652 = LINE ( 'NONE', #1184, #671 ) ;
#653 = VECTOR ( 'NONE', #1180, 1000.000000000000000 ) ;
#654 = VECTOR ( 'NONE', #1170, 1000.000000000000000 ) ;
#655 = LINE ( 'NONE', #1174, #660 ) ;
#656 = VECTOR ( 'NONE', #1179, 1000.000000000000100 ) ;
#657 = LINE ( 'NONE', #1160, #672 ) ;
#658 = LINE ( 'NONE', #1156, #667 ) ;
#659 = CIRCLE ( 'NONE', #1601, 1.000000000000000000 ) ;
#660 = VECTOR ( 'NONE', #1163, 1000.000000000000000 ) ;
#661 = LINE ( 'NONE', #1183, #669 ) ;
#662 = LINE ( 'NONE', #1152, #670 ) ;
#663 = LINE ( 'NONE', #1166, #653 ) ;
#664 = LINE ( 'NONE', #1186, #665 ) ;
#665 = VECTOR ( 'NONE', #1158, 1000.000000000000000 ) ;
#666 = LINE ( 'NONE', #1205, #673 ) ;
#667 = VECTOR ( 'NONE', #1168, 1000.000000000000100 ) ;
#668 = LINE ( 'NONE', #1181, #656 ) ;
#669 = VECTOR ( 'NONE', #1171, 1000.000000000000000 ) ;
#670 = VECTOR ( 'NONE', #1167, 1000.000000000000000 ) ;
#671 = VECTOR ( 'NONE', #1191, 1000.000000000000000 ) ;
#672 = VECTOR ( 'NONE', #1151, 1000.000000000000000 ) ;
#673 = VECTOR ( 'NONE', #1196, 1000.000000000000100 ) ;
#674 = LINE ( 'NONE', #1173, #646 ) ;
#675 = VECTOR ( 'NONE', #1154, 1000.000000000000000 ) ;
#676 = LINE ( 'NONE', #1155, #644 ) ;
#677 = ORIENTED_EDGE ( 'NONE', *, *, #1648, .F. ) ;
#678 = ORIENTED_EDGE ( 'NONE', *, *, #269, .T. ) ;
#679 = ORIENTED_EDGE ( 'NONE', *, *, #1689, .F. ) ;
#680 = ORIENTED_EDGE ( 'NONE', *, *, #1667, .F. ) ;
#681 = ORIENTED_EDGE ( 'NONE', *, *, #1642, .F. ) ;
#682 = ORIENTED_EDGE ( 'NONE', *, *, #270, .T. ) ;
#683 = ORIENTED_EDGE ( 'NONE', *, *, #1648, .T. ) ;
#684 = ORIENTED_EDGE ( 'NONE', *, *, #1466, .F. ) ;
#685 = ORIENTED_EDGE ( 'NONE', *, *, #1629, .F. ) ;
#686 = ORIENTED_EDGE ( 'NONE', *, *, #1660, .F. ) ;
#687 = ORIENTED_EDGE ( 'NONE', *, *, #1480, .F. ) ;
#688 = ORIENTED_EDGE ( 'NONE', *, *, #259, .F. ) ;
#689 = ORIENTED_EDGE ( 'NONE', *, *, #253, .F. ) ;
#690 = ORIENTED_EDGE ( 'NONE', *, *, #1633, .F. ) ;
#691 = ORIENTED_EDGE ( 'NONE', *, *, #267, .T. ) ;
#692 = ORIENTED_EDGE ( 'NONE', *, *, #1631, .F. ) ;
#693 = ORIENTED_EDGE ( 'NONE', *, *, #1453, .F. ) ;
#694 = CLOSED_SHELL ( 'NONE', ( #562, #571, #552, #555, #561, #569, #545, #566, #565, #567, #553, #564, #572, #563, #558, #559, #524, #532, #529, #540, #515, #547, #541, #574, #514, #570, #543, #560, #518, #544, #554, #531, #546, #513, #576, #526, #542, #509, #549, #530, #511, #539, #534, #520, #510, #517, #535, #522, #521, #508, #538, #527, #525, #528, #507, #519, #536, #516, #523, #533, #512, #537, #556, #573, #575, #557, #551, #568, #550, #548 ) ) ;
#695 = ORIENTED_EDGE ( 'NONE', *, *, #1628, .F. ) ;
#696 = ORIENTED_EDGE ( 'NONE', *, *, #1676, .F. ) ;
#697 = ORIENTED_EDGE ( 'NONE', *, *, #241, .F. ) ;
#698 = ORIENTED_EDGE ( 'NONE', *, *, #1670, .F. ) ;
#699 = ORIENTED_EDGE ( 'NONE', *, *, #1428, .F. ) ;
#700 = ORIENTED_EDGE ( 'NONE', *, *, #1646, .F. ) ;
#701 = ORIENTED_EDGE ( 'NONE', *, *, #1427, .F. ) ;
#702 = ORIENTED_EDGE ( 'NONE', *, *, #250, .T. ) ;
#703 = LINE ( 'NONE', #1193, #992 ) ;
#704 = ORIENTED_EDGE ( 'NONE', *, *, #1666, .F. ) ;
#705 = ORIENTED_EDGE ( 'NONE', *, *, #1999, .T. ) ;
#706 = ORIENTED_EDGE ( 'NONE', *, *, #1675, .F. ) ;
#707 = ORIENTED_EDGE ( 'NONE', *, *, #1435, .F. ) ;
#708 = ORIENTED_EDGE ( 'NONE', *, *, #1451, .F. ) ;
#709 = ORIENTED_EDGE ( 'NONE', *, *, #1647, .F. ) ;
#710 = ORIENTED_EDGE ( 'NONE', *, *, #1632, .F. ) ;
#711 = ORIENTED_EDGE ( 'NONE', *, *, #1688, .F. ) ;
#712 = ORIENTED_EDGE ( 'NONE', *, *, #266, .T. ) ;
#713 = ORIENTED_EDGE ( 'NONE', *, *, #1687, .F. ) ;
#714 = ORIENTED_EDGE ( 'NONE', *, *, #1666, .T. ) ;
#715 = ORIENTED_EDGE ( 'NONE', *, *, #248, .F. ) ;
#716 = ORIENTED_EDGE ( 'NONE', *, *, #245, .F. ) ;
#717 = ORIENTED_EDGE ( 'NONE', *, *, #260, .F. ) ;
#718 = ORIENTED_EDGE ( 'NONE', *, *, #249, .F. ) ;
#719 = ORIENTED_EDGE ( 'NONE', *, *, #1445, .T. ) ;
#720 = ORIENTED_EDGE ( 'NONE', *, *, #1422, .F. ) ;
#721 = ORIENTED_EDGE ( 'NONE', *, *, #264, .T. ) ;
#722 = ORIENTED_EDGE ( 'NONE', *, *, #1676, .T. ) ;
#723 = ORIENTED_EDGE ( 'NONE', *, *, #250, .F. ) ;
#724 = ORIENTED_EDGE ( 'NONE', *, *, #1682, .F. ) ;
#725 = ORIENTED_EDGE ( 'NONE', *, *, #239, .F. ) ;
#726 = ORIENTED_EDGE ( 'NONE', *, *, #249, .T. ) ;
#727 = ORIENTED_EDGE ( 'NONE', *, *, #1999, .F. ) ;
#728 = ORIENTED_EDGE ( 'NONE', *, *, #1430, .F. ) ;
#729 = ORIENTED_EDGE ( 'NONE', *, *, #1425, .F. ) ;
#730 = ORIENTED_EDGE ( 'NONE', *, *, #268, .T. ) ;
#731 = ORIENTED_EDGE ( 'NONE', *, *, #1683, .F. ) ;
#732 = ORIENTED_EDGE ( 'NONE', *, *, #265, .F. ) ;
#733 = ORIENTED_EDGE ( 'NONE', *, *, #256, .T. ) ;
#734 = ORIENTED_EDGE ( 'NONE', *, *, #266, .F. ) ;
#735 = ORIENTED_EDGE ( 'NONE', *, *, #264, .F. ) ;
#736 = ORIENTED_EDGE ( 'NONE', *, *, #1447, .F. ) ;
#737 = ORIENTED_EDGE ( 'NONE', *, *, #268, .F. ) ;
#738 = ORIENTED_EDGE ( 'NONE', *, *, #1454, .F. ) ;
#739 = ORIENTED_EDGE ( 'NONE', *, *, #252, .F. ) ;
#740 = ORIENTED_EDGE ( 'NONE', *, *, #1672, .F. ) ;
#741 = ORIENTED_EDGE ( 'NONE', *, *, #242, .T. ) ;
#742 = ORIENTED_EDGE ( 'NONE', *, *, #1643, .T. ) ;
#743 = ORIENTED_EDGE ( 'NONE', *, *, #1653, .F. ) ;
#744 = ORIENTED_EDGE ( 'NONE', *, *, #1651, .F. ) ;
#745 = ORIENTED_EDGE ( 'NONE', *, *, #259, .T. ) ;
#746 = ORIENTED_EDGE ( 'NONE', *, *, #1683, .T. ) ;
#747 = ORIENTED_EDGE ( 'NONE', *, *, #1645, .F. ) ;
#748 = ORIENTED_EDGE ( 'NONE', *, *, #242, .F. ) ;
#749 = ORIENTED_EDGE ( 'NONE', *, *, #1643, .F. ) ;
#750 = ORIENTED_EDGE ( 'NONE', *, *, #1644, .F. ) ;
#751 = ORIENTED_EDGE ( 'NONE', *, *, #1463, .F. ) ;
#752 = ORIENTED_EDGE ( 'NONE', *, *, #246, .F. ) ;
#753 = ORIENTED_EDGE ( 'NONE', *, *, #1438, .F. ) ;
#754 = ORIENTED_EDGE ( 'NONE', *, *, #1663, .F. ) ;
#755 = ORIENTED_EDGE ( 'NONE', *, *, #1658, .F. ) ;
#756 = ORIENTED_EDGE ( 'NONE', *, *, #238, .F. ) ;
#757 = ORIENTED_EDGE ( 'NONE', *, *, #265, .T. ) ;
#758 = ORIENTED_EDGE ( 'NONE', *, *, #1663, .T. ) ;
#759 = ORIENTED_EDGE ( 'NONE', *, *, #267, .F. ) ;
#760 = ORIENTED_EDGE ( 'NONE', *, *, #1659, .F. ) ;
#761 = ORIENTED_EDGE ( 'NONE', *, *, #1418, .F. ) ;
#762 = ORIENTED_EDGE ( 'NONE', *, *, #1418, .T. ) ;
#763 = ORIENTED_EDGE ( 'NONE', *, *, #1661, .F. ) ;
#764 = ORIENTED_EDGE ( 'NONE', *, *, #1639, .F. ) ;
#765 = ORIENTED_EDGE ( 'NONE', *, *, #1669, .F. ) ;
#766 = ORIENTED_EDGE ( 'NONE', *, *, #233, .F. ) ;
#767 = ORIENTED_EDGE ( 'NONE', *, *, #234, .F. ) ;
#768 = ORIENTED_EDGE ( 'NONE', *, *, #1461, .F. ) ;
#769 = ORIENTED_EDGE ( 'NONE', *, *, #258, .F. ) ;
#770 = ORIENTED_EDGE ( 'NONE', *, *, #233, .T. ) ;
#771 = ORIENTED_EDGE ( 'NONE', *, *, #1655, .T. ) ;
#772 = ORIENTED_EDGE ( 'NONE', *, *, #1419, .F. ) ;
#773 = ORIENTED_EDGE ( 'NONE', *, *, #1630, .F. ) ;
#774 = ORIENTED_EDGE ( 'NONE', *, *, #1657, .F. ) ;
#775 = ORIENTED_EDGE ( 'NONE', *, *, #1465, .F. ) ;
#776 = ORIENTED_EDGE ( 'NONE', *, *, #1649, .F. ) ;
#777 = ORIENTED_EDGE ( 'NONE', *, *, #1636, .F. ) ;
#778 = ORIENTED_EDGE ( 'NONE', *, *, #1660, .T. ) ;
#779 = ORIENTED_EDGE ( 'NONE', *, *, #1640, .F. ) ;
#780 = ORIENTED_EDGE ( 'NONE', *, *, #254, .T. ) ;
#781 = ORIENTED_EDGE ( 'NONE', *, *, #234, .T. ) ;
#782 = ORIENTED_EDGE ( 'NONE', *, *, #1630, .T. ) ;
#783 = ORIENTED_EDGE ( 'NONE', *, *, #1641, .F. ) ;
#784 = ORIENTED_EDGE ( 'NONE', *, *, #254, .F. ) ;
#785 = ORIENTED_EDGE ( 'NONE', *, *, #262, .T. ) ;
#786 = ORIENTED_EDGE ( 'NONE', *, *, #1679, .F. ) ;
#787 = ORIENTED_EDGE ( 'NONE', *, *, #1687, .T. ) ;
#788 = ORIENTED_EDGE ( 'NONE', *, *, #1649, .T. ) ;
#789 = ORIENTED_EDGE ( 'NONE', *, *, #1436, .T. ) ;
#790 = ORIENTED_EDGE ( 'NONE', *, *, #1424, .F. ) ;
#791 = ORIENTED_EDGE ( 'NONE', *, *, #1474, .F. ) ;
#792 = ORIENTED_EDGE ( 'NONE', *, *, #1446, .T. ) ;
#793 = ORIENTED_EDGE ( 'NONE', *, *, #1462, .F. ) ;
#794 = ORIENTED_EDGE ( 'NONE', *, *, #1688, .T. ) ;
#795 = ORIENTED_EDGE ( 'NONE', *, *, #1632, .T. ) ;
#796 = ORIENTED_EDGE ( 'NONE', *, *, #1650, .F. ) ;
#797 = ORIENTED_EDGE ( 'NONE', *, *, #240, .T. ) ;
#798 = ORIENTED_EDGE ( 'NONE', *, *, #1479, .T. ) ;
#799 = ORIENTED_EDGE ( 'NONE', *, *, #1471, .F. ) ;
#800 = ORIENTED_EDGE ( 'NONE', *, *, #1662, .F. ) ;
#801 = ORIENTED_EDGE ( 'NONE', *, *, #1664, .F. ) ;
#802 = ORIENTED_EDGE ( 'NONE', *, *, #1673, .F. ) ;
#803 = ORIENTED_EDGE ( 'NONE', *, *, #1656, .F. ) ;
#804 = ORIENTED_EDGE ( 'NONE', *, *, #243, .T. ) ;
#805 = ORIENTED_EDGE ( 'NONE', *, *, #1667, .T. ) ;
#806 = ORIENTED_EDGE ( 'NONE', *, *, #1685, .F. ) ;
#807 = ORIENTED_EDGE ( 'NONE', *, *, #1452, .F. ) ;
#808 = ORIENTED_EDGE ( 'NONE', *, *, #1678, .F. ) ;
#809 = ORIENTED_EDGE ( 'NONE', *, *, #1426, .F. ) ;
#810 = ORIENTED_EDGE ( 'NONE', *, *, #1431, .F. ) ;
#811 = ORIENTED_EDGE ( 'NONE', *, *, #1678, .T. ) ;
#812 = ORIENTED_EDGE ( 'NONE', *, *, #262, .F. ) ;
#813 = ORIENTED_EDGE ( 'NONE', *, *, #1668, .T. ) ;
#814 = ORIENTED_EDGE ( 'NONE', *, *, #248, .T. ) ;
#815 = ORIENTED_EDGE ( 'NONE', *, *, #257, .T. ) ;
#816 = ORIENTED_EDGE ( 'NONE', *, *, #243, .F. ) ;
#817 = ORIENTED_EDGE ( 'NONE', *, *, #1423, .F. ) ;
#818 = ORIENTED_EDGE ( 'NONE', *, *, #244, .F. ) ;
#819 = ORIENTED_EDGE ( 'NONE', *, *, #1680, .T. ) ;
#820 = ORIENTED_EDGE ( 'NONE', *, *, #1470, .F. ) ;
#821 = ORIENTED_EDGE ( 'NONE', *, *, #1668, .F. ) ;
#822 = ORIENTED_EDGE ( 'NONE', *, *, #1674, .F. ) ;
#823 = ORIENTED_EDGE ( 'NONE', *, *, #1638, .F. ) ;
#824 = ORIENTED_EDGE ( 'NONE', *, *, #270, .F. ) ;
#825 = ORIENTED_EDGE ( 'NONE', *, *, #1475, .T. ) ;
#826 = ORIENTED_EDGE ( 'NONE', *, *, #240, .F. ) ;
#827 = ORIENTED_EDGE ( 'NONE', *, *, #1448, .T. ) ;
#828 = ORIENTED_EDGE ( 'NONE', *, *, #1420, .T. ) ;
#829 = ORIENTED_EDGE ( 'NONE', *, *, #253, .T. ) ;
#830 = ORIENTED_EDGE ( 'NONE', *, *, #1654, .F. ) ;
#831 = ORIENTED_EDGE ( 'NONE', *, *, #1433, .T. ) ;
#832 = ORIENTED_EDGE ( 'NONE', *, *, #1681, .F. ) ;
#833 = ORIENTED_EDGE ( 'NONE', *, *, #1634, .F. ) ;
#834 = ORIENTED_EDGE ( 'NONE', *, *, #269, .F. ) ;
#835 = ORIENTED_EDGE ( 'NONE', *, *, #244, .T. ) ;
#836 = DIRECTION ( 'NONE',  ( -1.000000000000000000, 0.0000000000000000000, 0.0000000000000000000 ) ) ;
#837 = DIRECTION ( 'NONE',  ( -0.5000000000000015500, 0.4999999999999966700, -0.7071067811865487900 ) ) ;
#838 = DIRECTION ( 'NONE',  ( -0.7071067811865524600, 0.0000000000000000000, -0.7071067811865426900 ) ) ;
#839 = CARTESIAN_POINT ( 'NONE',  ( -18.00437707996430000, 7.733595492524199400, 19.49999999999999300 ) ) ;
#840 = DIRECTION ( 'NONE',  ( -0.0000000000000000000, -0.0000000000000000000, 1.000000000000000000 ) ) ;
#841 = CARTESIAN_POINT ( 'NONE',  ( -14.88424061262591800, 22.73312588379658500, 19.49999999999999300 ) ) ;
#842 = CARTESIAN_POINT ( 'NONE',  ( -15.59134739381246800, 22.73312588379657800, 19.49999999999999300 ) ) ;
#843 = DIRECTION ( 'NONE',  ( -0.7071067811865501300, -0.7071067811865450200, 0.0000000000000000000 ) ) ;
#844 = DIRECTION ( 'NONE',  ( -1.193692435765339400E-016, 1.000000000000000000, 0.0000000000000000000 ) ) ;
#845 = DIRECTION ( 'NONE',  ( 0.0000000000000000000, 0.0000000000000000000, 1.000000000000000000 ) ) ;
#846 = DIRECTION ( 'NONE',  ( -1.000000000000000000, -1.652117596168388000E-015, 0.0000000000000000000 ) ) ;
#847 = DIRECTION ( 'NONE',  ( 1.000000000000000000, -3.414138485015652700E-016, -0.0000000000000000000 ) ) ;
#848 = DIRECTION ( 'NONE',  ( 0.0000000000000000000, -0.7071067811865524600, 0.7071067811865426900 ) ) ;
#849 = CARTESIAN_POINT ( 'NONE',  ( -15.23779400321919100, 23.08667927438985900, 19.49999999999999300 ) ) ;
#850 = CARTESIAN_POINT ( 'NONE',  ( -18.00437707996430000, 7.733595492524199400, 19.49999999999999300 ) ) ;
#851 = CARTESIAN_POINT ( 'NONE',  ( -0.5000000000000147700, 1.000000000000006900, 20.00000000000000000 ) ) ;
#852 = DIRECTION ( 'NONE',  ( 0.7071067811865473500, 0.7071067811865477900, 0.0000000000000000000 ) ) ;
#853 = CARTESIAN_POINT ( 'NONE',  ( -23.94407404193130200, 13.67329245449119100, 19.49999999999999300 ) ) ;
#854 = DIRECTION ( 'NONE',  ( 0.7071067811865525700, 6.133173666733363400E-016, -0.7071067811865425800 ) ) ;
#855 = DIRECTION ( 'NONE',  ( -1.000000000000000000, -9.130123557772660900E-017, 0.0000000000000000000 ) ) ;
#856 = CARTESIAN_POINT ( 'NONE',  ( -3.371191478229897800E-016, 1.000000000000007300, -19.49999999999999300 ) ) ;
#857 = CARTESIAN_POINT ( 'NONE',  ( -32.00000000000000000, 2.499999999999996000, 0.0000000000000000000 ) ) ;
#858 = DIRECTION ( 'NONE',  ( 3.652049423109064400E-016, 1.000000000000000000, 0.0000000000000000000 ) ) ;
#859 = CARTESIAN_POINT ( 'NONE',  ( -18.00437707996430000, 7.733595492524199400, -5.499999999999998200 ) ) ;
#860 = DIRECTION ( 'NONE',  ( -0.7071067811865450200, -0.7071067811865501300, 0.0000000000000000000 ) ) ;
#861 = DIRECTION ( 'NONE',  ( 0.7071067811865524600, 0.0000000000000000000, -0.7071067811865426900 ) ) ;
#862 = DIRECTION ( 'NONE',  ( -0.7071067811865525700, -6.133173666733363400E-016, -0.7071067811865425800 ) ) ;
#863 = DIRECTION ( 'NONE',  ( -1.000000000000000000, 0.0000000000000000000, 0.0000000000000000000 ) ) ;
#864 = CARTESIAN_POINT ( 'NONE',  ( -20.97422556094780400, 10.70344397350769200, 19.49999999999999300 ) ) ;
#865 = CARTESIAN_POINT ( 'NONE',  ( -18.63190655291462900, 25.77368504289874100, -5.499999999999998200 ) ) ;
#866 = DIRECTION ( 'NONE',  ( -0.0000000000000000000, -0.0000000000000000000, -1.000000000000000000 ) ) ;
#867 = DIRECTION ( 'NONE',  ( -0.0000000000000000000, -0.0000000000000000000, -1.000000000000000000 ) ) ;
#868 = CARTESIAN_POINT ( 'NONE',  ( -0.5000000000000406300, 36.99999999999999300, 20.00000000000000000 ) ) ;
#869 = CARTESIAN_POINT ( 'NONE',  ( -6.991378033440278200, 37.99999999999999300, 19.49999999999999300 ) ) ;
#870 = DIRECTION ( 'NONE',  ( -0.0000000000000000000, -0.0000000000000000000, 1.000000000000000000 ) ) ;
#871 = CARTESIAN_POINT ( 'NONE',  ( -2.499999999999989300, 32.00000000000000000, 0.0000000000000000000 ) ) ;
#872 = CARTESIAN_POINT ( 'NONE',  ( -37.50000000000000000, 6.991378033440249800, 20.00000000000000000 ) ) ;
#873 = CARTESIAN_POINT ( 'NONE',  ( -23.94407404193130200, 13.67329245449119100, -5.499999999999998200 ) ) ;
#874 = CARTESIAN_POINT ( 'NONE',  ( -37.06066017177983000, 8.052038205220068100, 20.00000000000000000 ) ) ;
#875 = CARTESIAN_POINT ( 'NONE',  ( -26.48079182408530500, 17.92479977172806100, 19.49999999999999300 ) ) ;
#876 = DIRECTION ( 'NONE',  ( 0.0000000000000000000, 0.0000000000000000000, -1.000000000000000000 ) ) ;
#877 = VERTEX_POINT ( 'NONE', #1924 ) ;
#878 = ORIENTED_EDGE ( 'NONE', *, *, #261, .T. ) ;
#879 = ORIENTED_EDGE ( 'NONE', *, *, #245, .T. ) ;
#880 = ORIENTED_EDGE ( 'NONE', *, *, #1421, .F. ) ;
#881 = VERTEX_POINT ( 'NONE', #1913 ) ;
#882 = VERTEX_POINT ( 'NONE', #1909 ) ;
#883 = ORIENTED_EDGE ( 'NONE', *, *, #261, .F. ) ;
#884 = ORIENTED_EDGE ( 'NONE', *, *, #1442, .T. ) ;
#885 = VERTEX_POINT ( 'NONE', #1937 ) ;
#886 = ORIENTED_EDGE ( 'NONE', *, *, #1421, .T. ) ;
#887 = ORIENTED_EDGE ( 'NONE', *, *, #1429, .F. ) ;
#888 = VERTEX_POINT ( 'NONE', #1923 ) ;
#889 = VERTEX_POINT ( 'NONE', #1931 ) ;
#890 = ORIENTED_EDGE ( 'NONE', *, *, #1455, .T. ) ;
#891 = ORIENTED_EDGE ( 'NONE', *, *, #1477, .F. ) ;
#892 = VERTEX_POINT ( 'NONE', #1929 ) ;
#893 = VERTEX_POINT ( 'NONE', #1916 ) ;
#894 = VERTEX_POINT ( 'NONE', #1948 ) ;
#895 = VERTEX_POINT ( 'NONE', #1941 ) ;
#896 = VERTEX_POINT ( 'NONE', #1949 ) ;
#897 = VERTEX_POINT ( 'NONE', #1935 ) ;
#898 = VERTEX_POINT ( 'NONE', #1950 ) ;
#899 = VERTEX_POINT ( 'NONE', #1928 ) ;
#900 = ORIENTED_EDGE ( 'NONE', *, *, #1424, .T. ) ;
#901 = VERTEX_POINT ( 'NONE', #1942 ) ;
#902 = ORIENTED_EDGE ( 'NONE', *, *, #1464, .F. ) ;
#903 = VERTEX_POINT ( 'NONE', #1958 ) ;
#904 = ORIENTED_EDGE ( 'NONE', *, *, #1464, .T. ) ;
#905 = ORIENTED_EDGE ( 'NONE', *, *, #258, .T. ) ;
#906 = VERTEX_POINT ( 'NONE', #1956 ) ;
#907 = VERTEX_POINT ( 'NONE', #1945 ) ;
#908 = VERTEX_POINT ( 'NONE', #1959 ) ;
#909 = VERTEX_POINT ( 'NONE', #1952 ) ;
#910 = VERTEX_POINT ( 'NONE', #1951 ) ;
#911 = VERTEX_POINT ( 'NONE', #1943 ) ;
#912 = VERTEX_POINT ( 'NONE', #1961 ) ;
#913 = VERTEX_POINT ( 'NONE', #1955 ) ;
#914 = ORIENTED_EDGE ( 'NONE', *, *, #1432, .F. ) ;
#915 = VERTEX_POINT ( 'NONE', #1944 ) ;
#916 = VERTEX_POINT ( 'NONE', #1946 ) ;
#917 = VERTEX_POINT ( 'NONE', #1947 ) ;
#918 = ORIENTED_EDGE ( 'NONE', *, *, #247, .T. ) ;
#919 = ORIENTED_EDGE ( 'NONE', *, *, #247, .F. ) ;
#920 = ORIENTED_EDGE ( 'NONE', *, *, #1430, .T. ) ;
#921 = VERTEX_POINT ( 'NONE', #1960 ) ;
#922 = VERTEX_POINT ( 'NONE', #1962 ) ;
#923 = ORIENTED_EDGE ( 'NONE', *, *, #246, .T. ) ;
#924 = VERTEX_POINT ( 'NONE', #1953 ) ;
#925 = VERTEX_POINT ( 'NONE', #1957 ) ;
#926 = VERTEX_POINT ( 'NONE', #1964 ) ;
#927 = VERTEX_POINT ( 'NONE', #1954 ) ;
#928 = VERTEX_POINT ( 'NONE', #1965 ) ;
#929 = VERTEX_POINT ( 'NONE', #1981 ) ;
#930 = VERTEX_POINT ( 'NONE', #1984 ) ;
#931 = VERTEX_POINT ( 'NONE', #1963 ) ;
#932 = VERTEX_POINT ( 'NONE', #1998 ) ;
#933 = VERTEX_POINT ( 'NONE', #1994 ) ;
#934 = VERTEX_POINT ( 'NONE', #2041 ) ;
#935 = VERTEX_POINT ( 'NONE', #2013 ) ;
#936 = VERTEX_POINT ( 'NONE', #2028 ) ;
#937 = VERTEX_POINT ( 'NONE', #2024 ) ;
#938 = VERTEX_POINT ( 'NONE', #2044 ) ;
#939 = VERTEX_POINT ( 'NONE', #2022 ) ;
#940 = VERTEX_POINT ( 'NONE', #2055 ) ;
#941 = VERTEX_POINT ( 'NONE', #2019 ) ;
#942 = VERTEX_POINT ( 'NONE', #2048 ) ;
#943 = VERTEX_POINT ( 'NONE', #2014 ) ;
#944 = VERTEX_POINT ( 'NONE', #2052 ) ;
#945 = VERTEX_POINT ( 'NONE', #2036 ) ;
#946 = VERTEX_POINT ( 'NONE', #2015 ) ;
#947 = VERTEX_POINT ( 'NONE', #2023 ) ;
#948 = VERTEX_POINT ( 'NONE', #2025 ) ;
#949 = VERTEX_POINT ( 'NONE', #2054 ) ;
#950 = VERTEX_POINT ( 'NONE', #2012 ) ;
#951 = VERTEX_POINT ( 'NONE', #2011 ) ;
#952 = VERTEX_POINT ( 'NONE', #2016 ) ;
#953 = VERTEX_POINT ( 'NONE', #2026 ) ;
#954 = VERTEX_POINT ( 'NONE', #2017 ) ;
#955 = VERTEX_POINT ( 'NONE', #2020 ) ;
#956 = VERTEX_POINT ( 'NONE', #2027 ) ;
#957 = VERTEX_POINT ( 'NONE', #2018 ) ;
#958 = VERTEX_POINT ( 'NONE', #2047 ) ;
#959 = VERTEX_POINT ( 'NONE', #2029 ) ;
#960 = VERTEX_POINT ( 'NONE', #2030 ) ;
#961 = VERTEX_POINT ( 'NONE', #2031 ) ;
#962 = VERTEX_POINT ( 'NONE', #2032 ) ;
#963 = VERTEX_POINT ( 'NONE', #2042 ) ;
#964 = VERTEX_POINT ( 'NONE', #2043 ) ;
#965 = VERTEX_POINT ( 'NONE', #2021 ) ;
#966 = VERTEX_POINT ( 'NONE', #2033 ) ;
#967 = VERTEX_POINT ( 'NONE', #2049 ) ;
#968 = VERTEX_POINT ( 'NONE', #2034 ) ;
#969 = VERTEX_POINT ( 'NONE', #2050 ) ;
#970 = VERTEX_POINT ( 'NONE', #2035 ) ;
#971 = VERTEX_POINT ( 'NONE', #2037 ) ;
#972 = VERTEX_POINT ( 'NONE', #2051 ) ;
#973 = VERTEX_POINT ( 'NONE', #2053 ) ;
#974 = VERTEX_POINT ( 'NONE', #2045 ) ;
#975 = VERTEX_POINT ( 'NONE', #2038 ) ;
#976 = VERTEX_POINT ( 'NONE', #2039 ) ;
#977 = VERTEX_POINT ( 'NONE', #2040 ) ;
#978 = VERTEX_POINT ( 'NONE', #2046 ) ;
#979 = VERTEX_POINT ( 'NONE', #2001 ) ;
#980 = VERTEX_POINT ( 'NONE', #2003 ) ;
#981 = VERTEX_POINT ( 'NONE', #2009 ) ;
#982 = VERTEX_POINT ( 'NONE', #2008 ) ;
#983 = VERTEX_POINT ( 'NONE', #2004 ) ;
#984 = VERTEX_POINT ( 'NONE', #2010 ) ;
#985 = VERTEX_POINT ( 'NONE', #2005 ) ;
#986 = VERTEX_POINT ( 'NONE', #2000 ) ;
#987 = VERTEX_POINT ( 'NONE', #2002 ) ;
#988 = VERTEX_POINT ( 'NONE', #2006 ) ;
#989 = VERTEX_POINT ( 'NONE', #2007 ) ;
#990 = VERTEX_POINT ( 'NONE', #839 ) ;
#991 = VERTEX_POINT ( 'NONE', #842 ) ;
#992 = VECTOR ( 'NONE', #1217, 1000.000000000000000 ) ;
#993 = CARTESIAN_POINT ( 'NONE',  ( -15.59134739381246800, 22.73312588379657800, 19.49999999999999300 ) ) ;
#994 = DIRECTION ( 'NONE',  ( -0.7071067811865470200, 0.7071067811865480200, 0.0000000000000000000 ) ) ;
#995 = DIRECTION ( 'NONE',  ( -1.000000000000000000, 0.0000000000000000000, 0.0000000000000000000 ) ) ;
#996 = CARTESIAN_POINT ( 'NONE',  ( -17.92479977172807900, 26.48079182408529100, -5.499999999999998200 ) ) ;
#997 = DIRECTION ( 'NONE',  ( -0.0000000000000000000, -0.0000000000000000000, -1.000000000000000000 ) ) ;
#998 = CARTESIAN_POINT ( 'NONE',  ( -6.991378033440278200, 35.99999999999999300, -20.00000000000000000 ) ) ;
#999 = DIRECTION ( 'NONE',  ( 0.0000000000000000000, 0.0000000000000000000, -1.000000000000000000 ) ) ;
#1000 = DIRECTION ( 'NONE',  ( -0.7071067811865479100, 0.7071067811865471300, 0.0000000000000000000 ) ) ;
#1001 = CARTESIAN_POINT ( 'NONE',  ( -39.00000000000001400, 36.75000000000002100, 0.0000000000000000000 ) ) ;
#1002 = CARTESIAN_POINT ( 'NONE',  ( -20.97422556094780400, 10.70344397350769200, -5.499999999999998200 ) ) ;
#1003 = DIRECTION ( 'NONE',  ( 0.7071067811865474600, 0.7071067811865476800, 0.0000000000000000000 ) ) ;
#1004 = DIRECTION ( 'NONE',  ( -0.0000000000000000000, -0.0000000000000000000, -1.000000000000000000 ) ) ;
#1005 = DIRECTION ( 'NONE',  ( 0.0000000000000000000, 0.0000000000000000000, 1.000000000000000000 ) ) ;
#1006 = DIRECTION ( 'NONE',  ( -1.000000000000000000, -1.445602896647351300E-014, 0.0000000000000000000 ) ) ;
#1007 = CARTESIAN_POINT ( 'NONE',  ( -22.55634918849995400, 22.55634918849994700, 20.00000000000000000 ) ) ;
#1008 = DIRECTION ( 'NONE',  ( 1.000000000000000000, 0.0000000000000000000, 0.0000000000000000000 ) ) ;
#1009 = CARTESIAN_POINT ( 'NONE',  ( -23.08667927438986900, 15.23779400321917500, -5.499999999999998200 ) ) ;
#1010 = DIRECTION ( 'NONE',  ( 0.0000000000000000000, 0.0000000000000000000, 1.000000000000000000 ) ) ;
#1011 = DIRECTION ( 'NONE',  ( -1.000000000000000000, 0.0000000000000000000, 0.0000000000000000000 ) ) ;
#1012 = CARTESIAN_POINT ( 'NONE',  ( -4.924442635585340800, -2.924442635585343900, 20.00000000000000000 ) ) ;
#1013 = DIRECTION ( 'NONE',  ( 1.000000000000000000, 0.0000000000000000000, 0.0000000000000000000 ) ) ;
#1014 = CARTESIAN_POINT ( 'NONE',  ( -1.000000000000000400, 0.9999999999999997800, -20.00000000000000000 ) ) ;
#1015 = DIRECTION ( 'NONE',  ( -0.0000000000000000000, -0.0000000000000000000, -1.000000000000000000 ) ) ;
#1016 = CARTESIAN_POINT ( 'NONE',  ( -36.00000000000001400, 6.991378033440249800, 20.00000000000000000 ) ) ;
#1017 = CARTESIAN_POINT ( 'NONE',  ( -26.48079182408530500, 17.92479977172806100, -5.499999999999998200 ) ) ;
#1018 = DIRECTION ( 'NONE',  ( 1.000000000000000000, -3.414138485015652700E-016, 0.0000000000000000000 ) ) ;
#1019 = CARTESIAN_POINT ( 'NONE',  ( -10.70344397350771000, 20.97422556094779000, -5.499999999999998200 ) ) ;
#1020 = DIRECTION ( 'NONE',  ( 1.000000000000000000, 0.0000000000000000000, 0.0000000000000000000 ) ) ;
#1021 = DIRECTION ( 'NONE',  ( -0.7071067811865474600, -0.7071067811865476800, 0.0000000000000000000 ) ) ;
#1022 = CARTESIAN_POINT ( 'NONE',  ( -17.92479977172807900, 26.48079182408529100, 19.49999999999999300 ) ) ;
#1023 = CARTESIAN_POINT ( 'NONE',  ( -8.052038205220091200, 37.06066017177980900, -20.00000000000000000 ) ) ;
#1024 = DIRECTION ( 'NONE',  ( -1.000000000000000000, 0.0000000000000000000, 0.0000000000000000000 ) ) ;
#1025 = DIRECTION ( 'NONE',  ( -0.0000000000000000000, -0.0000000000000000000, -1.000000000000000000 ) ) ;
#1026 = DIRECTION ( 'NONE',  ( 1.000000000000000000, 0.0000000000000000000, 0.0000000000000000000 ) ) ;
#1027 = DIRECTION ( 'NONE',  ( -0.0000000000000000000, -0.0000000000000000000, -1.000000000000000000 ) ) ;
#1028 = DIRECTION ( 'NONE',  ( -1.000000000000000000, 0.0000000000000000000, 0.0000000000000000000 ) ) ;
#1029 = DIRECTION ( 'NONE',  ( 0.0000000000000000000, 0.0000000000000000000, 1.000000000000000000 ) ) ;
#1030 = CARTESIAN_POINT ( 'NONE',  ( -18.00437707996430000, 7.733595492524199400, -5.499999999999998200 ) ) ;
#1031 = DIRECTION ( 'NONE',  ( 0.7071067811865473500, 0.7071067811865477900, 0.0000000000000000000 ) ) ;
#1032 = DIRECTION ( 'NONE',  ( 1.000000000000000000, -3.414138485015652700E-016, 0.0000000000000000000 ) ) ;
#1033 = CARTESIAN_POINT ( 'NONE',  ( -17.92479977172807900, 26.48079182408529100, 20.00000000000000000 ) ) ;
#1034 = DIRECTION ( 'NONE',  ( 0.0000000000000000000, 0.0000000000000000000, 1.000000000000000000 ) ) ;
#1035 = DIRECTION ( 'NONE',  ( 0.0000000000000000000, 0.0000000000000000000, 1.000000000000000000 ) ) ;
#1036 = DIRECTION ( 'NONE',  ( -1.000000000000000000, -1.668003342285401700E-016, 0.0000000000000000000 ) ) ;
#1037 = CARTESIAN_POINT ( 'NONE',  ( -2.499999999999989300, 32.00000000000000000, 0.0000000000000000000 ) ) ;
#1038 = DIRECTION ( 'NONE',  ( 1.000000000000000000, -3.414138485015652700E-016, -0.0000000000000000000 ) ) ;
#1039 = CARTESIAN_POINT ( 'NONE',  ( -10.70344397350771000, 20.97422556094779000, 19.49999999999999300 ) ) ;
#1040 = DIRECTION ( 'NONE',  ( 0.0000000000000000000, -1.000000000000000000, 0.0000000000000000000 ) ) ;
#1041 = CARTESIAN_POINT ( 'NONE',  ( -15.59134739381246800, 22.73312588379657800, -5.499999999999998200 ) ) ;
#1042 = DIRECTION ( 'NONE',  ( -0.0000000000000000000, -0.0000000000000000000, 1.000000000000000000 ) ) ;
#1043 = CARTESIAN_POINT ( 'NONE',  ( -32.00000000000000000, -3.863104550075336200E-015, 2.599999999999985900 ) ) ;
#1044 = DIRECTION ( 'NONE',  ( -0.7071067811865501300, -0.7071067811865450200, -0.0000000000000000000 ) ) ;
#1045 = CARTESIAN_POINT ( 'NONE',  ( -37.50000000000000000, 0.9999999999999997800, 20.00000000000000000 ) ) ;
#1046 = CARTESIAN_POINT ( 'NONE',  ( -18.42479977172806100, 26.48079182408529100, 20.00000000000000000 ) ) ;
#1047 = DIRECTION ( 'NONE',  ( -1.000000000000000000, 0.0000000000000000000, 0.0000000000000000000 ) ) ;
#1048 = CARTESIAN_POINT ( 'NONE',  ( -37.00000000000001400, 0.9999999999999954500, 20.00000000000000000 ) ) ;
#1049 = DIRECTION ( 'NONE',  ( -0.0000000000000000000, -0.0000000000000000000, -1.000000000000000000 ) ) ;
#1050 = CARTESIAN_POINT ( 'NONE',  ( -22.73312588379660000, 15.59134739381245000, -5.499999999999998200 ) ) ;
#1051 = DIRECTION ( 'NONE',  ( -1.000000000000000000, 0.0000000000000000000, 0.0000000000000000000 ) ) ;
#1052 = DIRECTION ( 'NONE',  ( -0.0000000000000000000, -0.0000000000000000000, 1.000000000000000000 ) ) ;
#1053 = CARTESIAN_POINT ( 'NONE',  ( -13.67329245449120700, 23.94407404193128700, 19.49999999999999300 ) ) ;
#1054 = CARTESIAN_POINT ( 'NONE',  ( -14.88424061262591800, 22.73312588379658500, -5.499999999999998200 ) ) ;
#1055 = CARTESIAN_POINT ( 'NONE',  ( -13.67329245449120700, 23.94407404193128700, -5.499999999999998200 ) ) ;
#1056 = CARTESIAN_POINT ( 'NONE',  ( -32.00000000000000000, -3.863104550075336200E-015, -2.599999999999985900 ) ) ;
#1057 = DIRECTION ( 'NONE',  ( -0.0000000000000000000, -1.000000000000000000, -0.0000000000000000000 ) ) ;
#1058 = CARTESIAN_POINT ( 'NONE',  ( -27.25000000000000700, 38.99999999999999300, 0.0000000000000000000 ) ) ;
#1059 = DIRECTION ( 'NONE',  ( -0.7071067811865539000, 0.0000000000000000000, -0.7071067811865411300 ) ) ;
#1060 = DIRECTION ( 'NONE',  ( -0.7071067811865470200, 0.7071067811865480200, 0.0000000000000000000 ) ) ;
#1061 = CARTESIAN_POINT ( 'NONE',  ( -32.00000000000000000, 2.499999999999996000, 0.0000000000000000000 ) ) ;
#1062 = DIRECTION ( 'NONE',  ( -0.0000000000000000000, -1.000000000000000000, -0.0000000000000000000 ) ) ;
#1063 = DIRECTION ( 'NONE',  ( 1.193692435765339400E-016, -1.000000000000000000, 0.0000000000000000000 ) ) ;
#1064 = DIRECTION ( 'NONE',  ( 1.193692435765339400E-016, -1.000000000000000000, -0.0000000000000000000 ) ) ;
#1065 = CARTESIAN_POINT ( 'NONE',  ( -10.70344397350771000, 20.97422556094779000, 20.00000000000000000 ) ) ;
#1066 = DIRECTION ( 'NONE',  ( -1.000000000000000000, 0.0000000000000000000, 0.0000000000000000000 ) ) ;
#1067 = DIRECTION ( 'NONE',  ( -0.5000000000000045500, 0.5000000000000021100, 0.7071067811865426900 ) ) ;
#1068 = DIRECTION ( 'NONE',  ( 1.193692435765339400E-016, -1.000000000000000000, 0.0000000000000000000 ) ) ;
#1069 = CARTESIAN_POINT ( 'NONE',  ( -39.00000000000001400, 27.25000000000001400, 5.817072295949928400E-016 ) ) ;
#1070 = CARTESIAN_POINT ( 'NONE',  ( -36.75000000000000700, 38.99999999999999300, 5.817072295949928400E-016 ) ) ;
#1071 = DIRECTION ( 'NONE',  ( -3.336006684570798900E-016, -1.000000000000000000, 0.0000000000000000000 ) ) ;
#1072 = DIRECTION ( 'NONE',  ( 0.0000000000000000000, 0.0000000000000000000, 1.000000000000000000 ) ) ;
#1073 = CARTESIAN_POINT ( 'NONE',  ( -9.069805158186461800, 36.75000000000000000, -9.500000000000000000 ) ) ;
#1074 = DIRECTION ( 'NONE',  ( -1.000000000000000000, 0.0000000000000000000, 0.0000000000000000000 ) ) ;
#1075 = CARTESIAN_POINT ( 'NONE',  ( -36.75000000000000700, 9.069805158186460000, 5.817072295949928400E-016 ) ) ;
#1076 = DIRECTION ( 'NONE',  ( -0.0000000000000000000, -0.0000000000000000000, 1.000000000000000000 ) ) ;
#1077 = CARTESIAN_POINT ( 'NONE',  ( -9.069805158186460000, 36.75000000000000700, 0.0000000000000000000 ) ) ;
#1078 = DIRECTION ( 'NONE',  ( -0.0000000000000000000, -0.0000000000000000000, -1.000000000000000000 ) ) ;
#1079 = DIRECTION ( 'NONE',  ( -1.000000000000000000, 1.387778780781492500E-014, 0.0000000000000000000 ) ) ;
#1080 = CARTESIAN_POINT ( 'NONE',  ( -18.56980515818645800, 27.25000000000001100, 9.500000000000000000 ) ) ;
#1081 = DIRECTION ( 'NONE',  ( -0.0000000000000000000, -0.0000000000000000000, 1.000000000000000000 ) ) ;
#1082 = DIRECTION ( 'NONE',  ( -1.000000000000000000, 0.0000000000000000000, 0.0000000000000000000 ) ) ;
#1083 = CARTESIAN_POINT ( 'NONE',  ( -22.73312588379660000, 14.88424061262590400, -5.499999999999998200 ) ) ;
#1084 = DIRECTION ( 'NONE',  ( 0.0000000000000000000, 0.0000000000000000000, 1.000000000000000000 ) ) ;
#1085 = CARTESIAN_POINT ( 'NONE',  ( -10.70344397350771000, 20.97422556094779000, -5.499999999999998200 ) ) ;
#1086 = CARTESIAN_POINT ( 'NONE',  ( -27.25000000000000400, 18.56980515818645800, 0.0000000000000000000 ) ) ;
#1087 = DIRECTION ( 'NONE',  ( 1.000000000000000000, 0.0000000000000000000, 0.0000000000000000000 ) ) ;
#1088 = CARTESIAN_POINT ( 'NONE',  ( -23.08667927438986900, 15.23779400321917500, 19.49999999999999300 ) ) ;
#1089 = CARTESIAN_POINT ( 'NONE',  ( -15.59134739381246800, 22.73312588379657800, -5.499999999999998200 ) ) ;
#1090 = CARTESIAN_POINT ( 'NONE',  ( -18.56980515818645800, 27.25000000000001100, -9.500000000000000000 ) ) ;
#1091 = CARTESIAN_POINT ( 'NONE',  ( -9.069805158186460000, 36.75000000000000700, 0.0000000000000000000 ) ) ;
#1092 = CARTESIAN_POINT ( 'NONE',  ( -36.75000000000000000, 9.069805158186451200, -9.500000000000000000 ) ) ;
#1093 = DIRECTION ( 'NONE',  ( -1.000000000000000000, 0.0000000000000000000, 0.0000000000000000000 ) ) ;
#1094 = CARTESIAN_POINT ( 'NONE',  ( -9.069805158186461800, 36.75000000000000000, 9.500000000000000000 ) ) ;
#1095 = DIRECTION ( 'NONE',  ( 1.000000000000000000, 0.0000000000000000000, 0.0000000000000000000 ) ) ;
#1096 = DIRECTION ( 'NONE',  ( -0.0000000000000000000, -0.0000000000000000000, -1.000000000000000000 ) ) ;
#1097 = CARTESIAN_POINT ( 'NONE',  ( -6.503443973507713400, 20.97422556094779000, 19.49999999999999300 ) ) ;
#1098 = CARTESIAN_POINT ( 'NONE',  ( -26.48079182408530500, 17.92479977172806100, 20.00000000000000000 ) ) ;
#1099 = DIRECTION ( 'NONE',  ( 0.7071067811865512400, 0.0000000000000000000, 0.7071067811865439100 ) ) ;
#1100 = CARTESIAN_POINT ( 'NONE',  ( -27.25000000000001100, 18.56980515818644800, -9.500000000000000000 ) ) ;
#1101 = CARTESIAN_POINT ( 'NONE',  ( -25.77368504289875500, 18.63190655291461100, -5.499999999999998200 ) ) ;
#1102 = CARTESIAN_POINT ( 'NONE',  ( -15.23779400321919100, 23.08667927438985900, -5.499999999999998200 ) ) ;
#1103 = CARTESIAN_POINT ( 'NONE',  ( -23.94407404193130200, 13.67329245449119100, -5.499999999999998200 ) ) ;
#1104 = DIRECTION ( 'NONE',  ( -0.0000000000000000000, -0.0000000000000000000, 1.000000000000000000 ) ) ;
#1105 = DIRECTION ( 'NONE',  ( -0.7071067811865450200, -0.7071067811865501300, -0.0000000000000000000 ) ) ;
#1106 = CARTESIAN_POINT ( 'NONE',  ( -18.56980515818645800, 27.25000000000000700, 5.817072295949928400E-016 ) ) ;
#1107 = DIRECTION ( 'NONE',  ( -0.0000000000000000000, -0.0000000000000000000, -1.000000000000000000 ) ) ;
#1108 = CARTESIAN_POINT ( 'NONE',  ( -23.08667927438986900, 15.23779400321917500, -5.499999999999998200 ) ) ;
#1109 = CARTESIAN_POINT ( 'NONE',  ( -18.56980515818645800, 27.25000000000000700, 5.817072295949928400E-016 ) ) ;
#1110 = DIRECTION ( 'NONE',  ( 0.0000000000000000000, 0.0000000000000000000, 1.000000000000000000 ) ) ;
#1111 = DIRECTION ( 'NONE',  ( -1.000000000000000000, 0.0000000000000000000, 0.0000000000000000000 ) ) ;
#1112 = CARTESIAN_POINT ( 'NONE',  ( -22.73312588379659600, 15.59134739381245200, -5.499999999999998200 ) ) ;
#1113 = DIRECTION ( 'NONE',  ( -0.0000000000000000000, -0.0000000000000000000, -1.000000000000000000 ) ) ;
#1114 = DIRECTION ( 'NONE',  ( -0.0000000000000000000, -0.0000000000000000000, 1.000000000000000000 ) ) ;
#1115 = CARTESIAN_POINT ( 'NONE',  ( -1.000000000000000400, 0.5000000000000142100, 20.00000000000000000 ) ) ;
#1116 = DIRECTION ( 'NONE',  ( -0.0000000000000000000, -0.0000000000000000000, 1.000000000000000000 ) ) ;
#1117 = DIRECTION ( 'NONE',  ( 1.000000000000000000, -0.0000000000000000000, -0.0000000000000000000 ) ) ;
#1118 = DIRECTION ( 'NONE',  ( 0.7071067811865479100, -0.7071067811865471300, -0.0000000000000000000 ) ) ;
#1119 = DIRECTION ( 'NONE',  ( 0.0000000000000000000, 0.0000000000000000000, -1.000000000000000000 ) ) ;
#1120 = CARTESIAN_POINT ( 'NONE',  ( -22.58667927438986900, 15.23779400321917500, -5.499999999999998200 ) ) ;
#1121 = CARTESIAN_POINT ( 'NONE',  ( -6.503443973507713400, 20.97422556094779000, -5.499999999999998200 ) ) ;
#1122 = DIRECTION ( 'NONE',  ( 0.0000000000000000000, 0.0000000000000000000, 1.000000000000000000 ) ) ;
#1123 = CARTESIAN_POINT ( 'NONE',  ( -2.499999999999989300, 32.00000000000000000, 0.0000000000000000000 ) ) ;
#1124 = DIRECTION ( 'NONE',  ( -0.0000000000000000000, -0.0000000000000000000, -1.000000000000000000 ) ) ;
#1125 = DIRECTION ( 'NONE',  ( 1.000000000000000000, -3.414138485015652700E-016, -0.0000000000000000000 ) ) ;
#1126 = CARTESIAN_POINT ( 'NONE',  ( 1.096853190767633800E-014, 32.00000000000000000, -2.599999999999987700 ) ) ;
#1127 = DIRECTION ( 'NONE',  ( 1.000000000000000000, -3.414138485015652700E-016, -0.0000000000000000000 ) ) ;
#1128 = CARTESIAN_POINT ( 'NONE',  ( -1.000000000000026200, 37.49999999999997900, -20.00000000000000000 ) ) ;
#1129 = DIRECTION ( 'NONE',  ( -1.000000000000000000, 0.0000000000000000000, 0.0000000000000000000 ) ) ;
#1130 = CARTESIAN_POINT ( 'NONE',  ( -18.63190655291462900, 25.77368504289874100, 19.49999999999999300 ) ) ;
#1131 = DIRECTION ( 'NONE',  ( 1.000000000000000000, 0.0000000000000000000, 0.0000000000000000000 ) ) ;
#1132 = CARTESIAN_POINT ( 'NONE',  ( -1.000000000000000400, 0.9999999999999997800, 20.00000000000000000 ) ) ;
#1133 = DIRECTION ( 'NONE',  ( -1.000000000000000000, 0.0000000000000000000, 0.0000000000000000000 ) ) ;
#1134 = CARTESIAN_POINT ( 'NONE',  ( 1.102976424763370600E-014, 32.00000000000000000, 0.0000000000000000000 ) ) ;
#1135 = DIRECTION ( 'NONE',  ( -3.336006684570798900E-016, -1.000000000000000000, 0.0000000000000000000 ) ) ;
#1136 = DIRECTION ( 'NONE',  ( 1.000000000000000000, -0.0000000000000000000, -0.0000000000000000000 ) ) ;
#1137 = DIRECTION ( 'NONE',  ( 0.0000000000000000000, 0.0000000000000000000, -1.000000000000000000 ) ) ;
#1138 = CARTESIAN_POINT ( 'NONE',  ( 1.096853190767633800E-014, 32.00000000000000000, 2.599999999999987700 ) ) ;
#1139 = CARTESIAN_POINT ( 'NONE',  ( -32.00000000000000000, 2.499999999999996000, 0.0000000000000000000 ) ) ;
#1140 = CARTESIAN_POINT ( 'NONE',  ( -37.00000000000001400, 0.9999999999999954500, -20.00000000000000000 ) ) ;
#1141 = DIRECTION ( 'NONE',  ( -1.193692435765339400E-016, 1.000000000000000000, 0.0000000000000000000 ) ) ;
#1142 = DIRECTION ( 'NONE',  ( 1.000000000000000000, -0.0000000000000000000, -0.0000000000000000000 ) ) ;
#1143 = DIRECTION ( 'NONE',  ( 0.5000000000000027800, 0.5000000000000027800, 0.7071067811865435800 ) ) ;
#1144 = CARTESIAN_POINT ( 'NONE',  ( 1.102976424763370600E-014, 32.00000000000000000, 0.0000000000000000000 ) ) ;
#1145 = DIRECTION ( 'NONE',  ( 1.000000000000000000, -0.0000000000000000000, -0.0000000000000000000 ) ) ;
#1146 = DIRECTION ( 'NONE',  ( -1.000000000000000000, -9.130123557772660900E-017, 0.0000000000000000000 ) ) ;
#1147 = DIRECTION ( 'NONE',  ( 3.652049423109064400E-016, 1.000000000000000000, 0.0000000000000000000 ) ) ;
#1148 = CARTESIAN_POINT ( 'NONE',  ( -2.499999999999989300, 32.00000000000000000, 0.0000000000000000000 ) ) ;
#1149 = DIRECTION ( 'NONE',  ( 1.000000000000000000, 1.192877847255286100E-016, 0.0000000000000000000 ) ) ;
#1150 = CARTESIAN_POINT ( 'NONE',  ( -36.00000000000001400, 6.991378033440249800, -20.00000000000000000 ) ) ;
#1151 = DIRECTION ( 'NONE',  ( -0.0000000000000000000, -0.0000000000000000000, -1.000000000000000000 ) ) ;
#1152 = CARTESIAN_POINT ( 'NONE',  ( -37.00000000000001400, -4.415082267308885800E-015, 20.00000000000000000 ) ) ;
#1153 = DIRECTION ( 'NONE',  ( 0.0000000000000000000, 0.0000000000000000000, -1.000000000000000000 ) ) ;
#1154 = DIRECTION ( 'NONE',  ( -0.0000000000000000000, -0.0000000000000000000, -1.000000000000000000 ) ) ;
#1155 = CARTESIAN_POINT ( 'NONE',  ( -38.00000000000001400, 0.9999999999999950000, -19.49999999999999300 ) ) ;
#1156 = CARTESIAN_POINT ( 'NONE',  ( -19.16223663880448700, 19.16223663880461800, 20.00000000000000000 ) ) ;
#1157 = CARTESIAN_POINT ( 'NONE',  ( -8.405591595813374900, 37.41421356237308500, 20.00000000000000000 ) ) ;
#1158 = DIRECTION ( 'NONE',  ( -4.906538933386690700E-015, -0.7071067811865524600, -0.7071067811865426900 ) ) ;
#1159 = DIRECTION ( 'NONE',  ( 0.0000000000000000000, -0.7071067811865524600, -0.7071067811865426900 ) ) ;
#1160 = CARTESIAN_POINT ( 'NONE',  ( -1.000000000000007300, -1.207220171898551200E-016, 20.00000000000000000 ) ) ;
#1161 = CARTESIAN_POINT ( 'NONE',  ( -12.51543289565096900, 12.51543289565096200, 20.00000000000000000 ) ) ;
#1162 = CARTESIAN_POINT ( 'NONE',  ( -38.00000000000001400, -4.653657836759942700E-015, 19.49999999999999300 ) ) ;
#1163 = DIRECTION ( 'NONE',  ( 0.0000000000000000000, 0.0000000000000000000, -1.000000000000000000 ) ) ;
#1164 = CARTESIAN_POINT ( 'NONE',  ( -6.991378033440278200, 35.99999999999999300, 19.49999999999999300 ) ) ;
#1165 = DIRECTION ( 'NONE',  ( 0.0000000000000000000, 0.0000000000000000000, -1.000000000000000000 ) ) ;
#1166 = CARTESIAN_POINT ( 'NONE',  ( -18.63190655291462900, 27.18789860527183700, 19.49999999999999300 ) ) ;
#1167 = DIRECTION ( 'NONE',  ( 0.0000000000000000000, 0.0000000000000000000, -1.000000000000000000 ) ) ;
#1168 = DIRECTION ( 'NONE',  ( 0.7071067811865501300, 0.7071067811865450200, 0.0000000000000000000 ) ) ;
#1169 = DIRECTION ( 'NONE',  ( -0.7071067811865473500, -0.7071067811865477900, 0.0000000000000000000 ) ) ;
#1170 = DIRECTION ( 'NONE',  ( 0.0000000000000000000, 0.0000000000000000000, -1.000000000000000000 ) ) ;
#1171 = DIRECTION ( 'NONE',  ( -7.215383281001562000E-016, 1.000000000000000000, 0.0000000000000000000 ) ) ;
#1172 = CARTESIAN_POINT ( 'NONE',  ( -1.000000000000026200, 37.99999999999999300, -19.49999999999999300 ) ) ;
#1173 = CARTESIAN_POINT ( 'NONE',  ( -37.40559159341745500, 8.414213564768998000, 19.49999999999999300 ) ) ;
#1174 = CARTESIAN_POINT ( 'NONE',  ( -38.00000000000001400, 6.991378033440249800, 20.00000000000000000 ) ) ;
#1175 = DIRECTION ( 'NONE',  ( 0.7071067811865474600, 0.7071067811865476800, 0.0000000000000000000 ) ) ;
#1176 = DIRECTION ( 'NONE',  ( 0.0000000000000000000, 1.000000000000000000, 0.0000000000000000000 ) ) ;
#1177 = DIRECTION ( 'NONE',  ( 1.000000000000000000, 1.192877847255286100E-016, 0.0000000000000000000 ) ) ;
#1178 = CARTESIAN_POINT ( 'NONE',  ( -4.336808689942017700E-016, 1.000000000000007300, 20.00000000000000000 ) ) ;
#1179 = DIRECTION ( 'NONE',  ( -0.5000000000000064400, 0.5000000000000015500, 0.7071067811865418000 ) ) ;
#1180 = DIRECTION ( 'NONE',  ( 0.5000000000000052200, -0.5000000000000052200, 0.7071067811865401300 ) ) ;
#1181 = CARTESIAN_POINT ( 'NONE',  ( -37.06066017177982300, 8.052038205220061000, -20.00000000000000000 ) ) ;
#1182 = CARTESIAN_POINT ( 'NONE',  ( -2.631249895942860100E-014, 36.99999999999999300, -19.49999999999999300 ) ) ;
#1183 = CARTESIAN_POINT ( 'NONE',  ( -0.5000000000000146500, 1.000000000000000200, 20.00000000000000000 ) ) ;
#1184 = CARTESIAN_POINT ( 'NONE',  ( -2.775557561562891400E-014, 38.99999999999999300, 19.49999999999999300 ) ) ;
#1185 = DIRECTION ( 'NONE',  ( -0.0000000000000000000, -1.000000000000000000, -0.0000000000000000000 ) ) ;
#1186 = CARTESIAN_POINT ( 'NONE',  ( -1.000000000000004000, 0.5000000000000142100, 20.00000000000000000 ) ) ;
#1187 = CARTESIAN_POINT ( 'NONE',  ( -32.00000000000000000, -3.924336890032703800E-015, 0.0000000000000000000 ) ) ;
#1188 = CARTESIAN_POINT ( 'NONE',  ( -1.000000000000007300, -1.207220171898551200E-016, -19.49999999999999300 ) ) ;
#1189 = DIRECTION ( 'NONE',  ( 0.0000000000000000000, -1.000000000000000000, 0.0000000000000000000 ) ) ;
#1190 = DIRECTION ( 'NONE',  ( -1.000000000000000000, 0.0000000000000000000, 0.0000000000000000000 ) ) ;
#1191 = DIRECTION ( 'NONE',  ( 7.215383281001562000E-016, -1.000000000000000000, 0.0000000000000000000 ) ) ;
#1192 = CARTESIAN_POINT ( 'NONE',  ( -38.00000000000001400, 0.9999999999999954500, 20.00000000000000000 ) ) ;
#1193 = CARTESIAN_POINT ( 'NONE',  ( -27.18789860527184700, 18.63190655291460700, 20.00000000000000000 ) ) ;
#1194 = CARTESIAN_POINT ( 'NONE',  ( -22.55634918849995100, 22.55634918849994400, 20.00000000000000000 ) ) ;
#1195 = CARTESIAN_POINT ( 'NONE',  ( -2.631249895942860100E-014, 36.99999999999999300, 20.00000000000000000 ) ) ;
#1196 = DIRECTION ( 'NONE',  ( 0.5000000000000004400, -0.4999999999999979500, 0.7071067811865485700 ) ) ;
#1197 = CARTESIAN_POINT ( 'NONE',  ( -36.75000000000000700, 9.069805158186460000, 5.817072295949928400E-016 ) ) ;
#1198 = CARTESIAN_POINT ( 'NONE',  ( -1.000000000000026200, 36.99999999999999300, 20.00000000000000000 ) ) ;
#1199 = DIRECTION ( 'NONE',  ( 0.0000000000000000000, 0.0000000000000000000, 1.000000000000000000 ) ) ;
#1200 = DIRECTION ( 'NONE',  ( 0.0000000000000000000, 0.0000000000000000000, 1.000000000000000000 ) ) ;
#1201 = DIRECTION ( 'NONE',  ( -1.000000000000000000, 0.0000000000000000000, 0.0000000000000000000 ) ) ;
#1202 = DIRECTION ( 'NONE',  ( -0.0000000000000000000, -0.0000000000000000000, 1.000000000000000000 ) ) ;
#1203 = DIRECTION ( 'NONE',  ( -0.0000000000000000000, -0.0000000000000000000, 1.000000000000000000 ) ) ;
#1204 = CARTESIAN_POINT ( 'NONE',  ( -1.000000000000000400, 37.49999999999997900, 20.00000000000000000 ) ) ;
#1205 = CARTESIAN_POINT ( 'NONE',  ( -8.405591595813376700, 37.41421356237308500, 19.49999999999998900 ) ) ;
#1206 = CARTESIAN_POINT ( 'NONE',  ( -1.000000000000000400, 0.9999999999999997800, 19.49999999999999300 ) ) ;
#1207 = DIRECTION ( 'NONE',  ( -1.000000000000000000, 0.0000000000000000000, 0.0000000000000000000 ) ) ;
#1208 = DIRECTION ( 'NONE',  ( -0.7071067811865474600, -0.7071067811865476800, 0.0000000000000000000 ) ) ;
#1209 = DIRECTION ( 'NONE',  ( -1.000000000000000000, 0.0000000000000000000, 0.0000000000000000000 ) ) ;
#1210 = CARTESIAN_POINT ( 'NONE',  ( -1.000000000000026200, 36.99999999999999300, -19.49999999999999300 ) ) ;
#1211 = CARTESIAN_POINT ( 'NONE',  ( -1.000000000000026200, 37.99999999999999300, 20.00000000000000000 ) ) ;
#1212 = DIRECTION ( 'NONE',  ( 1.000000000000000000, 0.0000000000000000000, 0.0000000000000000000 ) ) ;
#1213 = CARTESIAN_POINT ( 'NONE',  ( -6.991378033440278200, 37.99999999999999300, 20.00000000000000000 ) ) ;
#1214 = DIRECTION ( 'NONE',  ( 0.0000000000000000000, 0.0000000000000000000, 1.000000000000000000 ) ) ;
#1215 = DIRECTION ( 'NONE',  ( 0.0000000000000000000, 0.0000000000000000000, -1.000000000000000000 ) ) ;
#1216 = CARTESIAN_POINT ( 'NONE',  ( -27.25000000000001100, 18.56980515818644800, 9.500000000000000000 ) ) ;
#1217 = DIRECTION ( 'NONE',  ( 0.0000000000000000000, 0.0000000000000000000, -1.000000000000000000 ) ) ;
#1218 = DIRECTION ( 'NONE',  ( -1.000000000000000000, 0.0000000000000000000, 0.0000000000000000000 ) ) ;
#1219 = CARTESIAN_POINT ( 'NONE',  ( -6.991378033440278200, 35.99999999999999300, 20.00000000000000000 ) ) ;
#1220 = DIRECTION ( 'NONE',  ( 0.0000000000000000000, 0.0000000000000000000, 1.000000000000000000 ) ) ;
#1221 = CARTESIAN_POINT ( 'NONE',  ( -6.991378033440278200, 37.99999999999999300, -19.49999999999999300 ) ) ;
#1222 = DIRECTION ( 'NONE',  ( -0.7071067811865524600, 0.0000000000000000000, -0.7071067811865426900 ) ) ;
#1223 = DIRECTION ( 'NONE',  ( 0.0000000000000000000, 0.0000000000000000000, -1.000000000000000000 ) ) ;
#1224 = DIRECTION ( 'NONE',  ( -1.000000000000000000, 0.0000000000000000000, 0.0000000000000000000 ) ) ;
#1225 = DIRECTION ( 'NONE',  ( -1.000000000000000000, 0.0000000000000000000, 0.0000000000000000000 ) ) ;
#1226 = DIRECTION ( 'NONE',  ( 0.0000000000000000000, 0.0000000000000000000, 1.000000000000000000 ) ) ;
#1227 = CARTESIAN_POINT ( 'NONE',  ( -17.92479977172807900, 26.48079182408529100, 20.00000000000000000 ) ) ;
#1228 = CARTESIAN_POINT ( 'NONE',  ( -2.775557561562891400E-014, 37.99999999999999300, 19.49999999999999300 ) ) ;
#1229 = CARTESIAN_POINT ( 'NONE',  ( -36.75000000000000000, 9.069805158186451200, 9.500000000000000000 ) ) ;
#1230 = CARTESIAN_POINT ( 'NONE',  ( -18.63190655291462500, 27.18789860527183300, 20.00000000000000000 ) ) ;
#1231 = CARTESIAN_POINT ( 'NONE',  ( -27.25000000000000400, 18.56980515818645800, 0.0000000000000000000 ) ) ;
#1232 = CARTESIAN_POINT ( 'NONE',  ( -37.00000000000001400, 0.5000000000000097700, 20.00000000000000000 ) ) ;
#1233 = DIRECTION ( 'NONE',  ( -0.7071067811865524600, 0.0000000000000000000, -0.7071067811865426900 ) ) ;
#1234 = DIRECTION ( 'NONE',  ( -0.0000000000000000000, -0.0000000000000000000, -1.000000000000000000 ) ) ;
#1235 = DIRECTION ( 'NONE',  ( -0.7071067811865474600, -0.7071067811865476800, 0.0000000000000000000 ) ) ;
#1236 = DIRECTION ( 'NONE',  ( -0.0000000000000000000, -0.0000000000000000000, 1.000000000000000000 ) ) ;
#1237 = DIRECTION ( 'NONE',  ( -1.000000000000000000, -1.192877847255286100E-016, 0.0000000000000000000 ) ) ;
#1238 = DIRECTION ( 'NONE',  ( -0.0000000000000000000, -1.000000000000000000, -0.0000000000000000000 ) ) ;
#1239 = CARTESIAN_POINT ( 'NONE',  ( -37.00000000000001400, 0.5000000000000098800, -20.00000000000000000 ) ) ;
#1240 = DIRECTION ( 'NONE',  ( -0.0000000000000000000, -0.0000000000000000000, 1.000000000000000000 ) ) ;
#1241 = CARTESIAN_POINT ( 'NONE',  ( 2.924442635585324400, 4.924442635585319500, 20.00000000000000000 ) ) ;
#1242 = CARTESIAN_POINT ( 'NONE',  ( -19.16223663880461800, 19.16223663880448700, 20.00000000000000000 ) ) ;
#1243 = DIRECTION ( 'NONE',  ( -1.000000000000000000, 0.0000000000000000000, 0.0000000000000000000 ) ) ;
#1244 = CARTESIAN_POINT ( 'NONE',  ( -10.70344397350771000, 20.97422556094779000, 20.00000000000000000 ) ) ;
#1245 = DIRECTION ( 'NONE',  ( -1.000000000000000000, 0.0000000000000000000, 0.0000000000000000000 ) ) ;
#1246 = DIRECTION ( 'NONE',  ( -0.5000000000000052200, 0.5000000000000052200, -0.7071067811865401300 ) ) ;
#1247 = CARTESIAN_POINT ( 'NONE',  ( -37.41421356237310600, 8.405591595813344700, -19.49999999999999300 ) ) ;
#1248 = CARTESIAN_POINT ( 'NONE',  ( -37.41421356237310600, 8.405591595813344700, 20.00000000000000000 ) ) ;
#1249 = CARTESIAN_POINT ( 'NONE',  ( -1.000000000000000400, 0.9999999999999997800, -19.49999999999999300 ) ) ;
#1250 = DIRECTION ( 'NONE',  ( 4.906538933386690700E-015, 0.7071067811865524600, -0.7071067811865426900 ) ) ;
#1251 = DIRECTION ( 'NONE',  ( 0.0000000000000000000, 0.0000000000000000000, 1.000000000000000000 ) ) ;
#1252 = CARTESIAN_POINT ( 'NONE',  ( -1.000000000000007300, -1.207220171898551200E-016, -19.49999999999999300 ) ) ;
#1253 = CARTESIAN_POINT ( 'NONE',  ( -23.08667927438988700, 15.23779400321919100, 20.00000000000000000 ) ) ;
#1254 = CARTESIAN_POINT ( 'NONE',  ( -37.50000000000000000, 0.9999999999999954500, 20.00000000000000000 ) ) ;
#1255 = DIRECTION ( 'NONE',  ( 0.0000000000000000000, -0.7071067811865524600, 0.7071067811865426900 ) ) ;
#1256 = CARTESIAN_POINT ( 'NONE',  ( -37.40559159341745500, 8.414213564768998000, -5.499999999999998200 ) ) ;
#1257 = DIRECTION ( 'NONE',  ( -0.7071067811865474600, -0.7071067811865476800, 0.0000000000000000000 ) ) ;
#1258 = CARTESIAN_POINT ( 'NONE',  ( -37.40559159341745500, 8.414213564768998000, 19.49999999999998900 ) ) ;
#1259 = DIRECTION ( 'NONE',  ( 0.7071067811865474600, 0.7071067811865476800, 0.0000000000000000000 ) ) ;
#1260 = CARTESIAN_POINT ( 'NONE',  ( -0.5000000000000146500, 1.000000000000006900, -20.00000000000000000 ) ) ;
#1261 = DIRECTION ( 'NONE',  ( 0.7071067811865470200, -0.7071067811865480200, 0.0000000000000000000 ) ) ;
#1262 = DIRECTION ( 'NONE',  ( 7.215383281001562000E-016, -1.000000000000000000, 0.0000000000000000000 ) ) ;
#1263 = DIRECTION ( 'NONE',  ( -0.0000000000000000000, -0.0000000000000000000, 1.000000000000000000 ) ) ;
#1264 = CARTESIAN_POINT ( 'NONE',  ( -36.00000000000001400, 6.991378033440249800, -19.49999999999999300 ) ) ;
#1265 = DIRECTION ( 'NONE',  ( 0.7071067811865450200, 0.7071067811865501300, 0.0000000000000000000 ) ) ;
#1266 = DIRECTION ( 'NONE',  ( 0.0000000000000000000, -0.7071067811865525700, -0.7071067811865425800 ) ) ;
#1267 = DIRECTION ( 'NONE',  ( 0.0000000000000000000, 0.0000000000000000000, -1.000000000000000000 ) ) ;
#1268 = DIRECTION ( 'NONE',  ( -1.000000000000000000, 0.0000000000000000000, 0.0000000000000000000 ) ) ;
#1269 = CARTESIAN_POINT ( 'NONE',  ( -32.00000000000000000, -3.924336890032703800E-015, 0.0000000000000000000 ) ) ;
#1270 = CARTESIAN_POINT ( 'NONE',  ( -1.000000000000007300, -1.207220171898551200E-016, 19.49999999999999300 ) ) ;
#1271 = DIRECTION ( 'NONE',  ( -1.000000000000000000, 1.734723475976805500E-015, 0.0000000000000000000 ) ) ;
#1272 = CARTESIAN_POINT ( 'NONE',  ( -26.83434521467856700, 18.27835316232132400, 20.00000000000000000 ) ) ;
#1273 =( LENGTH_UNIT ( ) NAMED_UNIT ( * ) SI_UNIT ( .MILLI., .METRE. ) );
#1274 = DIRECTION ( 'NONE',  ( -1.000000000000000000, -1.668003342285401700E-016, 0.0000000000000000000 ) ) ;
#1275 = DIRECTION ( 'NONE',  ( -0.0000000000000000000, -0.0000000000000000000, -1.000000000000000000 ) ) ;
#1276 = APPLICATION_PROTOCOL_DEFINITION ( 'international standard', 'config_control_design', 1994, #1304 ) ;
#1277 = CARTESIAN_POINT ( 'NONE',  ( -18.00437707996430000, 7.733595492524200300, 19.49999999999999300 ) ) ;
#1278 = CARTESIAN_POINT ( 'NONE',  ( 0.0000000000000000000, 0.0000000000000000000, 0.0000000000000000000 ) ) ;
#1279 = PERSON_AND_ORGANIZATION_ROLE ( 'design_owner' ) ;
#1280 = APPLICATION_CONTEXT ( 'configuration controlled 3d designs of mechanical parts and assemblies' ) ;
#1281 =( NAMED_UNIT ( * ) PLANE_ANGLE_UNIT ( ) SI_UNIT ( $, .RADIAN. ) );
#1282 = SECURITY_CLASSIFICATION_LEVEL ( 'unclassified' ) ;
#1283 = DIRECTION ( 'NONE',  ( -1.000000000000000000, -1.192877847255286100E-016, 0.0000000000000000000 ) ) ;
#1284 = DIRECTION ( 'NONE',  ( -1.000000000000000000, 0.0000000000000000000, 0.0000000000000000000 ) ) ;
#1285 = DIRECTION ( 'NONE',  ( 0.0000000000000000000, 0.0000000000000000000, -1.000000000000000000 ) ) ;
#1286 = DIRECTION ( 'NONE',  ( -1.000000000000000000, 0.0000000000000000000, 0.0000000000000000000 ) ) ;
#1287 = CARTESIAN_POINT ( 'NONE',  ( -37.50000000000000000, 6.991378033440248000, -20.00000000000000000 ) ) ;
#1288 = APPROVAL_STATUS ( 'not_yet_approved' ) ;
#1289 = CARTESIAN_POINT ( 'NONE',  ( -37.00000000000001400, 0.5000000000000098800, -20.00000000000000000 ) ) ;
#1290 = DIRECTION ( 'NONE',  ( 0.5000000000000040000, 0.4999999999999991100, -0.7071067811865453500 ) ) ;
#1291 = DIRECTION ( 'NONE',  ( -7.215383281001562000E-016, 1.000000000000000000, 0.0000000000000000000 ) ) ;
#1292 = DIRECTION ( 'NONE',  ( 0.5000000000000083300, -0.5000000000000057700, -0.7071067811865375800 ) ) ;
#1293 = DIRECTION ( 'NONE',  ( -1.000000000000000000, 0.0000000000000000000, 0.0000000000000000000 ) ) ;
#1294 = DIRECTION ( 'NONE',  ( 1.000000000000000000, 0.0000000000000000000, 0.0000000000000000000 ) ) ;
#1295 = APPLICATION_PROTOCOL_DEFINITION ( 'international standard', 'config_control_design', 1994, #1280 ) ;
#1296 = APPROVAL_ROLE ( '' ) ;
#1297 = PERSON_AND_ORGANIZATION_ROLE ( 'creator' ) ;
#1298 = CARTESIAN_POINT ( 'NONE',  ( -32.00000000000000000, 2.499999999999996000, 0.0000000000000000000 ) ) ;
#1299 = CARTESIAN_POINT ( 'NONE',  ( -26.12723843349203900, 18.27835316232133100, 20.00000000000000000 ) ) ;
#1300 =( NAMED_UNIT ( * ) SI_UNIT ( $, .STERADIAN. ) SOLID_ANGLE_UNIT ( ) );
#1301 = CARTESIAN_POINT ( 'NONE',  ( -1.000000000000026200, 36.99999999999999300, -20.00000000000000000 ) ) ;
#1302 = DIRECTION ( 'NONE',  ( 1.193692435765339400E-016, -1.000000000000000000, -0.0000000000000000000 ) ) ;
#1303 = DIRECTION ( 'NONE',  ( 0.0000000000000000000, 1.000000000000000000, 0.0000000000000000000 ) ) ;
#1304 = APPLICATION_CONTEXT ( 'configuration controlled 3d designs of mechanical parts and assemblies' ) ;
#1305 = DIRECTION ( 'NONE',  ( 0.0000000000000000000, 0.0000000000000000000, 1.000000000000000000 ) ) ;
#1306 = DATE_TIME_ROLE ( 'creation_date' ) ;
#1307 = APPROVAL_ROLE ( '' ) ;
#1308 = PERSON_AND_ORGANIZATION_ROLE ( 'creator' ) ;
#1309 = MECHANICAL_CONTEXT ( 'NONE', #1304, 'mechanical' ) ;
#1310 = PERSON_AND_ORGANIZATION_ROLE ( 'design_supplier' ) ;
#1311 = APPROVAL_STATUS ( 'not_yet_approved' ) ;
#1312 = PERSON_AND_ORGANIZATION_ROLE ( 'classification_officer' ) ;
#1313 = DATE_TIME_ROLE ( 'classification_date' ) ;
#1314 = DIRECTION ( 'NONE',  ( 0.5000000000000025500, -0.5000000000000036600, 0.7071067811865431300 ) ) ;
#1315 = CARTESIAN_POINT ( 'NONE',  ( -36.00000000000001400, 6.991378033440249800, 19.49999999999999300 ) ) ;
#1316 = CARTESIAN_POINT ( 'NONE',  ( -2.631249895942860100E-014, 36.99999999999999300, -19.49999999999999300 ) ) ;
#1317 = CARTESIAN_POINT ( 'NONE',  ( -20.97422556094780400, 10.70344397350769200, 20.00000000000000000 ) ) ;
#1318 = DIRECTION ( 'NONE',  ( -0.0000000000000000000, -0.0000000000000000000, -1.000000000000000000 ) ) ;
#1319 = APPROVAL_STATUS ( 'not_yet_approved' ) ;
#1320 = APPROVAL_ROLE ( '' ) ;
#1321 = LINE ( 'NONE', #1213, #1361 ) ;
#1322 = LINE ( 'NONE', #1192, #1325 ) ;
#1323 = VECTOR ( 'NONE', #1240, 1000.000000000000000 ) ;
#1324 = VECTOR ( 'NONE', #1266, 999.9999999999998900 ) ;
#1325 = VECTOR ( 'NONE', #1203, 1000.000000000000000 ) ;
#1326 = CIRCLE ( 'NONE', #1596, 4.700000000000008200 ) ;
#1327 = LINE ( 'NONE', #1258, #1364 ) ;
#1328 = LINE ( 'NONE', #1254, #1331 ) ;
#1329 = CIRCLE ( 'NONE', #1605, 2.000000000000001800 ) ;
#1330 = LINE ( 'NONE', #1270, #1379 ) ;
#1331 = VECTOR ( 'NONE', #1233, 1000.000000000000000 ) ;
#1332 = LINE ( 'NONE', #1252, #1341 ) ;
#1333 = VECTOR ( 'NONE', #1255, 1000.000000000000000 ) ;
#1334 = VECTOR ( 'NONE', #1303, 1000.000000000000000 ) ;
#1335 = VECTOR ( 'NONE', #1291, 1000.000000000000000 ) ;
#1336 = VECTOR ( 'NONE', #1261, 1000.000000000000000 ) ;
#1337 = VECTOR ( 'NONE', #1215, 1000.000000000000000 ) ;
#1338 = VECTOR ( 'NONE', #1290, 1000.000000000000100 ) ;
#1339 = LINE ( 'NONE', #1232, #1324 ) ;
#1340 = LINE ( 'NONE', #1256, #1346 ) ;
#1341 = VECTOR ( 'NONE', #1250, 1000.000000000000000 ) ;
#1342 = VECTOR ( 'NONE', #1283, 1000.000000000000000 ) ;
#1343 = VECTOR ( 'NONE', #1246, 1000.000000000000000 ) ;
#1344 = CIRCLE ( 'NONE', #1585, 1.499999999999985800 ) ;
#1345 = VECTOR ( 'NONE', #1262, 1000.000000000000000 ) ;
#1346 = VECTOR ( 'NONE', #1257, 1000.000000000000000 ) ;
#1347 = LINE ( 'NONE', #1242, #1374 ) ;
#1348 = VECTOR ( 'NONE', #1292, 1000.000000000000000 ) ;
#1349 = LINE ( 'NONE', #1299, #1338 ) ;
#1350 = CIRCLE ( 'NONE', #1597, 1.000000000000000000 ) ;
#1351 = LINE ( 'NONE', #1260, #1345 ) ;
#1352 = CIRCLE ( 'NONE', #1582, 2.000000000000001800 ) ;
#1353 = LINE ( 'NONE', #1277, #1356 ) ;
#1354 = LINE ( 'NONE', #1195, #1355 ) ;
#1355 = VECTOR ( 'NONE', #1202, 1000.000000000000000 ) ;
#1356 = VECTOR ( 'NONE', #1314, 1000.000000000000100 ) ;
#1357 = LINE ( 'NONE', #1241, #1336 ) ;
#1358 = VECTOR ( 'NONE', #1207, 1000.000000000000000 ) ;
#1359 = LINE ( 'NONE', #1248, #1323 ) ;
#1360 = LINE ( 'NONE', #1247, #1367 ) ;
#1361 = VECTOR ( 'NONE', #1263, 1000.000000000000000 ) ;
#1362 = LINE ( 'NONE', #1287, #1334 ) ;
#1363 = CIRCLE ( 'NONE', #1615, 0.9999999999999997800 ) ;
#1364 = VECTOR ( 'NONE', #1259, 1000.000000000000000 ) ;
#1365 = CIRCLE ( 'NONE', #1623, 4.700000000000013500 ) ;
#1366 = CIRCLE ( 'NONE', #1589, 0.4999999999999865700 ) ;
#1367 = VECTOR ( 'NONE', #1235, 1000.000000000000000 ) ;
#1368 = LINE ( 'NONE', #1239, #1333 ) ;
#1369 = CIRCLE ( 'NONE', #1603, 2.599999999999991200 ) ;
#1370 = CIRCLE ( 'NONE', #1606, 0.4999999999999865700 ) ;
#1371 = LINE ( 'NONE', #1289, #1342 ) ;
#1372 = LINE ( 'NONE', #1272, #1343 ) ;
#1373 = LINE ( 'NONE', #1204, #1358 ) ;
#1374 = VECTOR ( 'NONE', #1265, 1000.000000000000100 ) ;
#1375 = LINE ( 'NONE', #1253, #1348 ) ;
#1376 = LINE ( 'NONE', #1316, #1335 ) ;
#1377 = LINE ( 'NONE', #1211, #1337 ) ;
#1378 = CIRCLE ( 'NONE', #1594, 2.599999999999984100 ) ;
#1379 = VECTOR ( 'NONE', #1237, 1000.000000000000000 ) ;
#1380 = APPROVAL_DATE_TIME ( #1411, #1612 ) ;
#1381 = COORDINATED_UNIVERSAL_TIME_OFFSET ( 1, 0, .AHEAD. ) ;
#1382 = DATE_AND_TIME ( #1392, #1399 ) ;
#1383 = LOCAL_TIME ( 15, 4, 16.00000000000000000, #1381 ) ;
#1384 = COORDINATED_UNIVERSAL_TIME_OFFSET ( 1, 0, .AHEAD. ) ;
#1385 = SHAPE_DEFINITION_REPRESENTATION ( #237, #279 ) ;
#1386 = PERSON_AND_ORGANIZATION ( #1417, #1387 ) ;
#1387 = ORGANIZATION ( 'UNSPECIFIED', 'UNSPECIFIED', '' ) ;
#1388 = LOCAL_TIME ( 15, 4, 16.00000000000000000, #1415 ) ;
#1389 = CALENDAR_DATE ( 2017, 8, 3 ) ;
#1390 = DATE_AND_TIME ( #1407, #1398 ) ;
#1391 = COORDINATED_UNIVERSAL_TIME_OFFSET ( 1, 0, .AHEAD. ) ;
#1392 = CALENDAR_DATE ( 2017, 8, 3 ) ;
#1393 = DATE_AND_TIME ( #1389, #1383 ) ;
#1394 = PERSON_AND_ORGANIZATION ( #1417, #1387 ) ;
#1395 = APPROVAL_PERSON_ORGANIZATION ( #1410, #1612, #1320 ) ;
#1396 = LOCAL_TIME ( 15, 4, 16.00000000000000000, #1408 ) ;
#1397 = APPROVAL_DATE_TIME ( #1406, #1608 ) ;
#1398 = LOCAL_TIME ( 15, 4, 16.00000000000000000, #1384 ) ;
#1399 = LOCAL_TIME ( 15, 4, 16.00000000000000000, #1391 ) ;
#1400 = APPROVAL_DATE_TIME ( #1390, #1607 ) ;
#1401 = PERSON_AND_ORGANIZATION ( #1417, #1387 ) ;
#1402 = PERSON_AND_ORGANIZATION ( #1417, #1387 ) ;
#1403 = CALENDAR_DATE ( 2017, 8, 3 ) ;
#1404 = PERSON_AND_ORGANIZATION ( #1417, #1387 ) ;
#1405 = PERSON_AND_ORGANIZATION ( #1417, #1387 ) ;
#1406 = DATE_AND_TIME ( #1414, #1388 ) ;
#1407 = CALENDAR_DATE ( 2017, 8, 3 ) ;
#1408 = COORDINATED_UNIVERSAL_TIME_OFFSET ( 1, 0, .AHEAD. ) ;
#1409 = APPROVAL_PERSON_ORGANIZATION ( #1404, #1607, #1296 ) ;
#1410 = PERSON_AND_ORGANIZATION ( #1417, #1387 ) ;
#1411 = DATE_AND_TIME ( #1403, #1396 ) ;
#1412 = APPROVAL_PERSON_ORGANIZATION ( #1413, #1608, #1307 ) ;
#1413 = PERSON_AND_ORGANIZATION ( #1417, #1387 ) ;
#1414 = CALENDAR_DATE ( 2017, 8, 3 ) ;
#1415 = COORDINATED_UNIVERSAL_TIME_OFFSET ( 1, 0, .AHEAD. ) ;
#1416 = PRODUCT ( '0-45-90', '0-45-90', '', ( #1309 ) ) ;
#1417 = PERSON ( 'UNSPECIFIED', 'UNSPECIFIED', 'UNSPECIFIED', ('UNSPECIFIED'), ('UNSPECIFIED'), ('UNSPECIFIED') ) ;
#1418 = EDGE_CURVE ( 'NONE', #972, #973, #1898, .T. ) ;
#1419 = EDGE_CURVE ( 'NONE', #966, #988, #1846, .T. ) ;
#1420 = EDGE_CURVE ( 'NONE', #896, #912, #1888, .T. ) ;
#1421 = EDGE_CURVE ( 'NONE', #953, #894, #1839, .T. ) ;
#1422 = EDGE_CURVE ( 'NONE', #952, #929, #1883, .T. ) ;
#1423 = EDGE_CURVE ( 'NONE', #954, #959, #1840, .T. ) ;
#1424 = EDGE_CURVE ( 'NONE', #986, #940, #1870, .T. ) ;
#1425 = EDGE_CURVE ( 'NONE', #961, #932, #1858, .T. ) ;
#1426 = EDGE_CURVE ( 'NONE', #974, #967, #1848, .T. ) ;
#1427 = EDGE_CURVE ( 'NONE', #938, #956, #1875, .T. ) ;
#1428 = EDGE_CURVE ( 'NONE', #956, #975, #1872, .T. ) ;
#1429 = EDGE_CURVE ( 'NONE', #967, #921, #1880, .T. ) ;
#1430 = EDGE_CURVE ( 'NONE', #991, #896, #1885, .T. ) ;
#1431 = EDGE_CURVE ( 'NONE', #979, #933, #1890, .T. ) ;
#1432 = EDGE_CURVE ( 'NONE', #962, #974, #1891, .T. ) ;
#1433 = EDGE_CURVE ( 'NONE', #908, #899, #1879, .T. ) ;
#1434 = EDGE_CURVE ( 'NONE', #939, #961, #1893, .T. ) ;
#1435 = EDGE_CURVE ( 'NONE', #975, #926, #1850, .T. ) ;
#1436 = EDGE_CURVE ( 'NONE', #916, #913, #1900, .T. ) ;
#1437 = EDGE_CURVE ( 'NONE', #953, #988, #1902, .T. ) ;
#1438 = EDGE_CURVE ( 'NONE', #922, #915, #1906, .T. ) ;
#1439 = EDGE_CURVE ( 'NONE', #916, #901, #1803, .T. ) ;
#1440 = EDGE_CURVE ( 'NONE', #910, #903, #1884, .T. ) ;
#1441 = EDGE_CURVE ( 'NONE', #898, #969, #1901, .T. ) ;
#1442 = EDGE_CURVE ( 'NONE', #898, #917, #1843, .T. ) ;
#1443 = EDGE_CURVE ( 'NONE', #944, #917, #591, .T. ) ;
#1444 = EDGE_CURVE ( 'NONE', #913, #881, #587, .T. ) ;
#1445 = EDGE_CURVE ( 'NONE', #917, #910, #585, .T. ) ;
#1446 = EDGE_CURVE ( 'NONE', #882, #895, #592, .T. ) ;
#1447 = EDGE_CURVE ( 'NONE', #906, #912, #593, .T. ) ;
#1448 = EDGE_CURVE ( 'NONE', #907, #909, #589, .T. ) ;
#1449 = EDGE_CURVE ( 'NONE', #965, #986, #581, .T. ) ;
#1450 = EDGE_CURVE ( 'NONE', #906, #892, #577, .T. ) ;
#1451 = EDGE_CURVE ( 'NONE', #926, #927, #579, .T. ) ;
#1452 = EDGE_CURVE ( 'NONE', #893, #885, #597, .T. ) ;
#1453 = EDGE_CURVE ( 'NONE', #897, #888, #578, .T. ) ;
#1454 = EDGE_CURVE ( 'NONE', #929, #938, #594, .T. ) ;
#1455 = EDGE_CURVE ( 'NONE', #894, #877, #624, .T. ) ;
#1456 = EDGE_CURVE ( 'NONE', #877, #888, #598, .T. ) ;
#1457 = EDGE_CURVE ( 'NONE', #921, #898, #608, .T. ) ;
#1458 = EDGE_CURVE ( 'NONE', #907, #922, #276, .T. ) ;
#1459 = EDGE_CURVE ( 'NONE', #969, #965, #600, .T. ) ;
#1460 = EDGE_CURVE ( 'NONE', #893, #908, #277, .T. ) ;
#1461 = EDGE_CURVE ( 'NONE', #908, #893, #273, .T. ) ;
#1462 = EDGE_CURVE ( 'NONE', #944, #903, #615, .T. ) ;
#1463 = EDGE_CURVE ( 'NONE', #933, #966, #602, .T. ) ;
#1464 = EDGE_CURVE ( 'NONE', #877, #962, #621, .T. ) ;
#1465 = EDGE_CURVE ( 'NONE', #927, #942, #623, .T. ) ;
#1466 = EDGE_CURVE ( 'NONE', #931, #939, #601, .T. ) ;
#1467 = EDGE_CURVE ( 'NONE', #965, #991, #616, .T. ) ;
#1468 = EDGE_CURVE ( 'NONE', #882, #951, #609, .T. ) ;
#1469 = EDGE_CURVE ( 'NONE', #933, #953, #612, .T. ) ;
#1470 = EDGE_CURVE ( 'NONE', #970, #971, #618, .T. ) ;
#1471 = EDGE_CURVE ( 'NONE', #885, #899, #606, .T. ) ;
#1472 = EDGE_CURVE ( 'NONE', #894, #897, #610, .T. ) ;
#1473 = EDGE_CURVE ( 'NONE', #951, #950, #619, .T. ) ;
#1474 = EDGE_CURVE ( 'NONE', #942, #963, #643, .T. ) ;
#1475 = EDGE_CURVE ( 'NONE', #895, #882, #637, .T. ) ;
#1476 = EDGE_CURVE ( 'NONE', #895, #950, #626, .T. ) ;
#1477 = EDGE_CURVE ( 'NONE', #921, #944, #642, .T. ) ;
#1478 = EDGE_CURVE ( 'NONE', #950, #951, #630, .T. ) ;
#1479 = EDGE_CURVE ( 'NONE', #909, #915, #639, .T. ) ;
#1480 = EDGE_CURVE ( 'NONE', #896, #892, #638, .T. ) ;
#1481 = EDGE_CURVE ( 'NONE', #901, #881, #636, .T. ) ;
#1482 = EDGE_CURVE ( 'NONE', #932, #964, #640, .T. ) ;
#1483 = AXIS2_PLACEMENT_3D ( 'NONE', #37, #40, #116 ) ;
#1484 = AXIS2_PLACEMENT_3D ( 'NONE', #864, #845, #846 ) ;
#1485 = AXIS2_PLACEMENT_3D ( 'NONE', #62, #66, #44 ) ;
#1486 = AXIS2_PLACEMENT_3D ( 'NONE', #16, #13, #30 ) ;
#1487 = AXIS2_PLACEMENT_3D ( 'NONE', #21, #24, #34 ) ;
#1488 = AXIS2_PLACEMENT_3D ( 'NONE', #49, #68, #46 ) ;
#1489 = AXIS2_PLACEMENT_3D ( 'NONE', #38, #77, #85 ) ;
#1490 = AXIS2_PLACEMENT_3D ( 'NONE', #20, #17, #25 ) ;
#1491 = AXIS2_PLACEMENT_3D ( 'NONE', #213, #222, #211 ) ;
#1492 = AXIS2_PLACEMENT_3D ( 'NONE', #200, #196, #194 ) ;
#1493 = AXIS2_PLACEMENT_3D ( 'NONE', #23, #26, #33 ) ;
#1494 = AXIS2_PLACEMENT_3D ( 'NONE', #189, #190, #193 ) ;
#1495 = AXIS2_PLACEMENT_3D ( 'NONE', #849, #867, #863 ) ;
#1496 = AXIS2_PLACEMENT_3D ( 'NONE', #19, #22, #32 ) ;
#1497 = AXIS2_PLACEMENT_3D ( 'NONE', #8, #10, #14 ) ;
#1498 = AXIS2_PLACEMENT_3D ( 'NONE', #73, #74, #75 ) ;
#1499 = AXIS2_PLACEMENT_3D ( 'NONE', #227, #229, #230 ) ;
#1500 = AXIS2_PLACEMENT_3D ( 'NONE', #81, #79, #48 ) ;
#1501 = AXIS2_PLACEMENT_3D ( 'NONE', #112, #114, #104 ) ;
#1502 = AXIS2_PLACEMENT_3D ( 'NONE', #130, #129, #100 ) ;
#1503 = AXIS2_PLACEMENT_3D ( 'NONE', #184, #185, #186 ) ;
#1504 = AXIS2_PLACEMENT_3D ( 'NONE', #857, #844, #855 ) ;
#1505 = AXIS2_PLACEMENT_3D ( 'NONE', #875, #876, #836 ) ;
#1506 = AXIS2_PLACEMENT_3D ( 'NONE', #9, #27, #31 ) ;
#1507 = AXIS2_PLACEMENT_3D ( 'NONE', #59, #78, #63 ) ;
#1508 = AXIS2_PLACEMENT_3D ( 'NONE', #80, #55, #41 ) ;
#1509 = AXIS2_PLACEMENT_3D ( 'NONE', #65, #70, #57 ) ;
#1510 = AXIS2_PLACEMENT_3D ( 'NONE', #95, #125, #127 ) ;
#1511 = AXIS2_PLACEMENT_3D ( 'NONE', #87, #117, #107 ) ;
#1512 = AXIS2_PLACEMENT_3D ( 'NONE', #29, #18, #28 ) ;
#1513 = AXIS2_PLACEMENT_3D ( 'NONE', #64, #50, #56 ) ;
#1514 = AXIS2_PLACEMENT_3D ( 'NONE', #121, #101, #120 ) ;
#1515 = AXIS2_PLACEMENT_3D ( 'NONE', #192, #195, #219 ) ;
#1516 = AXIS2_PLACEMENT_3D ( 'NONE', #3, #4, #5 ) ;
#1517 = AXIS2_PLACEMENT_3D ( 'NONE', #45, #71, #84 ) ;
#1518 = AXIS2_PLACEMENT_3D ( 'NONE', #197, #202, #199 ) ;
#1519 = AXIS2_PLACEMENT_3D ( 'NONE', #58, #42, #60 ) ;
#1520 = AXIS2_PLACEMENT_3D ( 'NONE', #7, #1, #2 ) ;
#1521 = AXIS2_PLACEMENT_3D ( 'NONE', #36, #61, #51 ) ;
#1522 = AXIS2_PLACEMENT_3D ( 'NONE', #132, #99, #134 ) ;
#1523 = AXIS2_PLACEMENT_3D ( 'NONE', #133, #86, #131 ) ;
#1524 = AXIS2_PLACEMENT_3D ( 'NONE', #871, #847, #858 ) ;
#1525 = AXIS2_PLACEMENT_3D ( 'NONE', #128, #102, #103 ) ;
#1526 = AXIS2_PLACEMENT_3D ( 'NONE', #88, #124, #94 ) ;
#1527 = AXIS2_PLACEMENT_3D ( 'NONE', #209, #215, #216 ) ;
#1528 = AXIS2_PLACEMENT_3D ( 'NONE', #43, #53, #67 ) ;
#1529 = AXIS2_PLACEMENT_3D ( 'NONE', #163, #154, #159 ) ;
#1530 = AXIS2_PLACEMENT_3D ( 'NONE', #1914, #1915, #1926 ) ;
#1531 = AXIS2_PLACEMENT_3D ( 'NONE', #165, #166, #139 ) ;
#1532 = AXIS2_PLACEMENT_3D ( 'NONE', #998, #1027, #995 ) ;
#1533 = AXIS2_PLACEMENT_3D ( 'NONE', #1065, #1049, #1066 ) ;
#1534 = AXIS2_PLACEMENT_3D ( 'NONE', #1039, #1035, #1051 ) ;
#1535 = AXIS2_PLACEMENT_3D ( 'NONE', #1037, #1038, #1071 ) ;
#1536 = AXIS2_PLACEMENT_3D ( 'NONE', #1974, #1988, #1987 ) ;
#1537 = AXIS2_PLACEMENT_3D ( 'NONE', #1925, #1939, #1911 ) ;
#1538 = AXIS2_PLACEMENT_3D ( 'NONE', #1033, #1034, #1047 ) ;
#1539 = AXIS2_PLACEMENT_3D ( 'NONE', #1014, #1015, #1024 ) ;
#1540 = AXIS2_PLACEMENT_3D ( 'NONE', #1048, #1110, #1082 ) ;
#1541 = AXIS2_PLACEMENT_3D ( 'NONE', #161, #146, #141 ) ;
#1542 = AXIS2_PLACEMENT_3D ( 'NONE', #1968, #1971, #1972 ) ;
#1543 = AXIS2_PLACEMENT_3D ( 'NONE', #178, #179, #180 ) ;
#1544 = AXIS2_PLACEMENT_3D ( 'NONE', #115, #90, #91 ) ;
#1545 = AXIS2_PLACEMENT_3D ( 'NONE', #140, #168, #143 ) ;
#1546 = AXIS2_PLACEMENT_3D ( 'NONE', #142, #151, #160 ) ;
#1547 = AXIS2_PLACEMENT_3D ( 'NONE', #174, #232, #150 ) ;
#1548 = AXIS2_PLACEMENT_3D ( 'NONE', #137, #138, #136 ) ;
#1549 = AXIS2_PLACEMENT_3D ( 'NONE', #1967, #1966, #1982 ) ;
#1550 = AXIS2_PLACEMENT_3D ( 'NONE', #1997, #1991, #1992 ) ;
#1551 = AXIS2_PLACEMENT_3D ( 'NONE', #172, #173, #176 ) ;
#1552 = AXIS2_PLACEMENT_3D ( 'NONE', #1933, #1934, #1918 ) ;
#1553 = AXIS2_PLACEMENT_3D ( 'NONE', #167, #156, #169 ) ;
#1554 = AXIS2_PLACEMENT_3D ( 'NONE', #1917, #1920, #1912 ) ;
#1555 = AXIS2_PLACEMENT_3D ( 'NONE', #1927, #1908, #1921 ) ;
#1556 = AXIS2_PLACEMENT_3D ( 'NONE', #1022, #999, #1028 ) ;
#1557 = AXIS2_PLACEMENT_3D ( 'NONE', #996, #1025, #1026 ) ;
#1558 = AXIS2_PLACEMENT_3D ( 'NONE', #170, #152, #153 ) ;
#1559 = AXIS2_PLACEMENT_3D ( 'NONE', #1016, #1029, #1006 ) ;
#1560 = AXIS2_PLACEMENT_3D ( 'NONE', #1017, #997, #1008 ) ;
#1561 = AXIS2_PLACEMENT_3D ( 'NONE', #171, #157, #158 ) ;
#1562 = AXIS2_PLACEMENT_3D ( 'NONE', #155, #144, #145 ) ;
#1563 = AXIS2_PLACEMENT_3D ( 'NONE', #177, #182, #183 ) ;
#1564 = AXIS2_PLACEMENT_3D ( 'NONE', #109, #111, #119 ) ;
#1565 = AXIS2_PLACEMENT_3D ( 'NONE', #1009, #1004, #1011 ) ;
#1566 = AXIS2_PLACEMENT_3D ( 'NONE', #1980, #1989, #1996 ) ;
#1567 = AXIS2_PLACEMENT_3D ( 'NONE', #108, #96, #118 ) ;
#1568 = AXIS2_PLACEMENT_3D ( 'NONE', #149, #148, #147 ) ;
#1569 = AXIS2_PLACEMENT_3D ( 'NONE', #1995, #1936, #1940 ) ;
#1570 = AXIS2_PLACEMENT_3D ( 'NONE', #1019, #1005, #1020 ) ;
#1571 = AXIS2_PLACEMENT_3D ( 'NONE', #1970, #1969, #1978 ) ;
#1572 = AXIS2_PLACEMENT_3D ( 'NONE', #1930, #1922, #1919 ) ;
#1573 = AXIS2_PLACEMENT_3D ( 'NONE', #1061, #1064, #1036 ) ;
#1574 = AXIS2_PLACEMENT_3D ( 'NONE', #1979, #1985, #1986 ) ;
#1575 = AXIS2_PLACEMENT_3D ( 'NONE', #231, #204, #6 ) ;
#1576 = AXIS2_PLACEMENT_3D ( 'NONE', #1002, #1010, #1013 ) ;
#1577 = AXIS2_PLACEMENT_3D ( 'NONE', #92, #89, #93 ) ;
#1578 = AXIS2_PLACEMENT_3D ( 'NONE', #76, #98, #123 ) ;
#1579 = AXIS2_PLACEMENT_3D ( 'NONE', #1977, #1975, #1983 ) ;
#1580 = CC_DESIGN_DATE_AND_TIME_ASSIGNMENT ( #1382, #1306, ( #1625 ) ) ;
#1581 = CC_DESIGN_PERSON_AND_ORGANIZATION_ASSIGNMENT ( #1394, #1312, ( #1617 ) ) ;
#1582 = AXIS2_PLACEMENT_3D ( 'NONE', #1315, #1285, #1286 ) ;
#1583 = CC_DESIGN_DATE_AND_TIME_ASSIGNMENT ( #1393, #1313, ( #1617 ) ) ;
#1584 = PRODUCT_RELATED_PRODUCT_CATEGORY ( 'detail', '', ( #1416 ) ) ;
#1585 = AXIS2_PLACEMENT_3D ( 'NONE', #1219, #1220, #1243 ) ;
#1586 = AXIS2_PLACEMENT_3D ( 'NONE', #1140, #1113, #1129 ) ;
#1587 = AXIS2_PLACEMENT_3D ( 'NONE', #1148, #1125, #1147 ) ;
#1588 = AXIS2_PLACEMENT_3D ( 'NONE', #1108, #1078, #1074 ) ;
#1589 = AXIS2_PLACEMENT_3D ( 'NONE', #1198, #1200, #1201 ) ;
#1590 = PRODUCT_DEFINITION_FORMATION_WITH_SPECIFIED_SOURCE ( 'ANY', '', #1416, .NOT_KNOWN. ) ;
#1591 = CC_DESIGN_PERSON_AND_ORGANIZATION_ASSIGNMENT ( #1402, #1308, ( #1590 ) ) ;
#1592 = CC_DESIGN_PERSON_AND_ORGANIZATION_ASSIGNMENT ( #1401, #1310, ( #1590 ) ) ;
#1593 =( GEOMETRIC_REPRESENTATION_CONTEXT ( 3 ) GLOBAL_UNCERTAINTY_ASSIGNED_CONTEXT ( ( #278 ) ) GLOBAL_UNIT_ASSIGNED_CONTEXT ( ( #1273, #1281, #1300 ) ) REPRESENTATION_CONTEXT ( 'NONE', 'WORKASPACE' ) );
#1594 = AXIS2_PLACEMENT_3D ( 'NONE', #1298, #1302, #1274 ) ;
#1595 = CC_DESIGN_PERSON_AND_ORGANIZATION_ASSIGNMENT ( #1405, #1279, ( #1416 ) ) ;
#1596 = AXIS2_PLACEMENT_3D ( 'NONE', #1244, #1234, #1245 ) ;
#1597 = AXIS2_PLACEMENT_3D ( 'NONE', #1249, #1236, #1268 ) ;
#1598 = AXIS2_PLACEMENT_3D ( 'NONE', #1088, #1107, #1093 ) ;
#1599 = AXIS2_PLACEMENT_3D ( 'NONE', #1187, #1185, #1165 ) ;
#1600 = AXIS2_PLACEMENT_3D ( 'NONE', #1164, #1153, #1190 ) ;
#1601 = AXIS2_PLACEMENT_3D ( 'NONE', #1206, #1223, #1224 ) ;
#1602 = AXIS2_PLACEMENT_3D ( 'NONE', #1227, #1199, #1225 ) ;
#1603 = AXIS2_PLACEMENT_3D ( 'NONE', #1269, #1238, #1267 ) ;
#1604 = AXIS2_PLACEMENT_3D ( 'NONE', #1085, #1084, #1095 ) ;
#1605 = AXIS2_PLACEMENT_3D ( 'NONE', #1264, #1251, #1271 ) ;
#1606 = AXIS2_PLACEMENT_3D ( 'NONE', #1301, #1318, #1293 ) ;
#1607 = APPROVAL ( #1288, 'UNSPECIFIED' ) ;
#1608 = APPROVAL ( #1311, 'UNSPECIFIED' ) ;
#1609 = AXIS2_PLACEMENT_3D ( 'NONE', #1123, #1127, #1135 ) ;
#1610 = CC_DESIGN_APPROVAL ( #1608, ( #1590 ) ) ;
#1611 = CC_DESIGN_PERSON_AND_ORGANIZATION_ASSIGNMENT ( #1386, #1297, ( #1625 ) ) ;
#1612 = APPROVAL ( #1319, 'UNSPECIFIED' ) ;
#1613 = CC_DESIGN_APPROVAL ( #1612, ( #1617 ) ) ;
#1614 = CC_DESIGN_SECURITY_CLASSIFICATION ( #1617, ( #1590 ) ) ;
#1615 = AXIS2_PLACEMENT_3D ( 'NONE', #1210, #1214, #1218 ) ;
#1616 = AXIS2_PLACEMENT_3D ( 'NONE', #1132, #1122, #1133 ) ;
#1617 = SECURITY_CLASSIFICATION ( '', '', #1282 ) ;
#1618 = AXIS2_PLACEMENT_3D ( 'NONE', #1134, #1136, #1137 ) ;
#1619 = AXIS2_PLACEMENT_3D ( 'NONE', #1102, #1096, #1087 ) ;
#1620 = AXIS2_PLACEMENT_3D ( 'NONE', #1098, #1072, #1079 ) ;
#1621 = AXIS2_PLACEMENT_3D ( 'NONE', #1150, #1124, #1111 ) ;
#1622 = AXIS2_PLACEMENT_3D ( 'NONE', #1139, #1141, #1146 ) ;
#1623 = AXIS2_PLACEMENT_3D ( 'NONE', #1317, #1275, #1284 ) ;
#1624 = AXIS2_PLACEMENT_3D ( 'NONE', #1278, #1305, #1294 ) ;
#1625 = PRODUCT_DEFINITION ( 'UNKNOWN', '', #1590, #236 ) ;
#1626 = CC_DESIGN_APPROVAL ( #1607, ( #1625 ) ) ;
#1627 = AXIS2_PLACEMENT_3D ( 'NONE', #1144, #1145, #1119 ) ;
#1628 = EDGE_CURVE ( 'NONE', #977, #934, #631, .T. ) ;
#1629 = EDGE_CURVE ( 'NONE', #960, #964, #633, .T. ) ;
#1630 = EDGE_CURVE ( 'NONE', #976, #925, #635, .T. ) ;
#1631 = EDGE_CURVE ( 'NONE', #981, #910, #658, .T. ) ;
#1632 = EDGE_CURVE ( 'NONE', #984, #949, #663, .T. ) ;
#1633 = EDGE_CURVE ( 'NONE', #945, #937, #648, .T. ) ;
#1634 = EDGE_CURVE ( 'NONE', #930, #948, #649, .T. ) ;
#1635 = EDGE_CURVE ( 'NONE', #941, #948, #657, .T. ) ;
#1636 = EDGE_CURVE ( 'NONE', #957, #983, #652, .T. ) ;
#1637 = EDGE_CURVE ( 'NONE', #983, #980, #650, .T. ) ;
#1638 = EDGE_CURVE ( 'NONE', #935, #955, #676, .T. ) ;
#1639 = EDGE_CURVE ( 'NONE', #963, #928, #661, .T. ) ;
#1640 = EDGE_CURVE ( 'NONE', #976, #985, #651, .T. ) ;
#1641 = EDGE_CURVE ( 'NONE', #934, #935, #655, .T. ) ;
#1642 = EDGE_CURVE ( 'NONE', #939, #889, #668, .T. ) ;
#1643 = EDGE_CURVE ( 'NONE', #942, #941, #664, .T. ) ;
#1644 = EDGE_CURVE ( 'NONE', #936, #930, #662, .T. ) ;
#1645 = EDGE_CURVE ( 'NONE', #983, #941, #659, .T. ) ;
#1646 = EDGE_CURVE ( 'NONE', #946, #911, #674, .T. ) ;
#1647 = EDGE_CURVE ( 'NONE', #949, #906, #588, .T. ) ;
#1648 = EDGE_CURVE ( 'NONE', #958, #947, #611, .T. ) ;
#1649 = EDGE_CURVE ( 'NONE', #976, #968, #666, .T. ) ;
#1650 = EDGE_CURVE ( 'NONE', #940, #984, #622, .T. ) ;
#1651 = EDGE_CURVE ( 'NONE', #925, #972, #1769, .T. ) ;
#1652 = EDGE_CURVE ( 'NONE', #960, #924, #1792, .T. ) ;
#1653 = EDGE_CURVE ( 'NONE', #968, #949, #1699, .T. ) ;
#1654 = EDGE_CURVE ( 'NONE', #911, #979, #703, .T. ) ;
#1655 = EDGE_CURVE ( 'NONE', #922, #907, #274, .T. ) ;
#1656 = EDGE_CURVE ( 'NONE', #955, #977, #1322, .T. ) ;
#1657 = EDGE_CURVE ( 'NONE', #958, #957, #1354, .T. ) ;
#1658 = EDGE_CURVE ( 'NONE', #928, #973, #1366, .T. ) ;
#1659 = EDGE_CURVE ( 'NONE', #973, #982, #1373, .T. ) ;
#1660 = EDGE_CURVE ( 'NONE', #958, #960, #1363, .T. ) ;
#1661 = EDGE_CURVE ( 'NONE', #982, #968, #1344, .T. ) ;
#1662 = EDGE_CURVE ( 'NONE', #972, #960, #1377, .T. ) ;
#1663 = EDGE_CURVE ( 'NONE', #938, #911, #1372, .T. ) ;
#1664 = EDGE_CURVE ( 'NONE', #924, #925, #1321, .T. ) ;
#1665 = EDGE_CURVE ( 'NONE', #881, #901, #1369, .T. ) ;
#1666 = EDGE_CURVE ( 'NONE', #927, #936, #1339, .T. ) ;
#1667 = EDGE_CURVE ( 'NONE', #889, #935, #1329, .T. ) ;
#1668 = EDGE_CURVE ( 'NONE', #948, #959, #1332, .T. ) ;
#1669 = EDGE_CURVE ( 'NONE', #903, #945, #1326, .T. ) ;
#1670 = EDGE_CURVE ( 'NONE', #892, #981, #1357, .T. ) ;
#1671 = EDGE_CURVE ( 'NONE', #985, #889, #1360, .T. ) ;
#1672 = EDGE_CURVE ( 'NONE', #941, #936, #1330, .T. ) ;
#1673 = EDGE_CURVE ( 'NONE', #889, #946, #1359, .T. ) ;
#1674 = EDGE_CURVE ( 'NONE', #948, #980, #1350, .T. ) ;
#1675 = EDGE_CURVE ( 'NONE', #943, #952, #1347, .T. ) ;
#1676 = EDGE_CURVE ( 'NONE', #926, #977, #1328, .T. ) ;
#1677 = EDGE_CURVE ( 'NONE', #940, #979, #1340, .T. ) ;
#1678 = EDGE_CURVE ( 'NONE', #970, #930, #1368, .T. ) ;
#1679 = EDGE_CURVE ( 'NONE', #984, #976, #1327, .T. ) ;
#1680 = EDGE_CURVE ( 'NONE', #913, #916, #1378, .T. ) ;
#1681 = EDGE_CURVE ( 'NONE', #947, #954, #1351, .T. ) ;
#1682 = EDGE_CURVE ( 'NONE', #937, #943, #1365, .T. ) ;
#1683 = EDGE_CURVE ( 'NONE', #952, #888, #1375, .T. ) ;
#1684 = EDGE_CURVE ( 'NONE', #964, #947, #1370, .T. ) ;
#1685 = EDGE_CURVE ( 'NONE', #959, #970, #1371, .T. ) ;
#1686 = EDGE_CURVE ( 'NONE', #971, #931, #1362, .T. ) ;
#1687 = EDGE_CURVE ( 'NONE', #934, #946, #1352, .T. ) ;
#1688 = EDGE_CURVE ( 'NONE', #929, #966, #1349, .T. ) ;
#1689 = EDGE_CURVE ( 'NONE', #980, #958, #1376, .T. ) ;
#1690 = LINE ( 'NONE', #859, #1702 ) ;
#1691 = VECTOR ( 'NONE', #848, 1000.000000000000000 ) ;
#1692 = CIRCLE ( 'NONE', #1484, 4.199999999999999300 ) ;
#1693 = CIRCLE ( 'NONE', #1495, 0.5000000000000004400 ) ;
#1694 = VECTOR ( 'NONE', #854, 999.9999999999998900 ) ;
#1695 = VECTOR ( 'NONE', #861, 1000.000000000000000 ) ;
#1696 = LINE ( 'NONE', #874, #1701 ) ;
#1697 = CONICAL_SURFACE ( 'NONE', #1501, 0.4999999999999865700, 0.7853981633974552700 ) ;
#1698 = LINE ( 'NONE', #865, #1711 ) ;
#1699 = LINE ( 'NONE', #1194, #1790 ) ;
#1700 = CIRCLE ( 'NONE', #1504, 4.750000000000004400 ) ;
#1701 = VECTOR ( 'NONE', #837, 1000.000000000000000 ) ;
#1702 = VECTOR ( 'NONE', #870, 1000.000000000000000 ) ;
#1703 = VECTOR ( 'NONE', #852, 999.9999999999998900 ) ;
#1704 = LINE ( 'NONE', #853, #1706 ) ;
#1705 = LINE ( 'NONE', #869, #1691 ) ;
#1706 = VECTOR ( 'NONE', #860, 1000.000000000000100 ) ;
#1707 = CIRCLE ( 'NONE', #1524, 4.750000000000004400 ) ;
#1708 = LINE ( 'NONE', #856, #1709 ) ;
#1709 = VECTOR ( 'NONE', #862, 999.9999999999998900 ) ;
#1710 = CIRCLE ( 'NONE', #1505, 1.000000000000000900 ) ;
#1711 = VECTOR ( 'NONE', #866, 1000.000000000000000 ) ;
#1712 = LINE ( 'NONE', #868, #1695 ) ;
#1713 = LINE ( 'NONE', #850, #1703 ) ;
#1714 = LINE ( 'NONE', #851, #1694 ) ;
#1715 = CIRCLE ( 'NONE', #1515, 1.000000000000000900 ) ;
#1716 = LINE ( 'NONE', #228, #1719 ) ;
#1717 = VECTOR ( 'NONE', #218, 1000.000000000000100 ) ;
#1718 = LINE ( 'NONE', #225, #1725 ) ;
#1719 = VECTOR ( 'NONE', #214, 1000.000000000000100 ) ;
#1720 = CONICAL_SURFACE ( 'NONE', #1520, 0.5000000000000143200, 0.7853981633974551600 ) ;
#1721 = LINE ( 'NONE', #207, #1730 ) ;
#1722 = FACE_OUTER_BOUND ( 'NONE', #483, .T. ) ;
#1723 = LINE ( 'NONE', #872, #1737 ) ;
#1724 = LINE ( 'NONE', #210, #1717 ) ;
#1725 = VECTOR ( 'NONE', #208, 1000.000000000000000 ) ;
#1726 = CIRCLE ( 'NONE', #1494, 0.9999999999999997800 ) ;
#1727 = LINE ( 'NONE', #223, #1749 ) ;
#1728 = CIRCLE ( 'NONE', #1491, 0.5000000000000004400 ) ;
#1729 = VECTOR ( 'NONE', #224, 1000.000000000000000 ) ;
#1730 = VECTOR ( 'NONE', #226, 1000.000000000000000 ) ;
#1731 = FACE_OUTER_BOUND ( 'NONE', #473, .T. ) ;
#1732 = VECTOR ( 'NONE', #198, 1000.000000000000000 ) ;
#1733 = FACE_OUTER_BOUND ( 'NONE', #484, .T. ) ;
#1734 = LINE ( 'NONE', #841, #1745 ) ;
#1735 = VECTOR ( 'NONE', #212, 1000.000000000000100 ) ;
#1736 = FACE_OUTER_BOUND ( 'NONE', #480, .T. ) ;
#1737 = VECTOR ( 'NONE', #838, 1000.000000000000000 ) ;
#1738 = CIRCLE ( 'NONE', #1492, 2.000000000000000000 ) ;
#1739 = FACE_OUTER_BOUND ( 'NONE', #436, .T. ) ;
#1740 = FACE_OUTER_BOUND ( 'NONE', #472, .T. ) ;
#1741 = VECTOR ( 'NONE', #201, 1000.000000000000000 ) ;
#1742 = LINE ( 'NONE', #191, #1735 ) ;
#1743 = LINE ( 'NONE', #203, #1763 ) ;
#1744 = VECTOR ( 'NONE', #206, 1000.000000000000100 ) ;
#1745 = VECTOR ( 'NONE', #843, 1000.000000000000100 ) ;
#1746 = CYLINDRICAL_SURFACE ( 'NONE', #1516, 2.000000000000001800 ) ;
#1747 = CONICAL_SURFACE ( 'NONE', #1493, 1.499999999999987600, 0.7853981633974533900 ) ;
#1748 = LINE ( 'NONE', #188, #1741 ) ;
#1749 = VECTOR ( 'NONE', #220, 1000.000000000000000 ) ;
#1750 = CIRCLE ( 'NONE', #1527, 1.000000000000000900 ) ;
#1751 = LINE ( 'NONE', #873, #1758 ) ;
#1752 = LINE ( 'NONE', #205, #1744 ) ;
#1753 = FACE_OUTER_BOUND ( 'NONE', #477, .T. ) ;
#1754 = CYLINDRICAL_SURFACE ( 'NONE', #1487, 1.000000000000000900 ) ;
#1755 = CONICAL_SURFACE ( 'NONE', #1490, 0.4999999999999865700, 0.7853981633974543900 ) ;
#1756 = CIRCLE ( 'NONE', #1503, 1.000000000000000900 ) ;
#1757 = CONICAL_SURFACE ( 'NONE', #1486, 1.000000000000000000, 0.7853981633974552700 ) ;
#1758 = VECTOR ( 'NONE', #840, 1000.000000000000000 ) ;
#1759 = CONICAL_SURFACE ( 'NONE', #1499, 4.199999999999997500, 0.7853981633974533900 ) ;
#1760 = FACE_OUTER_BOUND ( 'NONE', #505, .T. ) ;
#1761 = FACE_OUTER_BOUND ( 'NONE', #503, .T. ) ;
#1762 = FACE_OUTER_BOUND ( 'NONE', #305, .T. ) ;
#1763 = VECTOR ( 'NONE', #217, 1000.000000000000000 ) ;
#1764 = FACE_OUTER_BOUND ( 'NONE', #506, .T. ) ;
#1765 = CIRCLE ( 'NONE', #1518, 4.199999999999997500 ) ;
#1766 = CYLINDRICAL_SURFACE ( 'NONE', #1512, 0.5000000000000022200 ) ;
#1767 = LINE ( 'NONE', #221, #1729 ) ;
#1768 = LINE ( 'NONE', #187, #1732 ) ;
#1769 = LINE ( 'NONE', #1228, #1796 ) ;
#1770 = FACE_BOUND ( 'NONE', #490, .T. ) ;
#1771 = FACE_OUTER_BOUND ( 'NONE', #491, .T. ) ;
#1772 = FACE_OUTER_BOUND ( 'NONE', #493, .T. ) ;
#1773 = CONICAL_SURFACE ( 'NONE', #1488, 0.5000000000000143200, 0.7853981633974551600 ) ;
#1774 = FACE_OUTER_BOUND ( 'NONE', #489, .T. ) ;
#1775 = FACE_OUTER_BOUND ( 'NONE', #474, .T. ) ;
#1776 = FACE_OUTER_BOUND ( 'NONE', #492, .T. ) ;
#1777 = CONICAL_SURFACE ( 'NONE', #1528, 1.499999999999987600, 0.7853981633974533900 ) ;
#1778 = FACE_OUTER_BOUND ( 'NONE', #476, .T. ) ;
#1779 = FACE_OUTER_BOUND ( 'NONE', #481, .T. ) ;
#1780 = FACE_OUTER_BOUND ( 'NONE', #488, .T. ) ;
#1781 = CONICAL_SURFACE ( 'NONE', #1485, 0.4999999999999831200, 0.7853981633974573800 ) ;
#1782 = FACE_OUTER_BOUND ( 'NONE', #469, .T. ) ;
#1783 = FACE_OUTER_BOUND ( 'NONE', #444, .T. ) ;
#1784 = FACE_OUTER_BOUND ( 'NONE', #498, .T. ) ;
#1785 = FACE_OUTER_BOUND ( 'NONE', #504, .T. ) ;
#1786 = FACE_OUTER_BOUND ( 'NONE', #450, .T. ) ;
#1787 = FACE_OUTER_BOUND ( 'NONE', #495, .T. ) ;
#1788 = VECTOR ( 'NONE', #1226, 1000.000000000000000 ) ;
#1789 = FACE_OUTER_BOUND ( 'NONE', #500, .T. ) ;
#1790 = VECTOR ( 'NONE', #1208, 1000.000000000000000 ) ;
#1791 = FACE_OUTER_BOUND ( 'NONE', #448, .T. ) ;
#1792 = LINE ( 'NONE', #1221, #584 ) ;
#1793 = FACE_OUTER_BOUND ( 'NONE', #478, .T. ) ;
#1794 = FACE_OUTER_BOUND ( 'NONE', #496, .T. ) ;
#1795 = CYLINDRICAL_SURFACE ( 'NONE', #1513, 0.9999999999999997800 ) ;
#1796 = VECTOR ( 'NONE', #1212, 1000.000000000000000 ) ;
#1797 = CONICAL_SURFACE ( 'NONE', #1508, 1.499999999999985800, 0.7853981633974549400 ) ;
#1798 = CYLINDRICAL_SURFACE ( 'NONE', #1507, 4.750000000000000900 ) ;
#1799 = FACE_OUTER_BOUND ( 'NONE', #486, .T. ) ;
#1800 = CONICAL_SURFACE ( 'NONE', #1489, 0.4999999999999865700, 0.7853981633974552700 ) ;
#1801 = FACE_OUTER_BOUND ( 'NONE', #475, .T. ) ;
#1802 = FACE_OUTER_BOUND ( 'NONE', #485, .T. ) ;
#1803 = LINE ( 'NONE', #1043, #1804 ) ;
#1804 = VECTOR ( 'NONE', #1062, 1000.000000000000000 ) ;
#1805 = FACE_OUTER_BOUND ( 'NONE', #318, .T. ) ;
#1806 = FACE_OUTER_BOUND ( 'NONE', #499, .T. ) ;
#1807 = FACE_OUTER_BOUND ( 'NONE', #439, .T. ) ;
#1808 = FACE_OUTER_BOUND ( 'NONE', #487, .T. ) ;
#1809 = CYLINDRICAL_SURFACE ( 'NONE', #1546, 4.750000000000004400 ) ;
#1810 = FACE_OUTER_BOUND ( 'NONE', #494, .T. ) ;
#1811 = CYLINDRICAL_SURFACE ( 'NONE', #1553, 2.599999999999985900 ) ;
#1812 = CYLINDRICAL_SURFACE ( 'NONE', #1577, 2.000000000000000000 ) ;
#1813 = FACE_OUTER_BOUND ( 'NONE', #431, .T. ) ;
#1814 = FACE_BOUND ( 'NONE', #447, .T. ) ;
#1815 = CONICAL_SURFACE ( 'NONE', #1502, 4.199999999999999300, 0.7853981633974543900 ) ;
#1816 = FACE_BOUND ( 'NONE', #458, .T. ) ;
#1817 = FACE_OUTER_BOUND ( 'NONE', #470, .T. ) ;
#1818 = FACE_OUTER_BOUND ( 'NONE', #502, .T. ) ;
#1819 = CYLINDRICAL_SURFACE ( 'NONE', #1558, 4.199999999999999300 ) ;
#1820 = CYLINDRICAL_SURFACE ( 'NONE', #1545, 4.750000000000000900 ) ;
#1821 = FACE_OUTER_BOUND ( 'NONE', #479, .T. ) ;
#1822 = FACE_OUTER_BOUND ( 'NONE', #437, .T. ) ;
#1823 = FACE_OUTER_BOUND ( 'NONE', #309, .T. ) ;
#1824 = FACE_OUTER_BOUND ( 'NONE', #443, .T. ) ;
#1825 = FACE_OUTER_BOUND ( 'NONE', #433, .T. ) ;
#1826 = FACE_OUTER_BOUND ( 'NONE', #462, .T. ) ;
#1827 = CONICAL_SURFACE ( 'NONE', #1541, 0.4999999999999865700, 0.7853981633974543900 ) ;
#1828 = FACE_OUTER_BOUND ( 'NONE', #322, .T. ) ;
#1829 = CYLINDRICAL_SURFACE ( 'NONE', #1531, 4.750000000000004400 ) ;
#1830 = CYLINDRICAL_SURFACE ( 'NONE', #1562, 2.599999999999985900 ) ;
#1831 = FACE_OUTER_BOUND ( 'NONE', #456, .T. ) ;
#1832 = FACE_OUTER_BOUND ( 'NONE', #312, .T. ) ;
#1833 = CYLINDRICAL_SURFACE ( 'NONE', #1561, 1.000000000000000900 ) ;
#1834 = CONICAL_SURFACE ( 'NONE', #1568, 1.499999999999985800, 0.7853981633974549400 ) ;
#1835 = FACE_OUTER_BOUND ( 'NONE', #451, .T. ) ;
#1836 = CYLINDRICAL_SURFACE ( 'NONE', #1567, 4.199999999999997500 ) ;
#1837 = FACE_OUTER_BOUND ( 'NONE', #315, .T. ) ;
#1838 = FACE_OUTER_BOUND ( 'NONE', #497, .T. ) ;
#1839 = CIRCLE ( 'NONE', #1565, 0.5000000000000004400 ) ;
#1840 = CIRCLE ( 'NONE', #1539, 0.4999999999999856800 ) ;
#1841 = FACE_OUTER_BOUND ( 'NONE', #446, .T. ) ;
#1842 = CYLINDRICAL_SURFACE ( 'NONE', #1572, 1.000000000000000900 ) ;
#1843 = LINE ( 'NONE', #1055, #583 ) ;
#1844 = VECTOR ( 'NONE', #1021, 1000.000000000000000 ) ;
#1845 = CYLINDRICAL_SURFACE ( 'NONE', #1536, 2.599999999999987700 ) ;
#1846 = LINE ( 'NONE', #235, #1899 ) ;
#1847 = VECTOR ( 'NONE', #272, 1000.000000000000000 ) ;
#1848 = LINE ( 'NONE', #1030, #1892 ) ;
#1849 = VECTOR ( 'NONE', #1003, 1000.000000000000000 ) ;
#1850 = LINE ( 'NONE', #1045, #1851 ) ;
#1851 = VECTOR ( 'NONE', #1040, 1000.000000000000000 ) ;
#1852 = FACE_OUTER_BOUND ( 'NONE', #442, .T. ) ;
#1853 = FACE_OUTER_BOUND ( 'NONE', #460, .T. ) ;
#1854 = CONICAL_SURFACE ( 'NONE', #1563, 0.4999999999999831200, 0.7853981633974573800 ) ;
#1855 = FACE_OUTER_BOUND ( 'NONE', #445, .T. ) ;
#1856 = FACE_OUTER_BOUND ( 'NONE', #463, .T. ) ;
#1857 = VECTOR ( 'NONE', #1000, 1000.000000000000000 ) ;
#1858 = CIRCLE ( 'NONE', #1532, 1.499999999999987600 ) ;
#1859 = FACE_OUTER_BOUND ( 'NONE', #501, .T. ) ;
#1860 = FACE_OUTER_BOUND ( 'NONE', #457, .T. ) ;
#1861 = FACE_OUTER_BOUND ( 'NONE', #441, .T. ) ;
#1862 = FACE_BOUND ( 'NONE', #467, .T. ) ;
#1863 = CONICAL_SURFACE ( 'NONE', #1551, 0.4999999999999856800, 0.7853981633974552700 ) ;
#1864 = FACE_OUTER_BOUND ( 'NONE', #454, .T. ) ;
#1865 = FACE_OUTER_BOUND ( 'NONE', #296, .T. ) ;
#1866 = CONICAL_SURFACE ( 'NONE', #1549, 0.4999999999999831200, 0.7853981633974573800 ) ;
#1867 = FACE_OUTER_BOUND ( 'NONE', #452, .T. ) ;
#1868 = FACE_OUTER_BOUND ( 'NONE', #468, .T. ) ;
#1869 = FACE_OUTER_BOUND ( 'NONE', #471, .T. ) ;
#1870 = CIRCLE ( 'NONE', #1557, 1.000000000000000900 ) ;
#1871 = FACE_OUTER_BOUND ( 'NONE', #438, .T. ) ;
#1872 = CIRCLE ( 'NONE', #1559, 1.499999999999987600 ) ;
#1873 = CYLINDRICAL_SURFACE ( 'NONE', #1547, 4.199999999999997500 ) ;
#1874 = FACE_OUTER_BOUND ( 'NONE', #434, .T. ) ;
#1875 = LINE ( 'NONE', #1007, #1844 ) ;
#1876 = FACE_OUTER_BOUND ( 'NONE', #482, .T. ) ;
#1877 = FACE_BOUND ( 'NONE', #449, .T. ) ;
#1878 = CYLINDRICAL_SURFACE ( 'NONE', #1542, 1.000000000000000000 ) ;
#1879 = LINE ( 'NONE', #1001, #1896 ) ;
#1880 = CIRCLE ( 'NONE', #1570, 4.199999999999997500 ) ;
#1881 = CYLINDRICAL_SURFACE ( 'NONE', #1579, 2.599999999999987700 ) ;
#1882 = FACE_OUTER_BOUND ( 'NONE', #464, .T. ) ;
#1883 = LINE ( 'NONE', #1012, #1857 ) ;
#1884 = CIRCLE ( 'NONE', #1533, 4.700000000000008200 ) ;
#1885 = LINE ( 'NONE', #993, #1889 ) ;
#1886 = CONICAL_SURFACE ( 'NONE', #1530, 4.199999999999997500, 0.7853981633974533900 ) ;
#1887 = CYLINDRICAL_SURFACE ( 'NONE', #1554, 0.5000000000000004400 ) ;
#1888 = CIRCLE ( 'NONE', #1556, 1.000000000000000900 ) ;
#1889 = VECTOR ( 'NONE', #994, 1000.000000000000000 ) ;
#1890 = CIRCLE ( 'NONE', #1560, 1.000000000000000900 ) ;
#1891 = CIRCLE ( 'NONE', #1576, 4.199999999999999300 ) ;
#1892 = VECTOR ( 'NONE', #1031, 999.9999999999998900 ) ;
#1893 = LINE ( 'NONE', #1023, #1849 ) ;
#1894 = CYLINDRICAL_SURFACE ( 'NONE', #1550, 0.5000000000000004400 ) ;
#1895 = FACE_BOUND ( 'NONE', #459, .T. ) ;
#1896 = VECTOR ( 'NONE', #1018, 1000.000000000000000 ) ;
#1897 = FACE_OUTER_BOUND ( 'NONE', #308, .T. ) ;
#1898 = LINE ( 'NONE', #271, #1847 ) ;
#1899 = VECTOR ( 'NONE', #1907, 1000.000000000000000 ) ;
#1900 = CIRCLE ( 'NONE', #1573, 2.599999999999984100 ) ;
#1901 = LINE ( 'NONE', #1054, #1903 ) ;
#1902 = LINE ( 'NONE', #1050, #1905 ) ;
#1903 = VECTOR ( 'NONE', #1044, 1000.000000000000100 ) ;
#1904 = VECTOR ( 'NONE', #1063, 1000.000000000000000 ) ;
#1905 = VECTOR ( 'NONE', #1052, 1000.000000000000000 ) ;
#1906 = LINE ( 'NONE', #1070, #1904 ) ;
#1907 = DIRECTION ( 'NONE',  ( 0.7071067811865479100, -0.7071067811865471300, 0.0000000000000000000 ) ) ;
#1908 = DIRECTION ( 'NONE',  ( 0.4999999999999984500, -0.4999999999999982800, -0.7071067811865499000 ) ) ;
#1909 = CARTESIAN_POINT ( 'NONE',  ( -2.499999999999989300, 32.00000000000000000, -2.599999999999987700 ) ) ;
#1910 = PLANE ( 'NONE',  #1552 ) ;
#1911 = DIRECTION ( 'NONE',  ( 1.000000000000000000, 1.192877847255286100E-016, 0.0000000000000000000 ) ) ;
#1912 = DIRECTION ( 'NONE',  ( 1.000000000000000000, 0.0000000000000000000, 0.0000000000000000000 ) ) ;
#1913 = CARTESIAN_POINT ( 'NONE',  ( -32.00000000000000000, -3.924336890032703800E-015, -2.599999999999991200 ) ) ;
#1914 = CARTESIAN_POINT ( 'NONE',  ( -10.70344397350771000, 20.97422556094779000, 19.49999999999999300 ) ) ;
#1915 = DIRECTION ( 'NONE',  ( 0.0000000000000000000, 0.0000000000000000000, 1.000000000000000000 ) ) ;
#1916 = CARTESIAN_POINT ( 'NONE',  ( -18.56980515818645800, 27.25000000000000700, 5.817072295949928400E-016 ) ) ;
#1917 = CARTESIAN_POINT ( 'NONE',  ( -23.08667927438986900, 15.23779400321917500, -5.499999999999998200 ) ) ;
#1918 = DIRECTION ( 'NONE',  ( -1.000000000000000000, -1.192877847255286100E-016, 0.0000000000000000000 ) ) ;
#1919 = DIRECTION ( 'NONE',  ( -1.000000000000000000, 0.0000000000000000000, 0.0000000000000000000 ) ) ;
#1920 = DIRECTION ( 'NONE',  ( -0.0000000000000000000, -0.0000000000000000000, 1.000000000000000000 ) ) ;
#1921 = DIRECTION ( 'NONE',  ( -0.7071067811865474600, -0.7071067811865476800, 0.0000000000000000000 ) ) ;
#1922 = DIRECTION ( 'NONE',  ( 0.0000000000000000000, 0.0000000000000000000, -1.000000000000000000 ) ) ;
#1923 = CARTESIAN_POINT ( 'NONE',  ( -22.73312588379660000, 14.88424061262590400, 19.49999999999999300 ) ) ;
#1924 = CARTESIAN_POINT ( 'NONE',  ( -22.73312588379660000, 14.88424061262590400, -5.499999999999998200 ) ) ;
#1925 = CARTESIAN_POINT ( 'NONE',  ( -1.000000000000000400, 0.5000000000000142100, 20.00000000000000000 ) ) ;
#1926 = DIRECTION ( 'NONE',  ( 1.000000000000000000, 0.0000000000000000000, 0.0000000000000000000 ) ) ;
#1927 = CARTESIAN_POINT ( 'NONE',  ( -22.55634918849995100, 22.55634918849994400, 20.00000000000000000 ) ) ;
#1928 = CARTESIAN_POINT ( 'NONE',  ( -2.499999999999987600, 36.75000000000000700, 0.0000000000000000000 ) ) ;
#1929 = CARTESIAN_POINT ( 'NONE',  ( -18.27835316232134100, 26.12723843349202800, 20.00000000000000000 ) ) ;
#1930 = CARTESIAN_POINT ( 'NONE',  ( -37.00000000000001400, 0.9999999999999954500, 20.00000000000000000 ) ) ;
#1931 = CARTESIAN_POINT ( 'NONE',  ( -37.41421356237310600, 8.405591595813344700, -19.49999999999999300 ) ) ;
#1932 = PLANE ( 'NONE',  #1555 ) ;
#1933 = CARTESIAN_POINT ( 'NONE',  ( -1.000000000000007300, -1.207220171898551200E-016, 20.00000000000000000 ) ) ;
#1934 = DIRECTION ( 'NONE',  ( -1.192877847255286100E-016, 1.000000000000000000, 0.0000000000000000000 ) ) ;
#1935 = CARTESIAN_POINT ( 'NONE',  ( -22.58667927438986900, 15.23779400321917500, 19.49999999999999300 ) ) ;
#1936 = DIRECTION ( 'NONE',  ( -0.7071067811865450200, 0.7071067811865501300, 0.0000000000000000000 ) ) ;
#1937 = CARTESIAN_POINT ( 'NONE',  ( -2.499999999999991100, 27.25000000000000000, 5.817072295949932400E-016 ) ) ;
#1938 = PLANE ( 'NONE',  #1537 ) ;
#1939 = DIRECTION ( 'NONE',  ( -8.434920149214175500E-017, 0.7071067811865425800, -0.7071067811865524600 ) ) ;
#1940 = DIRECTION ( 'NONE',  ( -0.7071067811865501300, -0.7071067811865450200, 0.0000000000000000000 ) ) ;
#1941 = CARTESIAN_POINT ( 'NONE',  ( -2.499999999999989300, 32.00000000000000000, 2.599999999999987700 ) ) ;
#1942 = CARTESIAN_POINT ( 'NONE',  ( -32.00000000000000000, -3.924336890032703800E-015, 2.599999999999991200 ) ) ;
#1943 = CARTESIAN_POINT ( 'NONE',  ( -27.18789860527184700, 18.63190655291460700, 19.49999999999999300 ) ) ;
#1944 = CARTESIAN_POINT ( 'NONE',  ( -36.75000000000000700, 2.499999999999995600, 5.817072295949923500E-016 ) ) ;
#1945 = CARTESIAN_POINT ( 'NONE',  ( -27.25000000000000400, 18.56980515818645800, 0.0000000000000000000 ) ) ;
#1946 = CARTESIAN_POINT ( 'NONE',  ( -32.00000000000000000, 2.499999999999996000, 2.599999999999985900 ) ) ;
#1947 = CARTESIAN_POINT ( 'NONE',  ( -13.67329245449120700, 23.94407404193128700, 19.49999999999999300 ) ) ;
#1948 = CARTESIAN_POINT ( 'NONE',  ( -22.58667927438986900, 15.23779400321917500, -5.499999999999998200 ) ) ;
#1949 = CARTESIAN_POINT ( 'NONE',  ( -18.63190655291462900, 25.77368504289874100, 19.49999999999999300 ) ) ;
#1950 = CARTESIAN_POINT ( 'NONE',  ( -13.67329245449120700, 23.94407404193128700, -5.499999999999998200 ) ) ;
#1951 = CARTESIAN_POINT ( 'NONE',  ( -14.02684584508449500, 24.29762743252457500, 20.00000000000000000 ) ) ;
#1952 = CARTESIAN_POINT ( 'NONE',  ( -27.25000000000000000, 2.499999999999996400, 0.0000000000000000000 ) ) ;
#1953 = CARTESIAN_POINT ( 'NONE',  ( -6.991378033440278200, 37.99999999999999300, -19.49999999999999300 ) ) ;
#1954 = CARTESIAN_POINT ( 'NONE',  ( -37.00000000000001400, 0.5000000000000097700, 20.00000000000000000 ) ) ;
#1955 = CARTESIAN_POINT ( 'NONE',  ( -32.00000000000000000, 2.499999999999996000, -2.599999999999985900 ) ) ;
#1956 = CARTESIAN_POINT ( 'NONE',  ( -18.42479977172806100, 26.48079182408529100, 20.00000000000000000 ) ) ;
#1957 = CARTESIAN_POINT ( 'NONE',  ( -6.991378033440278200, 37.99999999999999300, 19.49999999999999300 ) ) ;
#1958 = CARTESIAN_POINT ( 'NONE',  ( -6.003443973507700100, 20.97422556094779000, 20.00000000000000000 ) ) ;
#1959 = CARTESIAN_POINT ( 'NONE',  ( -9.069805158186460000, 36.75000000000000700, 0.0000000000000000000 ) ) ;
#1960 = CARTESIAN_POINT ( 'NONE',  ( -6.503443973507713400, 20.97422556094779000, -5.499999999999998200 ) ) ;
#1961 = CARTESIAN_POINT ( 'NONE',  ( -18.92479977172807900, 26.48079182408529100, 19.49999999999999300 ) ) ;
#1962 = CARTESIAN_POINT ( 'NONE',  ( -36.75000000000000700, 9.069805158186460000, 5.817072295949928400E-016 ) ) ;
#1963 = CARTESIAN_POINT ( 'NONE',  ( -37.50000000000000000, 6.991378033440249800, -20.00000000000000000 ) ) ;
#1964 = CARTESIAN_POINT ( 'NONE',  ( -37.50000000000000000, 0.9999999999999954500, 20.00000000000000000 ) ) ;
#1965 = CARTESIAN_POINT ( 'NONE',  ( -0.5000000000000406300, 36.99999999999999300, 20.00000000000000000 ) ) ;
#1966 = DIRECTION ( 'NONE',  ( 0.0000000000000000000, 0.0000000000000000000, -1.000000000000000000 ) ) ;
#1967 = CARTESIAN_POINT ( 'NONE',  ( -17.92479977172807900, 26.48079182408529100, 20.00000000000000000 ) ) ;
#1968 = CARTESIAN_POINT ( 'NONE',  ( -1.000000000000000400, 0.9999999999999997800, 20.00000000000000000 ) ) ;
#1969 = DIRECTION ( 'NONE',  ( 0.7071067811865476800, -0.7071067811865474600, 0.0000000000000000000 ) ) ;
#1970 = CARTESIAN_POINT ( 'NONE',  ( -37.40559159341745500, 8.414213564768998000, 20.00000000000000000 ) ) ;
#1971 = DIRECTION ( 'NONE',  ( -0.0000000000000000000, -0.0000000000000000000, -1.000000000000000000 ) ) ;
#1972 = DIRECTION ( 'NONE',  ( -1.000000000000000000, 0.0000000000000000000, 0.0000000000000000000 ) ) ;
#1973 = PLANE ( 'NONE',  #1574 ) ;
#1974 = CARTESIAN_POINT ( 'NONE',  ( 1.096853190767633800E-014, 32.00000000000000000, 0.0000000000000000000 ) ) ;
#1975 = DIRECTION ( 'NONE',  ( 1.000000000000000000, -0.0000000000000000000, -0.0000000000000000000 ) ) ;
#1976 = PLANE ( 'NONE',  #1566 ) ;
#1977 = CARTESIAN_POINT ( 'NONE',  ( 1.096853190767633800E-014, 32.00000000000000000, 0.0000000000000000000 ) ) ;
#1978 = DIRECTION ( 'NONE',  ( 0.7071067811865474600, 0.7071067811865476800, 0.0000000000000000000 ) ) ;
#1979 = CARTESIAN_POINT ( 'NONE',  ( -38.00000000000001400, -4.653657836759942700E-015, 20.00000000000000000 ) ) ;
#1980 = CARTESIAN_POINT ( 'NONE',  ( -0.5000000000000146500, 1.000000000000000200, 20.00000000000000000 ) ) ;
#1981 = CARTESIAN_POINT ( 'NONE',  ( -26.12723843349203900, 18.27835316232133100, 20.00000000000000000 ) ) ;
#1982 = DIRECTION ( 'NONE',  ( -1.000000000000000000, 0.0000000000000000000, 0.0000000000000000000 ) ) ;
#1983 = DIRECTION ( 'NONE',  ( 0.0000000000000000000, 0.0000000000000000000, -1.000000000000000000 ) ) ;
#1984 = CARTESIAN_POINT ( 'NONE',  ( -37.00000000000001400, -4.415082267308885800E-015, -19.49999999999999300 ) ) ;
#1985 = DIRECTION ( 'NONE',  ( 1.000000000000000000, 0.0000000000000000000, 0.0000000000000000000 ) ) ;
#1986 = DIRECTION ( 'NONE',  ( 0.0000000000000000000, 0.0000000000000000000, -1.000000000000000000 ) ) ;
#1987 = DIRECTION ( 'NONE',  ( 0.0000000000000000000, 0.0000000000000000000, -1.000000000000000000 ) ) ;
#1988 = DIRECTION ( 'NONE',  ( 1.000000000000000000, -0.0000000000000000000, -0.0000000000000000000 ) ) ;
#1989 = DIRECTION ( 'NONE',  ( -0.7071067811865425800, -5.102046446856209200E-016, -0.7071067811865524600 ) ) ;
#1990 = PLANE ( 'NONE',  #1571 ) ;
#1991 = DIRECTION ( 'NONE',  ( -0.0000000000000000000, -0.0000000000000000000, 1.000000000000000000 ) ) ;
#1992 = DIRECTION ( 'NONE',  ( 1.000000000000000000, 0.0000000000000000000, 0.0000000000000000000 ) ) ;
#1993 = PLANE ( 'NONE',  #1569 ) ;
#1994 = CARTESIAN_POINT ( 'NONE',  ( -25.77368504289875500, 18.63190655291461100, -5.499999999999998200 ) ) ;
#1995 = CARTESIAN_POINT ( 'NONE',  ( -14.88424061262591800, 22.73312588379658500, -5.499999999999998200 ) ) ;
#1996 = DIRECTION ( 'NONE',  ( -7.215383281001562000E-016, 1.000000000000000000, 0.0000000000000000000 ) ) ;
#1997 = CARTESIAN_POINT ( 'NONE',  ( -23.08667927438986900, 15.23779400321917500, -5.499999999999998200 ) ) ;
#1998 = CARTESIAN_POINT ( 'NONE',  ( -6.991378033440278200, 37.49999999999997900, -20.00000000000000000 ) ) ;
#1999 = EDGE_CURVE ( 'NONE', #990, #937, #1353, .T. ) ;
#2000 = CARTESIAN_POINT ( 'NONE',  ( -18.63190655291462900, 25.77368504289874100, -5.499999999999998200 ) ) ;
#2001 = CARTESIAN_POINT ( 'NONE',  ( -27.18789860527184700, 18.63190655291460700, -5.499999999999998200 ) ) ;
#2002 = CARTESIAN_POINT ( 'NONE',  ( -7.733595492524213600, 18.00437707996429300, 19.49999999999999300 ) ) ;
#2003 = CARTESIAN_POINT ( 'NONE',  ( -4.336808689942017700E-016, 1.000000000000007300, -19.49999999999999300 ) ) ;
#2004 = CARTESIAN_POINT ( 'NONE',  ( -4.336808689942017700E-016, 1.000000000000007300, 19.49999999999999300 ) ) ;
#2005 = CARTESIAN_POINT ( 'NONE',  ( -8.405591595813374900, 37.41421356237308500, -19.49999999999999300 ) ) ;
#2006 = CARTESIAN_POINT ( 'NONE',  ( -22.73312588379660000, 15.59134739381245000, 19.49999999999999300 ) ) ;
#2007 = CARTESIAN_POINT ( 'NONE',  ( -14.88424061262591600, 22.73312588379658200, 19.49999999999999300 ) ) ;
#2008 = CARTESIAN_POINT ( 'NONE',  ( -6.991378033440278200, 37.49999999999997900, 20.00000000000000000 ) ) ;
#2009 = CARTESIAN_POINT ( 'NONE',  ( -15.23779400321918900, 23.08667927438986200, 20.00000000000000000 ) ) ;
#2010 = CARTESIAN_POINT ( 'NONE',  ( -18.63190655291462500, 27.18789860527183300, 19.49999999999998900 ) ) ;
#2011 = CARTESIAN_POINT ( 'NONE',  ( 1.102976424763370600E-014, 32.00000000000000000, -2.599999999999991200 ) ) ;
#2012 = CARTESIAN_POINT ( 'NONE',  ( 1.102976424763370600E-014, 32.00000000000000000, 2.599999999999991200 ) ) ;
#2013 = CARTESIAN_POINT ( 'NONE',  ( -38.00000000000001400, 6.991378033440249800, -19.49999999999999300 ) ) ;
#2014 = CARTESIAN_POINT ( 'NONE',  ( -24.29762743252458900, 14.02684584508447500, 20.00000000000000000 ) ) ;
#2015 = CARTESIAN_POINT ( 'NONE',  ( -37.41421356237310600, 8.405591595813344700, 19.49999999999999300 ) ) ;
#2016 = CARTESIAN_POINT ( 'NONE',  ( -23.08667927438988700, 15.23779400321919100, 20.00000000000000000 ) ) ;
#2017 = CARTESIAN_POINT ( 'NONE',  ( -0.5000000000000147700, 1.000000000000006900, -20.00000000000000000 ) ) ;
#2018 = CARTESIAN_POINT ( 'NONE',  ( -2.631249895942860100E-014, 36.99999999999999300, 19.49999999999999300 ) ) ;
#2019 = CARTESIAN_POINT ( 'NONE',  ( -1.000000000000007300, -1.207220171898551200E-016, 19.49999999999999300 ) ) ;
#2020 = CARTESIAN_POINT ( 'NONE',  ( -38.00000000000001400, 0.9999999999999954500, -19.49999999999999300 ) ) ;
#2021 = CARTESIAN_POINT ( 'NONE',  ( -15.59134739381246800, 22.73312588379657800, -5.499999999999998200 ) ) ;
#2022 = CARTESIAN_POINT ( 'NONE',  ( -37.06066017177982300, 8.052038205220061000, -20.00000000000000000 ) ) ;
#2023 = CARTESIAN_POINT ( 'NONE',  ( -0.5000000000000406300, 36.99999999999999300, -20.00000000000000000 ) ) ;
#2024 = CARTESIAN_POINT ( 'NONE',  ( -17.65082368937101600, 7.380042101930913900, 20.00000000000000000 ) ) ;
#2025 = CARTESIAN_POINT ( 'NONE',  ( -1.000000000000007300, -1.207220171898551200E-016, -19.49999999999999300 ) ) ;
#2026 = CARTESIAN_POINT ( 'NONE',  ( -22.73312588379660000, 15.59134739381245000, -5.499999999999998200 ) ) ;
#2027 = CARTESIAN_POINT ( 'NONE',  ( -37.06066017177983000, 8.052038205220068100, 20.00000000000000000 ) ) ;
#2028 = CARTESIAN_POINT ( 'NONE',  ( -37.00000000000001400, -4.415082267308885800E-015, 19.49999999999999300 ) ) ;
#2029 = CARTESIAN_POINT ( 'NONE',  ( -1.000000000000004000, 0.5000000000000142100, -20.00000000000000000 ) ) ;
#2030 = CARTESIAN_POINT ( 'NONE',  ( -1.000000000000026200, 37.99999999999999300, -19.49999999999999300 ) ) ;
#2031 = CARTESIAN_POINT ( 'NONE',  ( -8.052038205220094700, 37.06066017177980100, -20.00000000000000000 ) ) ;
#2032 = CARTESIAN_POINT ( 'NONE',  ( -23.94407404193130200, 13.67329245449119100, -5.499999999999998200 ) ) ;
#2033 = CARTESIAN_POINT ( 'NONE',  ( -25.77368504289875500, 18.63190655291461100, 19.49999999999999300 ) ) ;
#2034 = CARTESIAN_POINT ( 'NONE',  ( -8.052038205220087600, 37.06066017177980100, 20.00000000000000000 ) ) ;
#2035 = CARTESIAN_POINT ( 'NONE',  ( -37.00000000000001400, 0.5000000000000098800, -20.00000000000000000 ) ) ;
#2036 = CARTESIAN_POINT ( 'NONE',  ( -7.380042101930929900, 17.65082368937101300, 20.00000000000000000 ) ) ;
#2037 = CARTESIAN_POINT ( 'NONE',  ( -37.50000000000000000, 0.9999999999999954500, -20.00000000000000000 ) ) ;
#2038 = CARTESIAN_POINT ( 'NONE',  ( -37.50000000000000000, 6.991378033440249800, 20.00000000000000000 ) ) ;
#2039 = CARTESIAN_POINT ( 'NONE',  ( -8.405591595813374900, 37.41421356237308500, 19.49999999999999300 ) ) ;
#2040 = CARTESIAN_POINT ( 'NONE',  ( -38.00000000000001400, 0.9999999999999954500, 19.49999999999999300 ) ) ;
#2041 = CARTESIAN_POINT ( 'NONE',  ( -38.00000000000001400, 6.991378033440249800, 19.49999999999999300 ) ) ;
#2042 = CARTESIAN_POINT ( 'NONE',  ( -0.5000000000000147700, 1.000000000000006900, 20.00000000000000000 ) ) ;
#2043 = CARTESIAN_POINT ( 'NONE',  ( -1.000000000000026200, 37.49999999999997900, -20.00000000000000000 ) ) ;
#2044 = CARTESIAN_POINT ( 'NONE',  ( -26.83434521467856700, 18.27835316232132400, 20.00000000000000000 ) ) ;
#2045 = CARTESIAN_POINT ( 'NONE',  ( -18.00437707996430000, 7.733595492524199400, -5.499999999999998200 ) ) ;
#2046 = CARTESIAN_POINT ( 'NONE',  ( -23.94407404193130200, 13.67329245449119100, 19.49999999999999300 ) ) ;
#2047 = CARTESIAN_POINT ( 'NONE',  ( -2.631249895942860100E-014, 36.99999999999999300, -19.49999999999999300 ) ) ;
#2048 = CARTESIAN_POINT ( 'NONE',  ( -1.000000000000004000, 0.5000000000000142100, 20.00000000000000000 ) ) ;
#2049 = CARTESIAN_POINT ( 'NONE',  ( -7.733595492524213600, 18.00437707996429300, -5.499999999999998200 ) ) ;
#2050 = CARTESIAN_POINT ( 'NONE',  ( -14.88424061262591600, 22.73312588379658200, -5.499999999999998200 ) ) ;
#2051 = CARTESIAN_POINT ( 'NONE',  ( -1.000000000000026200, 37.99999999999999300, 19.49999999999999300 ) ) ;
#2052 = CARTESIAN_POINT ( 'NONE',  ( -6.503443973507713400, 20.97422556094779000, 19.49999999999999300 ) ) ;
#2053 = CARTESIAN_POINT ( 'NONE',  ( -1.000000000000026200, 37.49999999999997900, 20.00000000000000000 ) ) ;
#2054 = CARTESIAN_POINT ( 'NONE',  ( -18.27835316232134500, 26.83434521467855700, 20.00000000000000000 ) ) ;
#2055 = CARTESIAN_POINT ( 'NONE',  ( -18.63190655291462500, 27.18789860527183300, -5.499999999999998200 ) ) ;
ENDSEC;
END-ISO-10303-21;
