ISO-10303-21;
HEADER;
FILE_DESCRIPTION (( 'STEP AP203' ),
    '1' );
FILE_NAME ('45-0-45.STEP',
    '2017-03-08T16:41:19',
    ( '' ),
    ( '' ),
    'SwSTEP 2.0',
    'SolidWorks 2012',
    '' );
FILE_SCHEMA (( 'CONFIG_CONTROL_DESIGN' ));
ENDSEC;

DATA;
#1 = CARTESIAN_POINT ( 'NONE',  ( 30.74872702498303300, 2.870471149187099300, 44.99999999999999300 ) ) ;
#2 = CARTESIAN_POINT ( 'NONE',  ( 30.60989679438981900, 2.731710636722303400, 44.97397265865137700 ) ) ;
#3 = CARTESIAN_POINT ( 'NONE',  ( 30.70243866176393900, 2.728304682873693700, 44.98689642570037300 ) ) ;
#4 = CARTESIAN_POINT ( 'NONE',  ( 30.79498052913822500, 2.731710636722509900, 44.97397265865139100 ) ) ;
#5 = CARTESIAN_POINT ( 'NONE',  ( 30.52438247906496800, 2.475167690748792700, 44.87378640637119500 ) ) ;
#6 = CARTESIAN_POINT ( 'NONE',  ( 30.70243866176394200, 2.450251579179980600, 44.93249883055852900 ) ) ;
#7 = CARTESIAN_POINT ( 'NONE',  ( 30.88049484446276000, 2.475167690748582700, 44.87378640637118100 ) ) ;
#8 = CARTESIAN_POINT ( 'NONE',  ( 30.48516357069452500, 2.357510965636675500, 44.79966680126046400 ) ) ;
#9 = CARTESIAN_POINT ( 'NONE',  ( 30.70243866176394600, 2.870505028510328400, 44.99990744594614300 ) ) ;
#10 = DIRECTION ( 'NONE',  ( -0.7071067811865492400, 0.7071067811865458000, 0.0000000000000000000 ) ) ;
#11 = CARTESIAN_POINT ( 'NONE',  ( 38.77005673257431100, -5.617366491630698500, 44.93249883055949600 ) ) ;
#12 = DIRECTION ( 'NONE',  ( -0.0000000000000000000, 0.0000000000000000000, 1.000000000000000000 ) ) ;
#13 = DIRECTION ( 'NONE',  ( 0.7071067811865466800, -0.7071067811865484600, 0.0000000000000000000 ) ) ;
#14 = CARTESIAN_POINT ( 'NONE',  ( -19.54289321881350000, 19.54289321881341800, 44.00000000000000000 ) ) ;
#15 = CARTESIAN_POINT ( 'NONE',  ( 38.79497284414321000, -5.795422674329408600, 44.87378640637120200 ) ) ;
#16 = DIRECTION ( 'NONE',  ( -0.7071067811865474600, -0.7071067811865476800, 0.0000000000000000000 ) ) ;
#17 = CARTESIAN_POINT ( 'NONE',  ( 30.35808732988151300, 1.976282243197871300, 44.26174795468423200 ) ) ;
#18 = CARTESIAN_POINT ( 'NONE',  ( 30.41971375283335600, 2.161161512053714900, 44.61454676111262100 ) ) ;
#19 = CARTESIAN_POINT ( 'NONE',  ( 30.98516357069443600, 2.161161512053692200, 44.61454676111267800 ) ) ;
#20 = CARTESIAN_POINT ( 'NONE',  ( 30.70243866176394200, 1.595122676472100000, 43.99999999999999300 ) ) ;
#21 = CARTESIAN_POINT ( 'NONE',  ( 30.70243866176380000, 2.031527124279999700, 44.75505896185687500 ) ) ;
#22 = CARTESIAN_POINT ( 'NONE',  ( 30.39350851120817500, 2.082545787177960200, 44.50361891004594400 ) ) ;
#23 = CARTESIAN_POINT ( 'NONE',  ( 31.01136881231961700, 2.082545787177875400, 44.50361891004595800 ) ) ;
#24 = CARTESIAN_POINT ( 'NONE',  ( 30.91971375283345900, 2.357510965636697300, 44.79966680126040800 ) ) ;
#25 = CARTESIAN_POINT ( 'NONE',  ( 30.70243866176407000, 1.669174627460063400, 44.38028863061340700 ) ) ;
#26 = CARTESIAN_POINT ( 'NONE',  ( 30.70243866176382900, 1.894188347804666400, 44.65875294630701800 ) ) ;
#27 = CARTESIAN_POINT ( 'NONE',  ( 31.04678999364647400, 1.976282243197959000, 44.26174795468421800 ) ) ;
#28 = CARTESIAN_POINT ( 'NONE',  ( 30.70243866176408100, 2.308397938168314000, 44.88901206375801700 ) ) ;
#29 = CARTESIAN_POINT ( 'NONE',  ( 30.34888527107833800, 1.948676067157707900, 44.13092324194014500 ) ) ;
#30 = CARTESIAN_POINT ( 'NONE',  ( 30.70243866176440800, 1.595122685113179200, 44.19925071182541400 ) ) ;
#31 = CARTESIAN_POINT ( 'NONE',  ( 31.05599205245004800, 1.948676067158204600, 44.13092324194018100 ) ) ;
#32 = CARTESIAN_POINT ( 'NONE',  ( 30.34888527117066600, 1.948676067065378200, 44.00000000000000000 ) ) ;
#33 = CARTESIAN_POINT ( 'NONE',  ( -51.50000000000000000, -15.24264068711941500, 44.00000000000000000 ) ) ;
#34 = DIRECTION ( 'NONE',  ( 1.000000000000000000, 0.0000000000000000000, 0.0000000000000000000 ) ) ;
#35 = DIRECTION ( 'NONE',  ( 0.7071067811865460200, 0.7071067811865490200, 0.0000000000000000000 ) ) ;
#36 = CARTESIAN_POINT ( 'NONE',  ( -32.79727029638183200, -13.79331644445289500, 44.00000000000000000 ) ) ;
#37 = CARTESIAN_POINT ( 'NONE',  ( 31.05599205235722200, 1.948676067065378200, 44.00000000000000000 ) ) ;
#38 = CARTESIAN_POINT ( 'NONE',  ( 5.969076737910657300, 13.13453836895517000, 45.00000000000000000 ) ) ;
#39 = CARTESIAN_POINT ( 'NONE',  ( 6.001831509732034500, 13.10183150973187500, 44.99990744594550300 ) ) ;
#40 = CARTESIAN_POINT ( 'NONE',  ( 6.034538368955421300, 13.06907673791052300, 45.00000000000000000 ) ) ;
#41 = DIRECTION ( 'NONE',  ( 0.0000000000000000000, 1.000000000000000000, 0.0000000000000000000 ) ) ;
#42 = CARTESIAN_POINT ( 'NONE',  ( 5.838252072143666800, 13.06912603607189600, 44.97397265865124900 ) ) ;
#43 = DIRECTION ( 'NONE',  ( 1.000000000000000000, 0.0000000000000000000, 0.0000000000000000000 ) ) ;
#44 = CARTESIAN_POINT ( 'NONE',  ( 5.901280681044966900, 13.00128068104519500, 44.98689642569977600 ) ) ;
#45 = CARTESIAN_POINT ( 'NONE',  ( 53.50000000000000000, 0.0000000000000000000, 44.00000000000000000 ) ) ;
#46 = DIRECTION ( 'NONE',  ( 0.0000000000000000000, 0.0000000000000000000, -1.000000000000000000 ) ) ;
#47 = DIRECTION ( 'NONE',  ( 0.7071067811865492400, 0.7071067811865458000, 0.0000000000000000000 ) ) ;
#48 = DIRECTION ( 'NONE',  ( 0.7071067811865454600, -0.7071067811865496800, 0.0000000000000000000 ) ) ;
#49 = CARTESIAN_POINT ( 'NONE',  ( 38.67731611903122500, -5.400091400561319000, 44.79966680126042200 ) ) ;
#50 = DIRECTION ( 'NONE',  ( 1.000000000000000000, 0.0000000000000000000, 0.0000000000000000000 ) ) ;
#51 = CARTESIAN_POINT ( 'NONE',  ( -7.262539308564816700, 13.19999999999999900, 44.00000000000000000 ) ) ;
#52 = DIRECTION ( 'NONE',  ( 0.0000000000000000000, 0.0000000000000000000, -1.000000000000000000 ) ) ;
#53 = CARTESIAN_POINT ( 'NONE',  ( -53.50000000000000000, -16.99999999999999600, 44.00000000000000000 ) ) ;
#54 = CARTESIAN_POINT ( 'NONE',  ( 6.100000000000000500, 13.20000000000000100, 45.00000000000000000 ) ) ;
#55 = CARTESIAN_POINT ( 'NONE',  ( 6.100000000000000500, 13.20000000000000100, 45.00000000000000000 ) ) ;
#56 = CARTESIAN_POINT ( 'NONE',  ( 38.62820309156301600, -5.617366491630767700, 44.88901206375801000 ) ) ;
#57 = CARTESIAN_POINT ( 'NONE',  ( 16.85588745030468500, 16.85588745030458600, 44.00000000000000000 ) ) ;
#58 = DIRECTION ( 'NONE',  ( 0.0000000000000000000, -1.000000000000000000, 0.0000000000000000000 ) ) ;
#59 = CARTESIAN_POINT ( 'NONE',  ( 6.100000000000000500, 13.20000000000000100, 45.00000000000000000 ) ) ;
#60 = CARTESIAN_POINT ( 'NONE',  ( 5.848190531562978300, 12.69638106312615600, 44.87378640637132300 ) ) ;
#61 = CARTESIAN_POINT ( 'NONE',  ( 5.300333198739577000, 12.80016659936984200, 44.61454676111266300 ) ) ;
#62 = CARTESIAN_POINT ( 'NONE',  ( 5.969126036071933200, 12.93825207214366900, 44.97397265865124900 ) ) ;
#63 = CARTESIAN_POINT ( 'NONE',  ( 5.596381063126154100, 12.94819053156301800, 44.87378640637132300 ) ) ;
#64 = CARTESIAN_POINT ( 'NONE',  ( 5.485453238887328300, 12.89272661944361300, 44.79966680126042200 ) ) ;
#65 = CARTESIAN_POINT ( 'NONE',  ( 5.792726619443647500, 12.58545323888732900, 44.79966680126042200 ) ) ;
#66 = CARTESIAN_POINT ( 'NONE',  ( 5.408584544385125700, 12.50858454438509200, 44.75505896185690300 ) ) ;
#67 = CARTESIAN_POINT ( 'NONE',  ( 5.700166599369806500, 12.40033319873957800, 44.61454676111266300 ) ) ;
#68 = CARTESIAN_POINT ( 'NONE',  ( 5.704667445893568900, 12.80466744589333500, 44.93249883055918300 ) ) ;
#69 = CARTESIAN_POINT ( 'NONE',  ( 5.604361774397888000, 12.70436177439792200, 44.88901206375801000 ) ) ;
#70 = CARTESIAN_POINT ( 'NONE',  ( 5.226213582516196600, 12.76310679125810100, 44.50361891004595800 ) ) ;
#71 = CARTESIAN_POINT ( 'NONE',  ( 5.311471364219251300, 12.41147136421940000, 44.65875294630704000 ) ) ;
#72 = CARTESIAN_POINT ( 'NONE',  ( 5.663106791258128300, 12.32621358251619600, 44.50361891004594400 ) ) ;
#73 = CARTESIAN_POINT ( 'NONE',  ( 5.126027352461233200, 12.71301367623061800, 44.26174795468423200 ) ) ;
#74 = CARTESIAN_POINT ( 'NONE',  ( 5.100000000000000500, 12.20000000000000300, 43.99999999999999300 ) ) ;
#75 = CARTESIAN_POINT ( 'NONE',  ( 5.152362636703836400, 12.25236263670368000, 44.38028863061342800 ) ) ;
#76 = CARTESIAN_POINT ( 'NONE',  ( 5.100000000000000500, 12.70000000013093500, 44.13092324194018100 ) ) ;
#77 = CARTESIAN_POINT ( 'NONE',  ( 5.100000006110155600, 12.20000000611015700, 44.19925071182544200 ) ) ;
#78 = CARTESIAN_POINT ( 'NONE',  ( 5.600000000000000500, 12.20000000000000300, 44.00000000000000000 ) ) ;
#79 = CARTESIAN_POINT ( 'NONE',  ( 5.100000000000000500, 12.70000000000000300, 44.00000000000000000 ) ) ;
#80 = CARTESIAN_POINT ( 'NONE',  ( 5.613013676230586700, 12.22602735246123900, 44.26174795468424600 ) ) ;
#81 = CARTESIAN_POINT ( 'NONE',  ( 5.600000000130876300, 12.20000000000000300, 44.13092324194016000 ) ) ;
#82 = CARTESIAN_POINT ( 'NONE',  ( 7.262539308564818400, 13.20000000000000100, 45.00000000000000000 ) ) ;
#83 = CARTESIAN_POINT ( 'NONE',  ( 39.32914139223983300, -5.617366491630703800, 45.00000000000000000 ) ) ;
#84 = CARTESIAN_POINT ( 'NONE',  ( 39.32914139223983300, -5.617366491630698500, 45.00000000000000000 ) ) ;
#85 = CARTESIAN_POINT ( 'NONE',  ( 39.32914139223983300, -5.617366491630693100, 45.00000000000000000 ) ) ;
#86 = CARTESIAN_POINT ( 'NONE',  ( 34.09655121145934900, 4.989235226167500600, 44.00000000000000000 ) ) ;
#87 = CARTESIAN_POINT ( 'NONE',  ( 39.19027630258205600, -5.571078128411280700, 45.00000000000000000 ) ) ;
#88 = CARTESIAN_POINT ( 'NONE',  ( 39.19031018190475600, -5.617366491630697600, 44.99990744594551000 ) ) ;
#89 = DIRECTION ( 'NONE',  ( -0.0000000000000000000, 0.0000000000000000000, 1.000000000000000000 ) ) ;
#90 = CARTESIAN_POINT ( 'NONE',  ( -40.15118082072192600, -6.439405920112800900, 44.00000000000000000 ) ) ;
#91 = DIRECTION ( 'NONE',  ( 0.7071067811865492400, -0.7071067811865458000, 0.0000000000000000000 ) ) ;
#92 = DIRECTION ( 'NONE',  ( 0.7071067811865491300, -0.7071067811865459100, 0.0000000000000000000 ) ) ;
#93 = DIRECTION ( 'NONE',  ( 0.7071067811865458000, 0.7071067811865492400, 0.0000000000000000000 ) ) ;
#94 = DIRECTION ( 'NONE',  ( -0.7071067811865510100, 0.7071067811865441300, 0.0000000000000000000 ) ) ;
#95 = CARTESIAN_POINT ( 'NONE',  ( 22.47325394193536900, -22.47325394193524800, 44.00000000000000000 ) ) ;
#96 = CARTESIAN_POINT ( 'NONE',  ( 39.19027630258185000, -5.663654854850182800, 45.00000000000000000 ) ) ;
#97 = CARTESIAN_POINT ( 'NONE',  ( 39.05151579011687300, -5.524824624256489800, 44.97397265865132700 ) ) ;
#98 = CARTESIAN_POINT ( 'NONE',  ( 39.04810983626864400, -5.617366491630699300, 44.98689642569946300 ) ) ;
#99 = DIRECTION ( 'NONE',  ( 1.000000000000000000, 0.0000000000000000000, 0.0000000000000000000 ) ) ;
#100 = CARTESIAN_POINT ( 'NONE',  ( 51.50000000000000000, -15.24264068711941900, 44.00000000000000000 ) ) ;
#101 = DIRECTION ( 'NONE',  ( 0.7071067811865454600, 0.7071067811865496800, 0.0000000000000000000 ) ) ;
#102 = DIRECTION ( 'NONE',  ( -0.7071067811865456900, -0.7071067811865494600, 0.0000000000000000000 ) ) ;
#103 = CARTESIAN_POINT ( 'NONE',  ( 16.85588745030449700, 16.85588745030457500, 44.00000000000000000 ) ) ;
#104 = CARTESIAN_POINT ( 'NONE',  ( 42.01614716074866600, -2.930360723121847100, 44.00000000000000000 ) ) ;
#105 = DIRECTION ( 'NONE',  ( -0.0000000000000000000, 0.0000000000000000000, 1.000000000000000000 ) ) ;
#106 = DIRECTION ( 'NONE',  ( 1.000000000000000000, 0.0000000000000000000, 0.0000000000000000000 ) ) ;
#107 = CARTESIAN_POINT ( 'NONE',  ( 7.262539308564820200, 8.000000000000000000, 44.00000000000000000 ) ) ;
#108 = DIRECTION ( 'NONE',  ( -0.0000000000000000000, 0.0000000000000000000, 1.000000000000000000 ) ) ;
#109 = DIRECTION ( 'NONE',  ( 0.0000000000000000000, 0.0000000000000000000, 1.000000000000000000 ) ) ;
#110 = CARTESIAN_POINT ( 'NONE',  ( 36.47422555855187900, -10.11636118228284600, 44.00000000000000000 ) ) ;
#111 = CARTESIAN_POINT ( 'NONE',  ( 39.05151579011717200, -5.709908359005072300, 44.97397265865137000 ) ) ;
#112 = CARTESIAN_POINT ( 'NONE',  ( 30.70243866176394600, 3.009336238845189600, 44.99999999999999300 ) ) ;
#113 = CARTESIAN_POINT ( 'NONE',  ( 38.79497284414350800, -5.439310308931820400, 44.87378640637123800 ) ) ;
#114 = DIRECTION ( 'NONE',  ( 0.0000000000000000000, 1.000000000000000000, 0.0000000000000000000 ) ) ;
#115 = CARTESIAN_POINT ( 'NONE',  ( 30.70243866176394600, 3.009336238845191400, 44.99999999999999300 ) ) ;
#116 = DIRECTION ( 'NONE',  ( -0.7071067811865468000, 0.7071067811865484600, 0.0000000000000000000 ) ) ;
#117 = DIRECTION ( 'NONE',  ( 0.0000000000000000000, 1.000000000000000000, 0.0000000000000000000 ) ) ;
#118 = DIRECTION ( 'NONE',  ( 0.7071067811865480200, 0.7071067811865470200, 0.0000000000000000000 ) ) ;
#119 = DIRECTION ( 'NONE',  ( 0.7071067811865492400, 0.7071067811865458000, 0.0000000000000000000 ) ) ;
#120 = CARTESIAN_POINT ( 'NONE',  ( -22.08578643762690400, 16.99999999999999300, 45.00000000000000000 ) ) ;
#121 = CARTESIAN_POINT ( 'NONE',  ( 30.70243866176394600, 3.009336238845190500, 44.99999999999999300 ) ) ;
#122 = CARTESIAN_POINT ( 'NONE',  ( 19.54289321881350000, 19.54289321881341800, 44.00000000000000000 ) ) ;
#123 = DIRECTION ( 'NONE',  ( 0.7071067811865460200, -0.7071067811865490200, 0.0000000000000000000 ) ) ;
#124 = DIRECTION ( 'NONE',  ( 1.000000000000000000, 0.0000000000000000000, 0.0000000000000000000 ) ) ;
#125 = DIRECTION ( 'NONE',  ( 0.0000000000000000000, 0.0000000000000000000, -1.000000000000000000 ) ) ;
#126 = CARTESIAN_POINT ( 'NONE',  ( -53.50000000000000000, 0.0000000000000000000, 44.00000000000000000 ) ) ;
#127 = CARTESIAN_POINT ( 'NONE',  ( 30.65615029854498600, 2.870471149187169900, 44.99999999999999300 ) ) ;
#128 = CARTESIAN_POINT ( 'NONE',  ( 13.84655121145935500, -13.84655121145937400, 44.00000000000000000 ) ) ;
#129 = DIRECTION ( 'NONE',  ( 1.000000000000000000, 0.0000000000000000000, 0.0000000000000000000 ) ) ;
#130 = DIRECTION ( 'NONE',  ( -1.000000000000000000, 0.0000000000000000000, 0.0000000000000000000 ) ) ;
#131 = CARTESIAN_POINT ( 'NONE',  ( -6.100000000000001400, 18.00000000000000000, 16.99999999999999600 ) ) ;
#132 = CARTESIAN_POINT ( 'NONE',  ( 42.72325394193521200, -2.223253941935302800, 44.00000000000000000 ) ) ;
#133 = CARTESIAN_POINT ( 'NONE',  ( -53.50000000000000000, -15.24264068711941500, 45.00000000000000000 ) ) ;
#134 = CARTESIAN_POINT ( 'NONE',  ( -6.099999999999999600, 16.99999999999999600, 45.00000000000000000 ) ) ;
#135 = CARTESIAN_POINT ( 'NONE',  ( -53.50000000000000000, -16.99999999999999600, 45.00000000000000000 ) ) ;
#136 = VECTOR ( 'NONE', #2897, 1000.000000000000000 ) ;
#137 = CIRCLE ( 'NONE', #3421, 5.200000000000002000 ) ;
#138 = LINE ( 'NONE', #2890, #140 ) ;
#139 = LINE ( 'NONE', #2892, #187 ) ;
#140 = VECTOR ( 'NONE', #2891, 999.9999999999998900 ) ;
#141 = CIRCLE ( 'NONE', #3423, 5.200000000000002000 ) ;
#142 = LINE ( 'NONE', #2878, #150 ) ;
#143 = CIRCLE ( 'NONE', #3438, 4.200000000000002000 ) ;
#144 = LINE ( 'NONE', #3048, #171 ) ;
#145 = VECTOR ( 'NONE', #2905, 1000.000000000000000 ) ;
#146 = CIRCLE ( 'NONE', #3393, 3.299999999999990500 ) ;
#147 = LINE ( 'NONE', #2895, #161 ) ;
#148 = CIRCLE ( 'NONE', #3408, 4.200000000000002800 ) ;
#149 = VECTOR ( 'NONE', #2935, 1000.000000000000000 ) ;
#150 = VECTOR ( 'NONE', #2880, 1000.000000000000000 ) ;
#151 = VECTOR ( 'NONE', #2913, 1000.000000000000000 ) ;
#152 = VECTOR ( 'NONE', #2899, 1000.000000000000000 ) ;
#153 = LINE ( 'NONE', #2887, #177 ) ;
#154 = LINE ( 'NONE', #2927, #173 ) ;
#155 = CIRCLE ( 'NONE', #3436, 1.000000000000000900 ) ;
#156 = LINE ( 'NONE', #3591, #158 ) ;
#157 = LINE ( 'NONE', #2893, #185 ) ;
#158 = VECTOR ( 'NONE', #3480, 1000.000000000000100 ) ;
#159 = LINE ( 'NONE', #2910, #151 ) ;
#160 = LINE ( 'NONE', #2879, #145 ) ;
#161 = VECTOR ( 'NONE', #2916, 1000.000000000000000 ) ;
#162 = LINE ( 'NONE', #2881, #170 ) ;
#163 = CIRCLE ( 'NONE', #3448, 1.000000000000000900 ) ;
#164 = LINE ( 'NONE', #2902, #183 ) ;
#165 = LINE ( 'NONE', #2936, #149 ) ;
#166 = CIRCLE ( 'NONE', #3417, 1.000000000000000900 ) ;
#167 = LINE ( 'NONE', #2884, #181 ) ;
#168 = CIRCLE ( 'NONE', #3433, 0.9999999999999997800 ) ;
#169 = CIRCLE ( 'NONE', #3452, 1.000000000000000900 ) ;
#170 = VECTOR ( 'NONE', #2898, 1000.000000000000000 ) ;
#171 = VECTOR ( 'NONE', #3088, 1000.000000000000100 ) ;
#172 = LINE ( 'NONE', #2950, #176 ) ;
#173 = VECTOR ( 'NONE', #2945, 1000.000000000000000 ) ;
#174 = VECTOR ( 'NONE', #2885, 1000.000000000000000 ) ;
#175 = CIRCLE ( 'NONE', #3406, 1.000000000000000900 ) ;
#176 = VECTOR ( 'NONE', #2942, 1000.000000000000000 ) ;
#177 = VECTOR ( 'NONE', #2888, 1000.000000000000100 ) ;
#178 = LINE ( 'NONE', #2906, #174 ) ;
#179 = CIRCLE ( 'NONE', #3401, 0.9999999999999994400 ) ;
#180 = CIRCLE ( 'NONE', #3415, 1.000000000000000900 ) ;
#181 = VECTOR ( 'NONE', #2889, 1000.000000000000000 ) ;
#182 = VECTOR ( 'NONE', #2846, 1000.000000000000000 ) ;
#183 = VECTOR ( 'NONE', #2904, 1000.000000000000000 ) ;
#184 = CIRCLE ( 'NONE', #3430, 3.300000000000004300 ) ;
#185 = VECTOR ( 'NONE', #2903, 1000.000000000000000 ) ;
#186 = CIRCLE ( 'NONE', #3453, 4.200000000000002000 ) ;
#187 = VECTOR ( 'NONE', #2886, 1000.000000000000000 ) ;
#188 = CIRCLE ( 'NONE', #3382, 5.200000000000000200 ) ;
#189 = LINE ( 'NONE', #2915, #136 ) ;
#190 = LINE ( 'NONE', #2914, #152 ) ;
#191 = APPROVAL_DATE_TIME ( #241, #3388 ) ;
#192 = LINE ( 'NONE', #3478, #195 ) ;
#193 = CIRCLE ( 'NONE', #3414, 5.200000000000002800 ) ;
#194 = CIRCLE ( 'NONE', #3427, 5.499999999999994700 ) ;
#195 = VECTOR ( 'NONE', #3494, 1000.000000000000000 ) ;
#196 = LINE ( 'NONE', #3491, #224 ) ;
#197 = CIRCLE ( 'NONE', #3412, 5.200000000000002800 ) ;
#198 = LINE ( 'NONE', #3521, #217 ) ;
#199 = CIRCLE ( 'NONE', #3440, 5.499999999999998200 ) ;
#200 = VECTOR ( 'NONE', #3522, 1000.000000000000000 ) ;
#201 = LINE ( 'NONE', #3517, #232 ) ;
#202 = PERSON_AND_ORGANIZATION ( #1890, #235 ) ;
#203 = LOCAL_TIME ( 17, 41, 19.00000000000000000, #214 ) ;
#204 = CALENDAR_DATE ( 2017, 8, 3 ) ;
#205 = DATE_AND_TIME ( #204, #203 ) ;
#206 = CIRCLE ( 'NONE', #3441, 3.299999999999990500 ) ;
#207 = LINE ( 'NONE', #3489, #230 ) ;
#208 = PERSON_AND_ORGANIZATION ( #1890, #235 ) ;
#209 = APPROVAL_PERSON_ORGANIZATION ( #208, #3388, #3526 ) ;
#210 = PERSON_AND_ORGANIZATION ( #1890, #235 ) ;
#211 = COORDINATED_UNIVERSAL_TIME_OFFSET ( 1, 0, .AHEAD. ) ;
#212 = LOCAL_TIME ( 17, 41, 19.00000000000000000, #236 ) ;
#213 = LINE ( 'NONE', #3506, #200 ) ;
#214 = COORDINATED_UNIVERSAL_TIME_OFFSET ( 1, 0, .AHEAD. ) ;
#215 = LINE ( 'NONE', #3495, #226 ) ;
#216 = CALENDAR_DATE ( 2017, 8, 3 ) ;
#217 = VECTOR ( 'NONE', #3533, 1000.000000000000000 ) ;
#218 = VECTOR ( 'NONE', #3466, 1000.000000000000000 ) ;
#219 = APPROVAL_PERSON_ORGANIZATION ( #210, #3449, #3505 ) ;
#220 = LINE ( 'NONE', #3476, #218 ) ;
#221 = LINE ( 'NONE', #3470, #239 ) ;
#222 = LINE ( 'NONE', #3477, #225 ) ;
#223 = CIRCLE ( 'NONE', #3425, 5.499999999999994700 ) ;
#224 = VECTOR ( 'NONE', #3492, 1000.000000000000000 ) ;
#225 = VECTOR ( 'NONE', #3475, 1000.000000000000000 ) ;
#226 = VECTOR ( 'NONE', #3467, 1000.000000000000100 ) ;
#227 = CIRCLE ( 'NONE', #3450, 3.300000000000000700 ) ;
#228 = CIRCLE ( 'NONE', #3396, 5.499999999999998200 ) ;
#229 = VECTOR ( 'NONE', #3462, 1000.000000000000000 ) ;
#230 = VECTOR ( 'NONE', #3484, 1000.000000000000100 ) ;
#231 = LINE ( 'NONE', #3486, #229 ) ;
#232 = VECTOR ( 'NONE', #3520, 1000.000000000000000 ) ;
#233 = SHAPE_DEFINITION_REPRESENTATION ( #1668, #1467 ) ;
#234 = CIRCLE ( 'NONE', #3395, 0.9999999999999988900 ) ;
#235 = ORGANIZATION ( 'UNSPECIFIED', 'UNSPECIFIED', '' ) ;
#236 = COORDINATED_UNIVERSAL_TIME_OFFSET ( 1, 0, .AHEAD. ) ;
#237 = LINE ( 'NONE', #3485, #238 ) ;
#238 = VECTOR ( 'NONE', #3464, 1000.000000000000000 ) ;
#239 = VECTOR ( 'NONE', #3479, 1000.000000000000100 ) ;
#240 = PERSON_AND_ORGANIZATION ( #1890, #235 ) ;
#241 = DATE_AND_TIME ( #216, #212 ) ;
#242 = DATE_AND_TIME ( #249, #248 ) ;
#243 = PERSON_AND_ORGANIZATION ( #1890, #235 ) ;
#244 = DATE_AND_TIME ( #259, #247 ) ;
#245 = APPROVAL_PERSON_ORGANIZATION ( #243, #3458, #3500 ) ;
#246 = COORDINATED_UNIVERSAL_TIME_OFFSET ( 1, 0, .AHEAD. ) ;
#247 = LOCAL_TIME ( 17, 41, 19.00000000000000000, #211 ) ;
#248 = LOCAL_TIME ( 17, 41, 19.00000000000000000, #246 ) ;
#249 = CALENDAR_DATE ( 2017, 8, 3 ) ;
#250 = APPROVAL_DATE_TIME ( #244, #3449 ) ;
#251 = PERSON_AND_ORGANIZATION ( #1890, #235 ) ;
#252 = PERSON_AND_ORGANIZATION ( #1890, #235 ) ;
#253 = COORDINATED_UNIVERSAL_TIME_OFFSET ( 1, 0, .AHEAD. ) ;
#254 = CALENDAR_DATE ( 2017, 8, 3 ) ;
#255 = DATE_AND_TIME ( #254, #258 ) ;
#256 = APPROVAL_DATE_TIME ( #255, #3458 ) ;
#257 = PERSON_AND_ORGANIZATION ( #1890, #235 ) ;
#258 = LOCAL_TIME ( 17, 41, 19.00000000000000000, #253 ) ;
#259 = CALENDAR_DATE ( 2017, 8, 3 ) ;
#260 = LINE ( 'NONE', #2858, #268 ) ;
#261 = CIRCLE ( 'NONE', #3342, 5.200000000000002000 ) ;
#262 = LINE ( 'NONE', #2847, #284 ) ;
#263 = CIRCLE ( 'NONE', #3410, 0.5000000000000004400 ) ;
#264 = CIRCLE ( 'NONE', #3348, 3.299999999999990500 ) ;
#265 = CIRCLE ( 'NONE', #3434, 5.200000000000000200 ) ;
#266 = CIRCLE ( 'NONE', #3344, 4.200000000000002000 ) ;
#267 = LINE ( 'NONE', #2865, #288 ) ;
#268 = VECTOR ( 'NONE', #2870, 1000.000000000000100 ) ;
#269 = LINE ( 'NONE', #2869, #286 ) ;
#270 = LINE ( 'NONE', #2842, #271 ) ;
#271 = VECTOR ( 'NONE', #2843, 1000.000000000000000 ) ;
#272 = LINE ( 'NONE', #2863, #182 ) ;
#273 = LINE ( 'NONE', #2838, #283 ) ;
#274 = VECTOR ( 'NONE', #2868, 1000.000000000000000 ) ;
#275 = CIRCLE ( 'NONE', #3402, 1.000000000000000000 ) ;
#276 = CIRCLE ( 'NONE', #3335, 1.000000000000000900 ) ;
#277 = CIRCLE ( 'NONE', #3377, 5.200000000000002800 ) ;
#278 = LINE ( 'NONE', #2821, #281 ) ;
#279 = LINE ( 'NONE', #2827, #280 ) ;
#280 = VECTOR ( 'NONE', #2818, 1000.000000000000000 ) ;
#281 = VECTOR ( 'NONE', #2795, 1000.000000000000000 ) ;
#282 = LINE ( 'NONE', #2844, #274 ) ;
#283 = VECTOR ( 'NONE', #2840, 1000.000000000000000 ) ;
#284 = VECTOR ( 'NONE', #2854, 1000.000000000000000 ) ;
#285 = VECTOR ( 'NONE', #2855, 1000.000000000000000 ) ;
#286 = VECTOR ( 'NONE', #2859, 1000.000000000000000 ) ;
#287 = CIRCLE ( 'NONE', #3346, 5.499999999999994700 ) ;
#288 = VECTOR ( 'NONE', #2876, 1000.000000000000000 ) ;
#289 = LINE ( 'NONE', #2871, #285 ) ;
#290 = VECTOR ( 'NONE', #2814, 1000.000000000000000 ) ;
#291 = LINE ( 'NONE', #2787, #296 ) ;
#292 = CIRCLE ( 'NONE', #3303, 0.5000000000000004400 ) ;
#293 = VECTOR ( 'NONE', #2789, 1000.000000000000100 ) ;
#294 = VECTOR ( 'NONE', #2812, 1000.000000000000000 ) ;
#295 = LINE ( 'NONE', #2765, #297 ) ;
#296 = VECTOR ( 'NONE', #2755, 1000.000000000000000 ) ;
#297 = VECTOR ( 'NONE', #2805, 1000.000000000000000 ) ;
#298 = LINE ( 'NONE', #2828, #290 ) ;
#299 = LINE ( 'NONE', #2757, #293 ) ;
#300 = LINE ( 'NONE', #2823, #337 ) ;
#301 = LINE ( 'NONE', #2833, #320 ) ;
#302 = VECTOR ( 'NONE', #2808, 1000.000000000000100 ) ;
#303 = VECTOR ( 'NONE', #2804, 1000.000000000000000 ) ;
#304 = LINE ( 'NONE', #2832, #306 ) ;
#305 = VECTOR ( 'NONE', #2810, 1000.000000000000000 ) ;
#306 = VECTOR ( 'NONE', #2809, 1000.000000000000000 ) ;
#307 = LINE ( 'NONE', #2815, #319 ) ;
#308 = LINE ( 'NONE', #2824, #316 ) ;
#309 = LINE ( 'NONE', #2829, #305 ) ;
#310 = VECTOR ( 'NONE', #2819, 1000.000000000000000 ) ;
#311 = VECTOR ( 'NONE', #2835, 1000.000000000000000 ) ;
#312 = LINE ( 'NONE', #2830, #311 ) ;
#313 = LINE ( 'NONE', #2799, #310 ) ;
#314 = LINE ( 'NONE', #2802, #315 ) ;
#315 = VECTOR ( 'NONE', #2796, 1000.000000000000000 ) ;
#316 = VECTOR ( 'NONE', #2797, 1000.000000000000000 ) ;
#317 = LINE ( 'NONE', #2806, #302 ) ;
#318 = LINE ( 'NONE', #2822, #303 ) ;
#319 = VECTOR ( 'NONE', #2811, 1000.000000000000000 ) ;
#320 = VECTOR ( 'NONE', #2834, 1000.000000000000000 ) ;
#321 = CIRCLE ( 'NONE', #2096, 4.200000000000002000 ) ;
#322 = LINE ( 'NONE', #3284, #330 ) ;
#323 = LINE ( 'NONE', #2825, #334 ) ;
#324 = CIRCLE ( 'NONE', #2094, 4.200000000000002000 ) ;
#325 = VECTOR ( 'NONE', #3314, 1000.000000000000000 ) ;
#326 = CIRCLE ( 'NONE', #2122, 0.5000000000000004400 ) ;
#327 = VECTOR ( 'NONE', #3313, 1000.000000000000000 ) ;
#328 = LINE ( 'NONE', #3361, #329 ) ;
#329 = VECTOR ( 'NONE', #3345, 1000.000000000000000 ) ;
#330 = VECTOR ( 'NONE', #3330, 1000.000000000000000 ) ;
#331 = LINE ( 'NONE', #3315, #342 ) ;
#332 = CIRCLE ( 'NONE', #2108, 4.200000000000002000 ) ;
#333 = CIRCLE ( 'NONE', #2125, 3.300000000000004300 ) ;
#334 = VECTOR ( 'NONE', #2826, 1000.000000000000000 ) ;
#335 = CIRCLE ( 'NONE', #2116, 1.000000000000000900 ) ;
#336 = CIRCLE ( 'NONE', #2120, 0.5000000000000004400 ) ;
#337 = VECTOR ( 'NONE', #2816, 1000.000000000000100 ) ;
#338 = LINE ( 'NONE', #3304, #343 ) ;
#339 = CIRCLE ( 'NONE', #2111, 0.5000000000000004400 ) ;
#340 = CIRCLE ( 'NONE', #2099, 5.499999999999998200 ) ;
#341 = VECTOR ( 'NONE', #3321, 1000.000000000000000 ) ;
#342 = VECTOR ( 'NONE', #3307, 1000.000000000000000 ) ;
#343 = VECTOR ( 'NONE', #3326, 1000.000000000000000 ) ;
#344 = LINE ( 'NONE', #3317, #341 ) ;
#345 = LINE ( 'NONE', #3290, #325 ) ;
#346 = LINE ( 'NONE', #3316, #327 ) ;
#347 = LINE ( 'NONE', #2504, #374 ) ;
#348 = LINE ( 'NONE', #3387, #383 ) ;
#349 = LINE ( 'NONE', #3378, #357 ) ;
#350 = VECTOR ( 'NONE', #3419, 1000.000000000000000 ) ;
#351 = LINE ( 'NONE', #3428, #399 ) ;
#352 = LINE ( 'NONE', #3424, #353 ) ;
#353 = VECTOR ( 'NONE', #3443, 1000.000000000000100 ) ;
#354 = CIRCLE ( 'NONE', #2117, 4.200000000000002000 ) ;
#355 = LINE ( 'NONE', #3364, #366 ) ;
#356 = LINE ( 'NONE', #3353, #402 ) ;
#357 = VECTOR ( 'NONE', #3352, 1000.000000000000000 ) ;
#358 = CIRCLE ( 'NONE', #2113, 3.000000000000002700 ) ;
#359 = LINE ( 'NONE', #3379, #364 ) ;
#360 = LINE ( 'NONE', #3373, #363 ) ;
#361 = CIRCLE ( 'NONE', #2109, 1.000000000000000000 ) ;
#362 = LINE ( 'NONE', #2506, #367 ) ;
#363 = VECTOR ( 'NONE', #3389, 1000.000000000000000 ) ;
#364 = VECTOR ( 'NONE', #3386, 1000.000000000000000 ) ;
#365 = CIRCLE ( 'NONE', #2124, 1.000000000000000000 ) ;
#366 = VECTOR ( 'NONE', #3371, 1000.000000000000000 ) ;
#367 = VECTOR ( 'NONE', #2500, 1000.000000000000000 ) ;
#368 = CIRCLE ( 'NONE', #3331, 4.200000000000002000 ) ;
#369 = CIRCLE ( 'NONE', #2118, 1.000000000000000900 ) ;
#370 = LINE ( 'NONE', #3435, #389 ) ;
#371 = CIRCLE ( 'NONE', #2078, 4.200000000000002000 ) ;
#372 = LINE ( 'NONE', #3381, #408 ) ;
#373 = LINE ( 'NONE', #2520, #406 ) ;
#374 = VECTOR ( 'NONE', #2519, 1000.000000000000000 ) ;
#375 = VECTOR ( 'NONE', #2490, 1000.000000000000000 ) ;
#376 = CIRCLE ( 'NONE', #2121, 1.000000000000000900 ) ;
#377 = CIRCLE ( 'NONE', #2100, 4.200000000000002000 ) ;
#378 = LINE ( 'NONE', #3293, #382 ) ;
#379 = VECTOR ( 'NONE', #3334, 1000.000000000000000 ) ;
#380 = VECTOR ( 'NONE', #3368, 1000.000000000000000 ) ;
#381 = LINE ( 'NONE', #3336, #398 ) ;
#382 = VECTOR ( 'NONE', #3294, 1000.000000000000100 ) ;
#383 = VECTOR ( 'NONE', #3390, 1000.000000000000000 ) ;
#384 = LINE ( 'NONE', #3439, #350 ) ;
#385 = CIRCLE ( 'NONE', #2123, 3.000000000000002700 ) ;
#386 = VECTOR ( 'NONE', #3411, 1000.000000000000000 ) ;
#387 = LINE ( 'NONE', #3384, #380 ) ;
#388 = CIRCLE ( 'NONE', #2098, 4.200000000000002000 ) ;
#389 = VECTOR ( 'NONE', #3420, 1000.000000000000000 ) ;
#390 = LINE ( 'NONE', #3343, #379 ) ;
#391 = VECTOR ( 'NONE', #3357, 1000.000000000000100 ) ;
#392 = VECTOR ( 'NONE', #2499, 1000.000000000000000 ) ;
#393 = LINE ( 'NONE', #2485, #375 ) ;
#394 = CIRCLE ( 'NONE', #2110, 1.000000000000000900 ) ;
#395 = LINE ( 'NONE', #2820, #483 ) ;
#396 = CIRCLE ( 'NONE', #2083, 1.000000000000000900 ) ;
#397 = LINE ( 'NONE', #3349, #391 ) ;
#398 = VECTOR ( 'NONE', #3351, 1000.000000000000000 ) ;
#399 = VECTOR ( 'NONE', #3432, 1000.000000000000000 ) ;
#400 = CIRCLE ( 'NONE', #2097, 1.000000000000000000 ) ;
#401 = CIRCLE ( 'NONE', #2114, 1.000000000000000900 ) ;
#402 = VECTOR ( 'NONE', #3366, 1000.000000000000000 ) ;
#403 = CIRCLE ( 'NONE', #2076, 1.000000000000000900 ) ;
#404 = CIRCLE ( 'NONE', #2092, 1.000000000000000900 ) ;
#405 = LINE ( 'NONE', #3403, #386 ) ;
#406 = VECTOR ( 'NONE', #2513, 1000.000000000000000 ) ;
#407 = LINE ( 'NONE', #2491, #392 ) ;
#408 = VECTOR ( 'NONE', #3332, 1000.000000000000000 ) ;
#409 = LINE ( 'NONE', #2507, #420 ) ;
#410 = VECTOR ( 'NONE', #2538, 1000.000000000000000 ) ;
#411 = VECTOR ( 'NONE', #2510, 1000.000000000000000 ) ;
#412 = CIRCLE ( 'NONE', #2147, 0.9999999999999997800 ) ;
#413 = CIRCLE ( 'NONE', #2131, 1.000000000000000900 ) ;
#414 = CIRCLE ( 'NONE', #2086, 1.000000000000000900 ) ;
#415 = LINE ( 'NONE', #2509, #411 ) ;
#416 = CIRCLE ( 'NONE', #2158, 3.000000000000002700 ) ;
#417 = LINE ( 'NONE', #2549, #410 ) ;
#418 = VECTOR ( 'NONE', #2588, 1000.000000000000000 ) ;
#419 = CIRCLE ( 'NONE', #2152, 1.000000000000000900 ) ;
#420 = VECTOR ( 'NONE', #2508, 1000.000000000000000 ) ;
#421 = CIRCLE ( 'NONE', #2103, 5.499999999999998200 ) ;
#422 = CIRCLE ( 'NONE', #2146, 0.9999999999999994400 ) ;
#423 = CIRCLE ( 'NONE', #2129, 1.000000000000000900 ) ;
#424 = CIRCLE ( 'NONE', #2153, 3.300000000000000700 ) ;
#425 = CIRCLE ( 'NONE', #2150, 0.9999999999999988900 ) ;
#426 = LINE ( 'NONE', #2529, #460 ) ;
#427 = LINE ( 'NONE', #2783, #453 ) ;
#428 = LINE ( 'NONE', #2502, #438 ) ;
#429 = CIRCLE ( 'NONE', #2144, 0.9999999999999994400 ) ;
#430 = CIRCLE ( 'NONE', #2149, 1.000000000000000900 ) ;
#431 = CIRCLE ( 'NONE', #2154, 1.000000000000000000 ) ;
#432 = CIRCLE ( 'NONE', #2085, 1.000000000000000900 ) ;
#433 = CIRCLE ( 'NONE', #2159, 1.000000000000000900 ) ;
#434 = LINE ( 'NONE', #2488, #457 ) ;
#435 = CIRCLE ( 'NONE', #2095, 0.5000000000000108800 ) ;
#436 = CIRCLE ( 'NONE', #2093, 0.5000000000000108800 ) ;
#437 = CIRCLE ( 'NONE', #2156, 1.000000000000000900 ) ;
#438 = VECTOR ( 'NONE', #2514, 1000.000000000000000 ) ;
#439 = VECTOR ( 'NONE', #2484, 1000.000000000000000 ) ;
#440 = CIRCLE ( 'NONE', #2126, 1.000000000000000900 ) ;
#441 = CIRCLE ( 'NONE', #2155, 0.9999999999999988900 ) ;
#442 = CIRCLE ( 'NONE', #2151, 5.499999999999998200 ) ;
#443 = CIRCLE ( 'NONE', #2084, 1.000000000000000900 ) ;
#444 = CIRCLE ( 'NONE', #2134, 1.000000000000000900 ) ;
#445 = CIRCLE ( 'NONE', #2148, 0.9999999999999995600 ) ;
#446 = LINE ( 'NONE', #2501, #439 ) ;
#447 = LINE ( 'NONE', #2572, #418 ) ;
#448 = CIRCLE ( 'NONE', #2133, 1.000000000000000900 ) ;
#449 = CIRCLE ( 'NONE', #2138, 3.000000000000002700 ) ;
#450 = CIRCLE ( 'NONE', #2128, 1.000000000000000900 ) ;
#451 = CIRCLE ( 'NONE', #2135, 0.9999999999999988900 ) ;
#452 = CIRCLE ( 'NONE', #2127, 1.000000000000000900 ) ;
#453 = VECTOR ( 'NONE', #2785, 1000.000000000000100 ) ;
#454 = CIRCLE ( 'NONE', #2130, 0.9999999999999997800 ) ;
#455 = CIRCLE ( 'NONE', #2132, 1.000000000000000900 ) ;
#456 = CIRCLE ( 'NONE', #2139, 1.000000000000001300 ) ;
#457 = VECTOR ( 'NONE', #2493, 1000.000000000000000 ) ;
#458 = CIRCLE ( 'NONE', #2157, 1.000000000000001300 ) ;
#459 = CIRCLE ( 'NONE', #2136, 1.000000000000000000 ) ;
#460 = VECTOR ( 'NONE', #2534, 1000.000000000000100 ) ;
#461 = CIRCLE ( 'NONE', #2137, 1.000000000000000900 ) ;
#462 = VECTOR ( 'NONE', #2736, 999.9999999999998900 ) ;
#463 = CIRCLE ( 'NONE', #3312, 2.000000000000001800 ) ;
#464 = VECTOR ( 'NONE', #2773, 1000.000000000000100 ) ;
#465 = CIRCLE ( 'NONE', #2145, 1.000000000000000700 ) ;
#466 = VECTOR ( 'NONE', #2766, 1000.000000000000000 ) ;
#467 = CIRCLE ( 'NONE', #3328, 5.499999999999994700 ) ;
#468 = CIRCLE ( 'NONE', #3333, 4.200000000000002800 ) ;
#469 = LINE ( 'NONE', #2741, #472 ) ;
#470 = LINE ( 'NONE', #2727, #474 ) ;
#471 = LINE ( 'NONE', #2731, #489 ) ;
#472 = VECTOR ( 'NONE', #2775, 1000.000000000000000 ) ;
#473 = CIRCLE ( 'NONE', #3319, 2.000000000000001800 ) ;
#474 = VECTOR ( 'NONE', #2750, 1000.000000000000000 ) ;
#475 = CIRCLE ( 'NONE', #2016, 4.200000000000002000 ) ;
#476 = VECTOR ( 'NONE', #2742, 1000.000000000000000 ) ;
#477 = VECTOR ( 'NONE', #2747, 1000.000000000000000 ) ;
#478 = CIRCLE ( 'NONE', #2046, 5.200000000000002800 ) ;
#479 = LINE ( 'NONE', #2735, #496 ) ;
#480 = LINE ( 'NONE', #2670, #493 ) ;
#481 = VECTOR ( 'NONE', #2713, 1000.000000000000000 ) ;
#482 = CIRCLE ( 'NONE', #1907, 1.000000000000000900 ) ;
#483 = VECTOR ( 'NONE', #2813, 1000.000000000000100 ) ;
#484 = LINE ( 'NONE', #2831, #509 ) ;
#485 = CIRCLE ( 'NONE', #1909, 1.000000000000000400 ) ;
#486 = CIRCLE ( 'NONE', #1906, 1.000000000000000900 ) ;
#487 = VECTOR ( 'NONE', #2730, 1000.000000000000000 ) ;
#488 = CIRCLE ( 'NONE', #1910, 4.200000000000002800 ) ;
#489 = VECTOR ( 'NONE', #2725, 1000.000000000000000 ) ;
#490 = LINE ( 'NONE', #2712, #476 ) ;
#491 = CIRCLE ( 'NONE', #2142, 1.000000000000001300 ) ;
#492 = CIRCLE ( 'NONE', #2141, 1.000000000000000900 ) ;
#493 = VECTOR ( 'NONE', #2682, 1000.000000000000000 ) ;
#494 = CIRCLE ( 'NONE', #1908, 1.000000000000000900 ) ;
#495 = LINE ( 'NONE', #2726, #481 ) ;
#496 = VECTOR ( 'NONE', #2744, 1000.000000000000000 ) ;
#497 = LINE ( 'NONE', #2718, #504 ) ;
#498 = CIRCLE ( 'NONE', #1990, 4.200000000000002000 ) ;
#499 = LINE ( 'NONE', #2669, #487 ) ;
#500 = CIRCLE ( 'NONE', #2140, 0.9999999999999988900 ) ;
#501 = LINE ( 'NONE', #2768, #464 ) ;
#502 = CIRCLE ( 'NONE', #2143, 1.000000000000000900 ) ;
#503 = LINE ( 'NONE', #2746, #477 ) ;
#504 = VECTOR ( 'NONE', #2745, 1000.000000000000100 ) ;
#505 = LINE ( 'NONE', #2763, #466 ) ;
#506 = LINE ( 'NONE', #2721, #462 ) ;
#507 = CIRCLE ( 'NONE', #3354, 5.499999999999998200 ) ;
#508 = VECTOR ( 'NONE', #2791, 1000.000000000000000 ) ;
#509 = VECTOR ( 'NONE', #2836, 1000.000000000000000 ) ;
#510 = CIRCLE ( 'NONE', #3338, 1.000000000000000900 ) ;
#511 = LINE ( 'NONE', #2777, #508 ) ;
#512 = LINE ( 'NONE', #2794, #513 ) ;
#513 = VECTOR ( 'NONE', #2780, 1000.000000000000000 ) ;
#514 = LINE ( 'NONE', #2801, #294 ) ;
#515 = CIRCLE ( 'NONE', #3324, 3.299999999999990500 ) ;
#516 = ADVANCED_FACE ( 'NONE', ( #2180 ), #1144, .T. ) ;
#517 = ADVANCED_FACE ( 'NONE', ( #1119 ), #1135, .T. ) ;
#518 = ADVANCED_FACE ( 'NONE', ( #1125 ), #1098, .T. ) ;
#519 = ADVANCED_FACE ( 'NONE', ( #1134 ), #1102, .T. ) ;
#520 = ADVANCED_FACE ( 'NONE', ( #1139 ), #1141, .T. ) ;
#521 = ADVANCED_FACE ( 'NONE', ( #1142 ), #1122, .T. ) ;
#522 = ADVANCED_FACE ( 'NONE', ( #1130 ), #1104, .T. ) ;
#523 = ADVANCED_FACE ( 'NONE', ( #1103 ), #1145, .T. ) ;
#524 = ADVANCED_FACE ( 'NONE', ( #1131 ), #1126, .T. ) ;
#525 = ADVANCED_FACE ( 'NONE', ( #1132 ), #1146, .T. ) ;
#526 = ADVANCED_FACE ( 'NONE', ( #1107 ), #1133, .T. ) ;
#527 = ADVANCED_FACE ( 'NONE', ( #1147 ), #1136, .T. ) ;
#528 = ADVANCED_FACE ( 'NONE', ( #1096 ), #1106, .T. ) ;
#529 = ADVANCED_FACE ( 'NONE', ( #1097 ), #1118, .T. ) ;
#530 = ADVANCED_FACE ( 'NONE', ( #1128 ), #1120, .T. ) ;
#531 = ADVANCED_FACE ( 'NONE', ( #1123 ), #1127, .T. ) ;
#532 = ADVANCED_FACE ( 'NONE', ( #1101 ), #1490, .T. ) ;
#533 = ADVANCED_FACE ( 'NONE', ( #1105 ), #1110, .T. ) ;
#534 = ADVANCED_FACE ( 'NONE', ( #1099 ), #1108, .T. ) ;
#535 = ADVANCED_FACE ( 'NONE', ( #1109 ), #1479, .T. ) ;
#536 = ADVANCED_FACE ( 'NONE', ( #1114 ), #1112, .T. ) ;
#537 = ADVANCED_FACE ( 'NONE', ( #1111 ), #1489, .T. ) ;
#538 = ADVANCED_FACE ( 'NONE', ( #1113 ), #1138, .T. ) ;
#539 = ADVANCED_FACE ( 'NONE', ( #1140 ), #1100, .T. ) ;
#540 = ADVANCED_FACE ( 'NONE', ( #1117 ), #1129, .T. ) ;
#541 = ADVANCED_FACE ( 'NONE', ( #1137 ), #1124, .T. ) ;
#542 = ADVANCED_FACE ( 'NONE', ( #1143 ), #1170, .T. ) ;
#543 = ADVANCED_FACE ( 'NONE', ( #1115 ), #1121, .T. ) ;
#544 = ADVANCED_FACE ( 'NONE', ( #1172 ), #1199, .T. ) ;
#545 = ADVANCED_FACE ( 'NONE', ( #1182 ), #1187, .T. ) ;
#546 = ADVANCED_FACE ( 'NONE', ( #1155 ), #1207, .T. ) ;
#547 = ADVANCED_FACE ( 'NONE', ( #1148 ), #1157, .T. ) ;
#548 = ADVANCED_FACE ( 'NONE', ( #1116 ), #1153, .T. ) ;
#549 = ADVANCED_FACE ( 'NONE', ( #1158 ), #1477, .T. ) ;
#550 = ADVANCED_FACE ( 'NONE', ( #1152 ), #1196, .T. ) ;
#551 = ADVANCED_FACE ( 'NONE', ( #1175 ), #1169, .T. ) ;
#552 = ADVANCED_FACE ( 'NONE', ( #1179 ), #1167, .T. ) ;
#553 = ADVANCED_FACE ( 'NONE', ( #1183 ), #1162, .T. ) ;
#554 = ADVANCED_FACE ( 'NONE', ( #1160 ), #1156, .T. ) ;
#555 = ADVANCED_FACE ( 'NONE', ( #1176 ), #1194, .T. ) ;
#556 = ADVANCED_FACE ( 'NONE', ( #1180 ), #1190, .T. ) ;
#557 = ADVANCED_FACE ( 'NONE', ( #1171 ), #1478, .T. ) ;
#558 = ADVANCED_FACE ( 'NONE', ( #1149 ), #1480, .T. ) ;
#559 = ADVANCED_FACE ( 'NONE', ( #1164 ), #1188, .T. ) ;
#560 = ADVANCED_FACE ( 'NONE', ( #1189 ), #1150, .T. ) ;
#561 = ORIENTED_EDGE ( 'NONE', *, *, #1876, .T. ) ;
#562 = ORIENTED_EDGE ( 'NONE', *, *, #1917, .T. ) ;
#563 = ORIENTED_EDGE ( 'NONE', *, *, #1950, .T. ) ;
#564 = ORIENTED_EDGE ( 'NONE', *, *, #1956, .T. ) ;
#565 = ORIENTED_EDGE ( 'NONE', *, *, #1858, .T. ) ;
#566 = ORIENTED_EDGE ( 'NONE', *, *, #1874, .T. ) ;
#567 = ORIENTED_EDGE ( 'NONE', *, *, #1881, .T. ) ;
#568 = ORIENTED_EDGE ( 'NONE', *, *, #1826, .T. ) ;
#569 = ORIENTED_EDGE ( 'NONE', *, *, #1918, .T. ) ;
#570 = ORIENTED_EDGE ( 'NONE', *, *, #1952, .T. ) ;
#571 = ORIENTED_EDGE ( 'NONE', *, *, #1850, .T. ) ;
#572 = ORIENTED_EDGE ( 'NONE', *, *, #1953, .T. ) ;
#573 = ORIENTED_EDGE ( 'NONE', *, *, #1911, .T. ) ;
#574 = ORIENTED_EDGE ( 'NONE', *, *, #1944, .T. ) ;
#575 = ORIENTED_EDGE ( 'NONE', *, *, #1954, .T. ) ;
#576 = ORIENTED_EDGE ( 'NONE', *, *, #1943, .T. ) ;
#577 = ORIENTED_EDGE ( 'NONE', *, *, #1830, .T. ) ;
#578 = ORIENTED_EDGE ( 'NONE', *, *, #1921, .T. ) ;
#579 = ORIENTED_EDGE ( 'NONE', *, *, #1856, .T. ) ;
#580 = ORIENTED_EDGE ( 'NONE', *, *, #1928, .T. ) ;
#581 = ORIENTED_EDGE ( 'NONE', *, *, #1958, .T. ) ;
#582 = ORIENTED_EDGE ( 'NONE', *, *, #1931, .T. ) ;
#583 = ORIENTED_EDGE ( 'NONE', *, *, #1940, .T. ) ;
#584 = ORIENTED_EDGE ( 'NONE', *, *, #1842, .T. ) ;
#585 = ORIENTED_EDGE ( 'NONE', *, *, #1861, .T. ) ;
#586 = ORIENTED_EDGE ( 'NONE', *, *, #1930, .T. ) ;
#587 = ORIENTED_EDGE ( 'NONE', *, *, #1929, .T. ) ;
#588 = ORIENTED_EDGE ( 'NONE', *, *, #1855, .T. ) ;
#589 = ORIENTED_EDGE ( 'NONE', *, *, #1915, .T. ) ;
#590 = ORIENTED_EDGE ( 'NONE', *, *, #1949, .T. ) ;
#591 = ORIENTED_EDGE ( 'NONE', *, *, #1926, .T. ) ;
#592 = ORIENTED_EDGE ( 'NONE', *, *, #1883, .T. ) ;
#593 = ORIENTED_EDGE ( 'NONE', *, *, #1865, .T. ) ;
#594 = ORIENTED_EDGE ( 'NONE', *, *, #1846, .T. ) ;
#595 = ORIENTED_EDGE ( 'NONE', *, *, #1959, .T. ) ;
#596 = ORIENTED_EDGE ( 'NONE', *, *, #1847, .T. ) ;
#597 = ORIENTED_EDGE ( 'NONE', *, *, #1948, .T. ) ;
#598 = ORIENTED_EDGE ( 'NONE', *, *, #1885, .T. ) ;
#599 = ORIENTED_EDGE ( 'NONE', *, *, #1878, .T. ) ;
#600 = ORIENTED_EDGE ( 'NONE', *, *, #1957, .T. ) ;
#601 = ORIENTED_EDGE ( 'NONE', *, *, #1955, .T. ) ;
#602 = ORIENTED_EDGE ( 'NONE', *, *, #1840, .F. ) ;
#603 = ORIENTED_EDGE ( 'NONE', *, *, #1927, .T. ) ;
#604 = ORIENTED_EDGE ( 'NONE', *, *, #1938, .T. ) ;
#605 = ORIENTED_EDGE ( 'NONE', *, *, #1920, .T. ) ;
#606 = ORIENTED_EDGE ( 'NONE', *, *, #1914, .T. ) ;
#607 = ORIENTED_EDGE ( 'NONE', *, *, #1877, .T. ) ;
#608 = ORIENTED_EDGE ( 'NONE', *, *, #1827, .T. ) ;
#609 = ORIENTED_EDGE ( 'NONE', *, *, #1716, .F. ) ;
#610 = ORIENTED_EDGE ( 'NONE', *, *, #1889, .T. ) ;
#611 = ORIENTED_EDGE ( 'NONE', *, *, #1833, .T. ) ;
#612 = ORIENTED_EDGE ( 'NONE', *, *, #1693, .T. ) ;
#613 = ORIENTED_EDGE ( 'NONE', *, *, #1762, .T. ) ;
#614 = ORIENTED_EDGE ( 'NONE', *, *, #1763, .F. ) ;
#615 = ORIENTED_EDGE ( 'NONE', *, *, #1851, .T. ) ;
#616 = ORIENTED_EDGE ( 'NONE', *, *, #1844, .T. ) ;
#617 = ORIENTED_EDGE ( 'NONE', *, *, #1706, .T. ) ;
#618 = ORIENTED_EDGE ( 'NONE', *, *, #1720, .T. ) ;
#619 = ORIENTED_EDGE ( 'NONE', *, *, #1823, .T. ) ;
#620 = ORIENTED_EDGE ( 'NONE', *, *, #1719, .T. ) ;
#621 = ORIENTED_EDGE ( 'NONE', *, *, #1836, .F. ) ;
#622 = ORIENTED_EDGE ( 'NONE', *, *, #1726, .T. ) ;
#623 = ORIENTED_EDGE ( 'NONE', *, *, #1788, .T. ) ;
#624 = ORIENTED_EDGE ( 'NONE', *, *, #1936, .F. ) ;
#625 = ORIENTED_EDGE ( 'NONE', *, *, #1764, .T. ) ;
#626 = ORIENTED_EDGE ( 'NONE', *, *, #1847, .F. ) ;
#627 = ORIENTED_EDGE ( 'NONE', *, *, #1731, .F. ) ;
#628 = ORIENTED_EDGE ( 'NONE', *, *, #1752, .T. ) ;
#629 = ORIENTED_EDGE ( 'NONE', *, *, #1735, .F. ) ;
#630 = ORIENTED_EDGE ( 'NONE', *, *, #1791, .T. ) ;
#631 = ORIENTED_EDGE ( 'NONE', *, *, #1687, .T. ) ;
#632 = ORIENTED_EDGE ( 'NONE', *, *, #1742, .T. ) ;
#633 = ORIENTED_EDGE ( 'NONE', *, *, #1738, .T. ) ;
#634 = ORIENTED_EDGE ( 'NONE', *, *, #1709, .T. ) ;
#635 = ORIENTED_EDGE ( 'NONE', *, *, #1795, .T. ) ;
#636 = ORIENTED_EDGE ( 'NONE', *, *, #1982, .T. ) ;
#637 = ORIENTED_EDGE ( 'NONE', *, *, #1952, .F. ) ;
#638 = ORIENTED_EDGE ( 'NONE', *, *, #1759, .T. ) ;
#639 = ORIENTED_EDGE ( 'NONE', *, *, #1677, .T. ) ;
#640 = ORIENTED_EDGE ( 'NONE', *, *, #1753, .T. ) ;
#641 = ORIENTED_EDGE ( 'NONE', *, *, #1679, .F. ) ;
#642 = ORIENTED_EDGE ( 'NONE', *, *, #1738, .F. ) ;
#643 = ORIENTED_EDGE ( 'NONE', *, *, #1716, .T. ) ;
#644 = ORIENTED_EDGE ( 'NONE', *, *, #1703, .T. ) ;
#645 = ORIENTED_EDGE ( 'NONE', *, *, #1759, .F. ) ;
#646 = ORIENTED_EDGE ( 'NONE', *, *, #1886, .T. ) ;
#647 = ORIENTED_EDGE ( 'NONE', *, *, #1699, .T. ) ;
#648 = ORIENTED_EDGE ( 'NONE', *, *, #1682, .F. ) ;
#649 = ORIENTED_EDGE ( 'NONE', *, *, #1923, .T. ) ;
#650 = ORIENTED_EDGE ( 'NONE', *, *, #1698, .T. ) ;
#651 = ORIENTED_EDGE ( 'NONE', *, *, #1862, .T. ) ;
#652 = ORIENTED_EDGE ( 'NONE', *, *, #1839, .F. ) ;
#653 = ORIENTED_EDGE ( 'NONE', *, *, #1930, .F. ) ;
#654 = ORIENTED_EDGE ( 'NONE', *, *, #1718, .T. ) ;
#655 = ORIENTED_EDGE ( 'NONE', *, *, #1836, .T. ) ;
#656 = ORIENTED_EDGE ( 'NONE', *, *, #1682, .T. ) ;
#657 = ORIENTED_EDGE ( 'NONE', *, *, #1745, .T. ) ;
#658 = ORIENTED_EDGE ( 'NONE', *, *, #1731, .T. ) ;
#659 = ORIENTED_EDGE ( 'NONE', *, *, #1765, .T. ) ;
#660 = ORIENTED_EDGE ( 'NONE', *, *, #1688, .F. ) ;
#661 = ORIENTED_EDGE ( 'NONE', *, *, #1686, .T. ) ;
#662 = ORIENTED_EDGE ( 'NONE', *, *, #1728, .T. ) ;
#663 = ORIENTED_EDGE ( 'NONE', *, *, #1704, .T. ) ;
#664 = ORIENTED_EDGE ( 'NONE', *, *, #1678, .F. ) ;
#665 = ORIENTED_EDGE ( 'NONE', *, *, #1714, .F. ) ;
#666 = ORIENTED_EDGE ( 'NONE', *, *, #1698, .F. ) ;
#667 = ORIENTED_EDGE ( 'NONE', *, *, #1872, .F. ) ;
#668 = ORIENTED_EDGE ( 'NONE', *, *, #1677, .F. ) ;
#669 = ORIENTED_EDGE ( 'NONE', *, *, #1684, .T. ) ;
#670 = ORIENTED_EDGE ( 'NONE', *, *, #1680, .T. ) ;
#671 = ORIENTED_EDGE ( 'NONE', *, *, #1728, .F. ) ;
#672 = ORIENTED_EDGE ( 'NONE', *, *, #1705, .T. ) ;
#673 = ORIENTED_EDGE ( 'NONE', *, *, #1697, .T. ) ;
#674 = ORIENTED_EDGE ( 'NONE', *, *, #1941, .T. ) ;
#675 = ORIENTED_EDGE ( 'NONE', *, *, #1744, .T. ) ;
#676 = ORIENTED_EDGE ( 'NONE', *, *, #1736, .T. ) ;
#677 = ORIENTED_EDGE ( 'NONE', *, *, #1725, .T. ) ;
#678 = ORIENTED_EDGE ( 'NONE', *, *, #1724, .T. ) ;
#679 = ORIENTED_EDGE ( 'NONE', *, *, #1763, .T. ) ;
#680 = ORIENTED_EDGE ( 'NONE', *, *, #1683, .T. ) ;
#681 = ORIENTED_EDGE ( 'NONE', *, *, #1746, .T. ) ;
#682 = ORIENTED_EDGE ( 'NONE', *, *, #1697, .F. ) ;
#683 = ORIENTED_EDGE ( 'NONE', *, *, #1764, .F. ) ;
#684 = ORIENTED_EDGE ( 'NONE', *, *, #1838, .F. ) ;
#685 = ORIENTED_EDGE ( 'NONE', *, *, #1735, .T. ) ;
#686 = ORIENTED_EDGE ( 'NONE', *, *, #1708, .T. ) ;
#687 = ORIENTED_EDGE ( 'NONE', *, *, #1699, .F. ) ;
#688 = ORIENTED_EDGE ( 'NONE', *, *, #1694, .T. ) ;
#689 = ORIENTED_EDGE ( 'NONE', *, *, #1882, .T. ) ;
#690 = ORIENTED_EDGE ( 'NONE', *, *, #1678, .T. ) ;
#691 = ORIENTED_EDGE ( 'NONE', *, *, #1707, .T. ) ;
#692 = ORIENTED_EDGE ( 'NONE', *, *, #1679, .T. ) ;
#693 = ORIENTED_EDGE ( 'NONE', *, *, #1859, .F. ) ;
#694 = ORIENTED_EDGE ( 'NONE', *, *, #1688, .T. ) ;
#695 = ORIENTED_EDGE ( 'NONE', *, *, #1684, .F. ) ;
#696 = ORIENTED_EDGE ( 'NONE', *, *, #1693, .F. ) ;
#697 = ORIENTED_EDGE ( 'NONE', *, *, #1700, .T. ) ;
#698 = ORIENTED_EDGE ( 'NONE', *, *, #1714, .T. ) ;
#699 = ORIENTED_EDGE ( 'NONE', *, *, #1868, .F. ) ;
#700 = ORIENTED_EDGE ( 'NONE', *, *, #1946, .T. ) ;
#701 = ORIENTED_EDGE ( 'NONE', *, *, #1691, .T. ) ;
#702 = ORIENTED_EDGE ( 'NONE', *, *, #1706, .F. ) ;
#703 = ORIENTED_EDGE ( 'NONE', *, *, #1701, .T. ) ;
#704 = ORIENTED_EDGE ( 'NONE', *, *, #1752, .F. ) ;
#705 = ORIENTED_EDGE ( 'NONE', *, *, #1744, .F. ) ;
#706 = ORIENTED_EDGE ( 'NONE', *, *, #1841, .T. ) ;
#707 = ORIENTED_EDGE ( 'NONE', *, *, #1712, .T. ) ;
#708 = ORIENTED_EDGE ( 'NONE', *, *, #1718, .F. ) ;
#709 = ORIENTED_EDGE ( 'NONE', *, *, #1711, .T. ) ;
#710 = ORIENTED_EDGE ( 'NONE', *, *, #1736, .F. ) ;
#711 = ORIENTED_EDGE ( 'NONE', *, *, #1709, .F. ) ;
#712 = ORIENTED_EDGE ( 'NONE', *, *, #1727, .T. ) ;
#713 = ORIENTED_EDGE ( 'NONE', *, *, #1691, .F. ) ;
#714 = ORIENTED_EDGE ( 'NONE', *, *, #1732, .F. ) ;
#715 = ORIENTED_EDGE ( 'NONE', *, *, #1739, .T. ) ;
#716 = ORIENTED_EDGE ( 'NONE', *, *, #1690, .T. ) ;
#717 = ORIENTED_EDGE ( 'NONE', *, *, #1713, .T. ) ;
#718 = ORIENTED_EDGE ( 'NONE', *, *, #1794, .T. ) ;
#719 = ORIENTED_EDGE ( 'NONE', *, *, #1692, .F. ) ;
#720 = ORIENTED_EDGE ( 'NONE', *, *, #1685, .T. ) ;
#721 = ORIENTED_EDGE ( 'NONE', *, *, #1710, .F. ) ;
#722 = ORIENTED_EDGE ( 'NONE', *, *, #1857, .T. ) ;
#723 = ORIENTED_EDGE ( 'NONE', *, *, #1689, .F. ) ;
#724 = ORIENTED_EDGE ( 'NONE', *, *, #1765, .F. ) ;
#725 = ORIENTED_EDGE ( 'NONE', *, *, #1696, .T. ) ;
#726 = ORIENTED_EDGE ( 'NONE', *, *, #1829, .T. ) ;
#727 = ORIENTED_EDGE ( 'NONE', *, *, #1739, .F. ) ;
#728 = ORIENTED_EDGE ( 'NONE', *, *, #1727, .F. ) ;
#729 = ORIENTED_EDGE ( 'NONE', *, *, #1702, .T. ) ;
#730 = ORIENTED_EDGE ( 'NONE', *, *, #1683, .F. ) ;
#731 = ORIENTED_EDGE ( 'NONE', *, *, #1723, .F. ) ;
#732 = ORIENTED_EDGE ( 'NONE', *, *, #1780, .F. ) ;
#733 = ORIENTED_EDGE ( 'NONE', *, *, #1741, .F. ) ;
#734 = ORIENTED_EDGE ( 'NONE', *, *, #1771, .F. ) ;
#735 = ORIENTED_EDGE ( 'NONE', *, *, #1681, .T. ) ;
#736 = ORIENTED_EDGE ( 'NONE', *, *, #1775, .T. ) ;
#737 = ORIENTED_EDGE ( 'NONE', *, *, #1767, .F. ) ;
#738 = ORIENTED_EDGE ( 'NONE', *, *, #1710, .T. ) ;
#739 = ORIENTED_EDGE ( 'NONE', *, *, #1694, .F. ) ;
#740 = ORIENTED_EDGE ( 'NONE', *, *, #1695, .T. ) ;
#741 = ORIENTED_EDGE ( 'NONE', *, *, #1717, .T. ) ;
#742 = ORIENTED_EDGE ( 'NONE', *, *, #1760, .T. ) ;
#743 = ORIENTED_EDGE ( 'NONE', *, *, #1740, .T. ) ;
#744 = ORIENTED_EDGE ( 'NONE', *, *, #1767, .T. ) ;
#745 = ORIENTED_EDGE ( 'NONE', *, *, #1685, .F. ) ;
#746 = ORIENTED_EDGE ( 'NONE', *, *, #1756, .T. ) ;
#747 = ORIENTED_EDGE ( 'NONE', *, *, #1757, .F. ) ;
#748 = ORIENTED_EDGE ( 'NONE', *, *, #1761, .F. ) ;
#749 = ORIENTED_EDGE ( 'NONE', *, *, #1774, .T. ) ;
#750 = ORIENTED_EDGE ( 'NONE', *, *, #1741, .T. ) ;
#751 = ORIENTED_EDGE ( 'NONE', *, *, #1757, .T. ) ;
#752 = ORIENTED_EDGE ( 'NONE', *, *, #1734, .F. ) ;
#753 = ORIENTED_EDGE ( 'NONE', *, *, #1734, .T. ) ;
#754 = ORIENTED_EDGE ( 'NONE', *, *, #1755, .F. ) ;
#755 = ORIENTED_EDGE ( 'NONE', *, *, #1747, .T. ) ;
#756 = ORIENTED_EDGE ( 'NONE', *, *, #1680, .F. ) ;
#757 = ORIENTED_EDGE ( 'NONE', *, *, #1884, .F. ) ;
#758 = ORIENTED_EDGE ( 'NONE', *, *, #1931, .F. ) ;
#759 = ORIENTED_EDGE ( 'NONE', *, *, #1887, .F. ) ;
#760 = ORIENTED_EDGE ( 'NONE', *, *, #1754, .F. ) ;
#761 = ORIENTED_EDGE ( 'NONE', *, *, #1801, .F. ) ;
#762 = ORIENTED_EDGE ( 'NONE', *, *, #1804, .F. ) ;
#763 = ORIENTED_EDGE ( 'NONE', *, *, #1708, .F. ) ;
#764 = ORIENTED_EDGE ( 'NONE', *, *, #1808, .T. ) ;
#765 = ORIENTED_EDGE ( 'NONE', *, *, #1729, .F. ) ;
#766 = ORIENTED_EDGE ( 'NONE', *, *, #1793, .T. ) ;
#767 = ORIENTED_EDGE ( 'NONE', *, *, #1954, .F. ) ;
#768 = ORIENTED_EDGE ( 'NONE', *, *, #1855, .F. ) ;
#769 = ORIENTED_EDGE ( 'NONE', *, *, #1702, .F. ) ;
#770 = ORIENTED_EDGE ( 'NONE', *, *, #1801, .T. ) ;
#771 = ORIENTED_EDGE ( 'NONE', *, *, #1725, .F. ) ;
#772 = ORIENTED_EDGE ( 'NONE', *, *, #1713, .F. ) ;
#773 = ORIENTED_EDGE ( 'NONE', *, *, #1804, .T. ) ;
#774 = ORIENTED_EDGE ( 'NONE', *, *, #1806, .F. ) ;
#775 = ORIENTED_EDGE ( 'NONE', *, *, #1950, .F. ) ;
#776 = ORIENTED_EDGE ( 'NONE', *, *, #1747, .F. ) ;
#777 = ORIENTED_EDGE ( 'NONE', *, *, #1806, .T. ) ;
#778 = ORIENTED_EDGE ( 'NONE', *, *, #1821, .F. ) ;
#779 = ORIENTED_EDGE ( 'NONE', *, *, #1825, .T. ) ;
#780 = ORIENTED_EDGE ( 'NONE', *, *, #1808, .F. ) ;
#781 = ORIENTED_EDGE ( 'NONE', *, *, #1805, .T. ) ;
#782 = ORIENTED_EDGE ( 'NONE', *, *, #1846, .F. ) ;
#783 = ORIENTED_EDGE ( 'NONE', *, *, #1781, .T. ) ;
#784 = VERTEX_POINT ( 'NONE', #1595 ) ;
#785 = VERTEX_POINT ( 'NONE', #1591 ) ;
#786 = VERTEX_POINT ( 'NONE', #1592 ) ;
#787 = VERTEX_POINT ( 'NONE', #1596 ) ;
#788 = VERTEX_POINT ( 'NONE', #1492 ) ;
#789 = VERTEX_POINT ( 'NONE', #1593 ) ;
#790 = VERTEX_POINT ( 'NONE', #1493 ) ;
#791 = VERTEX_POINT ( 'NONE', #1594 ) ;
#792 = VERTEX_POINT ( 'NONE', #1494 ) ;
#793 = VERTEX_POINT ( 'NONE', #1495 ) ;
#794 = VERTEX_POINT ( 'NONE', #1496 ) ;
#795 = VERTEX_POINT ( 'NONE', #1497 ) ;
#796 = VERTEX_POINT ( 'NONE', #1498 ) ;
#797 = VERTEX_POINT ( 'NONE', #1499 ) ;
#798 = VERTEX_POINT ( 'NONE', #1510 ) ;
#799 = VERTEX_POINT ( 'NONE', #1500 ) ;
#800 = VERTEX_POINT ( 'NONE', #1511 ) ;
#801 = VERTEX_POINT ( 'NONE', #1512 ) ;
#802 = VERTEX_POINT ( 'NONE', #1505 ) ;
#803 = VERTEX_POINT ( 'NONE', #1501 ) ;
#804 = VERTEX_POINT ( 'NONE', #1509 ) ;
#805 = VERTEX_POINT ( 'NONE', #1507 ) ;
#806 = VERTEX_POINT ( 'NONE', #1506 ) ;
#807 = VERTEX_POINT ( 'NONE', #1502 ) ;
#808 = VERTEX_POINT ( 'NONE', #1503 ) ;
#809 = VERTEX_POINT ( 'NONE', #1504 ) ;
#810 = VERTEX_POINT ( 'NONE', #1508 ) ;
#811 = VERTEX_POINT ( 'NONE', #1526 ) ;
#812 = VERTEX_POINT ( 'NONE', #1517 ) ;
#813 = VERTEX_POINT ( 'NONE', #1521 ) ;
#814 = VERTEX_POINT ( 'NONE', #1528 ) ;
#815 = VERTEX_POINT ( 'NONE', #1522 ) ;
#816 = VERTEX_POINT ( 'NONE', #1518 ) ;
#817 = VERTEX_POINT ( 'NONE', #1523 ) ;
#818 = VERTEX_POINT ( 'NONE', #1524 ) ;
#819 = VERTEX_POINT ( 'NONE', #1513 ) ;
#820 = VERTEX_POINT ( 'NONE', #1525 ) ;
#821 = VERTEX_POINT ( 'NONE', #1527 ) ;
#822 = VERTEX_POINT ( 'NONE', #1529 ) ;
#823 = VERTEX_POINT ( 'NONE', #1515 ) ;
#824 = VERTEX_POINT ( 'NONE', #1530 ) ;
#825 = VERTEX_POINT ( 'NONE', #1514 ) ;
#826 = VERTEX_POINT ( 'NONE', #1531 ) ;
#827 = VERTEX_POINT ( 'NONE', #1532 ) ;
#828 = VERTEX_POINT ( 'NONE', #1516 ) ;
#829 = VERTEX_POINT ( 'NONE', #1519 ) ;
#830 = VERTEX_POINT ( 'NONE', #1520 ) ;
#831 = VERTEX_POINT ( 'NONE', #1562 ) ;
#832 = VERTEX_POINT ( 'NONE', #1541 ) ;
#833 = VERTEX_POINT ( 'NONE', #1563 ) ;
#834 = VERTEX_POINT ( 'NONE', #1548 ) ;
#835 = VERTEX_POINT ( 'NONE', #1556 ) ;
#836 = VERTEX_POINT ( 'NONE', #1557 ) ;
#837 = VERTEX_POINT ( 'NONE', #1542 ) ;
#838 = VERTEX_POINT ( 'NONE', #1555 ) ;
#839 = VERTEX_POINT ( 'NONE', #1534 ) ;
#840 = VERTEX_POINT ( 'NONE', #1543 ) ;
#841 = ORIENTED_EDGE ( 'NONE', *, *, #1914, .F. ) ;
#842 = ORIENTED_EDGE ( 'NONE', *, *, #1947, .F. ) ;
#843 = ORIENTED_EDGE ( 'NONE', *, *, #1951, .T. ) ;
#844 = ORIENTED_EDGE ( 'NONE', *, *, #1932, .T. ) ;
#845 = ORIENTED_EDGE ( 'NONE', *, *, #1962, .T. ) ;
#846 = ORIENTED_EDGE ( 'NONE', *, *, #1968, .T. ) ;
#847 = ORIENTED_EDGE ( 'NONE', *, *, #1953, .F. ) ;
#848 = ORIENTED_EDGE ( 'NONE', *, *, #1935, .F. ) ;
#849 = ORIENTED_EDGE ( 'NONE', *, *, #1945, .T. ) ;
#850 = ORIENTED_EDGE ( 'NONE', *, *, #1941, .F. ) ;
#851 = ORIENTED_EDGE ( 'NONE', *, *, #1919, .F. ) ;
#852 = ORIENTED_EDGE ( 'NONE', *, *, #1970, .T. ) ;
#853 = ORIENTED_EDGE ( 'NONE', *, *, #2000, .F. ) ;
#854 = ORIENTED_EDGE ( 'NONE', *, *, #2005, .F. ) ;
#855 = ORIENTED_EDGE ( 'NONE', *, *, #1937, .F. ) ;
#856 = ORIENTED_EDGE ( 'NONE', *, *, #1849, .F. ) ;
#857 = ORIENTED_EDGE ( 'NONE', *, *, #1934, .T. ) ;
#858 = ORIENTED_EDGE ( 'NONE', *, *, #1916, .T. ) ;
#859 = ORIENTED_EDGE ( 'NONE', *, *, #1939, .T. ) ;
#860 = ORIENTED_EDGE ( 'NONE', *, *, #1732, .T. ) ;
#861 = ORIENTED_EDGE ( 'NONE', *, *, #1970, .F. ) ;
#862 = ORIENTED_EDGE ( 'NONE', *, *, #1973, .T. ) ;
#863 = ORIENTED_EDGE ( 'NONE', *, *, #1872, .T. ) ;
#864 = ORIENTED_EDGE ( 'NONE', *, *, #1868, .T. ) ;
#865 = ORIENTED_EDGE ( 'NONE', *, *, #1946, .F. ) ;
#866 = ORIENTED_EDGE ( 'NONE', *, *, #1887, .T. ) ;
#867 = ORIENTED_EDGE ( 'NONE', *, *, #1947, .T. ) ;
#868 = ORIENTED_EDGE ( 'NONE', *, *, #1848, .T. ) ;
#869 = ORIENTED_EDGE ( 'NONE', *, *, #1993, .F. ) ;
#870 = ORIENTED_EDGE ( 'NONE', *, *, #2004, .T. ) ;
#871 = ORIENTED_EDGE ( 'NONE', *, *, #1845, .T. ) ;
#872 = ORIENTED_EDGE ( 'NONE', *, *, #1843, .F. ) ;
#873 = ORIENTED_EDGE ( 'NONE', *, *, #1829, .F. ) ;
#874 = ORIENTED_EDGE ( 'NONE', *, *, #1968, .F. ) ;
#875 = ORIENTED_EDGE ( 'NONE', *, *, #1839, .T. ) ;
#876 = ORIENTED_EDGE ( 'NONE', *, *, #1869, .T. ) ;
#877 = ORIENTED_EDGE ( 'NONE', *, *, #1882, .F. ) ;
#878 = ORIENTED_EDGE ( 'NONE', *, *, #1857, .F. ) ;
#879 = ORIENTED_EDGE ( 'NONE', *, *, #1973, .F. ) ;
#880 = ORIENTED_EDGE ( 'NONE', *, *, #1761, .T. ) ;
#881 = ORIENTED_EDGE ( 'NONE', *, *, #2001, .F. ) ;
#882 = ORIENTED_EDGE ( 'NONE', *, *, #1942, .F. ) ;
#883 = ORIENTED_EDGE ( 'NONE', *, *, #1933, .T. ) ;
#884 = ORIENTED_EDGE ( 'NONE', *, *, #1976, .T. ) ;
#885 = ORIENTED_EDGE ( 'NONE', *, *, #2006, .F. ) ;
#886 = ORIENTED_EDGE ( 'NONE', *, *, #1884, .T. ) ;
#887 = ORIENTED_EDGE ( 'NONE', *, *, #1871, .T. ) ;
#888 = ORIENTED_EDGE ( 'NONE', *, *, #1924, .F. ) ;
#889 = ORIENTED_EDGE ( 'NONE', *, *, #1841, .F. ) ;
#890 = ORIENTED_EDGE ( 'NONE', *, *, #1838, .T. ) ;
#891 = ORIENTED_EDGE ( 'NONE', *, *, #1837, .F. ) ;
#892 = ORIENTED_EDGE ( 'NONE', *, *, #1854, .T. ) ;
#893 = ORIENTED_EDGE ( 'NONE', *, *, #1948, .F. ) ;
#894 = ORIENTED_EDGE ( 'NONE', *, *, #1831, .F. ) ;
#895 = ORIENTED_EDGE ( 'NONE', *, *, #1943, .F. ) ;
#896 = ORIENTED_EDGE ( 'NONE', *, *, #1866, .T. ) ;
#897 = ORIENTED_EDGE ( 'NONE', *, *, #1833, .F. ) ;
#898 = ORIENTED_EDGE ( 'NONE', *, *, #1844, .F. ) ;
#899 = ORIENTED_EDGE ( 'NONE', *, *, #1870, .T. ) ;
#900 = ORIENTED_EDGE ( 'NONE', *, *, #1867, .T. ) ;
#901 = ORIENTED_EDGE ( 'NONE', *, *, #1982, .F. ) ;
#902 = ORIENTED_EDGE ( 'NONE', *, *, #1853, .T. ) ;
#903 = ORIENTED_EDGE ( 'NONE', *, *, #1879, .T. ) ;
#904 = ORIENTED_EDGE ( 'NONE', *, *, #2001, .T. ) ;
#905 = ORIENTED_EDGE ( 'NONE', *, *, #1837, .T. ) ;
#906 = ORIENTED_EDGE ( 'NONE', *, *, #1859, .T. ) ;
#907 = ORIENTED_EDGE ( 'NONE', *, *, #1849, .T. ) ;
#908 = ORIENTED_EDGE ( 'NONE', *, *, #1832, .T. ) ;
#909 = ORIENTED_EDGE ( 'NONE', *, *, #1828, .T. ) ;
#910 = ORIENTED_EDGE ( 'NONE', *, *, #1840, .T. ) ;
#911 = ORIENTED_EDGE ( 'NONE', *, *, #1863, .T. ) ;
#912 = ORIENTED_EDGE ( 'NONE', *, *, #1880, .F. ) ;
#913 = ORIENTED_EDGE ( 'NONE', *, *, #1722, .F. ) ;
#914 = ORIENTED_EDGE ( 'NONE', *, *, #1784, .T. ) ;
#915 = ORIENTED_EDGE ( 'NONE', *, *, #1769, .T. ) ;
#916 = ORIENTED_EDGE ( 'NONE', *, *, #1881, .F. ) ;
#917 = ORIENTED_EDGE ( 'NONE', *, *, #1692, .T. ) ;
#918 = ORIENTED_EDGE ( 'NONE', *, *, #1792, .T. ) ;
#919 = ORIENTED_EDGE ( 'NONE', *, *, #1769, .F. ) ;
#920 = ORIENTED_EDGE ( 'NONE', *, *, #1723, .T. ) ;
#921 = ORIENTED_EDGE ( 'NONE', *, *, #1852, .F. ) ;
#922 = ORIENTED_EDGE ( 'NONE', *, *, #1796, .T. ) ;
#923 = ORIENTED_EDGE ( 'NONE', *, *, #1689, .T. ) ;
#924 = ORIENTED_EDGE ( 'NONE', *, *, #1792, .F. ) ;
#925 = ORIENTED_EDGE ( 'NONE', *, *, #1934, .F. ) ;
#926 = ORIENTED_EDGE ( 'NONE', *, *, #2000, .T. ) ;
#927 = ORIENTED_EDGE ( 'NONE', *, *, #1754, .T. ) ;
#928 = ORIENTED_EDGE ( 'NONE', *, *, #1924, .T. ) ;
#929 = ORIENTED_EDGE ( 'NONE', *, *, #1916, .F. ) ;
#930 = ORIENTED_EDGE ( 'NONE', *, *, #1742, .F. ) ;
#931 = ORIENTED_EDGE ( 'NONE', *, *, #1687, .F. ) ;
#932 = ORIENTED_EDGE ( 'NONE', *, *, #1755, .T. ) ;
#933 = ORIENTED_EDGE ( 'NONE', *, *, #1796, .F. ) ;
#934 = ORIENTED_EDGE ( 'NONE', *, *, #1962, .F. ) ;
#935 = ORIENTED_EDGE ( 'NONE', *, *, #1976, .F. ) ;
#936 = ORIENTED_EDGE ( 'NONE', *, *, #2006, .T. ) ;
#937 = ORIENTED_EDGE ( 'NONE', *, *, #1771, .T. ) ;
#938 = ORIENTED_EDGE ( 'NONE', *, *, #1715, .T. ) ;
#939 = ORIENTED_EDGE ( 'NONE', *, *, #1831, .T. ) ;
#940 = ORIENTED_EDGE ( 'NONE', *, *, #2004, .F. ) ;
#941 = ORIENTED_EDGE ( 'NONE', *, *, #2005, .T. ) ;
#942 = ORIENTED_EDGE ( 'NONE', *, *, #1722, .T. ) ;
#943 = ORIENTED_EDGE ( 'NONE', *, *, #1737, .T. ) ;
#944 = ORIENTED_EDGE ( 'NONE', *, *, #1993, .T. ) ;
#945 = ORIENTED_EDGE ( 'NONE', *, *, #1715, .F. ) ;
#946 = ORIENTED_EDGE ( 'NONE', *, *, #1880, .T. ) ;
#947 = ORIENTED_EDGE ( 'NONE', *, *, #1852, .T. ) ;
#948 = ORIENTED_EDGE ( 'NONE', *, *, #1875, .T. ) ;
#949 = ORIENTED_EDGE ( 'NONE', *, *, #1925, .F. ) ;
#950 = ORIENTED_EDGE ( 'NONE', *, *, #1797, .T. ) ;
#951 = ORIENTED_EDGE ( 'NONE', *, *, #1913, .T. ) ;
#952 = ORIENTED_EDGE ( 'NONE', *, *, #1936, .T. ) ;
#953 = ORIENTED_EDGE ( 'NONE', *, *, #1835, .T. ) ;
#954 = ORIENTED_EDGE ( 'NONE', *, *, #1864, .T. ) ;
#955 = ORIENTED_EDGE ( 'NONE', *, *, #1922, .T. ) ;
#956 = ORIENTED_EDGE ( 'NONE', *, *, #1862, .F. ) ;
#957 = ORIENTED_EDGE ( 'NONE', *, *, #1873, .T. ) ;
#958 = ORIENTED_EDGE ( 'NONE', *, *, #1834, .T. ) ;
#959 = ORIENTED_EDGE ( 'NONE', *, *, #1860, .T. ) ;
#960 = ORIENTED_EDGE ( 'NONE', *, *, #1843, .T. ) ;
#961 = ORIENTED_EDGE ( 'NONE', *, *, #1925, .T. ) ;
#962 = ORIENTED_EDGE ( 'NONE', *, *, #1780, .T. ) ;
#963 = ORIENTED_EDGE ( 'NONE', *, *, #1851, .F. ) ;
#964 = ORIENTED_EDGE ( 'NONE', *, *, #1888, .T. ) ;
#965 = ORIENTED_EDGE ( 'NONE', *, *, #1871, .F. ) ;
#966 = ORIENTED_EDGE ( 'NONE', *, *, #1917, .F. ) ;
#967 = ORIENTED_EDGE ( 'NONE', *, *, #1889, .F. ) ;
#968 = ORIENTED_EDGE ( 'NONE', *, *, #1912, .T. ) ;
#969 = ORIENTED_EDGE ( 'NONE', *, *, #1758, .T. ) ;
#970 = FACE_OUTER_BOUND ( 'NONE', #2318, .T. ) ;
#971 = FACE_OUTER_BOUND ( 'NONE', #2305, .T. ) ;
#972 = FACE_OUTER_BOUND ( 'NONE', #2275, .T. ) ;
#973 = FACE_OUTER_BOUND ( 'NONE', #2363, .T. ) ;
#974 = FACE_OUTER_BOUND ( 'NONE', #2312, .T. ) ;
#975 = FACE_BOUND ( 'NONE', #2320, .T. ) ;
#976 = TOROIDAL_SURFACE ( 'NONE', #2072, 5.200000000000001100, 1.000000000000000000 ) ;
#977 = CYLINDRICAL_SURFACE ( 'NONE', #2041, 4.200000000000002000 ) ;
#978 = FACE_OUTER_BOUND ( 'NONE', #2311, .T. ) ;
#979 = CYLINDRICAL_SURFACE ( 'NONE', #2071, 3.299999999999997200 ) ;
#980 = CYLINDRICAL_SURFACE ( 'NONE', #2064, 4.200000000000002000 ) ;
#981 = FACE_OUTER_BOUND ( 'NONE', #2263, .T. ) ;
#982 = FACE_OUTER_BOUND ( 'NONE', #2350, .T. ) ;
#983 = FACE_OUTER_BOUND ( 'NONE', #2276, .T. ) ;
#984 = FACE_BOUND ( 'NONE', #2332, .T. ) ;
#985 = CYLINDRICAL_SURFACE ( 'NONE', #2067, 1.000000000000000900 ) ;
#986 = FACE_OUTER_BOUND ( 'NONE', #2340, .T. ) ;
#987 = CYLINDRICAL_SURFACE ( 'NONE', #2038, 4.200000000000002800 ) ;
#988 = SPHERICAL_SURFACE ( 'NONE', #2045, 1.000000000000000000 ) ;
#989 = FACE_OUTER_BOUND ( 'NONE', #2325, .T. ) ;
#990 = FACE_OUTER_BOUND ( 'NONE', #2355, .T. ) ;
#991 = CYLINDRICAL_SURFACE ( 'NONE', #2066, 1.000000000000000900 ) ;
#992 = CYLINDRICAL_SURFACE ( 'NONE', #2060, 0.5000000000000108800 ) ;
#993 = FACE_OUTER_BOUND ( 'NONE', #2295, .T. ) ;
#994 = FACE_BOUND ( 'NONE', #2271, .T. ) ;
#995 = FACE_OUTER_BOUND ( 'NONE', #2259, .T. ) ;
#996 = CYLINDRICAL_SURFACE ( 'NONE', #2042, 1.000000000000000900 ) ;
#997 = CYLINDRICAL_SURFACE ( 'NONE', #2055, 0.5000000000000004400 ) ;
#998 = FACE_OUTER_BOUND ( 'NONE', #2262, .T. ) ;
#999 = FACE_OUTER_BOUND ( 'NONE', #2346, .T. ) ;
#1000 = FACE_OUTER_BOUND ( 'NONE', #2315, .T. ) ;
#1001 = FACE_OUTER_BOUND ( 'NONE', #2348, .T. ) ;
#1002 = FACE_OUTER_BOUND ( 'NONE', #2270, .T. ) ;
#1003 = FACE_OUTER_BOUND ( 'NONE', #2321, .T. ) ;
#1004 = CYLINDRICAL_SURFACE ( 'NONE', #2074, 1.000000000000000000 ) ;
#1005 = FACE_OUTER_BOUND ( 'NONE', #2347, .T. ) ;
#1006 = FACE_OUTER_BOUND ( 'NONE', #2291, .T. ) ;
#1007 = CYLINDRICAL_SURFACE ( 'NONE', #2061, 3.000000000000002700 ) ;
#1008 = FACE_OUTER_BOUND ( 'NONE', #2351, .T. ) ;
#1009 = FACE_OUTER_BOUND ( 'NONE', #2280, .T. ) ;
#1010 = FACE_OUTER_BOUND ( 'NONE', #2354, .T. ) ;
#1011 = CYLINDRICAL_SURFACE ( 'NONE', #2037, 4.200000000000002800 ) ;
#1012 = FACE_OUTER_BOUND ( 'NONE', #2296, .T. ) ;
#1013 = FACE_OUTER_BOUND ( 'NONE', #2286, .T. ) ;
#1014 = CYLINDRICAL_SURFACE ( 'NONE', #2056, 1.000000000000000900 ) ;
#1015 = FACE_OUTER_BOUND ( 'NONE', #2278, .T. ) ;
#1016 = FACE_OUTER_BOUND ( 'NONE', #2267, .T. ) ;
#1017 = FACE_OUTER_BOUND ( 'NONE', #2244, .T. ) ;
#1018 = FACE_OUTER_BOUND ( 'NONE', #2353, .T. ) ;
#1019 = CYLINDRICAL_SURFACE ( 'NONE', #2051, 3.299999999999994000 ) ;
#1020 = FACE_OUTER_BOUND ( 'NONE', #2324, .T. ) ;
#1021 = FACE_OUTER_BOUND ( 'NONE', #2299, .T. ) ;
#1022 = CYLINDRICAL_SURFACE ( 'NONE', #2106, 0.5000000000000004400 ) ;
#1023 = CYLINDRICAL_SURFACE ( 'NONE', #2068, 5.499999999999998200 ) ;
#1024 = CYLINDRICAL_SURFACE ( 'NONE', #2054, 0.5000000000000004400 ) ;
#1025 = FACE_OUTER_BOUND ( 'NONE', #2304, .T. ) ;
#1026 = FACE_OUTER_BOUND ( 'NONE', #2243, .T. ) ;
#1027 = FACE_OUTER_BOUND ( 'NONE', #2317, .T. ) ;
#1028 = CYLINDRICAL_SURFACE ( 'NONE', #2053, 0.5000000000000004400 ) ;
#1029 = FACE_OUTER_BOUND ( 'NONE', #2281, .T. ) ;
#1030 = CYLINDRICAL_SURFACE ( 'NONE', #2102, 1.000000000000000000 ) ;
#1031 = FACE_BOUND ( 'NONE', #2369, .T. ) ;
#1032 = FACE_OUTER_BOUND ( 'NONE', #2231, .T. ) ;
#1033 = CYLINDRICAL_SURFACE ( 'NONE', #2059, 0.5000000000000108800 ) ;
#1034 = FACE_OUTER_BOUND ( 'NONE', #2364, .T. ) ;
#1035 = FACE_OUTER_BOUND ( 'NONE', #2330, .T. ) ;
#1036 = FACE_OUTER_BOUND ( 'NONE', #2352, .T. ) ;
#1037 = FACE_OUTER_BOUND ( 'NONE', #2265, .T. ) ;
#1038 = CYLINDRICAL_SURFACE ( 'NONE', #2050, 1.000000000000000900 ) ;
#1039 = CYLINDRICAL_SURFACE ( 'NONE', #2119, 1.000000000000000900 ) ;
#1040 = FACE_OUTER_BOUND ( 'NONE', #2261, .T. ) ;
#1041 = VECTOR ( 'NONE', #3243, 1000.000000000000000 ) ;
#1042 = LINE ( 'NONE', #3256, #1087 ) ;
#1043 = CYLINDRICAL_SURFACE ( 'NONE', #2104, 4.200000000000002000 ) ;
#1044 = CIRCLE ( 'NONE', #2115, 4.200000000000002000 ) ;
#1045 = VECTOR ( 'NONE', #3239, 1000.000000000000100 ) ;
#1046 = VECTOR ( 'NONE', #3249, 1000.000000000000000 ) ;
#1047 = VECTOR ( 'NONE', #3228, 1000.000000000000000 ) ;
#1048 = CIRCLE ( 'NONE', #2101, 0.5000000000000004400 ) ;
#1049 = CIRCLE ( 'NONE', #2107, 0.5000000000000004400 ) ;
#1050 = LINE ( 'NONE', #3277, #1071 ) ;
#1051 = CYLINDRICAL_SURFACE ( 'NONE', #2082, 1.000000000000000900 ) ;
#1052 = LINE ( 'NONE', #3274, #1073 ) ;
#1053 = LINE ( 'NONE', #3251, #1046 ) ;
#1054 = LINE ( 'NONE', #3227, #1047 ) ;
#1055 = LINE ( 'NONE', #3252, #1056 ) ;
#1056 = VECTOR ( 'NONE', #3261, 1000.000000000000000 ) ;
#1057 = CYLINDRICAL_SURFACE ( 'NONE', #2112, 4.200000000000002000 ) ;
#1058 = LINE ( 'NONE', #3248, #1059 ) ;
#1059 = VECTOR ( 'NONE', #3279, 1000.000000000000000 ) ;
#1060 = VECTOR ( 'NONE', #3235, 1000.000000000000000 ) ;
#1061 = LINE ( 'NONE', #3246, #1083 ) ;
#1062 = CIRCLE ( 'NONE', #2077, 0.5000000000000004400 ) ;
#1063 = LINE ( 'NONE', #3238, #1041 ) ;
#1064 = LINE ( 'NONE', #3260, #1089 ) ;
#1065 = LINE ( 'NONE', #3271, #1067 ) ;
#1066 = VECTOR ( 'NONE', #3275, 1000.000000000000100 ) ;
#1067 = VECTOR ( 'NONE', #3268, 1000.000000000000000 ) ;
#1068 = VECTOR ( 'NONE', #3223, 1000.000000000000000 ) ;
#1069 = LINE ( 'NONE', #3226, #1079 ) ;
#1070 = LINE ( 'NONE', #3245, #1088 ) ;
#1071 = VECTOR ( 'NONE', #3257, 1000.000000000000000 ) ;
#1072 = CIRCLE ( 'NONE', #2087, 0.5000000000000108800 ) ;
#1073 = VECTOR ( 'NONE', #3270, 1000.000000000000000 ) ;
#1074 = CIRCLE ( 'NONE', #2089, 0.5000000000000108800 ) ;
#1075 = CIRCLE ( 'NONE', #2088, 1.000000000000000900 ) ;
#1076 = LINE ( 'NONE', #3218, #1045 ) ;
#1077 = LINE ( 'NONE', #3255, #1066 ) ;
#1078 = VECTOR ( 'NONE', #3281, 1000.000000000000000 ) ;
#1079 = VECTOR ( 'NONE', #3236, 1000.000000000000000 ) ;
#1080 = CYLINDRICAL_SURFACE ( 'NONE', #2079, 4.200000000000002000 ) ;
#1081 = LINE ( 'NONE', #3258, #1091 ) ;
#1082 = LINE ( 'NONE', #3280, #1078 ) ;
#1083 = VECTOR ( 'NONE', #3247, 1000.000000000000000 ) ;
#1084 = VECTOR ( 'NONE', #3211, 1000.000000000000100 ) ;
#1085 = LINE ( 'NONE', #3221, #1068 ) ;
#1086 = CIRCLE ( 'NONE', #2091, 0.5000000000000004400 ) ;
#1087 = VECTOR ( 'NONE', #3276, 1000.000000000000000 ) ;
#1088 = VECTOR ( 'NONE', #3263, 1000.000000000000100 ) ;
#1089 = VECTOR ( 'NONE', #3254, 1000.000000000000000 ) ;
#1090 = LINE ( 'NONE', #3229, #1084 ) ;
#1091 = VECTOR ( 'NONE', #3269, 1000.000000000000000 ) ;
#1092 = CIRCLE ( 'NONE', #2080, 4.200000000000002800 ) ;
#1093 = LINE ( 'NONE', #3242, #1060 ) ;
#1094 = CIRCLE ( 'NONE', #2090, 0.5000000000000004400 ) ;
#1095 = FACE_OUTER_BOUND ( 'NONE', #2349, .T. ) ;
#1096 = FACE_OUTER_BOUND ( 'NONE', #2297, .T. ) ;
#1097 = FACE_OUTER_BOUND ( 'NONE', #2237, .T. ) ;
#1098 = CYLINDRICAL_SURFACE ( 'NONE', #1961, 0.9999999999999988900 ) ;
#1099 = FACE_OUTER_BOUND ( 'NONE', #2241, .T. ) ;
#1100 = CYLINDRICAL_SURFACE ( 'NONE', #1984, 0.9999999999999988900 ) ;
#1101 = FACE_OUTER_BOUND ( 'NONE', #2268, .T. ) ;
#1102 = CYLINDRICAL_SURFACE ( 'NONE', #1969, 1.000000000000000900 ) ;
#1103 = FACE_OUTER_BOUND ( 'NONE', #2220, .T. ) ;
#1104 = CYLINDRICAL_SURFACE ( 'NONE', #2007, 1.000000000000000000 ) ;
#1105 = FACE_OUTER_BOUND ( 'NONE', #2309, .T. ) ;
#1106 = CYLINDRICAL_SURFACE ( 'NONE', #1980, 1.000000000000002000 ) ;
#1107 = FACE_OUTER_BOUND ( 'NONE', #2227, .T. ) ;
#1108 = TOROIDAL_SURFACE ( 'NONE', #1964, 5.200000000000001100, 1.000000000000000000 ) ;
#1109 = FACE_OUTER_BOUND ( 'NONE', #2274, .T. ) ;
#1110 = CYLINDRICAL_SURFACE ( 'NONE', #1983, 0.9999999999999988900 ) ;
#1111 = FACE_OUTER_BOUND ( 'NONE', #2293, .T. ) ;
#1112 = CYLINDRICAL_SURFACE ( 'NONE', #1996, 1.000000000000000900 ) ;
#1113 = FACE_OUTER_BOUND ( 'NONE', #2272, .T. ) ;
#1114 = FACE_OUTER_BOUND ( 'NONE', #2298, .T. ) ;
#1115 = FACE_OUTER_BOUND ( 'NONE', #2245, .T. ) ;
#1116 = FACE_OUTER_BOUND ( 'NONE', #2253, .T. ) ;
#1117 = FACE_OUTER_BOUND ( 'NONE', #2289, .T. ) ;
#1118 = SPHERICAL_SURFACE ( 'NONE', #1981, 1.000000000000000000 ) ;
#1119 = FACE_OUTER_BOUND ( 'NONE', #2236, .T. ) ;
#1120 = CYLINDRICAL_SURFACE ( 'NONE', #1979, 1.000000000000000900 ) ;
#1121 = TOROIDAL_SURFACE ( 'NONE', #1971, 5.200000000000001100, 1.000000000000000000 ) ;
#1122 = TOROIDAL_SURFACE ( 'NONE', #1974, 5.200000000000001100, 1.000000000000000000 ) ;
#1123 = FACE_OUTER_BOUND ( 'NONE', #2283, .T. ) ;
#1124 = CYLINDRICAL_SURFACE ( 'NONE', #1987, 0.9999999999999988900 ) ;
#1125 = FACE_OUTER_BOUND ( 'NONE', #2255, .T. ) ;
#1126 = TOROIDAL_SURFACE ( 'NONE', #1960, 5.200000000000002000, 1.000000000000000000 ) ;
#1127 = SPHERICAL_SURFACE ( 'NONE', #1975, 1.000000000000000000 ) ;
#1128 = FACE_OUTER_BOUND ( 'NONE', #2222, .T. ) ;
#1129 = TOROIDAL_SURFACE ( 'NONE', #2008, 2.000000000000000000, 1.000000000000000000 ) ;
#1130 = FACE_OUTER_BOUND ( 'NONE', #2223, .T. ) ;
#1131 = FACE_OUTER_BOUND ( 'NONE', #2232, .T. ) ;
#1132 = FACE_OUTER_BOUND ( 'NONE', #2224, .T. ) ;
#1133 = TOROIDAL_SURFACE ( 'NONE', #1986, 5.200000000000001100, 1.000000000000000000 ) ;
#1134 = FACE_OUTER_BOUND ( 'NONE', #2242, .T. ) ;
#1135 = SPHERICAL_SURFACE ( 'NONE', #1977, 1.000000000000000000 ) ;
#1136 = SPHERICAL_SURFACE ( 'NONE', #2002, 1.000000000000000000 ) ;
#1137 = FACE_OUTER_BOUND ( 'NONE', #2310, .T. ) ;
#1138 = CYLINDRICAL_SURFACE ( 'NONE', #1963, 1.000000000000001300 ) ;
#1139 = FACE_OUTER_BOUND ( 'NONE', #2234, .T. ) ;
#1140 = FACE_OUTER_BOUND ( 'NONE', #2230, .T. ) ;
#1141 = CYLINDRICAL_SURFACE ( 'NONE', #1991, 1.000000000000000000 ) ;
#1142 = FACE_OUTER_BOUND ( 'NONE', #2246, .T. ) ;
#1143 = FACE_OUTER_BOUND ( 'NONE', #2308, .T. ) ;
#1144 = CYLINDRICAL_SURFACE ( 'NONE', #1978, 1.000000000000000000 ) ;
#1145 = CYLINDRICAL_SURFACE ( 'NONE', #1992, 1.000000000000002000 ) ;
#1146 = CYLINDRICAL_SURFACE ( 'NONE', #1972, 1.000000000000000900 ) ;
#1147 = FACE_OUTER_BOUND ( 'NONE', #2300, .T. ) ;
#1148 = FACE_OUTER_BOUND ( 'NONE', #2235, .T. ) ;
#1149 = FACE_OUTER_BOUND ( 'NONE', #2287, .T. ) ;
#1150 = CYLINDRICAL_SURFACE ( 'NONE', #2030, 1.000000000000000900 ) ;
#1151 = SPHERICAL_SURFACE ( 'NONE', #2025, 1.000000000000000000 ) ;
#1152 = FACE_OUTER_BOUND ( 'NONE', #2294, .T. ) ;
#1153 = TOROIDAL_SURFACE ( 'NONE', #1967, 5.200000000000002000, 1.000000000000000000 ) ;
#1154 = FACE_BOUND ( 'NONE', #2288, .T. ) ;
#1155 = FACE_OUTER_BOUND ( 'NONE', #2239, .T. ) ;
#1156 = CYLINDRICAL_SURFACE ( 'NONE', #2003, 1.000000000000000900 ) ;
#1157 = CYLINDRICAL_SURFACE ( 'NONE', #1995, 1.000000000000000900 ) ;
#1158 = FACE_OUTER_BOUND ( 'NONE', #2264, .T. ) ;
#1159 = SPHERICAL_SURFACE ( 'NONE', #2021, 1.000000000000000000 ) ;
#1160 = FACE_OUTER_BOUND ( 'NONE', #2269, .T. ) ;
#1161 = FACE_OUTER_BOUND ( 'NONE', #2254, .T. ) ;
#1162 = CYLINDRICAL_SURFACE ( 'NONE', #1999, 0.9999999999999988900 ) ;
#1163 = FACE_OUTER_BOUND ( 'NONE', #2247, .T. ) ;
#1164 = FACE_OUTER_BOUND ( 'NONE', #2221, .T. ) ;
#1165 = FACE_OUTER_BOUND ( 'NONE', #2331, .T. ) ;
#1166 = FACE_OUTER_BOUND ( 'NONE', #2344, .T. ) ;
#1167 = CYLINDRICAL_SURFACE ( 'NONE', #1998, 0.9999999999999988900 ) ;
#1168 = TOROIDAL_SURFACE ( 'NONE', #2028, 5.200000000000002000, 1.000000000000000000 ) ;
#1169 = TOROIDAL_SURFACE ( 'NONE', #1988, 2.000000000000000000, 1.000000000000000000 ) ;
#1170 = CYLINDRICAL_SURFACE ( 'NONE', #1966, 1.000000000000000900 ) ;
#1171 = FACE_OUTER_BOUND ( 'NONE', #2233, .T. ) ;
#1172 = FACE_OUTER_BOUND ( 'NONE', #2252, .T. ) ;
#1173 = FACE_OUTER_BOUND ( 'NONE', #2323, .T. ) ;
#1174 = FACE_OUTER_BOUND ( 'NONE', #2284, .T. ) ;
#1175 = FACE_OUTER_BOUND ( 'NONE', #2303, .T. ) ;
#1176 = FACE_OUTER_BOUND ( 'NONE', #2277, .T. ) ;
#1177 = SPHERICAL_SURFACE ( 'NONE', #2031, 1.000000000000000000 ) ;
#1178 = FACE_OUTER_BOUND ( 'NONE', #2302, .T. ) ;
#1179 = FACE_OUTER_BOUND ( 'NONE', #2273, .T. ) ;
#1180 = FACE_OUTER_BOUND ( 'NONE', #2256, .T. ) ;
#1181 = FACE_OUTER_BOUND ( 'NONE', #2322, .T. ) ;
#1182 = FACE_OUTER_BOUND ( 'NONE', #2240, .T. ) ;
#1183 = FACE_OUTER_BOUND ( 'NONE', #2292, .T. ) ;
#1184 = FACE_OUTER_BOUND ( 'NONE', #2251, .T. ) ;
#1185 = FACE_OUTER_BOUND ( 'NONE', #2342, .T. ) ;
#1186 = CYLINDRICAL_SURFACE ( 'NONE', #2011, 4.200000000000002000 ) ;
#1187 = SPHERICAL_SURFACE ( 'NONE', #1965, 1.000000000000000000 ) ;
#1188 = CYLINDRICAL_SURFACE ( 'NONE', #2019, 1.000000000000000900 ) ;
#1189 = FACE_OUTER_BOUND ( 'NONE', #2229, .T. ) ;
#1190 = CYLINDRICAL_SURFACE ( 'NONE', #2009, 1.000000000000000900 ) ;
#1191 = CYLINDRICAL_SURFACE ( 'NONE', #2018, 5.499999999999994700 ) ;
#1192 = FACE_BOUND ( 'NONE', #2285, .T. ) ;
#1193 = FACE_OUTER_BOUND ( 'NONE', #2306, .T. ) ;
#1194 = SPHERICAL_SURFACE ( 'NONE', #1997, 1.000000000000000000 ) ;
#1195 = FACE_OUTER_BOUND ( 'NONE', #2366, .T. ) ;
#1196 = CYLINDRICAL_SURFACE ( 'NONE', #1989, 0.9999999999999976700 ) ;
#1197 = FACE_OUTER_BOUND ( 'NONE', #2307, .T. ) ;
#1198 = CYLINDRICAL_SURFACE ( 'NONE', #2015, 3.000000000000002700 ) ;
#1199 = CYLINDRICAL_SURFACE ( 'NONE', #1994, 1.000000000000000000 ) ;
#1200 = FACE_OUTER_BOUND ( 'NONE', #2249, .T. ) ;
#1201 = SPHERICAL_SURFACE ( 'NONE', #2020, 1.000000000000000000 ) ;
#1202 = FACE_OUTER_BOUND ( 'NONE', #2301, .T. ) ;
#1203 = FACE_OUTER_BOUND ( 'NONE', #2279, .T. ) ;
#1204 = FACE_BOUND ( 'NONE', #2290, .T. ) ;
#1205 = CYLINDRICAL_SURFACE ( 'NONE', #2027, 3.299999999999997200 ) ;
#1206 = CYLINDRICAL_SURFACE ( 'NONE', #2023, 3.299999999999994000 ) ;
#1207 = CYLINDRICAL_SURFACE ( 'NONE', #1985, 0.9999999999999988900 ) ;
#1208 = FACE_OUTER_BOUND ( 'NONE', #2260, .T. ) ;
#1209 = FACE_OUTER_BOUND ( 'NONE', #2313, .T. ) ;
#1210 = CYLINDRICAL_SURFACE ( 'NONE', #2069, 5.499999999999994700 ) ;
#1211 = FACE_OUTER_BOUND ( 'NONE', #2314, .T. ) ;
#1212 = TOROIDAL_SURFACE ( 'NONE', #2040, 5.200000000000001100, 1.000000000000000000 ) ;
#1213 = FACE_OUTER_BOUND ( 'NONE', #2356, .T. ) ;
#1214 = FACE_OUTER_BOUND ( 'NONE', #2266, .T. ) ;
#1215 = FACE_OUTER_BOUND ( 'NONE', #2365, .T. ) ;
#1216 = FACE_OUTER_BOUND ( 'NONE', #2282, .T. ) ;
#1217 = FACE_OUTER_BOUND ( 'NONE', #2316, .T. ) ;
#1218 = FACE_OUTER_BOUND ( 'NONE', #2258, .T. ) ;
#1219 = FACE_BOUND ( 'NONE', #2361, .T. ) ;
#1220 = FACE_OUTER_BOUND ( 'NONE', #2319, .T. ) ;
#1221 = FACE_OUTER_BOUND ( 'NONE', #2334, .T. ) ;
#1222 = CYLINDRICAL_SURFACE ( 'NONE', #2034, 0.5000000000000004400 ) ;
#1223 = CYLINDRICAL_SURFACE ( 'NONE', #2013, 4.200000000000002000 ) ;
#1224 = CYLINDRICAL_SURFACE ( 'NONE', #2047, 5.499999999999998200 ) ;
#1225 = VERTEX_POINT ( 'NONE', #1535 ) ;
#1226 = VERTEX_POINT ( 'NONE', #1545 ) ;
#1227 = VERTEX_POINT ( 'NONE', #1537 ) ;
#1228 = VERTEX_POINT ( 'NONE', #1538 ) ;
#1229 = VERTEX_POINT ( 'NONE', #1566 ) ;
#1230 = VERTEX_POINT ( 'NONE', #1546 ) ;
#1231 = VERTEX_POINT ( 'NONE', #1553 ) ;
#1232 = VERTEX_POINT ( 'NONE', #1547 ) ;
#1233 = VERTEX_POINT ( 'NONE', #1536 ) ;
#1234 = VERTEX_POINT ( 'NONE', #1544 ) ;
#1235 = VERTEX_POINT ( 'NONE', #1551 ) ;
#1236 = VERTEX_POINT ( 'NONE', #1549 ) ;
#1237 = VERTEX_POINT ( 'NONE', #1558 ) ;
#1238 = VERTEX_POINT ( 'NONE', #1550 ) ;
#1239 = VERTEX_POINT ( 'NONE', #1539 ) ;
#1240 = VERTEX_POINT ( 'NONE', #1540 ) ;
#1241 = VERTEX_POINT ( 'NONE', #1554 ) ;
#1242 = VERTEX_POINT ( 'NONE', #1560 ) ;
#1243 = VERTEX_POINT ( 'NONE', #1533 ) ;
#1244 = VERTEX_POINT ( 'NONE', #1552 ) ;
#1245 = VERTEX_POINT ( 'NONE', #1559 ) ;
#1246 = VERTEX_POINT ( 'NONE', #1561 ) ;
#1247 = VERTEX_POINT ( 'NONE', #1564 ) ;
#1248 = VERTEX_POINT ( 'NONE', #1565 ) ;
#1249 = VERTEX_POINT ( 'NONE', #1583 ) ;
#1250 = VERTEX_POINT ( 'NONE', #1586 ) ;
#1251 = VERTEX_POINT ( 'NONE', #3581 ) ;
#1252 = VERTEX_POINT ( 'NONE', #3588 ) ;
#1253 = VERTEX_POINT ( 'NONE', #3589 ) ;
#1254 = VERTEX_POINT ( 'NONE', #3590 ) ;
#1255 = VERTEX_POINT ( 'NONE', #3582 ) ;
#1256 = VERTEX_POINT ( 'NONE', #3583 ) ;
#1257 = VERTEX_POINT ( 'NONE', #3584 ) ;
#1258 = VERTEX_POINT ( 'NONE', #3585 ) ;
#1259 = VERTEX_POINT ( 'NONE', #3586 ) ;
#1260 = VERTEX_POINT ( 'NONE', #3587 ) ;
#1261 = VERTEX_POINT ( 'NONE', #3549 ) ;
#1262 = VERTEX_POINT ( 'NONE', #3548 ) ;
#1263 = VERTEX_POINT ( 'NONE', #3551 ) ;
#1264 = VERTEX_POINT ( 'NONE', #3537 ) ;
#1265 = VERTEX_POINT ( 'NONE', #3542 ) ;
#1266 = VERTEX_POINT ( 'NONE', #3553 ) ;
#1267 = VERTEX_POINT ( 'NONE', #3552 ) ;
#1268 = VERTEX_POINT ( 'NONE', #3538 ) ;
#1269 = VERTEX_POINT ( 'NONE', #3554 ) ;
#1270 = VERTEX_POINT ( 'NONE', #3550 ) ;
#1271 = VERTEX_POINT ( 'NONE', #3539 ) ;
#1272 = VERTEX_POINT ( 'NONE', #3543 ) ;
#1273 = VERTEX_POINT ( 'NONE', #3540 ) ;
#1274 = VERTEX_POINT ( 'NONE', #3541 ) ;
#1275 = VERTEX_POINT ( 'NONE', #3544 ) ;
#1276 = VERTEX_POINT ( 'NONE', #3546 ) ;
#1277 = VERTEX_POINT ( 'NONE', #3545 ) ;
#1278 = VERTEX_POINT ( 'NONE', #3547 ) ;
#1279 = VERTEX_POINT ( 'NONE', #3555 ) ;
#1280 = VERTEX_POINT ( 'NONE', #3556 ) ;
#1281 = VERTEX_POINT ( 'NONE', #3560 ) ;
#1282 = VERTEX_POINT ( 'NONE', #3564 ) ;
#1283 = VERTEX_POINT ( 'NONE', #3571 ) ;
#1284 = VERTEX_POINT ( 'NONE', #3572 ) ;
#1285 = VERTEX_POINT ( 'NONE', #3580 ) ;
#1286 = VERTEX_POINT ( 'NONE', #3573 ) ;
#1287 = VERTEX_POINT ( 'NONE', #3574 ) ;
#1288 = VERTEX_POINT ( 'NONE', #3565 ) ;
#1289 = VERTEX_POINT ( 'NONE', #3576 ) ;
#1290 = VERTEX_POINT ( 'NONE', #3575 ) ;
#1291 = VERTEX_POINT ( 'NONE', #3570 ) ;
#1292 = VERTEX_POINT ( 'NONE', #3566 ) ;
#1293 = VERTEX_POINT ( 'NONE', #3577 ) ;
#1294 = VERTEX_POINT ( 'NONE', #3578 ) ;
#1295 = VERTEX_POINT ( 'NONE', #3579 ) ;
#1296 = VERTEX_POINT ( 'NONE', #3563 ) ;
#1297 = VERTEX_POINT ( 'NONE', #3557 ) ;
#1298 = VERTEX_POINT ( 'NONE', #3567 ) ;
#1299 = VERTEX_POINT ( 'NONE', #3558 ) ;
#1300 = VERTEX_POINT ( 'NONE', #3559 ) ;
#1301 = VERTEX_POINT ( 'NONE', #3561 ) ;
#1302 = VERTEX_POINT ( 'NONE', #3568 ) ;
#1303 = VERTEX_POINT ( 'NONE', #3562 ) ;
#1304 = VERTEX_POINT ( 'NONE', #3569 ) ;
#1305 = VERTEX_POINT ( 'NONE', #1671 ) ;
#1306 = VERTEX_POINT ( 'NONE', #1673 ) ;
#1307 = VERTEX_POINT ( 'NONE', #1674 ) ;
#1308 = VERTEX_POINT ( 'NONE', #1675 ) ;
#1309 = VERTEX_POINT ( 'NONE', #1676 ) ;
#1310 = VERTEX_POINT ( 'NONE', #1672 ) ;
#1311 = VERTEX_POINT ( 'NONE', #1670 ) ;
#1312 = VERTEX_POINT ( 'NONE', #1361 ) ;
#1313 = VERTEX_POINT ( 'NONE', #1345 ) ;
#1314 = VERTEX_POINT ( 'NONE', #1369 ) ;
#1315 = VERTEX_POINT ( 'NONE', #1365 ) ;
#1316 = VERTEX_POINT ( 'NONE', #133 ) ;
#1317 = VERTEX_POINT ( 'NONE', #134 ) ;
#1318 = VERTEX_POINT ( 'NONE', #135 ) ;
#1319 = VERTEX_POINT ( 'NONE', #82 ) ;
#1320 = VERTEX_POINT ( 'NONE', #86 ) ;
#1321 = VERTEX_POINT ( 'NONE', #1896 ) ;
#1322 = VERTEX_POINT ( 'NONE', #1900 ) ;
#1323 = VERTEX_POINT ( 'NONE', #1329 ) ;
#1324 = VERTEX_POINT ( 'NONE', #1328 ) ;
#1325 = VERTEX_POINT ( 'NONE', #131 ) ;
#1326 = VERTEX_POINT ( 'NONE', #132 ) ;
#1327 = VERTEX_POINT ( 'NONE', #3459 ) ;
#1328 = CARTESIAN_POINT ( 'NONE',  ( -54.50000000000000000, -16.99999999999999600, 0.0000000000000000000 ) ) ;
#1329 = CARTESIAN_POINT ( 'NONE',  ( -34.09655121145935700, 6.403448788540592900, 44.00000000000000000 ) ) ;
#1330 = CARTESIAN_POINT ( 'NONE',  ( -30.79498052913821800, 2.731710636722419300, 44.97397265865137000 ) ) ;
#1331 = CARTESIAN_POINT ( 'NONE',  ( -30.70243866176454300, 2.728304682873693200, 44.98689642570007400 ) ) ;
#1332 = CARTESIAN_POINT ( 'NONE',  ( -30.88049484446276300, 2.475167690748671000, 44.87378640637120200 ) ) ;
#1333 = CARTESIAN_POINT ( 'NONE',  ( -30.74872702498295100, 2.870471149187134400, 44.99999999999999300 ) ) ;
#1334 = CARTESIAN_POINT ( 'NONE',  ( -30.65615029854435000, 2.870471149187370700, 44.99999999999999300 ) ) ;
#1335 = CARTESIAN_POINT ( 'NONE',  ( -30.60989679438973000, 2.731710636722328300, 44.97397265865136300 ) ) ;
#1336 = CARTESIAN_POINT ( 'NONE',  ( -30.70243866176330600, 2.450251579179980200, 44.93249883055884900 ) ) ;
#1337 = CARTESIAN_POINT ( 'NONE',  ( -30.70243866176394200, 3.009336238845187000, 44.99999999999999300 ) ) ;
#1338 = CARTESIAN_POINT ( 'NONE',  ( -30.52438247906505000, 2.475167690748757600, 44.87378640637121000 ) ) ;
#1339 = CARTESIAN_POINT ( 'NONE',  ( -30.91971375283335300, 2.357510965636660800, 44.79966680126045700 ) ) ;
#1340 = CARTESIAN_POINT ( 'NONE',  ( -30.70243866176394200, 2.308397938168310800, 44.88901206375801000 ) ) ;
#1341 = CARTESIAN_POINT ( 'NONE',  ( -30.70243866176393900, 2.870505028510323500, 44.99990744596091500 ) ) ;
#1342 = CARTESIAN_POINT ( 'NONE',  ( -30.70243866176394200, 2.031527124279996600, 44.75505896185688200 ) ) ;
#1343 = CARTESIAN_POINT ( 'NONE',  ( -30.41971375283344200, 2.161161512053703300, 44.61454676111267800 ) ) ;
#1344 = CARTESIAN_POINT ( 'NONE',  ( -31.05599205244993800, 1.948676067158091200, 44.13092324194014500 ) ) ;
#1345 = CARTESIAN_POINT ( 'NONE',  ( -54.50000000000000000, -15.24264068711941500, 0.0000000000000000000 ) ) ;
#1346 = CARTESIAN_POINT ( 'NONE',  ( -30.34888527107794700, 1.948676067158087200, 44.13092324194016000 ) ) ;
#1347 = CARTESIAN_POINT ( 'NONE',  ( -31.04678999364637100, 1.976282243197869300, 44.26174795468423200 ) ) ;
#1348 = CARTESIAN_POINT ( 'NONE',  ( -31.05599205235721900, 1.948676067065375100, 44.00000000000000000 ) ) ;
#1349 = CARTESIAN_POINT ( 'NONE',  ( -30.98516357069453500, 2.161161512053726000, 44.61454676111262800 ) ) ;
#1350 = CARTESIAN_POINT ( 'NONE',  ( 0.0000000000000000000, -16.99999999999999600, 44.00000000000000000 ) ) ;
#1351 = DIRECTION ( 'NONE',  ( -1.000000000000000000, 0.0000000000000000000, 0.0000000000000000000 ) ) ;
#1352 = CARTESIAN_POINT ( 'NONE',  ( -31.01136881231970900, 2.082545787177958900, 44.50361891004594400 ) ) ;
#1353 = CARTESIAN_POINT ( 'NONE',  ( -30.70243866176394600, 1.595122685112686500, 44.19925071182562700 ) ) ;
#1354 = CARTESIAN_POINT ( 'NONE',  ( -30.70243866176394600, 1.894188347804608700, 44.65875294630726000 ) ) ;
#1355 = CARTESIAN_POINT ( 'NONE',  ( -30.34888527117066200, 1.948676067065374400, 44.00000000000000000 ) ) ;
#1356 = CARTESIAN_POINT ( 'NONE',  ( -30.48516357069442500, 2.357510965636680800, 44.79966680126040800 ) ) ;
#1357 = CARTESIAN_POINT ( 'NONE',  ( -30.39350851120817200, 2.082545787177957600, 44.50361891004594400 ) ) ;
#1358 = CARTESIAN_POINT ( 'NONE',  ( -30.70243866176394600, 1.669174627460145300, 44.38028863061315800 ) ) ;
#1359 = CARTESIAN_POINT ( 'NONE',  ( -30.70243866176394600, 1.595122676472097200, 43.99999999999999300 ) ) ;
#1360 = DIRECTION ( 'NONE',  ( 0.0000000000000000000, 0.0000000000000000000, 1.000000000000000000 ) ) ;
#1361 = CARTESIAN_POINT ( 'NONE',  ( -15.99999999999999600, -18.00000000000000000, 25.79999999999999000 ) ) ;
#1362 = CARTESIAN_POINT ( 'NONE',  ( -30.35808732988151000, 1.976282243197868800, 44.26174795468423200 ) ) ;
#1363 = CARTESIAN_POINT ( 'NONE',  ( -39.19031018190475600, -5.617366491630698500, 44.99990744594551700 ) ) ;
#1364 = CARTESIAN_POINT ( 'NONE',  ( -39.19027630258186400, -5.571078128411215900, 45.00000000000000000 ) ) ;
#1365 = CARTESIAN_POINT ( 'NONE',  ( 16.00000000000000400, 18.00000000000000000, 27.99999999999998900 ) ) ;
#1366 = CARTESIAN_POINT ( 'NONE',  ( -39.32914139223983300, -5.617366491630697600, 45.00000000000000000 ) ) ;
#1367 = CARTESIAN_POINT ( 'NONE',  ( -39.32914139223983300, -5.617366491630699300, 45.00000000000000000 ) ) ;
#1368 = CARTESIAN_POINT ( 'NONE',  ( -39.32914139223983300, -5.617366491630701100, 45.00000000000000000 ) ) ;
#1369 = CARTESIAN_POINT ( 'NONE',  ( 16.00000000000000400, 10.19999999999999900, 25.79999999999999700 ) ) ;
#1370 = CARTESIAN_POINT ( 'NONE',  ( -39.19027630258187900, -5.663654854850177500, 45.00000000000000000 ) ) ;
#1371 = CARTESIAN_POINT ( 'NONE',  ( -38.67731611903125400, -5.834641582700160500, 44.79966680126038600 ) ) ;
#1372 = CARTESIAN_POINT ( 'NONE',  ( -38.48096666544842000, -5.900091400561236400, 44.61454676111269900 ) ) ;
#1373 = CARTESIAN_POINT ( 'NONE',  ( -38.48096666544841300, -5.334641582700188100, 44.61454676111271300 ) ) ;
#1374 = CARTESIAN_POINT ( 'NONE',  ( -38.40235094057264600, -5.926296642186497500, 44.50361891004597200 ) ) ;
#1375 = CARTESIAN_POINT ( 'NONE',  ( -38.40235094057264600, -5.308436341074900300, 44.50361891004597200 ) ) ;
#1376 = CARTESIAN_POINT ( 'NONE',  ( -38.29608739659246200, -5.961717823513084500, 44.26174795468421800 ) ) ;
#1377 = CARTESIAN_POINT ( 'NONE',  ( -38.35133227767464300, -5.617366491630734000, 44.75505896185688200 ) ) ;
#1378 = CARTESIAN_POINT ( 'NONE',  ( -37.98897978085477700, -5.617366491630698500, 44.38028863061342800 ) ) ;
#1379 = CARTESIAN_POINT ( 'NONE',  ( -39.05151579011717200, -5.709908359005076800, 44.97397265865137000 ) ) ;
#1380 = CARTESIAN_POINT ( 'NONE',  ( -38.79497284414321000, -5.795422674329414800, 44.87378640637120200 ) ) ;
#1381 = CARTESIAN_POINT ( 'NONE',  ( -39.05151579011717200, -5.524824624256321900, 44.97397265865137000 ) ) ;
#1382 = CARTESIAN_POINT ( 'NONE',  ( -38.79497284414321000, -5.439310308931984700, 44.87378640637120200 ) ) ;
#1383 = CARTESIAN_POINT ( 'NONE',  ( -38.62820309156302300, -5.617366491630666500, 44.88901206375801000 ) ) ;
#1384 = CARTESIAN_POINT ( 'NONE',  ( -38.77005673257431800, -5.617366491630701100, 44.93249883055916900 ) ) ;
#1385 = CARTESIAN_POINT ( 'NONE',  ( -39.04810983626863700, -5.617366491630700200, 44.98689642569976100 ) ) ;
#1386 = CARTESIAN_POINT ( 'NONE',  ( -38.21399350119929700, -5.617366491630699300, 44.65875294630704700 ) ) ;
#1387 = CARTESIAN_POINT ( 'NONE',  ( -38.67731611903126100, -5.400091400561211500, 44.79966680126037200 ) ) ;
#1388 = CARTESIAN_POINT ( 'NONE',  ( -37.91492783850804200, -5.617366491630698500, 44.19925071182544900 ) ) ;
#1389 = DIRECTION ( 'NONE',  ( -1.000000000000000000, 0.0000000000000000000, 0.0000000000000000000 ) ) ;
#1390 = CARTESIAN_POINT ( 'NONE',  ( -6.099999999999998800, 12.70000000000000100, 44.00000000000000000 ) ) ;
#1391 = CARTESIAN_POINT ( 'NONE',  ( 26.20344397111179500, 0.1544204051572390900, 44.00000000000000000 ) ) ;
#1392 = CARTESIAN_POINT ( 'NONE',  ( -38.29608739659246200, -5.273015159748314100, 44.26174795468421800 ) ) ;
#1393 = DIRECTION ( 'NONE',  ( 1.000000000000000000, 0.0000000000000000000, 0.0000000000000000000 ) ) ;
#1394 = CARTESIAN_POINT ( 'NONE',  ( 9.501976925964474000, 9.501976925964470400, 44.00000000000000000 ) ) ;
#1395 = DIRECTION ( 'NONE',  ( -0.7071067811865474600, 0.7071067811865476800, 0.0000000000000000000 ) ) ;
#1396 = DIRECTION ( 'NONE',  ( -0.7071067811865484600, -0.7071067811865468000, 0.0000000000000000000 ) ) ;
#1397 = CARTESIAN_POINT ( 'NONE',  ( -38.26848122055251600, -5.970919882316464600, 44.13092324194019500 ) ) ;
#1398 = DIRECTION ( 'NONE',  ( -2.753529326947313900E-016, 1.000000000000000000, 0.0000000000000000000 ) ) ;
#1399 = DIRECTION ( 'NONE',  ( -0.0000000000000000000, 0.0000000000000000000, 1.000000000000000000 ) ) ;
#1400 = DIRECTION ( 'NONE',  ( -0.7071067811865470200, 0.7071067811865479100, 0.0000000000000000000 ) ) ;
#1401 = DIRECTION ( 'NONE',  ( 0.7071067811865491300, 0.7071067811865459100, 0.0000000000000000000 ) ) ;
#1402 = CARTESIAN_POINT ( 'NONE',  ( -38.26848122055251600, -5.263813100944934000, 44.13092324194019500 ) ) ;
#1403 = CARTESIAN_POINT ( 'NONE',  ( -31.05599205235722200, 2.655782848251909500, 44.00000000000000000 ) ) ;
#1404 = CARTESIAN_POINT ( 'NONE',  ( -38.26848122046001800, -5.970919882223971500, 44.00000000000000000 ) ) ;
#1405 = CARTESIAN_POINT ( 'NONE',  ( -36.47422555855187900, -10.11636118228284600, 44.00000000000000000 ) ) ;
#1406 = DIRECTION ( 'NONE',  ( 1.000000000000000000, 0.0000000000000000000, 0.0000000000000000000 ) ) ;
#1407 = DIRECTION ( 'NONE',  ( 0.0000000000000000000, 0.0000000000000000000, -1.000000000000000000 ) ) ;
#1408 = DIRECTION ( 'NONE',  ( -0.0000000000000000000, 0.0000000000000000000, 1.000000000000000000 ) ) ;
#1409 = CARTESIAN_POINT ( 'NONE',  ( -7.262539308564816700, 7.999999999999998200, 44.00000000000000000 ) ) ;
#1410 = DIRECTION ( 'NONE',  ( 1.000000000000000000, 0.0000000000000000000, 0.0000000000000000000 ) ) ;
#1411 = CARTESIAN_POINT ( 'NONE',  ( -38.97558800164657800, -5.970919882223956400, 44.00000000000000000 ) ) ;
#1412 = DIRECTION ( 'NONE',  ( 0.0000000000000000000, 1.000000000000000000, 0.0000000000000000000 ) ) ;
#1413 = DIRECTION ( 'NONE',  ( 1.000000000000000000, 0.0000000000000000000, 0.0000000000000000000 ) ) ;
#1414 = CARTESIAN_POINT ( 'NONE',  ( -42.01614716074866600, -2.930360723121848900, 44.00000000000000000 ) ) ;
#1415 = CARTESIAN_POINT ( 'NONE',  ( 0.0000000000000000000, 16.99999999999999600, 44.00000000000000000 ) ) ;
#1416 = DIRECTION ( 'NONE',  ( 0.0000000000000000000, 1.000000000000000000, 0.0000000000000000000 ) ) ;
#1417 = DIRECTION ( 'NONE',  ( 1.000000000000000000, 0.0000000000000000000, 0.0000000000000000000 ) ) ;
#1418 = DIRECTION ( 'NONE',  ( -0.7071067811865456900, 0.7071067811865494600, 0.0000000000000000000 ) ) ;
#1419 = DIRECTION ( 'NONE',  ( 0.0000000000000000000, 0.0000000000000000000, -1.000000000000000000 ) ) ;
#1420 = DIRECTION ( 'NONE',  ( -0.0000000000000000000, 0.0000000000000000000, 1.000000000000000000 ) ) ;
#1421 = CARTESIAN_POINT ( 'NONE',  ( 53.50000000000000000, -16.99999999999999600, 44.00000000000000000 ) ) ;
#1422 = DIRECTION ( 'NONE',  ( -0.7071067811865504600, -0.7071067811865444600, 0.0000000000000000000 ) ) ;
#1423 = DIRECTION ( 'NONE',  ( 1.000000000000000000, 0.0000000000000000000, 0.0000000000000000000 ) ) ;
#1424 = CARTESIAN_POINT ( 'NONE',  ( -37.91492782986674800, -5.617366491630700200, 43.99999999999999300 ) ) ;
#1425 = CARTESIAN_POINT ( 'NONE',  ( -6.099999999999998800, 13.19999999999999900, 45.00000000000000000 ) ) ;
#1426 = DIRECTION ( 'NONE',  ( 1.000000000000000000, 0.0000000000000000000, 0.0000000000000000000 ) ) ;
#1427 = CARTESIAN_POINT ( 'NONE',  ( 5.600000000000000500, 13.20000000000000100, 44.00000000000000000 ) ) ;
#1428 = CARTESIAN_POINT ( 'NONE',  ( -22.08578643762690400, 16.99999999999999300, 44.00000000000000000 ) ) ;
#1429 = CARTESIAN_POINT ( 'NONE',  ( -6.099999999999998800, 13.19999999999999900, 45.00000000000000000 ) ) ;
#1430 = CARTESIAN_POINT ( 'NONE',  ( -6.099999999999998800, 13.19999999999999900, 45.00000000000000000 ) ) ;
#1431 = CARTESIAN_POINT ( 'NONE',  ( -6.034538368955403500, 13.06907673791048700, 45.00000000000000000 ) ) ;
#1432 = CARTESIAN_POINT ( 'NONE',  ( -6.001831509732191700, 13.10183150973171000, 44.99990744594551000 ) ) ;
#1433 = CARTESIAN_POINT ( 'NONE',  ( -5.969076737910636000, 13.13453836895515700, 45.00000000000000000 ) ) ;
#1434 = CARTESIAN_POINT ( 'NONE',  ( -5.969126036071931400, 12.93825207214373300, 44.97397265865127000 ) ) ;
#1435 = CARTESIAN_POINT ( 'NONE',  ( -5.901280681045039800, 13.00128068104512000, 44.98689642569978300 ) ) ;
#1436 = DIRECTION ( 'NONE',  ( 0.0000000000000000000, 1.000000000000000000, 0.0000000000000000000 ) ) ;
#1437 = CARTESIAN_POINT ( 'NONE',  ( -38.26848122046001800, -5.263813101037426300, 44.00000000000000000 ) ) ;
#1438 = CARTESIAN_POINT ( 'NONE',  ( -5.838252072143665000, 13.06912603607197100, 44.97397265865124900 ) ) ;
#1439 = CARTESIAN_POINT ( 'NONE',  ( -5.848190531562976500, 12.69638106312608800, 44.87378640637129500 ) ) ;
#1440 = DIRECTION ( 'NONE',  ( 1.000000000000000000, 0.0000000000000000000, 0.0000000000000000000 ) ) ;
#1441 = CARTESIAN_POINT ( 'NONE',  ( -5.704667445893487200, 12.80466744589341100, 44.93249883055917600 ) ) ;
#1442 = CARTESIAN_POINT ( 'NONE',  ( -5.792726619443645800, 12.58545323888732700, 44.79966680126042200 ) ) ;
#1443 = CARTESIAN_POINT ( 'NONE',  ( -5.485453238887327400, 12.89272661944361100, 44.79966680126042200 ) ) ;
#1444 = CARTESIAN_POINT ( 'NONE',  ( -5.604361774397915500, 12.70436177439784800, 44.88901206375801700 ) ) ;
#1445 = CARTESIAN_POINT ( 'NONE',  ( -5.596381063126153200, 12.94819053156294000, 44.87378640637132300 ) ) ;
#1446 = CARTESIAN_POINT ( 'NONE',  ( -5.700166599369804700, 12.40033319873957600, 44.61454676111266300 ) ) ;
#1447 = CARTESIAN_POINT ( 'NONE',  ( -5.599999999999998800, 12.19999999999999900, 44.00000000000000000 ) ) ;
#1448 = CARTESIAN_POINT ( 'NONE',  ( -5.663106791258126500, 12.32621358251619400, 44.50361891004594400 ) ) ;
#1449 = CARTESIAN_POINT ( 'NONE',  ( -5.099999999999997000, 12.19999999999999800, 43.99999999999999300 ) ) ;
#1450 = CARTESIAN_POINT ( 'NONE',  ( -5.099999999999998800, 12.69999999999999900, 44.00000000000000000 ) ) ;
#1451 = CARTESIAN_POINT ( 'NONE',  ( -5.099999999999998800, 12.70000000013110200, 44.13092324194016000 ) ) ;
#1452 = CARTESIAN_POINT ( 'NONE',  ( -5.300333198739575200, 12.80016659936984000, 44.61454676111266300 ) ) ;
#1453 = CARTESIAN_POINT ( 'NONE',  ( -5.311471364219362300, 12.41147136421927800, 44.65875294630702500 ) ) ;
#1454 = CARTESIAN_POINT ( 'NONE',  ( -5.226213582516194800, 12.76310679125810000, 44.50361891004595800 ) ) ;
#1455 = CARTESIAN_POINT ( 'NONE',  ( -5.152362636703701400, 12.25236263670380100, 44.38028863061340700 ) ) ;
#1456 = CARTESIAN_POINT ( 'NONE',  ( -5.126027352461231400, 12.71301367623061700, 44.26174795468423200 ) ) ;
#1457 = CARTESIAN_POINT ( 'NONE',  ( -5.600000000130902900, 12.19999999999999900, 44.13092324194014500 ) ) ;
#1458 = CARTESIAN_POINT ( 'NONE',  ( -5.408584544385083100, 12.50858454438515600, 44.75505896185688900 ) ) ;
#1459 = CARTESIAN_POINT ( 'NONE',  ( -5.613013676230584900, 12.22602735246123700, 44.26174795468424600 ) ) ;
#1460 = CARTESIAN_POINT ( 'NONE',  ( -5.100000006110324300, 12.20000000611026500, 44.19925071182541400 ) ) ;
#1461 = B_SPLINE_CURVE_WITH_KNOTS ( 'NONE', 3,
 ( #2752, #2733, #2722, #2714, #2729, #2749, #2723, #2724, #2732, #2751, #2710, #2753, #2740, #2715, #2737, #2734 ),
 .UNSPECIFIED., .F., .F.,
 ( 4, 2, 2, 2, 2, 2, 2, 4 ),
 ( 3.878959614448864200E-018, 0.001005247650296429500, 0.001507871475444641800, 0.002010495300592854200, 0.002513119125741066700, 0.003015742950889278400, 0.003518366776037491000, 0.004020990601185703100 ),
 .UNSPECIFIED. ) ;
#1462 = UNCERTAINTY_MEASURE_WITH_UNIT (LENGTH_MEASURE( 1.000000000000000100E-005 ), #3532, 'distance_accuracy_value', 'NONE');
#1463 = CARTESIAN_POINT ( 'NONE',  ( 19.54289321881350000, 19.54289321881341800, 44.00000000000000000 ) ) ;
#1464 = DIRECTION ( 'NONE',  ( 0.7071067811865460200, -0.7071067811865490200, 0.0000000000000000000 ) ) ;
#1465 = CARTESIAN_POINT ( 'NONE',  ( -30.70243866176394200, 3.009336238845188700, 44.99999999999999300 ) ) ;
#1466 = CARTESIAN_POINT ( 'NONE',  ( -30.70243866176394200, 3.009336238845187900, 44.99999999999999300 ) ) ;
#1467 = ADVANCED_BREP_SHAPE_REPRESENTATION ( '45-0-45', ( #1474, #3398 ), #3363 ) ;
#1468 = DIRECTION ( 'NONE',  ( 0.7071067811865492400, 0.7071067811865458000, 0.0000000000000000000 ) ) ;
#1469 = CARTESIAN_POINT ( 'NONE',  ( -26.20344397111179500, 0.1544204051572390900, 44.00000000000000000 ) ) ;
#1470 = DIRECTION ( 'NONE',  ( -0.0000000000000000000, 0.0000000000000000000, 1.000000000000000000 ) ) ;
#1471 = DIRECTION ( 'NONE',  ( 1.000000000000000000, 0.0000000000000000000, 0.0000000000000000000 ) ) ;
#1472 =( BOUNDED_CURVE ( )  B_SPLINE_CURVE ( 3, ( #2699, #2703, #2683, #2680 ),
 .UNSPECIFIED., .F., .F. ) 
 B_SPLINE_CURVE_WITH_KNOTS ( ( 4, 4 ),
 ( 3.141592653589793100, 4.712388980384687900 ),
 .UNSPECIFIED. ) 
 CURVE ( )  GEOMETRIC_REPRESENTATION_ITEM ( )  RATIONAL_B_SPLINE_CURVE ( ( 1.000000000000000000, 0.8047378541243654900, 0.8047378541243654900, 1.000000000000000000 ) ) 
 REPRESENTATION_ITEM ( '' )  );
#1473 =( BOUNDED_CURVE ( )  B_SPLINE_CURVE ( 3, ( #2660, #2697, #2674, #2673 ),
 .UNSPECIFIED., .F., .F. ) 
 B_SPLINE_CURVE_WITH_KNOTS ( ( 4, 4 ),
 ( 3.141592653589793100, 4.712388980384687900 ),
 .UNSPECIFIED. ) 
 CURVE ( )  GEOMETRIC_REPRESENTATION_ITEM ( )  RATIONAL_B_SPLINE_CURVE ( ( 1.000000000000000000, 0.8047378541243654900, 0.8047378541243654900, 1.000000000000000000 ) ) 
 REPRESENTATION_ITEM ( '' )  );
#1474 = MANIFOLD_SOLID_BREP ( 'Fillet5', #2209 ) ;
#1475 =( BOUNDED_CURVE ( )  B_SPLINE_CURVE ( 3, ( #2550, #2543, #2541, #2545 ),
 .UNSPECIFIED., .F., .F. ) 
 B_SPLINE_CURVE_WITH_KNOTS ( ( 4, 4 ),
 ( 1.570796326794896600, 3.141592653589793100 ),
 .UNSPECIFIED. ) 
 CURVE ( )  GEOMETRIC_REPRESENTATION_ITEM ( )  RATIONAL_B_SPLINE_CURVE ( ( 1.000000000000000000, 0.8047378541243649400, 0.8047378541243649400, 1.000000000000000000 ) ) 
 REPRESENTATION_ITEM ( '' )  );
#1476 =( BOUNDED_CURVE ( )  B_SPLINE_CURVE ( 3, ( #2561, #2589, #2562, #2596 ),
 .UNSPECIFIED., .F., .F. ) 
 B_SPLINE_CURVE_WITH_KNOTS ( ( 4, 4 ),
 ( 1.570796326794896600, 3.141592653589793100 ),
 .UNSPECIFIED. ) 
 CURVE ( )  GEOMETRIC_REPRESENTATION_ITEM ( )  RATIONAL_B_SPLINE_CURVE ( ( 1.000000000000000000, 0.8047378541243649400, 0.8047378541243649400, 1.000000000000000000 ) ) 
 REPRESENTATION_ITEM ( '' )  );
#1477 =( BOUNDED_SURFACE ( )  B_SPLINE_SURFACE ( 3, 2, ( 
 ( #112, #121, #115 ),
 ( #127, #9, #1 ),
 ( #2, #3, #4 ),
 ( #5, #6, #7 ),
 ( #8, #28, #24 ),
 ( #18, #21, #19 ),
 ( #22, #26, #23 ),
 ( #17, #25, #27 ),
 ( #29, #30, #31 ),
 ( #32, #20, #37 ) ),
 .UNSPECIFIED., .F., .F., .F. ) 
 B_SPLINE_SURFACE_WITH_KNOTS ( ( 4, 2, 2, 2, 4 ),
 ( 3, 3 ),
 ( 1.570796326794896600, 1.963495408493620700, 2.356194490192344800, 2.748893571891069000, 3.141592653589793100 ),
 ( 0.0000000000000000000, 1.000000000000000000 ),
 .UNSPECIFIED. ) 
 GEOMETRIC_REPRESENTATION_ITEM ( )  RATIONAL_B_SPLINE_SURFACE ( (
 ( 1.000000000000000000, 1.000000000000000000, 1.000000000000000000),
 ( 1.000000000000000000, 1.000158598892013600, 1.000000000000000000),
 ( 1.000000000000000000, 0.9867291651255615200, 1.000000000000000000),
 ( 1.000000000000000000, 0.9386556746367514800, 1.000000000000000000),
 ( 1.000000000000000000, 0.9038128289597645600, 1.000000000000000000),
 ( 1.000000000000000000, 0.8282379786091150800, 1.000000000000000000),
 ( 1.000000000000000000, 0.7876784249695209000, 1.000000000000000000),
 ( 1.000000000000000000, 0.7265518147276918100, 1.000000000000000000),
 ( 1.000000000000000000, 0.7066757001360723900, 1.000000000000000000),
 ( 1.000000000000000000, 0.7071067811865487900, 1.000000000000000000) ) ) 
 REPRESENTATION_ITEM ( '' )  SURFACE ( )  );
#1478 =( BOUNDED_SURFACE ( )  B_SPLINE_SURFACE ( 3, 2, ( 
 ( #54, #55, #59 ),
 ( #38, #39, #40 ),
 ( #42, #44, #62 ),
 ( #63, #68, #60 ),
 ( #64, #69, #65 ),
 ( #61, #66, #67 ),
 ( #70, #71, #72 ),
 ( #73, #75, #80 ),
 ( #76, #77, #81 ),
 ( #79, #74, #78 ) ),
 .UNSPECIFIED., .F., .F., .F. ) 
 B_SPLINE_SURFACE_WITH_KNOTS ( ( 4, 2, 2, 2, 4 ),
 ( 3, 3 ),
 ( 1.570796326794896600, 1.963495408493620700, 2.356194490192344800, 2.748893571891069000, 3.141592653589793100 ),
 ( 0.0000000000000000000, 1.000000000000000000 ),
 .UNSPECIFIED. ) 
 GEOMETRIC_REPRESENTATION_ITEM ( )  RATIONAL_B_SPLINE_SURFACE ( (
 ( 1.000000000000000000, 1.000000000000000000, 1.000000000000000000),
 ( 1.000000000000000000, 1.000158598892114200, 1.000000000000000000),
 ( 1.000000000000000000, 0.9867291651254279600, 1.000000000000000000),
 ( 1.000000000000000000, 0.9386556746368850400, 1.000000000000000000),
 ( 1.000000000000000000, 0.9038128289594951100, 1.000000000000000000),
 ( 1.000000000000000000, 0.8282379786093796400, 1.000000000000000000),
 ( 1.000000000000000000, 0.7876784249693704600, 1.000000000000000000),
 ( 1.000000000000000000, 0.7265518147278371400, 1.000000000000000000),
 ( 1.000000000000000000, 0.7066757001359650300, 1.000000000000000000),
 ( 1.000000000000000000, 0.7071067811865475700, 1.000000000000000000) ) ) 
 REPRESENTATION_ITEM ( '' )  SURFACE ( )  );
#1479 =( BOUNDED_SURFACE ( )  B_SPLINE_SURFACE ( 3, 2, ( 
 ( #1465, #1466, #1337 ),
 ( #1333, #1341, #1334 ),
 ( #1330, #1331, #1335 ),
 ( #1332, #1336, #1338 ),
 ( #1339, #1340, #1356 ),
 ( #1349, #1342, #1343 ),
 ( #1352, #1354, #1357 ),
 ( #1347, #1358, #1362 ),
 ( #1344, #1353, #1346 ),
 ( #1348, #1359, #1355 ) ),
 .UNSPECIFIED., .F., .F., .F. ) 
 B_SPLINE_SURFACE_WITH_KNOTS ( ( 4, 2, 2, 2, 4 ),
 ( 3, 3 ),
 ( 1.570796326794896600, 1.963495408493620700, 2.356194490192344800, 2.748893571891069000, 3.141592653589793100 ),
 ( 0.0000000000000000000, 1.000000000000000000 ),
 .UNSPECIFIED. ) 
 GEOMETRIC_REPRESENTATION_ITEM ( )  RATIONAL_B_SPLINE_SURFACE ( (
 ( 1.000000000000000000, 1.000000000000000000, 1.000000000000000000),
 ( 1.000000000000000000, 1.000158598892030100, 1.000000000000000000),
 ( 1.000000000000000000, 0.9867291651255408700, 1.000000000000000000),
 ( 1.000000000000000000, 0.9386556746367703500, 1.000000000000000000),
 ( 1.000000000000000000, 0.9038128289597583400, 1.000000000000000000),
 ( 1.000000000000000000, 0.8282379786091177400, 1.000000000000000000),
 ( 1.000000000000000000, 0.7876784249694350800, 1.000000000000000000),
 ( 1.000000000000000000, 0.7265518147277771900, 1.000000000000000000),
 ( 1.000000000000000000, 0.7066757001360097800, 1.000000000000000000),
 ( 1.000000000000000000, 0.7071067811865493500, 1.000000000000000000) ) ) 
 REPRESENTATION_ITEM ( '' )  SURFACE ( )  );
#1480 =( BOUNDED_SURFACE ( )  B_SPLINE_SURFACE ( 3, 2, ( 
 ( #83, #84, #85 ),
 ( #87, #88, #96 ),
 ( #97, #98, #111 ),
 ( #113, #11, #15 ),
 ( #49, #56, #1567 ),
 ( #1575, #1569, #1572 ),
 ( #1576, #1577, #1579 ),
 ( #1578, #1573, #1568 ),
 ( #1571, #1582, #1570 ),
 ( #1580, #1574, #1581 ) ),
 .UNSPECIFIED., .F., .F., .F. ) 
 B_SPLINE_SURFACE_WITH_KNOTS ( ( 4, 2, 2, 2, 4 ),
 ( 3, 3 ),
 ( 1.570796326794896600, 1.963495408493620700, 2.356194490192344800, 2.748893571891069000, 3.141592653589793100 ),
 ( 0.0000000000000000000, 1.000000000000000000 ),
 .UNSPECIFIED. ) 
 GEOMETRIC_REPRESENTATION_ITEM ( )  RATIONAL_B_SPLINE_SURFACE ( (
 ( 1.000000000000000000, 1.000000000000000000, 1.000000000000000000),
 ( 1.000000000000000000, 1.000158598892046900, 1.000000000000000000),
 ( 1.000000000000000000, 0.9867291651255202200, 1.000000000000000000),
 ( 1.000000000000000000, 0.9386556746367992200, 1.000000000000000000),
 ( 1.000000000000000000, 0.9038128289595805900, 1.000000000000000000),
 ( 1.000000000000000000, 0.8282379786093048100, 1.000000000000000000),
 ( 1.000000000000000000, 0.7876784249694410700, 1.000000000000000000),
 ( 1.000000000000000000, 0.7265518147277754100, 1.000000000000000000),
 ( 1.000000000000000000, 0.7066757001360244300, 1.000000000000000000),
 ( 1.000000000000000000, 0.7071067811865544600, 1.000000000000000000) ) ) 
 REPRESENTATION_ITEM ( '' )  SURFACE ( )  );
#1481 = B_SPLINE_CURVE_WITH_KNOTS ( 'NONE', 3,
 ( #3220, #3212, #3208, #3241, #3204, #3214, #3219, #3207, #3233, #3222, #3225, #3210, #3240, #3202, #3237, #3230 ),
 .UNSPECIFIED., .F., .F.,
 ( 4, 2, 2, 2, 2, 2, 2, 4 ),
 ( 3.878959614448864200E-018, 0.001005247650296431200, 0.001507871475444644400, 0.002010495300592857600, 0.002513119125741071100, 0.003015742950889283600, 0.003518366776037497100, 0.004020990601185710000 ),
 .UNSPECIFIED. ) ;
#1482 =( BOUNDED_CURVE ( )  B_SPLINE_CURVE ( 3, ( #2593, #2587, #2564, #2594 ),
 .UNSPECIFIED., .F., .F. ) 
 B_SPLINE_CURVE_WITH_KNOTS ( ( 4, 4 ),
 ( 3.141592653589793100, 4.712388980384689700 ),
 .UNSPECIFIED. ) 
 CURVE ( )  GEOMETRIC_REPRESENTATION_ITEM ( )  RATIONAL_B_SPLINE_CURVE ( ( 1.000000000000000000, 0.8047378541243649400, 0.8047378541243649400, 1.000000000000000000 ) ) 
 REPRESENTATION_ITEM ( '' )  );
#1483 =( BOUNDED_CURVE ( )  B_SPLINE_CURVE ( 3, ( #2627, #2609, #2607, #2598 ),
 .UNSPECIFIED., .F., .F. ) 
 B_SPLINE_CURVE_WITH_KNOTS ( ( 4, 4 ),
 ( 1.570796326794896600, 3.141592653589793100 ),
 .UNSPECIFIED. ) 
 CURVE ( )  GEOMETRIC_REPRESENTATION_ITEM ( )  RATIONAL_B_SPLINE_CURVE ( ( 1.000000000000000000, 0.8047378541243649400, 0.8047378541243649400, 1.000000000000000000 ) ) 
 REPRESENTATION_ITEM ( '' )  );
#1484 =( BOUNDED_CURVE ( )  B_SPLINE_CURVE ( 3, ( #2569, #2583, #2582, #2584 ),
 .UNSPECIFIED., .F., .F. ) 
 B_SPLINE_CURVE_WITH_KNOTS ( ( 4, 4 ),
 ( 1.570796326794896600, 3.141592653589793100 ),
 .UNSPECIFIED. ) 
 CURVE ( )  GEOMETRIC_REPRESENTATION_ITEM ( )  RATIONAL_B_SPLINE_CURVE ( ( 1.000000000000000000, 0.8047378541243649400, 0.8047378541243649400, 1.000000000000000000 ) ) 
 REPRESENTATION_ITEM ( '' )  );
#1485 =( BOUNDED_CURVE ( )  B_SPLINE_CURVE ( 3, ( #2592, #2570, #2563, #2567 ),
 .UNSPECIFIED., .F., .F. ) 
 B_SPLINE_CURVE_WITH_KNOTS ( ( 4, 4 ),
 ( 3.141592653589793100, 4.712388980384689700 ),
 .UNSPECIFIED. ) 
 CURVE ( )  GEOMETRIC_REPRESENTATION_ITEM ( )  RATIONAL_B_SPLINE_CURVE ( ( 1.000000000000000000, 0.8047378541243649400, 0.8047378541243649400, 1.000000000000000000 ) ) 
 REPRESENTATION_ITEM ( '' )  );
#1486 =( BOUNDED_CURVE ( )  B_SPLINE_CURVE ( 3, ( #2611, #2614, #2628, #2629 ),
 .UNSPECIFIED., .F., .F. ) 
 B_SPLINE_CURVE_WITH_KNOTS ( ( 4, 4 ),
 ( 3.141592653589793100, 4.712388980384683500 ),
 .UNSPECIFIED. ) 
 CURVE ( )  GEOMETRIC_REPRESENTATION_ITEM ( )  RATIONAL_B_SPLINE_CURVE ( ( 1.000000000000000000, 0.8047378541243663800, 0.8047378541243663800, 1.000000000000000000 ) ) 
 REPRESENTATION_ITEM ( '' )  );
#1487 =( BOUNDED_CURVE ( )  B_SPLINE_CURVE ( 3, ( #2599, #2646, #2644, #2664 ),
 .UNSPECIFIED., .F., .F. ) 
 B_SPLINE_CURVE_WITH_KNOTS ( ( 4, 4 ),
 ( 3.141592653589793100, 4.712388980384683500 ),
 .UNSPECIFIED. ) 
 CURVE ( )  GEOMETRIC_REPRESENTATION_ITEM ( )  RATIONAL_B_SPLINE_CURVE ( ( 1.000000000000000000, 0.8047378541243663800, 0.8047378541243663800, 1.000000000000000000 ) ) 
 REPRESENTATION_ITEM ( '' )  );
#1488 =( BOUNDED_CURVE ( )  B_SPLINE_CURVE ( 3, ( #2494, #2539, #2540, #2560 ),
 .UNSPECIFIED., .F., .F. ) 
 B_SPLINE_CURVE_WITH_KNOTS ( ( 4, 4 ),
 ( 1.570796326794896600, 3.141592653589793100 ),
 .UNSPECIFIED. ) 
 CURVE ( )  GEOMETRIC_REPRESENTATION_ITEM ( )  RATIONAL_B_SPLINE_CURVE ( ( 1.000000000000000000, 0.8047378541243649400, 0.8047378541243649400, 1.000000000000000000 ) ) 
 REPRESENTATION_ITEM ( '' )  );
#1489 =( BOUNDED_SURFACE ( )  B_SPLINE_SURFACE ( 3, 2, ( 
 ( #1366, #1367, #1368 ),
 ( #1370, #1363, #1364 ),
 ( #1379, #1385, #1381 ),
 ( #1380, #1384, #1382 ),
 ( #1371, #1383, #1387 ),
 ( #1372, #1377, #1373 ),
 ( #1374, #1386, #1375 ),
 ( #1376, #1378, #1392 ),
 ( #1397, #1388, #1402 ),
 ( #1404, #1424, #1437 ) ),
 .UNSPECIFIED., .F., .F., .F. ) 
 B_SPLINE_SURFACE_WITH_KNOTS ( ( 4, 2, 2, 2, 4 ),
 ( 3, 3 ),
 ( 1.570796326794896600, 1.963495408493620700, 2.356194490192344800, 2.748893571891069000, 3.141592653589793100 ),
 ( 0.0000000000000000000, 1.000000000000000000 ),
 .UNSPECIFIED. ) 
 GEOMETRIC_REPRESENTATION_ITEM ( )  RATIONAL_B_SPLINE_SURFACE ( (
 ( 1.000000000000000000, 1.000000000000000000, 1.000000000000000000),
 ( 1.000000000000000000, 1.000158598892079400, 1.000000000000000000),
 ( 1.000000000000000000, 0.9867291651254739300, 1.000000000000000000),
 ( 1.000000000000000000, 0.9386556746368419600, 1.000000000000000000),
 ( 1.000000000000000000, 0.9038128289595054300, 1.000000000000000000),
 ( 1.000000000000000000, 0.8282379786093722100, 1.000000000000000000),
 ( 1.000000000000000000, 0.7876784249693468100, 1.000000000000000000),
 ( 1.000000000000000000, 0.7265518147278679000, 1.000000000000000000),
 ( 1.000000000000000000, 0.7066757001359423900, 1.000000000000000000),
 ( 1.000000000000000000, 0.7071067811865475700, 1.000000000000000000) ) ) 
 REPRESENTATION_ITEM ( '' )  SURFACE ( )  );
#1490 =( BOUNDED_SURFACE ( )  B_SPLINE_SURFACE ( 3, 2, ( 
 ( #1425, #1429, #1430 ),
 ( #1431, #1432, #1433 ),
 ( #1434, #1435, #1438 ),
 ( #1439, #1441, #1445 ),
 ( #1442, #1444, #1443 ),
 ( #1446, #1458, #1452 ),
 ( #1448, #1453, #1454 ),
 ( #1459, #1455, #1456 ),
 ( #1457, #1460, #1451 ),
 ( #1447, #1449, #1450 ) ),
 .UNSPECIFIED., .F., .F., .F. ) 
 B_SPLINE_SURFACE_WITH_KNOTS ( ( 4, 2, 2, 2, 4 ),
 ( 3, 3 ),
 ( 1.570796326794896600, 1.963495408493620700, 2.356194490192344800, 2.748893571891069000, 3.141592653589793100 ),
 ( 0.0000000000000000000, 1.000000000000000000 ),
 .UNSPECIFIED. ) 
 GEOMETRIC_REPRESENTATION_ITEM ( )  RATIONAL_B_SPLINE_SURFACE ( (
 ( 1.000000000000000000, 1.000000000000000000, 1.000000000000000000),
 ( 1.000000000000000000, 1.000158598892110200, 1.000000000000000000),
 ( 1.000000000000000000, 0.9867291651254329600, 1.000000000000000000),
 ( 1.000000000000000000, 0.9386556746368800400, 1.000000000000000000),
 ( 1.000000000000000000, 0.9038128289595313000, 1.000000000000000000),
 ( 1.000000000000000000, 0.8282379786093445600, 1.000000000000000000),
 ( 1.000000000000000000, 0.7876784249694206400, 1.000000000000000000),
 ( 1.000000000000000000, 0.7265518147277860700, 1.000000000000000000),
 ( 1.000000000000000000, 0.7066757001360024500, 1.000000000000000000),
 ( 1.000000000000000000, 0.7071067811865456900, 1.000000000000000000) ) ) 
 REPRESENTATION_ITEM ( '' )  SURFACE ( )  );
#1491 =( BOUNDED_CURVE ( )  B_SPLINE_CURVE ( 3, ( #2642, #2645, #2649, #2663 ),
 .UNSPECIFIED., .F., .F. ) 
 B_SPLINE_CURVE_WITH_KNOTS ( ( 4, 4 ),
 ( 1.570796326794896600, 3.141592653589793100 ),
 .UNSPECIFIED. ) 
 CURVE ( )  GEOMETRIC_REPRESENTATION_ITEM ( )  RATIONAL_B_SPLINE_CURVE ( ( 1.000000000000000000, 0.8047378541243649400, 0.8047378541243649400, 1.000000000000000000 ) ) 
 REPRESENTATION_ITEM ( '' )  );
#1492 = CARTESIAN_POINT ( 'NONE',  ( 38.26848122046000400, -5.970919882223965300, 16.99999999999999600 ) ) ;
#1493 = CARTESIAN_POINT ( 'NONE',  ( 23.23359549012830200, -2.815428075826269500, 44.00000000000000000 ) ) ;
#1494 = CARTESIAN_POINT ( 'NONE',  ( 5.600000000000000500, 12.20000000000000300, 16.99999999999999600 ) ) ;
#1495 = CARTESIAN_POINT ( 'NONE',  ( 23.23359549012830200, -2.815428075826268600, 16.99999999999999600 ) ) ;
#1496 = CARTESIAN_POINT ( 'NONE',  ( 34.09655121145934900, 4.989235226167499700, 16.99999999999999600 ) ) ;
#1497 = CARTESIAN_POINT ( 'NONE',  ( -39.44407403953538000, -7.146512701299345200, 16.99999999999999600 ) ) ;
#1498 = CARTESIAN_POINT ( 'NONE',  ( -39.44407403953538000, -7.146512701299345200, 44.00000000000000000 ) ) ;
#1499 = CARTESIAN_POINT ( 'NONE',  ( 30.34888527117069000, 1.948676067065367600, 16.99999999999999600 ) ) ;
#1500 = CARTESIAN_POINT ( 'NONE',  ( 30.34888527117069000, 1.948676067065368000, 44.00000000000000000 ) ) ;
#1501 = CARTESIAN_POINT ( 'NONE',  ( -7.262539308564816700, 3.799999999999996300, 44.00000000000000000 ) ) ;
#1502 = CARTESIAN_POINT ( 'NONE',  ( -5.099999999999998800, 12.70000000000000100, 16.99999999999999600 ) ) ;
#1503 = CARTESIAN_POINT ( 'NONE',  ( -53.50000000000000000, -18.00000000000000000, 44.00000000000000000 ) ) ;
#1504 = CARTESIAN_POINT ( 'NONE',  ( -10.84024807256448500, 10.19999999999999900, 24.40445794055040100 ) ) ;
#1505 = CARTESIAN_POINT ( 'NONE',  ( 5.100000000000000500, 16.99999999999999600, 44.00000000000000000 ) ) ;
#1506 = CARTESIAN_POINT ( 'NONE',  ( 53.50000000000000000, -15.24264068711941900, 45.00000000000000000 ) ) ;
#1507 = CARTESIAN_POINT ( 'NONE',  ( 5.600000000000000500, 12.20000000000000300, 44.00000000000000000 ) ) ;
#1508 = CARTESIAN_POINT ( 'NONE',  ( -38.26848122046001800, -5.263813101037403200, 44.00000000000000000 ) ) ;
#1509 = CARTESIAN_POINT ( 'NONE',  ( -33.50437707756837800, -13.08620966326634700, 44.00000000000000000 ) ) ;
#1510 = CARTESIAN_POINT ( 'NONE',  ( -5.099999999999999600, 16.99999999999999300, 16.99999999999999600 ) ) ;
#1511 = CARTESIAN_POINT ( 'NONE',  ( -41.30904037956211300, -2.223253941935302800, 44.00000000000000000 ) ) ;
#1512 = CARTESIAN_POINT ( 'NONE',  ( 7.262539308564819300, 3.799999999999998000, 16.99999999999999600 ) ) ;
#1513 = CARTESIAN_POINT ( 'NONE',  ( 38.26848122046001800, -5.263813101037403200, 44.00000000000000000 ) ) ;
#1514 = CARTESIAN_POINT ( 'NONE',  ( 5.100000000000000500, 12.70000000000000300, 16.99999999999999600 ) ) ;
#1515 = CARTESIAN_POINT ( 'NONE',  ( 29.17329245209530300, 3.124268886140731300, 44.00000000000000000 ) ) ;
#1516 = CARTESIAN_POINT ( 'NONE',  ( 31.05599205235722900, 1.948676067065381300, 44.00000000000000000 ) ) ;
#1517 = CARTESIAN_POINT ( 'NONE',  ( 5.100000000000000500, 12.70000000000000300, 44.00000000000000000 ) ) ;
#1518 = CARTESIAN_POINT ( 'NONE',  ( -54.50000000000000000, -16.99999999999999600, 44.00000000000000000 ) ) ;
#1519 = CARTESIAN_POINT ( 'NONE',  ( 41.30904037956211300, -2.223253941935301900, 44.00000000000000000 ) ) ;
#1520 = CARTESIAN_POINT ( 'NONE',  ( -34.09655121145934900, 4.989235226167499700, 44.00000000000000000 ) ) ;
#1521 = CARTESIAN_POINT ( 'NONE',  ( -5.599999999999998800, 12.20000000000000100, 16.99999999999999600 ) ) ;
#1522 = CARTESIAN_POINT ( 'NONE',  ( 5.100000000000000500, 16.99999999999999600, 16.99999999999999600 ) ) ;
#1523 = CARTESIAN_POINT ( 'NONE',  ( -5.099999999999998800, 12.70000000000000100, 44.00000000000000000 ) ) ;
#1524 = CARTESIAN_POINT ( 'NONE',  ( 38.26848122046001800, -5.263813101037403200, 16.99999999999999600 ) ) ;
#1525 = CARTESIAN_POINT ( 'NONE',  ( -33.50437707756837800, -13.08620966326634700, 16.99999999999999600 ) ) ;
#1526 = CARTESIAN_POINT ( 'NONE',  ( -31.05599205235722900, 1.948676067065381300, 44.00000000000000000 ) ) ;
#1527 = CARTESIAN_POINT ( 'NONE',  ( -31.05599205235724000, 1.948676067065372700, 16.99999999999999600 ) ) ;
#1528 = CARTESIAN_POINT ( 'NONE',  ( -38.26848122046003200, -5.263813101037403200, 16.99999999999999600 ) ) ;
#1529 = CARTESIAN_POINT ( 'NONE',  ( -30.34888527117069000, 1.948676067065368000, 44.00000000000000000 ) ) ;
#1530 = CARTESIAN_POINT ( 'NONE',  ( -7.262539308564816700, 12.20000000000000100, 16.99999999999999600 ) ) ;
#1531 = CARTESIAN_POINT ( 'NONE',  ( -5.099999999999999600, 16.99999999999999600, 44.00000000000000000 ) ) ;
#1532 = CARTESIAN_POINT ( 'NONE',  ( 53.50000000000000000, -18.00000000000000000, 0.0000000000000000000 ) ) ;
#1533 = CARTESIAN_POINT ( 'NONE',  ( -38.12203461105328700, -5.617366491630684200, 44.00000000000000000 ) ) ;
#1534 = CARTESIAN_POINT ( 'NONE',  ( -53.50000000000000000, -18.00000000000000000, 0.0000000000000000000 ) ) ;
#1535 = CARTESIAN_POINT ( 'NONE',  ( -6.099999999999998800, 13.19999999999999900, 45.00000000000000000 ) ) ;
#1536 = CARTESIAN_POINT ( 'NONE',  ( 40.67422555855188200, -10.11636118228284600, 44.00000000000000000 ) ) ;
#1537 = CARTESIAN_POINT ( 'NONE',  ( 22.79289321881345400, 17.70710678118653900, 44.00000000000000000 ) ) ;
#1538 = CARTESIAN_POINT ( 'NONE',  ( -38.26848122046000400, -5.970919882223965300, 44.00000000000000000 ) ) ;
#1539 = CARTESIAN_POINT ( 'NONE',  ( 10.84024807256448900, 10.19999999999999900, 20.59554205944959500 ) ) ;
#1540 = CARTESIAN_POINT ( 'NONE',  ( -29.17329245209530300, 3.124268886140731300, 44.00000000000000000 ) ) ;
#1541 = CARTESIAN_POINT ( 'NONE',  ( -23.23359549012830200, -2.815428075826269500, 16.99999999999999600 ) ) ;
#1542 = CARTESIAN_POINT ( 'NONE',  ( -29.88039923328185000, 3.831375667327277400, 45.00000000000000000 ) ) ;
#1543 = CARTESIAN_POINT ( 'NONE',  ( 38.26848122046000400, -5.970919882223965300, 44.00000000000000000 ) ) ;
#1544 = CARTESIAN_POINT ( 'NONE',  ( 33.38944443027281000, 5.696342007354047600, 45.00000000000000000 ) ) ;
#1545 = CARTESIAN_POINT ( 'NONE',  ( 42.01614716074866600, -2.930360723121847100, 45.00000000000000000 ) ) ;
#1546 = CARTESIAN_POINT ( 'NONE',  ( -52.91421356237309900, -13.82842712474631800, 45.00000000000000000 ) ) ;
#1547 = CARTESIAN_POINT ( 'NONE',  ( -21.00344397111179600, 0.1544204051572390900, 45.00000000000000000 ) ) ;
#1548 = CARTESIAN_POINT ( 'NONE',  ( 31.05599205235722900, 1.948676067065381300, 16.99999999999999600 ) ) ;
#1549 = CARTESIAN_POINT ( 'NONE',  ( -23.23359549012830200, -2.815428075826269500, 44.00000000000000000 ) ) ;
#1550 = CARTESIAN_POINT ( 'NONE',  ( -22.00344397111179300, 0.1544204051572390900, 44.00000000000000000 ) ) ;
#1551 = CARTESIAN_POINT ( 'NONE',  ( 7.262539308564819300, 3.799999999999998000, 44.00000000000000000 ) ) ;
#1552 = CARTESIAN_POINT ( 'NONE',  ( -22.08578643762690400, 18.00000000000000000, 0.0000000000000000000 ) ) ;
#1553 = CARTESIAN_POINT ( 'NONE',  ( -38.12203461105328000, -5.617366491630684200, 16.99999999999999600 ) ) ;
#1554 = CARTESIAN_POINT ( 'NONE',  ( -15.99999999999999600, 10.19999999999999900, 19.19999999999999600 ) ) ;
#1555 = CARTESIAN_POINT ( 'NONE',  ( -5.599999999999998800, 12.20000000000000100, 44.00000000000000000 ) ) ;
#1556 = CARTESIAN_POINT ( 'NONE',  ( 33.50437707756837800, -13.08620966326634700, 16.99999999999999600 ) ) ;
#1557 = CARTESIAN_POINT ( 'NONE',  ( -10.84024807256448500, 10.19999999999999900, 20.59554205944959900 ) ) ;
#1558 = CARTESIAN_POINT ( 'NONE',  ( 16.00000000000000400, -18.00000000000000000, 25.79999999999998600 ) ) ;
#1559 = CARTESIAN_POINT ( 'NONE',  ( 34.38944443027281000, 5.696342007354049400, 44.00000000000000000 ) ) ;
#1560 = CARTESIAN_POINT ( 'NONE',  ( 11.46253930856482300, 8.000000000000000000, 16.99999999999999600 ) ) ;
#1561 = CARTESIAN_POINT ( 'NONE',  ( -15.99999999999999600, 18.00000000000000000, 17.00000000000000400 ) ) ;
#1562 = CARTESIAN_POINT ( 'NONE',  ( 29.17329245209530300, 3.124268886140731300, 16.99999999999999600 ) ) ;
#1563 = CARTESIAN_POINT ( 'NONE',  ( -7.262539308564816700, 3.799999999999996300, 16.99999999999999600 ) ) ;
#1564 = CARTESIAN_POINT ( 'NONE',  ( -15.99999999999999600, 10.19999999999999900, 25.80000000000000400 ) ) ;
#1565 = CARTESIAN_POINT ( 'NONE',  ( -15.99999999999999600, 18.00000000000000000, 27.99999999999999300 ) ) ;
#1566 = CARTESIAN_POINT ( 'NONE',  ( -22.00344397111179300, 0.1544204051572390900, 16.99999999999999600 ) ) ;
#1567 = CARTESIAN_POINT ( 'NONE',  ( 38.67731611903123200, -5.834641582700129400, 44.79966680126040000 ) ) ;
#1568 = CARTESIAN_POINT ( 'NONE',  ( 38.29608739659246200, -5.961717823513082800, 44.26174795468421800 ) ) ;
#1569 = CARTESIAN_POINT ( 'NONE',  ( 38.35133227767462900, -5.617366491630628300, 44.75505896185689600 ) ) ;
#1570 = CARTESIAN_POINT ( 'NONE',  ( 38.26848122055255900, -5.970919882316512600, 44.13092324194019500 ) ) ;
#1571 = CARTESIAN_POINT ( 'NONE',  ( 38.26848122055196900, -5.263813100945471400, 44.13092324194013100 ) ) ;
#1572 = CARTESIAN_POINT ( 'NONE',  ( 38.48096666544842000, -5.900091400561257700, 44.61454676111268500 ) ) ;
#1573 = CARTESIAN_POINT ( 'NONE',  ( 37.98897978085501100, -5.617366491630731300, 44.38028863061341400 ) ) ;
#1574 = CARTESIAN_POINT ( 'NONE',  ( 37.91492782986674800, -5.617366491630692200, 43.99999999999998600 ) ) ;
#1575 = CARTESIAN_POINT ( 'NONE',  ( 38.48096666544844200, -5.334641582700084200, 44.61454676111266300 ) ) ;
#1576 = CARTESIAN_POINT ( 'NONE',  ( 38.40235094057251100, -5.308436341075004200, 44.50361891004590800 ) ) ;
#1577 = CARTESIAN_POINT ( 'NONE',  ( 38.21399350119904900, -5.617366491630670900, 44.65875294630701800 ) ) ;
#1578 = CARTESIAN_POINT ( 'NONE',  ( 38.29608739659259700, -5.273015159748211100, 44.26174795468428200 ) ) ;
#1579 = CARTESIAN_POINT ( 'NONE',  ( 38.40235094057264600, -5.926296642186495800, 44.50361891004597200 ) ) ;
#1580 = CARTESIAN_POINT ( 'NONE',  ( 38.26848122046001800, -5.263813101037425400, 44.00000000000000000 ) ) ;
#1581 = CARTESIAN_POINT ( 'NONE',  ( 38.26848122046001100, -5.970919882223962600, 44.00000000000000000 ) ) ;
#1582 = CARTESIAN_POINT ( 'NONE',  ( 37.91492783850689800, -5.617366491631209200, 44.19925071182544900 ) ) ;
#1583 = CARTESIAN_POINT ( 'NONE',  ( 16.00000000000000400, 18.00000000000000000, 17.00000000000000000 ) ) ;
#1584 = DIRECTION ( 'NONE',  ( 0.0000000000000000000, -1.000000000000000000, 0.0000000000000000000 ) ) ;
#1585 = DIRECTION ( 'NONE',  ( 0.0000000000000000000, 0.0000000000000000000, -1.000000000000000000 ) ) ;
#1586 = CARTESIAN_POINT ( 'NONE',  ( 10.84024807256448900, 10.19999999999999900, 24.40445794055039000 ) ) ;
#1587 = CARTESIAN_POINT ( 'NONE',  ( 0.0000000000000000000, 16.99999999999999600, 44.00000000000000000 ) ) ;
#1588 = DIRECTION ( 'NONE',  ( 1.000000000000000000, 0.0000000000000000000, 0.0000000000000000000 ) ) ;
#1589 = DIRECTION ( 'NONE',  ( 0.0000000000000000000, 0.0000000000000000000, -1.000000000000000000 ) ) ;
#1590 = CARTESIAN_POINT ( 'NONE',  ( 6.100000000000000500, 12.70000000000000300, 44.00000000000000000 ) ) ;
#1591 = CARTESIAN_POINT ( 'NONE',  ( -34.09655121145934900, 4.989235226167499700, 16.99999999999999600 ) ) ;
#1592 = CARTESIAN_POINT ( 'NONE',  ( -7.262539308564816700, 12.20000000000000100, 44.00000000000000000 ) ) ;
#1593 = CARTESIAN_POINT ( 'NONE',  ( -22.79289321881345400, 17.70710678118654300, 44.00000000000000000 ) ) ;
#1594 = CARTESIAN_POINT ( 'NONE',  ( 41.30904037956211300, -2.223253941935301900, 16.99999999999999600 ) ) ;
#1595 = CARTESIAN_POINT ( 'NONE',  ( -30.34888527117067300, 1.948676067065368000, 16.99999999999999600 ) ) ;
#1596 = CARTESIAN_POINT ( 'NONE',  ( -41.30904037956211300, -2.223253941935301900, 16.99999999999999600 ) ) ;
#1597 = ADVANCED_FACE ( 'NONE', ( #1184 ), #1177, .T. ) ;
#1598 = ADVANCED_FACE ( 'NONE', ( #1161 ), #1151, .T. ) ;
#1599 = ADVANCED_FACE ( 'NONE', ( #1195 ), #1198, .T. ) ;
#1600 = ADVANCED_FACE ( 'NONE', ( #1181 ), #1191, .F. ) ;
#1601 = ADVANCED_FACE ( 'NONE', ( #1173 ), #1205, .F. ) ;
#1602 = ADVANCED_FACE ( 'NONE', ( #1178 ), #2983, .F. ) ;
#1603 = ADVANCED_FACE ( 'NONE', ( #1197 ), #2995, .T. ) ;
#1604 = ADVANCED_FACE ( 'NONE', ( #1185 ), #1186, .F. ) ;
#1605 = ADVANCED_FACE ( 'NONE', ( #1174 ), #2989, .T. ) ;
#1606 = ADVANCED_FACE ( 'NONE', ( #1200 ), #1159, .T. ) ;
#1607 = ADVANCED_FACE ( 'NONE', ( #1163 ), #1201, .T. ) ;
#1608 = ADVANCED_FACE ( 'NONE', ( #1203 ), #1206, .F. ) ;
#1609 = ADVANCED_FACE ( 'NONE', ( #1154, #1165, #1192 ), #2955, .F. ) ;
#1610 = ADVANCED_FACE ( 'NONE', ( #1193 ), #1168, .T. ) ;
#1611 = ADVANCED_FACE ( 'NONE', ( #1220 ), #2974, .F. ) ;
#1612 = ADVANCED_FACE ( 'NONE', ( #1202 ), #3030, .F. ) ;
#1613 = ADVANCED_FACE ( 'NONE', ( #1204, #1166 ), #1223, .F. ) ;
#1614 = ADVANCED_FACE ( 'NONE', ( #1221 ), #3029, .F. ) ;
#1615 = ADVANCED_FACE ( 'NONE', ( #1208 ), #3041, .F. ) ;
#1616 = ADVANCED_FACE ( 'NONE', ( #1213 ), #3033, .T. ) ;
#1617 = ADVANCED_FACE ( 'NONE', ( #1211 ), #3027, .F. ) ;
#1618 = ADVANCED_FACE ( 'NONE', ( #1216 ), #1212, .T. ) ;
#1619 = ADVANCED_FACE ( 'NONE', ( #1209 ), #1210, .F. ) ;
#1620 = ADVANCED_FACE ( 'NONE', ( #1215 ), #1222, .T. ) ;
#1621 = ADVANCED_FACE ( 'NONE', ( #1214 ), #1224, .F. ) ;
#1622 = ADVANCED_FACE ( 'NONE', ( #1217 ), #3003, .T. ) ;
#1623 = ADVANCED_FACE ( 'NONE', ( #1219, #975, #1218 ), #3050, .F. ) ;
#1624 = ADVANCED_FACE ( 'NONE', ( #973 ), #977, .F. ) ;
#1625 = ADVANCED_FACE ( 'NONE', ( #971 ), #979, .F. ) ;
#1626 = ADVANCED_FACE ( 'NONE', ( #970 ), #3070, .F. ) ;
#1627 = ADVANCED_FACE ( 'NONE', ( #978 ), #980, .F. ) ;
#1628 = ADVANCED_FACE ( 'NONE', ( #981 ), #997, .T. ) ;
#1629 = ADVANCED_FACE ( 'NONE', ( #974 ), #976, .T. ) ;
#1630 = ADVANCED_FACE ( 'NONE', ( #994, #972 ), #987, .F. ) ;
#1631 = ADVANCED_FACE ( 'NONE', ( #995 ), #988, .T. ) ;
#1632 = ADVANCED_FACE ( 'NONE', ( #986 ), #3056, .F. ) ;
#1633 = ADVANCED_FACE ( 'NONE', ( #989 ), #991, .T. ) ;
#1634 = ADVANCED_FACE ( 'NONE', ( #983 ), #992, .T. ) ;
#1635 = ADVANCED_FACE ( 'NONE', ( #993 ), #996, .T. ) ;
#1636 = ADVANCED_FACE ( 'NONE', ( #990 ), #3069, .T. ) ;
#1637 = ADVANCED_FACE ( 'NONE', ( #982 ), #985, .T. ) ;
#1638 = ADVANCED_FACE ( 'NONE', ( #1013 ), #1004, .T. ) ;
#1639 = ADVANCED_FACE ( 'NONE', ( #984, #1005 ), #3090, .F. ) ;
#1640 = ADVANCED_FACE ( 'NONE', ( #1008 ), #1007, .T. ) ;
#1641 = ADVANCED_FACE ( 'NONE', ( #998 ), #3128, .F. ) ;
#1642 = ADVANCED_FACE ( 'NONE', ( #1015 ), #3111, .F. ) ;
#1643 = ADVANCED_FACE ( 'NONE', ( #999 ), #1014, .T. ) ;
#1644 = ADVANCED_FACE ( 'NONE', ( #1016 ), #3152, .F. ) ;
#1645 = ADVANCED_FACE ( 'NONE', ( #1000 ), #3127, .F. ) ;
#1646 = ADVANCED_FACE ( 'NONE', ( #1001 ), #3131, .T. ) ;
#1647 = ADVANCED_FACE ( 'NONE', ( #1010 ), #3136, .F. ) ;
#1648 = ADVANCED_FACE ( 'NONE', ( #1002 ), #1011, .F. ) ;
#1649 = ADVANCED_FACE ( 'NONE', ( #1009 ), #3148, .F. ) ;
#1650 = ADVANCED_FACE ( 'NONE', ( #1003 ), #1019, .F. ) ;
#1651 = ADVANCED_FACE ( 'NONE', ( #1012 ), #3145, .F. ) ;
#1652 = ADVANCED_FACE ( 'NONE', ( #1017 ), #1038, .T. ) ;
#1653 = ADVANCED_FACE ( 'NONE', ( #1018 ), #3200, .T. ) ;
#1654 = ADVANCED_FACE ( 'NONE', ( #1020 ), #1023, .F. ) ;
#1655 = ADVANCED_FACE ( 'NONE', ( #1029 ), #1028, .T. ) ;
#1656 = ADVANCED_FACE ( 'NONE', ( #1006 ), #3177, .T. ) ;
#1657 = ADVANCED_FACE ( 'NONE', ( #1034 ), #1024, .T. ) ;
#1658 = ADVANCED_FACE ( 'NONE', ( #1036 ), #1033, .T. ) ;
#1659 = ADVANCED_FACE ( 'NONE', ( #1032 ), #1030, .T. ) ;
#1660 = ADVANCED_FACE ( 'NONE', ( #1021 ), #1022, .T. ) ;
#1661 = ADVANCED_FACE ( 'NONE', ( #1025 ), #3165, .T. ) ;
#1662 = ADVANCED_FACE ( 'NONE', ( #1035 ), #1039, .T. ) ;
#1663 = ADVANCED_FACE ( 'NONE', ( #1040 ), #1043, .F. ) ;
#1664 = ADVANCED_FACE ( 'NONE', ( #1027 ), #1057, .F. ) ;
#1665 = ADVANCED_FACE ( 'NONE', ( #1037 ), #1080, .F. ) ;
#1666 = ADVANCED_FACE ( 'NONE', ( #1031, #1095 ), #3193, .F. ) ;
#1667 = ADVANCED_FACE ( 'NONE', ( #1026 ), #1051, .T. ) ;
#1668 = PRODUCT_DEFINITION_SHAPE ( 'NONE', 'NONE',  #3385 ) ;
#1669 = DESIGN_CONTEXT ( 'detailed design', #3519, 'design' ) ;
#1670 = CARTESIAN_POINT ( 'NONE',  ( 53.50000000000000000, -18.00000000000000000, 44.00000000000000000 ) ) ;
#1671 = CARTESIAN_POINT ( 'NONE',  ( 53.62132034355964500, -13.12132034355978000, 44.00000000000000000 ) ) ;
#1672 = CARTESIAN_POINT ( 'NONE',  ( 22.08578643762691100, 16.99999999999999600, 45.00000000000000000 ) ) ;
#1673 = CARTESIAN_POINT ( 'NONE',  ( 7.262539308564818400, 12.20000000000000300, 44.00000000000000000 ) ) ;
#1674 = CARTESIAN_POINT ( 'NONE',  ( 34.09655121145934900, 6.403448788540595500, 44.00000000000000000 ) ) ;
#1675 = CARTESIAN_POINT ( 'NONE',  ( 6.100000000000001400, 16.99999999999999600, 45.00000000000000000 ) ) ;
#1676 = CARTESIAN_POINT ( 'NONE',  ( -40.15118082072192600, -6.439405920112800900, 45.00000000000000000 ) ) ;
#1677 = EDGE_CURVE ( 'NONE', #801, #1242, #1092, .T. ) ;
#1678 = EDGE_CURVE ( 'NONE', #792, #805, #1063, .T. ) ;
#1679 = EDGE_CURVE ( 'NONE', #833, #803, #1085, .T. ) ;
#1680 = EDGE_CURVE ( 'NONE', #821, #784, #1072, .T. ) ;
#1681 = EDGE_CURVE ( 'NONE', #822, #811, #1074, .T. ) ;
#1682 = EDGE_CURVE ( 'NONE', #798, #807, #1093, .T. ) ;
#1683 = EDGE_CURVE ( 'NONE', #814, #787, #1090, .T. ) ;
#1684 = EDGE_CURVE ( 'NONE', #1229, #832, #1044, .T. ) ;
#1685 = EDGE_CURVE ( 'NONE', #818, #819, #1054, .T. ) ;
#1686 = EDGE_CURVE ( 'NONE', #800, #810, #1076, .T. ) ;
#1687 = EDGE_CURVE ( 'NONE', #809, #836, #1481, .T. ) ;
#1688 = EDGE_CURVE ( 'NONE', #784, #822, #1069, .T. ) ;
#1689 = EDGE_CURVE ( 'NONE', #788, #818, #1048, .T. ) ;
#1690 = EDGE_CURVE ( 'NONE', #785, #1266, #1075, .T. ) ;
#1691 = EDGE_CURVE ( 'NONE', #795, #796, #1042, .T. ) ;
#1692 = EDGE_CURVE ( 'NONE', #1267, #788, #1070, .T. ) ;
#1693 = EDGE_CURVE ( 'NONE', #832, #820, #1053, .T. ) ;
#1694 = EDGE_CURVE ( 'NONE', #1231, #814, #1049, .T. ) ;
#1695 = EDGE_CURVE ( 'NONE', #829, #791, #1061, .T. ) ;
#1696 = EDGE_CURVE ( 'NONE', #810, #1243, #1094, .T. ) ;
#1697 = EDGE_CURVE ( 'NONE', #832, #1236, #1050, .T. ) ;
#1698 = EDGE_CURVE ( 'NONE', #825, #812, #1055, .T. ) ;
#1699 = EDGE_CURVE ( 'NONE', #813, #838, #1064, .T. ) ;
#1700 = EDGE_CURVE ( 'NONE', #803, #1235, #1052, .T. ) ;
#1701 = EDGE_CURVE ( 'NONE', #811, #830, #1065, .T. ) ;
#1702 = EDGE_CURVE ( 'NONE', #819, #829, #1077, .T. ) ;
#1703 = EDGE_CURVE ( 'NONE', #812, #802, #1058, .T. ) ;
#1704 = EDGE_CURVE ( 'NONE', #1306, #805, #1081, .T. ) ;
#1705 = EDGE_CURVE ( 'NONE', #830, #785, #1082, .T. ) ;
#1706 = EDGE_CURVE ( 'NONE', #792, #825, #1086, .T. ) ;
#1707 = EDGE_CURVE ( 'NONE', #817, #838, #1062, .T. ) ;
#1708 = EDGE_CURVE ( 'NONE', #796, #804, #321, .T. ) ;
#1709 = EDGE_CURVE ( 'NONE', #1260, #792, #322, .T. ) ;
#1710 = EDGE_CURVE ( 'NONE', #788, #840, #331, .T. ) ;
#1711 = EDGE_CURVE ( 'NONE', #1240, #822, #338, .T. ) ;
#1712 = EDGE_CURVE ( 'NONE', #805, #812, #336, .T. ) ;
#1713 = EDGE_CURVE ( 'NONE', #840, #819, #339, .T. ) ;
#1714 = EDGE_CURVE ( 'NONE', #821, #811, #344, .T. ) ;
#1715 = EDGE_CURVE ( 'NONE', #836, #1258, #340, .T. ) ;
#1716 = EDGE_CURVE ( 'NONE', #824, #833, #332, .T. ) ;
#1717 = EDGE_CURVE ( 'NONE', #799, #823, #345, .T. ) ;
#1718 = EDGE_CURVE ( 'NONE', #807, #813, #326, .T. ) ;
#1719 = EDGE_CURVE ( 'NONE', #786, #803, #324, .T. ) ;
#1720 = EDGE_CURVE ( 'NONE', #802, #815, #346, .T. ) ;
#1721 = EDGE_CURVE ( 'NONE', #1306, #1319, #335, .T. ) ;
#1722 = EDGE_CURVE ( 'NONE', #1247, #1241, #333, .T. ) ;
#1723 = EDGE_CURVE ( 'NONE', #794, #834, #328, .T. ) ;
#1724 = EDGE_CURVE ( 'NONE', #804, #1236, #356, .T. ) ;
#1725 = EDGE_CURVE ( 'NONE', #1228, #796, #397, .T. ) ;
#1726 = EDGE_CURVE ( 'NONE', #798, #826, #360, .T. ) ;
#1727 = EDGE_CURVE ( 'NONE', #795, #1295, #378, .T. ) ;
#1728 = EDGE_CURVE ( 'NONE', #784, #1254, #348, .T. ) ;
#1729 = EDGE_CURVE ( 'NONE', #1297, #1278, #358, .T. ) ;
#1730 = EDGE_CURVE ( 'NONE', #1298, #826, #361, .T. ) ;
#1731 = EDGE_CURVE ( 'NONE', #820, #795, #354, .T. ) ;
#1732 = EDGE_CURVE ( 'NONE', #797, #831, #372, .T. ) ;
#1733 = EDGE_CURVE ( 'NONE', #1307, #1245, #369, .T. ) ;
#1734 = EDGE_CURVE ( 'NONE', #835, #1257, #390, .T. ) ;
#1735 = EDGE_CURVE ( 'NONE', #801, #1235, #355, .T. ) ;
#1736 = EDGE_CURVE ( 'NONE', #814, #810, #359, .T. ) ;
#1737 = EDGE_CURVE ( 'NONE', #1281, #794, #394, .T. ) ;
#1738 = EDGE_CURVE ( 'NONE', #824, #786, #349, .T. ) ;
#1739 = EDGE_CURVE ( 'NONE', #834, #828, #387, .T. ) ;
#1740 = EDGE_CURVE ( 'NONE', #1302, #787, #401, .T. ) ;
#1741 = EDGE_CURVE ( 'NONE', #797, #799, #381, .T. ) ;
#1742 = EDGE_CURVE ( 'NONE', #836, #809, #384, .T. ) ;
#1743 = EDGE_CURVE ( 'NONE', #830, #1323, #376, .T. ) ;
#1744 = EDGE_CURVE ( 'NONE', #820, #804, #351, .T. ) ;
#1745 = EDGE_CURVE ( 'NONE', #815, #1291, #400, .T. ) ;
#1746 = EDGE_CURVE ( 'NONE', #787, #800, #370, .T. ) ;
#1747 = EDGE_CURVE ( 'NONE', #1279, #840, #352, .T. ) ;
#1748 = EDGE_CURVE ( 'NONE', #1305, #1275, #385, .T. ) ;
#1749 = EDGE_CURVE ( 'NONE', #802, #1300, #365, .T. ) ;
#1750 = EDGE_CURVE ( 'NONE', #829, #1326, #403, .T. ) ;
#1751 = EDGE_CURVE ( 'NONE', #789, #1301, #404, .T. ) ;
#1752 = EDGE_CURVE ( 'NONE', #833, #801, #405, .T. ) ;
#1753 = EDGE_CURVE ( 'NONE', #838, #786, #393, .T. ) ;
#1754 = EDGE_CURVE ( 'NONE', #793, #835, #373, .T. ) ;
#1755 = EDGE_CURVE ( 'NONE', #835, #1259, #371, .T. ) ;
#1756 = EDGE_CURVE ( 'NONE', #823, #790, #388, .T. ) ;
#1757 = EDGE_CURVE ( 'NONE', #793, #790, #407, .T. ) ;
#1758 = EDGE_CURVE ( 'NONE', #808, #816, #396, .T. ) ;
#1759 = EDGE_CURVE ( 'NONE', #825, #815, #362, .T. ) ;
#1760 = EDGE_CURVE ( 'NONE', #794, #1320, #347, .T. ) ;
#1761 = EDGE_CURVE ( 'NONE', #831, #793, #377, .T. ) ;
#1762 = EDGE_CURVE ( 'NONE', #826, #817, #409, .T. ) ;
#1763 = EDGE_CURVE ( 'NONE', #807, #817, #446, .T. ) ;
#1764 = EDGE_CURVE ( 'NONE', #813, #824, #428, .T. ) ;
#1765 = EDGE_CURVE ( 'NONE', #785, #821, #415, .T. ) ;
#1766 = EDGE_CURVE ( 'NONE', #1264, #1227, #443, .T. ) ;
#1767 = EDGE_CURVE ( 'NONE', #831, #823, #434, .T. ) ;
#1768 = EDGE_CURVE ( 'NONE', #1282, #800, #432, .T. ) ;
#1769 = EDGE_CURVE ( 'NONE', #1262, #1263, #421, .T. ) ;
#1770 = EDGE_CURVE ( 'NONE', #1276, #1289, #414, .T. ) ;
#1771 = EDGE_CURVE ( 'NONE', #834, #797, #436, .T. ) ;
#1772 = EDGE_CURVE ( 'NONE', #1280, #810, #1475, .T. ) ;
#1773 = EDGE_CURVE ( 'NONE', #1225, #838, #1488, .T. ) ;
#1774 = EDGE_CURVE ( 'NONE', #790, #1257, #417, .T. ) ;
#1775 = EDGE_CURVE ( 'NONE', #828, #799, #435, .T. ) ;
#1776 = EDGE_CURVE ( 'NONE', #1317, #1298, #437, .T. ) ;
#1777 = EDGE_CURVE ( 'NONE', #1326, #1226, #422, .T. ) ;
#1778 = EDGE_CURVE ( 'NONE', #823, #1274, #412, .T. ) ;
#1779 = EDGE_CURVE ( 'NONE', #1227, #1310, #441, .T. ) ;
#1780 = EDGE_CURVE ( 'NONE', #818, #791, #426, .T. ) ;
#1781 = EDGE_CURVE ( 'NONE', #1230, #1278, #458, .T. ) ;
#1782 = EDGE_CURVE ( 'NONE', #812, #1283, #1482, .T. ) ;
#1783 = EDGE_CURVE ( 'NONE', #805, #1283, #1485, .T. ) ;
#1784 = EDGE_CURVE ( 'NONE', #791, #1271, #444, .T. ) ;
#1785 = EDGE_CURVE ( 'NONE', #1285, #811, #1484, .T. ) ;
#1786 = EDGE_CURVE ( 'NONE', #808, #1318, #430, .T. ) ;
#1787 = EDGE_CURVE ( 'NONE', #1311, #1289, #423, .T. ) ;
#1788 = EDGE_CURVE ( 'NONE', #1277, #1303, #449, .T. ) ;
#1789 = EDGE_CURVE ( 'NONE', #837, #1240, #445, .T. ) ;
#1790 = EDGE_CURVE ( 'NONE', #1285, #822, #1476, .T. ) ;
#1791 = EDGE_CURVE ( 'NONE', #1313, #1270, #416, .T. ) ;
#1792 = EDGE_CURVE ( 'NONE', #1314, #1255, #424, .T. ) ;
#1793 = EDGE_CURVE ( 'NONE', #1273, #804, #425, .T. ) ;
#1794 = EDGE_CURVE ( 'NONE', #1320, #828, #447, .T. ) ;
#1795 = EDGE_CURVE ( 'NONE', #1287, #1244, #433, .T. ) ;
#1796 = EDGE_CURVE ( 'NONE', #1252, #809, #442, .T. ) ;
#1797 = EDGE_CURVE ( 'NONE', #1276, #1311, #448, .T. ) ;
#1798 = EDGE_CURVE ( 'NONE', #1268, #789, #451, .T. ) ;
#1799 = EDGE_CURVE ( 'NONE', #1268, #1301, #440, .T. ) ;
#1800 = EDGE_CURVE ( 'NONE', #1225, #817, #1483, .T. ) ;
#1801 = EDGE_CURVE ( 'NONE', #840, #1294, #1486, .T. ) ;
#1802 = EDGE_CURVE ( 'NONE', #1322, #800, #452, .T. ) ;
#1803 = EDGE_CURVE ( 'NONE', #1321, #830, #429, .T. ) ;
#1804 = EDGE_CURVE ( 'NONE', #1309, #796, #431, .T. ) ;
#1805 = EDGE_CURVE ( 'NONE', #1275, #806, #419, .T. ) ;
#1806 = EDGE_CURVE ( 'NONE', #819, #1294, #1487, .T. ) ;
#1807 = EDGE_CURVE ( 'NONE', #1300, #1308, #450, .T. ) ;
#1808 = EDGE_CURVE ( 'NONE', #1280, #1228, #1491, .T. ) ;
#1809 = EDGE_CURVE ( 'NONE', #790, #1269, #454, .T. ) ;
#1810 = EDGE_CURVE ( 'NONE', #802, #1308, #413, .T. ) ;
#1811 = EDGE_CURVE ( 'NONE', #1264, #1310, #455, .T. ) ;
#1812 = EDGE_CURVE ( 'NONE', #1321, #1323, #459, .T. ) ;
#1813 = EDGE_CURVE ( 'NONE', #1317, #826, #461, .T. ) ;
#1814 = EDGE_CURVE ( 'NONE', #1307, #1234, #456, .T. ) ;
#1815 = EDGE_CURVE ( 'NONE', #1279, #1299, #500, .T. ) ;
#1816 = EDGE_CURVE ( 'NONE', #1292, #803, #492, .T. ) ;
#1817 = EDGE_CURVE ( 'NONE', #828, #1288, #1473, .T. ) ;
#1818 = EDGE_CURVE ( 'NONE', #1305, #1284, #491, .T. ) ;
#1819 = EDGE_CURVE ( 'NONE', #1318, #816, #502, .T. ) ;
#1820 = EDGE_CURVE ( 'NONE', #799, #1288, #1472, .T. ) ;
#1821 = EDGE_CURVE ( 'NONE', #829, #1226, #465, .T. ) ;
#1822 = EDGE_CURVE ( 'NONE', #1316, #1297, #486, .T. ) ;
#1823 = EDGE_CURVE ( 'NONE', #1327, #1272, #482, .T. ) ;
#1824 = EDGE_CURVE ( 'NONE', #1286, #786, #494, .T. ) ;
#1825 = EDGE_CURVE ( 'NONE', #1282, #1322, #485, .T. ) ;
#1826 = EDGE_CURVE ( 'NONE', #1289, #806, #480, .T. ) ;
#1827 = EDGE_CURVE ( 'NONE', #1311, #808, #499, .T. ) ;
#1828 = EDGE_CURVE ( 'NONE', #1290, #1306, #488, .T. ) ;
#1829 = EDGE_CURVE ( 'NONE', #1267, #1279, #470, .T. ) ;
#1830 = EDGE_CURVE ( 'NONE', #1326, #1305, #497, .T. ) ;
#1831 = EDGE_CURVE ( 'NONE', #1259, #1267, #498, .T. ) ;
#1832 = EDGE_CURVE ( 'NONE', #1233, #1279, #475, .T. ) ;
#1833 = EDGE_CURVE ( 'NONE', #1291, #1325, #490, .T. ) ;
#1834 = EDGE_CURVE ( 'NONE', #1269, #1274, #478, .T. ) ;
#1835 = EDGE_CURVE ( 'NONE', #1288, #1234, #495, .T. ) ;
#1836 = EDGE_CURVE ( 'NONE', #839, #827, #471, .T. ) ;
#1837 = EDGE_CURVE ( 'NONE', #1239, #1250, #1461, .T. ) ;
#1838 = EDGE_CURVE ( 'NONE', #1229, #1238, #503, .T. ) ;
#1839 = EDGE_CURVE ( 'NONE', #1327, #1244, #479, .T. ) ;
#1840 = EDGE_CURVE ( 'NONE', #1271, #1281, #506, .T. ) ;
#1841 = EDGE_CURVE ( 'NONE', #1254, #1240, #505, .T. ) ;
#1842 = EDGE_CURVE ( 'NONE', #1230, #1316, #463, .T. ) ;
#1843 = EDGE_CURVE ( 'NONE', #1248, #1246, #467, .T. ) ;
#1844 = EDGE_CURVE ( 'NONE', #1242, #1260, #468, .T. ) ;
#1845 = EDGE_CURVE ( 'NONE', #1301, #1298, #469, .T. ) ;
#1846 = EDGE_CURVE ( 'NONE', #806, #1284, #473, .T. ) ;
#1847 = EDGE_CURVE ( 'NONE', #1277, #1272, #501, .T. ) ;
#1848 = EDGE_CURVE ( 'NONE', #1272, #1227, #511, .T. ) ;
#1849 = EDGE_CURVE ( 'NONE', #1250, #1262, #507, .T. ) ;
#1850 = EDGE_CURVE ( 'NONE', #1307, #1281, #512, .T. ) ;
#1851 = EDGE_CURVE ( 'NONE', #1293, #827, #510, .T. ) ;
#1852 = EDGE_CURVE ( 'NONE', #1237, #1256, #515, .T. ) ;
#1853 = EDGE_CURVE ( 'NONE', #1244, #1301, #291, .T. ) ;
#1854 = EDGE_CURVE ( 'NONE', #1243, #1228, #292, .T. ) ;
#1855 = EDGE_CURVE ( 'NONE', #1226, #1294, #299, .T. ) ;
#1856 = EDGE_CURVE ( 'NONE', #1310, #1308, #295, .T. ) ;
#1857 = EDGE_CURVE ( 'NONE', #1295, #1228, #298, .T. ) ;
#1858 = EDGE_CURVE ( 'NONE', #1318, #1289, #308, .T. ) ;
#1859 = EDGE_CURVE ( 'NONE', #1242, #1290, #312, .T. ) ;
#1860 = EDGE_CURVE ( 'NONE', #1308, #1283, #313, .T. ) ;
#1861 = EDGE_CURVE ( 'NONE', #1294, #1299, #317, .T. ) ;
#1862 = EDGE_CURVE ( 'NONE', #808, #839, #309, .T. ) ;
#1863 = EDGE_CURVE ( 'NONE', #1300, #1264, #314, .T. ) ;
#1864 = EDGE_CURVE ( 'NONE', #1283, #1319, #318, .T. ) ;
#1865 = EDGE_CURVE ( 'NONE', #1274, #1288, #304, .T. ) ;
#1866 = EDGE_CURVE ( 'NONE', #1298, #1325, #307, .T. ) ;
#1867 = EDGE_CURVE ( 'NONE', #1264, #1327, #323, .T. ) ;
#1868 = EDGE_CURVE ( 'NONE', #1254, #1229, #368, .T. ) ;
#1869 = EDGE_CURVE ( 'NONE', #1227, #1307, #427, .T. ) ;
#1870 = EDGE_CURVE ( 'NONE', #1291, #1300, #484, .T. ) ;
#1871 = EDGE_CURVE ( 'NONE', #1250, #1239, #514, .T. ) ;
#1872 = EDGE_CURVE ( 'NONE', #1231, #1243, #301, .T. ) ;
#1873 = EDGE_CURVE ( 'NONE', #1284, #1226, #395, .T. ) ;
#1874 = EDGE_CURVE ( 'NONE', #1234, #1310, #300, .T. ) ;
#1875 = EDGE_CURVE ( 'NONE', #1319, #1304, #261, .T. ) ;
#1876 = EDGE_CURVE ( 'NONE', #1271, #1326, #279, .T. ) ;
#1877 = EDGE_CURVE ( 'NONE', #839, #1324, #276, .T. ) ;
#1878 = EDGE_CURVE ( 'NONE', #1305, #1277, #278, .T. ) ;
#1879 = EDGE_CURVE ( 'NONE', #1238, #1240, #266, .T. ) ;
#1880 = EDGE_CURVE ( 'NONE', #1315, #1249, #287, .T. ) ;
#1881 = EDGE_CURVE ( 'NONE', #1312, #1265, #264, .T. ) ;
#1882 = EDGE_CURVE ( 'NONE', #1260, #1306, #262, .T. ) ;
#1883 = EDGE_CURVE ( 'NONE', #1299, #1296, #277, .T. ) ;
#1884 = EDGE_CURVE ( 'NONE', #1259, #1233, #273, .T. ) ;
#1885 = EDGE_CURVE ( 'NONE', #1261, #1269, #282, .T. ) ;
#1886 = EDGE_CURVE ( 'NONE', #1325, #798, #275, .T. ) ;
#1887 = EDGE_CURVE ( 'NONE', #1295, #1231, #263, .T. ) ;
#1888 = EDGE_CURVE ( 'NONE', #1316, #1318, #289, .T. ) ;
#1889 = EDGE_CURVE ( 'NONE', #827, #1311, #269, .T. ) ;
#1890 = PERSON ( 'UNSPECIFIED', 'UNSPECIFIED', 'UNSPECIFIED', ('UNSPECIFIED'), ('UNSPECIFIED'), ('UNSPECIFIED') ) ;
#1891 = PRODUCT ( '45-0-45', '45-0-45', '', ( #3515 ) ) ;
#1892 = DIRECTION ( 'NONE',  ( 0.7071067811865460200, 0.7071067811865490200, 0.0000000000000000000 ) ) ;
#1893 = DIRECTION ( 'NONE',  ( 0.7071067811865477900, 0.7071067811865473500, 0.0000000000000000000 ) ) ;
#1894 = CARTESIAN_POINT ( 'NONE',  ( -19.54289321881350000, 19.54289321881341800, 44.00000000000000000 ) ) ;
#1895 = DIRECTION ( 'NONE',  ( -0.7071067811865492400, 0.7071067811865458000, 0.0000000000000000000 ) ) ;
#1896 = CARTESIAN_POINT ( 'NONE',  ( -33.38944443027281000, 5.696342007354049400, 45.00000000000000000 ) ) ;
#1897 = DIRECTION ( 'NONE',  ( -1.000000000000000000, -1.194295412577679700E-016, 0.0000000000000000000 ) ) ;
#1898 = CARTESIAN_POINT ( 'NONE',  ( -7.262539308564816700, 2.799999999999996300, 44.00000000000000000 ) ) ;
#1899 = DIRECTION ( 'NONE',  ( 0.0000000000000000000, -1.000000000000000000, 0.0000000000000000000 ) ) ;
#1900 = CARTESIAN_POINT ( 'NONE',  ( -42.72325394193521900, -2.223253941935301900, 44.00000000000000000 ) ) ;
#1901 = CARTESIAN_POINT ( 'NONE',  ( -30.34888527117068300, 2.655782848251929500, 44.00000000000000000 ) ) ;
#1902 = CARTESIAN_POINT ( 'NONE',  ( -33.38944443027281000, 5.696342007354045800, 44.00000000000000000 ) ) ;
#1903 = DIRECTION ( 'NONE',  ( 1.000000000000000000, 0.0000000000000000000, 0.0000000000000000000 ) ) ;
#1904 = DIRECTION ( 'NONE',  ( 0.7071067811865480200, -0.7071067811865470200, 0.0000000000000000000 ) ) ;
#1905 = DIRECTION ( 'NONE',  ( 0.0000000000000000000, 1.000000000000000000, 0.0000000000000000000 ) ) ;
#1906 = AXIS2_PLACEMENT_3D ( 'NONE', #2707, #2681, #2676 ) ;
#1907 = AXIS2_PLACEMENT_3D ( 'NONE', #2705, #2678, #2706 ) ;
#1908 = AXIS2_PLACEMENT_3D ( 'NONE', #2675, #2685, #2684 ) ;
#1909 = AXIS2_PLACEMENT_3D ( 'NONE', #2677, #2671, #2672 ) ;
#1910 = AXIS2_PLACEMENT_3D ( 'NONE', #2716, #2719, #2739 ) ;
#1911 = EDGE_CURVE ( 'NONE', #1282, #1230, #260, .T. ) ;
#1912 = EDGE_CURVE ( 'NONE', #816, #1297, #267, .T. ) ;
#1913 = EDGE_CURVE ( 'NONE', #1270, #1278, #270, .T. ) ;
#1914 = EDGE_CURVE ( 'NONE', #1232, #1253, #265, .T. ) ;
#1915 = EDGE_CURVE ( 'NONE', #1225, #1317, #272, .T. ) ;
#1916 = EDGE_CURVE ( 'NONE', #1241, #1247, #184, .T. ) ;
#1917 = EDGE_CURVE ( 'NONE', #1276, #1293, #159, .T. ) ;
#1918 = EDGE_CURVE ( 'NONE', #1253, #1273, #190, .T. ) ;
#1919 = EDGE_CURVE ( 'NONE', #1251, #1235, #166, .T. ) ;
#1920 = EDGE_CURVE ( 'NONE', #1322, #1302, #157, .T. ) ;
#1921 = EDGE_CURVE ( 'NONE', #789, #1287, #167, .T. ) ;
#1922 = EDGE_CURVE ( 'NONE', #1251, #1292, #147, .T. ) ;
#1923 = EDGE_CURVE ( 'NONE', #1303, #1275, #164, .T. ) ;
#1924 = EDGE_CURVE ( 'NONE', #1312, #1247, #142, .T. ) ;
#1925 = EDGE_CURVE ( 'NONE', #1324, #816, #189, .T. ) ;
#1926 = EDGE_CURVE ( 'NONE', #1321, #1285, #160, .T. ) ;
#1927 = EDGE_CURVE ( 'NONE', #1285, #837, #162, .T. ) ;
#1928 = EDGE_CURVE ( 'NONE', #1292, #1286, #137, .T. ) ;
#1929 = EDGE_CURVE ( 'NONE', #1266, #1323, #178, .T. ) ;
#1930 = EDGE_CURVE ( 'NONE', #1287, #1270, #153, .T. ) ;
#1931 = EDGE_CURVE ( 'NONE', #1302, #1266, #138, .T. ) ;
#1932 = EDGE_CURVE ( 'NONE', #1232, #1238, #163, .T. ) ;
#1933 = EDGE_CURVE ( 'NONE', #1245, #1234, #155, .T. ) ;
#1934 = EDGE_CURVE ( 'NONE', #1265, #1241, #154, .T. ) ;
#1935 = EDGE_CURVE ( 'NONE', #1253, #1236, #168, .T. ) ;
#1936 = EDGE_CURVE ( 'NONE', #1313, #1324, #139, .T. ) ;
#1937 = EDGE_CURVE ( 'NONE', #1245, #1320, #169, .T. ) ;
#1938 = EDGE_CURVE ( 'NONE', #1275, #1276, #165, .T. ) ;
#1939 = EDGE_CURVE ( 'NONE', #1304, #1290, #175, .T. ) ;
#1940 = EDGE_CURVE ( 'NONE', #1297, #1313, #172, .T. ) ;
#1941 = EDGE_CURVE ( 'NONE', #1236, #1238, #186, .T. ) ;
#1942 = EDGE_CURVE ( 'NONE', #1320, #1234, #179, .T. ) ;
#1943 = EDGE_CURVE ( 'NONE', #1304, #1251, #141, .T. ) ;
#1944 = EDGE_CURVE ( 'NONE', #837, #1232, #188, .T. ) ;
#1945 = EDGE_CURVE ( 'NONE', #1296, #1233, #180, .T. ) ;
#1946 = EDGE_CURVE ( 'NONE', #1235, #1290, #148, .T. ) ;
#1947 = EDGE_CURVE ( 'NONE', #1257, #1233, #143, .T. ) ;
#1948 = EDGE_CURVE ( 'NONE', #1265, #1312, #146, .T. ) ;
#1949 = EDGE_CURVE ( 'NONE', #1280, #1282, #144, .T. ) ;
#1950 = EDGE_CURVE ( 'NONE', #1309, #1280, #156, .T. ) ;
#1951 = EDGE_CURVE ( 'NONE', #1257, #1261, #234, .T. ) ;
#1952 = EDGE_CURVE ( 'NONE', #1293, #1303, #222, .T. ) ;
#1953 = EDGE_CURVE ( 'NONE', #1296, #1261, #197, .T. ) ;
#1954 = EDGE_CURVE ( 'NONE', #1273, #1309, #193, .T. ) ;
#1955 = EDGE_CURVE ( 'NONE', #1286, #1225, #231, .T. ) ;
#1956 = EDGE_CURVE ( 'NONE', #1268, #1321, #207, .T. ) ;
#1957 = EDGE_CURVE ( 'NONE', #1317, #1268, #192, .T. ) ;
#1958 = EDGE_CURVE ( 'NONE', #1278, #1322, #215, .T. ) ;
#1959 = EDGE_CURVE ( 'NONE', #1323, #789, #221, .T. ) ;
#1960 = AXIS2_PLACEMENT_3D ( 'NONE', #1409, #1408, #1413 ) ;
#1961 = AXIS2_PLACEMENT_3D ( 'NONE', #1894, #1892, #1895 ) ;
#1962 = EDGE_CURVE ( 'NONE', #1258, #1246, #237, .T. ) ;
#1963 = AXIS2_PLACEMENT_3D ( 'NONE', #90, #101, #94 ) ;
#1964 = AXIS2_PLACEMENT_3D ( 'NONE', #1469, #1470, #1471 ) ;
#1965 = AXIS2_PLACEMENT_3D ( 'NONE', #104, #114, #124 ) ;
#1966 = AXIS2_PLACEMENT_3D ( 'NONE', #126, #117, #109 ) ;
#1967 = AXIS2_PLACEMENT_3D ( 'NONE', #107, #105, #106 ) ;
#1968 = EDGE_CURVE ( 'NONE', #1246, #1248, #223, .T. ) ;
#1969 = AXIS2_PLACEMENT_3D ( 'NONE', #1901, #1904, #1893 ) ;
#1970 = EDGE_CURVE ( 'NONE', #1249, #1315, #194, .T. ) ;
#1971 = AXIS2_PLACEMENT_3D ( 'NONE', #110, #108, #129 ) ;
#1972 = AXIS2_PLACEMENT_3D ( 'NONE', #1415, #1440, #1407 ) ;
#1973 = EDGE_CURVE ( 'NONE', #1258, #1252, #199, .T. ) ;
#1974 = AXIS2_PLACEMENT_3D ( 'NONE', #1391, #1399, #1393 ) ;
#1975 = AXIS2_PLACEMENT_3D ( 'NONE', #1428, #1436, #1423 ) ;
#1976 = EDGE_CURVE ( 'NONE', #1263, #1249, #220, .T. ) ;
#1977 = AXIS2_PLACEMENT_3D ( 'NONE', #1902, #1905, #1903 ) ;
#1978 = AXIS2_PLACEMENT_3D ( 'NONE', #1898, #1897, #1899 ) ;
#1979 = AXIS2_PLACEMENT_3D ( 'NONE', #1427, #1417, #1419 ) ;
#1980 = AXIS2_PLACEMENT_3D ( 'NONE', #1411, #1418, #1422 ) ;
#1981 = AXIS2_PLACEMENT_3D ( 'NONE', #1414, #1416, #1426 ) ;
#1982 = EDGE_CURVE ( 'NONE', #1256, #1237, #206, .T. ) ;
#1983 = AXIS2_PLACEMENT_3D ( 'NONE', #1463, #1464, #1468 ) ;
#1984 = AXIS2_PLACEMENT_3D ( 'NONE', #95, #102, #91 ) ;
#1985 = AXIS2_PLACEMENT_3D ( 'NONE', #122, #123, #119 ) ;
#1986 = AXIS2_PLACEMENT_3D ( 'NONE', #1405, #1420, #1406 ) ;
#1987 = AXIS2_PLACEMENT_3D ( 'NONE', #103, #92, #93 ) ;
#1988 = AXIS2_PLACEMENT_3D ( 'NONE', #33, #12, #34 ) ;
#1989 = AXIS2_PLACEMENT_3D ( 'NONE', #36, #16, #13 ) ;
#1990 = AXIS2_PLACEMENT_3D ( 'NONE', #2717, #2711, #2720 ) ;
#1991 = AXIS2_PLACEMENT_3D ( 'NONE', #1390, #1398, #1389 ) ;
#1992 = AXIS2_PLACEMENT_3D ( 'NONE', #1403, #1401, #1400 ) ;
#1993 = EDGE_CURVE ( 'NONE', #1237, #1314, #196, .T. ) ;
#1994 = AXIS2_PLACEMENT_3D ( 'NONE', #128, #118, #116 ) ;
#1995 = AXIS2_PLACEMENT_3D ( 'NONE', #120, #125, #130 ) ;
#1996 = AXIS2_PLACEMENT_3D ( 'NONE', #1350, #1351, #1360 ) ;
#1997 = AXIS2_PLACEMENT_3D ( 'NONE', #53, #41, #50 ) ;
#1998 = AXIS2_PLACEMENT_3D ( 'NONE', #14, #35, #10 ) ;
#1999 = AXIS2_PLACEMENT_3D ( 'NONE', #57, #48, #47 ) ;
#2000 = EDGE_CURVE ( 'NONE', #1262, #1315, #201, .T. ) ;
#2001 = EDGE_CURVE ( 'NONE', #1256, #1255, #198, .T. ) ;
#2002 = AXIS2_PLACEMENT_3D ( 'NONE', #1421, #1412, #1410 ) ;
#2003 = AXIS2_PLACEMENT_3D ( 'NONE', #45, #58, #46 ) ;
#2004 = EDGE_CURVE ( 'NONE', #1255, #1314, #227, .T. ) ;
#2005 = EDGE_CURVE ( 'NONE', #1263, #1239, #228, .T. ) ;
#2006 = EDGE_CURVE ( 'NONE', #1252, #1248, #213, .T. ) ;
#2007 = AXIS2_PLACEMENT_3D ( 'NONE', #1394, #1395, #1396 ) ;
#2008 = AXIS2_PLACEMENT_3D ( 'NONE', #100, #89, #99 ) ;
#2009 = AXIS2_PLACEMENT_3D ( 'NONE', #51, #43, #52 ) ;
#2010 = AXIS2_PLACEMENT_3D ( 'NONE', #3006, #3035, #3044 ) ;
#2011 = AXIS2_PLACEMENT_3D ( 'NONE', #2981, #2978, #2984 ) ;
#2012 = AXIS2_PLACEMENT_3D ( 'NONE', #2976, #2982, #2962 ) ;
#2013 = AXIS2_PLACEMENT_3D ( 'NONE', #3045, #3036, #3037 ) ;
#2014 = AXIS2_PLACEMENT_3D ( 'NONE', #3034, #3010, #3013 ) ;
#2015 = AXIS2_PLACEMENT_3D ( 'NONE', #2991, #2956, #2985 ) ;
#2016 = AXIS2_PLACEMENT_3D ( 'NONE', #2708, #2738, #2709 ) ;
#2017 = AXIS2_PLACEMENT_3D ( 'NONE', #2963, #2986, #2957 ) ;
#2018 = AXIS2_PLACEMENT_3D ( 'NONE', #2964, #2961, #2967 ) ;
#2019 = AXIS2_PLACEMENT_3D ( 'NONE', #1590, #1584, #1585 ) ;
#2020 = AXIS2_PLACEMENT_3D ( 'NONE', #3002, #2994, #2996 ) ;
#2021 = AXIS2_PLACEMENT_3D ( 'NONE', #2958, #2993, #2971 ) ;
#2022 = AXIS2_PLACEMENT_3D ( 'NONE', #2988, #2954, #2965 ) ;
#2023 = AXIS2_PLACEMENT_3D ( 'NONE', #2999, #3000, #3001 ) ;
#2024 = AXIS2_PLACEMENT_3D ( 'NONE', #3031, #3038, #3032 ) ;
#2025 = AXIS2_PLACEMENT_3D ( 'NONE', #2959, #2966, #2997 ) ;
#2026 = AXIS2_PLACEMENT_3D ( 'NONE', #3020, #3026, #3042 ) ;
#2027 = AXIS2_PLACEMENT_3D ( 'NONE', #2987, #2992, #2970 ) ;
#2028 = AXIS2_PLACEMENT_3D ( 'NONE', #2973, #2998, #2969 ) ;
#2029 = AXIS2_PLACEMENT_3D ( 'NONE', #2979, #3012, #3028 ) ;
#2030 = AXIS2_PLACEMENT_3D ( 'NONE', #1587, #1588, #1589 ) ;
#2031 = AXIS2_PLACEMENT_3D ( 'NONE', #2990, #2980, #2977 ) ;
#2032 = AXIS2_PLACEMENT_3D ( 'NONE', #2960, #2975, #2968 ) ;
#2033 = AXIS2_PLACEMENT_3D ( 'NONE', #3140, #3130, #3105 ) ;
#2034 = AXIS2_PLACEMENT_3D ( 'NONE', #3009, #3049, #3022 ) ;
#2035 = AXIS2_PLACEMENT_3D ( 'NONE', #3095, #3053, #3134 ) ;
#2036 = AXIS2_PLACEMENT_3D ( 'NONE', #3149, #3150, #3103 ) ;
#2037 = AXIS2_PLACEMENT_3D ( 'NONE', #3123, #3144, #3151 ) ;
#2038 = AXIS2_PLACEMENT_3D ( 'NONE', #3093, #3077, #3074 ) ;
#2039 = AXIS2_PLACEMENT_3D ( 'NONE', #3109, #3110, #3124 ) ;
#2040 = AXIS2_PLACEMENT_3D ( 'NONE', #3043, #3005, #3039 ) ;
#2041 = AXIS2_PLACEMENT_3D ( 'NONE', #3017, #3018, #3019 ) ;
#2042 = AXIS2_PLACEMENT_3D ( 'NONE', #3085, #3091, #3061 ) ;
#2043 = AXIS2_PLACEMENT_3D ( 'NONE', #3071, #3078, #3081 ) ;
#2044 = AXIS2_PLACEMENT_3D ( 'NONE', #3178, #3166, #3162 ) ;
#2045 = AXIS2_PLACEMENT_3D ( 'NONE', #3063, #3060, #3098 ) ;
#2046 = AXIS2_PLACEMENT_3D ( 'NONE', #2728, #2748, #2754 ) ;
#2047 = AXIS2_PLACEMENT_3D ( 'NONE', #3046, #3007, #3047 ) ;
#2048 = AXIS2_PLACEMENT_3D ( 'NONE', #3011, #3051, #3021 ) ;
#2049 = AXIS2_PLACEMENT_3D ( 'NONE', #3100, #3087, #3092 ) ;
#2050 = AXIS2_PLACEMENT_3D ( 'NONE', #3113, #3114, #3116 ) ;
#2051 = AXIS2_PLACEMENT_3D ( 'NONE', #3107, #3112, #3119 ) ;
#2052 = AXIS2_PLACEMENT_3D ( 'NONE', #3122, #3104, #3132 ) ;
#2053 = AXIS2_PLACEMENT_3D ( 'NONE', #3161, #3171, #3188 ) ;
#2054 = AXIS2_PLACEMENT_3D ( 'NONE', #3195, #3196, #3181 ) ;
#2055 = AXIS2_PLACEMENT_3D ( 'NONE', #3101, #3076, #3073 ) ;
#2056 = AXIS2_PLACEMENT_3D ( 'NONE', #3121, #3147, #3135 ) ;
#2057 = AXIS2_PLACEMENT_3D ( 'NONE', #3065, #3054, #3084 ) ;
#2058 = AXIS2_PLACEMENT_3D ( 'NONE', #3201, #3179, #3174 ) ;
#2059 = AXIS2_PLACEMENT_3D ( 'NONE', #3154, #3167, #3185 ) ;
#2060 = AXIS2_PLACEMENT_3D ( 'NONE', #3079, #3094, #3082 ) ;
#2061 = AXIS2_PLACEMENT_3D ( 'NONE', #3146, #3115, #3118 ) ;
#2062 = AXIS2_PLACEMENT_3D ( 'NONE', #3142, #3143, #3117 ) ;
#2063 = AXIS2_PLACEMENT_3D ( 'NONE', #3125, #3133, #3141 ) ;
#2064 = AXIS2_PLACEMENT_3D ( 'NONE', #3055, #3067, #3072 ) ;
#2065 = AXIS2_PLACEMENT_3D ( 'NONE', #3137, #3138, #3139 ) ;
#2066 = AXIS2_PLACEMENT_3D ( 'NONE', #3058, #3062, #3096 ) ;
#2067 = AXIS2_PLACEMENT_3D ( 'NONE', #3075, #3080, #3083 ) ;
#2068 = AXIS2_PLACEMENT_3D ( 'NONE', #3168, #3198, #3172 ) ;
#2069 = AXIS2_PLACEMENT_3D ( 'NONE', #3015, #3016, #3008 ) ;
#2070 = AXIS2_PLACEMENT_3D ( 'NONE', #3052, #3014, #3004 ) ;
#2071 = AXIS2_PLACEMENT_3D ( 'NONE', #3064, #3066, #3057 ) ;
#2072 = AXIS2_PLACEMENT_3D ( 'NONE', #3059, #3068, #3097 ) ;
#2073 = AXIS2_PLACEMENT_3D ( 'NONE', #3040, #3023, #3024 ) ;
#2074 = AXIS2_PLACEMENT_3D ( 'NONE', #3099, #3102, #3086 ) ;
#2075 = AXIS2_PLACEMENT_3D ( 'NONE', #3129, #3108, #3106 ) ;
#2076 = AXIS2_PLACEMENT_3D ( 'NONE', #3426, #3437, #3413 ) ;
#2077 = AXIS2_PLACEMENT_3D ( 'NONE', #3292, #3329, #3305 ) ;
#2078 = AXIS2_PLACEMENT_3D ( 'NONE', #2512, #2503, #2505 ) ;
#2079 = AXIS2_PLACEMENT_3D ( 'NONE', #3186, #3190, #3191 ) ;
#2080 = AXIS2_PLACEMENT_3D ( 'NONE', #3203, #3206, #3232 ) ;
#2081 = AXIS2_PLACEMENT_3D ( 'NONE', #3163, #3170, #3160 ) ;
#2082 = AXIS2_PLACEMENT_3D ( 'NONE', #3184, #3158, #3159 ) ;
#2083 = AXIS2_PLACEMENT_3D ( 'NONE', #2492, #2515, #2517 ) ;
#2084 = AXIS2_PLACEMENT_3D ( 'NONE', #2486, #2511, #2487 ) ;
#2085 = AXIS2_PLACEMENT_3D ( 'NONE', #2495, #2544, #2546 ) ;
#2086 = AXIS2_PLACEMENT_3D ( 'NONE', #2547, #2557, #2523 ) ;
#2087 = AXIS2_PLACEMENT_3D ( 'NONE', #3224, #3231, #3234 ) ;
#2088 = AXIS2_PLACEMENT_3D ( 'NONE', #3273, #3267, #3264 ) ;
#2089 = AXIS2_PLACEMENT_3D ( 'NONE', #3215, #3209, #3213 ) ;
#2090 = AXIS2_PLACEMENT_3D ( 'NONE', #3283, #3272, #3250 ) ;
#2091 = AXIS2_PLACEMENT_3D ( 'NONE', #3262, #3244, #3295 ) ;
#2092 = AXIS2_PLACEMENT_3D ( 'NONE', #2496, #2497, #2521 ) ;
#2093 = AXIS2_PLACEMENT_3D ( 'NONE', #2548, #2525, #2558 ) ;
#2094 = AXIS2_PLACEMENT_3D ( 'NONE', #3308, #3309, #3311 ) ;
#2095 = AXIS2_PLACEMENT_3D ( 'NONE', #2551, #2552, #2553 ) ;
#2096 = AXIS2_PLACEMENT_3D ( 'NONE', #3289, #3323, #3310 ) ;
#2097 = AXIS2_PLACEMENT_3D ( 'NONE', #3392, #3442, #3429 ) ;
#2098 = AXIS2_PLACEMENT_3D ( 'NONE', #2516, #2489, #2498 ) ;
#2099 = AXIS2_PLACEMENT_3D ( 'NONE', #3320, #3325, #3286 ) ;
#2100 = AXIS2_PLACEMENT_3D ( 'NONE', #2518, #2482, #2483 ) ;
#2101 = AXIS2_PLACEMENT_3D ( 'NONE', #3265, #3253, #3266 ) ;
#2102 = AXIS2_PLACEMENT_3D ( 'NONE', #3197, #3169, #3173 ) ;
#2103 = AXIS2_PLACEMENT_3D ( 'NONE', #2537, #2533, #2556 ) ;
#2104 = AXIS2_PLACEMENT_3D ( 'NONE', #3199, #3183, #3155 ) ;
#2105 = AXIS2_PLACEMENT_3D ( 'NONE', #3194, #3156, #3157 ) ;
#2106 = AXIS2_PLACEMENT_3D ( 'NONE', #3175, #3176, #3192 ) ;
#2107 = AXIS2_PLACEMENT_3D ( 'NONE', #3282, #3259, #3278 ) ;
#2108 = AXIS2_PLACEMENT_3D ( 'NONE', #3299, #3300, #3306 ) ;
#2109 = AXIS2_PLACEMENT_3D ( 'NONE', #3359, #3375, #3347 ) ;
#2110 = AXIS2_PLACEMENT_3D ( 'NONE', #3337, #3339, #3341 ) ;
#2111 = AXIS2_PLACEMENT_3D ( 'NONE', #3287, #3327, #3297 ) ;
#2112 = AXIS2_PLACEMENT_3D ( 'NONE', #3182, #3187, #3189 ) ;
#2113 = AXIS2_PLACEMENT_3D ( 'NONE', #3350, #3356, #3391 ) ;
#2114 = AXIS2_PLACEMENT_3D ( 'NONE', #3407, #3397, #3404 ) ;
#2115 = AXIS2_PLACEMENT_3D ( 'NONE', #3216, #3217, #3205 ) ;
#2116 = AXIS2_PLACEMENT_3D ( 'NONE', #3301, #3318, #3322 ) ;
#2117 = AXIS2_PLACEMENT_3D ( 'NONE', #3376, #3355, #3383 ) ;
#2118 = AXIS2_PLACEMENT_3D ( 'NONE', #3358, #3369, #3370 ) ;
#2119 = AXIS2_PLACEMENT_3D ( 'NONE', #3164, #3153, #3180 ) ;
#2120 = AXIS2_PLACEMENT_3D ( 'NONE', #3296, #3285, #3298 ) ;
#2121 = AXIS2_PLACEMENT_3D ( 'NONE', #3422, #3418, #3416 ) ;
#2122 = AXIS2_PLACEMENT_3D ( 'NONE', #3288, #3302, #3291 ) ;
#2123 = AXIS2_PLACEMENT_3D ( 'NONE', #3431, #3405, #3409 ) ;
#2124 = AXIS2_PLACEMENT_3D ( 'NONE', #3399, #3394, #3400 ) ;
#2125 = AXIS2_PLACEMENT_3D ( 'NONE', #3362, #3360, #3340 ) ;
#2126 = AXIS2_PLACEMENT_3D ( 'NONE', #2620, #2603, #2622 ) ;
#2127 = AXIS2_PLACEMENT_3D ( 'NONE', #2600, #2604, #2610 ) ;
#2128 = AXIS2_PLACEMENT_3D ( 'NONE', #2654, #2639, #2662 ) ;
#2129 = AXIS2_PLACEMENT_3D ( 'NONE', #2595, #2566, #2576 ) ;
#2130 = AXIS2_PLACEMENT_3D ( 'NONE', #2643, #2634, #2633 ) ;
#2131 = AXIS2_PLACEMENT_3D ( 'NONE', #2668, #2657, #2640 ) ;
#2132 = AXIS2_PLACEMENT_3D ( 'NONE', #2665, #2658, #2659 ) ;
#2133 = AXIS2_PLACEMENT_3D ( 'NONE', #2615, #2623, #2626 ) ;
#2134 = AXIS2_PLACEMENT_3D ( 'NONE', #2571, #2565, #2568 ) ;
#2135 = AXIS2_PLACEMENT_3D ( 'NONE', #2608, #2602, #2606 ) ;
#2136 = AXIS2_PLACEMENT_3D ( 'NONE', #2667, #2635, #2636 ) ;
#2137 = AXIS2_PLACEMENT_3D ( 'NONE', #2641, #2666, #2637 ) ;
#2138 = AXIS2_PLACEMENT_3D ( 'NONE', #2578, #2574, #2580 ) ;
#2139 = AXIS2_PLACEMENT_3D ( 'NONE', #2647, #2690, #2686 ) ;
#2140 = AXIS2_PLACEMENT_3D ( 'NONE', #2695, #2688, #2692 ) ;
#2141 = AXIS2_PLACEMENT_3D ( 'NONE', #2691, #2696, #2679 ) ;
#2142 = AXIS2_PLACEMENT_3D ( 'NONE', #2700, #2693, #2687 ) ;
#2143 = AXIS2_PLACEMENT_3D ( 'NONE', #2698, #2689, #2694 ) ;
#2144 = AXIS2_PLACEMENT_3D ( 'NONE', #2656, #2661, #2648 ) ;
#2145 = AXIS2_PLACEMENT_3D ( 'NONE', #2701, #2702, #2704 ) ;
#2146 = AXIS2_PLACEMENT_3D ( 'NONE', #2526, #2535, #2522 ) ;
#2147 = AXIS2_PLACEMENT_3D ( 'NONE', #2524, #2527, #2528 ) ;
#2148 = AXIS2_PLACEMENT_3D ( 'NONE', #2575, #2586, #2577 ) ;
#2149 = AXIS2_PLACEMENT_3D ( 'NONE', #2590, #2581, #2591 ) ;
#2150 = AXIS2_PLACEMENT_3D ( 'NONE', #2616, #2625, #2601 ) ;
#2151 = AXIS2_PLACEMENT_3D ( 'NONE', #2618, #2619, #2621 ) ;
#2152 = AXIS2_PLACEMENT_3D ( 'NONE', #2651, #2638, #2653 ) ;
#2153 = AXIS2_PLACEMENT_3D ( 'NONE', #2605, #2612, #2632 ) ;
#2154 = AXIS2_PLACEMENT_3D ( 'NONE', #2650, #2652, #2655 ) ;
#2155 = AXIS2_PLACEMENT_3D ( 'NONE', #2530, #2531, #2532 ) ;
#2156 = AXIS2_PLACEMENT_3D ( 'NONE', #2554, #2542, #2555 ) ;
#2157 = AXIS2_PLACEMENT_3D ( 'NONE', #2579, #2573, #2585 ) ;
#2158 = AXIS2_PLACEMENT_3D ( 'NONE', #2631, #2630, #2617 ) ;
#2159 = AXIS2_PLACEMENT_3D ( 'NONE', #2613, #2597, #2624 ) ;
#2160 = ORIENTED_EDGE ( 'NONE', *, *, #1815, .T. ) ;
#2161 = ORIENTED_EDGE ( 'NONE', *, *, #1879, .F. ) ;
#2162 = ORIENTED_EDGE ( 'NONE', *, *, #1815, .F. ) ;
#2163 = ORIENTED_EDGE ( 'NONE', *, *, #1861, .F. ) ;
#2164 = ORIENTED_EDGE ( 'NONE', *, *, #1883, .F. ) ;
#2165 = ORIENTED_EDGE ( 'NONE', *, *, #1945, .F. ) ;
#2166 = ORIENTED_EDGE ( 'NONE', *, *, #1788, .F. ) ;
#2167 = ORIENTED_EDGE ( 'NONE', *, *, #1740, .F. ) ;
#2168 = ORIENTED_EDGE ( 'NONE', *, *, #1748, .T. ) ;
#2169 = ORIENTED_EDGE ( 'NONE', *, *, #1791, .F. ) ;
#2170 = ORIENTED_EDGE ( 'NONE', *, *, #1920, .F. ) ;
#2171 = ORIENTED_EDGE ( 'NONE', *, *, #1913, .F. ) ;
#2172 = ORIENTED_EDGE ( 'NONE', *, *, #1802, .T. ) ;
#2173 = ORIENTED_EDGE ( 'NONE', *, *, #1746, .F. ) ;
#2174 = ORIENTED_EDGE ( 'NONE', *, *, #1878, .F. ) ;
#2175 = ORIENTED_EDGE ( 'NONE', *, *, #1940, .F. ) ;
#2176 = ORIENTED_EDGE ( 'NONE', *, *, #1729, .T. ) ;
#2177 = ORIENTED_EDGE ( 'NONE', *, *, #1929, .F. ) ;
#2178 = ORIENTED_EDGE ( 'NONE', *, *, #1923, .F. ) ;
#2179 = ORIENTED_EDGE ( 'NONE', *, *, #1743, .T. ) ;
#2180 = FACE_OUTER_BOUND ( 'NONE', #2248, .T. ) ;
#2181 = ORIENTED_EDGE ( 'NONE', *, *, #1877, .F. ) ;
#2182 = ORIENTED_EDGE ( 'NONE', *, *, #1705, .F. ) ;
#2183 = ORIENTED_EDGE ( 'NONE', *, *, #1949, .F. ) ;
#2184 = ORIENTED_EDGE ( 'NONE', *, *, #1818, .F. ) ;
#2185 = ORIENTED_EDGE ( 'NONE', *, *, #1805, .F. ) ;
#2186 = ORIENTED_EDGE ( 'NONE', *, *, #1696, .F. ) ;
#2187 = ORIENTED_EDGE ( 'NONE', *, *, #1768, .T. ) ;
#2188 = ORIENTED_EDGE ( 'NONE', *, *, #1777, .T. ) ;
#2189 = ORIENTED_EDGE ( 'NONE', *, *, #1826, .F. ) ;
#2190 = ORIENTED_EDGE ( 'NONE', *, *, #1750, .F. ) ;
#2191 = ORIENTED_EDGE ( 'NONE', *, *, #1821, .T. ) ;
#2192 = ORIENTED_EDGE ( 'NONE', *, *, #1768, .F. ) ;
#2193 = ORIENTED_EDGE ( 'NONE', *, *, #1770, .F. ) ;
#2194 = ORIENTED_EDGE ( 'NONE', *, *, #1958, .F. ) ;
#2195 = ORIENTED_EDGE ( 'NONE', *, *, #1827, .F. ) ;
#2196 = ORIENTED_EDGE ( 'NONE', *, *, #1787, .F. ) ;
#2197 = ORIENTED_EDGE ( 'NONE', *, *, #1858, .F. ) ;
#2198 = ORIENTED_EDGE ( 'NONE', *, *, #1819, .F. ) ;
#2199 = ORIENTED_EDGE ( 'NONE', *, *, #1888, .F. ) ;
#2200 = ORIENTED_EDGE ( 'NONE', *, *, #1912, .F. ) ;
#2201 = ORIENTED_EDGE ( 'NONE', *, *, #1830, .F. ) ;
#2202 = ORIENTED_EDGE ( 'NONE', *, *, #1797, .F. ) ;
#2203 = ORIENTED_EDGE ( 'NONE', *, *, #1854, .F. ) ;
#2204 = ORIENTED_EDGE ( 'NONE', *, *, #1777, .F. ) ;
#2205 = ORIENTED_EDGE ( 'NONE', *, *, #1938, .F. ) ;
#2206 = ORIENTED_EDGE ( 'NONE', *, *, #1911, .F. ) ;
#2207 = ORIENTED_EDGE ( 'NONE', *, *, #1842, .F. ) ;
#2208 = ORIENTED_EDGE ( 'NONE', *, *, #1772, .T. ) ;
#2209 = CLOSED_SHELL ( 'NONE', ( #1618, #1629, #1631, #1610, #1625, #1621, #1608, #1619, #1627, #1624, #1620, #1630, #1609, #1615, #1616, #1617, #1632, #1612, #1623, #1614, #1622, #1647, #1611, #1613, #1626, #1628, #1657, #1649, #1648, #1642, #1665, #1645, #1660, #1651, #1644, #1634, #1602, #1663, #1641, #1661, #1605, #1655, #1603, #1656, #1658, #1653, #1604, #1646, #1664, #1636, #1639, #1600, #1650, #1666, #1654, #1601, #1643, #1637, #1599, #1640, #1633, #1635, #1638, #1659, #1667, #1662, #1652, #547, #548, #516, #530, #524, #557, #556, #559, #532, #1607, #520, #525, #1598, #1597, #560, #546, #531, #1606, #518, #544, #517, #549, #519, #541, #535, #521, #523, #522, #534, #543, #550, #553, #526, #558, #538, #539, #537, #545, #528, #533, #529, #540, #552, #554, #551, #527, #542, #536, #555 ) ) ;
#2210 = ORIENTED_EDGE ( 'NONE', *, *, #1786, .F. ) ;
#2211 = ORIENTED_EDGE ( 'NONE', *, *, #1818, .T. ) ;
#2212 = ORIENTED_EDGE ( 'NONE', *, *, #1748, .F. ) ;
#2213 = ORIENTED_EDGE ( 'NONE', *, *, #1686, .F. ) ;
#2214 = ORIENTED_EDGE ( 'NONE', *, *, #1825, .F. ) ;
#2215 = ORIENTED_EDGE ( 'NONE', *, *, #1802, .F. ) ;
#2216 = ORIENTED_EDGE ( 'NONE', *, *, #1873, .F. ) ;
#2217 = ORIENTED_EDGE ( 'NONE', *, *, #1822, .F. ) ;
#2218 = ORIENTED_EDGE ( 'NONE', *, *, #1781, .F. ) ;
#2219 = ORIENTED_EDGE ( 'NONE', *, *, #1772, .F. ) ;
#2220 = EDGE_LOOP ( 'NONE', ( #2462, #2466, #2442, #2463 ) ) ;
#2221 = EDGE_LOOP ( 'NONE', ( #2385, #2416, #2388, #2374 ) ) ;
#2222 = EDGE_LOOP ( 'NONE', ( #2375, #2390, #2415, #2403 ) ) ;
#2223 = EDGE_LOOP ( 'NONE', ( #2451, #2473, #2402, #2474 ) ) ;
#2224 = EDGE_LOOP ( 'NONE', ( #2393, #2406, #2371, #2384 ) ) ;
#2225 = ORIENTED_EDGE ( 'NONE', *, *, #1786, .T. ) ;
#2226 = ORIENTED_EDGE ( 'NONE', *, *, #1758, .F. ) ;
#2227 = EDGE_LOOP ( 'NONE', ( #766, #763, #762, #767 ) ) ;
#2228 = ORIENTED_EDGE ( 'NONE', *, *, #1822, .T. ) ;
#2229 = EDGE_LOOP ( 'NONE', ( #2448, #2456, #2426, #2458 ) ) ;
#2230 = EDGE_LOOP ( 'NONE', ( #777, #768, #778, #769 ) ) ;
#2231 = EDGE_LOOP ( 'NONE', ( #2345, #2335, #2328, #2336 ) ) ;
#2232 = EDGE_LOOP ( 'NONE', ( #2407, #2387, #2341, #2359 ) ) ;
#2233 = EDGE_LOOP ( 'NONE', ( #2380, #2377, #2396 ) ) ;
#2234 = EDGE_LOOP ( 'NONE', ( #2394, #2401, #2373, #2386 ) ) ;
#2235 = EDGE_LOOP ( 'NONE', ( #2395, #2412, #2410, #2391 ) ) ;
#2236 = EDGE_LOOP ( 'NONE', ( #2429, #2423, #2420 ) ) ;
#2237 = EDGE_LOOP ( 'NONE', ( #2187, #2215, #2214 ) ) ;
#2238 = ORIENTED_EDGE ( 'NONE', *, *, #1819, .T. ) ;
#2239 = EDGE_LOOP ( 'NONE', ( #2461, #2433, #2437, #2444 ) ) ;
#2240 = EDGE_LOOP ( 'NONE', ( #2190, #2191, #2204 ) ) ;
#2241 = EDGE_LOOP ( 'NONE', ( #2460, #2454, #2457, #2161 ) ) ;
#2242 = EDGE_LOOP ( 'NONE', ( #2431, #2471, #2379, #2452 ) ) ;
#2243 = EDGE_LOOP ( 'NONE', ( #2339, #2368, #2329, #2357, #2404 ) ) ;
#2244 = EDGE_LOOP ( 'NONE', ( #2343, #2414, #2338, #2413 ) ) ;
#2245 = EDGE_LOOP ( 'NONE', ( #2165, #2164, #2162, #2475 ) ) ;
#2246 = EDGE_LOOP ( 'NONE', ( #2430, #2439, #2479, #2425 ) ) ;
#2247 = EDGE_LOOP ( 'NONE', ( #2381, #2376, #2392 ) ) ;
#2248 = EDGE_LOOP ( 'NONE', ( #2421, #2400, #2408, #2409 ) ) ;
#2249 = EDGE_LOOP ( 'NONE', ( #2470, #2469, #2417 ) ) ;
#2250 = ORIENTED_EDGE ( 'NONE', *, *, #1787, .T. ) ;
#2251 = EDGE_LOOP ( 'NONE', ( #2382, #2467, #2370 ) ) ;
#2252 = EDGE_LOOP ( 'NONE', ( #2453, #2432, #2436, #2478 ) ) ;
#2253 = EDGE_LOOP ( 'NONE', ( #2422, #2398, #2372, #2405 ) ) ;
#2254 = EDGE_LOOP ( 'NONE', ( #2443, #2445, #2427 ) ) ;
#2255 = EDGE_LOOP ( 'NONE', ( #2449, #2465, #2459, #2435 ) ) ;
#2256 = EDGE_LOOP ( 'NONE', ( #2397, #2378, #2383, #2360 ) ) ;
#2257 = ORIENTED_EDGE ( 'NONE', *, *, #1770, .T. ) ;
#2258 = EDGE_LOOP ( 'NONE', ( #610, #608, #651, #655 ) ) ;
#2259 = EDGE_LOOP ( 'NONE', ( #855, #883, #882 ) ) ;
#2260 = EDGE_LOOP ( 'NONE', ( #868, #876, #571, #602, #561, #577, #599, #596 ) ) ;
#2261 = EDGE_LOOP ( 'NONE', ( #684, #669, #673, #674 ) ) ;
#2262 = EDGE_LOOP ( 'NONE', ( #675, #678, #682, #612 ) ) ;
#2263 = EDGE_LOOP ( 'NONE', ( #679, #691, #687, #708 ) ) ;
#2264 = EDGE_LOOP ( 'NONE', ( #2446, #2450, #2440 ) ) ;
#2265 = EDGE_LOOP ( 'NONE', ( #701, #686, #705, #658 ) ) ;
#2266 = EDGE_LOOP ( 'NONE', ( #879, #845, #846, #885 ) ) ;
#2267 = EDGE_LOOP ( 'NONE', ( #698, #703, #672, #659 ) ) ;
#2268 = EDGE_LOOP ( 'NONE', ( #2358, #2389, #2399 ) ) ;
#2269 = EDGE_LOOP ( 'NONE', ( #781, #2189, #2193, #2205 ) ) ;
#2270 = EDGE_LOOP ( 'NONE', ( #693, #668, #685, #700 ) ) ;
#2271 = EDGE_LOOP ( 'NONE', ( #905, #887 ) ) ;
#2272 = EDGE_LOOP ( 'NONE', ( #773, #771, #780, #775 ) ) ;
#2273 = EDGE_LOOP ( 'NONE', ( #779, #2194, #2218, #2206 ) ) ;
#2274 = EDGE_LOOP ( 'NONE', ( #2455, #2424, #2472 ) ) ;
#2275 = EDGE_LOOP ( 'NONE', ( #898, #906, #909, #877 ) ) ;
#2276 = EDGE_LOOP ( 'NONE', ( #694, #735, #665, #670 ) ) ;
#2277 = EDGE_LOOP ( 'NONE', ( #2238, #2226, #2225 ) ) ;
#2278 = EDGE_LOOP ( 'NONE', ( #692, #697, #629, #704 ) ) ;
#2279 = EDGE_LOOP ( 'NONE', ( #901, #904, #870, #869 ) ) ;
#2280 = EDGE_LOOP ( 'NONE', ( #689, #663, #664, #711 ) ) ;
#2281 = EDGE_LOOP ( 'NONE', ( #738, #717, #745, #723 ) ) ;
#2282 = EDGE_LOOP ( 'NONE', ( #847, #849, #842, #843 ) ) ;
#2283 = EDGE_LOOP ( 'NONE', ( #2434, #2468, #2441 ) ) ;
#2284 = EDGE_LOOP ( 'NONE', ( #726, #755, #721, #719 ) ) ;
#2285 = EDGE_LOOP ( 'NONE', ( #912, #861 ) ) ;
#2286 = EDGE_LOOP ( 'NONE', ( #2333, #2362, #2326, #2327 ) ) ;
#2287 = EDGE_LOOP ( 'NONE', ( #772, #770, #774 ) ) ;
#2288 = EDGE_LOOP ( 'NONE', ( #872, #874 ) ) ;
#2289 = EDGE_LOOP ( 'NONE', ( #2211, #782, #2185, #2212 ) ) ;
#2290 = EDGE_LOOP ( 'NONE', ( #631, #632 ) ) ;
#2291 = EDGE_LOOP ( 'NONE', ( #742, #718, #727, #731 ) ) ;
#2292 = EDGE_LOOP ( 'NONE', ( #2160, #2163, #761, #776 ) ) ;
#2293 = EDGE_LOOP ( 'NONE', ( #764, #2203, #2186, #2219 ) ) ;
#2294 = EDGE_LOOP ( 'NONE', ( #2480, #2476, #2477, #2481 ) ) ;
#2295 = EDGE_LOOP ( 'NONE', ( #2182, #2179, #2177, #2367 ) ) ;
#2296 = EDGE_LOOP ( 'NONE', ( #681, #661, #710, #680 ) ) ;
#2297 = EDGE_LOOP ( 'NONE', ( #2208, #2213, #2192, #2183 ) ) ;
#2298 = EDGE_LOOP ( 'NONE', ( #2250, #2197, #2210, #2195 ) ) ;
#2299 = EDGE_LOOP ( 'NONE', ( #667, #688, #676, #725 ) ) ;
#2300 = EDGE_LOOP ( 'NONE', ( #2202, #2257, #2196 ) ) ;
#2301 = EDGE_LOOP ( 'NONE', ( #961, #968, #583, #952 ) ) ;
#2302 = EDGE_LOOP ( 'NONE', ( #706, #709, #660, #662 ) ) ;
#2303 = EDGE_LOOP ( 'NONE', ( #783, #765, #2217, #2207 ) ) ;
#2304 = EDGE_LOOP ( 'NONE', ( #627, #696, #695, #699, #671, #756, #724, #716, #758, #743, #730, #739, #759, #728 ) ) ;
#2305 = EDGE_LOOP ( 'NONE', ( #893, #857, #858, #888 ) ) ;
#2306 = EDGE_LOOP ( 'NONE', ( #895, #859, #865, #851 ) ) ;
#2307 = EDGE_LOOP ( 'NONE', ( #720, #729, #740, #732 ) ) ;
#2308 = EDGE_LOOP ( 'NONE', ( #2228, #2200, #2198, #2199 ) ) ;
#2309 = EDGE_LOOP ( 'NONE', ( #2188, #2216, #2184, #2201 ) ) ;
#2310 = EDGE_LOOP ( 'NONE', ( #2438, #2428, #2464, #2447 ) ) ;
#2311 = EDGE_LOOP ( 'NONE', ( #894, #886, #908, #873 ) ) ;
#2312 = EDGE_LOOP ( 'NONE', ( #841, #844, #850, #848 ) ) ;
#2313 = EDGE_LOOP ( 'NONE', ( #854, #884, #852, #853, #856, #891 ) ) ;
#2314 = EDGE_LOOP ( 'NONE', ( #649, #604, #562, #570 ) ) ;
#2315 = EDGE_LOOP ( 'NONE', ( #722, #677, #713, #712 ) ) ;
#2316 = EDGE_LOOP ( 'NONE', ( #611, #646, #656, #654, #625, #643, #628, #639, #616, #634, #617, #638, #657 ) ) ;
#2317 = EDGE_LOOP ( 'NONE', ( #757, #754, #753, #867 ) ) ;
#2318 = EDGE_LOOP ( 'NONE', ( #647, #640, #642, #683 ) ) ;
#2319 = EDGE_LOOP ( 'NONE', ( #650, #644, #618, #645 ) ) ;
#2320 = EDGE_LOOP ( 'NONE', ( #947, #636 ) ) ;
#2321 = EDGE_LOOP ( 'NONE', ( #881, #921, #944, #918 ) ) ;
#2322 = EDGE_LOOP ( 'NONE', ( #935, #919, #926, #946 ) ) ;
#2323 = EDGE_LOOP ( 'NONE', ( #925, #916, #928, #942 ) ) ;
#2324 = EDGE_LOOP ( 'NONE', ( #934, #945, #931, #933, #936, #960 ) ) ;
#2325 = EDGE_LOOP ( 'NONE', ( #2170, #2172, #2173, #2167 ) ) ;
#2326 = ORIENTED_EDGE ( 'NONE', *, *, #1726, .F. ) ;
#2327 = ORIENTED_EDGE ( 'NONE', *, *, #1886, .F. ) ;
#2328 = ORIENTED_EDGE ( 'NONE', *, *, #1870, .F. ) ;
#2329 = ORIENTED_EDGE ( 'NONE', *, *, #1937, .T. ) ;
#2330 = EDGE_LOOP ( 'NONE', ( #2337, #2418, #2419, #2411 ) ) ;
#2331 = EDGE_LOOP ( 'NONE', ( #902, #871, #896, #897, #899, #911, #900, #875 ) ) ;
#2332 = EDGE_LOOP ( 'NONE', ( #924, #940 ) ) ;
#2333 = ORIENTED_EDGE ( 'NONE', *, *, #1866, .F. ) ;
#2334 = EDGE_LOOP ( 'NONE', ( #652, #619, #626, #623, #637, #615, #621, #607, #624, #630, #653, #635 ) ) ;
#2335 = ORIENTED_EDGE ( 'NONE', *, *, #1749, .T. ) ;
#2336 = ORIENTED_EDGE ( 'NONE', *, *, #1745, .F. ) ;
#2337 = ORIENTED_EDGE ( 'NONE', *, *, #1695, .F. ) ;
#2338 = ORIENTED_EDGE ( 'NONE', *, *, #1848, .F. ) ;
#2339 = ORIENTED_EDGE ( 'NONE', *, *, #1850, .F. ) ;
#2340 = EDGE_LOOP ( 'NONE', ( #951, #581, #605, #582, #587, #595, #578, #586 ) ) ;
#2341 = ORIENTED_EDGE ( 'NONE', *, *, #1824, .F. ) ;
#2342 = EDGE_LOOP ( 'NONE', ( #744, #746, #747, #748 ) ) ;
#2343 = ORIENTED_EDGE ( 'NONE', *, *, #1867, .F. ) ;
#2344 = EDGE_LOOP ( 'NONE', ( #633, #620, #641, #609 ) ) ;
#2345 = ORIENTED_EDGE ( 'NONE', *, *, #1720, .F. ) ;
#2346 = EDGE_LOOP ( 'NONE', ( #966, #950, #967, #963 ) ) ;
#2347 = EDGE_LOOP ( 'NONE', ( #907, #915, #941, #965 ) ) ;
#2348 = EDGE_LOOP ( 'NONE', ( #751, #749, #752, #760 ) ) ;
#2349 = EDGE_LOOP ( 'NONE', ( #938, #862, #922, #930 ) ) ;
#2350 = EDGE_LOOP ( 'NONE', ( #956, #969, #949, #2181 ) ) ;
#2351 = EDGE_LOOP ( 'NONE', ( #2175, #2176, #2171, #2169 ) ) ;
#2352 = EDGE_LOOP ( 'NONE', ( #715, #736, #733, #734 ) ) ;
#2353 = EDGE_LOOP ( 'NONE', ( #750, #741, #737, #714 ) ) ;
#2354 = EDGE_LOOP ( 'NONE', ( #622, #613, #614, #648 ) ) ;
#2355 = EDGE_LOOP ( 'NONE', ( #927, #932, #939, #917, #923, #962, #914, #910, #943, #920, #937, #860, #880 ) ) ;
#2356 = EDGE_LOOP ( 'NONE', ( #584, #964, #565, #568, #594, #957, #588, #585, #592, #572, #598, #958, #593, #953, #566, #579, #959, #954, #948, #576, #955, #580, #601, #589, #600, #564, #591, #603, #574, #606, #569, #575, #563, #590, #573 ) ) ;
#2357 = ORIENTED_EDGE ( 'NONE', *, *, #1760, .F. ) ;
#2358 = ORIENTED_EDGE ( 'NONE', *, *, #1773, .T. ) ;
#2359 = ORIENTED_EDGE ( 'NONE', *, *, #1928, .F. ) ;
#2360 = ORIENTED_EDGE ( 'NONE', *, *, #1955, .F. ) ;
#2361 = EDGE_LOOP ( 'NONE', ( #567, #597 ) ) ;
#2362 = ORIENTED_EDGE ( 'NONE', *, *, #1730, .T. ) ;
#2363 = EDGE_LOOP ( 'NONE', ( #864, #890, #903, #889 ) ) ;
#2364 = EDGE_LOOP ( 'NONE', ( #690, #707, #666, #702 ) ) ;
#2365 = EDGE_LOOP ( 'NONE', ( #866, #863, #892, #878 ) ) ;
#2366 = EDGE_LOOP ( 'NONE', ( #2174, #2168, #2178, #2166 ) ) ;
#2367 = ORIENTED_EDGE ( 'NONE', *, *, #1690, .F. ) ;
#2368 = ORIENTED_EDGE ( 'NONE', *, *, #1733, .T. ) ;
#2369 = EDGE_LOOP ( 'NONE', ( #913, #929 ) ) ;
#2370 = ORIENTED_EDGE ( 'NONE', *, *, #1779, .F. ) ;
#2371 = ORIENTED_EDGE ( 'NONE', *, *, #1811, .F. ) ;
#2372 = ORIENTED_EDGE ( 'NONE', *, *, #1721, .F. ) ;
#2373 = ORIENTED_EDGE ( 'NONE', *, *, #1813, .F. ) ;
#2374 = ORIENTED_EDGE ( 'NONE', *, *, #1703, .F. ) ;
#2375 = ORIENTED_EDGE ( 'NONE', *, *, #1721, .T. ) ;
#2376 = ORIENTED_EDGE ( 'NONE', *, *, #1810, .T. ) ;
#2377 = ORIENTED_EDGE ( 'NONE', *, *, #1783, .T. ) ;
#2378 = ORIENTED_EDGE ( 'NONE', *, *, #1753, .F. ) ;
#2379 = ORIENTED_EDGE ( 'NONE', *, *, #1785, .F. ) ;
#2380 = ORIENTED_EDGE ( 'NONE', *, *, #1712, .F. ) ;
#2381 = ORIENTED_EDGE ( 'NONE', *, *, #1749, .F. ) ;
#2382 = ORIENTED_EDGE ( 'NONE', *, *, #1766, .F. ) ;
#2383 = ORIENTED_EDGE ( 'NONE', *, *, #1773, .F. ) ;
#2384 = ORIENTED_EDGE ( 'NONE', *, *, #1863, .F. ) ;
#2385 = ORIENTED_EDGE ( 'NONE', *, *, #1782, .T. ) ;
#2386 = ORIENTED_EDGE ( 'NONE', *, *, #1915, .F. ) ;
#2387 = ORIENTED_EDGE ( 'NONE', *, *, #1719, .F. ) ;
#2388 = ORIENTED_EDGE ( 'NONE', *, *, #1810, .F. ) ;
#2389 = ORIENTED_EDGE ( 'NONE', *, *, #1707, .F. ) ;
#2390 = ORIENTED_EDGE ( 'NONE', *, *, #1864, .F. ) ;
#2391 = ORIENTED_EDGE ( 'NONE', *, *, #1795, .F. ) ;
#2392 = ORIENTED_EDGE ( 'NONE', *, *, #1807, .F. ) ;
#2393 = ORIENTED_EDGE ( 'NONE', *, *, #1807, .T. ) ;
#2394 = ORIENTED_EDGE ( 'NONE', *, *, #1800, .T. ) ;
#2395 = ORIENTED_EDGE ( 'NONE', *, *, #1921, .F. ) ;
#2396 = ORIENTED_EDGE ( 'NONE', *, *, #1782, .F. ) ;
#2397 = ORIENTED_EDGE ( 'NONE', *, *, #1824, .T. ) ;
#2398 = ORIENTED_EDGE ( 'NONE', *, *, #1875, .F. ) ;
#2399 = ORIENTED_EDGE ( 'NONE', *, *, #1800, .F. ) ;
#2400 = ORIENTED_EDGE ( 'NONE', *, *, #1700, .F. ) ;
#2401 = ORIENTED_EDGE ( 'NONE', *, *, #1762, .F. ) ;
#2402 = ORIENTED_EDGE ( 'NONE', *, *, #1951, .F. ) ;
#2403 = ORIENTED_EDGE ( 'NONE', *, *, #1704, .F. ) ;
#2404 = ORIENTED_EDGE ( 'NONE', *, *, #1737, .F. ) ;
#2405 = ORIENTED_EDGE ( 'NONE', *, *, #1828, .F. ) ;
#2406 = ORIENTED_EDGE ( 'NONE', *, *, #1856, .F. ) ;
#2407 = ORIENTED_EDGE ( 'NONE', *, *, #1816, .T. ) ;
#2408 = ORIENTED_EDGE ( 'NONE', *, *, #1816, .F. ) ;
#2409 = ORIENTED_EDGE ( 'NONE', *, *, #1922, .F. ) ;
#2410 = ORIENTED_EDGE ( 'NONE', *, *, #1853, .F. ) ;
#2411 = ORIENTED_EDGE ( 'NONE', *, *, #1784, .F. ) ;
#2412 = ORIENTED_EDGE ( 'NONE', *, *, #1751, .T. ) ;
#2413 = ORIENTED_EDGE ( 'NONE', *, *, #1823, .F. ) ;
#2414 = ORIENTED_EDGE ( 'NONE', *, *, #1766, .T. ) ;
#2415 = ORIENTED_EDGE ( 'NONE', *, *, #1783, .F. ) ;
#2416 = ORIENTED_EDGE ( 'NONE', *, *, #1860, .F. ) ;
#2417 = ORIENTED_EDGE ( 'NONE', *, *, #1814, .T. ) ;
#2418 = ORIENTED_EDGE ( 'NONE', *, *, #1750, .T. ) ;
#2419 = ORIENTED_EDGE ( 'NONE', *, *, #1876, .F. ) ;
#2420 = ORIENTED_EDGE ( 'NONE', *, *, #1803, .F. ) ;
#2421 = ORIENTED_EDGE ( 'NONE', *, *, #1919, .T. ) ;
#2422 = ORIENTED_EDGE ( 'NONE', *, *, #1939, .F. ) ;
#2423 = ORIENTED_EDGE ( 'NONE', *, *, #1743, .F. ) ;
#2424 = ORIENTED_EDGE ( 'NONE', *, *, #1681, .F. ) ;
#2425 = ORIENTED_EDGE ( 'NONE', *, *, #1756, .F. ) ;
#2426 = ORIENTED_EDGE ( 'NONE', *, *, #1799, .F. ) ;
#2427 = ORIENTED_EDGE ( 'NONE', *, *, #1776, .F. ) ;
#2428 = ORIENTED_EDGE ( 'NONE', *, *, #1865, .F. ) ;
#2429 = ORIENTED_EDGE ( 'NONE', *, *, #1812, .T. ) ;
#2430 = ORIENTED_EDGE ( 'NONE', *, *, #1778, .T. ) ;
#2431 = ORIENTED_EDGE ( 'NONE', *, *, #1803, .T. ) ;
#2432 = ORIENTED_EDGE ( 'NONE', *, *, #1835, .F. ) ;
#2433 = ORIENTED_EDGE ( 'NONE', *, *, #1874, .F. ) ;
#2434 = ORIENTED_EDGE ( 'NONE', *, *, #1799, .T. ) ;
#2435 = ORIENTED_EDGE ( 'NONE', *, *, #1956, .F. ) ;
#2436 = ORIENTED_EDGE ( 'NONE', *, *, #1817, .F. ) ;
#2437 = ORIENTED_EDGE ( 'NONE', *, *, #1814, .F. ) ;
#2438 = ORIENTED_EDGE ( 'NONE', *, *, #1820, .T. ) ;
#2439 = ORIENTED_EDGE ( 'NONE', *, *, #1834, .F. ) ;
#2440 = ORIENTED_EDGE ( 'NONE', *, *, #1820, .F. ) ;
#2441 = ORIENTED_EDGE ( 'NONE', *, *, #1798, .F. ) ;
#2442 = ORIENTED_EDGE ( 'NONE', *, *, #1789, .F. ) ;
#2443 = ORIENTED_EDGE ( 'NONE', *, *, #1813, .T. ) ;
#2444 = ORIENTED_EDGE ( 'NONE', *, *, #1869, .F. ) ;
#2445 = ORIENTED_EDGE ( 'NONE', *, *, #1730, .F. ) ;
#2446 = ORIENTED_EDGE ( 'NONE', *, *, #1775, .F. ) ;
#2447 = ORIENTED_EDGE ( 'NONE', *, *, #1717, .F. ) ;
#2448 = ORIENTED_EDGE ( 'NONE', *, *, #1776, .T. ) ;
#2449 = ORIENTED_EDGE ( 'NONE', *, *, #1798, .T. ) ;
#2450 = ORIENTED_EDGE ( 'NONE', *, *, #1817, .T. ) ;
#2451 = ORIENTED_EDGE ( 'NONE', *, *, #1809, .T. ) ;
#2452 = ORIENTED_EDGE ( 'NONE', *, *, #1926, .F. ) ;
#2453 = ORIENTED_EDGE ( 'NONE', *, *, #1942, .T. ) ;
#2454 = ORIENTED_EDGE ( 'NONE', *, *, #1944, .F. ) ;
#2455 = ORIENTED_EDGE ( 'NONE', *, *, #1785, .T. ) ;
#2456 = ORIENTED_EDGE ( 'NONE', *, *, #1845, .F. ) ;
#2457 = ORIENTED_EDGE ( 'NONE', *, *, #1789, .T. ) ;
#2458 = ORIENTED_EDGE ( 'NONE', *, *, #1957, .F. ) ;
#2459 = ORIENTED_EDGE ( 'NONE', *, *, #1812, .F. ) ;
#2460 = ORIENTED_EDGE ( 'NONE', *, *, #1932, .F. ) ;
#2461 = ORIENTED_EDGE ( 'NONE', *, *, #1779, .T. ) ;
#2462 = ORIENTED_EDGE ( 'NONE', *, *, #1790, .T. ) ;
#2463 = ORIENTED_EDGE ( 'NONE', *, *, #1927, .F. ) ;
#2464 = ORIENTED_EDGE ( 'NONE', *, *, #1778, .F. ) ;
#2465 = ORIENTED_EDGE ( 'NONE', *, *, #1959, .F. ) ;
#2466 = ORIENTED_EDGE ( 'NONE', *, *, #1711, .F. ) ;
#2467 = ORIENTED_EDGE ( 'NONE', *, *, #1811, .T. ) ;
#2468 = ORIENTED_EDGE ( 'NONE', *, *, #1751, .F. ) ;
#2469 = ORIENTED_EDGE ( 'NONE', *, *, #1733, .F. ) ;
#2470 = ORIENTED_EDGE ( 'NONE', *, *, #1933, .F. ) ;
#2471 = ORIENTED_EDGE ( 'NONE', *, *, #1701, .F. ) ;
#2472 = ORIENTED_EDGE ( 'NONE', *, *, #1790, .F. ) ;
#2473 = ORIENTED_EDGE ( 'NONE', *, *, #1885, .F. ) ;
#2474 = ORIENTED_EDGE ( 'NONE', *, *, #1774, .F. ) ;
#2475 = ORIENTED_EDGE ( 'NONE', *, *, #1832, .F. ) ;
#2476 = ORIENTED_EDGE ( 'NONE', *, *, #1724, .F. ) ;
#2477 = ORIENTED_EDGE ( 'NONE', *, *, #1793, .F. ) ;
#2478 = ORIENTED_EDGE ( 'NONE', *, *, #1794, .F. ) ;
#2479 = ORIENTED_EDGE ( 'NONE', *, *, #1809, .F. ) ;
#2480 = ORIENTED_EDGE ( 'NONE', *, *, #1935, .T. ) ;
#2481 = ORIENTED_EDGE ( 'NONE', *, *, #1918, .F. ) ;
#2482 = DIRECTION ( 'NONE',  ( 0.0000000000000000000, 0.0000000000000000000, 1.000000000000000000 ) ) ;
#2483 = DIRECTION ( 'NONE',  ( 1.000000000000000000, 0.0000000000000000000, 0.0000000000000000000 ) ) ;
#2484 = DIRECTION ( 'NONE',  ( -0.0000000000000000000, -0.0000000000000000000, 1.000000000000000000 ) ) ;
#2485 = CARTESIAN_POINT ( 'NONE',  ( -7.262539308564816700, 12.20000000000000100, 44.00000000000000000 ) ) ;
#2486 = CARTESIAN_POINT ( 'NONE',  ( 22.08578643762691100, 16.99999999999999600, 44.00000000000000000 ) ) ;
#2487 = DIRECTION ( 'NONE',  ( -1.000000000000000000, 0.0000000000000000000, 0.0000000000000000000 ) ) ;
#2488 = CARTESIAN_POINT ( 'NONE',  ( 29.17329245209530300, 3.124268886140731300, -11.30223627053183400 ) ) ;
#2489 = DIRECTION ( 'NONE',  ( -0.0000000000000000000, 0.0000000000000000000, 1.000000000000000000 ) ) ;
#2490 = DIRECTION ( 'NONE',  ( -1.000000000000000000, 0.0000000000000000000, 0.0000000000000000000 ) ) ;
#2491 = CARTESIAN_POINT ( 'NONE',  ( 23.23359549012830200, -2.815428075826269500, -11.30223627053183400 ) ) ;
#2492 = CARTESIAN_POINT ( 'NONE',  ( -53.50000000000000000, -16.99999999999999600, 44.00000000000000000 ) ) ;
#2493 = DIRECTION ( 'NONE',  ( -0.0000000000000000000, -0.0000000000000000000, 1.000000000000000000 ) ) ;
#2494 = CARTESIAN_POINT ( 'NONE',  ( -6.099999999999998800, 13.19999999999999900, 45.00000000000000000 ) ) ;
#2495 = CARTESIAN_POINT ( 'NONE',  ( -42.01614716074866600, -2.930360723121849400, 44.00000000000000000 ) ) ;
#2496 = CARTESIAN_POINT ( 'NONE',  ( -22.08578643762690400, 16.99999999999999300, 44.00000000000000000 ) ) ;
#2497 = DIRECTION ( 'NONE',  ( 0.0000000000000000000, 0.0000000000000000000, -1.000000000000000000 ) ) ;
#2498 = DIRECTION ( 'NONE',  ( 1.000000000000000000, 0.0000000000000000000, 0.0000000000000000000 ) ) ;
#2499 = DIRECTION ( 'NONE',  ( -0.0000000000000000000, -0.0000000000000000000, 1.000000000000000000 ) ) ;
#2500 = DIRECTION ( 'NONE',  ( 0.0000000000000000000, 1.000000000000000000, 0.0000000000000000000 ) ) ;
#2501 = CARTESIAN_POINT ( 'NONE',  ( -5.099999999999998800, 12.70000000000000100, 16.99999999999999600 ) ) ;
#2502 = CARTESIAN_POINT ( 'NONE',  ( -7.262539308564816700, 12.20000000000000100, 16.99999999999999600 ) ) ;
#2503 = DIRECTION ( 'NONE',  ( 0.0000000000000000000, 0.0000000000000000000, 1.000000000000000000 ) ) ;
#2504 = CARTESIAN_POINT ( 'NONE',  ( 34.09655121145934900, 4.989235226167500600, 45.00000000000000000 ) ) ;
#2505 = DIRECTION ( 'NONE',  ( 1.000000000000000000, 0.0000000000000000000, 0.0000000000000000000 ) ) ;
#2506 = CARTESIAN_POINT ( 'NONE',  ( 5.100000000000000500, 12.70000000000000300, 16.99999999999999600 ) ) ;
#2507 = CARTESIAN_POINT ( 'NONE',  ( -5.099999999999998800, 12.70000000000000100, 44.00000000000000000 ) ) ;
#2508 = DIRECTION ( 'NONE',  ( 2.753529326947313900E-016, -1.000000000000000000, 0.0000000000000000000 ) ) ;
#2509 = CARTESIAN_POINT ( 'NONE',  ( -31.05599205235722900, 1.948676067065381300, 16.99999999999999600 ) ) ;
#2510 = DIRECTION ( 'NONE',  ( 0.7071067811865480200, -0.7071067811865470200, 0.0000000000000000000 ) ) ;
#2511 = DIRECTION ( 'NONE',  ( 0.0000000000000000000, 0.0000000000000000000, -1.000000000000000000 ) ) ;
#2512 = CARTESIAN_POINT ( 'NONE',  ( 36.47422555855187900, -10.11636118228284600, 16.99999999999999600 ) ) ;
#2513 = DIRECTION ( 'NONE',  ( 0.7071067811865474600, -0.7071067811865476800, 0.0000000000000000000 ) ) ;
#2514 = DIRECTION ( 'NONE',  ( -1.000000000000000000, -0.0000000000000000000, -0.0000000000000000000 ) ) ;
#2515 = DIRECTION ( 'NONE',  ( 0.0000000000000000000, 0.0000000000000000000, -1.000000000000000000 ) ) ;
#2516 = CARTESIAN_POINT ( 'NONE',  ( 26.20344397111179500, 0.1544204051572390900, 44.00000000000000000 ) ) ;
#2517 = DIRECTION ( 'NONE',  ( -1.000000000000000000, 0.0000000000000000000, 0.0000000000000000000 ) ) ;
#2518 = CARTESIAN_POINT ( 'NONE',  ( 26.20344397111179500, 0.1544204051572390900, 16.99999999999999600 ) ) ;
#2519 = DIRECTION ( 'NONE',  ( 0.0000000000000000000, 0.0000000000000000000, 1.000000000000000000 ) ) ;
#2520 = CARTESIAN_POINT ( 'NONE',  ( 33.50437707756837800, -13.08620966326634700, 16.99999999999999600 ) ) ;
#2521 = DIRECTION ( 'NONE',  ( -1.000000000000000000, 0.0000000000000000000, 0.0000000000000000000 ) ) ;
#2522 = DIRECTION ( 'NONE',  ( 0.7071067811865454600, 0.7071067811865497900, 0.0000000000000000000 ) ) ;
#2523 = DIRECTION ( 'NONE',  ( 0.0000000000000000000, 0.0000000000000000000, -1.000000000000000000 ) ) ;
#2524 = CARTESIAN_POINT ( 'NONE',  ( 29.88039923328184600, 3.831375667327281000, 44.00000000000000000 ) ) ;
#2525 = DIRECTION ( 'NONE',  ( -0.0000000000000000000, -0.0000000000000000000, -1.000000000000000000 ) ) ;
#2526 = CARTESIAN_POINT ( 'NONE',  ( 42.01614716074866600, -2.930360723121848900, 44.00000000000000000 ) ) ;
#2527 = DIRECTION ( 'NONE',  ( -0.7071067811865496800, 0.7071067811865453500, -9.199760500100208300E-016 ) ) ;
#2528 = DIRECTION ( 'NONE',  ( -0.7071067811865451300, -0.7071067811865499000, 0.0000000000000000000 ) ) ;
#2529 = CARTESIAN_POINT ( 'NONE',  ( 38.26848122046002500, -5.263813101037410300, 16.99999999999999600 ) ) ;
#2530 = CARTESIAN_POINT ( 'NONE',  ( 22.08578643762691100, 16.99999999999999600, 44.00000000000000000 ) ) ;
#2531 = DIRECTION ( 'NONE',  ( 0.7071067811865458000, -0.7071067811865492400, 0.0000000000000000000 ) ) ;
#2532 = DIRECTION ( 'NONE',  ( 0.7071067811865492400, 0.7071067811865458000, 0.0000000000000000000 ) ) ;
#2533 = DIRECTION ( 'NONE',  ( -0.0000000000000000000, 1.000000000000000000, -0.0000000000000000000 ) ) ;
#2534 = DIRECTION ( 'NONE',  ( 0.7071067811865456900, 0.7071067811865493500, 0.0000000000000000000 ) ) ;
#2535 = DIRECTION ( 'NONE',  ( 0.7071067811865494600, -0.7071067811865455700, 1.226634733346694800E-015 ) ) ;
#2536 = CARTESIAN_POINT ( 'NONE',  ( -15.99999999999999600, -18.00000000000000000, 22.50000000000000000 ) ) ;
#2537 = CARTESIAN_POINT ( 'NONE',  ( 16.00000000000000400, 10.19999999999999900, 22.49999999999999600 ) ) ;
#2538 = DIRECTION ( 'NONE',  ( 0.7071067811865474600, -0.7071067811865476800, -0.0000000000000000000 ) ) ;
#2539 = CARTESIAN_POINT ( 'NONE',  ( -5.807106781186546700, 12.61421356237309500, 45.00000000000000000 ) ) ;
#2540 = CARTESIAN_POINT ( 'NONE',  ( -5.599999999999998800, 12.19999999999999900, 44.58578643762690100 ) ) ;
#2541 = CARTESIAN_POINT ( 'NONE',  ( -38.26848122046001800, -5.263813101037426300, 44.58578643762690100 ) ) ;
#2542 = DIRECTION ( 'NONE',  ( -1.000000000000000000, 0.0000000000000000000, 0.0000000000000000000 ) ) ;
#2543 = CARTESIAN_POINT ( 'NONE',  ( -38.70782104868019500, -5.410259710444153200, 45.00000000000000000 ) ) ;
#2544 = DIRECTION ( 'NONE',  ( -0.7071067811865443500, 0.7071067811865507900, 0.0000000000000000000 ) ) ;
#2545 = CARTESIAN_POINT ( 'NONE',  ( -38.26848122046001800, -5.263813101037403200, 44.00000000000000000 ) ) ;
#2546 = DIRECTION ( 'NONE',  ( -0.7071067811865512400, -0.7071067811865439100, 0.0000000000000000000 ) ) ;
#2547 = CARTESIAN_POINT ( 'NONE',  ( 53.50000000000000000, -16.99999999999999600, 44.00000000000000000 ) ) ;
#2548 = CARTESIAN_POINT ( 'NONE',  ( 30.70243866176396000, 2.302229457658656400, 16.99999999999999600 ) ) ;
#2549 = CARTESIAN_POINT ( 'NONE',  ( 33.50437707756837800, -13.08620966326634700, 44.00000000000000000 ) ) ;
#2550 = CARTESIAN_POINT ( 'NONE',  ( -39.32914139223983300, -5.617366491630699300, 45.00000000000000000 ) ) ;
#2551 = CARTESIAN_POINT ( 'NONE',  ( 30.70243866176395600, 2.302229457658665700, 44.00000000000000000 ) ) ;
#2552 = DIRECTION ( 'NONE',  ( 0.0000000000000000000, -0.0000000000000000000, -1.000000000000000000 ) ) ;
#2553 = DIRECTION ( 'NONE',  ( -1.000000000000000000, 0.0000000000000000000, 0.0000000000000000000 ) ) ;
#2554 = CARTESIAN_POINT ( 'NONE',  ( -6.100000000000001400, 16.99999999999999600, 44.00000000000000000 ) ) ;
#2555 = DIRECTION ( 'NONE',  ( 0.0000000000000000000, 0.0000000000000000000, 1.000000000000000000 ) ) ;
#2556 = DIRECTION ( 'NONE',  ( 0.0000000000000000000, 0.0000000000000000000, 1.000000000000000000 ) ) ;
#2557 = DIRECTION ( 'NONE',  ( 0.0000000000000000000, -1.000000000000000000, 0.0000000000000000000 ) ) ;
#2558 = DIRECTION ( 'NONE',  ( 1.000000000000000000, 5.204170427930307700E-015, 0.0000000000000000000 ) ) ;
#2559 = DIRECTION ( 'NONE',  ( -0.0000000000000000000, 1.000000000000000000, -0.0000000000000000000 ) ) ;
#2560 = CARTESIAN_POINT ( 'NONE',  ( -5.599999999999998800, 12.20000000000000100, 44.00000000000000000 ) ) ;
#2561 = CARTESIAN_POINT ( 'NONE',  ( -30.70243866176394200, 3.009336238845188700, 45.00000000000000000 ) ) ;
#2562 = CARTESIAN_POINT ( 'NONE',  ( -30.34888527117066200, 1.948676067065375800, 44.58578643762690100 ) ) ;
#2563 = CARTESIAN_POINT ( 'NONE',  ( 5.807106781186546700, 12.61421356237309700, 45.00000000000000000 ) ) ;
#2564 = CARTESIAN_POINT ( 'NONE',  ( 5.514213562373095500, 12.90710678118654700, 45.00000000000000000 ) ) ;
#2565 = DIRECTION ( 'NONE',  ( -0.0000000000000000000, -0.0000000000000000000, -1.000000000000000000 ) ) ;
#2566 = DIRECTION ( 'NONE',  ( -1.000000000000000000, 0.0000000000000000000, 0.0000000000000000000 ) ) ;
#2567 = CARTESIAN_POINT ( 'NONE',  ( 6.100000000000000500, 13.20000000000000100, 45.00000000000000000 ) ) ;
#2568 = DIRECTION ( 'NONE',  ( 1.000000000000000000, 6.938893903907222100E-015, 0.0000000000000000000 ) ) ;
#2569 = CARTESIAN_POINT ( 'NONE',  ( -30.70243866176394200, 3.009336238845188700, 45.00000000000000000 ) ) ;
#2570 = CARTESIAN_POINT ( 'NONE',  ( 5.599999999999999600, 12.20000000000000300, 44.58578643762690100 ) ) ;
#2571 = CARTESIAN_POINT ( 'NONE',  ( 42.01614716074866600, -2.930360723121847100, 16.99999999999999600 ) ) ;
#2572 = CARTESIAN_POINT ( 'NONE',  ( 31.05599205235722900, 1.948676067065381300, 44.00000000000000000 ) ) ;
#2573 = DIRECTION ( 'NONE',  ( -0.7071067811865458000, -0.7071067811865493500, 0.0000000000000000000 ) ) ;
#2574 = DIRECTION ( 'NONE',  ( 0.0000000000000000000, -0.0000000000000000000, -1.000000000000000000 ) ) ;
#2575 = CARTESIAN_POINT ( 'NONE',  ( -29.88039923328185000, 3.831375667327277400, 44.00000000000000000 ) ) ;
#2576 = DIRECTION ( 'NONE',  ( 0.0000000000000000000, 0.0000000000000000000, 1.000000000000000000 ) ) ;
#2577 = DIRECTION ( 'NONE',  ( -0.7071067811865487900, 0.7071067811865462400, 0.0000000000000000000 ) ) ;
#2578 = CARTESIAN_POINT ( 'NONE',  ( 51.50000000000000000, -15.24264068711941900, 0.0000000000000000000 ) ) ;
#2579 = CARTESIAN_POINT ( 'NONE',  ( -52.91421356237309900, -13.82842712474631800, 44.00000000000000000 ) ) ;
#2580 = DIRECTION ( 'NONE',  ( 1.000000000000000000, -2.891205793294675900E-015, 0.0000000000000000000 ) ) ;
#2581 = DIRECTION ( 'NONE',  ( -1.000000000000000000, 0.0000000000000000000, 0.0000000000000000000 ) ) ;
#2582 = CARTESIAN_POINT ( 'NONE',  ( -31.05599205235722200, 1.948676067065373800, 44.58578643762690100 ) ) ;
#2583 = CARTESIAN_POINT ( 'NONE',  ( -30.90954544295049200, 2.388015895285549900, 45.00000000000000000 ) ) ;
#2584 = CARTESIAN_POINT ( 'NONE',  ( -31.05599205235722900, 1.948676067065381300, 44.00000000000000000 ) ) ;
#2585 = DIRECTION ( 'NONE',  ( 0.7071067811865510100, -0.7071067811865441300, 0.0000000000000000000 ) ) ;
#2586 = DIRECTION ( 'NONE',  ( 0.7071067811865462400, 0.7071067811865489100, -0.0000000000000000000 ) ) ;
#2587 = CARTESIAN_POINT ( 'NONE',  ( 5.100000000000000500, 12.70000000000000100, 44.58578643762690100 ) ) ;
#2588 = DIRECTION ( 'NONE',  ( -0.7071067811865480200, -0.7071067811865470200, -0.0000000000000000000 ) ) ;
#2589 = CARTESIAN_POINT ( 'NONE',  ( -30.49533188057738900, 2.388015895285550800, 45.00000000000000000 ) ) ;
#2590 = CARTESIAN_POINT ( 'NONE',  ( -53.50000000000000000, -16.99999999999999600, 44.00000000000000000 ) ) ;
#2591 = DIRECTION ( 'NONE',  ( 0.0000000000000000000, 0.0000000000000000000, 1.000000000000000000 ) ) ;
#2592 = CARTESIAN_POINT ( 'NONE',  ( 5.600000000000000500, 12.20000000000000300, 44.00000000000000000 ) ) ;
#2593 = CARTESIAN_POINT ( 'NONE',  ( 5.100000000000000500, 12.70000000000000300, 44.00000000000000000 ) ) ;
#2594 = CARTESIAN_POINT ( 'NONE',  ( 6.100000000000000500, 13.20000000000000100, 45.00000000000000000 ) ) ;
#2595 = CARTESIAN_POINT ( 'NONE',  ( 53.50000000000000000, -16.99999999999999600, 44.00000000000000000 ) ) ;
#2596 = CARTESIAN_POINT ( 'NONE',  ( -30.34888527117069000, 1.948676067065368000, 44.00000000000000000 ) ) ;
#2597 = DIRECTION ( 'NONE',  ( 0.0000000000000000000, -0.0000000000000000000, -1.000000000000000000 ) ) ;
#2598 = CARTESIAN_POINT ( 'NONE',  ( -5.099999999999998800, 12.70000000000000100, 44.00000000000000000 ) ) ;
#2599 = CARTESIAN_POINT ( 'NONE',  ( 38.26848122046001800, -5.263813101037403200, 44.00000000000000000 ) ) ;
#2600 = CARTESIAN_POINT ( 'NONE',  ( -42.01614716074866600, -2.930360723121848900, 44.00000000000000000 ) ) ;
#2601 = DIRECTION ( 'NONE',  ( 0.7071067811865458000, -0.7071067811865492400, 0.0000000000000000000 ) ) ;
#2602 = DIRECTION ( 'NONE',  ( -0.7071067811865458000, -0.7071067811865492400, 0.0000000000000000000 ) ) ;
#2603 = DIRECTION ( 'NONE',  ( -1.000000000000000000, 0.0000000000000000000, 0.0000000000000000000 ) ) ;
#2604 = DIRECTION ( 'NONE',  ( -0.0000000000000000000, -0.0000000000000000000, -1.000000000000000000 ) ) ;
#2605 = CARTESIAN_POINT ( 'NONE',  ( 16.00000000000000400, 10.19999999999999900, 22.49999999999999600 ) ) ;
#2606 = DIRECTION ( 'NONE',  ( 0.7071067811865492400, -0.7071067811865458000, 0.0000000000000000000 ) ) ;
#2607 = CARTESIAN_POINT ( 'NONE',  ( -5.099999999999999600, 12.70000000000000100, 44.58578643762690100 ) ) ;
#2608 = CARTESIAN_POINT ( 'NONE',  ( -22.08578643762690400, 16.99999999999999300, 44.00000000000000000 ) ) ;
#2609 = CARTESIAN_POINT ( 'NONE',  ( -5.514213562373093700, 12.90710678118654700, 45.00000000000000000 ) ) ;
#2610 = DIRECTION ( 'NONE',  ( 1.000000000000000000, -1.257674520083184000E-014, 0.0000000000000000000 ) ) ;
#2611 = CARTESIAN_POINT ( 'NONE',  ( 38.26848122046000400, -5.970919882223965300, 44.00000000000000000 ) ) ;
#2612 = DIRECTION ( 'NONE',  ( -0.0000000000000000000, 1.000000000000000000, -0.0000000000000000000 ) ) ;
#2613 = CARTESIAN_POINT ( 'NONE',  ( -22.08578643762690400, 16.99999999999999300, 0.0000000000000000000 ) ) ;
#2614 = CARTESIAN_POINT ( 'NONE',  ( 38.26848122046001800, -5.970919882223968900, 44.58578643762690100 ) ) ;
#2615 = CARTESIAN_POINT ( 'NONE',  ( 53.50000000000000000, -16.99999999999999600, 44.00000000000000000 ) ) ;
#2616 = CARTESIAN_POINT ( 'NONE',  ( -32.79727029638183200, -13.79331644445289700, 44.00000000000000000 ) ) ;
#2617 = DIRECTION ( 'NONE',  ( 1.000000000000000000, 1.734723475976805500E-015, 0.0000000000000000000 ) ) ;
#2618 = CARTESIAN_POINT ( 'NONE',  ( -15.99999999999999600, 10.19999999999999900, 22.50000000000000000 ) ) ;
#2619 = DIRECTION ( 'NONE',  ( -0.0000000000000000000, 1.000000000000000000, -0.0000000000000000000 ) ) ;
#2620 = CARTESIAN_POINT ( 'NONE',  ( -22.08578643762690400, 16.99999999999999600, 44.00000000000000000 ) ) ;
#2621 = DIRECTION ( 'NONE',  ( 0.0000000000000000000, 0.0000000000000000000, 1.000000000000000000 ) ) ;
#2622 = DIRECTION ( 'NONE',  ( 0.0000000000000000000, 0.0000000000000000000, 1.000000000000000000 ) ) ;
#2623 = DIRECTION ( 'NONE',  ( 0.0000000000000000000, 0.0000000000000000000, -1.000000000000000000 ) ) ;
#2624 = DIRECTION ( 'NONE',  ( 1.000000000000000000, 0.0000000000000000000, 0.0000000000000000000 ) ) ;
#2625 = DIRECTION ( 'NONE',  ( -0.7071067811865492400, -0.7071067811865458000, 0.0000000000000000000 ) ) ;
#2626 = DIRECTION ( 'NONE',  ( -1.000000000000000000, 0.0000000000000000000, 0.0000000000000000000 ) ) ;
#2627 = CARTESIAN_POINT ( 'NONE',  ( -6.099999999999998800, 13.19999999999999900, 45.00000000000000000 ) ) ;
#2628 = CARTESIAN_POINT ( 'NONE',  ( 38.70782104868018800, -5.824473272817245500, 44.99999999999999300 ) ) ;
#2629 = CARTESIAN_POINT ( 'NONE',  ( 39.32914139223982600, -5.617366491630696700, 45.00000000000000000 ) ) ;
#2630 = DIRECTION ( 'NONE',  ( 0.0000000000000000000, -0.0000000000000000000, -1.000000000000000000 ) ) ;
#2631 = CARTESIAN_POINT ( 'NONE',  ( -51.50000000000000000, -15.24264068711941500, 0.0000000000000000000 ) ) ;
#2632 = DIRECTION ( 'NONE',  ( 0.0000000000000000000, 0.0000000000000000000, 1.000000000000000000 ) ) ;
#2633 = DIRECTION ( 'NONE',  ( 0.7071067811865451300, 0.7071067811865499000, 0.0000000000000000000 ) ) ;
#2634 = DIRECTION ( 'NONE',  ( 0.7071067811865496800, -0.7071067811865453500, -3.066586833366736000E-016 ) ) ;
#2635 = DIRECTION ( 'NONE',  ( -0.7071067811865428000, -0.7071067811865523500, 0.0000000000000000000 ) ) ;
#2636 = DIRECTION ( 'NONE',  ( 0.7071067811865519000, -0.7071067811865432400, 0.0000000000000000000 ) ) ;
#2637 = DIRECTION ( 'NONE',  ( 0.0000000000000000000, 0.0000000000000000000, 1.000000000000000000 ) ) ;
#2638 = DIRECTION ( 'NONE',  ( 0.0000000000000000000, -1.000000000000000000, 0.0000000000000000000 ) ) ;
#2639 = DIRECTION ( 'NONE',  ( 1.000000000000000000, 0.0000000000000000000, 0.0000000000000000000 ) ) ;
#2640 = DIRECTION ( 'NONE',  ( 0.0000000000000000000, 0.0000000000000000000, 1.000000000000000000 ) ) ;
#2641 = CARTESIAN_POINT ( 'NONE',  ( -6.099999999999999600, 16.99999999999999600, 44.00000000000000000 ) ) ;
#2642 = CARTESIAN_POINT ( 'NONE',  ( -39.32914139223983300, -5.617366491630699300, 45.00000000000000000 ) ) ;
#2643 = CARTESIAN_POINT ( 'NONE',  ( 22.52648870894175600, -3.522534857012818300, 44.00000000000000000 ) ) ;
#2644 = CARTESIAN_POINT ( 'NONE',  ( 38.70782104868018800, -5.410259710444147000, 44.99999999999999300 ) ) ;
#2645 = CARTESIAN_POINT ( 'NONE',  ( -38.70782104868019500, -5.824473272817245500, 45.00000000000000000 ) ) ;
#2646 = CARTESIAN_POINT ( 'NONE',  ( 38.26848122046001800, -5.263813101037421800, 44.58578643762690100 ) ) ;
#2647 = CARTESIAN_POINT ( 'NONE',  ( 33.38944443027280300, 5.696342007354049400, 44.00000000000000000 ) ) ;
#2648 = DIRECTION ( 'NONE',  ( 0.7071067811865454600, 0.7071067811865497900, 0.0000000000000000000 ) ) ;
#2649 = CARTESIAN_POINT ( 'NONE',  ( -38.26848122046001800, -5.970919882223968900, 44.58578643762690100 ) ) ;
#2650 = CARTESIAN_POINT ( 'NONE',  ( -40.15118082072192600, -6.439405920112800900, 44.00000000000000000 ) ) ;
#2651 = CARTESIAN_POINT ( 'NONE',  ( 53.50000000000000000, -15.24264068711941900, 44.00000000000000000 ) ) ;
#2652 = DIRECTION ( 'NONE',  ( 0.7071067811865436900, 0.7071067811865513500, -0.0000000000000000000 ) ) ;
#2653 = DIRECTION ( 'NONE',  ( 0.0000000000000000000, 0.0000000000000000000, -1.000000000000000000 ) ) ;
#2654 = CARTESIAN_POINT ( 'NONE',  ( 6.100000000000001400, 16.99999999999999600, 44.00000000000000000 ) ) ;
#2655 = DIRECTION ( 'NONE',  ( -0.7071067811865519000, 0.7071067811865432400, 0.0000000000000000000 ) ) ;
#2656 = CARTESIAN_POINT ( 'NONE',  ( -33.38944443027281000, 5.696342007354045800, 44.00000000000000000 ) ) ;
#2657 = DIRECTION ( 'NONE',  ( 0.0000000000000000000, 1.000000000000000000, -0.0000000000000000000 ) ) ;
#2658 = DIRECTION ( 'NONE',  ( 1.000000000000000000, 0.0000000000000000000, 0.0000000000000000000 ) ) ;
#2659 = DIRECTION ( 'NONE',  ( 0.0000000000000000000, 0.0000000000000000000, -1.000000000000000000 ) ) ;
#2660 = CARTESIAN_POINT ( 'NONE',  ( 31.05599205235722900, 1.948676067065381300, 44.00000000000000000 ) ) ;
#2661 = DIRECTION ( 'NONE',  ( 0.7071067811865492400, -0.7071067811865458000, 0.0000000000000000000 ) ) ;
#2662 = DIRECTION ( 'NONE',  ( 0.0000000000000000000, 0.0000000000000000000, -1.000000000000000000 ) ) ;
#2663 = CARTESIAN_POINT ( 'NONE',  ( -38.26848122046000400, -5.970919882223965300, 44.00000000000000000 ) ) ;
#2664 = CARTESIAN_POINT ( 'NONE',  ( 39.32914139223982600, -5.617366491630696700, 45.00000000000000000 ) ) ;
#2665 = CARTESIAN_POINT ( 'NONE',  ( 22.08578643762691100, 16.99999999999999600, 44.00000000000000000 ) ) ;
#2666 = DIRECTION ( 'NONE',  ( 0.0000000000000000000, 1.000000000000000000, 0.0000000000000000000 ) ) ;
#2667 = CARTESIAN_POINT ( 'NONE',  ( -33.38944443027281000, 5.696342007354049400, 44.00000000000000000 ) ) ;
#2668 = CARTESIAN_POINT ( 'NONE',  ( 6.100000000000000500, 16.99999999999999600, 44.00000000000000000 ) ) ;
#2669 = CARTESIAN_POINT ( 'NONE',  ( -53.50000000000000000, -18.00000000000000000, 44.00000000000000000 ) ) ;
#2670 = CARTESIAN_POINT ( 'NONE',  ( 53.50000000000000000, -15.24264068711941900, 45.00000000000000000 ) ) ;
#2671 = DIRECTION ( 'NONE',  ( -0.7071067811865436900, -0.7071067811865513500, 0.0000000000000000000 ) ) ;
#2672 = DIRECTION ( 'NONE',  ( 0.7071067811865515700, -0.7071067811865433500, 0.0000000000000000000 ) ) ;
#2673 = CARTESIAN_POINT ( 'NONE',  ( 30.70243866176394600, 3.009336238845188700, 45.00000000000000000 ) ) ;
#2674 = CARTESIAN_POINT ( 'NONE',  ( 30.90954544295049200, 2.388015895285551700, 45.00000000000000000 ) ) ;
#2675 = CARTESIAN_POINT ( 'NONE',  ( -7.262539308564816700, 13.19999999999999900, 44.00000000000000000 ) ) ;
#2676 = DIRECTION ( 'NONE',  ( 0.0000000000000000000, 0.0000000000000000000, -1.000000000000000000 ) ) ;
#2677 = CARTESIAN_POINT ( 'NONE',  ( -42.01614716074866600, -2.930360723121848900, 44.00000000000000000 ) ) ;
#2678 = DIRECTION ( 'NONE',  ( 0.0000000000000000000, -0.0000000000000000000, -1.000000000000000000 ) ) ;
#2679 = DIRECTION ( 'NONE',  ( 0.0000000000000000000, 0.0000000000000000000, 1.000000000000000000 ) ) ;
#2680 = CARTESIAN_POINT ( 'NONE',  ( 30.70243866176394600, 3.009336238845188700, 45.00000000000000000 ) ) ;
#2681 = DIRECTION ( 'NONE',  ( 0.0000000000000000000, -1.000000000000000000, 0.0000000000000000000 ) ) ;
#2682 = DIRECTION ( 'NONE',  ( 0.0000000000000000000, 1.000000000000000000, 0.0000000000000000000 ) ) ;
#2683 = CARTESIAN_POINT ( 'NONE',  ( 30.49533188057739600, 2.388015895285552600, 45.00000000000000000 ) ) ;
#2684 = DIRECTION ( 'NONE',  ( 0.0000000000000000000, 0.0000000000000000000, -1.000000000000000000 ) ) ;
#2685 = DIRECTION ( 'NONE',  ( 1.000000000000000000, 0.0000000000000000000, -0.0000000000000000000 ) ) ;
#2686 = DIRECTION ( 'NONE',  ( 0.7071067811865510100, 0.7071067811865441300, 0.0000000000000000000 ) ) ;
#2687 = DIRECTION ( 'NONE',  ( 0.7071067811865510100, 0.7071067811865441300, 0.0000000000000000000 ) ) ;
#2688 = DIRECTION ( 'NONE',  ( -0.7071067811865487900, 0.7071067811865462400, -6.133173666733479800E-016 ) ) ;
#2689 = DIRECTION ( 'NONE',  ( 0.0000000000000000000, -1.000000000000000000, 0.0000000000000000000 ) ) ;
#2690 = DIRECTION ( 'NONE',  ( 0.7071067811865445800, -0.7071067811865505700, -1.226634733346661400E-015 ) ) ;
#2691 = CARTESIAN_POINT ( 'NONE',  ( -7.262539308564816700, 2.799999999999996300, 44.00000000000000000 ) ) ;
#2692 = DIRECTION ( 'NONE',  ( -0.7071067811865458000, -0.7071067811865492400, 0.0000000000000000000 ) ) ;
#2693 = DIRECTION ( 'NONE',  ( 0.7071067811865449100, -0.7071067811865501300, -2.453269466693369400E-015 ) ) ;
#2694 = DIRECTION ( 'NONE',  ( 0.0000000000000000000, 0.0000000000000000000, -1.000000000000000000 ) ) ;
#2695 = CARTESIAN_POINT ( 'NONE',  ( 40.15118082072192600, -6.439405920112797300, 44.00000000000000000 ) ) ;
#2696 = DIRECTION ( 'NONE',  ( -1.000000000000000000, 0.0000000000000000000, 0.0000000000000000000 ) ) ;
#2697 = CARTESIAN_POINT ( 'NONE',  ( 31.05599205235722200, 1.948676067065376400, 44.58578643762690100 ) ) ;
#2698 = CARTESIAN_POINT ( 'NONE',  ( -53.50000000000000000, -16.99999999999999600, 44.00000000000000000 ) ) ;
#2699 = CARTESIAN_POINT ( 'NONE',  ( 30.34888527117069000, 1.948676067065368000, 44.00000000000000000 ) ) ;
#2700 = CARTESIAN_POINT ( 'NONE',  ( 52.91421356237309200, -13.82842712474632700, 44.00000000000000000 ) ) ;
#2701 = CARTESIAN_POINT ( 'NONE',  ( 42.01614716074866600, -2.930360723121848000, 44.00000000000000000 ) ) ;
#2702 = DIRECTION ( 'NONE',  ( 0.7071067811865443500, 0.7071067811865507900, -1.226634733346704000E-015 ) ) ;
#2703 = CARTESIAN_POINT ( 'NONE',  ( 30.34888527117066200, 1.948676067065378400, 44.58578643762690100 ) ) ;
#2704 = DIRECTION ( 'NONE',  ( -0.7071067811865514600, 0.7071067811865436900, 0.0000000000000000000 ) ) ;
#2705 = CARTESIAN_POINT ( 'NONE',  ( 22.08578643762691100, 16.99999999999999600, 0.0000000000000000000 ) ) ;
#2706 = DIRECTION ( 'NONE',  ( 1.000000000000000000, -3.469446951953611000E-015, 0.0000000000000000000 ) ) ;
#2707 = CARTESIAN_POINT ( 'NONE',  ( -53.50000000000000000, -15.24264068711941500, 44.00000000000000000 ) ) ;
#2708 = CARTESIAN_POINT ( 'NONE',  ( 36.47422555855187900, -10.11636118228284600, 44.00000000000000000 ) ) ;
#2709 = DIRECTION ( 'NONE',  ( 1.000000000000000000, 0.0000000000000000000, 0.0000000000000000000 ) ) ;
#2710 = CARTESIAN_POINT ( 'NONE',  ( 10.56098740166030200, 10.60049687063956900, 23.33298237775263900 ) ) ;
#2711 = DIRECTION ( 'NONE',  ( 0.0000000000000000000, 0.0000000000000000000, 1.000000000000000000 ) ) ;
#2712 = CARTESIAN_POINT ( 'NONE',  ( -22.50000000000000000, 18.00000000000000000, 16.99999999999999600 ) ) ;
#2713 = DIRECTION ( 'NONE',  ( 0.7071067811865480200, 0.7071067811865470200, 0.0000000000000000000 ) ) ;
#2714 = CARTESIAN_POINT ( 'NONE',  ( 10.56166212243766400, 10.59965351598500200, 21.66238283150078600 ) ) ;
#2715 = CARTESIAN_POINT ( 'NONE',  ( 10.74133243894481100, 10.35444324732485400, 24.11911925086921800 ) ) ;
#2716 = CARTESIAN_POINT ( 'NONE',  ( 7.262539308564820200, 8.000000000000000000, 44.00000000000000000 ) ) ;
#2717 = CARTESIAN_POINT ( 'NONE',  ( 36.47422555855187900, -10.11636118228284600, 16.99999999999999600 ) ) ;
#2718 = CARTESIAN_POINT ( 'NONE',  ( 53.62132034355965300, -13.12132034355978800, 44.00000000000000000 ) ) ;
#2719 = DIRECTION ( 'NONE',  ( -0.0000000000000000000, 0.0000000000000000000, 1.000000000000000000 ) ) ;
#2720 = DIRECTION ( 'NONE',  ( 1.000000000000000000, 0.0000000000000000000, 0.0000000000000000000 ) ) ;
#2721 = CARTESIAN_POINT ( 'NONE',  ( 42.01614716074870900, -1.516147160748704900, 16.99999999999999600 ) ) ;
#2722 = CARTESIAN_POINT ( 'NONE',  ( 10.65145121528536100, 10.48292469987423400, 21.17655318826059100 ) ) ;
#2723 = CARTESIAN_POINT ( 'NONE',  ( 10.50008223372844000, 10.67550291050607200, 22.32863360423272800 ) ) ;
#2724 = CARTESIAN_POINT ( 'NONE',  ( 10.49991905267925100, 10.67570035856055100, 22.66604653042776700 ) ) ;
#2725 = DIRECTION ( 'NONE',  ( 1.000000000000000000, 0.0000000000000000000, 0.0000000000000000000 ) ) ;
#2726 = CARTESIAN_POINT ( 'NONE',  ( 13.84655121145935700, -13.84655121145937600, 45.00000000000000000 ) ) ;
#2727 = CARTESIAN_POINT ( 'NONE',  ( 39.44407403953538000, -7.146512701299345200, -11.30223627053183400 ) ) ;
#2728 = CARTESIAN_POINT ( 'NONE',  ( 26.20344397111179500, 0.1544204051572390900, 45.00000000000000000 ) ) ;
#2729 = CARTESIAN_POINT ( 'NONE',  ( 10.53857771582086000, 10.62833868320219500, 21.82862467727077400 ) ) ;
#2730 = DIRECTION ( 'NONE',  ( -1.000000000000000000, -0.0000000000000000000, -0.0000000000000000000 ) ) ;
#2731 = CARTESIAN_POINT ( 'NONE',  ( -54.50000000000000000, -18.00000000000000000, 0.0000000000000000000 ) ) ;
#2732 = CARTESIAN_POINT ( 'NONE',  ( 10.50776322029354400, 10.66629132714263800, 22.83654070359132500 ) ) ;
#2733 = CARTESIAN_POINT ( 'NONE',  ( 10.73745604182409100, 10.36716361329511000, 20.87403672580306200 ) ) ;
#2734 = CARTESIAN_POINT ( 'NONE',  ( 10.84024807256448900, 10.19999999999999900, 24.40445794055039000 ) ) ;
#2735 = CARTESIAN_POINT ( 'NONE',  ( -22.50000000000000000, 18.00000000000000000, 0.0000000000000000000 ) ) ;
#2736 = DIRECTION ( 'NONE',  ( -0.7071067811865472400, 0.7071067811865479100, 0.0000000000000000000 ) ) ;
#2737 = CARTESIAN_POINT ( 'NONE',  ( 10.78888400203131900, 10.28352985695509900, 24.26529715558819700 ) ) ;
#2738 = DIRECTION ( 'NONE',  ( -0.0000000000000000000, 0.0000000000000000000, 1.000000000000000000 ) ) ;
#2739 = DIRECTION ( 'NONE',  ( 1.000000000000000000, 0.0000000000000000000, 0.0000000000000000000 ) ) ;
#2740 = CARTESIAN_POINT ( 'NONE',  ( 10.65680282310083100, 10.47474844029494500, 23.81353553244904500 ) ) ;
#2741 = CARTESIAN_POINT ( 'NONE',  ( -6.100000000000008500, 18.00000000000000000, 44.00000000000000000 ) ) ;
#2742 = DIRECTION ( 'NONE',  ( -1.000000000000000000, 0.0000000000000000000, 0.0000000000000000000 ) ) ;
#2743 = DIRECTION ( 'NONE',  ( 0.0000000000000000000, 0.0000000000000000000, 1.000000000000000000 ) ) ;
#2744 = DIRECTION ( 'NONE',  ( -1.000000000000000000, -0.0000000000000000000, -0.0000000000000000000 ) ) ;
#2745 = DIRECTION ( 'NONE',  ( 0.7071067811865460200, -0.7071067811865489100, -0.0000000000000000000 ) ) ;
#2746 = CARTESIAN_POINT ( 'NONE',  ( -22.00344397111179300, 0.1544204051572390900, -11.30223627053183400 ) ) ;
#2747 = DIRECTION ( 'NONE',  ( -0.0000000000000000000, -0.0000000000000000000, 1.000000000000000000 ) ) ;
#2748 = DIRECTION ( 'NONE',  ( 0.0000000000000000000, -0.0000000000000000000, -1.000000000000000000 ) ) ;
#2749 = CARTESIAN_POINT ( 'NONE',  ( 10.50790950710211100, 10.66611405492709300, 22.16114869349691900 ) ) ;
#2750 = DIRECTION ( 'NONE',  ( -0.0000000000000000000, -0.0000000000000000000, 1.000000000000000000 ) ) ;
#2751 = CARTESIAN_POINT ( 'NONE',  ( 10.53832523319505300, 10.62865255491219200, 23.16935284505272800 ) ) ;
#2752 = CARTESIAN_POINT ( 'NONE',  ( 10.84024807256448900, 10.19999999999999900, 20.59554205944959500 ) ) ;
#2753 = CARTESIAN_POINT ( 'NONE',  ( 10.62005411942208800, 10.52377457232723200, 23.65451288801689600 ) ) ;
#2754 = DIRECTION ( 'NONE',  ( 1.000000000000000000, 0.0000000000000000000, 0.0000000000000000000 ) ) ;
#2755 = DIRECTION ( 'NONE',  ( -0.0000000000000000000, -0.0000000000000000000, 1.000000000000000000 ) ) ;
#2756 = DIRECTION ( 'NONE',  ( -0.0000000000000000000, 0.0000000000000000000, 1.000000000000000000 ) ) ;
#2757 = CARTESIAN_POINT ( 'NONE',  ( 22.47325394193536900, -22.47325394193524800, 45.00000000000000000 ) ) ;
#2758 = DIRECTION ( 'NONE',  ( 0.0000000000000000000, 0.0000000000000000000, 1.000000000000000000 ) ) ;
#2759 = DIRECTION ( 'NONE',  ( 0.0000000000000000000, 0.0000000000000000000, -1.000000000000000000 ) ) ;
#2760 = CARTESIAN_POINT ( 'NONE',  ( 16.00000000000000400, 10.19999999999999900, 22.49999999999999600 ) ) ;
#2761 = DIRECTION ( 'NONE',  ( -0.0000000000000000000, 1.000000000000000000, -0.0000000000000000000 ) ) ;
#2762 = DIRECTION ( 'NONE',  ( 0.0000000000000000000, 0.0000000000000000000, 1.000000000000000000 ) ) ;
#2763 = CARTESIAN_POINT ( 'NONE',  ( -29.17329245209530300, 3.124268886140731300, -11.30223627053183400 ) ) ;
#2764 = CARTESIAN_POINT ( 'NONE',  ( -15.99999999999999600, 18.00000000000000000, 22.50000000000000000 ) ) ;
#2765 = CARTESIAN_POINT ( 'NONE',  ( 6.099999999999994300, 16.99999999999999600, 45.00000000000000000 ) ) ;
#2766 = DIRECTION ( 'NONE',  ( -0.0000000000000000000, -0.0000000000000000000, 1.000000000000000000 ) ) ;
#2767 = DIRECTION ( 'NONE',  ( 1.000000000000000000, 0.0000000000000000000, 0.0000000000000000000 ) ) ;
#2768 = CARTESIAN_POINT ( 'NONE',  ( 22.50000000000000000, 18.00000000000000000, 0.0000000000000000000 ) ) ;
#2769 = DIRECTION ( 'NONE',  ( 0.0000000000000000000, -0.0000000000000000000, -1.000000000000000000 ) ) ;
#2770 = DIRECTION ( 'NONE',  ( 1.000000000000000000, 0.0000000000000000000, 0.0000000000000000000 ) ) ;
#2771 = CARTESIAN_POINT ( 'NONE',  ( 16.00000000000000400, -18.00000000000000000, 22.49999999999999600 ) ) ;
#2772 = DIRECTION ( 'NONE',  ( 0.0000000000000000000, 0.0000000000000000000, 1.000000000000000000 ) ) ;
#2773 = DIRECTION ( 'NONE',  ( -0.7071067811865461300, 0.7071067811865489100, -0.0000000000000000000 ) ) ;
#2774 = DIRECTION ( 'NONE',  ( -1.000000000000000000, 0.0000000000000000000, 0.0000000000000000000 ) ) ;
#2775 = DIRECTION ( 'NONE',  ( 1.000000000000000000, -0.0000000000000000000, -0.0000000000000000000 ) ) ;
#2776 = DIRECTION ( 'NONE',  ( -0.0000000000000000000, 1.000000000000000000, -0.0000000000000000000 ) ) ;
#2777 = CARTESIAN_POINT ( 'NONE',  ( 22.79289321881345400, 17.70710678118653900, 45.00000000000000000 ) ) ;
#2778 = DIRECTION ( 'NONE',  ( -0.0000000000000000000, 1.000000000000000000, -0.0000000000000000000 ) ) ;
#2779 = CARTESIAN_POINT ( 'NONE',  ( 51.50000000000000000, -15.24264068711941900, 45.00000000000000000 ) ) ;
#2780 = DIRECTION ( 'NONE',  ( -0.0000000000000000000, -0.0000000000000000000, -1.000000000000000000 ) ) ;
#2781 = CARTESIAN_POINT ( 'NONE',  ( 7.262539308564820200, 8.000000000000000000, 16.99999999999999600 ) ) ;
#2782 = CARTESIAN_POINT ( 'NONE',  ( -51.50000000000000000, -15.24264068711941500, 45.00000000000000000 ) ) ;
#2783 = CARTESIAN_POINT ( 'NONE',  ( 34.09655121145934900, 6.403448788540595500, 44.00000000000000000 ) ) ;
#2784 = DIRECTION ( 'NONE',  ( -0.0000000000000000000, 0.0000000000000000000, 1.000000000000000000 ) ) ;
#2785 = DIRECTION ( 'NONE',  ( 0.7071067811865460200, -0.7071067811865489100, -0.0000000000000000000 ) ) ;
#2786 = DIRECTION ( 'NONE',  ( 0.0000000000000000000, 0.0000000000000000000, 1.000000000000000000 ) ) ;
#2787 = CARTESIAN_POINT ( 'NONE',  ( -22.08578643762690400, 18.00000000000000000, 45.00000000000000000 ) ) ;
#2788 = DIRECTION ( 'NONE',  ( 1.000000000000000000, 0.0000000000000000000, 0.0000000000000000000 ) ) ;
#2789 = DIRECTION ( 'NONE',  ( -0.7071067811865456900, -0.7071067811865493500, 0.0000000000000000000 ) ) ;
#2790 = DIRECTION ( 'NONE',  ( 1.000000000000000000, 0.0000000000000000000, 0.0000000000000000000 ) ) ;
#2791 = DIRECTION ( 'NONE',  ( -0.0000000000000000000, -0.0000000000000000000, 1.000000000000000000 ) ) ;
#2792 = CARTESIAN_POINT ( 'NONE',  ( -38.62203461105329400, -5.617366491630690500, 44.00000000000000000 ) ) ;
#2793 = CARTESIAN_POINT ( 'NONE',  ( 53.50000000000000000, -16.99999999999999600, 0.0000000000000000000 ) ) ;
#2794 = CARTESIAN_POINT ( 'NONE',  ( 34.09655121145934900, 6.403448788540595500, 16.99999999999999600 ) ) ;
#2795 = DIRECTION ( 'NONE',  ( 0.0000000000000000000, 0.0000000000000000000, -1.000000000000000000 ) ) ;
#2796 = DIRECTION ( 'NONE',  ( 1.000000000000000000, -0.0000000000000000000, -0.0000000000000000000 ) ) ;
#2797 = DIRECTION ( 'NONE',  ( 1.000000000000000000, 0.0000000000000000000, 0.0000000000000000000 ) ) ;
#2798 = DIRECTION ( 'NONE',  ( -0.0000000000000000000, -0.0000000000000000000, -1.000000000000000000 ) ) ;
#2799 = CARTESIAN_POINT ( 'NONE',  ( 6.100000000000000500, 12.70000000000000300, 45.00000000000000000 ) ) ;
#2800 = CARTESIAN_POINT ( 'NONE',  ( 7.262539308564820200, 8.000000000000000000, 45.00000000000000000 ) ) ;
#2801 = CARTESIAN_POINT ( 'NONE',  ( 10.84024807256448900, 10.19999999999999900, 16.99999999999999600 ) ) ;
#2802 = CARTESIAN_POINT ( 'NONE',  ( 22.08578643762689700, 18.00000000000000000, 44.00000000000000000 ) ) ;
#2803 = DIRECTION ( 'NONE',  ( 1.000000000000000000, 1.668003342285390900E-015, 0.0000000000000000000 ) ) ;
#2804 = DIRECTION ( 'NONE',  ( 1.000000000000000000, -0.0000000000000000000, -0.0000000000000000000 ) ) ;
#2805 = DIRECTION ( 'NONE',  ( -1.000000000000000000, 0.0000000000000000000, 0.0000000000000000000 ) ) ;
#2806 = CARTESIAN_POINT ( 'NONE',  ( 16.85588745030468500, 16.85588745030458600, 45.00000000000000000 ) ) ;
#2807 = CARTESIAN_POINT ( 'NONE',  ( -26.20344397111179500, 0.1544204051572390900, 16.99999999999999600 ) ) ;
#2808 = DIRECTION ( 'NONE',  ( 0.7071067811865454600, -0.7071067811865496800, 0.0000000000000000000 ) ) ;
#2809 = DIRECTION ( 'NONE',  ( 0.7071067811865491300, -0.7071067811865459100, 0.0000000000000000000 ) ) ;
#2810 = DIRECTION ( 'NONE',  ( 0.0000000000000000000, 0.0000000000000000000, -1.000000000000000000 ) ) ;
#2811 = DIRECTION ( 'NONE',  ( 0.0000000000000000000, 0.0000000000000000000, -1.000000000000000000 ) ) ;
#2812 = DIRECTION ( 'NONE',  ( 0.0000000000000000000, 0.0000000000000000000, -1.000000000000000000 ) ) ;
#2813 = DIRECTION ( 'NONE',  ( -0.7071067811865460200, 0.7071067811865489100, 0.0000000000000000000 ) ) ;
#2814 = DIRECTION ( 'NONE',  ( -0.0000000000000000000, -0.0000000000000000000, 1.000000000000000000 ) ) ;
#2815 = CARTESIAN_POINT ( 'NONE',  ( -6.100000000000001400, 18.00000000000000000, 45.00000000000000000 ) ) ;
#2816 = DIRECTION ( 'NONE',  ( -0.7071067811865460200, 0.7071067811865489100, 0.0000000000000000000 ) ) ;
#2817 = DIRECTION ( 'NONE',  ( 0.0000000000000000000, -0.0000000000000000000, -1.000000000000000000 ) ) ;
#2818 = DIRECTION ( 'NONE',  ( 0.0000000000000000000, 0.0000000000000000000, 1.000000000000000000 ) ) ;
#2819 = DIRECTION ( 'NONE',  ( -0.0000000000000000000, -1.000000000000000000, -0.0000000000000000000 ) ) ;
#2820 = CARTESIAN_POINT ( 'NONE',  ( 42.01614716074866600, -2.930360723121847100, 45.00000000000000000 ) ) ;
#2821 = CARTESIAN_POINT ( 'NONE',  ( 53.62132034355964500, -13.12132034355978000, 45.00000000000000000 ) ) ;
#2822 = CARTESIAN_POINT ( 'NONE',  ( 7.262539308564818400, 13.20000000000000100, 45.00000000000000000 ) ) ;
#2823 = CARTESIAN_POINT ( 'NONE',  ( 22.08578643762691100, 16.99999999999999600, 45.00000000000000000 ) ) ;
#2824 = CARTESIAN_POINT ( 'NONE',  ( 53.50000000000000000, -16.99999999999999600, 45.00000000000000000 ) ) ;
#2825 = CARTESIAN_POINT ( 'NONE',  ( 22.08578643762691100, 18.00000000000000000, 45.00000000000000000 ) ) ;
#2826 = DIRECTION ( 'NONE',  ( 0.0000000000000000000, 0.0000000000000000000, -1.000000000000000000 ) ) ;
#2827 = CARTESIAN_POINT ( 'NONE',  ( 42.72325394193521200, -2.223253941935302800, 45.00000000000000000 ) ) ;
#2828 = CARTESIAN_POINT ( 'NONE',  ( -38.26848122046000400, -5.970919882223965300, -11.30223627053183400 ) ) ;
#2829 = CARTESIAN_POINT ( 'NONE',  ( -53.50000000000000000, -18.00000000000000000, 45.00000000000000000 ) ) ;
#2830 = CARTESIAN_POINT ( 'NONE',  ( 11.46253930856482300, 8.000000000000000000, 16.99999999999999600 ) ) ;
#2831 = CARTESIAN_POINT ( 'NONE',  ( 6.100000000000001400, 18.00000000000000000, 45.00000000000000000 ) ) ;
#2832 = CARTESIAN_POINT ( 'NONE',  ( 16.85588745030449700, 16.85588745030457500, 45.00000000000000000 ) ) ;
#2833 = CARTESIAN_POINT ( 'NONE',  ( -38.12203461105328000, -5.617366491630684200, -11.30223627053183400 ) ) ;
#2834 = DIRECTION ( 'NONE',  ( -0.0000000000000000000, -0.0000000000000000000, 1.000000000000000000 ) ) ;
#2835 = DIRECTION ( 'NONE',  ( -0.0000000000000000000, -0.0000000000000000000, 1.000000000000000000 ) ) ;
#2836 = DIRECTION ( 'NONE',  ( 0.0000000000000000000, 0.0000000000000000000, 1.000000000000000000 ) ) ;
#2837 = DIRECTION ( 'NONE',  ( 1.000000000000000000, 0.0000000000000000000, 0.0000000000000000000 ) ) ;
#2838 = CARTESIAN_POINT ( 'NONE',  ( 40.67422555855188200, -10.11636118228284600, -11.30223627053183400 ) ) ;
#2839 = DIRECTION ( 'NONE',  ( 0.0000000000000000000, -0.0000000000000000000, -1.000000000000000000 ) ) ;
#2840 = DIRECTION ( 'NONE',  ( -0.0000000000000000000, -0.0000000000000000000, 1.000000000000000000 ) ) ;
#2841 = CARTESIAN_POINT ( 'NONE',  ( -38.62203461105328700, -5.617366491630684200, 16.99999999999999600 ) ) ;
#2842 = CARTESIAN_POINT ( 'NONE',  ( -53.62132034355964500, -13.12132034355977700, 45.00000000000000000 ) ) ;
#2843 = DIRECTION ( 'NONE',  ( -0.0000000000000000000, -0.0000000000000000000, 1.000000000000000000 ) ) ;
#2844 = CARTESIAN_POINT ( 'NONE',  ( 9.501976925964475700, 9.501976925964472200, 45.00000000000000000 ) ) ;
#2845 = DIRECTION ( 'NONE',  ( 1.000000000000000000, 0.0000000000000000000, 0.0000000000000000000 ) ) ;
#2846 = DIRECTION ( 'NONE',  ( -2.753529326947313900E-016, 1.000000000000000000, -0.0000000000000000000 ) ) ;
#2847 = CARTESIAN_POINT ( 'NONE',  ( 7.262539308564818400, 12.20000000000000300, 16.99999999999999600 ) ) ;
#2848 = DIRECTION ( 'NONE',  ( -0.0000000000000000000, 1.000000000000000000, -0.0000000000000000000 ) ) ;
#2849 = DIRECTION ( 'NONE',  ( 1.000000000000000000, 0.0000000000000000000, 0.0000000000000000000 ) ) ;
#2850 = DIRECTION ( 'NONE',  ( 1.000000000000000000, 0.0000000000000000000, 0.0000000000000000000 ) ) ;
#2851 = CARTESIAN_POINT ( 'NONE',  ( -6.100000000000001400, 16.99999999999999600, 16.99999999999999600 ) ) ;
#2852 = DIRECTION ( 'NONE',  ( 1.000000000000000000, 0.0000000000000000000, 0.0000000000000000000 ) ) ;
#2853 = DIRECTION ( 'NONE',  ( 0.0000000000000000000, 0.0000000000000000000, 1.000000000000000000 ) ) ;
#2854 = DIRECTION ( 'NONE',  ( -0.0000000000000000000, -0.0000000000000000000, 1.000000000000000000 ) ) ;
#2855 = DIRECTION ( 'NONE',  ( 0.0000000000000000000, -1.000000000000000000, 0.0000000000000000000 ) ) ;
#2856 = DIRECTION ( 'NONE',  ( 0.0000000000000000000, -0.0000000000000000000, -1.000000000000000000 ) ) ;
#2857 = DIRECTION ( 'NONE',  ( 0.0000000000000000000, 0.0000000000000000000, 1.000000000000000000 ) ) ;
#2858 = CARTESIAN_POINT ( 'NONE',  ( -52.91421356237309900, -13.82842712474632100, 45.00000000000000000 ) ) ;
#2859 = DIRECTION ( 'NONE',  ( -0.0000000000000000000, -0.0000000000000000000, 1.000000000000000000 ) ) ;
#2860 = CARTESIAN_POINT ( 'NONE',  ( -26.20344397111179500, 0.1544204051572390900, 44.00000000000000000 ) ) ;
#2861 = CARTESIAN_POINT ( 'NONE',  ( 16.00000000000000400, 18.00000000000000000, 22.49999999999999600 ) ) ;
#2862 = DIRECTION ( 'NONE',  ( 1.000000000000000000, 0.0000000000000000000, 0.0000000000000000000 ) ) ;
#2863 = CARTESIAN_POINT ( 'NONE',  ( -6.099999999999999600, 16.99999999999999600, 45.00000000000000000 ) ) ;
#2864 = DIRECTION ( 'NONE',  ( 0.0000000000000000000, 0.0000000000000000000, 1.000000000000000000 ) ) ;
#2865 = CARTESIAN_POINT ( 'NONE',  ( -54.50000000000000000, -15.24264068711941500, 44.00000000000000000 ) ) ;
#2866 = CARTESIAN_POINT ( 'NONE',  ( 36.47422555855187900, -10.11636118228284600, 45.00000000000000000 ) ) ;
#2867 = CARTESIAN_POINT ( 'NONE',  ( -15.99999999999999600, -18.00000000000000000, 22.50000000000000000 ) ) ;
#2868 = DIRECTION ( 'NONE',  ( -0.7071067811865474600, 0.7071067811865476800, 0.0000000000000000000 ) ) ;
#2869 = CARTESIAN_POINT ( 'NONE',  ( 53.50000000000000000, -18.00000000000000000, 45.00000000000000000 ) ) ;
#2870 = DIRECTION ( 'NONE',  ( -0.7071067811865460200, -0.7071067811865489100, 0.0000000000000000000 ) ) ;
#2871 = CARTESIAN_POINT ( 'NONE',  ( -53.50000000000000000, -16.99999999999999600, 45.00000000000000000 ) ) ;
#2872 = DIRECTION ( 'NONE',  ( -0.0000000000000000000, -0.0000000000000000000, -1.000000000000000000 ) ) ;
#2873 = DIRECTION ( 'NONE',  ( -0.0000000000000000000, 0.0000000000000000000, 1.000000000000000000 ) ) ;
#2874 = CARTESIAN_POINT ( 'NONE',  ( -53.50000000000000000, -16.99999999999999600, 0.0000000000000000000 ) ) ;
#2875 = DIRECTION ( 'NONE',  ( -0.0000000000000000000, 1.000000000000000000, -0.0000000000000000000 ) ) ;
#2876 = DIRECTION ( 'NONE',  ( -0.0000000000000000000, 1.000000000000000000, -0.0000000000000000000 ) ) ;
#2877 = CARTESIAN_POINT ( 'NONE',  ( -7.262539308564816700, 7.999999999999998200, 45.00000000000000000 ) ) ;
#2878 = CARTESIAN_POINT ( 'NONE',  ( -15.99999999999999600, 18.00000000000000000, 25.79999999999999700 ) ) ;
#2879 = CARTESIAN_POINT ( 'NONE',  ( -30.34888527117068300, 2.655782848251930300, 45.00000000000000000 ) ) ;
#2880 = DIRECTION ( 'NONE',  ( -0.0000000000000000000, 1.000000000000000000, -0.0000000000000000000 ) ) ;
#2881 = CARTESIAN_POINT ( 'NONE',  ( -29.88039923328184600, 3.831375667327280100, 45.00000000000000000 ) ) ;
#2882 = DIRECTION ( 'NONE',  ( 0.0000000000000000000, -0.0000000000000000000, -1.000000000000000000 ) ) ;
#2883 = DIRECTION ( 'NONE',  ( 1.000000000000000000, 0.0000000000000000000, 0.0000000000000000000 ) ) ;
#2884 = CARTESIAN_POINT ( 'NONE',  ( -22.79289321881345400, 17.70710678118654300, 45.00000000000000000 ) ) ;
#2885 = DIRECTION ( 'NONE',  ( 0.0000000000000000000, 0.0000000000000000000, 1.000000000000000000 ) ) ;
#2886 = DIRECTION ( 'NONE',  ( 0.0000000000000000000, -1.000000000000000000, 0.0000000000000000000 ) ) ;
#2887 = CARTESIAN_POINT ( 'NONE',  ( -54.50000000000000000, -14.00000000000013300, 0.0000000000000000000 ) ) ;
#2888 = DIRECTION ( 'NONE',  ( -0.7071067811865461300, -0.7071067811865489100, -0.0000000000000000000 ) ) ;
#2889 = DIRECTION ( 'NONE',  ( 0.0000000000000000000, 0.0000000000000000000, -1.000000000000000000 ) ) ;
#2890 = CARTESIAN_POINT ( 'NONE',  ( -42.01614716074870900, -1.516147160748704900, 16.99999999999999600 ) ) ;
#2891 = DIRECTION ( 'NONE',  ( 0.7071067811865472400, 0.7071067811865479100, 0.0000000000000000000 ) ) ;
#2892 = CARTESIAN_POINT ( 'NONE',  ( -54.50000000000000000, -14.00000000000013300, 0.0000000000000000000 ) ) ;
#2893 = CARTESIAN_POINT ( 'NONE',  ( -42.72325394193521900, -2.223253941935301900, 45.00000000000000000 ) ) ;
#2894 = DIRECTION ( 'NONE',  ( -0.0000000000000000000, 1.000000000000000000, -0.0000000000000000000 ) ) ;
#2895 = CARTESIAN_POINT ( 'NONE',  ( -7.262539308564816700, 2.799999999999996300, 45.00000000000000000 ) ) ;
#2896 = CARTESIAN_POINT ( 'NONE',  ( 7.262539308564819300, 2.799999999999997600, 44.00000000000000000 ) ) ;
#2897 = DIRECTION ( 'NONE',  ( -0.0000000000000000000, -0.0000000000000000000, 1.000000000000000000 ) ) ;
#2898 = DIRECTION ( 'NONE',  ( 0.7071067811865491300, 0.7071067811865459100, -0.0000000000000000000 ) ) ;
#2899 = DIRECTION ( 'NONE',  ( -0.7071067811865474600, -0.7071067811865476800, -0.0000000000000000000 ) ) ;
#2900 = DIRECTION ( 'NONE',  ( -1.000000000000000000, 0.0000000000000000000, 0.0000000000000000000 ) ) ;
#2901 = DIRECTION ( 'NONE',  ( 0.0000000000000000000, -0.0000000000000000000, -1.000000000000000000 ) ) ;
#2902 = CARTESIAN_POINT ( 'NONE',  ( 54.50000000000000000, -15.24264068711941900, 45.00000000000000000 ) ) ;
#2903 = DIRECTION ( 'NONE',  ( -0.0000000000000000000, -0.0000000000000000000, -1.000000000000000000 ) ) ;
#2904 = DIRECTION ( 'NONE',  ( -0.0000000000000000000, -0.0000000000000000000, 1.000000000000000000 ) ) ;
#2905 = DIRECTION ( 'NONE',  ( 0.7071067811865480200, -0.7071067811865470200, -0.0000000000000000000 ) ) ;
#2906 = CARTESIAN_POINT ( 'NONE',  ( -34.09655121145935700, 6.403448788540592900, 45.00000000000000000 ) ) ;
#2907 = DIRECTION ( 'NONE',  ( 1.000000000000000000, 0.0000000000000000000, 0.0000000000000000000 ) ) ;
#2908 = CARTESIAN_POINT ( 'NONE',  ( -26.20344397111179500, 0.1544204051572390900, 45.00000000000000000 ) ) ;
#2909 = DIRECTION ( 'NONE',  ( 0.0000000000000000000, 0.0000000000000000000, 1.000000000000000000 ) ) ;
#2910 = CARTESIAN_POINT ( 'NONE',  ( 54.50000000000000000, -16.99999999999999600, 45.00000000000000000 ) ) ;
#2911 = DIRECTION ( 'NONE',  ( 0.0000000000000000000, 0.0000000000000000000, 1.000000000000000000 ) ) ;
#2912 = CARTESIAN_POINT ( 'NONE',  ( -15.99999999999999600, 10.19999999999999900, 22.50000000000000000 ) ) ;
#2913 = DIRECTION ( 'NONE',  ( 0.0000000000000000000, 0.0000000000000000000, -1.000000000000000000 ) ) ;
#2914 = CARTESIAN_POINT ( 'NONE',  ( -32.79727029638183200, -13.79331644445289500, 45.00000000000000000 ) ) ;
#2915 = CARTESIAN_POINT ( 'NONE',  ( -54.50000000000000000, -16.99999999999999600, 45.00000000000000000 ) ) ;
#2916 = DIRECTION ( 'NONE',  ( -1.000000000000000000, -1.194295412577679700E-016, -0.0000000000000000000 ) ) ;
#2917 = DIRECTION ( 'NONE',  ( 0.0000000000000000000, -0.0000000000000000000, -1.000000000000000000 ) ) ;
#2918 = DIRECTION ( 'NONE',  ( -0.7071067811865465700, -0.7071067811865484600, 0.0000000000000000000 ) ) ;
#2919 = DIRECTION ( 'NONE',  ( 0.0000000000000000000, -1.000000000000000000, 0.0000000000000000000 ) ) ;
#2920 = CARTESIAN_POINT ( 'NONE',  ( 33.38944443027281000, 5.696342007354049400, 44.00000000000000000 ) ) ;
#2921 = CARTESIAN_POINT ( 'NONE',  ( -26.20344397111179500, 0.1544204051572390900, 44.00000000000000000 ) ) ;
#2922 = DIRECTION ( 'NONE',  ( 0.7071067811865454600, -0.7071067811865497900, 0.0000000000000000000 ) ) ;
#2923 = DIRECTION ( 'NONE',  ( 1.000000000000000000, 0.0000000000000000000, 0.0000000000000000000 ) ) ;
#2924 = CARTESIAN_POINT ( 'NONE',  ( 41.67422555855188200, -10.11636118228284600, 44.00000000000000000 ) ) ;
#2925 = CARTESIAN_POINT ( 'NONE',  ( 7.262539308564820200, 8.000000000000000000, 45.00000000000000000 ) ) ;
#2926 = DIRECTION ( 'NONE',  ( 0.0000000000000000000, -1.000000000000000000, 0.0000000000000000000 ) ) ;
#2927 = CARTESIAN_POINT ( 'NONE',  ( -15.99999999999999600, 18.00000000000000000, 19.20000000000000300 ) ) ;
#2928 = DIRECTION ( 'NONE',  ( 0.0000000000000000000, 0.0000000000000000000, -1.000000000000000000 ) ) ;
#2929 = DIRECTION ( 'NONE',  ( -1.000000000000000000, 0.0000000000000000000, 0.0000000000000000000 ) ) ;
#2930 = DIRECTION ( 'NONE',  ( 0.0000000000000000000, 0.0000000000000000000, -1.000000000000000000 ) ) ;
#2931 = DIRECTION ( 'NONE',  ( -0.0000000000000000000, 0.0000000000000000000, 1.000000000000000000 ) ) ;
#2932 = CARTESIAN_POINT ( 'NONE',  ( 33.38944443027281000, 5.696342007354049400, 44.00000000000000000 ) ) ;
#2933 = CARTESIAN_POINT ( 'NONE',  ( 12.46253930856482300, 8.000000000000000000, 44.00000000000000000 ) ) ;
#2934 = CARTESIAN_POINT ( 'NONE',  ( 7.262539308564820200, 8.000000000000000000, 44.00000000000000000 ) ) ;
#2935 = DIRECTION ( 'NONE',  ( -0.0000000000000000000, -1.000000000000000000, -0.0000000000000000000 ) ) ;
#2936 = CARTESIAN_POINT ( 'NONE',  ( 54.50000000000000000, -16.99999999999999600, 44.00000000000000000 ) ) ;
#2937 = CARTESIAN_POINT ( 'NONE',  ( -21.00344397111179600, 0.1544204051572390900, 44.00000000000000000 ) ) ;
#2938 = DIRECTION ( 'NONE',  ( 0.0000000000000000000, -1.000000000000000000, 0.0000000000000000000 ) ) ;
#2939 = DIRECTION ( 'NONE',  ( 0.7071067811865485700, -0.7071067811865464600, 0.0000000000000000000 ) ) ;
#2940 = DIRECTION ( 'NONE',  ( 0.0000000000000000000, 0.0000000000000000000, -1.000000000000000000 ) ) ;
#2941 = DIRECTION ( 'NONE',  ( 0.0000000000000000000, -1.000000000000000000, 0.0000000000000000000 ) ) ;
#2942 = DIRECTION ( 'NONE',  ( 0.0000000000000000000, 0.0000000000000000000, -1.000000000000000000 ) ) ;
#2943 = DIRECTION ( 'NONE',  ( 0.0000000000000000000, 0.0000000000000000000, -1.000000000000000000 ) ) ;
#2944 = DIRECTION ( 'NONE',  ( -0.7071067811865496800, -0.7071067811865453500, 0.0000000000000000000 ) ) ;
#2945 = DIRECTION ( 'NONE',  ( -0.0000000000000000000, 1.000000000000000000, -0.0000000000000000000 ) ) ;
#2946 = CARTESIAN_POINT ( 'NONE',  ( -26.20344397111179500, 0.1544204051572390900, 45.00000000000000000 ) ) ;
#2947 = CARTESIAN_POINT ( 'NONE',  ( 33.38944443027281000, 5.696342007354049400, 44.00000000000000000 ) ) ;
#2948 = DIRECTION ( 'NONE',  ( 0.0000000000000000000, 0.0000000000000000000, -1.000000000000000000 ) ) ;
#2949 = CARTESIAN_POINT ( 'NONE',  ( -22.52648870894175200, -3.522534857012816100, 44.00000000000000000 ) ) ;
#2950 = CARTESIAN_POINT ( 'NONE',  ( -54.50000000000000000, -15.24264068711941500, 45.00000000000000000 ) ) ;
#2951 = DIRECTION ( 'NONE',  ( 1.000000000000000000, 0.0000000000000000000, 0.0000000000000000000 ) ) ;
#2952 = DIRECTION ( 'NONE',  ( 0.0000000000000000000, -0.0000000000000000000, -1.000000000000000000 ) ) ;
#2953 = DIRECTION ( 'NONE',  ( 1.000000000000000000, 0.0000000000000000000, 0.0000000000000000000 ) ) ;
#2954 = DIRECTION ( 'NONE',  ( -0.7071067811865459100, 0.7071067811865491300, 0.0000000000000000000 ) ) ;
#2955 = PLANE ( 'NONE',  #2032 ) ;
#2956 = DIRECTION ( 'NONE',  ( 0.0000000000000000000, 0.0000000000000000000, -1.000000000000000000 ) ) ;
#2957 = DIRECTION ( 'NONE',  ( 0.7071067811865454600, -0.7071067811865496800, 0.0000000000000000000 ) ) ;
#2958 = CARTESIAN_POINT ( 'NONE',  ( 33.38944443027281000, 5.696342007354049400, 44.00000000000000000 ) ) ;
#2959 = CARTESIAN_POINT ( 'NONE',  ( -6.100000000000001400, 16.99999999999999600, 44.00000000000000000 ) ) ;
#2960 = CARTESIAN_POINT ( 'NONE',  ( -22.50000000000000000, 18.00000000000000000, 45.00000000000000000 ) ) ;
#2961 = DIRECTION ( 'NONE',  ( -0.0000000000000000000, 1.000000000000000000, -0.0000000000000000000 ) ) ;
#2962 = DIRECTION ( 'NONE',  ( -0.7071067811865456900, -0.7071067811865493500, 0.0000000000000000000 ) ) ;
#2963 = CARTESIAN_POINT ( 'NONE',  ( 39.44407403953538000, -7.146512701299345200, -11.30223627053183400 ) ) ;
#2964 = CARTESIAN_POINT ( 'NONE',  ( 16.00000000000000400, 18.00000000000000000, 22.49999999999999600 ) ) ;
#2965 = DIRECTION ( 'NONE',  ( -0.7071067811865491300, -0.7071067811865459100, 0.0000000000000000000 ) ) ;
#2966 = DIRECTION ( 'NONE',  ( 0.0000000000000000000, 1.000000000000000000, 0.0000000000000000000 ) ) ;
#2967 = DIRECTION ( 'NONE',  ( 0.0000000000000000000, 0.0000000000000000000, 1.000000000000000000 ) ) ;
#2968 = DIRECTION ( 'NONE',  ( 0.0000000000000000000, -0.0000000000000000000, -1.000000000000000000 ) ) ;
#2969 = DIRECTION ( 'NONE',  ( 1.000000000000000000, 0.0000000000000000000, 0.0000000000000000000 ) ) ;
#2970 = DIRECTION ( 'NONE',  ( 0.0000000000000000000, 0.0000000000000000000, 1.000000000000000000 ) ) ;
#2971 = DIRECTION ( 'NONE',  ( 1.000000000000000000, 0.0000000000000000000, 0.0000000000000000000 ) ) ;
#2972 = DIRECTION ( 'NONE',  ( -0.0000000000000000000, 0.0000000000000000000, 1.000000000000000000 ) ) ;
#2973 = CARTESIAN_POINT ( 'NONE',  ( 7.262539308564820200, 8.000000000000000000, 44.00000000000000000 ) ) ;
#2974 = PLANE ( 'NONE',  #2029 ) ;
#2975 = DIRECTION ( 'NONE',  ( 0.0000000000000000000, -1.000000000000000000, 0.0000000000000000000 ) ) ;
#2976 = CARTESIAN_POINT ( 'NONE',  ( 38.26848122046002500, -5.263813101037410300, -11.30223627053183400 ) ) ;
#2977 = DIRECTION ( 'NONE',  ( 1.000000000000000000, 0.0000000000000000000, 0.0000000000000000000 ) ) ;
#2978 = DIRECTION ( 'NONE',  ( -0.0000000000000000000, -0.0000000000000000000, 1.000000000000000000 ) ) ;
#2979 = CARTESIAN_POINT ( 'NONE',  ( 5.100000000000000500, 12.70000000000000300, 16.99999999999999600 ) ) ;
#2980 = DIRECTION ( 'NONE',  ( 0.0000000000000000000, 1.000000000000000000, 0.0000000000000000000 ) ) ;
#2981 = CARTESIAN_POINT ( 'NONE',  ( 26.20344397111179500, 0.1544204051572390900, -11.30223627053183400 ) ) ;
#2982 = DIRECTION ( 'NONE',  ( -0.7071067811865493500, 0.7071067811865456900, 0.0000000000000000000 ) ) ;
#2983 = PLANE ( 'NONE',  #2022 ) ;
#2984 = DIRECTION ( 'NONE',  ( 1.000000000000000000, 0.0000000000000000000, 0.0000000000000000000 ) ) ;
#2985 = DIRECTION ( 'NONE',  ( -1.000000000000000000, 0.0000000000000000000, 0.0000000000000000000 ) ) ;
#2986 = DIRECTION ( 'NONE',  ( -0.7071067811865496800, -0.7071067811865454600, 0.0000000000000000000 ) ) ;
#2987 = CARTESIAN_POINT ( 'NONE',  ( -15.99999999999999600, 18.00000000000000000, 22.50000000000000000 ) ) ;
#2988 = CARTESIAN_POINT ( 'NONE',  ( -30.34888527117068000, 1.948676067065360000, -11.30223627053183400 ) ) ;
#2989 = PLANE ( 'NONE',  #2017 ) ;
#2990 = CARTESIAN_POINT ( 'NONE',  ( 22.08578643762691100, 16.99999999999999600, 44.00000000000000000 ) ) ;
#2991 = CARTESIAN_POINT ( 'NONE',  ( 51.50000000000000000, -15.24264068711941900, 45.00000000000000000 ) ) ;
#2992 = DIRECTION ( 'NONE',  ( -0.0000000000000000000, 1.000000000000000000, -0.0000000000000000000 ) ) ;
#2993 = DIRECTION ( 'NONE',  ( 0.0000000000000000000, 1.000000000000000000, 0.0000000000000000000 ) ) ;
#2994 = DIRECTION ( 'NONE',  ( 0.0000000000000000000, 1.000000000000000000, 0.0000000000000000000 ) ) ;
#2995 = PLANE ( 'NONE',  #2012 ) ;
#2996 = DIRECTION ( 'NONE',  ( 1.000000000000000000, 0.0000000000000000000, 0.0000000000000000000 ) ) ;
#2997 = DIRECTION ( 'NONE',  ( 1.000000000000000000, 0.0000000000000000000, 0.0000000000000000000 ) ) ;
#2998 = DIRECTION ( 'NONE',  ( -0.0000000000000000000, 0.0000000000000000000, 1.000000000000000000 ) ) ;
#2999 = CARTESIAN_POINT ( 'NONE',  ( 16.00000000000000400, 18.00000000000000000, 22.49999999999999600 ) ) ;
#3000 = DIRECTION ( 'NONE',  ( -0.0000000000000000000, 1.000000000000000000, -0.0000000000000000000 ) ) ;
#3001 = DIRECTION ( 'NONE',  ( 0.0000000000000000000, 0.0000000000000000000, 1.000000000000000000 ) ) ;
#3002 = CARTESIAN_POINT ( 'NONE',  ( 6.100000000000001400, 16.99999999999999600, 44.00000000000000000 ) ) ;
#3003 = PLANE ( 'NONE',  #2073 ) ;
#3004 = DIRECTION ( 'NONE',  ( 0.0000000000000000000, -0.0000000000000000000, 1.000000000000000000 ) ) ;
#3005 = DIRECTION ( 'NONE',  ( -0.0000000000000000000, 0.0000000000000000000, 1.000000000000000000 ) ) ;
#3006 = CARTESIAN_POINT ( 'NONE',  ( -54.50000000000000000, -14.00000000000013300, 45.00000000000000000 ) ) ;
#3007 = DIRECTION ( 'NONE',  ( -0.0000000000000000000, 1.000000000000000000, -0.0000000000000000000 ) ) ;
#3008 = DIRECTION ( 'NONE',  ( 0.0000000000000000000, 0.0000000000000000000, 1.000000000000000000 ) ) ;
#3009 = CARTESIAN_POINT ( 'NONE',  ( -38.62203461105328700, -5.617366491630684200, -11.30223627053183400 ) ) ;
#3010 = DIRECTION ( 'NONE',  ( -0.0000000000000000000, 0.0000000000000000000, 1.000000000000000000 ) ) ;
#3011 = CARTESIAN_POINT ( 'NONE',  ( 54.50000000000000000, -14.00000000000013300, 45.00000000000000000 ) ) ;
#3012 = DIRECTION ( 'NONE',  ( 1.000000000000000000, -0.0000000000000000000, 0.0000000000000000000 ) ) ;
#3013 = DIRECTION ( 'NONE',  ( 1.000000000000000000, 0.0000000000000000000, 0.0000000000000000000 ) ) ;
#3014 = DIRECTION ( 'NONE',  ( 0.0000000000000000000, 1.000000000000000000, 0.0000000000000000000 ) ) ;
#3015 = CARTESIAN_POINT ( 'NONE',  ( 16.00000000000000400, 18.00000000000000000, 22.49999999999999600 ) ) ;
#3016 = DIRECTION ( 'NONE',  ( -0.0000000000000000000, 1.000000000000000000, -0.0000000000000000000 ) ) ;
#3017 = CARTESIAN_POINT ( 'NONE',  ( -26.20344397111179500, 0.1544204051572390900, -11.30223627053183400 ) ) ;
#3018 = DIRECTION ( 'NONE',  ( -0.0000000000000000000, -0.0000000000000000000, 1.000000000000000000 ) ) ;
#3019 = DIRECTION ( 'NONE',  ( 1.000000000000000000, 0.0000000000000000000, 0.0000000000000000000 ) ) ;
#3020 = CARTESIAN_POINT ( 'NONE',  ( 22.50000000000000000, 18.00000000000000000, 45.00000000000000000 ) ) ;
#3021 = DIRECTION ( 'NONE',  ( 0.0000000000000000000, 0.0000000000000000000, 1.000000000000000000 ) ) ;
#3022 = DIRECTION ( 'NONE',  ( 1.000000000000000000, 0.0000000000000000000, 0.0000000000000000000 ) ) ;
#3023 = DIRECTION ( 'NONE',  ( 0.0000000000000000000, 0.0000000000000000000, 1.000000000000000000 ) ) ;
#3024 = DIRECTION ( 'NONE',  ( 1.000000000000000000, 0.0000000000000000000, -0.0000000000000000000 ) ) ;
#3025 = DIRECTION ( 'NONE',  ( 1.000000000000000000, 0.0000000000000000000, 0.0000000000000000000 ) ) ;
#3026 = DIRECTION ( 'NONE',  ( -0.7071067811865490200, -0.7071067811865461300, 0.0000000000000000000 ) ) ;
#3027 = PLANE ( 'NONE',  #2048 ) ;
#3028 = DIRECTION ( 'NONE',  ( 0.0000000000000000000, 0.0000000000000000000, -1.000000000000000000 ) ) ;
#3029 = PLANE ( 'NONE',  #2024 ) ;
#3030 = PLANE ( 'NONE',  #2010 ) ;
#3031 = CARTESIAN_POINT ( 'NONE',  ( 0.0000000000000000000, 0.0000000000000000000, 0.0000000000000000000 ) ) ;
#3032 = DIRECTION ( 'NONE',  ( 1.000000000000000000, 0.0000000000000000000, 0.0000000000000000000 ) ) ;
#3033 = PLANE ( 'NONE',  #2014 ) ;
#3034 = CARTESIAN_POINT ( 'NONE',  ( 0.0000000000000000000, 0.0000000000000000000, 45.00000000000000000 ) ) ;
#3035 = DIRECTION ( 'NONE',  ( 1.000000000000000000, 0.0000000000000000000, -0.0000000000000000000 ) ) ;
#3036 = DIRECTION ( 'NONE',  ( -0.0000000000000000000, -0.0000000000000000000, 1.000000000000000000 ) ) ;
#3037 = DIRECTION ( 'NONE',  ( 1.000000000000000000, 0.0000000000000000000, 0.0000000000000000000 ) ) ;
#3038 = DIRECTION ( 'NONE',  ( -0.0000000000000000000, 0.0000000000000000000, 1.000000000000000000 ) ) ;
#3039 = DIRECTION ( 'NONE',  ( 1.000000000000000000, 0.0000000000000000000, 0.0000000000000000000 ) ) ;
#3040 = CARTESIAN_POINT ( 'NONE',  ( -7.262539308564816700, 7.999999999999998200, 16.99999999999999600 ) ) ;
#3041 = PLANE ( 'NONE',  #2026 ) ;
#3042 = DIRECTION ( 'NONE',  ( 0.7071067811865460200, -0.7071067811865489100, 0.0000000000000000000 ) ) ;
#3043 = CARTESIAN_POINT ( 'NONE',  ( 36.47422555855187900, -10.11636118228284600, 44.00000000000000000 ) ) ;
#3044 = DIRECTION ( 'NONE',  ( -0.0000000000000000000, 0.0000000000000000000, -1.000000000000000000 ) ) ;
#3045 = CARTESIAN_POINT ( 'NONE',  ( -7.262539308564816700, 7.999999999999998200, 16.99999999999999600 ) ) ;
#3046 = CARTESIAN_POINT ( 'NONE',  ( -15.99999999999999600, 18.00000000000000000, 22.50000000000000000 ) ) ;
#3047 = DIRECTION ( 'NONE',  ( 0.0000000000000000000, 0.0000000000000000000, 1.000000000000000000 ) ) ;
#3048 = CARTESIAN_POINT ( 'NONE',  ( -42.01614716074866600, -2.930360723121849800, 45.00000000000000000 ) ) ;
#3049 = DIRECTION ( 'NONE',  ( -0.0000000000000000000, -0.0000000000000000000, 1.000000000000000000 ) ) ;
#3050 = PLANE ( 'NONE',  #2070 ) ;
#3051 = DIRECTION ( 'NONE',  ( -1.000000000000000000, 0.0000000000000000000, 0.0000000000000000000 ) ) ;
#3052 = CARTESIAN_POINT ( 'NONE',  ( -54.50000000000000000, -18.00000000000000000, 45.00000000000000000 ) ) ;
#3053 = DIRECTION ( 'NONE',  ( 0.0000000000000000000, -1.000000000000000000, 0.0000000000000000000 ) ) ;
#3054 = DIRECTION ( 'NONE',  ( -0.0000000000000000000, 1.000000000000000000, 0.0000000000000000000 ) ) ;
#3055 = CARTESIAN_POINT ( 'NONE',  ( 36.47422555855187900, -10.11636118228284600, -11.30223627053183400 ) ) ;
#3056 = PLANE ( 'NONE',  #2049 ) ;
#3057 = DIRECTION ( 'NONE',  ( 0.0000000000000000000, 0.0000000000000000000, 1.000000000000000000 ) ) ;
#3058 = CARTESIAN_POINT ( 'NONE',  ( -42.01614716074866600, -2.930360723121848900, -11.30223627053183400 ) ) ;
#3059 = CARTESIAN_POINT ( 'NONE',  ( -26.20344397111179500, 0.1544204051572390900, 44.00000000000000000 ) ) ;
#3060 = DIRECTION ( 'NONE',  ( 0.0000000000000000000, 1.000000000000000000, 0.0000000000000000000 ) ) ;
#3061 = DIRECTION ( 'NONE',  ( 1.000000000000000000, 0.0000000000000000000, 0.0000000000000000000 ) ) ;
#3062 = DIRECTION ( 'NONE',  ( 0.0000000000000000000, 0.0000000000000000000, 1.000000000000000000 ) ) ;
#3063 = CARTESIAN_POINT ( 'NONE',  ( 33.38944443027281000, 5.696342007354049400, 44.00000000000000000 ) ) ;
#3064 = CARTESIAN_POINT ( 'NONE',  ( -15.99999999999999600, 18.00000000000000000, 22.50000000000000000 ) ) ;
#3065 = CARTESIAN_POINT ( 'NONE',  ( -7.262539308564816700, 12.20000000000000100, 16.99999999999999600 ) ) ;
#3066 = DIRECTION ( 'NONE',  ( -0.0000000000000000000, 1.000000000000000000, -0.0000000000000000000 ) ) ;
#3067 = DIRECTION ( 'NONE',  ( -0.0000000000000000000, -0.0000000000000000000, 1.000000000000000000 ) ) ;
#3068 = DIRECTION ( 'NONE',  ( -0.0000000000000000000, 0.0000000000000000000, 1.000000000000000000 ) ) ;
#3069 = PLANE ( 'NONE',  #2043 ) ;
#3070 = PLANE ( 'NONE',  #2057 ) ;
#3071 = CARTESIAN_POINT ( 'NONE',  ( -7.262539308564816700, 7.999999999999998200, 16.99999999999999600 ) ) ;
#3072 = DIRECTION ( 'NONE',  ( 1.000000000000000000, 0.0000000000000000000, 0.0000000000000000000 ) ) ;
#3073 = DIRECTION ( 'NONE',  ( 1.000000000000000000, 0.0000000000000000000, 0.0000000000000000000 ) ) ;
#3074 = DIRECTION ( 'NONE',  ( 1.000000000000000000, 0.0000000000000000000, 0.0000000000000000000 ) ) ;
#3075 = CARTESIAN_POINT ( 'NONE',  ( -53.50000000000000000, -16.99999999999999600, 45.00000000000000000 ) ) ;
#3076 = DIRECTION ( 'NONE',  ( -0.0000000000000000000, -0.0000000000000000000, 1.000000000000000000 ) ) ;
#3077 = DIRECTION ( 'NONE',  ( -0.0000000000000000000, -0.0000000000000000000, 1.000000000000000000 ) ) ;
#3078 = DIRECTION ( 'NONE',  ( 0.0000000000000000000, 0.0000000000000000000, 1.000000000000000000 ) ) ;
#3079 = CARTESIAN_POINT ( 'NONE',  ( -30.70243866176396000, 2.302229457658656400, -11.30223627053183400 ) ) ;
#3080 = DIRECTION ( 'NONE',  ( 0.0000000000000000000, 0.0000000000000000000, -1.000000000000000000 ) ) ;
#3081 = DIRECTION ( 'NONE',  ( 1.000000000000000000, 0.0000000000000000000, -0.0000000000000000000 ) ) ;
#3082 = DIRECTION ( 'NONE',  ( 1.000000000000000000, 0.0000000000000000000, 0.0000000000000000000 ) ) ;
#3083 = DIRECTION ( 'NONE',  ( -1.000000000000000000, 0.0000000000000000000, 0.0000000000000000000 ) ) ;
#3084 = DIRECTION ( 'NONE',  ( 0.0000000000000000000, -0.0000000000000000000, 1.000000000000000000 ) ) ;
#3085 = CARTESIAN_POINT ( 'NONE',  ( -33.38944443027281000, 5.696342007354045800, 45.00000000000000000 ) ) ;
#3086 = DIRECTION ( 'NONE',  ( -1.000000000000000000, 0.0000000000000000000, 0.0000000000000000000 ) ) ;
#3087 = DIRECTION ( 'NONE',  ( 0.7071067811865490200, -0.7071067811865461300, 0.0000000000000000000 ) ) ;
#3088 = DIRECTION ( 'NONE',  ( -0.7071067811865456900, 0.7071067811865493500, -0.0000000000000000000 ) ) ;
#3089 = CARTESIAN_POINT ( 'NONE',  ( 36.47422555855187900, -10.11636118228284600, 44.00000000000000000 ) ) ;
#3090 = PLANE ( 'NONE',  #2035 ) ;
#3091 = DIRECTION ( 'NONE',  ( 0.0000000000000000000, 0.0000000000000000000, 1.000000000000000000 ) ) ;
#3092 = DIRECTION ( 'NONE',  ( 0.7071067811865460200, 0.7071067811865489100, 0.0000000000000000000 ) ) ;
#3093 = CARTESIAN_POINT ( 'NONE',  ( 7.262539308564820200, 8.000000000000000000, 16.99999999999999600 ) ) ;
#3094 = DIRECTION ( 'NONE',  ( -0.0000000000000000000, -0.0000000000000000000, 1.000000000000000000 ) ) ;
#3095 = CARTESIAN_POINT ( 'NONE',  ( 19.30000000000000400, 10.19999999999999900, 22.49999999999999600 ) ) ;
#3096 = DIRECTION ( 'NONE',  ( 1.000000000000000000, 0.0000000000000000000, 0.0000000000000000000 ) ) ;
#3097 = DIRECTION ( 'NONE',  ( 1.000000000000000000, 0.0000000000000000000, 0.0000000000000000000 ) ) ;
#3098 = DIRECTION ( 'NONE',  ( 1.000000000000000000, 0.0000000000000000000, 0.0000000000000000000 ) ) ;
#3099 = CARTESIAN_POINT ( 'NONE',  ( -6.100000000000001400, 16.99999999999999600, 45.00000000000000000 ) ) ;
#3100 = CARTESIAN_POINT ( 'NONE',  ( -54.50000000000000000, -14.00000000000013300, 45.00000000000000000 ) ) ;
#3101 = CARTESIAN_POINT ( 'NONE',  ( -5.599999999999998800, 12.70000000000000100, 16.99999999999999600 ) ) ;
#3102 = DIRECTION ( 'NONE',  ( 0.0000000000000000000, 0.0000000000000000000, -1.000000000000000000 ) ) ;
#3103 = DIRECTION ( 'NONE',  ( 0.0000000000000000000, -0.0000000000000000000, 1.000000000000000000 ) ) ;
#3104 = DIRECTION ( 'NONE',  ( 0.7071067811865476800, 0.7071067811865474600, 0.0000000000000000000 ) ) ;
#3105 = DIRECTION ( 'NONE',  ( -0.7071067811865480200, 0.7071067811865470200, 0.0000000000000000000 ) ) ;
#3106 = DIRECTION ( 'NONE',  ( 1.000000000000000000, 1.194295412577679700E-016, 0.0000000000000000000 ) ) ;
#3107 = CARTESIAN_POINT ( 'NONE',  ( 16.00000000000000400, 18.00000000000000000, 22.49999999999999600 ) ) ;
#3108 = DIRECTION ( 'NONE',  ( 1.194295412577679700E-016, -1.000000000000000000, 0.0000000000000000000 ) ) ;
#3109 = CARTESIAN_POINT ( 'NONE',  ( -38.26848122046002500, -5.263813101037410300, -11.30223627053183400 ) ) ;
#3110 = DIRECTION ( 'NONE',  ( -0.7071067811865493500, -0.7071067811865456900, 0.0000000000000000000 ) ) ;
#3111 = PLANE ( 'NONE',  #2075 ) ;
#3112 = DIRECTION ( 'NONE',  ( -0.0000000000000000000, 1.000000000000000000, -0.0000000000000000000 ) ) ;
#3113 = CARTESIAN_POINT ( 'NONE',  ( 22.08578643762691100, 16.99999999999999600, 45.00000000000000000 ) ) ;
#3114 = DIRECTION ( 'NONE',  ( 0.0000000000000000000, 0.0000000000000000000, -1.000000000000000000 ) ) ;
#3115 = DIRECTION ( 'NONE',  ( 0.0000000000000000000, 0.0000000000000000000, -1.000000000000000000 ) ) ;
#3116 = DIRECTION ( 'NONE',  ( -1.000000000000000000, 0.0000000000000000000, 0.0000000000000000000 ) ) ;
#3117 = DIRECTION ( 'NONE',  ( 2.753529326947313900E-016, -1.000000000000000000, 0.0000000000000000000 ) ) ;
#3118 = DIRECTION ( 'NONE',  ( -1.000000000000000000, 0.0000000000000000000, 0.0000000000000000000 ) ) ;
#3119 = DIRECTION ( 'NONE',  ( 0.0000000000000000000, 0.0000000000000000000, 1.000000000000000000 ) ) ;
#3120 = DIRECTION ( 'NONE',  ( -0.0000000000000000000, 0.0000000000000000000, 1.000000000000000000 ) ) ;
#3121 = CARTESIAN_POINT ( 'NONE',  ( 53.50000000000000000, -16.99999999999999600, 45.00000000000000000 ) ) ;
#3122 = CARTESIAN_POINT ( 'NONE',  ( 33.50437707756837800, -13.08620966326634700, -11.30223627053183400 ) ) ;
#3123 = CARTESIAN_POINT ( 'NONE',  ( 7.262539308564820200, 8.000000000000000000, 16.99999999999999600 ) ) ;
#3124 = DIRECTION ( 'NONE',  ( 0.7071067811865456900, -0.7071067811865493500, 0.0000000000000000000 ) ) ;
#3125 = CARTESIAN_POINT ( 'NONE',  ( -33.50437707756837800, -13.08620966326634700, -11.30223627053183400 ) ) ;
#3126 = DIRECTION ( 'NONE',  ( 1.000000000000000000, 0.0000000000000000000, 0.0000000000000000000 ) ) ;
#3127 = PLANE ( 'NONE',  #2065 ) ;
#3128 = PLANE ( 'NONE',  #2063 ) ;
#3129 = CARTESIAN_POINT ( 'NONE',  ( -7.262539308564816700, 3.799999999999996300, 16.99999999999999600 ) ) ;
#3130 = DIRECTION ( 'NONE',  ( 0.7071067811865470200, 0.7071067811865480200, 0.0000000000000000000 ) ) ;
#3131 = PLANE ( 'NONE',  #2052 ) ;
#3132 = DIRECTION ( 'NONE',  ( -0.7071067811865474600, 0.7071067811865476800, 0.0000000000000000000 ) ) ;
#3133 = DIRECTION ( 'NONE',  ( 0.7071067811865476800, -0.7071067811865474600, 0.0000000000000000000 ) ) ;
#3134 = DIRECTION ( 'NONE',  ( 0.0000000000000000000, -0.0000000000000000000, -1.000000000000000000 ) ) ;
#3135 = DIRECTION ( 'NONE',  ( -1.000000000000000000, 0.0000000000000000000, 0.0000000000000000000 ) ) ;
#3136 = PLANE ( 'NONE',  #2062 ) ;
#3137 = CARTESIAN_POINT ( 'NONE',  ( -39.44407403953538000, -7.146512701299345200, -11.30223627053183400 ) ) ;
#3138 = DIRECTION ( 'NONE',  ( -0.7071067811865496800, 0.7071067811865454600, 0.0000000000000000000 ) ) ;
#3139 = DIRECTION ( 'NONE',  ( -0.7071067811865454600, -0.7071067811865496800, 0.0000000000000000000 ) ) ;
#3140 = CARTESIAN_POINT ( 'NONE',  ( -31.05599205235722900, 1.948676067065381300, -11.30223627053183400 ) ) ;
#3141 = DIRECTION ( 'NONE',  ( 0.7071067811865474600, 0.7071067811865476800, 0.0000000000000000000 ) ) ;
#3142 = CARTESIAN_POINT ( 'NONE',  ( -5.099999999999998800, 12.70000000000000100, 16.99999999999999600 ) ) ;
#3143 = DIRECTION ( 'NONE',  ( -1.000000000000000000, -2.753529326947313900E-016, 0.0000000000000000000 ) ) ;
#3144 = DIRECTION ( 'NONE',  ( -0.0000000000000000000, -0.0000000000000000000, 1.000000000000000000 ) ) ;
#3145 = PLANE ( 'NONE',  #2039 ) ;
#3146 = CARTESIAN_POINT ( 'NONE',  ( -51.50000000000000000, -15.24264068711941500, 45.00000000000000000 ) ) ;
#3147 = DIRECTION ( 'NONE',  ( 0.0000000000000000000, 0.0000000000000000000, -1.000000000000000000 ) ) ;
#3148 = PLANE ( 'NONE',  #2036 ) ;
#3149 = CARTESIAN_POINT ( 'NONE',  ( 5.600000000000000500, 12.20000000000000300, 16.99999999999999600 ) ) ;
#3150 = DIRECTION ( 'NONE',  ( -0.0000000000000000000, 1.000000000000000000, 0.0000000000000000000 ) ) ;
#3151 = DIRECTION ( 'NONE',  ( 1.000000000000000000, 0.0000000000000000000, 0.0000000000000000000 ) ) ;
#3152 = PLANE ( 'NONE',  #2033 ) ;
#3153 = DIRECTION ( 'NONE',  ( 0.0000000000000000000, 0.0000000000000000000, -1.000000000000000000 ) ) ;
#3154 = CARTESIAN_POINT ( 'NONE',  ( 30.70243866176396000, 2.302229457658656400, -11.30223627053183400 ) ) ;
#3155 = DIRECTION ( 'NONE',  ( 1.000000000000000000, 0.0000000000000000000, 0.0000000000000000000 ) ) ;
#3156 = DIRECTION ( 'NONE',  ( 0.0000000000000000000, -1.000000000000000000, 0.0000000000000000000 ) ) ;
#3157 = DIRECTION ( 'NONE',  ( 0.0000000000000000000, -0.0000000000000000000, -1.000000000000000000 ) ) ;
#3158 = DIRECTION ( 'NONE',  ( 0.0000000000000000000, 0.0000000000000000000, -1.000000000000000000 ) ) ;
#3159 = DIRECTION ( 'NONE',  ( -1.000000000000000000, 0.0000000000000000000, 0.0000000000000000000 ) ) ;
#3160 = DIRECTION ( 'NONE',  ( 1.000000000000000000, 0.0000000000000000000, -0.0000000000000000000 ) ) ;
#3161 = CARTESIAN_POINT ( 'NONE',  ( 38.62203461105328700, -5.617366491630684200, -11.30223627053183400 ) ) ;
#3162 = DIRECTION ( 'NONE',  ( 0.7071067811865480200, 0.7071067811865470200, 0.0000000000000000000 ) ) ;
#3163 = CARTESIAN_POINT ( 'NONE',  ( -7.262539308564816700, 7.999999999999998200, 16.99999999999999600 ) ) ;
#3164 = CARTESIAN_POINT ( 'NONE',  ( 42.01614716074866600, -2.930360723121847100, 45.00000000000000000 ) ) ;
#3165 = PLANE ( 'NONE',  #2081 ) ;
#3166 = DIRECTION ( 'NONE',  ( 0.7071067811865470200, -0.7071067811865480200, 0.0000000000000000000 ) ) ;
#3167 = DIRECTION ( 'NONE',  ( -0.0000000000000000000, -0.0000000000000000000, 1.000000000000000000 ) ) ;
#3168 = CARTESIAN_POINT ( 'NONE',  ( -15.99999999999999600, 18.00000000000000000, 22.50000000000000000 ) ) ;
#3169 = DIRECTION ( 'NONE',  ( 0.0000000000000000000, 0.0000000000000000000, 1.000000000000000000 ) ) ;
#3170 = DIRECTION ( 'NONE',  ( 0.0000000000000000000, 0.0000000000000000000, 1.000000000000000000 ) ) ;
#3171 = DIRECTION ( 'NONE',  ( -0.0000000000000000000, -0.0000000000000000000, 1.000000000000000000 ) ) ;
#3172 = DIRECTION ( 'NONE',  ( 0.0000000000000000000, 0.0000000000000000000, 1.000000000000000000 ) ) ;
#3173 = DIRECTION ( 'NONE',  ( 1.000000000000000000, 0.0000000000000000000, 0.0000000000000000000 ) ) ;
#3174 = DIRECTION ( 'NONE',  ( 0.7071067811865491300, -0.7071067811865459100, 0.0000000000000000000 ) ) ;
#3175 = CARTESIAN_POINT ( 'NONE',  ( -38.62203461105328700, -5.617366491630684200, -11.30223627053183400 ) ) ;
#3176 = DIRECTION ( 'NONE',  ( -0.0000000000000000000, -0.0000000000000000000, 1.000000000000000000 ) ) ;
#3177 = PLANE ( 'NONE',  #2044 ) ;
#3178 = CARTESIAN_POINT ( 'NONE',  ( 31.05599205235722900, 1.948676067065381300, -11.30223627053183400 ) ) ;
#3179 = DIRECTION ( 'NONE',  ( -0.7071067811865459100, -0.7071067811865491300, 0.0000000000000000000 ) ) ;
#3180 = DIRECTION ( 'NONE',  ( -1.000000000000000000, 0.0000000000000000000, 0.0000000000000000000 ) ) ;
#3181 = DIRECTION ( 'NONE',  ( 1.000000000000000000, 0.0000000000000000000, 0.0000000000000000000 ) ) ;
#3182 = CARTESIAN_POINT ( 'NONE',  ( 36.47422555855187900, -10.11636118228284600, -11.30223627053183400 ) ) ;
#3183 = DIRECTION ( 'NONE',  ( -0.0000000000000000000, -0.0000000000000000000, 1.000000000000000000 ) ) ;
#3184 = CARTESIAN_POINT ( 'NONE',  ( 33.38944443027281000, 5.696342007354049400, -11.30223627053183400 ) ) ;
#3185 = DIRECTION ( 'NONE',  ( 1.000000000000000000, 0.0000000000000000000, 0.0000000000000000000 ) ) ;
#3186 = CARTESIAN_POINT ( 'NONE',  ( -36.47422555855187900, -10.11636118228284600, -11.30223627053183400 ) ) ;
#3187 = DIRECTION ( 'NONE',  ( -0.0000000000000000000, -0.0000000000000000000, 1.000000000000000000 ) ) ;
#3188 = DIRECTION ( 'NONE',  ( 1.000000000000000000, 0.0000000000000000000, 0.0000000000000000000 ) ) ;
#3189 = DIRECTION ( 'NONE',  ( 1.000000000000000000, 0.0000000000000000000, 0.0000000000000000000 ) ) ;
#3190 = DIRECTION ( 'NONE',  ( -0.0000000000000000000, -0.0000000000000000000, 1.000000000000000000 ) ) ;
#3191 = DIRECTION ( 'NONE',  ( 1.000000000000000000, 0.0000000000000000000, 0.0000000000000000000 ) ) ;
#3192 = DIRECTION ( 'NONE',  ( 1.000000000000000000, 0.0000000000000000000, 0.0000000000000000000 ) ) ;
#3193 = PLANE ( 'NONE',  #2105 ) ;
#3194 = CARTESIAN_POINT ( 'NONE',  ( -12.69999999999999400, 10.19999999999999900, 22.50000000000000000 ) ) ;
#3195 = CARTESIAN_POINT ( 'NONE',  ( 5.600000000000000500, 12.70000000000000300, 16.99999999999999600 ) ) ;
#3196 = DIRECTION ( 'NONE',  ( -0.0000000000000000000, -0.0000000000000000000, 1.000000000000000000 ) ) ;
#3197 = CARTESIAN_POINT ( 'NONE',  ( 6.100000000000001400, 16.99999999999999600, 45.00000000000000000 ) ) ;
#3198 = DIRECTION ( 'NONE',  ( -0.0000000000000000000, 1.000000000000000000, -0.0000000000000000000 ) ) ;
#3199 = CARTESIAN_POINT ( 'NONE',  ( -26.20344397111179500, 0.1544204051572390900, -11.30223627053183400 ) ) ;
#3200 = PLANE ( 'NONE',  #2058 ) ;
#3201 = CARTESIAN_POINT ( 'NONE',  ( 30.34888527117068000, 1.948676067065360000, -11.30223627053183400 ) ) ;
#3202 = CARTESIAN_POINT ( 'NONE',  ( -10.74133243894480900, 10.35444324732485600, 20.88088074913077100 ) ) ;
#3203 = CARTESIAN_POINT ( 'NONE',  ( 7.262539308564820200, 8.000000000000000000, 16.99999999999999600 ) ) ;
#3204 = CARTESIAN_POINT ( 'NONE',  ( -10.53857771582085700, 10.62833868320219600, 23.17137532272921500 ) ) ;
#3205 = DIRECTION ( 'NONE',  ( 1.000000000000000000, 0.0000000000000000000, 0.0000000000000000000 ) ) ;
#3206 = DIRECTION ( 'NONE',  ( 0.0000000000000000000, 0.0000000000000000000, 1.000000000000000000 ) ) ;
#3207 = CARTESIAN_POINT ( 'NONE',  ( -10.49991905267924400, 10.67570035856055300, 22.33395346957223300 ) ) ;
#3208 = CARTESIAN_POINT ( 'NONE',  ( -10.65145121528535400, 10.48292469987423600, 23.82344681173940200 ) ) ;
#3209 = DIRECTION ( 'NONE',  ( 0.0000000000000000000, -0.0000000000000000000, -1.000000000000000000 ) ) ;
#3210 = CARTESIAN_POINT ( 'NONE',  ( -10.62005411942208100, 10.52377457232723400, 21.34548711198309700 ) ) ;
#3211 = DIRECTION ( 'NONE',  ( -0.7071067811865456900, 0.7071067811865493500, 0.0000000000000000000 ) ) ;
#3212 = CARTESIAN_POINT ( 'NONE',  ( -10.73745604182408400, 10.36716361329510900, 24.12596327419694500 ) ) ;
#3213 = DIRECTION ( 'NONE',  ( -1.000000000000000000, 0.0000000000000000000, 0.0000000000000000000 ) ) ;
#3214 = CARTESIAN_POINT ( 'NONE',  ( -10.50790950710210600, 10.66611405492709400, 22.83885130650307700 ) ) ;
#3215 = CARTESIAN_POINT ( 'NONE',  ( -30.70243866176395300, 2.302229457658648400, 44.00000000000000000 ) ) ;
#3216 = CARTESIAN_POINT ( 'NONE',  ( -26.20344397111179500, 0.1544204051572390900, 16.99999999999999600 ) ) ;
#3217 = DIRECTION ( 'NONE',  ( -0.0000000000000000000, -0.0000000000000000000, -1.000000000000000000 ) ) ;
#3218 = CARTESIAN_POINT ( 'NONE',  ( -38.26848122046002500, -5.263813101037409400, 44.00000000000000000 ) ) ;
#3219 = CARTESIAN_POINT ( 'NONE',  ( -10.50008223372843300, 10.67550291050607400, 22.67136639576727600 ) ) ;
#3220 = CARTESIAN_POINT ( 'NONE',  ( -10.84024807256448500, 10.19999999999999900, 24.40445794055040100 ) ) ;
#3221 = CARTESIAN_POINT ( 'NONE',  ( -7.262539308564816700, 3.799999999999996300, 16.99999999999999600 ) ) ;
#3222 = CARTESIAN_POINT ( 'NONE',  ( -10.53832523319504600, 10.62865255491219500, 21.83064715494726500 ) ) ;
#3223 = DIRECTION ( 'NONE',  ( -0.0000000000000000000, -0.0000000000000000000, 1.000000000000000000 ) ) ;
#3224 = CARTESIAN_POINT ( 'NONE',  ( -30.70243866176396000, 2.302229457658656400, 16.99999999999999600 ) ) ;
#3225 = CARTESIAN_POINT ( 'NONE',  ( -10.56098740166029700, 10.60049687063957400, 21.66701762224736800 ) ) ;
#3226 = CARTESIAN_POINT ( 'NONE',  ( -30.34888527117069000, 1.948676067065368000, -11.30223627053183400 ) ) ;
#3227 = CARTESIAN_POINT ( 'NONE',  ( 38.26848122046001800, -5.263813101037403200, -11.30223627053183400 ) ) ;
#3228 = DIRECTION ( 'NONE',  ( -0.0000000000000000000, -0.0000000000000000000, 1.000000000000000000 ) ) ;
#3229 = CARTESIAN_POINT ( 'NONE',  ( -38.26848122046002500, -5.263813101037410300, 16.99999999999999600 ) ) ;
#3230 = CARTESIAN_POINT ( 'NONE',  ( -10.84024807256448500, 10.19999999999999900, 20.59554205944959900 ) ) ;
#3231 = DIRECTION ( 'NONE',  ( 0.0000000000000000000, 0.0000000000000000000, 1.000000000000000000 ) ) ;
#3232 = DIRECTION ( 'NONE',  ( 1.000000000000000000, 0.0000000000000000000, 0.0000000000000000000 ) ) ;
#3233 = CARTESIAN_POINT ( 'NONE',  ( -10.50776322029353700, 10.66629132714264100, 22.16345929640866800 ) ) ;
#3234 = DIRECTION ( 'NONE',  ( 1.000000000000000000, 0.0000000000000000000, 0.0000000000000000000 ) ) ;
#3235 = DIRECTION ( 'NONE',  ( 2.753529326947313900E-016, -1.000000000000000000, -0.0000000000000000000 ) ) ;
#3236 = DIRECTION ( 'NONE',  ( -0.0000000000000000000, -0.0000000000000000000, 1.000000000000000000 ) ) ;
#3237 = CARTESIAN_POINT ( 'NONE',  ( -10.78888400203131300, 10.28352985695510000, 20.73470284441179200 ) ) ;
#3238 = CARTESIAN_POINT ( 'NONE',  ( 5.600000000000000500, 12.20000000000000300, 16.99999999999999600 ) ) ;
#3239 = DIRECTION ( 'NONE',  ( 0.7071067811865456900, -0.7071067811865493500, 0.0000000000000000000 ) ) ;
#3240 = CARTESIAN_POINT ( 'NONE',  ( -10.65680282310082400, 10.47474844029494400, 21.18646446755094500 ) ) ;
#3241 = CARTESIAN_POINT ( 'NONE',  ( -10.56166212243765700, 10.59965351598500800, 23.33761716849919300 ) ) ;
#3242 = CARTESIAN_POINT ( 'NONE',  ( -5.099999999999998800, 12.70000000000000100, 16.99999999999999600 ) ) ;
#3243 = DIRECTION ( 'NONE',  ( -0.0000000000000000000, -0.0000000000000000000, 1.000000000000000000 ) ) ;
#3244 = DIRECTION ( 'NONE',  ( -0.0000000000000000000, -0.0000000000000000000, -1.000000000000000000 ) ) ;
#3245 = CARTESIAN_POINT ( 'NONE',  ( 39.44407403953538000, -7.146512701299345200, 16.99999999999999600 ) ) ;
#3246 = CARTESIAN_POINT ( 'NONE',  ( 41.30904037956211300, -2.223253941935301900, 16.99999999999999600 ) ) ;
#3247 = DIRECTION ( 'NONE',  ( -0.0000000000000000000, -0.0000000000000000000, -1.000000000000000000 ) ) ;
#3248 = CARTESIAN_POINT ( 'NONE',  ( 5.100000000000000500, 16.99999999999999600, 44.00000000000000000 ) ) ;
#3249 = DIRECTION ( 'NONE',  ( -0.7071067811865474600, -0.7071067811865476800, 0.0000000000000000000 ) ) ;
#3250 = DIRECTION ( 'NONE',  ( -1.000000000000000000, 0.0000000000000000000, 0.0000000000000000000 ) ) ;
#3251 = CARTESIAN_POINT ( 'NONE',  ( -33.50437707756837800, -13.08620966326634700, 16.99999999999999600 ) ) ;
#3252 = CARTESIAN_POINT ( 'NONE',  ( 5.100000000000000500, 12.70000000000000300, 16.99999999999999600 ) ) ;
#3253 = DIRECTION ( 'NONE',  ( -0.0000000000000000000, -0.0000000000000000000, -1.000000000000000000 ) ) ;
#3254 = DIRECTION ( 'NONE',  ( -0.0000000000000000000, -0.0000000000000000000, 1.000000000000000000 ) ) ;
#3255 = CARTESIAN_POINT ( 'NONE',  ( 38.26848122046002500, -5.263813101037410300, 44.00000000000000000 ) ) ;
#3256 = CARTESIAN_POINT ( 'NONE',  ( -39.44407403953538000, -7.146512701299345200, -11.30223627053183400 ) ) ;
#3257 = DIRECTION ( 'NONE',  ( -0.0000000000000000000, -0.0000000000000000000, 1.000000000000000000 ) ) ;
#3258 = CARTESIAN_POINT ( 'NONE',  ( 5.600000000000000500, 12.20000000000000300, 44.00000000000000000 ) ) ;
#3259 = DIRECTION ( 'NONE',  ( 0.0000000000000000000, 0.0000000000000000000, 1.000000000000000000 ) ) ;
#3260 = CARTESIAN_POINT ( 'NONE',  ( -5.599999999999998800, 12.20000000000000100, 16.99999999999999600 ) ) ;
#3261 = DIRECTION ( 'NONE',  ( -0.0000000000000000000, -0.0000000000000000000, 1.000000000000000000 ) ) ;
#3262 = CARTESIAN_POINT ( 'NONE',  ( 5.600000000000000500, 12.70000000000000300, 16.99999999999999600 ) ) ;
#3263 = DIRECTION ( 'NONE',  ( -0.7071067811865454600, 0.7071067811865496800, 0.0000000000000000000 ) ) ;
#3264 = DIRECTION ( 'NONE',  ( 1.000000000000000000, 0.0000000000000000000, 0.0000000000000000000 ) ) ;
#3265 = CARTESIAN_POINT ( 'NONE',  ( 38.62203461105328700, -5.617366491630684200, 16.99999999999999600 ) ) ;
#3266 = DIRECTION ( 'NONE',  ( 1.000000000000000000, 0.0000000000000000000, 0.0000000000000000000 ) ) ;
#3267 = DIRECTION ( 'NONE',  ( -0.0000000000000000000, -0.0000000000000000000, -1.000000000000000000 ) ) ;
#3268 = DIRECTION ( 'NONE',  ( -0.7071067811865480200, 0.7071067811865470200, 0.0000000000000000000 ) ) ;
#3269 = DIRECTION ( 'NONE',  ( -1.000000000000000000, 0.0000000000000000000, 0.0000000000000000000 ) ) ;
#3270 = DIRECTION ( 'NONE',  ( 1.000000000000000000, 1.194295412577679700E-016, 0.0000000000000000000 ) ) ;
#3271 = CARTESIAN_POINT ( 'NONE',  ( -34.09655121145934900, 4.989235226167499700, 44.00000000000000000 ) ) ;
#3272 = DIRECTION ( 'NONE',  ( 0.0000000000000000000, 0.0000000000000000000, -1.000000000000000000 ) ) ;
#3273 = CARTESIAN_POINT ( 'NONE',  ( -33.38944443027281000, 5.696342007354045800, 16.99999999999999600 ) ) ;
#3274 = CARTESIAN_POINT ( 'NONE',  ( 7.262539308564818400, 3.799999999999998000, 44.00000000000000000 ) ) ;
#3275 = DIRECTION ( 'NONE',  ( 0.7071067811865456900, 0.7071067811865493500, -0.0000000000000000000 ) ) ;
#3276 = DIRECTION ( 'NONE',  ( -0.0000000000000000000, -0.0000000000000000000, 1.000000000000000000 ) ) ;
#3277 = CARTESIAN_POINT ( 'NONE',  ( -23.23359549012830200, -2.815428075826269500, -11.30223627053183400 ) ) ;
#3278 = DIRECTION ( 'NONE',  ( 1.000000000000000000, 0.0000000000000000000, 0.0000000000000000000 ) ) ;
#3279 = DIRECTION ( 'NONE',  ( 0.0000000000000000000, 1.000000000000000000, 0.0000000000000000000 ) ) ;
#3280 = CARTESIAN_POINT ( 'NONE',  ( -34.09655121145934900, 4.989235226167499700, -11.30223627053183400 ) ) ;
#3281 = DIRECTION ( 'NONE',  ( -0.0000000000000000000, -0.0000000000000000000, -1.000000000000000000 ) ) ;
#3282 = CARTESIAN_POINT ( 'NONE',  ( -38.62203461105328700, -5.617366491630684200, 16.99999999999999600 ) ) ;
#3283 = CARTESIAN_POINT ( 'NONE',  ( -38.62203461105329400, -5.617366491630690500, 44.00000000000000000 ) ) ;
#3284 = CARTESIAN_POINT ( 'NONE',  ( 5.600000000000000500, 12.20000000000000300, 16.99999999999999600 ) ) ;
#3285 = DIRECTION ( 'NONE',  ( -0.0000000000000000000, -0.0000000000000000000, -1.000000000000000000 ) ) ;
#3286 = DIRECTION ( 'NONE',  ( 0.0000000000000000000, 0.0000000000000000000, 1.000000000000000000 ) ) ;
#3287 = CARTESIAN_POINT ( 'NONE',  ( 38.62203461105328000, -5.617366491630692200, 44.00000000000000000 ) ) ;
#3288 = CARTESIAN_POINT ( 'NONE',  ( -5.599999999999998800, 12.70000000000000100, 16.99999999999999600 ) ) ;
#3289 = CARTESIAN_POINT ( 'NONE',  ( -36.47422555855187900, -10.11636118228284600, 44.00000000000000000 ) ) ;
#3290 = CARTESIAN_POINT ( 'NONE',  ( 30.34888527117068000, 1.948676067065360000, 44.00000000000000000 ) ) ;
#3291 = DIRECTION ( 'NONE',  ( -1.000000000000000000, 0.0000000000000000000, 0.0000000000000000000 ) ) ;
#3292 = CARTESIAN_POINT ( 'NONE',  ( -5.599999999999998800, 12.70000000000000100, 44.00000000000000000 ) ) ;
#3293 = CARTESIAN_POINT ( 'NONE',  ( -39.44407403953538000, -7.146512701299345200, 16.99999999999999600 ) ) ;
#3294 = DIRECTION ( 'NONE',  ( 0.7071067811865454600, 0.7071067811865496800, 0.0000000000000000000 ) ) ;
#3295 = DIRECTION ( 'NONE',  ( 1.000000000000000000, 0.0000000000000000000, 0.0000000000000000000 ) ) ;
#3296 = CARTESIAN_POINT ( 'NONE',  ( 5.600000000000000500, 12.70000000000000300, 44.00000000000000000 ) ) ;
#3297 = DIRECTION ( 'NONE',  ( -1.000000000000000000, 0.0000000000000000000, 0.0000000000000000000 ) ) ;
#3298 = DIRECTION ( 'NONE',  ( -1.000000000000000000, 0.0000000000000000000, 0.0000000000000000000 ) ) ;
#3299 = CARTESIAN_POINT ( 'NONE',  ( -7.262539308564816700, 7.999999999999998200, 16.99999999999999600 ) ) ;
#3300 = DIRECTION ( 'NONE',  ( 0.0000000000000000000, 0.0000000000000000000, 1.000000000000000000 ) ) ;
#3301 = CARTESIAN_POINT ( 'NONE',  ( 7.262539308564818400, 13.20000000000000300, 44.00000000000000000 ) ) ;
#3302 = DIRECTION ( 'NONE',  ( -0.0000000000000000000, -0.0000000000000000000, -1.000000000000000000 ) ) ;
#3303 = AXIS2_PLACEMENT_3D ( 'NONE', #2792, #2759, #2774 ) ;
#3304 = CARTESIAN_POINT ( 'NONE',  ( -30.34888527117068300, 1.948676067065357300, 44.00000000000000000 ) ) ;
#3305 = DIRECTION ( 'NONE',  ( -1.000000000000000000, 0.0000000000000000000, 0.0000000000000000000 ) ) ;
#3306 = DIRECTION ( 'NONE',  ( 1.000000000000000000, 0.0000000000000000000, 0.0000000000000000000 ) ) ;
#3307 = DIRECTION ( 'NONE',  ( -0.0000000000000000000, -0.0000000000000000000, 1.000000000000000000 ) ) ;
#3308 = CARTESIAN_POINT ( 'NONE',  ( -7.262539308564816700, 7.999999999999998200, 44.00000000000000000 ) ) ;
#3309 = DIRECTION ( 'NONE',  ( -0.0000000000000000000, 0.0000000000000000000, 1.000000000000000000 ) ) ;
#3310 = DIRECTION ( 'NONE',  ( 1.000000000000000000, 0.0000000000000000000, 0.0000000000000000000 ) ) ;
#3311 = DIRECTION ( 'NONE',  ( 1.000000000000000000, 0.0000000000000000000, 0.0000000000000000000 ) ) ;
#3312 = AXIS2_PLACEMENT_3D ( 'NONE', #2782, #2756, #2788 ) ;
#3313 = DIRECTION ( 'NONE',  ( -0.0000000000000000000, -0.0000000000000000000, -1.000000000000000000 ) ) ;
#3314 = DIRECTION ( 'NONE',  ( -0.7071067811865491300, 0.7071067811865459100, -0.0000000000000000000 ) ) ;
#3315 = CARTESIAN_POINT ( 'NONE',  ( 38.26848122046000400, -5.970919882223965300, -11.30223627053183400 ) ) ;
#3316 = CARTESIAN_POINT ( 'NONE',  ( 5.100000000000000500, 16.99999999999999600, 16.99999999999999600 ) ) ;
#3317 = CARTESIAN_POINT ( 'NONE',  ( -31.05599205235722900, 1.948676067065381300, -11.30223627053183400 ) ) ;
#3318 = DIRECTION ( 'NONE',  ( -1.000000000000000000, 0.0000000000000000000, 0.0000000000000000000 ) ) ;
#3320 = CARTESIAN_POINT ( 'NONE',  ( -15.99999999999999600, 10.19999999999999900, 22.50000000000000000 ) ) ;
#3319 = AXIS2_PLACEMENT_3D ( 'NONE', #2779, #2784, #2767 ) ;
#3321 = DIRECTION ( 'NONE',  ( -0.0000000000000000000, -0.0000000000000000000, 1.000000000000000000 ) ) ;
#3322 = DIRECTION ( 'NONE',  ( 0.0000000000000000000, 0.0000000000000000000, 1.000000000000000000 ) ) ;
#3323 = DIRECTION ( 'NONE',  ( -0.0000000000000000000, 0.0000000000000000000, 1.000000000000000000 ) ) ;
#3324 = AXIS2_PLACEMENT_3D ( 'NONE', #2771, #2778, #2786 ) ;
#3325 = DIRECTION ( 'NONE',  ( -0.0000000000000000000, 1.000000000000000000, -0.0000000000000000000 ) ) ;
#3326 = DIRECTION ( 'NONE',  ( -0.7071067811865491300, -0.7071067811865459100, 0.0000000000000000000 ) ) ;
#3327 = DIRECTION ( 'NONE',  ( -0.0000000000000000000, 0.0000000000000000000, -1.000000000000000000 ) ) ;
#3328 = AXIS2_PLACEMENT_3D ( 'NONE', #2764, #2761, #2772 ) ;
#3329 = DIRECTION ( 'NONE',  ( 0.0000000000000000000, 0.0000000000000000000, -1.000000000000000000 ) ) ;
#3330 = DIRECTION ( 'NONE',  ( -1.000000000000000000, -0.0000000000000000000, -0.0000000000000000000 ) ) ;
#3331 = AXIS2_PLACEMENT_3D ( 'NONE', #2807, #2798, #2837 ) ;
#3332 = DIRECTION ( 'NONE',  ( -0.7071067811865491300, 0.7071067811865459100, 0.0000000000000000000 ) ) ;
#3333 = AXIS2_PLACEMENT_3D ( 'NONE', #2781, #2762, #2770 ) ;
#3334 = DIRECTION ( 'NONE',  ( -0.0000000000000000000, -0.0000000000000000000, 1.000000000000000000 ) ) ;
#3335 = AXIS2_PLACEMENT_3D ( 'NONE', #2874, #2856, #2850 ) ;
#3336 = CARTESIAN_POINT ( 'NONE',  ( 30.34888527117069000, 1.948676067065368000, -11.30223627053183400 ) ) ;
#3337 = CARTESIAN_POINT ( 'NONE',  ( 33.38944443027281000, 5.696342007354049400, 16.99999999999999600 ) ) ;
#3338 = AXIS2_PLACEMENT_3D ( 'NONE', #2793, #2769, #2790 ) ;
#3339 = DIRECTION ( 'NONE',  ( -0.0000000000000000000, -0.0000000000000000000, -1.000000000000000000 ) ) ;
#3340 = DIRECTION ( 'NONE',  ( 0.0000000000000000000, 0.0000000000000000000, 1.000000000000000000 ) ) ;
#3341 = DIRECTION ( 'NONE',  ( 1.000000000000000000, 0.0000000000000000000, 0.0000000000000000000 ) ) ;
#3342 = AXIS2_PLACEMENT_3D ( 'NONE', #2800, #2817, #2803 ) ;
#3343 = CARTESIAN_POINT ( 'NONE',  ( 33.50437707756837800, -13.08620966326634700, -11.30223627053183400 ) ) ;
#3344 = AXIS2_PLACEMENT_3D ( 'NONE', #2860, #2873, #2849 ) ;
#3345 = DIRECTION ( 'NONE',  ( -0.7071067811865480200, -0.7071067811865470200, 0.0000000000000000000 ) ) ;
#3347 = DIRECTION ( 'NONE',  ( -1.000000000000000000, 0.0000000000000000000, 0.0000000000000000000 ) ) ;
#3346 = AXIS2_PLACEMENT_3D ( 'NONE', #2861, #2875, #2864 ) ;
#3348 = AXIS2_PLACEMENT_3D ( 'NONE', #2867, #2848, #2853 ) ;
#3349 = CARTESIAN_POINT ( 'NONE',  ( -39.44407403953538000, -7.146512701299345200, 44.00000000000000000 ) ) ;
#3350 = CARTESIAN_POINT ( 'NONE',  ( -51.50000000000000000, -15.24264068711941500, 44.00000000000000000 ) ) ;
#3351 = DIRECTION ( 'NONE',  ( -0.0000000000000000000, -0.0000000000000000000, 1.000000000000000000 ) ) ;
#3352 = DIRECTION ( 'NONE',  ( -0.0000000000000000000, -0.0000000000000000000, 1.000000000000000000 ) ) ;
#3353 = CARTESIAN_POINT ( 'NONE',  ( -23.23359549012830200, -2.815428075826269100, 44.00000000000000000 ) ) ;
#3355 = DIRECTION ( 'NONE',  ( -0.0000000000000000000, -0.0000000000000000000, -1.000000000000000000 ) ) ;
#3354 = AXIS2_PLACEMENT_3D ( 'NONE', #2760, #2776, #2758 ) ;
#3356 = DIRECTION ( 'NONE',  ( 0.0000000000000000000, -0.0000000000000000000, -1.000000000000000000 ) ) ;
#3357 = DIRECTION ( 'NONE',  ( -0.7071067811865454600, -0.7071067811865496800, 0.0000000000000000000 ) ) ;
#3358 = CARTESIAN_POINT ( 'NONE',  ( 33.38944443027281000, 5.696342007354049400, 44.00000000000000000 ) ) ;
#3359 = CARTESIAN_POINT ( 'NONE',  ( -6.100000000000001400, 16.99999999999999600, 44.00000000000000000 ) ) ;
#3360 = DIRECTION ( 'NONE',  ( -0.0000000000000000000, 1.000000000000000000, -0.0000000000000000000 ) ) ;
#3361 = CARTESIAN_POINT ( 'NONE',  ( 31.05599205235722900, 1.948676067065381300, 16.99999999999999600 ) ) ;
#3362 = CARTESIAN_POINT ( 'NONE',  ( -15.99999999999999600, 10.19999999999999900, 22.50000000000000000 ) ) ;
#3363 =( GEOMETRIC_REPRESENTATION_CONTEXT ( 3 ) GLOBAL_UNCERTAINTY_ASSIGNED_CONTEXT ( ( #1462 ) ) GLOBAL_UNIT_ASSIGNED_CONTEXT ( ( #3532, #3510, #3501 ) ) REPRESENTATION_CONTEXT ( 'NONE', 'WORKASPACE' ) );
#3364 = CARTESIAN_POINT ( 'NONE',  ( 7.262539308564819300, 3.799999999999998000, 16.99999999999999600 ) ) ;
#3365 = CC_DESIGN_APPROVAL ( #3449, ( #3446 ) ) ;
#3366 = DIRECTION ( 'NONE',  ( 0.7071067811865474600, 0.7071067811865476800, 0.0000000000000000000 ) ) ;
#3367 = CC_DESIGN_PERSON_AND_ORGANIZATION_ASSIGNMENT ( #251, #3502, ( #3446 ) ) ;
#3368 = DIRECTION ( 'NONE',  ( -0.0000000000000000000, -0.0000000000000000000, 1.000000000000000000 ) ) ;
#3369 = DIRECTION ( 'NONE',  ( 0.0000000000000000000, 0.0000000000000000000, -1.000000000000000000 ) ) ;
#3370 = DIRECTION ( 'NONE',  ( -1.000000000000000000, 0.0000000000000000000, 0.0000000000000000000 ) ) ;
#3371 = DIRECTION ( 'NONE',  ( -0.0000000000000000000, -0.0000000000000000000, 1.000000000000000000 ) ) ;
#3372 = SECURITY_CLASSIFICATION ( '', '', #3530 ) ;
#3373 = CARTESIAN_POINT ( 'NONE',  ( -5.099999999999999600, 16.99999999999999600, 16.99999999999999600 ) ) ;
#3375 = DIRECTION ( 'NONE',  ( 0.0000000000000000000, 0.0000000000000000000, -1.000000000000000000 ) ) ;
#3374 = CC_DESIGN_PERSON_AND_ORGANIZATION_ASSIGNMENT ( #252, #3531, ( #3372 ) ) ;
#3376 = CARTESIAN_POINT ( 'NONE',  ( -36.47422555855187900, -10.11636118228284600, 16.99999999999999600 ) ) ;
#3377 = AXIS2_PLACEMENT_3D ( 'NONE', #2866, #2839, #2845 ) ;
#3378 = CARTESIAN_POINT ( 'NONE',  ( -7.262539308564816700, 12.20000000000000100, 16.99999999999999600 ) ) ;
#3379 = CARTESIAN_POINT ( 'NONE',  ( -38.26848122046001800, -5.263813101037403200, -11.30223627053183400 ) ) ;
#3380 = CC_DESIGN_PERSON_AND_ORGANIZATION_ASSIGNMENT ( #202, #3511, ( #3385 ) ) ;
#3381 = CARTESIAN_POINT ( 'NONE',  ( 30.34888527117068000, 1.948676067065360000, 16.99999999999999600 ) ) ;
#3382 = AXIS2_PLACEMENT_3D ( 'NONE', #2946, #2952, #2953 ) ;
#3383 = DIRECTION ( 'NONE',  ( 1.000000000000000000, 0.0000000000000000000, 0.0000000000000000000 ) ) ;
#3384 = CARTESIAN_POINT ( 'NONE',  ( 31.05599205235722900, 1.948676067065381300, -11.30223627053183400 ) ) ;
#3385 = PRODUCT_DEFINITION ( 'UNKNOWN', '', #3446, #1669 ) ;
#3386 = DIRECTION ( 'NONE',  ( -0.0000000000000000000, -0.0000000000000000000, 1.000000000000000000 ) ) ;
#3387 = CARTESIAN_POINT ( 'NONE',  ( -30.34888527117068000, 1.948676067065360000, 16.99999999999999600 ) ) ;
#3389 = DIRECTION ( 'NONE',  ( -0.0000000000000000000, -0.0000000000000000000, 1.000000000000000000 ) ) ;
#3388 = APPROVAL ( #3524, 'UNSPECIFIED' ) ;
#3390 = DIRECTION ( 'NONE',  ( 0.7071067811865491300, 0.7071067811865459100, 0.0000000000000000000 ) ) ;
#3391 = DIRECTION ( 'NONE',  ( 1.000000000000000000, 1.734723475976805500E-015, 0.0000000000000000000 ) ) ;
#3392 = CARTESIAN_POINT ( 'NONE',  ( 6.100000000000001400, 16.99999999999999600, 16.99999999999999600 ) ) ;
#3393 = AXIS2_PLACEMENT_3D ( 'NONE', #2536, #2559, #2743 ) ;
#3394 = DIRECTION ( 'NONE',  ( -0.0000000000000000000, -0.0000000000000000000, -1.000000000000000000 ) ) ;
#3395 = AXIS2_PLACEMENT_3D ( 'NONE', #3481, #3498, #3460 ) ;
#3396 = AXIS2_PLACEMENT_3D ( 'NONE', #3504, #3513, #3528 ) ;
#3397 = DIRECTION ( 'NONE',  ( -0.0000000000000000000, -0.0000000000000000000, -1.000000000000000000 ) ) ;
#3399 = CARTESIAN_POINT ( 'NONE',  ( 6.100000000000001400, 16.99999999999999600, 44.00000000000000000 ) ) ;
#3398 = AXIS2_PLACEMENT_3D ( 'NONE', #3518, #3523, #3514 ) ;
#3400 = DIRECTION ( 'NONE',  ( 1.000000000000000000, 0.0000000000000000000, 0.0000000000000000000 ) ) ;
#3401 = AXIS2_PLACEMENT_3D ( 'NONE', #2932, #2944, #2922 ) ;
#3402 = AXIS2_PLACEMENT_3D ( 'NONE', #2851, #2872, #2852 ) ;
#3403 = CARTESIAN_POINT ( 'NONE',  ( -7.262539308564816700, 3.799999999999996300, 16.99999999999999600 ) ) ;
#3404 = DIRECTION ( 'NONE',  ( 1.000000000000000000, -1.431146867680864600E-014, 0.0000000000000000000 ) ) ;
#3405 = DIRECTION ( 'NONE',  ( 0.0000000000000000000, -0.0000000000000000000, -1.000000000000000000 ) ) ;
#3406 = AXIS2_PLACEMENT_3D ( 'NONE', #2933, #2941, #2930 ) ;
#3407 = CARTESIAN_POINT ( 'NONE',  ( -42.01614716074866600, -2.930360723121848900, 16.99999999999999600 ) ) ;
#3408 = AXIS2_PLACEMENT_3D ( 'NONE', #2934, #2972, #3025 ) ;
#3409 = DIRECTION ( 'NONE',  ( 1.000000000000000000, 1.734723475976805500E-015, 0.0000000000000000000 ) ) ;
#3410 = AXIS2_PLACEMENT_3D ( 'NONE', #2841, #2857, #2862 ) ;
#3411 = DIRECTION ( 'NONE',  ( 1.000000000000000000, 1.194295412577679500E-016, 0.0000000000000000000 ) ) ;
#3412 = AXIS2_PLACEMENT_3D ( 'NONE', #3473, #3493, #3483 ) ;
#3413 = DIRECTION ( 'NONE',  ( -1.000000000000000000, 0.0000000000000000000, 0.0000000000000000000 ) ) ;
#3414 = AXIS2_PLACEMENT_3D ( 'NONE', #3461, #3482, #3487 ) ;
#3415 = AXIS2_PLACEMENT_3D ( 'NONE', #2924, #2926, #2928 ) ;
#3416 = DIRECTION ( 'NONE',  ( 1.000000000000000000, -8.673617379884027600E-016, 0.0000000000000000000 ) ) ;
#3418 = DIRECTION ( 'NONE',  ( -0.0000000000000000000, -0.0000000000000000000, -1.000000000000000000 ) ) ;
#3417 = AXIS2_PLACEMENT_3D ( 'NONE', #2896, #2900, #2911 ) ;
#3419 = DIRECTION ( 'NONE',  ( -0.0000000000000000000, -0.0000000000000000000, 1.000000000000000000 ) ) ;
#3420 = DIRECTION ( 'NONE',  ( 0.0000000000000000000, 0.0000000000000000000, 1.000000000000000000 ) ) ;
#3421 = AXIS2_PLACEMENT_3D ( 'NONE', #2877, #2882, #2883 ) ;
#3422 = CARTESIAN_POINT ( 'NONE',  ( -33.38944443027281000, 5.696342007354045800, 44.00000000000000000 ) ) ;
#3424 = CARTESIAN_POINT ( 'NONE',  ( 39.44407403953538000, -7.146512701299345200, 44.00000000000000000 ) ) ;
#3423 = AXIS2_PLACEMENT_3D ( 'NONE', #2925, #2917, #2951 ) ;
#3425 = AXIS2_PLACEMENT_3D ( 'NONE', #3465, #3468, #3488 ) ;
#3426 = CARTESIAN_POINT ( 'NONE',  ( 42.01614716074866600, -2.930360723121847100, 44.00000000000000000 ) ) ;
#3427 = AXIS2_PLACEMENT_3D ( 'NONE', #3496, #3469, #3463 ) ;
#3428 = CARTESIAN_POINT ( 'NONE',  ( -33.50437707756837800, -13.08620966326634700, -11.30223627053183400 ) ) ;
#3429 = DIRECTION ( 'NONE',  ( 1.000000000000000000, 0.0000000000000000000, 0.0000000000000000000 ) ) ;
#3430 = AXIS2_PLACEMENT_3D ( 'NONE', #2912, #2894, #2909 ) ;
#3431 = CARTESIAN_POINT ( 'NONE',  ( 51.50000000000000000, -15.24264068711941900, 44.00000000000000000 ) ) ;
#3432 = DIRECTION ( 'NONE',  ( -0.0000000000000000000, -0.0000000000000000000, 1.000000000000000000 ) ) ;
#3433 = AXIS2_PLACEMENT_3D ( 'NONE', #2949, #2918, #2939 ) ;
#3434 = AXIS2_PLACEMENT_3D ( 'NONE', #2908, #2901, #2907 ) ;
#3435 = CARTESIAN_POINT ( 'NONE',  ( -41.30904037956211300, -2.223253941935302800, -11.30223627053183400 ) ) ;
#3437 = DIRECTION ( 'NONE',  ( 0.0000000000000000000, 0.0000000000000000000, -1.000000000000000000 ) ) ;
#3436 = AXIS2_PLACEMENT_3D ( 'NONE', #2947, #2938, #2948 ) ;
#3438 = AXIS2_PLACEMENT_3D ( 'NONE', #3089, #3120, #3126 ) ;
#3439 = CARTESIAN_POINT ( 'NONE',  ( -10.84024807256448300, 10.19999999999999900, 16.99999999999999600 ) ) ;
#3440 = AXIS2_PLACEMENT_3D ( 'NONE', #3490, #3497, #3471 ) ;
#3442 = DIRECTION ( 'NONE',  ( -0.0000000000000000000, -0.0000000000000000000, -1.000000000000000000 ) ) ;
#3441 = AXIS2_PLACEMENT_3D ( 'NONE', #3472, #3474, #3529 ) ;
#3443 = DIRECTION ( 'NONE',  ( -0.7071067811865454600, 0.7071067811865496800, -0.0000000000000000000 ) ) ;
#3444 = CC_DESIGN_PERSON_AND_ORGANIZATION_ASSIGNMENT ( #240, #3516, ( #1891 ) ) ;
#3445 = CC_DESIGN_DATE_AND_TIME_ASSIGNMENT ( #205, #3527, ( #3385 ) ) ;
#3446 = PRODUCT_DEFINITION_FORMATION_WITH_SPECIFIED_SOURCE ( 'ANY', '', #1891, .NOT_KNOWN. ) ;
#3447 = CC_DESIGN_APPROVAL ( #3388, ( #3385 ) ) ;
#3448 = AXIS2_PLACEMENT_3D ( 'NONE', #2937, #2919, #2940 ) ;
#3449 = APPROVAL ( #3507, 'UNSPECIFIED' ) ;
#3450 = AXIS2_PLACEMENT_3D ( 'NONE', #3508, #3509, #3525 ) ;
#3451 = CC_DESIGN_PERSON_AND_ORGANIZATION_ASSIGNMENT ( #257, #3512, ( #3446 ) ) ;
#3452 = AXIS2_PLACEMENT_3D ( 'NONE', #2920, #2943, #2929 ) ;
#3453 = AXIS2_PLACEMENT_3D ( 'NONE', #2921, #2931, #2923 ) ;
#3454 = CC_DESIGN_SECURITY_CLASSIFICATION ( #3372, ( #3446 ) ) ;
#3455 = PRODUCT_RELATED_PRODUCT_CATEGORY ( 'detail', '', ( #1891 ) ) ;
#3456 = CC_DESIGN_APPROVAL ( #3458, ( #3372 ) ) ;
#3457 = CC_DESIGN_DATE_AND_TIME_ASSIGNMENT ( #242, #3536, ( #3372 ) ) ;
#3458 = APPROVAL ( #3499, 'UNSPECIFIED' ) ;
#3459 = CARTESIAN_POINT ( 'NONE',  ( 22.08578643762689700, 18.00000000000000000, 0.0000000000000000000 ) ) ;
#3460 = DIRECTION ( 'NONE',  ( 0.7071067811865458000, 0.7071067811865492400, 0.0000000000000000000 ) ) ;
#3461 = CARTESIAN_POINT ( 'NONE',  ( -36.47422555855187900, -10.11636118228284600, 45.00000000000000000 ) ) ;
#3462 = DIRECTION ( 'NONE',  ( 1.000000000000000000, -0.0000000000000000000, -0.0000000000000000000 ) ) ;
#3463 = DIRECTION ( 'NONE',  ( 0.0000000000000000000, 0.0000000000000000000, 1.000000000000000000 ) ) ;
#3464 = DIRECTION ( 'NONE',  ( -0.0000000000000000000, 1.000000000000000000, -0.0000000000000000000 ) ) ;
#3465 = CARTESIAN_POINT ( 'NONE',  ( -15.99999999999999600, 18.00000000000000000, 22.50000000000000000 ) ) ;
#3466 = DIRECTION ( 'NONE',  ( -0.0000000000000000000, 1.000000000000000000, -0.0000000000000000000 ) ) ;
#3467 = DIRECTION ( 'NONE',  ( 0.7071067811865460200, 0.7071067811865489100, -0.0000000000000000000 ) ) ;
#3468 = DIRECTION ( 'NONE',  ( -0.0000000000000000000, 1.000000000000000000, -0.0000000000000000000 ) ) ;
#3469 = DIRECTION ( 'NONE',  ( -0.0000000000000000000, 1.000000000000000000, -0.0000000000000000000 ) ) ;
#3470 = CARTESIAN_POINT ( 'NONE',  ( -22.79289321881344700, 17.70710678118654600, 44.00000000000000000 ) ) ;
#3471 = DIRECTION ( 'NONE',  ( 0.0000000000000000000, 0.0000000000000000000, 1.000000000000000000 ) ) ;
#3472 = CARTESIAN_POINT ( 'NONE',  ( 16.00000000000000400, -18.00000000000000000, 22.49999999999999600 ) ) ;
#3473 = CARTESIAN_POINT ( 'NONE',  ( 36.47422555855187900, -10.11636118228284600, 45.00000000000000000 ) ) ;
#3474 = DIRECTION ( 'NONE',  ( -0.0000000000000000000, 1.000000000000000000, -0.0000000000000000000 ) ) ;
#3475 = DIRECTION ( 'NONE',  ( -0.0000000000000000000, 1.000000000000000000, -0.0000000000000000000 ) ) ;
#3476 = CARTESIAN_POINT ( 'NONE',  ( 16.00000000000000400, 18.00000000000000000, 17.00000000000000000 ) ) ;
#3477 = CARTESIAN_POINT ( 'NONE',  ( 54.50000000000000000, -14.00000000000013300, 0.0000000000000000000 ) ) ;
#3478 = CARTESIAN_POINT ( 'NONE',  ( -22.08578643762690400, 16.99999999999999600, 45.00000000000000000 ) ) ;
#3479 = DIRECTION ( 'NONE',  ( 0.7071067811865460200, 0.7071067811865489100, -0.0000000000000000000 ) ) ;
#3480 = DIRECTION ( 'NONE',  ( 0.7071067811865454600, 0.7071067811865496800, -0.0000000000000000000 ) ) ;
#3481 = CARTESIAN_POINT ( 'NONE',  ( 32.79727029638183200, -13.79331644445289500, 44.00000000000000000 ) ) ;
#3482 = DIRECTION ( 'NONE',  ( 0.0000000000000000000, -0.0000000000000000000, -1.000000000000000000 ) ) ;
#3483 = DIRECTION ( 'NONE',  ( 1.000000000000000000, 0.0000000000000000000, 0.0000000000000000000 ) ) ;
#3484 = DIRECTION ( 'NONE',  ( -0.7071067811865460200, -0.7071067811865489100, 0.0000000000000000000 ) ) ;
#3485 = CARTESIAN_POINT ( 'NONE',  ( -15.99999999999999600, 18.00000000000000000, 17.00000000000000000 ) ) ;
#3486 = CARTESIAN_POINT ( 'NONE',  ( -5.599999999999998800, 13.19999999999999900, 45.00000000000000000 ) ) ;
#3487 = DIRECTION ( 'NONE',  ( 1.000000000000000000, 0.0000000000000000000, 0.0000000000000000000 ) ) ;
#3488 = DIRECTION ( 'NONE',  ( 0.0000000000000000000, 0.0000000000000000000, 1.000000000000000000 ) ) ;
#3489 = CARTESIAN_POINT ( 'NONE',  ( -33.38944443027281000, 5.696342007354052900, 45.00000000000000000 ) ) ;
#3490 = CARTESIAN_POINT ( 'NONE',  ( -15.99999999999999600, 10.19999999999999900, 22.50000000000000000 ) ) ;
#3491 = CARTESIAN_POINT ( 'NONE',  ( 16.00000000000000400, 18.00000000000000000, 25.79999999999999000 ) ) ;
#3492 = DIRECTION ( 'NONE',  ( -0.0000000000000000000, 1.000000000000000000, -0.0000000000000000000 ) ) ;
#3493 = DIRECTION ( 'NONE',  ( 0.0000000000000000000, -0.0000000000000000000, -1.000000000000000000 ) ) ;
#3494 = DIRECTION ( 'NONE',  ( -1.000000000000000000, 0.0000000000000000000, 0.0000000000000000000 ) ) ;
#3495 = CARTESIAN_POINT ( 'NONE',  ( -42.72325394193521200, -2.223253941935299200, 44.00000000000000000 ) ) ;
#3496 = CARTESIAN_POINT ( 'NONE',  ( 16.00000000000000400, 18.00000000000000000, 22.49999999999999600 ) ) ;
#3497 = DIRECTION ( 'NONE',  ( -0.0000000000000000000, 1.000000000000000000, -0.0000000000000000000 ) ) ;
#3498 = DIRECTION ( 'NONE',  ( 0.7071067811865484600, -0.7071067811865468000, 0.0000000000000000000 ) ) ;
#3499 = APPROVAL_STATUS ( 'not_yet_approved' ) ;
#3500 = APPROVAL_ROLE ( '' ) ;
#3501 =( NAMED_UNIT ( * ) SI_UNIT ( $, .STERADIAN. ) SOLID_ANGLE_UNIT ( ) );
#3502 = PERSON_AND_ORGANIZATION_ROLE ( 'design_supplier' ) ;
#3503 = APPLICATION_PROTOCOL_DEFINITION ( 'international standard', 'config_control_design', 1994, #3519 ) ;
#3504 = CARTESIAN_POINT ( 'NONE',  ( 16.00000000000000400, 10.19999999999999900, 22.49999999999999600 ) ) ;
#3505 = APPROVAL_ROLE ( '' ) ;
#3506 = CARTESIAN_POINT ( 'NONE',  ( -15.99999999999999600, 18.00000000000000000, 27.99999999999999600 ) ) ;
#3507 = APPROVAL_STATUS ( 'not_yet_approved' ) ;
#3508 = CARTESIAN_POINT ( 'NONE',  ( 16.00000000000000400, 10.19999999999999900, 22.49999999999999600 ) ) ;
#3509 = DIRECTION ( 'NONE',  ( -0.0000000000000000000, 1.000000000000000000, -0.0000000000000000000 ) ) ;
#3510 =( NAMED_UNIT ( * ) PLANE_ANGLE_UNIT ( ) SI_UNIT ( $, .RADIAN. ) );
#3511 = PERSON_AND_ORGANIZATION_ROLE ( 'creator' ) ;
#3512 = PERSON_AND_ORGANIZATION_ROLE ( 'creator' ) ;
#3513 = DIRECTION ( 'NONE',  ( -0.0000000000000000000, 1.000000000000000000, -0.0000000000000000000 ) ) ;
#3514 = DIRECTION ( 'NONE',  ( 1.000000000000000000, 0.0000000000000000000, 0.0000000000000000000 ) ) ;
#3515 = MECHANICAL_CONTEXT ( 'NONE', #3534, 'mechanical' ) ;
#3516 = PERSON_AND_ORGANIZATION_ROLE ( 'design_owner' ) ;
#3517 = CARTESIAN_POINT ( 'NONE',  ( 16.00000000000000400, 18.00000000000000000, 27.99999999999998900 ) ) ;
#3518 = CARTESIAN_POINT ( 'NONE',  ( 0.0000000000000000000, 0.0000000000000000000, 0.0000000000000000000 ) ) ;
#3519 = APPLICATION_CONTEXT ( 'configuration controlled 3d designs of mechanical parts and assemblies' ) ;
#3520 = DIRECTION ( 'NONE',  ( -0.0000000000000000000, 1.000000000000000000, -0.0000000000000000000 ) ) ;
#3521 = CARTESIAN_POINT ( 'NONE',  ( 16.00000000000000400, 18.00000000000000000, 19.20000000000000300 ) ) ;
#3522 = DIRECTION ( 'NONE',  ( -0.0000000000000000000, 1.000000000000000000, -0.0000000000000000000 ) ) ;
#3523 = DIRECTION ( 'NONE',  ( 0.0000000000000000000, 0.0000000000000000000, 1.000000000000000000 ) ) ;
#3524 = APPROVAL_STATUS ( 'not_yet_approved' ) ;
#3525 = DIRECTION ( 'NONE',  ( 0.0000000000000000000, 0.0000000000000000000, 1.000000000000000000 ) ) ;
#3526 = APPROVAL_ROLE ( '' ) ;
#3527 = DATE_TIME_ROLE ( 'creation_date' ) ;
#3528 = DIRECTION ( 'NONE',  ( 0.0000000000000000000, 0.0000000000000000000, 1.000000000000000000 ) ) ;
#3529 = DIRECTION ( 'NONE',  ( 0.0000000000000000000, 0.0000000000000000000, 1.000000000000000000 ) ) ;
#3530 = SECURITY_CLASSIFICATION_LEVEL ( 'unclassified' ) ;
#3531 = PERSON_AND_ORGANIZATION_ROLE ( 'classification_officer' ) ;
#3532 =( LENGTH_UNIT ( ) NAMED_UNIT ( * ) SI_UNIT ( .MILLI., .METRE. ) );
#3533 = DIRECTION ( 'NONE',  ( -0.0000000000000000000, 1.000000000000000000, -0.0000000000000000000 ) ) ;
#3534 = APPLICATION_CONTEXT ( 'configuration controlled 3d designs of mechanical parts and assemblies' ) ;
#3535 = APPLICATION_PROTOCOL_DEFINITION ( 'international standard', 'config_control_design', 1994, #3534 ) ;
#3536 = DATE_TIME_ROLE ( 'classification_date' ) ;
#3537 = CARTESIAN_POINT ( 'NONE',  ( 22.08578643762691100, 18.00000000000000000, 44.00000000000000000 ) ) ;
#3538 = CARTESIAN_POINT ( 'NONE',  ( -22.08578643762690400, 16.99999999999999600, 45.00000000000000000 ) ) ;
#3539 = CARTESIAN_POINT ( 'NONE',  ( 42.72325394193526200, -2.223253941935255300, 16.99999999999999600 ) ) ;
#3540 = CARTESIAN_POINT ( 'NONE',  ( -32.79727029638183200, -13.79331644445289700, 45.00000000000000000 ) ) ;
#3541 = CARTESIAN_POINT ( 'NONE',  ( 29.88039923328184600, 3.831375667327282300, 45.00000000000000000 ) ) ;
#3542 = CARTESIAN_POINT ( 'NONE',  ( -15.99999999999999600, -18.00000000000000000, 19.20000000000001000 ) ) ;
#3543 = CARTESIAN_POINT ( 'NONE',  ( 22.79289321881345400, 17.70710678118653900, 0.0000000000000000000 ) ) ;
#3544 = CARTESIAN_POINT ( 'NONE',  ( 54.50000000000000000, -15.24264068711941900, 44.00000000000000000 ) ) ;
#3545 = CARTESIAN_POINT ( 'NONE',  ( 53.62132034355965300, -13.12132034355978800, 0.0000000000000000000 ) ) ;
#3546 = CARTESIAN_POINT ( 'NONE',  ( 54.50000000000000000, -16.99999999999999600, 44.00000000000000000 ) ) ;
#3547 = CARTESIAN_POINT ( 'NONE',  ( -53.62132034355964500, -13.12132034355977700, 44.00000000000000000 ) ) ;
#3548 = CARTESIAN_POINT ( 'NONE',  ( 16.00000000000000400, 10.19999999999999900, 27.99999999999999300 ) ) ;
#3549 = CARTESIAN_POINT ( 'NONE',  ( 32.79727029638183200, -13.79331644445289700, 45.00000000000000000 ) ) ;
#3550 = CARTESIAN_POINT ( 'NONE',  ( -53.62132034355964500, -13.12132034355977700, 0.0000000000000000000 ) ) ;
#3551 = CARTESIAN_POINT ( 'NONE',  ( 16.00000000000000400, 10.19999999999999900, 16.99999999999999600 ) ) ;
#3552 = CARTESIAN_POINT ( 'NONE',  ( 39.44407403953538000, -7.146512701299345200, 16.99999999999999600 ) ) ;
#3553 = CARTESIAN_POINT ( 'NONE',  ( -34.09655121145938500, 6.403448788540622200, 16.99999999999999600 ) ) ;
#3554 = CARTESIAN_POINT ( 'NONE',  ( 22.52648870894175600, -3.522534857012817400, 45.00000000000000000 ) ) ;
#3555 = CARTESIAN_POINT ( 'NONE',  ( 39.44407403953538000, -7.146512701299345200, 44.00000000000000000 ) ) ;
#3556 = CARTESIAN_POINT ( 'NONE',  ( -39.32914139223983300, -5.617366491630699300, 45.00000000000000000 ) ) ;
#3557 = CARTESIAN_POINT ( 'NONE',  ( -54.50000000000000000, -15.24264068711941500, 44.00000000000000000 ) ) ;
#3558 = CARTESIAN_POINT ( 'NONE',  ( 40.15118082072192600, -6.439405920112794700, 45.00000000000000000 ) ) ;
#3559 = CARTESIAN_POINT ( 'NONE',  ( 6.100000000000001400, 18.00000000000000000, 44.00000000000000000 ) ) ;
#3560 = CARTESIAN_POINT ( 'NONE',  ( 34.09655121145937800, 6.403448788540625700, 16.99999999999999600 ) ) ;
#3561 = CARTESIAN_POINT ( 'NONE',  ( -22.08578643762690400, 18.00000000000000000, 44.00000000000000000 ) ) ;
#3562 = CARTESIAN_POINT ( 'NONE',  ( 54.50000000000000000, -15.24264068711941900, 0.0000000000000000000 ) ) ;
#3563 = CARTESIAN_POINT ( 'NONE',  ( 41.67422555855188200, -10.11636118228284600, 45.00000000000000000 ) ) ;
#3564 = CARTESIAN_POINT ( 'NONE',  ( -42.01614716074866600, -2.930360723121849400, 45.00000000000000000 ) ) ;
#3565 = CARTESIAN_POINT ( 'NONE',  ( 30.70243866176394600, 3.009336238845188700, 45.00000000000000000 ) ) ;
#3566 = CARTESIAN_POINT ( 'NONE',  ( -7.262539308564816700, 2.799999999999996300, 45.00000000000000000 ) ) ;
#3567 = CARTESIAN_POINT ( 'NONE',  ( -6.100000000000001400, 18.00000000000000000, 44.00000000000000000 ) ) ;
#3568 = CARTESIAN_POINT ( 'NONE',  ( -42.72325394193526200, -2.223253941935259700, 16.99999999999999600 ) ) ;
#3569 = CARTESIAN_POINT ( 'NONE',  ( 12.46253930856482300, 8.000000000000000000, 45.00000000000000000 ) ) ;
#3570 = CARTESIAN_POINT ( 'NONE',  ( 6.100000000000001400, 18.00000000000000000, 16.99999999999999600 ) ) ;
#3571 = CARTESIAN_POINT ( 'NONE',  ( 6.100000000000000500, 13.20000000000000100, 45.00000000000000000 ) ) ;
#3572 = CARTESIAN_POINT ( 'NONE',  ( 52.91421356237309200, -13.82842712474632800, 45.00000000000000000 ) ) ;
#3573 = CARTESIAN_POINT ( 'NONE',  ( -7.262539308564816700, 13.19999999999999900, 45.00000000000000000 ) ) ;
#3574 = CARTESIAN_POINT ( 'NONE',  ( -22.79289321881344700, 17.70710678118655000, 0.0000000000000000000 ) ) ;
#3575 = CARTESIAN_POINT ( 'NONE',  ( 11.46253930856482300, 8.000000000000000000, 44.00000000000000000 ) ) ;
#3576 = CARTESIAN_POINT ( 'NONE',  ( 53.50000000000000000, -16.99999999999999600, 45.00000000000000000 ) ) ;
#3577 = CARTESIAN_POINT ( 'NONE',  ( 54.50000000000000000, -16.99999999999999600, 0.0000000000000000000 ) ) ;
#3578 = CARTESIAN_POINT ( 'NONE',  ( 39.32914139223982600, -5.617366491630696700, 45.00000000000000000 ) ) ;
#3579 = CARTESIAN_POINT ( 'NONE',  ( -38.26848122046001100, -5.970919882223959100, 16.99999999999999600 ) ) ;
#3580 = CARTESIAN_POINT ( 'NONE',  ( -30.70243866176394200, 3.009336238845188700, 45.00000000000000000 ) ) ;
#3581 = CARTESIAN_POINT ( 'NONE',  ( 7.262539308564819300, 2.799999999999997600, 45.00000000000000000 ) ) ;
#3582 = CARTESIAN_POINT ( 'NONE',  ( 16.00000000000000400, 10.19999999999999900, 19.19999999999999600 ) ) ;
#3583 = CARTESIAN_POINT ( 'NONE',  ( 16.00000000000000400, -18.00000000000000000, 19.20000000000000600 ) ) ;
#3584 = CARTESIAN_POINT ( 'NONE',  ( 33.50437707756837800, -13.08620966326634700, 44.00000000000000000 ) ) ;
#3585 = CARTESIAN_POINT ( 'NONE',  ( -15.99999999999999600, 10.19999999999999900, 17.00000000000000000 ) ) ;
#3586 = CARTESIAN_POINT ( 'NONE',  ( 40.67422555855188200, -10.11636118228284600, 16.99999999999999600 ) ) ;
#3587 = CARTESIAN_POINT ( 'NONE',  ( 7.262539308564818400, 12.20000000000000300, 16.99999999999999600 ) ) ;
#3588 = CARTESIAN_POINT ( 'NONE',  ( -15.99999999999999600, 10.19999999999999900, 27.99999999999999600 ) ) ;
#3589 = CARTESIAN_POINT ( 'NONE',  ( -22.52648870894175200, -3.522534857012816100, 45.00000000000000000 ) ) ;
#3590 = CARTESIAN_POINT ( 'NONE',  ( -29.17329245209530300, 3.124268886140732200, 16.99999999999999600 ) ) ;
#3591 = CARTESIAN_POINT ( 'NONE',  ( -38.97558800164655700, -5.263813101037419200, 45.00000000000000000 ) ) ;
ENDSEC;
END-ISO-10303-21;
