ISO-10303-21;
HEADER;
FILE_DESCRIPTION (( 'STEP AP203' ),
    '1' );
FILE_NAME ('45-45-45.STEP',
    '2017-03-08T17:10:24',
    ( '' ),
    ( '' ),
    'SwSTEP 2.0',
    'SolidWorks 2012',
    '' );
FILE_SCHEMA (( 'CONFIG_CONTROL_DESIGN' ));
ENDSEC;

DATA;
#1 = FACE_OUTER_BOUND ( 'NONE', #2812, .T. ) ;
#2 = FACE_BOUND ( 'NONE', #2775, .T. ) ;
#3 = EDGE_LOOP ( 'NONE', ( #3009, #3026, #2976, #3001, #2998, #3050 ) ) ;
#4 = EDGE_LOOP ( 'NONE', ( #2722, #2642, #2728, #2696 ) ) ;
#5 = EDGE_LOOP ( 'NONE', ( #2634, #2629, #2640, #2643 ) ) ;
#6 = CYLINDRICAL_SURFACE ( 'NONE', #1524, 4.200000000000000200 ) ;
#7 = CYLINDRICAL_SURFACE ( 'NONE', #1519, 4.200000000000002000 ) ;
#8 = FACE_OUTER_BOUND ( 'NONE', #38, .T. ) ;
#9 = EDGE_LOOP ( 'NONE', ( #2995, #3032, #3034, #2999, #2990 ) ) ;
#10 = EDGE_LOOP ( 'NONE', ( #3081, #3002, #3060, #3084, #3095, #3045, #3099, #3068, #3046, #3061, #3089, #3093, #3069, #3011, #3048 ) ) ;
#11 = EDGE_LOOP ( 'NONE', ( #3088, #3062, #2982, #2993, #3044, #3092, #3049, #3057, #3086, #2983 ) ) ;
#12 = CYLINDRICAL_SURFACE ( 'NONE', #1577, 1.000000000000000900 ) ;
#13 = FACE_OUTER_BOUND ( 'NONE', #3, .T. ) ;
#14 = FACE_OUTER_BOUND ( 'NONE', #22, .T. ) ;
#15 = FACE_OUTER_BOUND ( 'NONE', #2790, .T. ) ;
#16 = EDGE_LOOP ( 'NONE', ( #3004, #3058, #3085, #3042, #3078 ) ) ;
#17 = EDGE_LOOP ( 'NONE', ( #2674, #2633, #2646, #2652 ) ) ;
#18 = EDGE_LOOP ( 'NONE', ( #2759, #2721, #2650, #2749 ) ) ;
#19 = EDGE_LOOP ( 'NONE', ( #2638, #2644, #2689, #2726 ) ) ;
#20 = EDGE_LOOP ( 'NONE', ( #2630, #2663, #2668, #2665 ) ) ;
#21 = EDGE_LOOP ( 'NONE', ( #3020, #3037, #3006, #2994, #2977, #3036, #3013, #3021, #3018, #3000, #3029, #3007, #3030, #3028, #3016 ) ) ;
#22 = EDGE_LOOP ( 'NONE', ( #2719, #2678, #2706 ) ) ;
#23 = FACE_OUTER_BOUND ( 'NONE', #47, .T. ) ;
#24 = EDGE_LOOP ( 'NONE', ( #2724, #2738, #2740 ) ) ;
#25 = EDGE_LOOP ( 'NONE', ( #3022, #3014, #2996, #3027 ) ) ;
#26 = EDGE_LOOP ( 'NONE', ( #2980, #3017, #3010, #3033 ) ) ;
#27 = EDGE_LOOP ( 'NONE', ( #2964, #3035, #2942, #2956 ) ) ;
#28 = EDGE_LOOP ( 'NONE', ( #2978, #3005, #2997, #3008 ) ) ;
#29 = FACE_OUTER_BOUND ( 'NONE', #36, .T. ) ;
#30 = FACE_OUTER_BOUND ( 'NONE', #45, .T. ) ;
#31 = TOROIDAL_SURFACE ( 'NONE', #1532, 5.200000000000001100, 1.000000000000000000 ) ;
#32 = FACE_OUTER_BOUND ( 'NONE', #42, .T. ) ;
#33 = FACE_OUTER_BOUND ( 'NONE', #28, .T. ) ;
#34 = EDGE_LOOP ( 'NONE', ( #2733, #2745, #2746, #2708 ) ) ;
#35 = EDGE_LOOP ( 'NONE', ( #2744, #2699, #2695, #2757 ) ) ;
#36 = EDGE_LOOP ( 'NONE', ( #2944, #2951, #3025, #2979 ) ) ;
#37 = EDGE_LOOP ( 'NONE', ( #2731, #2701, #2752 ) ) ;
#38 = EDGE_LOOP ( 'NONE', ( #2941, #2965, #2934, #2981 ) ) ;
#39 = FACE_OUTER_BOUND ( 'NONE', #2810, .T. ) ;
#40 = CYLINDRICAL_SURFACE ( 'NONE', #1518, 4.499999999999997300 ) ;
#41 = CYLINDRICAL_SURFACE ( 'NONE', #1560, 7.500000000000000000 ) ;
#42 = EDGE_LOOP ( 'NONE', ( #2959, #3024, #2955, #2958 ) ) ;
#43 = EDGE_LOOP ( 'NONE', ( #2742, #2702, #2723, #2729 ) ) ;
#44 = EDGE_LOOP ( 'NONE', ( #2624, #2686, #2661, #2574 ) ) ;
#45 = EDGE_LOOP ( 'NONE', ( #3015, #3003, #2943, #3012, #2920, #2952, #2966, #2986 ) ) ;
#46 = EDGE_LOOP ( 'NONE', ( #3074, #3071, #2984, #3041, #3070, #2991, #3087, #3047, #2985, #3079 ) ) ;
#47 = EDGE_LOOP ( 'NONE', ( #3019, #2953, #3023, #2932 ) ) ;
#48 = FACE_OUTER_BOUND ( 'NONE', #46, .T. ) ;
#49 = FACE_OUTER_BOUND ( 'NONE', #17, .T. ) ;
#50 = CYLINDRICAL_SURFACE ( 'NONE', #1561, 1.000000000000000900 ) ;
#51 = FACE_OUTER_BOUND ( 'NONE', #2797, .T. ) ;
#52 = FACE_OUTER_BOUND ( 'NONE', #18, .T. ) ;
#53 = FACE_OUTER_BOUND ( 'NONE', #2786, .T. ) ;
#54 = FACE_OUTER_BOUND ( 'NONE', #2813, .T. ) ;
#55 = FACE_OUTER_BOUND ( 'NONE', #2763, .T. ) ;
#56 = CYLINDRICAL_SURFACE ( 'NONE', #1559, 1.000000000000000900 ) ;
#57 = FACE_OUTER_BOUND ( 'NONE', #2776, .T. ) ;
#58 = CYLINDRICAL_SURFACE ( 'NONE', #1564, 1.000000000000000900 ) ;
#59 = FACE_OUTER_BOUND ( 'NONE', #10, .T. ) ;
#60 = FACE_OUTER_BOUND ( 'NONE', #21, .T. ) ;
#61 = FACE_OUTER_BOUND ( 'NONE', #9, .T. ) ;
#62 = FACE_OUTER_BOUND ( 'NONE', #11, .T. ) ;
#63 = TOROIDAL_SURFACE ( 'NONE', #1549, 5.200000000000001100, 1.000000000000000000 ) ;
#64 = FACE_OUTER_BOUND ( 'NONE', #2791, .T. ) ;
#65 = TOROIDAL_SURFACE ( 'NONE', #1562, 2.000000000000000000, 1.000000000000000000 ) ;
#66 = CYLINDRICAL_SURFACE ( 'NONE', #1582, 0.5000000000000143200 ) ;
#67 = FACE_OUTER_BOUND ( 'NONE', #2823, .T. ) ;
#68 = FACE_OUTER_BOUND ( 'NONE', #2718, .T. ) ;
#69 = FACE_OUTER_BOUND ( 'NONE', #37, .T. ) ;
#70 = CYLINDRICAL_SURFACE ( 'NONE', #1565, 1.000000000000000000 ) ;
#71 = FACE_OUTER_BOUND ( 'NONE', #2822, .T. ) ;
#72 = FACE_OUTER_BOUND ( 'NONE', #5, .T. ) ;
#73 = FACE_OUTER_BOUND ( 'NONE', #24, .T. ) ;
#74 = FACE_OUTER_BOUND ( 'NONE', #2820, .T. ) ;
#75 = CYLINDRICAL_SURFACE ( 'NONE', #1568, 1.000000000000000000 ) ;
#76 = FACE_OUTER_BOUND ( 'NONE', #2751, .T. ) ;
#77 = FACE_OUTER_BOUND ( 'NONE', #19, .T. ) ;
#78 = SPHERICAL_SURFACE ( 'NONE', #1567, 1.000000000000000000 ) ;
#79 = CYLINDRICAL_SURFACE ( 'NONE', #1554, 1.000000000000000000 ) ;
#80 = CYLINDRICAL_SURFACE ( 'NONE', #1584, 1.000000000000000700 ) ;
#81 = CYLINDRICAL_SURFACE ( 'NONE', #1585, 4.200000000000002000 ) ;
#82 = TOROIDAL_SURFACE ( 'NONE', #1552, 5.200000000000001100, 1.000000000000000000 ) ;
#83 = CYLINDRICAL_SURFACE ( 'NONE', #1580, 1.000000000000000700 ) ;
#84 = FACE_OUTER_BOUND ( 'NONE', #2712, .T. ) ;
#85 = TOROIDAL_SURFACE ( 'NONE', #1592, 5.200000000000001100, 1.000000000000000000 ) ;
#86 = CYLINDRICAL_SURFACE ( 'NONE', #1553, 4.200000000000000200 ) ;
#87 = FACE_OUTER_BOUND ( 'NONE', #16, .T. ) ;
#88 = CYLINDRICAL_SURFACE ( 'NONE', #1575, 1.000000000000000000 ) ;
#89 = CYLINDRICAL_SURFACE ( 'NONE', #1557, 0.5000000000000143200 ) ;
#90 = CYLINDRICAL_SURFACE ( 'NONE', #1571, 1.000000000000000000 ) ;
#91 = FACE_OUTER_BOUND ( 'NONE', #2802, .T. ) ;
#92 = CYLINDRICAL_SURFACE ( 'NONE', #1550, 4.200000000000002000 ) ;
#93 = CYLINDRICAL_SURFACE ( 'NONE', #1574, 0.5000000000000143200 ) ;
#94 = FACE_OUTER_BOUND ( 'NONE', #2798, .T. ) ;
#95 = FACE_OUTER_BOUND ( 'NONE', #2792, .T. ) ;
#96 = CYLINDRICAL_SURFACE ( 'NONE', #1576, 1.000000000000000900 ) ;
#97 = FACE_OUTER_BOUND ( 'NONE', #2777, .T. ) ;
#98 = FACE_OUTER_BOUND ( 'NONE', #35, .T. ) ;
#99 = FACE_OUTER_BOUND ( 'NONE', #27, .T. ) ;
#100 = FACE_OUTER_BOUND ( 'NONE', #25, .T. ) ;
#101 = CYLINDRICAL_SURFACE ( 'NONE', #1555, 0.5000000000000004400 ) ;
#102 = FACE_OUTER_BOUND ( 'NONE', #43, .T. ) ;
#103 = SPHERICAL_SURFACE ( 'NONE', #1573, 1.000000000000000000 ) ;
#104 = FACE_OUTER_BOUND ( 'NONE', #2811, .T. ) ;
#105 = FACE_OUTER_BOUND ( 'NONE', #2805, .T. ) ;
#106 = FACE_OUTER_BOUND ( 'NONE', #2818, .T. ) ;
#107 = FACE_OUTER_BOUND ( 'NONE', #2716, .T. ) ;
#108 = FACE_OUTER_BOUND ( 'NONE', #2816, .T. ) ;
#109 = FACE_OUTER_BOUND ( 'NONE', #26, .T. ) ;
#110 = CYLINDRICAL_SURFACE ( 'NONE', #1611, 1.000000000000000000 ) ;
#111 = FACE_OUTER_BOUND ( 'NONE', #2766, .T. ) ;
#112 = FACE_OUTER_BOUND ( 'NONE', #2765, .T. ) ;
#113 = FACE_OUTER_BOUND ( 'NONE', #2774, .T. ) ;
#114 = CYLINDRICAL_SURFACE ( 'NONE', #1616, 4.200000000000000200 ) ;
#115 = CYLINDRICAL_SURFACE ( 'NONE', #1617, 0.9999999999999995600 ) ;
#116 = FACE_OUTER_BOUND ( 'NONE', #2799, .T. ) ;
#117 = FACE_OUTER_BOUND ( 'NONE', #34, .T. ) ;
#118 = SPHERICAL_SURFACE ( 'NONE', #1618, 1.000000000000000000 ) ;
#119 = FACE_OUTER_BOUND ( 'NONE', #2735, .T. ) ;
#120 = TOROIDAL_SURFACE ( 'NONE', #1604, 5.200000000000001100, 1.000000000000000000 ) ;
#121 = TOROIDAL_SURFACE ( 'NONE', #1588, 2.000000000000000000, 1.000000000000000000 ) ;
#122 = FACE_OUTER_BOUND ( 'NONE', #2778, .T. ) ;
#123 = FACE_OUTER_BOUND ( 'NONE', #2780, .T. ) ;
#124 = FACE_OUTER_BOUND ( 'NONE', #2779, .T. ) ;
#125 = FACE_OUTER_BOUND ( 'NONE', #2769, .T. ) ;
#126 = FACE_OUTER_BOUND ( 'NONE', #2815, .T. ) ;
#127 = FACE_OUTER_BOUND ( 'NONE', #2704, .T. ) ;
#128 = CYLINDRICAL_SURFACE ( 'NONE', #1619, 1.000000000000000000 ) ;
#129 = CYLINDRICAL_SURFACE ( 'NONE', #1613, 0.5000000000000004400 ) ;
#130 = CYLINDRICAL_SURFACE ( 'NONE', #1590, 7.500000000000000000 ) ;
#131 = FACE_OUTER_BOUND ( 'NONE', #2804, .T. ) ;
#132 = FACE_OUTER_BOUND ( 'NONE', #2783, .T. ) ;
#133 = FACE_OUTER_BOUND ( 'NONE', #2819, .T. ) ;
#134 = FACE_OUTER_BOUND ( 'NONE', #2794, .T. ) ;
#135 = CYLINDRICAL_SURFACE ( 'NONE', #1621, 1.000000000000002400 ) ;
#136 = FACE_OUTER_BOUND ( 'NONE', #2817, .T. ) ;
#137 = TOROIDAL_SURFACE ( 'NONE', #1600, 2.000000000000000000, 1.000000000000000000 ) ;
#138 = CYLINDRICAL_SURFACE ( 'NONE', #1593, 1.000000000000000000 ) ;
#139 = CYLINDRICAL_SURFACE ( 'NONE', #1595, 1.000000000000000000 ) ;
#140 = SPHERICAL_SURFACE ( 'NONE', #1594, 1.000000000000000000 ) ;
#141 = FACE_OUTER_BOUND ( 'NONE', #2784, .T. ) ;
#142 = CYLINDRICAL_SURFACE ( 'NONE', #1586, 1.000000000000000000 ) ;
#143 = FACE_OUTER_BOUND ( 'NONE', #2713, .T. ) ;
#144 = CYLINDRICAL_SURFACE ( 'NONE', #1614, 0.5000000000000143200 ) ;
#145 = CYLINDRICAL_SURFACE ( 'NONE', #1620, 1.000000000000000900 ) ;
#146 = CYLINDRICAL_SURFACE ( 'NONE', #1599, 1.000000000000000000 ) ;
#147 = FACE_OUTER_BOUND ( 'NONE', #2768, .T. ) ;
#148 = FACE_OUTER_BOUND ( 'NONE', #2753, .T. ) ;
#149 = FACE_OUTER_BOUND ( 'NONE', #2707, .T. ) ;
#150 = FACE_OUTER_BOUND ( 'NONE', #4, .T. ) ;
#151 = FACE_OUTER_BOUND ( 'NONE', #2758, .T. ) ;
#152 = SPHERICAL_SURFACE ( 'NONE', #1608, 1.000000000000000000 ) ;
#153 = CYLINDRICAL_SURFACE ( 'NONE', #1596, 3.000000000000002700 ) ;
#154 = FACE_OUTER_BOUND ( 'NONE', #2773, .T. ) ;
#155 = CYLINDRICAL_SURFACE ( 'NONE', #1626, 1.000000000000000000 ) ;
#156 = FACE_OUTER_BOUND ( 'NONE', #44, .T. ) ;
#157 = TOROIDAL_SURFACE ( 'NONE', #1622, 2.000000000000000000, 1.000000000000000000 ) ;
#158 = TOROIDAL_SURFACE ( 'NONE', #1615, 5.200000000000001100, 1.000000000000000000 ) ;
#159 = FACE_OUTER_BOUND ( 'NONE', #2785, .T. ) ;
#160 = FACE_OUTER_BOUND ( 'NONE', #2809, .T. ) ;
#161 = FACE_OUTER_BOUND ( 'NONE', #20, .T. ) ;
#162 = FACE_OUTER_BOUND ( 'NONE', #2807, .T. ) ;
#163 = FACE_OUTER_BOUND ( 'NONE', #2814, .T. ) ;
#164 = CYLINDRICAL_SURFACE ( 'NONE', #1591, 1.000000000000001300 ) ;
#165 = FACE_OUTER_BOUND ( 'NONE', #2771, .T. ) ;
#166 = FACE_OUTER_BOUND ( 'NONE', #2772, .T. ) ;
#167 = FACE_OUTER_BOUND ( 'NONE', #2789, .T. ) ;
#168 = FACE_OUTER_BOUND ( 'NONE', #2705, .T. ) ;
#169 = FACE_OUTER_BOUND ( 'NONE', #2756, .T. ) ;
#170 = CYLINDRICAL_SURFACE ( 'NONE', #1598, 1.000000000000000000 ) ;
#171 = FACE_OUTER_BOUND ( 'NONE', #2821, .T. ) ;
#172 = FACE_OUTER_BOUND ( 'NONE', #2767, .T. ) ;
#173 = FACE_OUTER_BOUND ( 'NONE', #2714, .T. ) ;
#174 = CYLINDRICAL_SURFACE ( 'NONE', #1597, 0.5000000000000143200 ) ;
#175 = FACE_OUTER_BOUND ( 'NONE', #2710, .T. ) ;
#176 = CYLINDRICAL_SURFACE ( 'NONE', #1673, 0.5000000000000004400 ) ;
#177 = FACE_OUTER_BOUND ( 'NONE', #2709, .T. ) ;
#178 = SPHERICAL_SURFACE ( 'NONE', #1662, 1.000000000000000000 ) ;
#179 = FACE_OUTER_BOUND ( 'NONE', #2800, .T. ) ;
#180 = CYLINDRICAL_SURFACE ( 'NONE', #1633, 1.000000000000000000 ) ;
#181 = LINE ( 'NONE', #2333, #200 ) ;
#182 = CIRCLE ( 'NONE', #1642, 4.200000000000002000 ) ;
#183 = LINE ( 'NONE', #2315, #217 ) ;
#184 = LINE ( 'NONE', #2316, #204 ) ;
#185 = FACE_OUTER_BOUND ( 'NONE', #2803, .T. ) ;
#186 = FACE_OUTER_BOUND ( 'NONE', #2764, .T. ) ;
#187 = CYLINDRICAL_SURFACE ( 'NONE', #1602, 1.000000000000000000 ) ;
#188 = CYLINDRICAL_SURFACE ( 'NONE', #1623, 3.000000000000002700 ) ;
#189 = LINE ( 'NONE', #2321, #223 ) ;
#190 = CIRCLE ( 'NONE', #1677, 0.5000000000000125500 ) ;
#191 = CYLINDRICAL_SURFACE ( 'NONE', #1610, 1.000000000000000000 ) ;
#192 = CYLINDRICAL_SURFACE ( 'NONE', #1607, 1.000000000000000000 ) ;
#193 = FACE_OUTER_BOUND ( 'NONE', #2770, .T. ) ;
#194 = VECTOR ( 'NONE', #2337, 1000.000000000000000 ) ;
#195 = FACE_OUTER_BOUND ( 'NONE', #2806, .T. ) ;
#196 = CYLINDRICAL_SURFACE ( 'NONE', #1658, 1.000000000000000000 ) ;
#197 = FACE_OUTER_BOUND ( 'NONE', #2788, .T. ) ;
#198 = VECTOR ( 'NONE', #2378, 1000.000000000000000 ) ;
#199 = FACE_OUTER_BOUND ( 'NONE', #2795, .T. ) ;
#200 = VECTOR ( 'NONE', #2306, 1000.000000000000000 ) ;
#201 = LINE ( 'NONE', #2308, #194 ) ;
#202 = FACE_OUTER_BOUND ( 'NONE', #2796, .T. ) ;
#203 = FACE_OUTER_BOUND ( 'NONE', #2787, .T. ) ;
#204 = VECTOR ( 'NONE', #2369, 1000.000000000000000 ) ;
#205 = FACE_OUTER_BOUND ( 'NONE', #2808, .T. ) ;
#206 = VECTOR ( 'NONE', #2359, 999.9999999999998900 ) ;
#207 = CIRCLE ( 'NONE', #1628, 0.5000000000000143200 ) ;
#208 = CYLINDRICAL_SURFACE ( 'NONE', #1657, 0.5000000000000004400 ) ;
#209 = FACE_OUTER_BOUND ( 'NONE', #2801, .T. ) ;
#210 = CYLINDRICAL_SURFACE ( 'NONE', #1675, 4.499999999999997300 ) ;
#211 = LINE ( 'NONE', #2365, #206 ) ;
#212 = FACE_OUTER_BOUND ( 'NONE', #2782, .T. ) ;
#213 = FACE_BOUND ( 'NONE', #2781, .T. ) ;
#214 = CIRCLE ( 'NONE', #1659, 0.5000000000000143200 ) ;
#215 = CYLINDRICAL_SURFACE ( 'NONE', #1649, 0.9999999999999988900 ) ;
#216 = SPHERICAL_SURFACE ( 'NONE', #1589, 1.000000000000000000 ) ;
#217 = VECTOR ( 'NONE', #2305, 1000.000000000000100 ) ;
#218 = CIRCLE ( 'NONE', #1635, 4.200000000000002000 ) ;
#219 = CIRCLE ( 'NONE', #1644, 0.5000000000000143200 ) ;
#220 = LINE ( 'NONE', #2317, #221 ) ;
#221 = VECTOR ( 'NONE', #2362, 1000.000000000000000 ) ;
#222 = FACE_OUTER_BOUND ( 'NONE', #2793, .T. ) ;
#223 = VECTOR ( 'NONE', #2297, 1000.000000000000100 ) ;
#224 = LINE ( 'NONE', #2348, #198 ) ;
#225 = CYLINDRICAL_SURFACE ( 'NONE', #1606, 1.000000000000000900 ) ;
#226 = CYLINDRICAL_SURFACE ( 'NONE', #1651, 1.000000000000000900 ) ;
#227 = FACE_OUTER_BOUND ( 'NONE', #2717, .T. ) ;
#228 = SPHERICAL_SURFACE ( 'NONE', #1587, 1.000000000000000000 ) ;
#229 = CIRCLE ( 'NONE', #1641, 4.200000000000002000 ) ;
#230 = CIRCLE ( 'NONE', #1669, 1.000000000000000000 ) ;
#231 = VECTOR ( 'NONE', #2351, 1000.000000000000000 ) ;
#232 = LINE ( 'NONE', #2414, #234 ) ;
#233 = LINE ( 'NONE', #2345, #237 ) ;
#234 = VECTOR ( 'NONE', #2407, 1000.000000000000000 ) ;
#235 = LINE ( 'NONE', #2426, #240 ) ;
#236 = CIRCLE ( 'NONE', #1640, 4.200000000000000200 ) ;
#237 = VECTOR ( 'NONE', #2354, 1000.000000000000000 ) ;
#238 = CIRCLE ( 'NONE', #1652, 3.000000000000002700 ) ;
#239 = CIRCLE ( 'NONE', #1632, 1.000000000000000900 ) ;
#240 = VECTOR ( 'NONE', #2430, 1000.000000000000000 ) ;
#241 = LINE ( 'NONE', #2483, #243 ) ;
#242 = CIRCLE ( 'NONE', #1631, 1.000000000000000000 ) ;
#243 = VECTOR ( 'NONE', #2469, 1000.000000000000000 ) ;
#244 = CIRCLE ( 'NONE', #1645, 0.9999999999999988900 ) ;
#245 = CIRCLE ( 'NONE', #1671, 1.000000000000000000 ) ;
#246 = LINE ( 'NONE', #2372, #231 ) ;
#247 = LINE ( 'NONE', #2346, #270 ) ;
#248 = CIRCLE ( 'NONE', #1660, 1.000000000000000000 ) ;
#249 = LINE ( 'NONE', #2466, #261 ) ;
#250 = CIRCLE ( 'NONE', #1646, 1.000000000000000900 ) ;
#251 = VECTOR ( 'NONE', #2375, 1000.000000000000000 ) ;
#252 = CIRCLE ( 'NONE', #1667, 1.000000000000000000 ) ;
#253 = CIRCLE ( 'NONE', #1656, 0.9999999999999994400 ) ;
#254 = VECTOR ( 'NONE', #2342, 1000.000000000000000 ) ;
#255 = LINE ( 'NONE', #2394, #282 ) ;
#256 = VECTOR ( 'NONE', #2385, 1000.000000000000000 ) ;
#257 = CIRCLE ( 'NONE', #1634, 0.5000000000000143200 ) ;
#258 = LINE ( 'NONE', #2357, #264 ) ;
#259 = LINE ( 'NONE', #2364, #275 ) ;
#260 = LINE ( 'NONE', #2458, #263 ) ;
#261 = VECTOR ( 'NONE', #2477, 1000.000000000000000 ) ;
#262 = LINE ( 'NONE', #2429, #280 ) ;
#263 = VECTOR ( 'NONE', #2475, 1000.000000000000000 ) ;
#264 = VECTOR ( 'NONE', #2360, 1000.000000000000000 ) ;
#265 = LINE ( 'NONE', #2480, #266 ) ;
#266 = VECTOR ( 'NONE', #2482, 999.9999999999998900 ) ;
#267 = LINE ( 'NONE', #2356, #251 ) ;
#268 = CIRCLE ( 'NONE', #1637, 0.5000000000000004400 ) ;
#269 = CIRCLE ( 'NONE', #1638, 1.000000000000000900 ) ;
#270 = VECTOR ( 'NONE', #2350, 1000.000000000000000 ) ;
#271 = LINE ( 'NONE', #2363, #254 ) ;
#272 = CIRCLE ( 'NONE', #1655, 0.9999999999999994400 ) ;
#273 = CIRCLE ( 'NONE', #1639, 0.5000000000000004400 ) ;
#274 = CIRCLE ( 'NONE', #1663, 0.5000000000000004400 ) ;
#275 = VECTOR ( 'NONE', #2408, 1000.000000000000000 ) ;
#276 = VECTOR ( 'NONE', #2445, 999.9999999999998900 ) ;
#277 = CIRCLE ( 'NONE', #1650, 1.000000000000000000 ) ;
#278 = CIRCLE ( 'NONE', #1629, 1.000000000000000000 ) ;
#279 = CIRCLE ( 'NONE', #1668, 1.000000000000000000 ) ;
#280 = VECTOR ( 'NONE', #2432, 1000.000000000000000 ) ;
#281 = CIRCLE ( 'NONE', #1672, 3.000000000000002700 ) ;
#282 = VECTOR ( 'NONE', #2383, 1000.000000000000000 ) ;
#283 = CIRCLE ( 'NONE', #1666, 1.000000000000000000 ) ;
#284 = LINE ( 'NONE', #2436, #276 ) ;
#285 = CIRCLE ( 'NONE', #1653, 0.5000000000000004400 ) ;
#286 = CIRCLE ( 'NONE', #1665, 0.5000000000000143200 ) ;
#287 = LINE ( 'NONE', #2358, #256 ) ;
#288 = LINE ( 'NONE', #2178, #290 ) ;
#289 = CIRCLE ( 'NONE', #1630, 3.000000000000002700 ) ;
#290 = VECTOR ( 'NONE', #2198, 1000.000000000000000 ) ;
#291 = CIRCLE ( 'NONE', #1713, 1.000000000000000000 ) ;
#292 = LINE ( 'NONE', #996, #333 ) ;
#293 = CIRCLE ( 'NONE', #1704, 0.9999999999999994400 ) ;
#294 = VECTOR ( 'NONE', #1972, 999.9999999999998900 ) ;
#295 = CIRCLE ( 'NONE', #1678, 7.500000000000000000 ) ;
#296 = CIRCLE ( 'NONE', #1686, 1.000000000000000900 ) ;
#297 = LINE ( 'NONE', #2493, #298 ) ;
#298 = VECTOR ( 'NONE', #1753, 1000.000000000000000 ) ;
#299 = CIRCLE ( 'NONE', #1712, 1.000000000000000000 ) ;
#300 = LINE ( 'NONE', #965, #319 ) ;
#301 = VECTOR ( 'NONE', #2468, 1000.000000000000000 ) ;
#302 = LINE ( 'NONE', #2072, #310 ) ;
#303 = CIRCLE ( 'NONE', #1674, 4.200000000000000200 ) ;
#304 = CIRCLE ( 'NONE', #1691, 1.000000000000000900 ) ;
#305 = CIRCLE ( 'NONE', #1702, 1.000000000000001300 ) ;
#306 = CIRCLE ( 'NONE', #1715, 1.000000000000000000 ) ;
#307 = VECTOR ( 'NONE', #1762, 1000.000000000000000 ) ;
#308 = CIRCLE ( 'NONE', #1661, 0.5000000000000004400 ) ;
#309 = LINE ( 'NONE', #1809, #294 ) ;
#310 = VECTOR ( 'NONE', #2092, 1000.000000000000000 ) ;
#311 = CIRCLE ( 'NONE', #1711, 1.000000000000000900 ) ;
#312 = CIRCLE ( 'NONE', #1684, 1.000000000000000000 ) ;
#313 = CIRCLE ( 'NONE', #1700, 1.000000000000000000 ) ;
#314 = CIRCLE ( 'NONE', #1687, 0.5000000000000004400 ) ;
#315 = CIRCLE ( 'NONE', #1685, 1.000000000000000000 ) ;
#316 = CIRCLE ( 'NONE', #1705, 0.5000000000000004400 ) ;
#317 = CIRCLE ( 'NONE', #1679, 1.000000000000000000 ) ;
#318 = CIRCLE ( 'NONE', #1627, 0.5000000000000143200 ) ;
#319 = VECTOR ( 'NONE', #966, 1000.000000000000000 ) ;
#320 = LINE ( 'NONE', #661, #321 ) ;
#321 = VECTOR ( 'NONE', #662, 1000.000000000000000 ) ;
#322 = CIRCLE ( 'NONE', #1670, 1.000000000000000000 ) ;
#323 = CIRCLE ( 'NONE', #1647, 1.000000000000000900 ) ;
#324 = LINE ( 'NONE', #1754, #307 ) ;
#325 = CIRCLE ( 'NONE', #1707, 0.9999999999999994400 ) ;
#326 = CIRCLE ( 'NONE', #1708, 1.000000000000000000 ) ;
#327 = LINE ( 'NONE', #2486, #301 ) ;
#328 = LINE ( 'NONE', #952, #334 ) ;
#329 = CIRCLE ( 'NONE', #1648, 0.5000000000000143200 ) ;
#330 = CIRCLE ( 'NONE', #1681, 1.000000000000000000 ) ;
#331 = CIRCLE ( 'NONE', #1654, 0.5000000000000004400 ) ;
#332 = CIRCLE ( 'NONE', #1676, 4.500000000000003600 ) ;
#333 = VECTOR ( 'NONE', #1001, 1000.000000000000100 ) ;
#334 = VECTOR ( 'NONE', #953, 1000.000000000000000 ) ;
#335 = CIRCLE ( 'NONE', #1714, 3.000000000000002700 ) ;
#336 = CIRCLE ( 'NONE', #1636, 4.200000000000000200 ) ;
#337 = VECTOR ( 'NONE', #762, 1000.000000000000000 ) ;
#338 = CIRCLE ( 'NONE', #1716, 1.000000000000000900 ) ;
#339 = VECTOR ( 'NONE', #752, 1000.000000000000000 ) ;
#340 = VECTOR ( 'NONE', #689, 999.9999999999998900 ) ;
#341 = LINE ( 'NONE', #766, #343 ) ;
#342 = CIRCLE ( 'NONE', #1695, 4.200000000000002000 ) ;
#343 = VECTOR ( 'NONE', #774, 1000.000000000000000 ) ;
#344 = VECTOR ( 'NONE', #710, 1000.000000000000000 ) ;
#345 = CIRCLE ( 'NONE', #1694, 0.5000000000000143200 ) ;
#346 = VECTOR ( 'NONE', #773, 1000.000000000000100 ) ;
#347 = VECTOR ( 'NONE', #709, 1000.000000000000000 ) ;
#348 = VECTOR ( 'NONE', #743, 1000.000000000000000 ) ;
#349 = CIRCLE ( 'NONE', #1688, 1.000000000000000900 ) ;
#350 = CIRCLE ( 'NONE', #1696, 2.000000000000001800 ) ;
#351 = LINE ( 'NONE', #768, #430 ) ;
#352 = CIRCLE ( 'NONE', #1699, 7.500000000000000000 ) ;
#353 = LINE ( 'NONE', #691, #347 ) ;
#354 = CIRCLE ( 'NONE', #1706, 1.000000000000000000 ) ;
#355 = LINE ( 'NONE', #687, #340 ) ;
#356 = VECTOR ( 'NONE', #733, 1000.000000000000000 ) ;
#357 = CIRCLE ( 'NONE', #1690, 1.000000000000000900 ) ;
#358 = VECTOR ( 'NONE', #683, 1000.000000000000000 ) ;
#359 = CIRCLE ( 'NONE', #1692, 5.200000000000000200 ) ;
#360 = VECTOR ( 'NONE', #675, 1000.000000000000100 ) ;
#361 = VECTOR ( 'NONE', #696, 1000.000000000000000 ) ;
#362 = LINE ( 'NONE', #727, #348 ) ;
#363 = LINE ( 'NONE', #742, #365 ) ;
#364 = LINE ( 'NONE', #761, #337 ) ;
#365 = VECTOR ( 'NONE', #716, 1000.000000000000000 ) ;
#366 = LINE ( 'NONE', #767, #346 ) ;
#367 = LINE ( 'NONE', #759, #372 ) ;
#368 = CIRCLE ( 'NONE', #1710, 5.200000000000001100 ) ;
#369 = LINE ( 'NONE', #669, #360 ) ;
#370 = LINE ( 'NONE', #698, #361 ) ;
#371 = LINE ( 'NONE', #725, #356 ) ;
#372 = VECTOR ( 'NONE', #747, 1000.000000000000000 ) ;
#373 = LINE ( 'NONE', #660, #379 ) ;
#374 = LINE ( 'NONE', #704, #358 ) ;
#375 = CIRCLE ( 'NONE', #1701, 4.200000000000002000 ) ;
#376 = VECTOR ( 'NONE', #738, 1000.000000000000000 ) ;
#377 = CIRCLE ( 'NONE', #1697, 4.499999999999990200 ) ;
#378 = CIRCLE ( 'NONE', #1680, 1.000000000000000000 ) ;
#379 = VECTOR ( 'NONE', #665, 1000.000000000000000 ) ;
#380 = LINE ( 'NONE', #703, #344 ) ;
#381 = CIRCLE ( 'NONE', #1689, 7.500000000000000000 ) ;
#382 = LINE ( 'NONE', #760, #339 ) ;
#383 = LINE ( 'NONE', #720, #376 ) ;
#384 = CIRCLE ( 'NONE', #1693, 4.200000000000000200 ) ;
#385 = CIRCLE ( 'NONE', #1682, 1.000000000000000900 ) ;
#386 = CIRCLE ( 'NONE', #1683, 0.5000000000000143200 ) ;
#387 = CIRCLE ( 'NONE', #1709, 7.500000000000000000 ) ;
#388 = CIRCLE ( 'NONE', #1698, 5.200000000000000200 ) ;
#389 = VECTOR ( 'NONE', #823, 1000.000000000000000 ) ;
#390 = LINE ( 'NONE', #855, #420 ) ;
#391 = CIRCLE ( 'NONE', #1723, 1.000000000000000900 ) ;
#392 = LINE ( 'NONE', #835, #435 ) ;
#393 = VECTOR ( 'NONE', #779, 1000.000000000000000 ) ;
#394 = LINE ( 'NONE', #843, #396 ) ;
#395 = CIRCLE ( 'NONE', #1726, 4.200000000000002000 ) ;
#396 = VECTOR ( 'NONE', #847, 1000.000000000000000 ) ;
#397 = LINE ( 'NONE', #782, #405 ) ;
#398 = VECTOR ( 'NONE', #800, 1000.000000000000000 ) ;
#399 = LINE ( 'NONE', #832, #444 ) ;
#400 = CIRCLE ( 'NONE', #1745, 4.200000000000000200 ) ;
#401 = VECTOR ( 'NONE', #781, 1000.000000000000000 ) ;
#402 = LINE ( 'NONE', #840, #414 ) ;
#403 = VECTOR ( 'NONE', #788, 1000.000000000000000 ) ;
#404 = CIRCLE ( 'NONE', #1727, 7.500000000000000000 ) ;
#405 = VECTOR ( 'NONE', #796, 1000.000000000000000 ) ;
#406 = CIRCLE ( 'NONE', #1725, 1.000000000000000900 ) ;
#407 = VECTOR ( 'NONE', #844, 1000.000000000000000 ) ;
#408 = LINE ( 'NONE', #822, #412 ) ;
#409 = VECTOR ( 'NONE', #820, 1000.000000000000000 ) ;
#410 = CIRCLE ( 'NONE', #1722, 1.000000000000000900 ) ;
#411 = VECTOR ( 'NONE', #851, 1000.000000000000000 ) ;
#412 = VECTOR ( 'NONE', #838, 999.9999999999998900 ) ;
#413 = LINE ( 'NONE', #839, #407 ) ;
#414 = VECTOR ( 'NONE', #852, 1000.000000000000000 ) ;
#415 = LINE ( 'NONE', #793, #398 ) ;
#416 = LINE ( 'NONE', #890, #422 ) ;
#417 = VECTOR ( 'NONE', #825, 1000.000000000000000 ) ;
#418 = VECTOR ( 'NONE', #828, 999.9999999999998900 ) ;
#419 = VECTOR ( 'NONE', #849, 1000.000000000000000 ) ;
#420 = VECTOR ( 'NONE', #864, 999.9999999999998900 ) ;
#421 = VECTOR ( 'NONE', #892, 999.9999999999998900 ) ;
#422 = VECTOR ( 'NONE', #881, 999.9999999999998900 ) ;
#423 = VECTOR ( 'NONE', #871, 1000.000000000000000 ) ;
#424 = CIRCLE ( 'NONE', #1733, 4.200000000000000200 ) ;
#425 = VECTOR ( 'NONE', #837, 1000.000000000000000 ) ;
#426 = LINE ( 'NONE', #786, #401 ) ;
#427 = VECTOR ( 'NONE', #802, 1000.000000000000000 ) ;
#428 = CIRCLE ( 'NONE', #1703, 4.500000000000003600 ) ;
#429 = LINE ( 'NONE', #856, #411 ) ;
#430 = VECTOR ( 'NONE', #763, 999.9999999999998900 ) ;
#431 = LINE ( 'NONE', #868, #421 ) ;
#432 = LINE ( 'NONE', #861, #419 ) ;
#433 = LINE ( 'NONE', #798, #403 ) ;
#434 = LINE ( 'NONE', #876, #423 ) ;
#435 = VECTOR ( 'NONE', #821, 1000.000000000000000 ) ;
#436 = LINE ( 'NONE', #836, #417 ) ;
#437 = LINE ( 'NONE', #801, #418 ) ;
#438 = LINE ( 'NONE', #804, #425 ) ;
#439 = LINE ( 'NONE', #806, #427 ) ;
#440 = LINE ( 'NONE', #775, #393 ) ;
#441 = LINE ( 'NONE', #803, #409 ) ;
#442 = CIRCLE ( 'NONE', #1728, 1.000000000000000000 ) ;
#443 = CIRCLE ( 'NONE', #1751, 7.500000000000000000 ) ;
#444 = VECTOR ( 'NONE', #814, 1000.000000000000000 ) ;
#445 = CIRCLE ( 'NONE', #1741, 5.200000000000001100 ) ;
#446 = LINE ( 'NONE', #808, #389 ) ;
#447 = VECTOR ( 'NONE', #645, 999.9999999999998900 ) ;
#448 = LINE ( 'NONE', #873, #452 ) ;
#449 = VECTOR ( 'NONE', #929, 1000.000000000000000 ) ;
#450 = LINE ( 'NONE', #1283, #505 ) ;
#451 = LINE ( 'NONE', #869, #455 ) ;
#452 = VECTOR ( 'NONE', #865, 1000.000000000000000 ) ;
#453 = VECTOR ( 'NONE', #882, 1000.000000000000000 ) ;
#454 = VECTOR ( 'NONE', #923, 1000.000000000000000 ) ;
#455 = VECTOR ( 'NONE', #870, 1000.000000000000000 ) ;
#456 = VECTOR ( 'NONE', #911, 1000.000000000000000 ) ;
#457 = LINE ( 'NONE', #912, #491 ) ;
#458 = LINE ( 'NONE', #897, #469 ) ;
#459 = LINE ( 'NONE', #858, #460 ) ;
#460 = VECTOR ( 'NONE', #872, 999.9999999999998900 ) ;
#461 = VECTOR ( 'NONE', #930, 1000.000000000000000 ) ;
#462 = LINE ( 'NONE', #908, #449 ) ;
#463 = VECTOR ( 'NONE', #913, 1000.000000000000000 ) ;
#464 = VECTOR ( 'NONE', #919, 1000.000000000000000 ) ;
#465 = VECTOR ( 'NONE', #926, 1000.000000000000000 ) ;
#466 = VECTOR ( 'NONE', #877, 999.9999999999998900 ) ;
#467 = LINE ( 'NONE', #889, #475 ) ;
#468 = LINE ( 'NONE', #924, #464 ) ;
#469 = VECTOR ( 'NONE', #904, 1000.000000000000000 ) ;
#470 = VECTOR ( 'NONE', #905, 1000.000000000000000 ) ;
#471 = CIRCLE ( 'NONE', #1730, 4.499999999999990200 ) ;
#472 = VECTOR ( 'NONE', #875, 1000.000000000000000 ) ;
#473 = LINE ( 'NONE', #932, #499 ) ;
#474 = CIRCLE ( 'NONE', #1731, 2.000000000000001800 ) ;
#475 = VECTOR ( 'NONE', #895, 1000.000000000000000 ) ;
#476 = LINE ( 'NONE', #925, #463 ) ;
#477 = LINE ( 'NONE', #896, #461 ) ;
#478 = VECTOR ( 'NONE', #866, 1000.000000000000100 ) ;
#479 = CIRCLE ( 'NONE', #1729, 2.000000000000001800 ) ;
#480 = LINE ( 'NONE', #907, #496 ) ;
#481 = LINE ( 'NONE', #921, #489 ) ;
#482 = LINE ( 'NONE', #888, #478 ) ;
#483 = LINE ( 'NONE', #899, #454 ) ;
#484 = LINE ( 'NONE', #918, #470 ) ;
#485 = VECTOR ( 'NONE', #920, 1000.000000000000000 ) ;
#486 = LINE ( 'NONE', #886, #497 ) ;
#487 = LINE ( 'NONE', #901, #465 ) ;
#488 = LINE ( 'NONE', #909, #456 ) ;
#489 = VECTOR ( 'NONE', #928, 1000.000000000000000 ) ;
#490 = LINE ( 'NONE', #850, #453 ) ;
#491 = VECTOR ( 'NONE', #900, 999.9999999999998900 ) ;
#492 = LINE ( 'NONE', #931, #494 ) ;
#493 = CIRCLE ( 'NONE', #1744, 5.200000000000001100 ) ;
#494 = VECTOR ( 'NONE', #1002, 1000.000000000000000 ) ;
#495 = CIRCLE ( 'NONE', #1717, 2.000000000000001800 ) ;
#496 = VECTOR ( 'NONE', #898, 1000.000000000000000 ) ;
#497 = VECTOR ( 'NONE', #894, 1000.000000000000000 ) ;
#498 = LINE ( 'NONE', #874, #466 ) ;
#499 = VECTOR ( 'NONE', #903, 999.9999999999998900 ) ;
#500 = LINE ( 'NONE', #922, #485 ) ;
#501 = LINE ( 'NONE', #914, #502 ) ;
#502 = VECTOR ( 'NONE', #915, 999.9999999999998900 ) ;
#503 = LINE ( 'NONE', #867, #472 ) ;
#504 = LINE ( 'NONE', #637, #447 ) ;
#505 = VECTOR ( 'NONE', #1299, 1000.000000000000000 ) ;
#506 = LINE ( 'NONE', #1286, #527 ) ;
#507 = LINE ( 'NONE', #1278, #514 ) ;
#508 = VECTOR ( 'NONE', #1288, 1000.000000000000000 ) ;
#509 = LINE ( 'NONE', #1294, #508 ) ;
#510 = VECTOR ( 'NONE', #1150, 1000.000000000000000 ) ;
#511 = LINE ( 'NONE', #1300, #521 ) ;
#512 = VECTOR ( 'NONE', #1276, 999.9999999999998900 ) ;
#513 = LINE ( 'NONE', #1289, #526 ) ;
#514 = VECTOR ( 'NONE', #1296, 1000.000000000000000 ) ;
#515 = VECTOR ( 'NONE', #1297, 999.9999999999998900 ) ;
#516 = LINE ( 'NONE', #1279, #515 ) ;
#517 = VECTOR ( 'NONE', #1139, 1000.000000000000000 ) ;
#518 = CIRCLE ( 'NONE', #1752, 5.200000000000000200 ) ;
#519 = LINE ( 'NONE', #1284, #520 ) ;
#520 = VECTOR ( 'NONE', #1302, 1000.000000000000000 ) ;
#521 = VECTOR ( 'NONE', #1287, 1000.000000000000000 ) ;
#522 = VECTOR ( 'NONE', #1295, 1000.000000000000000 ) ;
#523 = LINE ( 'NONE', #1120, #517 ) ;
#524 = VECTOR ( 'NONE', #1280, 1000.000000000000000 ) ;
#525 = LINE ( 'NONE', #1293, #522 ) ;
#526 = VECTOR ( 'NONE', #1290, 999.9999999999998900 ) ;
#527 = VECTOR ( 'NONE', #1277, 1000.000000000000000 ) ;
#528 = LINE ( 'NONE', #1291, #524 ) ;
#529 = LINE ( 'NONE', #1114, #510 ) ;
#530 = LINE ( 'NONE', #1292, #512 ) ;
#531 = ORGANIZATION ( 'UNSPECIFIED', 'UNSPECIFIED', '' ) ;
#532 = LOCAL_TIME ( 18, 10, 24.00000000000000000, #535 ) ;
#533 = COORDINATED_UNIVERSAL_TIME_OFFSET ( 1, 0, .AHEAD. ) ;
#534 = APPROVAL_PERSON_ORGANIZATION ( #540, #1742, #1228 ) ;
#535 = COORDINATED_UNIVERSAL_TIME_OFFSET ( 1, 0, .AHEAD. ) ;
#536 = DATE_AND_TIME ( #566, #532 ) ;
#537 = CALENDAR_DATE ( 2017, 8, 3 ) ;
#538 = DATE_AND_TIME ( #555, #542 ) ;
#539 = CALENDAR_DATE ( 2017, 8, 3 ) ;
#540 = PERSON_AND_ORGANIZATION ( #3183, #531 ) ;
#541 = APPROVAL_PERSON_ORGANIZATION ( #547, #1743, #1253 ) ;
#542 = LOCAL_TIME ( 18, 10, 24.00000000000000000, #533 ) ;
#543 = SHAPE_DEFINITION_REPRESENTATION ( #1304, #582 ) ;
#544 = APPROVAL_DATE_TIME ( #538, #1743 ) ;
#545 = DATE_AND_TIME ( #537, #553 ) ;
#546 = COORDINATED_UNIVERSAL_TIME_OFFSET ( 1, 0, .AHEAD. ) ;
#547 = PERSON_AND_ORGANIZATION ( #3183, #531 ) ;
#548 = PERSON_AND_ORGANIZATION ( #3183, #531 ) ;
#549 = PERSON_AND_ORGANIZATION ( #3183, #531 ) ;
#550 = PERSON_AND_ORGANIZATION ( #3183, #531 ) ;
#551 = COORDINATED_UNIVERSAL_TIME_OFFSET ( 1, 0, .AHEAD. ) ;
#552 = LOCAL_TIME ( 18, 10, 24.00000000000000000, #551 ) ;
#553 = LOCAL_TIME ( 18, 10, 24.00000000000000000, #546 ) ;
#554 = APPROVAL_DATE_TIME ( #536, #1742 ) ;
#555 = CALENDAR_DATE ( 2017, 8, 3 ) ;
#556 = PERSON_AND_ORGANIZATION ( #3183, #531 ) ;
#557 = DATE_AND_TIME ( #539, #552 ) ;
#558 = PERSON_AND_ORGANIZATION ( #3183, #531 ) ;
#559 = APPROVAL_PERSON_ORGANIZATION ( #562, #1746, #1275 ) ;
#560 = COORDINATED_UNIVERSAL_TIME_OFFSET ( 1, 0, .AHEAD. ) ;
#561 = LOCAL_TIME ( 18, 10, 24.00000000000000000, #560 ) ;
#562 = PERSON_AND_ORGANIZATION ( #3183, #531 ) ;
#563 = CALENDAR_DATE ( 2017, 8, 3 ) ;
#564 = DATE_AND_TIME ( #563, #561 ) ;
#565 = APPROVAL_DATE_TIME ( #564, #1746 ) ;
#566 = CALENDAR_DATE ( 2017, 8, 3 ) ;
#567 =( BOUNDED_CURVE ( )  B_SPLINE_CURVE ( 3, ( #942, #950, #962, #961 ),
 .UNSPECIFIED., .F., .F. ) 
 B_SPLINE_CURVE_WITH_KNOTS ( ( 4, 4 ),
 ( 1.570796326794896600, 3.141592653589793100 ),
 .UNSPECIFIED. ) 
 CURVE ( )  GEOMETRIC_REPRESENTATION_ITEM ( )  RATIONAL_B_SPLINE_CURVE ( ( 1.000000000000000000, 0.8047378541243649400, 0.8047378541243649400, 1.000000000000000000 ) ) 
 REPRESENTATION_ITEM ( '' )  );
#568 = B_SPLINE_CURVE_WITH_KNOTS ( 'NONE', 3,
 ( #758, #748, #753, #745, #751, #756 ),
 .UNSPECIFIED., .F., .F.,
 ( 4, 2, 4 ),
 ( 0.0000000000000000000, 0.0009955705309618175700, 0.001991141061923635100 ),
 .UNSPECIFIED. ) ;
#569 = UNCERTAINTY_MEASURE_WITH_UNIT (LENGTH_MEASURE( 1.000000000000000100E-005 ), #1223, 'distance_accuracy_value', 'NONE');
#570 = B_SPLINE_CURVE_WITH_KNOTS ( 'NONE', 3,
 ( #618, #619, #609, #632, #635, #636 ),
 .UNSPECIFIED., .F., .F.,
 ( 4, 2, 4 ),
 ( 0.0000000000000000000, 0.0009958847179759471900, 0.001991769435951894400 ),
 .UNSPECIFIED. ) ;
#571 = B_SPLINE_CURVE_WITH_KNOTS ( 'NONE', 3,
 ( #681, #673, #667, #671, #664, #682 ),
 .UNSPECIFIED., .F., .F.,
 ( 4, 2, 4 ),
 ( 0.0000000000000000000, 0.0009955705309618141000, 0.001991141061923628200 ),
 .UNSPECIFIED. ) ;
#572 =( BOUNDED_CURVE ( )  B_SPLINE_CURVE ( 3, ( #854, #842, #863, #846 ),
 .UNSPECIFIED., .F., .F. ) 
 B_SPLINE_CURVE_WITH_KNOTS ( ( 4, 4 ),
 ( 2.906041076342278400, 3.377144230837307900 ),
 .UNSPECIFIED. ) 
 CURVE ( )  GEOMETRIC_REPRESENTATION_ITEM ( )  RATIONAL_B_SPLINE_CURVE ( ( 1.000000000000000000, 0.9815905083389735400, 0.9815905083389735400, 1.000000000000000000 ) ) 
 REPRESENTATION_ITEM ( '' )  );
#573 =( BOUNDED_CURVE ( )  B_SPLINE_CURVE ( 3, ( #1298, #1301, #1123, #1128 ),
 .UNSPECIFIED., .F., .F. ) 
 B_SPLINE_CURVE_WITH_KNOTS ( ( 4, 4 ),
 ( 2.906041076342278800, 3.377144230837307400 ),
 .UNSPECIFIED. ) 
 CURVE ( )  GEOMETRIC_REPRESENTATION_ITEM ( )  RATIONAL_B_SPLINE_CURVE ( ( 1.000000000000000000, 0.9815905083389735400, 0.9815905083389735400, 1.000000000000000000 ) ) 
 REPRESENTATION_ITEM ( '' )  );
#574 =( BOUNDED_CURVE ( )  B_SPLINE_CURVE ( 3, ( #809, #834, #848, #862 ),
 .UNSPECIFIED., .F., .F. ) 
 B_SPLINE_CURVE_WITH_KNOTS ( ( 4, 4 ),
 ( 0.0000000000000000000, 1.570796326794896800 ),
 .UNSPECIFIED. ) 
 CURVE ( )  GEOMETRIC_REPRESENTATION_ITEM ( )  RATIONAL_B_SPLINE_CURVE ( ( 1.000000000000000000, 0.8047378541243649400, 0.8047378541243649400, 1.000000000000000000 ) ) 
 REPRESENTATION_ITEM ( '' )  );
#575 =( BOUNDED_CURVE ( )  B_SPLINE_CURVE ( 3, ( #611, #613, #620, #622 ),
 .UNSPECIFIED., .F., .F. ) 
 B_SPLINE_CURVE_WITH_KNOTS ( ( 4, 4 ),
 ( 3.141592653589793100, 4.712388980384689700 ),
 .UNSPECIFIED. ) 
 CURVE ( )  GEOMETRIC_REPRESENTATION_ITEM ( )  RATIONAL_B_SPLINE_CURVE ( ( 1.000000000000000000, 0.8047378541243649400, 0.8047378541243649400, 1.000000000000000000 ) ) 
 REPRESENTATION_ITEM ( '' )  );
#576 =( BOUNDED_CURVE ( )  B_SPLINE_CURVE ( 3, ( #606, #628, #612, #614 ),
 .UNSPECIFIED., .F., .F. ) 
 B_SPLINE_CURVE_WITH_KNOTS ( ( 4, 4 ),
 ( 4.712388980384689700, 6.283185307179586200 ),
 .UNSPECIFIED. ) 
 CURVE ( )  GEOMETRIC_REPRESENTATION_ITEM ( )  RATIONAL_B_SPLINE_CURVE ( ( 1.000000000000000000, 0.8047378541243649400, 0.8047378541243649400, 1.000000000000000000 ) ) 
 REPRESENTATION_ITEM ( '' )  );
#577 =( BOUNDED_CURVE ( )  B_SPLINE_CURVE ( 3, ( #981, #989, #991, #983 ),
 .UNSPECIFIED., .F., .F. ) 
 B_SPLINE_CURVE_WITH_KNOTS ( ( 4, 4 ),
 ( 3.141592653589793100, 4.712388980384687900 ),
 .UNSPECIFIED. ) 
 CURVE ( )  GEOMETRIC_REPRESENTATION_ITEM ( )  RATIONAL_B_SPLINE_CURVE ( ( 1.000000000000000000, 0.8047378541243654900, 0.8047378541243654900, 1.000000000000000000 ) ) 
 REPRESENTATION_ITEM ( '' )  );
#578 =( BOUNDED_CURVE ( )  B_SPLINE_CURVE ( 3, ( #979, #970, #982, #984 ),
 .UNSPECIFIED., .F., .F. ) 
 B_SPLINE_CURVE_WITH_KNOTS ( ( 4, 4 ),
 ( 1.570796326794896600, 3.141592653589793100 ),
 .UNSPECIFIED. ) 
 CURVE ( )  GEOMETRIC_REPRESENTATION_ITEM ( )  RATIONAL_B_SPLINE_CURVE ( ( 1.000000000000000000, 0.8047378541243649400, 0.8047378541243649400, 1.000000000000000000 ) ) 
 REPRESENTATION_ITEM ( '' )  );
#579 =( BOUNDED_CURVE ( )  B_SPLINE_CURVE ( 3, ( #608, #617, #624, #615 ),
 .UNSPECIFIED., .F., .F. ) 
 B_SPLINE_CURVE_WITH_KNOTS ( ( 4, 4 ),
 ( 3.141592653589793100, 4.712388980384689700 ),
 .UNSPECIFIED. ) 
 CURVE ( )  GEOMETRIC_REPRESENTATION_ITEM ( )  RATIONAL_B_SPLINE_CURVE ( ( 1.000000000000000000, 0.8047378541243649400, 0.8047378541243649400, 1.000000000000000000 ) ) 
 REPRESENTATION_ITEM ( '' )  );
#580 =( BOUNDED_CURVE ( )  B_SPLINE_CURVE ( 3, ( #933, #945, #935, #937 ),
 .UNSPECIFIED., .F., .F. ) 
 B_SPLINE_CURVE_WITH_KNOTS ( ( 4, 4 ),
 ( 1.570796326794896600, 3.141592653589793100 ),
 .UNSPECIFIED. ) 
 CURVE ( )  GEOMETRIC_REPRESENTATION_ITEM ( )  RATIONAL_B_SPLINE_CURVE ( ( 1.000000000000000000, 0.8047378541243649400, 0.8047378541243649400, 1.000000000000000000 ) ) 
 REPRESENTATION_ITEM ( '' )  );
#581 =( BOUNDED_CURVE ( )  B_SPLINE_CURVE ( 3, ( #817, #853, #860, #845 ),
 .UNSPECIFIED., .F., .F. ) 
 B_SPLINE_CURVE_WITH_KNOTS ( ( 4, 4 ),
 ( 1.570796326794896800, 3.141592653589793100 ),
 .UNSPECIFIED. ) 
 CURVE ( )  GEOMETRIC_REPRESENTATION_ITEM ( )  RATIONAL_B_SPLINE_CURVE ( ( 1.000000000000000000, 0.8047378541243650500, 0.8047378541243650500, 1.000000000000000000 ) ) 
 REPRESENTATION_ITEM ( '' )  );
#582 = ADVANCED_BREP_SHAPE_REPRESENTATION ( '45-45-45', ( #602, #1719 ), #1734 ) ;
#583 =( BOUNDED_CURVE ( )  B_SPLINE_CURVE ( 3, ( #690, #701, #714, #713 ),
 .UNSPECIFIED., .F., .F. ) 
 B_SPLINE_CURVE_WITH_KNOTS ( ( 4, 4 ),
 ( 4.712388980384687900, 6.283185307179586200 ),
 .UNSPECIFIED. ) 
 CURVE ( )  GEOMETRIC_REPRESENTATION_ITEM ( )  RATIONAL_B_SPLINE_CURVE ( ( 1.000000000000000000, 0.8047378541243646000, 0.8047378541243646000, 1.000000000000000000 ) ) 
 REPRESENTATION_ITEM ( '' )  );
#584 =( BOUNDED_CURVE ( )  B_SPLINE_CURVE ( 3, ( #640, #644, #641, #652 ),
 .UNSPECIFIED., .F., .F. ) 
 B_SPLINE_CURVE_WITH_KNOTS ( ( 4, 4 ),
 ( 1.570796326794896600, 3.141592653589793100 ),
 .UNSPECIFIED. ) 
 CURVE ( )  GEOMETRIC_REPRESENTATION_ITEM ( )  RATIONAL_B_SPLINE_CURVE ( ( 1.000000000000000000, 0.8047378541243649400, 0.8047378541243649400, 1.000000000000000000 ) ) 
 REPRESENTATION_ITEM ( '' )  );
#585 =( BOUNDED_CURVE ( )  B_SPLINE_CURVE ( 3, ( #993, #1006, #627, #626 ),
 .UNSPECIFIED., .F., .F. ) 
 B_SPLINE_CURVE_WITH_KNOTS ( ( 4, 4 ),
 ( 3.141592653589793100, 4.712388980384687900 ),
 .UNSPECIFIED. ) 
 CURVE ( )  GEOMETRIC_REPRESENTATION_ITEM ( )  RATIONAL_B_SPLINE_CURVE ( ( 1.000000000000000000, 0.8047378541243654900, 0.8047378541243654900, 1.000000000000000000 ) ) 
 REPRESENTATION_ITEM ( '' )  );
#586 =( BOUNDED_CURVE ( )  B_SPLINE_CURVE ( 3, ( #685, #711, #702, #688 ),
 .UNSPECIFIED., .F., .F. ) 
 B_SPLINE_CURVE_WITH_KNOTS ( ( 4, 4 ),
 ( 1.570796326794896600, 3.141592653589793100 ),
 .UNSPECIFIED. ) 
 CURVE ( )  GEOMETRIC_REPRESENTATION_ITEM ( )  RATIONAL_B_SPLINE_CURVE ( ( 1.000000000000000000, 0.8047378541243649400, 0.8047378541243649400, 1.000000000000000000 ) ) 
 REPRESENTATION_ITEM ( '' )  );
#587 =( BOUNDED_CURVE ( )  B_SPLINE_CURVE ( 3, ( #629, #616, #625, #623 ),
 .UNSPECIFIED., .F., .F. ) 
 B_SPLINE_CURVE_WITH_KNOTS ( ( 4, 4 ),
 ( 3.141592653589793100, 4.712388980384687900 ),
 .UNSPECIFIED. ) 
 CURVE ( )  GEOMETRIC_REPRESENTATION_ITEM ( )  RATIONAL_B_SPLINE_CURVE ( ( 1.000000000000000000, 0.8047378541243654900, 0.8047378541243654900, 1.000000000000000000 ) ) 
 REPRESENTATION_ITEM ( '' )  );
#588 =( BOUNDED_CURVE ( )  B_SPLINE_CURVE ( 3, ( #972, #978, #980, #975 ),
 .UNSPECIFIED., .F., .F. ) 
 B_SPLINE_CURVE_WITH_KNOTS ( ( 4, 4 ),
 ( 3.141592653589793100, 4.712388980384687900 ),
 .UNSPECIFIED. ) 
 CURVE ( )  GEOMETRIC_REPRESENTATION_ITEM ( )  RATIONAL_B_SPLINE_CURVE ( ( 1.000000000000000000, 0.8047378541243654900, 0.8047378541243654900, 1.000000000000000000 ) ) 
 REPRESENTATION_ITEM ( '' )  );
#589 =( BOUNDED_CURVE ( )  B_SPLINE_CURVE ( 3, ( #678, #668, #674, #672 ),
 .UNSPECIFIED., .F., .F. ) 
 B_SPLINE_CURVE_WITH_KNOTS ( ( 4, 4 ),
 ( 1.570796326794896600, 3.141592653589793100 ),
 .UNSPECIFIED. ) 
 CURVE ( )  GEOMETRIC_REPRESENTATION_ITEM ( )  RATIONAL_B_SPLINE_CURVE ( ( 1.000000000000000000, 0.8047378541243649400, 0.8047378541243649400, 1.000000000000000000 ) ) 
 REPRESENTATION_ITEM ( '' )  );
#590 =( BOUNDED_SURFACE ( )  B_SPLINE_SURFACE ( 3, 2, ( 
 ( #1957, #1974, #1962 ),
 ( #1969, #1935, #1936 ),
 ( #1975, #1937, #1978 ),
 ( #1938, #1939, #1940 ),
 ( #1941, #1943, #1989 ),
 ( #2031, #2011, #2025 ),
 ( #2032, #2033, #2040 ),
 ( #1990, #1996, #2016 ),
 ( #2037, #1991, #2034 ),
 ( #2017, #1987, #2007 ) ),
 .UNSPECIFIED., .F., .F., .F. ) 
 B_SPLINE_SURFACE_WITH_KNOTS ( ( 4, 2, 2, 2, 4 ),
 ( 3, 3 ),
 ( 1.570796326794896600, 1.963495408493620700, 2.356194490192344800, 2.748893571891069000, 3.141592653589793100 ),
 ( 0.0000000000000000000, 1.000000000000000000 ),
 .UNSPECIFIED. ) 
 GEOMETRIC_REPRESENTATION_ITEM ( )  RATIONAL_B_SPLINE_SURFACE ( (
 ( 1.000000000000000000, 1.000000000000000000, 1.000000000000000000),
 ( 1.000000000000000000, 1.000158598892021600, 1.000000000000000000),
 ( 1.000000000000000000, 0.9867291651255518700, 1.000000000000000000),
 ( 1.000000000000000000, 0.9386556746367615800, 1.000000000000000000),
 ( 1.000000000000000000, 0.9038128289596266700, 1.000000000000000000),
 ( 1.000000000000000000, 0.8282379786092531900, 1.000000000000000000),
 ( 1.000000000000000000, 0.7876784249694460700, 1.000000000000000000),
 ( 1.000000000000000000, 0.7265518147277648700, 1.000000000000000000),
 ( 1.000000000000000000, 0.7066757001360232100, 1.000000000000000000),
 ( 1.000000000000000000, 0.7071067811865442400, 1.000000000000000000) ) ) 
 REPRESENTATION_ITEM ( '' )  SURFACE ( )  );
#591 =( BOUNDED_SURFACE ( )  B_SPLINE_SURFACE ( 3, 2, ( 
 ( #2030, #2027, #1993 ),
 ( #2038, #2041, #1988 ),
 ( #1995, #2003, #1997 ),
 ( #2019, #1998, #1999 ),
 ( #2000, #2008, #2020 ),
 ( #2002, #2024, #2009 ),
 ( #2028, #2012, #2004 ),
 ( #2005, #2021, #2006 ),
 ( #2010, #2026, #2013 ),
 ( #2015, #2022, #2023 ) ),
 .UNSPECIFIED., .F., .F., .F. ) 
 B_SPLINE_SURFACE_WITH_KNOTS ( ( 4, 2, 2, 2, 4 ),
 ( 3, 3 ),
 ( 1.570796326794896600, 1.963495408493620700, 2.356194490192344800, 2.748893571891069000, 3.141592653589793100 ),
 ( 0.0000000000000000000, 1.000000000000000000 ),
 .UNSPECIFIED. ) 
 GEOMETRIC_REPRESENTATION_ITEM ( )  RATIONAL_B_SPLINE_SURFACE ( (
 ( 1.000000000000000000, 1.000000000000000000, 1.000000000000000000),
 ( 1.000000000000000000, 1.000158598892165300, 1.000000000000000000),
 ( 1.000000000000000000, 0.9867291651253595800, 1.000000000000000000),
 ( 1.000000000000000000, 0.9386556746369552100, 1.000000000000000000),
 ( 1.000000000000000000, 0.9038128289595492900, 1.000000000000000000),
 ( 1.000000000000000000, 0.8282379786093270200, 1.000000000000000000),
 ( 1.000000000000000000, 0.7876784249695246700, 1.000000000000000000),
 ( 1.000000000000000000, 0.7265518147276800500, 1.000000000000000000),
 ( 1.000000000000000000, 0.7066757001360811600, 1.000000000000000000),
 ( 1.000000000000000000, 0.7071067811865465700, 1.000000000000000000) ) ) 
 REPRESENTATION_ITEM ( '' )  SURFACE ( )  );
#592 =( BOUNDED_SURFACE ( )  B_SPLINE_SURFACE ( 3, 2, ( 
 ( #2129, #2136, #2112 ),
 ( #2099, #2137, #2110 ),
 ( #2138, #2119, #2140 ),
 ( #2109, #2103, #2108 ),
 ( #2111, #2097, #2094 ),
 ( #2098, #2100, #2106 ),
 ( #2114, #2101, #2113 ),
 ( #2102, #2105, #2115 ),
 ( #2116, #2121, #2117 ),
 ( #2118, #2125, #2126 ) ),
 .UNSPECIFIED., .F., .F., .F. ) 
 B_SPLINE_SURFACE_WITH_KNOTS ( ( 4, 2, 2, 2, 4 ),
 ( 3, 3 ),
 ( 1.570796326794896600, 1.963495408493620700, 2.356194490192344800, 2.748893571891069000, 3.141592653589793100 ),
 ( 0.0000000000000000000, 1.000000000000000000 ),
 .UNSPECIFIED. ) 
 GEOMETRIC_REPRESENTATION_ITEM ( )  RATIONAL_B_SPLINE_SURFACE ( (
 ( 1.000000000000000000, 1.000000000000000000, 1.000000000000000000),
 ( 1.000000000000000000, 1.000158598892073100, 1.000000000000000000),
 ( 1.000000000000000000, 0.9867291651254830300, 1.000000000000000000),
 ( 1.000000000000000000, 0.9386556746368313100, 1.000000000000000000),
 ( 1.000000000000000000, 0.9038128289597284800, 1.000000000000000000),
 ( 1.000000000000000000, 0.8282379786091502700, 1.000000000000000000),
 ( 1.000000000000000000, 0.7876784249695353300, 1.000000000000000000),
 ( 1.000000000000000000, 0.7265518147276751600, 1.000000000000000000),
 ( 1.000000000000000000, 0.7066757001360835000, 1.000000000000000000),
 ( 1.000000000000000000, 0.7071067811865483500, 1.000000000000000000) ) ) 
 REPRESENTATION_ITEM ( '' )  SURFACE ( )  );
#593 =( BOUNDED_CURVE ( )  B_SPLINE_CURVE ( 3, ( #2415, #2438, #2417, #2434 ),
 .UNSPECIFIED., .F., .F. ) 
 B_SPLINE_CURVE_WITH_KNOTS ( ( 4, 4 ),
 ( 1.570796326794896800, 3.141592653589793100 ),
 .UNSPECIFIED. ) 
 CURVE ( )  GEOMETRIC_REPRESENTATION_ITEM ( )  RATIONAL_B_SPLINE_CURVE ( ( 1.000000000000000000, 0.8047378541243650500, 0.8047378541243650500, 1.000000000000000000 ) ) 
 REPRESENTATION_ITEM ( '' )  );
#594 =( BOUNDED_SURFACE ( )  B_SPLINE_SURFACE ( 3, 2, ( 
 ( #2258, #2255, #2256 ),
 ( #2263, #2249, #2278 ),
 ( #2292, #2279, #2264 ),
 ( #2265, #2284, #2266 ),
 ( #2286, #2296, #2248 ),
 ( #2282, #2270, #2290 ),
 ( #2280, #2283, #2287 ),
 ( #2267, #2288, #2268 ),
 ( #2273, #2295, #2293 ),
 ( #2274, #2269, #2271 ) ),
 .UNSPECIFIED., .F., .F., .F. ) 
 B_SPLINE_SURFACE_WITH_KNOTS ( ( 4, 2, 2, 2, 4 ),
 ( 3, 3 ),
 ( 1.570796326794896600, 1.963495408493620700, 2.356194490192344800, 2.748893571891069000, 3.141592653589793100 ),
 ( 0.0000000000000000000, 1.000000000000000000 ),
 .UNSPECIFIED. ) 
 GEOMETRIC_REPRESENTATION_ITEM ( )  RATIONAL_B_SPLINE_SURFACE ( (
 ( 1.000000000000000000, 1.000000000000000000, 1.000000000000000000),
 ( 1.000000000000000000, 1.000158598892042900, 1.000000000000000000),
 ( 1.000000000000000000, 0.9867291651255222200, 1.000000000000000000),
 ( 1.000000000000000000, 0.9386556746367912300, 1.000000000000000000),
 ( 1.000000000000000000, 0.9038128289597070500, 1.000000000000000000),
 ( 1.000000000000000000, 0.8282379786091732500, 1.000000000000000000),
 ( 1.000000000000000000, 0.7876784249694146500, 1.000000000000000000),
 ( 1.000000000000000000, 0.7265518147277956200, 1.000000000000000000),
 ( 1.000000000000000000, 0.7066757001359924600, 1.000000000000000000),
 ( 1.000000000000000000, 0.7071067811865482400, 1.000000000000000000) ) ) 
 REPRESENTATION_ITEM ( '' )  SURFACE ( )  );
#595 =( BOUNDED_SURFACE ( )  B_SPLINE_SURFACE ( 3, 2, ( 
 ( #1788, #1829, #1787 ),
 ( #1810, #1797, #1834 ),
 ( #1811, #1837, #1819 ),
 ( #1824, #1795, #1815 ),
 ( #1838, #1798, #1812 ),
 ( #1799, #1813, #1816 ),
 ( #1817, #1818, #1850 ),
 ( #1847, #1846, #1884 ),
 ( #1856, #1862, #1869 ),
 ( #1868, #1857, #1877 ) ),
 .UNSPECIFIED., .F., .F., .F. ) 
 B_SPLINE_SURFACE_WITH_KNOTS ( ( 4, 2, 2, 2, 4 ),
 ( 3, 3 ),
 ( 6.283185307179586200, 6.675884388878310800, 7.068583470577034500, 7.461282552275758200, 7.853981633974482800 ),
 ( 0.0000000000000000000, 1.000000000000000000 ),
 .UNSPECIFIED. ) 
 GEOMETRIC_REPRESENTATION_ITEM ( )  RATIONAL_B_SPLINE_SURFACE ( (
 ( 1.000000000000000000, 0.7071067811865465700, 1.000000000000000000),
 ( 1.000000000000000000, 0.7066757001359924600, 1.000000000000000000),
 ( 1.000000000000000000, 0.7265518147277958400, 1.000000000000000000),
 ( 1.000000000000000000, 0.7876784249694069900, 1.000000000000000000),
 ( 1.000000000000000000, 0.8282379786093979600, 1.000000000000000000),
 ( 1.000000000000000000, 0.9038128289594750100, 1.000000000000000000),
 ( 1.000000000000000000, 0.9386556746368751600, 1.000000000000000000),
 ( 1.000000000000000000, 0.9867291651254379600, 1.000000000000000000),
 ( 1.000000000000000000, 1.000158598892106900, 1.000000000000000000),
 ( 1.000000000000000000, 1.000000000000000000, 1.000000000000000000) ) ) 
 REPRESENTATION_ITEM ( '' )  SURFACE ( )  );
#596 =( BOUNDED_SURFACE ( )  B_SPLINE_SURFACE ( 3, 2, ( 
 ( #2232, #2243, #2240 ),
 ( #2193, #2207, #2208 ),
 ( #2206, #2194, #2215 ),
 ( #2196, #2223, #2201 ),
 ( #2205, #2216, #2217 ),
 ( #2218, #2220, #2221 ),
 ( #2225, #2285, #2281 ),
 ( #2257, #2260, #2294 ),
 ( #2253, #2291, #2254 ),
 ( #2259, #2262, #2272 ) ),
 .UNSPECIFIED., .F., .F., .F. ) 
 B_SPLINE_SURFACE_WITH_KNOTS ( ( 4, 2, 2, 2, 4 ),
 ( 3, 3 ),
 ( 1.570796326794896600, 1.963495408493620700, 2.356194490192344800, 2.748893571891069000, 3.141592653589793100 ),
 ( 0.0000000000000000000, 1.000000000000000000 ),
 .UNSPECIFIED. ) 
 GEOMETRIC_REPRESENTATION_ITEM ( )  RATIONAL_B_SPLINE_SURFACE ( (
 ( 1.000000000000000000, 1.000000000000000000, 1.000000000000000000),
 ( 1.000000000000000000, 1.000158598892124900, 1.000000000000000000),
 ( 1.000000000000000000, 0.9867291651254133100, 1.000000000000000000),
 ( 1.000000000000000000, 0.9386556746368999200, 1.000000000000000000),
 ( 1.000000000000000000, 0.9038128289594953300, 1.000000000000000000),
 ( 1.000000000000000000, 0.8282379786093798700, 1.000000000000000000),
 ( 1.000000000000000000, 0.7876784249694325200, 1.000000000000000000),
 ( 1.000000000000000000, 0.7265518147277746400, 1.000000000000000000),
 ( 1.000000000000000000, 0.7066757001360133300, 1.000000000000000000),
 ( 1.000000000000000000, 0.7071067811865483500, 1.000000000000000000) ) ) 
 REPRESENTATION_ITEM ( '' )  SURFACE ( )  );
#597 =( BOUNDED_SURFACE ( )  B_SPLINE_SURFACE ( 3, 2, ( 
 ( #1783, #1780, #1782 ),
 ( #1764, #1766, #1765 ),
 ( #1784, #1785, #1763 ),
 ( #1767, #1781, #1768 ),
 ( #1776, #1778, #1774 ),
 ( #1779, #1786, #1769 ),
 ( #1755, #1756, #1758 ),
 ( #1777, #1759, #1760 ),
 ( #1761, #1770, #1771 ),
 ( #1772, #1773, #1775 ) ),
 .UNSPECIFIED., .F., .F., .F. ) 
 B_SPLINE_SURFACE_WITH_KNOTS ( ( 4, 2, 2, 2, 4 ),
 ( 3, 3 ),
 ( 1.570796326794896600, 1.963495408493620700, 2.356194490192344800, 2.748893571891069000, 3.141592653589793100 ),
 ( 0.0000000000000000000, 1.000000000000000000 ),
 .UNSPECIFIED. ) 
 GEOMETRIC_REPRESENTATION_ITEM ( )  RATIONAL_B_SPLINE_SURFACE ( (
 ( 1.000000000000000000, 1.000000000000000000, 1.000000000000000000),
 ( 1.000000000000000000, 1.000158598892029000, 1.000000000000000000),
 ( 1.000000000000000000, 0.9867291651255427600, 1.000000000000000000),
 ( 1.000000000000000000, 0.9386556746367722400, 1.000000000000000000),
 ( 1.000000000000000000, 0.9038128289595835900, 1.000000000000000000),
 ( 1.000000000000000000, 0.8282379786092989300, 1.000000000000000000),
 ( 1.000000000000000000, 0.7876784249695049100, 1.000000000000000000),
 ( 1.000000000000000000, 0.7265518147277069100, 1.000000000000000000),
 ( 1.000000000000000000, 0.7066757001360727300, 1.000000000000000000),
 ( 1.000000000000000000, 0.7071067811865446900, 1.000000000000000000) ) ) 
 REPRESENTATION_ITEM ( '' )  SURFACE ( )  );
#598 =( BOUNDED_CURVE ( )  B_SPLINE_CURVE ( 3, ( #2428, #2439, #2424, #2440 ),
 .UNSPECIFIED., .F., .F. ) 
 B_SPLINE_CURVE_WITH_KNOTS ( ( 4, 4 ),
 ( 0.0000000000000000000, 1.570796326794896600 ),
 .UNSPECIFIED. ) 
 CURVE ( )  GEOMETRIC_REPRESENTATION_ITEM ( )  RATIONAL_B_SPLINE_CURVE ( ( 1.000000000000000000, 0.8047378541243649400, 0.8047378541243649400, 1.000000000000000000 ) ) 
 REPRESENTATION_ITEM ( '' )  );
#599 =( BOUNDED_CURVE ( )  B_SPLINE_CURVE ( 3, ( #2473, #2484, #2453, #2463 ),
 .UNSPECIFIED., .F., .F. ) 
 B_SPLINE_CURVE_WITH_KNOTS ( ( 4, 4 ),
 ( 0.0000000000000000000, 1.570796326794896600 ),
 .UNSPECIFIED. ) 
 CURVE ( )  GEOMETRIC_REPRESENTATION_ITEM ( )  RATIONAL_B_SPLINE_CURVE ( ( 1.000000000000000000, 0.8047378541243649400, 0.8047378541243649400, 1.000000000000000000 ) ) 
 REPRESENTATION_ITEM ( '' )  );
#600 = B_SPLINE_CURVE_WITH_KNOTS ( 'NONE', 3,
 ( #1794, #1867, #1840, #1898, #1912, #1964 ),
 .UNSPECIFIED., .F., .F.,
 ( 4, 2, 4 ),
 ( 0.0000000000000000000, 0.0009958847179759445900, 0.001991769435951889200 ),
 .UNSPECIFIED. ) ;
#601 =( BOUNDED_SURFACE ( )  B_SPLINE_SURFACE ( 3, 2, ( 
 ( #2054, #2087, #2055 ),
 ( #2073, #2074, #2075 ),
 ( #2076, #2079, #2077 ),
 ( #2058, #2080, #2045 ),
 ( #2083, #2086, #2047 ),
 ( #2048, #2051, #2052 ),
 ( #2057, #2127, #2133 ),
 ( #2143, #2095, #2096 ),
 ( #2122, #2142, #2139 ),
 ( #2134, #2104, #2123 ) ),
 .UNSPECIFIED., .F., .F., .F. ) 
 B_SPLINE_SURFACE_WITH_KNOTS ( ( 4, 2, 2, 2, 4 ),
 ( 3, 3 ),
 ( 6.283185307179586200, 6.675884388878310800, 7.068583470577034500, 7.461282552275758200, 7.853981633974482800 ),
 ( 0.0000000000000000000, 1.000000000000000000 ),
 .UNSPECIFIED. ) 
 GEOMETRIC_REPRESENTATION_ITEM ( )  RATIONAL_B_SPLINE_SURFACE ( (
 ( 1.000000000000000000, 0.7071067811865466800, 1.000000000000000000),
 ( 1.000000000000000000, 0.7066757001360214300, 1.000000000000000000),
 ( 1.000000000000000000, 0.7265518147277633100, 1.000000000000000000),
 ( 1.000000000000000000, 0.7876784249694445100, 1.000000000000000000),
 ( 1.000000000000000000, 0.8282379786094665700, 1.000000000000000000),
 ( 1.000000000000000000, 0.9038128289594101700, 1.000000000000000000),
 ( 1.000000000000000000, 0.9386556746369196800, 1.000000000000000000),
 ( 1.000000000000000000, 0.9867291651253934400, 1.000000000000000000),
 ( 1.000000000000000000, 1.000158598892140000, 1.000000000000000000),
 ( 1.000000000000000000, 1.000000000000000000, 1.000000000000000000) ) ) 
 REPRESENTATION_ITEM ( '' )  SURFACE ( )  );
#602 = MANIFOLD_SOLID_BREP ( 'Cut-Extrude4', #2839 ) ;
#603 =( BOUNDED_CURVE ( )  B_SPLINE_CURVE ( 3, ( #958, #951, #939, #941 ),
 .UNSPECIFIED., .F., .F. ) 
 B_SPLINE_CURVE_WITH_KNOTS ( ( 4, 4 ),
 ( 0.0000000000000000000, 1.570796326794896800 ),
 .UNSPECIFIED. ) 
 CURVE ( )  GEOMETRIC_REPRESENTATION_ITEM ( )  RATIONAL_B_SPLINE_CURVE ( ( 1.000000000000000000, 0.8047378541243649400, 0.8047378541243649400, 1.000000000000000000 ) ) 
 REPRESENTATION_ITEM ( '' )  );
#604 = DIRECTION ( 'NONE',  ( 0.7071067811865449100, -0.7071067811865501300, 1.226634733346702700E-015 ) ) ;
#605 = DIRECTION ( 'NONE',  ( 0.7071067811865497900, 0.7071067811865454600, 0.0000000000000000000 ) ) ;
#606 = CARTESIAN_POINT ( 'NONE',  ( -26.51614716074866600, -1.430360723121839600, 45.00000000000000000 ) ) ;
#607 = CARTESIAN_POINT ( 'NONE',  ( 7.026488708941753800, -2.022534857012789500, 44.00000000000000000 ) ) ;
#608 = CARTESIAN_POINT ( 'NONE',  ( 22.76848122046001400, -4.470919882223960900, 44.00000000000000000 ) ) ;
#609 = CARTESIAN_POINT ( 'NONE',  ( -6.884762305997619500, 19.46296663651215700, 19.50708287638514400 ) ) ;
#610 = DIRECTION ( 'NONE',  ( 0.7071067811865475700, -0.7071067811865475700, 0.0000000000000000000 ) ) ;
#611 = CARTESIAN_POINT ( 'NONE',  ( 22.76848122046001400, -3.763813101037395200, 44.00000000000000000 ) ) ;
#612 = CARTESIAN_POINT ( 'NONE',  ( -26.16259377015539700, -0.3697005513420164600, 44.58578643762690100 ) ) ;
#613 = CARTESIAN_POINT ( 'NONE',  ( 22.76848122046001800, -3.763813101037396100, 44.58578643762690100 ) ) ;
#614 = CARTESIAN_POINT ( 'NONE',  ( -26.16259377015539300, -0.3697005513420164600, 44.00000000000000000 ) ) ;
#615 = CARTESIAN_POINT ( 'NONE',  ( 23.82914139223983000, -4.117366491630678000, 45.00000000000000000 ) ) ;
#616 = CARTESIAN_POINT ( 'NONE',  ( 14.84888527117067600, 3.448676067065378000, 44.58578643762690100 ) ) ;
#617 = CARTESIAN_POINT ( 'NONE',  ( 22.76848122046001800, -4.470919882223962600, 44.58578643762690100 ) ) ;
#618 = CARTESIAN_POINT ( 'NONE',  ( -6.585786437626895300, 19.50000000000000000, 18.91148819174722500 ) ) ;
#619 = CARTESIAN_POINT ( 'NONE',  ( -6.746853889173781500, 19.50000000000000700, 19.20708589202540800 ) ) ;
#620 = CARTESIAN_POINT ( 'NONE',  ( 23.20782104868019100, -3.910259710444127000, 45.00000000000000000 ) ) ;
#621 = CARTESIAN_POINT ( 'NONE',  ( 6.585786437626906900, 18.50000000000000000, 44.00000000000000000 ) ) ;
#622 = CARTESIAN_POINT ( 'NONE',  ( 23.82914139223983000, -4.117366491630678000, 45.00000000000000000 ) ) ;
#623 = CARTESIAN_POINT ( 'NONE',  ( 15.20243866176396000, 4.509336238845188300, 45.00000000000000000 ) ) ;
#624 = CARTESIAN_POINT ( 'NONE',  ( 23.20782104868019100, -4.324473272817232200, 45.00000000000000000 ) ) ;
#625 = CARTESIAN_POINT ( 'NONE',  ( 14.99533188057740500, 3.888015895285551700, 45.00000000000000000 ) ) ;
#626 = CARTESIAN_POINT ( 'NONE',  ( 26.51614716074867000, -1.430360723121835400, 45.00000000000000000 ) ) ;
#627 = CARTESIAN_POINT ( 'NONE',  ( 26.72325394193521600, -0.8090403795621919900, 45.00000000000000000 ) ) ;
#628 = CARTESIAN_POINT ( 'NONE',  ( -26.30904037956212000, -0.8090403795621952100, 45.00000000000000000 ) ) ;
#629 = CARTESIAN_POINT ( 'NONE',  ( 14.84888527117067600, 3.448676067065382000, 44.00000000000000000 ) ) ;
#630 = CARTESIAN_POINT ( 'NONE',  ( 38.41421356237309900, -13.32842712474631200, 44.00000000000000000 ) ) ;
#631 = DIRECTION ( 'NONE',  ( 0.7071067811865510100, 0.7071067811865441300, 0.0000000000000000000 ) ) ;
#632 = CARTESIAN_POINT ( 'NONE',  ( -7.119681287656001200, 19.35536401725579100, 20.11931873592584800 ) ) ;
#633 = DIRECTION ( 'NONE',  ( 0.7071067811865453500, -0.7071067811865496800, -6.133173666733471900E-016 ) ) ;
#634 = DIRECTION ( 'NONE',  ( 0.7071067811865475700, 0.7071067811865475700, 0.0000000000000000000 ) ) ;
#635 = CARTESIAN_POINT ( 'NONE',  ( -7.216764665857520600, 19.28323533414247100, 20.43246166505279100 ) ) ;
#636 = CARTESIAN_POINT ( 'NONE',  ( -7.292893218813447700, 19.20710678118655000, 20.74965474863250100 ) ) ;
#637 = CARTESIAN_POINT ( 'NONE',  ( 18.95010460205264000, 7.549895397947316200, 44.00000000000000000 ) ) ;
#638 = DIRECTION ( 'NONE',  ( 0.0000000000000000000, 0.0000000000000000000, -1.000000000000000000 ) ) ;
#639 = CARTESIAN_POINT ( 'NONE',  ( -39.00000000000000000, -14.74264068711940600, 44.00000000000000000 ) ) ;
#640 = CARTESIAN_POINT ( 'NONE',  ( -15.20243866176396200, 4.509336238845191000, 45.00000000000000000 ) ) ;
#641 = CARTESIAN_POINT ( 'NONE',  ( -15.55599205235724500, 3.448676067065378400, 44.58578643762690100 ) ) ;
#642 = DIRECTION ( 'NONE',  ( 0.0000000000000000000, -1.000000000000000000, 0.0000000000000000000 ) ) ;
#643 = DIRECTION ( 'NONE',  ( -0.0000000000000000000, 0.0000000000000000000, -1.000000000000000000 ) ) ;
#644 = CARTESIAN_POINT ( 'NONE',  ( -15.40954544295051300, 3.888015895285553000, 45.00000000000000000 ) ) ;
#645 = DIRECTION ( 'NONE',  ( 0.7071067811865462400, -0.7071067811865489100, -0.0000000000000000000 ) ) ;
#646 = DIRECTION ( 'NONE',  ( -0.0000000000000000000, -0.0000000000000000000, 1.000000000000000000 ) ) ;
#647 = CARTESIAN_POINT ( 'NONE',  ( 6.585786437626907700, 18.50000000000000000, 1.000000000000000900 ) ) ;
#648 = CARTESIAN_POINT ( 'NONE',  ( -6.585786437626896200, 18.50000000000000000, 1.000000000000000900 ) ) ;
#649 = DIRECTION ( 'NONE',  ( -1.000000000000000000, -3.469446951953614200E-015, 0.0000000000000000000 ) ) ;
#650 = CARTESIAN_POINT ( 'NONE',  ( -18.59655121145936400, 7.196342007354044100, 44.00000000000000000 ) ) ;
#651 = DIRECTION ( 'NONE',  ( -1.000000000000000000, 0.0000000000000000000, 0.0000000000000000000 ) ) ;
#652 = CARTESIAN_POINT ( 'NONE',  ( -15.55599205235724400, 3.448676067065378900, 44.00000000000000000 ) ) ;
#653 = DIRECTION ( 'NONE',  ( -1.000000000000000000, -6.938893903907228400E-015, 0.0000000000000000000 ) ) ;
#654 = DIRECTION ( 'NONE',  ( -0.0000000000000000000, -0.0000000000000000000, 1.000000000000000000 ) ) ;
#655 = CARTESIAN_POINT ( 'NONE',  ( -17.29727029638184300, -12.29331644445288200, 44.00000000000000000 ) ) ;
#656 = DIRECTION ( 'NONE',  ( 0.7071067811865484600, -0.7071067811865468000, 0.0000000000000000000 ) ) ;
#657 = DIRECTION ( 'NONE',  ( 0.0000000000000000000, 0.0000000000000000000, -1.000000000000000000 ) ) ;
#658 = CARTESIAN_POINT ( 'NONE',  ( 26.51614716074867000, -0.7232539419352868000, 44.00000000000000000 ) ) ;
#659 = DIRECTION ( 'NONE',  ( -0.7071067811865465700, -0.7071067811865484600, 0.0000000000000000000 ) ) ;
#660 = CARTESIAN_POINT ( 'NONE',  ( 26.16259377015539700, -0.3697005513420131300, 16.99999999999999600 ) ) ;
#661 = CARTESIAN_POINT ( 'NONE',  ( 22.76848122046001400, -3.763813101037395200, 16.99999999999999600 ) ) ;
#662 = DIRECTION ( 'NONE',  ( -0.0000000000000000000, -0.0000000000000000000, 1.000000000000000000 ) ) ;
#663 = DIRECTION ( 'NONE',  ( 0.0000000000000000000, 0.0000000000000000000, 1.000000000000000000 ) ) ;
#664 = CARTESIAN_POINT ( 'NONE',  ( 6.747717513503449300, 19.50000000000000000, 19.20867085139057200 ) ) ;
#665 = DIRECTION ( 'NONE',  ( -0.0000000000000000000, -0.0000000000000000000, -1.000000000000000000 ) ) ;
#666 = DIRECTION ( 'NONE',  ( -1.000000000000000000, 0.0000000000000000000, 0.0000000000000000000 ) ) ;
#667 = CARTESIAN_POINT ( 'NONE',  ( 7.120137482232419000, 19.35505074251031800, 20.12073511348426200 ) ) ;
#668 = CARTESIAN_POINT ( 'NONE',  ( -18.51076477383245600, 7.403448788540588400, 45.00000000000000000 ) ) ;
#669 = CARTESIAN_POINT ( 'NONE',  ( 23.94407403953539100, -5.646512701299337200, 44.00000000000000000 ) ) ;
#670 = DIRECTION ( 'NONE',  ( -1.000000000000000000, 0.0000000000000000000, 0.0000000000000000000 ) ) ;
#671 = CARTESIAN_POINT ( 'NONE',  ( 6.885638894889235800, 19.46266885013081400, 19.50914123113673100 ) ) ;
#672 = CARTESIAN_POINT ( 'NONE',  ( -18.95010460205263700, 7.549895397947316200, 44.00000000000000000 ) ) ;
#673 = CARTESIAN_POINT ( 'NONE',  ( 7.216580862564867100, 19.28341913743513200, 20.43169584026160400 ) ) ;
#674 = CARTESIAN_POINT ( 'NONE',  ( -18.95010460205263700, 7.549895397947314500, 44.58578643762690100 ) ) ;
#675 = DIRECTION ( 'NONE',  ( -0.7071067811865474600, 0.7071067811865474600, -0.0000000000000000000 ) ) ;
#676 = CARTESIAN_POINT ( 'NONE',  ( 39.00000000000000000, -18.50000000000000000, 44.00000000000000000 ) ) ;
#677 = DIRECTION ( 'NONE',  ( 0.0000000000000000000, 0.0000000000000000000, -1.000000000000000000 ) ) ;
#678 = CARTESIAN_POINT ( 'NONE',  ( -17.88944443027281400, 7.196342007354042300, 45.00000000000000000 ) ) ;
#679 = DIRECTION ( 'NONE',  ( -1.000000000000000000, 0.0000000000000000000, 0.0000000000000000000 ) ) ;
#680 = CARTESIAN_POINT ( 'NONE',  ( -39.00000000000000000, -18.50000000000000000, 44.00000000000000000 ) ) ;
#681 = CARTESIAN_POINT ( 'NONE',  ( 7.292893218813454800, 19.20710678118654300, 20.74965474863250500 ) ) ;
#682 = CARTESIAN_POINT ( 'NONE',  ( 6.585786437626907700, 19.50000000000000000, 18.91148819174723500 ) ) ;
#683 = DIRECTION ( 'NONE',  ( 0.0000000000000000000, 1.000000000000000000, 0.0000000000000000000 ) ) ;
#684 = CARTESIAN_POINT ( 'NONE',  ( 20.97422555855189000, -8.616361182282837200, 44.00000000000000000 ) ) ;
#685 = CARTESIAN_POINT ( 'NONE',  ( -15.20243866176396200, 4.509336238845191000, 45.00000000000000000 ) ) ;
#686 = CARTESIAN_POINT ( 'NONE',  ( 3.469446951953614200E-015, 19.50000000000000000, 22.50000000000000000 ) ) ;
#687 = CARTESIAN_POINT ( 'NONE',  ( 5.346551211459380500, -5.346551211459384100, 45.00000000000000000 ) ) ;
#688 = CARTESIAN_POINT ( 'NONE',  ( -14.84888527117067600, 3.448676067065382000, 44.00000000000000000 ) ) ;
#689 = DIRECTION ( 'NONE',  ( 0.7071067811865479100, 0.7071067811865472400, 0.0000000000000000000 ) ) ;
#690 = CARTESIAN_POINT ( 'NONE',  ( -26.51614716074866600, -1.430360723121839600, 45.00000000000000000 ) ) ;
#691 = CARTESIAN_POINT ( 'NONE',  ( 3.469446951953614200E-015, 19.50000000000000000, 30.00000000000000000 ) ) ;
#692 = CARTESIAN_POINT ( 'NONE',  ( 20.97422555855189000, -8.616361182282837200, 45.00000000000000000 ) ) ;
#693 = DIRECTION ( 'NONE',  ( 0.0000000000000000000, -0.0000000000000000000, -1.000000000000000000 ) ) ;
#694 = DIRECTION ( 'NONE',  ( -0.0000000000000000000, 0.0000000000000000000, 1.000000000000000000 ) ) ;
#695 = DIRECTION ( 'NONE',  ( 1.000000000000000000, 0.0000000000000000000, 0.0000000000000000000 ) ) ;
#696 = DIRECTION ( 'NONE',  ( 0.7071067811865470200, -0.7071067811865480200, 0.0000000000000000000 ) ) ;
#697 = DIRECTION ( 'NONE',  ( 1.000000000000000000, 0.0000000000000000000, 0.0000000000000000000 ) ) ;
#698 = CARTESIAN_POINT ( 'NONE',  ( 9.855887450304585700, 9.855887450304571500, 45.00000000000000000 ) ) ;
#699 = DIRECTION ( 'NONE',  ( -0.7071067811865484600, -0.7071067811865468000, 0.0000000000000000000 ) ) ;
#700 = CARTESIAN_POINT ( 'NONE',  ( 39.00000000000000000, -18.50000000000000000, 44.00000000000000000 ) ) ;
#701 = CARTESIAN_POINT ( 'NONE',  ( -26.72325394193521900, -0.8090403795621966500, 45.00000000000000000 ) ) ;
#702 = CARTESIAN_POINT ( 'NONE',  ( -14.84888527117067800, 3.448676067065379800, 44.58578643762690100 ) ) ;
#703 = CARTESIAN_POINT ( 'NONE',  ( -7.000000000000000000, 19.50000000000000000, 1.000000000000000900 ) ) ;
#704 = CARTESIAN_POINT ( 'NONE',  ( 39.00000000000000000, -14.74264068711940500, 45.00000000000000000 ) ) ;
#705 = DIRECTION ( 'NONE',  ( 0.0000000000000000000, 0.0000000000000000000, -1.000000000000000000 ) ) ;
#706 = DIRECTION ( 'NONE',  ( -0.7071067811865465700, 0.7071067811865484600, 3.009265538105052900E-030 ) ) ;
#707 = CARTESIAN_POINT ( 'NONE',  ( 14.38039923328185000, 5.331375667327304100, 44.00000000000000000 ) ) ;
#708 = DIRECTION ( 'NONE',  ( 0.0000000000000000000, 0.0000000000000000000, 1.000000000000000000 ) ) ;
#709 = DIRECTION ( 'NONE',  ( -0.0000000000000000000, 1.000000000000000000, -0.0000000000000000000 ) ) ;
#710 = DIRECTION ( 'NONE',  ( -1.000000000000000000, 0.0000000000000000000, 0.0000000000000000000 ) ) ;
#711 = CARTESIAN_POINT ( 'NONE',  ( -14.99533188057740700, 3.888015895285553900, 45.00000000000000000 ) ) ;
#712 = DIRECTION ( 'NONE',  ( -0.0000000000000000000, 1.000000000000000000, -0.0000000000000000000 ) ) ;
#713 = CARTESIAN_POINT ( 'NONE',  ( -26.86970055134193900, -0.3697005513420177400, 44.00000000000000000 ) ) ;
#714 = CARTESIAN_POINT ( 'NONE',  ( -26.86970055134194600, -0.3697005513420164000, 44.58578643762690100 ) ) ;
#715 = DIRECTION ( 'NONE',  ( 0.0000000000000000000, -1.000000000000000000, 0.0000000000000000000 ) ) ;
#716 = DIRECTION ( 'NONE',  ( -0.0000000000000000000, -0.0000000000000000000, 1.000000000000000000 ) ) ;
#717 = DIRECTION ( 'NONE',  ( 0.0000000000000000000, 0.0000000000000000000, -1.000000000000000000 ) ) ;
#718 = CARTESIAN_POINT ( 'NONE',  ( -10.70344397111180100, 1.654420405157258600, 16.99999999999999600 ) ) ;
#719 = DIRECTION ( 'NONE',  ( 0.0000000000000000000, 0.0000000000000000000, 1.000000000000000000 ) ) ;
#720 = CARTESIAN_POINT ( 'NONE',  ( -39.00000000000000000, -19.50000000000000000, 44.00000000000000000 ) ) ;
#721 = CARTESIAN_POINT ( 'NONE',  ( -23.12203461105329800, -4.117366491630678000, 44.00000000000000000 ) ) ;
#722 = CARTESIAN_POINT ( 'NONE',  ( 3.469446951953614200E-015, -19.50000000000000000, 22.50000000000000000 ) ) ;
#723 = DIRECTION ( 'NONE',  ( -1.000000000000000000, 0.0000000000000000000, 0.0000000000000000000 ) ) ;
#724 = CARTESIAN_POINT ( 'NONE',  ( 3.469446951953614200E-015, 10.90000000000000000, 22.50000000000000000 ) ) ;
#725 = CARTESIAN_POINT ( 'NONE',  ( -6.585786437626896200, 19.50000000000000000, 45.00000000000000000 ) ) ;
#726 = DIRECTION ( 'NONE',  ( 0.0000000000000000000, 0.0000000000000000000, 1.000000000000000000 ) ) ;
#727 = CARTESIAN_POINT ( 'NONE',  ( -13.67329245209530000, 4.624268886140757000, 16.99999999999999600 ) ) ;
#728 = CARTESIAN_POINT ( 'NONE',  ( -10.70344397111180100, 1.654420405157258600, 45.00000000000000000 ) ) ;
#729 = CARTESIAN_POINT ( 'NONE',  ( -7.026488708941753800, -2.022534857012789500, 44.00000000000000000 ) ) ;
#730 = DIRECTION ( 'NONE',  ( -0.0000000000000000000, 1.000000000000000000, -0.0000000000000000000 ) ) ;
#731 = DIRECTION ( 'NONE',  ( -0.0000000000000000000, 1.000000000000000000, -0.0000000000000000000 ) ) ;
#732 = CARTESIAN_POINT ( 'NONE',  ( 39.00000000000000000, -18.50000000000000000, 44.00000000000000000 ) ) ;
#733 = DIRECTION ( 'NONE',  ( -0.0000000000000000000, -0.0000000000000000000, 1.000000000000000000 ) ) ;
#734 = DIRECTION ( 'NONE',  ( 0.0000000000000000000, 0.0000000000000000000, 1.000000000000000000 ) ) ;
#735 = DIRECTION ( 'NONE',  ( -0.7071067811865475700, -0.7071067811865475700, 0.0000000000000000000 ) ) ;
#736 = DIRECTION ( 'NONE',  ( 1.000000000000000000, 0.0000000000000000000, 0.0000000000000000000 ) ) ;
#737 = DIRECTION ( 'NONE',  ( 0.7071067811865475700, -0.7071067811865475700, 0.0000000000000000000 ) ) ;
#738 = DIRECTION ( 'NONE',  ( -1.000000000000000000, -0.0000000000000000000, -0.0000000000000000000 ) ) ;
#739 = DIRECTION ( 'NONE',  ( 0.0000000000000000000, 0.0000000000000000000, 1.000000000000000000 ) ) ;
#740 = DIRECTION ( 'NONE',  ( 0.0000000000000000000, -0.0000000000000000000, -1.000000000000000000 ) ) ;
#741 = DIRECTION ( 'NONE',  ( -1.000000000000000000, 0.0000000000000000000, 0.0000000000000000000 ) ) ;
#742 = CARTESIAN_POINT ( 'NONE',  ( 25.17422555855189300, -8.616361182282837200, 16.99999999999999600 ) ) ;
#743 = DIRECTION ( 'NONE',  ( -0.0000000000000000000, -0.0000000000000000000, 1.000000000000000000 ) ) ;
#744 = DIRECTION ( 'NONE',  ( 1.000000000000000000, 0.0000000000000000000, 0.0000000000000000000 ) ) ;
#745 = CARTESIAN_POINT ( 'NONE',  ( -6.885638894889226000, 19.46266885013081100, 25.49085876886326600 ) ) ;
#746 = CARTESIAN_POINT ( 'NONE',  ( -23.12203461105329800, -4.117366491630677100, 16.99999999999999600 ) ) ;
#747 = DIRECTION ( 'NONE',  ( 1.000000000000000000, -0.0000000000000000000, -0.0000000000000000000 ) ) ;
#748 = CARTESIAN_POINT ( 'NONE',  ( -7.216580862564856400, 19.28341913743513900, 24.56830415973840300 ) ) ;
#749 = DIRECTION ( 'NONE',  ( 0.0000000000000000000, -0.0000000000000000000, -1.000000000000000000 ) ) ;
#750 = DIRECTION ( 'NONE',  ( -1.000000000000000000, 0.0000000000000000000, 0.0000000000000000000 ) ) ;
#751 = CARTESIAN_POINT ( 'NONE',  ( -6.747717513503437700, 19.50000000000000000, 25.79132914860943500 ) ) ;
#752 = DIRECTION ( 'NONE',  ( -0.0000000000000000000, 1.000000000000000000, -0.0000000000000000000 ) ) ;
#753 = CARTESIAN_POINT ( 'NONE',  ( -7.120137482232410200, 19.35505074251031100, 24.87926488651575200 ) ) ;
#754 = CARTESIAN_POINT ( 'NONE',  ( 20.97422555855189000, -8.616361182282837200, 45.00000000000000000 ) ) ;
#755 = DIRECTION ( 'NONE',  ( 1.000000000000000000, -1.000802005371234800E-015, 0.0000000000000000000 ) ) ;
#756 = CARTESIAN_POINT ( 'NONE',  ( -6.585786437626895300, 19.50000000000000000, 26.08851180825277200 ) ) ;
#757 = DIRECTION ( 'NONE',  ( -0.0000000000000000000, -0.0000000000000000000, -1.000000000000000000 ) ) ;
#758 = CARTESIAN_POINT ( 'NONE',  ( -7.292893218813447700, 19.20710678118655000, 24.25034525136749500 ) ) ;
#759 = CARTESIAN_POINT ( 'NONE',  ( 6.585786437626907700, 19.50000000000000000, 44.00000000000000000 ) ) ;
#760 = CARTESIAN_POINT ( 'NONE',  ( 4.387932051314128600E-015, 19.50000000000000000, 15.00000000000000200 ) ) ;
#761 = CARTESIAN_POINT ( 'NONE',  ( 6.585786437626907700, 19.50000000000000000, 45.00000000000000000 ) ) ;
#762 = DIRECTION ( 'NONE',  ( 0.0000000000000000000, 0.0000000000000000000, -1.000000000000000000 ) ) ;
#763 = DIRECTION ( 'NONE',  ( -0.7071067811865472400, -0.7071067811865479100, 0.0000000000000000000 ) ) ;
#764 = DIRECTION ( 'NONE',  ( -0.0000000000000000000, 0.0000000000000000000, 1.000000000000000000 ) ) ;
#765 = DIRECTION ( 'NONE',  ( -1.000000000000000000, 0.0000000000000000000, 0.0000000000000000000 ) ) ;
#766 = CARTESIAN_POINT ( 'NONE',  ( 6.585786437626907700, 19.50000000000000000, 44.00000000000000000 ) ) ;
#767 = CARTESIAN_POINT ( 'NONE',  ( 9.855887450304575000, 9.855887450304575000, 45.00000000000000000 ) ) ;
#768 = CARTESIAN_POINT ( 'NONE',  ( 13.97325394193526200, -13.97325394193525100, 45.00000000000000000 ) ) ;
#769 = DIRECTION ( 'NONE',  ( -0.0000000000000000000, -0.0000000000000000000, -1.000000000000000000 ) ) ;
#770 = CARTESIAN_POINT ( 'NONE',  ( 37.00000000000000700, -14.74264068711940500, 45.00000000000000000 ) ) ;
#771 = DIRECTION ( 'NONE',  ( 1.000000000000000000, 0.0000000000000000000, 0.0000000000000000000 ) ) ;
#772 = CARTESIAN_POINT ( 'NONE',  ( 20.97422555855189000, -8.616361182282837200, 16.99999999999999600 ) ) ;
#773 = DIRECTION ( 'NONE',  ( 0.7071067811865474600, -0.7071067811865474600, 0.0000000000000000000 ) ) ;
#774 = DIRECTION ( 'NONE',  ( 1.000000000000000000, -0.0000000000000000000, -0.0000000000000000000 ) ) ;
#775 = CARTESIAN_POINT ( 'NONE',  ( -22.62203461105328400, -4.117366491630677100, 16.99999999999999600 ) ) ;
#776 = DIRECTION ( 'NONE',  ( 0.0000000000000000000, 0.0000000000000000000, 1.000000000000000000 ) ) ;
#777 = DIRECTION ( 'NONE',  ( -0.0000000000000000000, 1.000000000000000000, -0.0000000000000000000 ) ) ;
#778 = CARTESIAN_POINT ( 'NONE',  ( 3.469446951953614200E-015, 19.50000000000000000, 22.50000000000000000 ) ) ;
#779 = DIRECTION ( 'NONE',  ( -0.0000000000000000000, -0.0000000000000000000, 1.000000000000000000 ) ) ;
#780 = DIRECTION ( 'NONE',  ( -0.0000000000000000000, 1.000000000000000000, -0.0000000000000000000 ) ) ;
#781 = DIRECTION ( 'NONE',  ( -0.0000000000000000000, -0.0000000000000000000, 1.000000000000000000 ) ) ;
#782 = CARTESIAN_POINT ( 'NONE',  ( 7.292893218813454800, 19.20710678118654300, 45.00000000000000000 ) ) ;
#783 = CARTESIAN_POINT ( 'NONE',  ( -10.70344397111180100, 1.654420405157258600, 44.00000000000000000 ) ) ;
#784 = DIRECTION ( 'NONE',  ( -0.0000000000000000000, 0.0000000000000000000, 1.000000000000000000 ) ) ;
#785 = CARTESIAN_POINT ( 'NONE',  ( 3.469446951953614200E-015, 19.50000000000000000, 22.50000000000000000 ) ) ;
#786 = CARTESIAN_POINT ( 'NONE',  ( 23.94407403953539100, -5.646512701299337200, 16.99999999999999600 ) ) ;
#787 = DIRECTION ( 'NONE',  ( 0.0000000000000000000, 0.0000000000000000000, 1.000000000000000000 ) ) ;
#788 = DIRECTION ( 'NONE',  ( -0.0000000000000000000, -0.0000000000000000000, 1.000000000000000000 ) ) ;
#789 = DIRECTION ( 'NONE',  ( 0.0000000000000000000, 0.0000000000000000000, 1.000000000000000000 ) ) ;
#790 = CARTESIAN_POINT ( 'NONE',  ( -10.70344397111180100, 1.654420405157258600, 44.00000000000000000 ) ) ;
#791 = DIRECTION ( 'NONE',  ( 1.000000000000000000, 0.0000000000000000000, 0.0000000000000000000 ) ) ;
#792 = DIRECTION ( 'NONE',  ( 1.000000000000000000, 0.0000000000000000000, 0.0000000000000000000 ) ) ;
#793 = CARTESIAN_POINT ( 'NONE',  ( -6.585786437626896200, 18.50000000000000000, 45.00000000000000000 ) ) ;
#794 = DIRECTION ( 'NONE',  ( -0.0000000000000000000, 0.0000000000000000000, 1.000000000000000000 ) ) ;
#795 = CARTESIAN_POINT ( 'NONE',  ( 3.469446951953614200E-015, 10.90000000000000000, 22.50000000000000000 ) ) ;
#796 = DIRECTION ( 'NONE',  ( -0.0000000000000000000, -0.0000000000000000000, 1.000000000000000000 ) ) ;
#797 = DIRECTION ( 'NONE',  ( -0.0000000000000000000, 1.000000000000000000, -0.0000000000000000000 ) ) ;
#798 = CARTESIAN_POINT ( 'NONE',  ( -6.585786437626896200, 19.50000000000000000, 45.00000000000000000 ) ) ;
#799 = CARTESIAN_POINT ( 'NONE',  ( 6.585786437626907700, 18.50000000000000000, 44.00000000000000000 ) ) ;
#800 = DIRECTION ( 'NONE',  ( -1.000000000000000000, 0.0000000000000000000, 0.0000000000000000000 ) ) ;
#801 = CARTESIAN_POINT ( 'NONE',  ( 6.585786437626906900, 18.49999999999999600, 45.00000000000000000 ) ) ;
#802 = DIRECTION ( 'NONE',  ( -0.7071067811865474600, 0.7071067811865476800, 0.0000000000000000000 ) ) ;
#803 = CARTESIAN_POINT ( 'NONE',  ( 0.9999999999999731300, 19.50000000000000000, 44.99999999999999300 ) ) ;
#804 = CARTESIAN_POINT ( 'NONE',  ( 3.469446951953614200E-015, 19.50000000000000000, 26.99999999999999600 ) ) ;
#805 = CARTESIAN_POINT ( 'NONE',  ( 10.70344397111180100, 1.654420405157258600, 45.00000000000000000 ) ) ;
#806 = CARTESIAN_POINT ( 'NONE',  ( 2.501976925964482400, 2.501976925964481500, 45.00000000000000000 ) ) ;
#807 = DIRECTION ( 'NONE',  ( 1.000000000000000000, 0.0000000000000000000, 0.0000000000000000000 ) ) ;
#808 = CARTESIAN_POINT ( 'NONE',  ( -6.503443971111799700, 1.654420405157258600, 16.99999999999999600 ) ) ;
#809 = CARTESIAN_POINT ( 'NONE',  ( 0.9999999999999731300, 18.50000000000000000, 44.99999999999999300 ) ) ;
#810 = DIRECTION ( 'NONE',  ( -1.000000000000000000, 0.0000000000000000000, 0.0000000000000000000 ) ) ;
#811 = CARTESIAN_POINT ( 'NONE',  ( -5.503443971111799700, 1.654420405157258600, 44.00000000000000000 ) ) ;
#812 = DIRECTION ( 'NONE',  ( 0.0000000000000000000, -1.000000000000000000, 0.0000000000000000000 ) ) ;
#813 = DIRECTION ( 'NONE',  ( 0.0000000000000000000, 0.0000000000000000000, -1.000000000000000000 ) ) ;
#814 = DIRECTION ( 'NONE',  ( -0.0000000000000000000, 1.000000000000000000, -0.0000000000000000000 ) ) ;
#815 = CARTESIAN_POINT ( 'NONE',  ( 26.17422555855189300, -8.616361182282837200, 44.00000000000000000 ) ) ;
#816 = CARTESIAN_POINT ( 'NONE',  ( 20.97422555855189000, -8.616361182282837200, 44.00000000000000000 ) ) ;
#817 = CARTESIAN_POINT ( 'NONE',  ( 0.0000000000000000000, -19.50000000000000000, 44.00000000000000000 ) ) ;
#818 = DIRECTION ( 'NONE',  ( 0.0000000000000000000, 0.0000000000000000000, 1.000000000000000000 ) ) ;
#819 = DIRECTION ( 'NONE',  ( -0.0000000000000000000, 0.0000000000000000000, 1.000000000000000000 ) ) ;
#820 = DIRECTION ( 'NONE',  ( -0.0000000000000000000, -1.000000000000000000, -0.0000000000000000000 ) ) ;
#821 = DIRECTION ( 'NONE',  ( -0.0000000000000000000, -0.0000000000000000000, 1.000000000000000000 ) ) ;
#822 = CARTESIAN_POINT ( 'NONE',  ( 26.16259377015538900, -1.076807332528554100, 45.00000000000000000 ) ) ;
#823 = DIRECTION ( 'NONE',  ( -0.0000000000000000000, -0.0000000000000000000, 1.000000000000000000 ) ) ;
#824 = CARTESIAN_POINT ( 'NONE',  ( 17.29727029638184300, -12.29331644445288200, 44.00000000000000000 ) ) ;
#825 = DIRECTION ( 'NONE',  ( 1.000000000000000000, 0.0000000000000000000, 0.0000000000000000000 ) ) ;
#826 = DIRECTION ( 'NONE',  ( 1.000000000000000000, 8.757017546998303300E-016, 0.0000000000000000000 ) ) ;
#827 = DIRECTION ( 'NONE',  ( 0.7071067811865465700, -0.7071067811865484600, 0.0000000000000000000 ) ) ;
#828 = DIRECTION ( 'NONE',  ( -0.7071067811865462400, 0.7071067811865489100, 0.0000000000000000000 ) ) ;
#829 = DIRECTION ( 'NONE',  ( 0.0000000000000000000, -1.000000000000000000, 0.0000000000000000000 ) ) ;
#830 = DIRECTION ( 'NONE',  ( 0.0000000000000000000, 0.0000000000000000000, -1.000000000000000000 ) ) ;
#831 = DIRECTION ( 'NONE',  ( 0.0000000000000000000, -0.0000000000000000000, -1.000000000000000000 ) ) ;
#832 = CARTESIAN_POINT ( 'NONE',  ( 4.020538011569922400E-015, 19.50000000000000000, 18.00000000000000400 ) ) ;
#833 = DIRECTION ( 'NONE',  ( 0.7071067811865484600, 0.7071067811865468000, 0.0000000000000000000 ) ) ;
#834 = CARTESIAN_POINT ( 'NONE',  ( 0.9999999999999793500, 19.08578643762690400, 45.00000000000000000 ) ) ;
#835 = CARTESIAN_POINT ( 'NONE',  ( -22.76848122046001400, -4.470919882223960900, 16.99999999999999600 ) ) ;
#836 = CARTESIAN_POINT ( 'NONE',  ( 39.00000000000000000, -18.50000000000000000, 45.00000000000000000 ) ) ;
#837 = DIRECTION ( 'NONE',  ( -0.0000000000000000000, 1.000000000000000000, -0.0000000000000000000 ) ) ;
#838 = DIRECTION ( 'NONE',  ( -0.7071067811865462400, 0.7071067811865489100, 0.0000000000000000000 ) ) ;
#839 = CARTESIAN_POINT ( 'NONE',  ( 26.51614716074870200, -0.01614716074870514000, 16.99999999999999600 ) ) ;
#840 = CARTESIAN_POINT ( 'NONE',  ( -17.29727029638184300, -12.29331644445288200, 45.00000000000000000 ) ) ;
#841 = CARTESIAN_POINT ( 'NONE',  ( 3.469446951953614200E-015, 19.50000000000000000, 22.50000000000000000 ) ) ;
#842 = CARTESIAN_POINT ( 'NONE',  ( -7.570330339527898500, 18.92966966047209400, 23.09439085052869700 ) ) ;
#843 = CARTESIAN_POINT ( 'NONE',  ( 18.95010460205264000, 7.549895397947316200, 16.99999999999999600 ) ) ;
#844 = DIRECTION ( 'NONE',  ( 0.7071067811865474600, -0.7071067811865475700, -0.0000000000000000000 ) ) ;
#845 = CARTESIAN_POINT ( 'NONE',  ( 0.9999999999999731300, -18.50000000000000000, 44.99999999999999300 ) ) ;
#846 = CARTESIAN_POINT ( 'NONE',  ( -7.292893218813447700, 19.20710678118655000, 20.74965474863250100 ) ) ;
#847 = DIRECTION ( 'NONE',  ( -0.0000000000000000000, -0.0000000000000000000, -1.000000000000000000 ) ) ;
#848 = CARTESIAN_POINT ( 'NONE',  ( 0.5857864376268925300, 19.49999999999999300, 44.58578643762690100 ) ) ;
#849 = DIRECTION ( 'NONE',  ( -0.0000000000000000000, -0.0000000000000000000, 1.000000000000000000 ) ) ;
#850 = CARTESIAN_POINT ( 'NONE',  ( -40.00000000000000000, -14.74264068711940600, 45.00000000000000000 ) ) ;
#851 = DIRECTION ( 'NONE',  ( 0.7071067811865470200, 0.7071067811865480200, -0.0000000000000000000 ) ) ;
#852 = DIRECTION ( 'NONE',  ( -0.7071067811865474600, -0.7071067811865476800, -0.0000000000000000000 ) ) ;
#853 = CARTESIAN_POINT ( 'NONE',  ( 0.5857864376268926400, -19.50000000000000000, 44.58578643762690800 ) ) ;
#854 = CARTESIAN_POINT ( 'NONE',  ( -7.292893218813447700, 19.20710678118655000, 24.25034525136749500 ) ) ;
#855 = CARTESIAN_POINT ( 'NONE',  ( -40.00000000000000000, -13.50000000000012400, 1.000000000000000900 ) ) ;
#856 = CARTESIAN_POINT ( 'NONE',  ( -14.38039923328185000, 5.331375667327304100, 45.00000000000000000 ) ) ;
#857 = DIRECTION ( 'NONE',  ( 0.0000000000000000000, 0.0000000000000000000, 1.000000000000000000 ) ) ;
#858 = CARTESIAN_POINT ( 'NONE',  ( 39.12132034355965300, -12.62132034355977300, 44.00000000000000000 ) ) ;
#859 = DIRECTION ( 'NONE',  ( -0.0000000000000000000, 1.000000000000000000, -0.0000000000000000000 ) ) ;
#860 = CARTESIAN_POINT ( 'NONE',  ( 0.9999999999999793500, -19.08578643762690100, 45.00000000000000000 ) ) ;
#861 = CARTESIAN_POINT ( 'NONE',  ( 7.292893218813454800, 19.20710678118654300, 45.00000000000000000 ) ) ;
#862 = CARTESIAN_POINT ( 'NONE',  ( 0.0000000000000000000, 19.50000000000000000, 44.00000000000000000 ) ) ;
#863 = CARTESIAN_POINT ( 'NONE',  ( -7.570330339527898500, 18.92966966047210100, 21.90560914947130300 ) ) ;
#864 = DIRECTION ( 'NONE',  ( -0.7071067811865462400, -0.7071067811865489100, 0.0000000000000000000 ) ) ;
#865 = DIRECTION ( 'NONE',  ( 0.0000000000000000000, 0.0000000000000000000, 1.000000000000000000 ) ) ;
#866 = DIRECTION ( 'NONE',  ( 0.7071067811865474600, 0.7071067811865474600, -0.0000000000000000000 ) ) ;
#867 = CARTESIAN_POINT ( 'NONE',  ( -40.00000000000000000, -14.74264068711940600, 44.00000000000000000 ) ) ;
#868 = CARTESIAN_POINT ( 'NONE',  ( -7.292893218813435200, 19.20710678118655300, 44.00000000000000000 ) ) ;
#869 = CARTESIAN_POINT ( 'NONE',  ( 40.00000000000000000, -14.74264068711940500, 45.00000000000000000 ) ) ;
#870 = DIRECTION ( 'NONE',  ( -0.0000000000000000000, -0.0000000000000000000, 1.000000000000000000 ) ) ;
#871 = DIRECTION ( 'NONE',  ( -1.000000000000000000, 0.0000000000000000000, 0.0000000000000000000 ) ) ;
#872 = DIRECTION ( 'NONE',  ( 0.7071067811865462400, -0.7071067811865489100, -0.0000000000000000000 ) ) ;
#873 = CARTESIAN_POINT ( 'NONE',  ( 26.86970055134193600, -0.3697005513420099100, 45.00000000000000000 ) ) ;
#874 = CARTESIAN_POINT ( 'NONE',  ( -14.84888527117069600, 4.155782848251926800, 45.00000000000000000 ) ) ;
#875 = DIRECTION ( 'NONE',  ( -0.0000000000000000000, 1.000000000000000000, -0.0000000000000000000 ) ) ;
#876 = CARTESIAN_POINT ( 'NONE',  ( -6.585786437626896200, 18.50000000000000000, 45.00000000000000000 ) ) ;
#877 = DIRECTION ( 'NONE',  ( 0.7071067811865479100, -0.7071067811865472400, -0.0000000000000000000 ) ) ;
#878 = CARTESIAN_POINT ( 'NONE',  ( -37.00000000000000000, -14.74264068711940600, 0.0000000000000000000 ) ) ;
#879 = DIRECTION ( 'NONE',  ( 1.000000000000000000, 0.0000000000000000000, 0.0000000000000000000 ) ) ;
#880 = DIRECTION ( 'NONE',  ( 0.0000000000000000000, -0.0000000000000000000, -1.000000000000000000 ) ) ;
#881 = DIRECTION ( 'NONE',  ( 0.7071067811865462400, 0.7071067811865489100, -0.0000000000000000000 ) ) ;
#882 = DIRECTION ( 'NONE',  ( 0.0000000000000000000, 0.0000000000000000000, -1.000000000000000000 ) ) ;
#883 = DIRECTION ( 'NONE',  ( 1.000000000000000000, -2.602085213965208300E-015, 0.0000000000000000000 ) ) ;
#884 = DIRECTION ( 'NONE',  ( 0.0000000000000000000, -0.0000000000000000000, -1.000000000000000000 ) ) ;
#885 = CARTESIAN_POINT ( 'NONE',  ( -10.70344397111180100, 1.654420405157258600, 45.00000000000000000 ) ) ;
#886 = CARTESIAN_POINT ( 'NONE',  ( 40.00000000000000000, -18.50000000000000000, 44.00000000000000000 ) ) ;
#887 = DIRECTION ( 'NONE',  ( 1.000000000000000000, 0.0000000000000000000, 0.0000000000000000000 ) ) ;
#888 = CARTESIAN_POINT ( 'NONE',  ( -23.47558800164656400, -3.763813101037412500, 45.00000000000000000 ) ) ;
#889 = CARTESIAN_POINT ( 'NONE',  ( -1.000000000000021300, 19.50000000000000000, 44.99999999999999300 ) ) ;
#890 = CARTESIAN_POINT ( 'NONE',  ( -26.86970055134193600, -0.3697005513420141800, 44.00000000000000000 ) ) ;
#891 = CARTESIAN_POINT ( 'NONE',  ( 37.00000000000000700, -14.74264068711940500, 0.0000000000000000000 ) ) ;
#892 = DIRECTION ( 'NONE',  ( 0.7071067811865462400, 0.7071067811865489100, -0.0000000000000000000 ) ) ;
#893 = DIRECTION ( 'NONE',  ( 0.0000000000000000000, -0.0000000000000000000, -1.000000000000000000 ) ) ;
#894 = DIRECTION ( 'NONE',  ( -0.0000000000000000000, -1.000000000000000000, -0.0000000000000000000 ) ) ;
#895 = DIRECTION ( 'NONE',  ( -0.0000000000000000000, -1.000000000000000000, -0.0000000000000000000 ) ) ;
#896 = CARTESIAN_POINT ( 'NONE',  ( 40.00000000000000000, -13.50000000000012400, 1.000000000000000900 ) ) ;
#897 = CARTESIAN_POINT ( 'NONE',  ( -23.94407403953539100, -5.646512701299337200, 16.99999999999999600 ) ) ;
#898 = DIRECTION ( 'NONE',  ( -0.0000000000000000000, -0.0000000000000000000, -1.000000000000000000 ) ) ;
#899 = CARTESIAN_POINT ( 'NONE',  ( -39.00000000000000000, -19.50000000000000000, 45.00000000000000000 ) ) ;
#900 = DIRECTION ( 'NONE',  ( 0.7071067811865462400, 0.7071067811865489100, -0.0000000000000000000 ) ) ;
#901 = CARTESIAN_POINT ( 'NONE',  ( -40.00000000000000000, -13.50000000000012400, 1.000000000000000900 ) ) ;
#902 = DIRECTION ( 'NONE',  ( 0.0000000000000000000, 0.0000000000000000000, 1.000000000000000000 ) ) ;
#903 = DIRECTION ( 'NONE',  ( -0.7071067811865462400, -0.7071067811865489100, 0.0000000000000000000 ) ) ;
#904 = DIRECTION ( 'NONE',  ( -0.0000000000000000000, -0.0000000000000000000, 1.000000000000000000 ) ) ;
#905 = DIRECTION ( 'NONE',  ( -1.000000000000000000, -0.0000000000000000000, -0.0000000000000000000 ) ) ;
#906 = DIRECTION ( 'NONE',  ( -0.0000000000000000000, 0.0000000000000000000, 1.000000000000000000 ) ) ;
#907 = CARTESIAN_POINT ( 'NONE',  ( -26.86970055134193900, -0.3697005513420177400, 45.00000000000000000 ) ) ;
#908 = CARTESIAN_POINT ( 'NONE',  ( -40.00000000000000000, -19.50000000000000000, 1.000000000000000900 ) ) ;
#909 = CARTESIAN_POINT ( 'NONE',  ( 39.00000000000000000, -19.50000000000000000, 45.00000000000000000 ) ) ;
#910 = DIRECTION ( 'NONE',  ( -0.0000000000000000000, 1.000000000000000000, -0.0000000000000000000 ) ) ;
#911 = DIRECTION ( 'NONE',  ( -0.0000000000000000000, -0.0000000000000000000, 1.000000000000000000 ) ) ;
#912 = CARTESIAN_POINT ( 'NONE',  ( -12.54289321881345900, 12.54289321881341500, 0.0000000000000000000 ) ) ;
#913 = DIRECTION ( 'NONE',  ( 0.0000000000000000000, 0.0000000000000000000, -1.000000000000000000 ) ) ;
#914 = CARTESIAN_POINT ( 'NONE',  ( -38.41421356237309200, -13.32842712474631200, 45.00000000000000000 ) ) ;
#915 = DIRECTION ( 'NONE',  ( -0.7071067811865462400, -0.7071067811865489100, 0.0000000000000000000 ) ) ;
#916 = DIRECTION ( 'NONE',  ( 1.000000000000000000, 0.0000000000000000000, 0.0000000000000000000 ) ) ;
#917 = CARTESIAN_POINT ( 'NONE',  ( -37.00000000000000000, -14.74264068711940600, 45.00000000000000000 ) ) ;
#918 = CARTESIAN_POINT ( 'NONE',  ( -39.00000000000000000, -19.50000000000000000, 44.00000000000000000 ) ) ;
#919 = DIRECTION ( 'NONE',  ( 0.0000000000000000000, 0.0000000000000000000, -1.000000000000000000 ) ) ;
#920 = DIRECTION ( 'NONE',  ( -0.0000000000000000000, -1.000000000000000000, -0.0000000000000000000 ) ) ;
#921 = CARTESIAN_POINT ( 'NONE',  ( -39.00000000000000000, -18.50000000000000000, 45.00000000000000000 ) ) ;
#922 = CARTESIAN_POINT ( 'NONE',  ( 39.00000000000000000, 0.0000000000000000000, 0.0000000000000000000 ) ) ;
#923 = DIRECTION ( 'NONE',  ( 0.0000000000000000000, 0.0000000000000000000, -1.000000000000000000 ) ) ;
#924 = CARTESIAN_POINT ( 'NONE',  ( -7.292893218813448500, 19.20710678118654600, 45.00000000000000000 ) ) ;
#925 = CARTESIAN_POINT ( 'NONE',  ( 40.00000000000000000, -18.50000000000000000, 45.00000000000000000 ) ) ;
#926 = DIRECTION ( 'NONE',  ( 0.0000000000000000000, -1.000000000000000000, 0.0000000000000000000 ) ) ;
#927 = CARTESIAN_POINT ( 'NONE',  ( 3.469446951953614200E-015, -19.50000000000000000, 22.50000000000000000 ) ) ;
#928 = DIRECTION ( 'NONE',  ( 0.0000000000000000000, -1.000000000000000000, 0.0000000000000000000 ) ) ;
#929 = DIRECTION ( 'NONE',  ( 1.000000000000000000, 0.0000000000000000000, 0.0000000000000000000 ) ) ;
#930 = DIRECTION ( 'NONE',  ( 0.0000000000000000000, 1.000000000000000000, 0.0000000000000000000 ) ) ;
#931 = CARTESIAN_POINT ( 'NONE',  ( 0.0000000000000000000, -18.50000000000000000, 0.0000000000000000000 ) ) ;
#932 = CARTESIAN_POINT ( 'NONE',  ( -18.24299782086608300, 6.842788616760772800, 45.00000000000000000 ) ) ;
#933 = CARTESIAN_POINT ( 'NONE',  ( -23.82914139223983000, -4.117366491630678000, 45.00000000000000000 ) ) ;
#934 = CARTESIAN_POINT ( 'NONE',  ( -37.00000000000000000, -14.74264068711940600, 1.000000000000000900 ) ) ;
#935 = CARTESIAN_POINT ( 'NONE',  ( -22.76848122046001800, -3.763813101037396100, 44.58578643762690100 ) ) ;
#936 = DIRECTION ( 'NONE',  ( -0.0000000000000000000, 0.0000000000000000000, 1.000000000000000000 ) ) ;
#937 = CARTESIAN_POINT ( 'NONE',  ( -22.76848122046001400, -3.763813101037395200, 44.00000000000000000 ) ) ;
#938 = DIRECTION ( 'NONE',  ( -0.0000000000000000000, 1.000000000000000000, -0.0000000000000000000 ) ) ;
#939 = CARTESIAN_POINT ( 'NONE',  ( -0.5857864376269209500, -19.49999999999999300, 44.58578643762690100 ) ) ;
#940 = DIRECTION ( 'NONE',  ( 0.0000000000000000000, -1.000000000000000000, 0.0000000000000000000 ) ) ;
#941 = CARTESIAN_POINT ( 'NONE',  ( 0.0000000000000000000, -19.50000000000000000, 44.00000000000000000 ) ) ;
#942 = CARTESIAN_POINT ( 'NONE',  ( -23.82914139223983000, -4.117366491630678000, 45.00000000000000000 ) ) ;
#943 = CARTESIAN_POINT ( 'NONE',  ( 23.12203461105329800, -4.117366491630678000, 44.00000000000000000 ) ) ;
#944 = DIRECTION ( 'NONE',  ( 1.000000000000000000, 0.0000000000000000000, 0.0000000000000000000 ) ) ;
#945 = CARTESIAN_POINT ( 'NONE',  ( -23.20782104868019100, -3.910259710444125700, 45.00000000000000000 ) ) ;
#946 = CARTESIAN_POINT ( 'NONE',  ( -39.00000000000000000, -18.50000000000000000, 44.00000000000000000 ) ) ;
#947 = CARTESIAN_POINT ( 'NONE',  ( -6.585786437626896200, 18.50000000000000000, 1.000000000000000000 ) ) ;
#948 = DIRECTION ( 'NONE',  ( -1.000000000000000000, 0.0000000000000000000, 0.0000000000000000000 ) ) ;
#949 = DIRECTION ( 'NONE',  ( 0.7071067811865458000, 0.7071067811865493500, 0.0000000000000000000 ) ) ;
#950 = CARTESIAN_POINT ( 'NONE',  ( -23.20782104868019100, -4.324473272817230400, 45.00000000000000000 ) ) ;
#951 = CARTESIAN_POINT ( 'NONE',  ( -1.000000000000027500, -19.08578643762690400, 45.00000000000000000 ) ) ;
#952 = CARTESIAN_POINT ( 'NONE',  ( 0.0000000000000000000, 19.50000000000000000, 44.00000000000000000 ) ) ;
#953 = DIRECTION ( 'NONE',  ( -0.0000000000000000000, -1.000000000000000000, -0.0000000000000000000 ) ) ;
#954 = DIRECTION ( 'NONE',  ( -0.7071067811865497900, 0.7071067811865454600, 0.0000000000000000000 ) ) ;
#955 = DIRECTION ( 'NONE',  ( 0.0000000000000000000, 0.0000000000000000000, 1.000000000000000000 ) ) ;
#956 = CARTESIAN_POINT ( 'NONE',  ( 23.12203461105329800, -4.117366491630677100, 16.99999999999999600 ) ) ;
#957 = DIRECTION ( 'NONE',  ( -0.0000000000000000000, 0.0000000000000000000, -1.000000000000000000 ) ) ;
#958 = CARTESIAN_POINT ( 'NONE',  ( -1.000000000000021800, -18.50000000000000000, 45.00000000000000000 ) ) ;
#959 = DIRECTION ( 'NONE',  ( -0.0000000000000000000, 0.0000000000000000000, 1.000000000000000000 ) ) ;
#960 = DIRECTION ( 'NONE',  ( 0.0000000000000000000, 0.0000000000000000000, -1.000000000000000000 ) ) ;
#961 = CARTESIAN_POINT ( 'NONE',  ( -22.76848122046001400, -4.470919882223960900, 44.00000000000000000 ) ) ;
#962 = CARTESIAN_POINT ( 'NONE',  ( -22.76848122046001800, -4.470919882223960000, 44.58578643762690100 ) ) ;
#963 = DIRECTION ( 'NONE',  ( 1.000000000000000000, 0.0000000000000000000, 0.0000000000000000000 ) ) ;
#964 = CARTESIAN_POINT ( 'NONE',  ( -39.00000000000000000, -18.50000000000000000, 44.00000000000000000 ) ) ;
#965 = CARTESIAN_POINT ( 'NONE',  ( 22.76848122046001400, -4.470919882223960900, 16.99999999999999600 ) ) ;
#966 = DIRECTION ( 'NONE',  ( -0.0000000000000000000, -0.0000000000000000000, 1.000000000000000000 ) ) ;
#967 = DIRECTION ( 'NONE',  ( -0.7071067811865470200, 0.7071067811865480200, 0.0000000000000000000 ) ) ;
#968 = DIRECTION ( 'NONE',  ( 0.7071067811865519000, -0.7071067811865432400, 0.0000000000000000000 ) ) ;
#969 = DIRECTION ( 'NONE',  ( -0.7071067811865432400, -0.7071067811865519000, 0.0000000000000000000 ) ) ;
#970 = CARTESIAN_POINT ( 'NONE',  ( -18.51076477383245600, 6.989235226167496200, 45.00000000000000000 ) ) ;
#971 = DIRECTION ( 'NONE',  ( 0.0000000000000000000, 0.0000000000000000000, -1.000000000000000000 ) ) ;
#972 = CARTESIAN_POINT ( 'NONE',  ( 15.55599205235724400, 3.448676067065378900, 44.00000000000000000 ) ) ;
#973 = DIRECTION ( 'NONE',  ( 0.0000000000000000000, -1.000000000000000000, 0.0000000000000000000 ) ) ;
#974 = DIRECTION ( 'NONE',  ( 0.0000000000000000000, 0.0000000000000000000, -1.000000000000000000 ) ) ;
#975 = CARTESIAN_POINT ( 'NONE',  ( 15.20243866176396000, 4.509336238845188300, 45.00000000000000000 ) ) ;
#976 = DIRECTION ( 'NONE',  ( 0.7071067811865470200, 0.7071067811865480200, -0.0000000000000000000 ) ) ;
#977 = DIRECTION ( 'NONE',  ( -0.7071067811865484600, -0.7071067811865468000, 0.0000000000000000000 ) ) ;
#978 = CARTESIAN_POINT ( 'NONE',  ( 15.55599205235724200, 3.448676067065379300, 44.58578643762690100 ) ) ;
#979 = CARTESIAN_POINT ( 'NONE',  ( -17.88944443027281400, 7.196342007354042300, 45.00000000000000000 ) ) ;
#980 = CARTESIAN_POINT ( 'NONE',  ( 15.40954544295051100, 3.888015895285552100, 45.00000000000000000 ) ) ;
#981 = CARTESIAN_POINT ( 'NONE',  ( 26.16259377015539700, -0.3697005513420131300, 44.00000000000000000 ) ) ;
#982 = CARTESIAN_POINT ( 'NONE',  ( -18.95010460205263700, 6.842788616760771900, 44.58578643762690100 ) ) ;
#983 = CARTESIAN_POINT ( 'NONE',  ( 26.51614716074867000, -1.430360723121835400, 45.00000000000000000 ) ) ;
#984 = CARTESIAN_POINT ( 'NONE',  ( -18.95010460205263700, 6.842788616760769200, 44.00000000000000000 ) ) ;
#985 = CARTESIAN_POINT ( 'NONE',  ( -14.38039923328185000, 5.331375667327304900, 44.00000000000000000 ) ) ;
#986 = DIRECTION ( 'NONE',  ( -1.000000000000000000, 0.0000000000000000000, 0.0000000000000000000 ) ) ;
#987 = CARTESIAN_POINT ( 'NONE',  ( -38.41421356237309200, -13.32842712474631200, 44.00000000000000000 ) ) ;
#988 = CARTESIAN_POINT ( 'NONE',  ( 39.00000000000000700, -14.74264068711940500, 44.00000000000000000 ) ) ;
#989 = CARTESIAN_POINT ( 'NONE',  ( 26.16259377015539700, -0.3697005513420151300, 44.58578643762690100 ) ) ;
#990 = CARTESIAN_POINT ( 'NONE',  ( 24.65118082072194000, -4.939405920112790200, 44.00000000000000000 ) ) ;
#991 = CARTESIAN_POINT ( 'NONE',  ( 26.30904037956211600, -0.8090403795621927700, 45.00000000000000000 ) ) ;
#992 = DIRECTION ( 'NONE',  ( -0.7071067811865484600, 0.7071067811865468000, 0.0000000000000000000 ) ) ;
#993 = CARTESIAN_POINT ( 'NONE',  ( 26.86970055134193600, -0.3697005513420099100, 44.00000000000000000 ) ) ;
#994 = DIRECTION ( 'NONE',  ( -0.7071067811865484600, 0.7071067811865468000, 0.0000000000000000000 ) ) ;
#995 = CARTESIAN_POINT ( 'NONE',  ( -24.65118082072194000, -4.939405920112790200, 44.00000000000000000 ) ) ;
#996 = CARTESIAN_POINT ( 'NONE',  ( 23.94407403953539100, -5.646512701299337200, 16.99999999999999600 ) ) ;
#997 = DIRECTION ( 'NONE',  ( 1.000000000000000000, 1.734723475976805500E-015, 0.0000000000000000000 ) ) ;
#998 = DIRECTION ( 'NONE',  ( 0.7071067811865470200, 0.7071067811865480200, -0.0000000000000000000 ) ) ;
#999 = DIRECTION ( 'NONE',  ( 0.0000000000000000000, 0.0000000000000000000, -1.000000000000000000 ) ) ;
#1000 = CARTESIAN_POINT ( 'NONE',  ( 37.00000000000000700, -14.74264068711940500, 44.00000000000000000 ) ) ;
#1001 = DIRECTION ( 'NONE',  ( 0.7071067811865474600, -0.7071067811865474600, -0.0000000000000000000 ) ) ;
#1002 = DIRECTION ( 'NONE',  ( -1.000000000000000000, -0.0000000000000000000, -0.0000000000000000000 ) ) ;
#1003 = DIRECTION ( 'NONE',  ( -0.0000000000000000000, -1.000000000000000000, -0.0000000000000000000 ) ) ;
#1004 = CARTESIAN_POINT ( 'NONE',  ( -39.00000000000000000, -18.50000000000000000, 1.000000000000000900 ) ) ;
#1005 = DIRECTION ( 'NONE',  ( 0.0000000000000000000, -0.0000000000000000000, -1.000000000000000000 ) ) ;
#1006 = CARTESIAN_POINT ( 'NONE',  ( 26.86970055134193600, -0.3697005513420135200, 44.58578643762690100 ) ) ;
#1007 = ADVANCED_FACE ( 'NONE', ( #39 ), #597, .T. ) ;
#1008 = ADVANCED_FACE ( 'NONE', ( #23 ), #31, .T. ) ;
#1009 = ADVANCED_FACE ( 'NONE', ( #32 ), #7, .F. ) ;
#1010 = ADVANCED_FACE ( 'NONE', ( #8 ), #40, .F. ) ;
#1011 = ADVANCED_FACE ( 'NONE', ( #29 ), #6, .F. ) ;
#1012 = ADVANCED_FACE ( 'NONE', ( #33 ), #12, .T. ) ;
#1013 = ADVANCED_FACE ( 'NONE', ( #1 ), #1830, .F. ) ;
#1014 = ADVANCED_FACE ( 'NONE', ( #13 ), #1836, .F. ) ;
#1015 = ADVANCED_FACE ( 'NONE', ( #30 ), #41, .F. ) ;
#1016 = ADVANCED_FACE ( 'NONE', ( #2, #87 ), #1793, .F. ) ;
#1017 = ADVANCED_FACE ( 'NONE', ( #14 ), #595, .T. ) ;
#1018 = ADVANCED_FACE ( 'NONE', ( #15 ), #89, .T. ) ;
#1019 = ADVANCED_FACE ( 'NONE', ( #57 ), #1849, .F. ) ;
#1020 = ADVANCED_FACE ( 'NONE', ( #107 ), #1878, .F. ) ;
#1021 = ADVANCED_FACE ( 'NONE', ( #91 ), #1882, .F. ) ;
#1022 = ADVANCED_FACE ( 'NONE', ( #71 ), #50, .T. ) ;
#1023 = ADVANCED_FACE ( 'NONE', ( #67 ), #58, .T. ) ;
#1024 = ADVANCED_FACE ( 'NONE', ( #106 ), #96, .T. ) ;
#1025 = ADVANCED_FACE ( 'NONE', ( #61 ), #1865, .F. ) ;
#1026 = ADVANCED_FACE ( 'NONE', ( #51 ), #66, .T. ) ;
#1027 = ADVANCED_FACE ( 'NONE', ( #60 ), #1881, .T. ) ;
#1028 = ADVANCED_FACE ( 'NONE', ( #104 ), #83, .T. ) ;
#1029 = ADVANCED_FACE ( 'NONE', ( #94 ), #1906, .F. ) ;
#1030 = ADVANCED_FACE ( 'NONE', ( #62 ), #1888, .F. ) ;
#1031 = ADVANCED_FACE ( 'NONE', ( #64 ), #81, .F. ) ;
#1032 = ADVANCED_FACE ( 'NONE', ( #105 ), #1895, .T. ) ;
#1033 = ADVANCED_FACE ( 'NONE', ( #102 ), #88, .T. ) ;
#1034 = ADVANCED_FACE ( 'NONE', ( #48 ), #1901, .F. ) ;
#1035 = ADVANCED_FACE ( 'NONE', ( #109 ), #93, .T. ) ;
#1036 = ADVANCED_FACE ( 'NONE', ( #52 ), #90, .T. ) ;
#1037 = ADVANCED_FACE ( 'NONE', ( #77 ), #63, .T. ) ;
#1038 = ADVANCED_FACE ( 'NONE', ( #97 ), #92, .F. ) ;
#1039 = ADVANCED_FACE ( 'NONE', ( #53 ), #86, .F. ) ;
#1040 = ADVANCED_FACE ( 'NONE', ( #68 ), #1916, .F. ) ;
#1041 = ADVANCED_FACE ( 'NONE', ( #54 ), #65, .T. ) ;
#1042 = ADVANCED_FACE ( 'NONE', ( #72 ), #70, .T. ) ;
#1043 = ADVANCED_FACE ( 'NONE', ( #73 ), #78, .T. ) ;
#1044 = ADVANCED_FACE ( 'NONE', ( #74 ), #80, .T. ) ;
#1045 = ADVANCED_FACE ( 'NONE', ( #49 ), #75, .T. ) ;
#1046 = ADVANCED_FACE ( 'NONE', ( #95 ), #79, .T. ) ;
#1047 = ADVANCED_FACE ( 'NONE', ( #55 ), #101, .T. ) ;
#1048 = ADVANCED_FACE ( 'NONE', ( #99 ), #82, .T. ) ;
#1049 = ADVANCED_FACE ( 'NONE', ( #100 ), #56, .T. ) ;
#1050 = ADVANCED_FACE ( 'NONE', ( #59 ), #1985, .T. ) ;
#1051 = ADVANCED_FACE ( 'NONE', ( #76 ), #1942, .F. ) ;
#1052 = ADVANCED_FACE ( 'NONE', ( #84 ), #1967, .F. ) ;
#1053 = ADVANCED_FACE ( 'NONE', ( #98 ), #590, .T. ) ;
#1054 = ADVANCED_FACE ( 'NONE', ( #163 ), #155, .T. ) ;
#1055 = ADVANCED_FACE ( 'NONE', ( #108 ), #103, .T. ) ;
#1056 = ADVANCED_FACE ( 'NONE', ( #156 ), #85, .T. ) ;
#1057 = ADVANCED_FACE ( 'NONE', ( #69 ), #591, .T. ) ;
#1058 = ADVANCED_FACE ( 'NONE', ( #150 ), #157, .T. ) ;
#1059 = ADVANCED_FACE ( 'NONE', ( #160 ), #164, .T. ) ;
#1060 = ADVANCED_FACE ( 'NONE', ( #161 ), #110, .T. ) ;
#1061 = ADVANCED_FACE ( 'NONE', ( #133 ), #158, .T. ) ;
#1062 = ADVANCED_FACE ( 'NONE', ( #117 ), #2060, .F. ) ;
#1063 = ADVANCED_FACE ( 'NONE', ( #165 ), #138, .T. ) ;
#1064 = ADVANCED_FACE ( 'NONE', ( #132 ), #2088, .T. ) ;
#1065 = ADVANCED_FACE ( 'NONE', ( #159 ), #130, .F. ) ;
#1066 = ADVANCED_FACE ( 'NONE', ( #111 ), #2066, .T. ) ;
#1067 = ADVANCED_FACE ( 'NONE', ( #162 ), #601, .T. ) ;
#1068 = ADVANCED_FACE ( 'NONE', ( #166 ), #145, .T. ) ;
#1069 = ADVANCED_FACE ( 'NONE', ( #168 ), #129, .T. ) ;
#1070 = ADVANCED_FACE ( 'NONE', ( #169 ), #139, .T. ) ;
#1071 = ADVANCED_FACE ( 'NONE', ( #131 ), #140, .T. ) ;
#1072 = ADVANCED_FACE ( 'NONE', ( #167 ), #592, .T. ) ;
#1073 = ADVANCED_FACE ( 'NONE', ( #113 ), #115, .T. ) ;
#1074 = ADVANCED_FACE ( 'NONE', ( #116 ), #114, .F. ) ;
#1075 = ADVANCED_FACE ( 'NONE', ( #149 ), #152, .T. ) ;
#1076 = ADVANCED_FACE ( 'NONE', ( #134 ), #118, .T. ) ;
#1077 = ADVANCED_FACE ( 'NONE', ( #136 ), #120, .T. ) ;
#1078 = ADVANCED_FACE ( 'NONE', ( #151 ), #144, .T. ) ;
#1079 = ADVANCED_FACE ( 'NONE', ( #147 ), #2151, .T. ) ;
#1080 = ADVANCED_FACE ( 'NONE', ( #141 ), #146, .T. ) ;
#1081 = ADVANCED_FACE ( 'NONE', ( #112 ), #121, .T. ) ;
#1082 = ADVANCED_FACE ( 'NONE', ( #122 ), #135, .T. ) ;
#1083 = ADVANCED_FACE ( 'NONE', ( #123 ), #137, .T. ) ;
#1084 = ADVANCED_FACE ( 'NONE', ( #124 ), #142, .T. ) ;
#1085 = ADVANCED_FACE ( 'NONE', ( #148 ), #153, .T. ) ;
#1086 = ADVANCED_FACE ( 'NONE', ( #119 ), #128, .T. ) ;
#1087 = ADVANCED_FACE ( 'NONE', ( #143 ), #192, .T. ) ;
#1088 = ADVANCED_FACE ( 'NONE', ( #125 ), #188, .T. ) ;
#1089 = ADVANCED_FACE ( 'NONE', ( #127 ), #2227, .F. ) ;
#1090 = ADVANCED_FACE ( 'NONE', ( #154 ), #174, .T. ) ;
#1091 = ADVANCED_FACE ( 'NONE', ( #202 ), #228, .T. ) ;
#1092 = ADVANCED_FACE ( 'NONE', ( #227 ), #191, .T. ) ;
#1093 = ADVANCED_FACE ( 'NONE', ( #185 ), #225, .T. ) ;
#1094 = ADVANCED_FACE ( 'NONE', ( #126 ), #170, .T. ) ;
#1095 = ADVANCED_FACE ( 'NONE', ( #212 ), #2210, .T. ) ;
#1096 = ADVANCED_FACE ( 'NONE', ( #199 ), #187, .T. ) ;
#1097 = ADVANCED_FACE ( 'NONE', ( #193 ), #216, .T. ) ;
#1098 = ADVANCED_FACE ( 'NONE', ( #205 ), #596, .T. ) ;
#1099 = ADVANCED_FACE ( 'NONE', ( #171 ), #594, .T. ) ;
#1100 = ADVANCED_FACE ( 'NONE', ( #175 ), #2245, .T. ) ;
#1101 = ADVANCED_FACE ( 'NONE', ( #172 ), #2246, .T. ) ;
#1102 = ADVANCED_FACE ( 'NONE', ( #173 ), #215, .T. ) ;
#1103 = ADVANCED_FACE ( 'NONE', ( #209 ), #208, .T. ) ;
#1104 = ADVANCED_FACE ( 'NONE', ( #177 ), #176, .T. ) ;
#1105 = ADVANCED_FACE ( 'NONE', ( #203 ), #178, .T. ) ;
#1106 = ADVANCED_FACE ( 'NONE', ( #179 ), #196, .T. ) ;
#1107 = ADVANCED_FACE ( 'NONE', ( #186 ), #226, .T. ) ;
#1108 = ADVANCED_FACE ( 'NONE', ( #195 ), #180, .T. ) ;
#1109 = ADVANCED_FACE ( 'NONE', ( #213, #222 ), #2336, .F. ) ;
#1110 = ADVANCED_FACE ( 'NONE', ( #197 ), #210, .F. ) ;
#1111 = CARTESIAN_POINT ( 'NONE',  ( 25.17422555855189300, -8.616361182282837200, 44.00000000000000000 ) ) ;
#1112 = CARTESIAN_POINT ( 'NONE',  ( 4.020538011569923100E-015, 10.90000000000000000, 17.99999999999999600 ) ) ;
#1113 = CARTESIAN_POINT ( 'NONE',  ( 3.469446951953614200E-015, 10.90000000000000000, 30.00000000000000000 ) ) ;
#1114 = CARTESIAN_POINT ( 'NONE',  ( 0.0000000000000000000, 18.50000000000000000, 0.0000000000000000000 ) ) ;
#1115 = CARTESIAN_POINT ( 'NONE',  ( 0.9999999999999731300, 18.50000000000000000, 44.99999999999999300 ) ) ;
#1116 = CARTESIAN_POINT ( 'NONE',  ( 23.94407403953539100, -5.646512701299337200, 16.99999999999999600 ) ) ;
#1117 = CARTESIAN_POINT ( 'NONE',  ( 4.387932051314128600E-015, 10.90000000000000000, 15.00000000000000200 ) ) ;
#1118 = CARTESIAN_POINT ( 'NONE',  ( 25.17422555855189300, -8.616361182282837200, 16.99999999999999600 ) ) ;
#1119 = CARTESIAN_POINT ( 'NONE',  ( 0.0000000000000000000, -19.50000000000000000, 44.00000000000000000 ) ) ;
#1120 = CARTESIAN_POINT ( 'NONE',  ( 6.585786437626907700, 19.50000000000000000, 45.00000000000000000 ) ) ;
#1121 = CARTESIAN_POINT ( 'NONE',  ( 3.469446951953614200E-015, -19.50000000000000000, 26.99999999999998900 ) ) ;
#1122 = CARTESIAN_POINT ( 'NONE',  ( 38.41421356237309900, -13.32842712474631100, 45.00000000000000000 ) ) ;
#1123 = CARTESIAN_POINT ( 'NONE',  ( 7.570330339527904700, 18.92966966047209000, 23.09439085052869700 ) ) ;
#1124 = CARTESIAN_POINT ( 'NONE',  ( -7.733595490128300800, -1.315428075826242000, 44.00000000000000000 ) ) ;
#1125 = CARTESIAN_POINT ( 'NONE',  ( 17.88944443027281700, 7.196342007354043200, 45.00000000000000000 ) ) ;
#1126 = CARTESIAN_POINT ( 'NONE',  ( -13.67329245209530000, 4.624268886140757000, 16.99999999999999600 ) ) ;
#1127 = CARTESIAN_POINT ( 'NONE',  ( 23.82914139223983000, -4.117366491630678000, 45.00000000000000000 ) ) ;
#1128 = CARTESIAN_POINT ( 'NONE',  ( 7.292893218813454800, 19.20710678118654300, 24.25034525136749200 ) ) ;
#1129 = CARTESIAN_POINT ( 'NONE',  ( 18.00437707756839200, -11.58620966326633600, 44.00000000000000000 ) ) ;
#1130 = CARTESIAN_POINT ( 'NONE',  ( -6.585786437626895300, 19.50000000000000000, 26.08851180825277200 ) ) ;
#1131 = CARTESIAN_POINT ( 'NONE',  ( -6.503443971111799700, 1.654420405157258600, 16.99999999999999600 ) ) ;
#1132 = CARTESIAN_POINT ( 'NONE',  ( -7.292893218813447700, 19.20710678118655000, 24.25034525136749500 ) ) ;
#1133 = CARTESIAN_POINT ( 'NONE',  ( -22.62203461105328400, -4.117366491630677100, 44.00000000000000000 ) ) ;
#1134 = CARTESIAN_POINT ( 'NONE',  ( -7.292893218813447700, 19.20710678118655000, 20.74965474863250100 ) ) ;
#1135 = CARTESIAN_POINT ( 'NONE',  ( -22.76848122046001400, -4.470919882223960900, 44.00000000000000000 ) ) ;
#1136 = CARTESIAN_POINT ( 'NONE',  ( 6.585786437626907700, 19.50000000000000000, 44.00000000000000000 ) ) ;
#1137 = CARTESIAN_POINT ( 'NONE',  ( 7.026488708941752900, -2.022534857012790800, 45.00000000000000000 ) ) ;
#1138 = CARTESIAN_POINT ( 'NONE',  ( -6.503443971111799700, 1.654420405157258600, 44.00000000000000000 ) ) ;
#1139 = DIRECTION ( 'NONE',  ( 0.0000000000000000000, 0.0000000000000000000, -1.000000000000000000 ) ) ;
#1140 = CARTESIAN_POINT ( 'NONE',  ( 4.020538011569922400E-015, -19.50000000000000000, 18.00000000000001100 ) ) ;
#1141 = CARTESIAN_POINT ( 'NONE',  ( 3.469446951953614200E-015, 10.90000000000000000, 27.00000000000000400 ) ) ;
#1142 = CARTESIAN_POINT ( 'NONE',  ( 26.17422555855189300, -8.616361182282837200, 45.00000000000000000 ) ) ;
#1143 = CARTESIAN_POINT ( 'NONE',  ( 6.585786437626905100, 18.49999999999999600, 45.00000000000000000 ) ) ;
#1144 = CARTESIAN_POINT ( 'NONE',  ( -5.503443971111799700, 1.654420405157258600, 45.00000000000000000 ) ) ;
#1145 = CARTESIAN_POINT ( 'NONE',  ( 17.29727029638184300, -12.29331644445288200, 45.00000000000000000 ) ) ;
#1146 = CARTESIAN_POINT ( 'NONE',  ( -18.00437707756839200, -11.58620966326633600, 44.00000000000000000 ) ) ;
#1147 = CARTESIAN_POINT ( 'NONE',  ( -39.00000000000000000, -19.50000000000000000, 1.000000000000000900 ) ) ;
#1148 = CARTESIAN_POINT ( 'NONE',  ( 39.12132034355965300, -12.62132034355976600, 44.00000000000000000 ) ) ;
#1149 = CARTESIAN_POINT ( 'NONE',  ( 24.65118082072194000, -4.939405920112790200, 45.00000000000000000 ) ) ;
#1150 = DIRECTION ( 'NONE',  ( 1.000000000000000000, -0.0000000000000000000, -0.0000000000000000000 ) ) ;
#1151 = CARTESIAN_POINT ( 'NONE',  ( 4.387932051314128600E-015, 19.50000000000000000, 15.00000000000000000 ) ) ;
#1152 = CARTESIAN_POINT ( 'NONE',  ( -38.41421356237309200, -13.32842712474631200, 45.00000000000000000 ) ) ;
#1153 = CARTESIAN_POINT ( 'NONE',  ( 38.41421356237309900, -13.32842712474631100, 0.0000000000000000000 ) ) ;
#1154 = CARTESIAN_POINT ( 'NONE',  ( 15.20243866176396000, 4.509336238845188300, 45.00000000000000000 ) ) ;
#1155 = CARTESIAN_POINT ( 'NONE',  ( -1.000000000000021300, 18.50000000000000000, 44.99999999999999300 ) ) ;
#1156 = CARTESIAN_POINT ( 'NONE',  ( -13.67329245209530000, 4.624268886140757000, 44.00000000000000000 ) ) ;
#1157 = CARTESIAN_POINT ( 'NONE',  ( -22.62203461105328400, -4.117366491630677100, 16.99999999999999600 ) ) ;
#1158 = CARTESIAN_POINT ( 'NONE',  ( -22.76848122046001400, -4.470919882223960900, 16.99999999999999600 ) ) ;
#1159 = CARTESIAN_POINT ( 'NONE',  ( -14.38039923328185000, 5.331375667327304900, 45.00000000000000000 ) ) ;
#1160 = CARTESIAN_POINT ( 'NONE',  ( -17.88944443027281400, 7.196342007354042300, 45.00000000000000000 ) ) ;
#1161 = CARTESIAN_POINT ( 'NONE',  ( 39.12132034355965300, -12.62132034355976600, 1.000000000000000900 ) ) ;
#1162 = CARTESIAN_POINT ( 'NONE',  ( -24.65118082072194000, -4.939405920112790200, 45.00000000000000000 ) ) ;
#1163 = CARTESIAN_POINT ( 'NONE',  ( 39.00000000000000000, -19.50000000000000000, 44.00000000000000000 ) ) ;
#1164 = CARTESIAN_POINT ( 'NONE',  ( 23.94407403953539100, -5.646512701299337200, 44.00000000000000000 ) ) ;
#1165 = CARTESIAN_POINT ( 'NONE',  ( -18.00437707756839200, -11.58620966326633600, 16.99999999999999600 ) ) ;
#1166 = CARTESIAN_POINT ( 'NONE',  ( -26.16259377015539300, -0.3697005513420160100, 16.99999999999999600 ) ) ;
#1167 = CARTESIAN_POINT ( 'NONE',  ( 0.0000000000000000000, 19.50000000000000000, 44.00000000000000000 ) ) ;
#1168 = CARTESIAN_POINT ( 'NONE',  ( -18.95010460205263700, 7.549895397947316200, 44.00000000000000000 ) ) ;
#1169 = CARTESIAN_POINT ( 'NONE',  ( 26.86970055134197100, -0.3697005513419748800, 16.99999999999999600 ) ) ;
#1170 = CARTESIAN_POINT ( 'NONE',  ( 39.00000000000000000, -19.50000000000000000, 1.000000000000000900 ) ) ;
#1171 = CARTESIAN_POINT ( 'NONE',  ( -6.585786437626896200, 18.50000000000000000, 0.0000000000000000000 ) ) ;
#1172 = CARTESIAN_POINT ( 'NONE',  ( 14.38039923328185000, 5.331375667327304900, 45.00000000000000000 ) ) ;
#1173 = CARTESIAN_POINT ( 'NONE',  ( 6.585786437626907700, 19.50000000000000000, 18.91148819174723500 ) ) ;
#1174 = CARTESIAN_POINT ( 'NONE',  ( -17.29727029638184300, -12.29331644445288200, 45.00000000000000000 ) ) ;
#1175 = CARTESIAN_POINT ( 'NONE',  ( 7.292893218813454800, 19.20710678118654300, 20.74965474863250500 ) ) ;
#1176 = CARTESIAN_POINT ( 'NONE',  ( 39.00000000000000000, -18.50000000000000000, 0.0000000000000000000 ) ) ;
#1177 = CARTESIAN_POINT ( 'NONE',  ( -26.86970055134193900, -0.3697005513420177400, 44.00000000000000000 ) ) ;
#1178 = CARTESIAN_POINT ( 'NONE',  ( 7.292893218813454800, 19.20710678118654300, 24.25034525136749200 ) ) ;
#1179 = CARTESIAN_POINT ( 'NONE',  ( -22.76848122046001400, -3.763813101037395200, 16.99999999999999600 ) ) ;
#1180 = CARTESIAN_POINT ( 'NONE',  ( -22.76848122046001400, -3.763813101037395200, 44.00000000000000000 ) ) ;
#1181 = CARTESIAN_POINT ( 'NONE',  ( 39.00000000000000000, -14.74264068711940500, 0.0000000000000000000 ) ) ;
#1182 = CARTESIAN_POINT ( 'NONE',  ( 3.469446951953614200E-015, 19.50000000000000000, 30.00000000000000000 ) ) ;
#1183 = CARTESIAN_POINT ( 'NONE',  ( 18.95010460205266200, 7.549895397947337500, 16.99999999999999600 ) ) ;
#1184 = CARTESIAN_POINT ( 'NONE',  ( 18.95010460205264000, 7.549895397947316200, 44.00000000000000000 ) ) ;
#1185 = CARTESIAN_POINT ( 'NONE',  ( -39.00000000000000000, -14.74264068711940600, 0.0000000000000000000 ) ) ;
#1186 = CARTESIAN_POINT ( 'NONE',  ( 40.00000000000000000, -14.74264068711940500, 44.00000000000000000 ) ) ;
#1187 = CARTESIAN_POINT ( 'NONE',  ( 40.00000000000000000, -18.50000000000000000, 44.00000000000000000 ) ) ;
#1188 = CARTESIAN_POINT ( 'NONE',  ( -38.41421356237309200, -13.32842712474631200, 0.0000000000000000000 ) ) ;
#1189 = CARTESIAN_POINT ( 'NONE',  ( -40.00000000000000000, -18.50000000000000000, 1.000000000000000900 ) ) ;
#1190 = CARTESIAN_POINT ( 'NONE',  ( -23.82914139223983000, -4.117366491630678000, 45.00000000000000000 ) ) ;
#1191 = CARTESIAN_POINT ( 'NONE',  ( 6.585786437626907700, 19.50000000000000000, 1.000000000000000900 ) ) ;
#1192 = CARTESIAN_POINT ( 'NONE',  ( 26.51614716074867000, -1.430360723121835400, 45.00000000000000000 ) ) ;
#1193 = CARTESIAN_POINT ( 'NONE',  ( 7.292893218813454800, 19.20710678118654300, 44.00000000000000000 ) ) ;
#1194 = CARTESIAN_POINT ( 'NONE',  ( -23.94407403953539100, -5.646512701299337200, 44.00000000000000000 ) ) ;
#1195 = CARTESIAN_POINT ( 'NONE',  ( -7.292893218813448500, 19.20710678118654600, 1.000000000000000900 ) ) ;
#1196 = CARTESIAN_POINT ( 'NONE',  ( 40.00000000000000000, -18.50000000000000000, 1.000000000000000900 ) ) ;
#1197 = CARTESIAN_POINT ( 'NONE',  ( 0.9999999999999731300, -18.50000000000000000, 44.99999999999999300 ) ) ;
#1198 = CARTESIAN_POINT ( 'NONE',  ( -39.12132034355964500, -12.62132034355976800, 44.00000000000000000 ) ) ;
#1199 = CARTESIAN_POINT ( 'NONE',  ( -23.94407403953539100, -5.646512701299337200, 16.99999999999999600 ) ) ;
#1200 = CARTESIAN_POINT ( 'NONE',  ( -18.95010460205263700, 6.842788616760769200, 44.00000000000000000 ) ) ;
#1201 = CARTESIAN_POINT ( 'NONE',  ( -26.16259377015539300, -0.3697005513420164600, 44.00000000000000000 ) ) ;
#1202 = CARTESIAN_POINT ( 'NONE',  ( 40.00000000000000000, -14.74264068711940500, 1.000000000000000900 ) ) ;
#1203 = CARTESIAN_POINT ( 'NONE',  ( -1.000000000000021800, -18.50000000000000000, 45.00000000000000000 ) ) ;
#1204 = CARTESIAN_POINT ( 'NONE',  ( 39.00000000000000000, -18.50000000000000000, 45.00000000000000000 ) ) ;
#1205 = CARTESIAN_POINT ( 'NONE',  ( -39.00000000000000000, -18.50000000000000000, 0.0000000000000000000 ) ) ;
#1206 = CARTESIAN_POINT ( 'NONE',  ( -15.55599205235724400, 3.448676067065378900, 16.99999999999999600 ) ) ;
#1207 = CARTESIAN_POINT ( 'NONE',  ( 7.733595490128300800, -1.315428075826242000, 44.00000000000000000 ) ) ;
#1208 = CARTESIAN_POINT ( 'NONE',  ( 13.67329245209530000, 4.624268886140757000, 44.00000000000000000 ) ) ;
#1209 = CARTESIAN_POINT ( 'NONE',  ( 26.86970055134193600, -0.3697005513420099100, 44.00000000000000000 ) ) ;
#1210 = CARTESIAN_POINT ( 'NONE',  ( 6.585786437626907700, 19.50000000000000000, 26.08851180825276100 ) ) ;
#1211 = CARTESIAN_POINT ( 'NONE',  ( -6.585786437626895300, 19.50000000000000000, 18.91148819174722500 ) ) ;
#1212 = CARTESIAN_POINT ( 'NONE',  ( -7.026488708941753800, -2.022534857012789500, 45.00000000000000000 ) ) ;
#1213 = CARTESIAN_POINT ( 'NONE',  ( -39.12132034355964500, -12.62132034355976800, 1.000000000000000900 ) ) ;
#1214 = CARTESIAN_POINT ( 'NONE',  ( -6.585786437626896200, 18.50000000000000000, 45.00000000000000000 ) ) ;
#1215 = CARTESIAN_POINT ( 'NONE',  ( -40.00000000000000000, -14.74264068711940600, 44.00000000000000000 ) ) ;
#1216 = CARTESIAN_POINT ( 'NONE',  ( -18.95010460205266200, 7.549895397947340200, 16.99999999999999600 ) ) ;
#1217 = CARTESIAN_POINT ( 'NONE',  ( 6.585786437626907700, 18.50000000000000000, 0.0000000000000000000 ) ) ;
#1218 = CARTESIAN_POINT ( 'NONE',  ( 39.00000000000000000, -14.74264068711940500, 45.00000000000000000 ) ) ;
#1219 = CARTESIAN_POINT ( 'NONE',  ( -40.00000000000000000, -14.74264068711940600, 1.000000000000000900 ) ) ;
#1220 = CARTESIAN_POINT ( 'NONE',  ( -26.86970055134197500, -0.3697005513419791600, 16.99999999999999600 ) ) ;
#1221 = CARTESIAN_POINT ( 'NONE',  ( -39.00000000000000000, -14.74264068711940600, 45.00000000000000000 ) ) ;
#1222 = CARTESIAN_POINT ( 'NONE',  ( -18.95010460205263700, 6.842788616760770100, 16.99999999999999600 ) ) ;
#1223 =( LENGTH_UNIT ( ) NAMED_UNIT ( * ) SI_UNIT ( .MILLI., .METRE. ) );
#1224 = CARTESIAN_POINT ( 'NONE',  ( 14.84888527117067600, 3.448676067065382000, 44.00000000000000000 ) ) ;
#1225 = APPLICATION_CONTEXT ( 'configuration controlled 3d designs of mechanical parts and assemblies' ) ;
#1226 = DIRECTION ( 'NONE',  ( 0.0000000000000000000, 0.0000000000000000000, 1.000000000000000000 ) ) ;
#1227 = CARTESIAN_POINT ( 'NONE',  ( -40.00000000000000000, -18.50000000000000000, 44.00000000000000000 ) ) ;
#1228 = APPROVAL_ROLE ( '' ) ;
#1229 = DATE_TIME_ROLE ( 'creation_date' ) ;
#1230 = CARTESIAN_POINT ( 'NONE',  ( 0.0000000000000000000, 0.0000000000000000000, 0.0000000000000000000 ) ) ;
#1231 = APPROVAL_STATUS ( 'not_yet_approved' ) ;
#1232 = CARTESIAN_POINT ( 'NONE',  ( 7.733595490128300800, -1.315428075826242000, 16.99999999999999600 ) ) ;
#1233 = CARTESIAN_POINT ( 'NONE',  ( -15.20243866176396200, 4.509336238845191000, 45.00000000000000000 ) ) ;
#1234 = CARTESIAN_POINT ( 'NONE',  ( 18.95010460205264000, 6.842788616760773700, 16.99999999999999600 ) ) ;
#1235 = CARTESIAN_POINT ( 'NONE',  ( 26.16259377015539700, -0.3697005513420131300, 44.00000000000000000 ) ) ;
#1236 = APPROVAL_STATUS ( 'not_yet_approved' ) ;
#1237 = CARTESIAN_POINT ( 'NONE',  ( 22.76848122046001400, -4.470919882223960900, 16.99999999999999600 ) ) ;
#1238 = CARTESIAN_POINT ( 'NONE',  ( 15.55599205235724400, 3.448676067065378900, 44.00000000000000000 ) ) ;
#1239 = CARTESIAN_POINT ( 'NONE',  ( 18.00437707756839200, -11.58620966326633600, 16.99999999999999600 ) ) ;
#1240 = CARTESIAN_POINT ( 'NONE',  ( -39.00000000000000000, -18.50000000000000000, 45.00000000000000000 ) ) ;
#1241 = CARTESIAN_POINT ( 'NONE',  ( -26.51614716074866600, -1.430360723121839600, 45.00000000000000000 ) ) ;
#1242 = CARTESIAN_POINT ( 'NONE',  ( 13.67329245209530000, 4.624268886140757000, 16.99999999999999600 ) ) ;
#1243 = CARTESIAN_POINT ( 'NONE',  ( -6.585786437626896200, 19.50000000000000000, 1.000000000000000900 ) ) ;
#1244 = CARTESIAN_POINT ( 'NONE',  ( 22.76848122046001400, -3.763813101037395200, 44.00000000000000000 ) ) ;
#1245 = CARTESIAN_POINT ( 'NONE',  ( 26.16259377015539700, -0.3697005513420125700, 16.99999999999999600 ) ) ;
#1246 = CARTESIAN_POINT ( 'NONE',  ( -7.292893218813448500, 19.20710678118654600, 44.00000000000000000 ) ) ;
#1247 = APPLICATION_PROTOCOL_DEFINITION ( 'international standard', 'config_control_design', 1994, #1225 ) ;
#1248 = CARTESIAN_POINT ( 'NONE',  ( -39.00000000000000000, -19.50000000000000000, 44.00000000000000000 ) ) ;
#1249 = APPLICATION_CONTEXT ( 'configuration controlled 3d designs of mechanical parts and assemblies' ) ;
#1250 = CARTESIAN_POINT ( 'NONE',  ( -7.733595490128300800, -1.315428075826242000, 16.99999999999999600 ) ) ;
#1251 = APPLICATION_PROTOCOL_DEFINITION ( 'international standard', 'config_control_design', 1994, #1249 ) ;
#1252 = CARTESIAN_POINT ( 'NONE',  ( 14.84888527117067600, 3.448676067065382000, 16.99999999999999600 ) ) ;
#1253 = APPROVAL_ROLE ( '' ) ;
#1254 =( NAMED_UNIT ( * ) SI_UNIT ( $, .STERADIAN. ) SOLID_ANGLE_UNIT ( ) );
#1255 = PERSON_AND_ORGANIZATION_ROLE ( 'creator' ) ;
#1256 = CARTESIAN_POINT ( 'NONE',  ( 22.76848122046001400, -3.763813101037395200, 16.99999999999999600 ) ) ;
#1257 = PERSON_AND_ORGANIZATION_ROLE ( 'design_owner' ) ;
#1258 = PERSON_AND_ORGANIZATION_ROLE ( 'creator' ) ;
#1259 = PERSON_AND_ORGANIZATION_ROLE ( 'design_supplier' ) ;
#1260 = SECURITY_CLASSIFICATION_LEVEL ( 'unclassified' ) ;
#1261 = CARTESIAN_POINT ( 'NONE',  ( 7.292893218813454800, 19.20710678118654300, 1.000000000000000900 ) ) ;
#1262 = CARTESIAN_POINT ( 'NONE',  ( -6.585786437626896200, 19.50000000000000000, 44.00000000000000000 ) ) ;
#1263 = DIRECTION ( 'NONE',  ( 1.000000000000000000, 0.0000000000000000000, 0.0000000000000000000 ) ) ;
#1264 = MECHANICAL_CONTEXT ( 'NONE', #1225, 'mechanical' ) ;
#1265 = PERSON_AND_ORGANIZATION_ROLE ( 'classification_officer' ) ;
#1266 = DATE_TIME_ROLE ( 'classification_date' ) ;
#1267 =( NAMED_UNIT ( * ) PLANE_ANGLE_UNIT ( ) SI_UNIT ( $, .RADIAN. ) );
#1268 = APPROVAL_STATUS ( 'not_yet_approved' ) ;
#1269 = CARTESIAN_POINT ( 'NONE',  ( 18.95010460205264000, 6.842788616760772800, 44.00000000000000000 ) ) ;
#1270 = CARTESIAN_POINT ( 'NONE',  ( -14.84888527117067600, 3.448676067065382000, 44.00000000000000000 ) ) ;
#1271 = CARTESIAN_POINT ( 'NONE',  ( -14.84888527117067600, 3.448676067065382000, 16.99999999999999600 ) ) ;
#1272 = CARTESIAN_POINT ( 'NONE',  ( 22.76848122046001400, -4.470919882223960900, 44.00000000000000000 ) ) ;
#1273 = CARTESIAN_POINT ( 'NONE',  ( 15.55599205235724400, 3.448676067065378900, 16.99999999999999600 ) ) ;
#1274 = CARTESIAN_POINT ( 'NONE',  ( -15.55599205235724400, 3.448676067065378900, 44.00000000000000000 ) ) ;
#1275 = APPROVAL_ROLE ( '' ) ;
#1276 = DIRECTION ( 'NONE',  ( -0.7071067811865462400, 0.7071067811865489100, 0.0000000000000000000 ) ) ;
#1277 = DIRECTION ( 'NONE',  ( -0.0000000000000000000, -0.0000000000000000000, 1.000000000000000000 ) ) ;
#1278 = CARTESIAN_POINT ( 'NONE',  ( -26.51614716074870200, -0.01614716074870514000, 16.99999999999999600 ) ) ;
#1279 = CARTESIAN_POINT ( 'NONE',  ( 12.54289321881346500, 12.54289321881341800, 0.0000000000000000000 ) ) ;
#1280 = DIRECTION ( 'NONE',  ( 0.0000000000000000000, 0.0000000000000000000, -1.000000000000000000 ) ) ;
#1281 = CARTESIAN_POINT ( 'NONE',  ( -20.97422555855189000, -8.616361182282837200, 45.00000000000000000 ) ) ;
#1282 = DIRECTION ( 'NONE',  ( 0.0000000000000000000, -0.0000000000000000000, -1.000000000000000000 ) ) ;
#1283 = CARTESIAN_POINT ( 'NONE',  ( 39.00000000000000000, -18.50000000000000000, 45.00000000000000000 ) ) ;
#1284 = CARTESIAN_POINT ( 'NONE',  ( -39.00000000000000000, 0.0000000000000000000, 0.0000000000000000000 ) ) ;
#1285 = DIRECTION ( 'NONE',  ( 1.000000000000000000, 1.000802005371234800E-015, 0.0000000000000000000 ) ) ;
#1286 = CARTESIAN_POINT ( 'NONE',  ( -39.12132034355964500, -12.62132034355976800, 45.00000000000000000 ) ) ;
#1287 = DIRECTION ( 'NONE',  ( -0.0000000000000000000, -0.0000000000000000000, 1.000000000000000000 ) ) ;
#1288 = DIRECTION ( 'NONE',  ( 0.0000000000000000000, 0.0000000000000000000, 1.000000000000000000 ) ) ;
#1289 = CARTESIAN_POINT ( 'NONE',  ( -26.86970055134193900, -1.076807332528564100, 45.00000000000000000 ) ) ;
#1290 = DIRECTION ( 'NONE',  ( -0.7071067811865472400, 0.7071067811865479100, -0.0000000000000000000 ) ) ;
#1291 = CARTESIAN_POINT ( 'NONE',  ( -7.292893218813448500, 19.20710678118654600, 45.00000000000000000 ) ) ;
#1292 = CARTESIAN_POINT ( 'NONE',  ( 7.000000000000000000, 19.50000000000000000, 1.000000000000000900 ) ) ;
#1293 = CARTESIAN_POINT ( 'NONE',  ( 39.12132034355965300, -12.62132034355976600, 45.00000000000000000 ) ) ;
#1294 = CARTESIAN_POINT ( 'NONE',  ( -18.95010460205263700, 7.549895397947316200, 45.00000000000000000 ) ) ;
#1295 = DIRECTION ( 'NONE',  ( 0.0000000000000000000, 0.0000000000000000000, -1.000000000000000000 ) ) ;
#1296 = DIRECTION ( 'NONE',  ( -0.7071067811865474600, -0.7071067811865475700, -0.0000000000000000000 ) ) ;
#1297 = DIRECTION ( 'NONE',  ( 0.7071067811865462400, -0.7071067811865489100, -0.0000000000000000000 ) ) ;
#1298 = CARTESIAN_POINT ( 'NONE',  ( 7.292893218813454800, 19.20710678118654300, 20.74965474863250500 ) ) ;
#1299 = DIRECTION ( 'NONE',  ( 1.000000000000000000, 0.0000000000000000000, 0.0000000000000000000 ) ) ;
#1300 = CARTESIAN_POINT ( 'NONE',  ( -40.00000000000000000, -18.50000000000000000, 45.00000000000000000 ) ) ;
#1301 = CARTESIAN_POINT ( 'NONE',  ( 7.570330339527904700, 18.92966966047209000, 21.90560914947130300 ) ) ;
#1302 = DIRECTION ( 'NONE',  ( -0.0000000000000000000, 1.000000000000000000, -0.0000000000000000000 ) ) ;
#1303 = DESIGN_CONTEXT ( 'detailed design', #1249, 'design' ) ;
#1304 = PRODUCT_DEFINITION_SHAPE ( 'NONE', 'NONE',  #1721 ) ;
#1305 = EDGE_CURVE ( 'NONE', #2826, #2899, #189, .T. ) ;
#1306 = EDGE_CURVE ( 'NONE', #2879, #2880, #201, .T. ) ;
#1307 = EDGE_CURVE ( 'NONE', #2879, #2846, #207, .T. ) ;
#1308 = EDGE_CURVE ( 'NONE', #2904, #2927, #181, .T. ) ;
#1309 = EDGE_CURVE ( 'NONE', #2900, #2903, #182, .T. ) ;
#1310 = EDGE_CURVE ( 'NONE', #2833, #2900, #183, .T. ) ;
#1311 = EDGE_CURVE ( 'NONE', #2970, #2946, #190, .T. ) ;
#1312 = EDGE_CURVE ( 'NONE', #2899, #2862, #218, .T. ) ;
#1313 = EDGE_CURVE ( 'NONE', #2927, #2880, #211, .T. ) ;
#1314 = EDGE_CURVE ( 'NONE', #2971, #2930, #219, .T. ) ;
#1315 = EDGE_CURVE ( 'NONE', #2940, #2933, #184, .T. ) ;
#1316 = EDGE_CURVE ( 'NONE', #2928, #2834, #220, .T. ) ;
#1317 = EDGE_CURVE ( 'NONE', #2940, #2961, #214, .T. ) ;
#1318 = EDGE_CURVE ( 'NONE', #2930, #2946, #224, .T. ) ;
#1319 = EDGE_CURVE ( 'NONE', #2974, #2909, #274, .T. ) ;
#1320 = EDGE_CURVE ( 'NONE', #2901, #2974, #267, .T. ) ;
#1321 = EDGE_CURVE ( 'NONE', #2903, #2862, #246, .T. ) ;
#1322 = EDGE_CURVE ( 'NONE', #2880, #2850, #257, .T. ) ;
#1323 = EDGE_CURVE ( 'NONE', #2973, #2933, #286, .T. ) ;
#1324 = EDGE_CURVE ( 'NONE', #2954, #2834, #271, .T. ) ;
#1325 = EDGE_CURVE ( 'NONE', #2845, #2970, #233, .T. ) ;
#1326 = EDGE_CURVE ( 'NONE', #2937, #2931, #258, .T. ) ;
#1327 = EDGE_CURVE ( 'NONE', #2903, #2969, #247, .T. ) ;
#1328 = EDGE_CURVE ( 'NONE', #2904, #2879, #287, .T. ) ;
#1329 = EDGE_CURVE ( 'NONE', #2923, #2881, #283, .T. ) ;
#1330 = EDGE_CURVE ( 'NONE', #2975, #2907, #268, .T. ) ;
#1331 = EDGE_CURVE ( 'NONE', #2945, #2928, #232, .T. ) ;
#1332 = EDGE_CURVE ( 'NONE', #2830, #2954, #229, .T. ) ;
#1333 = EDGE_CURVE ( 'NONE', #2975, #2962, #259, .T. ) ;
#1334 = EDGE_CURVE ( 'NONE', #2910, #2897, #278, .T. ) ;
#1335 = EDGE_CURVE ( 'NONE', #2908, #2885, #269, .T. ) ;
#1336 = EDGE_CURVE ( 'NONE', #2908, #2888, #245, .T. ) ;
#1337 = EDGE_CURVE ( 'NONE', #2910, #2968, #272, .T. ) ;
#1338 = EDGE_CURVE ( 'NONE', #2963, #2967, #252, .T. ) ;
#1339 = EDGE_CURVE ( 'NONE', #2930, #2974, #255, .T. ) ;
#1340 = EDGE_CURVE ( 'NONE', #2866, #2870, #244, .T. ) ;
#1341 = EDGE_CURVE ( 'NONE', #2926, #2889, #248, .T. ) ;
#1342 = EDGE_CURVE ( 'NONE', #2894, #2931, #273, .T. ) ;
#1343 = EDGE_CURVE ( 'NONE', #2948, #2938, #284, .T. ) ;
#1344 = EDGE_CURVE ( 'NONE', #2926, #2870, #281, .T. ) ;
#1345 = EDGE_CURVE ( 'NONE', #2895, #2919, #279, .T. ) ;
#1346 = EDGE_CURVE ( 'NONE', #2905, #2867, #593, .T. ) ;
#1347 = EDGE_CURVE ( 'NONE', #2894, #2848, #598, .T. ) ;
#1348 = EDGE_CURVE ( 'NONE', #2896, #2863, #250, .T. ) ;
#1349 = EDGE_CURVE ( 'NONE', #2933, #2929, #235, .T. ) ;
#1350 = EDGE_CURVE ( 'NONE', #2851, #2887, #230, .T. ) ;
#1351 = EDGE_CURVE ( 'NONE', #2892, #2937, #285, .T. ) ;
#1352 = EDGE_CURVE ( 'NONE', #2914, #2967, #239, .T. ) ;
#1353 = EDGE_CURVE ( 'NONE', #2885, #2888, #277, .T. ) ;
#1354 = EDGE_CURVE ( 'NONE', #2969, #2836, #236, .T. ) ;
#1355 = EDGE_CURVE ( 'NONE', #2961, #2937, #262, .T. ) ;
#1356 = EDGE_CURVE ( 'NONE', #2935, #2940, #249, .T. ) ;
#1357 = EDGE_CURVE ( 'NONE', #2922, #2890, #238, .T. ) ;
#1358 = EDGE_CURVE ( 'NONE', #2878, #2939, #242, .T. ) ;
#1359 = EDGE_CURVE ( 'NONE', #2914, #2963, #253, .T. ) ;
#1360 = EDGE_CURVE ( 'NONE', #2931, #2848, #599, .T. ) ;
#1361 = EDGE_CURVE ( 'NONE', #2971, #2970, #260, .T. ) ;
#1362 = EDGE_CURVE ( 'NONE', #2946, #2901, #265, .T. ) ;
#1363 = EDGE_CURVE ( 'NONE', #2862, #2841, #241, .T. ) ;
#1364 = EDGE_CURVE ( 'NONE', #2924, #2904, #308, .T. ) ;
#1365 = EDGE_CURVE ( 'NONE', #2929, #2928, #336, .T. ) ;
#1366 = EDGE_CURVE ( 'NONE', #2935, #2929, #327, .T. ) ;
#1367 = EDGE_CURVE ( 'NONE', #2945, #2935, #303, .T. ) ;
#1368 = EDGE_CURVE ( 'NONE', #2873, #2927, #331, .T. ) ;
#1369 = EDGE_CURVE ( 'NONE', #2831, #2825, #295, .T. ) ;
#1370 = EDGE_CURVE ( 'NONE', #2863, #2912, #322, .T. ) ;
#1371 = EDGE_CURVE ( 'NONE', #2852, #2971, #297, .T. ) ;
#1372 = EDGE_CURVE ( 'NONE', #2954, #2945, #324, .T. ) ;
#1373 = EDGE_CURVE ( 'NONE', #2911, #2876, #600, .T. ) ;
#1374 = EDGE_CURVE ( 'NONE', #2931, #2973, #309, .T. ) ;
#1375 = EDGE_CURVE ( 'NONE', #2961, #2973, #302, .T. ) ;
#1376 = EDGE_CURVE ( 'NONE', #2969, #2841, #288, .T. ) ;
#1377 = EDGE_CURVE ( 'NONE', #2859, #2835, #332, .T. ) ;
#1378 = EDGE_CURVE ( 'NONE', #2962, #2949, #318, .T. ) ;
#1379 = EDGE_CURVE ( 'NONE', #2919, #2923, #289, .T. ) ;
#1380 = EDGE_CURVE ( 'NONE', #2936, #2972, #323, .T. ) ;
#1381 = EDGE_CURVE ( 'NONE', #2913, #2828, #603, .T. ) ;
#1382 = EDGE_CURVE ( 'NONE', #2893, #2826, #567, .T. ) ;
#1383 = EDGE_CURVE ( 'NONE', #2893, #2880, #580, .T. ) ;
#1384 = EDGE_CURVE ( 'NONE', #2950, #2948, #329, .T. ) ;
#1385 = EDGE_CURVE ( 'NONE', #2878, #2872, #325, .T. ) ;
#1386 = EDGE_CURVE ( 'NONE', #2957, #2972, #311, .T. ) ;
#1387 = EDGE_CURVE ( 'NONE', #2905, #2828, #328, .T. ) ;
#1388 = EDGE_CURVE ( 'NONE', #2902, #2824, #299, .T. ) ;
#1389 = EDGE_CURVE ( 'NONE', #2973, #2857, #588, .T. ) ;
#1390 = EDGE_CURVE ( 'NONE', #2938, #2898, #577, .T. ) ;
#1391 = EDGE_CURVE ( 'NONE', #2865, #2890, #312, .T. ) ;
#1392 = EDGE_CURVE ( 'NONE', #2868, #2845, #326, .T. ) ;
#1393 = EDGE_CURVE ( 'NONE', #2869, #2901, #578, .T. ) ;
#1394 = EDGE_CURVE ( 'NONE', #2882, #2915, #304, .T. ) ;
#1395 = EDGE_CURVE ( 'NONE', #2949, #2950, #300, .T. ) ;
#1396 = EDGE_CURVE ( 'NONE', #2896, #2912, #291, .T. ) ;
#1397 = EDGE_CURVE ( 'NONE', #2864, #2882, #335, .T. ) ;
#1398 = EDGE_CURVE ( 'NONE', #2871, #2899, #330, .T. ) ;
#1399 = EDGE_CURVE ( 'NONE', #2949, #2842, #292, .T. ) ;
#1400 = EDGE_CURVE ( 'NONE', #2887, #2843, #293, .T. ) ;
#1401 = EDGE_CURVE ( 'NONE', #2948, #2854, #575, .T. ) ;
#1402 = EDGE_CURVE ( 'NONE', #2921, #2898, #585, .T. ) ;
#1403 = EDGE_CURVE ( 'NONE', #2960, #2927, #576, .T. ) ;
#1404 = EDGE_CURVE ( 'NONE', #2928, #2853, #313, .T. ) ;
#1405 = EDGE_CURVE ( 'NONE', #2950, #2854, #579, .T. ) ;
#1406 = EDGE_CURVE ( 'NONE', #2933, #2857, #587, .T. ) ;
#1407 = EDGE_CURVE ( 'NONE', #2864, #2849, #305, .T. ) ;
#1408 = EDGE_CURVE ( 'NONE', #2916, #2840, #570, .T. ) ;
#1409 = EDGE_CURVE ( 'NONE', #2968, #2897, #315, .T. ) ;
#1410 = EDGE_CURVE ( 'NONE', #2925, #2922, #296, .T. ) ;
#1411 = EDGE_CURVE ( 'NONE', #2939, #2872, #317, .T. ) ;
#1412 = EDGE_CURVE ( 'NONE', #2901, #2906, #314, .T. ) ;
#1413 = EDGE_CURVE ( 'NONE', #2947, #2946, #584, .T. ) ;
#1414 = EDGE_CURVE ( 'NONE', #2886, #2862, #306, .T. ) ;
#1415 = EDGE_CURVE ( 'NONE', #2938, #2921, #316, .T. ) ;
#1416 = EDGE_CURVE ( 'NONE', #2962, #2948, #320, .T. ) ;
#1417 = EDGE_CURVE ( 'NONE', #2957, #2936, #338, .T. ) ;
#1418 = EDGE_CURVE ( 'NONE', #2869, #2906, #589, .T. ) ;
#1419 = EDGE_CURVE ( 'NONE', #2877, #2884, #571, .T. ) ;
#1420 = EDGE_CURVE ( 'NONE', #2902, #2950, #369, .T. ) ;
#1421 = EDGE_CURVE ( 'NONE', #2874, #2827, #349, .T. ) ;
#1422 = EDGE_CURVE ( 'NONE', #2938, #2975, #373, .T. ) ;
#1423 = EDGE_CURVE ( 'NONE', #2929, #2883, #354, .T. ) ;
#1424 = EDGE_CURVE ( 'NONE', #2947, #2970, #586, .T. ) ;
#1425 = EDGE_CURVE ( 'NONE', #2960, #2873, #583, .T. ) ;
#1426 = EDGE_CURVE ( 'NONE', #2874, #2917, #357, .T. ) ;
#1427 = EDGE_CURVE ( 'NONE', #2831, #2891, #353, .T. ) ;
#1428 = EDGE_CURVE ( 'NONE', #2897, #2939, #380, .T. ) ;
#1429 = EDGE_CURVE ( 'NONE', #2884, #2856, #387, .T. ) ;
#1430 = EDGE_CURVE ( 'NONE', #2917, #2915, #374, .T. ) ;
#1431 = EDGE_CURVE ( 'NONE', #2857, #2848, #355, .T. ) ;
#1432 = EDGE_CURVE ( 'NONE', #2861, #2860, #359, .T. ) ;
#1433 = EDGE_CURVE ( 'NONE', #2834, #2832, #375, .T. ) ;
#1434 = EDGE_CURVE ( 'NONE', #2844, #2918, #368, .T. ) ;
#1435 = EDGE_CURVE ( 'NONE', #2883, #2857, #370, .T. ) ;
#1436 = EDGE_CURVE ( 'NONE', #2827, #2828, #383, .T. ) ;
#1437 = EDGE_CURVE ( 'NONE', #2918, #2841, #378, .T. ) ;
#1438 = EDGE_CURVE ( 'NONE', #2827, #2917, #385, .T. ) ;
#1439 = EDGE_CURVE ( 'NONE', #2829, #2967, #371, .T. ) ;
#1440 = EDGE_CURVE ( 'NONE', #2858, #2847, #377, .T. ) ;
#1441 = EDGE_CURVE ( 'NONE', #2830, #2832, #363, .T. ) ;
#1442 = EDGE_CURVE ( 'NONE', #2850, #2826, #386, .T. ) ;
#1443 = EDGE_CURVE ( 'NONE', #2825, #2831, #381, .T. ) ;
#1444 = EDGE_CURVE ( 'NONE', #2836, #2852, #384, .T. ) ;
#1445 = EDGE_CURVE ( 'NONE', #2824, #2861, #388, .T. ) ;
#1446 = EDGE_CURVE ( 'NONE', #2852, #2845, #362, .T. ) ;
#1447 = EDGE_CURVE ( 'NONE', #2846, #2833, #345, .T. ) ;
#1448 = EDGE_CURVE ( 'NONE', #2837, #2829, #568, .T. ) ;
#1449 = EDGE_CURVE ( 'NONE', #2825, #2856, #382, .T. ) ;
#1450 = EDGE_CURVE ( 'NONE', #2884, #2897, #364, .T. ) ;
#1451 = EDGE_CURVE ( 'NONE', #2842, #2830, #342, .T. ) ;
#1452 = EDGE_CURVE ( 'NONE', #2967, #2905, #367, .T. ) ;
#1453 = EDGE_CURVE ( 'NONE', #2915, #2849, #350, .T. ) ;
#1454 = EDGE_CURVE ( 'NONE', #2854, #2824, #366, .T. ) ;
#1455 = EDGE_CURVE ( 'NONE', #2905, #2851, #341, .T. ) ;
#1456 = EDGE_CURVE ( 'NONE', #2891, #2911, #352, .T. ) ;
#1457 = EDGE_CURVE ( 'NONE', #2898, #2854, #351, .T. ) ;
#1458 = EDGE_CURVE ( 'NONE', #2876, #2887, #397, .T. ) ;
#1459 = EDGE_CURVE ( 'NONE', #2939, #2916, #433, .T. ) ;
#1460 = EDGE_CURVE ( 'NONE', #2842, #2902, #426, .T. ) ;
#1461 = EDGE_CURVE ( 'NONE', #2846, #2850, #440, .T. ) ;
#1462 = EDGE_CURVE ( 'NONE', #2835, #2859, #428, .T. ) ;
#1463 = EDGE_CURVE ( 'NONE', #2829, #2891, #404, .T. ) ;
#1464 = EDGE_CURVE ( 'NONE', #2841, #2855, #400, .T. ) ;
#1465 = EDGE_CURVE ( 'NONE', #2855, #2845, #424, .T. ) ;
#1466 = EDGE_CURVE ( 'NONE', #2843, #2851, #406, .T. ) ;
#1467 = EDGE_CURVE ( 'NONE', #2861, #2832, #410, .T. ) ;
#1468 = EDGE_CURVE ( 'NONE', #2875, #2917, #436, .T. ) ;
#1469 = EDGE_CURVE ( 'NONE', #2847, #2859, #438, .T. ) ;
#1470 = EDGE_CURVE ( 'NONE', #2844, #2855, #391, .T. ) ;
#1471 = EDGE_CURVE ( 'NONE', #2843, #2838, #415, .T. ) ;
#1472 = EDGE_CURVE ( 'NONE', #2853, #2883, #445, .T. ) ;
#1473 = EDGE_CURVE ( 'NONE', #2849, #2898, #408, .T. ) ;
#1474 = EDGE_CURVE ( 'NONE', #2858, #2835, #399, .T. ) ;
#1475 = EDGE_CURVE ( 'NONE', #2848, #2843, #437, .T. ) ;
#1476 = EDGE_CURVE ( 'NONE', #2860, #2853, #439, .T. ) ;
#1477 = EDGE_CURVE ( 'NONE', #2838, #2875, #441, .T. ) ;
#1478 = EDGE_CURVE ( 'NONE', #2833, #2826, #392, .T. ) ;
#1479 = EDGE_CURVE ( 'NONE', #2832, #2902, #395, .T. ) ;
#1480 = EDGE_CURVE ( 'NONE', #2836, #2855, #446, .T. ) ;
#1481 = EDGE_CURVE ( 'NONE', #2834, #2860, #442, .T. ) ;
#1482 = EDGE_CURVE ( 'NONE', #2856, #2916, #443, .T. ) ;
#1483 = EDGE_CURVE ( 'NONE', #2828, #2875, #581, .T. ) ;
#1484 = EDGE_CURVE ( 'NONE', #2838, #2905, #574, .T. ) ;
#1485 = EDGE_CURVE ( 'NONE', #2837, #2840, #572, .T. ) ;
#1486 = EDGE_CURVE ( 'NONE', #2968, #2877, #432, .T. ) ;
#1487 = EDGE_CURVE ( 'NONE', #2892, #2907, #413, .T. ) ;
#1488 = EDGE_CURVE ( 'NONE', #2894, #2892, #394, .T. ) ;
#1489 = EDGE_CURVE ( 'NONE', #2947, #2868, #429, .T. ) ;
#1490 = EDGE_CURVE ( 'NONE', #2918, #2886, #402, .T. ) ;
#1491 = EDGE_CURVE ( 'NONE', #2872, #2919, #390, .T. ) ;
#1492 = EDGE_CURVE ( 'NONE', #2906, #2963, #431, .T. ) ;
#1493 = EDGE_CURVE ( 'NONE', #2890, #2873, #416, .T. ) ;
#1494 = EDGE_CURVE ( 'NONE', #2867, #2914, #434, .T. ) ;
#1495 = EDGE_CURVE ( 'NONE', #2926, #2882, #451, .T. ) ;
#1496 = EDGE_CURVE ( 'NONE', #2921, #2864, #459, .T. ) ;
#1497 = EDGE_CURVE ( 'NONE', #2907, #2921, #448, .T. ) ;
#1498 = EDGE_CURVE ( 'NONE', #2972, #2922, #503, .T. ) ;
#1499 = EDGE_CURVE ( 'NONE', #2922, #2923, #490, .T. ) ;
#1500 = EDGE_CURVE ( 'NONE', #2869, #2947, #498, .T. ) ;
#1501 = EDGE_CURVE ( 'NONE', #2866, #2889, #479, .T. ) ;
#1502 = EDGE_CURVE ( 'NONE', #2881, #2895, #495, .T. ) ;
#1503 = EDGE_CURVE ( 'NONE', #2871, #2893, #482, .T. ) ;
#1504 = EDGE_CURVE ( 'NONE', #2882, #2874, #486, .T. ) ;
#1505 = EDGE_CURVE ( 'NONE', #2868, #2844, #493, .T. ) ;
#1506 = EDGE_CURVE ( 'NONE', #2867, #2913, #467, .T. ) ;
#1507 = EDGE_CURVE ( 'NONE', #2885, #2926, #477, .T. ) ;
#1508 = EDGE_CURVE ( 'NONE', #2900, #2899, #458, .T. ) ;
#1509 = EDGE_CURVE ( 'NONE', #2908, #2827, #488, .T. ) ;
#1510 = EDGE_CURVE ( 'NONE', #2957, #2863, #483, .T. ) ;
#1511 = EDGE_CURVE ( 'NONE', #2873, #2924, #480, .T. ) ;
#1512 = EDGE_CURVE ( 'NONE', #2863, #2908, #462, .T. ) ;
#1513 = EDGE_CURVE ( 'NONE', #2895, #2878, #457, .T. ) ;
#1514 = EDGE_CURVE ( 'NONE', #2963, #2837, #468, .T. ) ;
#1515 = EDGE_CURVE ( 'NONE', #2914, #2869, #473, .T. ) ;
#1516 = EDGE_CURVE ( 'NONE', #2874, #2885, #476, .T. ) ;
#1517 = EDGE_CURVE ( 'NONE', #2889, #2888, #500, .T. ) ;
#1518 = AXIS2_PLACEMENT_3D ( 'NONE', #1791, #1814, #1821 ) ;
#1519 = AXIS2_PLACEMENT_3D ( 'NONE', #1790, #1801, #1826 ) ;
#1520 = EDGE_CURVE ( 'NONE', #2923, #2896, #487, .T. ) ;
#1521 = EDGE_CURVE ( 'NONE', #2847, #2858, #471, .T. ) ;
#1522 = EDGE_CURVE ( 'NONE', #2865, #2925, #474, .T. ) ;
#1523 = EDGE_CURVE ( 'NONE', #2828, #2957, #484, .T. ) ;
#1524 = AXIS2_PLACEMENT_3D ( 'NONE', #1835, #1796, #1833 ) ;
#1525 = EDGE_CURVE ( 'NONE', #2960, #2865, #501, .T. ) ;
#1526 = EDGE_CURVE ( 'NONE', #2925, #2936, #481, .T. ) ;
#1527 = EDGE_CURVE ( 'NONE', #2888, #2912, #492, .T. ) ;
#1528 = EDGE_CURVE ( 'NONE', #2887, #2894, #504, .T. ) ;
#1529 = EDGE_CURVE ( 'NONE', #2936, #2913, #450, .T. ) ;
#1530 = EDGE_CURVE ( 'NONE', #2919, #2890, #506, .T. ) ;
#1531 = EDGE_CURVE ( 'NONE', #2912, #2881, #519, .T. ) ;
#1532 = AXIS2_PLACEMENT_3D ( 'NONE', #1831, #1820, #1802 ) ;
#1533 = EDGE_CURVE ( 'NONE', #2870, #2968, #530, .T. ) ;
#1534 = EDGE_CURVE ( 'NONE', #2893, #2960, #513, .T. ) ;
#1535 = EDGE_CURVE ( 'NONE', #2840, #2872, #528, .T. ) ;
#1536 = EDGE_CURVE ( 'NONE', #2896, #2972, #511, .T. ) ;
#1537 = EDGE_CURVE ( 'NONE', #2909, #2906, #509, .T. ) ;
#1538 = EDGE_CURVE ( 'NONE', #2864, #2870, #525, .T. ) ;
#1539 = EDGE_CURVE ( 'NONE', #2909, #2924, #507, .T. ) ;
#1540 = EDGE_CURVE ( 'NONE', #2886, #2871, #518, .T. ) ;
#1541 = EDGE_CURVE ( 'NONE', #2910, #2866, #516, .T. ) ;
#1542 = EDGE_CURVE ( 'NONE', #2878, #2910, #529, .T. ) ;
#1543 = EDGE_CURVE ( 'NONE', #2877, #2876, #573, .T. ) ;
#1544 = EDGE_CURVE ( 'NONE', #2851, #2911, #523, .T. ) ;
#1545 = AXIS2_PLACEMENT_3D ( 'NONE', #1800, #1828, #1803 ) ;
#1546 = AXIS2_PLACEMENT_3D ( 'NONE', #1851, #1873, #1854 ) ;
#1547 = AXIS2_PLACEMENT_3D ( 'NONE', #1839, #1845, #1917 ) ;
#1548 = AXIS2_PLACEMENT_3D ( 'NONE', #1903, #1899, #1919 ) ;
#1549 = AXIS2_PLACEMENT_3D ( 'NONE', #1885, #1896, #1925 ) ;
#1550 = AXIS2_PLACEMENT_3D ( 'NONE', #1926, #1907, #1927 ) ;
#1551 = AXIS2_PLACEMENT_3D ( 'NONE', #1958, #1960, #1968 ) ;
#1552 = AXIS2_PLACEMENT_3D ( 'NONE', #1973, #1951, #1953 ) ;
#1553 = AXIS2_PLACEMENT_3D ( 'NONE', #1905, #1934, #1911 ) ;
#1554 = AXIS2_PLACEMENT_3D ( 'NONE', #1944, #1980, #1956 ) ;
#1555 = AXIS2_PLACEMENT_3D ( 'NONE', #1952, #1963, #1945 ) ;
#1556 = AXIS2_PLACEMENT_3D ( 'NONE', #1832, #1822, #1804 ) ;
#1557 = AXIS2_PLACEMENT_3D ( 'NONE', #1842, #1848, #1870 ) ;
#1558 = AXIS2_PLACEMENT_3D ( 'NONE', #1876, #1872, #1853 ) ;
#1559 = AXIS2_PLACEMENT_3D ( 'NONE', #1977, #1971, #1961 ) ;
#1560 = AXIS2_PLACEMENT_3D ( 'NONE', #1805, #1806, #1807 ) ;
#1561 = AXIS2_PLACEMENT_3D ( 'NONE', #1855, #1852, #1858 ) ;
#1562 = AXIS2_PLACEMENT_3D ( 'NONE', #1894, #1886, #1892 ) ;
#1563 = AXIS2_PLACEMENT_3D ( 'NONE', #1792, #1823, #1808 ) ;
#1564 = AXIS2_PLACEMENT_3D ( 'NONE', #1843, #1875, #1859 ) ;
#1565 = AXIS2_PLACEMENT_3D ( 'NONE', #1947, #1984, #1949 ) ;
#1566 = AXIS2_PLACEMENT_3D ( 'NONE', #1913, #1889, #1908 ) ;
#1567 = AXIS2_PLACEMENT_3D ( 'NONE', #1982, #1981, #1970 ) ;
#1568 = AXIS2_PLACEMENT_3D ( 'NONE', #1986, #1979, #1948 ) ;
#1569 = AXIS2_PLACEMENT_3D ( 'NONE', #1954, #1966, #1983 ) ;
#1570 = AXIS2_PLACEMENT_3D ( 'NONE', #1959, #1946, #1955 ) ;
#1571 = AXIS2_PLACEMENT_3D ( 'NONE', #1933, #1887, #1904 ) ;
#1572 = AXIS2_PLACEMENT_3D ( 'NONE', #1879, #1883, #1866 ) ;
#1573 = AXIS2_PLACEMENT_3D ( 'NONE', #2035, #2018, #1994 ) ;
#1574 = AXIS2_PLACEMENT_3D ( 'NONE', #1902, #1920, #1924 ) ;
#1575 = AXIS2_PLACEMENT_3D ( 'NONE', #1923, #1909, #1915 ) ;
#1576 = AXIS2_PLACEMENT_3D ( 'NONE', #1860, #1861, #1863 ) ;
#1577 = AXIS2_PLACEMENT_3D ( 'NONE', #1789, #1825, #1827 ) ;
#1578 = AXIS2_PLACEMENT_3D ( 'NONE', #1841, #1871, #1874 ) ;
#1579 = AXIS2_PLACEMENT_3D ( 'NONE', #1893, #1930, #1900 ) ;
#1580 = AXIS2_PLACEMENT_3D ( 'NONE', #1932, #1922, #1897 ) ;
#1581 = AXIS2_PLACEMENT_3D ( 'NONE', #1890, #1918, #1931 ) ;
#1582 = AXIS2_PLACEMENT_3D ( 'NONE', #1880, #1844, #1864 ) ;
#1583 = AXIS2_PLACEMENT_3D ( 'NONE', #1891, #1928, #1929 ) ;
#1584 = AXIS2_PLACEMENT_3D ( 'NONE', #1976, #1950, #1965 ) ;
#1585 = AXIS2_PLACEMENT_3D ( 'NONE', #1914, #1910, #1921 ) ;
#1586 = AXIS2_PLACEMENT_3D ( 'NONE', #2164, #2172, #2174 ) ;
#1587 = AXIS2_PLACEMENT_3D ( 'NONE', #2195, #2235, #2244 ) ;
#1588 = AXIS2_PLACEMENT_3D ( 'NONE', #2190, #2177, #2155 ) ;
#1589 = AXIS2_PLACEMENT_3D ( 'NONE', #2234, #2238, #2204 ) ;
#1590 = AXIS2_PLACEMENT_3D ( 'NONE', #2043, #2049, #2064 ) ;
#1591 = AXIS2_PLACEMENT_3D ( 'NONE', #2046, #2061, #2091 ) ;
#1592 = AXIS2_PLACEMENT_3D ( 'NONE', #2014, #2039, #2029 ) ;
#1593 = AXIS2_PLACEMENT_3D ( 'NONE', #2065, #2089, #2078 ) ;
#1594 = AXIS2_PLACEMENT_3D ( 'NONE', #2130, #2128, #2145 ) ;
#1595 = AXIS2_PLACEMENT_3D ( 'NONE', #2120, #2141, #2131 ) ;
#1596 = AXIS2_PLACEMENT_3D ( 'NONE', #2181, #2182, #2146 ) ;
#1597 = AXIS2_PLACEMENT_3D ( 'NONE', #2203, #2231, #2211 ) ;
#1598 = AXIS2_PLACEMENT_3D ( 'NONE', #2200, #2213, #2219 ) ;
#1599 = AXIS2_PLACEMENT_3D ( 'NONE', #2161, #2175, #2176 ) ;
#1600 = AXIS2_PLACEMENT_3D ( 'NONE', #2171, #2162, #2173 ) ;
#1601 = AXIS2_PLACEMENT_3D ( 'NONE', #2237, #2233, #2199 ) ;
#1602 = AXIS2_PLACEMENT_3D ( 'NONE', #2214, #2242, #2241 ) ;
#1603 = AXIS2_PLACEMENT_3D ( 'NONE', #2067, #2071, #2056 ) ;
#1604 = AXIS2_PLACEMENT_3D ( 'NONE', #2180, #2191, #2150 ) ;
#1605 = AXIS2_PLACEMENT_3D ( 'NONE', #2050, #2070, #2062 ) ;
#1606 = AXIS2_PLACEMENT_3D ( 'NONE', #2224, #2212, #2230 ) ;
#1607 = AXIS2_PLACEMENT_3D ( 'NONE', #2147, #2148, #2149 ) ;
#1608 = AXIS2_PLACEMENT_3D ( 'NONE', #2160, #2186, #2158 ) ;
#1609 = AXIS2_PLACEMENT_3D ( 'NONE', #2289, #2276, #2261 ) ;
#1610 = AXIS2_PLACEMENT_3D ( 'NONE', #2202, #2236, #2197 ) ;
#1611 = AXIS2_PLACEMENT_3D ( 'NONE', #2085, #2063, #2053 ) ;
#1612 = AXIS2_PLACEMENT_3D ( 'NONE', #2044, #2082, #2069 ) ;
#1613 = AXIS2_PLACEMENT_3D ( 'NONE', #2093, #2135, #2124 ) ;
#1614 = AXIS2_PLACEMENT_3D ( 'NONE', #2166, #2157, #2159 ) ;
#1615 = AXIS2_PLACEMENT_3D ( 'NONE', #2042, #2059, #2084 ) ;
#1616 = AXIS2_PLACEMENT_3D ( 'NONE', #2167, #2156, #2185 ) ;
#1617 = AXIS2_PLACEMENT_3D ( 'NONE', #2163, #2192, #2184 ) ;
#1618 = AXIS2_PLACEMENT_3D ( 'NONE', #2183, #2168, #2179 ) ;
#1619 = AXIS2_PLACEMENT_3D ( 'NONE', #2188, #2189, #2165 ) ;
#1620 = AXIS2_PLACEMENT_3D ( 'NONE', #2144, #2132, #2107 ) ;
#1621 = AXIS2_PLACEMENT_3D ( 'NONE', #2170, #2153, #2187 ) ;
#1622 = AXIS2_PLACEMENT_3D ( 'NONE', #2090, #2068, #2081 ) ;
#1623 = AXIS2_PLACEMENT_3D ( 'NONE', #2229, #2226, #2209 ) ;
#1624 = AXIS2_PLACEMENT_3D ( 'NONE', #2222, #2239, #2228 ) ;
#1625 = AXIS2_PLACEMENT_3D ( 'NONE', #2152, #2154, #2169 ) ;
#1626 = AXIS2_PLACEMENT_3D ( 'NONE', #2001, #2036, #1992 ) ;
#1627 = AXIS2_PLACEMENT_3D ( 'NONE', #956, #936, #944 ) ;
#1628 = AXIS2_PLACEMENT_3D ( 'NONE', #2334, #2298, #2338 ) ;
#1629 = AXIS2_PLACEMENT_3D ( 'NONE', #2388, #2397, #2387 ) ;
#1630 = AXIS2_PLACEMENT_3D ( 'NONE', #934, #959, #963 ) ;
#1631 = AXIS2_PLACEMENT_3D ( 'NONE', #2456, #2467, #2459 ) ;
#1632 = AXIS2_PLACEMENT_3D ( 'NONE', #2418, #2442, #2443 ) ;
#1633 = AXIS2_PLACEMENT_3D ( 'NONE', #2303, #2339, #2330 ) ;
#1634 = AXIS2_PLACEMENT_3D ( 'NONE', #2367, #2352, #2353 ) ;
#1635 = AXIS2_PLACEMENT_3D ( 'NONE', #2370, #2377, #2343 ) ;
#1636 = AXIS2_PLACEMENT_3D ( 'NONE', #2455, #2450, #2454 ) ;
#1637 = AXIS2_PLACEMENT_3D ( 'NONE', #2381, #2386, #2404 ) ;
#1638 = AXIS2_PLACEMENT_3D ( 'NONE', #2393, #2409, #2406 ) ;
#1639 = AXIS2_PLACEMENT_3D ( 'NONE', #2435, #2448, #2447 ) ;
#1640 = AXIS2_PLACEMENT_3D ( 'NONE', #2462, #2460, #2461 ) ;
#1641 = AXIS2_PLACEMENT_3D ( 'NONE', #2392, #2405, #2401 ) ;
#1642 = AXIS2_PLACEMENT_3D ( 'NONE', #2309, #2310, #2312 ) ;
#1643 = AXIS2_PLACEMENT_3D ( 'NONE', #2247, #2277, #2250 ) ;
#1644 = AXIS2_PLACEMENT_3D ( 'NONE', #2341, #2361, #2368 ) ;
#1645 = AXIS2_PLACEMENT_3D ( 'NONE', #2398, #2389, #2396 ) ;
#1646 = AXIS2_PLACEMENT_3D ( 'NONE', #2437, #2421, #2420 ) ;
#1647 = AXIS2_PLACEMENT_3D ( 'NONE', #946, #940, #960 ) ;
#1648 = AXIS2_PLACEMENT_3D ( 'NONE', #943, #957, #948 ) ;
#1649 = AXIS2_PLACEMENT_3D ( 'NONE', #2275, #2251, #2252 ) ;
#1650 = AXIS2_PLACEMENT_3D ( 'NONE', #2485, #2478, #2474 ) ;
#1651 = AXIS2_PLACEMENT_3D ( 'NONE', #2322, #2314, #2325 ) ;
#1652 = AXIS2_PLACEMENT_3D ( 'NONE', #2457, #2470, #2464 ) ;
#1653 = AXIS2_PLACEMENT_3D ( 'NONE', #2419, #2427, #2441 ) ;
#1654 = AXIS2_PLACEMENT_3D ( 'NONE', #2488, #2489, #2496 ) ;
#1655 = AXIS2_PLACEMENT_3D ( 'NONE', #2384, #2380, #2413 ) ;
#1656 = AXIS2_PLACEMENT_3D ( 'NONE', #2472, #2451, #2479 ) ;
#1657 = AXIS2_PLACEMENT_3D ( 'NONE', #2320, #2335, #2324 ) ;
#1658 = AXIS2_PLACEMENT_3D ( 'NONE', #2304, #2332, #2300 ) ;
#1659 = AXIS2_PLACEMENT_3D ( 'NONE', #2376, #2349, #2374 ) ;
#1660 = AXIS2_PLACEMENT_3D ( 'NONE', #2399, #2400, #2379 ) ;
#1661 = AXIS2_PLACEMENT_3D ( 'NONE', #2452, #2476, #2465 ) ;
#1662 = AXIS2_PLACEMENT_3D ( 'NONE', #2299, #2331, #2340 ) ;
#1663 = AXIS2_PLACEMENT_3D ( 'NONE', #2355, #2347, #2371 ) ;
#1664 = AXIS2_PLACEMENT_3D ( 'NONE', #2311, #2302, #2327 ) ;
#1665 = AXIS2_PLACEMENT_3D ( 'NONE', #2344, #2373, #2366 ) ;
#1666 = AXIS2_PLACEMENT_3D ( 'NONE', #2390, #2382, #2403 ) ;
#1667 = AXIS2_PLACEMENT_3D ( 'NONE', #2412, #2402, #2395 ) ;
#1668 = AXIS2_PLACEMENT_3D ( 'NONE', #2433, #2423, #2449 ) ;
#1669 = AXIS2_PLACEMENT_3D ( 'NONE', #2444, #2425, #2431 ) ;
#1670 = AXIS2_PLACEMENT_3D ( 'NONE', #2495, #2494, #2497 ) ;
#1671 = AXIS2_PLACEMENT_3D ( 'NONE', #2391, #2411, #2410 ) ;
#1672 = AXIS2_PLACEMENT_3D ( 'NONE', #2416, #2446, #2422 ) ;
#1673 = AXIS2_PLACEMENT_3D ( 'NONE', #2307, #2326, #2313 ) ;
#1674 = AXIS2_PLACEMENT_3D ( 'NONE', #2471, #2481, #2487 ) ;
#1675 = AXIS2_PLACEMENT_3D ( 'NONE', #2328, #2329, #2301 ) ;
#1676 = AXIS2_PLACEMENT_3D ( 'NONE', #1757, #938, #955 ) ;
#1677 = AXIS2_PLACEMENT_3D ( 'NONE', #2318, #2319, #2323 ) ;
#1678 = AXIS2_PLACEMENT_3D ( 'NONE', #2492, #2490, #2491 ) ;
#1679 = AXIS2_PLACEMENT_3D ( 'NONE', #648, #654, #649 ) ;
#1680 = AXIS2_PLACEMENT_3D ( 'NONE', #729, #735, #737 ) ;
#1681 = AXIS2_PLACEMENT_3D ( 'NONE', #995, #998, #994 ) ;
#1682 = AXIS2_PLACEMENT_3D ( 'NONE', #732, #741, #734 ) ;
#1683 = AXIS2_PLACEMENT_3D ( 'NONE', #721, #717, #723 ) ;
#1684 = AXIS2_PLACEMENT_3D ( 'NONE', #987, #969, #968 ) ;
#1685 = AXIS2_PLACEMENT_3D ( 'NONE', #647, #646, #653 ) ;
#1686 = AXIS2_PLACEMENT_3D ( 'NONE', #639, #642, #638 ) ;
#1687 = AXIS2_PLACEMENT_3D ( 'NONE', #650, #643, #651 ) ;
#1688 = AXIS2_PLACEMENT_3D ( 'NONE', #676, #677, #666 ) ;
#1689 = AXIS2_PLACEMENT_3D ( 'NONE', #724, #730, #726 ) ;
#1690 = AXIS2_PLACEMENT_3D ( 'NONE', #700, #715, #705 ) ;
#1691 = AXIS2_PLACEMENT_3D ( 'NONE', #988, #973, #974 ) ;
#1692 = AXIS2_PLACEMENT_3D ( 'NONE', #692, #693, #695 ) ;
#1693 = AXIS2_PLACEMENT_3D ( 'NONE', #718, #719, #744 ) ;
#1694 = AXIS2_PLACEMENT_3D ( 'NONE', #746, #757, #750 ) ;
#1695 = AXIS2_PLACEMENT_3D ( 'NONE', #772, #769, #765 ) ;
#1696 = AXIS2_PLACEMENT_3D ( 'NONE', #770, #764, #771 ) ;
#1697 = AXIS2_PLACEMENT_3D ( 'NONE', #722, #731, #739 ) ;
#1698 = AXIS2_PLACEMENT_3D ( 'NONE', #754, #749, #755 ) ;
#1699 = AXIS2_PLACEMENT_3D ( 'NONE', #785, #777, #776 ) ;
#1700 = AXIS2_PLACEMENT_3D ( 'NONE', #607, #610, #634 ) ;
#1701 = AXIS2_PLACEMENT_3D ( 'NONE', #684, #694, #697 ) ;
#1702 = AXIS2_PLACEMENT_3D ( 'NONE', #630, #604, #631 ) ;
#1703 = AXIS2_PLACEMENT_3D ( 'NONE', #795, #797, #787 ) ;
#1704 = AXIS2_PLACEMENT_3D ( 'NONE', #621, #633, #605 ) ;
#1705 = AXIS2_PLACEMENT_3D ( 'NONE', #658, #657, #679 ) ;
#1706 = AXIS2_PLACEMENT_3D ( 'NONE', #707, #706, #699 ) ;
#1707 = AXIS2_PLACEMENT_3D ( 'NONE', #947, #949, #954 ) ;
#1708 = AXIS2_PLACEMENT_3D ( 'NONE', #985, #976, #992 ) ;
#1709 = AXIS2_PLACEMENT_3D ( 'NONE', #686, #712, #708 ) ;
#1710 = AXIS2_PLACEMENT_3D ( 'NONE', #728, #740, #736 ) ;
#1711 = AXIS2_PLACEMENT_3D ( 'NONE', #964, #971, #986 ) ;
#1712 = AXIS2_PLACEMENT_3D ( 'NONE', #990, #967, #977 ) ;
#1713 = AXIS2_PLACEMENT_3D ( 'NONE', #1004, #1003, #999 ) ;
#1714 = AXIS2_PLACEMENT_3D ( 'NONE', #1000, #1005, #997 ) ;
#1715 = AXIS2_PLACEMENT_3D ( 'NONE', #655, #659, #656 ) ;
#1716 = AXIS2_PLACEMENT_3D ( 'NONE', #680, #670, #663 ) ;
#1717 = AXIS2_PLACEMENT_3D ( 'NONE', #878, #893, #879 ) ;
#1718 = CC_DESIGN_DATE_AND_TIME_ASSIGNMENT ( #545, #1229, ( #1721 ) ) ;
#1719 = AXIS2_PLACEMENT_3D ( 'NONE', #1230, #1226, #1263 ) ;
#1720 = CC_DESIGN_PERSON_AND_ORGANIZATION_ASSIGNMENT ( #548, #1258, ( #1737 ) ) ;
#1721 = PRODUCT_DEFINITION ( 'UNKNOWN', '', #1737, #1303 ) ;
#1722 = AXIS2_PLACEMENT_3D ( 'NONE', #815, #829, #830 ) ;
#1723 = AXIS2_PLACEMENT_3D ( 'NONE', #811, #812, #813 ) ;
#1724 = CC_DESIGN_APPROVAL ( #1743, ( #1737 ) ) ;
#1725 = AXIS2_PLACEMENT_3D ( 'NONE', #799, #810, #818 ) ;
#1726 = AXIS2_PLACEMENT_3D ( 'NONE', #816, #819, #807 ) ;
#1727 = AXIS2_PLACEMENT_3D ( 'NONE', #778, #780, #789 ) ;
#1728 = AXIS2_PLACEMENT_3D ( 'NONE', #824, #827, #833 ) ;
#1729 = AXIS2_PLACEMENT_3D ( 'NONE', #891, #884, #883 ) ;
#1730 = AXIS2_PLACEMENT_3D ( 'NONE', #927, #910, #902 ) ;
#1731 = AXIS2_PLACEMENT_3D ( 'NONE', #917, #906, #916 ) ;
#1732 = CC_DESIGN_PERSON_AND_ORGANIZATION_ASSIGNMENT ( #556, #1257, ( #3182 ) ) ;
#1733 = AXIS2_PLACEMENT_3D ( 'NONE', #783, #784, #792 ) ;
#1734 =( GEOMETRIC_REPRESENTATION_CONTEXT ( 3 ) GLOBAL_UNCERTAINTY_ASSIGNED_CONTEXT ( ( #569 ) ) GLOBAL_UNIT_ASSIGNED_CONTEXT ( ( #1223, #1267, #1254 ) ) REPRESENTATION_CONTEXT ( 'NONE', 'WORKASPACE' ) );
#1735 = CC_DESIGN_APPROVAL ( #1742, ( #1721 ) ) ;
#1736 = CC_DESIGN_PERSON_AND_ORGANIZATION_ASSIGNMENT ( #558, #1255, ( #1721 ) ) ;
#1737 = PRODUCT_DEFINITION_FORMATION_WITH_SPECIFIED_SOURCE ( 'ANY', '', #3182, .NOT_KNOWN. ) ;
#1738 = SECURITY_CLASSIFICATION ( '', '', #1260 ) ;
#1739 = CC_DESIGN_PERSON_AND_ORGANIZATION_ASSIGNMENT ( #549, #1265, ( #1738 ) ) ;
#1740 = CC_DESIGN_APPROVAL ( #1746, ( #1738 ) ) ;
#1741 = AXIS2_PLACEMENT_3D ( 'NONE', #805, #831, #826 ) ;
#1742 = APPROVAL ( #1236, 'UNSPECIFIED' ) ;
#1743 = APPROVAL ( #1231, 'UNSPECIFIED' ) ;
#1744 = AXIS2_PLACEMENT_3D ( 'NONE', #885, #880, #887 ) ;
#1745 = AXIS2_PLACEMENT_3D ( 'NONE', #790, #794, #791 ) ;
#1746 = APPROVAL ( #1268, 'UNSPECIFIED' ) ;
#1747 = PRODUCT_RELATED_PRODUCT_CATEGORY ( 'detail', '', ( #3182 ) ) ;
#1748 = CC_DESIGN_PERSON_AND_ORGANIZATION_ASSIGNMENT ( #550, #1259, ( #1737 ) ) ;
#1749 = CC_DESIGN_SECURITY_CLASSIFICATION ( #1738, ( #1737 ) ) ;
#1750 = CC_DESIGN_DATE_AND_TIME_ASSIGNMENT ( #557, #1266, ( #1738 ) ) ;
#1751 = AXIS2_PLACEMENT_3D ( 'NONE', #841, #859, #857 ) ;
#1752 = AXIS2_PLACEMENT_3D ( 'NONE', #1281, #1282, #1285 ) ;
#1753 = DIRECTION ( 'NONE',  ( -0.7071067811865470200, -0.7071067811865480200, -0.0000000000000000000 ) ) ;
#1754 = CARTESIAN_POINT ( 'NONE',  ( 18.00437707756839200, -11.58620966326633600, 16.99999999999999600 ) ) ;
#1755 = CARTESIAN_POINT ( 'NONE',  ( 22.90235094057269900, -3.808436341074948200, 44.50361891004617800 ) ) ;
#1756 = CARTESIAN_POINT ( 'NONE',  ( 22.71399350119938600, -4.117366491630679800, 44.65875294630725300 ) ) ;
#1757 = CARTESIAN_POINT ( 'NONE',  ( 3.469446951953614200E-015, 10.90000000000000000, 22.50000000000000000 ) ) ;
#1758 = CARTESIAN_POINT ( 'NONE',  ( 22.90235094057265300, -4.426296642186488700, 44.50361891004596500 ) ) ;
#1759 = CARTESIAN_POINT ( 'NONE',  ( 22.48897978085461300, -4.117366491630678900, 44.38028863061315100 ) ) ;
#1760 = CARTESIAN_POINT ( 'NONE',  ( 22.79608739659245500, -4.461717823513073000, 44.26174795468421100 ) ) ;
#1761 = CARTESIAN_POINT ( 'NONE',  ( 22.76848122055279700, -3.763813100944611600, 44.13092324194033000 ) ) ;
#1762 = DIRECTION ( 'NONE',  ( -0.7071067811865474600, 0.7071067811865476800, 0.0000000000000000000 ) ) ;
#1763 = CARTESIAN_POINT ( 'NONE',  ( 23.55151579011688800, -4.209908359004907100, 44.97397265865133400 ) ) ;
#1764 = CARTESIAN_POINT ( 'NONE',  ( 23.69027630258190300, -4.071078128411291400, 45.00000000000000000 ) ) ;
#1765 = CARTESIAN_POINT ( 'NONE',  ( 23.69027630258209900, -4.163654854850320500, 45.00000000000000000 ) ) ;
#1766 = CARTESIAN_POINT ( 'NONE',  ( 23.69031018190484900, -4.117366491630838800, 44.99990744594647700 ) ) ;
#1767 = CARTESIAN_POINT ( 'NONE',  ( 23.29497284414333100, -3.939310308931814700, 44.87378640637119500 ) ) ;
#1768 = CARTESIAN_POINT ( 'NONE',  ( 23.29497284414346900, -4.295422674329548900, 44.87378640637123100 ) ) ;
#1769 = CARTESIAN_POINT ( 'NONE',  ( 22.98096666544839200, -4.400091400561033900, 44.61454676111282700 ) ) ;
#1770 = CARTESIAN_POINT ( 'NONE',  ( 22.41492783850894800, -4.117366491630676300, 44.19925071182561300 ) ) ;
#1771 = CARTESIAN_POINT ( 'NONE',  ( 22.76848122055258000, -4.470919882316524200, 44.13092324194020900 ) ) ;
#1772 = CARTESIAN_POINT ( 'NONE',  ( 22.76848122046001400, -3.763813101037395600, 44.00000000000000000 ) ) ;
#1773 = CARTESIAN_POINT ( 'NONE',  ( 22.41492782986672700, -4.117366491630676300, 43.99999999999998600 ) ) ;
#1774 = CARTESIAN_POINT ( 'NONE',  ( 23.17731611903127100, -4.334641582700327500, 44.79966680126027300 ) ) ;
#1775 = CARTESIAN_POINT ( 'NONE',  ( 22.76848122046001400, -4.470919882223960000, 44.00000000000000000 ) ) ;
#1776 = CARTESIAN_POINT ( 'NONE',  ( 23.17731611903115800, -3.900091400561112900, 44.79966680126025100 ) ) ;
#1777 = CARTESIAN_POINT ( 'NONE',  ( 22.79608739659241200, -3.773015159748207600, 44.26174795468399700 ) ) ;
#1778 = CARTESIAN_POINT ( 'NONE',  ( 23.12820309156288800, -4.117366491630710900, 44.88901206375803800 ) ) ;
#1779 = CARTESIAN_POINT ( 'NONE',  ( 22.98096666544852000, -3.834641582700232000, 44.61454676111284100 ) ) ;
#1780 = CARTESIAN_POINT ( 'NONE',  ( 23.82914139223983000, -4.117366491630678900, 45.00000000000000000 ) ) ;
#1781 = CARTESIAN_POINT ( 'NONE',  ( 23.27005673257446000, -4.117366491630599000, 44.93249883055821700 ) ) ;
#1782 = CARTESIAN_POINT ( 'NONE',  ( 23.82914139223982600, -4.117366491630677100, 45.00000000000000000 ) ) ;
#1783 = CARTESIAN_POINT ( 'NONE',  ( 23.82914139223983000, -4.117366491630680700, 45.00000000000000000 ) ) ;
#1784 = CARTESIAN_POINT ( 'NONE',  ( 23.55151579011704000, -4.024824624256435600, 44.97397265865137700 ) ) ;
#1785 = CARTESIAN_POINT ( 'NONE',  ( 23.54810983626848400, -4.117366491630752600, 44.98689642570066400 ) ) ;
#1786 = CARTESIAN_POINT ( 'NONE',  ( 22.85133227767477800, -4.117366491630639800, 44.75505896185689600 ) ) ;
#1787 = CARTESIAN_POINT ( 'NONE',  ( -26.16259377015539700, -0.3697005513420161300, 44.00000000000000000 ) ) ;
#1788 = CARTESIAN_POINT ( 'NONE',  ( -26.86970055134194300, -0.3697005513420168500, 44.00000000000000000 ) ) ;
#1789 = CARTESIAN_POINT ( 'NONE',  ( 0.0000000000000000000, 18.50000000000000000, 44.00000000000000000 ) ) ;
#1790 = CARTESIAN_POINT ( 'NONE',  ( 20.97422555855189000, -8.616361182282837200, 16.99999999999999600 ) ) ;
#1791 = CARTESIAN_POINT ( 'NONE',  ( 3.469446951953614200E-015, 19.50000000000000000, 22.50000000000000000 ) ) ;
#1792 = CARTESIAN_POINT ( 'NONE',  ( -40.00000000000000000, -19.50000000000000000, 45.00000000000000000 ) ) ;
#1793 = PLANE ( 'NONE',  #1563 ) ;
#1794 = CARTESIAN_POINT ( 'NONE',  ( 6.585786437626907700, 19.50000000000000000, 26.08851180825276100 ) ) ;
#1795 = CARTESIAN_POINT ( 'NONE',  ( -26.51614716074866600, -0.3152128320812638800, 44.65875294630702500 ) ) ;
#1796 = DIRECTION ( 'NONE',  ( -0.0000000000000000000, -0.0000000000000000000, 1.000000000000000000 ) ) ;
#1797 = CARTESIAN_POINT ( 'NONE',  ( -26.51614716074820800, -0.01614716938978236600, 44.19925071182544900 ) ) ;
#1798 = CARTESIAN_POINT ( 'NONE',  ( -26.51614716074867700, -0.4525516085569696300, 44.75505896185692500 ) ) ;
#1799 = CARTESIAN_POINT ( 'NONE',  ( -26.73342225181819000, -0.7785354499133020400, 44.79966680126037900 ) ) ;
#1800 = CARTESIAN_POINT ( 'NONE',  ( 0.0000000000000000000, 19.50000000000000000, 44.00000000000000000 ) ) ;
#1801 = DIRECTION ( 'NONE',  ( -0.0000000000000000000, -0.0000000000000000000, 1.000000000000000000 ) ) ;
#1802 = DIRECTION ( 'NONE',  ( 1.000000000000000000, 0.0000000000000000000, 0.0000000000000000000 ) ) ;
#1803 = DIRECTION ( 'NONE',  ( -0.7071067811865401300, 0.0000000000000000000, -0.7071067811865549000 ) ) ;
#1804 = DIRECTION ( 'NONE',  ( 0.0000000000000000000, -0.0000000000000000000, -1.000000000000000000 ) ) ;
#1805 = CARTESIAN_POINT ( 'NONE',  ( 3.469446951953614200E-015, 19.50000000000000000, 22.50000000000000000 ) ) ;
#1806 = DIRECTION ( 'NONE',  ( -0.0000000000000000000, 1.000000000000000000, -0.0000000000000000000 ) ) ;
#1807 = DIRECTION ( 'NONE',  ( 0.0000000000000000000, 0.0000000000000000000, 1.000000000000000000 ) ) ;
#1808 = DIRECTION ( 'NONE',  ( 0.0000000000000000000, -0.0000000000000000000, 1.000000000000000000 ) ) ;
#1809 = CARTESIAN_POINT ( 'NONE',  ( 15.55599205235724400, 3.448676067065378900, 44.00000000000000000 ) ) ;
#1810 = CARTESIAN_POINT ( 'NONE',  ( -26.86970055143441300, -0.3697005514344856000, 44.13092324194018100 ) ) ;
#1811 = CARTESIAN_POINT ( 'NONE',  ( -26.86049849263107700, -0.3973067274744890900, 44.26174795468421800 ) ) ;
#1812 = CARTESIAN_POINT ( 'NONE',  ( -26.23342225181819000, -0.5821859963303566100, 44.61454676111269900 ) ) ;
#1813 = CARTESIAN_POINT ( 'NONE',  ( -26.51614716074867300, -0.7294224224447393200, 44.88901206375800300 ) ) ;
#1814 = DIRECTION ( 'NONE',  ( -0.0000000000000000000, 1.000000000000000000, -0.0000000000000000000 ) ) ;
#1815 = CARTESIAN_POINT ( 'NONE',  ( -26.20721701019289500, -0.5035702714546073100, 44.50361891004593700 ) ) ;
#1816 = CARTESIAN_POINT ( 'NONE',  ( -26.29887206967914500, -0.7785354499133140300, 44.79966680126038600 ) ) ;
#1817 = CARTESIAN_POINT ( 'NONE',  ( -26.69420334344735200, -0.8961921750256657300, 44.87378640637134500 ) ) ;
#1818 = CARTESIAN_POINT ( 'NONE',  ( -26.51614716074866600, -0.8712760634568290600, 44.93249883055948100 ) ) ;
#1819 = CARTESIAN_POINT ( 'NONE',  ( -26.17179582886624800, -0.3973067274744995800, 44.26174795468422500 ) ) ;
#1820 = DIRECTION ( 'NONE',  ( -0.0000000000000000000, 0.0000000000000000000, 1.000000000000000000 ) ) ;
#1821 = DIRECTION ( 'NONE',  ( 0.0000000000000000000, 0.0000000000000000000, 1.000000000000000000 ) ) ;
#1822 = DIRECTION ( 'NONE',  ( 0.0000000000000000000, -1.000000000000000000, 0.0000000000000000000 ) ) ;
#1823 = DIRECTION ( 'NONE',  ( 0.0000000000000000000, 1.000000000000000000, 0.0000000000000000000 ) ) ;
#1824 = CARTESIAN_POINT ( 'NONE',  ( -26.82507731130445100, -0.5035702714546229600, 44.50361891004594400 ) ) ;
#1825 = DIRECTION ( 'NONE',  ( 1.000000000000000000, 0.0000000000000000000, 0.0000000000000000000 ) ) ;
#1826 = DIRECTION ( 'NONE',  ( 1.000000000000000000, 0.0000000000000000000, 0.0000000000000000000 ) ) ;
#1827 = DIRECTION ( 'NONE',  ( 0.0000000000000000000, 0.0000000000000000000, -1.000000000000000000 ) ) ;
#1828 = DIRECTION ( 'NONE',  ( 0.7071067811865549000, 0.0000000000000000000, -0.7071067811865401300 ) ) ;
#1829 = CARTESIAN_POINT ( 'NONE',  ( -26.51614716074867300, -0.01614716074874118800, 43.99999999999999300 ) ) ;
#1830 = PLANE ( 'NONE',  #1545 ) ;
#1831 = CARTESIAN_POINT ( 'NONE',  ( -10.70344397111180100, 1.654420405157258600, 44.00000000000000000 ) ) ;
#1832 = CARTESIAN_POINT ( 'NONE',  ( -7.000000000000000000, 19.50000000000000000, 45.00000000000000000 ) ) ;
#1833 = DIRECTION ( 'NONE',  ( 1.000000000000000000, 0.0000000000000000000, 0.0000000000000000000 ) ) ;
#1834 = CARTESIAN_POINT ( 'NONE',  ( -26.16259377006266000, -0.3697005514347501700, 44.13092324194016000 ) ) ;
#1835 = CARTESIAN_POINT ( 'NONE',  ( -10.70344397111180100, 1.654420405157258600, 16.99999999999999600 ) ) ;
#1836 = PLANE ( 'NONE',  #1556 ) ;
#1837 = CARTESIAN_POINT ( 'NONE',  ( -26.51614716074867000, -0.09019911173677443200, 44.38028863061340700 ) ) ;
#1838 = CARTESIAN_POINT ( 'NONE',  ( -26.79887206967915200, -0.5821859963303709400, 44.61454676111270600 ) ) ;
#1839 = CARTESIAN_POINT ( 'NONE',  ( 0.0000000000000000000, 0.0000000000000000000, 45.00000000000000000 ) ) ;
#1840 = CARTESIAN_POINT ( 'NONE',  ( 6.884762305997631900, 19.46296663651215700, 25.49291712361484800 ) ) ;
#1841 = CARTESIAN_POINT ( 'NONE',  ( -23.94407403953539100, -5.646512701299337200, 16.99999999999999600 ) ) ;
#1842 = CARTESIAN_POINT ( 'NONE',  ( -15.20243866176396200, 3.802229457658662600, 16.99999999999999600 ) ) ;
#1843 = CARTESIAN_POINT ( 'NONE',  ( 0.0000000000000000000, -18.50000000000000000, 44.00000000000000000 ) ) ;
#1844 = DIRECTION ( 'NONE',  ( -0.0000000000000000000, -0.0000000000000000000, 1.000000000000000000 ) ) ;
#1845 = DIRECTION ( 'NONE',  ( -0.0000000000000000000, 0.0000000000000000000, 1.000000000000000000 ) ) ;
#1846 = CARTESIAN_POINT ( 'NONE',  ( -26.51614716074867300, -1.149329167150172200, 44.98689642569947000 ) ) ;
#1847 = CARTESIAN_POINT ( 'NONE',  ( -26.60868902812308400, -1.152735120998710000, 44.97397265865122800 ) ) ;
#1848 = DIRECTION ( 'NONE',  ( -0.0000000000000000000, -0.0000000000000000000, 1.000000000000000000 ) ) ;
#1849 = PLANE ( 'NONE',  #1578 ) ;
#1850 = CARTESIAN_POINT ( 'NONE',  ( -26.33809097804999800, -0.8961921750255594800, 44.87378640637131600 ) ) ;
#1851 = CARTESIAN_POINT ( 'NONE',  ( 40.00000000000000000, -13.50000000000012400, 45.00000000000000000 ) ) ;
#1852 = DIRECTION ( 'NONE',  ( 0.0000000000000000000, -1.000000000000000000, 0.0000000000000000000 ) ) ;
#1853 = DIRECTION ( 'NONE',  ( 0.7071067811865472400, -0.7071067811865479100, 0.0000000000000000000 ) ) ;
#1854 = DIRECTION ( 'NONE',  ( 0.0000000000000000000, 0.0000000000000000000, 1.000000000000000000 ) ) ;
#1855 = CARTESIAN_POINT ( 'NONE',  ( 39.00000000000000000, 0.0000000000000000000, 44.00000000000000000 ) ) ;
#1856 = CARTESIAN_POINT ( 'NONE',  ( -26.56243552396824700, -1.291495633464266700, 45.00000000000000000 ) ) ;
#1857 = CARTESIAN_POINT ( 'NONE',  ( -26.51614716074867000, -1.430360723121840000, 45.00000000000000000 ) ) ;
#1858 = DIRECTION ( 'NONE',  ( 0.0000000000000000000, 0.0000000000000000000, -1.000000000000000000 ) ) ;
#1859 = DIRECTION ( 'NONE',  ( 0.0000000000000000000, 0.0000000000000000000, 1.000000000000000000 ) ) ;
#1860 = CARTESIAN_POINT ( 'NONE',  ( -39.00000000000000000, 0.0000000000000000000, 44.00000000000000000 ) ) ;
#1861 = DIRECTION ( 'NONE',  ( 0.0000000000000000000, 1.000000000000000000, 0.0000000000000000000 ) ) ;
#1862 = CARTESIAN_POINT ( 'NONE',  ( -26.51614716074866300, -1.291529512787122700, 44.99990744594551700 ) ) ;
#1863 = DIRECTION ( 'NONE',  ( 0.0000000000000000000, 0.0000000000000000000, 1.000000000000000000 ) ) ;
#1864 = DIRECTION ( 'NONE',  ( 1.000000000000000000, 0.0000000000000000000, 0.0000000000000000000 ) ) ;
#1865 = PLANE ( 'NONE',  #1572 ) ;
#1866 = DIRECTION ( 'NONE',  ( 0.0000000000000000000, -0.0000000000000000000, -1.000000000000000000 ) ) ;
#1867 = CARTESIAN_POINT ( 'NONE',  ( 6.746853889173792100, 19.50000000000000700, 25.79291410797457800 ) ) ;
#1868 = CARTESIAN_POINT ( 'NONE',  ( -26.51614716074867000, -1.430360723121839400, 45.00000000000000000 ) ) ;
#1869 = CARTESIAN_POINT ( 'NONE',  ( -26.46985879752957200, -1.291495633464030600, 45.00000000000000000 ) ) ;
#1870 = DIRECTION ( 'NONE',  ( 1.000000000000000000, 0.0000000000000000000, 0.0000000000000000000 ) ) ;
#1871 = DIRECTION ( 'NONE',  ( -0.7071067811865475700, 0.7071067811865475700, 0.0000000000000000000 ) ) ;
#1872 = DIRECTION ( 'NONE',  ( -0.7071067811865479100, -0.7071067811865472400, 0.0000000000000000000 ) ) ;
#1873 = DIRECTION ( 'NONE',  ( -1.000000000000000000, 0.0000000000000000000, 0.0000000000000000000 ) ) ;
#1874 = DIRECTION ( 'NONE',  ( -0.7071067811865474600, -0.7071067811865474600, 0.0000000000000000000 ) ) ;
#1875 = DIRECTION ( 'NONE',  ( -1.000000000000000000, 0.0000000000000000000, 0.0000000000000000000 ) ) ;
#1876 = CARTESIAN_POINT ( 'NONE',  ( -22.76848122046001400, -3.763813101037396100, 16.99999999999999600 ) ) ;
#1877 = CARTESIAN_POINT ( 'NONE',  ( -26.51614716074867000, -1.430360723121840700, 45.00000000000000000 ) ) ;
#1878 = PLANE ( 'NONE',  #1546 ) ;
#1879 = CARTESIAN_POINT ( 'NONE',  ( -7.000000000000000000, 19.50000000000000000, 45.00000000000000000 ) ) ;
#1880 = CARTESIAN_POINT ( 'NONE',  ( -23.12203461105329800, -4.117366491630677100, 16.99999999999999600 ) ) ;
#1881 = PLANE ( 'NONE',  #1547 ) ;
#1882 = PLANE ( 'NONE',  #1558 ) ;
#1883 = DIRECTION ( 'NONE',  ( 0.0000000000000000000, -1.000000000000000000, 0.0000000000000000000 ) ) ;
#1884 = CARTESIAN_POINT ( 'NONE',  ( -26.42360529337424400, -1.152735120998819000, 44.97397265865125600 ) ) ;
#1885 = CARTESIAN_POINT ( 'NONE',  ( -20.97422555855189000, -8.616361182282837200, 44.00000000000000000 ) ) ;
#1886 = DIRECTION ( 'NONE',  ( -0.0000000000000000000, 0.0000000000000000000, 1.000000000000000000 ) ) ;
#1887 = DIRECTION ( 'NONE',  ( 0.7071067811865462400, -0.7071067811865487900, 0.0000000000000000000 ) ) ;
#1888 = PLANE ( 'NONE',  #1566 ) ;
#1889 = DIRECTION ( 'NONE',  ( 0.7071067811865489100, -0.7071067811865462400, 0.0000000000000000000 ) ) ;
#1890 = CARTESIAN_POINT ( 'NONE',  ( -15.55599205235724400, 3.448676067065378900, 16.99999999999999600 ) ) ;
#1891 = CARTESIAN_POINT ( 'NONE',  ( -40.00000000000000000, -13.50000000000012400, 45.00000000000000000 ) ) ;
#1892 = DIRECTION ( 'NONE',  ( 1.000000000000000000, 0.0000000000000000000, 0.0000000000000000000 ) ) ;
#1893 = CARTESIAN_POINT ( 'NONE',  ( 14.84888527117067600, 3.448676067065380700, 16.99999999999999600 ) ) ;
#1894 = CARTESIAN_POINT ( 'NONE',  ( -37.00000000000000000, -14.74264068711940600, 44.00000000000000000 ) ) ;
#1895 = PLANE ( 'NONE',  #1579 ) ;
#1896 = DIRECTION ( 'NONE',  ( -0.0000000000000000000, 0.0000000000000000000, 1.000000000000000000 ) ) ;
#1897 = DIRECTION ( 'NONE',  ( -0.7071067811865480200, 0.7071067811865471300, 0.0000000000000000000 ) ) ;
#1898 = CARTESIAN_POINT ( 'NONE',  ( 7.119681287656008300, 19.35536401725579100, 24.88068126407412700 ) ) ;
#1899 = DIRECTION ( 'NONE',  ( -0.7071067811865489100, -0.7071067811865462400, 0.0000000000000000000 ) ) ;
#1900 = DIRECTION ( 'NONE',  ( 0.7071067811865470200, -0.7071067811865480200, 0.0000000000000000000 ) ) ;
#1901 = PLANE ( 'NONE',  #1548 ) ;
#1902 = CARTESIAN_POINT ( 'NONE',  ( -23.12203461105329800, -4.117366491630677100, 16.99999999999999600 ) ) ;
#1903 = CARTESIAN_POINT ( 'NONE',  ( 7.000000000000000000, 19.50000000000000000, 45.00000000000000000 ) ) ;
#1904 = DIRECTION ( 'NONE',  ( 0.7071067811865484600, 0.7071067811865468000, 0.0000000000000000000 ) ) ;
#1905 = CARTESIAN_POINT ( 'NONE',  ( -10.70344397111180100, 1.654420405157258600, 16.99999999999999600 ) ) ;
#1906 = PLANE ( 'NONE',  #1581 ) ;
#1907 = DIRECTION ( 'NONE',  ( -0.0000000000000000000, -0.0000000000000000000, 1.000000000000000000 ) ) ;
#1908 = DIRECTION ( 'NONE',  ( 0.7071067811865462400, 0.7071067811865489100, 0.0000000000000000000 ) ) ;
#1909 = DIRECTION ( 'NONE',  ( -0.7071067811865472400, -0.7071067811865477900, 0.0000000000000000000 ) ) ;
#1910 = DIRECTION ( 'NONE',  ( -0.0000000000000000000, -0.0000000000000000000, 1.000000000000000000 ) ) ;
#1911 = DIRECTION ( 'NONE',  ( 1.000000000000000000, 0.0000000000000000000, 0.0000000000000000000 ) ) ;
#1912 = CARTESIAN_POINT ( 'NONE',  ( 7.216764665857528600, 19.28323533414247100, 24.56753833494720500 ) ) ;
#1913 = CARTESIAN_POINT ( 'NONE',  ( -40.00000000000000000, -13.50000000000012400, 45.00000000000000000 ) ) ;
#1914 = CARTESIAN_POINT ( 'NONE',  ( 20.97422555855189000, -8.616361182282837200, 16.99999999999999600 ) ) ;
#1915 = DIRECTION ( 'NONE',  ( 0.7071067811865484600, -0.7071067811865468000, 0.0000000000000000000 ) ) ;
#1916 = PLANE ( 'NONE',  #1583 ) ;
#1917 = DIRECTION ( 'NONE',  ( 1.000000000000000000, 0.0000000000000000000, 0.0000000000000000000 ) ) ;
#1918 = DIRECTION ( 'NONE',  ( 0.7071067811865472400, 0.7071067811865479100, 0.0000000000000000000 ) ) ;
#1919 = DIRECTION ( 'NONE',  ( 0.7071067811865462400, -0.7071067811865489100, 0.0000000000000000000 ) ) ;
#1920 = DIRECTION ( 'NONE',  ( -0.0000000000000000000, -0.0000000000000000000, 1.000000000000000000 ) ) ;
#1921 = DIRECTION ( 'NONE',  ( 1.000000000000000000, 0.0000000000000000000, 0.0000000000000000000 ) ) ;
#1922 = DIRECTION ( 'NONE',  ( 0.7071067811865475700, 0.7071067811865475700, 0.0000000000000000000 ) ) ;
#1923 = CARTESIAN_POINT ( 'NONE',  ( 13.97325394193526200, -13.97325394193525100, 44.00000000000000000 ) ) ;
#1924 = DIRECTION ( 'NONE',  ( 1.000000000000000000, 0.0000000000000000000, 0.0000000000000000000 ) ) ;
#1925 = DIRECTION ( 'NONE',  ( 1.000000000000000000, 0.0000000000000000000, 0.0000000000000000000 ) ) ;
#1926 = CARTESIAN_POINT ( 'NONE',  ( -20.97422555855189000, -8.616361182282837200, 16.99999999999999600 ) ) ;
#1927 = DIRECTION ( 'NONE',  ( 1.000000000000000000, 0.0000000000000000000, 0.0000000000000000000 ) ) ;
#1928 = DIRECTION ( 'NONE',  ( 1.000000000000000000, 0.0000000000000000000, -0.0000000000000000000 ) ) ;
#1929 = DIRECTION ( 'NONE',  ( -0.0000000000000000000, 0.0000000000000000000, -1.000000000000000000 ) ) ;
#1930 = DIRECTION ( 'NONE',  ( -0.7071067811865480200, -0.7071067811865470200, 0.0000000000000000000 ) ) ;
#1931 = DIRECTION ( 'NONE',  ( -0.7071067811865479100, 0.7071067811865472400, 0.0000000000000000000 ) ) ;
#1932 = CARTESIAN_POINT ( 'NONE',  ( -24.65118082072194000, -4.939405920112790200, 44.00000000000000000 ) ) ;
#1933 = CARTESIAN_POINT ( 'NONE',  ( 12.54289321881346500, 12.54289321881341800, 44.00000000000000000 ) ) ;
#1934 = DIRECTION ( 'NONE',  ( -0.0000000000000000000, -0.0000000000000000000, 1.000000000000000000 ) ) ;
#1935 = CARTESIAN_POINT ( 'NONE',  ( -23.69031018190520400, -4.117366491630677100, 44.99990744594648400 ) ) ;
#1936 = CARTESIAN_POINT ( 'NONE',  ( -23.69027630258201000, -4.071078128411325100, 45.00000000000000000 ) ) ;
#1937 = CARTESIAN_POINT ( 'NONE',  ( -23.54810983626803300, -4.117366491630637200, 44.98689642569976100 ) ) ;
#1938 = CARTESIAN_POINT ( 'NONE',  ( -23.29497284414347600, -4.295422674329588000, 44.87378640637122400 ) ) ;
#1939 = CARTESIAN_POINT ( 'NONE',  ( -23.27005673257494000, -4.117366491630715300, 44.93249883055916200 ) ) ;
#1940 = CARTESIAN_POINT ( 'NONE',  ( -23.29497284414346900, -3.939310308931803600, 44.87378640637123100 ) ) ;
#1941 = CARTESIAN_POINT ( 'NONE',  ( -23.17731611903115400, -4.334641582700243100, 44.79966680126025100 ) ) ;
#1942 = PLANE ( 'NONE',  #1570 ) ;
#1943 = CARTESIAN_POINT ( 'NONE',  ( -23.12820309156274600, -4.117366491630678000, 44.88901206375748400 ) ) ;
#1944 = CARTESIAN_POINT ( 'NONE',  ( 6.585786437626907700, 18.50000000000000000, 45.00000000000000000 ) ) ;
#1945 = DIRECTION ( 'NONE',  ( -1.000000000000000000, 0.0000000000000000000, 0.0000000000000000000 ) ) ;
#1946 = DIRECTION ( 'NONE',  ( -0.0000000000000000000, 0.0000000000000000000, 1.000000000000000000 ) ) ;
#1947 = CARTESIAN_POINT ( 'NONE',  ( -15.55599205235722400, 4.155782848251927700, 44.00000000000000000 ) ) ;
#1948 = DIRECTION ( 'NONE',  ( 0.7071067811865484600, -0.7071067811865468000, 0.0000000000000000000 ) ) ;
#1949 = DIRECTION ( 'NONE',  ( -0.7071067811865484600, 0.7071067811865468000, 0.0000000000000000000 ) ) ;
#1950 = DIRECTION ( 'NONE',  ( -0.7071067811865472400, 0.7071067811865477900, 0.0000000000000000000 ) ) ;
#1951 = DIRECTION ( 'NONE',  ( -0.0000000000000000000, 0.0000000000000000000, 1.000000000000000000 ) ) ;
#1952 = CARTESIAN_POINT ( 'NONE',  ( 18.59655121145936700, 7.196342007354046700, 16.99999999999999600 ) ) ;
#1953 = DIRECTION ( 'NONE',  ( 1.000000000000000000, 0.0000000000000000000, 0.0000000000000000000 ) ) ;
#1954 = CARTESIAN_POINT ( 'NONE',  ( 0.0000000000000000000, 0.0000000000000000000, 45.00000000000000000 ) ) ;
#1955 = DIRECTION ( 'NONE',  ( 1.000000000000000000, 0.0000000000000000000, 0.0000000000000000000 ) ) ;
#1956 = DIRECTION ( 'NONE',  ( -1.000000000000000000, 0.0000000000000000000, 0.0000000000000000000 ) ) ;
#1957 = CARTESIAN_POINT ( 'NONE',  ( -23.82914139223983000, -4.117366491630678000, 45.00000000000000000 ) ) ;
#1958 = CARTESIAN_POINT ( 'NONE',  ( -14.84888527117067600, 3.448676067065380700, 16.99999999999999600 ) ) ;
#1959 = CARTESIAN_POINT ( 'NONE',  ( 0.0000000000000000000, 0.0000000000000000000, 0.0000000000000000000 ) ) ;
#1960 = DIRECTION ( 'NONE',  ( -0.7071067811865480200, 0.7071067811865470200, 0.0000000000000000000 ) ) ;
#1961 = DIRECTION ( 'NONE',  ( 0.0000000000000000000, 0.0000000000000000000, 1.000000000000000000 ) ) ;
#1962 = CARTESIAN_POINT ( 'NONE',  ( -23.82914139223983000, -4.117366491630678000, 45.00000000000000000 ) ) ;
#1963 = DIRECTION ( 'NONE',  ( 0.0000000000000000000, 0.0000000000000000000, -1.000000000000000000 ) ) ;
#1964 = CARTESIAN_POINT ( 'NONE',  ( 7.292893218813454800, 19.20710678118654300, 24.25034525136749200 ) ) ;
#1965 = DIRECTION ( 'NONE',  ( -0.7071067811865480200, -0.7071067811865471300, 0.0000000000000000000 ) ) ;
#1966 = DIRECTION ( 'NONE',  ( -0.0000000000000000000, 0.0000000000000000000, 1.000000000000000000 ) ) ;
#1967 = PLANE ( 'NONE',  #1551 ) ;
#1968 = DIRECTION ( 'NONE',  ( -0.7071067811865470200, -0.7071067811865480200, 0.0000000000000000000 ) ) ;
#1969 = CARTESIAN_POINT ( 'NONE',  ( -23.69027630258198900, -4.163654854850037200, 45.00000000000000000 ) ) ;
#1970 = DIRECTION ( 'NONE',  ( 1.000000000000000000, 0.0000000000000000000, 0.0000000000000000000 ) ) ;
#1971 = DIRECTION ( 'NONE',  ( -1.000000000000000000, 0.0000000000000000000, 0.0000000000000000000 ) ) ;
#1972 = DIRECTION ( 'NONE',  ( -0.7071067811865479100, -0.7071067811865472400, -0.0000000000000000000 ) ) ;
#1973 = CARTESIAN_POINT ( 'NONE',  ( 20.97422555855189000, -8.616361182282837200, 44.00000000000000000 ) ) ;
#1974 = CARTESIAN_POINT ( 'NONE',  ( -23.82914139223983000, -4.117366491630678000, 45.00000000000000000 ) ) ;
#1975 = CARTESIAN_POINT ( 'NONE',  ( -23.55151579011689500, -4.209908359004873400, 44.97397265865134800 ) ) ;
#1976 = CARTESIAN_POINT ( 'NONE',  ( -23.47558800164656400, -4.470919882223943100, 44.00000000000000000 ) ) ;
#1977 = CARTESIAN_POINT ( 'NONE',  ( 0.0000000000000000000, -18.50000000000000000, 44.00000000000000000 ) ) ;
#1978 = CARTESIAN_POINT ( 'NONE',  ( -23.55151579011689500, -4.024824624256446300, 44.97397265865133400 ) ) ;
#1979 = DIRECTION ( 'NONE',  ( -0.7071067811865474600, -0.7071067811865476800, 0.0000000000000000000 ) ) ;
#1980 = DIRECTION ( 'NONE',  ( 0.0000000000000000000, 0.0000000000000000000, -1.000000000000000000 ) ) ;
#1981 = DIRECTION ( 'NONE',  ( 0.0000000000000000000, 1.000000000000000000, 0.0000000000000000000 ) ) ;
#1982 = CARTESIAN_POINT ( 'NONE',  ( -39.00000000000000000, -18.50000000000000000, 44.00000000000000000 ) ) ;
#1983 = DIRECTION ( 'NONE',  ( 1.000000000000000000, 0.0000000000000000000, 0.0000000000000000000 ) ) ;
#1984 = DIRECTION ( 'NONE',  ( 0.7071067811865470200, 0.7071067811865480200, 0.0000000000000000000 ) ) ;
#1985 = PLANE ( 'NONE',  #1569 ) ;
#1986 = CARTESIAN_POINT ( 'NONE',  ( -17.29727029638184300, -12.29331644445288200, 44.00000000000000000 ) ) ;
#1987 = CARTESIAN_POINT ( 'NONE',  ( -22.41492782986672700, -4.117366491630678900, 43.99999999999999300 ) ) ;
#1988 = CARTESIAN_POINT ( 'NONE',  ( 26.46985879752969600, -1.291495633463984900, 45.00000000000000000 ) ) ;
#1989 = CARTESIAN_POINT ( 'NONE',  ( -23.17731611903115800, -3.900091400561099600, 44.79966680126024400 ) ) ;
#1990 = CARTESIAN_POINT ( 'NONE',  ( -22.79608739659232700, -4.461717823513081000, 44.26174795468397600 ) ) ;
#1991 = CARTESIAN_POINT ( 'NONE',  ( -22.41492783850941400, -4.117366491630564300, 44.19925071182559200 ) ) ;
#1992 = DIRECTION ( 'NONE',  ( -0.7071067811865484600, 0.7071067811865468000, 0.0000000000000000000 ) ) ;
#1993 = CARTESIAN_POINT ( 'NONE',  ( 26.51614716074867000, -1.430360723121836900, 45.00000000000000000 ) ) ;
#1994 = DIRECTION ( 'NONE',  ( 1.000000000000000000, 0.0000000000000000000, 0.0000000000000000000 ) ) ;
#1995 = CARTESIAN_POINT ( 'NONE',  ( 26.60868902812323700, -1.152735120998865400, 44.97397265865122800 ) ) ;
#1996 = CARTESIAN_POINT ( 'NONE',  ( -22.48897978085450000, -4.117366491630678900, 44.38028863061315100 ) ) ;
#1997 = CARTESIAN_POINT ( 'NONE',  ( 26.42360529337409900, -1.152735120998865400, 44.97397265865122800 ) ) ;
#1998 = CARTESIAN_POINT ( 'NONE',  ( 26.51614716074867000, -0.8712760634567622300, 44.93249883055916900 ) ) ;
#1999 = CARTESIAN_POINT ( 'NONE',  ( 26.33809097805014300, -0.8961921750255117400, 44.87378640637134500 ) ) ;
#2000 = CARTESIAN_POINT ( 'NONE',  ( 26.73342225181806600, -0.7785354499132751700, 44.79966680126044300 ) ) ;
#2001 = CARTESIAN_POINT ( 'NONE',  ( -12.54289321881346100, 12.54289321881341700, 44.00000000000000000 ) ) ;
#2002 = CARTESIAN_POINT ( 'NONE',  ( 26.79887206967927000, -0.5821859963303984700, 44.61454676111264200 ) ) ;
#2003 = CARTESIAN_POINT ( 'NONE',  ( 26.51614716074867000, -1.149329167150259500, 44.98689642569976900 ) ) ;
#2004 = CARTESIAN_POINT ( 'NONE',  ( 26.20721701019301300, -0.5035702714545031700, 44.50361891004595800 ) ) ;
#2005 = CARTESIAN_POINT ( 'NONE',  ( 26.86049849263109100, -0.3973067274745074000, 44.26174795468423900 ) ) ;
#2006 = CARTESIAN_POINT ( 'NONE',  ( 26.17179582886614100, -0.3973067274746057700, 44.26174795468423200 ) ) ;
#2007 = CARTESIAN_POINT ( 'NONE',  ( -22.76848122046001400, -3.763813101037395600, 44.00000000000000000 ) ) ;
#2008 = CARTESIAN_POINT ( 'NONE',  ( 26.51614716074853500, -0.7294224224447734000, 44.88901206375802400 ) ) ;
#2009 = CARTESIAN_POINT ( 'NONE',  ( 26.23342225181817300, -0.5821859963303609400, 44.61454676111269200 ) ) ;
#2010 = CARTESIAN_POINT ( 'NONE',  ( 26.86970055143450500, -0.3697005514345794700, 44.13092324194016000 ) ) ;
#2011 = CARTESIAN_POINT ( 'NONE',  ( -22.85133227767492100, -4.117366491630678000, 44.75505896185747200 ) ) ;
#2012 = CARTESIAN_POINT ( 'NONE',  ( 26.51614716074878700, -0.3152128320813150100, 44.65875294630701100 ) ) ;
#2013 = CARTESIAN_POINT ( 'NONE',  ( 26.16259377006268800, -0.3697005514347214100, 44.13092324194016000 ) ) ;
#2014 = CARTESIAN_POINT ( 'NONE',  ( -10.70344397111180100, 1.654420405157258600, 44.00000000000000000 ) ) ;
#2015 = CARTESIAN_POINT ( 'NONE',  ( 26.86970055134194300, -0.3697005513420166800, 44.00000000000000000 ) ) ;
#2016 = CARTESIAN_POINT ( 'NONE',  ( -22.79608739659245500, -3.773015159748283900, 44.26174795468421100 ) ) ;
#2017 = CARTESIAN_POINT ( 'NONE',  ( -22.76848122046001400, -4.470919882223960900, 44.00000000000000000 ) ) ;
#2018 = DIRECTION ( 'NONE',  ( 0.0000000000000000000, 1.000000000000000000, 0.0000000000000000000 ) ) ;
#2019 = CARTESIAN_POINT ( 'NONE',  ( 26.69420334344719200, -0.8961921750255117400, 44.87378640637134500 ) ) ;
#2020 = CARTESIAN_POINT ( 'NONE',  ( 26.29887206967916300, -0.7785354499133065900, 44.79966680126039300 ) ) ;
#2021 = CARTESIAN_POINT ( 'NONE',  ( 26.51614716074854500, -0.09019911173668959700, 44.38028863061339300 ) ) ;
#2022 = CARTESIAN_POINT ( 'NONE',  ( 26.51614716074867300, -0.01614716074874021300, 43.99999999999999300 ) ) ;
#2023 = CARTESIAN_POINT ( 'NONE',  ( 26.16259377015539700, -0.3697005513420140200, 44.00000000000000000 ) ) ;
#2024 = CARTESIAN_POINT ( 'NONE',  ( 26.51614716074881200, -0.4525516085569087900, 44.75505896185689600 ) ) ;
#2025 = CARTESIAN_POINT ( 'NONE',  ( -22.98096666544851300, -3.834641582700244500, 44.61454676111284800 ) ) ;
#2026 = CARTESIAN_POINT ( 'NONE',  ( 26.51614716074832100, -0.01614716938962476900, 44.19925071182542100 ) ) ;
#2027 = CARTESIAN_POINT ( 'NONE',  ( 26.51614716074867000, -1.430360723121837800, 45.00000000000000000 ) ) ;
#2028 = CARTESIAN_POINT ( 'NONE',  ( 26.82507731130443700, -0.5035702714546068700, 44.50361891004595100 ) ) ;
#2029 = DIRECTION ( 'NONE',  ( 1.000000000000000000, 0.0000000000000000000, 0.0000000000000000000 ) ) ;
#2030 = CARTESIAN_POINT ( 'NONE',  ( 26.51614716074867000, -1.430360723121838700, 45.00000000000000000 ) ) ;
#2031 = CARTESIAN_POINT ( 'NONE',  ( -22.98096666544851600, -4.400091400561123600, 44.61454676111284100 ) ) ;
#2032 = CARTESIAN_POINT ( 'NONE',  ( -22.90235094057278100, -4.426296642186478900, 44.50361891004620000 ) ) ;
#2033 = CARTESIAN_POINT ( 'NONE',  ( -22.71399350119951400, -4.117366491630678900, 44.65875294630726000 ) ) ;
#2034 = CARTESIAN_POINT ( 'NONE',  ( -22.76848122055282500, -3.763813100944583200, 44.13092324194016000 ) ) ;
#2035 = CARTESIAN_POINT ( 'NONE',  ( 39.00000000000000000, -18.50000000000000000, 44.00000000000000000 ) ) ;
#2036 = DIRECTION ( 'NONE',  ( 0.7071067811865462400, 0.7071067811865487900, 0.0000000000000000000 ) ) ;
#2037 = CARTESIAN_POINT ( 'NONE',  ( -22.76848122055279000, -4.470919882316737300, 44.13092324194035900 ) ) ;
#2038 = CARTESIAN_POINT ( 'NONE',  ( 26.56243552396775700, -1.291495633464030400, 45.00000000000000000 ) ) ;
#2039 = DIRECTION ( 'NONE',  ( -0.0000000000000000000, 0.0000000000000000000, 1.000000000000000000 ) ) ;
#2040 = CARTESIAN_POINT ( 'NONE',  ( -22.90235094057265300, -3.808436341074868700, 44.50361891004596500 ) ) ;
#2041 = CARTESIAN_POINT ( 'NONE',  ( 26.51614716074867000, -1.291529512787075000, 44.99990744594551000 ) ) ;
#2042 = CARTESIAN_POINT ( 'NONE',  ( 20.97422555855189000, -8.616361182282837200, 44.00000000000000000 ) ) ;
#2043 = CARTESIAN_POINT ( 'NONE',  ( 3.469446951953614200E-015, 19.50000000000000000, 22.50000000000000000 ) ) ;
#2044 = CARTESIAN_POINT ( 'NONE',  ( -1.000000000000021300, 19.50000000000000000, 44.99999999999999300 ) ) ;
#2045 = CARTESIAN_POINT ( 'NONE',  ( 18.81623488194008700, 6.887411856798310700, 44.50361891004593700 ) ) ;
#2046 = CARTESIAN_POINT ( 'NONE',  ( 9.855887450304575000, 9.855887450304575000, 44.00000000000000000 ) ) ;
#2047 = CARTESIAN_POINT ( 'NONE',  ( 18.73761915706433000, 6.913617098423602100, 44.61454676111269900 ) ) ;
#2048 = CARTESIAN_POINT ( 'NONE',  ( 18.54126970348130900, 7.413617098423602100, 44.79966680126038600 ) ) ;
#2049 = DIRECTION ( 'NONE',  ( -0.0000000000000000000, 1.000000000000000000, -0.0000000000000000000 ) ) ;
#2050 = CARTESIAN_POINT ( 'NONE',  ( 18.00437707756839200, -11.58620966326633600, 16.99999999999999600 ) ) ;
#2051 = CARTESIAN_POINT ( 'NONE',  ( 18.59038273094991600, 7.196342007354044100, 44.88901206375800300 ) ) ;
#2052 = CARTESIAN_POINT ( 'NONE',  ( 18.54126970348130900, 6.979066916284487800, 44.79966680126038600 ) ) ;
#2053 = DIRECTION ( 'NONE',  ( -0.7071067811865475700, -0.7071067811865475700, 0.0000000000000000000 ) ) ;
#2054 = CARTESIAN_POINT ( 'NONE',  ( 18.95010460205264000, 7.549895397947318000, 44.00000000000000000 ) ) ;
#2055 = CARTESIAN_POINT ( 'NONE',  ( 18.95010460205264000, 6.842788616760771900, 44.00000000000000000 ) ) ;
#2056 = DIRECTION ( 'NONE',  ( 0.7071067811865479100, 0.7071067811865472400, 0.0000000000000000000 ) ) ;
#2057 = CARTESIAN_POINT ( 'NONE',  ( 18.42361297836902900, 7.374398190052690300, 44.87378640637134500 ) ) ;
#2058 = CARTESIAN_POINT ( 'NONE',  ( 18.81623488194007600, 7.505272157909797000, 44.50361891004593000 ) ) ;
#2059 = DIRECTION ( 'NONE',  ( -0.0000000000000000000, 0.0000000000000000000, 1.000000000000000000 ) ) ;
#2060 = PLANE ( 'NONE',  #1612 ) ;
#2061 = DIRECTION ( 'NONE',  ( 0.7071067811865475700, -0.7071067811865475700, 0.0000000000000000000 ) ) ;
#2062 = DIRECTION ( 'NONE',  ( -0.7071067811865474600, 0.7071067811865476800, 0.0000000000000000000 ) ) ;
#2063 = DIRECTION ( 'NONE',  ( -0.7071067811865474600, 0.7071067811865476800, 0.0000000000000000000 ) ) ;
#2064 = DIRECTION ( 'NONE',  ( 0.0000000000000000000, 0.0000000000000000000, 1.000000000000000000 ) ) ;
#2065 = CARTESIAN_POINT ( 'NONE',  ( 39.00000000000000000, -13.50000000000012400, 1.000000000000000900 ) ) ;
#2066 = PLANE ( 'NONE',  #1603 ) ;
#2067 = CARTESIAN_POINT ( 'NONE',  ( 15.55599205235724400, 3.448676067065378900, 16.99999999999999600 ) ) ;
#2068 = DIRECTION ( 'NONE',  ( -0.0000000000000000000, 0.0000000000000000000, 1.000000000000000000 ) ) ;
#2069 = DIRECTION ( 'NONE',  ( -0.7071067811865572300, 0.0000000000000000000, 0.7071067811865379100 ) ) ;
#2070 = DIRECTION ( 'NONE',  ( 0.7071067811865476800, 0.7071067811865474600, 0.0000000000000000000 ) ) ;
#2071 = DIRECTION ( 'NONE',  ( 0.7071067811865472400, -0.7071067811865479100, 0.0000000000000000000 ) ) ;
#2072 = CARTESIAN_POINT ( 'NONE',  ( 15.55599205235724400, 3.448676067065378900, 16.99999999999999600 ) ) ;
#2073 = CARTESIAN_POINT ( 'NONE',  ( 18.95010460196008900, 7.549895398039868000, 44.13092324194014500 ) ) ;
#2074 = CARTESIAN_POINT ( 'NONE',  ( 19.30365798400542200, 7.196342007353699400, 44.19925071182547100 ) ) ;
#2075 = CARTESIAN_POINT ( 'NONE',  ( 18.95010460195969400, 6.842788616667824000, 44.13092324194018100 ) ) ;
#2076 = CARTESIAN_POINT ( 'NONE',  ( 18.92249842592012900, 7.540693339236483400, 44.26174795468423200 ) ) ;
#2077 = CARTESIAN_POINT ( 'NONE',  ( 18.92249842592011800, 6.851990675471588700, 44.26174795468422500 ) ) ;
#2078 = DIRECTION ( 'NONE',  ( 0.0000000000000000000, 0.0000000000000000000, 1.000000000000000000 ) ) ;
#2079 = CARTESIAN_POINT ( 'NONE',  ( 19.22960604165790600, 7.196342007354013900, 44.38028863061340000 ) ) ;
#2080 = CARTESIAN_POINT ( 'NONE',  ( 19.00459232131337800, 7.196342007354075100, 44.65875294630700400 ) ) ;
#2081 = DIRECTION ( 'NONE',  ( 1.000000000000000000, 0.0000000000000000000, 0.0000000000000000000 ) ) ;
#2082 = DIRECTION ( 'NONE',  ( -0.7071067811865379100, 0.0000000000000000000, -0.7071067811865572300 ) ) ;
#2083 = CARTESIAN_POINT ( 'NONE',  ( 18.73761915706433000, 7.479066916284486900, 44.61454676111269900 ) ) ;
#2084 = DIRECTION ( 'NONE',  ( 1.000000000000000000, 0.0000000000000000000, 0.0000000000000000000 ) ) ;
#2085 = CARTESIAN_POINT ( 'NONE',  ( 2.501976925964481500, 2.501976925964480600, 44.00000000000000000 ) ) ;
#2086 = CARTESIAN_POINT ( 'NONE',  ( 18.86725354483765900, 7.196342007354043200, 44.75505896185693200 ) ) ;
#2087 = CARTESIAN_POINT ( 'NONE',  ( 19.30365799264591300, 7.196342007354045800, 43.99999999999999300 ) ) ;
#2088 = PLANE ( 'NONE',  #1605 ) ;
#2089 = DIRECTION ( 'NONE',  ( 0.0000000000000000000, 1.000000000000000000, 0.0000000000000000000 ) ) ;
#2090 = CARTESIAN_POINT ( 'NONE',  ( 37.00000000000000700, -14.74264068711940500, 44.00000000000000000 ) ) ;
#2091 = DIRECTION ( 'NONE',  ( 0.7071067811865475700, 0.7071067811865475700, 0.0000000000000000000 ) ) ;
#2092 = DIRECTION ( 'NONE',  ( -0.0000000000000000000, -0.0000000000000000000, 1.000000000000000000 ) ) ;
#2093 = CARTESIAN_POINT ( 'NONE',  ( 26.51614716074866600, -0.7232539419352833600, 45.00000000000000000 ) ) ;
#2094 = CARTESIAN_POINT ( 'NONE',  ( 15.41971375283349300, 3.857510965636739000, 44.79966680126043600 ) ) ;
#2095 = CARTESIAN_POINT ( 'NONE',  ( 18.17047598624460700, 7.196342007353973000, 44.98689642569976900 ) ) ;
#2096 = CARTESIAN_POINT ( 'NONE',  ( 18.16707003239589800, 7.103800139979520100, 44.97397265865121300 ) ) ;
#2097 = CARTESIAN_POINT ( 'NONE',  ( 15.20243866176402700, 3.808397938168321500, 44.88901206375801000 ) ) ;
#2098 = CARTESIAN_POINT ( 'NONE',  ( 14.91971375283341500, 3.661161512053712200, 44.61454676111265600 ) ) ;
#2099 = CARTESIAN_POINT ( 'NONE',  ( 15.15615029854471600, 4.370471149187340900, 45.00000000000000000 ) ) ;
#2100 = CARTESIAN_POINT ( 'NONE',  ( 15.20243866176388900, 3.531527124280007300, 44.75505896185688900 ) ) ;
#2101 = CARTESIAN_POINT ( 'NONE',  ( 15.20243866176390300, 3.394188347804757600, 44.65875294630748000 ) ) ;
#2102 = CARTESIAN_POINT ( 'NONE',  ( 14.85808732988147300, 3.476282243197803100, 44.26174795468402600 ) ) ;
#2103 = CARTESIAN_POINT ( 'NONE',  ( 15.20243866176395800, 3.950251579180071200, 44.93249883055916200 ) ) ;
#2104 = CARTESIAN_POINT ( 'NONE',  ( 17.88944443027281700, 7.196342007354045800, 45.00000000000000000 ) ) ;
#2105 = CARTESIAN_POINT ( 'NONE',  ( 15.20243866176402600, 3.169174627459956400, 44.38028863061288800 ) ) ;
#2106 = CARTESIAN_POINT ( 'NONE',  ( 15.48516357069444100, 3.661161512053655400, 44.61454676111266300 ) ) ;
#2107 = DIRECTION ( 'NONE',  ( 0.0000000000000000000, 0.0000000000000000000, -1.000000000000000000 ) ) ;
#2108 = CARTESIAN_POINT ( 'NONE',  ( 15.38049484446263900, 3.975167690748796700, 44.87378640637127300 ) ) ;
#2109 = CARTESIAN_POINT ( 'NONE',  ( 15.02438247906527900, 3.975167690748797600, 44.87378640637127300 ) ) ;
#2110 = CARTESIAN_POINT ( 'NONE',  ( 15.24872702498297300, 4.370471149187267200, 45.00000000000000000 ) ) ;
#2111 = CARTESIAN_POINT ( 'NONE',  ( 14.98516357069449100, 3.857510965636682200, 44.79966680126044300 ) ) ;
#2112 = CARTESIAN_POINT ( 'NONE',  ( 15.20243866176396000, 4.509336238845190100, 45.00000000000000000 ) ) ;
#2113 = CARTESIAN_POINT ( 'NONE',  ( 15.51136881231968300, 3.582545787178041100, 44.50361891004616400 ) ) ;
#2114 = CARTESIAN_POINT ( 'NONE',  ( 14.89350851120824300, 3.582545787178031700, 44.50361891004615000 ) ) ;
#2115 = CARTESIAN_POINT ( 'NONE',  ( 15.54678999364644400, 3.476282243197794200, 44.26174795468402600 ) ) ;
#2116 = CARTESIAN_POINT ( 'NONE',  ( 14.84888527107806400, 3.448676067157991900, 44.13092324194033000 ) ) ;
#2117 = CARTESIAN_POINT ( 'NONE',  ( 15.55599205244990000, 3.448676067158033200, 44.13092324194030900 ) ) ;
#2118 = CARTESIAN_POINT ( 'NONE',  ( 14.84888527117067600, 3.448676067065378400, 44.00000000000000000 ) ) ;
#2119 = CARTESIAN_POINT ( 'NONE',  ( 15.20243866176396000, 4.228304682873626600, 44.98689642569976100 ) ) ;
#2120 = CARTESIAN_POINT ( 'NONE',  ( -6.585786437626896200, 18.50000000000000000, 45.00000000000000000 ) ) ;
#2121 = CARTESIAN_POINT ( 'NONE',  ( 15.20243866176396000, 3.095122685113203000, 44.19925071182576200 ) ) ;
#2122 = CARTESIAN_POINT ( 'NONE',  ( 18.02830951993052000, 7.242630370573254000, 45.00000000000000000 ) ) ;
#2123 = CARTESIAN_POINT ( 'NONE',  ( 17.88944443027281700, 7.196342007354045800, 45.00000000000000000 ) ) ;
#2124 = DIRECTION ( 'NONE',  ( -1.000000000000000000, 0.0000000000000000000, 0.0000000000000000000 ) ) ;
#2125 = CARTESIAN_POINT ( 'NONE',  ( 15.20243866176396200, 3.095122676472096000, 43.99999999999998600 ) ) ;
#2126 = CARTESIAN_POINT ( 'NONE',  ( 15.55599205235724400, 3.448676067065377500, 44.00000000000000000 ) ) ;
#2127 = CARTESIAN_POINT ( 'NONE',  ( 18.44852908993769000, 7.196342007354125800, 44.93249883055917600 ) ) ;
#2128 = DIRECTION ( 'NONE',  ( 0.0000000000000000000, 1.000000000000000000, 0.0000000000000000000 ) ) ;
#2129 = CARTESIAN_POINT ( 'NONE',  ( 15.20243866176396000, 4.509336238845190100, 45.00000000000000000 ) ) ;
#2130 = CARTESIAN_POINT ( 'NONE',  ( -6.585786437626896200, 18.50000000000000000, 44.00000000000000000 ) ) ;
#2131 = DIRECTION ( 'NONE',  ( -1.000000000000000000, 0.0000000000000000000, 0.0000000000000000000 ) ) ;
#2132 = DIRECTION ( 'NONE',  ( 1.000000000000000000, 0.0000000000000000000, 0.0000000000000000000 ) ) ;
#2133 = CARTESIAN_POINT ( 'NONE',  ( 18.42361297836902900, 7.018285824655473300, 44.87378640637135900 ) ) ;
#2134 = CARTESIAN_POINT ( 'NONE',  ( 17.88944443027281700, 7.196342007354045800, 45.00000000000000000 ) ) ;
#2135 = DIRECTION ( 'NONE',  ( 0.0000000000000000000, 0.0000000000000000000, -1.000000000000000000 ) ) ;
#2136 = CARTESIAN_POINT ( 'NONE',  ( 15.20243866176396000, 4.509336238845190100, 45.00000000000000000 ) ) ;
#2137 = CARTESIAN_POINT ( 'NONE',  ( 15.20243866176371800, 4.370505028510391000, 44.99990744594647700 ) ) ;
#2138 = CARTESIAN_POINT ( 'NONE',  ( 15.10989679438953500, 4.231710636722295000, 44.97397265865129200 ) ) ;
#2139 = CARTESIAN_POINT ( 'NONE',  ( 18.02830951993035700, 7.150053644134359000, 45.00000000000000000 ) ) ;
#2140 = CARTESIAN_POINT ( 'NONE',  ( 15.29498052913838400, 4.231710636722294100, 44.97397265865129200 ) ) ;
#2141 = DIRECTION ( 'NONE',  ( 0.0000000000000000000, 0.0000000000000000000, -1.000000000000000000 ) ) ;
#2142 = CARTESIAN_POINT ( 'NONE',  ( 18.02827564060745000, 7.196342007353884200, 44.99990744594550300 ) ) ;
#2143 = CARTESIAN_POINT ( 'NONE',  ( 18.16707003239590500, 7.288883874728499600, 44.97397265865122800 ) ) ;
#2144 = CARTESIAN_POINT ( 'NONE',  ( 0.0000000000000000000, 18.50000000000000000, 44.00000000000000000 ) ) ;
#2145 = DIRECTION ( 'NONE',  ( 1.000000000000000000, 0.0000000000000000000, 0.0000000000000000000 ) ) ;
#2146 = DIRECTION ( 'NONE',  ( -1.000000000000000000, 0.0000000000000000000, 0.0000000000000000000 ) ) ;
#2147 = CARTESIAN_POINT ( 'NONE',  ( 12.54289321881346500, 12.54289321881341800, 44.00000000000000000 ) ) ;
#2148 = DIRECTION ( 'NONE',  ( 0.7071067811865462400, -0.7071067811865487900, 0.0000000000000000000 ) ) ;
#2149 = DIRECTION ( 'NONE',  ( 0.7071067811865484600, 0.7071067811865468000, 0.0000000000000000000 ) ) ;
#2150 = DIRECTION ( 'NONE',  ( 1.000000000000000000, 0.0000000000000000000, 0.0000000000000000000 ) ) ;
#2151 = PLANE ( 'NONE',  #1625 ) ;
#2152 = CARTESIAN_POINT ( 'NONE',  ( 22.76848122046001400, -3.763813101037396100, 16.99999999999999600 ) ) ;
#2153 = DIRECTION ( 'NONE',  ( -0.7071067811865462400, -0.7071067811865487900, 0.0000000000000000000 ) ) ;
#2154 = DIRECTION ( 'NONE',  ( -0.7071067811865479100, 0.7071067811865472400, 0.0000000000000000000 ) ) ;
#2155 = DIRECTION ( 'NONE',  ( 1.000000000000000000, 0.0000000000000000000, 0.0000000000000000000 ) ) ;
#2156 = DIRECTION ( 'NONE',  ( -0.0000000000000000000, -0.0000000000000000000, 1.000000000000000000 ) ) ;
#2157 = DIRECTION ( 'NONE',  ( -0.0000000000000000000, -0.0000000000000000000, 1.000000000000000000 ) ) ;
#2158 = DIRECTION ( 'NONE',  ( 1.000000000000000000, 0.0000000000000000000, 0.0000000000000000000 ) ) ;
#2159 = DIRECTION ( 'NONE',  ( 1.000000000000000000, 0.0000000000000000000, 0.0000000000000000000 ) ) ;
#2160 = CARTESIAN_POINT ( 'NONE',  ( -39.00000000000000000, -18.50000000000000000, 1.000000000000000900 ) ) ;
#2161 = CARTESIAN_POINT ( 'NONE',  ( 5.346551211459379600, -5.346551211459383200, 44.00000000000000000 ) ) ;
#2162 = DIRECTION ( 'NONE',  ( -0.0000000000000000000, 0.0000000000000000000, 1.000000000000000000 ) ) ;
#2163 = CARTESIAN_POINT ( 'NONE',  ( -14.84888527117069600, 4.155782848251926800, 44.00000000000000000 ) ) ;
#2164 = CARTESIAN_POINT ( 'NONE',  ( 6.585786437626907700, 18.50000000000000000, 45.00000000000000000 ) ) ;
#2165 = DIRECTION ( 'NONE',  ( -1.000000000000000000, 0.0000000000000000000, 0.0000000000000000000 ) ) ;
#2166 = CARTESIAN_POINT ( 'NONE',  ( 15.20243866176396200, 3.802229457658662600, 16.99999999999999600 ) ) ;
#2167 = CARTESIAN_POINT ( 'NONE',  ( 10.70344397111180100, 1.654420405157258600, 16.99999999999999600 ) ) ;
#2168 = DIRECTION ( 'NONE',  ( 0.0000000000000000000, 1.000000000000000000, 0.0000000000000000000 ) ) ;
#2169 = DIRECTION ( 'NONE',  ( -0.7071067811865472400, -0.7071067811865479100, 0.0000000000000000000 ) ) ;
#2170 = CARTESIAN_POINT ( 'NONE',  ( -39.29289321881344700, -14.20710678118667200, 1.000000000000000900 ) ) ;
#2171 = CARTESIAN_POINT ( 'NONE',  ( 37.00000000000000700, -14.74264068711940500, 1.000000000000000900 ) ) ;
#2172 = DIRECTION ( 'NONE',  ( 0.0000000000000000000, 0.0000000000000000000, -1.000000000000000000 ) ) ;
#2173 = DIRECTION ( 'NONE',  ( 1.000000000000000000, 0.0000000000000000000, 0.0000000000000000000 ) ) ;
#2174 = DIRECTION ( 'NONE',  ( -1.000000000000000000, 0.0000000000000000000, 0.0000000000000000000 ) ) ;
#2175 = DIRECTION ( 'NONE',  ( 0.7071067811865477900, 0.7071067811865472400, 0.0000000000000000000 ) ) ;
#2176 = DIRECTION ( 'NONE',  ( -0.7071067811865475700, 0.7071067811865475700, 0.0000000000000000000 ) ) ;
#2177 = DIRECTION ( 'NONE',  ( -0.0000000000000000000, 0.0000000000000000000, 1.000000000000000000 ) ) ;
#2178 = CARTESIAN_POINT ( 'NONE',  ( -7.733595490128300800, -1.315428075826242000, 16.99999999999999600 ) ) ;
#2179 = DIRECTION ( 'NONE',  ( 1.000000000000000000, 0.0000000000000000000, 0.0000000000000000000 ) ) ;
#2180 = CARTESIAN_POINT ( 'NONE',  ( 10.70344397111180100, 1.654420405157258600, 44.00000000000000000 ) ) ;
#2181 = CARTESIAN_POINT ( 'NONE',  ( -37.00000000000000000, -14.74264068711940600, 45.00000000000000000 ) ) ;
#2182 = DIRECTION ( 'NONE',  ( 0.0000000000000000000, 0.0000000000000000000, -1.000000000000000000 ) ) ;
#2183 = CARTESIAN_POINT ( 'NONE',  ( 6.585786437626907700, 18.50000000000000000, 44.00000000000000000 ) ) ;
#2184 = DIRECTION ( 'NONE',  ( 0.7071067811865471300, 0.7071067811865479100, 0.0000000000000000000 ) ) ;
#2185 = DIRECTION ( 'NONE',  ( 1.000000000000000000, 0.0000000000000000000, 0.0000000000000000000 ) ) ;
#2186 = DIRECTION ( 'NONE',  ( 0.0000000000000000000, 1.000000000000000000, 0.0000000000000000000 ) ) ;
#2187 = DIRECTION ( 'NONE',  ( 0.7071067811865501300, -0.7071067811865450200, 0.0000000000000000000 ) ) ;
#2188 = CARTESIAN_POINT ( 'NONE',  ( -6.585786437626896200, 18.50000000000000000, 45.00000000000000000 ) ) ;
#2189 = DIRECTION ( 'NONE',  ( 0.0000000000000000000, 0.0000000000000000000, -1.000000000000000000 ) ) ;
#2190 = CARTESIAN_POINT ( 'NONE',  ( -37.00000000000000000, -14.74264068711940600, 1.000000000000000900 ) ) ;
#2191 = DIRECTION ( 'NONE',  ( -0.0000000000000000000, 0.0000000000000000000, 1.000000000000000000 ) ) ;
#2192 = DIRECTION ( 'NONE',  ( 0.7071067811865477900, -0.7071067811865472400, 0.0000000000000000000 ) ) ;
#2193 = CARTESIAN_POINT ( 'NONE',  ( -18.02830951993043100, 7.242630370573208700, 45.00000000000000000 ) ) ;
#2194 = CARTESIAN_POINT ( 'NONE',  ( -18.17047598624489900, 7.196342007354082200, 44.98689642569976100 ) ) ;
#2195 = CARTESIAN_POINT ( 'NONE',  ( 6.585786437626907700, 18.50000000000000000, 1.000000000000000900 ) ) ;
#2196 = CARTESIAN_POINT ( 'NONE',  ( -18.42361297836888300, 7.374398190052663600, 44.87378640637139400 ) ) ;
#2197 = DIRECTION ( 'NONE',  ( 0.0000000000000000000, 0.0000000000000000000, 1.000000000000000000 ) ) ;
#2198 = DIRECTION ( 'NONE',  ( -0.0000000000000000000, -0.0000000000000000000, 1.000000000000000000 ) ) ;
#2199 = DIRECTION ( 'NONE',  ( 1.000000000000000000, 0.0000000000000000000, -0.0000000000000000000 ) ) ;
#2200 = CARTESIAN_POINT ( 'NONE',  ( 9.855887450304585700, 9.855887450304571500, 44.00000000000000000 ) ) ;
#2201 = CARTESIAN_POINT ( 'NONE',  ( -18.42361297836888000, 7.018285824655388100, 44.87378640637138000 ) ) ;
#2202 = CARTESIAN_POINT ( 'NONE',  ( -7.000000000000000000, 18.50000000000000000, 1.000000000000000900 ) ) ;
#2203 = CARTESIAN_POINT ( 'NONE',  ( 23.12203461105329800, -4.117366491630677100, 16.99999999999999600 ) ) ;
#2204 = DIRECTION ( 'NONE',  ( 1.000000000000000000, 0.0000000000000000000, 0.0000000000000000000 ) ) ;
#2205 = CARTESIAN_POINT ( 'NONE',  ( -18.54126970348119100, 7.413617098423573600, 44.79966680126048600 ) ) ;
#2206 = CARTESIAN_POINT ( 'NONE',  ( -18.16707003239604000, 7.288883874728521800, 44.97397265865117800 ) ) ;
#2207 = CARTESIAN_POINT ( 'NONE',  ( -18.02827564060718800, 7.196342007353881500, 44.99990744594551000 ) ) ;
#2208 = CARTESIAN_POINT ( 'NONE',  ( -18.02830951993038900, 7.150053644134732000, 45.00000000000000000 ) ) ;
#2209 = DIRECTION ( 'NONE',  ( -1.000000000000000000, 0.0000000000000000000, 0.0000000000000000000 ) ) ;
#2210 = PLANE ( 'NONE',  #1601 ) ;
#2211 = DIRECTION ( 'NONE',  ( 1.000000000000000000, 0.0000000000000000000, 0.0000000000000000000 ) ) ;
#2212 = DIRECTION ( 'NONE',  ( 0.0000000000000000000, 0.0000000000000000000, -1.000000000000000000 ) ) ;
#2213 = DIRECTION ( 'NONE',  ( 0.7071067811865470200, -0.7071067811865480200, 0.0000000000000000000 ) ) ;
#2214 = CARTESIAN_POINT ( 'NONE',  ( -12.54289321881346100, 12.54289321881341700, 44.00000000000000000 ) ) ;
#2215 = CARTESIAN_POINT ( 'NONE',  ( -18.16707003239604400, 7.103800139979600900, 44.97397265865119200 ) ) ;
#2216 = CARTESIAN_POINT ( 'NONE',  ( -18.59038273094975600, 7.196342007354075100, 44.88901206375801700 ) ) ;
#2217 = CARTESIAN_POINT ( 'NONE',  ( -18.54126970348119800, 6.979066916284535800, 44.79966680126050000 ) ) ;
#2218 = CARTESIAN_POINT ( 'NONE',  ( -18.73761915706443700, 7.479066916284510900, 44.61454676111259900 ) ) ;
#2219 = DIRECTION ( 'NONE',  ( 0.7071067811865484600, 0.7071067811865468000, 0.0000000000000000000 ) ) ;
#2220 = CARTESIAN_POINT ( 'NONE',  ( -18.86725354483785500, 7.196342007354005900, 44.75505896185689600 ) ) ;
#2221 = CARTESIAN_POINT ( 'NONE',  ( -18.73761915706443300, 6.913617098423547000, 44.61454676111258500 ) ) ;
#2222 = CARTESIAN_POINT ( 'NONE',  ( -18.00437707756839200, -11.58620966326633600, 16.99999999999999600 ) ) ;
#2223 = CARTESIAN_POINT ( 'NONE',  ( -18.44852908993737400, 7.196342007354004100, 44.93249883055916900 ) ) ;
#2224 = CARTESIAN_POINT ( 'NONE',  ( 39.00000000000000000, -18.50000000000000000, 45.00000000000000000 ) ) ;
#2225 = CARTESIAN_POINT ( 'NONE',  ( -18.81623488194006600, 7.505272157909790700, 44.50361891004594400 ) ) ;
#2226 = DIRECTION ( 'NONE',  ( 0.0000000000000000000, 0.0000000000000000000, -1.000000000000000000 ) ) ;
#2227 = PLANE ( 'NONE',  #1624 ) ;
#2228 = DIRECTION ( 'NONE',  ( 0.7071067811865474600, 0.7071067811865476800, 0.0000000000000000000 ) ) ;
#2229 = CARTESIAN_POINT ( 'NONE',  ( 37.00000000000000700, -14.74264068711940500, 45.00000000000000000 ) ) ;
#2230 = DIRECTION ( 'NONE',  ( -1.000000000000000000, 0.0000000000000000000, 0.0000000000000000000 ) ) ;
#2231 = DIRECTION ( 'NONE',  ( -0.0000000000000000000, -0.0000000000000000000, 1.000000000000000000 ) ) ;
#2232 = CARTESIAN_POINT ( 'NONE',  ( -17.88944443027281400, 7.196342007354043200, 45.00000000000000000 ) ) ;
#2233 = DIRECTION ( 'NONE',  ( 0.0000000000000000000, 0.0000000000000000000, 1.000000000000000000 ) ) ;
#2234 = CARTESIAN_POINT ( 'NONE',  ( -6.585786437626896200, 18.50000000000000000, 1.000000000000000900 ) ) ;
#2235 = DIRECTION ( 'NONE',  ( 0.0000000000000000000, 1.000000000000000000, 0.0000000000000000000 ) ) ;
#2236 = DIRECTION ( 'NONE',  ( -1.000000000000000000, 0.0000000000000000000, 0.0000000000000000000 ) ) ;
#2237 = CARTESIAN_POINT ( 'NONE',  ( -20.97422555855189000, -8.616361182282837200, 16.99999999999999600 ) ) ;
#2238 = DIRECTION ( 'NONE',  ( 0.0000000000000000000, 1.000000000000000000, 0.0000000000000000000 ) ) ;
#2239 = DIRECTION ( 'NONE',  ( 0.7071067811865476800, -0.7071067811865474600, 0.0000000000000000000 ) ) ;
#2240 = CARTESIAN_POINT ( 'NONE',  ( -17.88944443027281400, 7.196342007354043200, 45.00000000000000000 ) ) ;
#2241 = DIRECTION ( 'NONE',  ( -0.7071067811865484600, 0.7071067811865468000, 0.0000000000000000000 ) ) ;
#2242 = DIRECTION ( 'NONE',  ( 0.7071067811865462400, 0.7071067811865487900, 0.0000000000000000000 ) ) ;
#2243 = CARTESIAN_POINT ( 'NONE',  ( -17.88944443027281400, 7.196342007354043200, 45.00000000000000000 ) ) ;
#2244 = DIRECTION ( 'NONE',  ( 1.000000000000000000, 0.0000000000000000000, 0.0000000000000000000 ) ) ;
#2245 = PLANE ( 'NONE',  #1609 ) ;
#2246 = PLANE ( 'NONE',  #1643 ) ;
#2247 = CARTESIAN_POINT ( 'NONE',  ( 23.94407403953539100, -5.646512701299337200, 16.99999999999999600 ) ) ;
#2248 = CARTESIAN_POINT ( 'NONE',  ( -14.98516357069444300, 3.857510965636701300, 44.79966680126041500 ) ) ;
#2249 = CARTESIAN_POINT ( 'NONE',  ( -15.20243866176388400, 4.370505028510363500, 44.99990744594648400 ) ) ;
#2250 = DIRECTION ( 'NONE',  ( 0.7071067811865474600, -0.7071067811865474600, 0.0000000000000000000 ) ) ;
#2251 = DIRECTION ( 'NONE',  ( -0.7071067811865462400, 0.7071067811865487900, 0.0000000000000000000 ) ) ;
#2252 = DIRECTION ( 'NONE',  ( -0.7071067811865492400, -0.7071067811865458000, 0.0000000000000000000 ) ) ;
#2253 = CARTESIAN_POINT ( 'NONE',  ( -18.95010460195991800, 7.549895398040035000, 44.13092324194014500 ) ) ;
#2254 = CARTESIAN_POINT ( 'NONE',  ( -18.95010460196007100, 6.842788616668204100, 44.13092324194018100 ) ) ;
#2255 = CARTESIAN_POINT ( 'NONE',  ( -15.20243866176396200, 4.509336238845191000, 45.00000000000000000 ) ) ;
#2256 = CARTESIAN_POINT ( 'NONE',  ( -15.20243866176396200, 4.509336238845191900, 45.00000000000000000 ) ) ;
#2257 = CARTESIAN_POINT ( 'NONE',  ( -18.92249842592012500, 7.540693339236479000, 44.26174795468424600 ) ) ;
#2258 = CARTESIAN_POINT ( 'NONE',  ( -15.20243866176396200, 4.509336238845191000, 45.00000000000000000 ) ) ;
#2259 = CARTESIAN_POINT ( 'NONE',  ( -18.95010460205264000, 7.549895397947315300, 44.00000000000000000 ) ) ;
#2260 = CARTESIAN_POINT ( 'NONE',  ( -19.22960604165789200, 7.196342007354071600, 44.38028863061341400 ) ) ;
#2261 = DIRECTION ( 'NONE',  ( -1.000000000000000000, 0.0000000000000000000, 0.0000000000000000000 ) ) ;
#2262 = CARTESIAN_POINT ( 'NONE',  ( -19.30365799264591000, 7.196342007354041400, 43.99999999999998600 ) ) ;
#2263 = CARTESIAN_POINT ( 'NONE',  ( -15.24872702498320900, 4.370471149187332900, 45.00000000000000000 ) ) ;
#2264 = CARTESIAN_POINT ( 'NONE',  ( -15.10989679438960600, 4.231710636722324300, 44.97397265865132000 ) ) ;
#2265 = CARTESIAN_POINT ( 'NONE',  ( -15.38049484446271500, 3.975167690748802500, 44.87378640637125900 ) ) ;
#2266 = CARTESIAN_POINT ( 'NONE',  ( -15.02438247906521200, 3.975167690748767900, 44.87378640637124500 ) ) ;
#2267 = CARTESIAN_POINT ( 'NONE',  ( -15.54678999364639600, 3.476282243197873300, 44.26174795468423200 ) ) ;
#2268 = CARTESIAN_POINT ( 'NONE',  ( -14.85808732988153500, 3.476282243197864800, 44.26174795468423900 ) ) ;
#2269 = CARTESIAN_POINT ( 'NONE',  ( -15.20243866176396400, 3.095122676472097400, 43.99999999999998600 ) ) ;
#2270 = CARTESIAN_POINT ( 'NONE',  ( -15.20243866176403500, 3.531527124280049400, 44.75505896185688200 ) ) ;
#2271 = CARTESIAN_POINT ( 'NONE',  ( -14.84888527117067800, 3.448676067065379800, 44.00000000000000000 ) ) ;
#2272 = CARTESIAN_POINT ( 'NONE',  ( -18.95010460205263700, 6.842788616760768300, 44.00000000000000000 ) ) ;
#2273 = CARTESIAN_POINT ( 'NONE',  ( -15.55599205244983100, 3.448676067157963900, 44.13092324194018100 ) ) ;
#2274 = CARTESIAN_POINT ( 'NONE',  ( -15.55599205235724500, 3.448676067065379300, 44.00000000000000000 ) ) ;
#2275 = CARTESIAN_POINT ( 'NONE',  ( 6.292893218813452100, 18.79289321881345400, 1.000000000000000900 ) ) ;
#2276 = DIRECTION ( 'NONE',  ( 0.0000000000000000000, 0.0000000000000000000, 1.000000000000000000 ) ) ;
#2277 = DIRECTION ( 'NONE',  ( -0.7071067811865475700, -0.7071067811865475700, 0.0000000000000000000 ) ) ;
#2278 = CARTESIAN_POINT ( 'NONE',  ( -15.15615029854463500, 4.370471149187334700, 45.00000000000000000 ) ) ;
#2279 = CARTESIAN_POINT ( 'NONE',  ( -15.20243866176396200, 4.228304682873659500, 44.98689642569976900 ) ) ;
#2280 = CARTESIAN_POINT ( 'NONE',  ( -15.51136881231973400, 3.582545787177962900, 44.50361891004594400 ) ) ;
#2281 = CARTESIAN_POINT ( 'NONE',  ( -18.81623488194006600, 6.887411856798292900, 44.50361891004594400 ) ) ;
#2282 = CARTESIAN_POINT ( 'NONE',  ( -15.48516357069445500, 3.661161512053695300, 44.61454676111268500 ) ) ;
#2283 = CARTESIAN_POINT ( 'NONE',  ( -15.20243866176390100, 3.394188347804613800, 44.65875294630703300 ) ) ;
#2284 = CARTESIAN_POINT ( 'NONE',  ( -15.20243866176396000, 3.950251579180024100, 44.93249883055916900 ) ) ;
#2285 = CARTESIAN_POINT ( 'NONE',  ( -19.00459232131336800, 7.196342007354011200, 44.65875294630702500 ) ) ;
#2286 = CARTESIAN_POINT ( 'NONE',  ( -15.41971375283348200, 3.857510965636699900, 44.79966680126041500 ) ) ;
#2287 = CARTESIAN_POINT ( 'NONE',  ( -14.89350851120818400, 3.582545787177972200, 44.50361891004595100 ) ) ;
#2288 = CARTESIAN_POINT ( 'NONE',  ( -15.20243866176402000, 3.169174627460150900, 44.38028863061342100 ) ) ;
#2289 = CARTESIAN_POINT ( 'NONE',  ( 20.97422555855189000, -8.616361182282837200, 16.99999999999999600 ) ) ;
#2290 = CARTESIAN_POINT ( 'NONE',  ( -14.91971375283347000, 3.661161512053695800, 44.61454676111268500 ) ) ;
#2291 = CARTESIAN_POINT ( 'NONE',  ( -19.30365798400461900, 7.196342007354012100, 44.19925071182540000 ) ) ;
#2292 = CARTESIAN_POINT ( 'NONE',  ( -15.29498052913831400, 4.231710636722287900, 44.97397265865130600 ) ) ;
#2293 = CARTESIAN_POINT ( 'NONE',  ( -14.84888527107808500, 3.448676067157971900, 44.13092324194016000 ) ) ;
#2294 = CARTESIAN_POINT ( 'NONE',  ( -18.92249842592012500, 6.851990675471604700, 44.26174795468424600 ) ) ;
#2295 = CARTESIAN_POINT ( 'NONE',  ( -15.20243866176396000, 3.095122685113103500, 44.19925071182544900 ) ) ;
#2296 = CARTESIAN_POINT ( 'NONE',  ( -15.20243866176389800, 3.808397938168292200, 44.88901206375800300 ) ) ;
#2297 = DIRECTION ( 'NONE',  ( -0.7071067811865474600, -0.7071067811865474600, 0.0000000000000000000 ) ) ;
#2298 = DIRECTION ( 'NONE',  ( -0.0000000000000000000, -0.0000000000000000000, -1.000000000000000000 ) ) ;
#2299 = CARTESIAN_POINT ( 'NONE',  ( 39.00000000000000000, -18.50000000000000000, 1.000000000000000900 ) ) ;
#2300 = DIRECTION ( 'NONE',  ( 0.0000000000000000000, 0.0000000000000000000, -1.000000000000000000 ) ) ;
#2301 = DIRECTION ( 'NONE',  ( 0.0000000000000000000, 0.0000000000000000000, 1.000000000000000000 ) ) ;
#2302 = DIRECTION ( 'NONE',  ( 0.0000000000000000000, -1.000000000000000000, 0.0000000000000000000 ) ) ;
#2303 = CARTESIAN_POINT ( 'NONE',  ( -40.00000000000000000, -18.50000000000000000, 1.000000000000000900 ) ) ;
#2304 = CARTESIAN_POINT ( 'NONE',  ( -39.00000000000000000, -13.50000000000012400, 1.000000000000000900 ) ) ;
#2305 = DIRECTION ( 'NONE',  ( -0.7071067811865474600, -0.7071067811865474600, -0.0000000000000000000 ) ) ;
#2306 = DIRECTION ( 'NONE',  ( 0.0000000000000000000, 0.0000000000000000000, 1.000000000000000000 ) ) ;
#2307 = CARTESIAN_POINT ( 'NONE',  ( -18.59655121145936400, 7.196342007354044100, 45.00000000000000000 ) ) ;
#2308 = CARTESIAN_POINT ( 'NONE',  ( -22.76848122046001400, -3.763813101037395200, 16.99999999999999600 ) ) ;
#2309 = CARTESIAN_POINT ( 'NONE',  ( -20.97422555855189000, -8.616361182282837200, 16.99999999999999600 ) ) ;
#2310 = DIRECTION ( 'NONE',  ( 0.0000000000000000000, 0.0000000000000000000, 1.000000000000000000 ) ) ;
#2311 = CARTESIAN_POINT ( 'NONE',  ( 4.500000000000005300, 10.90000000000000000, 22.50000000000000000 ) ) ;
#2312 = DIRECTION ( 'NONE',  ( 1.000000000000000000, 0.0000000000000000000, 0.0000000000000000000 ) ) ;
#2313 = DIRECTION ( 'NONE',  ( 1.000000000000000000, 0.0000000000000000000, 0.0000000000000000000 ) ) ;
#2314 = DIRECTION ( 'NONE',  ( 0.0000000000000000000, 0.0000000000000000000, -1.000000000000000000 ) ) ;
#2315 = CARTESIAN_POINT ( 'NONE',  ( -23.94407403953539100, -5.646512701299337200, 16.99999999999999600 ) ) ;
#2316 = CARTESIAN_POINT ( 'NONE',  ( 14.84888527117067600, 3.448676067065382000, 16.99999999999999600 ) ) ;
#2317 = CARTESIAN_POINT ( 'NONE',  ( 18.00437707756839200, -11.58620966326633600, 44.00000000000000000 ) ) ;
#2318 = CARTESIAN_POINT ( 'NONE',  ( -15.20243866176396000, 3.802229457658661700, 44.00000000000000000 ) ) ;
#2319 = DIRECTION ( 'NONE',  ( 0.0000000000000000000, -0.0000000000000000000, -1.000000000000000000 ) ) ;
#2320 = CARTESIAN_POINT ( 'NONE',  ( -26.51614716074866600, -0.7232539419352885800, 16.99999999999999600 ) ) ;
#2321 = CARTESIAN_POINT ( 'NONE',  ( -23.94407403953539100, -5.646512701299337200, 44.00000000000000000 ) ) ;
#2322 = CARTESIAN_POINT ( 'NONE',  ( -39.00000000000000000, -18.50000000000000000, 45.00000000000000000 ) ) ;
#2323 = DIRECTION ( 'NONE',  ( -1.000000000000000000, 0.0000000000000000000, 0.0000000000000000000 ) ) ;
#2324 = DIRECTION ( 'NONE',  ( 1.000000000000000000, 0.0000000000000000000, 0.0000000000000000000 ) ) ;
#2325 = DIRECTION ( 'NONE',  ( -1.000000000000000000, 0.0000000000000000000, 0.0000000000000000000 ) ) ;
#2326 = DIRECTION ( 'NONE',  ( 0.0000000000000000000, 0.0000000000000000000, 1.000000000000000000 ) ) ;
#2327 = DIRECTION ( 'NONE',  ( 0.0000000000000000000, -0.0000000000000000000, -1.000000000000000000 ) ) ;
#2328 = CARTESIAN_POINT ( 'NONE',  ( 3.469446951953614200E-015, 19.50000000000000000, 22.50000000000000000 ) ) ;
#2329 = DIRECTION ( 'NONE',  ( -0.0000000000000000000, 1.000000000000000000, -0.0000000000000000000 ) ) ;
#2330 = DIRECTION ( 'NONE',  ( 0.0000000000000000000, 0.0000000000000000000, -1.000000000000000000 ) ) ;
#2331 = DIRECTION ( 'NONE',  ( 0.0000000000000000000, 1.000000000000000000, 0.0000000000000000000 ) ) ;
#2332 = DIRECTION ( 'NONE',  ( 0.0000000000000000000, -1.000000000000000000, 0.0000000000000000000 ) ) ;
#2333 = CARTESIAN_POINT ( 'NONE',  ( -26.16259377015539300, -0.3697005513420164600, 16.99999999999999600 ) ) ;
#2334 = CARTESIAN_POINT ( 'NONE',  ( -23.12203461105329800, -4.117366491630677100, 16.99999999999999600 ) ) ;
#2335 = DIRECTION ( 'NONE',  ( 0.0000000000000000000, 0.0000000000000000000, 1.000000000000000000 ) ) ;
#2336 = PLANE ( 'NONE',  #1664 ) ;
#2337 = DIRECTION ( 'NONE',  ( -0.0000000000000000000, -0.0000000000000000000, 1.000000000000000000 ) ) ;
#2338 = DIRECTION ( 'NONE',  ( -1.000000000000000000, 0.0000000000000000000, 0.0000000000000000000 ) ) ;
#2339 = DIRECTION ( 'NONE',  ( 1.000000000000000000, 0.0000000000000000000, 0.0000000000000000000 ) ) ;
#2340 = DIRECTION ( 'NONE',  ( 1.000000000000000000, 0.0000000000000000000, 0.0000000000000000000 ) ) ;
#2341 = CARTESIAN_POINT ( 'NONE',  ( -15.20243866176396200, 3.802229457658662600, 16.99999999999999600 ) ) ;
#2342 = DIRECTION ( 'NONE',  ( -0.0000000000000000000, -0.0000000000000000000, 1.000000000000000000 ) ) ;
#2343 = DIRECTION ( 'NONE',  ( 1.000000000000000000, 0.0000000000000000000, 0.0000000000000000000 ) ) ;
#2344 = CARTESIAN_POINT ( 'NONE',  ( 15.20243866176396200, 3.802229457658663500, 44.00000000000000000 ) ) ;
#2345 = CARTESIAN_POINT ( 'NONE',  ( -14.84888527117067400, 3.448676067065382000, 44.00000000000000000 ) ) ;
#2346 = CARTESIAN_POINT ( 'NONE',  ( -18.00437707756839200, -11.58620966326633600, 16.99999999999999600 ) ) ;
#2347 = DIRECTION ( 'NONE',  ( -0.0000000000000000000, -0.0000000000000000000, -1.000000000000000000 ) ) ;
#2348 = CARTESIAN_POINT ( 'NONE',  ( -15.55599205235724400, 3.448676067065378900, 16.99999999999999600 ) ) ;
#2349 = DIRECTION ( 'NONE',  ( -0.0000000000000000000, 0.0000000000000000000, 1.000000000000000000 ) ) ;
#2350 = DIRECTION ( 'NONE',  ( 0.7071067811865474600, 0.7071067811865476800, 0.0000000000000000000 ) ) ;
#2351 = DIRECTION ( 'NONE',  ( -0.0000000000000000000, -0.0000000000000000000, 1.000000000000000000 ) ) ;
#2352 = DIRECTION ( 'NONE',  ( 0.0000000000000000000, 0.0000000000000000000, -1.000000000000000000 ) ) ;
#2353 = DIRECTION ( 'NONE',  ( -1.000000000000000000, 0.0000000000000000000, 0.0000000000000000000 ) ) ;
#2354 = DIRECTION ( 'NONE',  ( -0.7071067811865470200, -0.7071067811865480200, 0.0000000000000000000 ) ) ;
#2355 = CARTESIAN_POINT ( 'NONE',  ( -18.59655121145936400, 7.196342007354044100, 16.99999999999999600 ) ) ;
#2356 = CARTESIAN_POINT ( 'NONE',  ( -18.95010460205263700, 6.842788616760769200, 16.99999999999999600 ) ) ;
#2357 = CARTESIAN_POINT ( 'NONE',  ( 18.95010460205264000, 6.842788616760772800, 45.00000000000000000 ) ) ;
#2358 = CARTESIAN_POINT ( 'NONE',  ( -22.76848122046001400, -3.763813101037396100, 16.99999999999999600 ) ) ;
#2359 = DIRECTION ( 'NONE',  ( 0.7071067811865472400, -0.7071067811865479100, 0.0000000000000000000 ) ) ;
#2360 = DIRECTION ( 'NONE',  ( 0.0000000000000000000, 0.0000000000000000000, 1.000000000000000000 ) ) ;
#2361 = DIRECTION ( 'NONE',  ( -0.0000000000000000000, -0.0000000000000000000, -1.000000000000000000 ) ) ;
#2362 = DIRECTION ( 'NONE',  ( 0.7071067811865474600, -0.7071067811865476800, -0.0000000000000000000 ) ) ;
#2363 = CARTESIAN_POINT ( 'NONE',  ( 18.00437707756839200, -11.58620966326633600, 16.99999999999999600 ) ) ;
#2364 = CARTESIAN_POINT ( 'NONE',  ( 22.76848122046001400, -3.763813101037396100, 16.99999999999999600 ) ) ;
#2365 = CARTESIAN_POINT ( 'NONE',  ( -22.76848122046001400, -3.763813101037396100, 44.00000000000000000 ) ) ;
#2366 = DIRECTION ( 'NONE',  ( -1.000000000000000000, 0.0000000000000000000, 0.0000000000000000000 ) ) ;
#2367 = CARTESIAN_POINT ( 'NONE',  ( -23.12203461105329800, -4.117366491630678000, 44.00000000000000000 ) ) ;
#2368 = DIRECTION ( 'NONE',  ( 1.000000000000000000, 0.0000000000000000000, 0.0000000000000000000 ) ) ;
#2369 = DIRECTION ( 'NONE',  ( -0.0000000000000000000, -0.0000000000000000000, 1.000000000000000000 ) ) ;
#2370 = CARTESIAN_POINT ( 'NONE',  ( -20.97422555855189000, -8.616361182282837200, 44.00000000000000000 ) ) ;
#2371 = DIRECTION ( 'NONE',  ( 1.000000000000000000, -5.204170427930416600E-015, 0.0000000000000000000 ) ) ;
#2372 = CARTESIAN_POINT ( 'NONE',  ( -18.00437707756839200, -11.58620966326633600, 16.99999999999999600 ) ) ;
#2373 = DIRECTION ( 'NONE',  ( 0.0000000000000000000, -0.0000000000000000000, -1.000000000000000000 ) ) ;
#2374 = DIRECTION ( 'NONE',  ( -1.000000000000000000, 0.0000000000000000000, 0.0000000000000000000 ) ) ;
#2375 = DIRECTION ( 'NONE',  ( -0.0000000000000000000, -0.0000000000000000000, -1.000000000000000000 ) ) ;
#2376 = CARTESIAN_POINT ( 'NONE',  ( 15.20243866176396200, 3.802229457658662600, 16.99999999999999600 ) ) ;
#2377 = DIRECTION ( 'NONE',  ( -0.0000000000000000000, 0.0000000000000000000, 1.000000000000000000 ) ) ;
#2378 = DIRECTION ( 'NONE',  ( -0.0000000000000000000, -0.0000000000000000000, 1.000000000000000000 ) ) ;
#2379 = DIRECTION ( 'NONE',  ( 0.0000000000000000000, 0.0000000000000000000, 1.000000000000000000 ) ) ;
#2380 = DIRECTION ( 'NONE',  ( 0.7071067811865458000, -0.7071067811865492400, 0.0000000000000000000 ) ) ;
#2381 = CARTESIAN_POINT ( 'NONE',  ( 26.51614716074866600, -0.7232539419352833600, 16.99999999999999600 ) ) ;
#2382 = DIRECTION ( 'NONE',  ( -0.0000000000000000000, -1.000000000000000000, -0.0000000000000000000 ) ) ;
#2383 = DIRECTION ( 'NONE',  ( -0.7071067811865477900, 0.7071067811865473500, 0.0000000000000000000 ) ) ;
#2384 = CARTESIAN_POINT ( 'NONE',  ( 6.585786437626907700, 18.50000000000000000, 1.000000000000000400 ) ) ;
#2385 = DIRECTION ( 'NONE',  ( 0.7071067811865473500, -0.7071067811865477900, -0.0000000000000000000 ) ) ;
#2386 = DIRECTION ( 'NONE',  ( -0.0000000000000000000, -0.0000000000000000000, -1.000000000000000000 ) ) ;
#2387 = DIRECTION ( 'NONE',  ( 0.0000000000000000000, 0.0000000000000000000, -1.000000000000000000 ) ) ;
#2388 = CARTESIAN_POINT ( 'NONE',  ( 6.585786437626907700, 18.50000000000000000, 1.000000000000000000 ) ) ;
#2389 = DIRECTION ( 'NONE',  ( 0.7071067811865422400, -0.7071067811865527900, 0.0000000000000000000 ) ) ;
#2390 = CARTESIAN_POINT ( 'NONE',  ( -39.00000000000000000, -14.74264068711940600, 1.000000000000000900 ) ) ;
#2391 = CARTESIAN_POINT ( 'NONE',  ( 39.00000000000000000, -18.50000000000000000, 1.000000000000000900 ) ) ;
#2392 = CARTESIAN_POINT ( 'NONE',  ( 20.97422555855189000, -8.616361182282837200, 16.99999999999999600 ) ) ;
#2393 = CARTESIAN_POINT ( 'NONE',  ( 39.00000000000000000, -18.50000000000000000, 1.000000000000000900 ) ) ;
#2394 = CARTESIAN_POINT ( 'NONE',  ( -15.55599205235724400, 3.448676067065378900, 16.99999999999999600 ) ) ;
#2395 = DIRECTION ( 'NONE',  ( -1.000000000000000000, 0.0000000000000000000, 0.0000000000000000000 ) ) ;
#2396 = DIRECTION ( 'NONE',  ( 0.7071067811865526800, 0.7071067811865423500, 0.0000000000000000000 ) ) ;
#2397 = DIRECTION ( 'NONE',  ( 1.000000000000000000, -0.0000000000000000000, 0.0000000000000000000 ) ) ;
#2398 = CARTESIAN_POINT ( 'NONE',  ( 38.41421356237309900, -13.32842712474631100, 1.000000000000000000 ) ) ;
#2399 = CARTESIAN_POINT ( 'NONE',  ( 39.00000000000000000, -14.74264068711940500, 1.000000000000000900 ) ) ;
#2400 = DIRECTION ( 'NONE',  ( -0.0000000000000000000, 1.000000000000000000, 0.0000000000000000000 ) ) ;
#2401 = DIRECTION ( 'NONE',  ( -1.000000000000000000, 0.0000000000000000000, 0.0000000000000000000 ) ) ;
#2402 = DIRECTION ( 'NONE',  ( 0.0000000000000000000, 0.0000000000000000000, -1.000000000000000000 ) ) ;
#2403 = DIRECTION ( 'NONE',  ( 0.0000000000000000000, 0.0000000000000000000, -1.000000000000000000 ) ) ;
#2404 = DIRECTION ( 'NONE',  ( 1.000000000000000000, 7.155734338404323000E-015, 0.0000000000000000000 ) ) ;
#2405 = DIRECTION ( 'NONE',  ( -0.0000000000000000000, -0.0000000000000000000, -1.000000000000000000 ) ) ;
#2406 = DIRECTION ( 'NONE',  ( -1.000000000000000000, 0.0000000000000000000, 0.0000000000000000000 ) ) ;
#2407 = DIRECTION ( 'NONE',  ( -0.0000000000000000000, -0.0000000000000000000, 1.000000000000000000 ) ) ;
#2408 = DIRECTION ( 'NONE',  ( -0.7071067811865473500, -0.7071067811865477900, 0.0000000000000000000 ) ) ;
#2409 = DIRECTION ( 'NONE',  ( -0.0000000000000000000, -0.0000000000000000000, 1.000000000000000000 ) ) ;
#2410 = DIRECTION ( 'NONE',  ( 0.0000000000000000000, 0.0000000000000000000, -1.000000000000000000 ) ) ;
#2411 = DIRECTION ( 'NONE',  ( 1.000000000000000000, 0.0000000000000000000, 0.0000000000000000000 ) ) ;
#2412 = CARTESIAN_POINT ( 'NONE',  ( -6.585786437626896200, 18.50000000000000000, 44.00000000000000000 ) ) ;
#2413 = DIRECTION ( 'NONE',  ( 0.7071067811865497900, 0.7071067811865454600, 0.0000000000000000000 ) ) ;
#2414 = CARTESIAN_POINT ( 'NONE',  ( 7.733595490128300800, -1.315428075826242000, 16.99999999999999600 ) ) ;
#2415 = CARTESIAN_POINT ( 'NONE',  ( 0.0000000000000000000, 19.50000000000000000, 44.00000000000000000 ) ) ;
#2416 = CARTESIAN_POINT ( 'NONE',  ( 37.00000000000000700, -14.74264068711940500, 1.000000000000000900 ) ) ;
#2417 = CARTESIAN_POINT ( 'NONE',  ( -1.000000000000027500, 19.08578643762690100, 45.00000000000000000 ) ) ;
#2418 = CARTESIAN_POINT ( 'NONE',  ( -6.585786437626896200, 18.50000000000000000, 44.00000000000000000 ) ) ;
#2419 = CARTESIAN_POINT ( 'NONE',  ( 18.59655121145936700, 7.196342007354046700, 16.99999999999999600 ) ) ;
#2420 = DIRECTION ( 'NONE',  ( -1.000000000000000000, 0.0000000000000000000, 0.0000000000000000000 ) ) ;
#2421 = DIRECTION ( 'NONE',  ( -0.0000000000000000000, -0.0000000000000000000, 1.000000000000000000 ) ) ;
#2422 = DIRECTION ( 'NONE',  ( 1.000000000000000000, 0.0000000000000000000, 0.0000000000000000000 ) ) ;
#2423 = DIRECTION ( 'NONE',  ( 0.7071067811865432400, 0.7071067811865519000, 0.0000000000000000000 ) ) ;
#2424 = CARTESIAN_POINT ( 'NONE',  ( 18.51076477383246300, 7.403448788540591100, 45.00000000000000000 ) ) ;
#2425 = DIRECTION ( 'NONE',  ( 0.0000000000000000000, 0.0000000000000000000, -1.000000000000000000 ) ) ;
#2426 = CARTESIAN_POINT ( 'NONE',  ( 14.84888527117067600, 3.448676067065380700, 44.00000000000000000 ) ) ;
#2427 = DIRECTION ( 'NONE',  ( -0.0000000000000000000, -0.0000000000000000000, -1.000000000000000000 ) ) ;
#2428 = CARTESIAN_POINT ( 'NONE',  ( 18.95010460205264000, 7.549895397947316200, 44.00000000000000000 ) ) ;
#2429 = CARTESIAN_POINT ( 'NONE',  ( 15.55599205235724400, 3.448676067065378900, 16.99999999999999600 ) ) ;
#2430 = DIRECTION ( 'NONE',  ( -0.7071067811865470200, 0.7071067811865480200, -0.0000000000000000000 ) ) ;
#2431 = DIRECTION ( 'NONE',  ( -1.000000000000000000, 0.0000000000000000000, 0.0000000000000000000 ) ) ;
#2432 = DIRECTION ( 'NONE',  ( 0.7071067811865477900, 0.7071067811865473500, 0.0000000000000000000 ) ) ;
#2433 = CARTESIAN_POINT ( 'NONE',  ( -38.41421356237309200, -13.32842712474631200, 1.000000000000000000 ) ) ;
#2434 = CARTESIAN_POINT ( 'NONE',  ( -1.000000000000021300, 18.50000000000000000, 44.99999999999999300 ) ) ;
#2435 = CARTESIAN_POINT ( 'NONE',  ( 18.59655121145936400, 7.196342007354043200, 44.00000000000000000 ) ) ;
#2436 = CARTESIAN_POINT ( 'NONE',  ( 22.76848122046001400, -3.763813101037396100, 44.00000000000000000 ) ) ;
#2437 = CARTESIAN_POINT ( 'NONE',  ( -39.00000000000000000, -18.50000000000000000, 1.000000000000000900 ) ) ;
#2438 = CARTESIAN_POINT ( 'NONE',  ( -0.5857864376269209500, 19.50000000000000000, 44.58578643762690800 ) ) ;
#2439 = CARTESIAN_POINT ( 'NONE',  ( 18.95010460205264000, 7.549895397947316200, 44.58578643762690100 ) ) ;
#2440 = CARTESIAN_POINT ( 'NONE',  ( 17.88944443027281700, 7.196342007354043200, 45.00000000000000000 ) ) ;
#2441 = DIRECTION ( 'NONE',  ( 1.000000000000000000, 6.938893903907222100E-015, 0.0000000000000000000 ) ) ;
#2442 = DIRECTION ( 'NONE',  ( -1.000000000000000000, 0.0000000000000000000, 0.0000000000000000000 ) ) ;
#2443 = DIRECTION ( 'NONE',  ( 0.0000000000000000000, 0.0000000000000000000, 1.000000000000000000 ) ) ;
#2444 = CARTESIAN_POINT ( 'NONE',  ( 6.585786437626907700, 18.50000000000000000, 44.00000000000000000 ) ) ;
#2445 = DIRECTION ( 'NONE',  ( 0.7071067811865472400, 0.7071067811865479100, -0.0000000000000000000 ) ) ;
#2446 = DIRECTION ( 'NONE',  ( -0.0000000000000000000, 0.0000000000000000000, 1.000000000000000000 ) ) ;
#2447 = DIRECTION ( 'NONE',  ( -1.000000000000000000, 0.0000000000000000000, 0.0000000000000000000 ) ) ;
#2448 = DIRECTION ( 'NONE',  ( 0.0000000000000000000, 0.0000000000000000000, -1.000000000000000000 ) ) ;
#2449 = DIRECTION ( 'NONE',  ( -0.7071067811865519000, 0.7071067811865432400, 0.0000000000000000000 ) ) ;
#2450 = DIRECTION ( 'NONE',  ( -0.0000000000000000000, 0.0000000000000000000, 1.000000000000000000 ) ) ;
#2451 = DIRECTION ( 'NONE',  ( -0.7071067811865453500, -0.7071067811865496800, 0.0000000000000000000 ) ) ;
#2452 = CARTESIAN_POINT ( 'NONE',  ( -26.51614716074866600, -0.7232539419352885800, 16.99999999999999600 ) ) ;
#2453 = CARTESIAN_POINT ( 'NONE',  ( 18.51076477383246300, 6.989235226167497900, 45.00000000000000000 ) ) ;
#2454 = DIRECTION ( 'NONE',  ( 1.000000000000000000, 0.0000000000000000000, 0.0000000000000000000 ) ) ;
#2455 = CARTESIAN_POINT ( 'NONE',  ( 10.70344397111180100, 1.654420405157258600, 44.00000000000000000 ) ) ;
#2456 = CARTESIAN_POINT ( 'NONE',  ( -6.585786437626896200, 18.50000000000000000, 1.000000000000000400 ) ) ;
#2457 = CARTESIAN_POINT ( 'NONE',  ( -37.00000000000000000, -14.74264068711940600, 44.00000000000000000 ) ) ;
#2458 = CARTESIAN_POINT ( 'NONE',  ( -14.84888527117067600, 3.448676067065382000, 16.99999999999999600 ) ) ;
#2459 = DIRECTION ( 'NONE',  ( 0.0000000000000000000, 0.0000000000000000000, -1.000000000000000000 ) ) ;
#2460 = DIRECTION ( 'NONE',  ( 0.0000000000000000000, 0.0000000000000000000, 1.000000000000000000 ) ) ;
#2461 = DIRECTION ( 'NONE',  ( 1.000000000000000000, 0.0000000000000000000, 0.0000000000000000000 ) ) ;
#2462 = CARTESIAN_POINT ( 'NONE',  ( -10.70344397111180100, 1.654420405157258600, 16.99999999999999600 ) ) ;
#2463 = CARTESIAN_POINT ( 'NONE',  ( 17.88944443027281700, 7.196342007354043200, 45.00000000000000000 ) ) ;
#2464 = DIRECTION ( 'NONE',  ( 1.000000000000000000, 1.734723475976805500E-015, 0.0000000000000000000 ) ) ;
#2465 = DIRECTION ( 'NONE',  ( 1.000000000000000000, -5.421010862427517400E-015, 0.0000000000000000000 ) ) ;
#2466 = CARTESIAN_POINT ( 'NONE',  ( 14.84888527117067600, 3.448676067065380700, 16.99999999999999600 ) ) ;
#2467 = DIRECTION ( 'NONE',  ( 1.000000000000000000, -0.0000000000000000000, 0.0000000000000000000 ) ) ;
#2468 = DIRECTION ( 'NONE',  ( -0.0000000000000000000, -0.0000000000000000000, 1.000000000000000000 ) ) ;
#2469 = DIRECTION ( 'NONE',  ( 0.7071067811865474600, 0.7071067811865476800, 0.0000000000000000000 ) ) ;
#2470 = DIRECTION ( 'NONE',  ( 0.0000000000000000000, -0.0000000000000000000, -1.000000000000000000 ) ) ;
#2471 = CARTESIAN_POINT ( 'NONE',  ( 10.70344397111180100, 1.654420405157258600, 16.99999999999999600 ) ) ;
#2472 = CARTESIAN_POINT ( 'NONE',  ( -6.585786437626896200, 18.50000000000000000, 44.00000000000000000 ) ) ;
#2473 = CARTESIAN_POINT ( 'NONE',  ( 18.95010460205264000, 6.842788616760772800, 44.00000000000000000 ) ) ;
#2474 = DIRECTION ( 'NONE',  ( 0.0000000000000000000, 0.0000000000000000000, 1.000000000000000000 ) ) ;
#2475 = DIRECTION ( 'NONE',  ( -0.0000000000000000000, -0.0000000000000000000, 1.000000000000000000 ) ) ;
#2476 = DIRECTION ( 'NONE',  ( -0.0000000000000000000, -0.0000000000000000000, -1.000000000000000000 ) ) ;
#2477 = DIRECTION ( 'NONE',  ( 0.7071067811865470200, -0.7071067811865480200, -0.0000000000000000000 ) ) ;
#2478 = DIRECTION ( 'NONE',  ( -0.0000000000000000000, 1.000000000000000000, 0.0000000000000000000 ) ) ;
#2479 = DIRECTION ( 'NONE',  ( 0.7071067811865497900, -0.7071067811865454600, 0.0000000000000000000 ) ) ;
#2480 = CARTESIAN_POINT ( 'NONE',  ( -18.95010460205263700, 6.842788616760769200, 44.00000000000000000 ) ) ;
#2481 = DIRECTION ( 'NONE',  ( -0.0000000000000000000, -0.0000000000000000000, -1.000000000000000000 ) ) ;
#2482 = DIRECTION ( 'NONE',  ( -0.7071067811865479100, 0.7071067811865472400, 0.0000000000000000000 ) ) ;
#2483 = CARTESIAN_POINT ( 'NONE',  ( -7.733595490128299900, -1.315428075826240200, 44.00000000000000000 ) ) ;
#2484 = CARTESIAN_POINT ( 'NONE',  ( 18.95010460205264000, 6.842788616760770100, 44.58578643762690100 ) ) ;
#2485 = CARTESIAN_POINT ( 'NONE',  ( 39.00000000000000000, -18.50000000000000000, 1.000000000000000900 ) ) ;
#2486 = CARTESIAN_POINT ( 'NONE',  ( 13.67329245209530000, 4.624268886140757000, 16.99999999999999600 ) ) ;
#2487 = DIRECTION ( 'NONE',  ( -1.000000000000000000, 0.0000000000000000000, 0.0000000000000000000 ) ) ;
#2488 = CARTESIAN_POINT ( 'NONE',  ( -26.51614716074866600, -0.7232539419352883600, 44.00000000000000000 ) ) ;
#2489 = DIRECTION ( 'NONE',  ( 0.0000000000000000000, 0.0000000000000000000, -1.000000000000000000 ) ) ;
#2490 = DIRECTION ( 'NONE',  ( -0.0000000000000000000, 1.000000000000000000, -0.0000000000000000000 ) ) ;
#2491 = DIRECTION ( 'NONE',  ( 0.0000000000000000000, 0.0000000000000000000, 1.000000000000000000 ) ) ;
#2492 = CARTESIAN_POINT ( 'NONE',  ( 3.469446951953614200E-015, 10.90000000000000000, 22.50000000000000000 ) ) ;
#2493 = CARTESIAN_POINT ( 'NONE',  ( -14.84888527117067600, 3.448676067065380700, 16.99999999999999600 ) ) ;
#2494 = DIRECTION ( 'NONE',  ( 1.000000000000000000, 0.0000000000000000000, 0.0000000000000000000 ) ) ;
#2495 = CARTESIAN_POINT ( 'NONE',  ( -39.00000000000000000, -18.50000000000000000, 1.000000000000000900 ) ) ;
#2496 = DIRECTION ( 'NONE',  ( -1.000000000000000000, 0.0000000000000000000, 0.0000000000000000000 ) ) ;
#2497 = DIRECTION ( 'NONE',  ( 0.0000000000000000000, 0.0000000000000000000, -1.000000000000000000 ) ) ;
#2498 = ORIENTED_EDGE ( 'NONE', *, *, #1319, .F. ) ;
#2499 = ORIENTED_EDGE ( 'NONE', *, *, #1536, .F. ) ;
#2500 = ORIENTED_EDGE ( 'NONE', *, *, #1332, .F. ) ;
#2501 = ORIENTED_EDGE ( 'NONE', *, *, #1326, .F. ) ;
#2502 = ORIENTED_EDGE ( 'NONE', *, *, #1324, .T. ) ;
#2503 = ORIENTED_EDGE ( 'NONE', *, *, #1378, .T. ) ;
#2504 = ORIENTED_EDGE ( 'NONE', *, *, #1451, .F. ) ;
#2505 = ORIENTED_EDGE ( 'NONE', *, *, #1511, .F. ) ;
#2506 = ORIENTED_EDGE ( 'NONE', *, *, #1368, .T. ) ;
#2507 = ORIENTED_EDGE ( 'NONE', *, *, #1538, .F. ) ;
#2508 = ORIENTED_EDGE ( 'NONE', *, *, #1350, .T. ) ;
#2509 = ORIENTED_EDGE ( 'NONE', *, *, #1308, .F. ) ;
#2510 = ORIENTED_EDGE ( 'NONE', *, *, #1514, .F. ) ;
#2511 = ORIENTED_EDGE ( 'NONE', *, *, #1469, .T. ) ;
#2512 = ORIENTED_EDGE ( 'NONE', *, *, #1509, .F. ) ;
#2513 = ORIENTED_EDGE ( 'NONE', *, *, #1369, .T. ) ;
#2514 = ORIENTED_EDGE ( 'NONE', *, *, #1411, .T. ) ;
#2515 = ORIENTED_EDGE ( 'NONE', *, *, #1329, .F. ) ;
#2516 = ORIENTED_EDGE ( 'NONE', *, *, #1330, .F. ) ;
#2517 = ORIENTED_EDGE ( 'NONE', *, *, #1462, .F. ) ;
#2518 = ORIENTED_EDGE ( 'NONE', *, *, #1351, .F. ) ;
#2519 = ORIENTED_EDGE ( 'NONE', *, *, #1348, .T. ) ;
#2520 = ORIENTED_EDGE ( 'NONE', *, *, #1366, .F. ) ;
#2521 = ORIENTED_EDGE ( 'NONE', *, *, #1516, .F. ) ;
#2522 = ORIENTED_EDGE ( 'NONE', *, *, #1397, .T. ) ;
#2523 = ORIENTED_EDGE ( 'NONE', *, *, #1530, .F. ) ;
#2524 = ORIENTED_EDGE ( 'NONE', *, *, #1488, .F. ) ;
#2525 = ORIENTED_EDGE ( 'NONE', *, *, #1357, .T. ) ;
#2526 = ORIENTED_EDGE ( 'NONE', *, *, #1497, .F. ) ;
#2527 = ORIENTED_EDGE ( 'NONE', *, *, #1544, .F. ) ;
#2528 = ORIENTED_EDGE ( 'NONE', *, *, #1443, .T. ) ;
#2529 = ORIENTED_EDGE ( 'NONE', *, *, #1421, .T. ) ;
#2530 = ORIENTED_EDGE ( 'NONE', *, *, #1415, .T. ) ;
#2531 = ORIENTED_EDGE ( 'NONE', *, *, #1377, .T. ) ;
#2532 = ORIENTED_EDGE ( 'NONE', *, *, #1535, .F. ) ;
#2533 = ORIENTED_EDGE ( 'NONE', *, *, #1373, .F. ) ;
#2534 = ORIENTED_EDGE ( 'NONE', *, *, #1439, .F. ) ;
#2535 = ORIENTED_EDGE ( 'NONE', *, *, #1379, .F. ) ;
#2536 = ORIENTED_EDGE ( 'NONE', *, *, #1342, .T. ) ;
#2537 = ORIENTED_EDGE ( 'NONE', *, *, #1422, .F. ) ;
#2538 = ORIENTED_EDGE ( 'NONE', *, *, #1450, .F. ) ;
#2539 = ORIENTED_EDGE ( 'NONE', *, *, #1537, .F. ) ;
#2540 = ORIENTED_EDGE ( 'NONE', *, *, #1399, .T. ) ;
#2541 = ORIENTED_EDGE ( 'NONE', *, *, #1419, .F. ) ;
#2542 = ORIENTED_EDGE ( 'NONE', *, *, #1412, .T. ) ;
#2543 = ORIENTED_EDGE ( 'NONE', *, *, #1486, .F. ) ;
#2544 = ORIENTED_EDGE ( 'NONE', *, *, #1416, .F. ) ;
#2545 = ORIENTED_EDGE ( 'NONE', *, *, #1320, .F. ) ;
#2546 = ORIENTED_EDGE ( 'NONE', *, *, #1521, .F. ) ;
#2547 = ORIENTED_EDGE ( 'NONE', *, *, #1495, .F. ) ;
#2548 = ORIENTED_EDGE ( 'NONE', *, *, #1459, .F. ) ;
#2549 = ORIENTED_EDGE ( 'NONE', *, *, #1386, .T. ) ;
#2550 = ORIENTED_EDGE ( 'NONE', *, *, #1409, .T. ) ;
#2551 = ORIENTED_EDGE ( 'NONE', *, *, #1330, .T. ) ;
#2552 = ORIENTED_EDGE ( 'NONE', *, *, #1499, .F. ) ;
#2553 = ORIENTED_EDGE ( 'NONE', *, *, #1448, .F. ) ;
#2554 = ORIENTED_EDGE ( 'NONE', *, *, #1379, .T. ) ;
#2555 = ORIENTED_EDGE ( 'NONE', *, *, #1364, .F. ) ;
#2556 = ORIENTED_EDGE ( 'NONE', *, *, #1377, .F. ) ;
#2557 = ORIENTED_EDGE ( 'NONE', *, *, #1543, .F. ) ;
#2558 = ORIENTED_EDGE ( 'NONE', *, *, #1335, .T. ) ;
#2559 = ORIENTED_EDGE ( 'NONE', *, *, #1408, .F. ) ;
#2560 = ORIENTED_EDGE ( 'NONE', *, *, #1458, .F. ) ;
#2561 = ORIENTED_EDGE ( 'NONE', *, *, #1336, .T. ) ;
#2562 = ORIENTED_EDGE ( 'NONE', *, *, #1350, .F. ) ;
#2563 = ORIENTED_EDGE ( 'NONE', *, *, #1494, .F. ) ;
#2564 = ORIENTED_EDGE ( 'NONE', *, *, #1396, .F. ) ;
#2565 = ORIENTED_EDGE ( 'NONE', *, *, #1370, .T. ) ;
#2566 = ORIENTED_EDGE ( 'NONE', *, *, #1334, .F. ) ;
#2567 = ORIENTED_EDGE ( 'NONE', *, *, #1452, .F. ) ;
#2568 = ORIENTED_EDGE ( 'NONE', *, *, #1346, .F. ) ;
#2569 = ORIENTED_EDGE ( 'NONE', *, *, #1520, .F. ) ;
#2570 = ORIENTED_EDGE ( 'NONE', *, *, #1358, .T. ) ;
#2571 = ORIENTED_EDGE ( 'NONE', *, *, #1345, .F. ) ;
#2572 = ORIENTED_EDGE ( 'NONE', *, *, #1370, .F. ) ;
#2573 = ORIENTED_EDGE ( 'NONE', *, *, #1406, .T. ) ;
#2574 = ORIENTED_EDGE ( 'NONE', *, *, #1465, .F. ) ;
#2575 = ORIENTED_EDGE ( 'NONE', *, *, #1338, .T. ) ;
#2576 = ORIENTED_EDGE ( 'NONE', *, *, #1479, .F. ) ;
#2577 = ORIENTED_EDGE ( 'NONE', *, *, #1353, .F. ) ;
#2578 = ORIENTED_EDGE ( 'NONE', *, *, #1512, .F. ) ;
#2579 = ORIENTED_EDGE ( 'NONE', *, *, #1466, .F. ) ;
#2580 = ORIENTED_EDGE ( 'NONE', *, *, #1400, .T. ) ;
#2581 = ORIENTED_EDGE ( 'NONE', *, *, #1400, .F. ) ;
#2582 = ORIENTED_EDGE ( 'NONE', *, *, #1542, .F. ) ;
#2583 = ORIENTED_EDGE ( 'NONE', *, *, #1338, .F. ) ;
#2584 = ORIENTED_EDGE ( 'NONE', *, *, #1337, .T. ) ;
#2585 = ORIENTED_EDGE ( 'NONE', *, *, #1340, .F. ) ;
#2586 = ORIENTED_EDGE ( 'NONE', *, *, #1359, .F. ) ;
#2587 = ORIENTED_EDGE ( 'NONE', *, *, #1342, .F. ) ;
#2588 = ORIENTED_EDGE ( 'NONE', *, *, #1527, .F. ) ;
#2589 = ORIENTED_EDGE ( 'NONE', *, *, #1336, .F. ) ;
#2590 = ORIENTED_EDGE ( 'NONE', *, *, #1501, .F. ) ;
#2591 = ORIENTED_EDGE ( 'NONE', *, *, #1353, .T. ) ;
#2592 = ORIENTED_EDGE ( 'NONE', *, *, #1341, .F. ) ;
#2593 = ORIENTED_EDGE ( 'NONE', *, *, #1531, .F. ) ;
#2594 = ORIENTED_EDGE ( 'NONE', *, *, #1352, .F. ) ;
#2595 = ORIENTED_EDGE ( 'NONE', *, *, #1334, .T. ) ;
#2596 = ORIENTED_EDGE ( 'NONE', *, *, #1385, .F. ) ;
#2597 = ORIENTED_EDGE ( 'NONE', *, *, #1341, .T. ) ;
#2598 = ORIENTED_EDGE ( 'NONE', *, *, #1345, .T. ) ;
#2599 = ORIENTED_EDGE ( 'NONE', *, *, #1348, .F. ) ;
#2600 = ORIENTED_EDGE ( 'NONE', *, *, #1396, .T. ) ;
#2601 = ORIENTED_EDGE ( 'NONE', *, *, #1335, .F. ) ;
#2602 = ORIENTED_EDGE ( 'NONE', *, *, #1337, .F. ) ;
#2603 = ORIENTED_EDGE ( 'NONE', *, *, #1541, .F. ) ;
#2604 = ORIENTED_EDGE ( 'NONE', *, *, #1340, .T. ) ;
#2605 = ORIENTED_EDGE ( 'NONE', *, *, #1352, .T. ) ;
#2606 = ORIENTED_EDGE ( 'NONE', *, *, #1533, .F. ) ;
#2607 = ORIENTED_EDGE ( 'NONE', *, *, #1385, .T. ) ;
#2608 = ORIENTED_EDGE ( 'NONE', *, *, #1491, .F. ) ;
#2609 = ORIENTED_EDGE ( 'NONE', *, *, #1475, .F. ) ;
#2610 = ORIENTED_EDGE ( 'NONE', *, *, #1411, .F. ) ;
#2611 = ORIENTED_EDGE ( 'NONE', *, *, #1358, .F. ) ;
#2612 = ORIENTED_EDGE ( 'NONE', *, *, #1329, .T. ) ;
#2613 = ORIENTED_EDGE ( 'NONE', *, *, #1344, .F. ) ;
#2614 = ORIENTED_EDGE ( 'NONE', *, *, #1428, .F. ) ;
#2615 = ORIENTED_EDGE ( 'NONE', *, *, #1502, .F. ) ;
#2616 = ORIENTED_EDGE ( 'NONE', *, *, #1528, .F. ) ;
#2617 = ORIENTED_EDGE ( 'NONE', *, *, #1507, .F. ) ;
#2618 = ORIENTED_EDGE ( 'NONE', *, *, #1513, .F. ) ;
#2619 = ORIENTED_EDGE ( 'NONE', *, *, #1347, .F. ) ;
#2620 = ORIENTED_EDGE ( 'NONE', *, *, #1344, .T. ) ;
#2621 = ORIENTED_EDGE ( 'NONE', *, *, #1510, .F. ) ;
#2622 = ORIENTED_EDGE ( 'NONE', *, *, #1409, .F. ) ;
#2623 = ORIENTED_EDGE ( 'NONE', *, *, #1517, .F. ) ;
#2624 = ORIENTED_EDGE ( 'NONE', *, *, #1470, .F. ) ;
#2625 = ORIENTED_EDGE ( 'NONE', *, *, #1472, .F. ) ;
#2626 = ORIENTED_EDGE ( 'NONE', *, *, #1431, .F. ) ;
#2627 = ORIENTED_EDGE ( 'NONE', *, *, #1404, .F. ) ;
#2628 = ORIENTED_EDGE ( 'NONE', *, *, #1423, .F. ) ;
#2629 = ORIENTED_EDGE ( 'NONE', *, *, #1325, .F. ) ;
#2630 = ORIENTED_EDGE ( 'NONE', *, *, #1404, .T. ) ;
#2631 = ORIENTED_EDGE ( 'NONE', *, *, #1492, .F. ) ;
#2632 = ORIENTED_EDGE ( 'NONE', *, *, #1311, .F. ) ;
#2633 = ORIENTED_EDGE ( 'NONE', *, *, #1363, .F. ) ;
#2634 = ORIENTED_EDGE ( 'NONE', *, *, #1424, .T. ) ;
#2635 = ORIENTED_EDGE ( 'NONE', *, *, #1467, .F. ) ;
#2636 = ORIENTED_EDGE ( 'NONE', *, *, #1418, .F. ) ;
#2637 = ORIENTED_EDGE ( 'NONE', *, *, #1374, .F. ) ;
#2638 = ORIENTED_EDGE ( 'NONE', *, *, #1414, .T. ) ;
#2639 = ORIENTED_EDGE ( 'NONE', *, *, #1365, .F. ) ;
#2640 = ORIENTED_EDGE ( 'NONE', *, *, #1392, .F. ) ;
#2641 = ORIENTED_EDGE ( 'NONE', *, *, #1413, .T. ) ;
#2642 = ORIENTED_EDGE ( 'NONE', *, *, #1453, .F. ) ;
#2643 = ORIENTED_EDGE ( 'NONE', *, *, #1489, .F. ) ;
#2644 = ORIENTED_EDGE ( 'NONE', *, *, #1312, .F. ) ;
#2645 = ORIENTED_EDGE ( 'NONE', *, *, #1515, .F. ) ;
#2646 = ORIENTED_EDGE ( 'NONE', *, *, #1414, .F. ) ;
#2647 = ORIENTED_EDGE ( 'NONE', *, *, #1347, .T. ) ;
#2648 = ORIENTED_EDGE ( 'NONE', *, *, #1424, .F. ) ;
#2649 = ORIENTED_EDGE ( 'NONE', *, *, #1405, .T. ) ;
#2650 = ORIENTED_EDGE ( 'NONE', *, *, #1407, .F. ) ;
#2651 = ORIENTED_EDGE ( 'NONE', *, *, #1391, .T. ) ;
#2652 = ORIENTED_EDGE ( 'NONE', *, *, #1490, .F. ) ;
#2653 = ORIENTED_EDGE ( 'NONE', *, *, #1362, .F. ) ;
#2654 = ORIENTED_EDGE ( 'NONE', *, *, #1389, .T. ) ;
#2655 = ORIENTED_EDGE ( 'NONE', *, *, #1413, .F. ) ;
#2656 = ORIENTED_EDGE ( 'NONE', *, *, #1423, .T. ) ;
#2657 = ORIENTED_EDGE ( 'NONE', *, *, #1360, .F. ) ;
#2658 = ORIENTED_EDGE ( 'NONE', *, *, #1522, .F. ) ;
#2659 = ORIENTED_EDGE ( 'NONE', *, *, #1445, .F. ) ;
#2660 = ORIENTED_EDGE ( 'NONE', *, *, #1393, .F. ) ;
#2661 = ORIENTED_EDGE ( 'NONE', *, *, #1392, .T. ) ;
#2662 = ORIENTED_EDGE ( 'NONE', *, *, #1410, .F. ) ;
#2663 = ORIENTED_EDGE ( 'NONE', *, *, #1476, .F. ) ;
#2664 = ORIENTED_EDGE ( 'NONE', *, *, #1426, .F. ) ;
#2665 = ORIENTED_EDGE ( 'NONE', *, *, #1316, .F. ) ;
#2666 = ORIENTED_EDGE ( 'NONE', *, *, #1388, .F. ) ;
#2667 = ORIENTED_EDGE ( 'NONE', *, *, #1393, .T. ) ;
#2668 = ORIENTED_EDGE ( 'NONE', *, *, #1481, .F. ) ;
#2669 = ORIENTED_EDGE ( 'NONE', *, *, #1359, .T. ) ;
#2670 = ORIENTED_EDGE ( 'NONE', *, *, #1389, .F. ) ;
#2671 = ORIENTED_EDGE ( 'NONE', *, *, #1500, .F. ) ;
#2672 = ORIENTED_EDGE ( 'NONE', *, *, #1420, .F. ) ;
#2673 = ORIENTED_EDGE ( 'NONE', *, *, #1349, .F. ) ;
#2674 = ORIENTED_EDGE ( 'NONE', *, *, #1437, .T. ) ;
#2675 = ORIENTED_EDGE ( 'NONE', *, *, #1405, .F. ) ;
#2676 = ORIENTED_EDGE ( 'NONE', *, *, #1435, .F. ) ;
#2677 = ORIENTED_EDGE ( 'NONE', *, *, #1418, .T. ) ;
#2678 = ORIENTED_EDGE ( 'NONE', *, *, #1368, .F. ) ;
#2679 = ORIENTED_EDGE ( 'NONE', *, *, #1534, .F. ) ;
#2680 = ORIENTED_EDGE ( 'NONE', *, *, #1388, .T. ) ;
#2681 = ORIENTED_EDGE ( 'NONE', *, *, #1360, .T. ) ;
#2682 = ORIENTED_EDGE ( 'NONE', *, *, #1454, .F. ) ;
#2683 = ORIENTED_EDGE ( 'NONE', *, *, #1406, .F. ) ;
#2684 = ORIENTED_EDGE ( 'NONE', *, *, #1323, .F. ) ;
#2685 = ORIENTED_EDGE ( 'NONE', *, *, #1412, .F. ) ;
#2686 = ORIENTED_EDGE ( 'NONE', *, *, #1505, .F. ) ;
#2687 = ORIENTED_EDGE ( 'NONE', *, *, #1401, .F. ) ;
#2688 = ORIENTED_EDGE ( 'NONE', *, *, #1438, .F. ) ;
#2689 = ORIENTED_EDGE ( 'NONE', *, *, #1398, .F. ) ;
#2690 = ORIENTED_EDGE ( 'NONE', *, *, #1426, .T. ) ;
#2691 = ORIENTED_EDGE ( 'NONE', *, *, #1403, .F. ) ;
#2692 = ORIENTED_EDGE ( 'NONE', *, *, #1384, .F. ) ;
#2693 = ORIENTED_EDGE ( 'NONE', *, *, #1498, .F. ) ;
#2694 = ORIENTED_EDGE ( 'NONE', *, *, #1380, .F. ) ;
#2695 = ORIENTED_EDGE ( 'NONE', *, *, #1322, .F. ) ;
#2696 = ORIENTED_EDGE ( 'NONE', *, *, #1397, .F. ) ;
#2697 = ORIENTED_EDGE ( 'NONE', *, *, #1381, .F. ) ;
#2698 = ORIENTED_EDGE ( 'NONE', *, *, #1529, .F. ) ;
#2699 = ORIENTED_EDGE ( 'NONE', *, *, #1442, .F. ) ;
#2700 = ORIENTED_EDGE ( 'NONE', *, *, #1526, .F. ) ;
#2701 = ORIENTED_EDGE ( 'NONE', *, *, #1390, .T. ) ;
#2702 = ORIENTED_EDGE ( 'NONE', *, *, #1457, .F. ) ;
#2703 = ORIENTED_EDGE ( 'NONE', *, *, #1417, .F. ) ;
#2704 = EDGE_LOOP ( 'NONE', ( #3091, #3101, #3161, #3125 ) ) ;
#2705 = EDGE_LOOP ( 'NONE', ( #2537, #2530, #2526, #2516 ) ) ;
#2706 = ORIENTED_EDGE ( 'NONE', *, *, #1425, .F. ) ;
#2707 = EDGE_LOOP ( 'NONE', ( #2599, #2600, #2572 ) ) ;
#2708 = ORIENTED_EDGE ( 'NONE', *, *, #1387, .F. ) ;
#2709 = EDGE_LOOP ( 'NONE', ( #2545, #2542, #2539, #2498 ) ) ;
#2710 = EDGE_LOOP ( 'NONE', ( #2504, #3174, #3177, #3181, #2551, #3150, #3167, #3121, #3169, #3160, #3110, #3180, #2500 ) ) ;
#2711 = ORIENTED_EDGE ( 'NONE', *, *, #1503, .F. ) ;
#2712 = EDGE_LOOP ( 'NONE', ( #3077, #3052, #3039, #3152 ) ) ;
#2713 = EDGE_LOOP ( 'NONE', ( #2580, #2609, #2619, #2616 ) ) ;
#2714 = EDGE_LOOP ( 'NONE', ( #2584, #2606, #2585, #2603 ) ) ;
#2715 = ORIENTED_EDGE ( 'NONE', *, *, #1421, .F. ) ;
#2716 = EDGE_LOOP ( 'NONE', ( #3056, #3031, #3082, #3097 ) ) ;
#2717 = EDGE_LOOP ( 'NONE', ( #2570, #2614, #2566, #2582 ) ) ;
#2718 = EDGE_LOOP ( 'NONE', ( #3067, #2987, #2988, #3040 ) ) ;
#2719 = ORIENTED_EDGE ( 'NONE', *, *, #1403, .T. ) ;
#2720 = ORIENTED_EDGE ( 'NONE', *, *, #1525, .F. ) ;
#2721 = ORIENTED_EDGE ( 'NONE', *, *, #1473, .F. ) ;
#2722 = ORIENTED_EDGE ( 'NONE', *, *, #1407, .T. ) ;
#2723 = ORIENTED_EDGE ( 'NONE', *, *, #1390, .F. ) ;
#2724 = ORIENTED_EDGE ( 'NONE', *, *, #1380, .T. ) ;
#2725 = ORIENTED_EDGE ( 'NONE', *, *, #1383, .T. ) ;
#2726 = ORIENTED_EDGE ( 'NONE', *, *, #1540, .F. ) ;
#2727 = ORIENTED_EDGE ( 'NONE', *, *, #1398, .T. ) ;
#2728 = ORIENTED_EDGE ( 'NONE', *, *, #1394, .F. ) ;
#2729 = ORIENTED_EDGE ( 'NONE', *, *, #1343, .F. ) ;
#2730 = ORIENTED_EDGE ( 'NONE', *, *, #1523, .F. ) ;
#2731 = ORIENTED_EDGE ( 'NONE', *, *, #1415, .F. ) ;
#2732 = ORIENTED_EDGE ( 'NONE', *, *, #1483, .T. ) ;
#2733 = ORIENTED_EDGE ( 'NONE', *, *, #1346, .T. ) ;
#2734 = ORIENTED_EDGE ( 'NONE', *, *, #1477, .F. ) ;
#2735 = EDGE_LOOP ( 'NONE', ( #2510, #2575, #2534, #2553 ) ) ;
#2736 = ORIENTED_EDGE ( 'NONE', *, *, #1305, .F. ) ;
#2737 = ORIENTED_EDGE ( 'NONE', *, *, #1382, .F. ) ;
#2738 = ORIENTED_EDGE ( 'NONE', *, *, #1386, .F. ) ;
#2739 = ORIENTED_EDGE ( 'NONE', *, *, #1504, .F. ) ;
#2740 = ORIENTED_EDGE ( 'NONE', *, *, #1417, .T. ) ;
#2741 = ORIENTED_EDGE ( 'NONE', *, *, #1394, .T. ) ;
#2742 = ORIENTED_EDGE ( 'NONE', *, *, #1401, .T. ) ;
#2743 = ORIENTED_EDGE ( 'NONE', *, *, #1430, .F. ) ;
#2744 = ORIENTED_EDGE ( 'NONE', *, *, #1382, .T. ) ;
#2745 = ORIENTED_EDGE ( 'NONE', *, *, #1506, .T. ) ;
#2746 = ORIENTED_EDGE ( 'NONE', *, *, #1381, .T. ) ;
#2747 = ORIENTED_EDGE ( 'NONE', *, *, #1484, .T. ) ;
#2748 = ORIENTED_EDGE ( 'NONE', *, *, #1391, .F. ) ;
#2749 = ORIENTED_EDGE ( 'NONE', *, *, #1496, .F. ) ;
#2750 = ORIENTED_EDGE ( 'NONE', *, *, #1425, .T. ) ;
#2751 = EDGE_LOOP ( 'NONE', ( #3059, #3043, #3098, #3133, #3055, #3144, #3038, #3065 ) ) ;
#2752 = ORIENTED_EDGE ( 'NONE', *, *, #1402, .F. ) ;
#2753 = EDGE_LOOP ( 'NONE', ( #2523, #2554, #2552, #2525 ) ) ;
#2754 = ORIENTED_EDGE ( 'NONE', *, *, #1357, .F. ) ;
#2755 = ORIENTED_EDGE ( 'NONE', *, *, #1313, .F. ) ;
#2756 = EDGE_LOOP ( 'NONE', ( #2548, #2514, #2532, #2559 ) ) ;
#2757 = ORIENTED_EDGE ( 'NONE', *, *, #1383, .F. ) ;
#2758 = EDGE_LOOP ( 'NONE', ( #3178, #3173, #3172, #3108 ) ) ;
#2759 = ORIENTED_EDGE ( 'NONE', *, *, #1402, .T. ) ;
#2760 = ORIENTED_EDGE ( 'NONE', *, *, #1387, .T. ) ;
#2761 = ORIENTED_EDGE ( 'NONE', *, *, #1410, .T. ) ;
#2762 = ORIENTED_EDGE ( 'NONE', *, *, #1493, .F. ) ;
#2763 = EDGE_LOOP ( 'NONE', ( #2524, #2536, #2501, #2518 ) ) ;
#2764 = EDGE_LOOP ( 'NONE', ( #2499, #2519, #2621, #2549 ) ) ;
#2765 = EDGE_LOOP ( 'NONE', ( #2515, #2535, #2571, #2615 ) ) ;
#2766 = EDGE_LOOP ( 'NONE', ( #3124, #3138, #3176, #3146 ) ) ;
#2767 = EDGE_LOOP ( 'NONE', ( #3179, #3120, #3149, #2540 ) ) ;
#2768 = EDGE_LOOP ( 'NONE', ( #3114, #3156, #3137, #3122 ) ) ;
#2769 = EDGE_LOOP ( 'NONE', ( #2547, #2620, #2507, #2522 ) ) ;
#2770 = EDGE_LOOP ( 'NONE', ( #2607, #2610, #2611 ) ) ;
#2771 = EDGE_LOOP ( 'NONE', ( #2591, #2623, #2592, #2617 ) ) ;
#2772 = EDGE_LOOP ( 'NONE', ( #2568, #2567, #2594, #2563 ) ) ;
#2773 = EDGE_LOOP ( 'NONE', ( #3155, #3136, #2544, #2503 ) ) ;
#2774 = EDGE_LOOP ( 'NONE', ( #2667, #2653, #2655, #2671 ) ) ;
#2775 = EDGE_LOOP ( 'NONE', ( #2992, #2989 ) ) ;
#2776 = EDGE_LOOP ( 'NONE', ( #3154, #3102, #3113, #3143 ) ) ;
#2777 = EDGE_LOOP ( 'NONE', ( #3158, #3083, #3076, #3145 ) ) ;
#2778 = EDGE_LOOP ( 'NONE', ( #2598, #2608, #2596, #2618 ) ) ;
#2779 = EDGE_LOOP ( 'NONE', ( #2527, #2508, #2560, #2533 ) ) ;
#2780 = EDGE_LOOP ( 'NONE', ( #2604, #2613, #2597, #2590 ) ) ;
#2781 = EDGE_LOOP ( 'NONE', ( #2556, #2517 ) ) ;
#2782 = EDGE_LOOP ( 'NONE', ( #3147, #3096, #3106, #3051, #3053, #3165, #3141, #3148, #3126, #3066, #3151, #3129, #3064, #3090 ) ) ;
#2783 = EDGE_LOOP ( 'NONE', ( #3157, #3128, #3159, #3103 ) ) ;
#2784 = EDGE_LOOP ( 'NONE', ( #2681, #2626, #2670, #2637 ) ) ;
#2785 = EDGE_LOOP ( 'NONE', ( #3111, #3118, #3175, #3119, #3142, #2557, #3130, #3132 ) ) ;
#2786 = EDGE_LOOP ( 'NONE', ( #3105, #3054, #3134, #3153 ) ) ;
#2787 = EDGE_LOOP ( 'NONE', ( #2601, #2561, #2577 ) ) ;
#2788 = EDGE_LOOP ( 'NONE', ( #3170, #2546, #2511, #2531 ) ) ;
#2789 = EDGE_LOOP ( 'NONE', ( #2684, #2654, #2683 ) ) ;
#2790 = EDGE_LOOP ( 'NONE', ( #3135, #3063, #3140, #3116 ) ) ;
#2791 = EDGE_LOOP ( 'NONE', ( #3127, #3168, #2502, #3123 ) ) ;
#2792 = EDGE_LOOP ( 'NONE', ( #2543, #2550, #2538, #2541 ) ) ;
#2793 = EDGE_LOOP ( 'NONE', ( #2513, #2528 ) ) ;
#2794 = EDGE_LOOP ( 'NONE', ( #2581, #2562, #2579 ) ) ;
#2795 = EDGE_LOOP ( 'NONE', ( #2669, #2631, #2636, #2645 ) ) ;
#2796 = EDGE_LOOP ( 'NONE', ( #2595, #2622, #2602 ) ) ;
#2797 = EDGE_LOOP ( 'NONE', ( #3072, #3131, #3112, #3094 ) ) ;
#2798 = EDGE_LOOP ( 'NONE', ( #3075, #3080, #3100, #3163 ) ) ;
#2799 = EDGE_LOOP ( 'NONE', ( #3166, #3115, #3171, #3109 ) ) ;
#2800 = EDGE_LOOP ( 'NONE', ( #2612, #2593, #2564, #2569 ) ) ;
#2801 = EDGE_LOOP ( 'NONE', ( #2505, #2506, #2509, #2555 ) ) ;
#2802 = EDGE_LOOP ( 'NONE', ( #3073, #3162, #3164, #3107 ) ) ;
#2803 = EDGE_LOOP ( 'NONE', ( #2512, #2558, #2521, #2529 ) ) ;
#2804 = EDGE_LOOP ( 'NONE', ( #2605, #2583, #2586 ) ) ;
#2805 = EDGE_LOOP ( 'NONE', ( #3104, #3139, #2520, #3117 ) ) ;
#2806 = EDGE_LOOP ( 'NONE', ( #2565, #2588, #2589, #2578 ) ) ;
#2807 = EDGE_LOOP ( 'NONE', ( #2587, #2647, #2657 ) ) ;
#2808 = EDGE_LOOP ( 'NONE', ( #2677, #2685, #2660 ) ) ;
#2809 = EDGE_LOOP ( 'NONE', ( #2680, #2682, #2675, #2672 ) ) ;
#2810 = EDGE_LOOP ( 'NONE', ( #2692, #2649, #2687 ) ) ;
#2811 = EDGE_LOOP ( 'NONE', ( #2727, #2736, #2737, #2711 ) ) ;
#2812 = EDGE_LOOP ( 'NONE', ( #2747, #2760, #2732, #2734 ) ) ;
#2813 = EDGE_LOOP ( 'NONE', ( #2651, #2754, #2662, #2658 ) ) ;
#2814 = EDGE_LOOP ( 'NONE', ( #2750, #2762, #2748, #2720 ) ) ;
#2815 = EDGE_LOOP ( 'NONE', ( #2573, #2676, #2628, #2673 ) ) ;
#2816 = EDGE_LOOP ( 'NONE', ( #2715, #2690, #2688 ) ) ;
#2817 = EDGE_LOOP ( 'NONE', ( #2656, #2625, #2627, #2639 ) ) ;
#2818 = EDGE_LOOP ( 'NONE', ( #2761, #2693, #2694, #2700 ) ) ;
#2819 = EDGE_LOOP ( 'NONE', ( #2635, #2659, #2666, #2576 ) ) ;
#2820 = EDGE_LOOP ( 'NONE', ( #2725, #2755, #2691, #2679 ) ) ;
#2821 = EDGE_LOOP ( 'NONE', ( #2641, #2632, #2648 ) ) ;
#2822 = EDGE_LOOP ( 'NONE', ( #2741, #2743, #2664, #2739 ) ) ;
#2823 = EDGE_LOOP ( 'NONE', ( #2697, #2698, #2703, #2730 ) ) ;
#2824 = VERTEX_POINT ( 'NONE', #1149 ) ;
#2825 = VERTEX_POINT ( 'NONE', #1117 ) ;
#2826 = VERTEX_POINT ( 'NONE', #1135 ) ;
#2827 = VERTEX_POINT ( 'NONE', #1163 ) ;
#2828 = VERTEX_POINT ( 'NONE', #1119 ) ;
#2829 = VERTEX_POINT ( 'NONE', #1130 ) ;
#2830 = VERTEX_POINT ( 'NONE', #1118 ) ;
#2831 = VERTEX_POINT ( 'NONE', #1113 ) ;
#2832 = VERTEX_POINT ( 'NONE', #1111 ) ;
#2833 = VERTEX_POINT ( 'NONE', #1158 ) ;
#2834 = VERTEX_POINT ( 'NONE', #1129 ) ;
#2835 = VERTEX_POINT ( 'NONE', #1112 ) ;
#2836 = VERTEX_POINT ( 'NONE', #1131 ) ;
#2837 = VERTEX_POINT ( 'NONE', #1132 ) ;
#2838 = VERTEX_POINT ( 'NONE', #1115 ) ;
#2839 = CLOSED_SHELL ( 'NONE', ( #1048, #1008, #1010, #1015, #1009, #1011, #1035, #1027, #1012, #1049, #1025, #1014, #1034, #1050, #1020, #1030, #1040, #1016, #1051, #1038, #1019, #1026, #1021, #1029, #1018, #1052, #1039, #1089, #1095, #1031, #1064, #1074, #1032, #1078, #1066, #1079, #1090, #1101, #1100, #1065, #1110, #1109, #1093, #1107, #1088, #1085, #1070, #1046, #1084, #1086, #1069, #1047, #1103, #1104, #1081, #1082, #1106, #1097, #1075, #1092, #1108, #1091, #1105, #1102, #1063, #1083, #1076, #1068, #1087, #1071, #1067, #1096, #1080, #1098, #1072, #1073, #1094, #1099, #1077, #1042, #1060, #1056, #1061, #1045, #1059, #1037, #1007, #1028, #1033, #1053, #1057, #1044, #1036, #1017, #1058, #1054, #1022, #1041, #1055, #1024, #1023, #1043, #1013, #1062 ) ) ;
#2840 = VERTEX_POINT ( 'NONE', #1134 ) ;
#2841 = VERTEX_POINT ( 'NONE', #1124 ) ;
#2842 = VERTEX_POINT ( 'NONE', #1116 ) ;
#2843 = VERTEX_POINT ( 'NONE', #1143 ) ;
#2844 = VERTEX_POINT ( 'NONE', #1144 ) ;
#2845 = VERTEX_POINT ( 'NONE', #1156 ) ;
#2846 = VERTEX_POINT ( 'NONE', #1157 ) ;
#2847 = VERTEX_POINT ( 'NONE', #1121 ) ;
#2848 = VERTEX_POINT ( 'NONE', #1125 ) ;
#2849 = VERTEX_POINT ( 'NONE', #1122 ) ;
#2850 = VERTEX_POINT ( 'NONE', #1133 ) ;
#2851 = VERTEX_POINT ( 'NONE', #1136 ) ;
#2852 = VERTEX_POINT ( 'NONE', #1126 ) ;
#2853 = VERTEX_POINT ( 'NONE', #1137 ) ;
#2854 = VERTEX_POINT ( 'NONE', #1127 ) ;
#2855 = VERTEX_POINT ( 'NONE', #1138 ) ;
#2856 = VERTEX_POINT ( 'NONE', #1151 ) ;
#2857 = VERTEX_POINT ( 'NONE', #1154 ) ;
#2858 = VERTEX_POINT ( 'NONE', #1140 ) ;
#2859 = VERTEX_POINT ( 'NONE', #1141 ) ;
#2860 = VERTEX_POINT ( 'NONE', #1145 ) ;
#2861 = VERTEX_POINT ( 'NONE', #1142 ) ;
#2862 = VERTEX_POINT ( 'NONE', #1146 ) ;
#2863 = VERTEX_POINT ( 'NONE', #1147 ) ;
#2864 = VERTEX_POINT ( 'NONE', #1148 ) ;
#2865 = VERTEX_POINT ( 'NONE', #1152 ) ;
#2866 = VERTEX_POINT ( 'NONE', #1153 ) ;
#2867 = VERTEX_POINT ( 'NONE', #1155 ) ;
#2868 = VERTEX_POINT ( 'NONE', #1159 ) ;
#2869 = VERTEX_POINT ( 'NONE', #1160 ) ;
#2870 = VERTEX_POINT ( 'NONE', #1161 ) ;
#2871 = VERTEX_POINT ( 'NONE', #1162 ) ;
#2872 = VERTEX_POINT ( 'NONE', #1195 ) ;
#2873 = VERTEX_POINT ( 'NONE', #1177 ) ;
#2874 = VERTEX_POINT ( 'NONE', #1187 ) ;
#2875 = VERTEX_POINT ( 'NONE', #1197 ) ;
#2876 = VERTEX_POINT ( 'NONE', #1178 ) ;
#2877 = VERTEX_POINT ( 'NONE', #1175 ) ;
#2878 = VERTEX_POINT ( 'NONE', #1171 ) ;
#2879 = VERTEX_POINT ( 'NONE', #1179 ) ;
#2880 = VERTEX_POINT ( 'NONE', #1180 ) ;
#2881 = VERTEX_POINT ( 'NONE', #1185 ) ;
#2882 = VERTEX_POINT ( 'NONE', #1186 ) ;
#2883 = VERTEX_POINT ( 'NONE', #1172 ) ;
#2884 = VERTEX_POINT ( 'NONE', #1173 ) ;
#2885 = VERTEX_POINT ( 'NONE', #1196 ) ;
#2886 = VERTEX_POINT ( 'NONE', #1174 ) ;
#2887 = VERTEX_POINT ( 'NONE', #1193 ) ;
#2888 = VERTEX_POINT ( 'NONE', #1176 ) ;
#2889 = VERTEX_POINT ( 'NONE', #1181 ) ;
#2890 = VERTEX_POINT ( 'NONE', #1198 ) ;
#2891 = VERTEX_POINT ( 'NONE', #1182 ) ;
#2892 = VERTEX_POINT ( 'NONE', #1183 ) ;
#2893 = VERTEX_POINT ( 'NONE', #1190 ) ;
#2894 = VERTEX_POINT ( 'NONE', #1184 ) ;
#2895 = VERTEX_POINT ( 'NONE', #1188 ) ;
#2896 = VERTEX_POINT ( 'NONE', #1189 ) ;
#2897 = VERTEX_POINT ( 'NONE', #1191 ) ;
#2898 = VERTEX_POINT ( 'NONE', #1192 ) ;
#2899 = VERTEX_POINT ( 'NONE', #1194 ) ;
#2900 = VERTEX_POINT ( 'NONE', #1199 ) ;
#2901 = VERTEX_POINT ( 'NONE', #1200 ) ;
#2902 = VERTEX_POINT ( 'NONE', #1164 ) ;
#2903 = VERTEX_POINT ( 'NONE', #1165 ) ;
#2904 = VERTEX_POINT ( 'NONE', #1166 ) ;
#2905 = VERTEX_POINT ( 'NONE', #1167 ) ;
#2906 = VERTEX_POINT ( 'NONE', #1168 ) ;
#2907 = VERTEX_POINT ( 'NONE', #1169 ) ;
#2908 = VERTEX_POINT ( 'NONE', #1170 ) ;
#2909 = VERTEX_POINT ( 'NONE', #1216 ) ;
#2910 = VERTEX_POINT ( 'NONE', #1217 ) ;
#2911 = VERTEX_POINT ( 'NONE', #1210 ) ;
#2912 = VERTEX_POINT ( 'NONE', #1205 ) ;
#2913 = VERTEX_POINT ( 'NONE', #1203 ) ;
#2914 = VERTEX_POINT ( 'NONE', #1214 ) ;
#2915 = VERTEX_POINT ( 'NONE', #1218 ) ;
#2916 = VERTEX_POINT ( 'NONE', #1211 ) ;
#2917 = VERTEX_POINT ( 'NONE', #1204 ) ;
#2918 = VERTEX_POINT ( 'NONE', #1212 ) ;
#2919 = VERTEX_POINT ( 'NONE', #1213 ) ;
#2920 = ORIENTED_EDGE ( 'NONE', *, *, #1485, .F. ) ;
#2921 = VERTEX_POINT ( 'NONE', #1209 ) ;
#2922 = VERTEX_POINT ( 'NONE', #1215 ) ;
#2923 = VERTEX_POINT ( 'NONE', #1219 ) ;
#2924 = VERTEX_POINT ( 'NONE', #1220 ) ;
#2925 = VERTEX_POINT ( 'NONE', #1221 ) ;
#2926 = VERTEX_POINT ( 'NONE', #1202 ) ;
#2927 = VERTEX_POINT ( 'NONE', #1201 ) ;
#2928 = VERTEX_POINT ( 'NONE', #1207 ) ;
#2929 = VERTEX_POINT ( 'NONE', #1208 ) ;
#2930 = VERTEX_POINT ( 'NONE', #1206 ) ;
#2931 = VERTEX_POINT ( 'NONE', #1269 ) ;
#2932 = ORIENTED_EDGE ( 'NONE', *, *, #1437, .F. ) ;
#2933 = VERTEX_POINT ( 'NONE', #1224 ) ;
#2934 = ORIENTED_EDGE ( 'NONE', *, *, #1462, .T. ) ;
#2935 = VERTEX_POINT ( 'NONE', #1242 ) ;
#2936 = VERTEX_POINT ( 'NONE', #1240 ) ;
#2937 = VERTEX_POINT ( 'NONE', #1234 ) ;
#2938 = VERTEX_POINT ( 'NONE', #1235 ) ;
#2939 = VERTEX_POINT ( 'NONE', #1243 ) ;
#2940 = VERTEX_POINT ( 'NONE', #1252 ) ;
#2941 = ORIENTED_EDGE ( 'NONE', *, *, #1440, .F. ) ;
#2942 = ORIENTED_EDGE ( 'NONE', *, *, #1433, .F. ) ;
#2943 = ORIENTED_EDGE ( 'NONE', *, *, #1482, .T. ) ;
#2944 = ORIENTED_EDGE ( 'NONE', *, *, #1444, .F. ) ;
#2945 = VERTEX_POINT ( 'NONE', #1232 ) ;
#2946 = VERTEX_POINT ( 'NONE', #1274 ) ;
#2947 = VERTEX_POINT ( 'NONE', #1233 ) ;
#2948 = VERTEX_POINT ( 'NONE', #1244 ) ;
#2949 = VERTEX_POINT ( 'NONE', #1237 ) ;
#2950 = VERTEX_POINT ( 'NONE', #1272 ) ;
#2951 = ORIENTED_EDGE ( 'NONE', *, *, #1480, .T. ) ;
#2952 = ORIENTED_EDGE ( 'NONE', *, *, #1448, .T. ) ;
#2953 = ORIENTED_EDGE ( 'NONE', *, *, #1470, .T. ) ;
#2954 = VERTEX_POINT ( 'NONE', #1239 ) ;
#2955 = ORIENTED_EDGE ( 'NONE', *, *, #1479, .T. ) ;
#2956 = ORIENTED_EDGE ( 'NONE', *, *, #1481, .T. ) ;
#2957 = VERTEX_POINT ( 'NONE', #1248 ) ;
#2958 = ORIENTED_EDGE ( 'NONE', *, *, #1460, .F. ) ;
#2959 = ORIENTED_EDGE ( 'NONE', *, *, #1451, .T. ) ;
#2960 = VERTEX_POINT ( 'NONE', #1241 ) ;
#2961 = VERTEX_POINT ( 'NONE', #1273 ) ;
#2962 = VERTEX_POINT ( 'NONE', #1256 ) ;
#2963 = VERTEX_POINT ( 'NONE', #1246 ) ;
#2964 = ORIENTED_EDGE ( 'NONE', *, *, #1432, .F. ) ;
#2965 = ORIENTED_EDGE ( 'NONE', *, *, #1474, .T. ) ;
#2966 = ORIENTED_EDGE ( 'NONE', *, *, #1463, .T. ) ;
#2967 = VERTEX_POINT ( 'NONE', #1262 ) ;
#2968 = VERTEX_POINT ( 'NONE', #1261 ) ;
#2969 = VERTEX_POINT ( 'NONE', #1250 ) ;
#2970 = VERTEX_POINT ( 'NONE', #1270 ) ;
#2971 = VERTEX_POINT ( 'NONE', #1271 ) ;
#2972 = VERTEX_POINT ( 'NONE', #1227 ) ;
#2973 = VERTEX_POINT ( 'NONE', #1238 ) ;
#2974 = VERTEX_POINT ( 'NONE', #1222 ) ;
#2975 = VERTEX_POINT ( 'NONE', #1245 ) ;
#2976 = ORIENTED_EDGE ( 'NONE', *, *, #1455, .T. ) ;
#2977 = ORIENTED_EDGE ( 'NONE', *, *, #1473, .T. ) ;
#2978 = ORIENTED_EDGE ( 'NONE', *, *, #1484, .F. ) ;
#2979 = ORIENTED_EDGE ( 'NONE', *, *, #1446, .F. ) ;
#2980 = ORIENTED_EDGE ( 'NONE', *, *, #1447, .F. ) ;
#2981 = ORIENTED_EDGE ( 'NONE', *, *, #1469, .F. ) ;
#2982 = ORIENTED_EDGE ( 'NONE', *, *, #1530, .T. ) ;
#2983 = ORIENTED_EDGE ( 'NONE', *, *, #1485, .T. ) ;
#2984 = ORIENTED_EDGE ( 'NONE', *, *, #1488, .T. ) ;
#2985 = ORIENTED_EDGE ( 'NONE', *, *, #1486, .T. ) ;
#2986 = ORIENTED_EDGE ( 'NONE', *, *, #1427, .F. ) ;
#2987 = ORIENTED_EDGE ( 'NONE', *, *, #1520, .T. ) ;
#2988 = ORIENTED_EDGE ( 'NONE', *, *, #1536, .T. ) ;
#2989 = ORIENTED_EDGE ( 'NONE', *, *, #1440, .T. ) ;
#2990 = ORIENTED_EDGE ( 'NONE', *, *, #1429, .F. ) ;
#2991 = ORIENTED_EDGE ( 'NONE', *, *, #1496, .T. ) ;
#2992 = ORIENTED_EDGE ( 'NONE', *, *, #1521, .T. ) ;
#2993 = ORIENTED_EDGE ( 'NONE', *, *, #1493, .T. ) ;
#2994 = ORIENTED_EDGE ( 'NONE', *, *, #1453, .T. ) ;
#2995 = ORIENTED_EDGE ( 'NONE', *, *, #1450, .T. ) ;
#2996 = ORIENTED_EDGE ( 'NONE', *, *, #1438, .T. ) ;
#2997 = ORIENTED_EDGE ( 'NONE', *, *, #1466, .T. ) ;
#2998 = ORIENTED_EDGE ( 'NONE', *, *, #1456, .F. ) ;
#2999 = ORIENTED_EDGE ( 'NONE', *, *, #1482, .F. ) ;
#3000 = ORIENTED_EDGE ( 'NONE', *, *, #1476, .T. ) ;
#3001 = ORIENTED_EDGE ( 'NONE', *, *, #1544, .T. ) ;
#3002 = ORIENTED_EDGE ( 'NONE', *, *, #1494, .T. ) ;
#3003 = ORIENTED_EDGE ( 'NONE', *, *, #1449, .T. ) ;
#3004 = ORIENTED_EDGE ( 'NONE', *, *, #1510, .T. ) ;
#3005 = ORIENTED_EDGE ( 'NONE', *, *, #1471, .F. ) ;
#3006 = ORIENTED_EDGE ( 'NONE', *, *, #1430, .T. ) ;
#3007 = ORIENTED_EDGE ( 'NONE', *, *, #1435, .T. ) ;
#3008 = ORIENTED_EDGE ( 'NONE', *, *, #1455, .F. ) ;
#3009 = ORIENTED_EDGE ( 'NONE', *, *, #1439, .T. ) ;
#3010 = ORIENTED_EDGE ( 'NONE', *, *, #1442, .T. ) ;
#3011 = ORIENTED_EDGE ( 'NONE', *, *, #1526, .T. ) ;
#3012 = ORIENTED_EDGE ( 'NONE', *, *, #1408, .T. ) ;
#3013 = ORIENTED_EDGE ( 'NONE', *, *, #1454, .T. ) ;
#3014 = ORIENTED_EDGE ( 'NONE', *, *, #1436, .F. ) ;
#3015 = ORIENTED_EDGE ( 'NONE', *, *, #1443, .F. ) ;
#3016 = ORIENTED_EDGE ( 'NONE', *, *, #1471, .T. ) ;
#3017 = ORIENTED_EDGE ( 'NONE', *, *, #1461, .T. ) ;
#3018 = ORIENTED_EDGE ( 'NONE', *, *, #1432, .T. ) ;
#3019 = ORIENTED_EDGE ( 'NONE', *, *, #1434, .F. ) ;
#3020 = ORIENTED_EDGE ( 'NONE', *, *, #1477, .T. ) ;
#3021 = ORIENTED_EDGE ( 'NONE', *, *, #1445, .T. ) ;
#3022 = ORIENTED_EDGE ( 'NONE', *, *, #1483, .F. ) ;
#3023 = ORIENTED_EDGE ( 'NONE', *, *, #1464, .F. ) ;
#3024 = ORIENTED_EDGE ( 'NONE', *, *, #1441, .T. ) ;
#3025 = ORIENTED_EDGE ( 'NONE', *, *, #1465, .T. ) ;
#3026 = ORIENTED_EDGE ( 'NONE', *, *, #1452, .T. ) ;
#3027 = ORIENTED_EDGE ( 'NONE', *, *, #1468, .F. ) ;
#3028 = ORIENTED_EDGE ( 'NONE', *, *, #1475, .T. ) ;
#3029 = ORIENTED_EDGE ( 'NONE', *, *, #1472, .T. ) ;
#3030 = ORIENTED_EDGE ( 'NONE', *, *, #1431, .T. ) ;
#3031 = ORIENTED_EDGE ( 'NONE', *, *, #1507, .T. ) ;
#3032 = ORIENTED_EDGE ( 'NONE', *, *, #1428, .T. ) ;
#3033 = ORIENTED_EDGE ( 'NONE', *, *, #1478, .F. ) ;
#3034 = ORIENTED_EDGE ( 'NONE', *, *, #1459, .T. ) ;
#3035 = ORIENTED_EDGE ( 'NONE', *, *, #1467, .T. ) ;
#3036 = ORIENTED_EDGE ( 'NONE', *, *, #1457, .T. ) ;
#3037 = ORIENTED_EDGE ( 'NONE', *, *, #1468, .T. ) ;
#3038 = ORIENTED_EDGE ( 'NONE', *, *, #1513, .T. ) ;
#3039 = ORIENTED_EDGE ( 'NONE', *, *, #1361, .F. ) ;
#3040 = ORIENTED_EDGE ( 'NONE', *, *, #1498, .T. ) ;
#3041 = ORIENTED_EDGE ( 'NONE', *, *, #1487, .T. ) ;
#3042 = ORIENTED_EDGE ( 'NONE', *, *, #1436, .T. ) ;
#3043 = ORIENTED_EDGE ( 'NONE', *, *, #1501, .T. ) ;
#3044 = ORIENTED_EDGE ( 'NONE', *, *, #1511, .T. ) ;
#3045 = ORIENTED_EDGE ( 'NONE', *, *, #1505, .T. ) ;
#3046 = ORIENTED_EDGE ( 'NONE', *, *, #1540, .T. ) ;
#3047 = ORIENTED_EDGE ( 'NONE', *, *, #1533, .T. ) ;
#3048 = ORIENTED_EDGE ( 'NONE', *, *, #1529, .T. ) ;
#3049 = ORIENTED_EDGE ( 'NONE', *, *, #1537, .T. ) ;
#3050 = ORIENTED_EDGE ( 'NONE', *, *, #1463, .F. ) ;
#3051 = ORIENTED_EDGE ( 'NONE', *, *, #1444, .T. ) ;
#3052 = ORIENTED_EDGE ( 'NONE', *, *, #1325, .T. ) ;
#3053 = ORIENTED_EDGE ( 'NONE', *, *, #1371, .T. ) ;
#3054 = ORIENTED_EDGE ( 'NONE', *, *, #1354, .F. ) ;
#3055 = ORIENTED_EDGE ( 'NONE', *, *, #1531, .T. ) ;
#3056 = ORIENTED_EDGE ( 'NONE', *, *, #1516, .T. ) ;
#3057 = ORIENTED_EDGE ( 'NONE', *, *, #1492, .T. ) ;
#3058 = ORIENTED_EDGE ( 'NONE', *, *, #1512, .T. ) ;
#3059 = ORIENTED_EDGE ( 'NONE', *, *, #1541, .T. ) ;
#3060 = ORIENTED_EDGE ( 'NONE', *, *, #1515, .T. ) ;
#3061 = ORIENTED_EDGE ( 'NONE', *, *, #1503, .T. ) ;
#3062 = ORIENTED_EDGE ( 'NONE', *, *, #1491, .T. ) ;
#3063 = ORIENTED_EDGE ( 'NONE', *, *, #1311, .T. ) ;
#3064 = ORIENTED_EDGE ( 'NONE', *, *, #1447, .T. ) ;
#3065 = ORIENTED_EDGE ( 'NONE', *, *, #1542, .T. ) ;
#3066 = ORIENTED_EDGE ( 'NONE', *, *, #1364, .T. ) ;
#3067 = ORIENTED_EDGE ( 'NONE', *, *, #1499, .T. ) ;
#3068 = ORIENTED_EDGE ( 'NONE', *, *, #1490, .T. ) ;
#3069 = ORIENTED_EDGE ( 'NONE', *, *, #1522, .T. ) ;
#3070 = ORIENTED_EDGE ( 'NONE', *, *, #1497, .T. ) ;
#3071 = ORIENTED_EDGE ( 'NONE', *, *, #1528, .T. ) ;
#3072 = ORIENTED_EDGE ( 'NONE', *, *, #1461, .F. ) ;
#3073 = ORIENTED_EDGE ( 'NONE', *, *, #1308, .T. ) ;
#3074 = ORIENTED_EDGE ( 'NONE', *, *, #1458, .T. ) ;
#3075 = ORIENTED_EDGE ( 'NONE', *, *, #1318, .T. ) ;
#3076 = ORIENTED_EDGE ( 'NONE', *, *, #1321, .F. ) ;
#3077 = ORIENTED_EDGE ( 'NONE', *, *, #1446, .T. ) ;
#3078 = ORIENTED_EDGE ( 'NONE', *, *, #1523, .T. ) ;
#3079 = ORIENTED_EDGE ( 'NONE', *, *, #1543, .T. ) ;
#3080 = ORIENTED_EDGE ( 'NONE', *, *, #1362, .T. ) ;
#3081 = ORIENTED_EDGE ( 'NONE', *, *, #1506, .F. ) ;
#3082 = ORIENTED_EDGE ( 'NONE', *, *, #1495, .T. ) ;
#3083 = ORIENTED_EDGE ( 'NONE', *, *, #1312, .T. ) ;
#3084 = ORIENTED_EDGE ( 'NONE', *, *, #1500, .T. ) ;
#3085 = ORIENTED_EDGE ( 'NONE', *, *, #1509, .T. ) ;
#3086 = ORIENTED_EDGE ( 'NONE', *, *, #1514, .T. ) ;
#3087 = ORIENTED_EDGE ( 'NONE', *, *, #1538, .T. ) ;
#3088 = ORIENTED_EDGE ( 'NONE', *, *, #1535, .T. ) ;
#3089 = ORIENTED_EDGE ( 'NONE', *, *, #1534, .T. ) ;
#3090 = ORIENTED_EDGE ( 'NONE', *, *, #1310, .T. ) ;
#3091 = ORIENTED_EDGE ( 'NONE', *, *, #1321, .T. ) ;
#3092 = ORIENTED_EDGE ( 'NONE', *, *, #1539, .F. ) ;
#3093 = ORIENTED_EDGE ( 'NONE', *, *, #1525, .T. ) ;
#3094 = ORIENTED_EDGE ( 'NONE', *, *, #1322, .T. ) ;
#3095 = ORIENTED_EDGE ( 'NONE', *, *, #1489, .T. ) ;
#3096 = ORIENTED_EDGE ( 'NONE', *, *, #1327, .T. ) ;
#3097 = ORIENTED_EDGE ( 'NONE', *, *, #1504, .T. ) ;
#3098 = ORIENTED_EDGE ( 'NONE', *, *, #1517, .T. ) ;
#3099 = ORIENTED_EDGE ( 'NONE', *, *, #1434, .T. ) ;
#3100 = ORIENTED_EDGE ( 'NONE', *, *, #1320, .T. ) ;
#3101 = ORIENTED_EDGE ( 'NONE', *, *, #1363, .T. ) ;
#3102 = ORIENTED_EDGE ( 'NONE', *, *, #1305, .T. ) ;
#3103 = ORIENTED_EDGE ( 'NONE', *, *, #1372, .T. ) ;
#3104 = ORIENTED_EDGE ( 'NONE', *, *, #1315, .T. ) ;
#3105 = ORIENTED_EDGE ( 'NONE', *, *, #1480, .F. ) ;
#3106 = ORIENTED_EDGE ( 'NONE', *, *, #1354, .T. ) ;
#3107 = ORIENTED_EDGE ( 'NONE', *, *, #1328, .F. ) ;
#3108 = ORIENTED_EDGE ( 'NONE', *, *, #1317, .T. ) ;
#3109 = ORIENTED_EDGE ( 'NONE', *, *, #1367, .T. ) ;
#3110 = ORIENTED_EDGE ( 'NONE', *, *, #1367, .F. ) ;
#3111 = ORIENTED_EDGE ( 'NONE', *, *, #1449, .F. ) ;
#3112 = ORIENTED_EDGE ( 'NONE', *, *, #1306, .T. ) ;
#3113 = ORIENTED_EDGE ( 'NONE', *, *, #1508, .F. ) ;
#3114 = ORIENTED_EDGE ( 'NONE', *, *, #1416, .T. ) ;
#3115 = ORIENTED_EDGE ( 'NONE', *, *, #1365, .T. ) ;
#3116 = ORIENTED_EDGE ( 'NONE', *, *, #1314, .F. ) ;
#3117 = ORIENTED_EDGE ( 'NONE', *, *, #1356, .T. ) ;
#3118 = ORIENTED_EDGE ( 'NONE', *, *, #1369, .F. ) ;
#3119 = ORIENTED_EDGE ( 'NONE', *, *, #1456, .T. ) ;
#3120 = ORIENTED_EDGE ( 'NONE', *, *, #1420, .T. ) ;
#3121 = ORIENTED_EDGE ( 'NONE', *, *, #1355, .F. ) ;
#3122 = ORIENTED_EDGE ( 'NONE', *, *, #1333, .T. ) ;
#3123 = ORIENTED_EDGE ( 'NONE', *, *, #1433, .T. ) ;
#3124 = ORIENTED_EDGE ( 'NONE', *, *, #1326, .T. ) ;
#3125 = ORIENTED_EDGE ( 'NONE', *, *, #1327, .F. ) ;
#3126 = ORIENTED_EDGE ( 'NONE', *, *, #1539, .T. ) ;
#3127 = ORIENTED_EDGE ( 'NONE', *, *, #1441, .F. ) ;
#3128 = ORIENTED_EDGE ( 'NONE', *, *, #1316, .T. ) ;
#3129 = ORIENTED_EDGE ( 'NONE', *, *, #1307, .T. ) ;
#3130 = ORIENTED_EDGE ( 'NONE', *, *, #1419, .T. ) ;
#3131 = ORIENTED_EDGE ( 'NONE', *, *, #1307, .F. ) ;
#3132 = ORIENTED_EDGE ( 'NONE', *, *, #1429, .T. ) ;
#3133 = ORIENTED_EDGE ( 'NONE', *, *, #1527, .T. ) ;
#3134 = ORIENTED_EDGE ( 'NONE', *, *, #1376, .T. ) ;
#3135 = ORIENTED_EDGE ( 'NONE', *, *, #1361, .T. ) ;
#3136 = ORIENTED_EDGE ( 'NONE', *, *, #1384, .T. ) ;
#3137 = ORIENTED_EDGE ( 'NONE', *, *, #1422, .T. ) ;
#3138 = ORIENTED_EDGE ( 'NONE', *, *, #1374, .T. ) ;
#3139 = ORIENTED_EDGE ( 'NONE', *, *, #1349, .T. ) ;
#3140 = ORIENTED_EDGE ( 'NONE', *, *, #1318, .F. ) ;
#3141 = ORIENTED_EDGE ( 'NONE', *, *, #1339, .T. ) ;
#3142 = ORIENTED_EDGE ( 'NONE', *, *, #1373, .T. ) ;
#3143 = ORIENTED_EDGE ( 'NONE', *, *, #1310, .F. ) ;
#3144 = ORIENTED_EDGE ( 'NONE', *, *, #1502, .T. ) ;
#3145 = ORIENTED_EDGE ( 'NONE', *, *, #1309, .F. ) ;
#3146 = ORIENTED_EDGE ( 'NONE', *, *, #1355, .T. ) ;
#3147 = ORIENTED_EDGE ( 'NONE', *, *, #1309, .T. ) ;
#3148 = ORIENTED_EDGE ( 'NONE', *, *, #1319, .T. ) ;
#3149 = ORIENTED_EDGE ( 'NONE', *, *, #1395, .F. ) ;
#3150 = ORIENTED_EDGE ( 'NONE', *, *, #1487, .F. ) ;
#3151 = ORIENTED_EDGE ( 'NONE', *, *, #1328, .T. ) ;
#3152 = ORIENTED_EDGE ( 'NONE', *, *, #1371, .F. ) ;
#3153 = ORIENTED_EDGE ( 'NONE', *, *, #1464, .T. ) ;
#3154 = ORIENTED_EDGE ( 'NONE', *, *, #1478, .T. ) ;
#3155 = ORIENTED_EDGE ( 'NONE', *, *, #1395, .T. ) ;
#3156 = ORIENTED_EDGE ( 'NONE', *, *, #1343, .T. ) ;
#3157 = ORIENTED_EDGE ( 'NONE', *, *, #1331, .T. ) ;
#3158 = ORIENTED_EDGE ( 'NONE', *, *, #1508, .T. ) ;
#3159 = ORIENTED_EDGE ( 'NONE', *, *, #1324, .F. ) ;
#3160 = ORIENTED_EDGE ( 'NONE', *, *, #1356, .F. ) ;
#3161 = ORIENTED_EDGE ( 'NONE', *, *, #1376, .F. ) ;
#3162 = ORIENTED_EDGE ( 'NONE', *, *, #1313, .T. ) ;
#3163 = ORIENTED_EDGE ( 'NONE', *, *, #1339, .F. ) ;
#3164 = ORIENTED_EDGE ( 'NONE', *, *, #1306, .F. ) ;
#3165 = ORIENTED_EDGE ( 'NONE', *, *, #1314, .T. ) ;
#3166 = ORIENTED_EDGE ( 'NONE', *, *, #1366, .T. ) ;
#3167 = ORIENTED_EDGE ( 'NONE', *, *, #1351, .T. ) ;
#3168 = ORIENTED_EDGE ( 'NONE', *, *, #1332, .T. ) ;
#3169 = ORIENTED_EDGE ( 'NONE', *, *, #1317, .F. ) ;
#3170 = ORIENTED_EDGE ( 'NONE', *, *, #1474, .F. ) ;
#3171 = ORIENTED_EDGE ( 'NONE', *, *, #1331, .F. ) ;
#3172 = ORIENTED_EDGE ( 'NONE', *, *, #1315, .F. ) ;
#3173 = ORIENTED_EDGE ( 'NONE', *, *, #1323, .T. ) ;
#3174 = ORIENTED_EDGE ( 'NONE', *, *, #1399, .F. ) ;
#3175 = ORIENTED_EDGE ( 'NONE', *, *, #1427, .T. ) ;
#3176 = ORIENTED_EDGE ( 'NONE', *, *, #1375, .F. ) ;
#3177 = ORIENTED_EDGE ( 'NONE', *, *, #1378, .F. ) ;
#3178 = ORIENTED_EDGE ( 'NONE', *, *, #1375, .T. ) ;
#3179 = ORIENTED_EDGE ( 'NONE', *, *, #1460, .T. ) ;
#3180 = ORIENTED_EDGE ( 'NONE', *, *, #1372, .F. ) ;
#3181 = ORIENTED_EDGE ( 'NONE', *, *, #1333, .F. ) ;
#3182 = PRODUCT ( '45-45-45', '45-45-45', '', ( #1264 ) ) ;
#3183 = PERSON ( 'UNSPECIFIED', 'UNSPECIFIED', 'UNSPECIFIED', ('UNSPECIFIED'), ('UNSPECIFIED'), ('UNSPECIFIED') ) ;
ENDSEC;
END-ISO-10303-21;
