ISO-10303-21;
HEADER;
FILE_DESCRIPTION (( 'STEP AP203' ),
    '1' );
FILE_NAME ('ALP2240.STEP',
    '2017-02-10T11:25:07',
    ( '' ),
    ( '' ),
    'SwSTEP 2.0',
    'SolidWorks 2012',
    '' );
FILE_SCHEMA (( 'CONFIG_CONTROL_DESIGN' ));
ENDSEC;

DATA;
#1 = EDGE_CURVE ( 'NONE', #210, #231, #117, .T. ) ;
#2 = EDGE_CURVE ( 'NONE', #216, #230, #115, .T. ) ;
#3 = EDGE_CURVE ( 'NONE', #190, #241, #515, .T. ) ;
#4 = EDGE_CURVE ( 'NONE', #209, #183, #149, .T. ) ;
#5 = EDGE_CURVE ( 'NONE', #211, #164, #151, .T. ) ;
#6 = EDGE_CURVE ( 'NONE', #222, #223, #152, .T. ) ;
#7 = EDGE_CURVE ( 'NONE', #190, #191, #154, .T. ) ;
#8 = EDGE_CURVE ( 'NONE', #172, #168, #150, .T. ) ;
#9 = EDGE_CURVE ( 'NONE', #192, #224, #153, .T. ) ;
#10 = EDGE_CURVE ( 'NONE', #220, #186, #830, .T. ) ;
#11 = EDGE_CURVE ( 'NONE', #198, #229, #829, .T. ) ;
#12 = EDGE_CURVE ( 'NONE', #208, #209, #828, .T. ) ;
#13 = EDGE_CURVE ( 'NONE', #194, #205, #832, .T. ) ;
#14 = EDGE_CURVE ( 'NONE', #156, #228, #852, .T. ) ;
#15 = EDGE_CURVE ( 'NONE', #215, #223, #849, .T. ) ;
#16 = EDGE_CURVE ( 'NONE', #215, #208, #844, .T. ) ;
#17 = EDGE_CURVE ( 'NONE', #223, #188, #831, .T. ) ;
#18 = EDGE_CURVE ( 'NONE', #240, #185, #853, .T. ) ;
#19 = EDGE_CURVE ( 'NONE', #230, #223, #833, .T. ) ;
#20 = EDGE_CURVE ( 'NONE', #207, #239, #834, .T. ) ;
#21 = EDGE_CURVE ( 'NONE', #157, #173, #847, .T. ) ;
#22 = EDGE_CURVE ( 'NONE', #216, #200, #848, .T. ) ;
#23 = EDGE_CURVE ( 'NONE', #231, #210, #846, .T. ) ;
#24 = EDGE_CURVE ( 'NONE', #206, #177, #835, .T. ) ;
#25 = EDGE_CURVE ( 'NONE', #241, #193, #836, .T. ) ;
#26 = EDGE_CURVE ( 'NONE', #233, #189, #838, .T. ) ;
#27 = EDGE_CURVE ( 'NONE', #187, #220, #857, .T. ) ;
#28 = EDGE_CURVE ( 'NONE', #221, #240, #859, .T. ) ;
#29 = EDGE_CURVE ( 'NONE', #158, #162, #845, .T. ) ;
#30 = EDGE_CURVE ( 'NONE', #241, #228, #840, .T. ) ;
#31 = EDGE_CURVE ( 'NONE', #217, #201, #858, .T. ) ;
#32 = ORIENTED_EDGE ( 'NONE', *, *, #2168, .T. ) ;
#33 = ORIENTED_EDGE ( 'NONE', *, *, #2144, .T. ) ;
#34 = ORIENTED_EDGE ( 'NONE', *, *, #1, .T. ) ;
#35 = ORIENTED_EDGE ( 'NONE', *, *, #2086, .T. ) ;
#36 = ORIENTED_EDGE ( 'NONE', *, *, #2081, .F. ) ;
#37 = ORIENTED_EDGE ( 'NONE', *, *, #2117, .T. ) ;
#38 = ORIENTED_EDGE ( 'NONE', *, *, #2080, .F. ) ;
#39 = ORIENTED_EDGE ( 'NONE', *, *, #2119, .F. ) ;
#40 = ORIENTED_EDGE ( 'NONE', *, *, #2106, .F. ) ;
#41 = ORIENTED_EDGE ( 'NONE', *, *, #2087, .T. ) ;
#42 = EDGE_LOOP ( 'NONE', ( #449, #388 ) ) ;
#43 = EDGE_LOOP ( 'NONE', ( #408, #407, #418, #433 ) ) ;
#44 = EDGE_LOOP ( 'NONE', ( #41, #67, #293, #251 ) ) ;
#45 = EDGE_LOOP ( 'NONE', ( #248, #266, #260, #299 ) ) ;
#46 = EDGE_LOOP ( 'NONE', ( #369, #320, #358, #339 ) ) ;
#47 = EDGE_LOOP ( 'NONE', ( #365, #308 ) ) ;
#48 = EDGE_LOOP ( 'NONE', ( #355, #399, #394, #391 ) ) ;
#49 = EDGE_LOOP ( 'NONE', ( #366, #352, #310, #336 ) ) ;
#50 = EDGE_LOOP ( 'NONE', ( #353, #375 ) ) ;
#51 = EDGE_LOOP ( 'NONE', ( #380, #383 ) ) ;
#52 = ORIENTED_EDGE ( 'NONE', *, *, #2130, .T. ) ;
#53 = ORIENTED_EDGE ( 'NONE', *, *, #2118, .T. ) ;
#54 = EDGE_LOOP ( 'NONE', ( #368, #312, #357, #351, #314, #343, #363, #329, #289, #290 ) ) ;
#55 = ORIENTED_EDGE ( 'NONE', *, *, #2077, .F. ) ;
#56 = EDGE_LOOP ( 'NONE', ( #247, #268, #296, #298 ) ) ;
#57 = ORIENTED_EDGE ( 'NONE', *, *, #2087, .F. ) ;
#58 = EDGE_LOOP ( 'NONE', ( #250, #244 ) ) ;
#59 = EDGE_LOOP ( 'NONE', ( #282, #287, #262, #292 ) ) ;
#60 = EDGE_LOOP ( 'NONE', ( #246, #264, #302, #254 ) ) ;
#61 = EDGE_LOOP ( 'NONE', ( #330, #321 ) ) ;
#62 = EDGE_LOOP ( 'NONE', ( #270, #256, #295, #261 ) ) ;
#63 = EDGE_LOOP ( 'NONE', ( #331, #309 ) ) ;
#64 = EDGE_LOOP ( 'NONE', ( #332, #370 ) ) ;
#65 = EDGE_LOOP ( 'NONE', ( #377, #441, #412, #360 ) ) ;
#66 = EDGE_LOOP ( 'NONE', ( #348, #342 ) ) ;
#67 = ORIENTED_EDGE ( 'NONE', *, *, #2113, .T. ) ;
#68 = ORIENTED_EDGE ( 'NONE', *, *, #2125, .F. ) ;
#69 = EDGE_LOOP ( 'NONE', ( #325, #327, #317, #350, #345, #328, #318, #319, #347, #335 ) ) ;
#70 = EDGE_LOOP ( 'NONE', ( #271, #265, #226, #225 ) ) ;
#71 = EDGE_LOOP ( 'NONE', ( #277, #253, #284, #258 ) ) ;
#72 = EDGE_LOOP ( 'NONE', ( #305, #304, #288, #249 ) ) ;
#73 = EDGE_LOOP ( 'NONE', ( #393, #427, #378, #386 ) ) ;
#74 = EDGE_LOOP ( 'NONE', ( #275, #278, #269, #255 ) ) ;
#75 = EDGE_LOOP ( 'NONE', ( #303, #291, #263, #273 ) ) ;
#76 = EDGE_LOOP ( 'NONE', ( #36, #84, #57, #68 ) ) ;
#77 = EDGE_LOOP ( 'NONE', ( #306, #280, #283, #272 ) ) ;
#78 = EDGE_LOOP ( 'NONE', ( #286, #367, #323, #361 ) ) ;
#79 = EDGE_LOOP ( 'NONE', ( #297, #285, #276, #279 ) ) ;
#80 = EDGE_LOOP ( 'NONE', ( #337, #334 ) ) ;
#81 = EDGE_LOOP ( 'NONE', ( #349, #346 ) ) ;
#82 = EDGE_LOOP ( 'NONE', ( #267, #326, #315, #359 ) ) ;
#83 = ORIENTED_EDGE ( 'NONE', *, *, #2096, .T. ) ;
#84 = ORIENTED_EDGE ( 'NONE', *, *, #2089, .T. ) ;
#85 = EDGE_LOOP ( 'NONE', ( #83, #53, #52, #39 ) ) ;
#86 = EDGE_LOOP ( 'NONE', ( #373, #395, #460, #438 ) ) ;
#87 = EDGE_LOOP ( 'NONE', ( #245, #300 ) ) ;
#88 = EDGE_LOOP ( 'NONE', ( #274, #259, #301, #257 ) ) ;
#89 = EDGE_LOOP ( 'NONE', ( #340, #364 ) ) ;
#90 = EDGE_LOOP ( 'NONE', ( #38, #35, #37, #55 ) ) ;
#91 = ORIENTED_EDGE ( 'NONE', *, *, #2091, .T. ) ;
#92 = EDGE_LOOP ( 'NONE', ( #444, #451, #389, #432 ) ) ;
#93 = EDGE_LOOP ( 'NONE', ( #372, #401, #385 ) ) ;
#94 = ORIENTED_EDGE ( 'NONE', *, *, #14, .F. ) ;
#95 = EDGE_LOOP ( 'NONE', ( #341, #344, #356, #338 ) ) ;
#96 = EDGE_LOOP ( 'NONE', ( #333, #362 ) ) ;
#97 = EDGE_LOOP ( 'NONE', ( #402, #436, #430, #434 ) ) ;
#98 = EDGE_LOOP ( 'NONE', ( #374, #403, #458, #379 ) ) ;
#99 = EDGE_LOOP ( 'NONE', ( #476, #491, #410 ) ) ;
#100 = ORIENTED_EDGE ( 'NONE', *, *, #5, .F. ) ;
#101 = EDGE_LOOP ( 'NONE', ( #294, #281, #252, #307 ) ) ;
#102 = EDGE_LOOP ( 'NONE', ( #453, #381 ) ) ;
#103 = EDGE_LOOP ( 'NONE', ( #488, #440, #429 ) ) ;
#104 = ORIENTED_EDGE ( 'NONE', *, *, #24, .F. ) ;
#105 = CLOSED_SHELL ( 'NONE', ( #1903, #1900, #1865, #1890, #1873, #1869, #1863, #1889, #1861, #1866, #1892, #1897, #1902, #1870, #1896, #1893, #1871, #1878, #1884, #1859, #1898, #1888, #1864, #1882, #1879, #1885, #1899, #1867, #1881, #1875, #1901, #1887, #1915, #1877, #1920, #1922, #1923, #1914, #1911, #1925, #1894, #1895, #1919, #1912, #1905, #1908, #1906, #1907, #1916, #1910, #1921, #1924, #1918, #1926, #1909, #1904, #1917, #1913 ) ) ;
#106 = ORIENTED_EDGE ( 'NONE', *, *, #2102, .F. ) ;
#107 = EDGE_LOOP ( 'NONE', ( #316, #324 ) ) ;
#108 = EDGE_LOOP ( 'NONE', ( #471, #487, #424, #480 ) ) ;
#109 = EDGE_LOOP ( 'NONE', ( #425, #482 ) ) ;
#110 = EDGE_LOOP ( 'NONE', ( #467, #479, #447 ) ) ;
#111 = EDGE_LOOP ( 'NONE', ( #414, #455 ) ) ;
#112 = EDGE_LOOP ( 'NONE', ( #144, #146 ) ) ;
#113 = EDGE_LOOP ( 'NONE', ( #477, #484, #454, #478 ) ) ;
#114 = VECTOR ( 'NONE', #1588, 1000.000000000000000 ) ;
#115 = CIRCLE ( 'NONE', #1986, 3.000000000000000000 ) ;
#116 = EDGE_LOOP ( 'NONE', ( #390, #400, #469, #463 ) ) ;
#117 = CIRCLE ( 'NONE', #1988, 1.790368882867834800 ) ;
#118 = ORIENTED_EDGE ( 'NONE', *, *, #2010, .F. ) ;
#119 = EDGE_LOOP ( 'NONE', ( #147, #137, #148, #100 ) ) ;
#120 = EDGE_LOOP ( 'NONE', ( #411, #413 ) ) ;
#121 = EDGE_LOOP ( 'NONE', ( #398, #404 ) ) ;
#122 = EDGE_LOOP ( 'NONE', ( #450, #406 ) ) ;
#123 = EDGE_LOOP ( 'NONE', ( #420, #465, #428, #472 ) ) ;
#124 = EDGE_LOOP ( 'NONE', ( #431, #34 ) ) ;
#125 = EDGE_LOOP ( 'NONE', ( #423, #416 ) ) ;
#126 = EDGE_LOOP ( 'NONE', ( #40, #104, #145, #143 ) ) ;
#127 = EDGE_LOOP ( 'NONE', ( #475, #461, #489, #485 ) ) ;
#128 = EDGE_LOOP ( 'NONE', ( #311, #371, #322, #313 ) ) ;
#129 = EDGE_LOOP ( 'NONE', ( #106, #94, #91, #118 ) ) ;
#130 = EDGE_LOOP ( 'NONE', ( #419, #483 ) ) ;
#131 = EDGE_LOOP ( 'NONE', ( #32, #490 ) ) ;
#132 = EDGE_LOOP ( 'NONE', ( #457, #376, #437, #387 ) ) ;
#133 = EDGE_LOOP ( 'NONE', ( #468, #446, #426, #466 ) ) ;
#134 = EDGE_LOOP ( 'NONE', ( #486, #492, #33, #456 ) ) ;
#135 = EDGE_LOOP ( 'NONE', ( #474, #494, #422, #464 ) ) ;
#136 = EDGE_LOOP ( 'NONE', ( #481, #417, #470, #442 ) ) ;
#137 = ORIENTED_EDGE ( 'NONE', *, *, #2156, .F. ) ;
#138 = EDGE_LOOP ( 'NONE', ( #405, #452, #443, #397 ) ) ;
#139 = EDGE_LOOP ( 'NONE', ( #462, #421, #409, #445 ) ) ;
#140 = EDGE_LOOP ( 'NONE', ( #396, #392, #384, #382 ) ) ;
#141 = EDGE_LOOP ( 'NONE', ( #459, #448, #354, #435 ) ) ;
#142 = EDGE_LOOP ( 'NONE', ( #415, #493, #439, #473 ) ) ;
#143 = ORIENTED_EDGE ( 'NONE', *, *, #9, .T. ) ;
#144 = ORIENTED_EDGE ( 'NONE', *, *, #24, .T. ) ;
#145 = ORIENTED_EDGE ( 'NONE', *, *, #2111, .T. ) ;
#146 = ORIENTED_EDGE ( 'NONE', *, *, #2108, .T. ) ;
#147 = ORIENTED_EDGE ( 'NONE', *, *, #2085, .F. ) ;
#148 = ORIENTED_EDGE ( 'NONE', *, *, #2079, .T. ) ;
#149 = CIRCLE ( 'NONE', #1981, 3.000000000000000000 ) ;
#150 = CIRCLE ( 'NONE', #2001, 1.790368882867841900 ) ;
#151 = CIRCLE ( 'NONE', #1982, 13.00000000000001100 ) ;
#152 = CIRCLE ( 'NONE', #1994, 3.000000000000002700 ) ;
#153 = CIRCLE ( 'NONE', #1980, 2.000000000000001800 ) ;
#154 = LINE ( 'NONE', #1593, #114 ) ;
#155 = VERTEX_POINT ( 'NONE', #1649 ) ;
#156 = VERTEX_POINT ( 'NONE', #1650 ) ;
#157 = VERTEX_POINT ( 'NONE', #1660 ) ;
#158 = VERTEX_POINT ( 'NONE', #1661 ) ;
#159 = VERTEX_POINT ( 'NONE', #1626 ) ;
#160 = VERTEX_POINT ( 'NONE', #1627 ) ;
#161 = VERTEX_POINT ( 'NONE', #1631 ) ;
#162 = VERTEX_POINT ( 'NONE', #1657 ) ;
#163 = VERTEX_POINT ( 'NONE', #1659 ) ;
#164 = VERTEX_POINT ( 'NONE', #1629 ) ;
#165 = VERTEX_POINT ( 'NONE', #1640 ) ;
#166 = VERTEX_POINT ( 'NONE', #1662 ) ;
#167 = CLOSED_SHELL ( 'NONE', ( #1874, #1876, #1860, #1880, #1862, #1891, #1868, #1872, #1886, #1883 ) ) ;
#168 = VERTEX_POINT ( 'NONE', #1638 ) ;
#169 = VERTEX_POINT ( 'NONE', #1641 ) ;
#170 = VERTEX_POINT ( 'NONE', #1663 ) ;
#171 = VERTEX_POINT ( 'NONE', #1664 ) ;
#172 = VERTEX_POINT ( 'NONE', #1686 ) ;
#173 = VERTEX_POINT ( 'NONE', #1711 ) ;
#174 = VERTEX_POINT ( 'NONE', #1684 ) ;
#175 = VERTEX_POINT ( 'NONE', #1682 ) ;
#176 = VERTEX_POINT ( 'NONE', #1705 ) ;
#177 = VERTEX_POINT ( 'NONE', #1687 ) ;
#178 = VERTEX_POINT ( 'NONE', #1710 ) ;
#179 = VERTEX_POINT ( 'NONE', #1709 ) ;
#180 = VERTEX_POINT ( 'NONE', #1683 ) ;
#181 = VERTEX_POINT ( 'NONE', #1712 ) ;
#182 = VERTEX_POINT ( 'NONE', #1681 ) ;
#183 = VERTEX_POINT ( 'NONE', #1679 ) ;
#184 = VERTEX_POINT ( 'NONE', #1676 ) ;
#185 = VERTEX_POINT ( 'NONE', #1678 ) ;
#186 = VERTEX_POINT ( 'NONE', #1699 ) ;
#187 = VERTEX_POINT ( 'NONE', #1706 ) ;
#188 = VERTEX_POINT ( 'NONE', #1688 ) ;
#189 = VERTEX_POINT ( 'NONE', #1689 ) ;
#190 = VERTEX_POINT ( 'NONE', #1702 ) ;
#191 = VERTEX_POINT ( 'NONE', #1707 ) ;
#192 = VERTEX_POINT ( 'NONE', #1704 ) ;
#193 = VERTEX_POINT ( 'NONE', #1680 ) ;
#194 = VERTEX_POINT ( 'NONE', #1695 ) ;
#195 = VERTEX_POINT ( 'NONE', #1708 ) ;
#196 = VERTEX_POINT ( 'NONE', #1713 ) ;
#197 = VERTEX_POINT ( 'NONE', #1694 ) ;
#198 = VERTEX_POINT ( 'NONE', #1672 ) ;
#199 = VERTEX_POINT ( 'NONE', #1673 ) ;
#200 = VERTEX_POINT ( 'NONE', #1685 ) ;
#201 = VERTEX_POINT ( 'NONE', #1674 ) ;
#202 = VERTEX_POINT ( 'NONE', #1697 ) ;
#203 = VERTEX_POINT ( 'NONE', #1675 ) ;
#204 = VERTEX_POINT ( 'NONE', #1677 ) ;
#205 = VERTEX_POINT ( 'NONE', #1690 ) ;
#206 = VERTEX_POINT ( 'NONE', #1691 ) ;
#207 = VERTEX_POINT ( 'NONE', #1692 ) ;
#208 = VERTEX_POINT ( 'NONE', #1693 ) ;
#209 = VERTEX_POINT ( 'NONE', #1696 ) ;
#210 = VERTEX_POINT ( 'NONE', #1698 ) ;
#211 = VERTEX_POINT ( 'NONE', #1700 ) ;
#212 = VERTEX_POINT ( 'NONE', #1701 ) ;
#213 = VERTEX_POINT ( 'NONE', #1703 ) ;
#214 = VERTEX_POINT ( 'NONE', #1084 ) ;
#215 = VERTEX_POINT ( 'NONE', #1116 ) ;
#216 = VERTEX_POINT ( 'NONE', #1125 ) ;
#217 = VERTEX_POINT ( 'NONE', #1095 ) ;
#218 = VERTEX_POINT ( 'NONE', #1126 ) ;
#219 = VERTEX_POINT ( 'NONE', #1105 ) ;
#220 = VERTEX_POINT ( 'NONE', #1122 ) ;
#221 = VERTEX_POINT ( 'NONE', #1091 ) ;
#222 = VERTEX_POINT ( 'NONE', #1123 ) ;
#223 = VERTEX_POINT ( 'NONE', #1082 ) ;
#224 = VERTEX_POINT ( 'NONE', #1090 ) ;
#225 = ORIENTED_EDGE ( 'NONE', *, *, #2095, .F. ) ;
#226 = ORIENTED_EDGE ( 'NONE', *, *, #2125, .T. ) ;
#227 = VERTEX_POINT ( 'NONE', #1086 ) ;
#228 = VERTEX_POINT ( 'NONE', #1088 ) ;
#229 = VERTEX_POINT ( 'NONE', #1111 ) ;
#230 = VERTEX_POINT ( 'NONE', #1102 ) ;
#231 = VERTEX_POINT ( 'NONE', #1099 ) ;
#232 = VERTEX_POINT ( 'NONE', #1087 ) ;
#233 = VERTEX_POINT ( 'NONE', #1124 ) ;
#234 = VERTEX_POINT ( 'NONE', #1121 ) ;
#235 = VERTEX_POINT ( 'NONE', #1106 ) ;
#236 = VERTEX_POINT ( 'NONE', #1083 ) ;
#237 = VERTEX_POINT ( 'NONE', #1092 ) ;
#238 = VERTEX_POINT ( 'NONE', #1085 ) ;
#239 = VERTEX_POINT ( 'NONE', #1103 ) ;
#240 = VERTEX_POINT ( 'NONE', #1098 ) ;
#241 = VERTEX_POINT ( 'NONE', #1110 ) ;
#242 = VERTEX_POINT ( 'NONE', #1089 ) ;
#243 = VERTEX_POINT ( 'NONE', #1117 ) ;
#244 = ORIENTED_EDGE ( 'NONE', *, *, #2117, .F. ) ;
#245 = ORIENTED_EDGE ( 'NONE', *, *, #2084, .F. ) ;
#246 = ORIENTED_EDGE ( 'NONE', *, *, #2104, .F. ) ;
#247 = ORIENTED_EDGE ( 'NONE', *, *, #2132, .F. ) ;
#248 = ORIENTED_EDGE ( 'NONE', *, *, #2105, .F. ) ;
#249 = ORIENTED_EDGE ( 'NONE', *, *, #2141, .F. ) ;
#250 = ORIENTED_EDGE ( 'NONE', *, *, #2088, .F. ) ;
#251 = ORIENTED_EDGE ( 'NONE', *, *, #2090, .F. ) ;
#252 = ORIENTED_EDGE ( 'NONE', *, *, #2134, .T. ) ;
#253 = ORIENTED_EDGE ( 'NONE', *, *, #2082, .F. ) ;
#254 = ORIENTED_EDGE ( 'NONE', *, *, #2099, .F. ) ;
#255 = ORIENTED_EDGE ( 'NONE', *, *, #2082, .T. ) ;
#256 = ORIENTED_EDGE ( 'NONE', *, *, #2124, .T. ) ;
#257 = ORIENTED_EDGE ( 'NONE', *, *, #2111, .F. ) ;
#258 = ORIENTED_EDGE ( 'NONE', *, *, #2088, .T. ) ;
#259 = ORIENTED_EDGE ( 'NONE', *, *, #2106, .T. ) ;
#260 = ORIENTED_EDGE ( 'NONE', *, *, #21, .T. ) ;
#261 = ORIENTED_EDGE ( 'NONE', *, *, #2144, .F. ) ;
#262 = ORIENTED_EDGE ( 'NONE', *, *, #2078, .F. ) ;
#263 = ORIENTED_EDGE ( 'NONE', *, *, #2150, .F. ) ;
#264 = ORIENTED_EDGE ( 'NONE', *, *, #2154, .T. ) ;
#265 = ORIENTED_EDGE ( 'NONE', *, *, #2096, .F. ) ;
#266 = ORIENTED_EDGE ( 'NONE', *, *, #2112, .T. ) ;
#267 = ORIENTED_EDGE ( 'NONE', *, *, #2121, .F. ) ;
#268 = ORIENTED_EDGE ( 'NONE', *, *, #2133, .T. ) ;
#269 = ORIENTED_EDGE ( 'NONE', *, *, #2090, .T. ) ;
#270 = ORIENTED_EDGE ( 'NONE', *, *, #1, .F. ) ;
#271 = ORIENTED_EDGE ( 'NONE', *, *, #2089, .F. ) ;
#272 = ORIENTED_EDGE ( 'NONE', *, *, #2084, .T. ) ;
#273 = ORIENTED_EDGE ( 'NONE', *, *, #2091, .F. ) ;
#274 = ORIENTED_EDGE ( 'NONE', *, *, #2108, .F. ) ;
#275 = ORIENTED_EDGE ( 'NONE', *, *, #2113, .F. ) ;
#276 = ORIENTED_EDGE ( 'NONE', *, *, #2123, .T. ) ;
#277 = ORIENTED_EDGE ( 'NONE', *, *, #2086, .F. ) ;
#278 = ORIENTED_EDGE ( 'NONE', *, *, #2095, .T. ) ;
#279 = ORIENTED_EDGE ( 'NONE', *, *, #2142, .F. ) ;
#280 = ORIENTED_EDGE ( 'NONE', *, *, #2081, .T. ) ;
#281 = ORIENTED_EDGE ( 'NONE', *, *, #2129, .T. ) ;
#282 = ORIENTED_EDGE ( 'NONE', *, *, #2076, .F. ) ;
#283 = ORIENTED_EDGE ( 'NONE', *, *, #2119, .T. ) ;
#284 = ORIENTED_EDGE ( 'NONE', *, *, #2077, .T. ) ;
#285 = ORIENTED_EDGE ( 'NONE', *, *, #2122, .T. ) ;
#286 = ORIENTED_EDGE ( 'NONE', *, *, #2097, .F. ) ;
#287 = ORIENTED_EDGE ( 'NONE', *, *, #2085, .T. ) ;
#288 = ORIENTED_EDGE ( 'NONE', *, *, #808, .T. ) ;
#289 = ORIENTED_EDGE ( 'NONE', *, *, #28, .T. ) ;
#290 = ORIENTED_EDGE ( 'NONE', *, *, #1985, .F. ) ;
#291 = ORIENTED_EDGE ( 'NONE', *, *, #2102, .T. ) ;
#292 = ORIENTED_EDGE ( 'NONE', *, *, #2079, .F. ) ;
#293 = ORIENTED_EDGE ( 'NONE', *, *, #2080, .T. ) ;
#294 = ORIENTED_EDGE ( 'NONE', *, *, #8, .F. ) ;
#295 = ORIENTED_EDGE ( 'NONE', *, *, #2140, .T. ) ;
#296 = ORIENTED_EDGE ( 'NONE', *, *, #2101, .T. ) ;
#297 = ORIENTED_EDGE ( 'NONE', *, *, #2148, .F. ) ;
#298 = ORIENTED_EDGE ( 'NONE', *, *, #2143, .F. ) ;
#299 = ORIENTED_EDGE ( 'NONE', *, *, #2107, .F. ) ;
#300 = ORIENTED_EDGE ( 'NONE', *, *, #2130, .F. ) ;
#301 = ORIENTED_EDGE ( 'NONE', *, *, #2109, .T. ) ;
#302 = ORIENTED_EDGE ( 'NONE', *, *, #2149, .T. ) ;
#303 = ORIENTED_EDGE ( 'NONE', *, *, #2083, .F. ) ;
#304 = ORIENTED_EDGE ( 'NONE', *, *, #2092, .T. ) ;
#305 = ORIENTED_EDGE ( 'NONE', *, *, #20, .F. ) ;
#306 = ORIENTED_EDGE ( 'NONE', *, *, #2118, .F. ) ;
#307 = ORIENTED_EDGE ( 'NONE', *, *, #2114, .F. ) ;
#308 = ORIENTED_EDGE ( 'NONE', *, *, #2149, .F. ) ;
#309 = ORIENTED_EDGE ( 'NONE', *, *, #2123, .F. ) ;
#310 = ORIENTED_EDGE ( 'NONE', *, *, #2120, .T. ) ;
#311 = ORIENTED_EDGE ( 'NONE', *, *, #2139, .T. ) ;
#312 = ORIENTED_EDGE ( 'NONE', *, *, #2127, .F. ) ;
#313 = ORIENTED_EDGE ( 'NONE', *, *, #25, .F. ) ;
#314 = ORIENTED_EDGE ( 'NONE', *, *, #2175, .T. ) ;
#315 = ORIENTED_EDGE ( 'NONE', *, *, #31, .T. ) ;
#316 = ORIENTED_EDGE ( 'NONE', *, *, #1976, .F. ) ;
#317 = ORIENTED_EDGE ( 'NONE', *, *, #2094, .T. ) ;
#318 = ORIENTED_EDGE ( 'NONE', *, *, #2151, .F. ) ;
#319 = ORIENTED_EDGE ( 'NONE', *, *, #2110, .T. ) ;
#320 = ORIENTED_EDGE ( 'NONE', *, *, #2128, .T. ) ;
#321 = ORIENTED_EDGE ( 'NONE', *, *, #2097, .T. ) ;
#322 = ORIENTED_EDGE ( 'NONE', *, *, #2076, .T. ) ;
#323 = ORIENTED_EDGE ( 'NONE', *, *, #29, .T. ) ;
#324 = ORIENTED_EDGE ( 'NONE', *, *, #808, .F. ) ;
#325 = ORIENTED_EDGE ( 'NONE', *, *, #2116, .F. ) ;
#326 = ORIENTED_EDGE ( 'NONE', *, *, #2152, .T. ) ;
#327 = ORIENTED_EDGE ( 'NONE', *, *, #2126, .T. ) ;
#328 = ORIENTED_EDGE ( 'NONE', *, *, #2093, .T. ) ;
#329 = ORIENTED_EDGE ( 'NONE', *, *, #2147, .F. ) ;
#330 = ORIENTED_EDGE ( 'NONE', *, *, #2164, .T. ) ;
#331 = ORIENTED_EDGE ( 'NONE', *, *, #2098, .F. ) ;
#332 = ORIENTED_EDGE ( 'NONE', *, *, #2145, .F. ) ;
#333 = ORIENTED_EDGE ( 'NONE', *, *, #1974, .F. ) ;
#334 = ORIENTED_EDGE ( 'NONE', *, *, #2101, .F. ) ;
#335 = ORIENTED_EDGE ( 'NONE', *, *, #2127, .T. ) ;
#336 = ORIENTED_EDGE ( 'NONE', *, *, #2136, .F. ) ;
#337 = ORIENTED_EDGE ( 'NONE', *, *, #2158, .F. ) ;
#338 = ORIENTED_EDGE ( 'NONE', *, *, #2100, .F. ) ;
#339 = ORIENTED_EDGE ( 'NONE', *, *, #2146, .F. ) ;
#340 = ORIENTED_EDGE ( 'NONE', *, *, #2160, .F. ) ;
#341 = ORIENTED_EDGE ( 'NONE', *, *, #2137, .F. ) ;
#342 = ORIENTED_EDGE ( 'NONE', *, *, #2121, .T. ) ;
#343 = ORIENTED_EDGE ( 'NONE', *, *, #4, .T. ) ;
#344 = ORIENTED_EDGE ( 'NONE', *, *, #30, .T. ) ;
#345 = ORIENTED_EDGE ( 'NONE', *, *, #2138, .T. ) ;
#346 = ORIENTED_EDGE ( 'NONE', *, *, #2109, .F. ) ;
#347 = ORIENTED_EDGE ( 'NONE', *, *, #2103, .F. ) ;
#348 = ORIENTED_EDGE ( 'NONE', *, *, #26, .T. ) ;
#349 = ORIENTED_EDGE ( 'NONE', *, *, #9, .F. ) ;
#350 = ORIENTED_EDGE ( 'NONE', *, *, #2147, .T. ) ;
#351 = ORIENTED_EDGE ( 'NONE', *, *, #13, .T. ) ;
#352 = ORIENTED_EDGE ( 'NONE', *, *, #2153, .T. ) ;
#353 = ORIENTED_EDGE ( 'NONE', *, *, #2173, .T. ) ;
#354 = ORIENTED_EDGE ( 'NONE', *, *, #6, .F. ) ;
#355 = ORIENTED_EDGE ( 'NONE', *, *, #7, .F. ) ;
#356 = ORIENTED_EDGE ( 'NONE', *, *, #2083, .T. ) ;
#357 = ORIENTED_EDGE ( 'NONE', *, *, #2165, .F. ) ;
#358 = ORIENTED_EDGE ( 'NONE', *, *, #2120, .F. ) ;
#359 = ORIENTED_EDGE ( 'NONE', *, *, #789, .F. ) ;
#360 = ORIENTED_EDGE ( 'NONE', *, *, #14, .T. ) ;
#361 = ORIENTED_EDGE ( 'NONE', *, *, #2115, .F. ) ;
#362 = ORIENTED_EDGE ( 'NONE', *, *, #2134, .F. ) ;
#363 = ORIENTED_EDGE ( 'NONE', *, *, #2169, .T. ) ;
#364 = ORIENTED_EDGE ( 'NONE', *, *, #21, .F. ) ;
#365 = ORIENTED_EDGE ( 'NONE', *, *, #11, .F. ) ;
#366 = ORIENTED_EDGE ( 'NONE', *, *, #2131, .F. ) ;
#367 = ORIENTED_EDGE ( 'NONE', *, *, #2163, .T. ) ;
#368 = ORIENTED_EDGE ( 'NONE', *, *, #27, .F. ) ;
#369 = ORIENTED_EDGE ( 'NONE', *, *, #2135, .F. ) ;
#370 = ORIENTED_EDGE ( 'NONE', *, *, #2140, .F. ) ;
#371 = ORIENTED_EDGE ( 'NONE', *, *, #7, .T. ) ;
#372 = ORIENTED_EDGE ( 'NONE', *, *, #2155, .T. ) ;
#373 = ORIENTED_EDGE ( 'NONE', *, *, #2171, .T. ) ;
#374 = ORIENTED_EDGE ( 'NONE', *, *, #2103, .T. ) ;
#375 = ORIENTED_EDGE ( 'NONE', *, *, #2131, .T. ) ;
#376 = ORIENTED_EDGE ( 'NONE', *, *, #2159, .F. ) ;
#377 = ORIENTED_EDGE ( 'NONE', *, *, #30, .F. ) ;
#378 = ORIENTED_EDGE ( 'NONE', *, *, #2175, .F. ) ;
#379 = ORIENTED_EDGE ( 'NONE', *, *, #2165, .T. ) ;
#380 = ORIENTED_EDGE ( 'NONE', *, *, #2150, .T. ) ;
#381 = ORIENTED_EDGE ( 'NONE', *, *, #2135, .T. ) ;
#382 = ORIENTED_EDGE ( 'NONE', *, *, #17, .T. ) ;
#383 = ORIENTED_EDGE ( 'NONE', *, *, #2010, .T. ) ;
#384 = ORIENTED_EDGE ( 'NONE', *, *, #19, .T. ) ;
#385 = ORIENTED_EDGE ( 'NONE', *, *, #15, .F. ) ;
#386 = ORIENTED_EDGE ( 'NONE', *, *, #2007, .T. ) ;
#387 = ORIENTED_EDGE ( 'NONE', *, *, #2007, .F. ) ;
#388 = ORIENTED_EDGE ( 'NONE', *, *, #5, .T. ) ;
#389 = ORIENTED_EDGE ( 'NONE', *, *, #2146, .T. ) ;
#390 = ORIENTED_EDGE ( 'NONE', *, *, #15, .T. ) ;
#391 = ORIENTED_EDGE ( 'NONE', *, *, #2156, .T. ) ;
#392 = ORIENTED_EDGE ( 'NONE', *, *, #2174, .T. ) ;
#393 = ORIENTED_EDGE ( 'NONE', *, *, #16, .T. ) ;
#394 = ORIENTED_EDGE ( 'NONE', *, *, #25, .T. ) ;
#395 = ORIENTED_EDGE ( 'NONE', *, *, #22, .T. ) ;
#396 = ORIENTED_EDGE ( 'NONE', *, *, #2151, .T. ) ;
#397 = ORIENTED_EDGE ( 'NONE', *, *, #2137, .T. ) ;
#398 = ORIENTED_EDGE ( 'NONE', *, *, #821, .F. ) ;
#399 = ORIENTED_EDGE ( 'NONE', *, *, #3, .T. ) ;
#400 = ORIENTED_EDGE ( 'NONE', *, *, #19, .F. ) ;
#401 = ORIENTED_EDGE ( 'NONE', *, *, #6, .T. ) ;
#402 = ORIENTED_EDGE ( 'NONE', *, *, #2163, .F. ) ;
#403 = ORIENTED_EDGE ( 'NONE', *, *, #2167, .T. ) ;
#404 = ORIENTED_EDGE ( 'NONE', *, *, #31, .F. ) ;
#405 = ORIENTED_EDGE ( 'NONE', *, *, #2153, .F. ) ;
#406 = ORIENTED_EDGE ( 'NONE', *, *, #29, .F. ) ;
#407 = ORIENTED_EDGE ( 'NONE', *, *, #26, .F. ) ;
#408 = ORIENTED_EDGE ( 'NONE', *, *, #2152, .F. ) ;
#409 = ORIENTED_EDGE ( 'NONE', *, *, #2114, .T. ) ;
#410 = ORIENTED_EDGE ( 'NONE', *, *, #10, .T. ) ;
#411 = ORIENTED_EDGE ( 'NONE', *, *, #2157, .T. ) ;
#412 = ORIENTED_EDGE ( 'NONE', *, *, #2100, .T. ) ;
#413 = ORIENTED_EDGE ( 'NONE', *, *, #2105, .T. ) ;
#414 = ORIENTED_EDGE ( 'NONE', *, *, #2166, .T. ) ;
#415 = ORIENTED_EDGE ( 'NONE', *, *, #2154, .F. ) ;
#416 = ORIENTED_EDGE ( 'NONE', *, *, #2104, .T. ) ;
#417 = ORIENTED_EDGE ( 'NONE', *, *, #2126, .F. ) ;
#418 = ORIENTED_EDGE ( 'NONE', *, *, #789, .T. ) ;
#419 = ORIENTED_EDGE ( 'NONE', *, *, #1997, .T. ) ;
#420 = ORIENTED_EDGE ( 'NONE', *, *, #4, .F. ) ;
#421 = ORIENTED_EDGE ( 'NONE', *, *, #1997, .F. ) ;
#422 = ORIENTED_EDGE ( 'NONE', *, *, #2107, .T. ) ;
#423 = ORIENTED_EDGE ( 'NONE', *, *, #2170, .T. ) ;
#424 = ORIENTED_EDGE ( 'NONE', *, *, #2141, .T. ) ;
#425 = ORIENTED_EDGE ( 'NONE', *, *, #1984, .T. ) ;
#426 = ORIENTED_EDGE ( 'NONE', *, *, #2, .T. ) ;
#427 = ORIENTED_EDGE ( 'NONE', *, *, #12, .T. ) ;
#428 = ORIENTED_EDGE ( 'NONE', *, *, #2022, .F. ) ;
#429 = ORIENTED_EDGE ( 'NONE', *, *, #2, .F. ) ;
#430 = ORIENTED_EDGE ( 'NONE', *, *, #2115, .T. ) ;
#431 = ORIENTED_EDGE ( 'NONE', *, *, #23, .T. ) ;
#432 = ORIENTED_EDGE ( 'NONE', *, *, #2139, .F. ) ;
#433 = ORIENTED_EDGE ( 'NONE', *, *, #821, .T. ) ;
#434 = ORIENTED_EDGE ( 'NONE', *, *, #2172, .T. ) ;
#435 = ORIENTED_EDGE ( 'NONE', *, *, #2167, .F. ) ;
#436 = ORIENTED_EDGE ( 'NONE', *, *, #2164, .F. ) ;
#437 = ORIENTED_EDGE ( 'NONE', *, *, #2155, .F. ) ;
#438 = ORIENTED_EDGE ( 'NONE', *, *, #2169, .F. ) ;
#439 = ORIENTED_EDGE ( 'NONE', *, *, #2099, .T. ) ;
#440 = ORIENTED_EDGE ( 'NONE', *, *, #2162, .T. ) ;
#441 = ORIENTED_EDGE ( 'NONE', *, *, #3, .F. ) ;
#442 = ORIENTED_EDGE ( 'NONE', *, *, #1985, .T. ) ;
#443 = ORIENTED_EDGE ( 'NONE', *, *, #2136, .T. ) ;
#444 = ORIENTED_EDGE ( 'NONE', *, *, #2128, .F. ) ;
#445 = ORIENTED_EDGE ( 'NONE', *, *, #1974, .T. ) ;
#446 = ORIENTED_EDGE ( 'NONE', *, *, #22, .F. ) ;
#447 = ORIENTED_EDGE ( 'NONE', *, *, #28, .F. ) ;
#448 = ORIENTED_EDGE ( 'NONE', *, *, #17, .F. ) ;
#449 = ORIENTED_EDGE ( 'NONE', *, *, #2078, .T. ) ;
#450 = ORIENTED_EDGE ( 'NONE', *, *, #2172, .F. ) ;
#451 = ORIENTED_EDGE ( 'NONE', *, *, #2161, .F. ) ;
#452 = ORIENTED_EDGE ( 'NONE', *, *, #2173, .F. ) ;
#453 = ORIENTED_EDGE ( 'NONE', *, *, #2161, .T. ) ;
#454 = ORIENTED_EDGE ( 'NONE', *, *, #2143, .T. ) ;
#455 = ORIENTED_EDGE ( 'NONE', *, *, #20, .T. ) ;
#456 = ORIENTED_EDGE ( 'NONE', *, *, #2145, .T. ) ;
#457 = ORIENTED_EDGE ( 'NONE', *, *, #13, .F. ) ;
#458 = ORIENTED_EDGE ( 'NONE', *, *, #2159, .T. ) ;
#459 = ORIENTED_EDGE ( 'NONE', *, *, #2110, .F. ) ;
#460 = ORIENTED_EDGE ( 'NONE', *, *, #2138, .F. ) ;
#461 = ORIENTED_EDGE ( 'NONE', *, *, #2168, .F. ) ;
#462 = ORIENTED_EDGE ( 'NONE', *, *, #2129, .F. ) ;
#463 = ORIENTED_EDGE ( 'NONE', *, *, #16, .F. ) ;
#464 = ORIENTED_EDGE ( 'NONE', *, *, #2160, .T. ) ;
#465 = ORIENTED_EDGE ( 'NONE', *, *, #12, .F. ) ;
#466 = ORIENTED_EDGE ( 'NONE', *, *, #2174, .F. ) ;
#467 = ORIENTED_EDGE ( 'NONE', *, *, #2094, .F. ) ;
#468 = ORIENTED_EDGE ( 'NONE', *, *, #2093, .F. ) ;
#469 = ORIENTED_EDGE ( 'NONE', *, *, #2162, .F. ) ;
#470 = ORIENTED_EDGE ( 'NONE', *, *, #10, .F. ) ;
#471 = ORIENTED_EDGE ( 'NONE', *, *, #2092, .F. ) ;
#472 = ORIENTED_EDGE ( 'NONE', *, *, #2171, .F. ) ;
#473 = ORIENTED_EDGE ( 'NONE', *, *, #11, .T. ) ;
#474 = ORIENTED_EDGE ( 'NONE', *, *, #2112, .F. ) ;
#475 = ORIENTED_EDGE ( 'NONE', *, *, #2122, .F. ) ;
#476 = ORIENTED_EDGE ( 'NONE', *, *, #2116, .T. ) ;
#477 = ORIENTED_EDGE ( 'NONE', *, *, #2133, .F. ) ;
#478 = ORIENTED_EDGE ( 'NONE', *, *, #2158, .T. ) ;
#479 = ORIENTED_EDGE ( 'NONE', *, *, #18, .F. ) ;
#480 = ORIENTED_EDGE ( 'NONE', *, *, #1976, .T. ) ;
#481 = ORIENTED_EDGE ( 'NONE', *, *, #18, .T. ) ;
#482 = ORIENTED_EDGE ( 'NONE', *, *, #2132, .T. ) ;
#483 = ORIENTED_EDGE ( 'NONE', *, *, #8, .T. ) ;
#484 = ORIENTED_EDGE ( 'NONE', *, *, #1984, .F. ) ;
#485 = ORIENTED_EDGE ( 'NONE', *, *, #2098, .T. ) ;
#486 = ORIENTED_EDGE ( 'NONE', *, *, #2124, .F. ) ;
#487 = ORIENTED_EDGE ( 'NONE', *, *, #2166, .F. ) ;
#488 = ORIENTED_EDGE ( 'NONE', *, *, #2022, .T. ) ;
#489 = ORIENTED_EDGE ( 'NONE', *, *, #2142, .T. ) ;
#490 = ORIENTED_EDGE ( 'NONE', *, *, #2148, .T. ) ;
#491 = ORIENTED_EDGE ( 'NONE', *, *, #27, .T. ) ;
#492 = ORIENTED_EDGE ( 'NONE', *, *, #23, .F. ) ;
#493 = ORIENTED_EDGE ( 'NONE', *, *, #2170, .F. ) ;
#494 = ORIENTED_EDGE ( 'NONE', *, *, #2157, .F. ) ;
#495 = SHAPE_REPRESENTATION ( 'ALP2240', ( #576, #580, #578, #579 ), #575 ) ;
#496 = SHAPE_REPRESENTATION ( 'Poklopac', ( #555 ), #556 ) ;
#497 = SHAPE_REPRESENTATION ( '2D telo', ( #555 ), #554 ) ;
#498 = PRODUCT_DEFINITION_SHAPE ( 'NONE', 'NONE',  #1935 ) ;
#499 = DESIGN_CONTEXT ( 'detailed design', #1835, 'design' ) ;
#500 = PRODUCT_DEFINITION_SHAPE ( 'NONE', 'NONE',  #2176 ) ;
#501 = PRODUCT_DEFINITION_SHAPE ( 'NONE', 'NONE',  #582 ) ;
#502 = DESIGN_CONTEXT ( 'detailed design', #1819, 'design' ) ;
#503 = PRODUCT_DEFINITION_SHAPE ( 'NONE', 'NONE',  #2177 ) ;
#504 = PRODUCT_DEFINITION_SHAPE ( 'NONE', 'NONE',  #2178 ) ;
#505 = DESIGN_CONTEXT ( 'detailed design', #1812, 'design' ) ;
#506 = PRODUCT_DEFINITION_SHAPE ( 'NONE', 'NONE',  #591 ) ;
#507 =( BOUNDED_CURVE ( )  B_SPLINE_CURVE ( 3, ( #1519, #1508, #1510, #1529 ),
 .UNSPECIFIED., .F., .T. ) 
 B_SPLINE_CURVE_WITH_KNOTS ( ( 4, 4 ),
 ( 4.712388980384689700, 7.853981633974482800 ),
 .UNSPECIFIED. ) 
 CURVE ( )  GEOMETRIC_REPRESENTATION_ITEM ( )  RATIONAL_B_SPLINE_CURVE ( ( 1.000000000000000000, 0.3333333333333333700, 0.3333333333333333700, 1.000000000000000000 ) ) 
 REPRESENTATION_ITEM ( '' )  );
#508 =( BOUNDED_CURVE ( )  B_SPLINE_CURVE ( 3, ( #1489, #1466, #1485, #1477 ),
 .UNSPECIFIED., .F., .T. ) 
 B_SPLINE_CURVE_WITH_KNOTS ( ( 4, 4 ),
 ( 1.570796326794896600, 4.712388980384689700 ),
 .UNSPECIFIED. ) 
 CURVE ( )  GEOMETRIC_REPRESENTATION_ITEM ( )  RATIONAL_B_SPLINE_CURVE ( ( 1.000000000000000000, 0.3333333333333333700, 0.3333333333333333700, 1.000000000000000000 ) ) 
 REPRESENTATION_ITEM ( '' )  );
#509 = UNCERTAINTY_MEASURE_WITH_UNIT (LENGTH_MEASURE( 1.000000000000000100E-005 ), #1777, 'distance_accuracy_value', 'NONE');
#510 = UNCERTAINTY_MEASURE_WITH_UNIT (LENGTH_MEASURE( 1.000000000000000100E-005 ), #1774, 'distance_accuracy_value', 'NONE');
#511 =( BOUNDED_CURVE ( )  B_SPLINE_CURVE ( 3, ( #1497, #1523, #1511, #1492 ),
 .UNSPECIFIED., .F., .T. ) 
 B_SPLINE_CURVE_WITH_KNOTS ( ( 4, 4 ),
 ( 1.570796326794896600, 4.712388980384689700 ),
 .UNSPECIFIED. ) 
 CURVE ( )  GEOMETRIC_REPRESENTATION_ITEM ( )  RATIONAL_B_SPLINE_CURVE ( ( 1.000000000000000000, 0.3333333333333333700, 0.3333333333333333700, 1.000000000000000000 ) ) 
 REPRESENTATION_ITEM ( '' )  );
#512 = ADVANCED_BREP_SHAPE_REPRESENTATION ( '', ( #516, #555 ), #556 ) ;
#513 = UNCERTAINTY_MEASURE_WITH_UNIT (LENGTH_MEASURE( 1.000000000000000100E-005 ), #1755, 'distance_accuracy_value', 'NONE');
#514 = MANIFOLD_SOLID_BREP ( 'Chamfer2', #105 ) ;
#515 =( BOUNDED_CURVE ( )  B_SPLINE_CURVE ( 3, ( #1581, #1582, #1578, #1579 ),
 .UNSPECIFIED., .F., .T. ) 
 B_SPLINE_CURVE_WITH_KNOTS ( ( 4, 4 ),
 ( 4.712388980384689700, 7.853981633974482800 ),
 .UNSPECIFIED. ) 
 CURVE ( )  GEOMETRIC_REPRESENTATION_ITEM ( )  RATIONAL_B_SPLINE_CURVE ( ( 1.000000000000000000, 0.3333333333333333700, 0.3333333333333333700, 1.000000000000000000 ) ) 
 REPRESENTATION_ITEM ( '' )  );
#516 = MANIFOLD_SOLID_BREP ( 'Chamfer1', #167 ) ;
#517 = ADVANCED_BREP_SHAPE_REPRESENTATION ( '', ( #514, #555 ), #554 ) ;
#518 = PRODUCT ( 'ALP2240', 'ALP2240', '', ( #1781 ) ) ;
#519 = PERSON ( 'UNSPECIFIED', 'UNSPECIFIED', 'UNSPECIFIED', ('UNSPECIFIED'), ('UNSPECIFIED'), ('UNSPECIFIED') ) ;
#520 = PRODUCT ( 'Poklopac', 'Poklopac', '', ( #1796 ) ) ;
#521 = PRODUCT ( '2D telo', '2D telo', '', ( #1822 ) ) ;
#522 = PERSON ( 'NAUO-PER1', 'UNSPECIFIED', 'UNSPECIFIED', ('UNSPECIFIED'), ('UNSPECIFIED'), ('UNSPECIFIED') ) ;
#523 = PERSON ( 'NAUO-PER2', 'UNSPECIFIED', 'UNSPECIFIED', ('UNSPECIFIED'), ('UNSPECIFIED'), ('UNSPECIFIED') ) ;
#524 = PERSON ( 'NAUO-PER3', 'UNSPECIFIED', 'UNSPECIFIED', ('UNSPECIFIED'), ('UNSPECIFIED'), ('UNSPECIFIED') ) ;
#525 = AXIS2_PLACEMENT_3D ( 'NONE', #1407, #1387, #1417 ) ;
#526 = AXIS2_PLACEMENT_3D ( 'NONE', #1410, #1385, #1408 ) ;
#527 = AXIS2_PLACEMENT_3D ( 'NONE', #1449, #1455, #1437 ) ;
#528 = AXIS2_PLACEMENT_3D ( 'NONE', #1424, #1430, #1445 ) ;
#529 = AXIS2_PLACEMENT_3D ( 'NONE', #1474, #1467, #1473 ) ;
#530 = AXIS2_PLACEMENT_3D ( 'NONE', #1422, #1403, #1420 ) ;
#531 = AXIS2_PLACEMENT_3D ( 'NONE', #1464, #1488, #1484 ) ;
#532 = AXIS2_PLACEMENT_3D ( 'NONE', #1359, #1373, #1401 ) ;
#533 = AXIS2_PLACEMENT_3D ( 'NONE', #1479, #1491, #1486 ) ;
#534 = AXIS2_PLACEMENT_3D ( 'NONE', #1498, #1496, #1499 ) ;
#535 = AXIS2_PLACEMENT_3D ( 'NONE', #1419, #1414, #1390 ) ;
#536 = AXIS2_PLACEMENT_3D ( 'NONE', #1404, #1405, #1394 ) ;
#537 = AXIS2_PLACEMENT_3D ( 'NONE', #1429, #1457, #1435 ) ;
#538 = AXIS2_PLACEMENT_3D ( 'NONE', #1504, #1494, #1514 ) ;
#539 = AXIS2_PLACEMENT_3D ( 'NONE', #1525, #1507, #1516 ) ;
#540 = AXIS2_PLACEMENT_3D ( 'NONE', #1453, #1440, #1447 ) ;
#541 = AXIS2_PLACEMENT_3D ( 'NONE', #1351, #1357, #1370 ) ;
#542 = AXIS2_PLACEMENT_3D ( 'NONE', #1443, #1461, #1434 ) ;
#543 = AXIS2_PLACEMENT_3D ( 'NONE', #1400, #1406, #1415 ) ;
#544 = AXIS2_PLACEMENT_3D ( 'NONE', #1382, #1354, #1346 ) ;
#545 = AXIS2_PLACEMENT_3D ( 'NONE', #1350, #1356, #1353 ) ;
#546 = AXIS2_PLACEMENT_3D ( 'NONE', #1421, #1391, #1389 ) ;
#547 = AXIS2_PLACEMENT_3D ( 'NONE', #1398, #1383, #1395 ) ;
#548 = AXIS2_PLACEMENT_3D ( 'NONE', #1426, #1459, #1433 ) ;
#549 = AXIS2_PLACEMENT_3D ( 'NONE', #1556, #1558, #1560 ) ;
#550 = AXIS2_PLACEMENT_3D ( 'NONE', #1740, #1741, #1722 ) ;
#551 = AXIS2_PLACEMENT_3D ( 'NONE', #1571, #1572, #1576 ) ;
#552 = AXIS2_PLACEMENT_3D ( 'NONE', #1493, #1526, #1522 ) ;
#553 = AXIS2_PLACEMENT_3D ( 'NONE', #1725, #1748, #1749 ) ;
#554 =( GEOMETRIC_REPRESENTATION_CONTEXT ( 3 ) GLOBAL_UNCERTAINTY_ASSIGNED_CONTEXT ( ( #509 ) ) GLOBAL_UNIT_ASSIGNED_CONTEXT ( ( #1777, #1754, #1771 ) ) REPRESENTATION_CONTEXT ( 'NONE', 'WORKASPACE' ) );
#555 = AXIS2_PLACEMENT_3D ( 'NONE', #1772, #1757, #1778 ) ;
#556 =( GEOMETRIC_REPRESENTATION_CONTEXT ( 3 ) GLOBAL_UNCERTAINTY_ASSIGNED_CONTEXT ( ( #513 ) ) GLOBAL_UNIT_ASSIGNED_CONTEXT ( ( #1755, #1776, #1779 ) ) REPRESENTATION_CONTEXT ( 'NONE', 'WORKASPACE' ) );
#557 = AXIS2_PLACEMENT_3D ( 'NONE', #1566, #1567, #1569 ) ;
#558 = AXIS2_PLACEMENT_3D ( 'NONE', #1718, #1728, #1732 ) ;
#559 = AXIS2_PLACEMENT_3D ( 'NONE', #1517, #1527, #1506 ) ;
#560 = AXIS2_PLACEMENT_3D ( 'NONE', #1223, #1226, #1229 ) ;
#561 = AXIS2_PLACEMENT_3D ( 'NONE', #1715, #1727, #1730 ) ;
#562 = AXIS2_PLACEMENT_3D ( 'NONE', #1540, #1549, #1543 ) ;
#563 = AXIS2_PLACEMENT_3D ( 'NONE', #1538, #1535, #1539 ) ;
#564 = AXIS2_PLACEMENT_3D ( 'NONE', #1481, #1513, #1570 ) ;
#565 = AXIS2_PLACEMENT_3D ( 'NONE', #1717, #1723, #1726 ) ;
#566 = AXIS2_PLACEMENT_3D ( 'NONE', #1745, #1746, #1747 ) ;
#567 = AXIS2_PLACEMENT_3D ( 'NONE', #1720, #1721, #1737 ) ;
#568 = AXIS2_PLACEMENT_3D ( 'NONE', #1769, #1764, #1763 ) ;
#569 = AXIS2_PLACEMENT_3D ( 'NONE', #1521, #1518, #1528 ) ;
#570 = AXIS2_PLACEMENT_3D ( 'NONE', #1542, #1552, #1562 ) ;
#571 = AXIS2_PLACEMENT_3D ( 'NONE', #1533, #1554, #1541 ) ;
#572 = AXIS2_PLACEMENT_3D ( 'NONE', #1564, #1531, #1532 ) ;
#573 = AXIS2_PLACEMENT_3D ( 'NONE', #1751, #1744, #1742 ) ;
#574 = AXIS2_PLACEMENT_3D ( 'NONE', #1756, #1758, #1773 ) ;
#575 =( GEOMETRIC_REPRESENTATION_CONTEXT ( 3 ) GLOBAL_UNCERTAINTY_ASSIGNED_CONTEXT ( ( #510 ) ) GLOBAL_UNIT_ASSIGNED_CONTEXT ( ( #1774, #1801, #1833 ) ) REPRESENTATION_CONTEXT ( 'NONE', 'WORKASPACE' ) );
#576 = AXIS2_PLACEMENT_3D ( 'NONE', #1775, #1836, #1827 ) ;
#577 = CC_DESIGN_PERSON_AND_ORGANIZATION_ASSIGNMENT ( #704, #1805, ( #520 ) ) ;
#578 = AXIS2_PLACEMENT_3D ( 'NONE', #1761, #1768, #1762 ) ;
#579 = AXIS2_PLACEMENT_3D ( 'NONE', #1765, #1767, #1770 ) ;
#580 = AXIS2_PLACEMENT_3D ( 'NONE', #1759, #1760, #1766 ) ;
#581 = CC_DESIGN_APPROVAL ( #596, ( #582 ) ) ;
#582 = PRODUCT_DEFINITION ( 'UNKNOWN', '', #603, #502 ) ;
#583 = CC_DESIGN_DATE_AND_TIME_ASSIGNMENT ( #680, #1826, ( #582 ) ) ;
#584 = SECURITY_CLASSIFICATION ( '', '', #1837 ) ;
#585 = CC_DESIGN_DATE_AND_TIME_ASSIGNMENT ( #708, #1784, ( #584 ) ) ;
#586 = APPROVAL ( #1838, 'UNSPECIFIED' ) ;
#587 = CC_DESIGN_APPROVAL ( #586, ( #584 ) ) ;
#588 = PRODUCT_RELATED_PRODUCT_CATEGORY ( 'detail', '', ( #518 ) ) ;
#589 = CC_DESIGN_PERSON_AND_ORGANIZATION_ASSIGNMENT ( #696, #1825, ( #582 ) ) ;
#590 = CC_DESIGN_APPROVAL ( #595, ( #591 ) ) ;
#591 = PRODUCT_DEFINITION ( 'UNKNOWN', '', #598, #499 ) ;
#592 = CC_DESIGN_PERSON_AND_ORGANIZATION_ASSIGNMENT ( #706, #1780, ( #591 ) ) ;
#593 = CC_DESIGN_APPROVAL ( #601, ( #603 ) ) ;
#594 = CC_DESIGN_SECURITY_CLASSIFICATION ( #584, ( #603 ) ) ;
#595 = APPROVAL ( #1834, 'UNSPECIFIED' ) ;
#596 = APPROVAL ( #1830, 'UNSPECIFIED' ) ;
#597 = CC_DESIGN_DATE_AND_TIME_ASSIGNMENT ( #727, #1806, ( #591 ) ) ;
#598 = PRODUCT_DEFINITION_FORMATION_WITH_SPECIFIED_SOURCE ( 'ANY', '', #520, .NOT_KNOWN. ) ;
#599 = CC_DESIGN_PERSON_AND_ORGANIZATION_ASSIGNMENT ( #722, #1831, ( #603 ) ) ;
#600 = CC_DESIGN_PERSON_AND_ORGANIZATION_ASSIGNMENT ( #734, #1803, ( #584 ) ) ;
#601 = APPROVAL ( #1814, 'UNSPECIFIED' ) ;
#602 = CC_DESIGN_PERSON_AND_ORGANIZATION_ASSIGNMENT ( #743, #1829, ( #603 ) ) ;
#603 = PRODUCT_DEFINITION_FORMATION_WITH_SPECIFIED_SOURCE ( 'ANY', '', #518, .NOT_KNOWN. ) ;
#604 = CC_DESIGN_PERSON_AND_ORGANIZATION_ASSIGNMENT ( #691, #1792, ( #518 ) ) ;
#605 = VECTOR ( 'NONE', #1551, 1000.000000000000100 ) ;
#606 = VECTOR ( 'NONE', #1555, 1000.000000000000100 ) ;
#607 = VECTOR ( 'NONE', #1545, 1000.000000000000100 ) ;
#608 = CIRCLE ( 'NONE', #562, 13.00000000000000500 ) ;
#609 = LINE ( 'NONE', #1557, #617 ) ;
#610 = LINE ( 'NONE', #1537, #619 ) ;
#611 = CIRCLE ( 'NONE', #569, 2.000000000000005300 ) ;
#612 = CIRCLE ( 'NONE', #563, 2.000000000000001800 ) ;
#613 = VECTOR ( 'NONE', #1530, 1000.000000000000000 ) ;
#614 = VECTOR ( 'NONE', #1520, 1000.000000000000100 ) ;
#615 = VECTOR ( 'NONE', #1536, 1000.000000000000000 ) ;
#616 = CIRCLE ( 'NONE', #571, 2.000000000000005300 ) ;
#617 = VECTOR ( 'NONE', #1546, 1000.000000000000000 ) ;
#618 = LINE ( 'NONE', #1550, #644 ) ;
#619 = VECTOR ( 'NONE', #1553, 1000.000000000000100 ) ;
#620 = CIRCLE ( 'NONE', #549, 3.000000000000002700 ) ;
#621 = CIRCLE ( 'NONE', #539, 1.790368882867834800 ) ;
#622 = CIRCLE ( 'NONE', #552, 11.99999999999999600 ) ;
#623 = LINE ( 'NONE', #1495, #637 ) ;
#624 = LINE ( 'NONE', #1544, #628 ) ;
#625 = LINE ( 'NONE', #1500, #607 ) ;
#626 = LINE ( 'NONE', #1515, #641 ) ;
#627 = VECTOR ( 'NONE', #1512, 1000.000000000000000 ) ;
#628 = VECTOR ( 'NONE', #1548, 1000.000000000000000 ) ;
#629 = CIRCLE ( 'NONE', #572, 12.00000000000000400 ) ;
#630 = CIRCLE ( 'NONE', #557, 1.790368882867834800 ) ;
#631 = CIRCLE ( 'NONE', #551, 1.999999999999998200 ) ;
#632 = CIRCLE ( 'NONE', #534, 11.00000000000000000 ) ;
#633 = LINE ( 'NONE', #1505, #614 ) ;
#634 = LINE ( 'NONE', #1534, #606 ) ;
#635 = CIRCLE ( 'NONE', #559, 2.000000000000001800 ) ;
#636 = CIRCLE ( 'NONE', #538, 12.00000000000000200 ) ;
#637 = VECTOR ( 'NONE', #1509, 1000.000000000000000 ) ;
#638 = CIRCLE ( 'NONE', #570, 1.790368882867834800 ) ;
#639 = LINE ( 'NONE', #1547, #605 ) ;
#640 = LINE ( 'NONE', #1524, #627 ) ;
#641 = VECTOR ( 'NONE', #1501, 1000.000000000000100 ) ;
#642 = LINE ( 'NONE', #1561, #615 ) ;
#643 = LINE ( 'NONE', #1559, #613 ) ;
#644 = VECTOR ( 'NONE', #1563, 1000.000000000000000 ) ;
#645 = CIRCLE ( 'NONE', #567, 2.999999999999999100 ) ;
#646 = LINE ( 'NONE', #1729, #671 ) ;
#647 = VECTOR ( 'NONE', #1738, 1000.000000000000000 ) ;
#648 = LINE ( 'NONE', #1752, #668 ) ;
#649 = LINE ( 'NONE', #1743, #670 ) ;
#650 = LINE ( 'NONE', #1733, #659 ) ;
#651 = CIRCLE ( 'NONE', #561, 6.499999999999999100 ) ;
#652 = CIRCLE ( 'NONE', #550, 1.790368882867834800 ) ;
#653 = CIRCLE ( 'NONE', #566, 6.499999999999999100 ) ;
#654 = SHAPE_REPRESENTATION_RELATIONSHIP ( 'NONE' , 'NONE' ,  #497, #517 ) ;
#655 = VECTOR ( 'NONE', #1565, 1000.000000000000000 ) ;
#656 = CIRCLE ( 'NONE', #553, 6.499999999999999100 ) ;
#657 = VECTOR ( 'NONE', #1714, 1000.000000000000000 ) ;
#658 = LINE ( 'NONE', #1719, #647 ) ;
#659 = VECTOR ( 'NONE', #1734, 1000.000000000000000 ) ;
#660 = CIRCLE ( 'NONE', #558, 1.790368882867838400 ) ;
#661 = CIRCLE ( 'NONE', #568, 2.000000000000005300 ) ;
#662 = CIRCLE ( 'NONE', #565, 1.790368882867841900 ) ;
#663 = LINE ( 'NONE', #1716, #667 ) ;
#664 = LINE ( 'NONE', #1568, #655 ) ;
#665 = LINE ( 'NONE', #1739, #657 ) ;
#666 = CIRCLE ( 'NONE', #564, 11.99999999999999600 ) ;
#667 = VECTOR ( 'NONE', #1736, 1000.000000000000000 ) ;
#668 = VECTOR ( 'NONE', #1753, 1000.000000000000000 ) ;
#669 = CIRCLE ( 'NONE', #560, 2.000000000000001800 ) ;
#670 = VECTOR ( 'NONE', #1750, 1000.000000000000000 ) ;
#671 = VECTOR ( 'NONE', #1735, 1000.000000000000000 ) ;
#672 = VECTOR ( 'NONE', #1731, 1000.000000000000000 ) ;
#673 = CIRCLE ( 'NONE', #573, 12.00000000000000200 ) ;
#674 = LINE ( 'NONE', #1724, #672 ) ;
#675 = COORDINATED_UNIVERSAL_TIME_OFFSET ( 1, 0, .AHEAD. ) ;
#676 = SHAPE_DEFINITION_REPRESENTATION ( #501, #495 ) ;
#677 = SHAPE_REPRESENTATION_RELATIONSHIP ( 'NONE' , 'NONE' ,  #496, #512 ) ;
#678 = ORGANIZATION ( 'UNSPECIFIED', 'UNSPECIFIED', '' ) ;
#679 = COORDINATED_UNIVERSAL_TIME_OFFSET ( 1, 0, .AHEAD. ) ;
#680 = DATE_AND_TIME ( #698, #697 ) ;
#681 = PERSON_AND_ORGANIZATION ( #519, #678 ) ;
#682 = LOCAL_TIME ( 12, 25, 7.000000000000000000, #675 ) ;
#683 = CALENDAR_DATE ( 2017, 10, 2 ) ;
#684 = DATE_AND_TIME ( #683, #682 ) ;
#685 = PERSON_AND_ORGANIZATION ( #519, #678 ) ;
#686 = SHAPE_DEFINITION_REPRESENTATION ( #498, #497 ) ;
#687 = LOCAL_TIME ( 12, 25, 7.000000000000000000, #692 ) ;
#688 = DATE_AND_TIME ( #690, #687 ) ;
#689 = APPROVAL_PERSON_ORGANIZATION ( #681, #601, #1828 ) ;
#690 = CALENDAR_DATE ( 2017, 10, 2 ) ;
#691 = PERSON_AND_ORGANIZATION ( #519, #678 ) ;
#692 = COORDINATED_UNIVERSAL_TIME_OFFSET ( 1, 0, .AHEAD. ) ;
#693 = APPROVAL_DATE_TIME ( #684, #601 ) ;
#694 = SHAPE_DEFINITION_REPRESENTATION ( #506, #496 ) ;
#695 = APPROVAL_PERSON_ORGANIZATION ( #685, #596, #1811 ) ;
#696 = PERSON_AND_ORGANIZATION ( #519, #678 ) ;
#697 = LOCAL_TIME ( 12, 25, 7.000000000000000000, #679 ) ;
#698 = CALENDAR_DATE ( 2017, 10, 2 ) ;
#699 = APPROVAL_DATE_TIME ( #688, #596 ) ;
#700 = PERSON_AND_ORGANIZATION ( #519, #678 ) ;
#701 = COORDINATED_UNIVERSAL_TIME_OFFSET ( 1, 0, .AHEAD. ) ;
#702 = LOCAL_TIME ( 12, 25, 7.000000000000000000, #718 ) ;
#703 = APPROVAL_PERSON_ORGANIZATION ( #736, #1929, #1785 ) ;
#704 = PERSON_AND_ORGANIZATION ( #519, #678 ) ;
#705 = COORDINATED_UNIVERSAL_TIME_OFFSET ( 1, 0, .AHEAD. ) ;
#706 = PERSON_AND_ORGANIZATION ( #519, #678 ) ;
#707 = COORDINATED_UNIVERSAL_TIME_OFFSET ( 1, 0, .AHEAD. ) ;
#708 = DATE_AND_TIME ( #738, #725 ) ;
#709 = LOCAL_TIME ( 12, 25, 7.000000000000000000, #721 ) ;
#710 = PERSON_AND_ORGANIZATION ( #519, #678 ) ;
#711 = LOCAL_TIME ( 12, 25, 7.000000000000000000, #701 ) ;
#712 = PERSON_AND_ORGANIZATION ( #519, #678 ) ;
#713 = CALENDAR_DATE ( 2017, 10, 2 ) ;
#714 = DATE_AND_TIME ( #739, #711 ) ;
#715 = COORDINATED_UNIVERSAL_TIME_OFFSET ( 1, 0, .AHEAD. ) ;
#716 = APPROVAL_DATE_TIME ( #742, #1944 ) ;
#717 = APPROVAL_PERSON_ORGANIZATION ( #712, #1944, #1820 ) ;
#718 = COORDINATED_UNIVERSAL_TIME_OFFSET ( 1, 0, .AHEAD. ) ;
#719 = LOCAL_TIME ( 12, 25, 7.000000000000000000, #715 ) ;
#720 = PERSON_AND_ORGANIZATION ( #519, #678 ) ;
#721 = COORDINATED_UNIVERSAL_TIME_OFFSET ( 1, 0, .AHEAD. ) ;
#722 = PERSON_AND_ORGANIZATION ( #519, #678 ) ;
#723 = COORDINATED_UNIVERSAL_TIME_OFFSET ( 1, 0, .AHEAD. ) ;
#724 = CALENDAR_DATE ( 2017, 10, 2 ) ;
#725 = LOCAL_TIME ( 12, 25, 7.000000000000000000, #723 ) ;
#726 = APPROVAL_PERSON_ORGANIZATION ( #710, #586, #1832 ) ;
#727 = DATE_AND_TIME ( #741, #709 ) ;
#728 = APPROVAL_PERSON_ORGANIZATION ( #729, #595, #1839 ) ;
#729 = PERSON_AND_ORGANIZATION ( #519, #678 ) ;
#730 = DATE_AND_TIME ( #724, #733 ) ;
#731 = CALENDAR_DATE ( 2017, 10, 2 ) ;
#732 = PERSON_AND_ORGANIZATION ( #519, #678 ) ;
#733 = LOCAL_TIME ( 12, 25, 7.000000000000000000, #707 ) ;
#734 = PERSON_AND_ORGANIZATION ( #519, #678 ) ;
#735 = DATE_AND_TIME ( #731, #719 ) ;
#736 = PERSON_AND_ORGANIZATION ( #519, #678 ) ;
#737 = APPROVAL_DATE_TIME ( #730, #586 ) ;
#738 = CALENDAR_DATE ( 2017, 10, 2 ) ;
#739 = CALENDAR_DATE ( 2017, 10, 2 ) ;
#740 = APPROVAL_DATE_TIME ( #714, #595 ) ;
#741 = CALENDAR_DATE ( 2017, 10, 2 ) ;
#742 = DATE_AND_TIME ( #713, #702 ) ;
#743 = PERSON_AND_ORGANIZATION ( #519, #678 ) ;
#744 = PERSON_AND_ORGANIZATION ( #519, #678 ) ;
#745 = COORDINATED_UNIVERSAL_TIME_OFFSET ( 1, 0, .AHEAD. ) ;
#746 = LOCAL_TIME ( 12, 25, 7.000000000000000000, #745 ) ;
#747 = PERSON_AND_ORGANIZATION ( #519, #678 ) ;
#748 = DATE_AND_TIME ( #757, #754 ) ;
#749 = LOCAL_TIME ( 12, 25, 7.000000000000000000, #705 ) ;
#750 = CALENDAR_DATE ( 2017, 10, 2 ) ;
#751 = APPROVAL_DATE_TIME ( #748, #1941 ) ;
#752 = LOCAL_TIME ( 12, 25, 7.000000000000000000, #753 ) ;
#753 = COORDINATED_UNIVERSAL_TIME_OFFSET ( 1, 0, .AHEAD. ) ;
#754 = LOCAL_TIME ( 12, 25, 7.000000000000000000, #762 ) ;
#755 = CALENDAR_DATE ( 2017, 10, 2 ) ;
#756 = DATE_AND_TIME ( #755, #752 ) ;
#757 = CALENDAR_DATE ( 2017, 10, 2 ) ;
#758 = PERSON_AND_ORGANIZATION ( #519, #678 ) ;
#759 = PERSON_AND_ORGANIZATION ( #519, #678 ) ;
#760 = APPROVAL_PERSON_ORGANIZATION ( #758, #1952, #1794 ) ;
#761 = APPROVAL_PERSON_ORGANIZATION ( #759, #1941, #1788 ) ;
#762 = COORDINATED_UNIVERSAL_TIME_OFFSET ( 1, 0, .AHEAD. ) ;
#763 = DATE_AND_TIME ( #750, #749 ) ;
#764 = APPROVAL_DATE_TIME ( #763, #1929 ) ;
#765 = CALENDAR_DATE ( 2017, 10, 2 ) ;
#766 = DATE_AND_TIME ( #765, #746 ) ;
#767 = APPROVAL_DATE_TIME ( #766, #1952 ) ;
#768 = PERSON_AND_ORGANIZATION ( #519, #678 ) ;
#769 = PERSON_AND_ORGANIZATION ( #519, #678 ) ;
#770 = PERSON_AND_ORGANIZATION ( #519, #678 ) ;
#771 = DATE_AND_TIME ( #775, #779 ) ;
#772 = DATE_AND_TIME ( #778, #777 ) ;
#773 = COORDINATED_UNIVERSAL_TIME_OFFSET ( 1, 0, .AHEAD. ) ;
#774 = APPROVAL_DATE_TIME ( #772, #1955 ) ;
#775 = CALENDAR_DATE ( 2017, 10, 2 ) ;
#776 = APPROVAL_PERSON_ORGANIZATION ( #780, #1955, #1818 ) ;
#777 = LOCAL_TIME ( 12, 25, 7.000000000000000000, #781 ) ;
#778 = CALENDAR_DATE ( 2017, 10, 2 ) ;
#779 = LOCAL_TIME ( 12, 25, 7.000000000000000000, #773 ) ;
#780 = PERSON_AND_ORGANIZATION ( #519, #678 ) ;
#781 = COORDINATED_UNIVERSAL_TIME_OFFSET ( 1, 0, .AHEAD. ) ;
#782 = APPROVAL_PERSON_ORGANIZATION ( #803, #1949, #1850 ) ;
#783 = CALENDAR_DATE ( 2017, 10, 2 ) ;
#784 = DATE_AND_TIME ( #783, #791 ) ;
#785 = PERSON_AND_ORGANIZATION ( #524, #798 ) ;
#786 = ORGANIZATION ( 'NAUO-ORG1', 'UNSPECIFIED', 'UNSPECIFIED' ) ;
#787 = CONTEXT_DEPENDENT_SHAPE_REPRESENTATION ( #1852, #504 ) ;
#788 = CALENDAR_DATE ( 2017, 10, 2 ) ;
#789 = EDGE_CURVE ( 'NONE', #233, #201, #649, .T. ) ;
#790 = COORDINATED_UNIVERSAL_TIME_OFFSET ( 1, 0, .AHEAD. ) ;
#791 = LOCAL_TIME ( 12, 25, 7.000000000000000000, #790 ) ;
#792 = LOCAL_TIME ( 12, 25, 7.000000000000000000, #806 ) ;
#793 = APPROVAL_DATE_TIME ( #812, #1965 ) ;
#794 = CALENDAR_DATE ( 2017, 10, 2 ) ;
#795 = ITEM_DEFINED_TRANSFORMATION ( 'NONE', 'NONE', #579,  #555 ) ;
#796 = APPROVAL_DATE_TIME ( #784, #1971 ) ;
#797 = DATE_AND_TIME ( #794, #825 ) ;
#798 = ORGANIZATION ( 'NAUO-ORG3', 'UNSPECIFIED', 'UNSPECIFIED' ) ;
#799 = LOCAL_TIME ( 12, 25, 7.000000000000000000, #811 ) ;
#800 = APPROVAL_DATE_TIME ( #820, #1949 ) ;
#801 = APPROVAL_PERSON_ORGANIZATION ( #785, #1971, #1841 ) ;
#802 = LOCAL_TIME ( 12, 25, 7.000000000000000000, #815 ) ;
#803 = PERSON_AND_ORGANIZATION ( #522, #786 ) ;
#804 = CONTEXT_DEPENDENT_SHAPE_REPRESENTATION ( #1854, #500 ) ;
#805 = ITEM_DEFINED_TRANSFORMATION ( 'NONE', 'NONE', #578,  #555 ) ;
#806 = COORDINATED_UNIVERSAL_TIME_OFFSET ( 1, 0, .AHEAD. ) ;
#807 = CALENDAR_DATE ( 2017, 10, 2 ) ;
#808 = EDGE_CURVE ( 'NONE', #181, #219, #661, .T. ) ;
#809 = CALENDAR_DATE ( 2017, 10, 2 ) ;
#810 = CALENDAR_DATE ( 2017, 10, 2 ) ;
#811 = COORDINATED_UNIVERSAL_TIME_OFFSET ( 1, 0, .AHEAD. ) ;
#812 = DATE_AND_TIME ( #810, #799 ) ;
#813 = ORGANIZATION ( 'NAUO-ORG2', 'UNSPECIFIED', 'UNSPECIFIED' ) ;
#814 = ITEM_DEFINED_TRANSFORMATION ( 'NONE', 'NONE', #580,  #555 ) ;
#815 = COORDINATED_UNIVERSAL_TIME_OFFSET ( 1, 0, .AHEAD. ) ;
#816 = DATE_AND_TIME ( #807, #792 ) ;
#817 = PERSON_AND_ORGANIZATION ( #523, #813 ) ;
#818 = CONTEXT_DEPENDENT_SHAPE_REPRESENTATION ( #1849, #503 ) ;
#819 = APPROVAL_PERSON_ORGANIZATION ( #817, #1965, #1855 ) ;
#820 = DATE_AND_TIME ( #809, #802 ) ;
#821 = EDGE_CURVE ( 'NONE', #201, #217, #653, .T. ) ;
#822 = COORDINATED_UNIVERSAL_TIME_OFFSET ( 1, 0, .AHEAD. ) ;
#823 = LOCAL_TIME ( 12, 25, 7.000000000000000000, #822 ) ;
#824 = COORDINATED_UNIVERSAL_TIME_OFFSET ( 1, 0, .AHEAD. ) ;
#825 = LOCAL_TIME ( 12, 25, 7.000000000000000000, #824 ) ;
#826 = DATE_AND_TIME ( #788, #823 ) ;
#827 = VECTOR ( 'NONE', #1668, 1000.000000000000000 ) ;
#828 = LINE ( 'NONE', #1598, #839 ) ;
#829 = CIRCLE ( 'NONE', #1975, 2.000000000000005300 ) ;
#830 = LINE ( 'NONE', #1590, #843 ) ;
#831 = LINE ( 'NONE', #1619, #856 ) ;
#832 = CIRCLE ( 'NONE', #2018, 3.000000000000002700 ) ;
#833 = LINE ( 'NONE', #1597, #854 ) ;
#834 = CIRCLE ( 'NONE', #2011, 1.790368882867838400 ) ;
#835 = CIRCLE ( 'NONE', #2000, 1.790368882867834800 ) ;
#836 = LINE ( 'NONE', #1634, #837 ) ;
#837 = VECTOR ( 'NONE', #1654, 1000.000000000000000 ) ;
#838 = CIRCLE ( 'NONE', #2003, 6.499999999999999100 ) ;
#839 = VECTOR ( 'NONE', #1606, 1000.000000000000000 ) ;
#840 = LINE ( 'NONE', #1656, #842 ) ;
#841 = VECTOR ( 'NONE', #1625, 1000.000000000000000 ) ;
#842 = VECTOR ( 'NONE', #1665, 1000.000000000000000 ) ;
#843 = VECTOR ( 'NONE', #1594, 1000.000000000000100 ) ;
#844 = LINE ( 'NONE', #1595, #850 ) ;
#845 = CIRCLE ( 'NONE', #2023, 6.499999999999999100 ) ;
#846 = CIRCLE ( 'NONE', #1979, 1.790368882867834800 ) ;
#847 = CIRCLE ( 'NONE', #2002, 2.000000000000001800 ) ;
#848 = LINE ( 'NONE', #1636, #855 ) ;
#849 = CIRCLE ( 'NONE', #1983, 2.999999999999999100 ) ;
#850 = VECTOR ( 'NONE', #1612, 1000.000000000000000 ) ;
#851 = VECTOR ( 'NONE', #1620, 1000.000000000000100 ) ;
#852 = CIRCLE ( 'NONE', #2019, 12.00000000000000000 ) ;
#853 = LINE ( 'NONE', #1599, #851 ) ;
#854 = VECTOR ( 'NONE', #1600, 1000.000000000000000 ) ;
#855 = VECTOR ( 'NONE', #1647, 1000.000000000000000 ) ;
#856 = VECTOR ( 'NONE', #1603, 1000.000000000000000 ) ;
#857 = LINE ( 'NONE', #1666, #841 ) ;
#858 = CIRCLE ( 'NONE', #2004, 6.499999999999999100 ) ;
#859 = LINE ( 'NONE', #1651, #827 ) ;
#860 = CONICAL_SURFACE ( 'NONE', #2021, 2.000000000000005300, 0.05235987755983000100 ) ;
#861 = FACE_BOUND ( 'NONE', #81, .T. ) ;
#862 = FACE_OUTER_BOUND ( 'NONE', #92, .T. ) ;
#863 = FACE_OUTER_BOUND ( 'NONE', #87, .T. ) ;
#864 = FACE_OUTER_BOUND ( 'NONE', #85, .T. ) ;
#865 = CONICAL_SURFACE ( 'NONE', #2012, 2.000000000000005300, 0.05235987755983000100 ) ;
#866 = FACE_BOUND ( 'NONE', #80, .T. ) ;
#867 = FACE_OUTER_BOUND ( 'NONE', #97, .T. ) ;
#868 = FACE_OUTER_BOUND ( 'NONE', #90, .T. ) ;
#869 = FACE_BOUND ( 'NONE', #42, .T. ) ;
#870 = CONICAL_SURFACE ( 'NONE', #2020, 2.000000000000001800, 0.05235987755983000100 ) ;
#871 = CYLINDRICAL_SURFACE ( 'NONE', #1987, 11.00000000000000000 ) ;
#872 = FACE_OUTER_BOUND ( 'NONE', #82, .T. ) ;
#873 = FACE_OUTER_BOUND ( 'NONE', #45, .T. ) ;
#874 = FACE_BOUND ( 'NONE', #63, .T. ) ;
#875 = CONICAL_SURFACE ( 'NONE', #1978, 2.000000000000000000, 0.05235987755983000100 ) ;
#876 = FACE_OUTER_BOUND ( 'NONE', #79, .T. ) ;
#877 = FACE_OUTER_BOUND ( 'NONE', #60, .T. ) ;
#878 = FACE_OUTER_BOUND ( 'NONE', #86, .T. ) ;
#879 = FACE_OUTER_BOUND ( 'NONE', #140, .T. ) ;
#880 = CYLINDRICAL_SURFACE ( 'NONE', #2005, 11.00000000000000000 ) ;
#881 = FACE_OUTER_BOUND ( 'NONE', #77, .T. ) ;
#882 = CONICAL_SURFACE ( 'NONE', #1989, 2.000000000000001800, 0.05235987755983000100 ) ;
#883 = CYLINDRICAL_SURFACE ( 'NONE', #1998, 6.499999999999999100 ) ;
#884 = FACE_OUTER_BOUND ( 'NONE', #88, .T. ) ;
#885 = FACE_BOUND ( 'NONE', #61, .T. ) ;
#886 = FACE_OUTER_BOUND ( 'NONE', #69, .T. ) ;
#887 = FACE_OUTER_BOUND ( 'NONE', #58, .T. ) ;
#888 = CYLINDRICAL_SURFACE ( 'NONE', #1977, 11.99999999999999600 ) ;
#889 = FACE_OUTER_BOUND ( 'NONE', #101, .T. ) ;
#890 = FACE_BOUND ( 'NONE', #64, .T. ) ;
#891 = FACE_OUTER_BOUND ( 'NONE', #56, .T. ) ;
#892 = FACE_OUTER_BOUND ( 'NONE', #78, .T. ) ;
#893 = FACE_OUTER_BOUND ( 'NONE', #128, .T. ) ;
#894 = CYLINDRICAL_SURFACE ( 'NONE', #2053, 6.499999999999999100 ) ;
#895 = FACE_OUTER_BOUND ( 'NONE', #139, .T. ) ;
#896 = FACE_OUTER_BOUND ( 'NONE', #54, .T. ) ;
#897 = FACE_OUTER_BOUND ( 'NONE', #76, .T. ) ;
#898 = FACE_OUTER_BOUND ( 'NONE', #138, .T. ) ;
#899 = CYLINDRICAL_SURFACE ( 'NONE', #2033, 12.00000000000000200 ) ;
#900 = CONICAL_SURFACE ( 'NONE', #2042, 2.000000000000005300, 0.05235987755983000100 ) ;
#901 = CONICAL_SURFACE ( 'NONE', #2006, 2.000000000000000000, 0.05235987755983000100 ) ;
#902 = FACE_OUTER_BOUND ( 'NONE', #116, .T. ) ;
#903 = FACE_OUTER_BOUND ( 'NONE', #71, .T. ) ;
#904 = FACE_OUTER_BOUND ( 'NONE', #73, .T. ) ;
#905 = FACE_OUTER_BOUND ( 'NONE', #48, .T. ) ;
#906 = CONICAL_SURFACE ( 'NONE', #2055, 2.000000000000001800, 0.05235987755983000100 ) ;
#907 = FACE_OUTER_BOUND ( 'NONE', #141, .T. ) ;
#908 = CYLINDRICAL_SURFACE ( 'NONE', #2061, 6.499999999999999100 ) ;
#909 = FACE_OUTER_BOUND ( 'NONE', #49, .T. ) ;
#910 = FACE_OUTER_BOUND ( 'NONE', #132, .T. ) ;
#911 = FACE_OUTER_BOUND ( 'NONE', #112, .T. ) ;
#912 = FACE_OUTER_BOUND ( 'NONE', #125, .T. ) ;
#913 = CONICAL_SURFACE ( 'NONE', #2048, 2.000000000000005300, 0.05235987755983000100 ) ;
#914 = CYLINDRICAL_SURFACE ( 'NONE', #1992, 12.00000000000000200 ) ;
#915 = FACE_OUTER_BOUND ( 'NONE', #65, .T. ) ;
#916 = FACE_OUTER_BOUND ( 'NONE', #75, .T. ) ;
#917 = CONICAL_SURFACE ( 'NONE', #2009, 11.00000000000000400, 0.7853981633974473900 ) ;
#918 = FACE_BOUND ( 'NONE', #107, .T. ) ;
#919 = FACE_OUTER_BOUND ( 'NONE', #62, .T. ) ;
#920 = FACE_BOUND ( 'NONE', #122, .T. ) ;
#921 = FACE_OUTER_BOUND ( 'NONE', #130, .T. ) ;
#922 = CONICAL_SURFACE ( 'NONE', #2056, 12.00000000000000500, 0.7853981633974491700 ) ;
#923 = CYLINDRICAL_SURFACE ( 'NONE', #2030, 12.00000000000000200 ) ;
#924 = CONICAL_SURFACE ( 'NONE', #2074, 11.00000000000000400, 0.7853981633974473900 ) ;
#925 = FACE_OUTER_BOUND ( 'NONE', #46, .T. ) ;
#926 = FACE_BOUND ( 'NONE', #89, .T. ) ;
#927 = FACE_OUTER_BOUND ( 'NONE', #59, .T. ) ;
#928 = CYLINDRICAL_SURFACE ( 'NONE', #2043, 11.99999999999999600 ) ;
#929 = FACE_OUTER_BOUND ( 'NONE', #44, .T. ) ;
#930 = FACE_BOUND ( 'NONE', #96, .T. ) ;
#931 = FACE_BOUND ( 'NONE', #66, .T. ) ;
#932 = FACE_OUTER_BOUND ( 'NONE', #50, .T. ) ;
#933 = FACE_OUTER_BOUND ( 'NONE', #102, .T. ) ;
#934 = FACE_OUTER_BOUND ( 'NONE', #43, .T. ) ;
#935 = CYLINDRICAL_SURFACE ( 'NONE', #2025, 3.000000000000002700 ) ;
#936 = FACE_BOUND ( 'NONE', #121, .T. ) ;
#937 = CYLINDRICAL_SURFACE ( 'NONE', #2016, 6.499999999999999100 ) ;
#938 = CYLINDRICAL_SURFACE ( 'NONE', #2032, 12.00000000000000200 ) ;
#939 = CYLINDRICAL_SURFACE ( 'NONE', #2051, 3.000000000000002700 ) ;
#940 = CYLINDRICAL_SURFACE ( 'NONE', #2052, 12.00000000000000200 ) ;
#941 = FACE_OUTER_BOUND ( 'NONE', #72, .T. ) ;
#942 = CONICAL_SURFACE ( 'NONE', #2036, 11.99999999999999600, 0.7853981633974533900 ) ;
#943 = FACE_OUTER_BOUND ( 'NONE', #95, .T. ) ;
#944 = FACE_OUTER_BOUND ( 'NONE', #74, .T. ) ;
#945 = CONICAL_SURFACE ( 'NONE', #2013, 12.00000000000000500, 0.7853981633974491700 ) ;
#946 = FACE_BOUND ( 'NONE', #51, .T. ) ;
#947 = FACE_OUTER_BOUND ( 'NONE', #98, .T. ) ;
#948 = CYLINDRICAL_SURFACE ( 'NONE', #1990, 2.999999999999999100 ) ;
#949 = FACE_BOUND ( 'NONE', #47, .T. ) ;
#950 = FACE_OUTER_BOUND ( 'NONE', #70, .T. ) ;
#951 = CYLINDRICAL_SURFACE ( 'NONE', #2049, 11.99999999999999600 ) ;
#952 = CYLINDRICAL_SURFACE ( 'NONE', #2045, 12.00000000000000200 ) ;
#953 = CONICAL_SURFACE ( 'NONE', #2029, 2.000000000000005300, 0.05235987755983000100 ) ;
#954 = FACE_OUTER_BOUND ( 'NONE', #134, .T. ) ;
#955 = FACE_OUTER_BOUND ( 'NONE', #135, .T. ) ;
#956 = CONICAL_SURFACE ( 'NONE', #2060, 11.99999999999999600, 0.7853981633974533900 ) ;
#957 = CONICAL_SURFACE ( 'NONE', #2044, 2.000000000000001800, 0.05235987755983000100 ) ;
#958 = VECTOR ( 'NONE', #1343, 1000.000000000000000 ) ;
#959 = CONICAL_SURFACE ( 'NONE', #2028, 2.000000000000005300, 0.05235987755983000100 ) ;
#960 = CONICAL_SURFACE ( 'NONE', #2035, 2.000000000000000000, 0.05235987755983000100 ) ;
#961 = FACE_OUTER_BOUND ( 'NONE', #103, .T. ) ;
#962 = LINE ( 'NONE', #1367, #963 ) ;
#963 = VECTOR ( 'NONE', #1364, 1000.000000000000000 ) ;
#964 = FACE_OUTER_BOUND ( 'NONE', #126, .T. ) ;
#965 = FACE_OUTER_BOUND ( 'NONE', #111, .T. ) ;
#966 = SPHERICAL_SURFACE ( 'NONE', #2059, 3.000000000000000000 ) ;
#967 = FACE_OUTER_BOUND ( 'NONE', #99, .T. ) ;
#968 = CYLINDRICAL_SURFACE ( 'NONE', #2072, 11.99999999999999600 ) ;
#969 = FACE_OUTER_BOUND ( 'NONE', #110, .T. ) ;
#970 = CONICAL_SURFACE ( 'NONE', #2073, 12.00000000000000200, 0.7853981633974491700 ) ;
#971 = CIRCLE ( 'NONE', #2027, 1.790368882867834800 ) ;
#972 = CIRCLE ( 'NONE', #2038, 13.00000000000000500 ) ;
#973 = FACE_OUTER_BOUND ( 'NONE', #120, .T. ) ;
#974 = FACE_OUTER_BOUND ( 'NONE', #119, .T. ) ;
#975 = FACE_OUTER_BOUND ( 'NONE', #109, .T. ) ;
#976 = CONICAL_SURFACE ( 'NONE', #2031, 2.000000000000001800, 0.05235987755983000100 ) ;
#977 = FACE_OUTER_BOUND ( 'NONE', #123, .T. ) ;
#978 = SPHERICAL_SURFACE ( 'NONE', #2064, 3.000000000000000000 ) ;
#979 = FACE_OUTER_BOUND ( 'NONE', #93, .T. ) ;
#980 = CONICAL_SURFACE ( 'NONE', #2063, 2.000000000000000000, 0.05235987755983000100 ) ;
#981 = CONICAL_SURFACE ( 'NONE', #2057, 12.00000000000000200, 0.7853981633974491700 ) ;
#982 = FACE_OUTER_BOUND ( 'NONE', #136, .T. ) ;
#983 = LINE ( 'NONE', #1325, #958 ) ;
#984 = FACE_OUTER_BOUND ( 'NONE', #133, .T. ) ;
#985 = CYLINDRICAL_SURFACE ( 'NONE', #2024, 3.000000000000000000 ) ;
#986 = FACE_OUTER_BOUND ( 'NONE', #108, .T. ) ;
#987 = FACE_OUTER_BOUND ( 'NONE', #131, .T. ) ;
#988 = FACE_OUTER_BOUND ( 'NONE', #124, .T. ) ;
#989 = CONICAL_SURFACE ( 'NONE', #2071, 2.000000000000001800, 0.05235987755983000100 ) ;
#990 = CYLINDRICAL_SURFACE ( 'NONE', #2039, 3.000000000000000000 ) ;
#991 = FACE_OUTER_BOUND ( 'NONE', #113, .T. ) ;
#992 = CIRCLE ( 'NONE', #2026, 2.000000000000005300 ) ;
#993 = FACE_OUTER_BOUND ( 'NONE', #142, .T. ) ;
#994 = CIRCLE ( 'NONE', #2041, 1.790368882867841900 ) ;
#995 = FACE_OUTER_BOUND ( 'NONE', #129, .T. ) ;
#996 = CIRCLE ( 'NONE', #2069, 2.000000000000005300 ) ;
#997 = FACE_OUTER_BOUND ( 'NONE', #127, .T. ) ;
#998 = LINE ( 'NONE', #1384, #1017 ) ;
#999 = CIRCLE ( 'NONE', #530, 3.000000000000000000 ) ;
#1000 = VECTOR ( 'NONE', #1412, 1000.000000000000000 ) ;
#1001 = LINE ( 'NONE', #1392, #1026 ) ;
#1002 = CIRCLE ( 'NONE', #525, 11.00000000000000000 ) ;
#1003 = CIRCLE ( 'NONE', #546, 12.00000000000000200 ) ;
#1004 = CIRCLE ( 'NONE', #548, 1.790368882867834800 ) ;
#1005 = CIRCLE ( 'NONE', #526, 11.00000000000000000 ) ;
#1006 = VECTOR ( 'NONE', #1397, 1000.000000000000100 ) ;
#1007 = LINE ( 'NONE', #1399, #1008 ) ;
#1008 = VECTOR ( 'NONE', #1454, 1000.000000000000000 ) ;
#1009 = CIRCLE ( 'NONE', #542, 1.790368882867834800 ) ;
#1010 = LINE ( 'NONE', #1396, #1006 ) ;
#1011 = LINE ( 'NONE', #1458, #1020 ) ;
#1012 = LINE ( 'NONE', #1460, #1013 ) ;
#1013 = VECTOR ( 'NONE', #1448, 1000.000000000000100 ) ;
#1014 = LINE ( 'NONE', #1418, #1000 ) ;
#1015 = CIRCLE ( 'NONE', #537, 2.000000000000001800 ) ;
#1016 = LINE ( 'NONE', #1416, #1045 ) ;
#1017 = VECTOR ( 'NONE', #1386, 1000.000000000000000 ) ;
#1018 = CIRCLE ( 'NONE', #540, 1.999999999999998200 ) ;
#1019 = VECTOR ( 'NONE', #1402, 1000.000000000000100 ) ;
#1020 = VECTOR ( 'NONE', #1446, 1000.000000000000000 ) ;
#1021 = LINE ( 'NONE', #1348, #1038 ) ;
#1022 = VECTOR ( 'NONE', #1358, 999.9999999999998900 ) ;
#1023 = CIRCLE ( 'NONE', #532, 12.00000000000000000 ) ;
#1024 = VECTOR ( 'NONE', #1411, 999.9999999999998900 ) ;
#1025 = LINE ( 'NONE', #1413, #1019 ) ;
#1026 = VECTOR ( 'NONE', #1388, 1000.000000000000000 ) ;
#1027 = CIRCLE ( 'NONE', #547, 6.499999999999999100 ) ;
#1028 = LINE ( 'NONE', #1432, #1029 ) ;
#1029 = VECTOR ( 'NONE', #1431, 1000.000000000000000 ) ;
#1030 = LINE ( 'NONE', #1393, #1024 ) ;
#1031 = CIRCLE ( 'NONE', #528, 1.790368882867841900 ) ;
#1032 = LINE ( 'NONE', #1436, #1034 ) ;
#1033 = LINE ( 'NONE', #1371, #1037 ) ;
#1034 = VECTOR ( 'NONE', #1442, 1000.000000000000100 ) ;
#1035 = LINE ( 'NONE', #1372, #1022 ) ;
#1036 = CIRCLE ( 'NONE', #2075, 12.00000000000000400 ) ;
#1037 = VECTOR ( 'NONE', #1374, 999.9999999999998900 ) ;
#1038 = VECTOR ( 'NONE', #1362, 999.9999999999998900 ) ;
#1039 = CIRCLE ( 'NONE', #536, 1.999999999999998200 ) ;
#1040 = CIRCLE ( 'NONE', #541, 11.00000000000000000 ) ;
#1041 = CIRCLE ( 'NONE', #1991, 13.00000000000001100 ) ;
#1042 = CIRCLE ( 'NONE', #545, 12.00000000000000200 ) ;
#1043 = CIRCLE ( 'NONE', #2046, 2.999999999999999100 ) ;
#1044 = CIRCLE ( 'NONE', #544, 12.00000000000000200 ) ;
#1045 = VECTOR ( 'NONE', #1409, 999.9999999999998900 ) ;
#1046 = CIRCLE ( 'NONE', #543, 12.99999999999999800 ) ;
#1047 = CIRCLE ( 'NONE', #535, 12.00000000000000200 ) ;
#1048 = VECTOR ( 'NONE', #1472, 999.9999999999998900 ) ;
#1049 = LINE ( 'NONE', #1469, #1050 ) ;
#1050 = VECTOR ( 'NONE', #1476, 1000.000000000000000 ) ;
#1051 = LINE ( 'NONE', #1463, #1060 ) ;
#1052 = LINE ( 'NONE', #1465, #1068 ) ;
#1053 = VECTOR ( 'NONE', #1480, 1000.000000000000000 ) ;
#1054 = LINE ( 'NONE', #1482, #1079 ) ;
#1055 = LINE ( 'NONE', #1428, #1063 ) ;
#1056 = LINE ( 'NONE', #1470, #1067 ) ;
#1057 = CIRCLE ( 'NONE', #527, 3.000000000000002700 ) ;
#1058 = VECTOR ( 'NONE', #1462, 1000.000000000000100 ) ;
#1059 = VECTOR ( 'NONE', #1444, 1000.000000000000100 ) ;
#1060 = VECTOR ( 'NONE', #1423, 1000.000000000000000 ) ;
#1061 = CIRCLE ( 'NONE', #531, 12.99999999999999800 ) ;
#1062 = LINE ( 'NONE', #1438, #1058 ) ;
#1063 = VECTOR ( 'NONE', #1439, 1000.000000000000000 ) ;
#1064 = LINE ( 'NONE', #1425, #1059 ) ;
#1065 = LINE ( 'NONE', #1450, #1073 ) ;
#1066 = VECTOR ( 'NONE', #1452, 1000.000000000000000 ) ;
#1067 = VECTOR ( 'NONE', #1471, 1000.000000000000000 ) ;
#1068 = VECTOR ( 'NONE', #1483, 1000.000000000000100 ) ;
#1069 = LINE ( 'NONE', #1478, #1053 ) ;
#1070 = VECTOR ( 'NONE', #1490, 1000.000000000000100 ) ;
#1071 = LINE ( 'NONE', #1487, #1048 ) ;
#1072 = VECTOR ( 'NONE', #1441, 1000.000000000000100 ) ;
#1073 = VECTOR ( 'NONE', #1451, 1000.000000000000000 ) ;
#1074 = LINE ( 'NONE', #1427, #1066 ) ;
#1075 = CIRCLE ( 'NONE', #529, 6.499999999999999100 ) ;
#1076 = LINE ( 'NONE', #1456, #1072 ) ;
#1077 = LINE ( 'NONE', #1475, #1070 ) ;
#1078 = CIRCLE ( 'NONE', #533, 1.999999999999998200 ) ;
#1079 = VECTOR ( 'NONE', #1503, 1000.000000000000000 ) ;
#1080 = LINE ( 'NONE', #1468, #1081 ) ;
#1081 = VECTOR ( 'NONE', #1502, 1000.000000000000100 ) ;
#1082 = CARTESIAN_POINT ( 'NONE',  ( 22.49999999999999300, 19.50000000000000000, 41.99999999999999300 ) ) ;
#1083 = CARTESIAN_POINT ( 'NONE',  ( 0.0000000000000000000, -22.50000000000000000, 29.00000000000000400 ) ) ;
#1084 = CARTESIAN_POINT ( 'NONE',  ( 14.50000000000000200, -22.50000000000000000, 12.50000000000000500 ) ) ;
#1085 = CARTESIAN_POINT ( 'NONE',  ( 14.49999999999994700, -22.50000000000000000, 32.50000000000000700 ) ) ;
#1086 = CARTESIAN_POINT ( 'NONE',  ( 1.469576158976823900E-015, -15.50000000000000000, 10.50000000000000500 ) ) ;
#1087 = CARTESIAN_POINT ( 'NONE',  ( -15.50000000000000700, 0.0000000000000000000, 10.50000000000000400 ) ) ;
#1088 = CARTESIAN_POINT ( 'NONE',  ( 1.469576158976823900E-015, 21.50000000000000400, 10.50000000000000500 ) ) ;
#1089 = CARTESIAN_POINT ( 'NONE',  ( -14.49999999999999800, -22.50000000000000000, 16.50000000000000400 ) ) ;
#1090 = CARTESIAN_POINT ( 'NONE',  ( -14.50000000000005500, -22.50000000000000000, 32.50000000000000700 ) ) ;
#1091 = CARTESIAN_POINT ( 'NONE',  ( -22.50000000000000700, -22.50000000000000000, 17.50000000000000400 ) ) ;
#1092 = CARTESIAN_POINT ( 'NONE',  ( -11.00000000000000000, 0.0000000000000000000, 1.000000000000000000 ) ) ;
#1093 = DIRECTION ( 'NONE',  ( 0.0000000000000000000, 0.0000000000000000000, 1.000000000000000000 ) ) ;
#1094 = DIRECTION ( 'NONE',  ( -1.000000000000000000, 0.0000000000000000000, 0.0000000000000000000 ) ) ;
#1095 = CARTESIAN_POINT ( 'NONE',  ( -15.50000000000000700, 7.960204194457796500E-016, 29.00000000000000400 ) ) ;
#1096 = DIRECTION ( 'NONE',  ( 0.0000000000000000000, 0.0000000000000000000, 1.000000000000000000 ) ) ;
#1097 = CARTESIAN_POINT ( 'NONE',  ( 0.0000000000000000000, 0.0000000000000000000, 7.000000000000000000 ) ) ;
#1098 = CARTESIAN_POINT ( 'NONE',  ( -22.50000000000000700, -12.49999999999999800, 17.49999999999999600 ) ) ;
#1099 = CARTESIAN_POINT ( 'NONE',  ( 14.49999999999994700, -26.50000000000000000, 28.70963111713217200 ) ) ;
#1100 = CARTESIAN_POINT ( 'NONE',  ( 22.49999999999999300, -22.50000000000000000, 45.00000000000000000 ) ) ;
#1101 = DIRECTION ( 'NONE',  ( -1.000000000000000000, 0.0000000000000000000, 0.0000000000000000000 ) ) ;
#1102 = CARTESIAN_POINT ( 'NONE',  ( 22.49999999999999300, 19.50000000000000000, 3.000000000000002700 ) ) ;
#1103 = CARTESIAN_POINT ( 'NONE',  ( -26.50000000000000700, 14.50000000000000000, 32.29036888286774600 ) ) ;
#1104 = DIRECTION ( 'NONE',  ( -0.0000000000000000000, -0.0000000000000000000, -1.000000000000000000 ) ) ;
#1105 = CARTESIAN_POINT ( 'NONE',  ( -22.50000000000000700, 14.50000000000000000, 32.49999999999990800 ) ) ;
#1106 = CARTESIAN_POINT ( 'NONE',  ( -22.50000000000000700, -22.50000000000000000, 0.0000000000000000000 ) ) ;
#1107 = DIRECTION ( 'NONE',  ( 1.000000000000000000, -0.0000000000000000000, -0.0000000000000000000 ) ) ;
#1108 = PLANE ( 'NONE',  #2014 ) ;
#1109 = DIRECTION ( 'NONE',  ( 1.000000000000000000, -0.0000000000000000000, -0.0000000000000000000 ) ) ;
#1110 = CARTESIAN_POINT ( 'NONE',  ( 0.0000000000000000000, 0.0000000000000000000, 10.50000000000000500 ) ) ;
#1111 = CARTESIAN_POINT ( 'NONE',  ( -22.50000000000000700, 14.50000000000000000, 12.49999999999989900 ) ) ;
#1112 = CARTESIAN_POINT ( 'NONE',  ( 0.0000000000000000000, 0.0000000000000000000, 0.0000000000000000000 ) ) ;
#1113 = PLANE ( 'NONE',  #2008 ) ;
#1114 = DIRECTION ( 'NONE',  ( 1.000000000000000000, 0.0000000000000000000, -0.0000000000000000000 ) ) ;
#1115 = CARTESIAN_POINT ( 'NONE',  ( -22.50000000000000700, 14.50000000000000000, 14.49999999999990600 ) ) ;
#1116 = CARTESIAN_POINT ( 'NONE',  ( 19.49999999999998200, 22.50000000000000000, 41.99999999999999300 ) ) ;
#1117 = CARTESIAN_POINT ( 'NONE',  ( -22.50000000000000700, -22.50000000000000000, 45.00000000000000000 ) ) ;
#1118 = DIRECTION ( 'NONE',  ( 0.0000000000000000000, 0.0000000000000000000, 1.000000000000000000 ) ) ;
#1119 = CARTESIAN_POINT ( 'NONE',  ( -22.50000000000000700, -14.50000000000000000, 30.50000000000000700 ) ) ;
#1120 = DIRECTION ( 'NONE',  ( 0.0000000000000000000, 0.0000000000000000000, 1.000000000000000000 ) ) ;
#1121 = CARTESIAN_POINT ( 'NONE',  ( 0.0000000000000000000, -15.50000000000000000, 34.50000000000000000 ) ) ;
#1122 = CARTESIAN_POINT ( 'NONE',  ( -22.50000000000000700, -12.49999999999999800, 27.49999999999999600 ) ) ;
#1123 = CARTESIAN_POINT ( 'NONE',  ( 19.49999999999999300, 19.50000000000000000, 45.00000000000000000 ) ) ;
#1124 = CARTESIAN_POINT ( 'NONE',  ( -22.50000000000000700, 0.0000000000000000000, 16.00000000000000700 ) ) ;
#1125 = CARTESIAN_POINT ( 'NONE',  ( 19.49999999999999300, 19.50000000000000000, 0.0000000000000000000 ) ) ;
#1126 = CARTESIAN_POINT ( 'NONE',  ( 14.50000000000000200, -26.50000000000000000, 12.70963111713217100 ) ) ;
#1127 = DIRECTION ( 'NONE',  ( -0.0000000000000000000, 1.000000000000000000, -0.0000000000000000000 ) ) ;
#1128 = CARTESIAN_POINT ( 'NONE',  ( 0.0000000000000000000, 0.0000000000000000000, 7.000000000000000000 ) ) ;
#1129 = CARTESIAN_POINT ( 'NONE',  ( 0.0000000000000000000, -15.50000000000000000, 22.50000000000000700 ) ) ;
#1130 = CARTESIAN_POINT ( 'NONE',  ( -22.50000000000000700, 0.0000000000000000000, 22.50000000000000700 ) ) ;
#1131 = PLANE ( 'NONE',  #1996 ) ;
#1132 = DIRECTION ( 'NONE',  ( -0.0000000000000000000, -0.0000000000000000000, -1.000000000000000000 ) ) ;
#1133 = CARTESIAN_POINT ( 'NONE',  ( -22.50000000000000700, -14.50000000000000000, 14.50000000000000500 ) ) ;
#1134 = DIRECTION ( 'NONE',  ( 0.0000000000000000000, 0.0000000000000000000, -1.000000000000000000 ) ) ;
#1135 = CARTESIAN_POINT ( 'NONE',  ( 14.50000000000000200, -22.50000000000000000, 14.50000000000000500 ) ) ;
#1136 = DIRECTION ( 'NONE',  ( -0.0000000000000000000, 1.000000000000000000, -0.0000000000000000000 ) ) ;
#1137 = DIRECTION ( 'NONE',  ( 0.0000000000000000000, 0.0000000000000000000, -1.000000000000000000 ) ) ;
#1138 = DIRECTION ( 'NONE',  ( -1.000000000000000000, 0.0000000000000000000, 0.0000000000000000000 ) ) ;
#1139 = DIRECTION ( 'NONE',  ( 0.0000000000000000000, 1.000000000000000000, 0.0000000000000000000 ) ) ;
#1140 = DIRECTION ( 'NONE',  ( 0.0000000000000000000, 0.0000000000000000000, 1.000000000000000000 ) ) ;
#1141 = DIRECTION ( 'NONE',  ( 0.0000000000000000000, 0.0000000000000000000, 1.000000000000000000 ) ) ;
#1142 = CARTESIAN_POINT ( 'NONE',  ( -14.49999999999999800, -22.50000000000000000, 14.50000000000000500 ) ) ;
#1143 = DIRECTION ( 'NONE',  ( 0.0000000000000000000, -0.0000000000000000000, 1.000000000000000000 ) ) ;
#1144 = CARTESIAN_POINT ( 'NONE',  ( 0.0000000000000000000, 0.0000000000000000000, 0.0000000000000000000 ) ) ;
#1145 = DIRECTION ( 'NONE',  ( -1.000000000000000000, 0.0000000000000000000, -0.0000000000000000000 ) ) ;
#1146 = DIRECTION ( 'NONE',  ( 0.0000000000000000000, 0.0000000000000000000, -1.000000000000000000 ) ) ;
#1147 = DIRECTION ( 'NONE',  ( 0.0000000000000000000, 0.0000000000000000000, -1.000000000000000000 ) ) ;
#1148 = DIRECTION ( 'NONE',  ( 1.000000000000000000, -0.0000000000000000000, -0.0000000000000000000 ) ) ;
#1149 = DIRECTION ( 'NONE',  ( 0.0000000000000000000, 0.0000000000000000000, -1.000000000000000000 ) ) ;
#1150 = DIRECTION ( 'NONE',  ( -0.0000000000000000000, 1.000000000000000000, -0.0000000000000000000 ) ) ;
#1151 = DIRECTION ( 'NONE',  ( -1.000000000000000000, 0.0000000000000000000, 0.0000000000000000000 ) ) ;
#1152 = CARTESIAN_POINT ( 'NONE',  ( -22.50000000000000700, -22.50000000000000000, 45.00000000000000000 ) ) ;
#1153 = CARTESIAN_POINT ( 'NONE',  ( 0.0000000000000000000, 0.0000000000000000000, 1.000000000000000000 ) ) ;
#1154 = PLANE ( 'NONE',  #1995 ) ;
#1155 = DIRECTION ( 'NONE',  ( 1.000000000000000000, -0.0000000000000000000, -0.0000000000000000000 ) ) ;
#1156 = DIRECTION ( 'NONE',  ( 0.0000000000000000000, 0.0000000000000000000, -1.000000000000000000 ) ) ;
#1157 = DIRECTION ( 'NONE',  ( 0.0000000000000000000, 0.0000000000000000000, 1.000000000000000000 ) ) ;
#1158 = CARTESIAN_POINT ( 'NONE',  ( -14.50000000000005500, -22.50000000000000000, 30.50000000000000700 ) ) ;
#1159 = PLANE ( 'NONE',  #1999 ) ;
#1160 = CARTESIAN_POINT ( 'NONE',  ( 0.0000000000000000000, 0.0000000000000000000, 1.000000000000000000 ) ) ;
#1161 = DIRECTION ( 'NONE',  ( 1.000000000000000000, 0.0000000000000000000, -0.0000000000000000000 ) ) ;
#1162 = DIRECTION ( 'NONE',  ( -0.0000000000000000000, 1.000000000000000000, -0.0000000000000000000 ) ) ;
#1163 = CARTESIAN_POINT ( 'NONE',  ( 0.0000000000000000000, 0.0000000000000000000, 7.000000000000000000 ) ) ;
#1164 = DIRECTION ( 'NONE',  ( -1.000000000000000000, 0.0000000000000000000, 0.0000000000000000000 ) ) ;
#1165 = CARTESIAN_POINT ( 'NONE',  ( 0.0000000000000000000, -22.50000000000000000, 22.50000000000000700 ) ) ;
#1166 = CARTESIAN_POINT ( 'NONE',  ( 19.49999999999998200, 19.50000000000000000, 45.00000000000000000 ) ) ;
#1167 = DIRECTION ( 'NONE',  ( 0.0000000000000000000, 0.0000000000000000000, -1.000000000000000000 ) ) ;
#1168 = CARTESIAN_POINT ( 'NONE',  ( 0.0000000000000000000, 0.0000000000000000000, 7.000000000000000000 ) ) ;
#1169 = DIRECTION ( 'NONE',  ( 0.0000000000000000000, -0.0000000000000000000, 1.000000000000000000 ) ) ;
#1170 = DIRECTION ( 'NONE',  ( 0.0000000000000000000, 0.0000000000000000000, 1.000000000000000000 ) ) ;
#1171 = CARTESIAN_POINT ( 'NONE',  ( -15.50000000000000700, 0.0000000000000000000, 22.50000000000000700 ) ) ;
#1172 = DIRECTION ( 'NONE',  ( 0.0000000000000000000, 0.0000000000000000000, -1.000000000000000000 ) ) ;
#1173 = DIRECTION ( 'NONE',  ( 0.0000000000000000000, 0.0000000000000000000, -1.000000000000000000 ) ) ;
#1174 = DIRECTION ( 'NONE',  ( -1.000000000000000000, 0.0000000000000000000, 0.0000000000000000000 ) ) ;
#1175 = CARTESIAN_POINT ( 'NONE',  ( -22.50000000000000700, 0.0000000000000000000, 22.50000000000000700 ) ) ;
#1176 = DIRECTION ( 'NONE',  ( 0.0000000000000000000, 0.0000000000000000000, -1.000000000000000000 ) ) ;
#1177 = DIRECTION ( 'NONE',  ( -1.000000000000000000, 0.0000000000000000000, 0.0000000000000000000 ) ) ;
#1178 = DIRECTION ( 'NONE',  ( 1.000000000000000000, 0.0000000000000000000, 0.0000000000000000000 ) ) ;
#1179 = PLANE ( 'NONE',  #2015 ) ;
#1180 = PLANE ( 'NONE',  #1993 ) ;
#1181 = DIRECTION ( 'NONE',  ( 1.000000000000000000, -0.0000000000000000000, -0.0000000000000000000 ) ) ;
#1182 = DIRECTION ( 'NONE',  ( 0.0000000000000000000, 0.0000000000000000000, -1.000000000000000000 ) ) ;
#1183 = DIRECTION ( 'NONE',  ( -1.000000000000000000, 0.0000000000000000000, 0.0000000000000000000 ) ) ;
#1184 = CARTESIAN_POINT ( 'NONE',  ( -15.50000000000000700, 0.0000000000000000000, 22.50000000000000700 ) ) ;
#1185 = DIRECTION ( 'NONE',  ( 0.0000000000000000000, 0.0000000000000000000, -1.000000000000000000 ) ) ;
#1186 = CARTESIAN_POINT ( 'NONE',  ( 0.0000000000000000000, 19.50000000000000000, 41.99999999999999300 ) ) ;
#1187 = DIRECTION ( 'NONE',  ( -1.000000000000000000, 0.0000000000000000000, 0.0000000000000000000 ) ) ;
#1188 = CARTESIAN_POINT ( 'NONE',  ( -15.50000000000000700, 0.0000000000000000000, 22.50000000000000700 ) ) ;
#1189 = DIRECTION ( 'NONE',  ( -1.000000000000000000, 0.0000000000000000000, 0.0000000000000000000 ) ) ;
#1190 = DIRECTION ( 'NONE',  ( -0.0000000000000000000, 1.000000000000000000, -0.0000000000000000000 ) ) ;
#1191 = CARTESIAN_POINT ( 'NONE',  ( 0.0000000000000000000, 0.0000000000000000000, 7.000000000000000000 ) ) ;
#1192 = DIRECTION ( 'NONE',  ( 0.0000000000000000000, 0.0000000000000000000, -1.000000000000000000 ) ) ;
#1193 = DIRECTION ( 'NONE',  ( 0.0000000000000000000, 0.0000000000000000000, -1.000000000000000000 ) ) ;
#1194 = CARTESIAN_POINT ( 'NONE',  ( 0.0000000000000000000, -15.50000000000000000, 22.50000000000000700 ) ) ;
#1195 = DIRECTION ( 'NONE',  ( 1.000000000000000000, -0.0000000000000000000, -0.0000000000000000000 ) ) ;
#1196 = DIRECTION ( 'NONE',  ( 0.0000000000000000000, 0.0000000000000000000, 1.000000000000000000 ) ) ;
#1197 = CARTESIAN_POINT ( 'NONE',  ( -22.50000000000000700, -22.50000000000000000, 45.00000000000000000 ) ) ;
#1198 = PLANE ( 'NONE',  #2017 ) ;
#1199 = DIRECTION ( 'NONE',  ( -0.0000000000000000000, -0.0000000000000000000, -1.000000000000000000 ) ) ;
#1200 = DIRECTION ( 'NONE',  ( 0.0000000000000000000, 1.000000000000000000, 0.0000000000000000000 ) ) ;
#1201 = DIRECTION ( 'NONE',  ( 0.0000000000000000000, 0.0000000000000000000, -1.000000000000000000 ) ) ;
#1202 = DIRECTION ( 'NONE',  ( 1.000000000000000000, 0.0000000000000000000, 0.0000000000000000000 ) ) ;
#1203 = CARTESIAN_POINT ( 'NONE',  ( 0.0000000000000000000, 0.0000000000000000000, 1.000000000000000000 ) ) ;
#1204 = DIRECTION ( 'NONE',  ( 1.000000000000000000, -0.0000000000000000000, -0.0000000000000000000 ) ) ;
#1205 = DIRECTION ( 'NONE',  ( 0.0000000000000000000, 0.0000000000000000000, -1.000000000000000000 ) ) ;
#1206 = CARTESIAN_POINT ( 'NONE',  ( -15.50000000000000700, 0.0000000000000000000, 22.50000000000000700 ) ) ;
#1207 = CARTESIAN_POINT ( 'NONE',  ( 0.0000000000000000000, -15.50000000000000000, 22.50000000000000700 ) ) ;
#1208 = DIRECTION ( 'NONE',  ( -0.0000000000000000000, 1.000000000000000000, -0.0000000000000000000 ) ) ;
#1209 = DIRECTION ( 'NONE',  ( 0.0000000000000000000, 0.0000000000000000000, 1.000000000000000000 ) ) ;
#1210 = PLANE ( 'NONE',  #2050 ) ;
#1211 = DIRECTION ( 'NONE',  ( -0.0000000000000000000, 1.000000000000000000, -0.0000000000000000000 ) ) ;
#1212 = CARTESIAN_POINT ( 'NONE',  ( -22.50000000000000700, 22.50000000000000000, 45.00000000000000000 ) ) ;
#1213 = DIRECTION ( 'NONE',  ( 0.0000000000000000000, -1.000000000000000000, 0.0000000000000000000 ) ) ;
#1214 = CARTESIAN_POINT ( 'NONE',  ( 0.0000000000000000000, -22.50000000000000000, 22.50000000000000700 ) ) ;
#1215 = DIRECTION ( 'NONE',  ( -1.000000000000000000, 0.0000000000000000000, 0.0000000000000000000 ) ) ;
#1216 = DIRECTION ( 'NONE',  ( 0.0000000000000000000, -0.0000000000000000000, -1.000000000000000000 ) ) ;
#1217 = DIRECTION ( 'NONE',  ( 0.0000000000000000000, 0.0000000000000000000, 1.000000000000000000 ) ) ;
#1218 = CARTESIAN_POINT ( 'NONE',  ( 0.0000000000000000000, 21.50000000000000400, 22.50000000000000700 ) ) ;
#1219 = DIRECTION ( 'NONE',  ( 0.0000000000000000000, 1.000000000000000000, 0.0000000000000000000 ) ) ;
#1220 = CARTESIAN_POINT ( 'NONE',  ( 19.49999999999999300, 0.0000000000000000000, 41.99999999999999300 ) ) ;
#1221 = DIRECTION ( 'NONE',  ( 0.0000000000000000000, 1.000000000000000000, 0.0000000000000000000 ) ) ;
#1222 = DIRECTION ( 'NONE',  ( 0.0000000000000000000, 0.0000000000000000000, 1.000000000000000000 ) ) ;
#1223 = CARTESIAN_POINT ( 'NONE',  ( -22.50000000000000700, -14.50000000000000000, 30.50000000000000700 ) ) ;
#1224 = DIRECTION ( 'NONE',  ( -0.0000000000000000000, 1.000000000000000000, -0.0000000000000000000 ) ) ;
#1225 = DIRECTION ( 'NONE',  ( -0.0000000000000000000, -0.0000000000000000000, -1.000000000000000000 ) ) ;
#1226 = DIRECTION ( 'NONE',  ( -1.000000000000000000, -0.0000000000000000000, -0.0000000000000000000 ) ) ;
#1227 = CARTESIAN_POINT ( 'NONE',  ( 0.0000000000000000000, -15.50000000000000000, 22.50000000000000700 ) ) ;
#1228 = DIRECTION ( 'NONE',  ( 0.0000000000000000000, 0.0000000000000000000, 1.000000000000000000 ) ) ;
#1229 = DIRECTION ( 'NONE',  ( 0.0000000000000000000, 0.0000000000000000000, -1.000000000000000000 ) ) ;
#1230 = PLANE ( 'NONE',  #2062 ) ;
#1231 = DIRECTION ( 'NONE',  ( 0.0000000000000000000, 0.0000000000000000000, -1.000000000000000000 ) ) ;
#1232 = DIRECTION ( 'NONE',  ( 1.000000000000000000, -0.0000000000000000000, -0.0000000000000000000 ) ) ;
#1233 = CARTESIAN_POINT ( 'NONE',  ( 14.49999999999994700, -22.50000000000000000, 30.50000000000000700 ) ) ;
#1234 = CARTESIAN_POINT ( 'NONE',  ( 0.0000000000000000000, 0.0000000000000000000, 45.00000000000000000 ) ) ;
#1235 = DIRECTION ( 'NONE',  ( 1.000000000000000000, -0.0000000000000000000, -0.0000000000000000000 ) ) ;
#1236 = DIRECTION ( 'NONE',  ( 0.0000000000000000000, 0.0000000000000000000, 1.000000000000000000 ) ) ;
#1237 = DIRECTION ( 'NONE',  ( 0.0000000000000000000, 0.0000000000000000000, 1.000000000000000000 ) ) ;
#1238 = DIRECTION ( 'NONE',  ( 1.000000000000000000, -0.0000000000000000000, -0.0000000000000000000 ) ) ;
#1239 = CARTESIAN_POINT ( 'NONE',  ( 0.0000000000000000000, 0.0000000000000000000, 7.000000000000000000 ) ) ;
#1240 = DIRECTION ( 'NONE',  ( -1.000000000000000000, 0.0000000000000000000, 0.0000000000000000000 ) ) ;
#1241 = DIRECTION ( 'NONE',  ( -0.0000000000000000000, 1.000000000000000000, -0.0000000000000000000 ) ) ;
#1242 = DIRECTION ( 'NONE',  ( 0.0000000000000000000, 0.0000000000000000000, -1.000000000000000000 ) ) ;
#1243 = CARTESIAN_POINT ( 'NONE',  ( -15.50000000000000700, 0.0000000000000000000, 22.50000000000000700 ) ) ;
#1244 = CARTESIAN_POINT ( 'NONE',  ( -22.50000000000000700, -14.50000000000000000, 14.50000000000000500 ) ) ;
#1245 = CARTESIAN_POINT ( 'NONE',  ( -26.50000000000000700, -14.50000000000000000, 14.50000000000000500 ) ) ;
#1246 = DIRECTION ( 'NONE',  ( 0.0000000000000000000, 0.0000000000000000000, 1.000000000000000000 ) ) ;
#1247 = DIRECTION ( 'NONE',  ( 1.000000000000000000, -0.0000000000000000000, -0.0000000000000000000 ) ) ;
#1248 = DIRECTION ( 'NONE',  ( 0.0000000000000000000, 0.0000000000000000000, -1.000000000000000000 ) ) ;
#1249 = DIRECTION ( 'NONE',  ( -1.000000000000000000, 0.0000000000000000000, -0.0000000000000000000 ) ) ;
#1250 = PLANE ( 'NONE',  #2067 ) ;
#1251 = DIRECTION ( 'NONE',  ( 0.0000000000000000000, 0.0000000000000000000, 1.000000000000000000 ) ) ;
#1252 = CARTESIAN_POINT ( 'NONE',  ( -22.50000000000000700, 14.50000000000000000, 30.49999999999990400 ) ) ;
#1253 = DIRECTION ( 'NONE',  ( -0.0000000000000000000, 1.000000000000000000, -0.0000000000000000000 ) ) ;
#1254 = DIRECTION ( 'NONE',  ( -1.000000000000000000, 0.0000000000000000000, -0.0000000000000000000 ) ) ;
#1255 = PLANE ( 'NONE',  #2065 ) ;
#1256 = DIRECTION ( 'NONE',  ( 0.7071067811865475700, 0.7071067811865475700, -0.0000000000000000000 ) ) ;
#1257 = CARTESIAN_POINT ( 'NONE',  ( 19.49999999999999300, 19.50000000000000000, 41.99999999999999300 ) ) ;
#1258 = DIRECTION ( 'NONE',  ( 0.0000000000000000000, 1.000000000000000000, 0.0000000000000000000 ) ) ;
#1259 = DIRECTION ( 'NONE',  ( 1.000000000000000000, 0.0000000000000000000, 0.0000000000000000000 ) ) ;
#1260 = DIRECTION ( 'NONE',  ( 0.0000000000000000000, -1.000000000000000000, 0.0000000000000000000 ) ) ;
#1261 = CARTESIAN_POINT ( 'NONE',  ( -22.50000000000000700, 14.50000000000000000, 14.49999999999990600 ) ) ;
#1262 = DIRECTION ( 'NONE',  ( 0.0000000000000000000, 0.0000000000000000000, 1.000000000000000000 ) ) ;
#1263 = DIRECTION ( 'NONE',  ( -1.000000000000000000, 0.0000000000000000000, 0.0000000000000000000 ) ) ;
#1264 = DIRECTION ( 'NONE',  ( 1.000000000000000000, -0.0000000000000000000, -0.0000000000000000000 ) ) ;
#1265 = CARTESIAN_POINT ( 'NONE',  ( 0.0000000000000000000, 0.0000000000000000000, 27.49999999999999600 ) ) ;
#1266 = PLANE ( 'NONE',  #2068 ) ;
#1267 = DIRECTION ( 'NONE',  ( 1.000000000000000000, 0.0000000000000000000, 0.0000000000000000000 ) ) ;
#1268 = CARTESIAN_POINT ( 'NONE',  ( -14.49999999999999800, -26.50000000000000000, 14.50000000000000500 ) ) ;
#1269 = CARTESIAN_POINT ( 'NONE',  ( 21.49999999999998600, 0.0000000000000000000, 22.50000000000000700 ) ) ;
#1270 = PLANE ( 'NONE',  #2058 ) ;
#1271 = CARTESIAN_POINT ( 'NONE',  ( -22.50000000000000700, 14.50000000000000000, 30.49999999999990400 ) ) ;
#1272 = DIRECTION ( 'NONE',  ( 0.0000000000000000000, 0.0000000000000000000, 1.000000000000000000 ) ) ;
#1273 = PLANE ( 'NONE',  #2037 ) ;
#1274 = DIRECTION ( 'NONE',  ( 0.0000000000000000000, 0.0000000000000000000, 1.000000000000000000 ) ) ;
#1275 = DIRECTION ( 'NONE',  ( 0.0000000000000000000, -0.0000000000000000000, -1.000000000000000000 ) ) ;
#1276 = CARTESIAN_POINT ( 'NONE',  ( -14.50000000000005500, -26.50000000000000000, 30.50000000000000700 ) ) ;
#1277 = CARTESIAN_POINT ( 'NONE',  ( -14.50000000000005500, -22.50000000000000000, 30.50000000000000700 ) ) ;
#1278 = PLANE ( 'NONE',  #2034 ) ;
#1279 = CARTESIAN_POINT ( 'NONE',  ( -26.50000000000000700, -14.50000000000000000, 30.50000000000000700 ) ) ;
#1280 = DIRECTION ( 'NONE',  ( -1.000000000000000000, 0.0000000000000000000, 0.0000000000000000000 ) ) ;
#1281 = CARTESIAN_POINT ( 'NONE',  ( -12.50000000000000500, -22.50000000000000000, 27.49999999999999600 ) ) ;
#1282 = DIRECTION ( 'NONE',  ( 0.0000000000000000000, -1.000000000000000000, 0.0000000000000000000 ) ) ;
#1283 = DIRECTION ( 'NONE',  ( 1.000000000000000000, -0.0000000000000000000, -0.0000000000000000000 ) ) ;
#1284 = DIRECTION ( 'NONE',  ( -0.0000000000000000000, 1.000000000000000000, -0.0000000000000000000 ) ) ;
#1285 = CARTESIAN_POINT ( 'NONE',  ( -26.50000000000000700, 14.50000000000000000, 14.49999999999990600 ) ) ;
#1286 = DIRECTION ( 'NONE',  ( 0.0000000000000000000, 0.0000000000000000000, -1.000000000000000000 ) ) ;
#1287 = CARTESIAN_POINT ( 'NONE',  ( -26.50000000000000700, 14.50000000000000000, 30.49999999999990400 ) ) ;
#1288 = DIRECTION ( 'NONE',  ( -1.000000000000000000, 0.0000000000000000000, 0.0000000000000000000 ) ) ;
#1289 = DIRECTION ( 'NONE',  ( 0.0000000000000000000, -0.0000000000000000000, -1.000000000000000000 ) ) ;
#1290 = DIRECTION ( 'NONE',  ( 0.0000000000000000000, 0.0000000000000000000, 1.000000000000000000 ) ) ;
#1291 = PLANE ( 'NONE',  #2070 ) ;
#1292 = DIRECTION ( 'NONE',  ( 0.0000000000000000000, 0.0000000000000000000, -1.000000000000000000 ) ) ;
#1293 = DIRECTION ( 'NONE',  ( -0.7071067811865474600, 0.7071067811865474600, 0.0000000000000000000 ) ) ;
#1294 = DIRECTION ( 'NONE',  ( 0.0000000000000000000, 0.0000000000000000000, 1.000000000000000000 ) ) ;
#1295 = DIRECTION ( 'NONE',  ( 0.0000000000000000000, 0.0000000000000000000, 1.000000000000000000 ) ) ;
#1296 = CARTESIAN_POINT ( 'NONE',  ( 0.0000000000000000000, -15.50000000000000000, 22.50000000000000700 ) ) ;
#1297 = DIRECTION ( 'NONE',  ( 0.0000000000000000000, 0.0000000000000000000, -1.000000000000000000 ) ) ;
#1298 = DIRECTION ( 'NONE',  ( 0.0000000000000000000, 0.0000000000000000000, -1.000000000000000000 ) ) ;
#1299 = PLANE ( 'NONE',  #2054 ) ;
#1300 = DIRECTION ( 'NONE',  ( 1.000000000000000000, 0.0000000000000000000, 0.0000000000000000000 ) ) ;
#1301 = CARTESIAN_POINT ( 'NONE',  ( 21.49999999999998600, 0.0000000000000000000, 22.50000000000000700 ) ) ;
#1302 = CARTESIAN_POINT ( 'NONE',  ( 19.49999999999999300, -22.50000000000000000, 3.000000000000002700 ) ) ;
#1303 = CARTESIAN_POINT ( 'NONE',  ( 14.49999999999994700, -22.50000000000000000, 30.50000000000000700 ) ) ;
#1304 = DIRECTION ( 'NONE',  ( 0.0000000000000000000, 0.0000000000000000000, -1.000000000000000000 ) ) ;
#1305 = PLANE ( 'NONE',  #2047 ) ;
#1306 = DIRECTION ( 'NONE',  ( 1.000000000000000000, 0.0000000000000000000, 0.0000000000000000000 ) ) ;
#1307 = CARTESIAN_POINT ( 'NONE',  ( -22.50000000000000700, 14.50000000000000000, 30.49999999999990400 ) ) ;
#1308 = CARTESIAN_POINT ( 'NONE',  ( 14.49999999999994700, -26.50000000000000000, 30.50000000000000700 ) ) ;
#1309 = CARTESIAN_POINT ( 'NONE',  ( 0.0000000000000000000, 21.50000000000000400, 22.50000000000000700 ) ) ;
#1310 = DIRECTION ( 'NONE',  ( 0.0000000000000000000, -1.000000000000000000, 0.0000000000000000000 ) ) ;
#1311 = CARTESIAN_POINT ( 'NONE',  ( -22.50000000000000700, 19.50000000000000000, 3.000000000000002700 ) ) ;
#1312 = DIRECTION ( 'NONE',  ( -0.0000000000000000000, 1.000000000000000000, -0.0000000000000000000 ) ) ;
#1313 = PLANE ( 'NONE',  #2066 ) ;
#1314 = CARTESIAN_POINT ( 'NONE',  ( 0.0000000000000000000, 0.0000000000000000000, 17.49999999999999600 ) ) ;
#1315 = DIRECTION ( 'NONE',  ( 0.0000000000000000000, 0.0000000000000000000, -1.000000000000000000 ) ) ;
#1316 = DIRECTION ( 'NONE',  ( -1.000000000000000000, 0.0000000000000000000, -0.0000000000000000000 ) ) ;
#1317 = DIRECTION ( 'NONE',  ( -1.000000000000000000, -0.0000000000000000000, -0.0000000000000000000 ) ) ;
#1318 = DIRECTION ( 'NONE',  ( 0.0000000000000000000, 0.0000000000000000000, -1.000000000000000000 ) ) ;
#1319 = DIRECTION ( 'NONE',  ( -1.000000000000000000, -0.0000000000000000000, -0.0000000000000000000 ) ) ;
#1320 = DIRECTION ( 'NONE',  ( -0.0000000000000000000, 1.000000000000000000, -0.0000000000000000000 ) ) ;
#1321 = CARTESIAN_POINT ( 'NONE',  ( 14.50000000000000200, -26.50000000000000000, 14.50000000000000500 ) ) ;
#1322 = DIRECTION ( 'NONE',  ( 0.0000000000000000000, -1.000000000000000000, 0.0000000000000000000 ) ) ;
#1323 = DIRECTION ( 'NONE',  ( 0.0000000000000000000, -1.000000000000000000, 0.0000000000000000000 ) ) ;
#1324 = DIRECTION ( 'NONE',  ( 1.000000000000000000, -0.0000000000000000000, -0.0000000000000000000 ) ) ;
#1325 = CARTESIAN_POINT ( 'NONE',  ( -22.50000000000000700, 22.50000000000000000, 41.99999999999999300 ) ) ;
#1326 = DIRECTION ( 'NONE',  ( 0.0000000000000000000, 0.0000000000000000000, -1.000000000000000000 ) ) ;
#1327 = DIRECTION ( 'NONE',  ( 0.0000000000000000000, 0.0000000000000000000, 1.000000000000000000 ) ) ;
#1328 = CARTESIAN_POINT ( 'NONE',  ( 19.49999999999999300, 19.50000000000000000, 3.000000000000000000 ) ) ;
#1329 = PLANE ( 'NONE',  #2040 ) ;
#1330 = DIRECTION ( 'NONE',  ( 0.0000000000000000000, -0.0000000000000000000, -1.000000000000000000 ) ) ;
#1331 = DIRECTION ( 'NONE',  ( 0.0000000000000000000, 0.0000000000000000000, 1.000000000000000000 ) ) ;
#1332 = CARTESIAN_POINT ( 'NONE',  ( -14.49999999999999800, -22.50000000000000000, 14.50000000000000500 ) ) ;
#1333 = DIRECTION ( 'NONE',  ( 0.0000000000000000000, 0.0000000000000000000, -1.000000000000000000 ) ) ;
#1334 = DIRECTION ( 'NONE',  ( 0.0000000000000000000, 1.000000000000000000, 0.0000000000000000000 ) ) ;
#1335 = DIRECTION ( 'NONE',  ( 0.0000000000000000000, 0.0000000000000000000, -1.000000000000000000 ) ) ;
#1336 = CARTESIAN_POINT ( 'NONE',  ( -22.50000000000000700, -14.50000000000000000, 30.50000000000000700 ) ) ;
#1337 = CARTESIAN_POINT ( 'NONE',  ( 14.50000000000000200, -22.50000000000000000, 14.50000000000000500 ) ) ;
#1338 = CARTESIAN_POINT ( 'NONE',  ( -22.50000000000000700, -14.50000000000000000, 14.50000000000000500 ) ) ;
#1339 = DIRECTION ( 'NONE',  ( -0.0000000000000000000, 1.000000000000000000, -0.0000000000000000000 ) ) ;
#1340 = DIRECTION ( 'NONE',  ( 0.0000000000000000000, -0.0000000000000000000, -1.000000000000000000 ) ) ;
#1341 = DIRECTION ( 'NONE',  ( 0.0000000000000000000, 1.000000000000000000, 0.0000000000000000000 ) ) ;
#1342 = DIRECTION ( 'NONE',  ( 1.000000000000000000, 0.0000000000000000000, 0.0000000000000000000 ) ) ;
#1343 = DIRECTION ( 'NONE',  ( 1.000000000000000000, -0.0000000000000000000, -0.0000000000000000000 ) ) ;
#1344 = DIRECTION ( 'NONE',  ( 0.0000000000000000000, 0.0000000000000000000, -1.000000000000000000 ) ) ;
#1345 = DIRECTION ( 'NONE',  ( 0.0000000000000000000, 0.0000000000000000000, -1.000000000000000000 ) ) ;
#1346 = DIRECTION ( 'NONE',  ( 1.000000000000000000, 0.0000000000000000000, 0.0000000000000000000 ) ) ;
#1347 = DIRECTION ( 'NONE',  ( -1.000000000000000000, 0.0000000000000000000, 0.0000000000000000000 ) ) ;
#1348 = CARTESIAN_POINT ( 'NONE',  ( 21.49999999999998600, 0.0000000000000000000, 10.50000000000000400 ) ) ;
#1349 = DIRECTION ( 'NONE',  ( 0.0000000000000000000, 0.0000000000000000000, 1.000000000000000000 ) ) ;
#1350 = CARTESIAN_POINT ( 'NONE',  ( 0.0000000000000000000, 0.0000000000000000000, 1.000000000000000000 ) ) ;
#1351 = CARTESIAN_POINT ( 'NONE',  ( 0.0000000000000000000, 0.0000000000000000000, 7.000000000000000000 ) ) ;
#1352 = CARTESIAN_POINT ( 'NONE',  ( -26.50000000000000700, -14.50000000000000000, 14.50000000000000500 ) ) ;
#1353 = DIRECTION ( 'NONE',  ( 1.000000000000000000, 0.0000000000000000000, 0.0000000000000000000 ) ) ;
#1354 = DIRECTION ( 'NONE',  ( 0.0000000000000000000, 0.0000000000000000000, 1.000000000000000000 ) ) ;
#1355 = DIRECTION ( 'NONE',  ( -1.000000000000000000, 0.0000000000000000000, 0.0000000000000000000 ) ) ;
#1356 = DIRECTION ( 'NONE',  ( 0.0000000000000000000, 0.0000000000000000000, 1.000000000000000000 ) ) ;
#1357 = DIRECTION ( 'NONE',  ( 0.0000000000000000000, 0.0000000000000000000, 1.000000000000000000 ) ) ;
#1358 = DIRECTION ( 'NONE',  ( 0.7071067811865469100, 8.659560562354941500E-017, 0.7071067811865482400 ) ) ;
#1359 = CARTESIAN_POINT ( 'NONE',  ( 0.0000000000000000000, 21.50000000000000400, 22.50000000000000700 ) ) ;
#1360 = DIRECTION ( 'NONE',  ( 1.000000000000000000, 3.469446951953615000E-015, 0.0000000000000000000 ) ) ;
#1361 = DIRECTION ( 'NONE',  ( 0.0000000000000000000, 0.0000000000000000000, -1.000000000000000000 ) ) ;
#1362 = DIRECTION ( 'NONE',  ( 0.7071067811865469100, 0.0000000000000000000, -0.7071067811865482400 ) ) ;
#1363 = DIRECTION ( 'NONE',  ( -3.469446951953615400E-015, 1.000000000000000000, 0.0000000000000000000 ) ) ;
#1364 = DIRECTION ( 'NONE',  ( -0.0000000000000000000, -0.0000000000000000000, -1.000000000000000000 ) ) ;
#1365 = CARTESIAN_POINT ( 'NONE',  ( 19.49999999999999300, 19.50000000000000000, 3.000000000000000000 ) ) ;
#1366 = DIRECTION ( 'NONE',  ( 0.0000000000000000000, 0.0000000000000000000, 1.000000000000000000 ) ) ;
#1367 = CARTESIAN_POINT ( 'NONE',  ( -22.50000000000000700, -12.49999999999999800, 27.49999999999999600 ) ) ;
#1368 = DIRECTION ( 'NONE',  ( 0.0000000000000000000, -1.000000000000000000, 0.0000000000000000000 ) ) ;
#1369 = CARTESIAN_POINT ( 'NONE',  ( 21.49999999999998600, 0.0000000000000000000, 22.50000000000000700 ) ) ;
#1370 = DIRECTION ( 'NONE',  ( 1.000000000000000000, 0.0000000000000000000, 0.0000000000000000000 ) ) ;
#1371 = CARTESIAN_POINT ( 'NONE',  ( -12.00000000000000500, 0.0000000000000000000, 1.000000000000000000 ) ) ;
#1372 = CARTESIAN_POINT ( 'NONE',  ( 21.49999999999998600, 1.469576158976824100E-015, 34.50000000000000700 ) ) ;
#1373 = DIRECTION ( 'NONE',  ( 0.0000000000000000000, 1.000000000000000000, 0.0000000000000000000 ) ) ;
#1374 = DIRECTION ( 'NONE',  ( -0.7071067811865482400, 0.0000000000000000000, -0.7071067811865469100 ) ) ;
#1375 = DIRECTION ( 'NONE',  ( 0.0000000000000000000, -1.000000000000000000, 0.0000000000000000000 ) ) ;
#1376 = CARTESIAN_POINT ( 'NONE',  ( 22.49999999999999300, 0.0000000000000000000, 22.50000000000000700 ) ) ;
#1377 = DIRECTION ( 'NONE',  ( 1.000000000000000000, 0.0000000000000000000, 0.0000000000000000000 ) ) ;
#1378 = DIRECTION ( 'NONE',  ( 0.0000000000000000000, 0.0000000000000000000, 1.000000000000000000 ) ) ;
#1379 = CARTESIAN_POINT ( 'NONE',  ( -14.49999999999999800, -26.50000000000000000, 14.50000000000000500 ) ) ;
#1380 = DIRECTION ( 'NONE',  ( 0.0000000000000000000, 0.0000000000000000000, -1.000000000000000000 ) ) ;
#1381 = CARTESIAN_POINT ( 'NONE',  ( 0.0000000000000000000, 22.50000000000000000, 22.50000000000000700 ) ) ;
#1382 = CARTESIAN_POINT ( 'NONE',  ( 0.0000000000000000000, 0.0000000000000000000, 1.000000000000000000 ) ) ;
#1383 = DIRECTION ( 'NONE',  ( 0.0000000000000000000, 1.000000000000000000, 0.0000000000000000000 ) ) ;
#1384 = CARTESIAN_POINT ( 'NONE',  ( -12.00000000000000200, 0.0000000000000000000, 7.000000000000000000 ) ) ;
#1385 = DIRECTION ( 'NONE',  ( -0.0000000000000000000, -0.0000000000000000000, -1.000000000000000000 ) ) ;
#1386 = DIRECTION ( 'NONE',  ( -0.0000000000000000000, -0.0000000000000000000, -1.000000000000000000 ) ) ;
#1387 = DIRECTION ( 'NONE',  ( 0.0000000000000000000, 0.0000000000000000000, 1.000000000000000000 ) ) ;
#1388 = DIRECTION ( 'NONE',  ( -1.000000000000000000, 0.0000000000000000000, 0.0000000000000000000 ) ) ;
#1389 = DIRECTION ( 'NONE',  ( 1.000000000000000000, 0.0000000000000000000, 0.0000000000000000000 ) ) ;
#1390 = DIRECTION ( 'NONE',  ( 1.000000000000000000, 0.0000000000000000000, 0.0000000000000000000 ) ) ;
#1391 = DIRECTION ( 'NONE',  ( 0.0000000000000000000, 0.0000000000000000000, -1.000000000000000000 ) ) ;
#1392 = CARTESIAN_POINT ( 'NONE',  ( -12.50000000000000500, -22.50000000000000000, 17.49999999999999600 ) ) ;
#1393 = CARTESIAN_POINT ( 'NONE',  ( 12.00000000000000500, 1.469576158976824500E-015, 1.000000000000000000 ) ) ;
#1394 = DIRECTION ( 'NONE',  ( 0.0000000000000000000, 0.0000000000000000000, 1.000000000000000000 ) ) ;
#1395 = DIRECTION ( 'NONE',  ( 0.0000000000000000000, 0.0000000000000000000, 1.000000000000000000 ) ) ;
#1396 = CARTESIAN_POINT ( 'NONE',  ( -22.50000000000000700, 14.50000000000000000, 16.49999999999991100 ) ) ;
#1397 = DIRECTION ( 'NONE',  ( 0.9986295347545739400, 0.0000000000000000000, 0.05233595624294395300 ) ) ;
#1398 = CARTESIAN_POINT ( 'NONE',  ( 0.0000000000000000000, -22.50000000000000000, 22.50000000000000700 ) ) ;
#1399 = CARTESIAN_POINT ( 'NONE',  ( 0.0000000000000000000, -15.50000000000000000, 34.50000000000000000 ) ) ;
#1400 = CARTESIAN_POINT ( 'NONE',  ( 0.0000000000000000000, 0.0000000000000000000, 0.0000000000000000000 ) ) ;
#1401 = DIRECTION ( 'NONE',  ( 0.0000000000000000000, 0.0000000000000000000, -1.000000000000000000 ) ) ;
#1402 = DIRECTION ( 'NONE',  ( 0.9986295347545739400, -6.409306129323724800E-018, -0.05233595624294395300 ) ) ;
#1403 = DIRECTION ( 'NONE',  ( -0.0000000000000000000, -1.000000000000000000, -0.0000000000000000000 ) ) ;
#1404 = CARTESIAN_POINT ( 'NONE',  ( 14.50000000000000200, -22.50000000000000000, 14.50000000000000500 ) ) ;
#1405 = DIRECTION ( 'NONE',  ( -0.0000000000000000000, -1.000000000000000000, -0.0000000000000000000 ) ) ;
#1406 = DIRECTION ( 'NONE',  ( 0.0000000000000000000, 0.0000000000000000000, 1.000000000000000000 ) ) ;
#1407 = CARTESIAN_POINT ( 'NONE',  ( 0.0000000000000000000, 0.0000000000000000000, 7.000000000000000000 ) ) ;
#1408 = DIRECTION ( 'NONE',  ( 1.000000000000000000, 0.0000000000000000000, 0.0000000000000000000 ) ) ;
#1409 = DIRECTION ( 'NONE',  ( 0.7071067811865469100, 8.659560562354927900E-017, -0.7071067811865482400 ) ) ;
#1410 = CARTESIAN_POINT ( 'NONE',  ( 0.0000000000000000000, 0.0000000000000000000, 1.000000000000000000 ) ) ;
#1411 = DIRECTION ( 'NONE',  ( 0.7071067811865482400, 8.659560562354941500E-017, -0.7071067811865469100 ) ) ;
#1412 = DIRECTION ( 'NONE',  ( 0.0000000000000000000, 0.7071067811865439100, 0.7071067811865512400 ) ) ;
#1413 = CARTESIAN_POINT ( 'NONE',  ( -22.50000000000000700, 14.50000000000000000, 28.49999999999990100 ) ) ;
#1414 = DIRECTION ( 'NONE',  ( 0.0000000000000000000, 0.0000000000000000000, -1.000000000000000000 ) ) ;
#1415 = DIRECTION ( 'NONE',  ( 1.000000000000000000, 0.0000000000000000000, 0.0000000000000000000 ) ) ;
#1416 = CARTESIAN_POINT ( 'NONE',  ( 11.00000000000000400, 1.347111479062088800E-015, 7.000000000000000000 ) ) ;
#1417 = DIRECTION ( 'NONE',  ( 1.000000000000000000, 0.0000000000000000000, 0.0000000000000000000 ) ) ;
#1418 = CARTESIAN_POINT ( 'NONE',  ( 0.0000000000000000000, 21.50000000000000400, 34.50000000000000000 ) ) ;
#1419 = CARTESIAN_POINT ( 'NONE',  ( 0.0000000000000000000, 0.0000000000000000000, 5.999999999999999100 ) ) ;
#1420 = DIRECTION ( 'NONE',  ( 0.0000000000000000000, 0.0000000000000000000, 1.000000000000000000 ) ) ;
#1421 = CARTESIAN_POINT ( 'NONE',  ( 0.0000000000000000000, 0.0000000000000000000, 5.999999999999999100 ) ) ;
#1422 = CARTESIAN_POINT ( 'NONE',  ( 19.49999999999999300, -22.50000000000000000, 3.000000000000002700 ) ) ;
#1423 = DIRECTION ( 'NONE',  ( -0.0000000000000000000, -0.0000000000000000000, -1.000000000000000000 ) ) ;
#1424 = CARTESIAN_POINT ( 'NONE',  ( -26.50000000000000700, 14.50000000000000000, 14.49999999999990600 ) ) ;
#1425 = CARTESIAN_POINT ( 'NONE',  ( -22.50000000000000700, -14.50000000000000000, 16.50000000000001100 ) ) ;
#1426 = CARTESIAN_POINT ( 'NONE',  ( -26.50000000000000700, -14.50000000000000000, 30.50000000000000700 ) ) ;
#1427 = CARTESIAN_POINT ( 'NONE',  ( -12.50000000000000500, -22.50000000000000000, 27.49999999999999600 ) ) ;
#1428 = CARTESIAN_POINT ( 'NONE',  ( 11.00000000000000000, 1.347111479062088400E-015, 7.000000000000000000 ) ) ;
#1429 = CARTESIAN_POINT ( 'NONE',  ( -14.50000000000005500, -22.50000000000000000, 30.50000000000000700 ) ) ;
#1430 = DIRECTION ( 'NONE',  ( -1.000000000000000000, 0.0000000000000000000, 0.0000000000000000000 ) ) ;
#1431 = DIRECTION ( 'NONE',  ( 1.000000000000000000, 0.0000000000000000000, 0.0000000000000000000 ) ) ;
#1432 = CARTESIAN_POINT ( 'NONE',  ( -22.50000000000000700, -22.50000000000000000, 45.00000000000000000 ) ) ;
#1433 = DIRECTION ( 'NONE',  ( 0.0000000000000000000, 0.0000000000000000000, 1.000000000000000000 ) ) ;
#1434 = DIRECTION ( 'NONE',  ( 0.0000000000000000000, 0.0000000000000000000, -1.000000000000000000 ) ) ;
#1435 = DIRECTION ( 'NONE',  ( 0.0000000000000000000, 0.0000000000000000000, 1.000000000000000000 ) ) ;
#1436 = CARTESIAN_POINT ( 'NONE',  ( -14.50000000000005500, -22.50000000000000000, 32.50000000000000700 ) ) ;
#1437 = DIRECTION ( 'NONE',  ( 0.0000000000000000000, 0.0000000000000000000, 1.000000000000000000 ) ) ;
#1438 = CARTESIAN_POINT ( 'NONE',  ( -14.50000000000005500, -22.50000000000000000, 28.50000000000000400 ) ) ;
#1439 = DIRECTION ( 'NONE',  ( -0.0000000000000000000, -0.0000000000000000000, -1.000000000000000000 ) ) ;
#1440 = DIRECTION ( 'NONE',  ( -0.0000000000000000000, -1.000000000000000000, -0.0000000000000000000 ) ) ;
#1441 = DIRECTION ( 'NONE',  ( 0.9986295347545739400, -6.409306129323724800E-018, -0.05233595624294395300 ) ) ;
#1442 = DIRECTION ( 'NONE',  ( -6.409306129323724800E-018, 0.9986295347545739400, 0.05233595624294395300 ) ) ;
#1443 = CARTESIAN_POINT ( 'NONE',  ( -14.50000000000005500, -26.50000000000000000, 30.50000000000000700 ) ) ;
#1444 = DIRECTION ( 'NONE',  ( 0.9986295347545739400, 0.0000000000000000000, 0.05233595624294395300 ) ) ;
#1445 = DIRECTION ( 'NONE',  ( 0.0000000000000000000, 0.0000000000000000000, 1.000000000000000000 ) ) ;
#1446 = DIRECTION ( 'NONE',  ( 8.659560562354978500E-017, 0.7071067811865439100, -0.7071067811865512400 ) ) ;
#1447 = DIRECTION ( 'NONE',  ( 0.0000000000000000000, 0.0000000000000000000, 1.000000000000000000 ) ) ;
#1448 = DIRECTION ( 'NONE',  ( 0.9986295347545739400, 0.0000000000000000000, 0.05233595624294395300 ) ) ;
#1449 = CARTESIAN_POINT ( 'NONE',  ( 19.49999999999999300, -22.50000000000000000, 41.99999999999999300 ) ) ;
#1450 = CARTESIAN_POINT ( 'NONE',  ( 0.0000000000000000000, -22.50000000000000000, 29.00000000000000400 ) ) ;
#1451 = DIRECTION ( 'NONE',  ( -0.0000000000000000000, 1.000000000000000000, -0.0000000000000000000 ) ) ;
#1452 = DIRECTION ( 'NONE',  ( -1.000000000000000000, 0.0000000000000000000, 0.0000000000000000000 ) ) ;
#1453 = CARTESIAN_POINT ( 'NONE',  ( -14.49999999999999800, -22.50000000000000000, 14.50000000000000500 ) ) ;
#1454 = DIRECTION ( 'NONE',  ( -0.0000000000000000000, 1.000000000000000000, -0.0000000000000000000 ) ) ;
#1455 = DIRECTION ( 'NONE',  ( -0.0000000000000000000, -1.000000000000000000, -0.0000000000000000000 ) ) ;
#1456 = CARTESIAN_POINT ( 'NONE',  ( -22.50000000000000700, -14.50000000000000000, 28.50000000000000400 ) ) ;
#1457 = DIRECTION ( 'NONE',  ( -0.0000000000000000000, -1.000000000000000000, -0.0000000000000000000 ) ) ;
#1458 = CARTESIAN_POINT ( 'NONE',  ( 1.469576158976823900E-015, 21.50000000000000400, 10.50000000000000500 ) ) ;
#1459 = DIRECTION ( 'NONE',  ( -1.000000000000000000, 0.0000000000000000000, 0.0000000000000000000 ) ) ;
#1460 = CARTESIAN_POINT ( 'NONE',  ( -22.50000000000000700, -14.50000000000000000, 32.50000000000000700 ) ) ;
#1461 = DIRECTION ( 'NONE',  ( 0.0000000000000000000, -1.000000000000000000, 0.0000000000000000000 ) ) ;
#1462 = DIRECTION ( 'NONE',  ( 0.0000000000000000000, 0.9986295347545739400, -0.05233595624294395300 ) ) ;
#1463 = CARTESIAN_POINT ( 'NONE',  ( 12.00000000000000200, 1.469576158976824100E-015, 7.000000000000000000 ) ) ;
#1464 = CARTESIAN_POINT ( 'NONE',  ( 0.0000000000000000000, 0.0000000000000000000, 0.0000000000000000000 ) ) ;
#1465 = CARTESIAN_POINT ( 'NONE',  ( 14.49999999999994700, -22.50000000000000000, 32.50000000000000700 ) ) ;
#1466 = CARTESIAN_POINT ( 'NONE',  ( -23.99999999999999300, -23.99999999999999300, 34.50000000000000000 ) ) ;
#1467 = DIRECTION ( 'NONE',  ( 1.000000000000000000, 0.0000000000000000000, 0.0000000000000000000 ) ) ;
#1468 = CARTESIAN_POINT ( 'NONE',  ( -22.50000000000000700, -14.50000000000000000, 12.49999999999999800 ) ) ;
#1469 = CARTESIAN_POINT ( 'NONE',  ( -12.50000000000000500, -22.50000000000000000, 27.49999999999999600 ) ) ;
#1470 = CARTESIAN_POINT ( 'NONE',  ( -11.00000000000000000, 0.0000000000000000000, 7.000000000000000000 ) ) ;
#1471 = DIRECTION ( 'NONE',  ( -0.0000000000000000000, -0.0000000000000000000, -1.000000000000000000 ) ) ;
#1472 = DIRECTION ( 'NONE',  ( -0.7071067811865469100, 0.0000000000000000000, -0.7071067811865482400 ) ) ;
#1473 = DIRECTION ( 'NONE',  ( 0.0000000000000000000, 0.0000000000000000000, -1.000000000000000000 ) ) ;
#1474 = CARTESIAN_POINT ( 'NONE',  ( -22.50000000000000700, 0.0000000000000000000, 22.50000000000000700 ) ) ;
#1475 = CARTESIAN_POINT ( 'NONE',  ( 14.50000000000000200, -22.50000000000000000, 16.50000000000000400 ) ) ;
#1476 = DIRECTION ( 'NONE',  ( -0.0000000000000000000, -0.0000000000000000000, -1.000000000000000000 ) ) ;
#1477 = CARTESIAN_POINT ( 'NONE',  ( 0.0000000000000000000, 0.0000000000000000000, 10.50000000000000500 ) ) ;
#1478 = CARTESIAN_POINT ( 'NONE',  ( -22.50000000000000700, -22.50000000000000000, 45.00000000000000000 ) ) ;
#1479 = CARTESIAN_POINT ( 'NONE',  ( 14.50000000000000200, -22.50000000000000000, 14.50000000000000500 ) ) ;
#1480 = DIRECTION ( 'NONE',  ( -0.0000000000000000000, -0.0000000000000000000, -1.000000000000000000 ) ) ;
#1481 = CARTESIAN_POINT ( 'NONE',  ( 0.0000000000000000000, -15.50000000000000000, 22.50000000000000700 ) ) ;
#1482 = CARTESIAN_POINT ( 'NONE',  ( 1.469576158976823900E-015, -15.50000000000000000, 10.50000000000000500 ) ) ;
#1483 = DIRECTION ( 'NONE',  ( -6.409306129323724800E-018, 0.9986295347545739400, 0.05233595624294395300 ) ) ;
#1484 = DIRECTION ( 'NONE',  ( 1.000000000000000000, 0.0000000000000000000, 0.0000000000000000000 ) ) ;
#1485 = CARTESIAN_POINT ( 'NONE',  ( -23.99999999999999600, -23.99999999999999600, 10.50000000000001400 ) ) ;
#1486 = DIRECTION ( 'NONE',  ( 0.0000000000000000000, 0.0000000000000000000, 1.000000000000000000 ) ) ;
#1487 = CARTESIAN_POINT ( 'NONE',  ( -11.00000000000000400, 0.0000000000000000000, 7.000000000000000000 ) ) ;
#1488 = DIRECTION ( 'NONE',  ( 0.0000000000000000000, 0.0000000000000000000, 1.000000000000000000 ) ) ;
#1489 = CARTESIAN_POINT ( 'NONE',  ( 0.0000000000000000000, 0.0000000000000000000, 34.50000000000000000 ) ) ;
#1490 = DIRECTION ( 'NONE',  ( -6.409306129323724800E-018, 0.9986295347545739400, 0.05233595624294395300 ) ) ;
#1491 = DIRECTION ( 'NONE',  ( -0.0000000000000000000, -1.000000000000000000, -0.0000000000000000000 ) ) ;
#1492 = CARTESIAN_POINT ( 'NONE',  ( 0.0000000000000000000, 0.0000000000000000000, 34.50000000000000000 ) ) ;
#1493 = CARTESIAN_POINT ( 'NONE',  ( 0.0000000000000000000, -15.50000000000000000, 22.50000000000000700 ) ) ;
#1494 = DIRECTION ( 'NONE',  ( 1.000000000000000000, 0.0000000000000000000, 0.0000000000000000000 ) ) ;
#1495 = CARTESIAN_POINT ( 'NONE',  ( -15.50000000000000700, 0.0000000000000000000, 10.50000000000000400 ) ) ;
#1496 = DIRECTION ( 'NONE',  ( -0.0000000000000000000, -0.0000000000000000000, -1.000000000000000000 ) ) ;
#1497 = CARTESIAN_POINT ( 'NONE',  ( 0.0000000000000000000, 0.0000000000000000000, 10.50000000000000500 ) ) ;
#1498 = CARTESIAN_POINT ( 'NONE',  ( 0.0000000000000000000, 0.0000000000000000000, 1.000000000000000000 ) ) ;
#1499 = DIRECTION ( 'NONE',  ( 1.000000000000000000, 0.0000000000000000000, 0.0000000000000000000 ) ) ;
#1500 = CARTESIAN_POINT ( 'NONE',  ( 14.49999999999994700, -22.50000000000000000, 28.50000000000000400 ) ) ;
#1501 = DIRECTION ( 'NONE',  ( 0.9986295347545739400, 0.0000000000000000000, 0.05233595624294395300 ) ) ;
#1502 = DIRECTION ( 'NONE',  ( 0.9986295347545739400, -6.409306129323724800E-018, -0.05233595624294395300 ) ) ;
#1503 = DIRECTION ( 'NONE',  ( -0.0000000000000000000, 1.000000000000000000, -0.0000000000000000000 ) ) ;
#1504 = CARTESIAN_POINT ( 'NONE',  ( -15.50000000000000700, 0.0000000000000000000, 22.50000000000000700 ) ) ;
#1505 = CARTESIAN_POINT ( 'NONE',  ( -14.49999999999999800, -22.50000000000000000, 16.50000000000000400 ) ) ;
#1506 = DIRECTION ( 'NONE',  ( 0.0000000000000000000, 0.0000000000000000000, 1.000000000000000000 ) ) ;
#1507 = DIRECTION ( 'NONE',  ( 0.0000000000000000000, -1.000000000000000000, 0.0000000000000000000 ) ) ;
#1508 = CARTESIAN_POINT ( 'NONE',  ( 23.99999999999999300, -23.99999999999999300, 10.50000000000000400 ) ) ;
#1509 = DIRECTION ( 'NONE',  ( 1.000000000000000000, -0.0000000000000000000, -0.0000000000000000000 ) ) ;
#1510 = CARTESIAN_POINT ( 'NONE',  ( 23.99999999999999300, -23.99999999999999300, 34.50000000000000000 ) ) ;
#1511 = CARTESIAN_POINT ( 'NONE',  ( -23.99999999999999600, 23.99999999999999600, 34.49999999999999300 ) ) ;
#1512 = DIRECTION ( 'NONE',  ( 1.000000000000000000, 0.0000000000000000000, 0.0000000000000000000 ) ) ;
#1513 = DIRECTION ( 'NONE',  ( 0.0000000000000000000, 1.000000000000000000, 0.0000000000000000000 ) ) ;
#1514 = DIRECTION ( 'NONE',  ( 0.0000000000000000000, 0.0000000000000000000, -1.000000000000000000 ) ) ;
#1515 = CARTESIAN_POINT ( 'NONE',  ( -22.50000000000000700, 14.50000000000000000, 32.49999999999990800 ) ) ;
#1516 = DIRECTION ( 'NONE',  ( 0.0000000000000000000, 0.0000000000000000000, -1.000000000000000000 ) ) ;
#1517 = CARTESIAN_POINT ( 'NONE',  ( 14.49999999999994700, -22.50000000000000000, 30.50000000000000700 ) ) ;
#1518 = DIRECTION ( 'NONE',  ( -1.000000000000000000, -0.0000000000000000000, -0.0000000000000000000 ) ) ;
#1519 = CARTESIAN_POINT ( 'NONE',  ( 0.0000000000000000000, 0.0000000000000000000, 10.50000000000000500 ) ) ;
#1520 = DIRECTION ( 'NONE',  ( -6.409306129323724800E-018, 0.9986295347545739400, 0.05233595624294395300 ) ) ;
#1521 = CARTESIAN_POINT ( 'NONE',  ( -22.50000000000000700, -14.50000000000000000, 14.50000000000000500 ) ) ;
#1522 = DIRECTION ( 'NONE',  ( 0.0000000000000000000, 0.0000000000000000000, 1.000000000000000000 ) ) ;
#1523 = CARTESIAN_POINT ( 'NONE',  ( -23.99999999999999300, 23.99999999999999300, 10.50000000000000700 ) ) ;
#1524 = CARTESIAN_POINT ( 'NONE',  ( -22.50000000000000700, -22.50000000000000000, 0.0000000000000000000 ) ) ;
#1525 = CARTESIAN_POINT ( 'NONE',  ( -14.49999999999999800, -26.50000000000000000, 14.50000000000000500 ) ) ;
#1526 = DIRECTION ( 'NONE',  ( 0.0000000000000000000, 1.000000000000000000, 0.0000000000000000000 ) ) ;
#1527 = DIRECTION ( 'NONE',  ( -0.0000000000000000000, -1.000000000000000000, -0.0000000000000000000 ) ) ;
#1528 = DIRECTION ( 'NONE',  ( 0.0000000000000000000, 0.0000000000000000000, -1.000000000000000000 ) ) ;
#1529 = CARTESIAN_POINT ( 'NONE',  ( 0.0000000000000000000, 0.0000000000000000000, 34.50000000000000000 ) ) ;
#1530 = DIRECTION ( 'NONE',  ( -0.0000000000000000000, -0.0000000000000000000, -1.000000000000000000 ) ) ;
#1531 = DIRECTION ( 'NONE',  ( 1.000000000000000000, 0.0000000000000000000, 0.0000000000000000000 ) ) ;
#1532 = DIRECTION ( 'NONE',  ( 0.0000000000000000000, 0.0000000000000000000, 1.000000000000000000 ) ) ;
#1533 = CARTESIAN_POINT ( 'NONE',  ( -22.50000000000000700, 14.50000000000000000, 14.49999999999990600 ) ) ;
#1534 = CARTESIAN_POINT ( 'NONE',  ( 14.50000000000000200, -22.50000000000000000, 12.50000000000000500 ) ) ;
#1535 = DIRECTION ( 'NONE',  ( -0.0000000000000000000, -1.000000000000000000, -0.0000000000000000000 ) ) ;
#1536 = DIRECTION ( 'NONE',  ( -0.0000000000000000000, 1.000000000000000000, -0.0000000000000000000 ) ) ;
#1537 = CARTESIAN_POINT ( 'NONE',  ( -22.50000000000000700, 14.50000000000000000, 12.49999999999989900 ) ) ;
#1538 = CARTESIAN_POINT ( 'NONE',  ( 14.49999999999994700, -22.50000000000000000, 30.50000000000000700 ) ) ;
#1539 = DIRECTION ( 'NONE',  ( 0.0000000000000000000, 0.0000000000000000000, 1.000000000000000000 ) ) ;
#1540 = CARTESIAN_POINT ( 'NONE',  ( 0.0000000000000000000, 22.50000000000000000, 22.50000000000000700 ) ) ;
#1541 = DIRECTION ( 'NONE',  ( 0.0000000000000000000, 0.0000000000000000000, -1.000000000000000000 ) ) ;
#1542 = CARTESIAN_POINT ( 'NONE',  ( 14.50000000000000200, -26.50000000000000000, 14.50000000000000500 ) ) ;
#1543 = DIRECTION ( 'NONE',  ( 0.0000000000000000000, 0.0000000000000000000, -1.000000000000000000 ) ) ;
#1544 = CARTESIAN_POINT ( 'NONE',  ( -22.50000000000000700, -22.50000000000000000, 45.00000000000000000 ) ) ;
#1545 = DIRECTION ( 'NONE',  ( 0.0000000000000000000, 0.9986295347545739400, -0.05233595624294395300 ) ) ;
#1546 = DIRECTION ( 'NONE',  ( 1.000000000000000000, -0.0000000000000000000, -0.0000000000000000000 ) ) ;
#1547 = CARTESIAN_POINT ( 'NONE',  ( -14.49999999999999800, -22.50000000000000000, 12.50000000000000500 ) ) ;
#1548 = DIRECTION ( 'NONE',  ( -0.0000000000000000000, -0.0000000000000000000, -1.000000000000000000 ) ) ;
#1549 = DIRECTION ( 'NONE',  ( 0.0000000000000000000, -1.000000000000000000, 0.0000000000000000000 ) ) ;
#1550 = CARTESIAN_POINT ( 'NONE',  ( -22.50000000000000700, 7.960204194457794500E-016, 29.00000000000000400 ) ) ;
#1551 = DIRECTION ( 'NONE',  ( 0.0000000000000000000, 0.9986295347545739400, -0.05233595624294395300 ) ) ;
#1552 = DIRECTION ( 'NONE',  ( 0.0000000000000000000, -1.000000000000000000, 0.0000000000000000000 ) ) ;
#1553 = DIRECTION ( 'NONE',  ( 0.9986295347545739400, -6.409306129323724800E-018, -0.05233595624294395300 ) ) ;
#1554 = DIRECTION ( 'NONE',  ( -1.000000000000000000, -0.0000000000000000000, -0.0000000000000000000 ) ) ;
#1555 = DIRECTION ( 'NONE',  ( 0.0000000000000000000, 0.9986295347545739400, -0.05233595624294395300 ) ) ;
#1556 = CARTESIAN_POINT ( 'NONE',  ( 19.49999999999998200, 19.50000000000000000, 41.99999999999999300 ) ) ;
#1557 = CARTESIAN_POINT ( 'NONE',  ( -15.50000000000000700, 1.469576158976824100E-015, 34.50000000000000700 ) ) ;
#1558 = DIRECTION ( 'NONE',  ( 1.000000000000000000, 0.0000000000000000000, -3.469446951953611400E-015 ) ) ;
#1559 = CARTESIAN_POINT ( 'NONE',  ( 22.49999999999999300, -22.50000000000000000, 45.00000000000000000 ) ) ;
#1560 = DIRECTION ( 'NONE',  ( -3.469446951953611000E-015, 0.0000000000000000000, -1.000000000000000000 ) ) ;
#1561 = CARTESIAN_POINT ( 'NONE',  ( 0.0000000000000000000, -15.50000000000000000, 34.50000000000000000 ) ) ;
#1562 = DIRECTION ( 'NONE',  ( 0.0000000000000000000, 0.0000000000000000000, -1.000000000000000000 ) ) ;
#1563 = DIRECTION ( 'NONE',  ( 1.000000000000000000, -0.0000000000000000000, -0.0000000000000000000 ) ) ;
#1564 = CARTESIAN_POINT ( 'NONE',  ( 21.49999999999998600, 0.0000000000000000000, 22.50000000000000700 ) ) ;
#1565 = DIRECTION ( 'NONE',  ( -1.000000000000000000, 0.0000000000000000000, 0.0000000000000000000 ) ) ;
#1566 = CARTESIAN_POINT ( 'NONE',  ( -26.50000000000000700, -14.50000000000000000, 30.50000000000000700 ) ) ;
#1567 = DIRECTION ( 'NONE',  ( -1.000000000000000000, 0.0000000000000000000, 0.0000000000000000000 ) ) ;
#1568 = CARTESIAN_POINT ( 'NONE',  ( 0.0000000000000000000, 19.50000000000000000, 45.00000000000000000 ) ) ;
#1569 = DIRECTION ( 'NONE',  ( 0.0000000000000000000, 0.0000000000000000000, 1.000000000000000000 ) ) ;
#1570 = DIRECTION ( 'NONE',  ( 0.0000000000000000000, 0.0000000000000000000, 1.000000000000000000 ) ) ;
#1571 = CARTESIAN_POINT ( 'NONE',  ( -14.49999999999999800, -22.50000000000000000, 14.50000000000000500 ) ) ;
#1572 = DIRECTION ( 'NONE',  ( -0.0000000000000000000, -1.000000000000000000, -0.0000000000000000000 ) ) ;
#1573 = CARTESIAN_POINT ( 'NONE',  ( 14.49999999999994700, -26.50000000000000000, 30.50000000000000700 ) ) ;
#1574 = DIRECTION ( 'NONE',  ( 0.0000000000000000000, -1.000000000000000000, 0.0000000000000000000 ) ) ;
#1575 = DIRECTION ( 'NONE',  ( 0.0000000000000000000, 0.0000000000000000000, -1.000000000000000000 ) ) ;
#1576 = DIRECTION ( 'NONE',  ( 0.0000000000000000000, 0.0000000000000000000, 1.000000000000000000 ) ) ;
#1577 = DIRECTION ( 'NONE',  ( 0.0000000000000000000, -1.000000000000000000, -0.0000000000000000000 ) ) ;
#1578 = CARTESIAN_POINT ( 'NONE',  ( 23.99999999999999300, 23.99999999999999300, 10.50000000000001100 ) ) ;
#1579 = CARTESIAN_POINT ( 'NONE',  ( 0.0000000000000000000, 0.0000000000000000000, 10.50000000000000500 ) ) ;
#1580 = DIRECTION ( 'NONE',  ( 0.0000000000000000000, 0.0000000000000000000, 1.000000000000000000 ) ) ;
#1581 = CARTESIAN_POINT ( 'NONE',  ( 0.0000000000000000000, 0.0000000000000000000, 34.50000000000000000 ) ) ;
#1582 = CARTESIAN_POINT ( 'NONE',  ( 23.99999999999999300, 23.99999999999999300, 34.50000000000000700 ) ) ;
#1583 = CARTESIAN_POINT ( 'NONE',  ( 19.49999999999999300, 19.50000000000000000, 3.000000000000002700 ) ) ;
#1584 = CARTESIAN_POINT ( 'NONE',  ( 22.49999999999999300, 0.0000000000000000000, 22.50000000000000700 ) ) ;
#1585 = CARTESIAN_POINT ( 'NONE',  ( -22.50000000000000700, 19.50000000000000000, 3.000000000000002700 ) ) ;
#1586 = DIRECTION ( 'NONE',  ( 0.0000000000000000000, 0.0000000000000000000, 1.000000000000000000 ) ) ;
#1587 = DIRECTION ( 'NONE',  ( -1.000000000000000000, -0.0000000000000000000, -0.0000000000000000000 ) ) ;
#1588 = DIRECTION ( 'NONE',  ( 1.000000000000000000, -0.0000000000000000000, -0.0000000000000000000 ) ) ;
#1589 = DIRECTION ( 'NONE',  ( -0.0000000000000000000, -1.000000000000000000, -0.0000000000000000000 ) ) ;
#1590 = CARTESIAN_POINT ( 'NONE',  ( -12.50000000000000500, -22.50000000000000000, 27.49999999999999600 ) ) ;
#1591 = DIRECTION ( 'NONE',  ( -1.000000000000000000, -0.0000000000000000000, -0.0000000000000000000 ) ) ;
#1592 = CARTESIAN_POINT ( 'NONE',  ( -14.50000000000005500, -22.50000000000000000, 30.50000000000000700 ) ) ;
#1593 = CARTESIAN_POINT ( 'NONE',  ( -15.50000000000000700, 1.469576158976824100E-015, 34.50000000000000700 ) ) ;
#1594 = DIRECTION ( 'NONE',  ( 0.7071067811865474600, -0.7071067811865474600, -0.0000000000000000000 ) ) ;
#1595 = CARTESIAN_POINT ( 'NONE',  ( 19.49999999999998200, 22.50000000000000000, 45.00000000000000000 ) ) ;
#1596 = CARTESIAN_POINT ( 'NONE',  ( 0.0000000000000000000, 21.50000000000000400, 22.50000000000000700 ) ) ;
#1597 = CARTESIAN_POINT ( 'NONE',  ( 22.49999999999999300, 19.49999999999999600, 45.00000000000000000 ) ) ;
#1598 = CARTESIAN_POINT ( 'NONE',  ( -22.50000000000000700, 22.50000000000000000, 3.000000000000002700 ) ) ;
#1599 = CARTESIAN_POINT ( 'NONE',  ( -12.50000000000000500, -22.50000000000000000, 17.49999999999999600 ) ) ;
#1600 = DIRECTION ( 'NONE',  ( -0.0000000000000000000, -0.0000000000000000000, 1.000000000000000000 ) ) ;
#1601 = DIRECTION ( 'NONE',  ( 0.0000000000000000000, 0.0000000000000000000, -1.000000000000000000 ) ) ;
#1602 = CARTESIAN_POINT ( 'NONE',  ( 19.49999999999999300, 19.50000000000000000, 41.99999999999999300 ) ) ;
#1603 = DIRECTION ( 'NONE',  ( -0.0000000000000000000, -1.000000000000000000, -0.0000000000000000000 ) ) ;
#1604 = CARTESIAN_POINT ( 'NONE',  ( 19.49999999999999300, 19.50000000000000000, 41.99999999999999300 ) ) ;
#1605 = DIRECTION ( 'NONE',  ( 0.0000000000000000000, 0.0000000000000000000, 1.000000000000000000 ) ) ;
#1606 = DIRECTION ( 'NONE',  ( -1.000000000000000000, 0.0000000000000000000, 0.0000000000000000000 ) ) ;
#1607 = DIRECTION ( 'NONE',  ( 0.0000000000000000000, 0.0000000000000000000, 1.000000000000000000 ) ) ;
#1608 = DIRECTION ( 'NONE',  ( 0.0000000000000000000, 1.000000000000000000, 0.0000000000000000000 ) ) ;
#1609 = DIRECTION ( 'NONE',  ( 0.0000000000000000000, 0.0000000000000000000, -1.000000000000000000 ) ) ;
#1610 = DIRECTION ( 'NONE',  ( 0.0000000000000000000, 1.000000000000000000, 0.0000000000000000000 ) ) ;
#1611 = DIRECTION ( 'NONE',  ( 0.0000000000000000000, 0.0000000000000000000, -1.000000000000000000 ) ) ;
#1612 = DIRECTION ( 'NONE',  ( 0.0000000000000000000, 0.0000000000000000000, -1.000000000000000000 ) ) ;
#1613 = CARTESIAN_POINT ( 'NONE',  ( -22.50000000000000700, 14.50000000000000000, 14.49999999999990600 ) ) ;
#1614 = CARTESIAN_POINT ( 'NONE',  ( -26.50000000000000700, -14.50000000000000000, 14.50000000000000500 ) ) ;
#1615 = DIRECTION ( 'NONE',  ( 0.0000000000000000000, 0.0000000000000000000, -1.000000000000000000 ) ) ;
#1616 = DIRECTION ( 'NONE',  ( 0.0000000000000000000, 0.0000000000000000000, 1.000000000000000000 ) ) ;
#1617 = DIRECTION ( 'NONE',  ( -0.0000000000000000000, 0.0000000000000000000, -1.000000000000000000 ) ) ;
#1618 = DIRECTION ( 'NONE',  ( 1.000000000000000000, 0.0000000000000000000, 0.0000000000000000000 ) ) ;
#1619 = CARTESIAN_POINT ( 'NONE',  ( 22.49999999999999300, -22.50000000000000000, 41.99999999999999300 ) ) ;
#1620 = DIRECTION ( 'NONE',  ( 0.7071067811865474600, -0.7071067811865474600, -0.0000000000000000000 ) ) ;
#1621 = DIRECTION ( 'NONE',  ( -1.000000000000000000, 0.0000000000000000000, 0.0000000000000000000 ) ) ;
#1622 = DIRECTION ( 'NONE',  ( -1.000000000000000000, 0.0000000000000000000, 0.0000000000000000000 ) ) ;
#1623 = CARTESIAN_POINT ( 'NONE',  ( -22.50000000000000700, 19.50000000000000000, 41.99999999999999300 ) ) ;
#1624 = DIRECTION ( 'NONE',  ( -1.000000000000000000, -0.0000000000000000000, -0.0000000000000000000 ) ) ;
#1625 = DIRECTION ( 'NONE',  ( 0.0000000000000000000, 1.000000000000000000, 0.0000000000000000000 ) ) ;
#1626 = CARTESIAN_POINT ( 'NONE',  ( -22.50000000000000700, -14.50000000000000000, 12.49999999999999800 ) ) ;
#1627 = CARTESIAN_POINT ( 'NONE',  ( 7.960204194457795500E-016, -22.50000000000000000, 16.00000000000000700 ) ) ;
#1628 = DIRECTION ( 'NONE',  ( 0.0000000000000000000, 0.0000000000000000000, -1.000000000000000000 ) ) ;
#1629 = CARTESIAN_POINT ( 'NONE',  ( 22.49999999999999300, 0.0000000000000000000, 9.499999999999994700 ) ) ;
#1630 = CARTESIAN_POINT ( 'NONE',  ( -26.50000000000000700, 14.50000000000000000, 30.49999999999990400 ) ) ;
#1631 = CARTESIAN_POINT ( 'NONE',  ( -14.49999999999999800, -22.50000000000000000, 12.50000000000000500 ) ) ;
#1632 = DIRECTION ( 'NONE',  ( 0.0000000000000000000, 0.0000000000000000000, 1.000000000000000000 ) ) ;
#1633 = DIRECTION ( 'NONE',  ( 0.0000000000000000000, -1.000000000000000000, 0.0000000000000000000 ) ) ;
#1634 = CARTESIAN_POINT ( 'NONE',  ( -15.50000000000000700, 0.0000000000000000000, 10.50000000000000400 ) ) ;
#1635 = CARTESIAN_POINT ( 'NONE',  ( -14.50000000000005500, -26.50000000000000000, 30.50000000000000700 ) ) ;
#1636 = CARTESIAN_POINT ( 'NONE',  ( 19.49999999999999300, -22.50000000000000000, 0.0000000000000000000 ) ) ;
#1637 = DIRECTION ( 'NONE',  ( 0.0000000000000000000, 0.0000000000000000000, -1.000000000000000000 ) ) ;
#1638 = CARTESIAN_POINT ( 'NONE',  ( -26.50000000000000700, -14.50000000000000000, 16.29036888286784900 ) ) ;
#1639 = DIRECTION ( 'NONE',  ( 0.0000000000000000000, 0.0000000000000000000, -1.000000000000000000 ) ) ;
#1640 = CARTESIAN_POINT ( 'NONE',  ( 13.00000000000000900, 1.592040838891559900E-015, 0.0000000000000000000 ) ) ;
#1641 = CARTESIAN_POINT ( 'NONE',  ( 11.00000000000000000, 1.347111479062088400E-015, 7.000000000000000000 ) ) ;
#1642 = CARTESIAN_POINT ( 'NONE',  ( -22.50000000000000700, -14.50000000000000000, 30.50000000000000700 ) ) ;
#1643 = DIRECTION ( 'NONE',  ( 0.0000000000000000000, -1.000000000000000000, 0.0000000000000000000 ) ) ;
#1644 = DIRECTION ( 'NONE',  ( 0.0000000000000000000, 1.000000000000000000, 0.0000000000000000000 ) ) ;
#1645 = CARTESIAN_POINT ( 'NONE',  ( -15.50000000000000700, 0.0000000000000000000, 22.50000000000000700 ) ) ;
#1646 = CARTESIAN_POINT ( 'NONE',  ( 14.49999999999994700, -26.50000000000000000, 30.50000000000000700 ) ) ;
#1647 = DIRECTION ( 'NONE',  ( -0.0000000000000000000, -1.000000000000000000, -0.0000000000000000000 ) ) ;
#1648 = CARTESIAN_POINT ( 'NONE',  ( -22.50000000000000700, 0.0000000000000000000, 22.50000000000000700 ) ) ;
#1649 = CARTESIAN_POINT ( 'NONE',  ( 0.0000000000000000000, 22.50000000000000000, 35.50000000000000700 ) ) ;
#1650 = CARTESIAN_POINT ( 'NONE',  ( 0.0000000000000000000, 21.50000000000000400, 34.50000000000000000 ) ) ;
#1651 = CARTESIAN_POINT ( 'NONE',  ( -22.50000000000000700, -22.50000000000000000, 17.49999999999999600 ) ) ;
#1652 = DIRECTION ( 'NONE',  ( 1.000000000000000000, 0.0000000000000000000, 0.0000000000000000000 ) ) ;
#1653 = DIRECTION ( 'NONE',  ( 1.000000000000000000, 0.0000000000000000000, 0.0000000000000000000 ) ) ;
#1654 = DIRECTION ( 'NONE',  ( 1.000000000000000000, -0.0000000000000000000, -0.0000000000000000000 ) ) ;
#1655 = DIRECTION ( 'NONE',  ( 0.0000000000000000000, 0.0000000000000000000, -1.000000000000000000 ) ) ;
#1656 = CARTESIAN_POINT ( 'NONE',  ( 1.469576158976823900E-015, -15.50000000000000000, 10.50000000000000500 ) ) ;
#1657 = CARTESIAN_POINT ( 'NONE',  ( 0.0000000000000000000, -15.50000000000000000, 29.00000000000000400 ) ) ;
#1658 = CARTESIAN_POINT ( 'NONE',  ( 0.0000000000000000000, -15.50000000000000000, 22.50000000000000700 ) ) ;
#1659 = CARTESIAN_POINT ( 'NONE',  ( -12.00000000000000200, 0.0000000000000000000, 1.000000000000000000 ) ) ;
#1660 = CARTESIAN_POINT ( 'NONE',  ( -22.50000000000000700, -14.50000000000000000, 28.50000000000000400 ) ) ;
#1661 = CARTESIAN_POINT ( 'NONE',  ( 7.960204194457795500E-016, -15.50000000000000000, 16.00000000000000700 ) ) ;
#1662 = CARTESIAN_POINT ( 'NONE',  ( 12.00000000000000200, 1.469576158976824100E-015, 5.999999999999999100 ) ) ;
#1663 = CARTESIAN_POINT ( 'NONE',  ( 1.592040838891559700E-015, 22.50000000000000000, 9.500000000000001800 ) ) ;
#1664 = CARTESIAN_POINT ( 'NONE',  ( -26.50000000000000700, -14.50000000000000000, 32.29036888286783800 ) ) ;
#1665 = DIRECTION ( 'NONE',  ( -0.0000000000000000000, 1.000000000000000000, -0.0000000000000000000 ) ) ;
#1666 = CARTESIAN_POINT ( 'NONE',  ( -22.50000000000000700, -22.50000000000000000, 27.49999999999999600 ) ) ;
#1667 = DIRECTION ( 'NONE',  ( 0.0000000000000000000, 0.0000000000000000000, 1.000000000000000000 ) ) ;
#1668 = DIRECTION ( 'NONE',  ( 0.0000000000000000000, 1.000000000000000000, 0.0000000000000000000 ) ) ;
#1669 = DIRECTION ( 'NONE',  ( -1.000000000000000000, -0.0000000000000000000, -0.0000000000000000000 ) ) ;
#1670 = DIRECTION ( 'NONE',  ( 0.0000000000000000000, 0.0000000000000000000, -1.000000000000000000 ) ) ;
#1671 = DIRECTION ( 'NONE',  ( -1.000000000000000000, 0.0000000000000000000, 0.0000000000000000000 ) ) ;
#1672 = CARTESIAN_POINT ( 'NONE',  ( -22.50000000000000700, 14.50000000000000000, 16.49999999999991100 ) ) ;
#1673 = CARTESIAN_POINT ( 'NONE',  ( 22.49999999999999300, -22.50000000000000000, 3.000000000000016400 ) ) ;
#1674 = CARTESIAN_POINT ( 'NONE',  ( -15.50000000000000700, 0.0000000000000000000, 16.00000000000000700 ) ) ;
#1675 = CARTESIAN_POINT ( 'NONE',  ( -15.50000000000000700, 1.469576158976823900E-015, 34.50000000000000700 ) ) ;
#1676 = CARTESIAN_POINT ( 'NONE',  ( -14.49999999999999800, -26.50000000000000000, 12.70963111713217100 ) ) ;
#1677 = CARTESIAN_POINT ( 'NONE',  ( -26.50000000000000700, 14.50000000000000000, 12.70963111713206400 ) ) ;
#1678 = CARTESIAN_POINT ( 'NONE',  ( -12.50000000000000500, -22.50000000000000000, 17.49999999999999600 ) ) ;
#1679 = CARTESIAN_POINT ( 'NONE',  ( -22.50000000000000700, 19.49999999999998200, 0.0000000000000000000 ) ) ;
#1680 = CARTESIAN_POINT ( 'NONE',  ( 21.49999999999998600, 0.0000000000000000000, 10.50000000000000400 ) ) ;
#1681 = CARTESIAN_POINT ( 'NONE',  ( -26.50000000000000700, 14.50000000000000000, 16.29036888286774600 ) ) ;
#1682 = CARTESIAN_POINT ( 'NONE',  ( -13.00000000000000900, 0.0000000000000000000, 0.0000000000000000000 ) ) ;
#1683 = CARTESIAN_POINT ( 'NONE',  ( -22.50000000000000700, -14.50000000000000000, 16.50000000000001100 ) ) ;
#1684 = CARTESIAN_POINT ( 'NONE',  ( 14.50000000000000200, -22.50000000000000000, 16.50000000000000400 ) ) ;
#1685 = CARTESIAN_POINT ( 'NONE',  ( 19.49999999999997500, -22.50000000000000000, 0.0000000000000000000 ) ) ;
#1686 = CARTESIAN_POINT ( 'NONE',  ( -26.50000000000000700, -14.50000000000000000, 12.70963111713216300 ) ) ;
#1687 = CARTESIAN_POINT ( 'NONE',  ( -14.50000000000005500, -26.50000000000000000, 32.29036888286783800 ) ) ;
#1688 = CARTESIAN_POINT ( 'NONE',  ( 22.49999999999999300, -22.50000000000000000, 41.99999999999999300 ) ) ;
#1689 = CARTESIAN_POINT ( 'NONE',  ( -22.50000000000000700, 7.960204194457796500E-016, 29.00000000000000400 ) ) ;
#1690 = CARTESIAN_POINT ( 'NONE',  ( -22.50000000000000700, 22.50000000000000000, 41.99999999999999300 ) ) ;
#1691 = CARTESIAN_POINT ( 'NONE',  ( -14.50000000000005500, -26.50000000000000000, 28.70963111713217200 ) ) ;
#1692 = CARTESIAN_POINT ( 'NONE',  ( -26.50000000000000700, 14.50000000000000000, 28.70963111713206200 ) ) ;
#1693 = CARTESIAN_POINT ( 'NONE',  ( 19.49999999999998200, 22.50000000000000000, 3.000000000000002700 ) ) ;
#1694 = CARTESIAN_POINT ( 'NONE',  ( -26.50000000000000700, -14.50000000000000000, 28.70963111713216900 ) ) ;
#1695 = CARTESIAN_POINT ( 'NONE',  ( -22.50000000000000700, 19.49999999999998200, 45.00000000000000000 ) ) ;
#1696 = CARTESIAN_POINT ( 'NONE',  ( -22.50000000000000700, 22.50000000000000000, 3.000000000000016400 ) ) ;
#1697 = CARTESIAN_POINT ( 'NONE',  ( 14.50000000000000200, -26.50000000000000000, 16.29036888286784200 ) ) ;
#1698 = CARTESIAN_POINT ( 'NONE',  ( 14.49999999999994700, -26.50000000000000000, 32.29036888286783800 ) ) ;
#1699 = CARTESIAN_POINT ( 'NONE',  ( -12.50000000000000500, -22.50000000000000000, 27.49999999999999600 ) ) ;
#1700 = CARTESIAN_POINT ( 'NONE',  ( 22.49999999999999300, 1.592040838891560500E-015, 35.50000000000001400 ) ) ;
#1701 = CARTESIAN_POINT ( 'NONE',  ( -11.00000000000000000, 0.0000000000000000000, 7.000000000000000000 ) ) ;
#1702 = CARTESIAN_POINT ( 'NONE',  ( 0.0000000000000000000, 0.0000000000000000000, 34.50000000000000000 ) ) ;
#1703 = CARTESIAN_POINT ( 'NONE',  ( 11.00000000000000000, 1.347111479062088400E-015, 1.000000000000000000 ) ) ;
#1704 = CARTESIAN_POINT ( 'NONE',  ( -14.50000000000005500, -22.50000000000000000, 28.50000000000000400 ) ) ;
#1705 = CARTESIAN_POINT ( 'NONE',  ( 14.49999999999994700, -22.50000000000000000, 28.50000000000000400 ) ) ;
#1706 = CARTESIAN_POINT ( 'NONE',  ( -22.50000000000000700, -22.50000000000000000, 27.49999999999999600 ) ) ;
#1707 = CARTESIAN_POINT ( 'NONE',  ( 21.49999999999998600, 1.469576158976823900E-015, 34.50000000000000700 ) ) ;
#1708 = CARTESIAN_POINT ( 'NONE',  ( -14.49999999999999800, -26.50000000000000000, 16.29036888286784200 ) ) ;
#1709 = CARTESIAN_POINT ( 'NONE',  ( -12.00000000000000200, 0.0000000000000000000, 5.999999999999999100 ) ) ;
#1710 = CARTESIAN_POINT ( 'NONE',  ( 12.00000000000000200, 1.469576158976824100E-015, 1.000000000000000000 ) ) ;
#1711 = CARTESIAN_POINT ( 'NONE',  ( -22.50000000000000700, -14.50000000000000000, 32.50000000000000700 ) ) ;
#1712 = CARTESIAN_POINT ( 'NONE',  ( -22.50000000000000700, 14.50000000000000000, 28.49999999999990100 ) ) ;
#1713 = CARTESIAN_POINT ( 'NONE',  ( 19.49999999999997500, -22.50000000000000000, 45.00000000000000000 ) ) ;
#1714 = DIRECTION ( 'NONE',  ( -0.0000000000000000000, -1.000000000000000000, -0.0000000000000000000 ) ) ;
#1715 = CARTESIAN_POINT ( 'NONE',  ( 0.0000000000000000000, -22.50000000000000000, 22.50000000000000700 ) ) ;
#1716 = CARTESIAN_POINT ( 'NONE',  ( 22.49999999999999300, 19.50000000000000000, 0.0000000000000000000 ) ) ;
#1717 = CARTESIAN_POINT ( 'NONE',  ( -26.50000000000000700, 14.50000000000000000, 14.49999999999990600 ) ) ;
#1718 = CARTESIAN_POINT ( 'NONE',  ( -26.50000000000000700, 14.50000000000000000, 30.49999999999990400 ) ) ;
#1719 = CARTESIAN_POINT ( 'NONE',  ( -22.50000000000000700, -22.50000000000000000, 45.00000000000000000 ) ) ;
#1720 = CARTESIAN_POINT ( 'NONE',  ( 19.49999999999998200, 19.50000000000000000, 3.000000000000002700 ) ) ;
#1721 = DIRECTION ( 'NONE',  ( 0.0000000000000000000, 0.0000000000000000000, -1.000000000000000000 ) ) ;
#1722 = DIRECTION ( 'NONE',  ( 0.0000000000000000000, 0.0000000000000000000, -1.000000000000000000 ) ) ;
#1723 = DIRECTION ( 'NONE',  ( -1.000000000000000000, 0.0000000000000000000, 0.0000000000000000000 ) ) ;
#1724 = CARTESIAN_POINT ( 'NONE',  ( 22.49999999999999300, 22.50000000000000000, 3.000000000000002700 ) ) ;
#1725 = CARTESIAN_POINT ( 'NONE',  ( 0.0000000000000000000, -15.50000000000000000, 22.50000000000000700 ) ) ;
#1726 = DIRECTION ( 'NONE',  ( 0.0000000000000000000, 0.0000000000000000000, 1.000000000000000000 ) ) ;
#1727 = DIRECTION ( 'NONE',  ( 0.0000000000000000000, 1.000000000000000000, 0.0000000000000000000 ) ) ;
#1728 = DIRECTION ( 'NONE',  ( -1.000000000000000000, 0.0000000000000000000, 0.0000000000000000000 ) ) ;
#1729 = CARTESIAN_POINT ( 'NONE',  ( 7.960204194457793500E-016, -22.50000000000000000, 16.00000000000000700 ) ) ;
#1730 = DIRECTION ( 'NONE',  ( 0.0000000000000000000, 0.0000000000000000000, 1.000000000000000000 ) ) ;
#1731 = DIRECTION ( 'NONE',  ( 0.0000000000000000000, 1.000000000000000000, 0.0000000000000000000 ) ) ;
#1732 = DIRECTION ( 'NONE',  ( 0.0000000000000000000, 0.0000000000000000000, 1.000000000000000000 ) ) ;
#1733 = CARTESIAN_POINT ( 'NONE',  ( 19.49999999999999300, 0.0000000000000000000, 45.00000000000000000 ) ) ;
#1734 = DIRECTION ( 'NONE',  ( 0.0000000000000000000, 1.000000000000000000, 0.0000000000000000000 ) ) ;
#1735 = DIRECTION ( 'NONE',  ( -0.0000000000000000000, 1.000000000000000000, -0.0000000000000000000 ) ) ;
#1736 = DIRECTION ( 'NONE',  ( 1.000000000000000000, -0.0000000000000000000, -0.0000000000000000000 ) ) ;
#1737 = DIRECTION ( 'NONE',  ( -1.000000000000000000, 0.0000000000000000000, 0.0000000000000000000 ) ) ;
#1738 = DIRECTION ( 'NONE',  ( -0.0000000000000000000, -1.000000000000000000, -0.0000000000000000000 ) ) ;
#1739 = CARTESIAN_POINT ( 'NONE',  ( -22.50000000000000700, -22.50000000000000000, 0.0000000000000000000 ) ) ;
#1740 = CARTESIAN_POINT ( 'NONE',  ( 14.50000000000000200, -26.50000000000000000, 14.50000000000000500 ) ) ;
#1741 = DIRECTION ( 'NONE',  ( 0.0000000000000000000, -1.000000000000000000, 0.0000000000000000000 ) ) ;
#1742 = DIRECTION ( 'NONE',  ( 0.0000000000000000000, 0.0000000000000000000, -1.000000000000000000 ) ) ;
#1743 = CARTESIAN_POINT ( 'NONE',  ( -22.50000000000000700, 0.0000000000000000000, 16.00000000000000700 ) ) ;
#1744 = DIRECTION ( 'NONE',  ( 1.000000000000000000, 0.0000000000000000000, 0.0000000000000000000 ) ) ;
#1745 = CARTESIAN_POINT ( 'NONE',  ( -15.50000000000000700, 0.0000000000000000000, 22.50000000000000700 ) ) ;
#1746 = DIRECTION ( 'NONE',  ( 1.000000000000000000, 0.0000000000000000000, 0.0000000000000000000 ) ) ;
#1747 = DIRECTION ( 'NONE',  ( 0.0000000000000000000, 0.0000000000000000000, -1.000000000000000000 ) ) ;
#1748 = DIRECTION ( 'NONE',  ( 0.0000000000000000000, 1.000000000000000000, 0.0000000000000000000 ) ) ;
#1749 = DIRECTION ( 'NONE',  ( 0.0000000000000000000, 0.0000000000000000000, 1.000000000000000000 ) ) ;
#1750 = DIRECTION ( 'NONE',  ( 1.000000000000000000, -0.0000000000000000000, -0.0000000000000000000 ) ) ;
#1751 = CARTESIAN_POINT ( 'NONE',  ( -15.50000000000000700, 0.0000000000000000000, 22.50000000000000700 ) ) ;
#1752 = CARTESIAN_POINT ( 'NONE',  ( -22.50000000000000700, 22.50000000000000000, 45.00000000000000000 ) ) ;
#1753 = DIRECTION ( 'NONE',  ( -0.0000000000000000000, -0.0000000000000000000, -1.000000000000000000 ) ) ;
#1754 =( NAMED_UNIT ( * ) PLANE_ANGLE_UNIT ( ) SI_UNIT ( $, .RADIAN. ) );
#1755 =( LENGTH_UNIT ( ) NAMED_UNIT ( * ) SI_UNIT ( .MILLI., .METRE. ) );
#1756 = CARTESIAN_POINT ( 'NONE',  ( 0.0000000000000000000, 0.0000000000000000000, 0.0000000000000000000 ) ) ;
#1757 = DIRECTION ( 'NONE',  ( 0.0000000000000000000, 0.0000000000000000000, 1.000000000000000000 ) ) ;
#1758 = DIRECTION ( 'NONE',  ( 0.0000000000000000000, 0.0000000000000000000, 1.000000000000000000 ) ) ;
#1759 = CARTESIAN_POINT ( 'NONE',  ( -0.1519235345408473400, 0.7931996924999129600, -20.54457695995552100 ) ) ;
#1760 = DIRECTION ( 'NONE',  ( 0.0000000000000000000, 0.0000000000000000000, 1.000000000000000000 ) ) ;
#1761 = CARTESIAN_POINT ( 'NONE',  ( -0.1519235345408473400, 23.29319969249991100, 1.955423040044485900 ) ) ;
#1762 = DIRECTION ( 'NONE',  ( 0.8371691043312223800, 0.0000000000000000000, 0.5469441386039887200 ) ) ;
#1763 = DIRECTION ( 'NONE',  ( 0.0000000000000000000, 0.0000000000000000000, -1.000000000000000000 ) ) ;
#1764 = DIRECTION ( 'NONE',  ( -1.000000000000000000, -0.0000000000000000000, -0.0000000000000000000 ) ) ;
#1765 = CARTESIAN_POINT ( 'NONE',  ( 22.34807646545914400, 0.7931996924999134000, 1.955423040044486300 ) ) ;
#1766 = DIRECTION ( 'NONE',  ( 1.000000000000000000, 0.0000000000000000000, 0.0000000000000000000 ) ) ;
#1767 = DIRECTION ( 'NONE',  ( -1.000000000000000000, 0.0000000000000000000, 0.0000000000000000000 ) ) ;
#1768 = DIRECTION ( 'NONE',  ( 0.0000000000000000000, -1.000000000000000000, 0.0000000000000000000 ) ) ;
#1769 = CARTESIAN_POINT ( 'NONE',  ( -22.50000000000000700, 14.50000000000000000, 30.49999999999990400 ) ) ;
#1770 = DIRECTION ( 'NONE',  ( 0.0000000000000000000, -0.9242245927363030900, -0.3818493186865927200 ) ) ;
#1771 =( NAMED_UNIT ( * ) SI_UNIT ( $, .STERADIAN. ) SOLID_ANGLE_UNIT ( ) );
#1772 = CARTESIAN_POINT ( 'NONE',  ( 0.0000000000000000000, 0.0000000000000000000, 0.0000000000000000000 ) ) ;
#1773 = DIRECTION ( 'NONE',  ( 1.000000000000000000, 0.0000000000000000000, 0.0000000000000000000 ) ) ;
#1774 =( LENGTH_UNIT ( ) NAMED_UNIT ( * ) SI_UNIT ( .MILLI., .METRE. ) );
#1775 = CARTESIAN_POINT ( 'NONE',  ( 0.0000000000000000000, 0.0000000000000000000, 0.0000000000000000000 ) ) ;
#1776 =( NAMED_UNIT ( * ) PLANE_ANGLE_UNIT ( ) SI_UNIT ( $, .RADIAN. ) );
#1777 =( LENGTH_UNIT ( ) NAMED_UNIT ( * ) SI_UNIT ( .MILLI., .METRE. ) );
#1778 = DIRECTION ( 'NONE',  ( 1.000000000000000000, 0.0000000000000000000, 0.0000000000000000000 ) ) ;
#1779 =( NAMED_UNIT ( * ) SI_UNIT ( $, .STERADIAN. ) SOLID_ANGLE_UNIT ( ) );
#1780 = PERSON_AND_ORGANIZATION_ROLE ( 'creator' ) ;
#1781 = MECHANICAL_CONTEXT ( 'NONE', #1824, 'mechanical' ) ;
#1782 = SECURITY_CLASSIFICATION_LEVEL ( 'unclassified' ) ;
#1783 = PERSON_AND_ORGANIZATION_ROLE ( 'classification_officer' ) ;
#1784 = DATE_TIME_ROLE ( 'classification_date' ) ;
#1785 = APPROVAL_ROLE ( '' ) ;
#1786 = APPLICATION_CONTEXT ( 'configuration controlled 3d designs of mechanical parts and assemblies' ) ;
#1787 = APPLICATION_PROTOCOL_DEFINITION ( 'international standard', 'config_control_design', 1994, #1786 ) ;
#1788 = APPROVAL_ROLE ( '' ) ;
#1789 = APPROVAL_STATUS ( 'not_yet_approved' ) ;
#1790 = DATE_TIME_ROLE ( 'classification_date' ) ;
#1791 = APPLICATION_PROTOCOL_DEFINITION ( 'international standard', 'config_control_design', 1994, #1812 ) ;
#1792 = PERSON_AND_ORGANIZATION_ROLE ( 'design_owner' ) ;
#1793 = APPROVAL_STATUS ( 'not_yet_approved' ) ;
#1794 = APPROVAL_ROLE ( '' ) ;
#1795 = APPLICATION_PROTOCOL_DEFINITION ( 'international standard', 'config_control_design', 1994, #1809 ) ;
#1796 = MECHANICAL_CONTEXT ( 'NONE', #1809, 'mechanical' ) ;
#1797 = PERSON_AND_ORGANIZATION_ROLE ( 'design_supplier' ) ;
#1798 = SECURITY_CLASSIFICATION_LEVEL ( 'unclassified' ) ;
#1799 = PERSON_AND_ORGANIZATION_ROLE ( 'classification_officer' ) ;
#1800 = DATE_TIME_ROLE ( 'classification_date' ) ;
#1801 =( NAMED_UNIT ( * ) PLANE_ANGLE_UNIT ( ) SI_UNIT ( $, .RADIAN. ) );
#1802 = PERSON_AND_ORGANIZATION_ROLE ( 'creator' ) ;
#1803 = PERSON_AND_ORGANIZATION_ROLE ( 'classification_officer' ) ;
#1804 = APPLICATION_PROTOCOL_DEFINITION ( 'international standard', 'config_control_design', 1994, #1835 ) ;
#1805 = PERSON_AND_ORGANIZATION_ROLE ( 'design_owner' ) ;
#1806 = DATE_TIME_ROLE ( 'creation_date' ) ;
#1807 = APPLICATION_PROTOCOL_DEFINITION ( 'international standard', 'config_control_design', 1994, #1819 ) ;
#1808 = PERSON_AND_ORGANIZATION_ROLE ( 'design_owner' ) ;
#1809 = APPLICATION_CONTEXT ( 'configuration controlled 3d designs of mechanical parts and assemblies' ) ;
#1810 = APPROVAL_STATUS ( 'not_yet_approved' ) ;
#1811 = APPROVAL_ROLE ( '' ) ;
#1812 = APPLICATION_CONTEXT ( 'configuration controlled 3d designs of mechanical parts and assemblies' ) ;
#1813 = PERSON_AND_ORGANIZATION_ROLE ( 'creator' ) ;
#1814 = APPROVAL_STATUS ( 'not_yet_approved' ) ;
#1815 = DATE_TIME_ROLE ( 'creation_date' ) ;
#1816 = PERSON_AND_ORGANIZATION_ROLE ( 'creator' ) ;
#1817 = APPROVAL_STATUS ( 'not_yet_approved' ) ;
#1818 = APPROVAL_ROLE ( '' ) ;
#1819 = APPLICATION_CONTEXT ( 'configuration controlled 3d designs of mechanical parts and assemblies' ) ;
#1820 = APPROVAL_ROLE ( '' ) ;
#1821 = APPLICATION_PROTOCOL_DEFINITION ( 'international standard', 'config_control_design', 1994, #1824 ) ;
#1822 = MECHANICAL_CONTEXT ( 'NONE', #1786, 'mechanical' ) ;
#1823 = APPROVAL_STATUS ( 'not_yet_approved' ) ;
#1824 = APPLICATION_CONTEXT ( 'configuration controlled 3d designs of mechanical parts and assemblies' ) ;
#1825 = PERSON_AND_ORGANIZATION_ROLE ( 'creator' ) ;
#1826 = DATE_TIME_ROLE ( 'creation_date' ) ;
#1827 = DIRECTION ( 'NONE',  ( 1.000000000000000000, 0.0000000000000000000, 0.0000000000000000000 ) ) ;
#1828 = APPROVAL_ROLE ( '' ) ;
#1829 = PERSON_AND_ORGANIZATION_ROLE ( 'creator' ) ;
#1830 = APPROVAL_STATUS ( 'not_yet_approved' ) ;
#1831 = PERSON_AND_ORGANIZATION_ROLE ( 'design_supplier' ) ;
#1832 = APPROVAL_ROLE ( '' ) ;
#1833 =( NAMED_UNIT ( * ) SI_UNIT ( $, .STERADIAN. ) SOLID_ANGLE_UNIT ( ) );
#1834 = APPROVAL_STATUS ( 'not_yet_approved' ) ;
#1835 = APPLICATION_CONTEXT ( 'configuration controlled 3d designs of mechanical parts and assemblies' ) ;
#1836 = DIRECTION ( 'NONE',  ( 0.0000000000000000000, 0.0000000000000000000, 1.000000000000000000 ) ) ;
#1837 = SECURITY_CLASSIFICATION_LEVEL ( 'unclassified' ) ;
#1838 = APPROVAL_STATUS ( 'not_yet_approved' ) ;
#1839 = APPROVAL_ROLE ( '' ) ;
#1840 = PERSON_AND_ORGANIZATION_ROLE ( 'design_supplier' ) ;
#1841 = APPROVAL_ROLE ( '' ) ;
#1842 = PERSON_AND_ORGANIZATION_ROLE ( 'classification_officer' ) ;
#1843 = SECURITY_CLASSIFICATION_LEVEL ( 'unclassified' ) ;
#1844 = DATE_TIME_ROLE ( 'classification_date' ) ;
#1845 = PERSON_AND_ORGANIZATION_ROLE ( 'classification_officer' ) ;
#1846 = SECURITY_CLASSIFICATION_LEVEL ( 'unclassified' ) ;
#1847 = SECURITY_CLASSIFICATION_LEVEL ( 'unclassified' ) ;
#1848 = APPROVAL_STATUS ( 'not_yet_approved' ) ;
#1849 =( REPRESENTATION_RELATIONSHIP ('NONE','NONE', #495, #496 ) REPRESENTATION_RELATIONSHIP_WITH_TRANSFORMATION ( #805 )SHAPE_REPRESENTATION_RELATIONSHIP( ) );
#1850 = APPROVAL_ROLE ( '' ) ;
#1851 = APPROVAL_STATUS ( 'not_yet_approved' ) ;
#1852 =( REPRESENTATION_RELATIONSHIP ('NONE','NONE', #495, #496 ) REPRESENTATION_RELATIONSHIP_WITH_TRANSFORMATION ( #795 )SHAPE_REPRESENTATION_RELATIONSHIP( ) );
#1853 = APPROVAL_STATUS ( 'not_yet_approved' ) ;
#1854 =( REPRESENTATION_RELATIONSHIP ('NONE','NONE', #495, #497 ) REPRESENTATION_RELATIONSHIP_WITH_TRANSFORMATION ( #814 )SHAPE_REPRESENTATION_RELATIONSHIP( ) );
#1855 = APPROVAL_ROLE ( '' ) ;
#1856 = PERSON_AND_ORGANIZATION_ROLE ( 'classification_officer' ) ;
#1857 = DATE_TIME_ROLE ( 'classification_date' ) ;
#1858 = DATE_TIME_ROLE ( 'classification_date' ) ;
#1859 = ADVANCED_FACE ( 'NONE', ( #869, #879 ), #1108, .F. ) ;
#1860 = ADVANCED_FACE ( 'NONE', ( #864 ), #880, .F. ) ;
#1861 = ADVANCED_FACE ( 'NONE', ( #873 ), #882, .T. ) ;
#1862 = ADVANCED_FACE ( 'NONE', ( #887 ), #1113, .F. ) ;
#1863 = ADVANCED_FACE ( 'NONE', ( #877 ), #865, .T. ) ;
#1864 = ADVANCED_FACE ( 'NONE', ( #878 ), #1154, .T. ) ;
#1865 = ADVANCED_FACE ( 'NONE', ( #884 ), #870, .T. ) ;
#1866 = ADVANCED_FACE ( 'NONE', ( #889 ), #860, .T. ) ;
#1867 = ADVANCED_FACE ( 'NONE', ( #862 ), #888, .F. ) ;
#1868 = ADVANCED_FACE ( 'NONE', ( #881 ), #871, .F. ) ;
#1869 = ADVANCED_FACE ( 'NONE', ( #891 ), #875, .T. ) ;
#1870 = ADVANCED_FACE ( 'NONE', ( #872 ), #883, .F. ) ;
#1871 = ADVANCED_FACE ( 'NONE', ( #890, #866, #885, #886, #874, #861 ), #1159, .F. ) ;
#1872 = ADVANCED_FACE ( 'NONE', ( #863 ), #1131, .T. ) ;
#1873 = ADVANCED_FACE ( 'NONE', ( #876 ), #901, .T. ) ;
#1874 = ADVANCED_FACE ( 'NONE', ( #868 ), #945, .T. ) ;
#1875 = ADVANCED_FACE ( 'NONE', ( #867 ), #937, .F. ) ;
#1876 = ADVANCED_FACE ( 'NONE', ( #897 ), #917, .T. ) ;
#1877 = ADVANCED_FACE ( 'NONE', ( #902 ), #948, .T. ) ;
#1878 = ADVANCED_FACE ( 'NONE', ( #918, #930, #931, #896, #926, #949 ), #1179, .F. ) ;
#1879 = ADVANCED_FACE ( 'NONE', ( #936, #932 ), #1198, .T. ) ;
#1880 = ADVANCED_FACE ( 'NONE', ( #929 ), #914, .T. ) ;
#1881 = ADVANCED_FACE ( 'NONE', ( #920, #933 ), #1180, .T. ) ;
#1882 = ADVANCED_FACE ( 'NONE', ( #898 ), #952, .F. ) ;
#1883 = ADVANCED_FACE ( 'NONE', ( #903 ), #922, .T. ) ;
#1884 = ADVANCED_FACE ( 'NONE', ( #905 ), #940, .F. ) ;
#1885 = ADVANCED_FACE ( 'NONE', ( #934 ), #908, .F. ) ;
#1886 = ADVANCED_FACE ( 'NONE', ( #950 ), #924, .T. ) ;
#1887 = ADVANCED_FACE ( 'NONE', ( #910 ), #935, .T. ) ;
#1888 = ADVANCED_FACE ( 'NONE', ( #947 ), #1230, .F. ) ;
#1889 = ADVANCED_FACE ( 'NONE', ( #941 ), #953, .T. ) ;
#1890 = ADVANCED_FACE ( 'NONE', ( #919 ), #906, .T. ) ;
#1891 = ADVANCED_FACE ( 'NONE', ( #944 ), #899, .T. ) ;
#1892 = ADVANCED_FACE ( 'NONE', ( #892 ), #894, .F. ) ;
#1893 = ADVANCED_FACE ( 'NONE', ( #893 ), #923, .F. ) ;
#1894 = ADVANCED_FACE ( 'NONE', ( #895 ), #900, .T. ) ;
#1895 = ADVANCED_FACE ( 'NONE', ( #921 ), #1250, .T. ) ;
#1896 = ADVANCED_FACE ( 'NONE', ( #909 ), #938, .F. ) ;
#1897 = ADVANCED_FACE ( 'NONE', ( #925 ), #951, .F. ) ;
#1898 = ADVANCED_FACE ( 'NONE', ( #946, #904 ), #1210, .F. ) ;
#1899 = ADVANCED_FACE ( 'NONE', ( #915 ), #928, .F. ) ;
#1900 = ADVANCED_FACE ( 'NONE', ( #916 ), #942, .F. ) ;
#1901 = ADVANCED_FACE ( 'NONE', ( #907 ), #939, .T. ) ;
#1902 = ADVANCED_FACE ( 'NONE', ( #943 ), #968, .F. ) ;
#1903 = ADVANCED_FACE ( 'NONE', ( #927 ), #981, .F. ) ;
#1904 = ADVANCED_FACE ( 'NONE', ( #911 ), #1270, .T. ) ;
#1905 = ADVANCED_FACE ( 'NONE', ( #986 ), #913, .T. ) ;
#1906 = ADVANCED_FACE ( 'NONE', ( #993 ), #959, .T. ) ;
#1907 = ADVANCED_FACE ( 'NONE', ( #912 ), #1291, .T. ) ;
#1908 = ADVANCED_FACE ( 'NONE', ( #965 ), #1273, .T. ) ;
#1909 = ADVANCED_FACE ( 'NONE', ( #964 ), #989, .T. ) ;
#1910 = ADVANCED_FACE ( 'NONE', ( #975 ), #1299, .T. ) ;
#1911 = ADVANCED_FACE ( 'NONE', ( #967 ), #1278, .T. ) ;
#1912 = ADVANCED_FACE ( 'NONE', ( #973 ), #1266, .T. ) ;
#1913 = ADVANCED_FACE ( 'NONE', ( #974 ), #970, .F. ) ;
#1914 = ADVANCED_FACE ( 'NONE', ( #982 ), #1255, .F. ) ;
#1915 = ADVANCED_FACE ( 'NONE', ( #979 ), #966, .T. ) ;
#1916 = ADVANCED_FACE ( 'NONE', ( #991 ), #960, .T. ) ;
#1917 = ADVANCED_FACE ( 'NONE', ( #995 ), #956, .F. ) ;
#1918 = ADVANCED_FACE ( 'NONE', ( #954 ), #976, .T. ) ;
#1919 = ADVANCED_FACE ( 'NONE', ( #955 ), #957, .T. ) ;
#1920 = ADVANCED_FACE ( 'NONE', ( #977 ), #990, .T. ) ;
#1921 = ADVANCED_FACE ( 'NONE', ( #997 ), #980, .T. ) ;
#1922 = ADVANCED_FACE ( 'NONE', ( #961 ), #978, .T. ) ;
#1923 = ADVANCED_FACE ( 'NONE', ( #984 ), #985, .T. ) ;
#1924 = ADVANCED_FACE ( 'NONE', ( #987 ), #1305, .T. ) ;
#1925 = ADVANCED_FACE ( 'NONE', ( #969 ), #1313, .F. ) ;
#1926 = ADVANCED_FACE ( 'NONE', ( #988 ), #1329, .T. ) ;
#1927 = CC_DESIGN_PERSON_AND_ORGANIZATION_ASSIGNMENT ( #785, #1842, ( #1967 ) ) ;
#1928 = CC_DESIGN_DATE_AND_TIME_ASSIGNMENT ( #797, #1858, ( #1967 ) ) ;
#1929 = APPROVAL ( #1810, 'UNSPECIFIED' ) ;
#1930 = SECURITY_CLASSIFICATION ( '', '', #1782 ) ;
#1931 = CC_DESIGN_PERSON_AND_ORGANIZATION_ASSIGNMENT ( #732, #1783, ( #1930 ) ) ;
#1932 = CC_DESIGN_APPROVAL ( #1929, ( #1930 ) ) ;
#1933 = SECURITY_CLASSIFICATION ( '', '', #1843 ) ;
#1934 = CC_DESIGN_PERSON_AND_ORGANIZATION_ASSIGNMENT ( #744, #1808, ( #521 ) ) ;
#1935 = PRODUCT_DEFINITION ( 'UNKNOWN', '', #1938, #505 ) ;
#1936 = CC_DESIGN_APPROVAL ( #1941, ( #1935 ) ) ;
#1937 = CC_DESIGN_PERSON_AND_ORGANIZATION_ASSIGNMENT ( #747, #1813, ( #1935 ) ) ;
#1938 = PRODUCT_DEFINITION_FORMATION_WITH_SPECIFIED_SOURCE ( 'ANY', '', #521, .NOT_KNOWN. ) ;
#1939 = CC_DESIGN_APPROVAL ( #1944, ( #598 ) ) ;
#1940 = PRODUCT_RELATED_PRODUCT_CATEGORY ( 'detail', '', ( #520 ) ) ;
#1941 = APPROVAL ( #1823, 'UNSPECIFIED' ) ;
#1942 = CC_DESIGN_DATE_AND_TIME_ASSIGNMENT ( #756, #1815, ( #1935 ) ) ;
#1943 = CC_DESIGN_DATE_AND_TIME_ASSIGNMENT ( #735, #1790, ( #1930 ) ) ;
#1944 = APPROVAL ( #1789, 'UNSPECIFIED' ) ;
#1945 = CC_DESIGN_PERSON_AND_ORGANIZATION_ASSIGNMENT ( #700, #1840, ( #598 ) ) ;
#1946 = CC_DESIGN_SECURITY_CLASSIFICATION ( #1930, ( #598 ) ) ;
#1947 = CC_DESIGN_PERSON_AND_ORGANIZATION_ASSIGNMENT ( #720, #1802, ( #598 ) ) ;
#1948 = CC_DESIGN_PERSON_AND_ORGANIZATION_ASSIGNMENT ( #768, #1797, ( #1938 ) ) ;
#1949 = APPROVAL ( #1853, 'UNKNOWN' ) ;
#1950 = CC_DESIGN_APPROVAL ( #1949, ( #1933 ) ) ;
#1951 = SECURITY_CLASSIFICATION ( '', '', #1846 ) ;
#1952 = APPROVAL ( #1793, 'UNSPECIFIED' ) ;
#1953 = SECURITY_CLASSIFICATION ( '', '', #1798 ) ;
#1954 = CC_DESIGN_PERSON_AND_ORGANIZATION_ASSIGNMENT ( #770, #1799, ( #1953 ) ) ;
#1955 = APPROVAL ( #1817, 'UNSPECIFIED' ) ;
#1956 = CC_DESIGN_APPROVAL ( #1955, ( #1953 ) ) ;
#1957 = CC_DESIGN_SECURITY_CLASSIFICATION ( #1933, ( #2176 ) ) ;
#1958 = CC_DESIGN_DATE_AND_TIME_ASSIGNMENT ( #826, #1844, ( #1933 ) ) ;
#1959 = CC_DESIGN_PERSON_AND_ORGANIZATION_ASSIGNMENT ( #803, #1856, ( #1933 ) ) ;
#1960 = CC_DESIGN_APPROVAL ( #1952, ( #1938 ) ) ;
#1961 = CC_DESIGN_PERSON_AND_ORGANIZATION_ASSIGNMENT ( #769, #1816, ( #1938 ) ) ;
#1962 = CC_DESIGN_DATE_AND_TIME_ASSIGNMENT ( #771, #1800, ( #1953 ) ) ;
#1963 = PRODUCT_RELATED_PRODUCT_CATEGORY ( 'detail', '', ( #521 ) ) ;
#1964 = CC_DESIGN_SECURITY_CLASSIFICATION ( #1953, ( #1938 ) ) ;
#1965 = APPROVAL ( #1851, 'UNKNOWN' ) ;
#1966 = CC_DESIGN_DATE_AND_TIME_ASSIGNMENT ( #816, #1857, ( #1951 ) ) ;
#1967 = SECURITY_CLASSIFICATION ( '', '', #1847 ) ;
#1968 = CC_DESIGN_APPROVAL ( #1965, ( #1951 ) ) ;
#1969 = CC_DESIGN_PERSON_AND_ORGANIZATION_ASSIGNMENT ( #817, #1845, ( #1951 ) ) ;
#1970 = CC_DESIGN_SECURITY_CLASSIFICATION ( #1967, ( #2178 ) ) ;
#1971 = APPROVAL ( #1848, 'UNKNOWN' ) ;
#1972 = CC_DESIGN_APPROVAL ( #1971, ( #1967 ) ) ;
#1973 = CC_DESIGN_SECURITY_CLASSIFICATION ( #1951, ( #2177 ) ) ;
#1974 = EDGE_CURVE ( 'NONE', #180, #159, #996, .T. ) ;
#1975 = AXIS2_PLACEMENT_3D ( 'NONE', #1613, #1587, #1611 ) ;
#1976 = EDGE_CURVE ( 'NONE', #219, #181, #992, .T. ) ;
#1977 = AXIS2_PLACEMENT_3D ( 'NONE', #1129, #1150, #1141 ) ;
#1978 = AXIS2_PLACEMENT_3D ( 'NONE', #1142, #1127, #1156 ) ;
#1979 = AXIS2_PLACEMENT_3D ( 'NONE', #1646, #1643, #1628 ) ;
#1980 = AXIS2_PLACEMENT_3D ( 'NONE', #1592, #1589, #1586 ) ;
#1981 = AXIS2_PLACEMENT_3D ( 'NONE', #1585, #1591, #1615 ) ;
#1982 = AXIS2_PLACEMENT_3D ( 'NONE', #1584, #1621, #1616 ) ;
#1983 = AXIS2_PLACEMENT_3D ( 'NONE', #1602, #1617, #1618 ) ;
#1984 = EDGE_CURVE ( 'NONE', #184, #195, #971, .T. ) ;
#1985 = EDGE_CURVE ( 'NONE', #220, #240, #962, .T. ) ;
#1986 = AXIS2_PLACEMENT_3D ( 'NONE', #1583, #1577, #1580 ) ;
#1987 = AXIS2_PLACEMENT_3D ( 'NONE', #1128, #1132, #1151 ) ;
#1988 = AXIS2_PLACEMENT_3D ( 'NONE', #1573, #1574, #1575 ) ;
#1989 = AXIS2_PLACEMENT_3D ( 'NONE', #1119, #1109, #1096 ) ;
#1990 = AXIS2_PLACEMENT_3D ( 'NONE', #1166, #1193, #1189 ) ;
#1991 = AXIS2_PLACEMENT_3D ( 'NONE', #1376, #1347, #1378 ) ;
#1992 = AXIS2_PLACEMENT_3D ( 'NONE', #1168, #1199, #1174 ) ;
#1993 = AXIS2_PLACEMENT_3D ( 'NONE', #1194, #1200, #1169 ) ;
#1994 = AXIS2_PLACEMENT_3D ( 'NONE', #1604, #1608, #1605 ) ;
#1995 = AXIS2_PLACEMENT_3D ( 'NONE', #1144, #1147, #1145 ) ;
#1996 = AXIS2_PLACEMENT_3D ( 'NONE', #1153, #1157, #1161 ) ;
#1997 = EDGE_CURVE ( 'NONE', #168, #172, #994, .T. ) ;
#1998 = AXIS2_PLACEMENT_3D ( 'NONE', #1130, #1155, #1149 ) ;
#1999 = AXIS2_PLACEMENT_3D ( 'NONE', #1152, #1139, #1143 ) ;
#2000 = AXIS2_PLACEMENT_3D ( 'NONE', #1635, #1633, #1637 ) ;
#2001 = AXIS2_PLACEMENT_3D ( 'NONE', #1614, #1622, #1607 ) ;
#2002 = AXIS2_PLACEMENT_3D ( 'NONE', #1642, #1669, #1655 ) ;
#2003 = AXIS2_PLACEMENT_3D ( 'NONE', #1648, #1653, #1639 ) ;
#2004 = AXIS2_PLACEMENT_3D ( 'NONE', #1645, #1652, #1670 ) ;
#2005 = AXIS2_PLACEMENT_3D ( 'NONE', #1097, #1104, #1094 ) ;
#2006 = AXIS2_PLACEMENT_3D ( 'NONE', #1135, #1136, #1137 ) ;
#2007 = EDGE_CURVE ( 'NONE', #205, #215, #983, .T. ) ;
#2008 = AXIS2_PLACEMENT_3D ( 'NONE', #1112, #1118, #1114 ) ;
#2009 = AXIS2_PLACEMENT_3D ( 'NONE', #1191, #1176, #1177 ) ;
#2010 = EDGE_CURVE ( 'NONE', #170, #155, #972, .T. ) ;
#2011 = AXIS2_PLACEMENT_3D ( 'NONE', #1630, #1671, #1667 ) ;
#2012 = AXIS2_PLACEMENT_3D ( 'NONE', #1115, #1107, #1120 ) ;
#2013 = AXIS2_PLACEMENT_3D ( 'NONE', #1160, #1134, #1138 ) ;
#2014 = AXIS2_PLACEMENT_3D ( 'NONE', #1100, #1101, #1093 ) ;
#2015 = AXIS2_PLACEMENT_3D ( 'NONE', #1197, #1178, #1192 ) ;
#2016 = AXIS2_PLACEMENT_3D ( 'NONE', #1165, #1190, #1170 ) ;
#2017 = AXIS2_PLACEMENT_3D ( 'NONE', #1184, #1202, #1173 ) ;
#2018 = AXIS2_PLACEMENT_3D ( 'NONE', #1623, #1624, #1609 ) ;
#2019 = AXIS2_PLACEMENT_3D ( 'NONE', #1596, #1610, #1601 ) ;
#2020 = AXIS2_PLACEMENT_3D ( 'NONE', #1158, #1162, #1146 ) ;
#2021 = AXIS2_PLACEMENT_3D ( 'NONE', #1133, #1148, #1140 ) ;
#2022 = EDGE_CURVE ( 'NONE', #216, #208, #1043, .T. ) ;
#2023 = AXIS2_PLACEMENT_3D ( 'NONE', #1658, #1644, #1632 ) ;
#2024 = AXIS2_PLACEMENT_3D ( 'NONE', #1302, #1310, #1304 ) ;
#2025 = AXIS2_PLACEMENT_3D ( 'NONE', #1186, #1187, #1196 ) ;
#2026 = AXIS2_PLACEMENT_3D ( 'NONE', #1307, #1317, #1318 ) ;
#2027 = AXIS2_PLACEMENT_3D ( 'NONE', #1379, #1375, #1380 ) ;
#2028 = AXIS2_PLACEMENT_3D ( 'NONE', #1261, #1264, #1262 ) ;
#2029 = AXIS2_PLACEMENT_3D ( 'NONE', #1252, #1232, #1246 ) ;
#2030 = AXIS2_PLACEMENT_3D ( 'NONE', #1206, #1247, #1242 ) ;
#2031 = AXIS2_PLACEMENT_3D ( 'NONE', #1303, #1339, #1335 ) ;
#2032 = AXIS2_PLACEMENT_3D ( 'NONE', #1243, #1238, #1205 ) ;
#2033 = AXIS2_PLACEMENT_3D ( 'NONE', #1239, #1225, #1240 ) ;
#2034 = AXIS2_PLACEMENT_3D ( 'NONE', #1265, #1298, #1254 ) ;
#2035 = AXIS2_PLACEMENT_3D ( 'NONE', #1332, #1320, #1333 ) ;
#2036 = AXIS2_PLACEMENT_3D ( 'NONE', #1218, #1219, #1228 ) ;
#2037 = AXIS2_PLACEMENT_3D ( 'NONE', #1287, #1280, #1295 ) ;
#2038 = AXIS2_PLACEMENT_3D ( 'NONE', #1381, #1368, #1361 ) ;
#2039 = AXIS2_PLACEMENT_3D ( 'NONE', #1311, #1342, #1345 ) ;
#2040 = AXIS2_PLACEMENT_3D ( 'NONE', #1308, #1323, #1330 ) ;
#2041 = AXIS2_PLACEMENT_3D ( 'NONE', #1352, #1355, #1349 ) ;
#2042 = AXIS2_PLACEMENT_3D ( 'NONE', #1244, #1235, #1236 ) ;
#2043 = AXIS2_PLACEMENT_3D ( 'NONE', #1227, #1211, #1217 ) ;
#2044 = AXIS2_PLACEMENT_3D ( 'NONE', #1336, #1324, #1327 ) ;
#2045 = AXIS2_PLACEMENT_3D ( 'NONE', #1171, #1195, #1167 ) ;
#2046 = AXIS2_PLACEMENT_3D ( 'NONE', #1365, #1360, #1363 ) ;
#2047 = AXIS2_PLACEMENT_3D ( 'NONE', #1321, #1322, #1340 ) ;
#2048 = AXIS2_PLACEMENT_3D ( 'NONE', #1271, #1283, #1272 ) ;
#2049 = AXIS2_PLACEMENT_3D ( 'NONE', #1207, #1208, #1209 ) ;
#2050 = AXIS2_PLACEMENT_3D ( 'NONE', #1212, #1213, #1216 ) ;
#2051 = AXIS2_PLACEMENT_3D ( 'NONE', #1220, #1221, #1222 ) ;
#2052 = AXIS2_PLACEMENT_3D ( 'NONE', #1188, #1181, #1201 ) ;
#2053 = AXIS2_PLACEMENT_3D ( 'NONE', #1214, #1241, #1237 ) ;
#2054 = AXIS2_PLACEMENT_3D ( 'NONE', #1268, #1260, #1289 ) ;
#2055 = AXIS2_PLACEMENT_3D ( 'NONE', #1233, #1224, #1248 ) ;
#2056 = AXIS2_PLACEMENT_3D ( 'NONE', #1203, #1172, #1164 ) ;
#2057 = AXIS2_PLACEMENT_3D ( 'NONE', #1269, #1300, #1286 ) ;
#2058 = AXIS2_PLACEMENT_3D ( 'NONE', #1276, #1282, #1275 ) ;
#2059 = AXIS2_PLACEMENT_3D ( 'NONE', #1257, #1258, #1259 ) ;
#2060 = AXIS2_PLACEMENT_3D ( 'NONE', #1309, #1334, #1331 ) ;
#2061 = AXIS2_PLACEMENT_3D ( 'NONE', #1175, #1204, #1185 ) ;
#2062 = AXIS2_PLACEMENT_3D ( 'NONE', #1234, #1231, #1249 ) ;
#2063 = AXIS2_PLACEMENT_3D ( 'NONE', #1337, #1312, #1326 ) ;
#2064 = AXIS2_PLACEMENT_3D ( 'NONE', #1328, #1341, #1306 ) ;
#2065 = AXIS2_PLACEMENT_3D ( 'NONE', #1281, #1256, #1293 ) ;
#2066 = AXIS2_PLACEMENT_3D ( 'NONE', #1314, #1315, #1316 ) ;
#2067 = AXIS2_PLACEMENT_3D ( 'NONE', #1245, #1215, #1251 ) ;
#2068 = AXIS2_PLACEMENT_3D ( 'NONE', #1279, #1288, #1294 ) ;
#2069 = AXIS2_PLACEMENT_3D ( 'NONE', #1338, #1319, #1344 ) ;
#2070 = AXIS2_PLACEMENT_3D ( 'NONE', #1285, #1263, #1274 ) ;
#2071 = AXIS2_PLACEMENT_3D ( 'NONE', #1277, #1253, #1297 ) ;
#2072 = AXIS2_PLACEMENT_3D ( 'NONE', #1296, #1284, #1290 ) ;
#2073 = AXIS2_PLACEMENT_3D ( 'NONE', #1301, #1267, #1292 ) ;
#2074 = AXIS2_PLACEMENT_3D ( 'NONE', #1163, #1182, #1183 ) ;
#2075 = AXIS2_PLACEMENT_3D ( 'NONE', #1369, #1377, #1366 ) ;
#2076 = EDGE_CURVE ( 'NONE', #191, #193, #1036, .T. ) ;
#2077 = EDGE_CURVE ( 'NONE', #163, #175, #1033, .T. ) ;
#2078 = EDGE_CURVE ( 'NONE', #164, #211, #1041, .T. ) ;
#2079 = EDGE_CURVE ( 'NONE', #193, #164, #1021, .T. ) ;
#2080 = EDGE_CURVE ( 'NONE', #178, #163, #1044, .T. ) ;
#2081 = EDGE_CURVE ( 'NONE', #169, #212, #1040, .T. ) ;
#2082 = EDGE_CURVE ( 'NONE', #163, #178, #1042, .T. ) ;
#2083 = EDGE_CURVE ( 'NONE', #228, #156, #1023, .T. ) ;
#2084 = EDGE_CURVE ( 'NONE', #237, #213, #1005, .T. ) ;
#2085 = EDGE_CURVE ( 'NONE', #191, #211, #1035, .T. ) ;
#2086 = EDGE_CURVE ( 'NONE', #178, #165, #1030, .T. ) ;
#2087 = EDGE_CURVE ( 'NONE', #179, #166, #1047, .T. ) ;
#2088 = EDGE_CURVE ( 'NONE', #175, #165, #1046, .T. ) ;
#2089 = EDGE_CURVE ( 'NONE', #169, #166, #1016, .T. ) ;
#2090 = EDGE_CURVE ( 'NONE', #179, #163, #998, .T. ) ;
#2091 = EDGE_CURVE ( 'NONE', #156, #155, #1014, .T. ) ;
#2092 = EDGE_CURVE ( 'NONE', #207, #181, #1025, .T. ) ;
#2093 = EDGE_CURVE ( 'NONE', #200, #199, #999, .T. ) ;
#2094 = EDGE_CURVE ( 'NONE', #185, #221, #1001, .T. ) ;
#2095 = EDGE_CURVE ( 'NONE', #166, #179, #1003, .T. ) ;
#2096 = EDGE_CURVE ( 'NONE', #212, #169, #1002, .T. ) ;
#2097 = EDGE_CURVE ( 'NONE', #160, #236, #1027, .T. ) ;
#2098 = EDGE_CURVE ( 'NONE', #214, #174, #1039, .T. ) ;
#2099 = EDGE_CURVE ( 'NONE', #182, #198, #1010, .T. ) ;
#2100 = EDGE_CURVE ( 'NONE', #190, #156, #1007, .T. ) ;
#2101 = EDGE_CURVE ( 'NONE', #242, #161, #1018, .T. ) ;
#2102 = EDGE_CURVE ( 'NONE', #228, #170, #1011, .T. ) ;
#2103 = EDGE_CURVE ( 'NONE', #243, #196, #1028, .T. ) ;
#2104 = EDGE_CURVE ( 'NONE', #204, #182, #1031, .T. ) ;
#2105 = EDGE_CURVE ( 'NONE', #197, #171, #1004, .T. ) ;
#2106 = EDGE_CURVE ( 'NONE', #177, #224, #1032, .T. ) ;
#2107 = EDGE_CURVE ( 'NONE', #171, #173, #1012, .T. ) ;
#2108 = EDGE_CURVE ( 'NONE', #177, #206, #1009, .T. ) ;
#2109 = EDGE_CURVE ( 'NONE', #224, #192, #1015, .T. ) ;
#2110 = EDGE_CURVE ( 'NONE', #188, #196, #1057, .T. ) ;
#2111 = EDGE_CURVE ( 'NONE', #206, #192, #1062, .T. ) ;
#2112 = EDGE_CURVE ( 'NONE', #197, #157, #1076, .T. ) ;
#2113 = EDGE_CURVE ( 'NONE', #166, #178, #1051, .T. ) ;
#2114 = EDGE_CURVE ( 'NONE', #168, #180, #1064, .T. ) ;
#2115 = EDGE_CURVE ( 'NONE', #236, #162, #1065, .T. ) ;
#2116 = EDGE_CURVE ( 'NONE', #186, #187, #1074, .T. ) ;
#2117 = EDGE_CURVE ( 'NONE', #165, #175, #1061, .T. ) ;
#2118 = EDGE_CURVE ( 'NONE', #169, #213, #1055, .T. ) ;
#2119 = EDGE_CURVE ( 'NONE', #212, #237, #1056, .T. ) ;
#2120 = EDGE_CURVE ( 'NONE', #190, #241, #508, .T. ) ;
#2121 = EDGE_CURVE ( 'NONE', #189, #233, #1075, .T. ) ;
#2122 = EDGE_CURVE ( 'NONE', #202, #174, #1077, .T. ) ;
#2123 = EDGE_CURVE ( 'NONE', #174, #214, #1078, .T. ) ;
#2124 = EDGE_CURVE ( 'NONE', #210, #238, #1052, .T. ) ;
#2125 = EDGE_CURVE ( 'NONE', #212, #179, #1071, .T. ) ;
#2126 = EDGE_CURVE ( 'NONE', #186, #185, #1049, .T. ) ;
#2127 = EDGE_CURVE ( 'NONE', #243, #187, #1069, .T. ) ;
#2128 = EDGE_CURVE ( 'NONE', #227, #241, #1054, .T. ) ;
#2129 = EDGE_CURVE ( 'NONE', #172, #159, #1080, .T. ) ;
#2130 = EDGE_CURVE ( 'NONE', #213, #237, #632, .T. ) ;
#2131 = EDGE_CURVE ( 'NONE', #203, #232, #636, .T. ) ;
#2132 = EDGE_CURVE ( 'NONE', #195, #184, #621, .T. ) ;
#2133 = EDGE_CURVE ( 'NONE', #195, #242, #633, .T. ) ;
#2134 = EDGE_CURVE ( 'NONE', #159, #180, #611, .T. ) ;
#2135 = EDGE_CURVE ( 'NONE', #227, #234, #622, .T. ) ;
#2136 = EDGE_CURVE ( 'NONE', #232, #241, #623, .T. ) ;
#2137 = EDGE_CURVE ( 'NONE', #241, #190, #511, .T. ) ;
#2138 = EDGE_CURVE ( 'NONE', #235, #200, #640, .T. ) ;
#2139 = EDGE_CURVE ( 'NONE', #241, #190, #507, .T. ) ;
#2140 = EDGE_CURVE ( 'NONE', #238, #176, #635, .T. ) ;
#2141 = EDGE_CURVE ( 'NONE', #239, #219, #626, .T. ) ;
#2142 = EDGE_CURVE ( 'NONE', #218, #214, #634, .T. ) ;
#2143 = EDGE_CURVE ( 'NONE', #184, #161, #639, .T. ) ;
#2144 = EDGE_CURVE ( 'NONE', #231, #176, #625, .T. ) ;
#2145 = EDGE_CURVE ( 'NONE', #176, #238, #612, .T. ) ;
#2146 = EDGE_CURVE ( 'NONE', #234, #190, #642, .T. ) ;
#2147 = EDGE_CURVE ( 'NONE', #221, #235, #624, .T. ) ;
#2148 = EDGE_CURVE ( 'NONE', #202, #218, #638, .T. ) ;
#2149 = EDGE_CURVE ( 'NONE', #229, #198, #616, .T. ) ;
#2150 = EDGE_CURVE ( 'NONE', #155, #170, #608, .T. ) ;
#2151 = EDGE_CURVE ( 'NONE', #188, #199, #643, .T. ) ;
#2152 = EDGE_CURVE ( 'NONE', #189, #217, #618, .T. ) ;
#2153 = EDGE_CURVE ( 'NONE', #203, #190, #609, .T. ) ;
#2154 = EDGE_CURVE ( 'NONE', #204, #229, #610, .T. ) ;
#2155 = EDGE_CURVE ( 'NONE', #215, #222, #620, .T. ) ;
#2156 = EDGE_CURVE ( 'NONE', #193, #191, #629, .T. ) ;
#2157 = EDGE_CURVE ( 'NONE', #171, #197, #630, .T. ) ;
#2158 = EDGE_CURVE ( 'NONE', #161, #242, #631, .T. ) ;
#2159 = EDGE_CURVE ( 'NONE', #222, #194, #664, .T. ) ;
#2160 = EDGE_CURVE ( 'NONE', #173, #157, #669, .T. ) ;
#2161 = EDGE_CURVE ( 'NONE', #234, #227, #666, .T. ) ;
#2162 = EDGE_CURVE ( 'NONE', #208, #230, #645, .T. ) ;
#2163 = EDGE_CURVE ( 'NONE', #160, #158, #646, .T. ) ;
#2164 = EDGE_CURVE ( 'NONE', #236, #160, #651, .T. ) ;
#2165 = EDGE_CURVE ( 'NONE', #194, #243, #658, .T. ) ;
#2166 = EDGE_CURVE ( 'NONE', #239, #207, #660, .T. ) ;
#2167 = EDGE_CURVE ( 'NONE', #196, #222, #650, .T. ) ;
#2168 = EDGE_CURVE ( 'NONE', #218, #202, #652, .T. ) ;
#2169 = EDGE_CURVE ( 'NONE', #183, #235, #665, .T. ) ;
#2170 = EDGE_CURVE ( 'NONE', #182, #204, #662, .T. ) ;
#2171 = EDGE_CURVE ( 'NONE', #183, #216, #663, .T. ) ;
#2172 = EDGE_CURVE ( 'NONE', #162, #158, #656, .T. ) ;
#2173 = EDGE_CURVE ( 'NONE', #232, #203, #673, .T. ) ;
#2174 = EDGE_CURVE ( 'NONE', #199, #230, #674, .T. ) ;
#2175 = EDGE_CURVE ( 'NONE', #205, #209, #648, .T. ) ;
#2176 = NEXT_ASSEMBLY_USAGE_OCCURRENCE ( 'NAUO1', ' ', ' ', #582, #1935, $ ) ;
#2177 = NEXT_ASSEMBLY_USAGE_OCCURRENCE ( 'NAUO2', ' ', ' ', #582, #591, $ ) ;
#2178 = NEXT_ASSEMBLY_USAGE_OCCURRENCE ( 'NAUO3', ' ', ' ', #582, #591, $ ) ;
ENDSEC;
END-ISO-10303-21;
