ISO-10303-21;
HEADER;
FILE_DESCRIPTION (( 'STEP AP203' ),
    '1' );
FILE_NAME ('ALP2120.STEP',
    '2017-03-05T10:37:18',
    ( '' ),
    ( '' ),
    'SwSTEP 2.0',
    'SolidWorks 2012',
    '' );
FILE_SCHEMA (( 'CONFIG_CONTROL_DESIGN' ));
ENDSEC;

DATA;
#1 = CARTESIAN_POINT ( 'NONE',  ( 21.61965284472662700, 23.68871657395410000, 14.28285965272746900 ) ) ;
#2 = CARTESIAN_POINT ( 'NONE',  ( 22.27386360737604700, 24.39518395093596200, 13.00000000000012600 ) ) ;
#3 = LINE ( 'NONE', #1783, #4 ) ;
#4 = VECTOR ( 'NONE', #1794, 1000.000000000000000 ) ;
#5 = LINE ( 'NONE', #1770, #19 ) ;
#6 = VECTOR ( 'NONE', #1795, 999.9999999999998900 ) ;
#7 = LINE ( 'NONE', #1789, #8 ) ;
#8 = VECTOR ( 'NONE', #1792, 1000.000000000000000 ) ;
#9 = LINE ( 'NONE', #1769, #10 ) ;
#10 = VECTOR ( 'NONE', #1791, 1000.000000000000000 ) ;
#11 = VECTOR ( 'NONE', #164, 1000.000000000000000 ) ;
#12 = LINE ( 'NONE', #1787, #17 ) ;
#13 = VECTOR ( 'NONE', #1768, 1000.000000000000000 ) ;
#14 = VECTOR ( 'NONE', #1758, 1000.000000000000000 ) ;
#15 = LINE ( 'NONE', #1774, #18 ) ;
#16 = LINE ( 'NONE', #1780, #14 ) ;
#17 = VECTOR ( 'NONE', #1784, 1000.000000000000000 ) ;
#18 = VECTOR ( 'NONE', #1775, 1000.000000000000000 ) ;
#19 = VECTOR ( 'NONE', #1788, 1000.000000000000000 ) ;
#20 = LINE ( 'NONE', #1781, #21 ) ;
#21 = VECTOR ( 'NONE', #1785, 1000.000000000000000 ) ;
#22 = LINE ( 'NONE', #1773, #27 ) ;
#23 = LINE ( 'NONE', #1767, #13 ) ;
#24 = CIRCLE ( 'NONE', #1113, 1.000000000000000900 ) ;
#25 = LINE ( 'NONE', #1782, #26 ) ;
#26 = VECTOR ( 'NONE', #1786, 1000.000000000000000 ) ;
#27 = VECTOR ( 'NONE', #1766, 1000.000000000000000 ) ;
#28 = LINE ( 'NONE', #1790, #6 ) ;
#29 = DIRECTION ( 'NONE',  ( -1.000000000000000000, 0.0000000000000000000, 0.0000000000000000000 ) ) ;
#30 = DIRECTION ( 'NONE',  ( 2.059984127722456500E-015, 1.000000000000000000, 0.0000000000000000000 ) ) ;
#31 = DIRECTION ( 'NONE',  ( 0.0000000000000000000, 0.0000000000000000000, -1.000000000000000000 ) ) ;
#32 = CARTESIAN_POINT ( 'NONE',  ( -0.5909902576697124700, 44.70900974233028100, 20.00000000000000000 ) ) ;
#33 = DIRECTION ( 'NONE',  ( -0.7071067811865433500, -0.7071067811865517900, 0.0000000000000000000 ) ) ;
#34 = CARTESIAN_POINT ( 'NONE',  ( 19.44543648262993700, 21.56675682618981000, -15.00000000000000000 ) ) ;
#35 = DIRECTION ( 'NONE',  ( 1.000000000000000000, 0.0000000000000000000, 0.0000000000000000000 ) ) ;
#36 = DIRECTION ( 'NONE',  ( 0.0000000000000000000, 0.0000000000000000000, -1.000000000000000000 ) ) ;
#37 = CARTESIAN_POINT ( 'NONE',  ( -0.5909902576697129200, 44.70900974233028100, -20.00000000000000000 ) ) ;
#38 = CARTESIAN_POINT ( 'NONE',  ( -0.5909902576697121400, 40.40900974233028400, -20.00000000000000000 ) ) ;
#39 = DIRECTION ( 'NONE',  ( 1.000000000000000000, -2.072062100757140400E-015, 0.0000000000000000000 ) ) ;
#40 = DIRECTION ( 'NONE',  ( 0.0000000000000000000, -0.0000000000000000000, 1.000000000000000000 ) ) ;
#41 = CARTESIAN_POINT ( 'NONE',  ( 44.41611652351680600, 8.334049352999846500, -21.00000000000000000 ) ) ;
#42 = CARTESIAN_POINT ( 'NONE',  ( 22.98097038856265000, 25.10229073212257200, 15.00000000000000000 ) ) ;
#43 = DIRECTION ( 'NONE',  ( -0.7071067811865516800, 0.7071067811865434600, 0.0000000000000000000 ) ) ;
#44 = DIRECTION ( 'NONE',  ( 8.838197798826717000E-016, -1.000000000000000000, -0.0000000000000000000 ) ) ;
#45 = DIRECTION ( 'NONE',  ( -0.7071067811865516800, 0.7071067811865434600, -0.0000000000000000000 ) ) ;
#46 = DIRECTION ( 'NONE',  ( 0.0000000000000000000, -0.0000000000000000000, 1.000000000000000000 ) ) ;
#47 = CARTESIAN_POINT ( 'NONE',  ( 2.148870759458885200, 1.673085718225438600, -15.00000000000000000 ) ) ;
#48 = DIRECTION ( 'NONE',  ( 0.6794495785627310300, 0.7337222023292788700, 0.0000000000000000000 ) ) ;
#49 = DIRECTION ( 'NONE',  ( -1.000000000000000000, 0.0000000000000000000, 0.0000000000000000000 ) ) ;
#50 = DIRECTION ( 'NONE',  ( 0.7071067811865515700, -0.7071067811865435800, -0.0000000000000000000 ) ) ;
#51 = DIRECTION ( 'NONE',  ( 2.072062100757052500E-015, -1.000000000000000000, -0.0000000000000000000 ) ) ;
#52 = DIRECTION ( 'NONE',  ( -0.0000000000000000000, -0.0000000000000000000, 1.000000000000000000 ) ) ;
#53 = DIRECTION ( 'NONE',  ( 0.7337222023292642200, 0.6794495785627469000, 0.0000000000000000000 ) ) ;
#54 = DIRECTION ( 'NONE',  ( 0.0000000000000000000, 0.0000000000000000000, -1.000000000000000000 ) ) ;
#55 = CARTESIAN_POINT ( 'NONE',  ( 12.69035197368203100, 14.04616691747696900, -20.00000000000000000 ) ) ;
#56 = DIRECTION ( 'NONE',  ( 1.000000000000000000, 0.0000000000000000000, 0.0000000000000000000 ) ) ;
#57 = CARTESIAN_POINT ( 'NONE',  ( -0.5909902576697132500, 44.70900974233028100, -20.00000000000000000 ) ) ;
#58 = CARTESIAN_POINT ( 'NONE',  ( 9.041156134185969900, 45.12322330470336600, 21.00000000000000000 ) ) ;
#59 = CARTESIAN_POINT ( 'NONE',  ( 44.70900974233028100, -0.5909902576697087000, 20.00000000000000000 ) ) ;
#60 = CARTESIAN_POINT ( 'NONE',  ( 24.39518395093576700, 22.27386360737640200, -20.00000000000000000 ) ) ;
#61 = DIRECTION ( 'NONE',  ( -0.0000000000000000000, -0.0000000000000000000, 1.000000000000000000 ) ) ;
#62 = CARTESIAN_POINT ( 'NONE',  ( 44.70900974233028100, -1.590990257669710600, -21.00000000000000000 ) ) ;
#63 = DIRECTION ( 'NONE',  ( -1.000000000000000000, 0.0000000000000000000, 0.0000000000000000000 ) ) ;
#64 = CARTESIAN_POINT ( 'NONE',  ( 21.56675682618958900, 19.44543648263018600, 9.999999999999998200 ) ) ;
#65 = DIRECTION ( 'NONE',  ( 0.0000000000000000000, 0.0000000000000000000, 1.000000000000000000 ) ) ;
#66 = CARTESIAN_POINT ( 'NONE',  ( 25.10229073212230200, 22.98097038856294100, 15.00000000000000000 ) ) ;
#67 = CARTESIAN_POINT ( 'NONE',  ( 45.70900974233028100, -0.5909902576697068100, 21.00000000000000000 ) ) ;
#68 = DIRECTION ( 'NONE',  ( 1.000000000000000000, -2.072062100757140400E-015, -0.0000000000000000000 ) ) ;
#69 = DIRECTION ( 'NONE',  ( 0.7071067811865433500, 0.7071067811865517900, 0.0000000000000000000 ) ) ;
#70 = DIRECTION ( 'NONE',  ( -0.0000000000000000000, -0.0000000000000000000, 1.000000000000000000 ) ) ;
#71 = DIRECTION ( 'NONE',  ( -0.0000000000000000000, -0.0000000000000000000, 1.000000000000000000 ) ) ;
#72 = DIRECTION ( 'NONE',  ( 0.0000000000000000000, 1.000000000000000000, 0.0000000000000000000 ) ) ;
#73 = CARTESIAN_POINT ( 'NONE',  ( 21.56675682618958900, 19.44543648263018600, -9.999999999999998200 ) ) ;
#74 = DIRECTION ( 'NONE',  ( -0.7071067811865433500, -0.7071067811865517900, 0.0000000000000000000 ) ) ;
#75 = CARTESIAN_POINT ( 'NONE',  ( -1.590990257669711900, 40.40900974233028400, 21.00000000000000000 ) ) ;
#76 = DIRECTION ( 'NONE',  ( 0.7071067811865516800, -0.7071067811865434600, 0.0000000000000000000 ) ) ;
#77 = CARTESIAN_POINT ( 'NONE',  ( 40.40900974233026200, -0.5909902576697091400, -21.00000000000000000 ) ) ;
#78 = DIRECTION ( 'NONE',  ( -1.000000000000000000, -8.182657905550947500E-017, -0.0000000000000000000 ) ) ;
#79 = CARTESIAN_POINT ( 'NONE',  ( 24.39518395093576700, 22.27386360737640200, -13.00000000000006900 ) ) ;
#80 = CARTESIAN_POINT ( 'NONE',  ( 20.64441302012927400, 22.63557718807584600, -15.00000000000000000 ) ) ;
#81 = DIRECTION ( 'NONE',  ( -1.000000000000000000, -2.059984127722456500E-015, 0.0000000000000000000 ) ) ;
#82 = DIRECTION ( 'NONE',  ( 0.0000000000000000000, 0.0000000000000000000, 1.000000000000000000 ) ) ;
#83 = CARTESIAN_POINT ( 'NONE',  ( 22.27386360737604700, 24.39518395093596200, -13.00000000000012300 ) ) ;
#84 = CARTESIAN_POINT ( 'NONE',  ( -0.5909902576697124700, 44.70900974233027400, -20.00000000000000000 ) ) ;
#85 = DIRECTION ( 'NONE',  ( -1.000000000000000000, 0.0000000000000000000, 0.0000000000000000000 ) ) ;
#86 = CARTESIAN_POINT ( 'NONE',  ( 14.82158520229366200, 13.40841342140172400, -21.00000000000000000 ) ) ;
#87 = CARTESIAN_POINT ( 'NONE',  ( 19.44543648262993300, 21.56675682618981700, 9.999999999999998200 ) ) ;
#88 = DIRECTION ( 'NONE',  ( -0.7071067811865516800, 0.7071067811865434600, -0.0000000000000000000 ) ) ;
#89 = CARTESIAN_POINT ( 'NONE',  ( 13.40841342140163500, 14.82158520229371800, -21.00000000000000000 ) ) ;
#90 = DIRECTION ( 'NONE',  ( 0.0000000000000000000, 0.0000000000000000000, -1.000000000000000000 ) ) ;
#91 = DIRECTION ( 'NONE',  ( -2.072062100757052500E-015, 1.000000000000000000, 0.0000000000000000000 ) ) ;
#92 = DIRECTION ( 'NONE',  ( 0.7071067811865433500, 0.7071067811865517900, 0.0000000000000000000 ) ) ;
#93 = DIRECTION ( 'NONE',  ( 0.0000000000000000000, 0.0000000000000000000, 1.000000000000000000 ) ) ;
#94 = CARTESIAN_POINT ( 'NONE',  ( 19.44543648262992600, 21.56675682618982000, -9.999999999999998200 ) ) ;
#95 = CARTESIAN_POINT ( 'NONE',  ( 14.14213562373091400, 14.14213562373098700, -15.00000000000000000 ) ) ;
#96 = CARTESIAN_POINT ( 'NONE',  ( 19.55406174904696900, 21.45813155977277700, -15.00000000000000000 ) ) ;
#97 = CARTESIAN_POINT ( 'NONE',  ( 23.68871657395389000, 21.61965284472694300, -14.28285965272744000 ) ) ;
#98 = CARTESIAN_POINT ( 'NONE',  ( 21.61965284472662300, 23.68871657395409300, -14.28285965272746900 ) ) ;
#99 = CARTESIAN_POINT ( 'NONE',  ( 21.56675682618959700, 19.44543648263017800, 15.00000000000000000 ) ) ;
#100 = DIRECTION ( 'NONE',  ( -0.0000000000000000000, -0.0000000000000000000, 1.000000000000000000 ) ) ;
#101 = CARTESIAN_POINT ( 'NONE',  ( 22.98097038856265300, 25.10229073212256900, 9.999999999999998200 ) ) ;
#102 = CARTESIAN_POINT ( 'NONE',  ( 7.626942571812885600, 44.70900974233025900, -21.00000000000000000 ) ) ;
#103 = DIRECTION ( 'NONE',  ( -0.7071067811865516800, 0.7071067811865434600, 0.0000000000000000000 ) ) ;
#104 = CARTESIAN_POINT ( 'NONE',  ( 44.70900974233028100, -0.5909902576697088100, 20.00000000000000000 ) ) ;
#105 = DIRECTION ( 'NONE',  ( 0.7071067811865516800, -0.7071067811865434600, 0.0000000000000000000 ) ) ;
#106 = CARTESIAN_POINT ( 'NONE',  ( 22.27386360737604700, 24.39518395093596200, -20.00000000000000000 ) ) ;
#107 = DIRECTION ( 'NONE',  ( 0.7071067811865516800, -0.7071067811865434600, 0.0000000000000000000 ) ) ;
#108 = APPLICATION_PROTOCOL_DEFINITION ( 'international standard', 'config_control_design', 1994, #125 ) ;
#109 = DIRECTION ( 'NONE',  ( 1.000000000000000000, 0.0000000000000000000, 0.0000000000000000000 ) ) ;
#110 = DIRECTION ( 'NONE',  ( -0.0000000000000000000, -0.0000000000000000000, -1.000000000000000000 ) ) ;
#111 = MECHANICAL_CONTEXT ( 'NONE', #125, 'mechanical' ) ;
#112 = CARTESIAN_POINT ( 'NONE',  ( 21.45813155977259300, 19.55406174904718200, -15.00000000000000000 ) ) ;
#113 = DIRECTION ( 'NONE',  ( -0.6794495785627310300, -0.7337222023292788700, 0.0000000000000000000 ) ) ;
#114 = DIRECTION ( 'NONE',  ( 1.000000000000000000, 0.0000000000000000000, 0.0000000000000000000 ) ) ;
#115 = APPLICATION_PROTOCOL_DEFINITION ( 'international standard', 'config_control_design', 1994, #132 ) ;
#116 = DIRECTION ( 'NONE',  ( -1.000000000000000000, -1.734723475976805500E-015, 0.0000000000000000000 ) ) ;
#117 = CARTESIAN_POINT ( 'NONE',  ( 14.13064007647282200, 12.76857674607882500, -20.00000000000000000 ) ) ;
#118 = DIRECTION ( 'NONE',  ( -0.7337222023292642200, -0.6794495785627469000, 0.0000000000000000000 ) ) ;
#119 = CARTESIAN_POINT ( 'NONE',  ( 45.12322330470335200, 9.041156134186399700, 21.00000000000000000 ) ) ;
#120 = CARTESIAN_POINT ( 'NONE',  ( 25.10229073212231300, 22.98097038856293800, -9.999999999999998200 ) ) ;
#121 =( LENGTH_UNIT ( ) NAMED_UNIT ( * ) SI_UNIT ( .MILLI., .METRE. ) );
#122 =( NAMED_UNIT ( * ) SI_UNIT ( $, .STERADIAN. ) SOLID_ANGLE_UNIT ( ) );
#123 = CARTESIAN_POINT ( 'NONE',  ( 14.14213562373091400, 14.14213562373098700, -20.00000000000000000 ) ) ;
#124 = CARTESIAN_POINT ( 'NONE',  ( 22.63557718807565100, 20.64441302012955100, -15.00000000000000000 ) ) ;
#125 = APPLICATION_CONTEXT ( 'configuration controlled 3d designs of mechanical parts and assemblies' ) ;
#126 = DIRECTION ( 'NONE',  ( 0.7071067811865516800, -0.7071067811865434600, 0.0000000000000000000 ) ) ;
#127 = APPROVAL_STATUS ( 'not_yet_approved' ) ;
#128 = DIRECTION ( 'NONE',  ( 0.0000000000000000000, 0.0000000000000000000, -1.000000000000000000 ) ) ;
#129 = CARTESIAN_POINT ( 'NONE',  ( 0.0000000000000000000, 0.0000000000000000000, 0.0000000000000000000 ) ) ;
#130 = CARTESIAN_POINT ( 'NONE',  ( 44.70900974233028100, -0.5909902576697084700, 20.00000000000000000 ) ) ;
#131 = APPROVAL_ROLE ( '' ) ;
#132 = APPLICATION_CONTEXT ( 'configuration controlled 3d designs of mechanical parts and assemblies' ) ;
#133 = PERSON_AND_ORGANIZATION_ROLE ( 'creator' ) ;
#134 = DIRECTION ( 'NONE',  ( 0.0000000000000000000, 0.0000000000000000000, 1.000000000000000000 ) ) ;
#135 = DIRECTION ( 'NONE',  ( -0.0000000000000000000, -0.0000000000000000000, -1.000000000000000000 ) ) ;
#136 = CARTESIAN_POINT ( 'NONE',  ( 44.70900974233025900, 7.626942571813295900, -20.00000000000000000 ) ) ;
#137 = CARTESIAN_POINT ( 'NONE',  ( -1.590990257669712400, 45.70900974233028100, 20.00000000000000000 ) ) ;
#138 = CARTESIAN_POINT ( 'NONE',  ( 9.263984464946433600E-014, 44.70900974233028100, 21.00000000000000000 ) ) ;
#139 = DIRECTION ( 'NONE',  ( -1.734723475976805300E-015, 1.000000000000000000, 0.0000000000000000000 ) ) ;
#140 = DIRECTION ( 'NONE',  ( -8.182657905550979500E-017, 1.000000000000000000, -0.0000000000000000000 ) ) ;
#141 = CARTESIAN_POINT ( 'NONE',  ( 3.417371155898241100, 4.032485074927528500, -15.00000000000000000 ) ) ;
#142 = PERSON_AND_ORGANIZATION_ROLE ( 'design_owner' ) ;
#143 = DATE_TIME_ROLE ( 'creation_date' ) ;
#144 = DIRECTION ( 'NONE',  ( 1.000000000000000000, 0.0000000000000000000, 0.0000000000000000000 ) ) ;
#145 =( NAMED_UNIT ( * ) PLANE_ANGLE_UNIT ( ) SI_UNIT ( $, .RADIAN. ) );
#146 = DIRECTION ( 'NONE',  ( -0.0000000000000000000, 0.0000000000000000000, 1.000000000000000000 ) ) ;
#147 = APPROVAL_STATUS ( 'not_yet_approved' ) ;
#148 = APPROVAL_ROLE ( '' ) ;
#149 = PERSON_AND_ORGANIZATION_ROLE ( 'creator' ) ;
#150 = DIRECTION ( 'NONE',  ( -1.000000000000000000, 2.072062100757140400E-015, 0.0000000000000000000 ) ) ;
#151 = PERSON_AND_ORGANIZATION_ROLE ( 'design_supplier' ) ;
#152 = PERSON_AND_ORGANIZATION_ROLE ( 'classification_officer' ) ;
#153 = SECURITY_CLASSIFICATION_LEVEL ( 'unclassified' ) ;
#154 = APPROVAL_STATUS ( 'not_yet_approved' ) ;
#155 = DATE_TIME_ROLE ( 'classification_date' ) ;
#156 = APPROVAL_ROLE ( '' ) ;
#157 = ADVANCED_FACE ( 'NONE', ( #639 ), #704, .F. ) ;
#158 = ADVANCED_FACE ( 'NONE', ( #633 ), #700, .F. ) ;
#159 = ADVANCED_FACE ( 'NONE', ( #643 ), #636, .T. ) ;
#160 = ADVANCED_FACE ( 'NONE', ( #644 ), #712, .T. ) ;
#161 = ADVANCED_FACE ( 'NONE', ( #634 ), #715, .F. ) ;
#162 = DIRECTION ( 'NONE',  ( 0.0000000000000000000, 0.0000000000000000000, -1.000000000000000000 ) ) ;
#163 = DIRECTION ( 'NONE',  ( -8.182657905550979500E-017, 1.000000000000000000, 0.0000000000000000000 ) ) ;
#164 = DIRECTION ( 'NONE',  ( 0.0000000000000000000, 0.0000000000000000000, 1.000000000000000000 ) ) ;
#165 = CARTESIAN_POINT ( 'NONE',  ( 43.70900974233025900, 7.626942571813293300, 20.00000000000000000 ) ) ;
#166 = CARTESIAN_POINT ( 'NONE',  ( -0.5909902576697124700, 44.70900974233028100, 20.00000000000000000 ) ) ;
#167 = CARTESIAN_POINT ( 'NONE',  ( -0.5909902576697114700, 44.70900974233028100, 21.00000000000000000 ) ) ;
#168 = CARTESIAN_POINT ( 'NONE',  ( -0.5909902576697125800, 45.70900974233028100, 20.00000000000000000 ) ) ;
#169 = CARTESIAN_POINT ( 'NONE',  ( 44.70900974233028100, -1.590990257669708600, 21.00000000000000000 ) ) ;
#170 = DIRECTION ( 'NONE',  ( -1.000000000000000000, -0.0000000000000000000, 0.0000000000000000000 ) ) ;
#171 = DIRECTION ( 'NONE',  ( 8.838197798826717000E-016, -1.000000000000000000, -0.0000000000000000000 ) ) ;
#172 = CARTESIAN_POINT ( 'NONE',  ( 7.626942571812882900, 43.70900974233025900, -20.00000000000000000 ) ) ;
#173 = DIRECTION ( 'NONE',  ( -0.0000000000000000000, -0.0000000000000000000, -1.000000000000000000 ) ) ;
#174 = DIRECTION ( 'NONE',  ( 0.0000000000000000000, 0.0000000000000000000, -1.000000000000000000 ) ) ;
#175 = DIRECTION ( 'NONE',  ( -2.072062100757052500E-015, 1.000000000000000000, 0.0000000000000000000 ) ) ;
#176 = CARTESIAN_POINT ( 'NONE',  ( 44.70900974233028100, -0.5909902576697087000, -20.00000000000000000 ) ) ;
#177 = DIRECTION ( 'NONE',  ( -0.0000000000000000000, 0.0000000000000000000, 1.000000000000000000 ) ) ;
#178 = DIRECTION ( 'NONE',  ( -2.072062100757052500E-015, 1.000000000000000000, -0.0000000000000000000 ) ) ;
#179 = DIRECTION ( 'NONE',  ( 1.000000000000000000, 2.059984127722456500E-015, 0.0000000000000000000 ) ) ;
#180 = DIRECTION ( 'NONE',  ( -0.0000000000000000000, -0.0000000000000000000, 1.000000000000000000 ) ) ;
#181 = CARTESIAN_POINT ( 'NONE',  ( -0.5909902576697124700, 44.70900974233028100, -21.00000000000000000 ) ) ;
#182 = DIRECTION ( 'NONE',  ( 1.000000000000000000, 0.0000000000000000000, 0.0000000000000000000 ) ) ;
#183 = CARTESIAN_POINT ( 'NONE',  ( 40.40900974233026200, -0.5909902576697091400, -20.00000000000000000 ) ) ;
#184 = DIRECTION ( 'NONE',  ( -8.182657905550979500E-017, 1.000000000000000000, -0.0000000000000000000 ) ) ;
#185 = CARTESIAN_POINT ( 'NONE',  ( 44.70900974233028100, -0.5909902576697087000, -20.00000000000000000 ) ) ;
#186 = DIRECTION ( 'NONE',  ( 0.0000000000000000000, 0.0000000000000000000, -1.000000000000000000 ) ) ;
#187 = DIRECTION ( 'NONE',  ( -1.000000000000000000, -3.469446951953614200E-015, 0.0000000000000000000 ) ) ;
#188 = CARTESIAN_POINT ( 'NONE',  ( 7.626942571812887400, 45.70900974233025900, 21.00000000000000000 ) ) ;
#189 = CARTESIAN_POINT ( 'NONE',  ( 44.70900974233028100, -0.5909902576697087000, 21.00000000000000000 ) ) ;
#190 = DIRECTION ( 'NONE',  ( -1.000000000000000000, 0.0000000000000000000, 0.0000000000000000000 ) ) ;
#191 = DIRECTION ( 'NONE',  ( -1.000000000000000000, 0.0000000000000000000, 0.0000000000000000000 ) ) ;
#192 = CARTESIAN_POINT ( 'NONE',  ( 44.70900974233028100, 9.263984464946039800E-014, 21.00000000000000000 ) ) ;
#193 = DIRECTION ( 'NONE',  ( 0.0000000000000000000, 0.0000000000000000000, -1.000000000000000000 ) ) ;
#194 = DIRECTION ( 'NONE',  ( 1.000000000000000000, -2.072062100757140400E-015, -0.0000000000000000000 ) ) ;
#195 = CARTESIAN_POINT ( 'NONE',  ( -0.5909902576697121400, 40.40900974233028400, 20.00000000000000000 ) ) ;
#196 = DIRECTION ( 'NONE',  ( -2.059984127722456500E-015, -1.000000000000000000, 0.0000000000000000000 ) ) ;
#197 = DIRECTION ( 'NONE',  ( -0.0000000000000000000, -0.0000000000000000000, 1.000000000000000000 ) ) ;
#198 = DIRECTION ( 'NONE',  ( 1.000000000000000000, -2.072062100757140400E-015, -0.0000000000000000000 ) ) ;
#199 = CARTESIAN_POINT ( 'NONE',  ( 7.626942571812885600, 44.70900974233025900, 21.00000000000000000 ) ) ;
#200 = CARTESIAN_POINT ( 'NONE',  ( 8.455369696559062100, 45.70900974233025900, 20.00000000000000000 ) ) ;
#201 = DIRECTION ( 'NONE',  ( 8.182657905550979500E-017, -1.000000000000000000, 0.0000000000000000000 ) ) ;
#202 = CARTESIAN_POINT ( 'NONE',  ( 7.626942571812885600, 44.70900974233025900, 20.00000000000000000 ) ) ;
#203 = DIRECTION ( 'NONE',  ( -1.734723475976805500E-015, -1.000000000000000000, 0.0000000000000000000 ) ) ;
#204 = DIRECTION ( 'NONE',  ( -1.000000000000000000, 0.0000000000000000000, 0.0000000000000000000 ) ) ;
#205 = CARTESIAN_POINT ( 'NONE',  ( 8.334049352999425500, 44.41611652351681300, -20.00000000000000000 ) ) ;
#206 = DIRECTION ( 'NONE',  ( -0.7071067811865515700, 0.7071067811865435800, 0.0000000000000000000 ) ) ;
#207 = DIRECTION ( 'NONE',  ( -0.7071067811865436900, -0.7071067811865514600, 0.0000000000000000000 ) ) ;
#208 = CARTESIAN_POINT ( 'NONE',  ( 45.70900974233028100, -1.590990257669708600, 20.00000000000000000 ) ) ;
#209 = CARTESIAN_POINT ( 'NONE',  ( -0.5909902576697124700, 44.70900974233028100, 20.00000000000000000 ) ) ;
#210 = DIRECTION ( 'NONE',  ( -1.734723475976817500E-015, 1.000000000000000000, 0.0000000000000000000 ) ) ;
#211 = DIRECTION ( 'NONE',  ( -1.000000000000000000, 0.0000000000000000000, 0.0000000000000000000 ) ) ;
#212 = CARTESIAN_POINT ( 'NONE',  ( 22.27386360737604700, 24.39518395093596200, -20.00000000000000000 ) ) ;
#213 = DIRECTION ( 'NONE',  ( -1.000000000000000000, 1.734723475976805300E-015, 0.0000000000000000000 ) ) ;
#214 = DIRECTION ( 'NONE',  ( -0.7071067811865515700, 0.7071067811865435800, 0.0000000000000000000 ) ) ;
#215 = DIRECTION ( 'NONE',  ( -0.7071067811865510100, 0.7071067811865441300, 0.0000000000000000000 ) ) ;
#216 = DIRECTION ( 'NONE',  ( -1.734723475976805500E-015, -1.000000000000000000, 0.0000000000000000000 ) ) ;
#217 = CARTESIAN_POINT ( 'NONE',  ( 40.40900974233026200, -1.590990257669709000, 20.00000000000000000 ) ) ;
#218 = CARTESIAN_POINT ( 'NONE',  ( 45.70900974233025900, 8.455369696559493800, 20.00000000000000000 ) ) ;
#219 = DIRECTION ( 'NONE',  ( 0.0000000000000000000, 0.0000000000000000000, -1.000000000000000000 ) ) ;
#220 = DIRECTION ( 'NONE',  ( -1.000000000000000000, -1.734723475976805500E-015, 0.0000000000000000000 ) ) ;
#221 = DIRECTION ( 'NONE',  ( 0.0000000000000000000, 0.0000000000000000000, 1.000000000000000000 ) ) ;
#222 = CARTESIAN_POINT ( 'NONE',  ( 44.70900974233026700, 7.626942571813295900, 20.00000000000000000 ) ) ;
#223 = CARTESIAN_POINT ( 'NONE',  ( 7.626942571812885600, 44.70900974233025900, -20.00000000000000000 ) ) ;
#224 = DIRECTION ( 'NONE',  ( 8.182657905550979500E-017, -1.000000000000000000, 0.0000000000000000000 ) ) ;
#225 = CARTESIAN_POINT ( 'NONE',  ( 26.37508293825806800, 26.37508293825837000, 21.00000000000000000 ) ) ;
#226 = DIRECTION ( 'NONE',  ( 0.0000000000000000000, -1.000000000000000000, 0.0000000000000000000 ) ) ;
#227 = CARTESIAN_POINT ( 'NONE',  ( 7.626942571812882900, 43.70900974233025900, 20.00000000000000000 ) ) ;
#228 = CARTESIAN_POINT ( 'NONE',  ( 43.70900974233025900, 7.626942571813293300, -21.00000000000000000 ) ) ;
#229 = DIRECTION ( 'NONE',  ( 0.0000000000000000000, 0.0000000000000000000, -1.000000000000000000 ) ) ;
#230 = DIRECTION ( 'NONE',  ( 0.7071067811865515700, -0.7071067811865435800, 0.0000000000000000000 ) ) ;
#231 = DIRECTION ( 'NONE',  ( 0.7071067811865515700, -0.7071067811865435800, -0.0000000000000000000 ) ) ;
#232 = ADVANCED_FACE ( 'NONE', ( #1191 ), #719, .F. ) ;
#233 = ADVANCED_FACE ( 'NONE', ( #1204 ), #723, .T. ) ;
#234 = CARTESIAN_POINT ( 'NONE',  ( 9.041156134185957400, 45.12322330470338000, -20.00000000000000000 ) ) ;
#235 = ADVANCED_FACE ( 'NONE', ( #1205 ), #1183, .F. ) ;
#236 = CARTESIAN_POINT ( 'NONE',  ( 6.260037815981657000, 40.40900974233029100, 21.00000000000000000 ) ) ;
#237 = ADVANCED_FACE ( 'NONE', ( #1184 ), #1182, .T. ) ;
#238 = DIRECTION ( 'NONE',  ( -0.7071067811865519000, 0.7071067811865432400, 0.0000000000000000000 ) ) ;
#239 = ADVANCED_FACE ( 'NONE', ( #1195 ), #722, .F. ) ;
#240 = DIRECTION ( 'NONE',  ( -0.7071067811865432400, -0.7071067811865519000, 0.0000000000000000000 ) ) ;
#241 = CARTESIAN_POINT ( 'NONE',  ( -1.590990257669711900, 40.40900974233028400, -20.00000000000000000 ) ) ;
#242 = ADVANCED_FACE ( 'NONE', ( #1181 ), #1188, .T. ) ;
#243 = DIRECTION ( 'NONE',  ( -1.000000000000000000, 1.734723475976805300E-015, 0.0000000000000000000 ) ) ;
#244 = ADVANCED_FACE ( 'NONE', ( #1189 ), #729, .F. ) ;
#245 = DIRECTION ( 'NONE',  ( 2.072062100757052500E-015, -1.000000000000000000, -0.0000000000000000000 ) ) ;
#246 = ADVANCED_FACE ( 'NONE', ( #1185 ), #741, .F. ) ;
#247 = CARTESIAN_POINT ( 'NONE',  ( -0.5909902576697089200, -4.835871104024654100E-017, 21.00000000000000000 ) ) ;
#248 = ADVANCED_FACE ( 'NONE', ( #1192 ), #1187, .T. ) ;
#249 = DIRECTION ( 'NONE',  ( 0.0000000000000000000, 0.0000000000000000000, -1.000000000000000000 ) ) ;
#250 = ADVANCED_FACE ( 'NONE', ( #1193 ), #1194, .T. ) ;
#251 = CARTESIAN_POINT ( 'NONE',  ( 8.334049352999423700, 44.41611652351681300, 20.00000000000000000 ) ) ;
#252 = ADVANCED_FACE ( 'NONE', ( #1197 ), #1200, .F. ) ;
#253 = DIRECTION ( 'NONE',  ( -1.000000000000000000, -8.182657905550947500E-017, -0.0000000000000000000 ) ) ;
#254 = ADVANCED_FACE ( 'NONE', ( #1190 ), #782, .F. ) ;
#255 = DIRECTION ( 'NONE',  ( -0.7071067811865501300, 0.7071067811865449100, 0.0000000000000000000 ) ) ;
#256 = ADVANCED_FACE ( 'NONE', ( #1199 ), #779, .F. ) ;
#257 = ADVANCED_FACE ( 'NONE', ( #1196 ), #1186, .T. ) ;
#258 = DIRECTION ( 'NONE',  ( -0.7071067811865449100, -0.7071067811865501300, 0.0000000000000000000 ) ) ;
#259 = CARTESIAN_POINT ( 'NONE',  ( 45.00190296114371300, 7.748262915372941400, 20.00000000000000000 ) ) ;
#260 = DIRECTION ( 'NONE',  ( 0.0000000000000000000, 0.0000000000000000000, -1.000000000000000000 ) ) ;
#261 = DIRECTION ( 'NONE',  ( -0.0000000000000000000, -0.0000000000000000000, 1.000000000000000000 ) ) ;
#262 = CARTESIAN_POINT ( 'NONE',  ( 7.626942571812882900, 43.70900974233025900, 21.00000000000000000 ) ) ;
#263 = CARTESIAN_POINT ( 'NONE',  ( -1.590990257669712400, 44.70900974233028100, 21.00000000000000000 ) ) ;
#264 = ADVANCED_FACE ( 'NONE', ( #1201 ), #757, .F. ) ;
#265 = DIRECTION ( 'NONE',  ( -0.0000000000000000000, -0.0000000000000000000, 1.000000000000000000 ) ) ;
#266 = CARTESIAN_POINT ( 'NONE',  ( 44.41611652351680600, 8.334049352999846500, -20.00000000000000000 ) ) ;
#267 = ADVANCED_FACE ( 'NONE', ( #1198 ), #1202, .T. ) ;
#268 = DIRECTION ( 'NONE',  ( -1.000000000000000000, -6.938893903907228400E-015, 0.0000000000000000000 ) ) ;
#269 = ADVANCED_FACE ( 'NONE', ( #1203 ), #1215, .T. ) ;
#270 = DIRECTION ( 'NONE',  ( -0.0000000000000000000, -0.0000000000000000000, -1.000000000000000000 ) ) ;
#271 = DIRECTION ( 'NONE',  ( -0.0000000000000000000, -0.0000000000000000000, -1.000000000000000000 ) ) ;
#272 = ADVANCED_FACE ( 'NONE', ( #1216 ), #761, .T. ) ;
#273 = ADVANCED_FACE ( 'NONE', ( #1212 ), #1218, .T. ) ;
#274 = CARTESIAN_POINT ( 'NONE',  ( -1.590990257669711900, 40.40900974233028400, 21.00000000000000000 ) ) ;
#275 = ADVANCED_FACE ( 'NONE', ( #1213 ), #790, .T. ) ;
#276 = ADVANCED_FACE ( 'NONE', ( #1214 ), #799, .F. ) ;
#277 = ADVANCED_FACE ( 'NONE', ( #1217 ), #1210, .T. ) ;
#278 = DIRECTION ( 'NONE',  ( -0.7071067811865501300, 0.7071067811865449100, -1.226634733346693600E-015 ) ) ;
#279 = ADVANCED_FACE ( 'NONE', ( #1219 ), #805, .F. ) ;
#280 = CARTESIAN_POINT ( 'NONE',  ( -1.590990257669711900, 40.40900974233028400, -21.00000000000000000 ) ) ;
#281 = ADVANCED_FACE ( 'NONE', ( #1208 ), #803, .F. ) ;
#282 = DIRECTION ( 'NONE',  ( -1.000000000000000000, 6.938893903907222100E-015, 0.0000000000000000000 ) ) ;
#283 = ADVANCED_FACE ( 'NONE', ( #1211 ), #808, .T. ) ;
#284 = DIRECTION ( 'NONE',  ( 0.0000000000000000000, 0.0000000000000000000, -1.000000000000000000 ) ) ;
#285 = ADVANCED_FACE ( 'NONE', ( #1220 ), #1221, .F. ) ;
#286 = DIRECTION ( 'NONE',  ( 1.000000000000000000, 8.838197798826716100E-016, 0.0000000000000000000 ) ) ;
#287 = DIRECTION ( 'NONE',  ( 1.000000000000000000, 8.838197798826716100E-016, 0.0000000000000000000 ) ) ;
#288 = DIRECTION ( 'NONE',  ( -0.0000000000000000000, -0.0000000000000000000, 1.000000000000000000 ) ) ;
#289 = CARTESIAN_POINT ( 'NONE',  ( 40.40900974233026200, 6.260037815982068200, 21.00000000000000000 ) ) ;
#290 = ADVANCED_FACE ( 'NONE', ( #1209 ), #1207, .T. ) ;
#291 = DIRECTION ( 'NONE',  ( 0.0000000000000000000, 0.0000000000000000000, -1.000000000000000000 ) ) ;
#292 = DIRECTION ( 'NONE',  ( -0.7071067811865449100, -0.7071067811865501300, 0.0000000000000000000 ) ) ;
#293 = CARTESIAN_POINT ( 'NONE',  ( 45.70900974233025900, 7.626942571813297700, 21.00000000000000000 ) ) ;
#294 = DIRECTION ( 'NONE',  ( 1.000000000000000000, 8.182657905550947500E-017, 0.0000000000000000000 ) ) ;
#295 = ADVANCED_FACE ( 'NONE', ( #1233 ), #817, .F. ) ;
#296 = CARTESIAN_POINT ( 'NONE',  ( 43.70900974233025900, 7.626942571813293300, -20.00000000000000000 ) ) ;
#297 = ADVANCED_FACE ( 'NONE', ( #1206 ), #818, .F. ) ;
#298 = DIRECTION ( 'NONE',  ( 0.7071067811865515700, -0.7071067811865435800, 0.0000000000000000000 ) ) ;
#299 = CARTESIAN_POINT ( 'NONE',  ( -0.5909902576697123600, 40.40900974233028400, 21.00000000000000000 ) ) ;
#300 = ADVANCED_FACE ( 'NONE', ( #1222 ), #834, .F. ) ;
#301 = CARTESIAN_POINT ( 'NONE',  ( 6.260037815981657000, 40.40900974233029100, 21.00000000000000000 ) ) ;
#302 = ADVANCED_FACE ( 'NONE', ( #1225 ), #836, .F. ) ;
#303 = CARTESIAN_POINT ( 'NONE',  ( 40.40900974233026200, -1.590990257669709000, 21.00000000000000000 ) ) ;
#304 = DIRECTION ( 'NONE',  ( 0.0000000000000000000, -1.000000000000000000, 0.0000000000000000000 ) ) ;
#305 = ADVANCED_FACE ( 'NONE', ( #1224 ), #828, .F. ) ;
#306 = CARTESIAN_POINT ( 'NONE',  ( 23.33452377915594100, 23.33452377915620000, -20.00000000000000000 ) ) ;
#307 = DIRECTION ( 'NONE',  ( 0.7071067811865514600, -0.7071067811865435800, 0.0000000000000000000 ) ) ;
#308 = ADVANCED_FACE ( 'NONE', ( #1226 ), #1231, .F. ) ;
#309 = ADVANCED_FACE ( 'NONE', ( #1228 ), #848, .T. ) ;
#310 = DIRECTION ( 'NONE',  ( 1.000000000000000000, 0.0000000000000000000, 0.0000000000000000000 ) ) ;
#311 = DIRECTION ( 'NONE',  ( 0.0000000000000000000, 0.0000000000000000000, -1.000000000000000000 ) ) ;
#312 = CARTESIAN_POINT ( 'NONE',  ( 7.626942571812882900, 43.70900974233025900, -21.00000000000000000 ) ) ;
#313 = CARTESIAN_POINT ( 'NONE',  ( 44.41611652351680600, 8.334049352999846500, 20.00000000000000000 ) ) ;
#314 = ADVANCED_FACE ( 'NONE', ( #1232 ), #1238, .T. ) ;
#315 = DIRECTION ( 'NONE',  ( -1.000000000000000000, 0.0000000000000000000, 0.0000000000000000000 ) ) ;
#316 = CARTESIAN_POINT ( 'NONE',  ( 44.70900974233028100, -0.5909902576697084700, -20.00000000000000000 ) ) ;
#317 = CARTESIAN_POINT ( 'NONE',  ( 44.70900974233028100, -1.590990257669708600, -20.00000000000000000 ) ) ;
#318 = ADVANCED_FACE ( 'NONE', ( #1229 ), #1234, .T. ) ;
#319 = ADVANCED_FACE ( 'NONE', ( #1227 ), #861, .F. ) ;
#320 = CARTESIAN_POINT ( 'NONE',  ( 4.835871104024663300E-017, -0.5909902576697123600, 21.00000000000000000 ) ) ;
#321 = ADVANCED_FACE ( 'NONE', ( #1235 ), #1256, .T. ) ;
#322 = DIRECTION ( 'NONE',  ( 0.0000000000000000000, 0.0000000000000000000, -1.000000000000000000 ) ) ;
#323 = CARTESIAN_POINT ( 'NONE',  ( 23.33452377915594100, 23.33452377915620000, 20.00000000000000000 ) ) ;
#324 = ADVANCED_FACE ( 'NONE', ( #1237 ), #1236, .T. ) ;
#325 = DIRECTION ( 'NONE',  ( 0.7071067811865514600, -0.7071067811865435800, 0.0000000000000000000 ) ) ;
#326 = ADVANCED_FACE ( 'NONE', ( #1246 ), #1239, .T. ) ;
#327 = DIRECTION ( 'NONE',  ( -0.0000000000000000000, -0.0000000000000000000, 1.000000000000000000 ) ) ;
#328 = DIRECTION ( 'NONE',  ( -1.000000000000000000, 2.072062100757140400E-015, 0.0000000000000000000 ) ) ;
#329 = CARTESIAN_POINT ( 'NONE',  ( 40.40900974233026200, -0.5909902576697091400, 20.00000000000000000 ) ) ;
#330 = CARTESIAN_POINT ( 'NONE',  ( 8.334049352999423700, 44.41611652351681300, 21.00000000000000000 ) ) ;
#331 = DIRECTION ( 'NONE',  ( -0.7337222023292642200, -0.6794495785627469000, 0.0000000000000000000 ) ) ;
#332 = CARTESIAN_POINT ( 'NONE',  ( 40.40900974233026200, -0.5909902576697091400, 21.00000000000000000 ) ) ;
#333 = DIRECTION ( 'NONE',  ( -1.000000000000000000, 5.204170427930416600E-015, 0.0000000000000000000 ) ) ;
#334 = CARTESIAN_POINT ( 'NONE',  ( 44.70900974233025900, 7.626942571813295900, 21.00000000000000000 ) ) ;
#335 = DIRECTION ( 'NONE',  ( 0.0000000000000000000, 0.0000000000000000000, 1.000000000000000000 ) ) ;
#336 = CARTESIAN_POINT ( 'NONE',  ( 2.148870759458885200, 1.673085718225438600, 15.00000000000000000 ) ) ;
#337 = CARTESIAN_POINT ( 'NONE',  ( -1.590990257669711900, 45.70900974233028100, -20.00000000000000000 ) ) ;
#338 = DIRECTION ( 'NONE',  ( 0.7071067811865514600, -0.7071067811865435800, 0.0000000000000000000 ) ) ;
#339 = CARTESIAN_POINT ( 'NONE',  ( 43.70900974233025900, 7.626942571813293300, 21.00000000000000000 ) ) ;
#340 = DIRECTION ( 'NONE',  ( 0.0000000000000000000, 0.0000000000000000000, -1.000000000000000000 ) ) ;
#341 = DIRECTION ( 'NONE',  ( 0.0000000000000000000, 0.0000000000000000000, 1.000000000000000000 ) ) ;
#342 = DIRECTION ( 'NONE',  ( 1.000000000000000000, 8.182657905550947500E-017, 0.0000000000000000000 ) ) ;
#343 = DIRECTION ( 'NONE',  ( -2.072062100757052500E-015, 1.000000000000000000, 0.0000000000000000000 ) ) ;
#344 = DIRECTION ( 'NONE',  ( -0.0000000000000000000, -0.0000000000000000000, 1.000000000000000000 ) ) ;
#345 = CARTESIAN_POINT ( 'NONE',  ( 23.33452377915594100, 23.33452377915620000, 20.00000000000000000 ) ) ;
#346 = CARTESIAN_POINT ( 'NONE',  ( 45.70900974233025900, 7.626942571813294200, -20.00000000000000000 ) ) ;
#347 = DIRECTION ( 'NONE',  ( -1.000000000000000000, -0.0000000000000000000, 0.0000000000000000000 ) ) ;
#348 = CARTESIAN_POINT ( 'NONE',  ( -0.5909902576697098100, 45.70900974233028100, 21.00000000000000000 ) ) ;
#349 = CARTESIAN_POINT ( 'NONE',  ( 7.626942571812882900, 43.70900974233025900, -20.00000000000000000 ) ) ;
#350 = ADVANCED_FACE ( 'NONE', ( #1241 ), #860, .F. ) ;
#351 = ADVANCED_FACE ( 'NONE', ( #1240 ), #1230, .T. ) ;
#352 = ADVANCED_FACE ( 'NONE', ( #1261 ), #1250, .T. ) ;
#353 = CIRCLE ( 'NONE', #1110, 1.000000000000000900 ) ;
#354 = LINE ( 'NONE', #181, #360 ) ;
#356 = ADVANCED_FACE ( 'NONE', ( #1264 ), #1257, .T. ) ;
#355 = CIRCLE ( 'NONE', #1128, 1.000000000000000900 ) ;
#357 = CIRCLE ( 'NONE', #1106, 1.000000000000000900 ) ;
#358 = CIRCLE ( 'NONE', #1109, 2.000000000000001800 ) ;
#359 = CIRCLE ( 'NONE', #1111, 1.000000000000000200 ) ;
#360 = VECTOR ( 'NONE', #184, 1000.000000000000000 ) ;
#361 = VECTOR ( 'NONE', #175, 1000.000000000000000 ) ;
#362 = VECTOR ( 'NONE', #201, 1000.000000000000000 ) ;
#363 = CIRCLE ( 'NONE', #1098, 2.000000000000000000 ) ;
#364 = ADVANCED_FACE ( 'NONE', ( #1262 ), #1243, .T. ) ;
#365 = LINE ( 'NONE', #192, #361 ) ;
#366 = LINE ( 'NONE', #236, #405 ) ;
#367 = VECTOR ( 'NONE', #304, 1000.000000000000000 ) ;
#368 = LINE ( 'NONE', #289, #367 ) ;
#369 = VECTOR ( 'NONE', #221, 1000.000000000000000 ) ;
#370 = LINE ( 'NONE', #218, #379 ) ;
#371 = VECTOR ( 'NONE', #270, 1000.000000000000000 ) ;
#372 = LINE ( 'NONE', #280, #377 ) ;
#373 = LINE ( 'NONE', #317, #415 ) ;
#374 = ADVANCED_FACE ( 'NONE', ( #1242 ), #695, .F. ) ;
#375 = VECTOR ( 'NONE', #265, 1000.000000000000000 ) ;
#376 = CIRCLE ( 'NONE', #1120, 1.000000000000000900 ) ;
#377 = VECTOR ( 'NONE', #286, 1000.000000000000000 ) ;
#378 = LINE ( 'NONE', #225, #408 ) ;
#379 = VECTOR ( 'NONE', #231, 999.9999999999998900 ) ;
#380 = ADVANCED_FACE ( 'NONE', ( #1263 ), #1252, .T. ) ;
#381 = LINE ( 'NONE', #217, #410 ) ;
#382 = LINE ( 'NONE', #208, #399 ) ;
#383 = CIRCLE ( 'NONE', #1132, 1.000000000000000700 ) ;
#384 = LINE ( 'NONE', #293, #375 ) ;
#385 = LINE ( 'NONE', #301, #371 ) ;
#386 = VECTOR ( 'NONE', #214, 999.9999999999998900 ) ;
#387 = VECTOR ( 'NONE', #271, 1000.000000000000000 ) ;
#388 = CIRCLE ( 'NONE', #1142, 1.000000000000000000 ) ;
#389 = CIRCLE ( 'NONE', #1137, 2.000000000000001800 ) ;
#390 = CIRCLE ( 'NONE', #1127, 1.000000000000000900 ) ;
#391 = CIRCLE ( 'NONE', #1130, 1.000000000000000900 ) ;
#392 = ADVANCED_FACE ( 'NONE', ( #1260 ), #1258, .T. ) ;
#393 = CIRCLE ( 'NONE', #1144, 1.000000000000000900 ) ;
#394 = LINE ( 'NONE', #303, #387 ) ;
#395 = LINE ( 'NONE', #299, #419 ) ;
#396 = ADVANCED_FACE ( 'NONE', ( #1266 ), #1620, .F. ) ;
#397 = LINE ( 'NONE', #306, #401 ) ;
#398 = LINE ( 'NONE', #212, #369 ) ;
#399 = VECTOR ( 'NONE', #245, 1000.000000000000000 ) ;
#400 = VECTOR ( 'NONE', #287, 1000.000000000000000 ) ;
#401 = VECTOR ( 'NONE', #307, 1000.000000000000000 ) ;
#402 = LINE ( 'NONE', #241, #412 ) ;
#403 = LINE ( 'NONE', #263, #414 ) ;
#404 = CIRCLE ( 'NONE', #1108, 1.000000000000000200 ) ;
#405 = VECTOR ( 'NONE', #230, 1000.000000000000000 ) ;
#406 = CIRCLE ( 'NONE', #1119, 1.000000000000000900 ) ;
#407 = ADVANCED_FACE ( 'NONE', ( #1248 ), #1245, .T. ) ;
#408 = VECTOR ( 'NONE', #206, 999.9999999999998900 ) ;
#409 = CIRCLE ( 'NONE', #1125, 1.000000000000000000 ) ;
#410 = VECTOR ( 'NONE', #253, 1000.000000000000000 ) ;
#411 = LINE ( 'NONE', #247, #362 ) ;
#412 = VECTOR ( 'NONE', #224, 1000.000000000000000 ) ;
#413 = CIRCLE ( 'NONE', #1140, 1.000000000000000000 ) ;
#414 = VECTOR ( 'NONE', #284, 1000.000000000000000 ) ;
#415 = VECTOR ( 'NONE', #294, 1000.000000000000000 ) ;
#416 = LINE ( 'NONE', #234, #386 ) ;
#417 = LINE ( 'NONE', #274, #400 ) ;
#418 = ADVANCED_FACE ( 'NONE', ( #1259 ), #1265, .T. ) ;
#419 = VECTOR ( 'NONE', #291, 1000.000000000000000 ) ;
#420 = LINE ( 'NONE', #259, #421 ) ;
#421 = VECTOR ( 'NONE', #298, 999.9999999999998900 ) ;
#422 = LINE ( 'NONE', #334, #475 ) ;
#423 = ADVANCED_FACE ( 'NONE', ( #1267 ), #1598, .F. ) ;
#424 = VECTOR ( 'NONE', #36, 1000.000000000000000 ) ;
#425 = VECTOR ( 'NONE', #100, 1000.000000000000000 ) ;
#426 = VECTOR ( 'NONE', #328, 1000.000000000000000 ) ;
#427 = LINE ( 'NONE', #67, #484 ) ;
#428 = VECTOR ( 'NONE', #338, 1000.000000000000000 ) ;
#429 = VECTOR ( 'NONE', #342, 1000.000000000000000 ) ;
#430 = LINE ( 'NONE', #41, #460 ) ;
#431 = CIRCLE ( 'NONE', #1131, 1.000000000000000000 ) ;
#432 = VECTOR ( 'NONE', #322, 1000.000000000000000 ) ;
#433 = LINE ( 'NONE', #348, #458 ) ;
#434 = LINE ( 'NONE', #62, #453 ) ;
#435 = LINE ( 'NONE', #66, #454 ) ;
#436 = LINE ( 'NONE', #60, #424 ) ;
#437 = CIRCLE ( 'NONE', #1143, 1.000000000000000900 ) ;
#438 = VECTOR ( 'NONE', #343, 1000.000000000000000 ) ;
#439 = VECTOR ( 'NONE', #325, 1000.000000000000000 ) ;
#440 = LINE ( 'NONE', #34, #455 ) ;
#441 = LINE ( 'NONE', #47, #442 ) ;
#442 = VECTOR ( 'NONE', #53, 1000.000000000000000 ) ;
#443 = LINE ( 'NONE', #337, #426 ) ;
#444 = LINE ( 'NONE', #332, #432 ) ;
#445 = LINE ( 'NONE', #89, #468 ) ;
#446 = CIRCLE ( 'NONE', #1116, 1.000000000000000900 ) ;
#447 = LINE ( 'NONE', #346, #438 ) ;
#448 = CIRCLE ( 'NONE', #1138, 1.000000000000000900 ) ;
#449 = LINE ( 'NONE', #42, #463 ) ;
#450 = LINE ( 'NONE', #320, #429 ) ;
#451 = LINE ( 'NONE', #330, #452 ) ;
#452 = VECTOR ( 'NONE', #341, 1000.000000000000000 ) ;
#453 = VECTOR ( 'NONE', #51, 1000.000000000000000 ) ;
#454 = VECTOR ( 'NONE', #52, 1000.000000000000000 ) ;
#455 = VECTOR ( 'NONE', #45, 1000.000000000000000 ) ;
#456 = LINE ( 'NONE', #58, #457 ) ;
#457 = VECTOR ( 'NONE', #61, 1000.000000000000000 ) ;
#458 = VECTOR ( 'NONE', #344, 1000.000000000000000 ) ;
#459 = LINE ( 'NONE', #323, #439 ) ;
#460 = VECTOR ( 'NONE', #50, 999.9999999999998900 ) ;
#461 = VECTOR ( 'NONE', #76, 1000.000000000000000 ) ;
#462 = LINE ( 'NONE', #102, #466 ) ;
#463 = VECTOR ( 'NONE', #54, 1000.000000000000000 ) ;
#464 = CIRCLE ( 'NONE', #1112, 1.000000000000000000 ) ;
#465 = CIRCLE ( 'NONE', #1099, 1.000000000000000000 ) ;
#466 = VECTOR ( 'NONE', #68, 1000.000000000000000 ) ;
#467 = VECTOR ( 'NONE', #48, 1000.000000000000000 ) ;
#468 = VECTOR ( 'NONE', #70, 1000.000000000000000 ) ;
#469 = LINE ( 'NONE', #77, #483 ) ;
#470 = LINE ( 'NONE', #336, #474 ) ;
#471 = CIRCLE ( 'NONE', #1141, 1.000000000000000000 ) ;
#472 = CIRCLE ( 'NONE', #1136, 5.000000000000001800 ) ;
#473 = LINE ( 'NONE', #55, #467 ) ;
#474 = VECTOR ( 'NONE', #331, 1000.000000000000000 ) ;
#475 = VECTOR ( 'NONE', #335, 1000.000000000000000 ) ;
#476 = CIRCLE ( 'NONE', #1121, 1.000000000000000900 ) ;
#477 = LINE ( 'NONE', #345, #428 ) ;
#478 = LINE ( 'NONE', #99, #461 ) ;
#479 = CIRCLE ( 'NONE', #1122, 5.000000000000001800 ) ;
#480 = CIRCLE ( 'NONE', #1107, 5.000000000000001800 ) ;
#481 = LINE ( 'NONE', #106, #482 ) ;
#482 = VECTOR ( 'NONE', #93, 1000.000000000000000 ) ;
#483 = VECTOR ( 'NONE', #78, 1000.000000000000000 ) ;
#484 = VECTOR ( 'NONE', #90, 1000.000000000000000 ) ;
#485 = LINE ( 'NONE', #86, #425 ) ;
#486 = CALENDAR_DATE ( 2017, 5, 3 ) ;
#487 = VECTOR ( 'NONE', #88, 1000.000000000000000 ) ;
#488 = APPROVAL_PERSON_ORGANIZATION ( #494, #888, #131 ) ;
#489 = LINE ( 'NONE', #117, #531 ) ;
#490 = SHAPE_DEFINITION_REPRESENTATION ( #689, #683 ) ;
#491 = APPROVAL_DATE_TIME ( #503, #888 ) ;
#492 = LOCAL_TIME ( 11, 37, 18.00000000000000000, #532 ) ;
#493 = LOCAL_TIME ( 11, 37, 18.00000000000000000, #497 ) ;
#494 = PERSON_AND_ORGANIZATION ( #1148, #533 ) ;
#495 = COORDINATED_UNIVERSAL_TIME_OFFSET ( 1, 0, .AHEAD. ) ;
#496 = PERSON_AND_ORGANIZATION ( #1148, #533 ) ;
#497 = COORDINATED_UNIVERSAL_TIME_OFFSET ( 1, 0, .AHEAD. ) ;
#498 = PERSON_AND_ORGANIZATION ( #1148, #533 ) ;
#499 = COORDINATED_UNIVERSAL_TIME_OFFSET ( 1, 0, .AHEAD. ) ;
#500 = VECTOR ( 'NONE', #128, 1000.000000000000000 ) ;
#501 = LINE ( 'NONE', #119, #500 ) ;
#502 = DATE_AND_TIME ( #512, #527 ) ;
#503 = DATE_AND_TIME ( #526, #493 ) ;
#504 = LINE ( 'NONE', #120, #524 ) ;
#505 = PERSON_AND_ORGANIZATION ( #1148, #533 ) ;
#506 = LINE ( 'NONE', #75, #517 ) ;
#507 = PERSON_AND_ORGANIZATION ( #1148, #533 ) ;
#508 = APPROVAL_PERSON_ORGANIZATION ( #507, #877, #148 ) ;
#509 = CIRCLE ( 'NONE', #1134, 1.000000000000000900 ) ;
#510 = DATE_AND_TIME ( #534, #492 ) ;
#511 = LINE ( 'NONE', #101, #487 ) ;
#512 = CALENDAR_DATE ( 2017, 5, 3 ) ;
#513 = CIRCLE ( 'NONE', #1135, 1.000000000000000900 ) ;
#514 = CIRCLE ( 'NONE', #1146, 1.000000000000000900 ) ;
#515 = CIRCLE ( 'NONE', #1101, 5.000000000000001800 ) ;
#516 = CIRCLE ( 'NONE', #1114, 0.9999999999999991100 ) ;
#517 = VECTOR ( 'NONE', #135, 1000.000000000000000 ) ;
#518 = LINE ( 'NONE', #137, #519 ) ;
#519 = VECTOR ( 'NONE', #140, 1000.000000000000000 ) ;
#520 = VECTOR ( 'NONE', #113, 1000.000000000000000 ) ;
#521 = LINE ( 'NONE', #138, #522 ) ;
#522 = VECTOR ( 'NONE', #150, 1000.000000000000000 ) ;
#523 = CIRCLE ( 'NONE', #1117, 0.9999999999999991100 ) ;
#524 = VECTOR ( 'NONE', #126, 1000.000000000000000 ) ;
#525 = PERSON_AND_ORGANIZATION ( #1148, #533 ) ;
#526 = CALENDAR_DATE ( 2017, 5, 3 ) ;
#527 = LOCAL_TIME ( 11, 37, 18.00000000000000000, #495 ) ;
#528 = PERSON_AND_ORGANIZATION ( #1148, #533 ) ;
#529 = LOCAL_TIME ( 11, 37, 18.00000000000000000, #499 ) ;
#530 = LINE ( 'NONE', #141, #520 ) ;
#531 = VECTOR ( 'NONE', #118, 1000.000000000000000 ) ;
#532 = COORDINATED_UNIVERSAL_TIME_OFFSET ( 1, 0, .AHEAD. ) ;
#533 = ORGANIZATION ( 'UNSPECIFIED', 'UNSPECIFIED', '' ) ;
#534 = CALENDAR_DATE ( 2017, 5, 3 ) ;
#535 = APPROVAL_DATE_TIME ( #502, #877 ) ;
#536 = APPROVAL_PERSON_ORGANIZATION ( #542, #893, #156 ) ;
#537 = APPROVAL_DATE_TIME ( #541, #893 ) ;
#538 = LOCAL_TIME ( 11, 37, 18.00000000000000000, #543 ) ;
#539 = CALENDAR_DATE ( 2017, 5, 3 ) ;
#540 = DATE_AND_TIME ( #486, #529 ) ;
#541 = DATE_AND_TIME ( #539, #538 ) ;
#542 = PERSON_AND_ORGANIZATION ( #1148, #533 ) ;
#543 = COORDINATED_UNIVERSAL_TIME_OFFSET ( 1, 0, .AHEAD. ) ;
#544 = EDGE_LOOP ( 'NONE', ( #1302, #1322, #1308, #1290, #1319 ) ) ;
#545 = EDGE_LOOP ( 'NONE', ( #1436, #1464, #1451, #1440 ) ) ;
#546 = EDGE_LOOP ( 'NONE', ( #1461, #1430, #1443, #1410 ) ) ;
#547 = EDGE_LOOP ( 'NONE', ( #1374, #1417, #1426, #1470 ) ) ;
#548 = EDGE_LOOP ( 'NONE', ( #1305, #1323, #1309, #1291 ) ) ;
#549 = VERTEX_POINT ( 'NONE', #1599 ) ;
#550 = EDGE_LOOP ( 'NONE', ( #1315, #1314, #1300, #1296 ) ) ;
#551 = VERTEX_POINT ( 'NONE', #1626 ) ;
#552 = VERTEX_POINT ( 'NONE', #1635 ) ;
#553 = VERTEX_POINT ( 'NONE', #1611 ) ;
#554 = VERTEX_POINT ( 'NONE', #1603 ) ;
#555 = VERTEX_POINT ( 'NONE', #1624 ) ;
#556 = VERTEX_POINT ( 'NONE', #1625 ) ;
#557 = VERTEX_POINT ( 'NONE', #1623 ) ;
#558 = EDGE_LOOP ( 'NONE', ( #1439, #1463, #1376, #1429 ) ) ;
#559 = EDGE_LOOP ( 'NONE', ( #1284, #1330, #1340, #1289, #1345 ) ) ;
#560 = EDGE_LOOP ( 'NONE', ( #1286, #1299, #1301, #1313, #1304, #1338 ) ) ;
#561 = VERTEX_POINT ( 'NONE', #1606 ) ;
#562 = VERTEX_POINT ( 'NONE', #1628 ) ;
#563 = VERTEX_POINT ( 'NONE', #1608 ) ;
#564 = VERTEX_POINT ( 'NONE', #1601 ) ;
#565 = VERTEX_POINT ( 'NONE', #1610 ) ;
#566 = VERTEX_POINT ( 'NONE', #1604 ) ;
#567 = VERTEX_POINT ( 'NONE', #1613 ) ;
#568 = VERTEX_POINT ( 'NONE', #1614 ) ;
#569 = VERTEX_POINT ( 'NONE', #1615 ) ;
#570 = VERTEX_POINT ( 'NONE', #1631 ) ;
#571 = VERTEX_POINT ( 'NONE', #1632 ) ;
#572 = VERTEX_POINT ( 'NONE', #1633 ) ;
#573 = VERTEX_POINT ( 'NONE', #1634 ) ;
#574 = VERTEX_POINT ( 'NONE', #1659 ) ;
#575 = VERTEX_POINT ( 'NONE', #1670 ) ;
#576 = VERTEX_POINT ( 'NONE', #1649 ) ;
#577 = VERTEX_POINT ( 'NONE', #1646 ) ;
#578 = VERTEX_POINT ( 'NONE', #1641 ) ;
#579 = VERTEX_POINT ( 'NONE', #1679 ) ;
#580 = VERTEX_POINT ( 'NONE', #1650 ) ;
#581 = VERTEX_POINT ( 'NONE', #1671 ) ;
#582 = VERTEX_POINT ( 'NONE', #1692 ) ;
#583 = VERTEX_POINT ( 'NONE', #1651 ) ;
#584 = VERTEX_POINT ( 'NONE', #1638 ) ;
#585 = VERTEX_POINT ( 'NONE', #1645 ) ;
#586 = VERTEX_POINT ( 'NONE', #1652 ) ;
#587 = VERTEX_POINT ( 'NONE', #1666 ) ;
#588 = VERTEX_POINT ( 'NONE', #1677 ) ;
#589 = VERTEX_POINT ( 'NONE', #1642 ) ;
#590 = VERTEX_POINT ( 'NONE', #1665 ) ;
#591 = VERTEX_POINT ( 'NONE', #1676 ) ;
#592 = VERTEX_POINT ( 'NONE', #1672 ) ;
#593 = VERTEX_POINT ( 'NONE', #1689 ) ;
#594 = VERTEX_POINT ( 'NONE', #1680 ) ;
#595 = VERTEX_POINT ( 'NONE', #1664 ) ;
#596 = VERTEX_POINT ( 'NONE', #1640 ) ;
#597 = VERTEX_POINT ( 'NONE', #1688 ) ;
#598 = VERTEX_POINT ( 'NONE', #1653 ) ;
#599 = VERTEX_POINT ( 'NONE', #1681 ) ;
#600 = VERTEX_POINT ( 'NONE', #1683 ) ;
#601 = VERTEX_POINT ( 'NONE', #1654 ) ;
#602 = VERTEX_POINT ( 'NONE', #1647 ) ;
#603 = VERTEX_POINT ( 'NONE', #1648 ) ;
#604 = VERTEX_POINT ( 'NONE', #1643 ) ;
#605 = VERTEX_POINT ( 'NONE', #1667 ) ;
#606 = VERTEX_POINT ( 'NONE', #1639 ) ;
#607 = VERTEX_POINT ( 'NONE', #1655 ) ;
#608 = VERTEX_POINT ( 'NONE', #1669 ) ;
#609 = VERTEX_POINT ( 'NONE', #1657 ) ;
#610 = VERTEX_POINT ( 'NONE', #1673 ) ;
#611 = VERTEX_POINT ( 'NONE', #1658 ) ;
#612 = VERTEX_POINT ( 'NONE', #1644 ) ;
#613 = VERTEX_POINT ( 'NONE', #1674 ) ;
#614 = VERTEX_POINT ( 'NONE', #1663 ) ;
#615 = VERTEX_POINT ( 'NONE', #1656 ) ;
#616 = VERTEX_POINT ( 'NONE', #1660 ) ;
#617 = VERTEX_POINT ( 'NONE', #1661 ) ;
#618 = VERTEX_POINT ( 'NONE', #1668 ) ;
#619 = VERTEX_POINT ( 'NONE', #1675 ) ;
#620 = VERTEX_POINT ( 'NONE', #1678 ) ;
#621 = VERTEX_POINT ( 'NONE', #1682 ) ;
#622 = VERTEX_POINT ( 'NONE', #1662 ) ;
#623 = VERTEX_POINT ( 'NONE', #1684 ) ;
#624 = VERTEX_POINT ( 'NONE', #1685 ) ;
#625 = VERTEX_POINT ( 'NONE', #1686 ) ;
#626 = VERTEX_POINT ( 'NONE', #1687 ) ;
#627 = VERTEX_POINT ( 'NONE', #1690 ) ;
#628 = VERTEX_POINT ( 'NONE', #1691 ) ;
#629 = VERTEX_POINT ( 'NONE', #1693 ) ;
#630 = VERTEX_POINT ( 'NONE', #1694 ) ;
#631 = VERTEX_POINT ( 'NONE', #1695 ) ;
#632 = CIRCLE ( 'NONE', #1133, 2.000000000000000000 ) ;
#633 = FACE_OUTER_BOUND ( 'NONE', #1277, .T. ) ;
#634 = FACE_OUTER_BOUND ( 'NONE', #1276, .T. ) ;
#635 = VERTEX_POINT ( 'NONE', #1637 ) ;
#636 = CYLINDRICAL_SURFACE ( 'NONE', #1033, 0.9999999999999991100 ) ;
#637 = LINE ( 'NONE', #167, #11 ) ;
#638 = VERTEX_POINT ( 'NONE', #1720 ) ;
#639 = FACE_OUTER_BOUND ( 'NONE', #1542, .T. ) ;
#640 = VERTEX_POINT ( 'NONE', #1703 ) ;
#641 = VERTEX_POINT ( 'NONE', #1708 ) ;
#642 = CIRCLE ( 'NONE', #1139, 1.000000000000000000 ) ;
#643 = FACE_OUTER_BOUND ( 'NONE', #1540, .T. ) ;
#644 = FACE_OUTER_BOUND ( 'NONE', #1590, .T. ) ;
#645 = VERTEX_POINT ( 'NONE', #1711 ) ;
#646 = VERTEX_POINT ( 'NONE', #1698 ) ;
#647 = VERTEX_POINT ( 'NONE', #1704 ) ;
#648 = VERTEX_POINT ( 'NONE', #1729 ) ;
#649 = VERTEX_POINT ( 'NONE', #1731 ) ;
#650 = EDGE_LOOP ( 'NONE', ( #1474, #1448, #1500, #1449 ) ) ;
#651 = EDGE_LOOP ( 'NONE', ( #1510, #1515, #1496, #1490 ) ) ;
#652 = EDGE_LOOP ( 'NONE', ( #1447, #1455, #1372, #1418 ) ) ;
#653 = EDGE_LOOP ( 'NONE', ( #1453, #1420, #1377, #1428 ) ) ;
#654 = EDGE_LOOP ( 'NONE', ( #1529, #1421, #1475, #1480 ) ) ;
#655 = EDGE_LOOP ( 'NONE', ( #1337, #1310, #1320, #1282 ) ) ;
#656 = EDGE_LOOP ( 'NONE', ( #1532, #1486, #1528, #1316, #1307, #1328, #1341, #1334 ) ) ;
#657 = EDGE_LOOP ( 'NONE', ( #1446, #1416, #1454, #1423 ) ) ;
#658 = EDGE_LOOP ( 'NONE', ( #1414, #1444, #1459, #1452 ) ) ;
#659 = EDGE_LOOP ( 'NONE', ( #1485, #1442, #1518, #1502 ) ) ;
#660 = EDGE_LOOP ( 'NONE', ( #1435, #1413, #1488, #1527 ) ) ;
#661 = EDGE_LOOP ( 'NONE', ( #1357, #1389, #1400, #1362 ) ) ;
#662 = EDGE_LOOP ( 'NONE', ( #1505, #1522, #1483, #1523 ) ) ;
#663 = EDGE_LOOP ( 'NONE', ( #1465, #1441, #1424, #1456 ) ) ;
#664 = EDGE_LOOP ( 'NONE', ( #1390, #1367, #1368, #1370 ) ) ;
#665 = EDGE_LOOP ( 'NONE', ( #1312, #1336, #1287, #1321, #1325, #1333 ) ) ;
#666 = EDGE_LOOP ( 'NONE', ( #1481, #1534, #1526 ) ) ;
#667 = EDGE_LOOP ( 'NONE', ( #1450, #1498, #1512, #1514 ) ) ;
#668 = EDGE_LOOP ( 'NONE', ( #1530, #1508, #1487, #1419 ) ) ;
#669 = EDGE_LOOP ( 'NONE', ( #1458, #1431, #1468 ) ) ;
#670 = EDGE_LOOP ( 'NONE', ( #1520, #1484, #1478, #1519 ) ) ;
#671 = EDGE_LOOP ( 'NONE', ( #1360, #1408, #1378, #1358, #1404, #1359, #1355, #1397, #1399, #1351 ) ) ;
#672 = EDGE_LOOP ( 'NONE', ( #1467, #1415, #1411, #1434 ) ) ;
#673 = EDGE_LOOP ( 'NONE', ( #1403, #1364, #1365, #1406 ) ) ;
#674 = EDGE_LOOP ( 'NONE', ( #1422, #1531, #1476, #1516, #1495, #1477, #1533, #1525 ) ) ;
#675 = EDGE_LOOP ( 'NONE', ( #1469, #1473, #1472 ) ) ;
#676 = EDGE_LOOP ( 'NONE', ( #1433, #1425, #1462, #1432 ) ) ;
#677 = EDGE_LOOP ( 'NONE', ( #1326, #1303, #1327, #1335 ) ) ;
#678 = CIRCLE ( 'NONE', #1124, 1.000000000000000900 ) ;
#679 = CARTESIAN_POINT ( 'NONE',  ( 20.64441302012927800, 22.63557718807585000, 15.00000000000000000 ) ) ;
#680 = CARTESIAN_POINT ( 'NONE',  ( 19.55406174904697300, 21.45813155977278100, 15.00000000000000000 ) ) ;
#681 =( BOUNDED_CURVE ( )  B_SPLINE_CURVE ( 3, ( #2, #1, #679, #680 ),
 .UNSPECIFIED., .F., .F. ) 
 B_SPLINE_CURVE_WITH_KNOTS ( ( 4, 4 ),
 ( 0.6435011087933147900, 1.570796326794896100 ),
 .UNSPECIFIED. ) 
 CURVE ( )  GEOMETRIC_REPRESENTATION_ITEM ( )  RATIONAL_B_SPLINE_CURVE ( ( 1.000000000000000000, 0.9296181273332818600, 0.9296181273332818600, 1.000000000000000000 ) ) 
 REPRESENTATION_ITEM ( '' )  );
#682 =( BOUNDED_CURVE ( )  B_SPLINE_CURVE ( 3, ( #1732, #1742, #1733, #1737 ),
 .UNSPECIFIED., .F., .F. ) 
 B_SPLINE_CURVE_WITH_KNOTS ( ( 4, 4 ),
 ( 1.570796326794897700, 2.498091544796498600 ),
 .UNSPECIFIED. ) 
 CURVE ( )  GEOMETRIC_REPRESENTATION_ITEM ( )  RATIONAL_B_SPLINE_CURVE ( ( 1.000000000000000000, 0.9296181273332788700, 0.9296181273332788700, 1.000000000000000000 ) ) 
 REPRESENTATION_ITEM ( '' )  );
#683 = ADVANCED_BREP_SHAPE_REPRESENTATION ( 'ALP2120', ( #684, #1102 ), #1118 ) ;
#684 = MANIFOLD_SOLID_BREP ( 'Fillet4', #1285 ) ;
#685 = UNCERTAINTY_MEASURE_WITH_UNIT (LENGTH_MEASURE( 1.000000000000000100E-005 ), #121, 'distance_accuracy_value', 'NONE');
#686 =( BOUNDED_CURVE ( )  B_SPLINE_CURVE ( 3, ( #96, #80, #98, #83 ),
 .UNSPECIFIED., .F., .F. ) 
 B_SPLINE_CURVE_WITH_KNOTS ( ( 4, 4 ),
 ( 4.712388980384688800, 5.639684198386271800 ),
 .UNSPECIFIED. ) 
 CURVE ( )  GEOMETRIC_REPRESENTATION_ITEM ( )  RATIONAL_B_SPLINE_CURVE ( ( 1.000000000000000000, 0.9296181273332815300, 0.9296181273332815300, 1.000000000000000000 ) ) 
 REPRESENTATION_ITEM ( '' )  );
#687 =( BOUNDED_CURVE ( )  B_SPLINE_CURVE ( 3, ( #79, #97, #124, #112 ),
 .UNSPECIFIED., .F., .F. ) 
 B_SPLINE_CURVE_WITH_KNOTS ( ( 4, 4 ),
 ( 3.785093762383087600, 4.712388980384689700 ),
 .UNSPECIFIED. ) 
 CURVE ( )  GEOMETRIC_REPRESENTATION_ITEM ( )  RATIONAL_B_SPLINE_CURVE ( ( 1.000000000000000000, 0.9296181273332787500, 0.9296181273332787500, 1.000000000000000000 ) ) 
 REPRESENTATION_ITEM ( '' )  );
#688 = DESIGN_CONTEXT ( 'detailed design', #132, 'design' ) ;
#689 = PRODUCT_DEFINITION_SHAPE ( 'NONE', 'NONE',  #883 ) ;
#690 = DIRECTION ( 'NONE',  ( 1.000000000000000000, 0.0000000000000000000, -0.0000000000000000000 ) ) ;
#691 = DIRECTION ( 'NONE',  ( -8.182657905550979500E-017, 1.000000000000000000, 0.0000000000000000000 ) ) ;
#692 = DIRECTION ( 'NONE',  ( -1.000000000000000000, 0.0000000000000000000, 0.0000000000000000000 ) ) ;
#693 = DIRECTION ( 'NONE',  ( -1.000000000000000000, 0.0000000000000000000, 0.0000000000000000000 ) ) ;
#694 = DIRECTION ( 'NONE',  ( 0.0000000000000000000, 0.0000000000000000000, -1.000000000000000000 ) ) ;
#695 = PLANE ( 'NONE',  #1069 ) ;
#696 = CARTESIAN_POINT ( 'NONE',  ( -0.5909902576697125800, 45.70900974233028100, -20.00000000000000000 ) ) ;
#697 = CARTESIAN_POINT ( 'NONE',  ( 40.40900974233026200, 6.260037815982068200, 21.00000000000000000 ) ) ;
#698 = DIRECTION ( 'NONE',  ( 1.000000000000000000, 0.0000000000000000000, -0.0000000000000000000 ) ) ;
#699 = CARTESIAN_POINT ( 'NONE',  ( -0.5909902576697124700, 44.70900974233028100, 21.00000000000000000 ) ) ;
#700 = PLANE ( 'NONE',  #1002 ) ;
#701 = CARTESIAN_POINT ( 'NONE',  ( 0.0000000000000000000, 0.0000000000000000000, -20.00000000000000000 ) ) ;
#702 = DIRECTION ( 'NONE',  ( 0.0000000000000000000, 0.0000000000000000000, -1.000000000000000000 ) ) ;
#703 = DIRECTION ( 'NONE',  ( -0.6794495785627469000, 0.7337222023292642200, 0.0000000000000000000 ) ) ;
#704 = PLANE ( 'NONE',  #1052 ) ;
#705 = DIRECTION ( 'NONE',  ( 0.0000000000000000000, 0.0000000000000000000, -1.000000000000000000 ) ) ;
#706 = DIRECTION ( 'NONE',  ( -0.7337222023292642200, -0.6794495785627469000, 0.0000000000000000000 ) ) ;
#707 = DIRECTION ( 'NONE',  ( -1.000000000000000000, 0.0000000000000000000, -0.0000000000000000000 ) ) ;
#708 = CARTESIAN_POINT ( 'NONE',  ( 14.14213562373091400, 14.14213562373098700, -21.00000000000000000 ) ) ;
#709 = DIRECTION ( 'NONE',  ( 1.000000000000000000, 0.0000000000000000000, 0.0000000000000000000 ) ) ;
#710 = DIRECTION ( 'NONE',  ( -0.0000000000000000000, -0.0000000000000000000, 1.000000000000000000 ) ) ;
#711 = DIRECTION ( 'NONE',  ( -1.000000000000000000, 0.0000000000000000000, 0.0000000000000000000 ) ) ;
#712 = PLANE ( 'NONE',  #1040 ) ;
#713 = CARTESIAN_POINT ( 'NONE',  ( 45.00190296114371300, 7.748262915372941400, 21.00000000000000000 ) ) ;
#714 = CARTESIAN_POINT ( 'NONE',  ( 24.39518395093576000, 22.27386360737639100, -21.00000000000000000 ) ) ;
#715 = PLANE ( 'NONE',  #1046 ) ;
#716 = DIRECTION ( 'NONE',  ( -0.7071067811865435800, -0.7071067811865515700, 0.0000000000000000000 ) ) ;
#717 = DIRECTION ( 'NONE',  ( 0.7071067811865515700, -0.7071067811865435800, 0.0000000000000000000 ) ) ;
#718 = DIRECTION ( 'NONE',  ( -8.182657905550947500E-017, 1.000000000000000000, 0.0000000000000000000 ) ) ;
#719 = PLANE ( 'NONE',  #1045 ) ;
#720 = DIRECTION ( 'NONE',  ( -1.000000000000000000, -8.182657905550947500E-017, 0.0000000000000000000 ) ) ;
#721 = DIRECTION ( 'NONE',  ( -1.000000000000000000, 0.0000000000000000000, 0.0000000000000000000 ) ) ;
#722 = PLANE ( 'NONE',  #1011 ) ;
#723 = PLANE ( 'NONE',  #1028 ) ;
#724 = CARTESIAN_POINT ( 'NONE',  ( 44.70900974233028100, -0.5909902576697087000, -20.00000000000000000 ) ) ;
#725 = CARTESIAN_POINT ( 'NONE',  ( -1.590990257669711900, 40.40900974233028400, 21.00000000000000000 ) ) ;
#726 = CARTESIAN_POINT ( 'NONE',  ( -20.82257287525383300, 26.47942712474594300, -15.00000000000000000 ) ) ;
#727 = DIRECTION ( 'NONE',  ( 0.7071067811865441300, 0.7071067811865510100, 0.0000000000000000000 ) ) ;
#728 = CARTESIAN_POINT ( 'NONE',  ( 40.40900974233026200, -0.5909902576697091400, 21.00000000000000000 ) ) ;
#729 = PLANE ( 'NONE',  #1007 ) ;
#730 = DIRECTION ( 'NONE',  ( 0.0000000000000000000, 0.0000000000000000000, -1.000000000000000000 ) ) ;
#731 = DIRECTION ( 'NONE',  ( 0.0000000000000000000, 1.000000000000000000, 0.0000000000000000000 ) ) ;
#732 = CARTESIAN_POINT ( 'NONE',  ( 0.0000000000000000000, 0.0000000000000000000, -20.00000000000000000 ) ) ;
#733 = DIRECTION ( 'NONE',  ( 0.0000000000000000000, 0.0000000000000000000, -1.000000000000000000 ) ) ;
#734 = DIRECTION ( 'NONE',  ( -1.000000000000000000, 0.0000000000000000000, -0.0000000000000000000 ) ) ;
#735 = DIRECTION ( 'NONE',  ( 1.000000000000000000, 0.0000000000000000000, 0.0000000000000000000 ) ) ;
#736 = DIRECTION ( 'NONE',  ( 0.6794495785627310300, 0.7337222023292788700, 0.0000000000000000000 ) ) ;
#737 = DIRECTION ( 'NONE',  ( 0.7071067811865515700, -0.7071067811865434600, 0.0000000000000000000 ) ) ;
#738 = DIRECTION ( 'NONE',  ( -0.0000000000000000000, 0.0000000000000000000, -1.000000000000000000 ) ) ;
#739 = DIRECTION ( 'NONE',  ( 0.0000000000000000000, 0.0000000000000000000, -1.000000000000000000 ) ) ;
#740 = CARTESIAN_POINT ( 'NONE',  ( 43.70900974233025900, 7.626942571813293300, 21.00000000000000000 ) ) ;
#741 = PLANE ( 'NONE',  #1009 ) ;
#742 = DIRECTION ( 'NONE',  ( -8.838197798826717000E-016, 1.000000000000000000, 0.0000000000000000000 ) ) ;
#743 = DIRECTION ( 'NONE',  ( -1.000000000000000000, 0.0000000000000000000, -0.0000000000000000000 ) ) ;
#744 = DIRECTION ( 'NONE',  ( 0.7337222023292788700, -0.6794495785627310300, 0.0000000000000000000 ) ) ;
#745 = DIRECTION ( 'NONE',  ( -1.000000000000000000, -8.838197798826717000E-016, 0.0000000000000000000 ) ) ;
#746 = CARTESIAN_POINT ( 'NONE',  ( 45.00190296114371300, 7.748262915372941400, -20.00000000000000000 ) ) ;
#747 = CARTESIAN_POINT ( 'NONE',  ( 22.27386360737610700, 24.39518395093602600, -21.00000000000000000 ) ) ;
#748 = CARTESIAN_POINT ( 'NONE',  ( 14.49568901432415100, 12.37436867076466700, 20.00000000000000000 ) ) ;
#749 = CARTESIAN_POINT ( 'NONE',  ( 7.626942571812882900, 43.70900974233025900, 20.00000000000000000 ) ) ;
#750 = CARTESIAN_POINT ( 'NONE',  ( 14.14213562373091400, 14.14213562373098700, -21.00000000000000000 ) ) ;
#751 = DIRECTION ( 'NONE',  ( -1.000000000000000000, -2.072062100757052500E-015, 0.0000000000000000000 ) ) ;
#752 = DIRECTION ( 'NONE',  ( -1.000000000000000000, 0.0000000000000000000, 0.0000000000000000000 ) ) ;
#753 = CARTESIAN_POINT ( 'NONE',  ( 0.0000000000000000000, 0.0000000000000000000, 21.00000000000000000 ) ) ;
#754 = DIRECTION ( 'NONE',  ( -1.000000000000000000, 0.0000000000000000000, -0.0000000000000000000 ) ) ;
#755 = DIRECTION ( 'NONE',  ( -1.000000000000000000, -8.182657905550947500E-017, 0.0000000000000000000 ) ) ;
#756 = DIRECTION ( 'NONE',  ( 0.0000000000000000000, 0.0000000000000000000, -1.000000000000000000 ) ) ;
#757 = PLANE ( 'NONE',  #1057 ) ;
#758 = CARTESIAN_POINT ( 'NONE',  ( 7.626942571812882900, 43.70900974233025900, 21.00000000000000000 ) ) ;
#759 = DIRECTION ( 'NONE',  ( 0.0000000000000000000, 1.000000000000000000, 0.0000000000000000000 ) ) ;
#760 = DIRECTION ( 'NONE',  ( 1.000000000000000000, 0.0000000000000000000, 0.0000000000000000000 ) ) ;
#761 = PLANE ( 'NONE',  #1086 ) ;
#762 = DIRECTION ( 'NONE',  ( 0.0000000000000000000, 0.0000000000000000000, -1.000000000000000000 ) ) ;
#763 = CARTESIAN_POINT ( 'NONE',  ( 44.70900974233028100, -1.590990257669710600, 21.00000000000000000 ) ) ;
#764 = DIRECTION ( 'NONE',  ( 0.0000000000000000000, 0.0000000000000000000, -1.000000000000000000 ) ) ;
#765 = CARTESIAN_POINT ( 'NONE',  ( 43.70900974233025900, 7.626942571813293300, 20.00000000000000000 ) ) ;
#766 = DIRECTION ( 'NONE',  ( -1.000000000000000000, 0.0000000000000000000, 0.0000000000000000000 ) ) ;
#767 = DIRECTION ( 'NONE',  ( -8.182657905550979500E-017, 1.000000000000000000, 0.0000000000000000000 ) ) ;
#768 = CARTESIAN_POINT ( 'NONE',  ( -0.5909902576697132500, 44.70900974233028100, -20.00000000000000000 ) ) ;
#769 = CARTESIAN_POINT ( 'NONE',  ( 44.70900974233028100, -0.5909902576697087000, 21.00000000000000000 ) ) ;
#770 = DIRECTION ( 'NONE',  ( 1.000000000000000000, 0.0000000000000000000, 0.0000000000000000000 ) ) ;
#771 = DIRECTION ( 'NONE',  ( -1.000000000000000000, 0.0000000000000000000, 0.0000000000000000000 ) ) ;
#772 = CARTESIAN_POINT ( 'NONE',  ( 40.40900974233026200, -0.5909902576697091400, 20.00000000000000000 ) ) ;
#773 = CARTESIAN_POINT ( 'NONE',  ( 40.40900974233026200, -1.590990257669709000, 21.00000000000000000 ) ) ;
#774 = DIRECTION ( 'NONE',  ( -0.0000000000000000000, -0.0000000000000000000, 1.000000000000000000 ) ) ;
#775 = CARTESIAN_POINT ( 'NONE',  ( -0.5909902576697124700, 44.70900974233028100, 20.00000000000000000 ) ) ;
#776 = DIRECTION ( 'NONE',  ( 0.0000000000000000000, 0.0000000000000000000, -1.000000000000000000 ) ) ;
#777 = DIRECTION ( 'NONE',  ( -8.182657905550947500E-017, 1.000000000000000000, 0.0000000000000000000 ) ) ;
#778 = DIRECTION ( 'NONE',  ( -1.000000000000000000, 0.0000000000000000000, 0.0000000000000000000 ) ) ;
#779 = PLANE ( 'NONE',  #1092 ) ;
#780 = DIRECTION ( 'NONE',  ( 2.072062100757052500E-015, -1.000000000000000000, 0.0000000000000000000 ) ) ;
#781 = DIRECTION ( 'NONE',  ( 0.0000000000000000000, 1.000000000000000000, 0.0000000000000000000 ) ) ;
#782 = PLANE ( 'NONE',  #1075 ) ;
#783 = DIRECTION ( 'NONE',  ( -1.000000000000000000, 0.0000000000000000000, 0.0000000000000000000 ) ) ;
#784 = DIRECTION ( 'NONE',  ( 1.000000000000000000, 8.182657905550979500E-017, -0.0000000000000000000 ) ) ;
#785 = CARTESIAN_POINT ( 'NONE',  ( -1.590990257669712400, 45.70900974233028100, 21.00000000000000000 ) ) ;
#786 = DIRECTION ( 'NONE',  ( 0.0000000000000000000, 0.0000000000000000000, -1.000000000000000000 ) ) ;
#787 = DIRECTION ( 'NONE',  ( 0.0000000000000000000, 0.0000000000000000000, -1.000000000000000000 ) ) ;
#788 = DIRECTION ( 'NONE',  ( 1.000000000000000000, 0.0000000000000000000, 0.0000000000000000000 ) ) ;
#789 = CARTESIAN_POINT ( 'NONE',  ( 8.455369696559060300, 44.70900974233025900, -20.00000000000000000 ) ) ;
#790 = PLANE ( 'NONE',  #1083 ) ;
#791 = DIRECTION ( 'NONE',  ( 0.0000000000000000000, -1.000000000000000000, 0.0000000000000000000 ) ) ;
#792 = CARTESIAN_POINT ( 'NONE',  ( 8.455369696559060300, 44.70900974233025900, 21.00000000000000000 ) ) ;
#793 = DIRECTION ( 'NONE',  ( 1.000000000000000000, 0.0000000000000000000, -0.0000000000000000000 ) ) ;
#794 = DIRECTION ( 'NONE',  ( -0.7071067811865516800, 0.7071067811865434600, 0.0000000000000000000 ) ) ;
#795 = CARTESIAN_POINT ( 'NONE',  ( 14.49568901432415100, 12.37436867076466700, -20.00000000000000000 ) ) ;
#796 = CARTESIAN_POINT ( 'NONE',  ( -20.82257287525383300, 26.47942712474594300, 15.00000000000000000 ) ) ;
#797 = CARTESIAN_POINT ( 'NONE',  ( 40.40900974233026200, -0.5909902576697091400, -20.00000000000000000 ) ) ;
#798 = DIRECTION ( 'NONE',  ( 1.000000000000000000, -2.072062100757140400E-015, 0.0000000000000000000 ) ) ;
#799 = PLANE ( 'NONE',  #1067 ) ;
#800 = DIRECTION ( 'NONE',  ( 0.0000000000000000000, -0.0000000000000000000, 1.000000000000000000 ) ) ;
#801 = DIRECTION ( 'NONE',  ( -1.000000000000000000, -8.182657905550947500E-017, 0.0000000000000000000 ) ) ;
#802 = CARTESIAN_POINT ( 'NONE',  ( 12.37436867076449700, 14.49568901432429700, -20.00000000000000000 ) ) ;
#803 = PLANE ( 'NONE',  #1093 ) ;
#804 = DIRECTION ( 'NONE',  ( 0.7071067811865516800, -0.7071067811865434600, 0.0000000000000000000 ) ) ;
#805 = PLANE ( 'NONE',  #1091 ) ;
#806 = DIRECTION ( 'NONE',  ( 0.7071067811865434600, 0.7071067811865516800, 0.0000000000000000000 ) ) ;
#807 = DIRECTION ( 'NONE',  ( 1.734723475976805500E-015, 1.000000000000000000, 0.0000000000000000000 ) ) ;
#808 = PLANE ( 'NONE',  #1095 ) ;
#809 = CARTESIAN_POINT ( 'NONE',  ( -0.5909902576697125800, 45.70900974233028100, 21.00000000000000000 ) ) ;
#810 = DIRECTION ( 'NONE',  ( 1.000000000000000000, 8.182657905550979500E-017, -0.0000000000000000000 ) ) ;
#811 = DIRECTION ( 'NONE',  ( -8.182657905550979500E-017, 1.000000000000000000, 0.0000000000000000000 ) ) ;
#812 = DIRECTION ( 'NONE',  ( 1.000000000000000000, -2.072062100757140400E-015, 0.0000000000000000000 ) ) ;
#813 = DIRECTION ( 'NONE',  ( -2.072062100757140400E-015, -1.000000000000000000, 0.0000000000000000000 ) ) ;
#814 = DIRECTION ( 'NONE',  ( -0.7071067811865434600, -0.7071067811865516800, 0.0000000000000000000 ) ) ;
#815 = CARTESIAN_POINT ( 'NONE',  ( -3.144903345590248200, 44.15709665440973500, 9.999999999999998200 ) ) ;
#816 = DIRECTION ( 'NONE',  ( 1.000000000000000000, 0.0000000000000000000, 0.0000000000000000000 ) ) ;
#817 = PLANE ( 'NONE',  #1082 ) ;
#818 = PLANE ( 'NONE',  #1090 ) ;
#819 = CARTESIAN_POINT ( 'NONE',  ( 0.3906305603424697900, 47.69263056034249400, 15.00000000000000000 ) ) ;
#820 = DIRECTION ( 'NONE',  ( 0.7071067811865434600, 0.7071067811865516800, 0.0000000000000000000 ) ) ;
#821 = DIRECTION ( 'NONE',  ( -0.7071067811865516800, 0.7071067811865434600, 0.0000000000000000000 ) ) ;
#822 = DIRECTION ( 'NONE',  ( 0.0000000000000000000, 1.000000000000000000, 0.0000000000000000000 ) ) ;
#823 = DIRECTION ( 'NONE',  ( -0.7071067811865516800, 0.7071067811865434600, 0.0000000000000000000 ) ) ;
#824 = CARTESIAN_POINT ( 'NONE',  ( 44.70900974233028100, -0.5909902576697088100, 20.00000000000000000 ) ) ;
#825 = DIRECTION ( 'NONE',  ( -0.7071067811865432400, -0.7071067811865517900, 0.0000000000000000000 ) ) ;
#826 = CARTESIAN_POINT ( 'NONE',  ( 22.27386360737610700, 24.39518395093602600, -21.00000000000000000 ) ) ;
#827 = DIRECTION ( 'NONE',  ( -1.000000000000000000, -8.182657905550947500E-017, 0.0000000000000000000 ) ) ;
#828 = PLANE ( 'NONE',  #1078 ) ;
#829 = CARTESIAN_POINT ( 'NONE',  ( 45.70900974233025900, 8.455369696559493800, 21.00000000000000000 ) ) ;
#830 = DIRECTION ( 'NONE',  ( -0.6794495785627469000, 0.7337222023292642200, 0.0000000000000000000 ) ) ;
#831 = DIRECTION ( 'NONE',  ( 0.6794495785627310300, 0.7337222023292788700, 0.0000000000000000000 ) ) ;
#832 = DIRECTION ( 'NONE',  ( 0.7337222023292788700, -0.6794495785627310300, 0.0000000000000000000 ) ) ;
#833 = DIRECTION ( 'NONE',  ( -0.7337222023292642200, -0.6794495785627469000, 0.0000000000000000000 ) ) ;
#834 = PLANE ( 'NONE',  #1074 ) ;
#835 = CARTESIAN_POINT ( 'NONE',  ( 24.39518395093576000, 22.27386360737639100, -21.00000000000000000 ) ) ;
#836 = PLANE ( 'NONE',  #1063 ) ;
#837 = DIRECTION ( 'NONE',  ( -0.7071067811865435800, -0.7071067811865515700, 0.0000000000000000000 ) ) ;
#838 = DIRECTION ( 'NONE',  ( 0.7071067811865515700, -0.7071067811865435800, 0.0000000000000000000 ) ) ;
#839 = DIRECTION ( 'NONE',  ( -1.000000000000000000, 0.0000000000000000000, -0.0000000000000000000 ) ) ;
#840 = DIRECTION ( 'NONE',  ( -0.7071067811865516800, 0.7071067811865434600, 0.0000000000000000000 ) ) ;
#841 = DIRECTION ( 'NONE',  ( -0.7071067811865441300, -0.7071067811865510100, 0.0000000000000000000 ) ) ;
#842 = CARTESIAN_POINT ( 'NONE',  ( 25.31442276647824100, 27.43574311003819200, -20.00000000000000000 ) ) ;
#843 = CARTESIAN_POINT ( 'NONE',  ( 26.37508293825807100, 26.37508293825837300, 20.00000000000000000 ) ) ;
#844 = CARTESIAN_POINT ( 'NONE',  ( 43.70900974233025900, 7.626942571813293300, 21.00000000000000000 ) ) ;
#845 = DIRECTION ( 'NONE',  ( 0.0000000000000000000, 0.0000000000000000000, -1.000000000000000000 ) ) ;
#846 = DIRECTION ( 'NONE',  ( -1.000000000000000000, 0.0000000000000000000, 0.0000000000000000000 ) ) ;
#847 = CARTESIAN_POINT ( 'NONE',  ( 8.455369696559062100, 45.70900974233025900, 21.00000000000000000 ) ) ;
#848 = PLANE ( 'NONE',  #1084 ) ;
#849 = DIRECTION ( 'NONE',  ( 1.000000000000000000, -2.072062100757140400E-015, 0.0000000000000000000 ) ) ;
#850 = DIRECTION ( 'NONE',  ( -0.7071067811865515700, 0.7071067811865434600, 0.0000000000000000000 ) ) ;
#851 = DIRECTION ( 'NONE',  ( 0.0000000000000000000, 0.0000000000000000000, -1.000000000000000000 ) ) ;
#852 = CARTESIAN_POINT ( 'NONE',  ( -3.144903345590246900, 44.15709665440973500, -9.999999999999998200 ) ) ;
#853 = DIRECTION ( 'NONE',  ( -0.7071067811865433500, -0.7071067811865517900, 0.0000000000000000000 ) ) ;
#854 = DIRECTION ( 'NONE',  ( -2.072062100757140400E-015, -1.000000000000000000, 0.0000000000000000000 ) ) ;
#855 = CARTESIAN_POINT ( 'NONE',  ( 0.0000000000000000000, 0.0000000000000000000, -21.00000000000000000 ) ) ;
#856 = CARTESIAN_POINT ( 'NONE',  ( 43.70900974233025900, 7.626942571813293300, -20.00000000000000000 ) ) ;
#857 = DIRECTION ( 'NONE',  ( -1.000000000000000000, 0.0000000000000000000, 0.0000000000000000000 ) ) ;
#858 = DIRECTION ( 'NONE',  ( 0.7071067811865435800, 0.7071067811865514600, -0.0000000000000000000 ) ) ;
#859 = CARTESIAN_POINT ( 'NONE',  ( 7.626942571812882900, 43.70900974233025900, -20.00000000000000000 ) ) ;
#860 = PLANE ( 'NONE',  #1068 ) ;
#861 = PLANE ( 'NONE',  #1056 ) ;
#862 = DIRECTION ( 'NONE',  ( 1.000000000000000000, 2.168404344971006900E-015, 0.0000000000000000000 ) ) ;
#863 = CARTESIAN_POINT ( 'NONE',  ( 44.70900974233028100, 9.263984464946039800E-014, 20.00000000000000000 ) ) ;
#864 = DIRECTION ( 'NONE',  ( -2.072062100757052500E-015, 1.000000000000000000, 0.0000000000000000000 ) ) ;
#865 = CARTESIAN_POINT ( 'NONE',  ( 14.49568901432415100, 12.37436867076466700, -20.00000000000000000 ) ) ;
#866 = DIRECTION ( 'NONE',  ( 2.072062100757052500E-015, -1.000000000000000000, 0.0000000000000000000 ) ) ;
#867 = DIRECTION ( 'NONE',  ( 0.0000000000000000000, 0.0000000000000000000, 1.000000000000000000 ) ) ;
#868 = CARTESIAN_POINT ( 'NONE',  ( 6.260037815981657000, 40.40900974233029100, 21.00000000000000000 ) ) ;
#869 = DIRECTION ( 'NONE',  ( -1.000000000000000000, -2.072062100757050900E-015, 0.0000000000000000000 ) ) ;
#870 = DIRECTION ( 'NONE',  ( -0.7071067811865514600, 0.7071067811865435800, 0.0000000000000000000 ) ) ;
#871 = DIRECTION ( 'NONE',  ( 0.0000000000000000000, 0.0000000000000000000, -1.000000000000000000 ) ) ;
#872 = DIRECTION ( 'NONE',  ( -0.0000000000000000000, -0.0000000000000000000, -1.000000000000000000 ) ) ;
#873 = CARTESIAN_POINT ( 'NONE',  ( 44.70900974233028100, -1.590990257669710600, -20.00000000000000000 ) ) ;
#874 = ADVANCED_FACE ( 'NONE', ( #1255 ), #1696, .T. ) ;
#875 = ADVANCED_FACE ( 'NONE', ( #1268 ), #1730, .T. ) ;
#876 = ADVANCED_FACE ( 'NONE', ( #1249 ), #1718, .T. ) ;
#877 = APPROVAL ( #147, 'UNSPECIFIED' ) ;
#878 = CC_DESIGN_APPROVAL ( #888, ( #883 ) ) ;
#879 = CC_DESIGN_APPROVAL ( #877, ( #894 ) ) ;
#880 = PRODUCT_RELATED_PRODUCT_CATEGORY ( 'detail', '', ( #1147 ) ) ;
#881 = CC_DESIGN_SECURITY_CLASSIFICATION ( #890, ( #894 ) ) ;
#882 = CC_DESIGN_PERSON_AND_ORGANIZATION_ASSIGNMENT ( #525, #142, ( #1147 ) ) ;
#883 = PRODUCT_DEFINITION ( 'UNKNOWN', '', #894, #688 ) ;
#884 = CC_DESIGN_DATE_AND_TIME_ASSIGNMENT ( #510, #143, ( #883 ) ) ;
#885 = CC_DESIGN_PERSON_AND_ORGANIZATION_ASSIGNMENT ( #498, #152, ( #890 ) ) ;
#886 = CC_DESIGN_APPROVAL ( #893, ( #890 ) ) ;
#887 = CC_DESIGN_DATE_AND_TIME_ASSIGNMENT ( #540, #155, ( #890 ) ) ;
#888 = APPROVAL ( #127, 'UNSPECIFIED' ) ;
#889 = CC_DESIGN_PERSON_AND_ORGANIZATION_ASSIGNMENT ( #505, #133, ( #883 ) ) ;
#890 = SECURITY_CLASSIFICATION ( '', '', #153 ) ;
#891 = CC_DESIGN_PERSON_AND_ORGANIZATION_ASSIGNMENT ( #496, #151, ( #894 ) ) ;
#892 = CC_DESIGN_PERSON_AND_ORGANIZATION_ASSIGNMENT ( #528, #149, ( #894 ) ) ;
#893 = APPROVAL ( #154, 'UNSPECIFIED' ) ;
#894 = PRODUCT_DEFINITION_FORMATION_WITH_SPECIFIED_SOURCE ( 'ANY', '', #1147, .NOT_KNOWN. ) ;
#895 = EDGE_CURVE ( 'NONE', #611, #589, #1253, .T. ) ;
#896 = EDGE_CURVE ( 'NONE', #582, #577, #1247, .T. ) ;
#897 = EDGE_CURVE ( 'NONE', #587, #597, #1270, .T. ) ;
#898 = EDGE_CURVE ( 'NONE', #610, #580, #1274, .T. ) ;
#899 = EDGE_CURVE ( 'NONE', #590, #588, #1151, .T. ) ;
#900 = EDGE_CURVE ( 'NONE', #576, #572, #1154, .T. ) ;
#901 = EDGE_CURVE ( 'NONE', #588, #575, #1155, .T. ) ;
#902 = EDGE_CURVE ( 'NONE', #580, #601, #1150, .T. ) ;
#903 = EDGE_CURVE ( 'NONE', #584, #617, #1158, .T. ) ;
#904 = EDGE_CURVE ( 'NONE', #596, #591, #1177, .T. ) ;
#905 = EDGE_CURVE ( 'NONE', #581, #606, #1166, .T. ) ;
#906 = EDGE_CURVE ( 'NONE', #557, #594, #1170, .T. ) ;
#907 = EDGE_CURVE ( 'NONE', #567, #610, #1173, .T. ) ;
#908 = EDGE_CURVE ( 'NONE', #566, #587, #1176, .T. ) ;
#909 = EDGE_CURVE ( 'NONE', #617, #592, #1168, .T. ) ;
#910 = EDGE_CURVE ( 'NONE', #578, #577, #682, .T. ) ;
#911 = EDGE_CURVE ( 'NONE', #597, #568, #1165, .T. ) ;
#912 = EDGE_CURVE ( 'NONE', #594, #568, #1161, .T. ) ;
#913 = EDGE_CURVE ( 'NONE', #572, #573, #1180, .T. ) ;
#914 = EDGE_CURVE ( 'NONE', #586, #574, #1164, .T. ) ;
#915 = EDGE_CURVE ( 'NONE', #585, #575, #1269, .T. ) ;
#916 = EDGE_CURVE ( 'NONE', #576, #566, #1273, .T. ) ;
#917 = EDGE_CURVE ( 'NONE', #569, #581, #1157, .T. ) ;
#918 = EDGE_CURVE ( 'NONE', #606, #585, #1271, .T. ) ;
#919 = EDGE_CURVE ( 'NONE', #594, #601, #22, .T. ) ;
#920 = EDGE_CURVE ( 'NONE', #590, #595, #23, .T. ) ;
#921 = EDGE_CURVE ( 'NONE', #567, #574, #15, .T. ) ;
#922 = EDGE_CURVE ( 'NONE', #611, #606, #16, .T. ) ;
#923 = EDGE_CURVE ( 'NONE', #557, #564, #20, .T. ) ;
#924 = EDGE_CURVE ( 'NONE', #582, #581, #12, .T. ) ;
#925 = EDGE_CURVE ( 'NONE', #564, #600, #25, .T. ) ;
#926 = EDGE_CURVE ( 'NONE', #591, #552, #3, .T. ) ;
#927 = EDGE_CURVE ( 'NONE', #582, #617, #7, .T. ) ;
#928 = EDGE_CURVE ( 'NONE', #598, #579, #9, .T. ) ;
#929 = EDGE_CURVE ( 'NONE', #552, #557, #5, .T. ) ;
#930 = EDGE_CURVE ( 'NONE', #564, #566, #28, .T. ) ;
#931 = EDGE_CURVE ( 'NONE', #601, #553, #1800, .T. ) ;
#932 = EDGE_CURVE ( 'NONE', #582, #600, #1802, .T. ) ;
#933 = EDGE_CURVE ( 'NONE', #569, #611, #1799, .T. ) ;
#934 = EDGE_CURVE ( 'NONE', #573, #592, #1805, .T. ) ;
#935 = EDGE_CURVE ( 'NONE', #599, #589, #681, .T. ) ;
#936 = EDGE_CURVE ( 'NONE', #575, #591, #1801, .T. ) ;
#937 = EDGE_CURVE ( 'NONE', #593, #620, #1813, .T. ) ;
#938 = EDGE_CURVE ( 'NONE', #640, #616, #1810, .T. ) ;
#939 = EDGE_CURVE ( 'NONE', #598, #595, #1798, .T. ) ;
#940 = EDGE_CURVE ( 'NONE', #593, #622, #1809, .T. ) ;
#941 = EDGE_CURVE ( 'NONE', #605, #621, #642, .T. ) ;
#942 = EDGE_CURVE ( 'NONE', #614, #646, #632, .T. ) ;
#943 = EDGE_CURVE ( 'NONE', #640, #648, #24, .T. ) ;
#944 = EDGE_CURVE ( 'NONE', #616, #646, #1174, .T. ) ;
#945 = EDGE_CURVE ( 'NONE', #573, #597, #1807, .T. ) ;
#946 = EDGE_CURVE ( 'NONE', #590, #586, #1306, .T. ) ;
#947 = EDGE_CURVE ( 'NONE', #574, #595, #637, .T. ) ;
#948 = EDGE_CURVE ( 'NONE', #553, #631, #678, .T. ) ;
#949 = EDGE_CURVE ( 'NONE', #620, #649, #357, .T. ) ;
#950 = EDGE_CURVE ( 'NONE', #641, #615, #354, .T. ) ;
#951 = EDGE_CURVE ( 'NONE', #625, #624, #358, .T. ) ;
#952 = EDGE_CURVE ( 'NONE', #614, #630, #409, .T. ) ;
#953 = EDGE_CURVE ( 'NONE', #608, #623, #365, .T. ) ;
#954 = EDGE_CURVE ( 'NONE', #646, #602, #390, .T. ) ;
#955 = EDGE_CURVE ( 'NONE', #616, #627, #363, .T. ) ;
#956 = EDGE_CURVE ( 'NONE', #623, #624, #353, .T. ) ;
#957 = EDGE_CURVE ( 'NONE', #635, #647, #393, .T. ) ;
#958 = EDGE_CURVE ( 'NONE', #618, #645, #402, .T. ) ;
#959 = EDGE_CURVE ( 'NONE', #599, #585, #398, .T. ) ;
#960 = EDGE_CURVE ( 'NONE', #554, #584, #366, .T. ) ;
#961 = EDGE_CURVE ( 'NONE', #638, #614, #416, .T. ) ;
#962 = EDGE_CURVE ( 'NONE', #619, #612, #378, .T. ) ;
#963 = EDGE_CURVE ( 'NONE', #612, #627, #383, .T. ) ;
#964 = EDGE_CURVE ( 'NONE', #613, #616, #355, .T. ) ;
#965 = EDGE_CURVE ( 'NONE', #648, #603, #406, .T. ) ;
#966 = EDGE_CURVE ( 'NONE', #624, #628, #382, .T. ) ;
#967 = EDGE_CURVE ( 'NONE', #627, #625, #370, .T. ) ;
#968 = EDGE_CURVE ( 'NONE', #648, #605, #411, .T. ) ;
#969 = EDGE_CURVE ( 'NONE', #622, #583, #381, .T. ) ;
#970 = EDGE_CURVE ( 'NONE', #619, #625, #359, .T. ) ;
#971 = EDGE_CURVE ( 'NONE', #603, #618, #403, .T. ) ;
#972 = EDGE_CURVE ( 'NONE', #612, #613, #413, .T. ) ;
#973 = EDGE_CURVE ( 'NONE', #604, #638, #389, .T. ) ;
#974 = EDGE_CURVE ( 'NONE', #584, #609, #368, .T. ) ;
#975 = EDGE_CURVE ( 'NONE', #554, #579, #385, .T. ) ;
#976 = EDGE_CURVE ( 'NONE', #604, #624, #384, .T. ) ;
#977 = EDGE_CURVE ( 'NONE', #638, #635, #404, .T. ) ;
#978 = EDGE_CURVE ( 'NONE', #583, #631, #394, .T. ) ;
#979 = EDGE_CURVE ( 'NONE', #605, #554, #417, .T. ) ;
#980 = EDGE_CURVE ( 'NONE', #602, #630, #388, .T. ) ;
#981 = EDGE_CURVE ( 'NONE', #631, #593, #373, .T. ) ;
#982 = EDGE_CURVE ( 'NONE', #598, #567, #395, .T. ) ;
#983 = EDGE_CURVE ( 'NONE', #641, #580, #372, .T. ) ;
#984 = EDGE_CURVE ( 'NONE', #593, #649, #376, .T. ) ;
#985 = EDGE_CURVE ( 'NONE', #610, #552, #397, .T. ) ;
#986 = EDGE_CURVE ( 'NONE', #623, #619, #391, .T. ) ;
#987 = EDGE_CURVE ( 'NONE', #600, #576, #420, .T. ) ;
#988 = EDGE_CURVE ( 'NONE', #587, #572, #422, .T. ) ;
#989 = EDGE_CURVE ( 'NONE', #592, #568, #444, .T. ) ;
#990 = EDGE_CURVE ( 'NONE', #620, #604, #447, .T. ) ;
#991 = EDGE_CURVE ( 'NONE', #646, #629, #443, .T. ) ;
#992 = EDGE_CURVE ( 'NONE', #578, #569, #470, .T. ) ;
#993 = EDGE_CURVE ( 'NONE', #583, #609, #476, .T. ) ;
#994 = EDGE_CURVE ( 'NONE', #579, #585, #459, .T. ) ;
#995 = EDGE_CURVE ( 'NONE', #596, #588, #451, .T. ) ;
#996 = EDGE_CURVE ( 'NONE', #609, #608, #450, .T. ) ;
#997 = EDGE_CURVE ( 'NONE', #586, #596, #471, .T. ) ;
#998 = EDGE_CURVE ( 'NONE', #629, #640, #433, .T. ) ;
#999 = EDGE_CURVE ( 'NONE', #615, #629, #448, .T. ) ;
#1000 = EDGE_CURVE ( 'NONE', #585, #582, #477, .T. ) ;
#1001 = EDGE_CURVE ( 'NONE', #630, #635, #430, .T. ) ;
#1002 = AXIS2_PLACEMENT_3D ( 'NONE', #701, #705, #707 ) ;
#1003 = EDGE_CURVE ( 'NONE', #647, #649, #434, .T. ) ;
#1004 = EDGE_CURVE ( 'NONE', #555, #557, #436, .T. ) ;
#1005 = EDGE_CURVE ( 'NONE', #622, #608, #437, .T. ) ;
#1006 = EDGE_CURVE ( 'NONE', #577, #570, #480, .T. ) ;
#1007 = AXIS2_PLACEMENT_3D ( 'NONE', #732, #733, #734 ) ;
#1008 = AXIS2_PLACEMENT_3D ( 'NONE', #740, #730, #721 ) ;
#1009 = AXIS2_PLACEMENT_3D ( 'NONE', #748, #776, #752 ) ;
#1010 = AXIS2_PLACEMENT_3D ( 'NONE', #749, #764, #766 ) ;
#1011 = AXIS2_PLACEMENT_3D ( 'NONE', #725, #742, #745 ) ;
#1012 = EDGE_CURVE ( 'NONE', #640, #603, #464, .T. ) ;
#1013 = EDGE_CURVE ( 'NONE', #645, #641, #465, .T. ) ;
#1014 = EDGE_CURVE ( 'NONE', #561, #570, #435, .T. ) ;
#1015 = EDGE_CURVE ( 'NONE', #562, #563, #441, .T. ) ;
#1016 = EDGE_CURVE ( 'NONE', #629, #618, #431, .T. ) ;
#1017 = EDGE_CURVE ( 'NONE', #571, #556, #449, .T. ) ;
#1018 = EDGE_CURVE ( 'NONE', #563, #565, #440, .T. ) ;
#1019 = EDGE_CURVE ( 'NONE', #626, #552, #473, .T. ) ;
#1020 = EDGE_CURVE ( 'NONE', #614, #627, #456, .T. ) ;
#1021 = EDGE_CURVE ( 'NONE', #615, #618, #446, .T. ) ;
#1022 = EDGE_CURVE ( 'NONE', #589, #578, #478, .T. ) ;
#1023 = EDGE_CURVE ( 'NONE', #626, #551, #445, .T. ) ;
#1024 = EDGE_CURVE ( 'NONE', #571, #599, #472, .T. ) ;
#1025 = EDGE_CURVE ( 'NONE', #615, #602, #462, .T. ) ;
#1026 = EDGE_CURVE ( 'NONE', #549, #556, #479, .T. ) ;
#1027 = EDGE_CURVE ( 'NONE', #552, #549, #481, .T. ) ;
#1028 = AXIS2_PLACEMENT_3D ( 'NONE', #728, #718, #720 ) ;
#1029 = EDGE_CURVE ( 'NONE', #649, #553, #469, .T. ) ;
#1030 = EDGE_CURVE ( 'NONE', #628, #620, #427, .T. ) ;
#1031 = EDGE_CURVE ( 'NONE', #607, #562, #485, .T. ) ;
#1032 = EDGE_CURVE ( 'NONE', #551, #562, #516, .T. ) ;
#1033 = AXIS2_PLACEMENT_3D ( 'NONE', #708, #710, #709 ) ;
#1034 = EDGE_CURVE ( 'NONE', #570, #571, #511, .T. ) ;
#1035 = EDGE_CURVE ( 'NONE', #561, #555, #515, .T. ) ;
#1036 = EDGE_CURVE ( 'NONE', #608, #628, #509, .T. ) ;
#1037 = EDGE_CURVE ( 'NONE', #565, #549, #686, .T. ) ;
#1038 = EDGE_CURVE ( 'NONE', #555, #563, #687, .T. ) ;
#1039 = AXIS2_PLACEMENT_3D ( 'NONE', #724, #731, #735 ) ;
#1040 = AXIS2_PLACEMENT_3D ( 'NONE', #713, #716, #717 ) ;
#1041 = EDGE_CURVE ( 'NONE', #621, #645, #506, .T. ) ;
#1042 = EDGE_CURVE ( 'NONE', #604, #647, #514, .T. ) ;
#1043 = EDGE_CURVE ( 'NONE', #621, #603, #518, .T. ) ;
#1044 = EDGE_CURVE ( 'NONE', #557, #607, #489, .T. ) ;
#1045 = AXIS2_PLACEMENT_3D ( 'NONE', #726, #739, #743 ) ;
#1046 = AXIS2_PLACEMENT_3D ( 'NONE', #747, #744, #736 ) ;
#1047 = AXIS2_PLACEMENT_3D ( 'NONE', #746, #737, #727 ) ;
#1048 = EDGE_CURVE ( 'NONE', #622, #628, #513, .T. ) ;
#1049 = EDGE_CURVE ( 'NONE', #613, #648, #521, .T. ) ;
#1050 = EDGE_CURVE ( 'NONE', #565, #551, #530, .T. ) ;
#1051 = EDGE_CURVE ( 'NONE', #607, #626, #523, .T. ) ;
#1052 = AXIS2_PLACEMENT_3D ( 'NONE', #714, #703, #706 ) ;
#1053 = EDGE_CURVE ( 'NONE', #625, #638, #501, .T. ) ;
#1054 = EDGE_CURVE ( 'NONE', #556, #561, #504, .T. ) ;
#1055 = AXIS2_PLACEMENT_3D ( 'NONE', #1609, #1618, #1602 ) ;
#1056 = AXIS2_PLACEMENT_3D ( 'NONE', #868, #858, #870 ) ;
#1057 = AXIS2_PLACEMENT_3D ( 'NONE', #785, #784, #767 ) ;
#1058 = AXIS2_PLACEMENT_3D ( 'NONE', #873, #866, #862 ) ;
#1059 = AXIS2_PLACEMENT_3D ( 'NONE', #775, #781, #788 ) ;
#1060 = AXIS2_PLACEMENT_3D ( 'NONE', #789, #798, #807 ) ;
#1061 = AXIS2_PLACEMENT_3D ( 'NONE', #844, #845, #846 ) ;
#1062 = AXIS2_PLACEMENT_3D ( 'NONE', #769, #786, #771 ) ;
#1063 = AXIS2_PLACEMENT_3D ( 'NONE', #829, #837, #838 ) ;
#1064 = AXIS2_PLACEMENT_3D ( 'NONE', #863, #864, #869 ) ;
#1065 = AXIS2_PLACEMENT_3D ( 'NONE', #1636, #1619, #1600 ) ;
#1066 = AXIS2_PLACEMENT_3D ( 'NONE', #696, #691, #693 ) ;
#1067 = AXIS2_PLACEMENT_3D ( 'NONE', #796, #800, #793 ) ;
#1068 = AXIS2_PLACEMENT_3D ( 'NONE', #865, #867, #690 ) ;
#1069 = AXIS2_PLACEMENT_3D ( 'NONE', #697, #698, #738 ) ;
#1070 = AXIS2_PLACEMENT_3D ( 'NONE', #859, #694, #692 ) ;
#1071 = AXIS2_PLACEMENT_3D ( 'NONE', #1630, #1605, #1622 ) ;
#1072 = AXIS2_PLACEMENT_3D ( 'NONE', #797, #801, #791 ) ;
#1073 = AXIS2_PLACEMENT_3D ( 'NONE', #768, #759, #760 ) ;
#1074 = AXIS2_PLACEMENT_3D ( 'NONE', #835, #830, #833 ) ;
#1075 = AXIS2_PLACEMENT_3D ( 'NONE', #753, #787, #754 ) ;
#1076 = AXIS2_PLACEMENT_3D ( 'NONE', #758, #756, #783 ) ;
#1077 = AXIS2_PLACEMENT_3D ( 'NONE', #852, #840, #853 ) ;
#1078 = AXIS2_PLACEMENT_3D ( 'NONE', #847, #854, #849 ) ;
#1079 = AXIS2_PLACEMENT_3D ( 'NONE', #824, #822, #816 ) ;
#1080 = AXIS2_PLACEMENT_3D ( 'NONE', #750, #774, #770 ) ;
#1081 = AXIS2_PLACEMENT_3D ( 'NONE', #765, #762, #778 ) ;
#1082 = AXIS2_PLACEMENT_3D ( 'NONE', #819, #820, #821 ) ;
#1083 = AXIS2_PLACEMENT_3D ( 'NONE', #792, #813, #812 ) ;
#1084 = AXIS2_PLACEMENT_3D ( 'NONE', #855, #851, #839 ) ;
#1085 = AXIS2_PLACEMENT_3D ( 'NONE', #1612, #1597, #1596 ) ;
#1086 = AXIS2_PLACEMENT_3D ( 'NONE', #763, #751, #780 ) ;
#1087 = AXIS2_PLACEMENT_3D ( 'NONE', #843, #850, #841 ) ;
#1088 = AXIS2_PLACEMENT_3D ( 'NONE', #856, #871, #857 ) ;
#1089 = AXIS2_PLACEMENT_3D ( 'NONE', #699, #702, #711 ) ;
#1090 = AXIS2_PLACEMENT_3D ( 'NONE', #826, #832, #831 ) ;
#1091 = AXIS2_PLACEMENT_3D ( 'NONE', #795, #794, #814 ) ;
#1092 = AXIS2_PLACEMENT_3D ( 'NONE', #773, #777, #755 ) ;
#1093 = AXIS2_PLACEMENT_3D ( 'NONE', #802, #804, #806 ) ;
#1094 = AXIS2_PLACEMENT_3D ( 'NONE', #815, #823, #825 ) ;
#1095 = AXIS2_PLACEMENT_3D ( 'NONE', #809, #810, #811 ) ;
#1096 = AXIS2_PLACEMENT_3D ( 'NONE', #1617, #1616, #1629 ) ;
#1097 = AXIS2_PLACEMENT_3D ( 'NONE', #1621, #1607, #1627 ) ;
#1098 = AXIS2_PLACEMENT_3D ( 'NONE', #227, #219, #204 ) ;
#1099 = AXIS2_PLACEMENT_3D ( 'NONE', #38, #44, #49 ) ;
#1100 = AXIS2_PLACEMENT_3D ( 'NONE', #1701, #1728, #1719 ) ;
#1101 = AXIS2_PLACEMENT_3D ( 'NONE', #73, #103, #74 ) ;
#1102 = AXIS2_PLACEMENT_3D ( 'NONE', #129, #134, #114 ) ;
#1103 = AXIS2_PLACEMENT_3D ( 'NONE', #1738, #1756, #1740 ) ;
#1104 = AXIS2_PLACEMENT_3D ( 'NONE', #1716, #1593, #1594 ) ;
#1105 = AXIS2_PLACEMENT_3D ( 'NONE', #185, #177, #182 ) ;
#1106 = AXIS2_PLACEMENT_3D ( 'NONE', #176, #178, #179 ) ;
#1107 = AXIS2_PLACEMENT_3D ( 'NONE', #64, #43, #33 ) ;
#1108 = AXIS2_PLACEMENT_3D ( 'NONE', #266, #278, #258 ) ;
#1109 = AXIS2_PLACEMENT_3D ( 'NONE', #165, #186, #191 ) ;
#1110 = AXIS2_PLACEMENT_3D ( 'NONE', #222, #210, #220 ) ;
#1111 = AXIS2_PLACEMENT_3D ( 'NONE', #313, #255, #292 ) ;
#1112 = AXIS2_PLACEMENT_3D ( 'NONE', #32, #46, #35 ) ;
#1113 = AXIS2_PLACEMENT_3D ( 'NONE', #166, #198, #196 ) ;
#1114 = AXIS2_PLACEMENT_3D ( 'NONE', #95, #71, #85 ) ;
#1115 = AXIS2_PLACEMENT_3D ( 'NONE', #1713, #1717, #1714 ) ;
#1116 = AXIS2_PLACEMENT_3D ( 'NONE', #84, #72, #82 ) ;
#1117 = AXIS2_PLACEMENT_3D ( 'NONE', #123, #110, #144 ) ;
#1118 =( GEOMETRIC_REPRESENTATION_CONTEXT ( 3 ) GLOBAL_UNCERTAINTY_ASSIGNED_CONTEXT ( ( #685 ) ) GLOBAL_UNIT_ASSIGNED_CONTEXT ( ( #121, #145, #122 ) ) REPRESENTATION_CONTEXT ( 'NONE', 'WORKASPACE' ) );
#1119 = AXIS2_PLACEMENT_3D ( 'NONE', #209, #226, #249 ) ;
#1120 = AXIS2_PLACEMENT_3D ( 'NONE', #316, #310, #311 ) ;
#1121 = AXIS2_PLACEMENT_3D ( 'NONE', #329, #347, #340 ) ;
#1122 = AXIS2_PLACEMENT_3D ( 'NONE', #94, #107, #92 ) ;
#1123 = AXIS2_PLACEMENT_3D ( 'NONE', #1734, #1746, #1736 ) ;
#1124 = AXIS2_PLACEMENT_3D ( 'NONE', #183, #170, #174 ) ;
#1125 = AXIS2_PLACEMENT_3D ( 'NONE', #205, #238, #240 ) ;
#1126 = AXIS2_PLACEMENT_3D ( 'NONE', #1727, #1699, #1715 ) ;
#1127 = AXIS2_PLACEMENT_3D ( 'NONE', #223, #243, #203 ) ;
#1128 = AXIS2_PLACEMENT_3D ( 'NONE', #202, #213, #216 ) ;
#1129 = AXIS2_PLACEMENT_3D ( 'NONE', #1725, #1743, #1755 ) ;
#1130 = AXIS2_PLACEMENT_3D ( 'NONE', #339, #327, #333 ) ;
#1131 = AXIS2_PLACEMENT_3D ( 'NONE', #37, #40, #56 ) ;
#1132 = AXIS2_PLACEMENT_3D ( 'NONE', #251, #215, #207 ) ;
#1133 = AXIS2_PLACEMENT_3D ( 'NONE', #172, #180, #187 ) ;
#1134 = AXIS2_PLACEMENT_3D ( 'NONE', #104, #91, #81 ) ;
#1135 = AXIS2_PLACEMENT_3D ( 'NONE', #130, #146, #109 ) ;
#1136 = AXIS2_PLACEMENT_3D ( 'NONE', #87, #105, #69 ) ;
#1137 = AXIS2_PLACEMENT_3D ( 'NONE', #296, #288, #282 ) ;
#1138 = AXIS2_PLACEMENT_3D ( 'NONE', #57, #39, #30 ) ;
#1139 = AXIS2_PLACEMENT_3D ( 'NONE', #195, #171, #190 ) ;
#1140 = AXIS2_PLACEMENT_3D ( 'NONE', #262, #261, #268 ) ;
#1141 = AXIS2_PLACEMENT_3D ( 'NONE', #349, #31, #63 ) ;
#1142 = AXIS2_PLACEMENT_3D ( 'NONE', #312, #260, #315 ) ;
#1143 = AXIS2_PLACEMENT_3D ( 'NONE', #59, #29, #65 ) ;
#1144 = AXIS2_PLACEMENT_3D ( 'NONE', #228, #229, #211 ) ;
#1145 = AXIS2_PLACEMENT_3D ( 'NONE', #1700, #1697, #1712 ) ;
#1146 = AXIS2_PLACEMENT_3D ( 'NONE', #136, #139, #116 ) ;
#1147 = PRODUCT ( 'ALP2120', 'ALP2120', '', ( #111 ) ) ;
#1148 = PERSON ( 'UNSPECIFIED', 'UNSPECIFIED', 'UNSPECIFIED', ('UNSPECIFIED'), ('UNSPECIFIED'), ('UNSPECIFIED') ) ;
#1149 = VECTOR ( 'NONE', #1762, 1000.000000000000100 ) ;
#1150 = LINE ( 'NONE', #1744, #1159 ) ;
#1151 = CIRCLE ( 'NONE', #1115, 1.000000000000000000 ) ;
#1152 = VECTOR ( 'NONE', #1726, 1000.000000000000000 ) ;
#1153 = VECTOR ( 'NONE', #1772, 1000.000000000000000 ) ;
#1154 = CIRCLE ( 'NONE', #1129, 1.000000000000000900 ) ;
#1155 = LINE ( 'NONE', #1706, #1156 ) ;
#1156 = VECTOR ( 'NONE', #1722, 999.9999999999998900 ) ;
#1157 = LINE ( 'NONE', #1779, #1175 ) ;
#1158 = LINE ( 'NONE', #1748, #1160 ) ;
#1159 = VECTOR ( 'NONE', #1754, 1000.000000000000000 ) ;
#1160 = VECTOR ( 'NONE', #1735, 1000.000000000000000 ) ;
#1161 = LINE ( 'NONE', #1741, #1171 ) ;
#1162 = VECTOR ( 'NONE', #1757, 1000.000000000000000 ) ;
#1163 = VECTOR ( 'NONE', #1777, 1000.000000000000000 ) ;
#1164 = LINE ( 'NONE', #1764, #1172 ) ;
#1165 = LINE ( 'NONE', #1747, #1163 ) ;
#1166 = CIRCLE ( 'NONE', #1103, 0.9999999999999991100 ) ;
#1167 = VECTOR ( 'NONE', #1751, 1000.000000000000000 ) ;
#1168 = LINE ( 'NONE', #1739, #1162 ) ;
#1169 = VECTOR ( 'NONE', #1765, 1000.000000000000000 ) ;
#1170 = LINE ( 'NONE', #1745, #1179 ) ;
#1171 = VECTOR ( 'NONE', #1771, 1000.000000000000000 ) ;
#1172 = VECTOR ( 'NONE', #1760, 1000.000000000000000 ) ;
#1173 = LINE ( 'NONE', #1749, #1167 ) ;
#1174 = LINE ( 'NONE', #188, #1223 ) ;
#1175 = VECTOR ( 'NONE', #1761, 1000.000000000000000 ) ;
#1176 = CIRCLE ( 'NONE', #1123, 1.000000000000000900 ) ;
#1177 = LINE ( 'NONE', #1710, #1178 ) ;
#1178 = VECTOR ( 'NONE', #1752, 999.9999999999998900 ) ;
#1179 = VECTOR ( 'NONE', #1750, 1000.000000000000000 ) ;
#1180 = LINE ( 'NONE', #1763, #1169 ) ;
#1181 = FACE_OUTER_BOUND ( 'NONE', #547, .T. ) ;
#1182 = SPHERICAL_SURFACE ( 'NONE', #1039, 1.000000000000000000 ) ;
#1183 = CYLINDRICAL_SURFACE ( 'NONE', #1008, 1.000000000000000900 ) ;
#1184 = FACE_OUTER_BOUND ( 'NONE', #1278, .T. ) ;
#1185 = FACE_OUTER_BOUND ( 'NONE', #650, .T. ) ;
#1186 = TOROIDAL_SURFACE ( 'NONE', #1081, 1.000000000000000000, 1.000000000000000000 ) ;
#1187 = CYLINDRICAL_SURFACE ( 'NONE', #1080, 0.9999999999999991100 ) ;
#1188 = CYLINDRICAL_SURFACE ( 'NONE', #1047, 1.000000000000001300 ) ;
#1189 = FACE_OUTER_BOUND ( 'NONE', #1543, .T. ) ;
#1190 = FACE_OUTER_BOUND ( 'NONE', #1275, .T. ) ;
#1191 = FACE_OUTER_BOUND ( 'NONE', #548, .T. ) ;
#1192 = FACE_OUTER_BOUND ( 'NONE', #677, .T. ) ;
#1193 = FACE_OUTER_BOUND ( 'NONE', #545, .T. ) ;
#1194 = TOROIDAL_SURFACE ( 'NONE', #1010, 1.000000000000000000, 1.000000000000000000 ) ;
#1195 = FACE_OUTER_BOUND ( 'NONE', #671, .T. ) ;
#1196 = FACE_OUTER_BOUND ( 'NONE', #546, .T. ) ;
#1197 = FACE_OUTER_BOUND ( 'NONE', #670, .T. ) ;
#1198 = FACE_OUTER_BOUND ( 'NONE', #669, .T. ) ;
#1199 = FACE_OUTER_BOUND ( 'NONE', #1587, .T. ) ;
#1200 = CYLINDRICAL_SURFACE ( 'NONE', #1076, 1.000000000000000000 ) ;
#1201 = FACE_OUTER_BOUND ( 'NONE', #1586, .T. ) ;
#1202 = SPHERICAL_SURFACE ( 'NONE', #1073, 1.000000000000000000 ) ;
#1203 = FACE_OUTER_BOUND ( 'NONE', #660, .T. ) ;
#1204 = FACE_OUTER_BOUND ( 'NONE', #654, .T. ) ;
#1205 = FACE_OUTER_BOUND ( 'NONE', #651, .T. ) ;
#1206 = FACE_OUTER_BOUND ( 'NONE', #544, .T. ) ;
#1207 = SPHERICAL_SURFACE ( 'NONE', #1079, 1.000000000000000000 ) ;
#1208 = FACE_OUTER_BOUND ( 'NONE', #674, .T. ) ;
#1209 = FACE_OUTER_BOUND ( 'NONE', #666, .T. ) ;
#1210 = CYLINDRICAL_SURFACE ( 'NONE', #1072, 1.000000000000000000 ) ;
#1211 = FACE_OUTER_BOUND ( 'NONE', #662, .T. ) ;
#1212 = FACE_OUTER_BOUND ( 'NONE', #675, .T. ) ;
#1213 = FACE_OUTER_BOUND ( 'NONE', #668, .T. ) ;
#1214 = FACE_OUTER_BOUND ( 'NONE', #550, .T. ) ;
#1215 = CYLINDRICAL_SURFACE ( 'NONE', #1062, 1.000000000000000900 ) ;
#1216 = FACE_OUTER_BOUND ( 'NONE', #1281, .T. ) ;
#1217 = FACE_OUTER_BOUND ( 'NONE', #676, .T. ) ;
#1218 = SPHERICAL_SURFACE ( 'NONE', #1059, 1.000000000000000000 ) ;
#1219 = FACE_OUTER_BOUND ( 'NONE', #656, .T. ) ;
#1220 = FACE_OUTER_BOUND ( 'NONE', #560, .T. ) ;
#1221 = CYLINDRICAL_SURFACE ( 'NONE', #1094, 5.000000000000001800 ) ;
#1222 = FACE_OUTER_BOUND ( 'NONE', #559, .T. ) ;
#1223 = VECTOR ( 'NONE', #162, 1000.000000000000000 ) ;
#1224 = FACE_OUTER_BOUND ( 'NONE', #1592, .T. ) ;
#1225 = FACE_OUTER_BOUND ( 'NONE', #1585, .T. ) ;
#1226 = FACE_OUTER_BOUND ( 'NONE', #665, .T. ) ;
#1227 = FACE_OUTER_BOUND ( 'NONE', #1546, .T. ) ;
#1228 = FACE_OUTER_BOUND ( 'NONE', #1588, .T. ) ;
#1229 = FACE_OUTER_BOUND ( 'NONE', #661, .T. ) ;
#1230 = TOROIDAL_SURFACE ( 'NONE', #1070, 1.000000000000000000, 1.000000000000000000 ) ;
#1231 = CYLINDRICAL_SURFACE ( 'NONE', #1077, 5.000000000000001800 ) ;
#1232 = FACE_OUTER_BOUND ( 'NONE', #653, .T. ) ;
#1233 = FACE_OUTER_BOUND ( 'NONE', #655, .T. ) ;
#1234 = CYLINDRICAL_SURFACE ( 'NONE', #1061, 2.000000000000001800 ) ;
#1235 = FACE_OUTER_BOUND ( 'NONE', #664, .T. ) ;
#1236 = TOROIDAL_SURFACE ( 'NONE', #1088, 1.000000000000000000, 1.000000000000000000 ) ;
#1237 = FACE_OUTER_BOUND ( 'NONE', #652, .T. ) ;
#1238 = CYLINDRICAL_SURFACE ( 'NONE', #1087, 1.000000000000001300 ) ;
#1239 = CYLINDRICAL_SURFACE ( 'NONE', #1064, 1.000000000000000900 ) ;
#1240 = FACE_OUTER_BOUND ( 'NONE', #558, .T. ) ;
#1241 = FACE_OUTER_BOUND ( 'NONE', #667, .T. ) ;
#1242 = FACE_OUTER_BOUND ( 'NONE', #1589, .T. ) ;
#1243 = CYLINDRICAL_SURFACE ( 'NONE', #1060, 1.000000000000000900 ) ;
#1244 = VECTOR ( 'NONE', #1707, 1000.000000000000000 ) ;
#1245 = CYLINDRICAL_SURFACE ( 'NONE', #1065, 2.000000000000000000 ) ;
#1246 = FACE_OUTER_BOUND ( 'NONE', #1280, .T. ) ;
#1247 = LINE ( 'NONE', #1721, #1251 ) ;
#1248 = FACE_OUTER_BOUND ( 'NONE', #673, .T. ) ;
#1249 = FACE_OUTER_BOUND ( 'NONE', #1582, .T. ) ;
#1250 = CYLINDRICAL_SURFACE ( 'NONE', #1066, 1.000000000000000000 ) ;
#1251 = VECTOR ( 'NONE', #1723, 1000.000000000000000 ) ;
#1252 = CYLINDRICAL_SURFACE ( 'NONE', #1096, 1.000000000000000000 ) ;
#1253 = LINE ( 'NONE', #1702, #1244 ) ;
#1254 = VECTOR ( 'NONE', #1776, 1000.000000000000000 ) ;
#1255 = FACE_OUTER_BOUND ( 'NONE', #1568, .T. ) ;
#1256 = CYLINDRICAL_SURFACE ( 'NONE', #1058, 1.000000000000000900 ) ;
#1257 = CYLINDRICAL_SURFACE ( 'NONE', #1089, 1.000000000000000000 ) ;
#1258 = CYLINDRICAL_SURFACE ( 'NONE', #1055, 1.000000000000000900 ) ;
#1259 = FACE_OUTER_BOUND ( 'NONE', #659, .T. ) ;
#1260 = FACE_OUTER_BOUND ( 'NONE', #1279, .T. ) ;
#1261 = FACE_OUTER_BOUND ( 'NONE', #672, .T. ) ;
#1262 = FACE_OUTER_BOUND ( 'NONE', #663, .T. ) ;
#1263 = FACE_OUTER_BOUND ( 'NONE', #658, .T. ) ;
#1264 = FACE_OUTER_BOUND ( 'NONE', #657, .T. ) ;
#1265 = CYLINDRICAL_SURFACE ( 'NONE', #1085, 1.000000000000000000 ) ;
#1266 = FACE_OUTER_BOUND ( 'NONE', #1591, .T. ) ;
#1267 = FACE_OUTER_BOUND ( 'NONE', #1584, .T. ) ;
#1268 = FACE_OUTER_BOUND ( 'NONE', #1541, .T. ) ;
#1269 = LINE ( 'NONE', #1759, #1254 ) ;
#1270 = LINE ( 'NONE', #1724, #1272 ) ;
#1271 = LINE ( 'NONE', #1778, #1149 ) ;
#1272 = VECTOR ( 'NONE', #1705, 1000.000000000000000 ) ;
#1273 = LINE ( 'NONE', #1753, #1153 ) ;
#1274 = LINE ( 'NONE', #1709, #1152 ) ;
#1275 = EDGE_LOOP ( 'NONE', ( #1356, #1407, #1383, #1387, #1350, #1363, #1366, #1396, #1393, #1346 ) ) ;
#1276 = EDGE_LOOP ( 'NONE', ( #1501, #1494, #1497, #1493, #1575 ) ) ;
#1277 = EDGE_LOOP ( 'NONE', ( #1563, #1561, #1578, #1538, #1574, #1553, #1549 ) ) ;
#1278 = EDGE_LOOP ( 'NONE', ( #1427, #1412, #1466 ) ) ;
#1279 = EDGE_LOOP ( 'NONE', ( #1380, #1445, #1382, #1460 ) ) ;
#1280 = EDGE_LOOP ( 'NONE', ( #1437, #1438, #1471, #1457 ) ) ;
#1281 = EDGE_LOOP ( 'NONE', ( #1524, #1513, #1511, #1482 ) ) ;
#1282 = ORIENTED_EDGE ( 'NONE', *, *, #1034, .T. ) ;
#1283 = ORIENTED_EDGE ( 'NONE', *, *, #912, .F. ) ;
#1284 = ORIENTED_EDGE ( 'NONE', *, *, #1004, .F. ) ;
#1285 = CLOSED_SHELL ( 'NONE', ( #161, #157, #159, #874, #160, #875, #876, #158, #244, #319, #423, #374, #256, #396, #302, #305, #264, #239, #254, #309, #318, #407, #321, #324, #242, #351, #364, #326, #257, #314, #250, #392, #352, #267, #356, #273, #380, #277, #237, #269, #290, #418, #233, #272, #275, #283, #235, #252, #246, #350, #281, #279, #297, #300, #248, #295, #276, #232, #308, #285 ) ) ;
#1286 = ORIENTED_EDGE ( 'NONE', *, *, #1024, .F. ) ;
#1287 = ORIENTED_EDGE ( 'NONE', *, *, #1038, .F. ) ;
#1288 = ORIENTED_EDGE ( 'NONE', *, *, #969, .T. ) ;
#1289 = ORIENTED_EDGE ( 'NONE', *, *, #1031, .F. ) ;
#1290 = ORIENTED_EDGE ( 'NONE', *, *, #1027, .F. ) ;
#1291 = ORIENTED_EDGE ( 'NONE', *, *, #1032, .T. ) ;
#1292 = ORIENTED_EDGE ( 'NONE', *, *, #927, .T. ) ;
#1293 = ORIENTED_EDGE ( 'NONE', *, *, #919, .T. ) ;
#1294 = ORIENTED_EDGE ( 'NONE', *, *, #940, .T. ) ;
#1295 = ORIENTED_EDGE ( 'NONE', *, *, #974, .F. ) ;
#1296 = ORIENTED_EDGE ( 'NONE', *, *, #933, .T. ) ;
#1297 = ORIENTED_EDGE ( 'NONE', *, *, #1030, .T. ) ;
#1298 = ORIENTED_EDGE ( 'NONE', *, *, #981, .T. ) ;
#1299 = ORIENTED_EDGE ( 'NONE', *, *, #1034, .F. ) ;
#1300 = ORIENTED_EDGE ( 'NONE', *, *, #992, .T. ) ;
#1301 = ORIENTED_EDGE ( 'NONE', *, *, #1006, .F. ) ;
#1302 = ORIENTED_EDGE ( 'NONE', *, *, #1023, .T. ) ;
#1303 = ORIENTED_EDGE ( 'NONE', *, *, #1032, .F. ) ;
#1304 = ORIENTED_EDGE ( 'NONE', *, *, #1022, .F. ) ;
#1305 = ORIENTED_EDGE ( 'NONE', *, *, #1015, .T. ) ;
#1306 = LINE ( 'NONE', #199, #1317 ) ;
#1307 = ORIENTED_EDGE ( 'NONE', *, *, #1004, .T. ) ;
#1308 = ORIENTED_EDGE ( 'NONE', *, *, #1037, .T. ) ;
#1309 = ORIENTED_EDGE ( 'NONE', *, *, #1050, .T. ) ;
#1310 = ORIENTED_EDGE ( 'NONE', *, *, #1054, .T. ) ;
#1311 = ORIENTED_EDGE ( 'NONE', *, *, #903, .T. ) ;
#1312 = ORIENTED_EDGE ( 'NONE', *, *, #1037, .F. ) ;
#1313 = ORIENTED_EDGE ( 'NONE', *, *, #910, .F. ) ;
#1314 = ORIENTED_EDGE ( 'NONE', *, *, #1022, .T. ) ;
#1315 = ORIENTED_EDGE ( 'NONE', *, *, #895, .T. ) ;
#1316 = ORIENTED_EDGE ( 'NONE', *, *, #1035, .T. ) ;
#1317 = VECTOR ( 'NONE', #173, 1000.000000000000000 ) ;
#1318 = ORIENTED_EDGE ( 'NONE', *, *, #993, .T. ) ;
#1319 = ORIENTED_EDGE ( 'NONE', *, *, #1019, .F. ) ;
#1320 = ORIENTED_EDGE ( 'NONE', *, *, #1014, .T. ) ;
#1321 = ORIENTED_EDGE ( 'NONE', *, *, #1035, .F. ) ;
#1322 = ORIENTED_EDGE ( 'NONE', *, *, #1050, .F. ) ;
#1323 = ORIENTED_EDGE ( 'NONE', *, *, #1018, .T. ) ;
#1324 = ORIENTED_EDGE ( 'NONE', *, *, #989, .T. ) ;
#1325 = ORIENTED_EDGE ( 'NONE', *, *, #1054, .F. ) ;
#1326 = ORIENTED_EDGE ( 'NONE', *, *, #1031, .T. ) ;
#1327 = ORIENTED_EDGE ( 'NONE', *, *, #1023, .F. ) ;
#1328 = ORIENTED_EDGE ( 'NONE', *, *, #923, .T. ) ;
#1329 = ORIENTED_EDGE ( 'NONE', *, *, #931, .T. ) ;
#1330 = ORIENTED_EDGE ( 'NONE', *, *, #1038, .T. ) ;
#1331 = ORIENTED_EDGE ( 'NONE', *, *, #948, .T. ) ;
#1332 = ORIENTED_EDGE ( 'NONE', *, *, #909, .T. ) ;
#1333 = ORIENTED_EDGE ( 'NONE', *, *, #1026, .F. ) ;
#1334 = ORIENTED_EDGE ( 'NONE', *, *, #932, .F. ) ;
#1335 = ORIENTED_EDGE ( 'NONE', *, *, #1051, .F. ) ;
#1336 = ORIENTED_EDGE ( 'NONE', *, *, #1018, .F. ) ;
#1337 = ORIENTED_EDGE ( 'NONE', *, *, #1017, .T. ) ;
#1338 = ORIENTED_EDGE ( 'NONE', *, *, #935, .F. ) ;
#1339 = ORIENTED_EDGE ( 'NONE', *, *, #966, .T. ) ;
#1340 = ORIENTED_EDGE ( 'NONE', *, *, #1015, .F. ) ;
#1341 = ORIENTED_EDGE ( 'NONE', *, *, #925, .T. ) ;
#1342 = ORIENTED_EDGE ( 'NONE', *, *, #990, .T. ) ;
#1343 = ORIENTED_EDGE ( 'NONE', *, *, #960, .F. ) ;
#1344 = ORIENTED_EDGE ( 'NONE', *, *, #978, .F. ) ;
#1345 = ORIENTED_EDGE ( 'NONE', *, *, #1044, .F. ) ;
#1346 = ORIENTED_EDGE ( 'NONE', *, *, #972, .T. ) ;
#1347 = ORIENTED_EDGE ( 'NONE', *, *, #976, .T. ) ;
#1348 = ORIENTED_EDGE ( 'NONE', *, *, #978, .T. ) ;
#1349 = ORIENTED_EDGE ( 'NONE', *, *, #1000, .T. ) ;
#1350 = ORIENTED_EDGE ( 'NONE', *, *, #974, .T. ) ;
#1351 = ORIENTED_EDGE ( 'NONE', *, *, #907, .F. ) ;
#1352 = ORIENTED_EDGE ( 'NONE', *, *, #1003, .T. ) ;
#1353 = ORIENTED_EDGE ( 'NONE', *, *, #931, .F. ) ;
#1354 = ORIENTED_EDGE ( 'NONE', *, *, #1001, .T. ) ;
#1355 = ORIENTED_EDGE ( 'NONE', *, *, #1013, .T. ) ;
#1356 = ORIENTED_EDGE ( 'NONE', *, *, #1049, .T. ) ;
#1357 = ORIENTED_EDGE ( 'NONE', *, *, #976, .F. ) ;
#1358 = ORIENTED_EDGE ( 'NONE', *, *, #979, .F. ) ;
#1359 = ORIENTED_EDGE ( 'NONE', *, *, #1041, .T. ) ;
#1360 = ORIENTED_EDGE ( 'NONE', *, *, #982, .F. ) ;
#1361 = ORIENTED_EDGE ( 'NONE', *, *, #971, .T. ) ;
#1362 = ORIENTED_EDGE ( 'NONE', *, *, #951, .T. ) ;
#1363 = ORIENTED_EDGE ( 'NONE', *, *, #996, .T. ) ;
#1364 = ORIENTED_EDGE ( 'NONE', *, *, #942, .T. ) ;
#1365 = ORIENTED_EDGE ( 'NONE', *, *, #944, .F. ) ;
#1366 = ORIENTED_EDGE ( 'NONE', *, *, #953, .T. ) ;
#1367 = ORIENTED_EDGE ( 'NONE', *, *, #949, .T. ) ;
#1368 = ORIENTED_EDGE ( 'NONE', *, *, #1003, .F. ) ;
#1369 = ORIENTED_EDGE ( 'NONE', *, *, #1020, .T. ) ;
#1370 = ORIENTED_EDGE ( 'NONE', *, *, #1042, .F. ) ;
#1371 = ORIENTED_EDGE ( 'NONE', *, *, #1053, .T. ) ;
#1372 = ORIENTED_EDGE ( 'NONE', *, *, #977, .F. ) ;
#1373 = ORIENTED_EDGE ( 'NONE', *, *, #998, .T. ) ;
#1374 = ORIENTED_EDGE ( 'NONE', *, *, #977, .T. ) ;
#1375 = ORIENTED_EDGE ( 'NONE', *, *, #1041, .F. ) ;
#1376 = ORIENTED_EDGE ( 'NONE', *, *, #954, .F. ) ;
#1377 = ORIENTED_EDGE ( 'NONE', *, *, #963, .F. ) ;
#1378 = ORIENTED_EDGE ( 'NONE', *, *, #975, .F. ) ;
#1379 = ORIENTED_EDGE ( 'NONE', *, *, #902, .F. ) ;
#1380 = ORIENTED_EDGE ( 'NONE', *, *, #938, .F. ) ;
#1381 = ORIENTED_EDGE ( 'NONE', *, *, #958, .T. ) ;
#1382 = ORIENTED_EDGE ( 'NONE', *, *, #1049, .F. ) ;
#1383 = ORIENTED_EDGE ( 'NONE', *, *, #979, .T. ) ;
#1384 = ORIENTED_EDGE ( 'NONE', *, *, #957, .T. ) ;
#1385 = ORIENTED_EDGE ( 'NONE', *, *, #961, .T. ) ;
#1386 = ORIENTED_EDGE ( 'NONE', *, *, #1043, .T. ) ;
#1387 = ORIENTED_EDGE ( 'NONE', *, *, #960, .T. ) ;
#1388 = ORIENTED_EDGE ( 'NONE', *, *, #967, .T. ) ;
#1389 = ORIENTED_EDGE ( 'NONE', *, *, #973, .T. ) ;
#1390 = ORIENTED_EDGE ( 'NONE', *, *, #990, .F. ) ;
#1391 = ORIENTED_EDGE ( 'NONE', *, *, #980, .T. ) ;
#1392 = ORIENTED_EDGE ( 'NONE', *, *, #944, .T. ) ;
#1393 = ORIENTED_EDGE ( 'NONE', *, *, #962, .T. ) ;
#1394 = ORIENTED_EDGE ( 'NONE', *, *, #1029, .T. ) ;
#1395 = ORIENTED_EDGE ( 'NONE', *, *, #983, .F. ) ;
#1396 = ORIENTED_EDGE ( 'NONE', *, *, #986, .T. ) ;
#1397 = ORIENTED_EDGE ( 'NONE', *, *, #983, .T. ) ;
#1398 = ORIENTED_EDGE ( 'NONE', *, *, #950, .T. ) ;
#1399 = ORIENTED_EDGE ( 'NONE', *, *, #898, .F. ) ;
#1400 = ORIENTED_EDGE ( 'NONE', *, *, #1053, .F. ) ;
#1401 = ORIENTED_EDGE ( 'NONE', *, *, #991, .T. ) ;
#1402 = ORIENTED_EDGE ( 'NONE', *, *, #938, .T. ) ;
#1403 = ORIENTED_EDGE ( 'NONE', *, *, #1020, .F. ) ;
#1404 = ORIENTED_EDGE ( 'NONE', *, *, #941, .T. ) ;
#1405 = ORIENTED_EDGE ( 'NONE', *, *, #1025, .T. ) ;
#1406 = ORIENTED_EDGE ( 'NONE', *, *, #955, .T. ) ;
#1407 = ORIENTED_EDGE ( 'NONE', *, *, #968, .T. ) ;
#1408 = ORIENTED_EDGE ( 'NONE', *, *, #928, .T. ) ;
#1409 = ORIENTED_EDGE ( 'NONE', *, *, #903, .F. ) ;
#1410 = ORIENTED_EDGE ( 'NONE', *, *, #986, .F. ) ;
#1411 = ORIENTED_EDGE ( 'NONE', *, *, #1013, .F. ) ;
#1412 = ORIENTED_EDGE ( 'NONE', *, *, #949, .F. ) ;
#1413 = ORIENTED_EDGE ( 'NONE', *, *, #1030, .F. ) ;
#1414 = ORIENTED_EDGE ( 'NONE', *, *, #965, .T. ) ;
#1415 = ORIENTED_EDGE ( 'NONE', *, *, #950, .F. ) ;
#1416 = ORIENTED_EDGE ( 'NONE', *, *, #998, .F. ) ;
#1417 = ORIENTED_EDGE ( 'NONE', *, *, #1001, .F. ) ;
#1418 = ORIENTED_EDGE ( 'NONE', *, *, #973, .F. ) ;
#1419 = ORIENTED_EDGE ( 'NONE', *, *, #947, .F. ) ;
#1420 = ORIENTED_EDGE ( 'NONE', *, *, #967, .F. ) ;
#1421 = ORIENTED_EDGE ( 'NONE', *, *, #911, .T. ) ;
#1422 = ORIENTED_EDGE ( 'NONE', *, *, #1017, .F. ) ;
#1423 = ORIENTED_EDGE ( 'NONE', *, *, #971, .F. ) ;
#1424 = ORIENTED_EDGE ( 'NONE', *, *, #991, .F. ) ;
#1425 = ORIENTED_EDGE ( 'NONE', *, *, #1029, .F. ) ;
#1426 = ORIENTED_EDGE ( 'NONE', *, *, #952, .F. ) ;
#1427 = ORIENTED_EDGE ( 'NONE', *, *, #984, .T. ) ;
#1428 = ORIENTED_EDGE ( 'NONE', *, *, #962, .F. ) ;
#1429 = ORIENTED_EDGE ( 'NONE', *, *, #942, .F. ) ;
#1430 = ORIENTED_EDGE ( 'NONE', *, *, #951, .F. ) ;
#1431 = ORIENTED_EDGE ( 'NONE', *, *, #1021, .T. ) ;
#1432 = ORIENTED_EDGE ( 'NONE', *, *, #981, .F. ) ;
#1433 = ORIENTED_EDGE ( 'NONE', *, *, #948, .F. ) ;
#1434 = ORIENTED_EDGE ( 'NONE', *, *, #958, .F. ) ;
#1435 = ORIENTED_EDGE ( 'NONE', *, *, #937, .T. ) ;
#1436 = ORIENTED_EDGE ( 'NONE', *, *, #963, .T. ) ;
#1437 = ORIENTED_EDGE ( 'NONE', *, *, #953, .F. ) ;
#1438 = ORIENTED_EDGE ( 'NONE', *, *, #1036, .T. ) ;
#1439 = ORIENTED_EDGE ( 'NONE', *, *, #952, .T. ) ;
#1440 = ORIENTED_EDGE ( 'NONE', *, *, #972, .F. ) ;
#1441 = ORIENTED_EDGE ( 'NONE', *, *, #999, .T. ) ;
#1442 = ORIENTED_EDGE ( 'NONE', *, *, #969, .F. ) ;
#1443 = ORIENTED_EDGE ( 'NONE', *, *, #970, .F. ) ;
#1444 = ORIENTED_EDGE ( 'NONE', *, *, #1043, .F. ) ;
#1445 = ORIENTED_EDGE ( 'NONE', *, *, #943, .T. ) ;
#1446 = ORIENTED_EDGE ( 'NONE', *, *, #1012, .F. ) ;
#1447 = ORIENTED_EDGE ( 'NONE', *, *, #1042, .T. ) ;
#1448 = ORIENTED_EDGE ( 'NONE', *, *, #918, .F. ) ;
#1449 = ORIENTED_EDGE ( 'NONE', *, *, #924, .F. ) ;
#1450 = ORIENTED_EDGE ( 'NONE', *, *, #1051, .T. ) ;
#1451 = ORIENTED_EDGE ( 'NONE', *, *, #964, .F. ) ;
#1452 = ORIENTED_EDGE ( 'NONE', *, *, #968, .F. ) ;
#1453 = ORIENTED_EDGE ( 'NONE', *, *, #970, .T. ) ;
#1454 = ORIENTED_EDGE ( 'NONE', *, *, #1016, .T. ) ;
#1455 = ORIENTED_EDGE ( 'NONE', *, *, #957, .F. ) ;
#1456 = ORIENTED_EDGE ( 'NONE', *, *, #954, .T. ) ;
#1457 = ORIENTED_EDGE ( 'NONE', *, *, #956, .F. ) ;
#1458 = ORIENTED_EDGE ( 'NONE', *, *, #999, .F. ) ;
#1459 = ORIENTED_EDGE ( 'NONE', *, *, #941, .F. ) ;
#1460 = ORIENTED_EDGE ( 'NONE', *, *, #964, .T. ) ;
#1461 = ORIENTED_EDGE ( 'NONE', *, *, #956, .T. ) ;
#1462 = ORIENTED_EDGE ( 'NONE', *, *, #984, .F. ) ;
#1463 = ORIENTED_EDGE ( 'NONE', *, *, #980, .F. ) ;
#1464 = ORIENTED_EDGE ( 'NONE', *, *, #955, .F. ) ;
#1465 = ORIENTED_EDGE ( 'NONE', *, *, #1025, .F. ) ;
#1466 = ORIENTED_EDGE ( 'NONE', *, *, #937, .F. ) ;
#1467 = ORIENTED_EDGE ( 'NONE', *, *, #1021, .F. ) ;
#1468 = ORIENTED_EDGE ( 'NONE', *, *, #1016, .F. ) ;
#1469 = ORIENTED_EDGE ( 'NONE', *, *, #943, .F. ) ;
#1470 = ORIENTED_EDGE ( 'NONE', *, *, #961, .F. ) ;
#1471 = ORIENTED_EDGE ( 'NONE', *, *, #966, .F. ) ;
#1472 = ORIENTED_EDGE ( 'NONE', *, *, #965, .F. ) ;
#1473 = ORIENTED_EDGE ( 'NONE', *, *, #1012, .T. ) ;
#1474 = ORIENTED_EDGE ( 'NONE', *, *, #1000, .F. ) ;
#1475 = ORIENTED_EDGE ( 'NONE', *, *, #989, .F. ) ;
#1476 = ORIENTED_EDGE ( 'NONE', *, *, #959, .T. ) ;
#1477 = ORIENTED_EDGE ( 'NONE', *, *, #926, .T. ) ;
#1478 = ORIENTED_EDGE ( 'NONE', *, *, #946, .T. ) ;
#1479 = ORIENTED_EDGE ( 'NONE', *, *, #905, .T. ) ;
#1480 = ORIENTED_EDGE ( 'NONE', *, *, #934, .F. ) ;
#1481 = ORIENTED_EDGE ( 'NONE', *, *, #1048, .T. ) ;
#1482 = ORIENTED_EDGE ( 'NONE', *, *, #945, .F. ) ;
#1483 = ORIENTED_EDGE ( 'NONE', *, *, #947, .T. ) ;
#1484 = ORIENTED_EDGE ( 'NONE', *, *, #899, .F. ) ;
#1485 = ORIENTED_EDGE ( 'NONE', *, *, #993, .F. ) ;
#1486 = ORIENTED_EDGE ( 'NONE', *, *, #1006, .T. ) ;
#1487 = ORIENTED_EDGE ( 'NONE', *, *, #920, .T. ) ;
#1488 = ORIENTED_EDGE ( 'NONE', *, *, #1048, .F. ) ;
#1489 = ORIENTED_EDGE ( 'NONE', *, *, #994, .F. ) ;
#1490 = ORIENTED_EDGE ( 'NONE', *, *, #908, .T. ) ;
#1491 = ORIENTED_EDGE ( 'NONE', *, *, #928, .F. ) ;
#1492 = ORIENTED_EDGE ( 'NONE', *, *, #925, .F. ) ;
#1493 = ORIENTED_EDGE ( 'NONE', *, *, #922, .T. ) ;
#1494 = ORIENTED_EDGE ( 'NONE', *, *, #935, .T. ) ;
#1495 = ORIENTED_EDGE ( 'NONE', *, *, #936, .T. ) ;
#1496 = ORIENTED_EDGE ( 'NONE', *, *, #916, .T. ) ;
#1497 = ORIENTED_EDGE ( 'NONE', *, *, #895, .F. ) ;
#1498 = ORIENTED_EDGE ( 'NONE', *, *, #1019, .T. ) ;
#1499 = ORIENTED_EDGE ( 'NONE', *, *, #930, .T. ) ;
#1500 = ORIENTED_EDGE ( 'NONE', *, *, #905, .F. ) ;
#1501 = ORIENTED_EDGE ( 'NONE', *, *, #959, .F. ) ;
#1502 = ORIENTED_EDGE ( 'NONE', *, *, #996, .F. ) ;
#1503 = ORIENTED_EDGE ( 'NONE', *, *, #917, .F. ) ;
#1504 = ORIENTED_EDGE ( 'NONE', *, *, #896, .F. ) ;
#1505 = ORIENTED_EDGE ( 'NONE', *, *, #982, .T. ) ;
#1506 = ORIENTED_EDGE ( 'NONE', *, *, #924, .T. ) ;
#1507 = ORIENTED_EDGE ( 'NONE', *, *, #922, .F. ) ;
#1508 = ORIENTED_EDGE ( 'NONE', *, *, #946, .F. ) ;
#1509 = ORIENTED_EDGE ( 'NONE', *, *, #917, .T. ) ;
#1510 = ORIENTED_EDGE ( 'NONE', *, *, #988, .T. ) ;
#1511 = ORIENTED_EDGE ( 'NONE', *, *, #897, .T. ) ;
#1512 = ORIENTED_EDGE ( 'NONE', *, *, #929, .T. ) ;
#1513 = ORIENTED_EDGE ( 'NONE', *, *, #988, .F. ) ;
#1514 = ORIENTED_EDGE ( 'NONE', *, *, #1044, .T. ) ;
#1515 = ORIENTED_EDGE ( 'NONE', *, *, #900, .F. ) ;
#1516 = ORIENTED_EDGE ( 'NONE', *, *, #915, .T. ) ;
#1517 = ORIENTED_EDGE ( 'NONE', *, *, #904, .T. ) ;
#1518 = ORIENTED_EDGE ( 'NONE', *, *, #1005, .T. ) ;
#1519 = ORIENTED_EDGE ( 'NONE', *, *, #997, .T. ) ;
#1520 = ORIENTED_EDGE ( 'NONE', *, *, #995, .T. ) ;
#1521 = ORIENTED_EDGE ( 'NONE', *, *, #916, .F. ) ;
#1522 = ORIENTED_EDGE ( 'NONE', *, *, #921, .T. ) ;
#1523 = ORIENTED_EDGE ( 'NONE', *, *, #939, .F. ) ;
#1524 = ORIENTED_EDGE ( 'NONE', *, *, #913, .F. ) ;
#1525 = ORIENTED_EDGE ( 'NONE', *, *, #1026, .T. ) ;
#1526 = ORIENTED_EDGE ( 'NONE', *, *, #1005, .F. ) ;
#1527 = ORIENTED_EDGE ( 'NONE', *, *, #940, .F. ) ;
#1528 = ORIENTED_EDGE ( 'NONE', *, *, #1014, .F. ) ;
#1529 = ORIENTED_EDGE ( 'NONE', *, *, #945, .T. ) ;
#1530 = ORIENTED_EDGE ( 'NONE', *, *, #914, .F. ) ;
#1531 = ORIENTED_EDGE ( 'NONE', *, *, #1024, .T. ) ;
#1532 = ORIENTED_EDGE ( 'NONE', *, *, #896, .T. ) ;
#1533 = ORIENTED_EDGE ( 'NONE', *, *, #1027, .T. ) ;
#1534 = ORIENTED_EDGE ( 'NONE', *, *, #1036, .F. ) ;
#1535 = ORIENTED_EDGE ( 'NONE', *, *, #901, .F. ) ;
#1536 = ORIENTED_EDGE ( 'NONE', *, *, #913, .T. ) ;
#1537 = ORIENTED_EDGE ( 'NONE', *, *, #899, .T. ) ;
#1538 = ORIENTED_EDGE ( 'NONE', *, *, #914, .T. ) ;
#1539 = ORIENTED_EDGE ( 'NONE', *, *, #906, .F. ) ;
#1540 = EDGE_LOOP ( 'NONE', ( #1507, #1560, #1509, #1479 ) ) ;
#1541 = EDGE_LOOP ( 'NONE', ( #1547, #1554, #1489, #1491, #1544, #1572, #1537 ) ) ;
#1542 = EDGE_LOOP ( 'NONE', ( #1503, #1567, #1580, #1504, #1506 ) ) ;
#1543 = EDGE_LOOP ( 'NONE', ( #1571, #1573, #1557, #1579, #1555, #1550, #1576 ) ) ;
#1544 = ORIENTED_EDGE ( 'NONE', *, *, #939, .T. ) ;
#1545 = ORIENTED_EDGE ( 'NONE', *, *, #934, .T. ) ;
#1546 = EDGE_LOOP ( 'NONE', ( #1539, #1559, #1562, #1551, #1581, #1566 ) ) ;
#1547 = ORIENTED_EDGE ( 'NONE', *, *, #901, .T. ) ;
#1548 = ORIENTED_EDGE ( 'NONE', *, *, #987, .T. ) ;
#1549 = ORIENTED_EDGE ( 'NONE', *, *, #985, .T. ) ;
#1550 = ORIENTED_EDGE ( 'NONE', *, *, #908, .F. ) ;
#1551 = ORIENTED_EDGE ( 'NONE', *, *, #898, .T. ) ;
#1552 = ORIENTED_EDGE ( 'NONE', *, *, #987, .F. ) ;
#1553 = ORIENTED_EDGE ( 'NONE', *, *, #907, .T. ) ;
#1554 = ORIENTED_EDGE ( 'NONE', *, *, #915, .F. ) ;
#1555 = ORIENTED_EDGE ( 'NONE', *, *, #897, .F. ) ;
#1556 = ORIENTED_EDGE ( 'NONE', *, *, #932, .T. ) ;
#1557 = ORIENTED_EDGE ( 'NONE', *, *, #912, .T. ) ;
#1558 = ORIENTED_EDGE ( 'NONE', *, *, #975, .T. ) ;
#1559 = ORIENTED_EDGE ( 'NONE', *, *, #929, .F. ) ;
#1560 = ORIENTED_EDGE ( 'NONE', *, *, #933, .F. ) ;
#1561 = ORIENTED_EDGE ( 'NONE', *, *, #904, .F. ) ;
#1562 = ORIENTED_EDGE ( 'NONE', *, *, #985, .F. ) ;
#1563 = ORIENTED_EDGE ( 'NONE', *, *, #926, .F. ) ;
#1564 = ORIENTED_EDGE ( 'NONE', *, *, #909, .F. ) ;
#1565 = ORIENTED_EDGE ( 'NONE', *, *, #994, .T. ) ;
#1566 = ORIENTED_EDGE ( 'NONE', *, *, #919, .F. ) ;
#1567 = ORIENTED_EDGE ( 'NONE', *, *, #992, .F. ) ;
#1568 = EDGE_LOOP ( 'NONE', ( #1517, #1569, #1535, #1570 ) ) ;
#1569 = ORIENTED_EDGE ( 'NONE', *, *, #936, .F. ) ;
#1570 = ORIENTED_EDGE ( 'NONE', *, *, #995, .F. ) ;
#1571 = ORIENTED_EDGE ( 'NONE', *, *, #923, .F. ) ;
#1572 = ORIENTED_EDGE ( 'NONE', *, *, #920, .F. ) ;
#1573 = ORIENTED_EDGE ( 'NONE', *, *, #906, .T. ) ;
#1574 = ORIENTED_EDGE ( 'NONE', *, *, #921, .F. ) ;
#1575 = ORIENTED_EDGE ( 'NONE', *, *, #918, .T. ) ;
#1576 = ORIENTED_EDGE ( 'NONE', *, *, #930, .F. ) ;
#1577 = ORIENTED_EDGE ( 'NONE', *, *, #927, .F. ) ;
#1578 = ORIENTED_EDGE ( 'NONE', *, *, #997, .F. ) ;
#1579 = ORIENTED_EDGE ( 'NONE', *, *, #911, .F. ) ;
#1580 = ORIENTED_EDGE ( 'NONE', *, *, #910, .T. ) ;
#1581 = ORIENTED_EDGE ( 'NONE', *, *, #902, .T. ) ;
#1582 = EDGE_LOOP ( 'NONE', ( #1577, #1556, #1548, #1583, #1536, #1545, #1564 ) ) ;
#1583 = ORIENTED_EDGE ( 'NONE', *, *, #900, .T. ) ;
#1584 = EDGE_LOOP ( 'NONE', ( #1558, #1565, #1349, #1292, #1409, #1343 ) ) ;
#1585 = EDGE_LOOP ( 'NONE', ( #1371, #1385, #1369, #1388 ) ) ;
#1586 = EDGE_LOOP ( 'NONE', ( #1375, #1386, #1361, #1381 ) ) ;
#1587 = EDGE_LOOP ( 'NONE', ( #1294, #1288, #1348, #1298 ) ) ;
#1588 = EDGE_LOOP ( 'NONE', ( #1395, #1398, #1405, #1391, #1354, #1384, #1352, #1394, #1353, #1379 ) ) ;
#1589 = EDGE_LOOP ( 'NONE', ( #1311, #1332, #1324, #1283, #1293, #1329, #1331, #1344, #1318, #1295 ) ) ;
#1590 = EDGE_LOOP ( 'NONE', ( #1552, #1492, #1499, #1521 ) ) ;
#1591 = EDGE_LOOP ( 'NONE', ( #1339, #1297, #1342, #1347 ) ) ;
#1592 = EDGE_LOOP ( 'NONE', ( #1401, #1373, #1402, #1392 ) ) ;
#1593 = DIRECTION ( 'NONE',  ( -0.0000000000000000000, 0.0000000000000000000, -1.000000000000000000 ) ) ;
#1594 = DIRECTION ( 'NONE',  ( 1.000000000000000000, 0.0000000000000000000, 0.0000000000000000000 ) ) ;
#1595 = DIRECTION ( 'NONE',  ( 0.7071067811865434600, 0.7071067811865516800, -0.0000000000000000000 ) ) ;
#1596 = DIRECTION ( 'NONE',  ( -8.182657905550947500E-017, 1.000000000000000000, 0.0000000000000000000 ) ) ;
#1597 = DIRECTION ( 'NONE',  ( 1.000000000000000000, 8.182657905550947500E-017, 0.0000000000000000000 ) ) ;
#1598 = PLANE ( 'NONE',  #1071 ) ;
#1599 = CARTESIAN_POINT ( 'NONE',  ( 22.27386360737604700, 24.39518395093596200, -13.00000000000012300 ) ) ;
#1600 = DIRECTION ( 'NONE',  ( -1.000000000000000000, 0.0000000000000000000, 0.0000000000000000000 ) ) ;
#1601 = CARTESIAN_POINT ( 'NONE',  ( 27.43574311003789700, 25.31442276647856500, -20.00000000000000000 ) ) ;
#1602 = DIRECTION ( 'NONE',  ( -2.072062100757136900E-015, -1.000000000000000000, 0.0000000000000000000 ) ) ;
#1603 = CARTESIAN_POINT ( 'NONE',  ( 6.260037815981657000, 40.40900974233029100, 21.00000000000000000 ) ) ;
#1604 = CARTESIAN_POINT ( 'NONE',  ( 44.41611652351680600, 8.334049352999848300, -20.00000000000000000 ) ) ;
#1605 = DIRECTION ( 'NONE',  ( 0.7071067811865435800, 0.7071067811865514600, -0.0000000000000000000 ) ) ;
#1606 = CARTESIAN_POINT ( 'NONE',  ( 25.10229073212230200, 22.98097038856294100, -9.999999999999998200 ) ) ;
#1607 = DIRECTION ( 'NONE',  ( -1.000000000000000000, -2.072062100757052500E-015, 0.0000000000000000000 ) ) ;
#1608 = CARTESIAN_POINT ( 'NONE',  ( 21.45813155977259300, 19.55406174904718200, -15.00000000000000000 ) ) ;
#1609 = CARTESIAN_POINT ( 'NONE',  ( 9.263984464946433600E-014, 44.70900974233028100, 20.00000000000000000 ) ) ;
#1610 = CARTESIAN_POINT ( 'NONE',  ( 19.55406174904696900, 21.45813155977277700, -15.00000000000000000 ) ) ;
#1611 = CARTESIAN_POINT ( 'NONE',  ( 40.40900974233026200, -0.5909902576697089200, -21.00000000000000000 ) ) ;
#1612 = CARTESIAN_POINT ( 'NONE',  ( 4.835871104024663300E-017, -0.5909902576697123600, 20.00000000000000000 ) ) ;
#1613 = CARTESIAN_POINT ( 'NONE',  ( -0.5909902576697121400, 40.40900974233028400, -20.00000000000000000 ) ) ;
#1614 = CARTESIAN_POINT ( 'NONE',  ( 40.40900974233026200, -0.5909902576697091400, -20.00000000000000000 ) ) ;
#1615 = CARTESIAN_POINT ( 'NONE',  ( 14.82158520229366200, 13.40841342140172400, 15.00000000000000400 ) ) ;
#1616 = DIRECTION ( 'NONE',  ( 8.182657905550979500E-017, -1.000000000000000000, 0.0000000000000000000 ) ) ;
#1617 = CARTESIAN_POINT ( 'NONE',  ( -0.5909902576697089200, -4.835871104024654100E-017, 20.00000000000000000 ) ) ;
#1618 = DIRECTION ( 'NONE',  ( -1.000000000000000000, 2.072062100757140400E-015, 0.0000000000000000000 ) ) ;
#1619 = DIRECTION ( 'NONE',  ( 0.0000000000000000000, 0.0000000000000000000, -1.000000000000000000 ) ) ;
#1620 = PLANE ( 'NONE',  #1097 ) ;
#1621 = CARTESIAN_POINT ( 'NONE',  ( 45.70900974233028100, -1.590990257669708600, 21.00000000000000000 ) ) ;
#1622 = DIRECTION ( 'NONE',  ( -0.7071067811865514600, 0.7071067811865435800, 0.0000000000000000000 ) ) ;
#1623 = CARTESIAN_POINT ( 'NONE',  ( 24.39518395093576000, 22.27386360737639500, -20.00000000000000000 ) ) ;
#1624 = CARTESIAN_POINT ( 'NONE',  ( 24.39518395093576700, 22.27386360737640200, -13.00000000000006900 ) ) ;
#1625 = CARTESIAN_POINT ( 'NONE',  ( 22.98097038856265000, 25.10229073212257200, -9.999999999999998200 ) ) ;
#1626 = CARTESIAN_POINT ( 'NONE',  ( 13.40841342140163500, 14.82158520229371800, -15.00000000000000000 ) ) ;
#1627 = DIRECTION ( 'NONE',  ( 2.072062100757052500E-015, -1.000000000000000000, 0.0000000000000000000 ) ) ;
#1628 = CARTESIAN_POINT ( 'NONE',  ( 14.82158520229366200, 13.40841342140172400, -15.00000000000000000 ) ) ;
#1629 = DIRECTION ( 'NONE',  ( 1.000000000000000000, 8.182657905550979500E-017, 0.0000000000000000000 ) ) ;
#1630 = CARTESIAN_POINT ( 'NONE',  ( 6.260037815981657000, 40.40900974233029100, 21.00000000000000000 ) ) ;
#1631 = CARTESIAN_POINT ( 'NONE',  ( 25.10229073212230200, 22.98097038856294100, 9.999999999999998200 ) ) ;
#1632 = CARTESIAN_POINT ( 'NONE',  ( 22.98097038856265000, 25.10229073212257200, 9.999999999999998200 ) ) ;
#1633 = CARTESIAN_POINT ( 'NONE',  ( 44.70900974233025900, 7.626942571813295900, 20.00000000000000000 ) ) ;
#1634 = CARTESIAN_POINT ( 'NONE',  ( 44.70900974233028100, -0.5909902576697088100, 20.00000000000000000 ) ) ;
#1635 = CARTESIAN_POINT ( 'NONE',  ( 22.27386360737610700, 24.39518395093602600, -20.00000000000000000 ) ) ;
#1636 = CARTESIAN_POINT ( 'NONE',  ( 7.626942571812882900, 43.70900974233025900, 21.00000000000000000 ) ) ;
#1637 = CARTESIAN_POINT ( 'NONE',  ( 44.41611652351680600, 8.334049352999844700, -21.00000000000000000 ) ) ;
#1638 = CARTESIAN_POINT ( 'NONE',  ( 40.40900974233026200, 6.260037815982068200, 21.00000000000000000 ) ) ;
#1639 = CARTESIAN_POINT ( 'NONE',  ( 13.40841342140163500, 14.82158520229371800, 20.00000000000000000 ) ) ;
#1640 = CARTESIAN_POINT ( 'NONE',  ( 8.334049352999423700, 44.41611652351681300, -20.00000000000000000 ) ) ;
#1641 = CARTESIAN_POINT ( 'NONE',  ( 21.45813155977259600, 19.55406174904718600, 15.00000000000000000 ) ) ;
#1642 = CARTESIAN_POINT ( 'NONE',  ( 19.55406174904697300, 21.45813155977278100, 15.00000000000000000 ) ) ;
#1643 = CARTESIAN_POINT ( 'NONE',  ( 45.70900974233025900, 7.626942571813297700, -20.00000000000000000 ) ) ;
#1644 = CARTESIAN_POINT ( 'NONE',  ( 8.334049352999423700, 44.41611652351681300, 21.00000000000000000 ) ) ;
#1645 = CARTESIAN_POINT ( 'NONE',  ( 22.27386360737610700, 24.39518395093602600, 20.00000000000000000 ) ) ;
#1646 = CARTESIAN_POINT ( 'NONE',  ( 24.39518395093576700, 22.27386360737640200, 13.00000000000007100 ) ) ;
#1647 = CARTESIAN_POINT ( 'NONE',  ( 7.626942571812885600, 44.70900974233025900, -21.00000000000000000 ) ) ;
#1648 = CARTESIAN_POINT ( 'NONE',  ( -1.590990257669712400, 44.70900974233028100, 20.00000000000000000 ) ) ;
#1649 = CARTESIAN_POINT ( 'NONE',  ( 44.41611652351680600, 8.334049352999848300, 20.00000000000000000 ) ) ;
#1650 = CARTESIAN_POINT ( 'NONE',  ( 6.260037815981657000, 40.40900974233029100, -21.00000000000000000 ) ) ;
#1651 = CARTESIAN_POINT ( 'NONE',  ( 40.40900974233026200, -1.590990257669709000, 20.00000000000000000 ) ) ;
#1652 = CARTESIAN_POINT ( 'NONE',  ( 7.626942571812885600, 44.70900974233025900, -20.00000000000000000 ) ) ;
#1653 = CARTESIAN_POINT ( 'NONE',  ( -0.5909902576697121400, 40.40900974233028400, 20.00000000000000000 ) ) ;
#1654 = CARTESIAN_POINT ( 'NONE',  ( 40.40900974233026200, 6.260037815982068200, -21.00000000000000000 ) ) ;
#1655 = CARTESIAN_POINT ( 'NONE',  ( 14.82158520229366200, 13.40841342140172400, -20.00000000000000000 ) ) ;
#1656 = CARTESIAN_POINT ( 'NONE',  ( -0.5909902576697123600, 44.70900974233027400, -21.00000000000000000 ) ) ;
#1657 = CARTESIAN_POINT ( 'NONE',  ( 40.40900974233026200, -0.5909902576697089200, 21.00000000000000000 ) ) ;
#1658 = CARTESIAN_POINT ( 'NONE',  ( 13.40841342140163500, 14.82158520229371800, 15.00000000000000400 ) ) ;
#1659 = CARTESIAN_POINT ( 'NONE',  ( -0.5909902576697124700, 44.70900974233028100, -20.00000000000000000 ) ) ;
#1660 = CARTESIAN_POINT ( 'NONE',  ( 7.626942571812887400, 45.70900974233025900, 20.00000000000000000 ) ) ;
#1661 = CARTESIAN_POINT ( 'NONE',  ( 40.40900974233026200, 6.260037815982068200, 20.00000000000000000 ) ) ;
#1662 = CARTESIAN_POINT ( 'NONE',  ( 44.70900974233028100, -1.590990257669708600, 20.00000000000000000 ) ) ;
#1663 = CARTESIAN_POINT ( 'NONE',  ( 9.041156134185969900, 45.12322330470336600, -20.00000000000000000 ) ) ;
#1664 = CARTESIAN_POINT ( 'NONE',  ( -0.5909902576697124700, 44.70900974233028100, 20.00000000000000000 ) ) ;
#1665 = CARTESIAN_POINT ( 'NONE',  ( 7.626942571812885600, 44.70900974233025900, 20.00000000000000000 ) ) ;
#1666 = CARTESIAN_POINT ( 'NONE',  ( 44.70900974233025900, 7.626942571813295900, -20.00000000000000000 ) ) ;
#1667 = CARTESIAN_POINT ( 'NONE',  ( -0.5909902576697121400, 40.40900974233028400, 21.00000000000000000 ) ) ;
#1668 = CARTESIAN_POINT ( 'NONE',  ( -1.590990257669712400, 44.70900974233028100, -20.00000000000000000 ) ) ;
#1669 = CARTESIAN_POINT ( 'NONE',  ( 44.70900974233028100, -0.5909902576697088100, 21.00000000000000000 ) ) ;
#1670 = CARTESIAN_POINT ( 'NONE',  ( 25.31442276647824100, 27.43574311003819200, 20.00000000000000000 ) ) ;
#1671 = CARTESIAN_POINT ( 'NONE',  ( 14.82158520229366200, 13.40841342140172400, 20.00000000000000000 ) ) ;
#1672 = CARTESIAN_POINT ( 'NONE',  ( 40.40900974233026200, -0.5909902576697091400, 20.00000000000000000 ) ) ;
#1673 = CARTESIAN_POINT ( 'NONE',  ( 6.260037815981657000, 40.40900974233029100, -20.00000000000000000 ) ) ;
#1674 = CARTESIAN_POINT ( 'NONE',  ( 7.626942571812885600, 44.70900974233025900, 21.00000000000000000 ) ) ;
#1675 = CARTESIAN_POINT ( 'NONE',  ( 44.41611652351680600, 8.334049352999846500, 21.00000000000000000 ) ) ;
#1676 = CARTESIAN_POINT ( 'NONE',  ( 25.31442276647824100, 27.43574311003819200, -20.00000000000000000 ) ) ;
#1677 = CARTESIAN_POINT ( 'NONE',  ( 8.334049352999423700, 44.41611652351681300, 20.00000000000000000 ) ) ;
#1678 = CARTESIAN_POINT ( 'NONE',  ( 45.70900974233027400, -0.5909902576697063600, -20.00000000000000000 ) ) ;
#1679 = CARTESIAN_POINT ( 'NONE',  ( 6.260037815981657000, 40.40900974233029100, 20.00000000000000000 ) ) ;
#1680 = CARTESIAN_POINT ( 'NONE',  ( 40.40900974233026200, 6.260037815982068200, -20.00000000000000000 ) ) ;
#1681 = CARTESIAN_POINT ( 'NONE',  ( 22.27386360737604700, 24.39518395093596200, 13.00000000000012600 ) ) ;
#1682 = CARTESIAN_POINT ( 'NONE',  ( -1.590990257669711900, 40.40900974233028400, 20.00000000000000000 ) ) ;
#1683 = CARTESIAN_POINT ( 'NONE',  ( 27.43574311003789400, 25.31442276647856500, 20.00000000000000000 ) ) ;
#1684 = CARTESIAN_POINT ( 'NONE',  ( 44.70900974233026700, 7.626942571813295900, 21.00000000000000000 ) ) ;
#1685 = CARTESIAN_POINT ( 'NONE',  ( 45.70900974233025900, 7.626942571813297700, 20.00000000000000000 ) ) ;
#1686 = CARTESIAN_POINT ( 'NONE',  ( 45.12322330470335200, 9.041156134186399700, 20.00000000000000000 ) ) ;
#1687 = CARTESIAN_POINT ( 'NONE',  ( 13.40841342140163500, 14.82158520229371800, -20.00000000000000000 ) ) ;
#1688 = CARTESIAN_POINT ( 'NONE',  ( 44.70900974233028100, -0.5909902576697088100, -20.00000000000000000 ) ) ;
#1689 = CARTESIAN_POINT ( 'NONE',  ( 44.70900974233028100, -1.590990257669708600, -20.00000000000000000 ) ) ;
#1690 = CARTESIAN_POINT ( 'NONE',  ( 9.041156134185969900, 45.12322330470336600, 20.00000000000000000 ) ) ;
#1691 = CARTESIAN_POINT ( 'NONE',  ( 45.70900974233028100, -0.5909902576697068100, 20.00000000000000000 ) ) ;
#1692 = CARTESIAN_POINT ( 'NONE',  ( 24.39518395093576000, 22.27386360737639100, 20.00000000000000000 ) ) ;
#1693 = CARTESIAN_POINT ( 'NONE',  ( -0.5909902576697104700, 45.70900974233028100, -20.00000000000000000 ) ) ;
#1694 = CARTESIAN_POINT ( 'NONE',  ( 8.334049352999425500, 44.41611652351681300, -21.00000000000000000 ) ) ;
#1695 = CARTESIAN_POINT ( 'NONE',  ( 40.40900974233026200, -1.590990257669709000, -19.99999999999998600 ) ) ;
#1696 = PLANE ( 'NONE',  #1145 ) ;
#1697 = DIRECTION ( 'NONE',  ( -0.7071067811865435800, -0.7071067811865515700, 0.0000000000000000000 ) ) ;
#1698 = CARTESIAN_POINT ( 'NONE',  ( 7.626942571812887400, 45.70900974233025900, -20.00000000000000000 ) ) ;
#1699 = DIRECTION ( 'NONE',  ( 0.0000000000000000000, 0.0000000000000000000, -1.000000000000000000 ) ) ;
#1700 = CARTESIAN_POINT ( 'NONE',  ( 45.00190296114371300, 7.748262915372941400, 21.00000000000000000 ) ) ;
#1701 = CARTESIAN_POINT ( 'NONE',  ( 0.0000000000000000000, 0.0000000000000000000, 20.00000000000000000 ) ) ;
#1702 = CARTESIAN_POINT ( 'NONE',  ( 3.417371155898241100, 4.032485074927528500, 15.00000000000000000 ) ) ;
#1703 = CARTESIAN_POINT ( 'NONE',  ( -0.5909902576697098100, 45.70900974233028100, 20.00000000000000000 ) ) ;
#1704 = CARTESIAN_POINT ( 'NONE',  ( 44.70900974233025900, 7.626942571813295900, -21.00000000000000000 ) ) ;
#1705 = DIRECTION ( 'NONE',  ( 2.072062100757052500E-015, -1.000000000000000000, 0.0000000000000000000 ) ) ;
#1706 = CARTESIAN_POINT ( 'NONE',  ( 45.00190296114371300, 7.748262915372941400, 20.00000000000000000 ) ) ;
#1707 = DIRECTION ( 'NONE',  ( 0.6794495785627310300, 0.7337222023292788700, 0.0000000000000000000 ) ) ;
#1708 = CARTESIAN_POINT ( 'NONE',  ( -0.5909902576697121400, 40.40900974233028400, -21.00000000000000000 ) ) ;
#1709 = CARTESIAN_POINT ( 'NONE',  ( 6.260037815981657000, 40.40900974233029100, 21.00000000000000000 ) ) ;
#1710 = CARTESIAN_POINT ( 'NONE',  ( 45.00190296114371300, 7.748262915372941400, -20.00000000000000000 ) ) ;
#1711 = CARTESIAN_POINT ( 'NONE',  ( -1.590990257669711900, 40.40900974233028400, -19.99999999999998600 ) ) ;
#1712 = DIRECTION ( 'NONE',  ( 0.7071067811865515700, -0.7071067811865435800, 0.0000000000000000000 ) ) ;
#1713 = CARTESIAN_POINT ( 'NONE',  ( 7.626942571812882900, 43.70900974233025900, 20.00000000000000000 ) ) ;
#1714 = DIRECTION ( 'NONE',  ( -1.000000000000000000, 0.0000000000000000000, 0.0000000000000000000 ) ) ;
#1715 = DIRECTION ( 'NONE',  ( -1.000000000000000000, 0.0000000000000000000, -0.0000000000000000000 ) ) ;
#1716 = CARTESIAN_POINT ( 'NONE',  ( 14.14213562373091400, 14.14213562373098700, 15.00000000000000400 ) ) ;
#1717 = DIRECTION ( 'NONE',  ( 0.0000000000000000000, 0.0000000000000000000, -1.000000000000000000 ) ) ;
#1718 = PLANE ( 'NONE',  #1100 ) ;
#1719 = DIRECTION ( 'NONE',  ( -1.000000000000000000, 0.0000000000000000000, -0.0000000000000000000 ) ) ;
#1720 = CARTESIAN_POINT ( 'NONE',  ( 45.12322330470335200, 9.041156134186399700, -20.00000000000000000 ) ) ;
#1721 = CARTESIAN_POINT ( 'NONE',  ( 24.39518395093576700, 22.27386360737640200, -20.00000000000000000 ) ) ;
#1722 = DIRECTION ( 'NONE',  ( 0.7071067811865515700, -0.7071067811865435800, 0.0000000000000000000 ) ) ;
#1723 = DIRECTION ( 'NONE',  ( 0.0000000000000000000, 0.0000000000000000000, -1.000000000000000000 ) ) ;
#1724 = CARTESIAN_POINT ( 'NONE',  ( 44.70900974233028100, -1.590990257669710600, -20.00000000000000000 ) ) ;
#1725 = CARTESIAN_POINT ( 'NONE',  ( 43.70900974233025900, 7.626942571813293300, 20.00000000000000000 ) ) ;
#1726 = DIRECTION ( 'NONE',  ( -0.0000000000000000000, -0.0000000000000000000, -1.000000000000000000 ) ) ;
#1727 = CARTESIAN_POINT ( 'NONE',  ( 0.0000000000000000000, 0.0000000000000000000, 20.00000000000000000 ) ) ;
#1728 = DIRECTION ( 'NONE',  ( 0.0000000000000000000, 0.0000000000000000000, -1.000000000000000000 ) ) ;
#1729 = CARTESIAN_POINT ( 'NONE',  ( -0.5909902576697124700, 44.70900974233028100, 21.00000000000000000 ) ) ;
#1730 = PLANE ( 'NONE',  #1126 ) ;
#1731 = CARTESIAN_POINT ( 'NONE',  ( 44.70900974233028100, -0.5909902576697087000, -21.00000000000000000 ) ) ;
#1732 = CARTESIAN_POINT ( 'NONE',  ( 21.45813155977259600, 19.55406174904718600, 15.00000000000000000 ) ) ;
#1733 = CARTESIAN_POINT ( 'NONE',  ( 23.68871657395389000, 21.61965284472693600, 14.28285965272743900 ) ) ;
#1734 = CARTESIAN_POINT ( 'NONE',  ( 43.70900974233025900, 7.626942571813293300, -20.00000000000000000 ) ) ;
#1735 = DIRECTION ( 'NONE',  ( -0.0000000000000000000, -0.0000000000000000000, -1.000000000000000000 ) ) ;
#1736 = DIRECTION ( 'NONE',  ( -1.000000000000000000, 0.0000000000000000000, 0.0000000000000000000 ) ) ;
#1737 = CARTESIAN_POINT ( 'NONE',  ( 24.39518395093576700, 22.27386360737640200, 13.00000000000007100 ) ) ;
#1738 = CARTESIAN_POINT ( 'NONE',  ( 14.14213562373091400, 14.14213562373098700, 20.00000000000000000 ) ) ;
#1739 = CARTESIAN_POINT ( 'NONE',  ( 40.40900974233026200, 0.0000000000000000000, 20.00000000000000000 ) ) ;
#1740 = DIRECTION ( 'NONE',  ( 1.000000000000000000, 0.0000000000000000000, 0.0000000000000000000 ) ) ;
#1741 = CARTESIAN_POINT ( 'NONE',  ( 40.40900974233026200, 0.0000000000000000000, -20.00000000000000000 ) ) ;
#1742 = CARTESIAN_POINT ( 'NONE',  ( 22.63557718807565100, 20.64441302012955900, 14.99999999999999800 ) ) ;
#1743 = DIRECTION ( 'NONE',  ( 0.0000000000000000000, 0.0000000000000000000, -1.000000000000000000 ) ) ;
#1744 = CARTESIAN_POINT ( 'NONE',  ( 6.260037815981657000, 40.40900974233029100, -21.00000000000000000 ) ) ;
#1745 = CARTESIAN_POINT ( 'NONE',  ( 23.33452377915594100, 23.33452377915620000, -20.00000000000000000 ) ) ;
#1746 = DIRECTION ( 'NONE',  ( 0.0000000000000000000, 0.0000000000000000000, -1.000000000000000000 ) ) ;
#1747 = CARTESIAN_POINT ( 'NONE',  ( 40.40900974233026200, -0.5909902576697091400, -20.00000000000000000 ) ) ;
#1748 = CARTESIAN_POINT ( 'NONE',  ( 40.40900974233026200, 6.260037815982068200, 21.00000000000000000 ) ) ;
#1749 = CARTESIAN_POINT ( 'NONE',  ( -3.571428209574308800E-014, 40.40900974233028400, -20.00000000000000000 ) ) ;
#1750 = DIRECTION ( 'NONE',  ( 0.7071067811865514600, -0.7071067811865435800, 0.0000000000000000000 ) ) ;
#1751 = DIRECTION ( 'NONE',  ( 1.000000000000000000, 8.838197798826717000E-016, 0.0000000000000000000 ) ) ;
#1752 = DIRECTION ( 'NONE',  ( 0.7071067811865515700, -0.7071067811865435800, 0.0000000000000000000 ) ) ;
#1753 = CARTESIAN_POINT ( 'NONE',  ( 44.41611652351680600, 8.334049352999848300, 21.00000000000000000 ) ) ;
#1754 = DIRECTION ( 'NONE',  ( 0.7071067811865515700, -0.7071067811865435800, 0.0000000000000000000 ) ) ;
#1755 = DIRECTION ( 'NONE',  ( -1.000000000000000000, 0.0000000000000000000, 0.0000000000000000000 ) ) ;
#1756 = DIRECTION ( 'NONE',  ( -0.0000000000000000000, -0.0000000000000000000, -1.000000000000000000 ) ) ;
#1757 = DIRECTION ( 'NONE',  ( 0.0000000000000000000, -1.000000000000000000, 0.0000000000000000000 ) ) ;
#1758 = DIRECTION ( 'NONE',  ( -0.0000000000000000000, -0.0000000000000000000, 1.000000000000000000 ) ) ;
#1759 = CARTESIAN_POINT ( 'NONE',  ( 12.37436867076449700, 14.49568901432429700, 20.00000000000000000 ) ) ;
#1760 = DIRECTION ( 'NONE',  ( -1.000000000000000000, 2.072062100757140400E-015, 0.0000000000000000000 ) ) ;
#1761 = DIRECTION ( 'NONE',  ( -0.0000000000000000000, -0.0000000000000000000, 1.000000000000000000 ) ) ;
#1762 = DIRECTION ( 'NONE',  ( 0.6794495785627310300, 0.7337222023292788700, -0.0000000000000000000 ) ) ;
#1763 = CARTESIAN_POINT ( 'NONE',  ( 44.70900974233028100, -1.590990257669710600, 20.00000000000000000 ) ) ;
#1764 = CARTESIAN_POINT ( 'NONE',  ( 9.263984464946433600E-014, 44.70900974233028100, -20.00000000000000000 ) ) ;
#1765 = DIRECTION ( 'NONE',  ( 2.072062100757052500E-015, -1.000000000000000000, 0.0000000000000000000 ) ) ;
#1766 = DIRECTION ( 'NONE',  ( -0.0000000000000000000, -0.0000000000000000000, -1.000000000000000000 ) ) ;
#1767 = CARTESIAN_POINT ( 'NONE',  ( 9.263984464946433600E-014, 44.70900974233028100, 20.00000000000000000 ) ) ;
#1768 = DIRECTION ( 'NONE',  ( -1.000000000000000000, 2.072062100757140400E-015, 0.0000000000000000000 ) ) ;
#1769 = CARTESIAN_POINT ( 'NONE',  ( -3.571428209574308800E-014, 40.40900974233028400, 20.00000000000000000 ) ) ;
#1770 = CARTESIAN_POINT ( 'NONE',  ( 23.33452377915594100, 23.33452377915620000, -20.00000000000000000 ) ) ;
#1771 = DIRECTION ( 'NONE',  ( 0.0000000000000000000, -1.000000000000000000, 0.0000000000000000000 ) ) ;
#1772 = DIRECTION ( 'NONE',  ( -0.0000000000000000000, -0.0000000000000000000, -1.000000000000000000 ) ) ;
#1773 = CARTESIAN_POINT ( 'NONE',  ( 40.40900974233026200, 6.260037815982068200, 21.00000000000000000 ) ) ;
#1774 = CARTESIAN_POINT ( 'NONE',  ( -0.5909902576697125800, 45.70900974233028100, -20.00000000000000000 ) ) ;
#1775 = DIRECTION ( 'NONE',  ( -8.182657905550979500E-017, 1.000000000000000000, 0.0000000000000000000 ) ) ;
#1776 = DIRECTION ( 'NONE',  ( 0.7071067811865434600, 0.7071067811865516800, -0.0000000000000000000 ) ) ;
#1777 = DIRECTION ( 'NONE',  ( -1.000000000000000000, -8.182657905550947500E-017, 0.0000000000000000000 ) ) ;
#1778 = CARTESIAN_POINT ( 'NONE',  ( 22.27386360737610700, 24.39518395093602600, 20.00000000000000000 ) ) ;
#1779 = CARTESIAN_POINT ( 'NONE',  ( 14.82158520229366200, 13.40841342140172400, -21.00000000000000000 ) ) ;
#1780 = CARTESIAN_POINT ( 'NONE',  ( 13.40841342140163500, 14.82158520229371800, -21.00000000000000000 ) ) ;
#1781 = CARTESIAN_POINT ( 'NONE',  ( 1.060660171779825900, -1.060660171779813400, -20.00000000000000000 ) ) ;
#1782 = CARTESIAN_POINT ( 'NONE',  ( 27.43574311003789700, 25.31442276647856500, -20.00000000000000000 ) ) ;
#1783 = CARTESIAN_POINT ( 'NONE',  ( -1.060660171779828100, 1.060660171779815900, -20.00000000000000000 ) ) ;
#1784 = DIRECTION ( 'NONE',  ( -0.7337222023292642200, -0.6794495785627469000, 0.0000000000000000000 ) ) ;
#1785 = DIRECTION ( 'NONE',  ( 0.7071067811865434600, 0.7071067811865516800, 0.0000000000000000000 ) ) ;
#1786 = DIRECTION ( 'NONE',  ( 0.0000000000000000000, 0.0000000000000000000, 1.000000000000000000 ) ) ;
#1787 = CARTESIAN_POINT ( 'NONE',  ( 24.39518395093576000, 22.27386360737639100, 20.00000000000000000 ) ) ;
#1788 = DIRECTION ( 'NONE',  ( 0.7071067811865514600, -0.7071067811865435800, 0.0000000000000000000 ) ) ;
#1789 = CARTESIAN_POINT ( 'NONE',  ( 23.33452377915594100, 23.33452377915620000, 20.00000000000000000 ) ) ;
#1790 = CARTESIAN_POINT ( 'NONE',  ( 45.00190296114371300, 7.748262915372941400, -20.00000000000000000 ) ) ;
#1791 = DIRECTION ( 'NONE',  ( 1.000000000000000000, 8.838197798826717000E-016, 0.0000000000000000000 ) ) ;
#1792 = DIRECTION ( 'NONE',  ( 0.7071067811865514600, -0.7071067811865435800, 0.0000000000000000000 ) ) ;
#1793 = CARTESIAN_POINT ( 'NONE',  ( 40.40900974233026200, 6.260037815982068200, -21.00000000000000000 ) ) ;
#1794 = DIRECTION ( 'NONE',  ( -0.7071067811865434600, -0.7071067811865516800, 0.0000000000000000000 ) ) ;
#1795 = DIRECTION ( 'NONE',  ( 0.7071067811865515700, -0.7071067811865435800, 0.0000000000000000000 ) ) ;
#1796 = DIRECTION ( 'NONE',  ( 0.0000000000000000000, -1.000000000000000000, 0.0000000000000000000 ) ) ;
#1797 = CARTESIAN_POINT ( 'NONE',  ( 14.49568901432415100, 12.37436867076466700, 20.00000000000000000 ) ) ;
#1798 = LINE ( 'NONE', #168, #1806 ) ;
#1799 = CIRCLE ( 'NONE', #1104, 0.9999999999999991100 ) ;
#1800 = LINE ( 'NONE', #1793, #1804 ) ;
#1801 = LINE ( 'NONE', #842, #1811 ) ;
#1802 = LINE ( 'NONE', #1797, #1803 ) ;
#1803 = VECTOR ( 'NONE', #1595, 1000.000000000000000 ) ;
#1804 = VECTOR ( 'NONE', #1796, 1000.000000000000000 ) ;
#1805 = LINE ( 'NONE', #772, #1808 ) ;
#1806 = VECTOR ( 'NONE', #163, 1000.000000000000000 ) ;
#1807 = LINE ( 'NONE', #189, #1812 ) ;
#1808 = VECTOR ( 'NONE', #827, 1000.000000000000000 ) ;
#1809 = LINE ( 'NONE', #169, #1815 ) ;
#1810 = LINE ( 'NONE', #200, #1814 ) ;
#1811 = VECTOR ( 'NONE', #872, 1000.000000000000000 ) ;
#1812 = VECTOR ( 'NONE', #193, 1000.000000000000000 ) ;
#1813 = CIRCLE ( 'NONE', #1105, 1.000000000000000900 ) ;
#1814 = VECTOR ( 'NONE', #194, 1000.000000000000000 ) ;
#1815 = VECTOR ( 'NONE', #197, 1000.000000000000000 ) ;
ENDSEC;
END-ISO-10303-21;
