ISO-10303-21;
HEADER;
FILE_DESCRIPTION (( 'STEP AP203' ),
    '1' );
FILE_NAME ('ALP2705.STEP',
    '2017-02-20T17:25:58',
    ( '' ),
    ( '' ),
    'SwSTEP 2.0',
    'SolidWorks 2012',
    '' );
FILE_SCHEMA (( 'CONFIG_CONTROL_DESIGN' ));
ENDSEC;

DATA;
#1 = DIRECTION ( 'NONE',  ( 0.8660254037844383700, 0.5000000000000003300, 0.0000000000000000000 ) ) ;
#2 = CARTESIAN_POINT ( 'NONE',  ( 0.0000000000000000000, -10.39230484541327300, -12.19999999999999900 ) ) ;
#3 = CARTESIAN_POINT ( 'NONE',  ( -9.009223989627402700, 1.395566313196960700, 57.66348454732330000 ) ) ;
#4 = CARTESIAN_POINT ( 'NONE',  ( 0.0000000000000000000, 0.0000000000000000000, -12.17459999999999800 ) ) ;
#5 = DIRECTION ( 'NONE',  ( 0.0000000000000000000, 0.0000000000000000000, -1.000000000000000000 ) ) ;
#6 = PLANE ( 'NONE',  #1103 ) ;
#7 = DIRECTION ( 'NONE',  ( -1.000000000000000000, 0.0000000000000000000, 0.0000000000000000000 ) ) ;
#8 = DIRECTION ( 'NONE',  ( 0.5000000000000004400, -0.8660254037844384900, 0.0000000000000000000 ) ) ;
#9 = CARTESIAN_POINT ( 'NONE',  ( 0.0000000000000000000, 0.0000000000000000000, -0.6932054628276153000 ) ) ;
#10 = DIRECTION ( 'NONE',  ( -0.0000000000000000000, -0.0000000000000000000, 1.000000000000000000 ) ) ;
#11 = DIRECTION ( 'NONE',  ( 1.000000000000000000, 0.0000000000000000000, 0.0000000000000000000 ) ) ;
#12 = CARTESIAN_POINT ( 'NONE',  ( 0.0000000000000000000, 0.0000000000000000000, 0.0000000000000000000 ) ) ;
#13 = DIRECTION ( 'NONE',  ( -0.0000000000000000000, -0.0000000000000000000, 1.000000000000000000 ) ) ;
#14 = DIRECTION ( 'NONE',  ( 1.000000000000000000, 0.0000000000000000000, 0.0000000000000000000 ) ) ;
#15 = DIRECTION ( 'NONE',  ( 0.0000000000000000000, 0.0000000000000000000, -1.000000000000000000 ) ) ;
#16 = DIRECTION ( 'NONE',  ( -0.0000000000000000000, -0.0000000000000000000, 1.000000000000000000 ) ) ;
#17 = DIRECTION ( 'NONE',  ( -1.000000000000000000, 0.0000000000000000000, 0.0000000000000000000 ) ) ;
#18 = DIRECTION ( 'NONE',  ( 1.000000000000000000, 0.0000000000000000000, 0.0000000000000000000 ) ) ;
#19 = CARTESIAN_POINT ( 'NONE',  ( 0.0000000000000000000, 0.0000000000000000000, -25.03750572909317300 ) ) ;
#20 = CARTESIAN_POINT ( 'NONE',  ( -7.779260501667382100, 3.525925565798346800, 58.00000000000005700 ) ) ;
#21 = CARTESIAN_POINT ( 'NONE',  ( -8.192108182724625800, 2.810852406420204300, 57.92764512579074000 ) ) ;
#22 = CARTESIAN_POINT ( 'NONE',  ( 0.0000000000000000000, 0.0000000000000000000, -12.19999999999999900 ) ) ;
#23 = DIRECTION ( 'NONE',  ( 1.000000000000000000, 0.0000000000000000000, 0.0000000000000000000 ) ) ;
#24 = CARTESIAN_POINT ( 'NONE',  ( -3.291495176098398400, 8.500000000000000000, 57.66452299769086700 ) ) ;
#25 = CARTESIAN_POINT ( 'NONE',  ( 0.0000000000000000000, 0.0000000000000000000, 73.50000000000000000 ) ) ;
#26 = DIRECTION ( 'NONE',  ( 1.000000000000000000, 0.0000000000000000000, 0.0000000000000000000 ) ) ;
#27 = CARTESIAN_POINT ( 'NONE',  ( 0.0000000000000000000, 0.0000000000000000000, 74.00000000000001400 ) ) ;
#28 = DIRECTION ( 'NONE',  ( 0.0000000000000000000, 0.0000000000000000000, -1.000000000000000000 ) ) ;
#29 = CARTESIAN_POINT ( 'NONE',  ( -4.907477288111821600, 8.500000000000000000, 57.24081062144520600 ) ) ;
#30 = CARTESIAN_POINT ( 'NONE',  ( 0.0000000000000000000, 0.0000000000000000000, 50.00000000000000000 ) ) ;
#31 = DIRECTION ( 'NONE',  ( 0.0000000000000000000, 0.0000000000000000000, 1.000000000000000000 ) ) ;
#32 = DIRECTION ( 'NONE',  ( 1.000000000000000000, 0.0000000000000000000, 0.0000000000000000000 ) ) ;
#33 = DIRECTION ( 'NONE',  ( 0.0000000000000000000, 0.0000000000000000000, 1.000000000000000000 ) ) ;
#34 = CARTESIAN_POINT ( 'NONE',  ( -4.108757955708410800, 8.500000000000000000, 57.47138103223026900 ) ) ;
#35 = CARTESIAN_POINT ( 'NONE',  ( 0.0000000000000000000, 0.0000000000000000000, 0.5000000000000026600 ) ) ;
#36 = CARTESIAN_POINT ( 'NONE',  ( 5.711611900404644600, -7.107197995384125600, 57.66281473469296500 ) ) ;
#37 = CARTESIAN_POINT ( 'NONE',  ( -1.653756637256365700, 8.500000000000000000, 57.92863272351248600 ) ) ;
#38 = CARTESIAN_POINT ( 'NONE',  ( 6.943800297183744700, -4.972985087665887400, 57.98205559308885900 ) ) ;
#39 = CARTESIAN_POINT ( 'NONE',  ( 3.310015429808592200, -8.500000000000000000, 57.66062802131938300 ) ) ;
#40 = CARTESIAN_POINT ( 'NONE',  ( 4.907477288111821600, -8.500000000000000000, 57.24081062144520600 ) ) ;
#41 = CARTESIAN_POINT ( 'NONE',  ( 0.8304112457502382800, -8.500000000000000000, 58.00000000000005700 ) ) ;
#42 = DIRECTION ( 'NONE',  ( 1.000000000000000000, 0.0000000000000000000, 0.0000000000000000000 ) ) ;
#43 = CARTESIAN_POINT ( 'NONE',  ( 6.530008857602918900, -5.689692884756938800, 57.91261278626866000 ) ) ;
#44 = CARTESIAN_POINT ( 'NONE',  ( 4.907477288111821600, -8.500000000000000000, 57.24081062144520600 ) ) ;
#45 = DIRECTION ( 'NONE',  ( 1.000000000000000000, 8.881784197001252300E-016, 0.0000000000000000000 ) ) ;
#46 = CARTESIAN_POINT ( 'NONE',  ( -7.569456734248375600, -3.889316350587434200, 58.00000000000006400 ) ) ;
#47 = CARTESIAN_POINT ( 'NONE',  ( -5.010000000000000700, 6.135480463728240000E-016, -0.6932054628276153000 ) ) ;
#48 = CARTESIAN_POINT ( 'NONE',  ( -7.361215932167731100, -4.249999999999999100, 58.00000000000000000 ) ) ;
#49 = CARTESIAN_POINT ( 'NONE',  ( 7.152975130087090100, -4.610683649412563600, 58.00000000000007100 ) ) ;
#50 = CARTESIAN_POINT ( 'NONE',  ( 7.361215932167732800, -4.249999999999995600, 58.00000000000000000 ) ) ;
#51 = CARTESIAN_POINT ( 'NONE',  ( 5.307874312707466100, -7.806492010200930300, 57.47197995137844400 ) ) ;
#52 = CARTESIAN_POINT ( 'NONE',  ( -7.778631567151719200, -3.527014912334108100, 57.98205559308885200 ) ) ;
#53 = CARTESIAN_POINT ( 'NONE',  ( 4.113838933219939900, -8.500000000000000000, 57.46991428036322000 ) ) ;
#54 = CARTESIAN_POINT ( 'NONE',  ( 4.845085371510582500E-016, 8.500000000000000000, 58.00000000000000000 ) ) ;
#55 = DIRECTION ( 'NONE',  ( -0.0000000000000000000, 0.0000000000000000000, -1.000000000000000000 ) ) ;
#56 = CARTESIAN_POINT ( 'NONE',  ( -9.010819963930819300, -1.392802004615872200, 57.66281473469296500 ) ) ;
#57 = CARTESIAN_POINT ( 'NONE',  ( -9.414557551627991600, -0.6935079897990681400, 57.47197995137843700 ) ) ;
#58 = CARTESIAN_POINT ( 'NONE',  ( -9.814954576223641400, -1.583088743140020300E-015, 57.24081062144520600 ) ) ;
#59 = CARTESIAN_POINT ( 'NONE',  ( -0.8298438512918258100, 8.500000000000000000, 58.00000000000005700 ) ) ;
#60 = DIRECTION ( 'NONE',  ( -0.0000000000000000000, -0.0000000000000000000, 1.000000000000000000 ) ) ;
#61 = CARTESIAN_POINT ( 'NONE',  ( -6.000000000000001800, 7.347880794884121700E-016, -25.03750572909317300 ) ) ;
#62 = CARTESIAN_POINT ( 'NONE',  ( 4.845085371510582500E-016, 1.413440316596247700E-015, 58.00000000000000000 ) ) ;
#63 = CARTESIAN_POINT ( 'NONE',  ( 4.845085371510582500E-016, -8.500000000000000000, 58.00000000000000000 ) ) ;
#64 = CARTESIAN_POINT ( 'NONE',  ( 1.671742606016721500, -8.500000000000000000, 57.92662050503651700 ) ) ;
#65 = CARTESIAN_POINT ( 'NONE',  ( 6.324497102744024000, -6.045649685725191300, 57.86118114678394900 ) ) ;
#66 = CARTESIAN_POINT ( 'NONE',  ( -8.192423006732543200, -2.810307115243059900, 57.91261278626867400 ) ) ;
#67 = CARTESIAN_POINT ( 'NONE',  ( -8.397934761591438100, -2.454350314274807300, 57.86118114678394900 ) ) ;
#68 = CARTESIAN_POINT ( 'NONE',  ( 4.845085371510582500E-016, -8.500000000000000000, 58.00000000000000000 ) ) ;
#69 = CARTESIAN_POINT ( 'NONE',  ( -0.8298438512918259200, -8.500000000000000000, 58.00000000000004300 ) ) ;
#70 = DIRECTION ( 'NONE',  ( -0.8191520442889906900, 1.003171929053523400E-016, 0.5735764363510477100 ) ) ;
#71 = CARTESIAN_POINT ( 'NONE',  ( 4.845085371510582500E-016, 1.413440316596247700E-015, 58.00000000000000000 ) ) ;
#72 = DIRECTION ( 'NONE',  ( -0.0000000000000000000, 0.0000000000000000000, -1.000000000000000000 ) ) ;
#73 = DIRECTION ( 'NONE',  ( 1.000000000000000000, 0.0000000000000000000, 0.0000000000000000000 ) ) ;
#74 = DIRECTION ( 'NONE',  ( -0.0000000000000000000, -0.0000000000000000000, 1.000000000000000000 ) ) ;
#75 = CARTESIAN_POINT ( 'NONE',  ( -4.907477288111821600, 8.500000000000000000, 50.00000000000000000 ) ) ;
#76 = DIRECTION ( 'NONE',  ( 0.4999999999999996700, 0.8660254037844388200, 0.0000000000000000000 ) ) ;
#77 = CARTESIAN_POINT ( 'NONE',  ( -7.361215932167728400, 4.250000000000000900, 58.00000000000000000 ) ) ;
#78 = CARTESIAN_POINT ( 'NONE',  ( 0.0000000000000000000, 0.0000000000000000000, -12.19999999999999900 ) ) ;
#79 = CARTESIAN_POINT ( 'NONE',  ( -7.152975130087087400, 4.610683649412568900, 58.00000000000006400 ) ) ;
#80 = CARTESIAN_POINT ( 'NONE',  ( -6.943800297183741100, 4.972985087665892800, 57.98205559308885200 ) ) ;
#81 = CARTESIAN_POINT ( 'NONE',  ( -6.530008857602921600, 5.689692884756942300, 57.91261278626867400 ) ) ;
#82 = CARTESIAN_POINT ( 'NONE',  ( -6.324497102744021300, 6.045649685725196700, 57.86118114678394900 ) ) ;
#83 = CARTESIAN_POINT ( 'NONE',  ( 6.000000000000001800, 0.0000000000000000000, -25.03750572909317300 ) ) ;
#84 = CARTESIAN_POINT ( 'NONE',  ( -5.711611900404644600, 7.107197995384129100, 57.66281473469296500 ) ) ;
#85 = DIRECTION ( 'NONE',  ( 1.000000000000000000, 0.0000000000000000000, 0.0000000000000000000 ) ) ;
#86 = CARTESIAN_POINT ( 'NONE',  ( 4.907477288111821600, -8.500000000000000000, 50.00000000000000000 ) ) ;
#87 = CARTESIAN_POINT ( 'NONE',  ( 9.414557551627989800, 0.6935079897990695800, 57.47197995137843000 ) ) ;
#88 = CARTESIAN_POINT ( 'NONE',  ( -4.907477288111821600, 8.500000000000000000, 57.24081062144520600 ) ) ;
#89 = CARTESIAN_POINT ( 'NONE',  ( -1.653756637256370600, -8.500000000000000000, 57.92863272351249300 ) ) ;
#90 = DIRECTION ( 'NONE',  ( -0.4999999999999999400, -0.8660254037844387100, 0.0000000000000000000 ) ) ;
#91 = CARTESIAN_POINT ( 'NONE',  ( 5.265513565426375400, 7.352259170992719600, -12.18100004360546500 ) ) ;
#92 = CARTESIAN_POINT ( 'NONE',  ( 6.024380653971837400, 6.914127053141848800, -12.10747236817708000 ) ) ;
#93 = CARTESIAN_POINT ( 'NONE',  ( 7.525268439705676800, 6.047589086024994600, -11.84298031427465100 ) ) ;
#94 = CARTESIAN_POINT ( 'NONE',  ( 9.000000000000001800, 0.0000000000000000000, 0.0000000000000000000 ) ) ;
#95 = CARTESIAN_POINT ( 'NONE',  ( 0.0000000000000000000, 0.0000000000000000000, 58.00000000000000000 ) ) ;
#96 = CARTESIAN_POINT ( 'NONE',  ( 8.397934761591432800, 2.454350314274806900, 57.86118114678394200 ) ) ;
#97 = CARTESIAN_POINT ( 'NONE',  ( 4.500000000000002700, 7.794228634059947100, -12.19999999999999900 ) ) ;
#98 = CARTESIAN_POINT ( 'NONE',  ( -4.907477288111823400, -8.500000000000000000, 57.24081062144520600 ) ) ;
#99 = CARTESIAN_POINT ( 'NONE',  ( 9.000000000000001800, -4.351040328464076600, -0.5598847297401590200 ) ) ;
#100 = CARTESIAN_POINT ( 'NONE',  ( 7.778631567151716600, 3.527014912334110800, 57.98205559308887300 ) ) ;
#101 = CARTESIAN_POINT ( 'NONE',  ( 8.999999999999998200, -0.8780643052077358200, 1.070649645329435400E-015 ) ) ;
#102 = CARTESIAN_POINT ( 'NONE',  ( -7.361215932167728400, 4.250000000000000900, 58.00000000000000000 ) ) ;
#103 = CARTESIAN_POINT ( 'NONE',  ( -5.307874312707467000, 7.806492010200932100, 57.47197995137843700 ) ) ;
#104 = CARTESIAN_POINT ( 'NONE',  ( 8.192423006732534300, 2.810307115243060800, 57.91261278626866000 ) ) ;
#105 = CARTESIAN_POINT ( 'NONE',  ( 9.010819963930814000, 1.392802004615872700, 57.66281473469298600 ) ) ;
#106 = CARTESIAN_POINT ( 'NONE',  ( 9.814954576223637900, 8.906638915334590700E-016, 57.24081062144520600 ) ) ;
#107 = CARTESIAN_POINT ( 'NONE',  ( 6.401276095386990900, 6.696526368584466500, -12.05301533877175000 ) ) ;
#108 = DIRECTION ( 'NONE',  ( -0.0000000000000000000, -0.0000000000000000000, -1.000000000000000000 ) ) ;
#109 = CARTESIAN_POINT ( 'NONE',  ( -4.108757955708414400, -8.500000000000000000, 57.47138103223025500 ) ) ;
#110 = DIRECTION ( 'NONE',  ( 0.0000000000000000000, 0.0000000000000000000, 1.000000000000000000 ) ) ;
#111 = CARTESIAN_POINT ( 'NONE',  ( 9.000000000000000000, 5.196152422706636500, -11.39615242270662600 ) ) ;
#112 = CARTESIAN_POINT ( 'NONE',  ( -3.291495176098402800, -8.500000000000000000, 57.66452299769085200 ) ) ;
#113 = CARTESIAN_POINT ( 'NONE',  ( 7.361215932167728400, 4.250000000000000900, 58.00000000000000000 ) ) ;
#114 = CARTESIAN_POINT ( 'NONE',  ( 8.265697409064603800, 5.620102221249820400, -11.64091995301863300 ) ) ;
#115 = CARTESIAN_POINT ( 'NONE',  ( 9.000000000000001800, -5.196152422706638200, -0.8038475772933727500 ) ) ;
#116 = DIRECTION ( 'NONE',  ( -0.0000000000000000000, -0.0000000000000000000, 1.000000000000000000 ) ) ;
#117 = CARTESIAN_POINT ( 'NONE',  ( 4.881900264494487600, 7.573738413550464600, -12.20000000000000800 ) ) ;
#118 = DIRECTION ( 'NONE',  ( 1.000000000000000000, 0.0000000000000000000, 0.0000000000000000000 ) ) ;
#119 = CARTESIAN_POINT ( 'NONE',  ( 9.000000000000001800, -3.485479754112944300, -0.3552645118408589400 ) ) ;
#120 = CARTESIAN_POINT ( 'NONE',  ( 7.569456734248371200, 3.889316350587434200, 58.00000000000005700 ) ) ;
#121 = CARTESIAN_POINT ( 'NONE',  ( 8.999999999999998200, -1.750439824713158300, -0.07547478993377301800 ) ) ;
#122 = CARTESIAN_POINT ( 'NONE',  ( 6.024380653971840100, 6.914127053141848800, -0.09252763182291902400 ) ) ;
#123 = DIRECTION ( 'NONE',  ( 1.000000000000000000, 0.0000000000000000000, 0.0000000000000000000 ) ) ;
#124 = CARTESIAN_POINT ( 'NONE',  ( 9.000000000000001800, -5.196152422706638200, -0.8038475772933727500 ) ) ;
#125 = CARTESIAN_POINT ( 'NONE',  ( 9.000000000000001800, 0.8785859941773053200, -12.20000000000000100 ) ) ;
#126 = CARTESIAN_POINT ( 'NONE',  ( 4.500000000000002700, 7.794228634059947100, 0.0000000000000000000 ) ) ;
#127 = CARTESIAN_POINT ( 'NONE',  ( 8.263859302085862200, -5.621163452808799500, -0.5584673446549216500 ) ) ;
#128 = CARTESIAN_POINT ( 'NONE',  ( 4.881900264494490200, 7.573738413550465500, 6.152847328855239200E-015 ) ) ;
#129 = DIRECTION ( 'NONE',  ( -0.0000000000000000000, -0.0000000000000000000, -1.000000000000000000 ) ) ;
#130 = CARTESIAN_POINT ( 'NONE',  ( 9.000000000000000000, 5.196152422706636500, -11.39615242270662600 ) ) ;
#131 = CARTESIAN_POINT ( 'NONE',  ( 9.000000000000000000, 3.504753767550380600, -11.84068272718455400 ) ) ;
#132 = CARTESIAN_POINT ( 'NONE',  ( 4.500000000000003600, -7.794228634059947100, 0.0000000000000000000 ) ) ;
#133 = CARTESIAN_POINT ( 'NONE',  ( 7.525268439705680400, 6.047589086024993700, -0.3570196857253491500 ) ) ;
#134 = CARTESIAN_POINT ( 'NONE',  ( 0.0000000000000000000, 0.0000000000000000000, 73.50000000000000000 ) ) ;
#135 = CARTESIAN_POINT ( 'NONE',  ( -9.000000000000001800, 0.8785859941773053200, 9.071722865093552700E-016 ) ) ;
#136 = CARTESIAN_POINT ( 'NONE',  ( -9.000000000000000000, 4.355963544827385900, -0.5613059398865136700 ) ) ;
#137 = CARTESIAN_POINT ( 'NONE',  ( -9.000000000000000000, 5.196152422706629400, -0.8038475772933710900 ) ) ;
#138 = CARTESIAN_POINT ( 'NONE',  ( 3.000000000000000400, 3.673940397442060400E-016, 74.00000000000001400 ) ) ;
#139 = CARTESIAN_POINT ( 'NONE',  ( 9.000000000000001800, 0.0000000000000000000, 0.0000000000000000000 ) ) ;
#140 = CARTESIAN_POINT ( 'NONE',  ( 5.266666970006213000, -7.351593252548071600, 2.947674656444965200E-015 ) ) ;
#141 = CARTESIAN_POINT ( 'NONE',  ( 6.401276095386992700, 6.696526368584467400, -0.1469846612282485200 ) ) ;
#142 = CARTESIAN_POINT ( 'NONE',  ( 9.000000000000000000, 1.769118300197570800, -0.07756262466202318300 ) ) ;
#143 = CARTESIAN_POINT ( 'NONE',  ( 9.000000000000001800, 0.0000000000000000000, -12.19999999999999900 ) ) ;
#144 = CARTESIAN_POINT ( 'NONE',  ( -9.000000000000000000, 1.769118300197569400, -0.07756262466202254500 ) ) ;
#145 = CARTESIAN_POINT ( 'NONE',  ( 8.265697409064609100, 5.620102221249819500, -0.5590800469813656000 ) ) ;
#146 = CARTESIAN_POINT ( 'NONE',  ( 9.000000000000000000, 3.504753767550382400, -0.3593172728154439000 ) ) ;
#147 = DIRECTION ( 'NONE',  ( 0.0000000000000000000, 0.0000000000000000000, 1.000000000000000000 ) ) ;
#148 = CARTESIAN_POINT ( 'NONE',  ( 9.000000000000000000, 4.355963544827391200, -0.5613059398865150000 ) ) ;
#149 = CARTESIAN_POINT ( 'NONE',  ( -9.000000000000000000, 5.196152422706629400, -0.8038475772933710900 ) ) ;
#150 = DIRECTION ( 'NONE',  ( 0.0000000000000000000, 0.0000000000000000000, 1.000000000000000000 ) ) ;
#151 = CARTESIAN_POINT ( 'NONE',  ( 9.000000000000000000, 5.196152422706636500, -0.8038475772933727500 ) ) ;
#152 = CARTESIAN_POINT ( 'NONE',  ( 0.0000000000000000000, 3.000000000000000000, -10.00000000000000000 ) ) ;
#153 = CARTESIAN_POINT ( 'NONE',  ( -8.263859302085862200, 5.621163452808794100, -0.5584673446549191000 ) ) ;
#154 = DIRECTION ( 'NONE',  ( -0.0000000000000000000, -1.000000000000000000, -0.0000000000000000000 ) ) ;
#155 = CARTESIAN_POINT ( 'NONE',  ( 9.000000000000000000, 1.769118300197570800, -12.12243737533797400 ) ) ;
#156 = CARTESIAN_POINT ( 'NONE',  ( -7.522341449313134200, 6.049278984716044900, -0.3563104543936371800 ) ) ;
#157 = CARTESIAN_POINT ( 'NONE',  ( -6.023803224821310900, 6.914460432017340200, -0.07661102881317633000 ) ) ;
#158 = CARTESIAN_POINT ( 'NONE',  ( 7.522341449313131500, -6.049278984716052900, -0.3563104543936399500 ) ) ;
#159 = CARTESIAN_POINT ( 'NONE',  ( 0.0000000000000000000, 0.0000000000000000000, 0.0000000000000000000 ) ) ;
#160 = CARTESIAN_POINT ( 'NONE',  ( -5.266666970006209400, 7.351593252548065400, 6.417121608398579400E-015 ) ) ;
#161 = CARTESIAN_POINT ( 'NONE',  ( 5.265513565426377200, 7.352259170992717900, -0.01899995639453428900 ) ) ;
#162 = CARTESIAN_POINT ( 'NONE',  ( 9.000000000000000000, 4.355963544827389500, -11.63869406011348500 ) ) ;
#163 = CARTESIAN_POINT ( 'NONE',  ( 9.000000000000001800, 0.8785859941773066500, 8.919256934587780600E-016 ) ) ;
#164 = CARTESIAN_POINT ( 'NONE',  ( -9.000000000000001800, 0.0000000000000000000, 0.0000000000000000000 ) ) ;
#165 = CARTESIAN_POINT ( 'NONE',  ( -4.500000000000003600, 7.794228634059947100, 0.0000000000000000000 ) ) ;
#166 = DIRECTION ( 'NONE',  ( 0.0000000000000000000, 0.0000000000000000000, -1.000000000000000000 ) ) ;
#167 = CARTESIAN_POINT ( 'NONE',  ( 9.000000000000000000, 5.196152422706636500, -0.8038475772933727500 ) ) ;
#168 = DIRECTION ( 'NONE',  ( 0.0000000000000000000, 1.000000000000000000, 0.0000000000000000000 ) ) ;
#169 = CARTESIAN_POINT ( 'NONE',  ( -5.099999999999999600, 6.245698675651500800E-016, -12.19999999999999900 ) ) ;
#170 = CARTESIAN_POINT ( 'NONE',  ( -9.000000000000000000, 3.504753767550377900, -0.3593172728154426800 ) ) ;
#171 = CARTESIAN_POINT ( 'NONE',  ( 6.023803224821311800, -6.914460432017347300, -0.07661102881317979900 ) ) ;
#172 = CARTESIAN_POINT ( 'NONE',  ( 0.0000000000000000000, 0.0000000000000000000, -12.17459999999999800 ) ) ;
#173 = DIRECTION ( 'NONE',  ( 0.0000000000000000000, 0.0000000000000000000, 1.000000000000000000 ) ) ;
#174 = CARTESIAN_POINT ( 'NONE',  ( 4.500000000000002700, 7.794228634059947100, 0.0000000000000000000 ) ) ;
#175 = DIRECTION ( 'NONE',  ( -0.0000000000000000000, -0.0000000000000000000, -1.000000000000000000 ) ) ;
#176 = CARTESIAN_POINT ( 'NONE',  ( 1.477658550686868500, 9.539178283403849400, -0.3563104543936380700 ) ) ;
#177 = DIRECTION ( 'NONE',  ( -0.0000000000000000000, -0.0000000000000000000, 1.000000000000000000 ) ) ;
#178 = CARTESIAN_POINT ( 'NONE',  ( 0.0000000000000000000, 0.0000000000000000000, -12.19999999999999900 ) ) ;
#179 = CARTESIAN_POINT ( 'NONE',  ( 0.0000000000000000000, 0.0000000000000000000, -11.54441321561125400 ) ) ;
#180 = CARTESIAN_POINT ( 'NONE',  ( -8.673617379884035500E-016, 10.39230484541326600, -0.8038475772933727500 ) ) ;
#181 = CARTESIAN_POINT ( 'NONE',  ( 0.0000000000000000000, 0.0000000000000000000, 0.0000000000000000000 ) ) ;
#182 = CARTESIAN_POINT ( 'NONE',  ( 2.976196775178691300, 8.673996836102551500, -0.07661102881317669000 ) ) ;
#183 = CARTESIAN_POINT ( 'NONE',  ( 4.845085371510582500E-016, 1.413440316596247700E-015, 58.00000000000000000 ) ) ;
#184 = DIRECTION ( 'NONE',  ( -0.0000000000000000000, 0.0000000000000000000, -1.000000000000000000 ) ) ;
#185 = DIRECTION ( 'NONE',  ( 1.000000000000000000, 0.0000000000000000000, 0.0000000000000000000 ) ) ;
#186 = CARTESIAN_POINT ( 'NONE',  ( -4.907477288111823400, -8.500000000000000000, 58.00000000000000000 ) ) ;
#187 = DIRECTION ( 'NONE',  ( 0.0000000000000000000, 0.0000000000000000000, 1.000000000000000000 ) ) ;
#188 = CARTESIAN_POINT ( 'NONE',  ( -9.000000000000000000, 5.196152422706629400, -12.19999999999999900 ) ) ;
#189 = DIRECTION ( 'NONE',  ( -0.0000000000000000000, -0.0000000000000000000, -1.000000000000000000 ) ) ;
#190 = CARTESIAN_POINT ( 'NONE',  ( 0.7361406979141380500, 9.967293815311098400, -0.5584673446549203200 ) ) ;
#191 = DIRECTION ( 'NONE',  ( 1.000000000000000000, 0.0000000000000000000, 0.0000000000000000000 ) ) ;
#192 = DIRECTION ( 'NONE',  ( -0.0000000000000000000, -0.0000000000000000000, 1.000000000000000000 ) ) ;
#193 = DIRECTION ( 'NONE',  ( 1.000000000000000000, 0.0000000000000000000, 0.0000000000000000000 ) ) ;
#194 = DIRECTION ( 'NONE',  ( 1.000000000000000000, 0.0000000000000000000, 0.0000000000000000000 ) ) ;
#195 = DIRECTION ( 'NONE',  ( -1.000000000000000000, 0.0000000000000000000, 0.0000000000000000000 ) ) ;
#196 = CARTESIAN_POINT ( 'NONE',  ( 3.733333029993794100, 8.236864015571827100, 6.200281173901478500E-015 ) ) ;
#197 = CARTESIAN_POINT ( 'NONE',  ( -9.000000000000000000, -1.750439824713158100, -0.07547478993377321200 ) ) ;
#198 = DIRECTION ( 'NONE',  ( 0.0000000000000000000, 0.0000000000000000000, -1.000000000000000000 ) ) ;
#199 = CARTESIAN_POINT ( 'NONE',  ( 1.474731560294318500, -9.540868182094911300, -0.3570196857253556400 ) ) ;
#200 = CARTESIAN_POINT ( 'NONE',  ( -1.301042606982605300E-014, -10.39230484541326800, -0.8038475772933727500 ) ) ;
#201 = CARTESIAN_POINT ( 'NONE',  ( 6.023803224821312700, -6.914460432017347300, -12.12338897118681800 ) ) ;
#202 = CARTESIAN_POINT ( 'NONE',  ( 7.522341449313135100, -6.049278984716052900, -11.84368954560636000 ) ) ;
#203 = CARTESIAN_POINT ( 'NONE',  ( 0.0000000000000000000, 13.99999999999999800, 0.0000000000000000000 ) ) ;
#204 = DIRECTION ( 'NONE',  ( -0.0000000000000000000, -1.000000000000000000, -0.0000000000000000000 ) ) ;
#205 = CARTESIAN_POINT ( 'NONE',  ( 2.975619346028162100, -8.674330214978052600, -0.09252763182292191000 ) ) ;
#206 = DIRECTION ( 'NONE',  ( 0.0000000000000000000, 0.0000000000000000000, 1.000000000000000000 ) ) ;
#207 = CARTESIAN_POINT ( 'NONE',  ( 2.598723904613009100, -8.891930899535436700, -0.1469846612282534900 ) ) ;
#208 = CARTESIAN_POINT ( 'NONE',  ( 5.099999999999999600, 0.0000000000000000000, -12.19999999999999900 ) ) ;
#209 = CARTESIAN_POINT ( 'NONE',  ( -9.000000000000001800, -4.351040328464071300, -0.5598847297401580200 ) ) ;
#210 = DIRECTION ( 'NONE',  ( 0.0000000000000000000, 0.0000000000000000000, 1.000000000000000000 ) ) ;
#211 = DIRECTION ( 'NONE',  ( -0.0000000000000000000, -0.0000000000000000000, -1.000000000000000000 ) ) ;
#212 = CARTESIAN_POINT ( 'NONE',  ( 0.7343025909353867500, -9.968355046870087200, -0.5590800469813723700 ) ) ;
#213 = CARTESIAN_POINT ( 'NONE',  ( 4.500000000000003600, -7.794228634059947100, -12.19999999999999900 ) ) ;
#214 = CARTESIAN_POINT ( 'NONE',  ( 0.7361406979141390500, 9.967293815311100100, -11.64153265534507900 ) ) ;
#215 = DIRECTION ( 'NONE',  ( 1.000000000000000000, 0.0000000000000000000, 0.0000000000000000000 ) ) ;
#216 = CARTESIAN_POINT ( 'NONE',  ( 3.733333029993792400, 8.236864015571827100, -12.20000000000000600 ) ) ;
#217 = CARTESIAN_POINT ( 'NONE',  ( 4.118099735505515100, -8.014718854569434100, 2.900664327872350700E-015 ) ) ;
#218 = CARTESIAN_POINT ( 'NONE',  ( -9.000000000000000000, -5.196152422706636500, -0.8038475772933727500 ) ) ;
#219 = CARTESIAN_POINT ( 'NONE',  ( -9.000000000000000000, -0.8780643052077352600, 1.077425908907470000E-015 ) ) ;
#220 = CARTESIAN_POINT ( 'NONE',  ( 5.266666970006213000, -7.351593252548071600, -12.20000000000000500 ) ) ;
#221 = CARTESIAN_POINT ( 'NONE',  ( -9.000000000000001800, 0.0000000000000000000, 0.0000000000000000000 ) ) ;
#222 = DIRECTION ( 'NONE',  ( -0.0000000000000000000, -1.000000000000000000, -0.0000000000000000000 ) ) ;
#223 = CARTESIAN_POINT ( 'NONE',  ( 9.000000000000000000, -5.196152422706636500, -12.19999999999999900 ) ) ;
#224 = CARTESIAN_POINT ( 'NONE',  ( 4.500000000000003600, -7.794228634059947100, 0.0000000000000000000 ) ) ;
#225 = DIRECTION ( 'NONE',  ( 0.0000000000000000000, 1.000000000000000000, 0.0000000000000000000 ) ) ;
#226 = CARTESIAN_POINT ( 'NONE',  ( 1.734723475976807100E-015, 10.39230484541326800, -11.39615242270662600 ) ) ;
#227 = CARTESIAN_POINT ( 'NONE',  ( 3.734486434573628200, -8.236198097127180900, -0.01899995639453668000 ) ) ;
#228 = DIRECTION ( 'NONE',  ( 0.0000000000000000000, 0.0000000000000000000, -1.000000000000000000 ) ) ;
#229 = CARTESIAN_POINT ( 'NONE',  ( 2.976196775178691300, 8.673996836102551500, -12.12338897118682400 ) ) ;
#230 = CARTESIAN_POINT ( 'NONE',  ( 0.0000000000000000000, 0.0000000000000000000, -0.6301867843887418700 ) ) ;
#231 = CARTESIAN_POINT ( 'NONE',  ( 0.0000000000000000000, 0.0000000000000000000, -12.19999999999999900 ) ) ;
#232 = CARTESIAN_POINT ( 'NONE',  ( 0.0000000000000000000, 0.0000000000000000000, 0.0000000000000000000 ) ) ;
#233 = CARTESIAN_POINT ( 'NONE',  ( 1.477658550686868500, 9.539178283403847700, -11.84368954560636000 ) ) ;
#234 = CARTESIAN_POINT ( 'NONE',  ( 9.000000000000001800, -5.196152422706638200, -11.39615242270662600 ) ) ;
#235 = CARTESIAN_POINT ( 'NONE',  ( 4.500000000000002700, 7.794228634059947100, -12.19999999999999900 ) ) ;
#236 = CARTESIAN_POINT ( 'NONE',  ( 3.673940397442059900E-016, 0.0000000000000000000, 3.000000000000000000 ) ) ;
#237 = DIRECTION ( 'NONE',  ( -0.0000000000000000000, -1.000000000000000000, -0.0000000000000000000 ) ) ;
#238 = CARTESIAN_POINT ( 'NONE',  ( -9.000000000000000000, -3.485479754112942500, -0.3552645118408587200 ) ) ;
#239 = DIRECTION ( 'NONE',  ( 0.0000000000000000000, 0.0000000000000000000, -1.000000000000000000 ) ) ;
#240 = CARTESIAN_POINT ( 'NONE',  ( 0.0000000000000000000, 2.710505431213761100E-017, 0.0000000000000000000 ) ) ;
#241 = DIRECTION ( 'NONE',  ( 1.000000000000000000, 0.0000000000000000000, 0.0000000000000000000 ) ) ;
#242 = CARTESIAN_POINT ( 'NONE',  ( 8.263859302085862200, -5.621163452808799500, -11.64153265534507600 ) ) ;
#243 = CARTESIAN_POINT ( 'NONE',  ( 0.0000000000000000000, 0.0000000000000000000, -12.19999999999999900 ) ) ;
#244 = CARTESIAN_POINT ( 'NONE',  ( -5.265513565426379800, -7.352259170992723200, -12.18100004360546200 ) ) ;
#245 = CARTESIAN_POINT ( 'NONE',  ( -0.7361406979141519300, -9.967293815311100100, -11.64153265534507600 ) ) ;
#246 = CARTESIAN_POINT ( 'NONE',  ( -3.733333029993798600, -8.236864015571830700, -12.20000000000000500 ) ) ;
#247 = CARTESIAN_POINT ( 'NONE',  ( -8.265697409064607400, -5.620102221249821300, -11.64091995301863100 ) ) ;
#248 = CARTESIAN_POINT ( 'NONE',  ( 0.0000000000000000000, 3.000000000000000000, 0.0000000000000000000 ) ) ;
#249 = CARTESIAN_POINT ( 'NONE',  ( -1.477658550686880200, -9.539178283403849400, -11.84368954560635800 ) ) ;
#250 = CARTESIAN_POINT ( 'NONE',  ( -4.500000000000002700, -7.794228634059946300, -12.19999999999999900 ) ) ;
#251 = CARTESIAN_POINT ( 'NONE',  ( -6.401276095386994500, -6.696526368584471800, -12.05301533877174700 ) ) ;
#252 = CARTESIAN_POINT ( 'NONE',  ( -7.525268439705684800, -6.047589086024999900, -11.84298031427465000 ) ) ;
#253 = DIRECTION ( 'NONE',  ( 1.000000000000000000, 0.0000000000000000000, 0.0000000000000000000 ) ) ;
#254 = CARTESIAN_POINT ( 'NONE',  ( 0.0000000000000000000, 3.000000000000000000, -2.999999999999999100 ) ) ;
#255 = DIRECTION ( 'NONE',  ( 0.0000000000000000000, 0.0000000000000000000, 1.000000000000000000 ) ) ;
#256 = DIRECTION ( 'NONE',  ( 0.0000000000000000000, 0.0000000000000000000, 1.000000000000000000 ) ) ;
#257 = CARTESIAN_POINT ( 'NONE',  ( -4.881900264494494700, -7.573738413550470000, -12.20000000000000500 ) ) ;
#258 = CARTESIAN_POINT ( 'NONE',  ( -4.500000000000002700, -7.794228634059946300, -12.19999999999999900 ) ) ;
#259 = DIRECTION ( 'NONE',  ( -0.0000000000000000000, -0.0000000000000000000, -1.000000000000000000 ) ) ;
#260 = CARTESIAN_POINT ( 'NONE',  ( -9.000000000000000000, -5.196152422706636500, -11.39615242270662600 ) ) ;
#261 = CARTESIAN_POINT ( 'NONE',  ( -9.000000000000000000, -5.196152422706636500, -11.39615242270662600 ) ) ;
#262 = DIRECTION ( 'NONE',  ( 1.000000000000000000, 0.0000000000000000000, 0.0000000000000000000 ) ) ;
#263 = CARTESIAN_POINT ( 'NONE',  ( -1.734723475976807100E-014, -10.39230484541326800, -11.39615242270662600 ) ) ;
#264 = CARTESIAN_POINT ( 'NONE',  ( -9.000000000000000000, -1.750439824713158300, -12.12452521006622100 ) ) ;
#265 = DIRECTION ( 'NONE',  ( -0.0000000000000000000, -1.000000000000000000, -0.0000000000000000000 ) ) ;
#266 = DIRECTION ( 'NONE',  ( 0.0000000000000000000, 1.000000000000000000, 0.0000000000000000000 ) ) ;
#267 = DIRECTION ( 'NONE',  ( 0.0000000000000000000, 0.0000000000000000000, 1.000000000000000000 ) ) ;
#268 = CARTESIAN_POINT ( 'NONE',  ( 3.673940397442058900E-016, 3.000000000000000000, 2.999999999999999100 ) ) ;
#269 = DIRECTION ( 'NONE',  ( 0.0000000000000000000, 0.0000000000000000000, 1.000000000000000000 ) ) ;
#270 = CARTESIAN_POINT ( 'NONE',  ( 1.224646799147353300E-015, 3.000000000000000000, 10.00000000000000000 ) ) ;
#271 = CARTESIAN_POINT ( 'NONE',  ( -9.000000000000000000, -5.196152422706636500, -12.19999999999999900 ) ) ;
#272 = CARTESIAN_POINT ( 'NONE',  ( -9.000000000000000000, -3.485479754112942100, -11.84473548815913800 ) ) ;
#273 = CARTESIAN_POINT ( 'NONE',  ( 4.500000000000003600, -7.794228634059947100, -12.19999999999999900 ) ) ;
#274 = CARTESIAN_POINT ( 'NONE',  ( -2.976196775178698000, -8.673996836102553200, -12.12338897118681800 ) ) ;
#275 = CARTESIAN_POINT ( 'NONE',  ( 0.0000000000000000000, 0.0000000000000000000, 0.0000000000000000000 ) ) ;
#276 = CARTESIAN_POINT ( 'NONE',  ( -9.000000000000001800, -4.351040328464071300, -11.64011527025983900 ) ) ;
#277 = DIRECTION ( 'NONE',  ( -0.0000000000000000000, -1.000000000000000000, -0.0000000000000000000 ) ) ;
#278 = CARTESIAN_POINT ( 'NONE',  ( -9.000000000000000000, -0.8780643052077364800, -12.20000000000000500 ) ) ;
#279 = CARTESIAN_POINT ( 'NONE',  ( -4.500000000000003600, 7.794228634059947100, 0.0000000000000000000 ) ) ;
#280 = CARTESIAN_POINT ( 'NONE',  ( -6.024380653971841000, -6.914127053141852400, -12.10747236817707200 ) ) ;
#281 = DIRECTION ( 'NONE',  ( -0.0000000000000000000, -1.000000000000000000, -0.0000000000000000000 ) ) ;
#282 = CARTESIAN_POINT ( 'NONE',  ( 0.0000000000000000000, 0.0000000000000000000, -12.17459999999999800 ) ) ;
#283 = DIRECTION ( 'NONE',  ( -0.0000000000000000000, -0.0000000000000000000, 1.000000000000000000 ) ) ;
#284 = CARTESIAN_POINT ( 'NONE',  ( -9.000000000000000000, 0.0000000000000000000, -12.19999999999999900 ) ) ;
#285 = DIRECTION ( 'NONE',  ( -0.0000000000000000000, -0.0000000000000000000, -1.000000000000000000 ) ) ;
#286 = CARTESIAN_POINT ( 'NONE',  ( 0.0000000000000000000, 13.99999999999999800, 0.0000000000000000000 ) ) ;
#287 = CARTESIAN_POINT ( 'NONE',  ( -5.713207874708063000, -7.104433686803043100, 57.66348454732330000 ) ) ;
#288 = CARTESIAN_POINT ( 'NONE',  ( 0.0000000000000000000, 3.000000000000000000, 0.0000000000000000000 ) ) ;
#289 = CARTESIAN_POINT ( 'NONE',  ( 0.0000000000000000000, 0.0000000000000000000, -12.19999999999999900 ) ) ;
#290 = CARTESIAN_POINT ( 'NONE',  ( -8.673617379884035500E-016, 10.39230484541326600, -0.8038475772933727500 ) ) ;
#291 = DIRECTION ( 'NONE',  ( 0.0000000000000000000, 0.0000000000000000000, 1.000000000000000000 ) ) ;
#292 = CARTESIAN_POINT ( 'NONE',  ( 2.975619346028162600, -8.674330214978054300, -12.10747236817707800 ) ) ;
#293 = DIRECTION ( 'NONE',  ( 0.0000000000000000000, 0.0000000000000000000, -1.000000000000000000 ) ) ;
#294 = CARTESIAN_POINT ( 'NONE',  ( 0.7343025909353844100, -9.968355046870090800, -11.64091995301862800 ) ) ;
#295 = CARTESIAN_POINT ( 'NONE',  ( 1.474731560294314700, -9.540868182094914800, -11.84298031427464800 ) ) ;
#296 = CARTESIAN_POINT ( 'NONE',  ( 2.598723904613006800, -8.891930899535434900, -12.05301533877175000 ) ) ;
#297 = DIRECTION ( 'NONE',  ( 0.0000000000000000000, 0.0000000000000000000, 1.000000000000000000 ) ) ;
#298 = CARTESIAN_POINT ( 'NONE',  ( -4.118099735505515100, 8.014718854569428800, 6.418815674293085600E-015 ) ) ;
#299 = CARTESIAN_POINT ( 'NONE',  ( -2.975619346028163500, 8.674330214978047200, -0.09252763182291916200 ) ) ;
#300 = DIRECTION ( 'NONE',  ( 1.000000000000000000, 0.0000000000000000000, 0.0000000000000000000 ) ) ;
#301 = CARTESIAN_POINT ( 'NONE',  ( -3.734486434573626800, 8.236198097127175500, -0.01899995639453417100 ) ) ;
#302 = DIRECTION ( 'NONE',  ( -0.0000000000000000000, -1.000000000000000000, -0.0000000000000000000 ) ) ;
#303 = CARTESIAN_POINT ( 'NONE',  ( 0.0000000000000000000, 3.000000000000000000, 0.0000000000000000000 ) ) ;
#304 = CARTESIAN_POINT ( 'NONE',  ( -0.7343025909353927400, 9.968355046870073000, -0.5590800469813667100 ) ) ;
#305 = CARTESIAN_POINT ( 'NONE',  ( 4.118099735505516900, -8.014718854569434100, -12.20000000000000600 ) ) ;
#306 = CARTESIAN_POINT ( 'NONE',  ( -2.598723904613011300, 8.891930899535427800, -0.1469846612282487100 ) ) ;
#307 = CARTESIAN_POINT ( 'NONE',  ( 0.0000000000000000000, 0.0000000000000000000, -11.54441321561125400 ) ) ;
#308 = DIRECTION ( 'NONE',  ( -1.000000000000000000, 0.0000000000000000000, 0.0000000000000000000 ) ) ;
#309 = DIRECTION ( 'NONE',  ( 1.000000000000000000, 0.0000000000000000000, 0.0000000000000000000 ) ) ;
#310 = CARTESIAN_POINT ( 'NONE',  ( -1.474731560294323200, 9.540868182094900600, -0.3570196857253500300 ) ) ;
#311 = DIRECTION ( 'NONE',  ( -0.0000000000000000000, -0.0000000000000000000, 1.000000000000000000 ) ) ;
#312 = CARTESIAN_POINT ( 'NONE',  ( 9.000000000000001800, -5.196152422706638200, -11.39615242270662600 ) ) ;
#313 = CARTESIAN_POINT ( 'NONE',  ( 0.0000000000000000000, 0.0000000000000000000, 0.0000000000000000000 ) ) ;
#314 = CARTESIAN_POINT ( 'NONE',  ( -1.734723475976807100E-014, -10.39230484541326800, -11.39615242270662600 ) ) ;
#315 = DIRECTION ( 'NONE',  ( -0.0000000000000000000, -0.0000000000000000000, -1.000000000000000000 ) ) ;
#316 = DIRECTION ( 'NONE',  ( 0.0000000000000000000, 0.0000000000000000000, 1.000000000000000000 ) ) ;
#317 = DIRECTION ( 'NONE',  ( 1.000000000000000000, 0.0000000000000000000, 0.0000000000000000000 ) ) ;
#318 = CARTESIAN_POINT ( 'NONE',  ( 0.0000000000000000000, 0.0000000000000000000, -12.19999999999999900 ) ) ;
#319 = DIRECTION ( 'NONE',  ( 0.0000000000000000000, 0.0000000000000000000, 1.000000000000000000 ) ) ;
#320 = DIRECTION ( 'NONE',  ( 1.000000000000000000, 0.0000000000000000000, 0.0000000000000000000 ) ) ;
#321 = DIRECTION ( 'NONE',  ( 0.0000000000000000000, 1.000000000000000000, 0.0000000000000000000 ) ) ;
#322 = CARTESIAN_POINT ( 'NONE',  ( 9.000000000000001800, -4.351040328464071300, -11.64011527025983900 ) ) ;
#323 = CARTESIAN_POINT ( 'NONE',  ( 0.0000000000000000000, 0.0000000000000000000, 0.0000000000000000000 ) ) ;
#324 = DIRECTION ( 'NONE',  ( 1.000000000000000000, 0.0000000000000000000, 0.0000000000000000000 ) ) ;
#325 = DIRECTION ( 'NONE',  ( 0.0000000000000000000, 1.000000000000000000, 0.0000000000000000000 ) ) ;
#326 = CARTESIAN_POINT ( 'NONE',  ( 3.734486434573626800, -8.236198097127179100, -12.18100004360546300 ) ) ;
#327 = DIRECTION ( 'NONE',  ( 1.000000000000000000, 0.0000000000000000000, 0.0000000000000000000 ) ) ;
#328 = CARTESIAN_POINT ( 'NONE',  ( -4.881900264494491100, -7.573738413550470000, 2.954027403549371600E-015 ) ) ;
#329 = DIRECTION ( 'NONE',  ( -0.0000000000000000000, -0.0000000000000000000, -1.000000000000000000 ) ) ;
#330 = CARTESIAN_POINT ( 'NONE',  ( -6.000000000000001800, 0.0000000000000000000, -12.17459999999999800 ) ) ;
#331 = CARTESIAN_POINT ( 'NONE',  ( -0.7361406979141491600, -9.967293815311098400, -0.5584673446549213200 ) ) ;
#332 = CARTESIAN_POINT ( 'NONE',  ( -4.118099735505514200, 8.014718854569430600, -12.20000000000001200 ) ) ;
#333 = CARTESIAN_POINT ( 'NONE',  ( -4.500000000000002700, -7.794228634059946300, 0.0000000000000000000 ) ) ;
#334 = CARTESIAN_POINT ( 'NONE',  ( -2.976196775178696200, -8.673996836102555000, -0.07661102881317978500 ) ) ;
#335 = DIRECTION ( 'NONE',  ( 1.000000000000000000, 0.0000000000000000000, 0.0000000000000000000 ) ) ;
#336 = CARTESIAN_POINT ( 'NONE',  ( 9.000000000000000000, -0.8780643052077367100, -12.20000000000000500 ) ) ;
#337 = DIRECTION ( 'NONE',  ( 0.0000000000000000000, 0.0000000000000000000, -1.000000000000000000 ) ) ;
#338 = CARTESIAN_POINT ( 'NONE',  ( -0.7343025909353908500, 9.968355046870080100, -11.64091995301863500 ) ) ;
#339 = CARTESIAN_POINT ( 'NONE',  ( -2.975619346028161700, 8.674330214978047200, -12.10747236817708300 ) ) ;
#340 = CARTESIAN_POINT ( 'NONE',  ( 5.010000000000000700, 0.0000000000000000000, -0.6932054628276153000 ) ) ;
#341 = CARTESIAN_POINT ( 'NONE',  ( 9.000000000000000000, -1.750439824713157600, -12.12452521006622100 ) ) ;
#342 = DIRECTION ( 'NONE',  ( -0.8191520442889909100, 0.0000000000000000000, -0.5735764363510473800 ) ) ;
#343 = DIRECTION ( 'NONE',  ( -0.0000000000000000000, -1.000000000000000000, -0.0000000000000000000 ) ) ;
#344 = CARTESIAN_POINT ( 'NONE',  ( -3.734486434573625500, 8.236198097127172000, -12.18100004360546500 ) ) ;
#345 = CARTESIAN_POINT ( 'NONE',  ( -2.598723904613009900, 8.891930899535427800, -12.05301533877175400 ) ) ;
#346 = CARTESIAN_POINT ( 'NONE',  ( 1.734723475976807100E-015, 10.39230484541326800, -11.39615242270662600 ) ) ;
#347 = CARTESIAN_POINT ( 'NONE',  ( -1.301042606982605300E-014, -10.39230484541326800, -0.8038475772933727500 ) ) ;
#348 = DIRECTION ( 'NONE',  ( 1.000000000000000000, 0.0000000000000000000, 0.0000000000000000000 ) ) ;
#349 = CARTESIAN_POINT ( 'NONE',  ( 0.0000000000000000000, 0.0000000000000000000, -3.000000000000000000 ) ) ;
#350 = DIRECTION ( 'NONE',  ( -0.0000000000000000000, -0.0000000000000000000, 1.000000000000000000 ) ) ;
#351 = CARTESIAN_POINT ( 'NONE',  ( 0.0000000000000000000, 3.000000000000000000, 0.0000000000000000000 ) ) ;
#352 = CARTESIAN_POINT ( 'NONE',  ( 0.0000000000000000000, 0.0000000000000000000, -12.19999999999999900 ) ) ;
#353 = DIRECTION ( 'NONE',  ( 1.000000000000000000, 1.776356839400250500E-015, 0.0000000000000000000 ) ) ;
#354 = DIRECTION ( 'NONE',  ( 1.000000000000000000, 0.0000000000000000000, 0.0000000000000000000 ) ) ;
#355 = DIRECTION ( 'NONE',  ( 0.8191520442889906900, 0.0000000000000000000, 0.5735764363510477100 ) ) ;
#356 = CARTESIAN_POINT ( 'NONE',  ( -1.477658550686878000, -9.539178283403853000, -0.3563104543936401700 ) ) ;
#357 = CARTESIAN_POINT ( 'NONE',  ( -1.474731560294321000, 9.540868182094905900, -11.84298031427465300 ) ) ;
#358 = CARTESIAN_POINT ( 'NONE',  ( 0.0000000000000000000, 0.0000000000000000000, -12.19999999999999900 ) ) ;
#359 = CARTESIAN_POINT ( 'NONE',  ( 9.000000000000001800, 0.0000000000000000000, -12.19999999999999900 ) ) ;
#360 = DIRECTION ( 'NONE',  ( -0.0000000000000000000, -0.0000000000000000000, 1.000000000000000000 ) ) ;
#361 = CARTESIAN_POINT ( 'NONE',  ( 9.000000000000000000, -3.485479754112942500, -11.84473548815913800 ) ) ;
#362 = CARTESIAN_POINT ( 'NONE',  ( -3.733333029993797700, -8.236864015571832500, 2.832478175618380300E-015 ) ) ;
#363 = CARTESIAN_POINT ( 'NONE',  ( 0.0000000000000000000, 0.0000000000000000000, 0.0000000000000000000 ) ) ;
#364 = CARTESIAN_POINT ( 'NONE',  ( -4.500000000000003600, 7.794228634059947100, -12.19999999999999900 ) ) ;
#365 = DIRECTION ( 'NONE',  ( 0.0000000000000000000, 1.000000000000000000, 0.0000000000000000000 ) ) ;
#366 = CARTESIAN_POINT ( 'NONE',  ( -6.530323681610834500, -5.689147593579797900, 57.92764512579074000 ) ) ;
#367 = CARTESIAN_POINT ( 'NONE',  ( 0.0000000000000000000, 0.0000000000000000000, -0.6301867843887418700 ) ) ;
#368 = CARTESIAN_POINT ( 'NONE',  ( -4.500000000000002700, -7.794228634059946300, 0.0000000000000000000 ) ) ;
#369 = CARTESIAN_POINT ( 'NONE',  ( 0.0000000000000000000, 0.0000000000000000000, 0.0000000000000000000 ) ) ;
#370 = DIRECTION ( 'NONE',  ( 0.0000000000000000000, 0.0000000000000000000, 1.000000000000000000 ) ) ;
#371 = DIRECTION ( 'NONE',  ( -0.0000000000000000000, -0.0000000000000000000, 1.000000000000000000 ) ) ;
#372 = CARTESIAN_POINT ( 'NONE',  ( 9.000000000000000000, 5.196152422706630200, -12.19999999999999900 ) ) ;
#373 = CARTESIAN_POINT ( 'NONE',  ( 0.0000000000000000000, 0.0000000000000000000, 0.0000000000000000000 ) ) ;
#374 = CARTESIAN_POINT ( 'NONE',  ( -6.024380653971841000, -6.914127053141853300, -0.09252763182292164700 ) ) ;
#375 = CARTESIAN_POINT ( 'NONE',  ( -9.000000000000001800, 0.8785859941773053200, -12.20000000000000100 ) ) ;
#376 = CARTESIAN_POINT ( 'NONE',  ( 0.0000000000000000000, 18.00000000000000000, 0.0000000000000000000 ) ) ;
#377 = CARTESIAN_POINT ( 'NONE',  ( -9.000000000000000000, 0.0000000000000000000, -12.19999999999999900 ) ) ;
#378 = DIRECTION ( 'NONE',  ( 1.000000000000000000, 0.0000000000000000000, 0.0000000000000000000 ) ) ;
#379 = CARTESIAN_POINT ( 'NONE',  ( 0.0000000000000000000, 18.00000000000000000, 0.0000000000000000000 ) ) ;
#380 = DIRECTION ( 'NONE',  ( -0.0000000000000000000, -1.000000000000000000, -0.0000000000000000000 ) ) ;
#381 = CARTESIAN_POINT ( 'NONE',  ( 0.0000000000000000000, 13.99999999999999800, 0.0000000000000000000 ) ) ;
#382 = CARTESIAN_POINT ( 'NONE',  ( 2.755455298081544800E-015, 0.0000000000000000000, 22.50000000000000000 ) ) ;
#383 = CARTESIAN_POINT ( 'NONE',  ( -7.525268439705680400, -6.047589086024999000, -0.3570196857253522000 ) ) ;
#384 = DIRECTION ( 'NONE',  ( 1.067350013832347700E-017, -0.9961946980917452100, 0.08715574274766230100 ) ) ;
#385 = CARTESIAN_POINT ( 'NONE',  ( -9.000000000000000000, 5.196152422706636500, -11.39615242270662600 ) ) ;
#386 = DIRECTION ( 'NONE',  ( 0.0000000000000000000, 0.0000000000000000000, 1.000000000000000000 ) ) ;
#387 = CARTESIAN_POINT ( 'NONE',  ( -6.401276095386991800, -6.696526368584470900, -0.1469846612282518200 ) ) ;
#388 = CARTESIAN_POINT ( 'NONE',  ( -8.265697409064609100, -5.620102221249823900, -0.5590800469813677100 ) ) ;
#389 = DIRECTION ( 'NONE',  ( -0.0000000000000000000, -1.000000000000000000, -0.0000000000000000000 ) ) ;
#390 = CARTESIAN_POINT ( 'NONE',  ( -9.000000000000000000, 1.769118300197570800, -12.12243737533797400 ) ) ;
#391 = CARTESIAN_POINT ( 'NONE',  ( -6.943171362668082700, -4.974074434201655000, 58.00000000000005700 ) ) ;
#392 = DIRECTION ( 'NONE',  ( 0.0000000000000000000, 0.0000000000000000000, -1.000000000000000000 ) ) ;
#393 = CARTESIAN_POINT ( 'NONE',  ( -4.681546503268442800E-016, 10.39230484541326600, -12.19999999999999900 ) ) ;
#394 = CARTESIAN_POINT ( 'NONE',  ( -6.023803224821308300, 6.914460432017342000, -12.12338897118682400 ) ) ;
#395 = DIRECTION ( 'NONE',  ( 1.000000000000000000, 0.0000000000000000000, 0.0000000000000000000 ) ) ;
#396 = DIRECTION ( 'NONE',  ( 0.0000000000000000000, 0.0000000000000000000, 1.000000000000000000 ) ) ;
#397 = CARTESIAN_POINT ( 'NONE',  ( -7.522341449313129800, 6.049278984716048400, -11.84368954560636500 ) ) ;
#398 = CARTESIAN_POINT ( 'NONE',  ( -9.000000000000000000, -5.196152422706636500, -0.8038475772933727500 ) ) ;
#399 = CARTESIAN_POINT ( 'NONE',  ( 0.0000000000000000000, 0.0000000000000000000, 0.0000000000000000000 ) ) ;
#400 = DIRECTION ( 'NONE',  ( 0.0000000000000000000, 0.0000000000000000000, 1.000000000000000000 ) ) ;
#401 = DIRECTION ( 'NONE',  ( -0.0000000000000000000, -0.0000000000000000000, 1.000000000000000000 ) ) ;
#402 = CARTESIAN_POINT ( 'NONE',  ( -9.000000000000000000, 5.196152422706636500, -11.39615242270662600 ) ) ;
#403 = CARTESIAN_POINT ( 'NONE',  ( -5.266666970006207600, 7.351593252548068100, -12.20000000000000600 ) ) ;
#404 = CARTESIAN_POINT ( 'NONE',  ( -8.263859302085860400, 5.621163452808797700, -11.64153265534507900 ) ) ;
#405 = CARTESIAN_POINT ( 'NONE',  ( -4.500000000000003600, 7.794228634059947100, -12.19999999999999900 ) ) ;
#406 = CARTESIAN_POINT ( 'NONE',  ( -5.265513565426380700, -7.352259170992725900, -0.01899995639453715800 ) ) ;
#407 = CARTESIAN_POINT ( 'NONE',  ( -9.000000000000000000, 3.504753767550380600, -11.84068272718455400 ) ) ;
#408 = CARTESIAN_POINT ( 'NONE',  ( 0.0000000000000000000, -10.39230484541327300, -12.19999999999999900 ) ) ;
#409 = CARTESIAN_POINT ( 'NONE',  ( -9.000000000000000000, 4.355963544827389500, -11.63869406011348500 ) ) ;
#410 = DIRECTION ( 'NONE',  ( 0.0000000000000000000, 0.0000000000000000000, -1.000000000000000000 ) ) ;
#411 = DIRECTION ( 'NONE',  ( 0.0000000000000000000, 0.0000000000000000000, -1.000000000000000000 ) ) ;
#412 = DIRECTION ( 'NONE',  ( -0.0000000000000000000, -1.000000000000000000, -0.0000000000000000000 ) ) ;
#413 = CARTESIAN_POINT ( 'NONE',  ( 0.0000000000000000000, 18.00000000000000000, 0.0000000000000000000 ) ) ;
#414 = DIRECTION ( 'NONE',  ( 0.0000000000000000000, 0.0000000000000000000, 1.000000000000000000 ) ) ;
#415 = DIRECTION ( 'NONE',  ( -0.0000000000000000000, -1.000000000000000000, -0.0000000000000000000 ) ) ;
#416 = CARTESIAN_POINT ( 'NONE',  ( 0.0000000000000000000, 6.767746672320449800, -17.89261953838324700 ) ) ;
#417 = CARTESIAN_POINT ( 'NONE',  ( 0.0000000000000000000, 18.00000000000000000, 0.0000000000000000000 ) ) ;
#418 = CARTESIAN_POINT ( 'NONE',  ( 0.0000000000000000000, 0.0000000000000000000, -22.50000000000000000 ) ) ;
#419 = DIRECTION ( 'NONE',  ( 0.0000000000000000000, 0.0000000000000000000, -1.000000000000000000 ) ) ;
#420 = CARTESIAN_POINT ( 'NONE',  ( 0.0000000000000000000, 6.767746672320449800, 0.0000000000000000000 ) ) ;
#421 = DIRECTION ( 'NONE',  ( -0.0000000000000000000, -1.000000000000000000, -0.0000000000000000000 ) ) ;
#422 = CARTESIAN_POINT ( 'NONE',  ( 0.0000000000000000000, 6.077231937188676300, -10.00000000000000000 ) ) ;
#423 = DIRECTION ( 'NONE',  ( 0.0000000000000000000, 0.0000000000000000000, 1.000000000000000000 ) ) ;
#424 = DIRECTION ( 'NONE',  ( 0.0000000000000000000, 0.0000000000000000000, -1.000000000000000000 ) ) ;
#425 = DIRECTION ( 'NONE',  ( -0.0000000000000000000, -1.000000000000000000, -0.0000000000000000000 ) ) ;
#426 = DIRECTION ( 'NONE',  ( -0.0000000000000000000, -1.000000000000000000, -0.0000000000000000000 ) ) ;
#427 = CARTESIAN_POINT ( 'NONE',  ( 0.0000000000000000000, 0.0000000000000000000, 0.0000000000000000000 ) ) ;
#428 = DIRECTION ( 'NONE',  ( 0.0000000000000000000, 1.000000000000000000, 0.0000000000000000000 ) ) ;
#429 = DIRECTION ( 'NONE',  ( -0.0000000000000000000, -1.000000000000000000, -0.0000000000000000000 ) ) ;
#430 = DIRECTION ( 'NONE',  ( 0.0000000000000000000, -0.9961946980917452100, -0.08715574274766230100 ) ) ;
#431 = DIRECTION ( 'NONE',  ( 0.0000000000000000000, 0.0000000000000000000, -1.000000000000000000 ) ) ;
#432 = CARTESIAN_POINT ( 'NONE',  ( 0.0000000000000000000, 13.99999999999999800, 0.0000000000000000000 ) ) ;
#433 = DIRECTION ( 'NONE',  ( 0.0000000000000000000, 0.0000000000000000000, -1.000000000000000000 ) ) ;
#434 = DIRECTION ( 'NONE',  ( -0.0000000000000000000, -1.000000000000000000, -0.0000000000000000000 ) ) ;
#435 = DIRECTION ( 'NONE',  ( 0.0000000000000000000, 1.000000000000000000, 0.0000000000000000000 ) ) ;
#436 = DIRECTION ( 'NONE',  ( -1.224646799147353200E-016, 0.0000000000000000000, -1.000000000000000000 ) ) ;
#437 = CARTESIAN_POINT ( 'NONE',  ( 0.0000000000000000000, 2.710505431213761100E-017, 0.0000000000000000000 ) ) ;
#438 = DIRECTION ( 'NONE',  ( 0.0000000000000000000, 0.0000000000000000000, 1.000000000000000000 ) ) ;
#439 = CARTESIAN_POINT ( 'NONE',  ( 1.224646799147353300E-015, 6.077231937188676300, 10.00000000000000000 ) ) ;
#440 = CARTESIAN_POINT ( 'NONE',  ( 0.0000000000000000000, 0.0000000000000000000, 0.0000000000000000000 ) ) ;
#441 = CARTESIAN_POINT ( 'NONE',  ( 1.224646799147353300E-015, 6.077231937188676300, 10.00000000000000000 ) ) ;
#442 = DIRECTION ( 'NONE',  ( -0.0000000000000000000, -1.000000000000000000, -0.0000000000000000000 ) ) ;
#443 = DIRECTION ( 'NONE',  ( 1.000000000000000000, 0.0000000000000000000, -1.224646799147353200E-016 ) ) ;
#444 = DIRECTION ( 'NONE',  ( -0.0000000000000000000, -1.000000000000000000, -0.0000000000000000000 ) ) ;
#445 = DIRECTION ( 'NONE',  ( 0.0000000000000000000, 0.0000000000000000000, 1.000000000000000000 ) ) ;
#446 = DIRECTION ( 'NONE',  ( 0.0000000000000000000, -0.9961946980917452100, -0.08715574274766210700 ) ) ;
#447 = DIRECTION ( 'NONE',  ( 1.000000000000000000, 0.0000000000000000000, -1.224646799147353200E-016 ) ) ;
#448 = DIRECTION ( 'NONE',  ( 0.0000000000000000000, 0.0000000000000000000, -1.000000000000000000 ) ) ;
#449 = DIRECTION ( 'NONE',  ( 0.0000000000000000000, 0.0000000000000000000, -1.000000000000000000 ) ) ;
#450 = CARTESIAN_POINT ( 'NONE',  ( 0.0000000000000000000, 7.116369643311096600, 0.0000000000000000000 ) ) ;
#451 = CARTESIAN_POINT ( 'NONE',  ( 0.0000000000000000000, 0.0000000000000000000, 0.0000000000000000000 ) ) ;
#452 = DIRECTION ( 'NONE',  ( -1.224646799147353200E-016, 0.0000000000000000000, -1.000000000000000000 ) ) ;
#453 = DIRECTION ( 'NONE',  ( 0.0000000000000000000, 0.0000000000000000000, -1.000000000000000000 ) ) ;
#454 = DIRECTION ( 'NONE',  ( -1.000000000000000000, 0.0000000000000000000, 0.0000000000000000000 ) ) ;
#455 = CARTESIAN_POINT ( 'NONE',  ( 0.0000000000000000000, 0.0000000000000000000, 0.0000000000000000000 ) ) ;
#456 = DIRECTION ( 'NONE',  ( 0.8191520442889909100, 1.003171929053523500E-016, -0.5735764363510473800 ) ) ;
#457 = CARTESIAN_POINT ( 'NONE',  ( -4.907477288111823400, -8.500000000000000000, 50.00000000000000000 ) ) ;
#458 = DIRECTION ( 'NONE',  ( 1.067350013832345400E-017, -0.9961946980917452100, 0.08715574274766210700 ) ) ;
#459 = DIRECTION ( 'NONE',  ( -1.000000000000000000, 0.0000000000000000000, 0.0000000000000000000 ) ) ;
#460 = DIRECTION ( 'NONE',  ( -0.0000000000000000000, -1.000000000000000000, -0.0000000000000000000 ) ) ;
#461 = CARTESIAN_POINT ( 'NONE',  ( -4.907477288111821600, 8.500000000000000000, 58.00000000000000000 ) ) ;
#462 = DIRECTION ( 'NONE',  ( -0.0000000000000000000, -1.000000000000000000, -0.0000000000000000000 ) ) ;
#463 = CARTESIAN_POINT ( 'NONE',  ( 0.0000000000000000000, 7.116369643311096600, 0.0000000000000000000 ) ) ;
#464 = DIRECTION ( 'NONE',  ( 0.0000000000000000000, 0.0000000000000000000, -1.000000000000000000 ) ) ;
#465 = CARTESIAN_POINT ( 'NONE',  ( 0.0000000000000000000, 6.077231937188676300, -10.00000000000000000 ) ) ;
#466 = CARTESIAN_POINT ( 'NONE',  ( 2.191213924604243500E-015, 6.767746672320449800, 17.89261953838324700 ) ) ;
#467 = DIRECTION ( 'NONE',  ( 0.0000000000000000000, 0.0000000000000000000, -1.000000000000000000 ) ) ;
#468 = CARTESIAN_POINT ( 'NONE',  ( 6.000000000000001800, 7.347880794884121700E-016, -12.17459999999999800 ) ) ;
#469 = DIRECTION ( 'NONE',  ( 0.0000000000000000000, 0.0000000000000000000, -1.000000000000000000 ) ) ;
#470 = CARTESIAN_POINT ( 'NONE',  ( 0.0000000000000000000, 6.767746672320449800, 0.0000000000000000000 ) ) ;
#471 = DIRECTION ( 'NONE',  ( 0.0000000000000000000, 0.0000000000000000000, 1.000000000000000000 ) ) ;
#472 = DIRECTION ( 'NONE',  ( 1.000000000000000000, 0.0000000000000000000, 0.0000000000000000000 ) ) ;
#473 = CARTESIAN_POINT ( 'NONE',  ( 6.000000000000000900, 0.0000000000000000000, 0.5000000000000026600 ) ) ;
#474 = CARTESIAN_POINT ( 'NONE',  ( -7.361215932167731100, -4.249999999999999100, 58.00000000000000000 ) ) ;
#475 = DIRECTION ( 'NONE',  ( 0.7071067811865500200, 0.0000000000000000000, 0.7071067811865450200 ) ) ;
#476 = DIRECTION ( 'NONE',  ( -0.0000000000000000000, -0.0000000000000000000, -1.000000000000000000 ) ) ;
#477 = CARTESIAN_POINT ( 'NONE',  ( -9.413555303962402500, 0.6952439336776367100, 57.47255859933817100 ) ) ;
#478 = CARTESIAN_POINT ( 'NONE',  ( 4.845085371510582500E-016, 1.413440316596247700E-015, 58.00000000000000000 ) ) ;
#479 = DIRECTION ( 'NONE',  ( -0.0000000000000000000, 0.0000000000000000000, -1.000000000000000000 ) ) ;
#480 = DIRECTION ( 'NONE',  ( 1.000000000000000000, 0.0000000000000000000, 0.0000000000000000000 ) ) ;
#481 = CARTESIAN_POINT ( 'NONE',  ( 9.814954576223637900, 1.522489737165905400E-015, 58.00000000000000000 ) ) ;
#482 = CARTESIAN_POINT ( 'NONE',  ( -9.814954576223641400, -1.583088743140020300E-015, 57.24081062144520600 ) ) ;
#483 = DIRECTION ( 'NONE',  ( -0.0000000000000000000, -0.0000000000000000000, -1.000000000000000000 ) ) ;
#484 = CARTESIAN_POINT ( 'NONE',  ( -5.308876560373061400, -7.804756066322360300, 57.47255859933817100 ) ) ;
#485 = CARTESIAN_POINT ( 'NONE',  ( -4.907477288111823400, -8.500000000000000000, 57.24081062144520600 ) ) ;
#486 = PERSON_AND_ORGANIZATION ( #1292, #676 ) ;
#487 = COORDINATED_UNIVERSAL_TIME_OFFSET ( 1, 0, .AHEAD. ) ;
#488 = APPROVAL_PERSON_ORGANIZATION ( #486, #980, #1571 ) ;
#489 = LOCAL_TIME ( 18, 25, 58.00000000000000000, #487 ) ;
#490 = CALENDAR_DATE ( 2017, 20, 2 ) ;
#491 = APPROVAL_DATE_TIME ( #492, #980 ) ;
#492 = DATE_AND_TIME ( #490, #489 ) ;
#493 = PERSON_AND_ORGANIZATION ( #1292, #676 ) ;
#494 = PERSON_AND_ORGANIZATION ( #1292, #676 ) ;
#495 = COORDINATED_UNIVERSAL_TIME_OFFSET ( 1, 0, .AHEAD. ) ;
#496 = APPROVAL_PERSON_ORGANIZATION ( #505, #974, #1633 ) ;
#497 = LOCAL_TIME ( 18, 25, 58.00000000000000000, #495 ) ;
#498 = LOCAL_TIME ( 18, 25, 58.00000000000000000, #502 ) ;
#499 = PERSON_AND_ORGANIZATION ( #1292, #676 ) ;
#500 = CALENDAR_DATE ( 2017, 20, 2 ) ;
#501 = CALENDAR_DATE ( 2017, 20, 2 ) ;
#502 = COORDINATED_UNIVERSAL_TIME_OFFSET ( 1, 0, .AHEAD. ) ;
#503 = DATE_AND_TIME ( #500, #497 ) ;
#504 = DATE_AND_TIME ( #501, #498 ) ;
#505 = PERSON_AND_ORGANIZATION ( #1292, #676 ) ;
#506 = APPROVAL_DATE_TIME ( #503, #974 ) ;
#507 = PERSON_AND_ORGANIZATION ( #1292, #676 ) ;
#508 = PERSON_AND_ORGANIZATION ( #1292, #676 ) ;
#509 = APPROVAL_PERSON_ORGANIZATION ( #507, #881, #1654 ) ;
#510 = COORDINATED_UNIVERSAL_TIME_OFFSET ( 1, 0, .AHEAD. ) ;
#511 = LOCAL_TIME ( 18, 25, 58.00000000000000000, #510 ) ;
#512 = APPROVAL_DATE_TIME ( #514, #881 ) ;
#513 = COORDINATED_UNIVERSAL_TIME_OFFSET ( 1, 0, .AHEAD. ) ;
#514 = DATE_AND_TIME ( #516, #511 ) ;
#515 = PERSON_AND_ORGANIZATION ( #1292, #676 ) ;
#516 = CALENDAR_DATE ( 2017, 20, 2 ) ;
#517 = LOCAL_TIME ( 18, 25, 58.00000000000000000, #513 ) ;
#518 = LINE ( 'NONE', #1760, #539 ) ;
#519 = FACE_OUTER_BOUND ( 'NONE', #775, .T. ) ;
#520 = VECTOR ( 'NONE', #1779, 1000.000000000000000 ) ;
#521 = CALENDAR_DATE ( 2017, 20, 2 ) ;
#522 = FACE_OUTER_BOUND ( 'NONE', #780, .T. ) ;
#523 = FACE_OUTER_BOUND ( 'NONE', #772, .T. ) ;
#524 = VECTOR ( 'NONE', #1785, 1000.000000000000000 ) ;
#525 = FACE_OUTER_BOUND ( 'NONE', #793, .T. ) ;
#526 = LINE ( 'NONE', #1755, #538 ) ;
#527 = LINE ( 'NONE', #1778, #552 ) ;
#528 = VECTOR ( 'NONE', #1787, 1000.000000000000200 ) ;
#529 = CIRCLE ( 'NONE', #1182, 4.999999999999991100 ) ;
#530 = LINE ( 'NONE', #481, #536 ) ;
#531 = CONICAL_SURFACE ( 'NONE', #1162, 9.000000000000001800, 1.047197551196595400 ) ;
#532 = TOROIDAL_SURFACE ( 'NONE', #1153, 10.00000000000000000, 11.92276806281132200 ) ;
#533 = CIRCLE ( 'NONE', #1169, 8.500000000000088800 ) ;
#534 = FACE_OUTER_BOUND ( 'NONE', #771, .T. ) ;
#535 = CIRCLE ( 'NONE', #1163, 4.999999999999991100 ) ;
#536 = VECTOR ( 'NONE', #483, 1000.000000000000000 ) ;
#537 = VECTOR ( 'NONE', #1745, 1000.000000000000100 ) ;
#538 = VECTOR ( 'NONE', #1742, 1000.000000000000200 ) ;
#539 = VECTOR ( 'NONE', #1784, 1000.000000000000000 ) ;
#540 = CIRCLE ( 'NONE', #1152, 6.000000000000000900 ) ;
#541 = VECTOR ( 'NONE', #1789, 1000.000000000000100 ) ;
#542 = FACE_OUTER_BOUND ( 'NONE', #798, .T. ) ;
#543 = CONICAL_SURFACE ( 'NONE', #1164, 17.89261953838324700, 0.08726646259972042900 ) ;
#544 = FACE_OUTER_BOUND ( 'NONE', #776, .T. ) ;
#545 = FACE_OUTER_BOUND ( 'NONE', #785, .T. ) ;
#546 = VECTOR ( 'NONE', #1774, 1000.000000000000000 ) ;
#547 = FACE_OUTER_BOUND ( 'NONE', #766, .T. ) ;
#548 = CIRCLE ( 'NONE', #1177, 3.000000000000000400 ) ;
#549 = CIRCLE ( 'NONE', #1183, 8.500000000000088800 ) ;
#550 = CONICAL_SURFACE ( 'NONE', #1154, 9.000000000000001800, 1.047197551196595400 ) ;
#551 = LINE ( 'NONE', #1793, #541 ) ;
#552 = VECTOR ( 'NONE', #1777, 1000.000000000000000 ) ;
#553 = VECTOR ( 'NONE', #1794, 1000.000000000000000 ) ;
#554 = LINE ( 'NONE', #1783, #564 ) ;
#555 = LINE ( 'NONE', #1762, #524 ) ;
#556 = FACE_OUTER_BOUND ( 'NONE', #794, .T. ) ;
#557 = CIRCLE ( 'NONE', #1174, 2.499999999999995100 ) ;
#558 = LINE ( 'NONE', #1771, #546 ) ;
#559 = LINE ( 'NONE', #1761, #553 ) ;
#560 = LINE ( 'NONE', #1782, #528 ) ;
#561 = LINE ( 'NONE', #1769, #520 ) ;
#562 = FACE_OUTER_BOUND ( 'NONE', #777, .T. ) ;
#563 = FACE_OUTER_BOUND ( 'NONE', #795, .T. ) ;
#564 = VECTOR ( 'NONE', #1796, 1000.000000000000000 ) ;
#565 = CONICAL_SURFACE ( 'NONE', #1170, 9.000000000000001800, 1.047197551196595400 ) ;
#566 = CIRCLE ( 'NONE', #1155, 8.500000000000088800 ) ;
#567 = CIRCLE ( 'NONE', #1156, 6.000000000000000900 ) ;
#568 = LINE ( 'NONE', #1740, #537 ) ;
#569 = FACE_BOUND ( 'NONE', #797, .T. ) ;
#570 = CONICAL_SURFACE ( 'NONE', #1160, 9.000000000000001800, 1.047197551196595400 ) ;
#571 = VECTOR ( 'NONE', #1768, 1000.000000000000000 ) ;
#572 = LINE ( 'NONE', #1801, #571 ) ;
#573 = FACE_OUTER_BOUND ( 'NONE', #769, .T. ) ;
#574 = FACE_OUTER_BOUND ( 'NONE', #808, .T. ) ;
#575 = CYLINDRICAL_SURFACE ( 'NONE', #1197, 5.099999999999999600 ) ;
#576 = FACE_OUTER_BOUND ( 'NONE', #836, .T. ) ;
#577 = FACE_OUTER_BOUND ( 'NONE', #837, .T. ) ;
#578 = FACE_OUTER_BOUND ( 'NONE', #840, .T. ) ;
#579 = CYLINDRICAL_SURFACE ( 'NONE', #1185, 3.000000000000000000 ) ;
#580 = CONICAL_SURFACE ( 'NONE', #1219, 1.093707006383511300, 1.047197551196597600 ) ;
#581 = FACE_OUTER_BOUND ( 'NONE', #768, .T. ) ;
#582 = CONICAL_SURFACE ( 'NONE', #1210, 2.499999999999995100, 0.7853981633974391800 ) ;
#583 = CONICAL_SURFACE ( 'NONE', #1207, 9.000000000000001800, 1.047197551196595400 ) ;
#584 = FACE_OUTER_BOUND ( 'NONE', #838, .T. ) ;
#585 = FACE_OUTER_BOUND ( 'NONE', #843, .T. ) ;
#586 = CYLINDRICAL_SURFACE ( 'NONE', #1214, 6.000000000000000900 ) ;
#587 = FACE_OUTER_BOUND ( 'NONE', #821, .T. ) ;
#588 = TOROIDAL_SURFACE ( 'NONE', #1206, 10.00000000000000000, 7.922768062811322000 ) ;
#589 = CONICAL_SURFACE ( 'NONE', #1159, 9.000000000000001800, 1.047197551196595400 ) ;
#590 = FACE_OUTER_BOUND ( 'NONE', #832, .T. ) ;
#591 = FACE_OUTER_BOUND ( 'NONE', #811, .T. ) ;
#592 = FACE_OUTER_BOUND ( 'NONE', #779, .T. ) ;
#593 = FACE_OUTER_BOUND ( 'NONE', #815, .T. ) ;
#594 = FACE_OUTER_BOUND ( 'NONE', #783, .T. ) ;
#595 = CYLINDRICAL_SURFACE ( 'NONE', #1187, 6.000000000000000900 ) ;
#596 = FACE_OUTER_BOUND ( 'NONE', #835, .T. ) ;
#597 = CONICAL_SURFACE ( 'NONE', #1199, 1.093707006383511300, 1.047197551196597600 ) ;
#598 = CONICAL_SURFACE ( 'NONE', #1196, 9.000000000000001800, 1.047197551196595400 ) ;
#599 = CYLINDRICAL_SURFACE ( 'NONE', #1190, 3.000000000000000400 ) ;
#600 = CONICAL_SURFACE ( 'NONE', #1189, 9.000000000000001800, 1.047197551196595400 ) ;
#601 = FACE_OUTER_BOUND ( 'NONE', #773, .T. ) ;
#602 = FACE_OUTER_BOUND ( 'NONE', #817, .T. ) ;
#603 = FACE_OUTER_BOUND ( 'NONE', #820, .T. ) ;
#604 = CONICAL_SURFACE ( 'NONE', #1186, 1.093707006383511300, 1.047197551196597600 ) ;
#605 = CYLINDRICAL_SURFACE ( 'NONE', #1200, 2.999999999999999100 ) ;
#606 = FACE_OUTER_BOUND ( 'NONE', #850, .T. ) ;
#607 = FACE_OUTER_BOUND ( 'NONE', #839, .T. ) ;
#608 = FACE_OUTER_BOUND ( 'NONE', #834, .T. ) ;
#609 = FACE_OUTER_BOUND ( 'NONE', #823, .T. ) ;
#610 = FACE_OUTER_BOUND ( 'NONE', #765, .T. ) ;
#611 = CONICAL_SURFACE ( 'NONE', #1202, 2.499999999999995100, 0.7853981633974391800 ) ;
#612 = FACE_OUTER_BOUND ( 'NONE', #822, .T. ) ;
#613 = FACE_OUTER_BOUND ( 'NONE', #812, .T. ) ;
#614 = FACE_OUTER_BOUND ( 'NONE', #799, .T. ) ;
#615 = FACE_BOUND ( 'NONE', #814, .T. ) ;
#616 = FACE_OUTER_BOUND ( 'NONE', #807, .T. ) ;
#617 = CYLINDRICAL_SURFACE ( 'NONE', #1188, 2.999999999999999100 ) ;
#618 = FACE_OUTER_BOUND ( 'NONE', #782, .T. ) ;
#619 = TOROIDAL_SURFACE ( 'NONE', #1218, 10.00000000000000000, 7.922768062811322000 ) ;
#620 = CONICAL_SURFACE ( 'NONE', #1195, 9.000000000000001800, 1.047197551196595400 ) ;
#621 = CONICAL_SURFACE ( 'NONE', #1173, 9.000000000000001800, 1.047197551196595400 ) ;
#622 = FACE_OUTER_BOUND ( 'NONE', #810, .T. ) ;
#623 = CONICAL_SURFACE ( 'NONE', #1225, 6.000000000000000900, 0.7853981633974518300 ) ;
#624 = CONICAL_SURFACE ( 'NONE', #1201, 6.000000000000000900, 0.7853981633974518300 ) ;
#625 = FACE_OUTER_BOUND ( 'NONE', #818, .T. ) ;
#626 = FACE_OUTER_BOUND ( 'NONE', #828, .T. ) ;
#627 = FACE_OUTER_BOUND ( 'NONE', #792, .T. ) ;
#628 = CYLINDRICAL_SURFACE ( 'NONE', #1212, 5.099999999999999600 ) ;
#629 = CONICAL_SURFACE ( 'NONE', #1224, 1.093707006383511300, 1.047197551196597600 ) ;
#630 = CONICAL_SURFACE ( 'NONE', #1191, 22.50000000000000000, 0.08726646259972062300 ) ;
#631 = FACE_OUTER_BOUND ( 'NONE', #809, .T. ) ;
#632 = CYLINDRICAL_SURFACE ( 'NONE', #1223, 6.000000000000001800 ) ;
#633 = FACE_BOUND ( 'NONE', #830, .T. ) ;
#634 = CONICAL_SURFACE ( 'NONE', #1203, 22.50000000000000000, 0.08726646259972062300 ) ;
#635 = FACE_OUTER_BOUND ( 'NONE', #813, .T. ) ;
#636 = FACE_OUTER_BOUND ( 'NONE', #829, .T. ) ;
#637 = FACE_OUTER_BOUND ( 'NONE', #774, .T. ) ;
#638 = FACE_OUTER_BOUND ( 'NONE', #826, .T. ) ;
#639 = FACE_OUTER_BOUND ( 'NONE', #802, .T. ) ;
#640 = FACE_OUTER_BOUND ( 'NONE', #831, .T. ) ;
#641 = FACE_BOUND ( 'NONE', #824, .T. ) ;
#642 = FACE_OUTER_BOUND ( 'NONE', #784, .T. ) ;
#643 = FACE_OUTER_BOUND ( 'NONE', #819, .T. ) ;
#644 = CYLINDRICAL_SURFACE ( 'NONE', #1227, 3.000000000000000400 ) ;
#645 = FACE_OUTER_BOUND ( 'NONE', #787, .T. ) ;
#646 = FACE_OUTER_BOUND ( 'NONE', #827, .T. ) ;
#647 = TOROIDAL_SURFACE ( 'NONE', #1226, 10.00000000000000000, 11.92276806281132200 ) ;
#648 = FACE_OUTER_BOUND ( 'NONE', #781, .T. ) ;
#649 = CYLINDRICAL_SURFACE ( 'NONE', #1230, 3.000000000000000000 ) ;
#650 = FACE_OUTER_BOUND ( 'NONE', #842, .T. ) ;
#651 = FACE_OUTER_BOUND ( 'NONE', #803, .T. ) ;
#652 = FACE_BOUND ( 'NONE', #806, .T. ) ;
#653 = FACE_OUTER_BOUND ( 'NONE', #816, .T. ) ;
#654 = FACE_BOUND ( 'NONE', #790, .T. ) ;
#655 = FACE_BOUND ( 'NONE', #804, .T. ) ;
#656 = CYLINDRICAL_SURFACE ( 'NONE', #1237, 10.00000000000000000 ) ;
#657 = FACE_BOUND ( 'NONE', #767, .T. ) ;
#658 = CONICAL_SURFACE ( 'NONE', #1208, 5.010000000000000700, 0.9599310885968792600 ) ;
#659 = FACE_OUTER_BOUND ( 'NONE', #825, .T. ) ;
#660 = FACE_OUTER_BOUND ( 'NONE', #796, .T. ) ;
#661 = FACE_BOUND ( 'NONE', #833, .T. ) ;
#662 = FACE_OUTER_BOUND ( 'NONE', #801, .T. ) ;
#663 = FACE_OUTER_BOUND ( 'NONE', #841, .T. ) ;
#664 = CONICAL_SURFACE ( 'NONE', #1221, 6.000000000000001800, 0.9599310885968797000 ) ;
#665 = FACE_OUTER_BOUND ( 'NONE', #791, .T. ) ;
#666 = CONICAL_SURFACE ( 'NONE', #1213, 1.093707006383511300, 1.047197551196597600 ) ;
#667 = CYLINDRICAL_SURFACE ( 'NONE', #1216, 10.00000000000000000 ) ;
#668 = FACE_OUTER_BOUND ( 'NONE', #800, .T. ) ;
#669 = CONICAL_SURFACE ( 'NONE', #1236, 17.89261953838324700, 0.08726646259972042900 ) ;
#670 = SHAPE_REPRESENTATION_RELATIONSHIP ( 'NONE' , 'NONE' ,  #1298, #697 ) ;
#671 = SHAPE_REPRESENTATION_RELATIONSHIP ( 'NONE' , 'NONE' ,  #1299, #707 ) ;
#672 = SHAPE_REPRESENTATION_RELATIONSHIP ( 'NONE' , 'NONE' ,  #1300, #703 ) ;
#673 = CONICAL_SURFACE ( 'NONE', #1232, 1.093707006383511300, 1.047197551196597600 ) ;
#674 = SHAPE_REPRESENTATION_RELATIONSHIP ( 'NONE' , 'NONE' ,  #1301, #701 ) ;
#675 = SHAPE_DEFINITION_REPRESENTATION ( #1311, #1297 ) ;
#676 = ORGANIZATION ( 'UNSPECIFIED', 'UNSPECIFIED', '' ) ;
#677 = PERSON_AND_ORGANIZATION ( #1292, #676 ) ;
#678 = APPROVAL_PERSON_ORGANIZATION ( #679, #1242, #1607 ) ;
#679 = PERSON_AND_ORGANIZATION ( #1292, #676 ) ;
#680 = COORDINATED_UNIVERSAL_TIME_OFFSET ( 1, 0, .AHEAD. ) ;
#681 = LOCAL_TIME ( 18, 25, 58.00000000000000000, #680 ) ;
#682 = PERSON_AND_ORGANIZATION ( #1292, #676 ) ;
#683 = DATE_AND_TIME ( #689, #681 ) ;
#684 = APPROVAL_DATE_TIME ( #683, #1242 ) ;
#685 = COORDINATED_UNIVERSAL_TIME_OFFSET ( 1, 0, .AHEAD. ) ;
#686 = LOCAL_TIME ( 18, 25, 58.00000000000000000, #685 ) ;
#687 = CALENDAR_DATE ( 2017, 20, 2 ) ;
#688 = DATE_AND_TIME ( #687, #686 ) ;
#689 = CALENDAR_DATE ( 2017, 20, 2 ) ;
#690 = ADVANCED_FACE ( 'NONE', ( #2195 ), #6, .T. ) ;
#691 = ADVANCED_FACE ( 'NONE', ( #2191 ), #2213, .F. ) ;
#692 = ADVANCED_FACE ( 'NONE', ( #2185 ), #2214, .F. ) ;
#693 = ADVANCED_FACE ( 'NONE', ( #2193 ), #2204, .T. ) ;
#694 = ADVANCED_FACE ( 'NONE', ( #2215 ), #2260, .T. ) ;
#695 = ADVANCED_FACE ( 'NONE', ( #2192 ), #2263, .F. ) ;
#696 = B_SPLINE_CURVE_WITH_KNOTS ( 'NONE', 3,
 ( #1763, #1781, #1799, #1765, #1780, #1766 ),
 .UNSPECIFIED., .F., .F.,
 ( 4, 2, 4 ),
 ( 2.380731279448015400E-007, 0.002483019798241625900, 0.004965801523355307600 ),
 .UNSPECIFIED. ) ;
#697 = ADVANCED_BREP_SHAPE_REPRESENTATION ( '', ( #738, #1239 ), #1250 ) ;
#698 = B_SPLINE_CURVE_WITH_KNOTS ( 'NONE', 3,
 ( #402, #404, #397, #394, #403, #405 ),
 .UNSPECIFIED., .F., .F.,
 ( 4, 2, 4 ),
 ( 2.380730968259361600E-007, 0.002629065763328357400, 0.005257893453559888900 ),
 .UNSPECIFIED. ) ;
#699 = B_SPLINE_CURVE_WITH_KNOTS ( 'NONE', 3,
 ( #377, #375, #390, #407, #409, #385 ),
 .UNSPECIFIED., .F., .F.,
 ( 4, 2, 4 ),
 ( 0.01452727543195639700, 0.01715716534226972500, 0.01978705525258305300 ),
 .UNSPECIFIED. ) ;
#700 = B_SPLINE_CURVE_WITH_KNOTS ( 'NONE', 3,
 ( #1732, #1734, #1733, #1754, #1750, #1738 ),
 .UNSPECIFIED., .F., .F.,
 ( 4, 2, 4 ),
 ( 2.380731279451871800E-007, 0.002483019798241624600, 0.004965801523355304100 ),
 .UNSPECIFIED. ) ;
#701 = ADVANCED_BREP_SHAPE_REPRESENTATION ( '', ( #719, #1239 ), #1247 ) ;
#702 = UNCERTAINTY_MEASURE_WITH_UNIT (LENGTH_MEASURE( 1.000000000000000100E-005 ), #1586, 'distance_accuracy_value', 'NONE');
#703 = ADVANCED_BREP_SHAPE_REPRESENTATION ( '', ( #743, #1239 ), #1243 ) ;
#704 = B_SPLINE_CURVE_WITH_KNOTS ( 'NONE', 3,
 ( #364, #332, #344, #339, #345, #357, #338, #346 ),
 .UNSPECIFIED., .F., .F.,
 ( 4, 2, 2, 4 ),
 ( 0.005257893453559888900, 0.006567392922673226000, 0.007876892391786563200, 0.01049589133001323600 ),
 .UNSPECIFIED. ) ;
#705 = UNCERTAINTY_MEASURE_WITH_UNIT (LENGTH_MEASURE( 1.000000000000000100E-005 ), #1580, 'distance_accuracy_value', 'NONE');
#706 = UNCERTAINTY_MEASURE_WITH_UNIT (LENGTH_MEASURE( 1.000000000000000100E-005 ), #1568, 'distance_accuracy_value', 'NONE');
#707 = ADVANCED_BREP_SHAPE_REPRESENTATION ( '', ( #717, #1239 ), #1238 ) ;
#708 = B_SPLINE_CURVE_WITH_KNOTS ( 'NONE', 3,
 ( #482, #477, #3, #21, #20, #77 ),
 .UNSPECIFIED., .F., .F.,
 ( 4, 2, 4 ),
 ( 2.380731279448959900E-007, 0.002483019798241628100, 0.004965801523355311900 ),
 .UNSPECIFIED. ) ;
#709 = UNCERTAINTY_MEASURE_WITH_UNIT (LENGTH_MEASURE( 1.000000000000000100E-005 ), #1570, 'distance_accuracy_value', 'NONE');
#710 = B_SPLINE_CURVE_WITH_KNOTS ( 'NONE', 3,
 ( #368, #328, #406, #374, #387, #383, #388, #398 ),
 .UNSPECIFIED., .F., .F.,
 ( 4, 2, 2, 4 ),
 ( 0.005257893453559896700, 0.006567392922673230400, 0.007876892391786563200, 0.01049589133001323100 ),
 .UNSPECIFIED. ) ;
#711 = UNCERTAINTY_MEASURE_WITH_UNIT (LENGTH_MEASURE( 1.000000000000000100E-005 ), #1593, 'distance_accuracy_value', 'NONE');
#712 = B_SPLINE_CURVE_WITH_KNOTS ( 'NONE', 3,
 ( #347, #331, #356, #334, #362, #333 ),
 .UNSPECIFIED., .F., .F.,
 ( 4, 2, 4 ),
 ( 2.380730968365972000E-007, 0.002629065763328367000, 0.005257893453559896700 ),
 .UNSPECIFIED. ) ;
#713 = B_SPLINE_CURVE_WITH_KNOTS ( 'NONE', 3,
 ( #1743, #1752, #1747, #1749, #1735, #1741 ),
 .UNSPECIFIED., .F., .F.,
 ( 4, 2, 4 ),
 ( 0.01391409177614136300, 0.01639904401835438900, 0.01888399626056741500 ),
 .UNSPECIFIED. ) ;
#714 = B_SPLINE_CURVE_WITH_KNOTS ( 'NONE', 3,
 ( #485, #484, #287, #366, #391, #474 ),
 .UNSPECIFIED., .F., .F.,
 ( 4, 2, 4 ),
 ( 2.380731279448015400E-007, 0.002483019798241625900, 0.004965801523355307600 ),
 .UNSPECIFIED. ) ;
#715 = B_SPLINE_CURVE_WITH_KNOTS ( 'NONE', 3,
 ( #224, #217, #227, #205, #207, #199, #212, #200 ),
 .UNSPECIFIED., .F., .F.,
 ( 4, 2, 2, 4 ),
 ( 0.005257893453559884600, 0.006567392922673223400, 0.007876892391786563200, 0.01049589133001324100 ),
 .UNSPECIFIED. ) ;
#716 = B_SPLINE_CURVE_WITH_KNOTS ( 'NONE', 3,
 ( #40, #53, #39, #64, #41, #68 ),
 .UNSPECIFIED., .F., .F.,
 ( 4, 2, 4 ),
 ( 0.02476630998989645300, 0.02725192199693411000, 0.02973753400397176300 ),
 .UNSPECIFIED. ) ;
#717 = MANIFOLD_SOLID_BREP ( 'Revolve1', #2062 ) ;
#718 = B_SPLINE_CURVE_WITH_KNOTS ( 'NONE', 3,
 ( #63, #69, #89, #112, #109, #98 ),
 .UNSPECIFIED., .F., .F.,
 ( 4, 2, 4 ),
 ( 0.02973753400397176300, 0.03222144766878948200, 0.03470536133360719400 ),
 .UNSPECIFIED. ) ;
#719 = MANIFOLD_SOLID_BREP ( 'Chamfer2', #752 ) ;
#720 = B_SPLINE_CURVE_WITH_KNOTS ( 'NONE', 3,
 ( #164, #135, #144, #170, #136, #137 ),
 .UNSPECIFIED., .F., .F.,
 ( 4, 2, 4 ),
 ( 0.01452727543195640000, 0.01715716534226972500, 0.01978705525258305000 ),
 .UNSPECIFIED. ) ;
#721 = B_SPLINE_CURVE_WITH_KNOTS ( 'NONE', 3,
 ( #149, #153, #156, #157, #160, #165 ),
 .UNSPECIFIED., .F., .F.,
 ( 4, 2, 4 ),
 ( 2.380730968220726500E-007, 0.002629065763328354800, 0.005257893453559888000 ),
 .UNSPECIFIED. ) ;
#722 = B_SPLINE_CURVE_WITH_KNOTS ( 'NONE', 3,
 ( #180, #190, #176, #182, #196, #174 ),
 .UNSPECIFIED., .F., .F.,
 ( 4, 2, 4 ),
 ( 2.380730968221112700E-007, 0.002629065763328358300, 0.005257893453559895000 ),
 .UNSPECIFIED. ) ;
#723 = B_SPLINE_CURVE_WITH_KNOTS ( 'NONE', 3,
 ( #234, #242, #202, #201, #220, #213 ),
 .UNSPECIFIED., .F., .F.,
 ( 4, 2, 4 ),
 ( 2.380730968221034700E-007, 0.002629065763328353100, 0.005257893453559884600 ),
 .UNSPECIFIED. ) ;
#724 = B_SPLINE_CURVE_WITH_KNOTS ( 'NONE', 3,
 ( #29, #34, #24, #37, #59, #54 ),
 .UNSPECIFIED., .F., .F.,
 ( 4, 2, 4 ),
 ( 0.008947583074561175200, 0.01143083742535126900, 0.01391409177614136300 ),
 .UNSPECIFIED. ) ;
#725 = B_SPLINE_CURVE_WITH_KNOTS ( 'NONE', 3,
 ( #124, #127, #158, #171, #140, #132 ),
 .UNSPECIFIED., .F., .F.,
 ( 4, 2, 4 ),
 ( 2.380730968220572200E-007, 0.002629065763328353500, 0.005257893453559884600 ),
 .UNSPECIFIED. ) ;
#726 = B_SPLINE_CURVE_WITH_KNOTS ( 'NONE', 3,
 ( #126, #128, #161, #122, #141, #133, #145, #167 ),
 .UNSPECIFIED., .F., .F.,
 ( 4, 2, 2, 4 ),
 ( 0.005257893453559895000, 0.006567392922673228600, 0.007876892391786561400, 0.01049589133001322900 ),
 .UNSPECIFIED. ) ;
#727 = B_SPLINE_CURVE_WITH_KNOTS ( 'NONE', 3,
 ( #143, #125, #155, #131, #162, #130 ),
 .UNSPECIFIED., .F., .F.,
 ( 4, 2, 4 ),
 ( 0.01452727543195639700, 0.01715716534226972500, 0.01978705525258305300 ),
 .UNSPECIFIED. ) ;
#728 = B_SPLINE_CURVE_WITH_KNOTS ( 'NONE', 3,
 ( #226, #214, #233, #229, #216, #235 ),
 .UNSPECIFIED., .F., .F.,
 ( 4, 2, 4 ),
 ( 2.380730968231430400E-007, 0.002629065763328357900, 0.005257893453559893200 ),
 .UNSPECIFIED. ) ;
#729 = B_SPLINE_CURVE_WITH_KNOTS ( 'NONE', 3,
 ( #263, #245, #249, #274, #246, #258 ),
 .UNSPECIFIED., .F., .F.,
 ( 4, 2, 4 ),
 ( 2.380730968401082400E-007, 0.002629065763328368700, 0.005257893453559896700 ),
 .UNSPECIFIED. ) ;
#730 = B_SPLINE_CURVE_WITH_KNOTS ( 'NONE', 3,
 ( #250, #257, #244, #280, #251, #252, #247, #260 ),
 .UNSPECIFIED., .F., .F.,
 ( 4, 2, 2, 4 ),
 ( 0.005257893453559896700, 0.006567392922673231200, 0.007876892391786566700, 0.01049589133001323200 ),
 .UNSPECIFIED. ) ;
#731 = B_SPLINE_CURVE_WITH_KNOTS ( 'NONE', 3,
 ( #312, #322, #361, #341, #336, #359 ),
 .UNSPECIFIED., .F., .F.,
 ( 4, 2, 4 ),
 ( 0.009270618776430214800, 0.01189894710419330700, 0.01452727543195639700 ),
 .UNSPECIFIED. ) ;
#732 = B_SPLINE_CURVE_WITH_KNOTS ( 'NONE', 3,
 ( #273, #305, #326, #292, #296, #295, #294, #314 ),
 .UNSPECIFIED., .F., .F.,
 ( 4, 2, 2, 4 ),
 ( 0.005257893453559884600, 0.006567392922673224300, 0.007876892391786564900, 0.01049589133001324400 ),
 .UNSPECIFIED. ) ;
#733 = B_SPLINE_CURVE_WITH_KNOTS ( 'NONE', 3,
 ( #261, #276, #272, #264, #278, #284 ),
 .UNSPECIFIED., .F., .F.,
 ( 4, 2, 4 ),
 ( 0.009270618776430216600, 0.01189894710419330700, 0.01452727543195639700 ),
 .UNSPECIFIED. ) ;
#734 = B_SPLINE_CURVE_WITH_KNOTS ( 'NONE', 3,
 ( #97, #117, #91, #92, #107, #93, #114, #111 ),
 .UNSPECIFIED., .F., .F.,
 ( 4, 2, 2, 4 ),
 ( 0.005257893453559893200, 0.006567392922673226000, 0.007876892391786559700, 0.01049589133001322900 ),
 .UNSPECIFIED. ) ;
#735 = B_SPLINE_CURVE_WITH_KNOTS ( 'NONE', 3,
 ( #102, #79, #80, #81, #82, #84, #103, #88 ),
 .UNSPECIFIED., .F., .F.,
 ( 4, 2, 2, 4 ),
 ( 0.004965801523355311900, 0.006202551132249059500, 0.007439300741142806200, 0.009912799958930297900 ),
 .UNSPECIFIED. ) ;
#736 = B_SPLINE_CURVE_WITH_KNOTS ( 'NONE', 3,
 ( #139, #163, #142, #146, #148, #151 ),
 .UNSPECIFIED., .F., .F.,
 ( 4, 2, 4 ),
 ( 0.01452727543195640000, 0.01715716534226972800, 0.01978705525258305600 ),
 .UNSPECIFIED. ) ;
#737 = B_SPLINE_CURVE_WITH_KNOTS ( 'NONE', 3,
 ( #218, #209, #238, #197, #219, #221 ),
 .UNSPECIFIED., .F., .F.,
 ( 4, 2, 4 ),
 ( 0.009270618776430220000, 0.01189894710419331000, 0.01452727543195640000 ),
 .UNSPECIFIED. ) ;
#738 = MANIFOLD_SOLID_BREP ( 'EndChamfer', #1960 ) ;
#739 = B_SPLINE_CURVE_WITH_KNOTS ( 'NONE', 3,
 ( #115, #99, #119, #121, #101, #94 ),
 .UNSPECIFIED., .F., .F.,
 ( 4, 2, 4 ),
 ( 0.009270618776430216600, 0.01189894710419330800, 0.01452727543195640000 ),
 .UNSPECIFIED. ) ;
#740 = B_SPLINE_CURVE_WITH_KNOTS ( 'NONE', 3,
 ( #48, #46, #52, #66, #67, #56, #57, #58 ),
 .UNSPECIFIED., .F., .F.,
 ( 4, 2, 2, 4 ),
 ( 0.004965801523355307600, 0.006202551132249054300, 0.007439300741142801000, 0.009912799958930292700 ),
 .UNSPECIFIED. ) ;
#741 = B_SPLINE_CURVE_WITH_KNOTS ( 'NONE', 3,
 ( #113, #120, #100, #104, #96, #105, #87, #106 ),
 .UNSPECIFIED., .F., .F.,
 ( 4, 2, 2, 4 ),
 ( 0.004965801523355307600, 0.006202551132249056000, 0.007439300741142803600, 0.009912799958930296200 ),
 .UNSPECIFIED. ) ;
#742 = B_SPLINE_CURVE_WITH_KNOTS ( 'NONE', 3,
 ( #279, #298, #301, #299, #306, #310, #304, #290 ),
 .UNSPECIFIED., .F., .F.,
 ( 4, 2, 2, 4 ),
 ( 0.005257893453559888000, 0.006567392922673224300, 0.007876892391786559700, 0.01049589133001323200 ),
 .UNSPECIFIED. ) ;
#743 = MANIFOLD_SOLID_BREP ( 'Boss-Extrude1', #1975 ) ;
#744 = B_SPLINE_CURVE_WITH_KNOTS ( 'NONE', 3,
 ( #50, #49, #38, #43, #65, #36, #51, #44 ),
 .UNSPECIFIED., .F., .F.,
 ( 4, 2, 2, 4 ),
 ( 0.004965801523355304100, 0.006202551132249051700, 0.007439300741142799300, 0.009912799958930296200 ),
 .UNSPECIFIED. ) ;
#745 = ORIENTED_EDGE ( 'NONE', *, *, #1265, .F. ) ;
#746 = ORIENTED_EDGE ( 'NONE', *, *, #1010, .F. ) ;
#747 = ORIENTED_EDGE ( 'NONE', *, *, #1021, .T. ) ;
#748 = ORIENTED_EDGE ( 'NONE', *, *, #1018, .F. ) ;
#749 = ORIENTED_EDGE ( 'NONE', *, *, #997, .F. ) ;
#750 = ORIENTED_EDGE ( 'NONE', *, *, #983, .T. ) ;
#751 = ORIENTED_EDGE ( 'NONE', *, *, #1259, .T. ) ;
#752 = CLOSED_SHELL ( 'NONE', ( #2346, #2355, #2385, #2348, #2356, #2360, #2345, #2391, #2354, #2380, #2363, #2351, #2347, #2381, #2362, #2364, #2394, #2379, #2349, #2366, #2358, #2383, #2350, #2352 ) ) ;
#753 = ORIENTED_EDGE ( 'NONE', *, *, #984, .F. ) ;
#754 = ORIENTED_EDGE ( 'NONE', *, *, #987, .T. ) ;
#755 = ORIENTED_EDGE ( 'NONE', *, *, #983, .F. ) ;
#756 = ORIENTED_EDGE ( 'NONE', *, *, #1061, .F. ) ;
#757 = ORIENTED_EDGE ( 'NONE', *, *, #1018, .T. ) ;
#758 = ORIENTED_EDGE ( 'NONE', *, *, #1268, .T. ) ;
#759 = ORIENTED_EDGE ( 'NONE', *, *, #1013, .T. ) ;
#760 = ORIENTED_EDGE ( 'NONE', *, *, #1033, .T. ) ;
#761 = ORIENTED_EDGE ( 'NONE', *, *, #1019, .T. ) ;
#762 = ORIENTED_EDGE ( 'NONE', *, *, #1038, .T. ) ;
#763 = ORIENTED_EDGE ( 'NONE', *, *, #1072, .T. ) ;
#764 = ORIENTED_EDGE ( 'NONE', *, *, #1007, .T. ) ;
#765 = EDGE_LOOP ( 'NONE', ( #2023, #2056, #2017, #2048 ) ) ;
#766 = EDGE_LOOP ( 'NONE', ( #1921, #1906, #1920 ) ) ;
#767 = EDGE_LOOP ( 'NONE', ( #2015, #2027 ) ) ;
#768 = EDGE_LOOP ( 'NONE', ( #1916, #1941, #1934 ) ) ;
#769 = EDGE_LOOP ( 'NONE', ( #2047, #2071, #2011, #2010 ) ) ;
#770 = EDGE_LOOP ( 'NONE', ( #1927, #1951, #1952 ) ) ;
#771 = EDGE_LOOP ( 'NONE', ( #763, #1894, #1859, #1888, #1879, #1872 ) ) ;
#772 = EDGE_LOOP ( 'NONE', ( #1946, #1930, #1939 ) ) ;
#773 = EDGE_LOOP ( 'NONE', ( #1972, #1956, #1965, #1977 ) ) ;
#774 = EDGE_LOOP ( 'NONE', ( #2001, #2004, #1968, #1971 ) ) ;
#775 = EDGE_LOOP ( 'NONE', ( #1936, #1942, #1954 ) ) ;
#776 = EDGE_LOOP ( 'NONE', ( #1911, #1908, #1953 ) ) ;
#777 = EDGE_LOOP ( 'NONE', ( #1899, #1869, #1944, #1950, #1931, #1947 ) ) ;
#778 = EDGE_LOOP ( 'NONE', ( #1937, #1925, #1922 ) ) ;
#779 = EDGE_LOOP ( 'NONE', ( #1979, #1969, #1957, #1978 ) ) ;
#780 = EDGE_LOOP ( 'NONE', ( #2019, #2061 ) ) ;
#781 = EDGE_LOOP ( 'NONE', ( #2002, #1994 ) ) ;
#782 = EDGE_LOOP ( 'NONE', ( #1992, #1955, #1905, #1909 ) ) ;
#783 = EDGE_LOOP ( 'NONE', ( #1943, #1933, #1935 ) ) ;
#784 = EDGE_LOOP ( 'NONE', ( #1910, #1915, #1958, #1966 ) ) ;
#785 = EDGE_LOOP ( 'NONE', ( #1923, #1932, #1924 ) ) ;
#786 = EDGE_LOOP ( 'NONE', ( #1926, #1929, #1991, #1964 ) ) ;
#787 = EDGE_LOOP ( 'NONE', ( #2034, #2021, #2060, #1984 ) ) ;
#788 = EDGE_LOOP ( 'NONE', ( #1997, #1963, #1986, #2006 ) ) ;
#789 = EDGE_LOOP ( 'NONE', ( #1961, #1987, #1988, #1989 ) ) ;
#790 = EDGE_LOOP ( 'NONE', ( #1959, #2005 ) ) ;
#791 = EDGE_LOOP ( 'NONE', ( #1973, #1967, #1982, #1976 ) ) ;
#792 = EDGE_LOOP ( 'NONE', ( #1914, #2000, #1993, #1970 ) ) ;
#793 = EDGE_LOOP ( 'NONE', ( #1917, #1907, #1913 ) ) ;
#794 = EDGE_LOOP ( 'NONE', ( #1948, #1940, #1919 ) ) ;
#795 = EDGE_LOOP ( 'NONE', ( #1928, #1949, #1918 ) ) ;
#796 = EDGE_LOOP ( 'NONE', ( #1996, #1990 ) ) ;
#797 = EDGE_LOOP ( 'NONE', ( #2054, #2030 ) ) ;
#798 = EDGE_LOOP ( 'NONE', ( #1980, #1999, #2020, #1983 ) ) ;
#799 = EDGE_LOOP ( 'NONE', ( #2003, #1974, #1998, #1962 ) ) ;
#800 = EDGE_LOOP ( 'NONE', ( #747, #857, #748, #756 ) ) ;
#801 = EDGE_LOOP ( 'NONE', ( #2016, #2007 ) ) ;
#802 = EDGE_LOOP ( 'NONE', ( #2014, #2012, #2018, #2013 ) ) ;
#803 = EDGE_LOOP ( 'NONE', ( #2035, #2068, #2022, #2069 ) ) ;
#804 = EDGE_LOOP ( 'NONE', ( #2033, #1981 ) ) ;
#805 = EDGE_LOOP ( 'NONE', ( #762, #1865, #1874, #1883, #1891, #1897 ) ) ;
#806 = EDGE_LOOP ( 'NONE', ( #1985, #1995 ) ) ;
#807 = EDGE_LOOP ( 'NONE', ( #2008, #2009 ) ) ;
#808 = EDGE_LOOP ( 'NONE', ( #856, #753, #865, #755 ) ) ;
#809 = EDGE_LOOP ( 'NONE', ( #2180, #2144, #2158, #2147 ) ) ;
#810 = EDGE_LOOP ( 'NONE', ( #2208, #2188, #2202, #2197, #2186 ) ) ;
#811 = EDGE_LOOP ( 'NONE', ( #2211, #2209, #2133, #2138, #2130 ) ) ;
#812 = EDGE_LOOP ( 'NONE', ( #847, #853, #1893, #1889 ) ) ;
#813 = EDGE_LOOP ( 'NONE', ( #2168, #854, #861 ) ) ;
#814 = EDGE_LOOP ( 'NONE', ( #2212, #2170 ) ) ;
#815 = EDGE_LOOP ( 'NONE', ( #2146, #2179, #2142 ) ) ;
#816 = EDGE_LOOP ( 'NONE', ( #1860, #1870, #1887, #1862, #1871, #1886 ) ) ;
#817 = EDGE_LOOP ( 'NONE', ( #860, #761, #848 ) ) ;
#818 = EDGE_LOOP ( 'NONE', ( #2181, #2182, #2177, #2149, #2173, #2203 ) ) ;
#819 = EDGE_LOOP ( 'NONE', ( #1892, #1863, #764, #1867, #1881, #1885 ) ) ;
#820 = EDGE_LOOP ( 'NONE', ( #852, #745, #864, #862 ) ) ;
#821 = EDGE_LOOP ( 'NONE', ( #2175, #2174, #2206, #2194 ) ) ;
#822 = EDGE_LOOP ( 'NONE', ( #1945, #1866, #1896, #1903 ) ) ;
#823 = EDGE_LOOP ( 'NONE', ( #1900, #1895, #1938, #1878, #1873, #1912 ) ) ;
#824 = EDGE_LOOP ( 'NONE', ( #1904, #1902 ) ) ;
#825 = EDGE_LOOP ( 'NONE', ( #2172, #2183, #2161, #2139 ) ) ;
#826 = EDGE_LOOP ( 'NONE', ( #1864, #1868, #1901, #1876, #1877, #1882 ) ) ;
#827 = EDGE_LOOP ( 'NONE', ( #2134, #2178, #2131, #2132, #2145, #2176 ) ) ;
#828 = EDGE_LOOP ( 'NONE', ( #760, #845, #846, #849 ) ) ;
#829 = EDGE_LOOP ( 'NONE', ( #2198, #2205, #2151, #2210, #2216 ) ) ;
#830 = EDGE_LOOP ( 'NONE', ( #1861, #1884 ) ) ;
#831 = EDGE_LOOP ( 'NONE', ( #851, #758 ) ) ;
#832 = EDGE_LOOP ( 'NONE', ( #2136, #2129, #2135, #2128, #2137 ) ) ;
#833 = EDGE_LOOP ( 'NONE', ( #2127, #2160 ) ) ;
#834 = EDGE_LOOP ( 'NONE', ( #855, #751, #844 ) ) ;
#835 = EDGE_LOOP ( 'NONE', ( #2167, #2155, #2154 ) ) ;
#836 = EDGE_LOOP ( 'NONE', ( #2187, #2207, #2152, #2190, #2196 ) ) ;
#837 = EDGE_LOOP ( 'NONE', ( #2156, #2157, #2159, #2164 ) ) ;
#838 = EDGE_LOOP ( 'NONE', ( #2169, #2171, #2143, #2162 ) ) ;
#839 = EDGE_LOOP ( 'NONE', ( #1880, #759, #1890, #1898, #1858, #1875 ) ) ;
#840 = EDGE_LOOP ( 'NONE', ( #2163, #2141 ) ) ;
#841 = EDGE_LOOP ( 'NONE', ( #2150, #2148, #2153 ) ) ;
#842 = EDGE_LOOP ( 'NONE', ( #2165, #2166, #2140, #2189, #2184 ) ) ;
#843 = EDGE_LOOP ( 'NONE', ( #746, #750, #859, #858 ) ) ;
#844 = ORIENTED_EDGE ( 'NONE', *, *, #988, .F. ) ;
#845 = ORIENTED_EDGE ( 'NONE', *, *, #993, .T. ) ;
#846 = ORIENTED_EDGE ( 'NONE', *, *, #1067, .T. ) ;
#847 = ORIENTED_EDGE ( 'NONE', *, *, #1021, .F. ) ;
#848 = ORIENTED_EDGE ( 'NONE', *, *, #1262, .F. ) ;
#849 = ORIENTED_EDGE ( 'NONE', *, *, #1058, .F. ) ;
#850 = EDGE_LOOP ( 'NONE', ( #863, #754, #757, #749 ) ) ;
#851 = ORIENTED_EDGE ( 'NONE', *, *, #984, .T. ) ;
#852 = ORIENTED_EDGE ( 'NONE', *, *, #1279, .F. ) ;
#853 = ORIENTED_EDGE ( 'NONE', *, *, #1011, .T. ) ;
#854 = ORIENTED_EDGE ( 'NONE', *, *, #1284, .T. ) ;
#855 = ORIENTED_EDGE ( 'NONE', *, *, #989, .F. ) ;
#856 = ORIENTED_EDGE ( 'NONE', *, *, #1275, .F. ) ;
#857 = ORIENTED_EDGE ( 'NONE', *, *, #1255, .T. ) ;
#858 = ORIENTED_EDGE ( 'NONE', *, *, #1272, .T. ) ;
#859 = ORIENTED_EDGE ( 'NONE', *, *, #1281, .T. ) ;
#860 = ORIENTED_EDGE ( 'NONE', *, *, #995, .F. ) ;
#861 = ORIENTED_EDGE ( 'NONE', *, *, #1261, .F. ) ;
#862 = ORIENTED_EDGE ( 'NONE', *, *, #986, .F. ) ;
#863 = ORIENTED_EDGE ( 'NONE', *, *, #1017, .T. ) ;
#864 = ORIENTED_EDGE ( 'NONE', *, *, #1257, .T. ) ;
#865 = ORIENTED_EDGE ( 'NONE', *, *, #1267, .T. ) ;
#866 = SECURITY_CLASSIFICATION ( '', '', #1674 ) ;
#867 = CC_DESIGN_SECURITY_CLASSIFICATION ( #893, ( #908 ) ) ;
#868 = APPROVAL ( #1651, 'UNSPECIFIED' ) ;
#869 = CC_DESIGN_DATE_AND_TIME_ASSIGNMENT ( #2513, #1653, ( #884 ) ) ;
#870 = CC_DESIGN_PERSON_AND_ORGANIZATION_ASSIGNMENT ( #2558, #1680, ( #866 ) ) ;
#871 = CC_DESIGN_APPROVAL ( #916, ( #876 ) ) ;
#872 = CC_DESIGN_APPROVAL ( #868, ( #879 ) ) ;
#873 = PRODUCT_RELATED_PRODUCT_CATEGORY ( 'detail', '', ( #1286 ) ) ;
#874 = CC_DESIGN_PERSON_AND_ORGANIZATION_ASSIGNMENT ( #2547, #1666, ( #906 ) ) ;
#875 = APPROVAL ( #1640, 'UNSPECIFIED' ) ;
#876 = PRODUCT_DEFINITION_FORMATION_WITH_SPECIFIED_SOURCE ( 'ANY', '', #1291, .NOT_KNOWN. ) ;
#877 = CC_DESIGN_DATE_AND_TIME_ASSIGNMENT ( #2567, #1676, ( #866 ) ) ;
#878 = APPROVAL ( #1628, 'UNSPECIFIED' ) ;
#879 = SECURITY_CLASSIFICATION ( '', '', #1662 ) ;
#880 = PRODUCT_RELATED_PRODUCT_CATEGORY ( 'detail', '', ( #1296 ) ) ;
#881 = APPROVAL ( #1672, 'UNSPECIFIED' ) ;
#882 = CC_DESIGN_APPROVAL ( #881, ( #884 ) ) ;
#883 = CC_DESIGN_APPROVAL ( #910, ( #908 ) ) ;
#884 = PRODUCT_DEFINITION ( 'UNKNOWN', '', #908, #1307 ) ;
#885 = CC_DESIGN_PERSON_AND_ORGANIZATION_ASSIGNMENT ( #2493, #1631, ( #908 ) ) ;
#886 = SECURITY_CLASSIFICATION ( '', '', #1689 ) ;
#887 = CC_DESIGN_PERSON_AND_ORGANIZATION_ASSIGNMENT ( #2520, #1645, ( #905 ) ) ;
#888 = APPROVAL ( #1644, 'UNSPECIFIED' ) ;
#889 = CC_DESIGN_APPROVAL ( #888, ( #905 ) ) ;
#890 = CC_DESIGN_APPROVAL ( #875, ( #893 ) ) ;
#891 = CC_DESIGN_DATE_AND_TIME_ASSIGNMENT ( #2521, #1668, ( #905 ) ) ;
#892 = APPROVAL ( #1669, 'UNSPECIFIED' ) ;
#893 = SECURITY_CLASSIFICATION ( '', '', #1626 ) ;
#894 = CC_DESIGN_PERSON_AND_ORGANIZATION_ASSIGNMENT ( #2507, #1634, ( #1290 ) ) ;
#895 = CC_DESIGN_PERSON_AND_ORGANIZATION_ASSIGNMENT ( #2531, #1659, ( #908 ) ) ;
#896 = PRODUCT_DEFINITION_FORMATION_WITH_SPECIFIED_SOURCE ( 'ANY', '', #1290, .NOT_KNOWN. ) ;
#897 = CC_DESIGN_APPROVAL ( #892, ( #896 ) ) ;
#898 = CC_DESIGN_PERSON_AND_ORGANIZATION_ASSIGNMENT ( #2522, #1647, ( #896 ) ) ;
#899 = CC_DESIGN_PERSON_AND_ORGANIZATION_ASSIGNMENT ( #515, #1650, ( #884 ) ) ;
#900 = CC_DESIGN_PERSON_AND_ORGANIZATION_ASSIGNMENT ( #2538, #1677, ( #893 ) ) ;
#901 = CC_DESIGN_PERSON_AND_ORGANIZATION_ASSIGNMENT ( #2524, #1648, ( #896 ) ) ;
#902 = CC_DESIGN_PERSON_AND_ORGANIZATION_ASSIGNMENT ( #2498, #1649, ( #879 ) ) ;
#903 = PRODUCT_RELATED_PRODUCT_CATEGORY ( 'detail', '', ( #1290 ) ) ;
#904 = CC_DESIGN_PERSON_AND_ORGANIZATION_ASSIGNMENT ( #2495, #1655, ( #1291 ) ) ;
#905 = PRODUCT_DEFINITION ( 'UNKNOWN', '', #896, #1314 ) ;
#906 = PRODUCT_DEFINITION ( 'UNKNOWN', '', #876, #1309 ) ;
#907 = APPROVAL ( #1681, 'UNSPECIFIED' ) ;
#908 = PRODUCT_DEFINITION_FORMATION_WITH_SPECIFIED_SOURCE ( 'ANY', '', #1286, .NOT_KNOWN. ) ;
#909 = CC_DESIGN_PERSON_AND_ORGANIZATION_ASSIGNMENT ( #508, #1630, ( #1286 ) ) ;
#910 = APPROVAL ( #1679, 'UNSPECIFIED' ) ;
#911 = CC_DESIGN_DATE_AND_TIME_ASSIGNMENT ( #2528, #1660, ( #879 ) ) ;
#912 = CC_DESIGN_DATE_AND_TIME_ASSIGNMENT ( #2551, #1670, ( #906 ) ) ;
#913 = CC_DESIGN_DATE_AND_TIME_ASSIGNMENT ( #2511, #1665, ( #893 ) ) ;
#914 = CC_DESIGN_SECURITY_CLASSIFICATION ( #879, ( #896 ) ) ;
#915 = CC_DESIGN_APPROVAL ( #907, ( #906 ) ) ;
#916 = APPROVAL ( #1671, 'UNSPECIFIED' ) ;
#917 = CC_DESIGN_PERSON_AND_ORGANIZATION_ASSIGNMENT ( #2556, #1675, ( #876 ) ) ;
#918 = CC_DESIGN_PERSON_AND_ORGANIZATION_ASSIGNMENT ( #2557, #1673, ( #876 ) ) ;
#919 = CC_DESIGN_APPROVAL ( #945, ( #929 ) ) ;
#920 = SECURITY_CLASSIFICATION ( '', '', #1700 ) ;
#921 = SECURITY_CLASSIFICATION ( '', '', #1714 ) ;
#922 = CC_DESIGN_DATE_AND_TIME_ASSIGNMENT ( #2439, #1693, ( #934 ) ) ;
#923 = CC_DESIGN_SECURITY_CLASSIFICATION ( #950, ( #2597 ) ) ;
#924 = CC_DESIGN_SECURITY_CLASSIFICATION ( #934, ( #2596 ) ) ;
#925 = CC_DESIGN_DATE_AND_TIME_ASSIGNMENT ( #2429, #1706, ( #920 ) ) ;
#926 = CC_DESIGN_PERSON_AND_ORGANIZATION_ASSIGNMENT ( #2446, #1683, ( #886 ) ) ;
#927 = CC_DESIGN_PERSON_AND_ORGANIZATION_ASSIGNMENT ( #2580, #1727, ( #938 ) ) ;
#928 = CC_DESIGN_APPROVAL ( #961, ( #921 ) ) ;
#929 = PRODUCT_DEFINITION ( 'UNKNOWN', '', #938, #1306 ) ;
#930 = CC_DESIGN_SECURITY_CLASSIFICATION ( #866, ( #876 ) ) ;
#931 = CC_DESIGN_PERSON_AND_ORGANIZATION_ASSIGNMENT ( #2588, #1686, ( #1288 ) ) ;
#932 = PRODUCT_RELATED_PRODUCT_CATEGORY ( 'detail', '', ( #1288 ) ) ;
#933 = CC_DESIGN_DATE_AND_TIME_ASSIGNMENT ( #2438, #1728, ( #921 ) ) ;
#934 = SECURITY_CLASSIFICATION ( '', '', #1692 ) ;
#935 = CC_DESIGN_PERSON_AND_ORGANIZATION_ASSIGNMENT ( #2408, #1715, ( #921 ) ) ;
#936 = PRODUCT_RELATED_PRODUCT_CATEGORY ( 'detail', '', ( #1291 ) ) ;
#937 = CC_DESIGN_PERSON_AND_ORGANIZATION_ASSIGNMENT ( #2587, #1704, ( #929 ) ) ;
#938 = PRODUCT_DEFINITION_FORMATION_WITH_SPECIFIED_SOURCE ( 'ANY', '', #1288, .NOT_KNOWN. ) ;
#939 = CC_DESIGN_PERSON_AND_ORGANIZATION_ASSIGNMENT ( #2591, #1726, ( #920 ) ) ;
#940 = CC_DESIGN_APPROVAL ( #951, ( #938 ) ) ;
#941 = CC_DESIGN_SECURITY_CLASSIFICATION ( #920, ( #938 ) ) ;
#942 = CC_DESIGN_APPROVAL ( #959, ( #920 ) ) ;
#943 = APPROVAL ( #1694, 'UNKNOWN' ) ;
#944 = CC_DESIGN_SECURITY_CLASSIFICATION ( #921, ( #2595 ) ) ;
#945 = APPROVAL ( #1701, 'UNSPECIFIED' ) ;
#946 = CC_DESIGN_SECURITY_CLASSIFICATION ( #886, ( #2594 ) ) ;
#947 = CC_DESIGN_DATE_AND_TIME_ASSIGNMENT ( #2428, #1698, ( #886 ) ) ;
#948 = APPROVAL ( #1707, 'UNKNOWN' ) ;
#949 = CC_DESIGN_APPROVAL ( #948, ( #934 ) ) ;
#950 = SECURITY_CLASSIFICATION ( '', '', #1695 ) ;
#951 = APPROVAL ( #1684, 'UNSPECIFIED' ) ;
#952 = CC_DESIGN_PERSON_AND_ORGANIZATION_ASSIGNMENT ( #2574, #1705, ( #938 ) ) ;
#953 = CC_DESIGN_PERSON_AND_ORGANIZATION_ASSIGNMENT ( #2449, #1722, ( #934 ) ) ;
#954 = CC_DESIGN_DATE_AND_TIME_ASSIGNMENT ( #2568, #1699, ( #929 ) ) ;
#955 = CC_DESIGN_APPROVAL ( #943, ( #886 ) ) ;
#956 = APPROVAL ( #1720, 'UNKNOWN' ) ;
#957 = CC_DESIGN_APPROVAL ( #956, ( #950 ) ) ;
#958 = CC_DESIGN_DATE_AND_TIME_ASSIGNMENT ( #2470, #1719, ( #950 ) ) ;
#959 = APPROVAL ( #1691, 'UNSPECIFIED' ) ;
#960 = CC_DESIGN_PERSON_AND_ORGANIZATION_ASSIGNMENT ( #2480, #1716, ( #950 ) ) ;
#961 = APPROVAL ( #1709, 'UNKNOWN' ) ;
#962 = SECURITY_CLASSIFICATION ( '', '', #1685 ) ;
#963 = CC_DESIGN_SECURITY_CLASSIFICATION ( #962, ( #2598 ) ) ;
#964 = APPROVAL ( #1697, 'UNKNOWN' ) ;
#965 = CC_DESIGN_APPROVAL ( #878, ( #866 ) ) ;
#966 = CC_DESIGN_APPROVAL ( #964, ( #962 ) ) ;
#967 = CC_DESIGN_DATE_AND_TIME_ASSIGNMENT ( #2466, #1708, ( #962 ) ) ;
#968 = CC_DESIGN_PERSON_AND_ORGANIZATION_ASSIGNMENT ( #2481, #1710, ( #962 ) ) ;
#969 = CC_DESIGN_PERSON_AND_ORGANIZATION_ASSIGNMENT ( #682, #1610, ( #1248 ) ) ;
#970 = SECURITY_CLASSIFICATION ( '', '', #1574 ) ;
#971 = CC_DESIGN_APPROVAL ( #980, ( #981 ) ) ;
#972 = CC_DESIGN_PERSON_AND_ORGANIZATION_ASSIGNMENT ( #494, #1572, ( #981 ) ) ;
#973 = CC_DESIGN_PERSON_AND_ORGANIZATION_ASSIGNMENT ( #499, #1637, ( #970 ) ) ;
#974 = APPROVAL ( #1632, 'UNSPECIFIED' ) ;
#975 = CC_DESIGN_APPROVAL ( #974, ( #970 ) ) ;
#976 = CC_DESIGN_SECURITY_CLASSIFICATION ( #970, ( #981 ) ) ;
#977 = CC_DESIGN_PERSON_AND_ORGANIZATION_ASSIGNMENT ( #493, #1573, ( #981 ) ) ;
#978 = CC_DESIGN_DATE_AND_TIME_ASSIGNMENT ( #504, #1638, ( #970 ) ) ;
#979 = CC_DESIGN_DATE_AND_TIME_ASSIGNMENT ( #688, #1611, ( #1248 ) ) ;
#980 = APPROVAL ( #1612, 'UNSPECIFIED' ) ;
#981 = PRODUCT_DEFINITION_FORMATION_WITH_SPECIFIED_SOURCE ( 'ANY', '', #1296, .NOT_KNOWN. ) ;
#982 = EDGE_CURVE ( 'NONE', #2042, #2078, #2201, .T. ) ;
#983 = EDGE_CURVE ( 'NONE', #2045, #2073, #2200, .T. ) ;
#984 = EDGE_CURVE ( 'NONE', #2065, #2039, #2250, .T. ) ;
#985 = EDGE_CURVE ( 'NONE', #2036, #2050, #724, .T. ) ;
#986 = EDGE_CURVE ( 'NONE', #2066, #2049, #2264, .T. ) ;
#987 = EDGE_CURVE ( 'NONE', #2052, #2115, #2223, .T. ) ;
#988 = EDGE_CURVE ( 'NONE', #2058, #2067, #716, .T. ) ;
#989 = EDGE_CURVE ( 'NONE', #2044, #2058, #744, .T. ) ;
#990 = EDGE_CURVE ( 'NONE', #2050, #2057, #2241, .T. ) ;
#991 = EDGE_CURVE ( 'NONE', #2064, #2077, #740, .T. ) ;
#992 = EDGE_CURVE ( 'NONE', #2063, #2050, #2231, .T. ) ;
#993 = EDGE_CURVE ( 'NONE', #2037, #2040, #2252, .T. ) ;
#994 = EDGE_CURVE ( 'NONE', #2057, #2053, #741, .T. ) ;
#995 = EDGE_CURVE ( 'NONE', #2067, #2076, #718, .T. ) ;
#996 = EDGE_CURVE ( 'NONE', #2046, #2075, #2265, .T. ) ;
#997 = EDGE_CURVE ( 'NONE', #2043, #2092, #2217, .T. ) ;
#998 = EDGE_CURVE ( 'NONE', #2028, #2026, #2261, .T. ) ;
#999 = EDGE_CURVE ( 'NONE', #2089, #2117, #734, .T. ) ;
#1000 = EDGE_CURVE ( 'NONE', #2104, #2125, #739, .T. ) ;
#1001 = EDGE_CURVE ( 'NONE', #2055, #2038, #2244, .T. ) ;
#1002 = EDGE_CURVE ( 'NONE', #2052, #2043, #2226, .T. ) ;
#1003 = EDGE_CURVE ( 'NONE', #2063, #2036, #735, .T. ) ;
#1004 = EDGE_CURVE ( 'NONE', #2111, #2098, #2239, .T. ) ;
#1005 = EDGE_CURVE ( 'NONE', #2104, #2091, #725, .T. ) ;
#1006 = EDGE_CURVE ( 'NONE', #2113, #2117, #727, .T. ) ;
#1007 = EDGE_CURVE ( 'NONE', #2082, #2114, #726, .T. ) ;
#1008 = EDGE_CURVE ( 'NONE', #2073, #2045, #2243, .T. ) ;
#1009 = EDGE_CURVE ( 'NONE', #2124, #2109, #720, .T. ) ;
#1010 = EDGE_CURVE ( 'NONE', #2045, #2028, #2251, .T. ) ;
#1011 = EDGE_CURVE ( 'NONE', #2024, #2037, #2225, .T. ) ;
#1012 = EDGE_CURVE ( 'NONE', #2125, #2114, #736, .T. ) ;
#1013 = EDGE_CURVE ( 'NONE', #2109, #2101, #721, .T. ) ;
#1014 = EDGE_CURVE ( 'NONE', #2120, #2098, #2242, .T. ) ;
#1015 = EDGE_CURVE ( 'NONE', #2082, #2101, #2247, .T. ) ;
#1016 = EDGE_CURVE ( 'NONE', #2112, #2082, #722, .T. ) ;
#1017 = EDGE_CURVE ( 'NONE', #2043, #2052, #2227, .T. ) ;
#1018 = EDGE_CURVE ( 'NONE', #2115, #2092, #2234, .T. ) ;
#1019 = EDGE_CURVE ( 'NONE', #2067, #2064, #2232, .T. ) ;
#1020 = EDGE_CURVE ( 'NONE', #2076, #2074, #2256, .T. ) ;
#1021 = EDGE_CURVE ( 'NONE', #2024, #2041, #2238, .T. ) ;
#1022 = EDGE_CURVE ( 'NONE', #2090, #2108, #2248, .T. ) ;
#1023 = EDGE_CURVE ( 'NONE', #2119, #2126, #723, .T. ) ;
#1024 = EDGE_CURVE ( 'NONE', #2029, #2109, #2258, .T. ) ;
#1025 = EDGE_CURVE ( 'NONE', #2031, #2025, #2246, .T. ) ;
#1026 = EDGE_CURVE ( 'NONE', #2079, #2102, #2257, .T. ) ;
#1027 = EDGE_CURVE ( 'NONE', #2105, #2089, #728, .T. ) ;
#1028 = EDGE_CURVE ( 'NONE', #2091, #2093, #715, .T. ) ;
#1029 = EDGE_CURVE ( 'NONE', #2100, #2110, #2249, .T. ) ;
#1030 = EDGE_CURVE ( 'NONE', #2087, #2124, #737, .T. ) ;
#1031 = EDGE_CURVE ( 'NONE', #2041, #2086, #2266, .T. ) ;
#1032 = EDGE_CURVE ( 'NONE', #2080, #2099, #2267, .T. ) ;
#1033 = EDGE_CURVE ( 'NONE', #2086, #2037, #2230, .T. ) ;
#1034 = EDGE_CURVE ( 'NONE', #2126, #2103, #2228, .T. ) ;
#1035 = EDGE_CURVE ( 'NONE', #2116, #2103, #729, .T. ) ;
#1036 = EDGE_CURVE ( 'NONE', #2103, #2095, #730, .T. ) ;
#1037 = EDGE_CURVE ( 'NONE', #2094, #2031, #2229, .T. ) ;
#1038 = EDGE_CURVE ( 'NONE', #2119, #2104, #2259, .T. ) ;
#1039 = EDGE_CURVE ( 'NONE', #2124, #2106, #2236, .T. ) ;
#1040 = EDGE_CURVE ( 'NONE', #2095, #2087, #2272, .T. ) ;
#1041 = EDGE_CURVE ( 'NONE', #2094, #2118, #2274, .T. ) ;
#1042 = EDGE_CURVE ( 'NONE', #2095, #2090, #733, .T. ) ;
#1043 = EDGE_CURVE ( 'NONE', #2118, #2025, #2287, .T. ) ;
#1044 = EDGE_CURVE ( 'NONE', #2084, #2111, #2323, .T. ) ;
#1045 = EDGE_CURVE ( 'NONE', #2092, #2115, #2290, .T. ) ;
#1046 = EDGE_CURVE ( 'NONE', #2120, #2084, #2282, .T. ) ;
#1047 = EDGE_CURVE ( 'NONE', #2101, #2112, #742, .T. ) ;
#1048 = EDGE_CURVE ( 'NONE', #2126, #2116, #732, .T. ) ;
#1049 = EDGE_CURVE ( 'NONE', #2113, #2126, #2276, .T. ) ;
#1050 = EDGE_CURVE ( 'NONE', #2084, #2120, #2301, .T. ) ;
#1051 = EDGE_CURVE ( 'NONE', #2041, #2024, #2289, .T. ) ;
#1052 = EDGE_CURVE ( 'NONE', #2102, #2079, #2295, .T. ) ;
#1053 = EDGE_CURVE ( 'NONE', #2108, #2089, #2292, .T. ) ;
#1054 = EDGE_CURVE ( 'NONE', #2101, #2124, #2273, .T. ) ;
#1055 = EDGE_CURVE ( 'NONE', #2106, #2091, #2303, .T. ) ;
#1056 = EDGE_CURVE ( 'NONE', #2119, #2113, #731, .T. ) ;
#1057 = EDGE_CURVE ( 'NONE', #2096, #2097, #2318, .T. ) ;
#1058 = EDGE_CURVE ( 'NONE', #2086, #2083, #2322, .T. ) ;
#1059 = EDGE_CURVE ( 'NONE', #2103, #2090, #2283, .T. ) ;
#1060 = EDGE_CURVE ( 'NONE', #2113, #2089, #2320, .T. ) ;
#1061 = EDGE_CURVE ( 'NONE', #2024, #2115, #2285, .T. ) ;
#1062 = EDGE_CURVE ( 'NONE', #2093, #2106, #712, .T. ) ;
#1063 = EDGE_CURVE ( 'NONE', #2125, #2082, #2288, .T. ) ;
#1064 = EDGE_CURVE ( 'NONE', #2108, #2105, #704, .T. ) ;
#1065 = EDGE_CURVE ( 'NONE', #2118, #2094, #2306, .T. ) ;
#1066 = EDGE_CURVE ( 'NONE', #2037, #2086, #2278, .T. ) ;
#1067 = EDGE_CURVE ( 'NONE', #2040, #2083, #2271, .T. ) ;
#1068 = EDGE_CURVE ( 'NONE', #2106, #2087, #710, .T. ) ;
#1069 = EDGE_CURVE ( 'NONE', #2083, #2040, #2308, .T. ) ;
#1070 = EDGE_CURVE ( 'NONE', #2091, #2125, #2293, .T. ) ;
#1071 = EDGE_CURVE ( 'NONE', #2029, #2108, #698, .T. ) ;
#1072 = EDGE_CURVE ( 'NONE', #2116, #2093, #2296, .T. ) ;
#1073 = EDGE_CURVE ( 'NONE', #2090, #2029, #699, .T. ) ;
#1074 = EDGE_CURVE ( 'NONE', #2105, #2112, #2286, .T. ) ;
#1075 = EDGE_CURVE ( 'NONE', #2117, #2114, #2294, .T. ) ;
#1076 = EDGE_CURVE ( 'NONE', #2110, #2097, #2312, .T. ) ;
#1077 = EDGE_CURVE ( 'NONE', #2100, #2096, #2313, .T. ) ;
#1078 = EDGE_CURVE ( 'NONE', #2088, #2107, #2299, .T. ) ;
#1079 = EDGE_CURVE ( 'NONE', #2081, #2032, #2281, .T. ) ;
#1080 = EDGE_CURVE ( 'NONE', #2032, #2081, #2310, .T. ) ;
#1081 = EDGE_CURVE ( 'NONE', #2079, #2122, #2305, .T. ) ;
#1082 = EDGE_CURVE ( 'NONE', #2107, #2085, #2304, .T. ) ;
#1083 = EDGE_CURVE ( 'NONE', #2122, #2123, #2316, .T. ) ;
#1084 = EDGE_CURVE ( 'NONE', #2032, #2121, #2298, .T. ) ;
#1085 = EDGE_CURVE ( 'NONE', #2085, #2107, #2297, .T. ) ;
#1086 = EDGE_CURVE ( 'NONE', #2098, #2111, #2315, .T. ) ;
#1087 = EDGE_CURVE ( 'NONE', #2099, #2080, #2270, .T. ) ;
#1088 = EDGE_CURVE ( 'NONE', #2081, #2088, #2280, .T. ) ;
#1089 = EDGE_CURVE ( 'NONE', #2025, #2031, #2307, .T. ) ;
#1090 = EDGE_CURVE ( 'NONE', #2121, #2088, #2317, .T. ) ;
#1091 = EDGE_CURVE ( 'NONE', #2123, #2080, #2284, .T. ) ;
#1092 = EDGE_CURVE ( 'NONE', #2096, #2100, #2326, .T. ) ;
#1093 = EDGE_CURVE ( 'NONE', #2097, #2110, #2327, .T. ) ;
#1094 = EDGE_CURVE ( 'NONE', #2121, #2085, #2328, .T. ) ;
#1095 = EDGE_CURVE ( 'NONE', #2102, #2123, #2330, .T. ) ;
#1096 = AXIS2_PLACEMENT_3D ( 'NONE', #25, #28, #26 ) ;
#1097 = AXIS2_PLACEMENT_3D ( 'NONE', #19, #13, #14 ) ;
#1098 = EDGE_CURVE ( 'NONE', #2122, #2099, #1853, .T. ) ;
#1099 = EDGE_CURVE ( 'NONE', #2088, #2121, #1856, .T. ) ;
#1100 = EDGE_CURVE ( 'NONE', #2123, #2122, #1857, .T. ) ;
#1101 = AXIS2_PLACEMENT_3D ( 'NONE', #4, #5, #7 ) ;
#1102 = AXIS2_PLACEMENT_3D ( 'NONE', #12, #15, #17 ) ;
#1103 = AXIS2_PLACEMENT_3D ( 'NONE', #2, #8, #1 ) ;
#1104 = AXIS2_PLACEMENT_3D ( 'NONE', #22, #16, #18 ) ;
#1105 = AXIS2_PLACEMENT_3D ( 'NONE', #9, #10, #11 ) ;
#1106 = AXIS2_PLACEMENT_3D ( 'NONE', #30, #33, #23 ) ;
#1107 = AXIS2_PLACEMENT_3D ( 'NONE', #181, #173, #193 ) ;
#1108 = AXIS2_PLACEMENT_3D ( 'NONE', #35, #60, #42 ) ;
#1109 = AXIS2_PLACEMENT_3D ( 'NONE', #178, #175, #194 ) ;
#1110 = AXIS2_PLACEMENT_3D ( 'NONE', #172, #177, #191 ) ;
#1111 = AXIS2_PLACEMENT_3D ( 'NONE', #78, #108, #85 ) ;
#1112 = AXIS2_PLACEMENT_3D ( 'NONE', #27, #31, #32 ) ;
#1113 = AXIS2_PLACEMENT_3D ( 'NONE', #62, #55, #45 ) ;
#1114 = AXIS2_PLACEMENT_3D ( 'NONE', #71, #72, #73 ) ;
#1115 = AXIS2_PLACEMENT_3D ( 'NONE', #159, #168, #150 ) ;
#1116 = AXIS2_PLACEMENT_3D ( 'NONE', #183, #184, #185 ) ;
#1117 = AXIS2_PLACEMENT_3D ( 'NONE', #179, #192, #195 ) ;
#1118 = AXIS2_PLACEMENT_3D ( 'NONE', #95, #110, #118 ) ;
#1119 = AXIS2_PLACEMENT_3D ( 'NONE', #134, #166, #123 ) ;
#1120 = AXIS2_PLACEMENT_3D ( 'NONE', #376, #389, #448 ) ;
#1121 = AXIS2_PLACEMENT_3D ( 'NONE', #439, #447, #452 ) ;
#1122 = AXIS2_PLACEMENT_3D ( 'NONE', #440, #444, #424 ) ;
#1123 = AXIS2_PLACEMENT_3D ( 'NONE', #282, #283, #320 ) ;
#1124 = AXIS2_PLACEMENT_3D ( 'NONE', #351, #365, #370 ) ;
#1125 = AXIS2_PLACEMENT_3D ( 'NONE', #373, #400, #378 ) ;
#1126 = AXIS2_PLACEMENT_3D ( 'NONE', #420, #421, #449 ) ;
#1127 = AXIS2_PLACEMENT_3D ( 'NONE', #243, #259, #253 ) ;
#1128 = AXIS2_PLACEMENT_3D ( 'NONE', #289, #285, #300 ) ;
#1129 = AXIS2_PLACEMENT_3D ( 'NONE', #231, #211, #215 ) ;
#1130 = AXIS2_PLACEMENT_3D ( 'NONE', #307, #311, #308 ) ;
#1131 = AXIS2_PLACEMENT_3D ( 'NONE', #323, #319, #324 ) ;
#1132 = AXIS2_PLACEMENT_3D ( 'NONE', #288, #321, #297 ) ;
#1133 = AXIS2_PLACEMENT_3D ( 'NONE', #352, #329, #353 ) ;
#1134 = AXIS2_PLACEMENT_3D ( 'NONE', #203, #204, #198 ) ;
#1135 = AXIS2_PLACEMENT_3D ( 'NONE', #230, #239, #241 ) ;
#1136 = AXIS2_PLACEMENT_3D ( 'NONE', #275, #255, #262 ) ;
#1137 = AXIS2_PLACEMENT_3D ( 'NONE', #248, #266, #267 ) ;
#1138 = AXIS2_PLACEMENT_3D ( 'NONE', #303, #325, #291 ) ;
#1139 = AXIS2_PLACEMENT_3D ( 'NONE', #318, #315, #309 ) ;
#1140 = AXIS2_PLACEMENT_3D ( 'NONE', #369, #371, #327 ) ;
#1141 = AXIS2_PLACEMENT_3D ( 'NONE', #399, #401, #395 ) ;
#1142 = AXIS2_PLACEMENT_3D ( 'NONE', #286, #302, #293 ) ;
#1143 = AXIS2_PLACEMENT_3D ( 'NONE', #381, #412, #410 ) ;
#1144 = AXIS2_PLACEMENT_3D ( 'NONE', #232, #225, #206 ) ;
#1145 = AXIS2_PLACEMENT_3D ( 'NONE', #240, #222, #228 ) ;
#1146 = AXIS2_PLACEMENT_3D ( 'NONE', #363, #350, #335 ) ;
#1147 = AXIS2_PLACEMENT_3D ( 'NONE', #379, #380, #411 ) ;
#1148 = AXIS2_PLACEMENT_3D ( 'NONE', #358, #360, #354 ) ;
#1149 = AXIS2_PLACEMENT_3D ( 'NONE', #367, #337, #348 ) ;
#1150 = AXIS2_PLACEMENT_3D ( 'NONE', #413, #415, #392 ) ;
#1151 = AXIS2_PLACEMENT_3D ( 'NONE', #313, #316, #317 ) ;
#1152 = AXIS2_PLACEMENT_3D ( 'NONE', #1746, #1753, #1756 ) ;
#1153 = AXIS2_PLACEMENT_3D ( 'NONE', #1365, #1343, #1371 ) ;
#1154 = AXIS2_PLACEMENT_3D ( 'NONE', #1345, #1372, #1376 ) ;
#1155 = AXIS2_PLACEMENT_3D ( 'NONE', #478, #479, #480 ) ;
#1156 = AXIS2_PLACEMENT_3D ( 'NONE', #1729, #1737, #1730 ) ;
#1157 = AXIS2_PLACEMENT_3D ( 'NONE', #1370, #1359, #1360 ) ;
#1158 = AXIS2_PLACEMENT_3D ( 'NONE', #427, #429, #431 ) ;
#1159 = AXIS2_PLACEMENT_3D ( 'NONE', #1406, #1407, #1417 ) ;
#1160 = AXIS2_PLACEMENT_3D ( 'NONE', #1349, #1357, #1369 ) ;
#1161 = AXIS2_PLACEMENT_3D ( 'NONE', #1408, #1398, #1418 ) ;
#1162 = AXIS2_PLACEMENT_3D ( 'NONE', #1336, #1361, #1362 ) ;
#1163 = AXIS2_PLACEMENT_3D ( 'NONE', #1758, #1786, #1757 ) ;
#1164 = AXIS2_PLACEMENT_3D ( 'NONE', #1342, #1354, #1355 ) ;
#1165 = AXIS2_PLACEMENT_3D ( 'NONE', #455, #435, #438 ) ;
#1166 = AXIS2_PLACEMENT_3D ( 'NONE', #450, #434, #453 ) ;
#1167 = AXIS2_PLACEMENT_3D ( 'NONE', #432, #442, #464 ) ;
#1168 = AXIS2_PLACEMENT_3D ( 'NONE', #470, #462, #467 ) ;
#1169 = AXIS2_PLACEMENT_3D ( 'NONE', #1773, #1788, #1798 ) ;
#1170 = AXIS2_PLACEMENT_3D ( 'NONE', #1350, #1375, #1366 ) ;
#1171 = AXIS2_PLACEMENT_3D ( 'NONE', #463, #460, #469 ) ;
#1172 = AXIS2_PLACEMENT_3D ( 'NONE', #422, #454, #445 ) ;
#1173 = AXIS2_PLACEMENT_3D ( 'NONE', #1337, #1346, #1338 ) ;
#1174 = AXIS2_PLACEMENT_3D ( 'NONE', #1736, #1744, #1748 ) ;
#1175 = AXIS2_PLACEMENT_3D ( 'NONE', #1339, #1341, #1368 ) ;
#1176 = AXIS2_PLACEMENT_3D ( 'NONE', #437, #425, #433 ) ;
#1177 = AXIS2_PLACEMENT_3D ( 'NONE', #1800, #1767, #1764 ) ;
#1178 = AXIS2_PLACEMENT_3D ( 'NONE', #465, #459, #471 ) ;
#1179 = AXIS2_PLACEMENT_3D ( 'NONE', #441, #443, #436 ) ;
#1180 = AXIS2_PLACEMENT_3D ( 'NONE', #451, #428, #423 ) ;
#1181 = AXIS2_PLACEMENT_3D ( 'NONE', #417, #426, #419 ) ;
#1182 = AXIS2_PLACEMENT_3D ( 'NONE', #1751, #1739, #1731 ) ;
#1183 = AXIS2_PLACEMENT_3D ( 'NONE', #1775, #1776, #1790 ) ;
#1184 = AXIS2_PLACEMENT_3D ( 'NONE', #1387, #1385, #1394 ) ;
#1185 = AXIS2_PLACEMENT_3D ( 'NONE', #1437, #1453, #1464 ) ;
#1186 = AXIS2_PLACEMENT_3D ( 'NONE', #1461, #1462, #1434 ) ;
#1187 = AXIS2_PLACEMENT_3D ( 'NONE', #1402, #1420, #1400 ) ;
#1188 = AXIS2_PLACEMENT_3D ( 'NONE', #1468, #1466, #1470 ) ;
#1189 = AXIS2_PLACEMENT_3D ( 'NONE', #1405, #1404, #1397 ) ;
#1190 = AXIS2_PLACEMENT_3D ( 'NONE', #1448, #1445, #1458 ) ;
#1191 = AXIS2_PLACEMENT_3D ( 'NONE', #1516, #1505, #1511 ) ;
#1192 = AXIS2_PLACEMENT_3D ( 'NONE', #1382, #1389, #1393 ) ;
#1193 = AXIS2_PLACEMENT_3D ( 'NONE', #1473, #1472, #1474 ) ;
#1194 = AXIS2_PLACEMENT_3D ( 'NONE', #1491, #1507, #1509 ) ;
#1195 = AXIS2_PLACEMENT_3D ( 'NONE', #1395, #1381, #1419 ) ;
#1196 = AXIS2_PLACEMENT_3D ( 'NONE', #1433, #1443, #1457 ) ;
#1197 = AXIS2_PLACEMENT_3D ( 'NONE', #1380, #1383, #1386 ) ;
#1198 = AXIS2_PLACEMENT_3D ( 'NONE', #1442, #1447, #1439 ) ;
#1199 = AXIS2_PLACEMENT_3D ( 'NONE', #1441, #1444, #1446 ) ;
#1200 = AXIS2_PLACEMENT_3D ( 'NONE', #1427, #1429, #1449 ) ;
#1201 = AXIS2_PLACEMENT_3D ( 'NONE', #1423, #1403, #1409 ) ;
#1202 = AXIS2_PLACEMENT_3D ( 'NONE', #1428, #1459, #1435 ) ;
#1203 = AXIS2_PLACEMENT_3D ( 'NONE', #1518, #1512, #1496 ) ;
#1204 = AXIS2_PLACEMENT_3D ( 'NONE', #1450, #1455, #1451 ) ;
#1205 = AXIS2_PLACEMENT_3D ( 'NONE', #1479, #1480, #1492 ) ;
#1206 = AXIS2_PLACEMENT_3D ( 'NONE', #1440, #1463, #1431 ) ;
#1207 = AXIS2_PLACEMENT_3D ( 'NONE', #1399, #1421, #1384 ) ;
#1208 = AXIS2_PLACEMENT_3D ( 'NONE', #1506, #1497, #1495 ) ;
#1209 = AXIS2_PLACEMENT_3D ( 'NONE', #1498, #1499, #1484 ) ;
#1210 = AXIS2_PLACEMENT_3D ( 'NONE', #1422, #1377, #1415 ) ;
#1211 = AXIS2_PLACEMENT_3D ( 'NONE', #1401, #1430, #1425 ) ;
#1212 = AXIS2_PLACEMENT_3D ( 'NONE', #1515, #1521, #1494 ) ;
#1213 = AXIS2_PLACEMENT_3D ( 'NONE', #1488, #1503, #1520 ) ;
#1214 = AXIS2_PLACEMENT_3D ( 'NONE', #1438, #1426, #1460 ) ;
#1215 = AXIS2_PLACEMENT_3D ( 'NONE', #1477, #1478, #1476 ) ;
#1216 = AXIS2_PLACEMENT_3D ( 'NONE', #1510, #1508, #1501 ) ;
#1217 = AXIS2_PLACEMENT_3D ( 'NONE', #1486, #1500, #1487 ) ;
#1218 = AXIS2_PLACEMENT_3D ( 'NONE', #1483, #1517, #1522 ) ;
#1219 = AXIS2_PLACEMENT_3D ( 'NONE', #1452, #1432, #1456 ) ;
#1220 = AXIS2_PLACEMENT_3D ( 'NONE', #1481, #1504, #1490 ) ;
#1221 = AXIS2_PLACEMENT_3D ( 'NONE', #1535, #1567, #1537 ) ;
#1222 = AXIS2_PLACEMENT_3D ( 'NONE', #1532, #1556, #1555 ) ;
#1223 = AXIS2_PLACEMENT_3D ( 'NONE', #1469, #1465, #1467 ) ;
#1224 = AXIS2_PLACEMENT_3D ( 'NONE', #1391, #1392, #1414 ) ;
#1225 = AXIS2_PLACEMENT_3D ( 'NONE', #1416, #1424, #1379 ) ;
#1226 = AXIS2_PLACEMENT_3D ( 'NONE', #1485, #1513, #1493 ) ;
#1227 = AXIS2_PLACEMENT_3D ( 'NONE', #1523, #1539, #1547 ) ;
#1228 = AXIS2_PLACEMENT_3D ( 'NONE', #1538, #1554, #1565 ) ;
#1229 = AXIS2_PLACEMENT_3D ( 'NONE', #1413, #1388, #1396 ) ;
#1230 = AXIS2_PLACEMENT_3D ( 'NONE', #1541, #1550, #1548 ) ;
#1231 = AXIS2_PLACEMENT_3D ( 'NONE', #1545, #1558, #1566 ) ;
#1232 = AXIS2_PLACEMENT_3D ( 'NONE', #1553, #1559, #1561 ) ;
#1233 = AXIS2_PLACEMENT_3D ( 'NONE', #1542, #1569, #1530 ) ;
#1234 = AXIS2_PLACEMENT_3D ( 'NONE', #1526, #1540, #1557 ) ;
#1235 = AXIS2_PLACEMENT_3D ( 'NONE', #1531, #1543, #1551 ) ;
#1236 = AXIS2_PLACEMENT_3D ( 'NONE', #1562, #1563, #1564 ) ;
#1237 = AXIS2_PLACEMENT_3D ( 'NONE', #1546, #1549, #1552 ) ;
#1238 =( GEOMETRIC_REPRESENTATION_CONTEXT ( 3 ) GLOBAL_UNCERTAINTY_ASSIGNED_CONTEXT ( ( #709 ) ) GLOBAL_UNIT_ASSIGNED_CONTEXT ( ( #1570, #1524, #1525 ) ) REPRESENTATION_CONTEXT ( 'NONE', 'WORKASPACE' ) );
#1239 = AXIS2_PLACEMENT_3D ( 'NONE', #1528, #1529, #1615 ) ;
#1240 = AXIS2_PLACEMENT_3D ( 'NONE', #1581, #1592, #1583 ) ;
#1241 = AXIS2_PLACEMENT_3D ( 'NONE', #1600, #1616, #1596 ) ;
#1242 = APPROVAL ( #1605, 'UNSPECIFIED' ) ;
#1243 =( GEOMETRIC_REPRESENTATION_CONTEXT ( 3 ) GLOBAL_UNCERTAINTY_ASSIGNED_CONTEXT ( ( #705 ) ) GLOBAL_UNIT_ASSIGNED_CONTEXT ( ( #1580, #1608, #1598 ) ) REPRESENTATION_CONTEXT ( 'NONE', 'WORKASPACE' ) );
#1244 = AXIS2_PLACEMENT_3D ( 'NONE', #1613, #1585, #1618 ) ;
#1245 = AXIS2_PLACEMENT_3D ( 'NONE', #1576, #1591, #1609 ) ;
#1246 = AXIS2_PLACEMENT_3D ( 'NONE', #1578, #1582, #1589 ) ;
#1247 =( GEOMETRIC_REPRESENTATION_CONTEXT ( 3 ) GLOBAL_UNCERTAINTY_ASSIGNED_CONTEXT ( ( #706 ) ) GLOBAL_UNIT_ASSIGNED_CONTEXT ( ( #1568, #1584, #1599 ) ) REPRESENTATION_CONTEXT ( 'NONE', 'WORKASPACE' ) );
#1248 = PRODUCT_DEFINITION ( 'UNKNOWN', '', #981, #1302 ) ;
#1249 = CC_DESIGN_PERSON_AND_ORGANIZATION_ASSIGNMENT ( #677, #1620, ( #1296 ) ) ;
#1250 =( GEOMETRIC_REPRESENTATION_CONTEXT ( 3 ) GLOBAL_UNCERTAINTY_ASSIGNED_CONTEXT ( ( #711 ) ) GLOBAL_UNIT_ASSIGNED_CONTEXT ( ( #1593, #1579, #1577 ) ) REPRESENTATION_CONTEXT ( 'NONE', 'WORKASPACE' ) );
#1251 = CC_DESIGN_APPROVAL ( #1242, ( #1248 ) ) ;
#1252 = AXIS2_PLACEMENT_3D ( 'NONE', #1601, #1597, #1606 ) ;
#1253 =( GEOMETRIC_REPRESENTATION_CONTEXT ( 3 ) GLOBAL_UNCERTAINTY_ASSIGNED_CONTEXT ( ( #702 ) ) GLOBAL_UNIT_ASSIGNED_CONTEXT ( ( #1586, #1617, #1614 ) ) REPRESENTATION_CONTEXT ( 'NONE', 'WORKASPACE' ) );
#1254 = AXIS2_PLACEMENT_3D ( 'NONE', #1587, #1590, #1588 ) ;
#1255 = EDGE_CURVE ( 'NONE', #2041, #2092, #2199, .T. ) ;
#1256 = EDGE_CURVE ( 'NONE', #2074, #2055, #2300, .T. ) ;
#1257 = EDGE_CURVE ( 'NONE', #2051, #2049, #1852, .T. ) ;
#1258 = EDGE_CURVE ( 'NONE', #2036, #2046, #2237, .T. ) ;
#1259 = EDGE_CURVE ( 'NONE', #2044, #2067, #566, .T. ) ;
#1260 = EDGE_CURVE ( 'NONE', #2053, #2038, #530, .T. ) ;
#1261 = EDGE_CURVE ( 'NONE', #2077, #2063, #708, .T. ) ;
#1262 = EDGE_CURVE ( 'NONE', #2076, #2064, #714, .T. ) ;
#1263 = EDGE_CURVE ( 'NONE', #2050, #2072, #713, .T. ) ;
#1264 = EDGE_CURVE ( 'NONE', #2049, #2066, #567, .T. ) ;
#1265 = EDGE_CURVE ( 'NONE', #2051, #2070, #529, .T. ) ;
#1266 = EDGE_CURVE ( 'NONE', #2053, #2044, #700, .T. ) ;
#1267 = EDGE_CURVE ( 'NONE', #2065, #2073, #568, .T. ) ;
#1268 = EDGE_CURVE ( 'NONE', #2039, #2065, #557, .T. ) ;
#1269 = EDGE_CURVE ( 'NONE', #2078, #2042, #540, .T. ) ;
#1270 = EDGE_CURVE ( 'NONE', #2075, #2074, #526, .T. ) ;
#1271 = EDGE_CURVE ( 'NONE', #2057, #2044, #533, .T. ) ;
#1272 = EDGE_CURVE ( 'NONE', #2026, #2028, #548, .T. ) ;
#1273 = EDGE_CURVE ( 'NONE', #2058, #2055, #555, .T. ) ;
#1274 = EDGE_CURVE ( 'NONE', #2072, #2057, #696, .T. ) ;
#1275 = EDGE_CURVE ( 'NONE', #2039, #2045, #551, .T. ) ;
#1276 = EDGE_CURVE ( 'NONE', #2072, #2059, #518, .T. ) ;
#1277 = EDGE_CURVE ( 'NONE', #2059, #2046, #572, .T. ) ;
#1278 = EDGE_CURVE ( 'NONE', #2066, #2042, #527, .T. ) ;
#1279 = EDGE_CURVE ( 'NONE', #2070, #2066, #561, .T. ) ;
#1280 = EDGE_CURVE ( 'NONE', #2070, #2051, #535, .T. ) ;
#1281 = EDGE_CURVE ( 'NONE', #2073, #2026, #558, .T. ) ;
#1282 = EDGE_CURVE ( 'NONE', #2049, #2078, #559, .T. ) ;
#1283 = EDGE_CURVE ( 'NONE', #2038, #2059, #560, .T. ) ;
#1284 = EDGE_CURVE ( 'NONE', #2064, #2063, #549, .T. ) ;
#1285 = EDGE_CURVE ( 'NONE', #2077, #2075, #554, .T. ) ;
#1286 = PRODUCT ( 'Hexagon Nut ISO 4034 - M12 - N_Hexagon Nut ISO 4034 - M12 - N', 'Hexagon Nut ISO 4034 - M12 - N_Hexagon Nut ISO 4034 - M12 - N', '', ( #1642 ) ) ;
#1287 = PERSON ( 'NAUO-PER1', 'UNSPECIFIED', 'UNSPECIFIED', ('UNSPECIFIED'), ('UNSPECIFIED'), ('UNSPECIFIED') ) ;
#1288 = PRODUCT ( 'Stopa fi45', 'Stopa fi45', '', ( #1624 ) ) ;
#1289 = PERSON ( 'NAUO-PER2', 'UNSPECIFIED', 'UNSPECIFIED', ('UNSPECIFIED'), ('UNSPECIFIED'), ('UNSPECIFIED') ) ;
#1290 = PRODUCT ( 'Navojno vreteno kratko', 'Navojno vreteno kratko', '', ( #1627 ) ) ;
#1291 = PRODUCT ( 'Podloška', 'Podloška', '', ( #1661 ) ) ;
#1292 = PERSON ( 'UNSPECIFIED', 'UNSPECIFIED', 'UNSPECIFIED', ('UNSPECIFIED'), ('UNSPECIFIED'), ('UNSPECIFIED') ) ;
#1293 = PERSON ( 'NAUO-PER4', 'UNSPECIFIED', 'UNSPECIFIED', ('UNSPECIFIED'), ('UNSPECIFIED'), ('UNSPECIFIED') ) ;
#1294 = PERSON ( 'NAUO-PER3', 'UNSPECIFIED', 'UNSPECIFIED', ('UNSPECIFIED'), ('UNSPECIFIED'), ('UNSPECIFIED') ) ;
#1295 = PERSON ( 'NAUO-PER5', 'UNSPECIFIED', 'UNSPECIFIED', ('UNSPECIFIED'), ('UNSPECIFIED'), ('UNSPECIFIED') ) ;
#1296 = PRODUCT ( 'ALP2705', 'ALP2705', '', ( #1575 ) ) ;
#1297 = SHAPE_REPRESENTATION ( 'ALP2705', ( #1254, #1252, #1244, #1246, #1240, #1245 ), #1253 ) ;
#1298 = SHAPE_REPRESENTATION ( 'Hexagon Nut ISO 4034 - M12 - N_Hexagon Nut ISO 4034 - M12 - N', ( #1239 ), #1250 ) ;
#1299 = SHAPE_REPRESENTATION ( 'Stopa fi45', ( #1239 ), #1238 ) ;
#1300 = SHAPE_REPRESENTATION ( 'Podloška', ( #1239 ), #1243 ) ;
#1301 = SHAPE_REPRESENTATION ( 'Navojno vreteno kratko', ( #1239 ), #1247 ) ;
#1302 = DESIGN_CONTEXT ( 'detailed design', #1595, 'design' ) ;
#1303 = PRODUCT_DEFINITION_SHAPE ( 'NONE', 'NONE',  #905 ) ;
#1304 = PRODUCT_DEFINITION_SHAPE ( 'NONE', 'NONE',  #884 ) ;
#1305 = PRODUCT_DEFINITION_SHAPE ( 'NONE', 'NONE',  #2595 ) ;
#1306 = DESIGN_CONTEXT ( 'detailed design', #1703, 'design' ) ;
#1307 = DESIGN_CONTEXT ( 'detailed design', #1639, 'design' ) ;
#1308 = PRODUCT_DEFINITION_SHAPE ( 'NONE', 'NONE',  #2598 ) ;
#1309 = DESIGN_CONTEXT ( 'detailed design', #1657, 'design' ) ;
#1310 = PRODUCT_DEFINITION_SHAPE ( 'NONE', 'NONE',  #929 ) ;
#1311 = PRODUCT_DEFINITION_SHAPE ( 'NONE', 'NONE',  #1248 ) ;
#1312 = PRODUCT_DEFINITION_SHAPE ( 'NONE', 'NONE',  #906 ) ;
#1313 = PRODUCT_DEFINITION_SHAPE ( 'NONE', 'NONE',  #2594 ) ;
#1314 = DESIGN_CONTEXT ( 'detailed design', #1635, 'design' ) ;
#1315 = PRODUCT_DEFINITION_SHAPE ( 'NONE', 'NONE',  #2596 ) ;
#1316 = PRODUCT_DEFINITION_SHAPE ( 'NONE', 'NONE',  #2597 ) ;
#1317 = CARTESIAN_POINT ( 'NONE',  ( 1.734723475976807100E-015, 10.39230484541326800, -11.39615242270662600 ) ) ;
#1318 = CARTESIAN_POINT ( 'NONE',  ( -4.500000000000003600, 7.794228634059947100, 0.0000000000000000000 ) ) ;
#1319 = CARTESIAN_POINT ( 'NONE',  ( 0.0000000000000000000, 18.00000000000000000, -3.000000000000000000 ) ) ;
#1320 = CARTESIAN_POINT ( 'NONE',  ( 0.0000000000000000000, 13.99999999999999800, -3.000000000000000000 ) ) ;
#1321 = CARTESIAN_POINT ( 'NONE',  ( 2.263725397694314000E-015, 2.710505431213761100E-017, 18.48472064982661000 ) ) ;
#1322 = CARTESIAN_POINT ( 'NONE',  ( 3.673940397442059900E-016, 18.00000000000000000, 3.000000000000000000 ) ) ;
#1323 = CARTESIAN_POINT ( 'NONE',  ( -4.500000000000002700, -7.794228634059946300, 0.0000000000000000000 ) ) ;
#1324 = CARTESIAN_POINT ( 'NONE',  ( 2.755455298081544800E-015, 0.0000000000000000000, 22.50000000000000000 ) ) ;
#1325 = CARTESIAN_POINT ( 'NONE',  ( 0.0000000000000000000, 0.0000000000000000000, -10.00000000000000000 ) ) ;
#1326 = CARTESIAN_POINT ( 'NONE',  ( -4.500000000000002700, -7.794228634059946300, -12.19999999999999900 ) ) ;
#1327 = CARTESIAN_POINT ( 'NONE',  ( 0.0000000000000000000, 13.99999999999999800, -10.00000000000000000 ) ) ;
#1328 = CARTESIAN_POINT ( 'NONE',  ( 9.000000000000001800, -5.196152422706638200, -0.8038475772933727500 ) ) ;
#1329 = CARTESIAN_POINT ( 'NONE',  ( -4.500000000000003600, 7.794228634059947100, -12.19999999999999900 ) ) ;
#1330 = CARTESIAN_POINT ( 'NONE',  ( -9.000000000000000000, 5.196152422706629400, -0.8038475772933710900 ) ) ;
#1331 = CARTESIAN_POINT ( 'NONE',  ( 3.673940397442059900E-016, 13.99999999999999800, 3.000000000000000000 ) ) ;
#1332 = CARTESIAN_POINT ( 'NONE',  ( 1.224646799147353300E-015, 0.0000000000000000000, 10.00000000000000000 ) ) ;
#1333 = CARTESIAN_POINT ( 'NONE',  ( -8.673617379884035500E-016, 10.39230484541326600, -0.8038475772933727500 ) ) ;
#1334 = CARTESIAN_POINT ( 'NONE',  ( 9.000000000000001800, 0.0000000000000000000, -12.19999999999999900 ) ) ;
#1335 = CARTESIAN_POINT ( 'NONE',  ( 9.000000000000000000, 5.196152422706636500, -0.8038475772933727500 ) ) ;
#1336 = CARTESIAN_POINT ( 'NONE',  ( 0.0000000000000000000, 0.0000000000000000000, 0.0000000000000000000 ) ) ;
#1337 = CARTESIAN_POINT ( 'NONE',  ( 0.0000000000000000000, 0.0000000000000000000, -12.19999999999999900 ) ) ;
#1338 = DIRECTION ( 'NONE',  ( 1.000000000000000000, 0.0000000000000000000, 0.0000000000000000000 ) ) ;
#1339 = CARTESIAN_POINT ( 'NONE',  ( 3.000000000000000000, 18.00000000000000000, 0.0000000000000000000 ) ) ;
#1340 = CARTESIAN_POINT ( 'NONE',  ( 0.0000000000000000000, 3.000000000000000000, -10.00000000000000000 ) ) ;
#1341 = DIRECTION ( 'NONE',  ( 0.0000000000000000000, 1.000000000000000000, 0.0000000000000000000 ) ) ;
#1342 = CARTESIAN_POINT ( 'NONE',  ( 0.0000000000000000000, 6.767746672320449800, 0.0000000000000000000 ) ) ;
#1343 = DIRECTION ( 'NONE',  ( -0.0000000000000000000, -1.000000000000000000, -0.0000000000000000000 ) ) ;
#1344 = PLANE ( 'NONE',  #1157 ) ;
#1345 = CARTESIAN_POINT ( 'NONE',  ( 0.0000000000000000000, 0.0000000000000000000, 0.0000000000000000000 ) ) ;
#1346 = DIRECTION ( 'NONE',  ( -0.0000000000000000000, -0.0000000000000000000, 1.000000000000000000 ) ) ;
#1347 = CARTESIAN_POINT ( 'NONE',  ( -6.000000000000001800, 0.0000000000000000000, -12.17459999999999800 ) ) ;
#1348 = CARTESIAN_POINT ( 'NONE',  ( -9.000000000000001800, 0.0000000000000000000, 0.0000000000000000000 ) ) ;
#1349 = CARTESIAN_POINT ( 'NONE',  ( 0.0000000000000000000, 0.0000000000000000000, -12.19999999999999900 ) ) ;
#1350 = CARTESIAN_POINT ( 'NONE',  ( 0.0000000000000000000, 0.0000000000000000000, 0.0000000000000000000 ) ) ;
#1351 = CARTESIAN_POINT ( 'NONE',  ( -1.734723475976807100E-014, -10.39230484541326800, -11.39615242270662600 ) ) ;
#1352 = CARTESIAN_POINT ( 'NONE',  ( 9.000000000000000000, 5.196152422706636500, -11.39615242270662600 ) ) ;
#1353 = CARTESIAN_POINT ( 'NONE',  ( 9.000000000000001800, 0.0000000000000000000, 0.0000000000000000000 ) ) ;
#1354 = DIRECTION ( 'NONE',  ( -0.0000000000000000000, -1.000000000000000000, -0.0000000000000000000 ) ) ;
#1355 = DIRECTION ( 'NONE',  ( 0.0000000000000000000, 0.0000000000000000000, -1.000000000000000000 ) ) ;
#1356 = CARTESIAN_POINT ( 'NONE',  ( 3.673940397442058900E-016, 3.000000000000000000, 2.999999999999999100 ) ) ;
#1357 = DIRECTION ( 'NONE',  ( -0.0000000000000000000, -0.0000000000000000000, 1.000000000000000000 ) ) ;
#1358 = PLANE ( 'NONE',  #1175 ) ;
#1359 = DIRECTION ( 'NONE',  ( -0.5000000000000004400, -0.8660254037844384900, 0.0000000000000000000 ) ) ;
#1360 = DIRECTION ( 'NONE',  ( 0.8660254037844383700, -0.5000000000000003300, 0.0000000000000000000 ) ) ;
#1361 = DIRECTION ( 'NONE',  ( 0.0000000000000000000, 0.0000000000000000000, -1.000000000000000000 ) ) ;
#1362 = DIRECTION ( 'NONE',  ( -1.000000000000000000, 0.0000000000000000000, 0.0000000000000000000 ) ) ;
#1363 = CARTESIAN_POINT ( 'NONE',  ( 9.000000000000001800, -5.196152422706638200, -11.39615242270662600 ) ) ;
#1364 = CARTESIAN_POINT ( 'NONE',  ( 0.0000000000000000000, 6.767746672320449800, -17.89261953838324700 ) ) ;
#1365 = CARTESIAN_POINT ( 'NONE',  ( 0.0000000000000000000, 6.077231937188676300, 0.0000000000000000000 ) ) ;
#1366 = DIRECTION ( 'NONE',  ( -1.000000000000000000, 0.0000000000000000000, 0.0000000000000000000 ) ) ;
#1367 = CARTESIAN_POINT ( 'NONE',  ( 4.500000000000003600, -7.794228634059947100, -12.19999999999999900 ) ) ;
#1368 = DIRECTION ( 'NONE',  ( 0.0000000000000000000, -0.0000000000000000000, 1.000000000000000000 ) ) ;
#1369 = DIRECTION ( 'NONE',  ( 1.000000000000000000, 0.0000000000000000000, 0.0000000000000000000 ) ) ;
#1370 = CARTESIAN_POINT ( 'NONE',  ( -9.000000000000000000, -5.196152422706636500, -12.19999999999999900 ) ) ;
#1371 = DIRECTION ( 'NONE',  ( 0.0000000000000000000, 0.0000000000000000000, -1.000000000000000000 ) ) ;
#1372 = DIRECTION ( 'NONE',  ( 0.0000000000000000000, 0.0000000000000000000, -1.000000000000000000 ) ) ;
#1373 = CARTESIAN_POINT ( 'NONE',  ( 2.227469661149278400E-015, 6.767746672320449800, 17.89261953838324700 ) ) ;
#1374 = CARTESIAN_POINT ( 'NONE',  ( 0.0000000000000000000, 7.116369643311096600, -21.87739833075022500 ) ) ;
#1375 = DIRECTION ( 'NONE',  ( 0.0000000000000000000, 0.0000000000000000000, -1.000000000000000000 ) ) ;
#1376 = DIRECTION ( 'NONE',  ( -1.000000000000000000, 0.0000000000000000000, 0.0000000000000000000 ) ) ;
#1377 = DIRECTION ( 'NONE',  ( 0.0000000000000000000, 0.0000000000000000000, -1.000000000000000000 ) ) ;
#1378 = PLANE ( 'NONE',  #1184 ) ;
#1379 = DIRECTION ( 'NONE',  ( 1.000000000000000000, 0.0000000000000000000, 0.0000000000000000000 ) ) ;
#1380 = CARTESIAN_POINT ( 'NONE',  ( 0.0000000000000000000, 0.0000000000000000000, -12.19999999999999900 ) ) ;
#1381 = DIRECTION ( 'NONE',  ( -0.0000000000000000000, -0.0000000000000000000, 1.000000000000000000 ) ) ;
#1382 = CARTESIAN_POINT ( 'NONE',  ( 0.0000000000000000000, 0.0000000000000000000, -0.5000000000000000000 ) ) ;
#1383 = DIRECTION ( 'NONE',  ( 0.0000000000000000000, 0.0000000000000000000, 1.000000000000000000 ) ) ;
#1384 = DIRECTION ( 'NONE',  ( -1.000000000000000000, 0.0000000000000000000, 0.0000000000000000000 ) ) ;
#1385 = DIRECTION ( 'NONE',  ( 0.8660254037844387100, 0.4999999999999999400, -0.0000000000000000000 ) ) ;
#1386 = DIRECTION ( 'NONE',  ( 1.000000000000000000, 0.0000000000000000000, 0.0000000000000000000 ) ) ;
#1387 = CARTESIAN_POINT ( 'NONE',  ( -9.814954576223641400, -1.752663942960756300E-015, 58.00000000000000000 ) ) ;
#1388 = DIRECTION ( 'NONE',  ( 0.0000000000000000000, 1.000000000000000000, 0.0000000000000000000 ) ) ;
#1389 = DIRECTION ( 'NONE',  ( 0.0000000000000000000, 0.0000000000000000000, 1.000000000000000000 ) ) ;
#1390 = PLANE ( 'NONE',  #1211 ) ;
#1391 = CARTESIAN_POINT ( 'NONE',  ( 0.0000000000000000000, 1.413440316596247700E-015, 62.27602525356177700 ) ) ;
#1392 = DIRECTION ( 'NONE',  ( -0.0000000000000000000, 2.550252023858453500E-017, -1.000000000000000000 ) ) ;
#1393 = DIRECTION ( 'NONE',  ( 1.000000000000000000, 0.0000000000000000000, -0.0000000000000000000 ) ) ;
#1394 = DIRECTION ( 'NONE',  ( -0.4999999999999999400, 0.8660254037844387100, 0.0000000000000000000 ) ) ;
#1395 = CARTESIAN_POINT ( 'NONE',  ( 0.0000000000000000000, 0.0000000000000000000, -12.19999999999999900 ) ) ;
#1396 = DIRECTION ( 'NONE',  ( 0.0000000000000000000, -0.0000000000000000000, 1.000000000000000000 ) ) ;
#1397 = DIRECTION ( 'NONE',  ( 1.000000000000000000, 0.0000000000000000000, 0.0000000000000000000 ) ) ;
#1398 = DIRECTION ( 'NONE',  ( -1.000000000000000000, 0.0000000000000000000, 0.0000000000000000000 ) ) ;
#1399 = CARTESIAN_POINT ( 'NONE',  ( 0.0000000000000000000, 0.0000000000000000000, 0.0000000000000000000 ) ) ;
#1400 = DIRECTION ( 'NONE',  ( 1.000000000000000000, 0.0000000000000000000, 0.0000000000000000000 ) ) ;
#1401 = CARTESIAN_POINT ( 'NONE',  ( 9.814954576223637900, 1.522489737165905400E-015, 58.00000000000000000 ) ) ;
#1402 = CARTESIAN_POINT ( 'NONE',  ( 0.0000000000000000000, 0.0000000000000000000, -0.5000000000000000000 ) ) ;
#1403 = DIRECTION ( 'NONE',  ( -0.0000000000000000000, -0.0000000000000000000, 1.000000000000000000 ) ) ;
#1404 = DIRECTION ( 'NONE',  ( -0.0000000000000000000, -0.0000000000000000000, 1.000000000000000000 ) ) ;
#1405 = CARTESIAN_POINT ( 'NONE',  ( 0.0000000000000000000, 0.0000000000000000000, -12.19999999999999900 ) ) ;
#1406 = CARTESIAN_POINT ( 'NONE',  ( 0.0000000000000000000, 0.0000000000000000000, -12.19999999999999900 ) ) ;
#1407 = DIRECTION ( 'NONE',  ( -0.0000000000000000000, -0.0000000000000000000, 1.000000000000000000 ) ) ;
#1408 = CARTESIAN_POINT ( 'NONE',  ( -9.000000000000000000, 5.196152422706629400, -12.19999999999999900 ) ) ;
#1409 = DIRECTION ( 'NONE',  ( 1.000000000000000000, 0.0000000000000000000, 0.0000000000000000000 ) ) ;
#1410 = PLANE ( 'NONE',  #1192 ) ;
#1411 = PLANE ( 'NONE',  #1229 ) ;
#1412 = PLANE ( 'NONE',  #1161 ) ;
#1413 = CARTESIAN_POINT ( 'NONE',  ( -4.907477288111823400, -8.500000000000000000, 58.00000000000000000 ) ) ;
#1414 = DIRECTION ( 'NONE',  ( 0.0000000000000000000, 1.000000000000000000, 0.0000000000000000000 ) ) ;
#1415 = DIRECTION ( 'NONE',  ( -1.000000000000000000, 0.0000000000000000000, 0.0000000000000000000 ) ) ;
#1416 = CARTESIAN_POINT ( 'NONE',  ( 0.0000000000000000000, 0.0000000000000000000, 0.5000000000000026600 ) ) ;
#1417 = DIRECTION ( 'NONE',  ( 1.000000000000000000, 0.0000000000000000000, 0.0000000000000000000 ) ) ;
#1418 = DIRECTION ( 'NONE',  ( 0.0000000000000000000, 0.0000000000000000000, 1.000000000000000000 ) ) ;
#1419 = DIRECTION ( 'NONE',  ( 1.000000000000000000, 0.0000000000000000000, 0.0000000000000000000 ) ) ;
#1420 = DIRECTION ( 'NONE',  ( 0.0000000000000000000, 0.0000000000000000000, 1.000000000000000000 ) ) ;
#1421 = DIRECTION ( 'NONE',  ( 0.0000000000000000000, 0.0000000000000000000, -1.000000000000000000 ) ) ;
#1422 = CARTESIAN_POINT ( 'NONE',  ( 0.0000000000000000000, 0.0000000000000000000, 74.00000000000001400 ) ) ;
#1423 = CARTESIAN_POINT ( 'NONE',  ( 0.0000000000000000000, 0.0000000000000000000, 0.5000000000000026600 ) ) ;
#1424 = DIRECTION ( 'NONE',  ( -0.0000000000000000000, -0.0000000000000000000, 1.000000000000000000 ) ) ;
#1425 = DIRECTION ( 'NONE',  ( 0.5000000000000000000, -0.8660254037844386000, 0.0000000000000000000 ) ) ;
#1426 = DIRECTION ( 'NONE',  ( 0.0000000000000000000, 0.0000000000000000000, 1.000000000000000000 ) ) ;
#1427 = CARTESIAN_POINT ( 'NONE',  ( 0.0000000000000000000, 3.000000000000000000, 0.0000000000000000000 ) ) ;
#1428 = CARTESIAN_POINT ( 'NONE',  ( 0.0000000000000000000, 0.0000000000000000000, 74.00000000000001400 ) ) ;
#1429 = DIRECTION ( 'NONE',  ( -0.0000000000000000000, -1.000000000000000000, -0.0000000000000000000 ) ) ;
#1430 = DIRECTION ( 'NONE',  ( -0.8660254037844387100, -0.5000000000000001100, 0.0000000000000000000 ) ) ;
#1431 = DIRECTION ( 'NONE',  ( 0.0000000000000000000, 0.0000000000000000000, -1.000000000000000000 ) ) ;
#1432 = DIRECTION ( 'NONE',  ( -0.0000000000000000000, 2.550252023858453500E-017, -1.000000000000000000 ) ) ;
#1433 = CARTESIAN_POINT ( 'NONE',  ( 0.0000000000000000000, 0.0000000000000000000, 0.0000000000000000000 ) ) ;
#1434 = DIRECTION ( 'NONE',  ( 0.0000000000000000000, 1.000000000000000000, 0.0000000000000000000 ) ) ;
#1435 = DIRECTION ( 'NONE',  ( -1.000000000000000000, 0.0000000000000000000, 0.0000000000000000000 ) ) ;
#1436 = PLANE ( 'NONE',  #1198 ) ;
#1437 = CARTESIAN_POINT ( 'NONE',  ( 0.0000000000000000000, 0.0000000000000000000, 0.0000000000000000000 ) ) ;
#1438 = CARTESIAN_POINT ( 'NONE',  ( 0.0000000000000000000, 0.0000000000000000000, -0.5000000000000000000 ) ) ;
#1439 = DIRECTION ( 'NONE',  ( 1.000000000000000000, 0.0000000000000000000, -0.0000000000000000000 ) ) ;
#1440 = CARTESIAN_POINT ( 'NONE',  ( 0.0000000000000000000, 6.077231937188676300, 0.0000000000000000000 ) ) ;
#1441 = CARTESIAN_POINT ( 'NONE',  ( 0.0000000000000000000, 1.413440316596247700E-015, 62.27602525356177700 ) ) ;
#1442 = CARTESIAN_POINT ( 'NONE',  ( 0.0000000000000000000, 0.0000000000000000000, 58.00000000000000000 ) ) ;
#1443 = DIRECTION ( 'NONE',  ( 0.0000000000000000000, 0.0000000000000000000, -1.000000000000000000 ) ) ;
#1444 = DIRECTION ( 'NONE',  ( -0.0000000000000000000, 2.550252023858453500E-017, -1.000000000000000000 ) ) ;
#1445 = DIRECTION ( 'NONE',  ( -0.0000000000000000000, -0.0000000000000000000, -1.000000000000000000 ) ) ;
#1446 = DIRECTION ( 'NONE',  ( 0.0000000000000000000, 1.000000000000000000, 0.0000000000000000000 ) ) ;
#1447 = DIRECTION ( 'NONE',  ( 0.0000000000000000000, -0.0000000000000000000, 1.000000000000000000 ) ) ;
#1448 = CARTESIAN_POINT ( 'NONE',  ( 0.0000000000000000000, 0.0000000000000000000, 74.00000000000001400 ) ) ;
#1449 = DIRECTION ( 'NONE',  ( 0.0000000000000000000, 0.0000000000000000000, -1.000000000000000000 ) ) ;
#1450 = CARTESIAN_POINT ( 'NONE',  ( -4.907477288111821600, 8.500000000000000000, 58.00000000000000000 ) ) ;
#1451 = DIRECTION ( 'NONE',  ( 0.4999999999999998900, 0.8660254037844387100, 0.0000000000000000000 ) ) ;
#1452 = CARTESIAN_POINT ( 'NONE',  ( 0.0000000000000000000, 1.413440316596247700E-015, 62.27602525356177700 ) ) ;
#1453 = DIRECTION ( 'NONE',  ( -0.0000000000000000000, -1.000000000000000000, -0.0000000000000000000 ) ) ;
#1454 = PLANE ( 'NONE',  #1204 ) ;
#1455 = DIRECTION ( 'NONE',  ( 0.8660254037844387100, -0.4999999999999998900, 0.0000000000000000000 ) ) ;
#1456 = DIRECTION ( 'NONE',  ( 0.0000000000000000000, 1.000000000000000000, 0.0000000000000000000 ) ) ;
#1457 = DIRECTION ( 'NONE',  ( -1.000000000000000000, 0.0000000000000000000, 0.0000000000000000000 ) ) ;
#1458 = DIRECTION ( 'NONE',  ( -1.000000000000000000, 0.0000000000000000000, 0.0000000000000000000 ) ) ;
#1459 = DIRECTION ( 'NONE',  ( 0.0000000000000000000, 0.0000000000000000000, -1.000000000000000000 ) ) ;
#1460 = DIRECTION ( 'NONE',  ( 1.000000000000000000, 0.0000000000000000000, 0.0000000000000000000 ) ) ;
#1461 = CARTESIAN_POINT ( 'NONE',  ( 0.0000000000000000000, 1.413440316596247700E-015, 62.27602525356177700 ) ) ;
#1462 = DIRECTION ( 'NONE',  ( -0.0000000000000000000, 2.550252023858453500E-017, -1.000000000000000000 ) ) ;
#1463 = DIRECTION ( 'NONE',  ( -0.0000000000000000000, -1.000000000000000000, -0.0000000000000000000 ) ) ;
#1464 = DIRECTION ( 'NONE',  ( 0.0000000000000000000, 0.0000000000000000000, -1.000000000000000000 ) ) ;
#1465 = DIRECTION ( 'NONE',  ( -0.0000000000000000000, -0.0000000000000000000, 1.000000000000000000 ) ) ;
#1466 = DIRECTION ( 'NONE',  ( -0.0000000000000000000, -1.000000000000000000, -0.0000000000000000000 ) ) ;
#1467 = DIRECTION ( 'NONE',  ( 1.000000000000000000, 0.0000000000000000000, 0.0000000000000000000 ) ) ;
#1468 = CARTESIAN_POINT ( 'NONE',  ( 0.0000000000000000000, 3.000000000000000000, 0.0000000000000000000 ) ) ;
#1469 = CARTESIAN_POINT ( 'NONE',  ( 0.0000000000000000000, 0.0000000000000000000, -25.03750572909317300 ) ) ;
#1470 = DIRECTION ( 'NONE',  ( 0.0000000000000000000, 0.0000000000000000000, -1.000000000000000000 ) ) ;
#1471 = PLANE ( 'NONE',  #1193 ) ;
#1472 = DIRECTION ( 'NONE',  ( 0.0000000000000000000, 0.0000000000000000000, 1.000000000000000000 ) ) ;
#1473 = CARTESIAN_POINT ( 'NONE',  ( -17.99999999999999600, -3.469446951953614200E-015, -12.19999999999999900 ) ) ;
#1474 = DIRECTION ( 'NONE',  ( 1.000000000000000000, 0.0000000000000000000, -0.0000000000000000000 ) ) ;
#1475 = PLANE ( 'NONE',  #1215 ) ;
#1476 = DIRECTION ( 'NONE',  ( -0.8660254037844383700, -0.5000000000000003300, 0.0000000000000000000 ) ) ;
#1477 = CARTESIAN_POINT ( 'NONE',  ( -4.681546503268442800E-016, 10.39230484541326600, -12.19999999999999900 ) ) ;
#1478 = DIRECTION ( 'NONE',  ( -0.5000000000000004400, 0.8660254037844384900, 0.0000000000000000000 ) ) ;
#1479 = CARTESIAN_POINT ( 'NONE',  ( 0.0000000000000000000, 0.0000000000000000000, 74.00000000000001400 ) ) ;
#1480 = DIRECTION ( 'NONE',  ( 0.0000000000000000000, 0.0000000000000000000, 1.000000000000000000 ) ) ;
#1481 = CARTESIAN_POINT ( 'NONE',  ( 4.907477288111818900, 8.500000000000000000, 58.00000000000000000 ) ) ;
#1482 = PLANE ( 'NONE',  #1209 ) ;
#1483 = CARTESIAN_POINT ( 'NONE',  ( 0.0000000000000000000, 6.077231937188676300, 0.0000000000000000000 ) ) ;
#1484 = DIRECTION ( 'NONE',  ( 1.000000000000000000, 0.0000000000000000000, -0.0000000000000000000 ) ) ;
#1485 = CARTESIAN_POINT ( 'NONE',  ( 0.0000000000000000000, 6.077231937188676300, 0.0000000000000000000 ) ) ;
#1486 = CARTESIAN_POINT ( 'NONE',  ( 3.000000000000000000, 13.99999999999999800, 0.0000000000000000000 ) ) ;
#1487 = DIRECTION ( 'NONE',  ( 0.0000000000000000000, 0.0000000000000000000, -1.000000000000000000 ) ) ;
#1488 = CARTESIAN_POINT ( 'NONE',  ( 0.0000000000000000000, 1.413440316596247700E-015, 62.27602525356177700 ) ) ;
#1489 = PLANE ( 'NONE',  #1220 ) ;
#1490 = DIRECTION ( 'NONE',  ( 0.0000000000000000000, -0.0000000000000000000, -1.000000000000000000 ) ) ;
#1491 = CARTESIAN_POINT ( 'NONE',  ( 0.0000000000000000000, 0.0000000000000000000, 0.0000000000000000000 ) ) ;
#1492 = DIRECTION ( 'NONE',  ( 1.000000000000000000, 0.0000000000000000000, -0.0000000000000000000 ) ) ;
#1493 = DIRECTION ( 'NONE',  ( 0.0000000000000000000, 0.0000000000000000000, -1.000000000000000000 ) ) ;
#1494 = DIRECTION ( 'NONE',  ( 1.000000000000000000, 0.0000000000000000000, 0.0000000000000000000 ) ) ;
#1495 = DIRECTION ( 'NONE',  ( 1.000000000000000000, 0.0000000000000000000, 0.0000000000000000000 ) ) ;
#1496 = DIRECTION ( 'NONE',  ( 0.0000000000000000000, 0.0000000000000000000, -1.000000000000000000 ) ) ;
#1497 = DIRECTION ( 'NONE',  ( -0.0000000000000000000, -0.0000000000000000000, 1.000000000000000000 ) ) ;
#1498 = CARTESIAN_POINT ( 'NONE',  ( 0.0000000000000000000, 0.0000000000000000000, 50.00000000000000000 ) ) ;
#1499 = DIRECTION ( 'NONE',  ( 0.0000000000000000000, -0.0000000000000000000, 1.000000000000000000 ) ) ;
#1500 = DIRECTION ( 'NONE',  ( 0.0000000000000000000, -1.000000000000000000, -0.0000000000000000000 ) ) ;
#1501 = DIRECTION ( 'NONE',  ( 0.0000000000000000000, 0.0000000000000000000, -1.000000000000000000 ) ) ;
#1502 = PLANE ( 'NONE',  #1194 ) ;
#1503 = DIRECTION ( 'NONE',  ( -0.0000000000000000000, 2.550252023858453500E-017, -1.000000000000000000 ) ) ;
#1504 = DIRECTION ( 'NONE',  ( 0.0000000000000000000, -1.000000000000000000, 0.0000000000000000000 ) ) ;
#1505 = DIRECTION ( 'NONE',  ( -0.0000000000000000000, -1.000000000000000000, -0.0000000000000000000 ) ) ;
#1506 = CARTESIAN_POINT ( 'NONE',  ( 0.0000000000000000000, 0.0000000000000000000, -0.6932054628276153000 ) ) ;
#1507 = DIRECTION ( 'NONE',  ( 0.0000000000000000000, 1.000000000000000000, 0.0000000000000000000 ) ) ;
#1508 = DIRECTION ( 'NONE',  ( -0.0000000000000000000, -1.000000000000000000, -0.0000000000000000000 ) ) ;
#1509 = DIRECTION ( 'NONE',  ( 0.0000000000000000000, -0.0000000000000000000, 1.000000000000000000 ) ) ;
#1510 = CARTESIAN_POINT ( 'NONE',  ( 0.0000000000000000000, 3.000000000000000000, 0.0000000000000000000 ) ) ;
#1511 = DIRECTION ( 'NONE',  ( 0.0000000000000000000, 0.0000000000000000000, -1.000000000000000000 ) ) ;
#1512 = DIRECTION ( 'NONE',  ( -0.0000000000000000000, -1.000000000000000000, -0.0000000000000000000 ) ) ;
#1513 = DIRECTION ( 'NONE',  ( -0.0000000000000000000, -1.000000000000000000, -0.0000000000000000000 ) ) ;
#1514 = PLANE ( 'NONE',  #1205 ) ;
#1515 = CARTESIAN_POINT ( 'NONE',  ( 0.0000000000000000000, 0.0000000000000000000, -12.19999999999999900 ) ) ;
#1516 = CARTESIAN_POINT ( 'NONE',  ( 0.0000000000000000000, 0.0000000000000000000, 0.0000000000000000000 ) ) ;
#1517 = DIRECTION ( 'NONE',  ( -0.0000000000000000000, -1.000000000000000000, -0.0000000000000000000 ) ) ;
#1518 = CARTESIAN_POINT ( 'NONE',  ( 0.0000000000000000000, 0.0000000000000000000, 0.0000000000000000000 ) ) ;
#1519 = PLANE ( 'NONE',  #1217 ) ;
#1520 = DIRECTION ( 'NONE',  ( 0.0000000000000000000, 1.000000000000000000, 0.0000000000000000000 ) ) ;
#1521 = DIRECTION ( 'NONE',  ( 0.0000000000000000000, 0.0000000000000000000, 1.000000000000000000 ) ) ;
#1522 = DIRECTION ( 'NONE',  ( 0.0000000000000000000, 0.0000000000000000000, -1.000000000000000000 ) ) ;
#1523 = CARTESIAN_POINT ( 'NONE',  ( 0.0000000000000000000, 0.0000000000000000000, 74.00000000000001400 ) ) ;
#1524 =( NAMED_UNIT ( * ) PLANE_ANGLE_UNIT ( ) SI_UNIT ( $, .RADIAN. ) );
#1525 =( NAMED_UNIT ( * ) SI_UNIT ( $, .STERADIAN. ) SOLID_ANGLE_UNIT ( ) );
#1526 = CARTESIAN_POINT ( 'NONE',  ( 9.000000000000000000, 5.196152422706630200, -12.19999999999999900 ) ) ;
#1527 = PLANE ( 'NONE',  #1235 ) ;
#1528 = CARTESIAN_POINT ( 'NONE',  ( 0.0000000000000000000, 0.0000000000000000000, 0.0000000000000000000 ) ) ;
#1529 = DIRECTION ( 'NONE',  ( 0.0000000000000000000, 0.0000000000000000000, 1.000000000000000000 ) ) ;
#1530 = DIRECTION ( 'NONE',  ( 0.0000000000000000000, 0.0000000000000000000, -1.000000000000000000 ) ) ;
#1531 = CARTESIAN_POINT ( 'NONE',  ( 0.0000000000000000000, 3.000000000000000000, 0.0000000000000000000 ) ) ;
#1532 = CARTESIAN_POINT ( 'NONE',  ( -17.99999999999999600, -3.469446951953614200E-015, 0.0000000000000000000 ) ) ;
#1533 = PLANE ( 'NONE',  #1222 ) ;
#1534 = PLANE ( 'NONE',  #1228 ) ;
#1535 = CARTESIAN_POINT ( 'NONE',  ( 0.0000000000000000000, 0.0000000000000000000, -12.17459999999999800 ) ) ;
#1536 = PLANE ( 'NONE',  #1233 ) ;
#1537 = DIRECTION ( 'NONE',  ( -1.000000000000000000, 0.0000000000000000000, 0.0000000000000000000 ) ) ;
#1538 = CARTESIAN_POINT ( 'NONE',  ( 9.000000000000000000, 5.196152422706630200, -12.19999999999999900 ) ) ;
#1539 = DIRECTION ( 'NONE',  ( -0.0000000000000000000, -0.0000000000000000000, -1.000000000000000000 ) ) ;
#1540 = DIRECTION ( 'NONE',  ( -1.000000000000000000, 0.0000000000000000000, 0.0000000000000000000 ) ) ;
#1541 = CARTESIAN_POINT ( 'NONE',  ( 0.0000000000000000000, 0.0000000000000000000, 0.0000000000000000000 ) ) ;
#1542 = CARTESIAN_POINT ( 'NONE',  ( 22.50000000000000000, 1.355252715606880500E-017, 0.0000000000000000000 ) ) ;
#1543 = DIRECTION ( 'NONE',  ( 0.0000000000000000000, 1.000000000000000000, 0.0000000000000000000 ) ) ;
#1544 = PLANE ( 'NONE',  #1231 ) ;
#1545 = CARTESIAN_POINT ( 'NONE',  ( 4.907477288111821600, -8.500000000000000000, 58.00000000000000000 ) ) ;
#1546 = CARTESIAN_POINT ( 'NONE',  ( 0.0000000000000000000, 3.000000000000000000, 0.0000000000000000000 ) ) ;
#1547 = DIRECTION ( 'NONE',  ( -1.000000000000000000, 0.0000000000000000000, 0.0000000000000000000 ) ) ;
#1548 = DIRECTION ( 'NONE',  ( 0.0000000000000000000, 0.0000000000000000000, -1.000000000000000000 ) ) ;
#1549 = DIRECTION ( 'NONE',  ( -0.0000000000000000000, -1.000000000000000000, -0.0000000000000000000 ) ) ;
#1550 = DIRECTION ( 'NONE',  ( -0.0000000000000000000, -1.000000000000000000, -0.0000000000000000000 ) ) ;
#1551 = DIRECTION ( 'NONE',  ( 0.0000000000000000000, -0.0000000000000000000, 1.000000000000000000 ) ) ;
#1552 = DIRECTION ( 'NONE',  ( 0.0000000000000000000, 0.0000000000000000000, -1.000000000000000000 ) ) ;
#1553 = CARTESIAN_POINT ( 'NONE',  ( 0.0000000000000000000, 1.413440316596247700E-015, 62.27602525356177700 ) ) ;
#1554 = DIRECTION ( 'NONE',  ( 0.5000000000000003300, 0.8660254037844384900, -0.0000000000000000000 ) ) ;
#1555 = DIRECTION ( 'NONE',  ( 1.000000000000000000, 0.0000000000000000000, -0.0000000000000000000 ) ) ;
#1556 = DIRECTION ( 'NONE',  ( 0.0000000000000000000, 0.0000000000000000000, 1.000000000000000000 ) ) ;
#1557 = DIRECTION ( 'NONE',  ( 0.0000000000000000000, 0.0000000000000000000, 1.000000000000000000 ) ) ;
#1558 = DIRECTION ( 'NONE',  ( -0.8660254037844388200, 0.4999999999999996100, 0.0000000000000000000 ) ) ;
#1559 = DIRECTION ( 'NONE',  ( -0.0000000000000000000, 2.550252023858453500E-017, -1.000000000000000000 ) ) ;
#1560 = PLANE ( 'NONE',  #1234 ) ;
#1561 = DIRECTION ( 'NONE',  ( 0.0000000000000000000, 1.000000000000000000, 0.0000000000000000000 ) ) ;
#1562 = CARTESIAN_POINT ( 'NONE',  ( 0.0000000000000000000, 6.767746672320449800, 0.0000000000000000000 ) ) ;
#1563 = DIRECTION ( 'NONE',  ( -0.0000000000000000000, -1.000000000000000000, -0.0000000000000000000 ) ) ;
#1564 = DIRECTION ( 'NONE',  ( 0.0000000000000000000, 0.0000000000000000000, -1.000000000000000000 ) ) ;
#1565 = DIRECTION ( 'NONE',  ( -0.8660254037844384900, 0.5000000000000003300, 0.0000000000000000000 ) ) ;
#1566 = DIRECTION ( 'NONE',  ( -0.4999999999999996100, -0.8660254037844388200, 0.0000000000000000000 ) ) ;
#1567 = DIRECTION ( 'NONE',  ( 0.0000000000000000000, 0.0000000000000000000, -1.000000000000000000 ) ) ;
#1568 =( LENGTH_UNIT ( ) NAMED_UNIT ( * ) SI_UNIT ( .MILLI., .METRE. ) );
#1569 = DIRECTION ( 'NONE',  ( 0.0000000000000000000, -1.000000000000000000, -0.0000000000000000000 ) ) ;
#1570 =( LENGTH_UNIT ( ) NAMED_UNIT ( * ) SI_UNIT ( .MILLI., .METRE. ) );
#1571 = APPROVAL_ROLE ( '' ) ;
#1572 = PERSON_AND_ORGANIZATION_ROLE ( 'design_supplier' ) ;
#1573 = PERSON_AND_ORGANIZATION_ROLE ( 'creator' ) ;
#1574 = SECURITY_CLASSIFICATION_LEVEL ( 'unclassified' ) ;
#1575 = MECHANICAL_CONTEXT ( 'NONE', #1603, 'mechanical' ) ;
#1576 = CARTESIAN_POINT ( 'NONE',  ( -1.617962916839129600, 43.63483992264308100, 1.408136189752442500 ) ) ;
#1577 =( NAMED_UNIT ( * ) SI_UNIT ( $, .STERADIAN. ) SOLID_ANGLE_UNIT ( ) );
#1578 = CARTESIAN_POINT ( 'NONE',  ( -1.617962916839133000, 4.184028183947247300, 1.408136189752440300 ) ) ;
#1579 =( NAMED_UNIT ( * ) PLANE_ANGLE_UNIT ( ) SI_UNIT ( $, .RADIAN. ) );
#1580 =( LENGTH_UNIT ( ) NAMED_UNIT ( * ) SI_UNIT ( .MILLI., .METRE. ) );
#1581 = CARTESIAN_POINT ( 'NONE',  ( -1.617962916839133400, 69.18402818394724800, 1.408136189752439800 ) ) ;
#1582 = DIRECTION ( 'NONE',  ( -0.5469441386039887200, 0.0000000000000000000, 0.8371691043312223800 ) ) ;
#1583 = DIRECTION ( 'NONE',  ( 0.9996044737705240800, 0.0000000000000000000, 0.02812287357212651200 ) ) ;
#1584 =( NAMED_UNIT ( * ) PLANE_ANGLE_UNIT ( ) SI_UNIT ( $, .RADIAN. ) );
#1585 = DIRECTION ( 'NONE',  ( -0.5469441386039887200, 0.0000000000000000000, 0.8371691043312223800 ) ) ;
#1586 =( LENGTH_UNIT ( ) NAMED_UNIT ( * ) SI_UNIT ( .MILLI., .METRE. ) );
#1587 = CARTESIAN_POINT ( 'NONE',  ( 0.0000000000000000000, 0.0000000000000000000, 0.0000000000000000000 ) ) ;
#1588 = DIRECTION ( 'NONE',  ( 1.000000000000000000, 0.0000000000000000000, 0.0000000000000000000 ) ) ;
#1589 = DIRECTION ( 'NONE',  ( -0.8371691043312223800, 0.0000000000000000000, -0.5469441386039887200 ) ) ;
#1590 = DIRECTION ( 'NONE',  ( 0.0000000000000000000, 0.0000000000000000000, 1.000000000000000000 ) ) ;
#1591 = DIRECTION ( 'NONE',  ( 0.0000000000000000000, -0.9999999999999997800, 0.0000000000000000000 ) ) ;
#1592 = DIRECTION ( 'NONE',  ( 0.0000000000000000000, -1.000000000000000000, 0.0000000000000000000 ) ) ;
#1593 =( LENGTH_UNIT ( ) NAMED_UNIT ( * ) SI_UNIT ( .MILLI., .METRE. ) );
#1594 = APPLICATION_PROTOCOL_DEFINITION ( 'international standard', 'config_control_design', 1994, #1603 ) ;
#1595 = APPLICATION_CONTEXT ( 'configuration controlled 3d designs of mechanical parts and assemblies' ) ;
#1596 = DIRECTION ( 'NONE',  ( 1.000000000000000000, 0.0000000000000000000, 0.0000000000000000000 ) ) ;
#1597 = DIRECTION ( 'NONE',  ( 0.0000000000000000000, 0.0000000000000000000, 1.000000000000000000 ) ) ;
#1598 =( NAMED_UNIT ( * ) SI_UNIT ( $, .STERADIAN. ) SOLID_ANGLE_UNIT ( ) );
#1599 =( NAMED_UNIT ( * ) SI_UNIT ( $, .STERADIAN. ) SOLID_ANGLE_UNIT ( ) );
#1600 = CARTESIAN_POINT ( 'NONE',  ( 0.0000000000000000000, 0.0000000000000000000, 0.0000000000000000000 ) ) ;
#1601 = CARTESIAN_POINT ( 'NONE',  ( -1.617962916839133000, -9.815971816052751800, 1.408136189752440300 ) ) ;
#1602 = APPLICATION_CONTEXT ( 'configuration controlled 3d designs of mechanical parts and assemblies' ) ;
#1603 = APPLICATION_CONTEXT ( 'configuration controlled 3d designs of mechanical parts and assemblies' ) ;
#1604 = APPLICATION_PROTOCOL_DEFINITION ( 'international standard', 'config_control_design', 1994, #1595 ) ;
#1605 = APPROVAL_STATUS ( 'not_yet_approved' ) ;
#1606 = DIRECTION ( 'NONE',  ( 1.000000000000000000, 0.0000000000000000000, 0.0000000000000000000 ) ) ;
#1607 = APPROVAL_ROLE ( '' ) ;
#1608 =( NAMED_UNIT ( * ) PLANE_ANGLE_UNIT ( ) SI_UNIT ( $, .RADIAN. ) );
#1609 = DIRECTION ( 'NONE',  ( 0.8516214312357859300, 0.0000000000000000000, 0.5241573598261416400 ) ) ;
#1610 = PERSON_AND_ORGANIZATION_ROLE ( 'creator' ) ;
#1611 = DATE_TIME_ROLE ( 'creation_date' ) ;
#1612 = APPROVAL_STATUS ( 'not_yet_approved' ) ;
#1613 = CARTESIAN_POINT ( 'NONE',  ( -1.617962916839136500, 11.18402818394724600, 1.408136189752440300 ) ) ;
#1614 =( NAMED_UNIT ( * ) SI_UNIT ( $, .STERADIAN. ) SOLID_ANGLE_UNIT ( ) );
#1615 = DIRECTION ( 'NONE',  ( 1.000000000000000000, 0.0000000000000000000, 0.0000000000000000000 ) ) ;
#1616 = DIRECTION ( 'NONE',  ( 0.0000000000000000000, 0.0000000000000000000, 1.000000000000000000 ) ) ;
#1617 =( NAMED_UNIT ( * ) PLANE_ANGLE_UNIT ( ) SI_UNIT ( $, .RADIAN. ) );
#1618 = DIRECTION ( 'NONE',  ( -0.8371691043312223800, 0.0000000000000000000, -0.5469441386039887200 ) ) ;
#1619 = APPLICATION_CONTEXT ( 'configuration controlled 3d designs of mechanical parts and assemblies' ) ;
#1620 = PERSON_AND_ORGANIZATION_ROLE ( 'design_owner' ) ;
#1621 = APPLICATION_CONTEXT ( 'configuration controlled 3d designs of mechanical parts and assemblies' ) ;
#1622 = APPLICATION_CONTEXT ( 'configuration controlled 3d designs of mechanical parts and assemblies' ) ;
#1623 = APPLICATION_PROTOCOL_DEFINITION ( 'international standard', 'config_control_design', 1994, #1602 ) ;
#1624 = MECHANICAL_CONTEXT ( 'NONE', #1602, 'mechanical' ) ;
#1625 = APPLICATION_PROTOCOL_DEFINITION ( 'international standard', 'config_control_design', 1994, #1639 ) ;
#1626 = SECURITY_CLASSIFICATION_LEVEL ( 'unclassified' ) ;
#1627 = MECHANICAL_CONTEXT ( 'NONE', #1621, 'mechanical' ) ;
#1628 = APPROVAL_STATUS ( 'not_yet_approved' ) ;
#1629 = APPROVAL_ROLE ( '' ) ;
#1630 = PERSON_AND_ORGANIZATION_ROLE ( 'design_owner' ) ;
#1631 = PERSON_AND_ORGANIZATION_ROLE ( 'design_supplier' ) ;
#1632 = APPROVAL_STATUS ( 'not_yet_approved' ) ;
#1633 = APPROVAL_ROLE ( '' ) ;
#1634 = PERSON_AND_ORGANIZATION_ROLE ( 'design_owner' ) ;
#1635 = APPLICATION_CONTEXT ( 'configuration controlled 3d designs of mechanical parts and assemblies' ) ;
#1636 = APPLICATION_PROTOCOL_DEFINITION ( 'international standard', 'config_control_design', 1994, #1635 ) ;
#1637 = PERSON_AND_ORGANIZATION_ROLE ( 'classification_officer' ) ;
#1638 = DATE_TIME_ROLE ( 'classification_date' ) ;
#1639 = APPLICATION_CONTEXT ( 'configuration controlled 3d designs of mechanical parts and assemblies' ) ;
#1640 = APPROVAL_STATUS ( 'not_yet_approved' ) ;
#1641 = APPROVAL_ROLE ( '' ) ;
#1642 = MECHANICAL_CONTEXT ( 'NONE', #1622, 'mechanical' ) ;
#1643 = APPLICATION_PROTOCOL_DEFINITION ( 'international standard', 'config_control_design', 1994, #1621 ) ;
#1644 = APPROVAL_STATUS ( 'not_yet_approved' ) ;
#1645 = PERSON_AND_ORGANIZATION_ROLE ( 'creator' ) ;
#1646 = APPROVAL_ROLE ( '' ) ;
#1647 = PERSON_AND_ORGANIZATION_ROLE ( 'creator' ) ;
#1648 = PERSON_AND_ORGANIZATION_ROLE ( 'design_supplier' ) ;
#1649 = PERSON_AND_ORGANIZATION_ROLE ( 'classification_officer' ) ;
#1650 = PERSON_AND_ORGANIZATION_ROLE ( 'creator' ) ;
#1651 = APPROVAL_STATUS ( 'not_yet_approved' ) ;
#1652 = APPROVAL_ROLE ( '' ) ;
#1653 = DATE_TIME_ROLE ( 'creation_date' ) ;
#1654 = APPROVAL_ROLE ( '' ) ;
#1655 = PERSON_AND_ORGANIZATION_ROLE ( 'design_owner' ) ;
#1656 = APPLICATION_PROTOCOL_DEFINITION ( 'international standard', 'config_control_design', 1994, #1619 ) ;
#1657 = APPLICATION_CONTEXT ( 'configuration controlled 3d designs of mechanical parts and assemblies' ) ;
#1658 = APPLICATION_PROTOCOL_DEFINITION ( 'international standard', 'config_control_design', 1994, #1657 ) ;
#1659 = PERSON_AND_ORGANIZATION_ROLE ( 'creator' ) ;
#1660 = DATE_TIME_ROLE ( 'classification_date' ) ;
#1661 = MECHANICAL_CONTEXT ( 'NONE', #1619, 'mechanical' ) ;
#1662 = SECURITY_CLASSIFICATION_LEVEL ( 'unclassified' ) ;
#1663 = APPROVAL_ROLE ( '' ) ;
#1664 = APPLICATION_PROTOCOL_DEFINITION ( 'international standard', 'config_control_design', 1994, #1622 ) ;
#1665 = DATE_TIME_ROLE ( 'classification_date' ) ;
#1666 = PERSON_AND_ORGANIZATION_ROLE ( 'creator' ) ;
#1667 = APPROVAL_ROLE ( '' ) ;
#1668 = DATE_TIME_ROLE ( 'creation_date' ) ;
#1669 = APPROVAL_STATUS ( 'not_yet_approved' ) ;
#1670 = DATE_TIME_ROLE ( 'creation_date' ) ;
#1671 = APPROVAL_STATUS ( 'not_yet_approved' ) ;
#1672 = APPROVAL_STATUS ( 'not_yet_approved' ) ;
#1673 = PERSON_AND_ORGANIZATION_ROLE ( 'design_supplier' ) ;
#1674 = SECURITY_CLASSIFICATION_LEVEL ( 'unclassified' ) ;
#1675 = PERSON_AND_ORGANIZATION_ROLE ( 'creator' ) ;
#1676 = DATE_TIME_ROLE ( 'classification_date' ) ;
#1677 = PERSON_AND_ORGANIZATION_ROLE ( 'classification_officer' ) ;
#1678 = APPROVAL_ROLE ( '' ) ;
#1679 = APPROVAL_STATUS ( 'not_yet_approved' ) ;
#1680 = PERSON_AND_ORGANIZATION_ROLE ( 'classification_officer' ) ;
#1681 = APPROVAL_STATUS ( 'not_yet_approved' ) ;
#1682 = APPROVAL_ROLE ( '' ) ;
#1683 = PERSON_AND_ORGANIZATION_ROLE ( 'classification_officer' ) ;
#1684 = APPROVAL_STATUS ( 'not_yet_approved' ) ;
#1685 = SECURITY_CLASSIFICATION_LEVEL ( 'unclassified' ) ;
#1686 = PERSON_AND_ORGANIZATION_ROLE ( 'design_owner' ) ;
#1687 =( REPRESENTATION_RELATIONSHIP ('NONE','NONE', #1297, #1300 ) REPRESENTATION_RELATIONSHIP_WITH_TRANSFORMATION ( #2412 )SHAPE_REPRESENTATION_RELATIONSHIP( ) );
#1688 = APPROVAL_ROLE ( '' ) ;
#1689 = SECURITY_CLASSIFICATION_LEVEL ( 'unclassified' ) ;
#1690 =( REPRESENTATION_RELATIONSHIP ('NONE','NONE', #1297, #1300 ) REPRESENTATION_RELATIONSHIP_WITH_TRANSFORMATION ( #2434 )SHAPE_REPRESENTATION_RELATIONSHIP( ) );
#1691 = APPROVAL_STATUS ( 'not_yet_approved' ) ;
#1692 = SECURITY_CLASSIFICATION_LEVEL ( 'unclassified' ) ;
#1693 = DATE_TIME_ROLE ( 'classification_date' ) ;
#1694 = APPROVAL_STATUS ( 'not_yet_approved' ) ;
#1695 = SECURITY_CLASSIFICATION_LEVEL ( 'unclassified' ) ;
#1696 = APPROVAL_ROLE ( '' ) ;
#1697 = APPROVAL_STATUS ( 'not_yet_approved' ) ;
#1698 = DATE_TIME_ROLE ( 'classification_date' ) ;
#1699 = DATE_TIME_ROLE ( 'creation_date' ) ;
#1700 = SECURITY_CLASSIFICATION_LEVEL ( 'unclassified' ) ;
#1701 = APPROVAL_STATUS ( 'not_yet_approved' ) ;
#1702 = APPROVAL_ROLE ( '' ) ;
#1703 = APPLICATION_CONTEXT ( 'configuration controlled 3d designs of mechanical parts and assemblies' ) ;
#1704 = PERSON_AND_ORGANIZATION_ROLE ( 'creator' ) ;
#1705 = PERSON_AND_ORGANIZATION_ROLE ( 'design_supplier' ) ;
#1706 = DATE_TIME_ROLE ( 'classification_date' ) ;
#1707 = APPROVAL_STATUS ( 'not_yet_approved' ) ;
#1708 = DATE_TIME_ROLE ( 'classification_date' ) ;
#1709 = APPROVAL_STATUS ( 'not_yet_approved' ) ;
#1710 = PERSON_AND_ORGANIZATION_ROLE ( 'classification_officer' ) ;
#1711 = APPROVAL_ROLE ( '' ) ;
#1712 = APPLICATION_PROTOCOL_DEFINITION ( 'international standard', 'config_control_design', 1994, #1703 ) ;
#1713 = APPROVAL_ROLE ( '' ) ;
#1714 = SECURITY_CLASSIFICATION_LEVEL ( 'unclassified' ) ;
#1715 = PERSON_AND_ORGANIZATION_ROLE ( 'classification_officer' ) ;
#1716 = PERSON_AND_ORGANIZATION_ROLE ( 'classification_officer' ) ;
#1717 = APPROVAL_ROLE ( '' ) ;
#1718 =( REPRESENTATION_RELATIONSHIP ('NONE','NONE', #1297, #1299 ) REPRESENTATION_RELATIONSHIP_WITH_TRANSFORMATION ( #2425 )SHAPE_REPRESENTATION_RELATIONSHIP( ) );
#1719 = DATE_TIME_ROLE ( 'classification_date' ) ;
#1720 = APPROVAL_STATUS ( 'not_yet_approved' ) ;
#1721 = APPROVAL_ROLE ( '' ) ;
#1722 = PERSON_AND_ORGANIZATION_ROLE ( 'classification_officer' ) ;
#1723 =( REPRESENTATION_RELATIONSHIP ('NONE','NONE', #1297, #1298 ) REPRESENTATION_RELATIONSHIP_WITH_TRANSFORMATION ( #2448 )SHAPE_REPRESENTATION_RELATIONSHIP( ) );
#1724 = APPROVAL_ROLE ( '' ) ;
#1725 =( REPRESENTATION_RELATIONSHIP ('NONE','NONE', #1297, #1301 ) REPRESENTATION_RELATIONSHIP_WITH_TRANSFORMATION ( #2455 )SHAPE_REPRESENTATION_RELATIONSHIP( ) );
#1726 = PERSON_AND_ORGANIZATION_ROLE ( 'classification_officer' ) ;
#1727 = PERSON_AND_ORGANIZATION_ROLE ( 'creator' ) ;
#1728 = DATE_TIME_ROLE ( 'classification_date' ) ;
#1729 = CARTESIAN_POINT ( 'NONE',  ( 0.0000000000000000000, 0.0000000000000000000, 0.5000000000000026600 ) ) ;
#1730 = DIRECTION ( 'NONE',  ( 1.000000000000000000, 0.0000000000000000000, 0.0000000000000000000 ) ) ;
#1731 = DIRECTION ( 'NONE',  ( 1.000000000000000000, 0.0000000000000000000, 0.0000000000000000000 ) ) ;
#1732 = CARTESIAN_POINT ( 'NONE',  ( 9.814954576223637900, 8.906638915334590700E-016, 57.24081062144520600 ) ) ;
#1733 = CARTESIAN_POINT ( 'NONE',  ( 9.009223989627399100, -1.395566313196958700, 57.66348454732330000 ) ) ;
#1734 = CARTESIAN_POINT ( 'NONE',  ( 9.413555303962400700, -0.6952439336776361500, 57.47255859933817100 ) ) ;
#1735 = CARTESIAN_POINT ( 'NONE',  ( 4.113838933219940800, 8.500000000000000000, 57.46991428036322700 ) ) ;
#1736 = CARTESIAN_POINT ( 'NONE',  ( 0.0000000000000000000, 0.0000000000000000000, 74.00000000000001400 ) ) ;
#1737 = DIRECTION ( 'NONE',  ( -0.0000000000000000000, -0.0000000000000000000, 1.000000000000000000 ) ) ;
#1738 = CARTESIAN_POINT ( 'NONE',  ( 7.361215932167732800, -4.249999999999995600, 58.00000000000000000 ) ) ;
#1739 = DIRECTION ( 'NONE',  ( -0.0000000000000000000, -0.0000000000000000000, -1.000000000000000000 ) ) ;
#1740 = CARTESIAN_POINT ( 'NONE',  ( -2.499999999999995100, 0.0000000000000000000, 74.00000000000001400 ) ) ;
#1741 = CARTESIAN_POINT ( 'NONE',  ( 4.907477288111819800, 8.500000000000000000, 57.24081062144520600 ) ) ;
#1742 = DIRECTION ( 'NONE',  ( 0.4999999999999998900, -0.8660254037844386000, 0.0000000000000000000 ) ) ;
#1743 = CARTESIAN_POINT ( 'NONE',  ( 4.845085371510582500E-016, 8.500000000000000000, 58.00000000000000000 ) ) ;
#1744 = DIRECTION ( 'NONE',  ( 0.0000000000000000000, 0.0000000000000000000, 1.000000000000000000 ) ) ;
#1745 = DIRECTION ( 'NONE',  ( -0.7071067811865411300, 0.0000000000000000000, -0.7071067811865539000 ) ) ;
#1746 = CARTESIAN_POINT ( 'NONE',  ( 0.0000000000000000000, 0.0000000000000000000, 50.00000000000000000 ) ) ;
#1747 = CARTESIAN_POINT ( 'NONE',  ( 1.671742606016722600, 8.500000000000000000, 57.92662050503652400 ) ) ;
#1748 = DIRECTION ( 'NONE',  ( 1.000000000000000000, 0.0000000000000000000, 0.0000000000000000000 ) ) ;
#1749 = CARTESIAN_POINT ( 'NONE',  ( 3.310015429808592600, 8.500000000000000000, 57.66062802131938300 ) ) ;
#1750 = CARTESIAN_POINT ( 'NONE',  ( 7.779260501667383000, -3.525925565798341500, 58.00000000000005700 ) ) ;
#1751 = CARTESIAN_POINT ( 'NONE',  ( 0.0000000000000000000, 0.0000000000000000000, -0.5000000000000000000 ) ) ;
#1752 = CARTESIAN_POINT ( 'NONE',  ( 0.8304112457502377300, 8.500000000000000000, 58.00000000000006400 ) ) ;
#1753 = DIRECTION ( 'NONE',  ( 0.0000000000000000000, 0.0000000000000000000, 1.000000000000000000 ) ) ;
#1754 = CARTESIAN_POINT ( 'NONE',  ( 8.192108182724624000, -2.810852406420200300, 57.92764512579074000 ) ) ;
#1755 = CARTESIAN_POINT ( 'NONE',  ( -9.814954576223641400, -1.752663942960756300E-015, 50.00000000000000000 ) ) ;
#1756 = DIRECTION ( 'NONE',  ( 1.000000000000000000, 0.0000000000000000000, 0.0000000000000000000 ) ) ;
#1757 = DIRECTION ( 'NONE',  ( 1.000000000000000000, 0.0000000000000000000, 0.0000000000000000000 ) ) ;
#1758 = CARTESIAN_POINT ( 'NONE',  ( 0.0000000000000000000, 0.0000000000000000000, -0.5000000000000000000 ) ) ;
#1759 = CARTESIAN_POINT ( 'NONE',  ( -9.000000000000000000, 5.196152422706636500, -11.39615242270662600 ) ) ;
#1760 = CARTESIAN_POINT ( 'NONE',  ( 4.907477288111818900, 8.500000000000000000, 58.00000000000000000 ) ) ;
#1761 = CARTESIAN_POINT ( 'NONE',  ( 6.000000000000000900, 0.0000000000000000000, -0.5000000000000000000 ) ) ;
#1762 = CARTESIAN_POINT ( 'NONE',  ( 4.907477288111821600, -8.500000000000000000, 58.00000000000000000 ) ) ;
#1763 = CARTESIAN_POINT ( 'NONE',  ( 4.907477288111819800, 8.500000000000000000, 57.24081062144520600 ) ) ;
#1764 = DIRECTION ( 'NONE',  ( 1.000000000000000000, 0.0000000000000000000, 0.0000000000000000000 ) ) ;
#1765 = CARTESIAN_POINT ( 'NONE',  ( 6.530323681610830100, 5.689147593579795300, 57.92764512579074000 ) ) ;
#1766 = CARTESIAN_POINT ( 'NONE',  ( 7.361215932167728400, 4.250000000000000900, 58.00000000000000000 ) ) ;
#1767 = DIRECTION ( 'NONE',  ( 0.0000000000000000000, 0.0000000000000000000, 1.000000000000000000 ) ) ;
#1768 = DIRECTION ( 'NONE',  ( -1.000000000000000000, 0.0000000000000000000, 0.0000000000000000000 ) ) ;
#1769 = CARTESIAN_POINT ( 'NONE',  ( -6.000000000000000900, 7.347880794884120700E-016, 0.5000000000000026600 ) ) ;
#1770 = CARTESIAN_POINT ( 'NONE',  ( -3.000000000000000400, 0.0000000000000000000, 58.00000000000000000 ) ) ;
#1771 = CARTESIAN_POINT ( 'NONE',  ( -3.000000000000000400, 0.0000000000000000000, 74.00000000000001400 ) ) ;
#1772 = CARTESIAN_POINT ( 'NONE',  ( 3.000000000000000400, 3.673940397442060400E-016, 73.50000000000000000 ) ) ;
#1773 = CARTESIAN_POINT ( 'NONE',  ( 4.845085371510582500E-016, 1.413440316596247700E-015, 58.00000000000000000 ) ) ;
#1774 = DIRECTION ( 'NONE',  ( -0.0000000000000000000, -0.0000000000000000000, -1.000000000000000000 ) ) ;
#1775 = CARTESIAN_POINT ( 'NONE',  ( 4.845085371510582500E-016, 1.413440316596247700E-015, 58.00000000000000000 ) ) ;
#1776 = DIRECTION ( 'NONE',  ( -0.0000000000000000000, 0.0000000000000000000, -1.000000000000000000 ) ) ;
#1777 = DIRECTION ( 'NONE',  ( 0.0000000000000000000, 0.0000000000000000000, 1.000000000000000000 ) ) ;
#1778 = CARTESIAN_POINT ( 'NONE',  ( -6.000000000000000900, 7.347880794884120700E-016, -0.5000000000000000000 ) ) ;
#1779 = DIRECTION ( 'NONE',  ( -0.7071067811865500200, 8.659560562354963700E-017, 0.7071067811865450200 ) ) ;
#1780 = CARTESIAN_POINT ( 'NONE',  ( 6.943171362668077300, 4.974074434201655800, 58.00000000000005700 ) ) ;
#1781 = CARTESIAN_POINT ( 'NONE',  ( 5.308876560373057000, 7.804756066322363800, 57.47255859933817100 ) ) ;
#1782 = CARTESIAN_POINT ( 'NONE',  ( 9.814954576223637900, 1.522489737165905400E-015, 50.00000000000000000 ) ) ;
#1783 = CARTESIAN_POINT ( 'NONE',  ( -9.814954576223641400, -1.752663942960756300E-015, 58.00000000000000000 ) ) ;
#1784 = DIRECTION ( 'NONE',  ( -0.0000000000000000000, -0.0000000000000000000, -1.000000000000000000 ) ) ;
#1785 = DIRECTION ( 'NONE',  ( -0.0000000000000000000, -0.0000000000000000000, -1.000000000000000000 ) ) ;
#1786 = DIRECTION ( 'NONE',  ( -0.0000000000000000000, -0.0000000000000000000, -1.000000000000000000 ) ) ;
#1787 = DIRECTION ( 'NONE',  ( -0.5000000000000000000, 0.8660254037844386000, 0.0000000000000000000 ) ) ;
#1788 = DIRECTION ( 'NONE',  ( -0.0000000000000000000, 0.0000000000000000000, -1.000000000000000000 ) ) ;
#1789 = DIRECTION ( 'NONE',  ( 0.7071067811865411300, 8.659560562354855200E-017, -0.7071067811865539000 ) ) ;
#1790 = DIRECTION ( 'NONE',  ( 1.000000000000000000, 1.776356839400250500E-015, 0.0000000000000000000 ) ) ;
#1791 = CARTESIAN_POINT ( 'NONE',  ( 0.0000000000000000000, 0.0000000000000000000, -2.999999999999999100 ) ) ;
#1792 = CARTESIAN_POINT ( 'NONE',  ( -5.099999999999999600, 6.245698675651500800E-016, -11.54441321561125400 ) ) ;
#1793 = CARTESIAN_POINT ( 'NONE',  ( 2.499999999999995100, 3.061616997868377200E-016, 74.00000000000001400 ) ) ;
#1794 = DIRECTION ( 'NONE',  ( 0.0000000000000000000, 0.0000000000000000000, 1.000000000000000000 ) ) ;
#1795 = CARTESIAN_POINT ( 'NONE',  ( 3.000000000000000400, 3.673940397442060400E-016, 58.00000000000000000 ) ) ;
#1796 = DIRECTION ( 'NONE',  ( -0.0000000000000000000, -0.0000000000000000000, -1.000000000000000000 ) ) ;
#1797 = CARTESIAN_POINT ( 'NONE',  ( 3.673940397442058900E-016, 0.0000000000000000000, 2.999999999999999100 ) ) ;
#1798 = DIRECTION ( 'NONE',  ( 1.000000000000000000, 0.0000000000000000000, 0.0000000000000000000 ) ) ;
#1799 = CARTESIAN_POINT ( 'NONE',  ( 5.713207874708058600, 7.104433686803041300, 57.66348454732330000 ) ) ;
#1800 = CARTESIAN_POINT ( 'NONE',  ( 0.0000000000000000000, 0.0000000000000000000, 58.00000000000000000 ) ) ;
#1801 = CARTESIAN_POINT ( 'NONE',  ( 4.907477288111818900, 8.500000000000000000, 50.00000000000000000 ) ) ;
#1802 = CARTESIAN_POINT ( 'NONE',  ( 1.707930361875798300E-015, 13.99999999999999800, 10.00000000000000000 ) ) ;
#1803 = CARTESIAN_POINT ( 'NONE',  ( 1.224646799147353300E-015, 3.000000000000000000, 10.00000000000000000 ) ) ;
#1804 = CARTESIAN_POINT ( 'NONE',  ( -7.361215932167731100, -4.249999999999999100, 58.00000000000000000 ) ) ;
#1805 = CARTESIAN_POINT ( 'NONE',  ( -6.000000000000001800, 7.347880794884121700E-016, -12.19999999999999900 ) ) ;
#1806 = CARTESIAN_POINT ( 'NONE',  ( -9.000000000000000000, -5.196152422706636500, -0.8038475772933727500 ) ) ;
#1807 = CARTESIAN_POINT ( 'NONE',  ( -6.000000000000000900, 7.347880794884120700E-016, 0.5000000000000026600 ) ) ;
#1808 = CARTESIAN_POINT ( 'NONE',  ( 4.500000000000003600, -7.794228634059947100, 0.0000000000000000000 ) ) ;
#1809 = CARTESIAN_POINT ( 'NONE',  ( 6.000000000000001800, 7.347880794884121700E-016, -12.17459999999999800 ) ) ;
#1810 = CARTESIAN_POINT ( 'NONE',  ( 0.0000000000000000000, 3.000000000000000000, -2.999999999999999100 ) ) ;
#1811 = CARTESIAN_POINT ( 'NONE',  ( -9.000000000000000000, -5.196152422706636500, -11.39615242270662600 ) ) ;
#1812 = CARTESIAN_POINT ( 'NONE',  ( -5.099999999999999600, 6.245698675651500800E-016, -0.6301867843887418700 ) ) ;
#1813 = CARTESIAN_POINT ( 'NONE',  ( 4.907477288111821600, -8.500000000000000000, 57.24081062144520600 ) ) ;
#1814 = CARTESIAN_POINT ( 'NONE',  ( 5.099999999999999600, 0.0000000000000000000, -0.6301867843887418700 ) ) ;
#1815 = CARTESIAN_POINT ( 'NONE',  ( -9.814954576223641400, -1.752663942960756300E-015, 50.00000000000000000 ) ) ;
#1816 = CARTESIAN_POINT ( 'NONE',  ( -6.000000000000000000, 7.347880794884119700E-016, 0.0000000000000000000 ) ) ;
#1817 = CARTESIAN_POINT ( 'NONE',  ( 0.0000000000000000000, 18.00000000000000000, -10.00000000000000000 ) ) ;
#1818 = CARTESIAN_POINT ( 'NONE',  ( 6.000000000000000900, 0.0000000000000000000, 0.5000000000000026600 ) ) ;
#1819 = CARTESIAN_POINT ( 'NONE',  ( 4.845085371510582500E-016, 8.500000000000000000, 58.00000000000000000 ) ) ;
#1820 = CARTESIAN_POINT ( 'NONE',  ( 5.099999999999999600, 0.0000000000000000000, -11.54441321561125400 ) ) ;
#1821 = CARTESIAN_POINT ( 'NONE',  ( 4.907477288111819800, 8.500000000000000000, 57.24081062144520600 ) ) ;
#1822 = CARTESIAN_POINT ( 'NONE',  ( 1.951927691544921900E-015, 18.00000000000000000, 10.00000000000000000 ) ) ;
#1823 = CARTESIAN_POINT ( 'NONE',  ( -4.907477288111823400, -8.500000000000000000, 57.24081062144520600 ) ) ;
#1824 = CARTESIAN_POINT ( 'NONE',  ( 2.679208583942490800E-015, 7.116369643311096600, 21.87739833075022500 ) ) ;
#1825 = CARTESIAN_POINT ( 'NONE',  ( 4.907477288111818900, 8.500000000000000000, 50.00000000000000000 ) ) ;
#1826 = CARTESIAN_POINT ( 'NONE',  ( -6.000000000000000900, 7.347880794884120700E-016, 50.00000000000000000 ) ) ;
#1827 = CARTESIAN_POINT ( 'NONE',  ( 9.814954576223637900, 8.906638915334590700E-016, 57.24081062144520600 ) ) ;
#1828 = CARTESIAN_POINT ( 'NONE',  ( -4.999999999999991100, 6.735557395310437100E-016, -0.5000000000000000000 ) ) ;
#1829 = CARTESIAN_POINT ( 'NONE',  ( 4.845085371510582500E-016, -8.500000000000000000, 58.00000000000000000 ) ) ;
#1830 = CARTESIAN_POINT ( 'NONE',  ( -3.000000000000000400, 0.0000000000000000000, 73.50000000000000000 ) ) ;
#1831 = CARTESIAN_POINT ( 'NONE',  ( 4.500000000000002700, 7.794228634059947100, 0.0000000000000000000 ) ) ;
#1832 = CARTESIAN_POINT ( 'NONE',  ( -4.907477288111821600, 8.500000000000000000, 50.00000000000000000 ) ) ;
#1833 = CARTESIAN_POINT ( 'NONE',  ( -7.361215932167728400, 4.250000000000000900, 58.00000000000000000 ) ) ;
#1834 = CARTESIAN_POINT ( 'NONE',  ( 0.0000000000000000000, 0.0000000000000000000, -22.50000000000000000 ) ) ;
#1835 = CARTESIAN_POINT ( 'NONE',  ( -4.907477288111821600, 8.500000000000000000, 57.24081062144520600 ) ) ;
#1836 = CARTESIAN_POINT ( 'NONE',  ( 4.500000000000002700, 7.794228634059947100, -12.19999999999999900 ) ) ;
#1837 = CARTESIAN_POINT ( 'NONE',  ( 4.999999999999991100, 0.0000000000000000000, -0.5000000000000000000 ) ) ;
#1838 = CARTESIAN_POINT ( 'NONE',  ( 7.361215932167728400, 4.250000000000000900, 58.00000000000000000 ) ) ;
#1839 = CARTESIAN_POINT ( 'NONE',  ( 0.0000000000000000000, 2.710505431213761100E-017, -18.48472064982661000 ) ) ;
#1840 = CARTESIAN_POINT ( 'NONE',  ( -9.000000000000000000, 0.0000000000000000000, -12.19999999999999900 ) ) ;
#1841 = CARTESIAN_POINT ( 'NONE',  ( -1.301042606982605300E-014, -10.39230484541326800, -0.8038475772933727500 ) ) ;
#1842 = CARTESIAN_POINT ( 'NONE',  ( -9.814954576223641400, -1.583088743140020300E-015, 57.24081062144520600 ) ) ;
#1843 = CARTESIAN_POINT ( 'NONE',  ( 6.000000000000000000, 0.0000000000000000000, 0.0000000000000000000 ) ) ;
#1844 = CARTESIAN_POINT ( 'NONE',  ( 9.814954576223637900, 1.522489737165905400E-015, 50.00000000000000000 ) ) ;
#1845 = CARTESIAN_POINT ( 'NONE',  ( 2.499999999999995100, 3.367778697655218500E-016, 74.00000000000001400 ) ) ;
#1846 = CARTESIAN_POINT ( 'NONE',  ( 6.000000000000001800, 0.0000000000000000000, -12.19999999999999900 ) ) ;
#1847 = CARTESIAN_POINT ( 'NONE',  ( 7.361215932167732800, -4.249999999999995600, 58.00000000000000000 ) ) ;
#1848 = CARTESIAN_POINT ( 'NONE',  ( 4.907477288111821600, -8.500000000000000000, 50.00000000000000000 ) ) ;
#1849 = CARTESIAN_POINT ( 'NONE',  ( -2.499999999999995100, 0.0000000000000000000, 74.00000000000001400 ) ) ;
#1850 = CARTESIAN_POINT ( 'NONE',  ( -4.907477288111823400, -8.500000000000000000, 50.00000000000000000 ) ) ;
#1851 = CARTESIAN_POINT ( 'NONE',  ( 6.000000000000000900, 0.0000000000000000000, 50.00000000000000000 ) ) ;
#1852 = LINE ( 'NONE', #473, #1855 ) ;
#1853 = LINE ( 'NONE', #466, #1854 ) ;
#1854 = VECTOR ( 'NONE', #458, 1000.000000000000000 ) ;
#1855 = VECTOR ( 'NONE', #475, 1000.000000000000000 ) ;
#1856 = CIRCLE ( 'NONE', #1171, 21.87739833075022500 ) ;
#1857 = CIRCLE ( 'NONE', #1168, 17.89261953838324700 ) ;
#1858 = ORIENTED_EDGE ( 'NONE', *, *, #1064, .F. ) ;
#1859 = ORIENTED_EDGE ( 'NONE', *, *, #1068, .T. ) ;
#1860 = ORIENTED_EDGE ( 'NONE', *, *, #1070, .T. ) ;
#1861 = ORIENTED_EDGE ( 'NONE', *, *, #1017, .F. ) ;
#1862 = ORIENTED_EDGE ( 'NONE', *, *, #1054, .T. ) ;
#1863 = ORIENTED_EDGE ( 'NONE', *, *, #1016, .T. ) ;
#1864 = ORIENTED_EDGE ( 'NONE', *, *, #1000, .F. ) ;
#1865 = ORIENTED_EDGE ( 'NONE', *, *, #1005, .T. ) ;
#1866 = ORIENTED_EDGE ( 'NONE', *, *, #1051, .F. ) ;
#1867 = ORIENTED_EDGE ( 'NONE', *, *, #1075, .F. ) ;
#1868 = ORIENTED_EDGE ( 'NONE', *, *, #1038, .F. ) ;
#1869 = ORIENTED_EDGE ( 'NONE', *, *, #1030, .T. ) ;
#1870 = ORIENTED_EDGE ( 'NONE', *, *, #1063, .T. ) ;
#1871 = ORIENTED_EDGE ( 'NONE', *, *, #1039, .T. ) ;
#1872 = ORIENTED_EDGE ( 'NONE', *, *, #1035, .F. ) ;
#1873 = ORIENTED_EDGE ( 'NONE', *, *, #1022, .T. ) ;
#1874 = ORIENTED_EDGE ( 'NONE', *, *, #1028, .T. ) ;
#1875 = ORIENTED_EDGE ( 'NONE', *, *, #1071, .F. ) ;
#1876 = ORIENTED_EDGE ( 'NONE', *, *, #1006, .T. ) ;
#1877 = ORIENTED_EDGE ( 'NONE', *, *, #1075, .T. ) ;
#1878 = ORIENTED_EDGE ( 'NONE', *, *, #1059, .T. ) ;
#1879 = ORIENTED_EDGE ( 'NONE', *, *, #1036, .F. ) ;
#1880 = ORIENTED_EDGE ( 'NONE', *, *, #1024, .T. ) ;
#1881 = ORIENTED_EDGE ( 'NONE', *, *, #999, .F. ) ;
#1882 = ORIENTED_EDGE ( 'NONE', *, *, #1012, .F. ) ;
#1883 = ORIENTED_EDGE ( 'NONE', *, *, #1072, .F. ) ;
#1884 = ORIENTED_EDGE ( 'NONE', *, *, #1002, .F. ) ;
#1885 = ORIENTED_EDGE ( 'NONE', *, *, #1027, .F. ) ;
#1886 = ORIENTED_EDGE ( 'NONE', *, *, #1055, .T. ) ;
#1887 = ORIENTED_EDGE ( 'NONE', *, *, #1015, .T. ) ;
#1888 = ORIENTED_EDGE ( 'NONE', *, *, #1040, .F. ) ;
#1889 = ORIENTED_EDGE ( 'NONE', *, *, #1031, .F. ) ;
#1890 = ORIENTED_EDGE ( 'NONE', *, *, #1047, .T. ) ;
#1891 = ORIENTED_EDGE ( 'NONE', *, *, #1048, .F. ) ;
#1892 = ORIENTED_EDGE ( 'NONE', *, *, #1074, .T. ) ;
#1893 = ORIENTED_EDGE ( 'NONE', *, *, #1033, .F. ) ;
#1894 = ORIENTED_EDGE ( 'NONE', *, *, #1062, .T. ) ;
#1895 = ORIENTED_EDGE ( 'NONE', *, *, #1049, .T. ) ;
#1896 = ORIENTED_EDGE ( 'NONE', *, *, #1031, .T. ) ;
#1897 = ORIENTED_EDGE ( 'NONE', *, *, #1023, .F. ) ;
#1898 = ORIENTED_EDGE ( 'NONE', *, *, #1074, .F. ) ;
#1899 = ORIENTED_EDGE ( 'NONE', *, *, #1040, .T. ) ;
#1900 = ORIENTED_EDGE ( 'NONE', *, *, #1060, .F. ) ;
#1901 = ORIENTED_EDGE ( 'NONE', *, *, #1056, .T. ) ;
#1902 = ORIENTED_EDGE ( 'NONE', *, *, #1067, .F. ) ;
#1903 = ORIENTED_EDGE ( 'NONE', *, *, #1066, .F. ) ;
#1904 = ORIENTED_EDGE ( 'NONE', *, *, #1069, .F. ) ;
#1905 = ORIENTED_EDGE ( 'NONE', *, *, #1085, .F. ) ;
#1906 = ORIENTED_EDGE ( 'NONE', *, *, #1035, .T. ) ;
#1907 = ORIENTED_EDGE ( 'NONE', *, *, #1054, .F. ) ;
#1908 = ORIENTED_EDGE ( 'NONE', *, *, #1006, .F. ) ;
#1909 = ORIENTED_EDGE ( 'NONE', *, *, #1094, .F. ) ;
#1910 = ORIENTED_EDGE ( 'NONE', *, *, #1080, .T. ) ;
#1911 = ORIENTED_EDGE ( 'NONE', *, *, #999, .T. ) ;
#1912 = ORIENTED_EDGE ( 'NONE', *, *, #1053, .T. ) ;
#1913 = ORIENTED_EDGE ( 'NONE', *, *, #1013, .F. ) ;
#1914 = ORIENTED_EDGE ( 'NONE', *, *, #1041, .T. ) ;
#1915 = ORIENTED_EDGE ( 'NONE', *, *, #1088, .T. ) ;
#1916 = ORIENTED_EDGE ( 'NONE', *, *, #1036, .T. ) ;
#1917 = ORIENTED_EDGE ( 'NONE', *, *, #1009, .F. ) ;
#1918 = ORIENTED_EDGE ( 'NONE', *, *, #1005, .F. ) ;
#1919 = ORIENTED_EDGE ( 'NONE', *, *, #1056, .F. ) ;
#1920 = ORIENTED_EDGE ( 'NONE', *, *, #1034, .F. ) ;
#1921 = ORIENTED_EDGE ( 'NONE', *, *, #1048, .T. ) ;
#1922 = ORIENTED_EDGE ( 'NONE', *, *, #1053, .F. ) ;
#1923 = ORIENTED_EDGE ( 'NONE', *, *, #1055, .F. ) ;
#1924 = ORIENTED_EDGE ( 'NONE', *, *, #1028, .F. ) ;
#1925 = ORIENTED_EDGE ( 'NONE', *, *, #1027, .T. ) ;
#1926 = ORIENTED_EDGE ( 'NONE', *, *, #993, .F. ) ;
#1927 = ORIENTED_EDGE ( 'NONE', *, *, #1063, .F. ) ;
#1928 = ORIENTED_EDGE ( 'NONE', *, *, #1000, .T. ) ;
#1929 = ORIENTED_EDGE ( 'NONE', *, *, #1066, .T. ) ;
#1930 = ORIENTED_EDGE ( 'NONE', *, *, #1022, .F. ) ;
#1931 = ORIENTED_EDGE ( 'NONE', *, *, #1073, .F. ) ;
#1932 = ORIENTED_EDGE ( 'NONE', *, *, #1062, .F. ) ;
#1933 = ORIENTED_EDGE ( 'NONE', *, *, #1016, .F. ) ;
#1934 = ORIENTED_EDGE ( 'NONE', *, *, #1059, .F. ) ;
#1935 = ORIENTED_EDGE ( 'NONE', *, *, #1047, .F. ) ;
#1936 = ORIENTED_EDGE ( 'NONE', *, *, #1039, .F. ) ;
#1937 = ORIENTED_EDGE ( 'NONE', *, *, #1064, .T. ) ;
#1938 = ORIENTED_EDGE ( 'NONE', *, *, #1034, .T. ) ;
#1939 = ORIENTED_EDGE ( 'NONE', *, *, #1073, .T. ) ;
#1940 = ORIENTED_EDGE ( 'NONE', *, *, #1049, .F. ) ;
#1941 = ORIENTED_EDGE ( 'NONE', *, *, #1042, .T. ) ;
#1942 = ORIENTED_EDGE ( 'NONE', *, *, #1030, .F. ) ;
#1943 = ORIENTED_EDGE ( 'NONE', *, *, #1015, .F. ) ;
#1944 = ORIENTED_EDGE ( 'NONE', *, *, #1009, .T. ) ;
#1945 = ORIENTED_EDGE ( 'NONE', *, *, #1011, .F. ) ;
#1946 = ORIENTED_EDGE ( 'NONE', *, *, #1071, .T. ) ;
#1947 = ORIENTED_EDGE ( 'NONE', *, *, #1042, .F. ) ;
#1948 = ORIENTED_EDGE ( 'NONE', *, *, #1023, .T. ) ;
#1949 = ORIENTED_EDGE ( 'NONE', *, *, #1070, .F. ) ;
#1950 = ORIENTED_EDGE ( 'NONE', *, *, #1024, .F. ) ;
#1951 = ORIENTED_EDGE ( 'NONE', *, *, #1012, .T. ) ;
#1952 = ORIENTED_EDGE ( 'NONE', *, *, #1007, .F. ) ;
#1953 = ORIENTED_EDGE ( 'NONE', *, *, #1060, .T. ) ;
#1954 = ORIENTED_EDGE ( 'NONE', *, *, #1068, .F. ) ;
#1955 = ORIENTED_EDGE ( 'NONE', *, *, #1078, .T. ) ;
#1956 = ORIENTED_EDGE ( 'NONE', *, *, #1029, .T. ) ;
#1957 = ORIENTED_EDGE ( 'NONE', *, *, #1083, .T. ) ;
#1958 = ORIENTED_EDGE ( 'NONE', *, *, #1090, .F. ) ;
#1959 = ORIENTED_EDGE ( 'NONE', *, *, #1025, .T. ) ;
#1960 = CLOSED_SHELL ( 'NONE', ( #2367, #2386, #2375, #2353, #2372, #2368, #2384, #2370, #2387, #2388, #690, #2335, #2340, #2334, #694, #2341, #2344, #2339, #2343, #2336, #2337, #2338, #2342, #2365, #693, #691, #692, #695 ) ) ;
#1961 = ORIENTED_EDGE ( 'NONE', *, *, #987, .F. ) ;
#1962 = ORIENTED_EDGE ( 'NONE', *, *, #1089, .F. ) ;
#1963 = ORIENTED_EDGE ( 'NONE', *, *, #1051, .T. ) ;
#1964 = ORIENTED_EDGE ( 'NONE', *, *, #1069, .T. ) ;
#1965 = ORIENTED_EDGE ( 'NONE', *, *, #1076, .T. ) ;
#1966 = ORIENTED_EDGE ( 'NONE', *, *, #1084, .F. ) ;
#1967 = ORIENTED_EDGE ( 'NONE', *, *, #1046, .F. ) ;
#1968 = ORIENTED_EDGE ( 'NONE', *, *, #1004, .T. ) ;
#1969 = ORIENTED_EDGE ( 'NONE', *, *, #1081, .T. ) ;
#1970 = ORIENTED_EDGE ( 'NONE', *, *, #1037, .F. ) ;
#1971 = ORIENTED_EDGE ( 'NONE', *, *, #1014, .F. ) ;
#1972 = ORIENTED_EDGE ( 'NONE', *, *, #1077, .F. ) ;
#1973 = ORIENTED_EDGE ( 'NONE', *, *, #1044, .F. ) ;
#1974 = ORIENTED_EDGE ( 'NONE', *, *, #1065, .T. ) ;
#1975 = CLOSED_SHELL ( 'NONE', ( #2361, #2393, #2392, #2378, #2377, #2369 ) ) ;
#1976 = ORIENTED_EDGE ( 'NONE', *, *, #1086, .T. ) ;
#1977 = ORIENTED_EDGE ( 'NONE', *, *, #1057, .F. ) ;
#1978 = ORIENTED_EDGE ( 'NONE', *, *, #1095, .F. ) ;
#1979 = ORIENTED_EDGE ( 'NONE', *, *, #1026, .F. ) ;
#1980 = ORIENTED_EDGE ( 'NONE', *, *, #1083, .F. ) ;
#1981 = ORIENTED_EDGE ( 'NONE', *, *, #1087, .F. ) ;
#1982 = ORIENTED_EDGE ( 'NONE', *, *, #1014, .T. ) ;
#1983 = ORIENTED_EDGE ( 'NONE', *, *, #1091, .F. ) ;
#1984 = ORIENTED_EDGE ( 'NONE', *, *, #1093, .T. ) ;
#1985 = ORIENTED_EDGE ( 'NONE', *, *, #1041, .F. ) ;
#1986 = ORIENTED_EDGE ( 'NONE', *, *, #1061, .T. ) ;
#1987 = ORIENTED_EDGE ( 'NONE', *, *, #1002, .T. ) ;
#1988 = ORIENTED_EDGE ( 'NONE', *, *, #997, .T. ) ;
#1989 = ORIENTED_EDGE ( 'NONE', *, *, #1045, .T. ) ;
#1990 = ORIENTED_EDGE ( 'NONE', *, *, #1004, .F. ) ;
#1991 = ORIENTED_EDGE ( 'NONE', *, *, #1058, .T. ) ;
#1992 = ORIENTED_EDGE ( 'NONE', *, *, #1090, .T. ) ;
#1993 = ORIENTED_EDGE ( 'NONE', *, *, #1025, .F. ) ;
#1994 = ORIENTED_EDGE ( 'NONE', *, *, #1050, .T. ) ;
#1995 = ORIENTED_EDGE ( 'NONE', *, *, #1065, .F. ) ;
#1996 = ORIENTED_EDGE ( 'NONE', *, *, #1086, .F. ) ;
#1997 = ORIENTED_EDGE ( 'NONE', *, *, #1255, .F. ) ;
#1998 = ORIENTED_EDGE ( 'NONE', *, *, #1037, .T. ) ;
#1999 = ORIENTED_EDGE ( 'NONE', *, *, #1098, .T. ) ;
#2000 = ORIENTED_EDGE ( 'NONE', *, *, #1043, .T. ) ;
#2001 = ORIENTED_EDGE ( 'NONE', *, *, #1050, .F. ) ;
#2002 = ORIENTED_EDGE ( 'NONE', *, *, #1046, .T. ) ;
#2003 = ORIENTED_EDGE ( 'NONE', *, *, #1043, .F. ) ;
#2004 = ORIENTED_EDGE ( 'NONE', *, *, #1044, .T. ) ;
#2005 = ORIENTED_EDGE ( 'NONE', *, *, #1089, .T. ) ;
#2006 = ORIENTED_EDGE ( 'NONE', *, *, #1045, .F. ) ;
#2007 = ORIENTED_EDGE ( 'NONE', *, *, #1082, .T. ) ;
#2008 = ORIENTED_EDGE ( 'NONE', *, *, #1052, .T. ) ;
#2009 = ORIENTED_EDGE ( 'NONE', *, *, #1026, .T. ) ;
#2010 = ORIENTED_EDGE ( 'NONE', *, *, #1099, .F. ) ;
#2011 = ORIENTED_EDGE ( 'NONE', *, *, #1084, .T. ) ;
#2012 = ORIENTED_EDGE ( 'NONE', *, *, #1099, .T. ) ;
#2013 = ORIENTED_EDGE ( 'NONE', *, *, #1082, .F. ) ;
#2014 = ORIENTED_EDGE ( 'NONE', *, *, #1078, .F. ) ;
#2015 = ORIENTED_EDGE ( 'NONE', *, *, #1093, .F. ) ;
#2016 = ORIENTED_EDGE ( 'NONE', *, *, #1085, .T. ) ;
#2017 = ORIENTED_EDGE ( 'NONE', *, *, #1095, .T. ) ;
#2018 = ORIENTED_EDGE ( 'NONE', *, *, #1094, .T. ) ;
#2019 = ORIENTED_EDGE ( 'NONE', *, *, #1080, .F. ) ;
#2020 = ORIENTED_EDGE ( 'NONE', *, *, #1087, .T. ) ;
#2021 = ORIENTED_EDGE ( 'NONE', *, *, #1092, .F. ) ;
#2022 = ORIENTED_EDGE ( 'NONE', *, *, #1091, .T. ) ;
#2023 = ORIENTED_EDGE ( 'NONE', *, *, #1081, .F. ) ;
#2024 = VERTEX_POINT ( 'NONE', #1792 ) ;
#2025 = VERTEX_POINT ( 'NONE', #1797 ) ;
#2026 = VERTEX_POINT ( 'NONE', #1770 ) ;
#2027 = ORIENTED_EDGE ( 'NONE', *, *, #1076, .F. ) ;
#2028 = VERTEX_POINT ( 'NONE', #1795 ) ;
#2029 = VERTEX_POINT ( 'NONE', #1759 ) ;
#2030 = ORIENTED_EDGE ( 'NONE', *, *, #1077, .T. ) ;
#2031 = VERTEX_POINT ( 'NONE', #1791 ) ;
#2032 = VERTEX_POINT ( 'NONE', #1817 ) ;
#2033 = ORIENTED_EDGE ( 'NONE', *, *, #1032, .F. ) ;
#2034 = ORIENTED_EDGE ( 'NONE', *, *, #1029, .F. ) ;
#2035 = ORIENTED_EDGE ( 'NONE', *, *, #1098, .F. ) ;
#2036 = VERTEX_POINT ( 'NONE', #1835 ) ;
#2037 = VERTEX_POINT ( 'NONE', #1812 ) ;
#2038 = VERTEX_POINT ( 'NONE', #1844 ) ;
#2039 = VERTEX_POINT ( 'NONE', #1845 ) ;
#2040 = VERTEX_POINT ( 'NONE', #1816 ) ;
#2041 = VERTEX_POINT ( 'NONE', #1820 ) ;
#2042 = VERTEX_POINT ( 'NONE', #1826 ) ;
#2043 = VERTEX_POINT ( 'NONE', #1846 ) ;
#2044 = VERTEX_POINT ( 'NONE', #1847 ) ;
#2045 = VERTEX_POINT ( 'NONE', #1772 ) ;
#2046 = VERTEX_POINT ( 'NONE', #1832 ) ;
#2047 = ORIENTED_EDGE ( 'NONE', *, *, #1088, .F. ) ;
#2048 = ORIENTED_EDGE ( 'NONE', *, *, #1100, .T. ) ;
#2049 = VERTEX_POINT ( 'NONE', #1818 ) ;
#2050 = VERTEX_POINT ( 'NONE', #1819 ) ;
#2051 = VERTEX_POINT ( 'NONE', #1837 ) ;
#2052 = VERTEX_POINT ( 'NONE', #1805 ) ;
#2053 = VERTEX_POINT ( 'NONE', #1827 ) ;
#2054 = ORIENTED_EDGE ( 'NONE', *, *, #1092, .T. ) ;
#2055 = VERTEX_POINT ( 'NONE', #1848 ) ;
#2056 = ORIENTED_EDGE ( 'NONE', *, *, #1052, .F. ) ;
#2057 = VERTEX_POINT ( 'NONE', #1838 ) ;
#2058 = VERTEX_POINT ( 'NONE', #1813 ) ;
#2059 = VERTEX_POINT ( 'NONE', #1825 ) ;
#2060 = ORIENTED_EDGE ( 'NONE', *, *, #1057, .T. ) ;
#2061 = ORIENTED_EDGE ( 'NONE', *, *, #1079, .F. ) ;
#2062 = CLOSED_SHELL ( 'NONE', ( #2371, #2382, #2357, #2359, #2331, #2390, #2395, #2374, #2373, #2389, #2332, #2333, #2376 ) ) ;
#2063 = VERTEX_POINT ( 'NONE', #1833 ) ;
#2064 = VERTEX_POINT ( 'NONE', #1804 ) ;
#2065 = VERTEX_POINT ( 'NONE', #1849 ) ;
#2066 = VERTEX_POINT ( 'NONE', #1807 ) ;
#2067 = VERTEX_POINT ( 'NONE', #1829 ) ;
#2068 = ORIENTED_EDGE ( 'NONE', *, *, #1100, .F. ) ;
#2069 = ORIENTED_EDGE ( 'NONE', *, *, #1032, .T. ) ;
#2070 = VERTEX_POINT ( 'NONE', #1828 ) ;
#2071 = ORIENTED_EDGE ( 'NONE', *, *, #1079, .T. ) ;
#2072 = VERTEX_POINT ( 'NONE', #1821 ) ;
#2073 = VERTEX_POINT ( 'NONE', #1830 ) ;
#2074 = VERTEX_POINT ( 'NONE', #1850 ) ;
#2075 = VERTEX_POINT ( 'NONE', #1815 ) ;
#2076 = VERTEX_POINT ( 'NONE', #1823 ) ;
#2077 = VERTEX_POINT ( 'NONE', #1842 ) ;
#2078 = VERTEX_POINT ( 'NONE', #1851 ) ;
#2079 = VERTEX_POINT ( 'NONE', #1802 ) ;
#2080 = VERTEX_POINT ( 'NONE', #1839 ) ;
#2081 = VERTEX_POINT ( 'NONE', #1822 ) ;
#2082 = VERTEX_POINT ( 'NONE', #1831 ) ;
#2083 = VERTEX_POINT ( 'NONE', #1843 ) ;
#2084 = VERTEX_POINT ( 'NONE', #1803 ) ;
#2085 = VERTEX_POINT ( 'NONE', #1834 ) ;
#2086 = VERTEX_POINT ( 'NONE', #1814 ) ;
#2087 = VERTEX_POINT ( 'NONE', #1806 ) ;
#2088 = VERTEX_POINT ( 'NONE', #1824 ) ;
#2089 = VERTEX_POINT ( 'NONE', #1836 ) ;
#2090 = VERTEX_POINT ( 'NONE', #1840 ) ;
#2091 = VERTEX_POINT ( 'NONE', #1808 ) ;
#2092 = VERTEX_POINT ( 'NONE', #1809 ) ;
#2093 = VERTEX_POINT ( 'NONE', #1841 ) ;
#2094 = VERTEX_POINT ( 'NONE', #1810 ) ;
#2095 = VERTEX_POINT ( 'NONE', #1811 ) ;
#2096 = VERTEX_POINT ( 'NONE', #1319 ) ;
#2097 = VERTEX_POINT ( 'NONE', #1320 ) ;
#2098 = VERTEX_POINT ( 'NONE', #1325 ) ;
#2099 = VERTEX_POINT ( 'NONE', #1321 ) ;
#2100 = VERTEX_POINT ( 'NONE', #1322 ) ;
#2101 = VERTEX_POINT ( 'NONE', #1318 ) ;
#2102 = VERTEX_POINT ( 'NONE', #1327 ) ;
#2103 = VERTEX_POINT ( 'NONE', #1326 ) ;
#2104 = VERTEX_POINT ( 'NONE', #1328 ) ;
#2105 = VERTEX_POINT ( 'NONE', #1317 ) ;
#2106 = VERTEX_POINT ( 'NONE', #1323 ) ;
#2107 = VERTEX_POINT ( 'NONE', #1324 ) ;
#2108 = VERTEX_POINT ( 'NONE', #1329 ) ;
#2109 = VERTEX_POINT ( 'NONE', #1330 ) ;
#2110 = VERTEX_POINT ( 'NONE', #1331 ) ;
#2111 = VERTEX_POINT ( 'NONE', #1332 ) ;
#2112 = VERTEX_POINT ( 'NONE', #1333 ) ;
#2113 = VERTEX_POINT ( 'NONE', #1334 ) ;
#2114 = VERTEX_POINT ( 'NONE', #1335 ) ;
#2115 = VERTEX_POINT ( 'NONE', #1347 ) ;
#2116 = VERTEX_POINT ( 'NONE', #1351 ) ;
#2117 = VERTEX_POINT ( 'NONE', #1352 ) ;
#2118 = VERTEX_POINT ( 'NONE', #1356 ) ;
#2119 = VERTEX_POINT ( 'NONE', #1363 ) ;
#2120 = VERTEX_POINT ( 'NONE', #1340 ) ;
#2121 = VERTEX_POINT ( 'NONE', #1374 ) ;
#2122 = VERTEX_POINT ( 'NONE', #1373 ) ;
#2123 = VERTEX_POINT ( 'NONE', #1364 ) ;
#2124 = VERTEX_POINT ( 'NONE', #1348 ) ;
#2125 = VERTEX_POINT ( 'NONE', #1353 ) ;
#2126 = VERTEX_POINT ( 'NONE', #1367 ) ;
#2127 = ORIENTED_EDGE ( 'NONE', *, *, #1269, .T. ) ;
#2128 = ORIENTED_EDGE ( 'NONE', *, *, #1020, .T. ) ;
#2129 = ORIENTED_EDGE ( 'NONE', *, *, #988, .T. ) ;
#2130 = ORIENTED_EDGE ( 'NONE', *, *, #1270, .T. ) ;
#2131 = ORIENTED_EDGE ( 'NONE', *, *, #1270, .F. ) ;
#2132 = ORIENTED_EDGE ( 'NONE', *, *, #996, .F. ) ;
#2133 = ORIENTED_EDGE ( 'NONE', *, *, #991, .T. ) ;
#2134 = ORIENTED_EDGE ( 'NONE', *, *, #1001, .F. ) ;
#2135 = ORIENTED_EDGE ( 'NONE', *, *, #995, .T. ) ;
#2136 = ORIENTED_EDGE ( 'NONE', *, *, #1273, .F. ) ;
#2137 = ORIENTED_EDGE ( 'NONE', *, *, #1256, .T. ) ;
#2138 = ORIENTED_EDGE ( 'NONE', *, *, #1285, .T. ) ;
#2139 = ORIENTED_EDGE ( 'NONE', *, *, #1281, .F. ) ;
#2140 = ORIENTED_EDGE ( 'NONE', *, *, #989, .T. ) ;
#2141 = ORIENTED_EDGE ( 'NONE', *, *, #1280, .T. ) ;
#2142 = ORIENTED_EDGE ( 'NONE', *, *, #1266, .F. ) ;
#2143 = ORIENTED_EDGE ( 'NONE', *, *, #1008, .F. ) ;
#2144 = ORIENTED_EDGE ( 'NONE', *, *, #1278, .T. ) ;
#2145 = ORIENTED_EDGE ( 'NONE', *, *, #1277, .F. ) ;
#2146 = ORIENTED_EDGE ( 'NONE', *, *, #994, .F. ) ;
#2147 = ORIENTED_EDGE ( 'NONE', *, *, #1282, .F. ) ;
#2148 = ORIENTED_EDGE ( 'NONE', *, *, #992, .T. ) ;
#2149 = ORIENTED_EDGE ( 'NONE', *, *, #992, .F. ) ;
#2150 = ORIENTED_EDGE ( 'NONE', *, *, #1003, .F. ) ;
#2151 = ORIENTED_EDGE ( 'NONE', *, *, #1263, .T. ) ;
#2152 = ORIENTED_EDGE ( 'NONE', *, *, #1003, .T. ) ;
#2153 = ORIENTED_EDGE ( 'NONE', *, *, #985, .F. ) ;
#2154 = ORIENTED_EDGE ( 'NONE', *, *, #1274, .F. ) ;
#2155 = ORIENTED_EDGE ( 'NONE', *, *, #990, .T. ) ;
#2156 = ORIENTED_EDGE ( 'NONE', *, *, #1280, .F. ) ;
#2157 = ORIENTED_EDGE ( 'NONE', *, *, #1279, .T. ) ;
#2158 = ORIENTED_EDGE ( 'NONE', *, *, #1269, .F. ) ;
#2159 = ORIENTED_EDGE ( 'NONE', *, *, #1264, .F. ) ;
#2160 = ORIENTED_EDGE ( 'NONE', *, *, #982, .T. ) ;
#2161 = ORIENTED_EDGE ( 'NONE', *, *, #998, .T. ) ;
#2162 = ORIENTED_EDGE ( 'NONE', *, *, #1267, .F. ) ;
#2163 = ORIENTED_EDGE ( 'NONE', *, *, #1265, .T. ) ;
#2164 = ORIENTED_EDGE ( 'NONE', *, *, #1257, .F. ) ;
#2165 = ORIENTED_EDGE ( 'NONE', *, *, #1260, .F. ) ;
#2166 = ORIENTED_EDGE ( 'NONE', *, *, #1266, .T. ) ;
#2167 = ORIENTED_EDGE ( 'NONE', *, *, #1263, .F. ) ;
#2168 = ORIENTED_EDGE ( 'NONE', *, *, #991, .F. ) ;
#2169 = ORIENTED_EDGE ( 'NONE', *, *, #1268, .F. ) ;
#2170 = ORIENTED_EDGE ( 'NONE', *, *, #998, .F. ) ;
#2171 = ORIENTED_EDGE ( 'NONE', *, *, #1275, .T. ) ;
#2172 = ORIENTED_EDGE ( 'NONE', *, *, #1008, .T. ) ;
#2173 = ORIENTED_EDGE ( 'NONE', *, *, #1284, .F. ) ;
#2174 = ORIENTED_EDGE ( 'NONE', *, *, #986, .T. ) ;
#2175 = ORIENTED_EDGE ( 'NONE', *, *, #1278, .F. ) ;
#2176 = ORIENTED_EDGE ( 'NONE', *, *, #1283, .F. ) ;
#2177 = ORIENTED_EDGE ( 'NONE', *, *, #990, .F. ) ;
#2178 = ORIENTED_EDGE ( 'NONE', *, *, #1256, .F. ) ;
#2179 = ORIENTED_EDGE ( 'NONE', *, *, #1271, .T. ) ;
#2180 = ORIENTED_EDGE ( 'NONE', *, *, #1264, .T. ) ;
#2181 = ORIENTED_EDGE ( 'NONE', *, *, #1259, .F. ) ;
#2182 = ORIENTED_EDGE ( 'NONE', *, *, #1271, .F. ) ;
#2183 = ORIENTED_EDGE ( 'NONE', *, *, #1010, .T. ) ;
#2184 = ORIENTED_EDGE ( 'NONE', *, *, #1001, .T. ) ;
#2185 = FACE_OUTER_BOUND ( 'NONE', #788, .T. ) ;
#2186 = ORIENTED_EDGE ( 'NONE', *, *, #1283, .T. ) ;
#2187 = ORIENTED_EDGE ( 'NONE', *, *, #1285, .F. ) ;
#2188 = ORIENTED_EDGE ( 'NONE', *, *, #1274, .T. ) ;
#2189 = ORIENTED_EDGE ( 'NONE', *, *, #1273, .T. ) ;
#2190 = ORIENTED_EDGE ( 'NONE', *, *, #1258, .T. ) ;
#2191 = FACE_OUTER_BOUND ( 'NONE', #786, .T. ) ;
#2192 = FACE_OUTER_BOUND ( 'NONE', #789, .T. ) ;
#2193 = FACE_OUTER_BOUND ( 'NONE', #770, .T. ) ;
#2194 = ORIENTED_EDGE ( 'NONE', *, *, #982, .F. ) ;
#2195 = FACE_OUTER_BOUND ( 'NONE', #805, .T. ) ;
#2196 = ORIENTED_EDGE ( 'NONE', *, *, #996, .T. ) ;
#2197 = ORIENTED_EDGE ( 'NONE', *, *, #1260, .T. ) ;
#2198 = ORIENTED_EDGE ( 'NONE', *, *, #1258, .F. ) ;
#2199 = LINE ( 'NONE', #468, #2224 ) ;
#2200 = CIRCLE ( 'NONE', #1096, 3.000000000000000400 ) ;
#2201 = CIRCLE ( 'NONE', #1106, 6.000000000000000900 ) ;
#2202 = ORIENTED_EDGE ( 'NONE', *, *, #994, .T. ) ;
#2203 = ORIENTED_EDGE ( 'NONE', *, *, #1019, .F. ) ;
#2204 = CONICAL_SURFACE ( 'NONE', #1102, 9.000000000000001800, 1.047197551196595400 ) ;
#2205 = ORIENTED_EDGE ( 'NONE', *, *, #985, .T. ) ;
#2206 = ORIENTED_EDGE ( 'NONE', *, *, #1282, .T. ) ;
#2207 = ORIENTED_EDGE ( 'NONE', *, *, #1261, .T. ) ;
#2208 = ORIENTED_EDGE ( 'NONE', *, *, #1276, .F. ) ;
#2209 = ORIENTED_EDGE ( 'NONE', *, *, #1262, .T. ) ;
#2210 = ORIENTED_EDGE ( 'NONE', *, *, #1276, .T. ) ;
#2211 = ORIENTED_EDGE ( 'NONE', *, *, #1020, .F. ) ;
#2212 = ORIENTED_EDGE ( 'NONE', *, *, #1272, .F. ) ;
#2213 = CONICAL_SURFACE ( 'NONE', #1105, 5.010000000000000700, 0.9599310885968792600 ) ;
#2214 = CONICAL_SURFACE ( 'NONE', #1101, 6.000000000000001800, 0.9599310885968797000 ) ;
#2215 = FACE_OUTER_BOUND ( 'NONE', #778, .T. ) ;
#2216 = ORIENTED_EDGE ( 'NONE', *, *, #1277, .T. ) ;
#2217 = LINE ( 'NONE', #83, #2233 ) ;
#2218 = VECTOR ( 'NONE', #129, 1000.000000000000000 ) ;
#2219 = VECTOR ( 'NONE', #187, 1000.000000000000000 ) ;
#2220 = VECTOR ( 'NONE', #189, 1000.000000000000000 ) ;
#2221 = VECTOR ( 'NONE', #210, 1000.000000000000000 ) ;
#2222 = VECTOR ( 'NONE', #269, 1000.000000000000000 ) ;
#2223 = LINE ( 'NONE', #61, #2268 ) ;
#2224 = VECTOR ( 'NONE', #456, 1000.000000000000100 ) ;
#2225 = LINE ( 'NONE', #169, #2255 ) ;
#2226 = CIRCLE ( 'NONE', #1111, 6.000000000000001800 ) ;
#2227 = CIRCLE ( 'NONE', #1109, 6.000000000000001800 ) ;
#2228 = CIRCLE ( 'NONE', #1127, 9.000000000000001800 ) ;
#2229 = LINE ( 'NONE', #254, #2235 ) ;
#2230 = CIRCLE ( 'NONE', #1135, 5.099999999999999600 ) ;
#2231 = CIRCLE ( 'NONE', #1114, 8.500000000000088800 ) ;
#2232 = CIRCLE ( 'NONE', #1116, 8.500000000000088800 ) ;
#2233 = VECTOR ( 'NONE', #116, 1000.000000000000000 ) ;
#2234 = CIRCLE ( 'NONE', #1110, 6.000000000000001800 ) ;
#2235 = VECTOR ( 'NONE', #277, 1000.000000000000000 ) ;
#2236 = CIRCLE ( 'NONE', #1136, 9.000000000000001800 ) ;
#2237 = LINE ( 'NONE', #461, #2329 ) ;
#2238 = CIRCLE ( 'NONE', #1117, 5.099999999999999600 ) ;
#2239 = CIRCLE ( 'NONE', #1115, 10.00000000000000000 ) ;
#2240 = VECTOR ( 'NONE', #70, 1000.000000000000100 ) ;
#2241 = CIRCLE ( 'NONE', #1113, 8.500000000000088800 ) ;
#2242 = LINE ( 'NONE', #152, #2262 ) ;
#2243 = CIRCLE ( 'NONE', #1119, 3.000000000000000400 ) ;
#2244 = LINE ( 'NONE', #86, #2253 ) ;
#2245 = VECTOR ( 'NONE', #90, 1000.000000000000000 ) ;
#2246 = CIRCLE ( 'NONE', #1144, 2.999999999999999100 ) ;
#2247 = CIRCLE ( 'NONE', #1107, 9.000000000000001800 ) ;
#2248 = CIRCLE ( 'NONE', #1129, 9.000000000000001800 ) ;
#2249 = LINE ( 'NONE', #236, #2254 ) ;
#2250 = CIRCLE ( 'NONE', #1112, 2.499999999999995100 ) ;
#2251 = LINE ( 'NONE', #138, #2218 ) ;
#2252 = LINE ( 'NONE', #47, #2240 ) ;
#2253 = VECTOR ( 'NONE', #76, 1000.000000000000100 ) ;
#2254 = VECTOR ( 'NONE', #237, 1000.000000000000000 ) ;
#2255 = VECTOR ( 'NONE', #147, 1000.000000000000000 ) ;
#2256 = LINE ( 'NONE', #186, #2220 ) ;
#2257 = CIRCLE ( 'NONE', #1134, 10.00000000000000000 ) ;
#2258 = LINE ( 'NONE', #188, #2219 ) ;
#2259 = LINE ( 'NONE', #223, #2222 ) ;
#2260 = CONICAL_SURFACE ( 'NONE', #1104, 9.000000000000001800, 1.047197551196595400 ) ;
#2261 = CIRCLE ( 'NONE', #1118, 3.000000000000000400 ) ;
#2262 = VECTOR ( 'NONE', #154, 1000.000000000000000 ) ;
#2263 = CYLINDRICAL_SURFACE ( 'NONE', #1097, 6.000000000000001800 ) ;
#2264 = CIRCLE ( 'NONE', #1108, 6.000000000000000900 ) ;
#2265 = LINE ( 'NONE', #75, #2245 ) ;
#2266 = LINE ( 'NONE', #208, #2221 ) ;
#2267 = CIRCLE ( 'NONE', #1145, 18.48472064982661000 ) ;
#2268 = VECTOR ( 'NONE', #74, 1000.000000000000000 ) ;
#2269 = VECTOR ( 'NONE', #384, 1000.000000000000000 ) ;
#2270 = CIRCLE ( 'NONE', #1176, 18.48472064982661000 ) ;
#2271 = CIRCLE ( 'NONE', #1140, 6.000000000000000000 ) ;
#2272 = LINE ( 'NONE', #271, #2277 ) ;
#2273 = CIRCLE ( 'NONE', #1151, 9.000000000000001800 ) ;
#2274 = CIRCLE ( 'NONE', #1137, 2.999999999999999100 ) ;
#2275 = VECTOR ( 'NONE', #414, 1000.000000000000000 ) ;
#2276 = CIRCLE ( 'NONE', #1128, 9.000000000000001800 ) ;
#2277 = VECTOR ( 'NONE', #256, 1000.000000000000000 ) ;
#2278 = CIRCLE ( 'NONE', #1149, 5.099999999999999600 ) ;
#2279 = VECTOR ( 'NONE', #281, 1000.000000000000000 ) ;
#2280 = CIRCLE ( 'NONE', #1179, 11.92276806281132200 ) ;
#2281 = CIRCLE ( 'NONE', #1150, 10.00000000000000000 ) ;
#2282 = CIRCLE ( 'NONE', #1138, 10.00000000000000000 ) ;
#2283 = CIRCLE ( 'NONE', #1133, 9.000000000000001800 ) ;
#2284 = LINE ( 'NONE', #416, #2325 ) ;
#2285 = LINE ( 'NONE', #330, #2314 ) ;
#2286 = LINE ( 'NONE', #393, #2275 ) ;
#2287 = LINE ( 'NONE', #268, #2291 ) ;
#2288 = CIRCLE ( 'NONE', #1146, 9.000000000000001800 ) ;
#2289 = CIRCLE ( 'NONE', #1130, 5.099999999999999600 ) ;
#2290 = CIRCLE ( 'NONE', #1123, 6.000000000000001800 ) ;
#2291 = VECTOR ( 'NONE', #265, 1000.000000000000000 ) ;
#2292 = CIRCLE ( 'NONE', #1139, 9.000000000000001800 ) ;
#2293 = CIRCLE ( 'NONE', #1125, 9.000000000000001800 ) ;
#2294 = LINE ( 'NONE', #372, #2302 ) ;
#2295 = CIRCLE ( 'NONE', #1142, 10.00000000000000000 ) ;
#2296 = LINE ( 'NONE', #408, #2309 ) ;
#2297 = CIRCLE ( 'NONE', #1158, 22.50000000000000000 ) ;
#2298 = CIRCLE ( 'NONE', #1172, 11.92276806281132200 ) ;
#2299 = LINE ( 'NONE', #382, #2269 ) ;
#2300 = LINE ( 'NONE', #457, #2319 ) ;
#2301 = CIRCLE ( 'NONE', #1132, 10.00000000000000000 ) ;
#2302 = VECTOR ( 'NONE', #386, 1000.000000000000000 ) ;
#2303 = CIRCLE ( 'NONE', #1131, 9.000000000000001800 ) ;
#2304 = CIRCLE ( 'NONE', #1122, 22.50000000000000000 ) ;
#2305 = CIRCLE ( 'NONE', #1121, 7.922768062811322000 ) ;
#2306 = CIRCLE ( 'NONE', #1124, 2.999999999999999100 ) ;
#2307 = CIRCLE ( 'NONE', #1180, 2.999999999999999100 ) ;
#2308 = CIRCLE ( 'NONE', #1141, 6.000000000000000000 ) ;
#2309 = VECTOR ( 'NONE', #396, 1000.000000000000000 ) ;
#2310 = CIRCLE ( 'NONE', #1120, 10.00000000000000000 ) ;
#2311 = VECTOR ( 'NONE', #343, 1000.000000000000000 ) ;
#2312 = CIRCLE ( 'NONE', #1143, 3.000000000000000000 ) ;
#2313 = CIRCLE ( 'NONE', #1147, 3.000000000000000000 ) ;
#2314 = VECTOR ( 'NONE', #342, 1000.000000000000100 ) ;
#2315 = CIRCLE ( 'NONE', #1165, 10.00000000000000000 ) ;
#2316 = CIRCLE ( 'NONE', #1126, 17.89261953838324700 ) ;
#2317 = CIRCLE ( 'NONE', #1166, 21.87739833075022500 ) ;
#2318 = LINE ( 'NONE', #349, #2311 ) ;
#2319 = VECTOR ( 'NONE', #472, 1000.000000000000000 ) ;
#2320 = CIRCLE ( 'NONE', #1148, 9.000000000000001800 ) ;
#2321 = VECTOR ( 'NONE', #355, 1000.000000000000100 ) ;
#2322 = LINE ( 'NONE', #340, #2321 ) ;
#2323 = LINE ( 'NONE', #270, #2279 ) ;
#2324 = VECTOR ( 'NONE', #430, 1000.000000000000000 ) ;
#2325 = VECTOR ( 'NONE', #446, 1000.000000000000000 ) ;
#2326 = CIRCLE ( 'NONE', #1181, 3.000000000000000000 ) ;
#2327 = CIRCLE ( 'NONE', #1167, 3.000000000000000000 ) ;
#2328 = LINE ( 'NONE', #418, #2324 ) ;
#2329 = VECTOR ( 'NONE', #476, 1000.000000000000000 ) ;
#2330 = CIRCLE ( 'NONE', #1178, 7.922768062811322000 ) ;
#2331 = ADVANCED_FACE ( 'NONE', ( #542 ), #543, .F. ) ;
#2332 = ADVANCED_FACE ( 'NONE', ( #569, #522 ), #1358, .T. ) ;
#2333 = ADVANCED_FACE ( 'NONE', ( #573 ), #532, .T. ) ;
#2334 = ADVANCED_FACE ( 'NONE', ( #544 ), #570, .T. ) ;
#2335 = ADVANCED_FACE ( 'NONE', ( #534 ), #1344, .T. ) ;
#2336 = ADVANCED_FACE ( 'NONE', ( #563 ), #565, .T. ) ;
#2337 = ADVANCED_FACE ( 'NONE', ( #545 ), #550, .T. ) ;
#2338 = ADVANCED_FACE ( 'NONE', ( #519 ), #531, .T. ) ;
#2339 = ADVANCED_FACE ( 'NONE', ( #547 ), #621, .T. ) ;
#2340 = ADVANCED_FACE ( 'NONE', ( #562 ), #1412, .T. ) ;
#2341 = ADVANCED_FACE ( 'NONE', ( #523 ), #589, .T. ) ;
#2342 = ADVANCED_FACE ( 'NONE', ( #525 ), #583, .T. ) ;
#2343 = ADVANCED_FACE ( 'NONE', ( #556 ), #620, .T. ) ;
#2344 = ADVANCED_FACE ( 'NONE', ( #581 ), #600, .T. ) ;
#2345 = ADVANCED_FACE ( 'NONE', ( #578 ), #1410, .F. ) ;
#2346 = ADVANCED_FACE ( 'NONE', ( #577 ), #624, .T. ) ;
#2347 = ADVANCED_FACE ( 'NONE', ( #590 ), #1411, .F. ) ;
#2348 = ADVANCED_FACE ( 'NONE', ( #631 ), #595, .T. ) ;
#2349 = ADVANCED_FACE ( 'NONE', ( #602 ), #629, .T. ) ;
#2350 = ADVANCED_FACE ( 'NONE', ( #574 ), #582, .T. ) ;
#2351 = ADVANCED_FACE ( 'NONE', ( #591 ), #1378, .F. ) ;
#2352 = ADVANCED_FACE ( 'NONE', ( #603 ), #623, .T. ) ;
#2353 = ADVANCED_FACE ( 'NONE', ( #613 ), #575, .F. ) ;
#2354 = ADVANCED_FACE ( 'NONE', ( #622 ), #1390, .F. ) ;
#2355 = ADVANCED_FACE ( 'NONE', ( #584 ), #611, .T. ) ;
#2356 = ADVANCED_FACE ( 'NONE', ( #625, #615 ), #1436, .T. ) ;
#2357 = ADVANCED_FACE ( 'NONE', ( #601 ), #579, .F. ) ;
#2358 = ADVANCED_FACE ( 'NONE', ( #585 ), #599, .T. ) ;
#2359 = ADVANCED_FACE ( 'NONE', ( #592 ), #588, .F. ) ;
#2360 = ADVANCED_FACE ( 'NONE', ( #587 ), #586, .T. ) ;
#2361 = ADVANCED_FACE ( 'NONE', ( #627 ), #605, .F. ) ;
#2362 = ADVANCED_FACE ( 'NONE', ( #593 ), #597, .T. ) ;
#2363 = ADVANCED_FACE ( 'NONE', ( #576 ), #1454, .F. ) ;
#2364 = ADVANCED_FACE ( 'NONE', ( #596 ), #580, .T. ) ;
#2365 = ADVANCED_FACE ( 'NONE', ( #594 ), #598, .T. ) ;
#2366 = ADVANCED_FACE ( 'NONE', ( #608 ), #604, .T. ) ;
#2367 = ADVANCED_FACE ( 'NONE', ( #606 ), #632, .F. ) ;
#2368 = ADVANCED_FACE ( 'NONE', ( #609, #633 ), #1471, .F. ) ;
#2369 = ADVANCED_FACE ( 'NONE', ( #614 ), #617, .F. ) ;
#2370 = ADVANCED_FACE ( 'NONE', ( #607 ), #1475, .T. ) ;
#2371 = ADVANCED_FACE ( 'NONE', ( #618 ), #630, .T. ) ;
#2372 = ADVANCED_FACE ( 'NONE', ( #612 ), #628, .F. ) ;
#2373 = ADVANCED_FACE ( 'NONE', ( #616, #657 ), #1519, .T. ) ;
#2374 = ADVANCED_FACE ( 'NONE', ( #610 ), #619, .F. ) ;
#2375 = ADVANCED_FACE ( 'NONE', ( #626 ), #658, .F. ) ;
#2376 = ADVANCED_FACE ( 'NONE', ( #639 ), #634, .T. ) ;
#2377 = ADVANCED_FACE ( 'NONE', ( #665 ), #667, .T. ) ;
#2378 = ADVANCED_FACE ( 'NONE', ( #660, #654 ), #1502, .F. ) ;
#2379 = ADVANCED_FACE ( 'NONE', ( #635 ), #666, .T. ) ;
#2380 = ADVANCED_FACE ( 'NONE', ( #636 ), #1489, .F. ) ;
#2381 = ADVANCED_FACE ( 'NONE', ( #661, #646 ), #1482, .F. ) ;
#2382 = ADVANCED_FACE ( 'NONE', ( #642 ), #647, .T. ) ;
#2383 = ADVANCED_FACE ( 'NONE', ( #640 ), #1514, .T. ) ;
#2384 = ADVANCED_FACE ( 'NONE', ( #653, #641 ), #1533, .T. ) ;
#2385 = ADVANCED_FACE ( 'NONE', ( #659 ), #644, .T. ) ;
#2386 = ADVANCED_FACE ( 'NONE', ( #668 ), #664, .F. ) ;
#2387 = ADVANCED_FACE ( 'NONE', ( #643 ), #1534, .T. ) ;
#2388 = ADVANCED_FACE ( 'NONE', ( #638 ), #1560, .F. ) ;
#2389 = ADVANCED_FACE ( 'NONE', ( #645 ), #649, .F. ) ;
#2390 = ADVANCED_FACE ( 'NONE', ( #662, #655 ), #1536, .T. ) ;
#2391 = ADVANCED_FACE ( 'NONE', ( #650 ), #1544, .F. ) ;
#2392 = ADVANCED_FACE ( 'NONE', ( #648, #652 ), #1527, .T. ) ;
#2393 = ADVANCED_FACE ( 'NONE', ( #637 ), #656, .T. ) ;
#2394 = ADVANCED_FACE ( 'NONE', ( #663 ), #673, .T. ) ;
#2395 = ADVANCED_FACE ( 'NONE', ( #651 ), #669, .F. ) ;
#2396 = DATE_AND_TIME ( #2410, #2423 ) ;
#2397 = DATE_AND_TIME ( #2589, #2573 ) ;
#2398 = DATE_AND_TIME ( #2407, #2411 ) ;
#2399 = LOCAL_TIME ( 18, 25, 58.00000000000000000, #2422 ) ;
#2400 = ORGANIZATION ( 'NAUO-ORG2', 'UNSPECIFIED', 'UNSPECIFIED' ) ;
#2401 = CALENDAR_DATE ( 2017, 20, 2 ) ;
#2402 = PERSON_AND_ORGANIZATION ( #1292, #676 ) ;
#2403 = CALENDAR_DATE ( 2017, 20, 2 ) ;
#2404 = COORDINATED_UNIVERSAL_TIME_OFFSET ( 1, 0, .AHEAD. ) ;
#2405 = COORDINATED_UNIVERSAL_TIME_OFFSET ( 1, 0, .AHEAD. ) ;
#2406 = CALENDAR_DATE ( 2017, 20, 2 ) ;
#2407 = CALENDAR_DATE ( 2017, 20, 2 ) ;
#2408 = PERSON_AND_ORGANIZATION ( #1289, #2400 ) ;
#2409 = APPROVAL_DATE_TIME ( #2396, #943 ) ;
#2410 = CALENDAR_DATE ( 2017, 20, 2 ) ;
#2411 = LOCAL_TIME ( 18, 25, 58.00000000000000000, #2424 ) ;
#2412 = ITEM_DEFINED_TRANSFORMATION ( 'NONE', 'NONE', #1246,  #1239 ) ;
#2413 = CALENDAR_DATE ( 2017, 20, 2 ) ;
#2414 = LOCAL_TIME ( 18, 25, 58.00000000000000000, #2444 ) ;
#2415 = CALENDAR_DATE ( 2017, 20, 2 ) ;
#2416 = DATE_AND_TIME ( #2415, #2414 ) ;
#2417 = APPROVAL_DATE_TIME ( #2416, #948 ) ;
#2418 = LOCAL_TIME ( 18, 25, 58.00000000000000000, #2431 ) ;
#2419 = LOCAL_TIME ( 18, 25, 58.00000000000000000, #2404 ) ;
#2420 = APPROVAL_DATE_TIME ( #2427, #959 ) ;
#2421 = COORDINATED_UNIVERSAL_TIME_OFFSET ( 1, 0, .AHEAD. ) ;
#2422 = COORDINATED_UNIVERSAL_TIME_OFFSET ( 1, 0, .AHEAD. ) ;
#2423 = LOCAL_TIME ( 18, 25, 58.00000000000000000, #2405 ) ;
#2424 = COORDINATED_UNIVERSAL_TIME_OFFSET ( 1, 0, .AHEAD. ) ;
#2425 = ITEM_DEFINED_TRANSFORMATION ( 'NONE', 'NONE', #1252,  #1239 ) ;
#2426 = COORDINATED_UNIVERSAL_TIME_OFFSET ( 1, 0, .AHEAD. ) ;
#2427 = DATE_AND_TIME ( #2401, #2419 ) ;
#2428 = DATE_AND_TIME ( #2447, #2399 ) ;
#2429 = DATE_AND_TIME ( #2403, #2418 ) ;
#2430 = APPROVAL_PERSON_ORGANIZATION ( #2402, #959, #1721 ) ;
#2431 = COORDINATED_UNIVERSAL_TIME_OFFSET ( 1, 0, .AHEAD. ) ;
#2432 = ORGANIZATION ( 'NAUO-ORG1', 'UNSPECIFIED', 'UNSPECIFIED' ) ;
#2433 = CONTEXT_DEPENDENT_SHAPE_REPRESENTATION ( #1718, #1313 ) ;
#2434 = ITEM_DEFINED_TRANSFORMATION ( 'NONE', 'NONE', #1244,  #1239 ) ;
#2435 = LOCAL_TIME ( 18, 25, 58.00000000000000000, #2445 ) ;
#2436 = APPROVAL_PERSON_ORGANIZATION ( #2408, #961, #1717 ) ;
#2437 = COORDINATED_UNIVERSAL_TIME_OFFSET ( 1, 0, .AHEAD. ) ;
#2438 = DATE_AND_TIME ( #2406, #2435 ) ;
#2439 = DATE_AND_TIME ( #2413, #2443 ) ;
#2440 = APPROVAL_DATE_TIME ( #2398, #961 ) ;
#2441 = CONTEXT_DEPENDENT_SHAPE_REPRESENTATION ( #1690, #1305 ) ;
#2442 = APPROVAL_PERSON_ORGANIZATION ( #2446, #943, #1711 ) ;
#2443 = LOCAL_TIME ( 18, 25, 58.00000000000000000, #2437 ) ;
#2444 = COORDINATED_UNIVERSAL_TIME_OFFSET ( 1, 0, .AHEAD. ) ;
#2445 = COORDINATED_UNIVERSAL_TIME_OFFSET ( 1, 0, .AHEAD. ) ;
#2446 = PERSON_AND_ORGANIZATION ( #1287, #2432 ) ;
#2447 = CALENDAR_DATE ( 2017, 20, 2 ) ;
#2448 = ITEM_DEFINED_TRANSFORMATION ( 'NONE', 'NONE', #1245,  #1239 ) ;
#2449 = PERSON_AND_ORGANIZATION ( #1294, #2474 ) ;
#2450 = LOCAL_TIME ( 18, 25, 58.00000000000000000, #2453 ) ;
#2451 = LOCAL_TIME ( 18, 25, 58.00000000000000000, #2464 ) ;
#2452 = APPROVAL_PERSON_ORGANIZATION ( #2575, #878, #1682 ) ;
#2453 = COORDINATED_UNIVERSAL_TIME_OFFSET ( 1, 0, .AHEAD. ) ;
#2454 = COORDINATED_UNIVERSAL_TIME_OFFSET ( 1, 0, .AHEAD. ) ;
#2455 = ITEM_DEFINED_TRANSFORMATION ( 'NONE', 'NONE', #1240,  #1239 ) ;
#2456 = LOCAL_TIME ( 18, 25, 58.00000000000000000, #2454 ) ;
#2457 = CONTEXT_DEPENDENT_SHAPE_REPRESENTATION ( #1725, #1316 ) ;
#2458 = COORDINATED_UNIVERSAL_TIME_OFFSET ( 1, 0, .AHEAD. ) ;
#2459 = LOCAL_TIME ( 18, 25, 58.00000000000000000, #2458 ) ;
#2460 = CALENDAR_DATE ( 2017, 20, 2 ) ;
#2461 = APPROVAL_PERSON_ORGANIZATION ( #2481, #964, #1724 ) ;
#2462 = CALENDAR_DATE ( 2017, 20, 2 ) ;
#2463 = LOCAL_TIME ( 18, 25, 58.00000000000000000, #2569 ) ;
#2464 = COORDINATED_UNIVERSAL_TIME_OFFSET ( 1, 0, .AHEAD. ) ;
#2465 = CONTEXT_DEPENDENT_SHAPE_REPRESENTATION ( #1723, #1308 ) ;
#2466 = DATE_AND_TIME ( #2462, #2459 ) ;
#2467 = DATE_AND_TIME ( #2460, #2451 ) ;
#2468 = APPROVAL_DATE_TIME ( #2476, #956 ) ;
#2469 = APPROVAL_PERSON_ORGANIZATION ( #2480, #956, #1696 ) ;
#2470 = DATE_AND_TIME ( #2475, #2450 ) ;
#2471 = ORGANIZATION ( 'NAUO-ORG4', 'UNSPECIFIED', 'UNSPECIFIED' ) ;
#2472 = APPROVAL_DATE_TIME ( #2467, #964 ) ;
#2473 = APPROVAL_PERSON_ORGANIZATION ( #2449, #948, #1702 ) ;
#2474 = ORGANIZATION ( 'NAUO-ORG3', 'UNSPECIFIED', 'UNSPECIFIED' ) ;
#2475 = CALENDAR_DATE ( 2017, 20, 2 ) ;
#2476 = DATE_AND_TIME ( #2478, #2456 ) ;
#2477 = ORGANIZATION ( 'NAUO-ORG5', 'UNSPECIFIED', 'UNSPECIFIED' ) ;
#2478 = CALENDAR_DATE ( 2017, 20, 2 ) ;
#2479 = CONTEXT_DEPENDENT_SHAPE_REPRESENTATION ( #1687, #1315 ) ;
#2480 = PERSON_AND_ORGANIZATION ( #1293, #2471 ) ;
#2481 = PERSON_AND_ORGANIZATION ( #1295, #2477 ) ;
#2482 = LOCAL_TIME ( 18, 25, 58.00000000000000000, #2541 ) ;
#2483 = DATE_AND_TIME ( #2488, #2504 ) ;
#2484 = COORDINATED_UNIVERSAL_TIME_OFFSET ( 1, 0, .AHEAD. ) ;
#2485 = PERSON_AND_ORGANIZATION ( #1292, #676 ) ;
#2486 = APPROVAL_PERSON_ORGANIZATION ( #2485, #892, #1646 ) ;
#2487 = APPROVAL_DATE_TIME ( #2496, #868 ) ;
#2488 = CALENDAR_DATE ( 2017, 20, 2 ) ;
#2489 = SHAPE_DEFINITION_REPRESENTATION ( #1303, #1301 ) ;
#2490 = SHAPE_DEFINITION_REPRESENTATION ( #1312, #1300 ) ;
#2491 = PERSON_AND_ORGANIZATION ( #1292, #676 ) ;
#2492 = LOCAL_TIME ( 18, 25, 58.00000000000000000, #2516 ) ;
#2493 = PERSON_AND_ORGANIZATION ( #1292, #676 ) ;
#2494 = APPROVAL_DATE_TIME ( #2483, #875 ) ;
#2495 = PERSON_AND_ORGANIZATION ( #1292, #676 ) ;
#2496 = DATE_AND_TIME ( #2501, #2482 ) ;
#2497 = APPROVAL_DATE_TIME ( #2534, #892 ) ;
#2498 = PERSON_AND_ORGANIZATION ( #1292, #676 ) ;
#2499 = PERSON_AND_ORGANIZATION ( #1292, #676 ) ;
#2500 = COORDINATED_UNIVERSAL_TIME_OFFSET ( 1, 0, .AHEAD. ) ;
#2501 = CALENDAR_DATE ( 2017, 20, 2 ) ;
#2502 = DATE_AND_TIME ( #2518, #2505 ) ;
#2503 = APPROVAL_PERSON_ORGANIZATION ( #2491, #910, #1641 ) ;
#2504 = LOCAL_TIME ( 18, 25, 58.00000000000000000, #2525 ) ;
#2505 = LOCAL_TIME ( 18, 25, 58.00000000000000000, #2484 ) ;
#2506 = COORDINATED_UNIVERSAL_TIME_OFFSET ( 1, 0, .AHEAD. ) ;
#2507 = PERSON_AND_ORGANIZATION ( #1292, #676 ) ;
#2508 = COORDINATED_UNIVERSAL_TIME_OFFSET ( 1, 0, .AHEAD. ) ;
#2509 = LOCAL_TIME ( 18, 25, 58.00000000000000000, #2508 ) ;
#2510 = PERSON_AND_ORGANIZATION ( #1292, #676 ) ;
#2511 = DATE_AND_TIME ( #2512, #2492 ) ;
#2512 = CALENDAR_DATE ( 2017, 20, 2 ) ;
#2513 = DATE_AND_TIME ( #521, #517 ) ;
#2514 = LOCAL_TIME ( 18, 25, 58.00000000000000000, #2506 ) ;
#2515 = LOCAL_TIME ( 18, 25, 58.00000000000000000, #2500 ) ;
#2516 = COORDINATED_UNIVERSAL_TIME_OFFSET ( 1, 0, .AHEAD. ) ;
#2517 = APPROVAL_PERSON_ORGANIZATION ( #2519, #888, #1629 ) ;
#2518 = CALENDAR_DATE ( 2017, 20, 2 ) ;
#2519 = PERSON_AND_ORGANIZATION ( #1292, #676 ) ;
#2520 = PERSON_AND_ORGANIZATION ( #1292, #676 ) ;
#2521 = DATE_AND_TIME ( #2539, #2515 ) ;
#2522 = PERSON_AND_ORGANIZATION ( #1292, #676 ) ;
#2523 = APPROVAL_DATE_TIME ( #2532, #888 ) ;
#2524 = PERSON_AND_ORGANIZATION ( #1292, #676 ) ;
#2525 = COORDINATED_UNIVERSAL_TIME_OFFSET ( 1, 0, .AHEAD. ) ;
#2526 = COORDINATED_UNIVERSAL_TIME_OFFSET ( 1, 0, .AHEAD. ) ;
#2527 = LOCAL_TIME ( 18, 25, 58.00000000000000000, #2526 ) ;
#2528 = DATE_AND_TIME ( #2535, #2527 ) ;
#2529 = APPROVAL_PERSON_ORGANIZATION ( #2510, #875, #1678 ) ;
#2530 = CALENDAR_DATE ( 2017, 20, 2 ) ;
#2531 = PERSON_AND_ORGANIZATION ( #1292, #676 ) ;
#2532 = DATE_AND_TIME ( #2530, #2514 ) ;
#2533 = CALENDAR_DATE ( 2017, 20, 2 ) ;
#2534 = DATE_AND_TIME ( #2533, #2509 ) ;
#2535 = CALENDAR_DATE ( 2017, 20, 2 ) ;
#2536 = SHAPE_DEFINITION_REPRESENTATION ( #1304, #1298 ) ;
#2537 = APPROVAL_PERSON_ORGANIZATION ( #2499, #868, #1652 ) ;
#2538 = PERSON_AND_ORGANIZATION ( #1292, #676 ) ;
#2539 = CALENDAR_DATE ( 2017, 20, 2 ) ;
#2540 = APPROVAL_DATE_TIME ( #2502, #910 ) ;
#2541 = COORDINATED_UNIVERSAL_TIME_OFFSET ( 1, 0, .AHEAD. ) ;
#2542 = PERSON_AND_ORGANIZATION ( #1292, #676 ) ;
#2543 = COORDINATED_UNIVERSAL_TIME_OFFSET ( 1, 0, .AHEAD. ) ;
#2544 = LOCAL_TIME ( 18, 25, 58.00000000000000000, #2543 ) ;
#2545 = CALENDAR_DATE ( 2017, 20, 2 ) ;
#2546 = APPROVAL_DATE_TIME ( #2555, #907 ) ;
#2547 = PERSON_AND_ORGANIZATION ( #1292, #676 ) ;
#2548 = COORDINATED_UNIVERSAL_TIME_OFFSET ( 1, 0, .AHEAD. ) ;
#2549 = LOCAL_TIME ( 18, 25, 58.00000000000000000, #2548 ) ;
#2550 = CALENDAR_DATE ( 2017, 20, 2 ) ;
#2551 = DATE_AND_TIME ( #2550, #2549 ) ;
#2552 = PERSON_AND_ORGANIZATION ( #1292, #676 ) ;
#2553 = APPROVAL_PERSON_ORGANIZATION ( #2552, #916, #1667 ) ;
#2554 = APPROVAL_PERSON_ORGANIZATION ( #2542, #907, #1663 ) ;
#2555 = DATE_AND_TIME ( #2545, #2544 ) ;
#2556 = PERSON_AND_ORGANIZATION ( #1292, #676 ) ;
#2557 = PERSON_AND_ORGANIZATION ( #1292, #676 ) ;
#2558 = PERSON_AND_ORGANIZATION ( #1292, #676 ) ;
#2559 = DATE_AND_TIME ( #2560, #2562 ) ;
#2560 = CALENDAR_DATE ( 2017, 20, 2 ) ;
#2561 = APPROVAL_DATE_TIME ( #2559, #916 ) ;
#2562 = LOCAL_TIME ( 18, 25, 58.00000000000000000, #2563 ) ;
#2563 = COORDINATED_UNIVERSAL_TIME_OFFSET ( 1, 0, .AHEAD. ) ;
#2564 = CALENDAR_DATE ( 2017, 20, 2 ) ;
#2565 = LOCAL_TIME ( 18, 25, 58.00000000000000000, #2566 ) ;
#2566 = COORDINATED_UNIVERSAL_TIME_OFFSET ( 1, 0, .AHEAD. ) ;
#2567 = DATE_AND_TIME ( #2564, #2565 ) ;
#2568 = DATE_AND_TIME ( #2581, #2578 ) ;
#2569 = COORDINATED_UNIVERSAL_TIME_OFFSET ( 1, 0, .AHEAD. ) ;
#2570 = APPROVAL_DATE_TIME ( #2582, #878 ) ;
#2571 = CALENDAR_DATE ( 2017, 20, 2 ) ;
#2572 = DATE_AND_TIME ( #2571, #2463 ) ;
#2573 = LOCAL_TIME ( 18, 25, 58.00000000000000000, #2421 ) ;
#2574 = PERSON_AND_ORGANIZATION ( #1292, #676 ) ;
#2575 = PERSON_AND_ORGANIZATION ( #1292, #676 ) ;
#2576 = LOCAL_TIME ( 18, 25, 58.00000000000000000, #2426 ) ;
#2577 = SHAPE_DEFINITION_REPRESENTATION ( #1310, #1299 ) ;
#2578 = LOCAL_TIME ( 18, 25, 58.00000000000000000, #2590 ) ;
#2579 = APPROVAL_DATE_TIME ( #2572, #951 ) ;
#2580 = PERSON_AND_ORGANIZATION ( #1292, #676 ) ;
#2581 = CALENDAR_DATE ( 2017, 20, 2 ) ;
#2582 = DATE_AND_TIME ( #2584, #2576 ) ;
#2583 = PERSON_AND_ORGANIZATION ( #1292, #676 ) ;
#2584 = CALENDAR_DATE ( 2017, 20, 2 ) ;
#2585 = APPROVAL_PERSON_ORGANIZATION ( #2583, #945, #1713 ) ;
#2586 = APPROVAL_PERSON_ORGANIZATION ( #2592, #951, #1688 ) ;
#2587 = PERSON_AND_ORGANIZATION ( #1292, #676 ) ;
#2588 = PERSON_AND_ORGANIZATION ( #1292, #676 ) ;
#2589 = CALENDAR_DATE ( 2017, 20, 2 ) ;
#2590 = COORDINATED_UNIVERSAL_TIME_OFFSET ( 1, 0, .AHEAD. ) ;
#2591 = PERSON_AND_ORGANIZATION ( #1292, #676 ) ;
#2592 = PERSON_AND_ORGANIZATION ( #1292, #676 ) ;
#2593 = APPROVAL_DATE_TIME ( #2397, #945 ) ;
#2594 = NEXT_ASSEMBLY_USAGE_OCCURRENCE ( 'NAUO1', ' ', ' ', #1248, #929, $ ) ;
#2595 = NEXT_ASSEMBLY_USAGE_OCCURRENCE ( 'NAUO2', ' ', ' ', #1248, #906, $ ) ;
#2596 = NEXT_ASSEMBLY_USAGE_OCCURRENCE ( 'NAUO3', ' ', ' ', #1248, #906, $ ) ;
#2597 = NEXT_ASSEMBLY_USAGE_OCCURRENCE ( 'NAUO4', ' ', ' ', #1248, #905, $ ) ;
#2598 = NEXT_ASSEMBLY_USAGE_OCCURRENCE ( 'NAUO5', ' ', ' ', #1248, #884, $ ) ;
ENDSEC;
END-ISO-10303-21;
