ISO-10303-21;
HEADER;
/* Generated by software containing ST-Developer
 * from STEP Tools, Inc. (www.steptools.com) 
 */

FILE_DESCRIPTION(
/* description */ (''),
/* implementation_level */ '2;1');

FILE_NAME(
/* name */ 'ALP3034.step',
/* time_stamp */ '2023-03-21T12:27:01+01:00',
/* author */ (''),
/* organization */ (''),
/* preprocessor_version */ 'ST-DEVELOPER v19.2',
/* originating_system */ 'Autodesk Translation Framework v11.17.0.187',

/* authorisation */ '');

FILE_SCHEMA (('AUTOMOTIVE_DESIGN { 1 0 10303 214 3 1 1 }'));
ENDSEC;

DATA;
#10=MECHANICAL_DESIGN_GEOMETRIC_PRESENTATION_REPRESENTATION('',(#199,#200,
#201,#202),#3251);
#11=ITEM_DEFINED_TRANSFORMATION($,$,#1876,#2082);
#12=ITEM_DEFINED_TRANSFORMATION($,$,#1876,#2083);
#13=ITEM_DEFINED_TRANSFORMATION($,$,#2076,#2084);
#14=(
REPRESENTATION_RELATIONSHIP($,$,#3266,#3265)
REPRESENTATION_RELATIONSHIP_WITH_TRANSFORMATION(#11)
SHAPE_REPRESENTATION_RELATIONSHIP()
);
#15=(
REPRESENTATION_RELATIONSHIP($,$,#3266,#3265)
REPRESENTATION_RELATIONSHIP_WITH_TRANSFORMATION(#12)
SHAPE_REPRESENTATION_RELATIONSHIP()
);
#16=(
REPRESENTATION_RELATIONSHIP($,$,#3267,#3265)
REPRESENTATION_RELATIONSHIP_WITH_TRANSFORMATION(#13)
SHAPE_REPRESENTATION_RELATIONSHIP()
);
#17=CONTEXT_DEPENDENT_SHAPE_REPRESENTATION(#14,#3262);
#18=CONTEXT_DEPENDENT_SHAPE_REPRESENTATION(#15,#3263);
#19=CONTEXT_DEPENDENT_SHAPE_REPRESENTATION(#16,#3264);
#20=NEXT_ASSEMBLY_USAGE_OCCURRENCE('\X\8Aarka ALP3034:1',
'\X\8Aarka ALP3034:1','\X\8Aarka ALP3034:1',#3269,#3270,
'\X\8Aarka ALP3034:1');
#21=NEXT_ASSEMBLY_USAGE_OCCURRENCE('\X\8Aarka ALP3034:2',
'\X\8Aarka ALP3034:2','\X\8Aarka ALP3034:2',#3269,#3270,
'\X\8Aarka ALP3034:2');
#22=NEXT_ASSEMBLY_USAGE_OCCURRENCE('Osovinica:1','Osovinica:1',
'Osovinica:1',#3269,#3271,'Osovinica:1');
#23=SHAPE_REPRESENTATION_RELATIONSHIP('SRR','None',#3266,#25);
#24=SHAPE_REPRESENTATION_RELATIONSHIP('SRR','None',#3267,#26);
#25=ADVANCED_BREP_SHAPE_REPRESENTATION('',(#203,#204,#205),#3249);
#26=ADVANCED_BREP_SHAPE_REPRESENTATION('',(#206),#3250);
#27=(
BOUNDED_SURFACE()
B_SPLINE_SURFACE(3,2,((#3205,#3206,#3207),(#3208,#3209,#3210),(#3211,#3212,
#3213),(#3214,#3215,#3216),(#3217,#3218,#3219),(#3220,#3221,#3222)),
 .UNSPECIFIED.,.F.,.F.,.F.)
B_SPLINE_SURFACE_WITH_KNOTS((4,2,4),(3,3),(3.14155256383553,3.92699081698724,
4.71242907013894),(0.,1.00004008975425),.UNSPECIFIED.)
GEOMETRIC_REPRESENTATION_ITEM()
RATIONAL_B_SPLINE_SURFACE(((0.999999999999999,0.71462960539225,1.00002288085798),
(1.,0.714643043627903,1.00002287978051),(1.,0.71382283344158,1.00002294554456),
(1.,0.711039235906654,1.00002316873204),(1.,0.709083892107829,1.00002332551054),
(1.,0.707094734582359,1.00002348500022)))
REPRESENTATION_ITEM('')
SURFACE()
);
#28=SPHERICAL_SURFACE('',#2016,0.2);
#29=SPHERICAL_SURFACE('',#2019,0.2);
#30=SPHERICAL_SURFACE('',#2038,0.2);
#31=SPHERICAL_SURFACE('',#2040,0.2);
#32=SPHERICAL_SURFACE('',#2042,0.2);
#33=SPHERICAL_SURFACE('',#2044,0.2);
#34=SPHERICAL_SURFACE('',#2054,0.2);
#35=SPHERICAL_SURFACE('',#2056,0.2);
#36=SPHERICAL_SURFACE('',#2062,0.2);
#37=ELLIPSE('',#1968,0.200045913097315,0.2);
#38=ELLIPSE('',#1969,0.200045913097315,0.2);
#39=ELLIPSE('',#2007,0.200183589206991,0.20000000000011);
#40=ELLIPSE('',#2014,0.279860778671691,0.199999999999937);
#41=B_SPLINE_CURVE_WITH_KNOTS('',3,(#2908,#2909,#2910,#2911,#2912,#2913),
 .UNSPECIFIED.,.F.,.F.,(4,2,4),(-0.139911657146818,-0.116399093320236,-0.101106448007702),
 .UNSPECIFIED.);
#42=B_SPLINE_CURVE_WITH_KNOTS('',3,(#3147,#3148,#3149,#3150,#3151,#3152,
#3153,#3154,#3155,#3156,#3157,#3158,#3159,#3160),.UNSPECIFIED.,.F.,.F.,
(4,2,2,2,2,2,4),(0.0383127837313396,0.0439791318232051,0.0504450315995885,
0.0590602826774187,0.0676010136713191,0.0766255674623305,0.076913163691524),
 .UNSPECIFIED.);
#43=FACE_BOUND('',#349,.T.);
#44=FACE_BOUND('',#351,.T.);
#45=FACE_BOUND('',#355,.T.);
#46=FACE_BOUND('',#357,.T.);
#47=FACE_BOUND('',#358,.T.);
#48=FACE_BOUND('',#361,.T.);
#49=FACE_BOUND('',#364,.T.);
#50=FACE_BOUND('',#367,.T.);
#51=FACE_BOUND('',#369,.T.);
#52=CYLINDRICAL_SURFACE('',#1923,4.25);
#53=CYLINDRICAL_SURFACE('',#1925,4.25000000000001);
#54=CYLINDRICAL_SURFACE('',#1933,6.);
#55=CYLINDRICAL_SURFACE('',#1934,6.);
#56=CYLINDRICAL_SURFACE('',#1935,4.05);
#57=CYLINDRICAL_SURFACE('',#1936,6.05);
#58=CYLINDRICAL_SURFACE('',#1941,4.05);
#59=CYLINDRICAL_SURFACE('',#1942,6.05);
#60=CYLINDRICAL_SURFACE('',#1947,3.25);
#61=CYLINDRICAL_SURFACE('',#1949,3.25);
#62=CYLINDRICAL_SURFACE('',#1992,7.);
#63=CYLINDRICAL_SURFACE('',#1993,7.);
#64=CYLINDRICAL_SURFACE('',#2003,0.2);
#65=CYLINDRICAL_SURFACE('',#2006,0.2);
#66=CYLINDRICAL_SURFACE('',#2010,0.2);
#67=CYLINDRICAL_SURFACE('',#2013,0.2);
#68=CYLINDRICAL_SURFACE('',#2023,0.200000000000001);
#69=CYLINDRICAL_SURFACE('',#2025,0.2);
#70=CYLINDRICAL_SURFACE('',#2027,0.2);
#71=CYLINDRICAL_SURFACE('',#2029,0.2);
#72=CYLINDRICAL_SURFACE('',#2032,0.2);
#73=CYLINDRICAL_SURFACE('',#2034,0.2);
#74=CYLINDRICAL_SURFACE('',#2036,0.2);
#75=CYLINDRICAL_SURFACE('',#2046,0.2);
#76=CYLINDRICAL_SURFACE('',#2048,0.2);
#77=CYLINDRICAL_SURFACE('',#2050,0.2);
#78=CYLINDRICAL_SURFACE('',#2052,0.2);
#79=CYLINDRICAL_SURFACE('',#2058,0.200000000000001);
#80=CYLINDRICAL_SURFACE('',#2060,0.2);
#81=CYLINDRICAL_SURFACE('',#2065,0.200000000000001);
#82=CYLINDRICAL_SURFACE('',#2068,0.2);
#83=CYLINDRICAL_SURFACE('',#2071,0.2);
#84=CYLINDRICAL_SURFACE('',#2072,0.2);
#85=CYLINDRICAL_SURFACE('',#2075,0.2);
#86=CYLINDRICAL_SURFACE('',#2077,4.);
#87=(
BOUNDED_CURVE()
B_SPLINE_CURVE(2,(#2758,#2759,#2760),.UNSPECIFIED.,.F.,.F.)
B_SPLINE_CURVE_WITH_KNOTS((3,3),(0.304810139336368,0.503699924883112),
 .UNSPECIFIED.)
CURVE()
GEOMETRIC_REPRESENTATION_ITEM()
RATIONAL_B_SPLINE_CURVE((1.07475710120728,1.08808374926932,1.08697309790189))
REPRESENTATION_ITEM('')
);
#88=(
BOUNDED_CURVE()
B_SPLINE_CURVE(2,(#2768,#2769,#2770),.UNSPECIFIED.,.F.,.F.)
B_SPLINE_CURVE_WITH_KNOTS((3,3),(0.469005227920874,0.667707006330163),
 .UNSPECIFIED.)
CURVE()
GEOMETRIC_REPRESENTATION_ITEM()
RATIONAL_B_SPLINE_CURVE((1.08537904395565,1.0866428099709,1.073652443729))
REPRESENTATION_ITEM('')
);
#89=(
BOUNDED_CURVE()
B_SPLINE_CURVE(2,(#2776,#2777,#2778),.UNSPECIFIED.,.F.,.F.)
B_SPLINE_CURVE_WITH_KNOTS((3,3),(0.305537099682837,0.504238878092134),
 .UNSPECIFIED.)
CURVE()
GEOMETRIC_REPRESENTATION_ITEM()
RATIONAL_B_SPLINE_CURVE((1.07365244372955,1.08664280997157,1.08537904395633))
REPRESENTATION_ITEM('')
);
#90=(
BOUNDED_CURVE()
B_SPLINE_CURVE(2,(#2786,#2787,#2788),.UNSPECIFIED.,.F.,.F.)
B_SPLINE_CURVE_WITH_KNOTS((3,3),(0.473099020141085,0.671988805687818),
 .UNSPECIFIED.)
CURVE()
GEOMETRIC_REPRESENTATION_ITEM()
RATIONAL_B_SPLINE_CURVE((1.08697309790178,1.08808374926922,1.0747571012072))
REPRESENTATION_ITEM('')
);
#91=(
BOUNDED_CURVE()
B_SPLINE_CURVE(3,(#2980,#2981,#2982,#2983,#2984,#2985),.UNSPECIFIED.,.F.,
 .F.)
B_SPLINE_CURVE_WITH_KNOTS((4,2,4),(3.14159265358979,3.92699081698724,4.71238898038469),
 .UNSPECIFIED.)
CURVE()
GEOMETRIC_REPRESENTATION_ITEM()
RATIONAL_B_SPLINE_CURVE((1.,1.,1.,1.,1.,1.))
REPRESENTATION_ITEM('')
);
#92=CONICAL_SURFACE('',#1913,4.6642135623731,0.785398163397443);
#93=CONICAL_SURFACE('',#1918,4.66421356237311,0.785398163397443);
#94=CONICAL_SURFACE('',#1927,3.25,0.785398163397443);
#95=CONICAL_SURFACE('',#1930,3.25,0.785398163397443);
#96=CIRCLE('',#1890,6.);
#97=CIRCLE('',#1891,0.2);
#98=CIRCLE('',#1892,6.2);
#99=CIRCLE('',#1894,6.);
#100=CIRCLE('',#1895,0.2);
#101=CIRCLE('',#1896,6.2);
#102=CIRCLE('',#1898,4.25);
#103=CIRCLE('',#1899,0.2);
#104=CIRCLE('',#1900,4.05);
#105=CIRCLE('',#1902,4.05);
#106=CIRCLE('',#1903,0.2);
#107=CIRCLE('',#1904,4.25);
#108=CIRCLE('',#1906,4.25);
#109=CIRCLE('',#1907,0.2);
#110=CIRCLE('',#1908,4.05);
#111=CIRCLE('',#1910,4.05);
#112=CIRCLE('',#1911,0.2);
#113=CIRCLE('',#1912,4.25);
#114=CIRCLE('',#1914,5.57842712474623);
#115=CIRCLE('',#1915,7.);
#116=CIRCLE('',#1916,4.25);
#117=CIRCLE('',#1917,7.);
#118=CIRCLE('',#1919,5.57842712474624);
#119=CIRCLE('',#1920,7.);
#120=CIRCLE('',#1921,4.25000000000001);
#121=CIRCLE('',#1922,7.);
#122=CIRCLE('',#1924,4.25);
#123=CIRCLE('',#1926,4.25000000000001);
#124=CIRCLE('',#1928,3.25);
#125=CIRCLE('',#1929,6.);
#126=CIRCLE('',#1931,3.25);
#127=CIRCLE('',#1932,6.);
#128=CIRCLE('',#1937,6.05);
#129=CIRCLE('',#1938,6.05);
#130=CIRCLE('',#1939,6.05);
#131=CIRCLE('',#1940,6.05);
#132=CIRCLE('',#1943,6.05);
#133=CIRCLE('',#1944,6.05);
#134=CIRCLE('',#1945,6.05);
#135=CIRCLE('',#1946,6.05);
#136=CIRCLE('',#1948,3.25);
#137=CIRCLE('',#1950,3.25);
#138=CIRCLE('',#1957,0.199999999999999);
#139=CIRCLE('',#1958,0.199999999999999);
#140=CIRCLE('',#1959,0.199999999999999);
#141=CIRCLE('',#1962,5.85);
#142=CIRCLE('',#1965,0.4);
#143=CIRCLE('',#1966,5.85);
#144=CIRCLE('',#1971,5.85);
#145=CIRCLE('',#1972,0.2);
#146=CIRCLE('',#1974,5.85);
#147=CIRCLE('',#1975,0.2);
#148=CIRCLE('',#1980,7.);
#149=CIRCLE('',#1981,7.);
#150=CIRCLE('',#1986,0.2);
#151=CIRCLE('',#2004,0.2);
#152=CIRCLE('',#2005,0.2);
#153=CIRCLE('',#2008,0.2);
#154=CIRCLE('',#2011,0.2);
#155=CIRCLE('',#2012,0.2);
#156=CIRCLE('',#2015,0.2);
#157=CIRCLE('',#2017,0.2);
#158=CIRCLE('',#2018,0.2);
#159=CIRCLE('',#2020,0.2);
#160=CIRCLE('',#2021,0.2);
#161=CIRCLE('',#2024,0.200000000000001);
#162=CIRCLE('',#2026,0.2);
#163=CIRCLE('',#2028,0.2);
#164=CIRCLE('',#2030,0.2);
#165=CIRCLE('',#2031,0.2);
#166=CIRCLE('',#2033,0.2);
#167=CIRCLE('',#2035,0.2);
#168=CIRCLE('',#2037,0.2);
#169=CIRCLE('',#2039,0.2);
#170=CIRCLE('',#2041,0.2);
#171=CIRCLE('',#2043,0.2);
#172=CIRCLE('',#2045,0.2);
#173=CIRCLE('',#2047,0.2);
#174=CIRCLE('',#2049,0.2);
#175=CIRCLE('',#2051,0.2);
#176=CIRCLE('',#2053,0.2);
#177=CIRCLE('',#2055,0.200000000000001);
#178=CIRCLE('',#2057,0.2);
#179=CIRCLE('',#2059,0.200000000000001);
#180=CIRCLE('',#2061,0.2);
#181=CIRCLE('',#2064,0.200000000000001);
#182=CIRCLE('',#2066,0.200000000000001);
#183=CIRCLE('',#2067,0.2);
#184=CIRCLE('',#2070,0.2);
#185=CIRCLE('',#2074,0.2);
#186=CIRCLE('',#2078,4.);
#187=CIRCLE('',#2079,4.);
#188=TOROIDAL_SURFACE('',#1889,6.2,0.2);
#189=TOROIDAL_SURFACE('',#1893,6.2,0.2);
#190=TOROIDAL_SURFACE('',#1897,4.25,0.2);
#191=TOROIDAL_SURFACE('',#1901,4.25,0.2);
#192=TOROIDAL_SURFACE('',#1905,4.25,0.2);
#193=TOROIDAL_SURFACE('',#1909,4.25,0.2);
#194=TOROIDAL_SURFACE('',#2009,5.85,0.2);
#195=TOROIDAL_SURFACE('',#2022,5.85,0.2);
#196=TOROIDAL_SURFACE('',#2063,0.4,0.2);
#197=TOROIDAL_SURFACE('',#2069,5.85,0.2);
#198=TOROIDAL_SURFACE('',#2073,5.85,0.2);
#199=STYLED_ITEM('',(#3285),#203);
#200=STYLED_ITEM('',(#3285),#204);
#201=STYLED_ITEM('',(#3285),#205);
#202=STYLED_ITEM('',(#3286),#206);
#203=MANIFOLD_SOLID_BREP('Body1',#1848);
#204=MANIFOLD_SOLID_BREP('Body2',#1849);
#205=MANIFOLD_SOLID_BREP('Body3',#1850);
#206=MANIFOLD_SOLID_BREP('Body1',#1851);
#207=FACE_OUTER_BOUND('',#316,.T.);
#208=FACE_OUTER_BOUND('',#317,.T.);
#209=FACE_OUTER_BOUND('',#318,.T.);
#210=FACE_OUTER_BOUND('',#319,.T.);
#211=FACE_OUTER_BOUND('',#320,.T.);
#212=FACE_OUTER_BOUND('',#321,.T.);
#213=FACE_OUTER_BOUND('',#322,.T.);
#214=FACE_OUTER_BOUND('',#323,.T.);
#215=FACE_OUTER_BOUND('',#324,.T.);
#216=FACE_OUTER_BOUND('',#325,.T.);
#217=FACE_OUTER_BOUND('',#326,.T.);
#218=FACE_OUTER_BOUND('',#327,.T.);
#219=FACE_OUTER_BOUND('',#328,.T.);
#220=FACE_OUTER_BOUND('',#329,.T.);
#221=FACE_OUTER_BOUND('',#330,.T.);
#222=FACE_OUTER_BOUND('',#331,.T.);
#223=FACE_OUTER_BOUND('',#332,.T.);
#224=FACE_OUTER_BOUND('',#333,.T.);
#225=FACE_OUTER_BOUND('',#334,.T.);
#226=FACE_OUTER_BOUND('',#335,.T.);
#227=FACE_OUTER_BOUND('',#336,.T.);
#228=FACE_OUTER_BOUND('',#337,.T.);
#229=FACE_OUTER_BOUND('',#338,.T.);
#230=FACE_OUTER_BOUND('',#339,.T.);
#231=FACE_OUTER_BOUND('',#340,.T.);
#232=FACE_OUTER_BOUND('',#341,.T.);
#233=FACE_OUTER_BOUND('',#342,.T.);
#234=FACE_OUTER_BOUND('',#343,.T.);
#235=FACE_OUTER_BOUND('',#344,.T.);
#236=FACE_OUTER_BOUND('',#345,.T.);
#237=FACE_OUTER_BOUND('',#346,.T.);
#238=FACE_OUTER_BOUND('',#347,.T.);
#239=FACE_OUTER_BOUND('',#348,.T.);
#240=FACE_OUTER_BOUND('',#350,.T.);
#241=FACE_OUTER_BOUND('',#352,.T.);
#242=FACE_OUTER_BOUND('',#353,.T.);
#243=FACE_OUTER_BOUND('',#354,.T.);
#244=FACE_OUTER_BOUND('',#356,.T.);
#245=FACE_OUTER_BOUND('',#359,.T.);
#246=FACE_OUTER_BOUND('',#360,.T.);
#247=FACE_OUTER_BOUND('',#362,.T.);
#248=FACE_OUTER_BOUND('',#363,.T.);
#249=FACE_OUTER_BOUND('',#365,.T.);
#250=FACE_OUTER_BOUND('',#366,.T.);
#251=FACE_OUTER_BOUND('',#368,.T.);
#252=FACE_OUTER_BOUND('',#370,.T.);
#253=FACE_OUTER_BOUND('',#371,.T.);
#254=FACE_OUTER_BOUND('',#372,.T.);
#255=FACE_OUTER_BOUND('',#373,.T.);
#256=FACE_OUTER_BOUND('',#374,.T.);
#257=FACE_OUTER_BOUND('',#375,.T.);
#258=FACE_OUTER_BOUND('',#376,.T.);
#259=FACE_OUTER_BOUND('',#377,.T.);
#260=FACE_OUTER_BOUND('',#378,.T.);
#261=FACE_OUTER_BOUND('',#379,.T.);
#262=FACE_OUTER_BOUND('',#380,.T.);
#263=FACE_OUTER_BOUND('',#381,.T.);
#264=FACE_OUTER_BOUND('',#382,.T.);
#265=FACE_OUTER_BOUND('',#383,.T.);
#266=FACE_OUTER_BOUND('',#384,.T.);
#267=FACE_OUTER_BOUND('',#385,.T.);
#268=FACE_OUTER_BOUND('',#386,.T.);
#269=FACE_OUTER_BOUND('',#387,.T.);
#270=FACE_OUTER_BOUND('',#388,.T.);
#271=FACE_OUTER_BOUND('',#389,.T.);
#272=FACE_OUTER_BOUND('',#390,.T.);
#273=FACE_OUTER_BOUND('',#391,.T.);
#274=FACE_OUTER_BOUND('',#392,.T.);
#275=FACE_OUTER_BOUND('',#393,.T.);
#276=FACE_OUTER_BOUND('',#394,.T.);
#277=FACE_OUTER_BOUND('',#395,.T.);
#278=FACE_OUTER_BOUND('',#396,.T.);
#279=FACE_OUTER_BOUND('',#397,.T.);
#280=FACE_OUTER_BOUND('',#398,.T.);
#281=FACE_OUTER_BOUND('',#399,.T.);
#282=FACE_OUTER_BOUND('',#400,.T.);
#283=FACE_OUTER_BOUND('',#401,.T.);
#284=FACE_OUTER_BOUND('',#402,.T.);
#285=FACE_OUTER_BOUND('',#403,.T.);
#286=FACE_OUTER_BOUND('',#404,.T.);
#287=FACE_OUTER_BOUND('',#405,.T.);
#288=FACE_OUTER_BOUND('',#406,.T.);
#289=FACE_OUTER_BOUND('',#407,.T.);
#290=FACE_OUTER_BOUND('',#408,.T.);
#291=FACE_OUTER_BOUND('',#409,.T.);
#292=FACE_OUTER_BOUND('',#410,.T.);
#293=FACE_OUTER_BOUND('',#411,.T.);
#294=FACE_OUTER_BOUND('',#412,.T.);
#295=FACE_OUTER_BOUND('',#413,.T.);
#296=FACE_OUTER_BOUND('',#414,.T.);
#297=FACE_OUTER_BOUND('',#415,.T.);
#298=FACE_OUTER_BOUND('',#416,.T.);
#299=FACE_OUTER_BOUND('',#417,.T.);
#300=FACE_OUTER_BOUND('',#418,.T.);
#301=FACE_OUTER_BOUND('',#419,.T.);
#302=FACE_OUTER_BOUND('',#420,.T.);
#303=FACE_OUTER_BOUND('',#421,.T.);
#304=FACE_OUTER_BOUND('',#422,.T.);
#305=FACE_OUTER_BOUND('',#423,.T.);
#306=FACE_OUTER_BOUND('',#424,.T.);
#307=FACE_OUTER_BOUND('',#425,.T.);
#308=FACE_OUTER_BOUND('',#426,.T.);
#309=FACE_OUTER_BOUND('',#427,.T.);
#310=FACE_OUTER_BOUND('',#428,.T.);
#311=FACE_OUTER_BOUND('',#429,.T.);
#312=FACE_OUTER_BOUND('',#430,.T.);
#313=FACE_OUTER_BOUND('',#431,.T.);
#314=FACE_OUTER_BOUND('',#432,.T.);
#315=FACE_OUTER_BOUND('',#433,.T.);
#316=EDGE_LOOP('',(#1168,#1169,#1170,#1171));
#317=EDGE_LOOP('',(#1172,#1173,#1174,#1175));
#318=EDGE_LOOP('',(#1176,#1177,#1178,#1179));
#319=EDGE_LOOP('',(#1180,#1181,#1182,#1183));
#320=EDGE_LOOP('',(#1184,#1185,#1186,#1187));
#321=EDGE_LOOP('',(#1188,#1189,#1190,#1191));
#322=EDGE_LOOP('',(#1192,#1193,#1194,#1195));
#323=EDGE_LOOP('',(#1196,#1197,#1198,#1199));
#324=EDGE_LOOP('',(#1200,#1201,#1202,#1203));
#325=EDGE_LOOP('',(#1204,#1205,#1206,#1207));
#326=EDGE_LOOP('',(#1208,#1209,#1210,#1211));
#327=EDGE_LOOP('',(#1212,#1213,#1214,#1215));
#328=EDGE_LOOP('',(#1216,#1217,#1218,#1219));
#329=EDGE_LOOP('',(#1220,#1221,#1222,#1223));
#330=EDGE_LOOP('',(#1224,#1225,#1226,#1227));
#331=EDGE_LOOP('',(#1228,#1229,#1230,#1231));
#332=EDGE_LOOP('',(#1232,#1233,#1234,#1235));
#333=EDGE_LOOP('',(#1236,#1237,#1238,#1239));
#334=EDGE_LOOP('',(#1240,#1241,#1242,#1243,#1244,#1245,#1246,#1247));
#335=EDGE_LOOP('',(#1248,#1249,#1250,#1251,#1252,#1253,#1254,#1255));
#336=EDGE_LOOP('',(#1256,#1257,#1258,#1259));
#337=EDGE_LOOP('',(#1260,#1261,#1262,#1263));
#338=EDGE_LOOP('',(#1264,#1265,#1266,#1267));
#339=EDGE_LOOP('',(#1268,#1269,#1270,#1271));
#340=EDGE_LOOP('',(#1272,#1273,#1274,#1275));
#341=EDGE_LOOP('',(#1276,#1277,#1278,#1279));
#342=EDGE_LOOP('',(#1280,#1281,#1282,#1283));
#343=EDGE_LOOP('',(#1284,#1285,#1286,#1287,#1288,#1289,#1290,#1291));
#344=EDGE_LOOP('',(#1292,#1293,#1294,#1295));
#345=EDGE_LOOP('',(#1296,#1297,#1298,#1299,#1300,#1301,#1302,#1303));
#346=EDGE_LOOP('',(#1304,#1305,#1306,#1307));
#347=EDGE_LOOP('',(#1308,#1309,#1310,#1311));
#348=EDGE_LOOP('',(#1312));
#349=EDGE_LOOP('',(#1313));
#350=EDGE_LOOP('',(#1314,#1315,#1316,#1317));
#351=EDGE_LOOP('',(#1318,#1319,#1320,#1321));
#352=EDGE_LOOP('',(#1322,#1323,#1324,#1325));
#353=EDGE_LOOP('',(#1326,#1327,#1328,#1329));
#354=EDGE_LOOP('',(#1330));
#355=EDGE_LOOP('',(#1331));
#356=EDGE_LOOP('',(#1332,#1333,#1334,#1335,#1336,#1337,#1338,#1339,#1340,
#1341,#1342,#1343,#1344,#1345));
#357=EDGE_LOOP('',(#1346));
#358=EDGE_LOOP('',(#1347));
#359=EDGE_LOOP('',(#1348,#1349,#1350,#1351));
#360=EDGE_LOOP('',(#1352,#1353,#1354,#1355,#1356,#1357,#1358));
#361=EDGE_LOOP('',(#1359));
#362=EDGE_LOOP('',(#1360,#1361,#1362,#1363,#1364));
#363=EDGE_LOOP('',(#1365,#1366,#1367,#1368,#1369));
#364=EDGE_LOOP('',(#1370));
#365=EDGE_LOOP('',(#1371,#1372,#1373,#1374,#1375,#1376,#1377,#1378,#1379,
#1380,#1381,#1382,#1383,#1384,#1385,#1386,#1387,#1388));
#366=EDGE_LOOP('',(#1389,#1390,#1391,#1392,#1393));
#367=EDGE_LOOP('',(#1394));
#368=EDGE_LOOP('',(#1395,#1396,#1397,#1398,#1399));
#369=EDGE_LOOP('',(#1400));
#370=EDGE_LOOP('',(#1401,#1402,#1403,#1404));
#371=EDGE_LOOP('',(#1405,#1406,#1407,#1408));
#372=EDGE_LOOP('',(#1409,#1410,#1411,#1412));
#373=EDGE_LOOP('',(#1413,#1414,#1415,#1416,#1417,#1418,#1419,#1420,#1421,
#1422,#1423,#1424,#1425,#1426,#1427,#1428,#1429,#1430));
#374=EDGE_LOOP('',(#1431,#1432,#1433,#1434));
#375=EDGE_LOOP('',(#1435,#1436,#1437,#1438,#1439,#1440,#1441,#1442));
#376=EDGE_LOOP('',(#1443,#1444,#1445,#1446,#1447));
#377=EDGE_LOOP('',(#1448,#1449,#1450,#1451,#1452,#1453,#1454));
#378=EDGE_LOOP('',(#1455,#1456,#1457,#1458,#1459,#1460,#1461,#1462,#1463,
#1464));
#379=EDGE_LOOP('',(#1465,#1466,#1467,#1468,#1469));
#380=EDGE_LOOP('',(#1470,#1471,#1472,#1473,#1474));
#381=EDGE_LOOP('',(#1475,#1476,#1477,#1478));
#382=EDGE_LOOP('',(#1479,#1480,#1481,#1482));
#383=EDGE_LOOP('',(#1483,#1484,#1485,#1486,#1487));
#384=EDGE_LOOP('',(#1488,#1489,#1490,#1491,#1492));
#385=EDGE_LOOP('',(#1493,#1494,#1495,#1496,#1497,#1498,#1499,#1500,#1501,
#1502,#1503,#1504));
#386=EDGE_LOOP('',(#1505,#1506,#1507,#1508));
#387=EDGE_LOOP('',(#1509,#1510,#1511,#1512,#1513,#1514));
#388=EDGE_LOOP('',(#1515,#1516,#1517,#1518));
#389=EDGE_LOOP('',(#1519,#1520,#1521,#1522,#1523,#1524));
#390=EDGE_LOOP('',(#1525,#1526,#1527,#1528));
#391=EDGE_LOOP('',(#1529,#1530,#1531,#1532,#1533,#1534));
#392=EDGE_LOOP('',(#1535,#1536,#1537,#1538));
#393=EDGE_LOOP('',(#1539,#1540,#1541,#1542,#1543,#1544));
#394=EDGE_LOOP('',(#1545,#1546,#1547,#1548));
#395=EDGE_LOOP('',(#1549,#1550,#1551,#1552));
#396=EDGE_LOOP('',(#1553,#1554,#1555,#1556));
#397=EDGE_LOOP('',(#1557,#1558,#1559,#1560));
#398=EDGE_LOOP('',(#1561,#1562,#1563,#1564));
#399=EDGE_LOOP('',(#1565,#1566,#1567));
#400=EDGE_LOOP('',(#1568,#1569,#1570));
#401=EDGE_LOOP('',(#1571,#1572,#1573,#1574));
#402=EDGE_LOOP('',(#1575,#1576,#1577,#1578));
#403=EDGE_LOOP('',(#1579,#1580,#1581,#1582));
#404=EDGE_LOOP('',(#1583,#1584,#1585,#1586));
#405=EDGE_LOOP('',(#1587,#1588,#1589,#1590));
#406=EDGE_LOOP('',(#1591,#1592,#1593,#1594));
#407=EDGE_LOOP('',(#1595,#1596,#1597,#1598));
#408=EDGE_LOOP('',(#1599,#1600,#1601,#1602));
#409=EDGE_LOOP('',(#1603,#1604,#1605));
#410=EDGE_LOOP('',(#1606,#1607,#1608));
#411=EDGE_LOOP('',(#1609,#1610,#1611));
#412=EDGE_LOOP('',(#1612,#1613,#1614));
#413=EDGE_LOOP('',(#1615,#1616,#1617,#1618));
#414=EDGE_LOOP('',(#1619,#1620,#1621,#1622));
#415=EDGE_LOOP('',(#1623,#1624,#1625,#1626));
#416=EDGE_LOOP('',(#1627,#1628,#1629,#1630));
#417=EDGE_LOOP('',(#1631,#1632,#1633));
#418=EDGE_LOOP('',(#1634,#1635,#1636));
#419=EDGE_LOOP('',(#1637,#1638,#1639,#1640));
#420=EDGE_LOOP('',(#1641,#1642,#1643,#1644));
#421=EDGE_LOOP('',(#1645,#1646,#1647));
#422=EDGE_LOOP('',(#1648,#1649,#1650,#1651));
#423=EDGE_LOOP('',(#1652,#1653,#1654,#1655));
#424=EDGE_LOOP('',(#1656,#1657,#1658,#1659));
#425=EDGE_LOOP('',(#1660,#1661,#1662,#1663));
#426=EDGE_LOOP('',(#1664,#1665,#1666,#1667));
#427=EDGE_LOOP('',(#1668,#1669,#1670,#1671));
#428=EDGE_LOOP('',(#1672,#1673,#1674,#1675));
#429=EDGE_LOOP('',(#1676,#1677,#1678,#1679));
#430=EDGE_LOOP('',(#1680,#1681,#1682,#1683));
#431=EDGE_LOOP('',(#1684,#1685,#1686,#1687));
#432=EDGE_LOOP('',(#1688));
#433=EDGE_LOOP('',(#1689));
#434=LINE('',#2668,#592);
#435=LINE('',#2670,#593);
#436=LINE('',#2672,#594);
#437=LINE('',#2673,#595);
#438=LINE('',#2676,#596);
#439=LINE('',#2678,#597);
#440=LINE('',#2679,#598);
#441=LINE('',#2682,#599);
#442=LINE('',#2684,#600);
#443=LINE('',#2685,#601);
#444=LINE('',#2687,#602);
#445=LINE('',#2688,#603);
#446=LINE('',#2694,#604);
#447=LINE('',#2696,#605);
#448=LINE('',#2698,#606);
#449=LINE('',#2699,#607);
#450=LINE('',#2702,#608);
#451=LINE('',#2704,#609);
#452=LINE('',#2705,#610);
#453=LINE('',#2708,#611);
#454=LINE('',#2710,#612);
#455=LINE('',#2711,#613);
#456=LINE('',#2713,#614);
#457=LINE('',#2714,#615);
#458=LINE('',#2764,#616);
#459=LINE('',#2782,#617);
#460=LINE('',#2791,#618);
#461=LINE('',#2795,#619);
#462=LINE('',#2801,#620);
#463=LINE('',#2807,#621);
#464=LINE('',#2810,#622);
#465=LINE('',#2812,#623);
#466=LINE('',#2814,#624);
#467=LINE('',#2820,#625);
#468=LINE('',#2824,#626);
#469=LINE('',#2828,#627);
#470=LINE('',#2831,#628);
#471=LINE('',#2833,#629);
#472=LINE('',#2839,#630);
#473=LINE('',#2843,#631);
#474=LINE('',#2847,#632);
#475=LINE('',#2850,#633);
#476=LINE('',#2854,#634);
#477=LINE('',#2858,#635);
#478=LINE('',#2863,#636);
#479=LINE('',#2865,#637);
#480=LINE('',#2867,#638);
#481=LINE('',#2868,#639);
#482=LINE('',#2871,#640);
#483=LINE('',#2873,#641);
#484=LINE('',#2875,#642);
#485=LINE('',#2876,#643);
#486=LINE('',#2879,#644);
#487=LINE('',#2881,#645);
#488=LINE('',#2882,#646);
#489=LINE('',#2885,#647);
#490=LINE('',#2887,#648);
#491=LINE('',#2888,#649);
#492=LINE('',#2893,#650);
#493=LINE('',#2895,#651);
#494=LINE('',#2897,#652);
#495=LINE('',#2900,#653);
#496=LINE('',#2902,#654);
#497=LINE('',#2904,#655);
#498=LINE('',#2906,#656);
#499=LINE('',#2915,#657);
#500=LINE('',#2921,#658);
#501=LINE('',#2923,#659);
#502=LINE('',#2925,#660);
#503=LINE('',#2926,#661);
#504=LINE('',#2930,#662);
#505=LINE('',#2934,#663);
#506=LINE('',#2936,#664);
#507=LINE('',#2938,#665);
#508=LINE('',#2940,#666);
#509=LINE('',#2941,#667);
#510=LINE('',#2945,#668);
#511=LINE('',#2947,#669);
#512=LINE('',#2949,#670);
#513=LINE('',#2951,#671);
#514=LINE('',#2952,#672);
#515=LINE('',#2957,#673);
#516=LINE('',#2959,#674);
#517=LINE('',#2964,#675);
#518=LINE('',#2966,#676);
#519=LINE('',#2968,#677);
#520=LINE('',#2972,#678);
#521=LINE('',#2974,#679);
#522=LINE('',#2976,#680);
#523=LINE('',#2978,#681);
#524=LINE('',#2987,#682);
#525=LINE('',#2989,#683);
#526=LINE('',#2991,#684);
#527=LINE('',#2993,#685);
#528=LINE('',#2995,#686);
#529=LINE('',#2997,#687);
#530=LINE('',#2998,#688);
#531=LINE('',#3002,#689);
#532=LINE('',#3008,#690);
#533=LINE('',#3011,#691);
#534=LINE('',#3012,#692);
#535=LINE('',#3014,#693);
#536=LINE('',#3015,#694);
#537=LINE('',#3019,#695);
#538=LINE('',#3021,#696);
#539=LINE('',#3023,#697);
#540=LINE('',#3024,#698);
#541=LINE('',#3030,#699);
#542=LINE('',#3032,#700);
#543=LINE('',#3034,#701);
#544=LINE('',#3038,#702);
#545=LINE('',#3040,#703);
#546=LINE('',#3041,#704);
#547=LINE('',#3043,#705);
#548=LINE('',#3045,#706);
#549=LINE('',#3046,#707);
#550=LINE('',#3048,#708);
#551=LINE('',#3050,#709);
#552=LINE('',#3052,#710);
#553=LINE('',#3054,#711);
#554=LINE('',#3055,#712);
#555=LINE('',#3058,#713);
#556=LINE('',#3060,#714);
#557=LINE('',#3061,#715);
#558=LINE('',#3063,#716);
#559=LINE('',#3065,#717);
#560=LINE('',#3066,#718);
#561=LINE('',#3068,#719);
#562=LINE('',#3069,#720);
#563=LINE('',#3073,#721);
#564=LINE('',#3074,#722);
#565=LINE('',#3077,#723);
#566=LINE('',#3078,#724);
#567=LINE('',#3080,#725);
#568=LINE('',#3081,#726);
#569=LINE('',#3083,#727);
#570=LINE('',#3085,#728);
#571=LINE('',#3089,#729);
#572=LINE('',#3090,#730);
#573=LINE('',#3092,#731);
#574=LINE('',#3093,#732);
#575=LINE('',#3096,#733);
#576=LINE('',#3098,#734);
#577=LINE('',#3099,#735);
#578=LINE('',#3101,#736);
#579=LINE('',#3103,#737);
#580=LINE('',#3104,#738);
#581=LINE('',#3107,#739);
#582=LINE('',#3109,#740);
#583=LINE('',#3110,#741);
#584=LINE('',#3112,#742);
#585=LINE('',#3114,#743);
#586=LINE('',#3118,#744);
#587=LINE('',#3120,#745);
#588=LINE('',#3121,#746);
#589=LINE('',#3123,#747);
#590=LINE('',#3125,#748);
#591=LINE('',#3237,#749);
#592=VECTOR('',#2091,1000.);
#593=VECTOR('',#2092,1000.);
#594=VECTOR('',#2093,1000.);
#595=VECTOR('',#2094,1000.);
#596=VECTOR('',#2097,1000.);
#597=VECTOR('',#2098,1000.);
#598=VECTOR('',#2099,1000.);
#599=VECTOR('',#2102,1000.);
#600=VECTOR('',#2103,1000.);
#601=VECTOR('',#2104,1000.);
#602=VECTOR('',#2107,1000.);
#603=VECTOR('',#2108,1000.);
#604=VECTOR('',#2115,1000.);
#605=VECTOR('',#2116,1000.);
#606=VECTOR('',#2117,1000.);
#607=VECTOR('',#2118,1000.);
#608=VECTOR('',#2121,1000.);
#609=VECTOR('',#2122,1000.);
#610=VECTOR('',#2123,1000.);
#611=VECTOR('',#2126,1000.);
#612=VECTOR('',#2127,1000.);
#613=VECTOR('',#2128,1000.);
#614=VECTOR('',#2131,1000.);
#615=VECTOR('',#2132,1000.);
#616=VECTOR('',#2191,4.6642135623731);
#617=VECTOR('',#2202,4.66421356237311);
#618=VECTOR('',#2209,4.25);
#619=VECTOR('',#2214,4.25000000000001);
#620=VECTOR('',#2221,3.25);
#621=VECTOR('',#2228,3.25);
#622=VECTOR('',#2233,6.);
#623=VECTOR('',#2236,6.);
#624=VECTOR('',#2239,4.05);
#625=VECTOR('',#2244,1000.);
#626=VECTOR('',#2247,1000.);
#627=VECTOR('',#2250,1000.);
#628=VECTOR('',#2253,1000.);
#629=VECTOR('',#2256,4.05);
#630=VECTOR('',#2261,1000.);
#631=VECTOR('',#2264,1000.);
#632=VECTOR('',#2267,1000.);
#633=VECTOR('',#2270,1000.);
#634=VECTOR('',#2275,3.25);
#635=VECTOR('',#2280,3.25);
#636=VECTOR('',#2285,1000.);
#637=VECTOR('',#2286,1000.);
#638=VECTOR('',#2287,1000.);
#639=VECTOR('',#2288,1000.);
#640=VECTOR('',#2289,1000.);
#641=VECTOR('',#2290,1000.);
#642=VECTOR('',#2291,1000.);
#643=VECTOR('',#2292,1000.);
#644=VECTOR('',#2295,1000.);
#645=VECTOR('',#2296,1000.);
#646=VECTOR('',#2297,1000.);
#647=VECTOR('',#2300,1000.);
#648=VECTOR('',#2301,1000.);
#649=VECTOR('',#2302,1000.);
#650=VECTOR('',#2307,1000.);
#651=VECTOR('',#2308,1000.);
#652=VECTOR('',#2309,1000.);
#653=VECTOR('',#2312,1000.);
#654=VECTOR('',#2313,1000.);
#655=VECTOR('',#2314,1000.);
#656=VECTOR('',#2315,1000.);
#657=VECTOR('',#2316,1000.);
#658=VECTOR('',#2323,1000.);
#659=VECTOR('',#2324,1000.);
#660=VECTOR('',#2325,1000.);
#661=VECTOR('',#2326,1000.);
#662=VECTOR('',#2329,1000.);
#663=VECTOR('',#2332,1000.);
#664=VECTOR('',#2333,1000.);
#665=VECTOR('',#2334,1000.);
#666=VECTOR('',#2335,1000.);
#667=VECTOR('',#2336,1000.);
#668=VECTOR('',#2339,1000.);
#669=VECTOR('',#2340,1000.);
#670=VECTOR('',#2341,1000.);
#671=VECTOR('',#2342,1000.);
#672=VECTOR('',#2343,1000.);
#673=VECTOR('',#2348,1000.);
#674=VECTOR('',#2349,1000.);
#675=VECTOR('',#2354,1000.);
#676=VECTOR('',#2355,1000.);
#677=VECTOR('',#2356,1000.);
#678=VECTOR('',#2359,1000.);
#679=VECTOR('',#2360,1000.);
#680=VECTOR('',#2361,1000.);
#681=VECTOR('',#2362,1000.);
#682=VECTOR('',#2363,1000.);
#683=VECTOR('',#2364,1000.);
#684=VECTOR('',#2365,1000.);
#685=VECTOR('',#2366,1000.);
#686=VECTOR('',#2367,1000.);
#687=VECTOR('',#2368,1000.);
#688=VECTOR('',#2369,1000.);
#689=VECTOR('',#2374,1000.);
#690=VECTOR('',#2383,1000.);
#691=VECTOR('',#2388,1000.);
#692=VECTOR('',#2389,1000.);
#693=VECTOR('',#2392,1000.);
#694=VECTOR('',#2393,1000.);
#695=VECTOR('',#2396,1000.);
#696=VECTOR('',#2397,1000.);
#697=VECTOR('',#2398,1000.);
#698=VECTOR('',#2399,1000.);
#699=VECTOR('',#2404,1000.);
#700=VECTOR('',#2405,1000.);
#701=VECTOR('',#2406,1000.);
#702=VECTOR('',#2409,1000.);
#703=VECTOR('',#2410,1000.);
#704=VECTOR('',#2411,1000.);
#705=VECTOR('',#2412,1000.);
#706=VECTOR('',#2413,1000.);
#707=VECTOR('',#2414,1000.);
#708=VECTOR('',#2415,1000.);
#709=VECTOR('',#2416,1000.);
#710=VECTOR('',#2417,1000.);
#711=VECTOR('',#2418,1000.);
#712=VECTOR('',#2419,1000.);
#713=VECTOR('',#2422,1000.);
#714=VECTOR('',#2423,1000.);
#715=VECTOR('',#2424,1000.);
#716=VECTOR('',#2427,1000.);
#717=VECTOR('',#2428,1000.);
#718=VECTOR('',#2429,1000.);
#719=VECTOR('',#2432,1000.);
#720=VECTOR('',#2433,1000.);
#721=VECTOR('',#2438,1000.);
#722=VECTOR('',#2439,1000.);
#723=VECTOR('',#2442,1000.);
#724=VECTOR('',#2443,1000.);
#725=VECTOR('',#2444,1000.);
#726=VECTOR('',#2445,1000.);
#727=VECTOR('',#2448,1000.);
#728=VECTOR('',#2451,1000.);
#729=VECTOR('',#2458,1000.);
#730=VECTOR('',#2459,1000.);
#731=VECTOR('',#2462,1000.);
#732=VECTOR('',#2463,1000.);
#733=VECTOR('',#2466,1000.);
#734=VECTOR('',#2467,1000.);
#735=VECTOR('',#2468,1000.);
#736=VECTOR('',#2469,1000.);
#737=VECTOR('',#2470,1000.);
#738=VECTOR('',#2471,1000.);
#739=VECTOR('',#2474,1000.);
#740=VECTOR('',#2475,1000.);
#741=VECTOR('',#2476,1000.);
#742=VECTOR('',#2479,1000.);
#743=VECTOR('',#2482,1000.);
#744=VECTOR('',#2487,1000.);
#745=VECTOR('',#2488,1000.);
#746=VECTOR('',#2489,1000.);
#747=VECTOR('',#2492,1000.);
#748=VECTOR('',#2495,1000.);
#749=VECTOR('',#2650,4.);
#750=VERTEX_POINT('',#2666);
#751=VERTEX_POINT('',#2667);
#752=VERTEX_POINT('',#2669);
#753=VERTEX_POINT('',#2671);
#754=VERTEX_POINT('',#2675);
#755=VERTEX_POINT('',#2677);
#756=VERTEX_POINT('',#2681);
#757=VERTEX_POINT('',#2683);
#758=VERTEX_POINT('',#2692);
#759=VERTEX_POINT('',#2693);
#760=VERTEX_POINT('',#2695);
#761=VERTEX_POINT('',#2697);
#762=VERTEX_POINT('',#2701);
#763=VERTEX_POINT('',#2703);
#764=VERTEX_POINT('',#2707);
#765=VERTEX_POINT('',#2709);
#766=VERTEX_POINT('',#2718);
#767=VERTEX_POINT('',#2720);
#768=VERTEX_POINT('',#2724);
#769=VERTEX_POINT('',#2726);
#770=VERTEX_POINT('',#2730);
#771=VERTEX_POINT('',#2732);
#772=VERTEX_POINT('',#2736);
#773=VERTEX_POINT('',#2738);
#774=VERTEX_POINT('',#2742);
#775=VERTEX_POINT('',#2744);
#776=VERTEX_POINT('',#2748);
#777=VERTEX_POINT('',#2750);
#778=VERTEX_POINT('',#2754);
#779=VERTEX_POINT('',#2755);
#780=VERTEX_POINT('',#2757);
#781=VERTEX_POINT('',#2761);
#782=VERTEX_POINT('',#2763);
#783=VERTEX_POINT('',#2766);
#784=VERTEX_POINT('',#2772);
#785=VERTEX_POINT('',#2773);
#786=VERTEX_POINT('',#2775);
#787=VERTEX_POINT('',#2779);
#788=VERTEX_POINT('',#2781);
#789=VERTEX_POINT('',#2784);
#790=VERTEX_POINT('',#2790);
#791=VERTEX_POINT('',#2794);
#792=VERTEX_POINT('',#2798);
#793=VERTEX_POINT('',#2800);
#794=VERTEX_POINT('',#2804);
#795=VERTEX_POINT('',#2806);
#796=VERTEX_POINT('',#2816);
#797=VERTEX_POINT('',#2817);
#798=VERTEX_POINT('',#2819);
#799=VERTEX_POINT('',#2821);
#800=VERTEX_POINT('',#2823);
#801=VERTEX_POINT('',#2825);
#802=VERTEX_POINT('',#2827);
#803=VERTEX_POINT('',#2829);
#804=VERTEX_POINT('',#2835);
#805=VERTEX_POINT('',#2836);
#806=VERTEX_POINT('',#2838);
#807=VERTEX_POINT('',#2840);
#808=VERTEX_POINT('',#2842);
#809=VERTEX_POINT('',#2844);
#810=VERTEX_POINT('',#2846);
#811=VERTEX_POINT('',#2848);
#812=VERTEX_POINT('',#2852);
#813=VERTEX_POINT('',#2856);
#814=VERTEX_POINT('',#2861);
#815=VERTEX_POINT('',#2862);
#816=VERTEX_POINT('',#2864);
#817=VERTEX_POINT('',#2866);
#818=VERTEX_POINT('',#2869);
#819=VERTEX_POINT('',#2870);
#820=VERTEX_POINT('',#2872);
#821=VERTEX_POINT('',#2874);
#822=VERTEX_POINT('',#2878);
#823=VERTEX_POINT('',#2880);
#824=VERTEX_POINT('',#2884);
#825=VERTEX_POINT('',#2886);
#826=VERTEX_POINT('',#2891);
#827=VERTEX_POINT('',#2892);
#828=VERTEX_POINT('',#2894);
#829=VERTEX_POINT('',#2896);
#830=VERTEX_POINT('',#2899);
#831=VERTEX_POINT('',#2901);
#832=VERTEX_POINT('',#2903);
#833=VERTEX_POINT('',#2905);
#834=VERTEX_POINT('',#2907);
#835=VERTEX_POINT('',#2914);
#836=VERTEX_POINT('',#2919);
#837=VERTEX_POINT('',#2920);
#838=VERTEX_POINT('',#2922);
#839=VERTEX_POINT('',#2924);
#840=VERTEX_POINT('',#2928);
#841=VERTEX_POINT('',#2929);
#842=VERTEX_POINT('',#2931);
#843=VERTEX_POINT('',#2933);
#844=VERTEX_POINT('',#2935);
#845=VERTEX_POINT('',#2937);
#846=VERTEX_POINT('',#2939);
#847=VERTEX_POINT('',#2943);
#848=VERTEX_POINT('',#2944);
#849=VERTEX_POINT('',#2946);
#850=VERTEX_POINT('',#2948);
#851=VERTEX_POINT('',#2950);
#852=VERTEX_POINT('',#2954);
#853=VERTEX_POINT('',#2956);
#854=VERTEX_POINT('',#2958);
#855=VERTEX_POINT('',#2962);
#856=VERTEX_POINT('',#2963);
#857=VERTEX_POINT('',#2965);
#858=VERTEX_POINT('',#2967);
#859=VERTEX_POINT('',#2969);
#860=VERTEX_POINT('',#2971);
#861=VERTEX_POINT('',#2973);
#862=VERTEX_POINT('',#2975);
#863=VERTEX_POINT('',#2977);
#864=VERTEX_POINT('',#2979);
#865=VERTEX_POINT('',#2986);
#866=VERTEX_POINT('',#2988);
#867=VERTEX_POINT('',#2990);
#868=VERTEX_POINT('',#2992);
#869=VERTEX_POINT('',#2994);
#870=VERTEX_POINT('',#2996);
#871=VERTEX_POINT('',#3001);
#872=VERTEX_POINT('',#3006);
#873=VERTEX_POINT('',#3017);
#874=VERTEX_POINT('',#3018);
#875=VERTEX_POINT('',#3020);
#876=VERTEX_POINT('',#3022);
#877=VERTEX_POINT('',#3026);
#878=VERTEX_POINT('',#3027);
#879=VERTEX_POINT('',#3029);
#880=VERTEX_POINT('',#3031);
#881=VERTEX_POINT('',#3033);
#882=VERTEX_POINT('',#3035);
#883=VERTEX_POINT('',#3037);
#884=VERTEX_POINT('',#3039);
#885=VERTEX_POINT('',#3042);
#886=VERTEX_POINT('',#3044);
#887=VERTEX_POINT('',#3047);
#888=VERTEX_POINT('',#3049);
#889=VERTEX_POINT('',#3051);
#890=VERTEX_POINT('',#3053);
#891=VERTEX_POINT('',#3057);
#892=VERTEX_POINT('',#3059);
#893=VERTEX_POINT('',#3064);
#894=VERTEX_POINT('',#3072);
#895=VERTEX_POINT('',#3076);
#896=VERTEX_POINT('',#3079);
#897=VERTEX_POINT('',#3095);
#898=VERTEX_POINT('',#3097);
#899=VERTEX_POINT('',#3100);
#900=VERTEX_POINT('',#3102);
#901=VERTEX_POINT('',#3106);
#902=VERTEX_POINT('',#3108);
#903=VERTEX_POINT('',#3117);
#904=VERTEX_POINT('',#3119);
#905=VERTEX_POINT('',#3234);
#906=VERTEX_POINT('',#3236);
#907=EDGE_CURVE('',#750,#751,#434,.T.);
#908=EDGE_CURVE('',#752,#750,#435,.T.);
#909=EDGE_CURVE('',#752,#753,#436,.T.);
#910=EDGE_CURVE('',#753,#751,#437,.T.);
#911=EDGE_CURVE('',#754,#750,#438,.T.);
#912=EDGE_CURVE('',#755,#754,#439,.T.);
#913=EDGE_CURVE('',#755,#752,#440,.T.);
#914=EDGE_CURVE('',#756,#754,#441,.T.);
#915=EDGE_CURVE('',#757,#756,#442,.T.);
#916=EDGE_CURVE('',#757,#755,#443,.T.);
#917=EDGE_CURVE('',#751,#756,#444,.T.);
#918=EDGE_CURVE('',#753,#757,#445,.T.);
#919=EDGE_CURVE('',#758,#759,#446,.T.);
#920=EDGE_CURVE('',#760,#758,#447,.T.);
#921=EDGE_CURVE('',#760,#761,#448,.T.);
#922=EDGE_CURVE('',#761,#759,#449,.T.);
#923=EDGE_CURVE('',#762,#758,#450,.T.);
#924=EDGE_CURVE('',#763,#762,#451,.T.);
#925=EDGE_CURVE('',#763,#760,#452,.T.);
#926=EDGE_CURVE('',#764,#762,#453,.T.);
#927=EDGE_CURVE('',#765,#764,#454,.T.);
#928=EDGE_CURVE('',#765,#763,#455,.T.);
#929=EDGE_CURVE('',#759,#764,#456,.T.);
#930=EDGE_CURVE('',#761,#765,#457,.T.);
#931=EDGE_CURVE('',#766,#766,#96,.T.);
#932=EDGE_CURVE('',#766,#767,#97,.T.);
#933=EDGE_CURVE('',#767,#767,#98,.T.);
#934=EDGE_CURVE('',#768,#768,#99,.T.);
#935=EDGE_CURVE('',#768,#769,#100,.T.);
#936=EDGE_CURVE('',#769,#769,#101,.T.);
#937=EDGE_CURVE('',#770,#770,#102,.T.);
#938=EDGE_CURVE('',#770,#771,#103,.T.);
#939=EDGE_CURVE('',#771,#771,#104,.T.);
#940=EDGE_CURVE('',#772,#772,#105,.T.);
#941=EDGE_CURVE('',#772,#773,#106,.T.);
#942=EDGE_CURVE('',#773,#773,#107,.T.);
#943=EDGE_CURVE('',#774,#774,#108,.T.);
#944=EDGE_CURVE('',#774,#775,#109,.T.);
#945=EDGE_CURVE('',#775,#775,#110,.T.);
#946=EDGE_CURVE('',#776,#776,#111,.T.);
#947=EDGE_CURVE('',#776,#777,#112,.T.);
#948=EDGE_CURVE('',#777,#777,#113,.T.);
#949=EDGE_CURVE('',#778,#779,#114,.T.);
#950=EDGE_CURVE('',#780,#779,#87,.T.);
#951=EDGE_CURVE('',#780,#781,#115,.T.);
#952=EDGE_CURVE('',#781,#782,#458,.T.);
#953=EDGE_CURVE('',#782,#782,#116,.T.);
#954=EDGE_CURVE('',#781,#783,#117,.T.);
#955=EDGE_CURVE('',#778,#783,#88,.T.);
#956=EDGE_CURVE('',#784,#785,#118,.T.);
#957=EDGE_CURVE('',#786,#785,#89,.T.);
#958=EDGE_CURVE('',#786,#787,#119,.T.);
#959=EDGE_CURVE('',#787,#788,#459,.T.);
#960=EDGE_CURVE('',#788,#788,#120,.T.);
#961=EDGE_CURVE('',#787,#789,#121,.T.);
#962=EDGE_CURVE('',#784,#789,#90,.T.);
#963=EDGE_CURVE('',#782,#790,#460,.T.);
#964=EDGE_CURVE('',#790,#790,#122,.T.);
#965=EDGE_CURVE('',#788,#791,#461,.T.);
#966=EDGE_CURVE('',#791,#791,#123,.T.);
#967=EDGE_CURVE('',#792,#792,#124,.T.);
#968=EDGE_CURVE('',#792,#793,#462,.T.);
#969=EDGE_CURVE('',#793,#793,#125,.T.);
#970=EDGE_CURVE('',#794,#794,#126,.T.);
#971=EDGE_CURVE('',#794,#795,#463,.T.);
#972=EDGE_CURVE('',#795,#795,#127,.T.);
#973=EDGE_CURVE('',#795,#768,#464,.T.);
#974=EDGE_CURVE('',#793,#766,#465,.T.);
#975=EDGE_CURVE('',#771,#772,#466,.T.);
#976=EDGE_CURVE('',#796,#797,#128,.T.);
#977=EDGE_CURVE('',#797,#798,#467,.T.);
#978=EDGE_CURVE('',#798,#799,#129,.T.);
#979=EDGE_CURVE('',#800,#799,#468,.T.);
#980=EDGE_CURVE('',#800,#801,#130,.T.);
#981=EDGE_CURVE('',#801,#802,#469,.T.);
#982=EDGE_CURVE('',#803,#802,#131,.T.);
#983=EDGE_CURVE('',#796,#803,#470,.T.);
#984=EDGE_CURVE('',#775,#776,#471,.T.);
#985=EDGE_CURVE('',#804,#805,#132,.T.);
#986=EDGE_CURVE('',#805,#806,#472,.T.);
#987=EDGE_CURVE('',#806,#807,#133,.T.);
#988=EDGE_CURVE('',#808,#807,#473,.T.);
#989=EDGE_CURVE('',#808,#809,#134,.T.);
#990=EDGE_CURVE('',#810,#809,#474,.T.);
#991=EDGE_CURVE('',#811,#810,#135,.T.);
#992=EDGE_CURVE('',#804,#811,#475,.T.);
#993=EDGE_CURVE('',#812,#812,#136,.T.);
#994=EDGE_CURVE('',#812,#792,#476,.T.);
#995=EDGE_CURVE('',#813,#813,#137,.T.);
#996=EDGE_CURVE('',#813,#794,#477,.T.);
#997=EDGE_CURVE('',#814,#815,#478,.T.);
#998=EDGE_CURVE('',#815,#816,#479,.T.);
#999=EDGE_CURVE('',#816,#817,#480,.T.);
#1000=EDGE_CURVE('',#817,#814,#481,.T.);
#1001=EDGE_CURVE('',#818,#819,#482,.T.);
#1002=EDGE_CURVE('',#820,#818,#483,.T.);
#1003=EDGE_CURVE('',#821,#820,#484,.T.);
#1004=EDGE_CURVE('',#819,#821,#485,.T.);
#1005=EDGE_CURVE('',#799,#822,#486,.T.);
#1006=EDGE_CURVE('',#822,#823,#487,.T.);
#1007=EDGE_CURVE('',#800,#823,#488,.T.);
#1008=EDGE_CURVE('',#807,#824,#489,.T.);
#1009=EDGE_CURVE('',#825,#824,#490,.T.);
#1010=EDGE_CURVE('',#808,#825,#491,.T.);
#1011=EDGE_CURVE('',#826,#827,#492,.T.);
#1012=EDGE_CURVE('',#826,#828,#493,.T.);
#1013=EDGE_CURVE('',#828,#829,#494,.T.);
#1014=EDGE_CURVE('',#829,#806,#138,.T.);
#1015=EDGE_CURVE('',#805,#830,#495,.T.);
#1016=EDGE_CURVE('',#830,#831,#496,.T.);
#1017=EDGE_CURVE('',#831,#832,#497,.T.);
#1018=EDGE_CURVE('',#832,#833,#498,.T.);
#1019=EDGE_CURVE('',#833,#834,#41,.T.);
#1020=EDGE_CURVE('',#834,#835,#499,.T.);
#1021=EDGE_CURVE('',#835,#798,#139,.T.);
#1022=EDGE_CURVE('',#797,#827,#140,.T.);
#1023=EDGE_CURVE('',#836,#837,#500,.T.);
#1024=EDGE_CURVE('',#837,#838,#501,.T.);
#1025=EDGE_CURVE('',#838,#839,#502,.T.);
#1026=EDGE_CURVE('',#839,#836,#503,.T.);
#1027=EDGE_CURVE('',#840,#841,#504,.T.);
#1028=EDGE_CURVE('',#841,#842,#141,.T.);
#1029=EDGE_CURVE('',#842,#843,#505,.T.);
#1030=EDGE_CURVE('',#843,#844,#506,.T.);
#1031=EDGE_CURVE('',#844,#845,#507,.T.);
#1032=EDGE_CURVE('',#845,#846,#508,.T.);
#1033=EDGE_CURVE('',#846,#840,#509,.T.);
#1034=EDGE_CURVE('',#847,#848,#510,.T.);
#1035=EDGE_CURVE('',#848,#849,#511,.T.);
#1036=EDGE_CURVE('',#849,#850,#512,.T.);
#1037=EDGE_CURVE('',#850,#851,#513,.T.);
#1038=EDGE_CURVE('',#851,#847,#514,.T.);
#1039=EDGE_CURVE('',#834,#852,#142,.T.);
#1040=EDGE_CURVE('',#852,#853,#515,.T.);
#1041=EDGE_CURVE('',#853,#854,#516,.T.);
#1042=EDGE_CURVE('',#854,#835,#143,.T.);
#1043=EDGE_CURVE('',#855,#856,#517,.T.);
#1044=EDGE_CURVE('',#855,#857,#518,.T.);
#1045=EDGE_CURVE('',#857,#858,#519,.T.);
#1046=EDGE_CURVE('',#858,#859,#37,.T.);
#1047=EDGE_CURVE('',#859,#860,#520,.T.);
#1048=EDGE_CURVE('',#860,#861,#521,.T.);
#1049=EDGE_CURVE('',#861,#862,#522,.T.);
#1050=EDGE_CURVE('',#862,#863,#523,.T.);
#1051=EDGE_CURVE('',#863,#864,#91,.T.);
#1052=EDGE_CURVE('',#864,#865,#524,.T.);
#1053=EDGE_CURVE('',#865,#866,#525,.T.);
#1054=EDGE_CURVE('',#866,#867,#526,.T.);
#1055=EDGE_CURVE('',#867,#868,#527,.T.);
#1056=EDGE_CURVE('',#868,#869,#528,.T.);
#1057=EDGE_CURVE('',#869,#870,#529,.T.);
#1058=EDGE_CURVE('',#870,#825,#530,.T.);
#1059=EDGE_CURVE('',#824,#856,#38,.T.);
#1060=EDGE_CURVE('',#856,#871,#531,.T.);
#1061=EDGE_CURVE('',#871,#829,#144,.T.);
#1062=EDGE_CURVE('',#828,#855,#145,.T.);
#1063=EDGE_CURVE('',#827,#872,#146,.T.);
#1064=EDGE_CURVE('',#872,#858,#532,.T.);
#1065=EDGE_CURVE('',#857,#826,#147,.T.);
#1066=EDGE_CURVE('',#859,#796,#533,.T.);
#1067=EDGE_CURVE('',#803,#860,#534,.T.);
#1068=EDGE_CURVE('',#869,#804,#535,.T.);
#1069=EDGE_CURVE('',#811,#870,#536,.T.);
#1070=EDGE_CURVE('',#873,#874,#537,.T.);
#1071=EDGE_CURVE('',#874,#875,#538,.T.);
#1072=EDGE_CURVE('',#875,#876,#539,.T.);
#1073=EDGE_CURVE('',#876,#873,#540,.T.);
#1074=EDGE_CURVE('',#877,#878,#148,.T.);
#1075=EDGE_CURVE('',#879,#878,#541,.T.);
#1076=EDGE_CURVE('',#880,#879,#542,.T.);
#1077=EDGE_CURVE('',#881,#880,#543,.T.);
#1078=EDGE_CURVE('',#881,#882,#149,.T.);
#1079=EDGE_CURVE('',#883,#882,#544,.T.);
#1080=EDGE_CURVE('',#884,#883,#545,.T.);
#1081=EDGE_CURVE('',#884,#810,#546,.T.);
#1082=EDGE_CURVE('',#809,#885,#547,.T.);
#1083=EDGE_CURVE('',#885,#886,#548,.T.);
#1084=EDGE_CURVE('',#886,#802,#549,.T.);
#1085=EDGE_CURVE('',#887,#801,#550,.T.);
#1086=EDGE_CURVE('',#887,#888,#551,.T.);
#1087=EDGE_CURVE('',#888,#889,#552,.T.);
#1088=EDGE_CURVE('',#890,#889,#553,.T.);
#1089=EDGE_CURVE('',#877,#890,#554,.T.);
#1090=EDGE_CURVE('',#820,#891,#555,.T.);
#1091=EDGE_CURVE('',#818,#892,#556,.T.);
#1092=EDGE_CURVE('',#891,#892,#557,.T.);
#1093=EDGE_CURVE('',#892,#884,#558,.T.);
#1094=EDGE_CURVE('',#893,#819,#559,.T.);
#1095=EDGE_CURVE('',#870,#893,#560,.T.);
#1096=EDGE_CURVE('',#888,#821,#561,.T.);
#1097=EDGE_CURVE('',#889,#891,#562,.T.);
#1098=EDGE_CURVE('',#823,#862,#150,.T.);
#1099=EDGE_CURVE('',#861,#894,#563,.T.);
#1100=EDGE_CURVE('',#887,#894,#564,.T.);
#1101=EDGE_CURVE('',#895,#894,#565,.T.);
#1102=EDGE_CURVE('',#886,#895,#566,.T.);
#1103=EDGE_CURVE('',#885,#896,#567,.T.);
#1104=EDGE_CURVE('',#893,#896,#568,.T.);
#1105=EDGE_CURVE('',#825,#896,#569,.T.);
#1106=EDGE_CURVE('',#860,#895,#570,.T.);
#1107=EDGE_CURVE('',#780,#882,#571,.T.);
#1108=EDGE_CURVE('',#881,#783,#572,.T.);
#1109=EDGE_CURVE('',#786,#878,#573,.T.);
#1110=EDGE_CURVE('',#877,#789,#574,.T.);
#1111=EDGE_CURVE('',#897,#879,#575,.T.);
#1112=EDGE_CURVE('',#898,#897,#576,.T.);
#1113=EDGE_CURVE('',#890,#898,#577,.T.);
#1114=EDGE_CURVE('',#899,#883,#578,.T.);
#1115=EDGE_CURVE('',#900,#899,#579,.T.);
#1116=EDGE_CURVE('',#880,#900,#580,.T.);
#1117=EDGE_CURVE('',#778,#901,#581,.T.);
#1118=EDGE_CURVE('',#901,#902,#582,.T.);
#1119=EDGE_CURVE('',#902,#779,#583,.T.);
#1120=EDGE_CURVE('',#900,#901,#584,.T.);
#1121=EDGE_CURVE('',#899,#902,#585,.T.);
#1122=EDGE_CURVE('',#784,#903,#586,.T.);
#1123=EDGE_CURVE('',#903,#904,#587,.T.);
#1124=EDGE_CURVE('',#904,#785,#588,.T.);
#1125=EDGE_CURVE('',#898,#903,#589,.T.);
#1126=EDGE_CURVE('',#897,#904,#590,.T.);
#1127=EDGE_CURVE('',#832,#866,#151,.T.);
#1128=EDGE_CURVE('',#865,#833,#152,.T.);
#1129=EDGE_CURVE('',#853,#822,#39,.T.);
#1130=EDGE_CURVE('',#854,#799,#153,.T.);
#1131=EDGE_CURVE('',#846,#836,#154,.T.);
#1132=EDGE_CURVE('',#837,#845,#155,.T.);
#1133=EDGE_CURVE('',#843,#869,#40,.T.);
#1134=EDGE_CURVE('',#804,#842,#156,.T.);
#1135=EDGE_CURVE('',#837,#816,#157,.T.);
#1136=EDGE_CURVE('',#816,#845,#158,.T.);
#1137=EDGE_CURVE('',#846,#874,#159,.T.);
#1138=EDGE_CURVE('',#874,#836,#160,.T.);
#1139=EDGE_CURVE('',#805,#841,#42,.T.);
#1140=EDGE_CURVE('',#844,#868,#161,.T.);
#1141=EDGE_CURVE('',#817,#844,#162,.T.);
#1142=EDGE_CURVE('',#838,#815,#163,.T.);
#1143=EDGE_CURVE('',#839,#848,#164,.T.);
#1144=EDGE_CURVE('',#849,#838,#165,.T.);
#1145=EDGE_CURVE('',#875,#839,#166,.T.);
#1146=EDGE_CURVE('',#840,#873,#167,.T.);
#1147=EDGE_CURVE('',#830,#840,#168,.T.);
#1148=EDGE_CURVE('',#817,#868,#169,.T.);
#1149=EDGE_CURVE('',#849,#815,#170,.T.);
#1150=EDGE_CURVE('',#875,#848,#171,.T.);
#1151=EDGE_CURVE('',#830,#873,#172,.T.);
#1152=EDGE_CURVE('',#814,#867,#173,.T.);
#1153=EDGE_CURVE('',#850,#814,#174,.T.);
#1154=EDGE_CURVE('',#876,#847,#175,.T.);
#1155=EDGE_CURVE('',#831,#876,#176,.T.);
#1156=EDGE_CURVE('',#850,#867,#177,.T.);
#1157=EDGE_CURVE('',#831,#847,#178,.T.);
#1158=EDGE_CURVE('',#851,#866,#179,.T.);
#1159=EDGE_CURVE('',#832,#851,#180,.T.);
#1160=EDGE_CURVE('',#852,#865,#181,.T.);
#1161=EDGE_CURVE('',#853,#864,#182,.T.);
#1162=EDGE_CURVE('',#822,#863,#183,.T.);
#1163=EDGE_CURVE('',#872,#796,#184,.T.);
#1164=EDGE_CURVE('',#807,#871,#185,.T.);
#1165=EDGE_CURVE('',#905,#905,#186,.T.);
#1166=EDGE_CURVE('',#905,#906,#591,.T.);
#1167=EDGE_CURVE('',#906,#906,#187,.T.);
#1168=ORIENTED_EDGE('',*,*,#907,.F.);
#1169=ORIENTED_EDGE('',*,*,#908,.F.);
#1170=ORIENTED_EDGE('',*,*,#909,.T.);
#1171=ORIENTED_EDGE('',*,*,#910,.T.);
#1172=ORIENTED_EDGE('',*,*,#911,.F.);
#1173=ORIENTED_EDGE('',*,*,#912,.F.);
#1174=ORIENTED_EDGE('',*,*,#913,.T.);
#1175=ORIENTED_EDGE('',*,*,#908,.T.);
#1176=ORIENTED_EDGE('',*,*,#914,.F.);
#1177=ORIENTED_EDGE('',*,*,#915,.F.);
#1178=ORIENTED_EDGE('',*,*,#916,.T.);
#1179=ORIENTED_EDGE('',*,*,#912,.T.);
#1180=ORIENTED_EDGE('',*,*,#917,.F.);
#1181=ORIENTED_EDGE('',*,*,#910,.F.);
#1182=ORIENTED_EDGE('',*,*,#918,.T.);
#1183=ORIENTED_EDGE('',*,*,#915,.T.);
#1184=ORIENTED_EDGE('',*,*,#909,.F.);
#1185=ORIENTED_EDGE('',*,*,#913,.F.);
#1186=ORIENTED_EDGE('',*,*,#916,.F.);
#1187=ORIENTED_EDGE('',*,*,#918,.F.);
#1188=ORIENTED_EDGE('',*,*,#907,.T.);
#1189=ORIENTED_EDGE('',*,*,#917,.T.);
#1190=ORIENTED_EDGE('',*,*,#914,.T.);
#1191=ORIENTED_EDGE('',*,*,#911,.T.);
#1192=ORIENTED_EDGE('',*,*,#919,.F.);
#1193=ORIENTED_EDGE('',*,*,#920,.F.);
#1194=ORIENTED_EDGE('',*,*,#921,.T.);
#1195=ORIENTED_EDGE('',*,*,#922,.T.);
#1196=ORIENTED_EDGE('',*,*,#923,.F.);
#1197=ORIENTED_EDGE('',*,*,#924,.F.);
#1198=ORIENTED_EDGE('',*,*,#925,.T.);
#1199=ORIENTED_EDGE('',*,*,#920,.T.);
#1200=ORIENTED_EDGE('',*,*,#926,.F.);
#1201=ORIENTED_EDGE('',*,*,#927,.F.);
#1202=ORIENTED_EDGE('',*,*,#928,.T.);
#1203=ORIENTED_EDGE('',*,*,#924,.T.);
#1204=ORIENTED_EDGE('',*,*,#929,.F.);
#1205=ORIENTED_EDGE('',*,*,#922,.F.);
#1206=ORIENTED_EDGE('',*,*,#930,.T.);
#1207=ORIENTED_EDGE('',*,*,#927,.T.);
#1208=ORIENTED_EDGE('',*,*,#921,.F.);
#1209=ORIENTED_EDGE('',*,*,#925,.F.);
#1210=ORIENTED_EDGE('',*,*,#928,.F.);
#1211=ORIENTED_EDGE('',*,*,#930,.F.);
#1212=ORIENTED_EDGE('',*,*,#919,.T.);
#1213=ORIENTED_EDGE('',*,*,#929,.T.);
#1214=ORIENTED_EDGE('',*,*,#926,.T.);
#1215=ORIENTED_EDGE('',*,*,#923,.T.);
#1216=ORIENTED_EDGE('',*,*,#931,.F.);
#1217=ORIENTED_EDGE('',*,*,#932,.T.);
#1218=ORIENTED_EDGE('',*,*,#933,.F.);
#1219=ORIENTED_EDGE('',*,*,#932,.F.);
#1220=ORIENTED_EDGE('',*,*,#934,.F.);
#1221=ORIENTED_EDGE('',*,*,#935,.T.);
#1222=ORIENTED_EDGE('',*,*,#936,.F.);
#1223=ORIENTED_EDGE('',*,*,#935,.F.);
#1224=ORIENTED_EDGE('',*,*,#937,.F.);
#1225=ORIENTED_EDGE('',*,*,#938,.T.);
#1226=ORIENTED_EDGE('',*,*,#939,.F.);
#1227=ORIENTED_EDGE('',*,*,#938,.F.);
#1228=ORIENTED_EDGE('',*,*,#940,.F.);
#1229=ORIENTED_EDGE('',*,*,#941,.T.);
#1230=ORIENTED_EDGE('',*,*,#942,.F.);
#1231=ORIENTED_EDGE('',*,*,#941,.F.);
#1232=ORIENTED_EDGE('',*,*,#943,.F.);
#1233=ORIENTED_EDGE('',*,*,#944,.T.);
#1234=ORIENTED_EDGE('',*,*,#945,.F.);
#1235=ORIENTED_EDGE('',*,*,#944,.F.);
#1236=ORIENTED_EDGE('',*,*,#946,.F.);
#1237=ORIENTED_EDGE('',*,*,#947,.T.);
#1238=ORIENTED_EDGE('',*,*,#948,.F.);
#1239=ORIENTED_EDGE('',*,*,#947,.F.);
#1240=ORIENTED_EDGE('',*,*,#949,.T.);
#1241=ORIENTED_EDGE('',*,*,#950,.F.);
#1242=ORIENTED_EDGE('',*,*,#951,.T.);
#1243=ORIENTED_EDGE('',*,*,#952,.T.);
#1244=ORIENTED_EDGE('',*,*,#953,.T.);
#1245=ORIENTED_EDGE('',*,*,#952,.F.);
#1246=ORIENTED_EDGE('',*,*,#954,.T.);
#1247=ORIENTED_EDGE('',*,*,#955,.F.);
#1248=ORIENTED_EDGE('',*,*,#956,.T.);
#1249=ORIENTED_EDGE('',*,*,#957,.F.);
#1250=ORIENTED_EDGE('',*,*,#958,.T.);
#1251=ORIENTED_EDGE('',*,*,#959,.T.);
#1252=ORIENTED_EDGE('',*,*,#960,.T.);
#1253=ORIENTED_EDGE('',*,*,#959,.F.);
#1254=ORIENTED_EDGE('',*,*,#961,.T.);
#1255=ORIENTED_EDGE('',*,*,#962,.F.);
#1256=ORIENTED_EDGE('',*,*,#953,.F.);
#1257=ORIENTED_EDGE('',*,*,#963,.T.);
#1258=ORIENTED_EDGE('',*,*,#964,.F.);
#1259=ORIENTED_EDGE('',*,*,#963,.F.);
#1260=ORIENTED_EDGE('',*,*,#960,.F.);
#1261=ORIENTED_EDGE('',*,*,#965,.T.);
#1262=ORIENTED_EDGE('',*,*,#966,.F.);
#1263=ORIENTED_EDGE('',*,*,#965,.F.);
#1264=ORIENTED_EDGE('',*,*,#967,.F.);
#1265=ORIENTED_EDGE('',*,*,#968,.T.);
#1266=ORIENTED_EDGE('',*,*,#969,.F.);
#1267=ORIENTED_EDGE('',*,*,#968,.F.);
#1268=ORIENTED_EDGE('',*,*,#970,.F.);
#1269=ORIENTED_EDGE('',*,*,#971,.T.);
#1270=ORIENTED_EDGE('',*,*,#972,.F.);
#1271=ORIENTED_EDGE('',*,*,#971,.F.);
#1272=ORIENTED_EDGE('',*,*,#972,.T.);
#1273=ORIENTED_EDGE('',*,*,#973,.T.);
#1274=ORIENTED_EDGE('',*,*,#934,.T.);
#1275=ORIENTED_EDGE('',*,*,#973,.F.);
#1276=ORIENTED_EDGE('',*,*,#969,.T.);
#1277=ORIENTED_EDGE('',*,*,#974,.T.);
#1278=ORIENTED_EDGE('',*,*,#931,.T.);
#1279=ORIENTED_EDGE('',*,*,#974,.F.);
#1280=ORIENTED_EDGE('',*,*,#939,.T.);
#1281=ORIENTED_EDGE('',*,*,#975,.T.);
#1282=ORIENTED_EDGE('',*,*,#940,.T.);
#1283=ORIENTED_EDGE('',*,*,#975,.F.);
#1284=ORIENTED_EDGE('',*,*,#976,.T.);
#1285=ORIENTED_EDGE('',*,*,#977,.T.);
#1286=ORIENTED_EDGE('',*,*,#978,.T.);
#1287=ORIENTED_EDGE('',*,*,#979,.F.);
#1288=ORIENTED_EDGE('',*,*,#980,.T.);
#1289=ORIENTED_EDGE('',*,*,#981,.T.);
#1290=ORIENTED_EDGE('',*,*,#982,.F.);
#1291=ORIENTED_EDGE('',*,*,#983,.F.);
#1292=ORIENTED_EDGE('',*,*,#945,.T.);
#1293=ORIENTED_EDGE('',*,*,#984,.T.);
#1294=ORIENTED_EDGE('',*,*,#946,.T.);
#1295=ORIENTED_EDGE('',*,*,#984,.F.);
#1296=ORIENTED_EDGE('',*,*,#985,.T.);
#1297=ORIENTED_EDGE('',*,*,#986,.T.);
#1298=ORIENTED_EDGE('',*,*,#987,.T.);
#1299=ORIENTED_EDGE('',*,*,#988,.F.);
#1300=ORIENTED_EDGE('',*,*,#989,.T.);
#1301=ORIENTED_EDGE('',*,*,#990,.F.);
#1302=ORIENTED_EDGE('',*,*,#991,.F.);
#1303=ORIENTED_EDGE('',*,*,#992,.F.);
#1304=ORIENTED_EDGE('',*,*,#993,.T.);
#1305=ORIENTED_EDGE('',*,*,#994,.T.);
#1306=ORIENTED_EDGE('',*,*,#967,.T.);
#1307=ORIENTED_EDGE('',*,*,#994,.F.);
#1308=ORIENTED_EDGE('',*,*,#995,.T.);
#1309=ORIENTED_EDGE('',*,*,#996,.T.);
#1310=ORIENTED_EDGE('',*,*,#970,.T.);
#1311=ORIENTED_EDGE('',*,*,#996,.F.);
#1312=ORIENTED_EDGE('',*,*,#964,.T.);
#1313=ORIENTED_EDGE('',*,*,#993,.F.);
#1314=ORIENTED_EDGE('',*,*,#997,.T.);
#1315=ORIENTED_EDGE('',*,*,#998,.T.);
#1316=ORIENTED_EDGE('',*,*,#999,.T.);
#1317=ORIENTED_EDGE('',*,*,#1000,.T.);
#1318=ORIENTED_EDGE('',*,*,#1001,.F.);
#1319=ORIENTED_EDGE('',*,*,#1002,.F.);
#1320=ORIENTED_EDGE('',*,*,#1003,.F.);
#1321=ORIENTED_EDGE('',*,*,#1004,.F.);
#1322=ORIENTED_EDGE('',*,*,#1005,.T.);
#1323=ORIENTED_EDGE('',*,*,#1006,.T.);
#1324=ORIENTED_EDGE('',*,*,#1007,.F.);
#1325=ORIENTED_EDGE('',*,*,#979,.T.);
#1326=ORIENTED_EDGE('',*,*,#988,.T.);
#1327=ORIENTED_EDGE('',*,*,#1008,.T.);
#1328=ORIENTED_EDGE('',*,*,#1009,.F.);
#1329=ORIENTED_EDGE('',*,*,#1010,.F.);
#1330=ORIENTED_EDGE('',*,*,#966,.T.);
#1331=ORIENTED_EDGE('',*,*,#995,.F.);
#1332=ORIENTED_EDGE('',*,*,#1011,.F.);
#1333=ORIENTED_EDGE('',*,*,#1012,.T.);
#1334=ORIENTED_EDGE('',*,*,#1013,.T.);
#1335=ORIENTED_EDGE('',*,*,#1014,.T.);
#1336=ORIENTED_EDGE('',*,*,#986,.F.);
#1337=ORIENTED_EDGE('',*,*,#1015,.T.);
#1338=ORIENTED_EDGE('',*,*,#1016,.T.);
#1339=ORIENTED_EDGE('',*,*,#1017,.T.);
#1340=ORIENTED_EDGE('',*,*,#1018,.T.);
#1341=ORIENTED_EDGE('',*,*,#1019,.T.);
#1342=ORIENTED_EDGE('',*,*,#1020,.T.);
#1343=ORIENTED_EDGE('',*,*,#1021,.T.);
#1344=ORIENTED_EDGE('',*,*,#977,.F.);
#1345=ORIENTED_EDGE('',*,*,#1022,.T.);
#1346=ORIENTED_EDGE('',*,*,#936,.T.);
#1347=ORIENTED_EDGE('',*,*,#933,.T.);
#1348=ORIENTED_EDGE('',*,*,#1023,.T.);
#1349=ORIENTED_EDGE('',*,*,#1024,.T.);
#1350=ORIENTED_EDGE('',*,*,#1025,.T.);
#1351=ORIENTED_EDGE('',*,*,#1026,.T.);
#1352=ORIENTED_EDGE('',*,*,#1027,.T.);
#1353=ORIENTED_EDGE('',*,*,#1028,.T.);
#1354=ORIENTED_EDGE('',*,*,#1029,.T.);
#1355=ORIENTED_EDGE('',*,*,#1030,.T.);
#1356=ORIENTED_EDGE('',*,*,#1031,.T.);
#1357=ORIENTED_EDGE('',*,*,#1032,.T.);
#1358=ORIENTED_EDGE('',*,*,#1033,.T.);
#1359=ORIENTED_EDGE('',*,*,#943,.T.);
#1360=ORIENTED_EDGE('',*,*,#1034,.T.);
#1361=ORIENTED_EDGE('',*,*,#1035,.T.);
#1362=ORIENTED_EDGE('',*,*,#1036,.T.);
#1363=ORIENTED_EDGE('',*,*,#1037,.T.);
#1364=ORIENTED_EDGE('',*,*,#1038,.T.);
#1365=ORIENTED_EDGE('',*,*,#1039,.T.);
#1366=ORIENTED_EDGE('',*,*,#1040,.T.);
#1367=ORIENTED_EDGE('',*,*,#1041,.T.);
#1368=ORIENTED_EDGE('',*,*,#1042,.T.);
#1369=ORIENTED_EDGE('',*,*,#1020,.F.);
#1370=ORIENTED_EDGE('',*,*,#942,.T.);
#1371=ORIENTED_EDGE('',*,*,#1043,.F.);
#1372=ORIENTED_EDGE('',*,*,#1044,.T.);
#1373=ORIENTED_EDGE('',*,*,#1045,.T.);
#1374=ORIENTED_EDGE('',*,*,#1046,.T.);
#1375=ORIENTED_EDGE('',*,*,#1047,.T.);
#1376=ORIENTED_EDGE('',*,*,#1048,.T.);
#1377=ORIENTED_EDGE('',*,*,#1049,.T.);
#1378=ORIENTED_EDGE('',*,*,#1050,.T.);
#1379=ORIENTED_EDGE('',*,*,#1051,.T.);
#1380=ORIENTED_EDGE('',*,*,#1052,.T.);
#1381=ORIENTED_EDGE('',*,*,#1053,.T.);
#1382=ORIENTED_EDGE('',*,*,#1054,.T.);
#1383=ORIENTED_EDGE('',*,*,#1055,.T.);
#1384=ORIENTED_EDGE('',*,*,#1056,.T.);
#1385=ORIENTED_EDGE('',*,*,#1057,.T.);
#1386=ORIENTED_EDGE('',*,*,#1058,.T.);
#1387=ORIENTED_EDGE('',*,*,#1009,.T.);
#1388=ORIENTED_EDGE('',*,*,#1059,.T.);
#1389=ORIENTED_EDGE('',*,*,#1043,.T.);
#1390=ORIENTED_EDGE('',*,*,#1060,.T.);
#1391=ORIENTED_EDGE('',*,*,#1061,.T.);
#1392=ORIENTED_EDGE('',*,*,#1013,.F.);
#1393=ORIENTED_EDGE('',*,*,#1062,.T.);
#1394=ORIENTED_EDGE('',*,*,#948,.T.);
#1395=ORIENTED_EDGE('',*,*,#1063,.T.);
#1396=ORIENTED_EDGE('',*,*,#1064,.T.);
#1397=ORIENTED_EDGE('',*,*,#1045,.F.);
#1398=ORIENTED_EDGE('',*,*,#1065,.T.);
#1399=ORIENTED_EDGE('',*,*,#1011,.T.);
#1400=ORIENTED_EDGE('',*,*,#937,.T.);
#1401=ORIENTED_EDGE('',*,*,#1047,.F.);
#1402=ORIENTED_EDGE('',*,*,#1066,.T.);
#1403=ORIENTED_EDGE('',*,*,#983,.T.);
#1404=ORIENTED_EDGE('',*,*,#1067,.T.);
#1405=ORIENTED_EDGE('',*,*,#1057,.F.);
#1406=ORIENTED_EDGE('',*,*,#1068,.T.);
#1407=ORIENTED_EDGE('',*,*,#992,.T.);
#1408=ORIENTED_EDGE('',*,*,#1069,.T.);
#1409=ORIENTED_EDGE('',*,*,#1070,.T.);
#1410=ORIENTED_EDGE('',*,*,#1071,.T.);
#1411=ORIENTED_EDGE('',*,*,#1072,.T.);
#1412=ORIENTED_EDGE('',*,*,#1073,.T.);
#1413=ORIENTED_EDGE('',*,*,#1074,.T.);
#1414=ORIENTED_EDGE('',*,*,#1075,.F.);
#1415=ORIENTED_EDGE('',*,*,#1076,.F.);
#1416=ORIENTED_EDGE('',*,*,#1077,.F.);
#1417=ORIENTED_EDGE('',*,*,#1078,.T.);
#1418=ORIENTED_EDGE('',*,*,#1079,.F.);
#1419=ORIENTED_EDGE('',*,*,#1080,.F.);
#1420=ORIENTED_EDGE('',*,*,#1081,.T.);
#1421=ORIENTED_EDGE('',*,*,#990,.T.);
#1422=ORIENTED_EDGE('',*,*,#1082,.T.);
#1423=ORIENTED_EDGE('',*,*,#1083,.T.);
#1424=ORIENTED_EDGE('',*,*,#1084,.T.);
#1425=ORIENTED_EDGE('',*,*,#981,.F.);
#1426=ORIENTED_EDGE('',*,*,#1085,.F.);
#1427=ORIENTED_EDGE('',*,*,#1086,.T.);
#1428=ORIENTED_EDGE('',*,*,#1087,.T.);
#1429=ORIENTED_EDGE('',*,*,#1088,.F.);
#1430=ORIENTED_EDGE('',*,*,#1089,.F.);
#1431=ORIENTED_EDGE('',*,*,#1090,.F.);
#1432=ORIENTED_EDGE('',*,*,#1002,.T.);
#1433=ORIENTED_EDGE('',*,*,#1091,.T.);
#1434=ORIENTED_EDGE('',*,*,#1092,.F.);
#1435=ORIENTED_EDGE('',*,*,#1081,.F.);
#1436=ORIENTED_EDGE('',*,*,#1093,.F.);
#1437=ORIENTED_EDGE('',*,*,#1091,.F.);
#1438=ORIENTED_EDGE('',*,*,#1001,.T.);
#1439=ORIENTED_EDGE('',*,*,#1094,.F.);
#1440=ORIENTED_EDGE('',*,*,#1095,.F.);
#1441=ORIENTED_EDGE('',*,*,#1069,.F.);
#1442=ORIENTED_EDGE('',*,*,#991,.T.);
#1443=ORIENTED_EDGE('',*,*,#1087,.F.);
#1444=ORIENTED_EDGE('',*,*,#1096,.T.);
#1445=ORIENTED_EDGE('',*,*,#1003,.T.);
#1446=ORIENTED_EDGE('',*,*,#1090,.T.);
#1447=ORIENTED_EDGE('',*,*,#1097,.F.);
#1448=ORIENTED_EDGE('',*,*,#1007,.T.);
#1449=ORIENTED_EDGE('',*,*,#1098,.T.);
#1450=ORIENTED_EDGE('',*,*,#1049,.F.);
#1451=ORIENTED_EDGE('',*,*,#1099,.T.);
#1452=ORIENTED_EDGE('',*,*,#1100,.F.);
#1453=ORIENTED_EDGE('',*,*,#1085,.T.);
#1454=ORIENTED_EDGE('',*,*,#980,.F.);
#1455=ORIENTED_EDGE('',*,*,#1096,.F.);
#1456=ORIENTED_EDGE('',*,*,#1086,.F.);
#1457=ORIENTED_EDGE('',*,*,#1100,.T.);
#1458=ORIENTED_EDGE('',*,*,#1101,.F.);
#1459=ORIENTED_EDGE('',*,*,#1102,.F.);
#1460=ORIENTED_EDGE('',*,*,#1083,.F.);
#1461=ORIENTED_EDGE('',*,*,#1103,.T.);
#1462=ORIENTED_EDGE('',*,*,#1104,.F.);
#1463=ORIENTED_EDGE('',*,*,#1094,.T.);
#1464=ORIENTED_EDGE('',*,*,#1004,.T.);
#1465=ORIENTED_EDGE('',*,*,#1010,.T.);
#1466=ORIENTED_EDGE('',*,*,#1105,.T.);
#1467=ORIENTED_EDGE('',*,*,#1103,.F.);
#1468=ORIENTED_EDGE('',*,*,#1082,.F.);
#1469=ORIENTED_EDGE('',*,*,#989,.F.);
#1470=ORIENTED_EDGE('',*,*,#982,.T.);
#1471=ORIENTED_EDGE('',*,*,#1084,.F.);
#1472=ORIENTED_EDGE('',*,*,#1102,.T.);
#1473=ORIENTED_EDGE('',*,*,#1106,.F.);
#1474=ORIENTED_EDGE('',*,*,#1067,.F.);
#1475=ORIENTED_EDGE('',*,*,#1106,.T.);
#1476=ORIENTED_EDGE('',*,*,#1101,.T.);
#1477=ORIENTED_EDGE('',*,*,#1099,.F.);
#1478=ORIENTED_EDGE('',*,*,#1048,.F.);
#1479=ORIENTED_EDGE('',*,*,#1095,.T.);
#1480=ORIENTED_EDGE('',*,*,#1104,.T.);
#1481=ORIENTED_EDGE('',*,*,#1105,.F.);
#1482=ORIENTED_EDGE('',*,*,#1058,.F.);
#1483=ORIENTED_EDGE('',*,*,#1107,.T.);
#1484=ORIENTED_EDGE('',*,*,#1078,.F.);
#1485=ORIENTED_EDGE('',*,*,#1108,.T.);
#1486=ORIENTED_EDGE('',*,*,#954,.F.);
#1487=ORIENTED_EDGE('',*,*,#951,.F.);
#1488=ORIENTED_EDGE('',*,*,#1109,.T.);
#1489=ORIENTED_EDGE('',*,*,#1074,.F.);
#1490=ORIENTED_EDGE('',*,*,#1110,.T.);
#1491=ORIENTED_EDGE('',*,*,#961,.F.);
#1492=ORIENTED_EDGE('',*,*,#958,.F.);
#1493=ORIENTED_EDGE('',*,*,#1076,.T.);
#1494=ORIENTED_EDGE('',*,*,#1111,.F.);
#1495=ORIENTED_EDGE('',*,*,#1112,.F.);
#1496=ORIENTED_EDGE('',*,*,#1113,.F.);
#1497=ORIENTED_EDGE('',*,*,#1088,.T.);
#1498=ORIENTED_EDGE('',*,*,#1097,.T.);
#1499=ORIENTED_EDGE('',*,*,#1092,.T.);
#1500=ORIENTED_EDGE('',*,*,#1093,.T.);
#1501=ORIENTED_EDGE('',*,*,#1080,.T.);
#1502=ORIENTED_EDGE('',*,*,#1114,.F.);
#1503=ORIENTED_EDGE('',*,*,#1115,.F.);
#1504=ORIENTED_EDGE('',*,*,#1116,.F.);
#1505=ORIENTED_EDGE('',*,*,#949,.F.);
#1506=ORIENTED_EDGE('',*,*,#1117,.T.);
#1507=ORIENTED_EDGE('',*,*,#1118,.T.);
#1508=ORIENTED_EDGE('',*,*,#1119,.T.);
#1509=ORIENTED_EDGE('',*,*,#1117,.F.);
#1510=ORIENTED_EDGE('',*,*,#955,.T.);
#1511=ORIENTED_EDGE('',*,*,#1108,.F.);
#1512=ORIENTED_EDGE('',*,*,#1077,.T.);
#1513=ORIENTED_EDGE('',*,*,#1116,.T.);
#1514=ORIENTED_EDGE('',*,*,#1120,.T.);
#1515=ORIENTED_EDGE('',*,*,#1120,.F.);
#1516=ORIENTED_EDGE('',*,*,#1115,.T.);
#1517=ORIENTED_EDGE('',*,*,#1121,.T.);
#1518=ORIENTED_EDGE('',*,*,#1118,.F.);
#1519=ORIENTED_EDGE('',*,*,#1107,.F.);
#1520=ORIENTED_EDGE('',*,*,#950,.T.);
#1521=ORIENTED_EDGE('',*,*,#1119,.F.);
#1522=ORIENTED_EDGE('',*,*,#1121,.F.);
#1523=ORIENTED_EDGE('',*,*,#1114,.T.);
#1524=ORIENTED_EDGE('',*,*,#1079,.T.);
#1525=ORIENTED_EDGE('',*,*,#956,.F.);
#1526=ORIENTED_EDGE('',*,*,#1122,.T.);
#1527=ORIENTED_EDGE('',*,*,#1123,.T.);
#1528=ORIENTED_EDGE('',*,*,#1124,.T.);
#1529=ORIENTED_EDGE('',*,*,#1122,.F.);
#1530=ORIENTED_EDGE('',*,*,#962,.T.);
#1531=ORIENTED_EDGE('',*,*,#1110,.F.);
#1532=ORIENTED_EDGE('',*,*,#1089,.T.);
#1533=ORIENTED_EDGE('',*,*,#1113,.T.);
#1534=ORIENTED_EDGE('',*,*,#1125,.T.);
#1535=ORIENTED_EDGE('',*,*,#1125,.F.);
#1536=ORIENTED_EDGE('',*,*,#1112,.T.);
#1537=ORIENTED_EDGE('',*,*,#1126,.T.);
#1538=ORIENTED_EDGE('',*,*,#1123,.F.);
#1539=ORIENTED_EDGE('',*,*,#1109,.F.);
#1540=ORIENTED_EDGE('',*,*,#957,.T.);
#1541=ORIENTED_EDGE('',*,*,#1124,.F.);
#1542=ORIENTED_EDGE('',*,*,#1126,.F.);
#1543=ORIENTED_EDGE('',*,*,#1111,.T.);
#1544=ORIENTED_EDGE('',*,*,#1075,.T.);
#1545=ORIENTED_EDGE('',*,*,#1018,.F.);
#1546=ORIENTED_EDGE('',*,*,#1127,.T.);
#1547=ORIENTED_EDGE('',*,*,#1053,.F.);
#1548=ORIENTED_EDGE('',*,*,#1128,.T.);
#1549=ORIENTED_EDGE('',*,*,#1041,.F.);
#1550=ORIENTED_EDGE('',*,*,#1129,.T.);
#1551=ORIENTED_EDGE('',*,*,#1005,.F.);
#1552=ORIENTED_EDGE('',*,*,#1130,.F.);
#1553=ORIENTED_EDGE('',*,*,#1130,.T.);
#1554=ORIENTED_EDGE('',*,*,#978,.F.);
#1555=ORIENTED_EDGE('',*,*,#1021,.F.);
#1556=ORIENTED_EDGE('',*,*,#1042,.F.);
#1557=ORIENTED_EDGE('',*,*,#1131,.F.);
#1558=ORIENTED_EDGE('',*,*,#1032,.F.);
#1559=ORIENTED_EDGE('',*,*,#1132,.F.);
#1560=ORIENTED_EDGE('',*,*,#1023,.F.);
#1561=ORIENTED_EDGE('',*,*,#1133,.F.);
#1562=ORIENTED_EDGE('',*,*,#1029,.F.);
#1563=ORIENTED_EDGE('',*,*,#1134,.F.);
#1564=ORIENTED_EDGE('',*,*,#1068,.F.);
#1565=ORIENTED_EDGE('',*,*,#1135,.F.);
#1566=ORIENTED_EDGE('',*,*,#1132,.T.);
#1567=ORIENTED_EDGE('',*,*,#1136,.F.);
#1568=ORIENTED_EDGE('',*,*,#1137,.F.);
#1569=ORIENTED_EDGE('',*,*,#1131,.T.);
#1570=ORIENTED_EDGE('',*,*,#1138,.F.);
#1571=ORIENTED_EDGE('',*,*,#1134,.T.);
#1572=ORIENTED_EDGE('',*,*,#1028,.F.);
#1573=ORIENTED_EDGE('',*,*,#1139,.F.);
#1574=ORIENTED_EDGE('',*,*,#985,.F.);
#1575=ORIENTED_EDGE('',*,*,#1133,.T.);
#1576=ORIENTED_EDGE('',*,*,#1056,.F.);
#1577=ORIENTED_EDGE('',*,*,#1140,.F.);
#1578=ORIENTED_EDGE('',*,*,#1030,.F.);
#1579=ORIENTED_EDGE('',*,*,#1136,.T.);
#1580=ORIENTED_EDGE('',*,*,#1031,.F.);
#1581=ORIENTED_EDGE('',*,*,#1141,.F.);
#1582=ORIENTED_EDGE('',*,*,#999,.F.);
#1583=ORIENTED_EDGE('',*,*,#1135,.T.);
#1584=ORIENTED_EDGE('',*,*,#998,.F.);
#1585=ORIENTED_EDGE('',*,*,#1142,.F.);
#1586=ORIENTED_EDGE('',*,*,#1024,.F.);
#1587=ORIENTED_EDGE('',*,*,#1143,.F.);
#1588=ORIENTED_EDGE('',*,*,#1025,.F.);
#1589=ORIENTED_EDGE('',*,*,#1144,.F.);
#1590=ORIENTED_EDGE('',*,*,#1035,.F.);
#1591=ORIENTED_EDGE('',*,*,#1138,.T.);
#1592=ORIENTED_EDGE('',*,*,#1026,.F.);
#1593=ORIENTED_EDGE('',*,*,#1145,.F.);
#1594=ORIENTED_EDGE('',*,*,#1071,.F.);
#1595=ORIENTED_EDGE('',*,*,#1137,.T.);
#1596=ORIENTED_EDGE('',*,*,#1070,.F.);
#1597=ORIENTED_EDGE('',*,*,#1146,.F.);
#1598=ORIENTED_EDGE('',*,*,#1033,.F.);
#1599=ORIENTED_EDGE('',*,*,#1139,.T.);
#1600=ORIENTED_EDGE('',*,*,#1027,.F.);
#1601=ORIENTED_EDGE('',*,*,#1147,.F.);
#1602=ORIENTED_EDGE('',*,*,#1015,.F.);
#1603=ORIENTED_EDGE('',*,*,#1141,.T.);
#1604=ORIENTED_EDGE('',*,*,#1140,.T.);
#1605=ORIENTED_EDGE('',*,*,#1148,.F.);
#1606=ORIENTED_EDGE('',*,*,#1144,.T.);
#1607=ORIENTED_EDGE('',*,*,#1142,.T.);
#1608=ORIENTED_EDGE('',*,*,#1149,.F.);
#1609=ORIENTED_EDGE('',*,*,#1145,.T.);
#1610=ORIENTED_EDGE('',*,*,#1143,.T.);
#1611=ORIENTED_EDGE('',*,*,#1150,.F.);
#1612=ORIENTED_EDGE('',*,*,#1147,.T.);
#1613=ORIENTED_EDGE('',*,*,#1146,.T.);
#1614=ORIENTED_EDGE('',*,*,#1151,.F.);
#1615=ORIENTED_EDGE('',*,*,#1148,.T.);
#1616=ORIENTED_EDGE('',*,*,#1055,.F.);
#1617=ORIENTED_EDGE('',*,*,#1152,.F.);
#1618=ORIENTED_EDGE('',*,*,#1000,.F.);
#1619=ORIENTED_EDGE('',*,*,#1149,.T.);
#1620=ORIENTED_EDGE('',*,*,#997,.F.);
#1621=ORIENTED_EDGE('',*,*,#1153,.F.);
#1622=ORIENTED_EDGE('',*,*,#1036,.F.);
#1623=ORIENTED_EDGE('',*,*,#1150,.T.);
#1624=ORIENTED_EDGE('',*,*,#1034,.F.);
#1625=ORIENTED_EDGE('',*,*,#1154,.F.);
#1626=ORIENTED_EDGE('',*,*,#1072,.F.);
#1627=ORIENTED_EDGE('',*,*,#1151,.T.);
#1628=ORIENTED_EDGE('',*,*,#1073,.F.);
#1629=ORIENTED_EDGE('',*,*,#1155,.F.);
#1630=ORIENTED_EDGE('',*,*,#1016,.F.);
#1631=ORIENTED_EDGE('',*,*,#1153,.T.);
#1632=ORIENTED_EDGE('',*,*,#1152,.T.);
#1633=ORIENTED_EDGE('',*,*,#1156,.F.);
#1634=ORIENTED_EDGE('',*,*,#1155,.T.);
#1635=ORIENTED_EDGE('',*,*,#1154,.T.);
#1636=ORIENTED_EDGE('',*,*,#1157,.F.);
#1637=ORIENTED_EDGE('',*,*,#1156,.T.);
#1638=ORIENTED_EDGE('',*,*,#1054,.F.);
#1639=ORIENTED_EDGE('',*,*,#1158,.F.);
#1640=ORIENTED_EDGE('',*,*,#1037,.F.);
#1641=ORIENTED_EDGE('',*,*,#1157,.T.);
#1642=ORIENTED_EDGE('',*,*,#1038,.F.);
#1643=ORIENTED_EDGE('',*,*,#1159,.F.);
#1644=ORIENTED_EDGE('',*,*,#1017,.F.);
#1645=ORIENTED_EDGE('',*,*,#1158,.T.);
#1646=ORIENTED_EDGE('',*,*,#1127,.F.);
#1647=ORIENTED_EDGE('',*,*,#1159,.T.);
#1648=ORIENTED_EDGE('',*,*,#1019,.F.);
#1649=ORIENTED_EDGE('',*,*,#1128,.F.);
#1650=ORIENTED_EDGE('',*,*,#1160,.F.);
#1651=ORIENTED_EDGE('',*,*,#1039,.F.);
#1652=ORIENTED_EDGE('',*,*,#1160,.T.);
#1653=ORIENTED_EDGE('',*,*,#1052,.F.);
#1654=ORIENTED_EDGE('',*,*,#1161,.F.);
#1655=ORIENTED_EDGE('',*,*,#1040,.F.);
#1656=ORIENTED_EDGE('',*,*,#1161,.T.);
#1657=ORIENTED_EDGE('',*,*,#1051,.F.);
#1658=ORIENTED_EDGE('',*,*,#1162,.F.);
#1659=ORIENTED_EDGE('',*,*,#1129,.F.);
#1660=ORIENTED_EDGE('',*,*,#1098,.F.);
#1661=ORIENTED_EDGE('',*,*,#1006,.F.);
#1662=ORIENTED_EDGE('',*,*,#1162,.T.);
#1663=ORIENTED_EDGE('',*,*,#1050,.F.);
#1664=ORIENTED_EDGE('',*,*,#1022,.F.);
#1665=ORIENTED_EDGE('',*,*,#976,.F.);
#1666=ORIENTED_EDGE('',*,*,#1163,.F.);
#1667=ORIENTED_EDGE('',*,*,#1063,.F.);
#1668=ORIENTED_EDGE('',*,*,#1163,.T.);
#1669=ORIENTED_EDGE('',*,*,#1066,.F.);
#1670=ORIENTED_EDGE('',*,*,#1046,.F.);
#1671=ORIENTED_EDGE('',*,*,#1064,.F.);
#1672=ORIENTED_EDGE('',*,*,#1062,.F.);
#1673=ORIENTED_EDGE('',*,*,#1012,.F.);
#1674=ORIENTED_EDGE('',*,*,#1065,.F.);
#1675=ORIENTED_EDGE('',*,*,#1044,.F.);
#1676=ORIENTED_EDGE('',*,*,#1014,.F.);
#1677=ORIENTED_EDGE('',*,*,#1061,.F.);
#1678=ORIENTED_EDGE('',*,*,#1164,.F.);
#1679=ORIENTED_EDGE('',*,*,#987,.F.);
#1680=ORIENTED_EDGE('',*,*,#1164,.T.);
#1681=ORIENTED_EDGE('',*,*,#1060,.F.);
#1682=ORIENTED_EDGE('',*,*,#1059,.F.);
#1683=ORIENTED_EDGE('',*,*,#1008,.F.);
#1684=ORIENTED_EDGE('',*,*,#1165,.T.);
#1685=ORIENTED_EDGE('',*,*,#1166,.T.);
#1686=ORIENTED_EDGE('',*,*,#1167,.F.);
#1687=ORIENTED_EDGE('',*,*,#1166,.F.);
#1688=ORIENTED_EDGE('',*,*,#1167,.T.);
#1689=ORIENTED_EDGE('',*,*,#1165,.F.);
#1690=PLANE('',#1877);
#1691=PLANE('',#1878);
#1692=PLANE('',#1879);
#1693=PLANE('',#1880);
#1694=PLANE('',#1881);
#1695=PLANE('',#1882);
#1696=PLANE('',#1883);
#1697=PLANE('',#1884);
#1698=PLANE('',#1885);
#1699=PLANE('',#1886);
#1700=PLANE('',#1887);
#1701=PLANE('',#1888);
#1702=PLANE('',#1951);
#1703=PLANE('',#1952);
#1704=PLANE('',#1953);
#1705=PLANE('',#1954);
#1706=PLANE('',#1955);
#1707=PLANE('',#1956);
#1708=PLANE('',#1960);
#1709=PLANE('',#1961);
#1710=PLANE('',#1963);
#1711=PLANE('',#1964);
#1712=PLANE('',#1967);
#1713=PLANE('',#1970);
#1714=PLANE('',#1973);
#1715=PLANE('',#1976);
#1716=PLANE('',#1977);
#1717=PLANE('',#1978);
#1718=PLANE('',#1979);
#1719=PLANE('',#1982);
#1720=PLANE('',#1983);
#1721=PLANE('',#1984);
#1722=PLANE('',#1985);
#1723=PLANE('',#1987);
#1724=PLANE('',#1988);
#1725=PLANE('',#1989);
#1726=PLANE('',#1990);
#1727=PLANE('',#1991);
#1728=PLANE('',#1994);
#1729=PLANE('',#1995);
#1730=PLANE('',#1996);
#1731=PLANE('',#1997);
#1732=PLANE('',#1998);
#1733=PLANE('',#1999);
#1734=PLANE('',#2000);
#1735=PLANE('',#2001);
#1736=PLANE('',#2002);
#1737=PLANE('',#2080);
#1738=PLANE('',#2081);
#1739=ADVANCED_FACE('',(#207),#1690,.T.);
#1740=ADVANCED_FACE('',(#208),#1691,.T.);
#1741=ADVANCED_FACE('',(#209),#1692,.T.);
#1742=ADVANCED_FACE('',(#210),#1693,.T.);
#1743=ADVANCED_FACE('',(#211),#1694,.T.);
#1744=ADVANCED_FACE('',(#212),#1695,.F.);
#1745=ADVANCED_FACE('',(#213),#1696,.T.);
#1746=ADVANCED_FACE('',(#214),#1697,.T.);
#1747=ADVANCED_FACE('',(#215),#1698,.T.);
#1748=ADVANCED_FACE('',(#216),#1699,.T.);
#1749=ADVANCED_FACE('',(#217),#1700,.T.);
#1750=ADVANCED_FACE('',(#218),#1701,.F.);
#1751=ADVANCED_FACE('',(#219),#188,.T.);
#1752=ADVANCED_FACE('',(#220),#189,.T.);
#1753=ADVANCED_FACE('',(#221),#190,.T.);
#1754=ADVANCED_FACE('',(#222),#191,.T.);
#1755=ADVANCED_FACE('',(#223),#192,.T.);
#1756=ADVANCED_FACE('',(#224),#193,.T.);
#1757=ADVANCED_FACE('',(#225),#92,.T.);
#1758=ADVANCED_FACE('',(#226),#93,.T.);
#1759=ADVANCED_FACE('',(#227),#52,.T.);
#1760=ADVANCED_FACE('',(#228),#53,.T.);
#1761=ADVANCED_FACE('',(#229),#94,.F.);
#1762=ADVANCED_FACE('',(#230),#95,.F.);
#1763=ADVANCED_FACE('',(#231),#54,.F.);
#1764=ADVANCED_FACE('',(#232),#55,.F.);
#1765=ADVANCED_FACE('',(#233),#56,.F.);
#1766=ADVANCED_FACE('',(#234),#57,.T.);
#1767=ADVANCED_FACE('',(#235),#58,.F.);
#1768=ADVANCED_FACE('',(#236),#59,.T.);
#1769=ADVANCED_FACE('',(#237),#60,.F.);
#1770=ADVANCED_FACE('',(#238),#61,.F.);
#1771=ADVANCED_FACE('',(#239,#43),#1702,.F.);
#1772=ADVANCED_FACE('',(#240,#44),#1703,.F.);
#1773=ADVANCED_FACE('',(#241),#1704,.F.);
#1774=ADVANCED_FACE('',(#242),#1705,.F.);
#1775=ADVANCED_FACE('',(#243,#45),#1706,.F.);
#1776=ADVANCED_FACE('',(#244,#46,#47),#1707,.T.);
#1777=ADVANCED_FACE('',(#245),#1708,.F.);
#1778=ADVANCED_FACE('',(#246,#48),#1709,.F.);
#1779=ADVANCED_FACE('',(#247),#1710,.F.);
#1780=ADVANCED_FACE('',(#248,#49),#1711,.T.);
#1781=ADVANCED_FACE('',(#249),#1712,.F.);
#1782=ADVANCED_FACE('',(#250,#50),#1713,.T.);
#1783=ADVANCED_FACE('',(#251,#51),#1714,.F.);
#1784=ADVANCED_FACE('',(#252),#1715,.F.);
#1785=ADVANCED_FACE('',(#253),#1716,.F.);
#1786=ADVANCED_FACE('',(#254),#1717,.T.);
#1787=ADVANCED_FACE('',(#255),#1718,.F.);
#1788=ADVANCED_FACE('',(#256),#1719,.T.);
#1789=ADVANCED_FACE('',(#257),#1720,.T.);
#1790=ADVANCED_FACE('',(#258),#1721,.T.);
#1791=ADVANCED_FACE('',(#259),#1722,.F.);
#1792=ADVANCED_FACE('',(#260),#1723,.T.);
#1793=ADVANCED_FACE('',(#261),#1724,.F.);
#1794=ADVANCED_FACE('',(#262),#1725,.T.);
#1795=ADVANCED_FACE('',(#263),#1726,.T.);
#1796=ADVANCED_FACE('',(#264),#1727,.T.);
#1797=ADVANCED_FACE('',(#265),#62,.T.);
#1798=ADVANCED_FACE('',(#266),#63,.T.);
#1799=ADVANCED_FACE('',(#267),#1728,.F.);
#1800=ADVANCED_FACE('',(#268),#1729,.F.);
#1801=ADVANCED_FACE('',(#269),#1730,.T.);
#1802=ADVANCED_FACE('',(#270),#1731,.T.);
#1803=ADVANCED_FACE('',(#271),#1732,.T.);
#1804=ADVANCED_FACE('',(#272),#1733,.F.);
#1805=ADVANCED_FACE('',(#273),#1734,.T.);
#1806=ADVANCED_FACE('',(#274),#1735,.T.);
#1807=ADVANCED_FACE('',(#275),#1736,.T.);
#1808=ADVANCED_FACE('',(#276),#64,.T.);
#1809=ADVANCED_FACE('',(#277),#65,.T.);
#1810=ADVANCED_FACE('',(#278),#194,.T.);
#1811=ADVANCED_FACE('',(#279),#66,.T.);
#1812=ADVANCED_FACE('',(#280),#67,.T.);
#1813=ADVANCED_FACE('',(#281),#28,.T.);
#1814=ADVANCED_FACE('',(#282),#29,.T.);
#1815=ADVANCED_FACE('',(#283),#195,.T.);
#1816=ADVANCED_FACE('',(#284),#68,.T.);
#1817=ADVANCED_FACE('',(#285),#69,.T.);
#1818=ADVANCED_FACE('',(#286),#70,.T.);
#1819=ADVANCED_FACE('',(#287),#71,.T.);
#1820=ADVANCED_FACE('',(#288),#72,.T.);
#1821=ADVANCED_FACE('',(#289),#73,.T.);
#1822=ADVANCED_FACE('',(#290),#74,.T.);
#1823=ADVANCED_FACE('',(#291),#30,.T.);
#1824=ADVANCED_FACE('',(#292),#31,.T.);
#1825=ADVANCED_FACE('',(#293),#32,.T.);
#1826=ADVANCED_FACE('',(#294),#33,.T.);
#1827=ADVANCED_FACE('',(#295),#75,.T.);
#1828=ADVANCED_FACE('',(#296),#76,.T.);
#1829=ADVANCED_FACE('',(#297),#77,.T.);
#1830=ADVANCED_FACE('',(#298),#78,.T.);
#1831=ADVANCED_FACE('',(#299),#34,.T.);
#1832=ADVANCED_FACE('',(#300),#35,.T.);
#1833=ADVANCED_FACE('',(#301),#79,.T.);
#1834=ADVANCED_FACE('',(#302),#80,.T.);
#1835=ADVANCED_FACE('',(#303),#36,.T.);
#1836=ADVANCED_FACE('',(#304),#196,.F.);
#1837=ADVANCED_FACE('',(#305),#81,.F.);
#1838=ADVANCED_FACE('',(#306),#27,.F.);
#1839=ADVANCED_FACE('',(#307),#82,.F.);
#1840=ADVANCED_FACE('',(#308),#197,.T.);
#1841=ADVANCED_FACE('',(#309),#83,.T.);
#1842=ADVANCED_FACE('',(#310),#84,.T.);
#1843=ADVANCED_FACE('',(#311),#198,.T.);
#1844=ADVANCED_FACE('',(#312),#85,.T.);
#1845=ADVANCED_FACE('',(#313),#86,.T.);
#1846=ADVANCED_FACE('',(#314),#1737,.T.);
#1847=ADVANCED_FACE('',(#315),#1738,.F.);
#1848=CLOSED_SHELL('',(#1739,#1740,#1741,#1742,#1743,#1744));
#1849=CLOSED_SHELL('',(#1745,#1746,#1747,#1748,#1749,#1750));
#1850=CLOSED_SHELL('',(#1751,#1752,#1753,#1754,#1755,#1756,#1757,#1758,
#1759,#1760,#1761,#1762,#1763,#1764,#1765,#1766,#1767,#1768,#1769,#1770,
#1771,#1772,#1773,#1774,#1775,#1776,#1777,#1778,#1779,#1780,#1781,#1782,
#1783,#1784,#1785,#1786,#1787,#1788,#1789,#1790,#1791,#1792,#1793,#1794,
#1795,#1796,#1797,#1798,#1799,#1800,#1801,#1802,#1803,#1804,#1805,#1806,
#1807,#1808,#1809,#1810,#1811,#1812,#1813,#1814,#1815,#1816,#1817,#1818,
#1819,#1820,#1821,#1822,#1823,#1824,#1825,#1826,#1827,#1828,#1829,#1830,
#1831,#1832,#1833,#1834,#1835,#1836,#1837,#1838,#1839,#1840,#1841,#1842,
#1843,#1844));
#1851=CLOSED_SHELL('',(#1845,#1846,#1847));
#1852=DERIVED_UNIT_ELEMENT(#1856,1.);
#1853=DERIVED_UNIT_ELEMENT(#3253,-3.);
#1854=DERIVED_UNIT_ELEMENT(#1856,1.);
#1855=DERIVED_UNIT_ELEMENT(#3253,-3.);
#1856=(
MASS_UNIT()
NAMED_UNIT(*)
SI_UNIT(.KILO.,.GRAM.)
);
#1857=DERIVED_UNIT((#1852,#1853));
#1858=DERIVED_UNIT((#1854,#1855));
#1859=MEASURE_REPRESENTATION_ITEM('density measure',
POSITIVE_RATIO_MEASURE(7850.),#1857);
#1860=MEASURE_REPRESENTATION_ITEM('density measure',
POSITIVE_RATIO_MEASURE(7850.),#1858);
#1861=PROPERTY_DEFINITION_REPRESENTATION(#1871,#1865);
#1862=PROPERTY_DEFINITION_REPRESENTATION(#1872,#1866);
#1863=PROPERTY_DEFINITION_REPRESENTATION(#1873,#1867);
#1864=PROPERTY_DEFINITION_REPRESENTATION(#1874,#1868);
#1865=REPRESENTATION('material name',(#1869),#3249);
#1866=REPRESENTATION('density',(#1859),#3249);
#1867=REPRESENTATION('material name',(#1870),#3250);
#1868=REPRESENTATION('density',(#1860),#3250);
#1869=DESCRIPTIVE_REPRESENTATION_ITEM('Steel','Steel');
#1870=DESCRIPTIVE_REPRESENTATION_ITEM('Steel','Steel');
#1871=PROPERTY_DEFINITION('material property','material name',#3270);
#1872=PROPERTY_DEFINITION('material property','density of part',#3270);
#1873=PROPERTY_DEFINITION('material property','material name',#3271);
#1874=PROPERTY_DEFINITION('material property','density of part',#3271);
#1875=AXIS2_PLACEMENT_3D('placement',#2663,#2085,#2086);
#1876=AXIS2_PLACEMENT_3D('placement',#2664,#2087,#2088);
#1877=AXIS2_PLACEMENT_3D('',#2665,#2089,#2090);
#1878=AXIS2_PLACEMENT_3D('',#2674,#2095,#2096);
#1879=AXIS2_PLACEMENT_3D('',#2680,#2100,#2101);
#1880=AXIS2_PLACEMENT_3D('',#2686,#2105,#2106);
#1881=AXIS2_PLACEMENT_3D('',#2689,#2109,#2110);
#1882=AXIS2_PLACEMENT_3D('',#2690,#2111,#2112);
#1883=AXIS2_PLACEMENT_3D('',#2691,#2113,#2114);
#1884=AXIS2_PLACEMENT_3D('',#2700,#2119,#2120);
#1885=AXIS2_PLACEMENT_3D('',#2706,#2124,#2125);
#1886=AXIS2_PLACEMENT_3D('',#2712,#2129,#2130);
#1887=AXIS2_PLACEMENT_3D('',#2715,#2133,#2134);
#1888=AXIS2_PLACEMENT_3D('',#2716,#2135,#2136);
#1889=AXIS2_PLACEMENT_3D('',#2717,#2137,#2138);
#1890=AXIS2_PLACEMENT_3D('',#2719,#2139,#2140);
#1891=AXIS2_PLACEMENT_3D('',#2721,#2141,#2142);
#1892=AXIS2_PLACEMENT_3D('',#2722,#2143,#2144);
#1893=AXIS2_PLACEMENT_3D('',#2723,#2145,#2146);
#1894=AXIS2_PLACEMENT_3D('',#2725,#2147,#2148);
#1895=AXIS2_PLACEMENT_3D('',#2727,#2149,#2150);
#1896=AXIS2_PLACEMENT_3D('',#2728,#2151,#2152);
#1897=AXIS2_PLACEMENT_3D('',#2729,#2153,#2154);
#1898=AXIS2_PLACEMENT_3D('',#2731,#2155,#2156);
#1899=AXIS2_PLACEMENT_3D('',#2733,#2157,#2158);
#1900=AXIS2_PLACEMENT_3D('',#2734,#2159,#2160);
#1901=AXIS2_PLACEMENT_3D('',#2735,#2161,#2162);
#1902=AXIS2_PLACEMENT_3D('',#2737,#2163,#2164);
#1903=AXIS2_PLACEMENT_3D('',#2739,#2165,#2166);
#1904=AXIS2_PLACEMENT_3D('',#2740,#2167,#2168);
#1905=AXIS2_PLACEMENT_3D('',#2741,#2169,#2170);
#1906=AXIS2_PLACEMENT_3D('',#2743,#2171,#2172);
#1907=AXIS2_PLACEMENT_3D('',#2745,#2173,#2174);
#1908=AXIS2_PLACEMENT_3D('',#2746,#2175,#2176);
#1909=AXIS2_PLACEMENT_3D('',#2747,#2177,#2178);
#1910=AXIS2_PLACEMENT_3D('',#2749,#2179,#2180);
#1911=AXIS2_PLACEMENT_3D('',#2751,#2181,#2182);
#1912=AXIS2_PLACEMENT_3D('',#2752,#2183,#2184);
#1913=AXIS2_PLACEMENT_3D('',#2753,#2185,#2186);
#1914=AXIS2_PLACEMENT_3D('',#2756,#2187,#2188);
#1915=AXIS2_PLACEMENT_3D('',#2762,#2189,#2190);
#1916=AXIS2_PLACEMENT_3D('',#2765,#2192,#2193);
#1917=AXIS2_PLACEMENT_3D('',#2767,#2194,#2195);
#1918=AXIS2_PLACEMENT_3D('',#2771,#2196,#2197);
#1919=AXIS2_PLACEMENT_3D('',#2774,#2198,#2199);
#1920=AXIS2_PLACEMENT_3D('',#2780,#2200,#2201);
#1921=AXIS2_PLACEMENT_3D('',#2783,#2203,#2204);
#1922=AXIS2_PLACEMENT_3D('',#2785,#2205,#2206);
#1923=AXIS2_PLACEMENT_3D('',#2789,#2207,#2208);
#1924=AXIS2_PLACEMENT_3D('',#2792,#2210,#2211);
#1925=AXIS2_PLACEMENT_3D('',#2793,#2212,#2213);
#1926=AXIS2_PLACEMENT_3D('',#2796,#2215,#2216);
#1927=AXIS2_PLACEMENT_3D('',#2797,#2217,#2218);
#1928=AXIS2_PLACEMENT_3D('',#2799,#2219,#2220);
#1929=AXIS2_PLACEMENT_3D('',#2802,#2222,#2223);
#1930=AXIS2_PLACEMENT_3D('',#2803,#2224,#2225);
#1931=AXIS2_PLACEMENT_3D('',#2805,#2226,#2227);
#1932=AXIS2_PLACEMENT_3D('',#2808,#2229,#2230);
#1933=AXIS2_PLACEMENT_3D('',#2809,#2231,#2232);
#1934=AXIS2_PLACEMENT_3D('',#2811,#2234,#2235);
#1935=AXIS2_PLACEMENT_3D('',#2813,#2237,#2238);
#1936=AXIS2_PLACEMENT_3D('',#2815,#2240,#2241);
#1937=AXIS2_PLACEMENT_3D('',#2818,#2242,#2243);
#1938=AXIS2_PLACEMENT_3D('',#2822,#2245,#2246);
#1939=AXIS2_PLACEMENT_3D('',#2826,#2248,#2249);
#1940=AXIS2_PLACEMENT_3D('',#2830,#2251,#2252);
#1941=AXIS2_PLACEMENT_3D('',#2832,#2254,#2255);
#1942=AXIS2_PLACEMENT_3D('',#2834,#2257,#2258);
#1943=AXIS2_PLACEMENT_3D('',#2837,#2259,#2260);
#1944=AXIS2_PLACEMENT_3D('',#2841,#2262,#2263);
#1945=AXIS2_PLACEMENT_3D('',#2845,#2265,#2266);
#1946=AXIS2_PLACEMENT_3D('',#2849,#2268,#2269);
#1947=AXIS2_PLACEMENT_3D('',#2851,#2271,#2272);
#1948=AXIS2_PLACEMENT_3D('',#2853,#2273,#2274);
#1949=AXIS2_PLACEMENT_3D('',#2855,#2276,#2277);
#1950=AXIS2_PLACEMENT_3D('',#2857,#2278,#2279);
#1951=AXIS2_PLACEMENT_3D('',#2859,#2281,#2282);
#1952=AXIS2_PLACEMENT_3D('',#2860,#2283,#2284);
#1953=AXIS2_PLACEMENT_3D('',#2877,#2293,#2294);
#1954=AXIS2_PLACEMENT_3D('',#2883,#2298,#2299);
#1955=AXIS2_PLACEMENT_3D('',#2889,#2303,#2304);
#1956=AXIS2_PLACEMENT_3D('',#2890,#2305,#2306);
#1957=AXIS2_PLACEMENT_3D('',#2898,#2310,#2311);
#1958=AXIS2_PLACEMENT_3D('',#2916,#2317,#2318);
#1959=AXIS2_PLACEMENT_3D('',#2917,#2319,#2320);
#1960=AXIS2_PLACEMENT_3D('',#2918,#2321,#2322);
#1961=AXIS2_PLACEMENT_3D('',#2927,#2327,#2328);
#1962=AXIS2_PLACEMENT_3D('',#2932,#2330,#2331);
#1963=AXIS2_PLACEMENT_3D('',#2942,#2337,#2338);
#1964=AXIS2_PLACEMENT_3D('',#2953,#2344,#2345);
#1965=AXIS2_PLACEMENT_3D('',#2955,#2346,#2347);
#1966=AXIS2_PLACEMENT_3D('',#2960,#2350,#2351);
#1967=AXIS2_PLACEMENT_3D('',#2961,#2352,#2353);
#1968=AXIS2_PLACEMENT_3D('',#2970,#2357,#2358);
#1969=AXIS2_PLACEMENT_3D('',#2999,#2370,#2371);
#1970=AXIS2_PLACEMENT_3D('',#3000,#2372,#2373);
#1971=AXIS2_PLACEMENT_3D('',#3003,#2375,#2376);
#1972=AXIS2_PLACEMENT_3D('',#3004,#2377,#2378);
#1973=AXIS2_PLACEMENT_3D('',#3005,#2379,#2380);
#1974=AXIS2_PLACEMENT_3D('',#3007,#2381,#2382);
#1975=AXIS2_PLACEMENT_3D('',#3009,#2384,#2385);
#1976=AXIS2_PLACEMENT_3D('',#3010,#2386,#2387);
#1977=AXIS2_PLACEMENT_3D('',#3013,#2390,#2391);
#1978=AXIS2_PLACEMENT_3D('',#3016,#2394,#2395);
#1979=AXIS2_PLACEMENT_3D('',#3025,#2400,#2401);
#1980=AXIS2_PLACEMENT_3D('',#3028,#2402,#2403);
#1981=AXIS2_PLACEMENT_3D('',#3036,#2407,#2408);
#1982=AXIS2_PLACEMENT_3D('',#3056,#2420,#2421);
#1983=AXIS2_PLACEMENT_3D('',#3062,#2425,#2426);
#1984=AXIS2_PLACEMENT_3D('',#3067,#2430,#2431);
#1985=AXIS2_PLACEMENT_3D('',#3070,#2434,#2435);
#1986=AXIS2_PLACEMENT_3D('',#3071,#2436,#2437);
#1987=AXIS2_PLACEMENT_3D('',#3075,#2440,#2441);
#1988=AXIS2_PLACEMENT_3D('',#3082,#2446,#2447);
#1989=AXIS2_PLACEMENT_3D('',#3084,#2449,#2450);
#1990=AXIS2_PLACEMENT_3D('',#3086,#2452,#2453);
#1991=AXIS2_PLACEMENT_3D('',#3087,#2454,#2455);
#1992=AXIS2_PLACEMENT_3D('',#3088,#2456,#2457);
#1993=AXIS2_PLACEMENT_3D('',#3091,#2460,#2461);
#1994=AXIS2_PLACEMENT_3D('',#3094,#2464,#2465);
#1995=AXIS2_PLACEMENT_3D('',#3105,#2472,#2473);
#1996=AXIS2_PLACEMENT_3D('',#3111,#2477,#2478);
#1997=AXIS2_PLACEMENT_3D('',#3113,#2480,#2481);
#1998=AXIS2_PLACEMENT_3D('',#3115,#2483,#2484);
#1999=AXIS2_PLACEMENT_3D('',#3116,#2485,#2486);
#2000=AXIS2_PLACEMENT_3D('',#3122,#2490,#2491);
#2001=AXIS2_PLACEMENT_3D('',#3124,#2493,#2494);
#2002=AXIS2_PLACEMENT_3D('',#3126,#2496,#2497);
#2003=AXIS2_PLACEMENT_3D('',#3127,#2498,#2499);
#2004=AXIS2_PLACEMENT_3D('',#3128,#2500,#2501);
#2005=AXIS2_PLACEMENT_3D('',#3129,#2502,#2503);
#2006=AXIS2_PLACEMENT_3D('',#3130,#2504,#2505);
#2007=AXIS2_PLACEMENT_3D('',#3131,#2506,#2507);
#2008=AXIS2_PLACEMENT_3D('',#3132,#2508,#2509);
#2009=AXIS2_PLACEMENT_3D('',#3133,#2510,#2511);
#2010=AXIS2_PLACEMENT_3D('',#3134,#2512,#2513);
#2011=AXIS2_PLACEMENT_3D('',#3135,#2514,#2515);
#2012=AXIS2_PLACEMENT_3D('',#3136,#2516,#2517);
#2013=AXIS2_PLACEMENT_3D('',#3137,#2518,#2519);
#2014=AXIS2_PLACEMENT_3D('',#3138,#2520,#2521);
#2015=AXIS2_PLACEMENT_3D('',#3139,#2522,#2523);
#2016=AXIS2_PLACEMENT_3D('',#3140,#2524,#2525);
#2017=AXIS2_PLACEMENT_3D('',#3141,#2526,#2527);
#2018=AXIS2_PLACEMENT_3D('',#3142,#2528,#2529);
#2019=AXIS2_PLACEMENT_3D('',#3143,#2530,#2531);
#2020=AXIS2_PLACEMENT_3D('',#3144,#2532,#2533);
#2021=AXIS2_PLACEMENT_3D('',#3145,#2534,#2535);
#2022=AXIS2_PLACEMENT_3D('',#3146,#2536,#2537);
#2023=AXIS2_PLACEMENT_3D('',#3161,#2538,#2539);
#2024=AXIS2_PLACEMENT_3D('',#3162,#2540,#2541);
#2025=AXIS2_PLACEMENT_3D('',#3163,#2542,#2543);
#2026=AXIS2_PLACEMENT_3D('',#3164,#2544,#2545);
#2027=AXIS2_PLACEMENT_3D('',#3165,#2546,#2547);
#2028=AXIS2_PLACEMENT_3D('',#3166,#2548,#2549);
#2029=AXIS2_PLACEMENT_3D('',#3167,#2550,#2551);
#2030=AXIS2_PLACEMENT_3D('',#3168,#2552,#2553);
#2031=AXIS2_PLACEMENT_3D('',#3169,#2554,#2555);
#2032=AXIS2_PLACEMENT_3D('',#3170,#2556,#2557);
#2033=AXIS2_PLACEMENT_3D('',#3171,#2558,#2559);
#2034=AXIS2_PLACEMENT_3D('',#3172,#2560,#2561);
#2035=AXIS2_PLACEMENT_3D('',#3173,#2562,#2563);
#2036=AXIS2_PLACEMENT_3D('',#3174,#2564,#2565);
#2037=AXIS2_PLACEMENT_3D('',#3175,#2566,#2567);
#2038=AXIS2_PLACEMENT_3D('',#3176,#2568,#2569);
#2039=AXIS2_PLACEMENT_3D('',#3177,#2570,#2571);
#2040=AXIS2_PLACEMENT_3D('',#3178,#2572,#2573);
#2041=AXIS2_PLACEMENT_3D('',#3179,#2574,#2575);
#2042=AXIS2_PLACEMENT_3D('',#3180,#2576,#2577);
#2043=AXIS2_PLACEMENT_3D('',#3181,#2578,#2579);
#2044=AXIS2_PLACEMENT_3D('',#3182,#2580,#2581);
#2045=AXIS2_PLACEMENT_3D('',#3183,#2582,#2583);
#2046=AXIS2_PLACEMENT_3D('',#3184,#2584,#2585);
#2047=AXIS2_PLACEMENT_3D('',#3185,#2586,#2587);
#2048=AXIS2_PLACEMENT_3D('',#3186,#2588,#2589);
#2049=AXIS2_PLACEMENT_3D('',#3187,#2590,#2591);
#2050=AXIS2_PLACEMENT_3D('',#3188,#2592,#2593);
#2051=AXIS2_PLACEMENT_3D('',#3189,#2594,#2595);
#2052=AXIS2_PLACEMENT_3D('',#3190,#2596,#2597);
#2053=AXIS2_PLACEMENT_3D('',#3191,#2598,#2599);
#2054=AXIS2_PLACEMENT_3D('',#3192,#2600,#2601);
#2055=AXIS2_PLACEMENT_3D('',#3193,#2602,#2603);
#2056=AXIS2_PLACEMENT_3D('',#3194,#2604,#2605);
#2057=AXIS2_PLACEMENT_3D('',#3195,#2606,#2607);
#2058=AXIS2_PLACEMENT_3D('',#3196,#2608,#2609);
#2059=AXIS2_PLACEMENT_3D('',#3197,#2610,#2611);
#2060=AXIS2_PLACEMENT_3D('',#3198,#2612,#2613);
#2061=AXIS2_PLACEMENT_3D('',#3199,#2614,#2615);
#2062=AXIS2_PLACEMENT_3D('',#3200,#2616,#2617);
#2063=AXIS2_PLACEMENT_3D('',#3201,#2618,#2619);
#2064=AXIS2_PLACEMENT_3D('',#3202,#2620,#2621);
#2065=AXIS2_PLACEMENT_3D('',#3203,#2622,#2623);
#2066=AXIS2_PLACEMENT_3D('',#3204,#2624,#2625);
#2067=AXIS2_PLACEMENT_3D('',#3223,#2626,#2627);
#2068=AXIS2_PLACEMENT_3D('',#3224,#2628,#2629);
#2069=AXIS2_PLACEMENT_3D('',#3225,#2630,#2631);
#2070=AXIS2_PLACEMENT_3D('',#3226,#2632,#2633);
#2071=AXIS2_PLACEMENT_3D('',#3227,#2634,#2635);
#2072=AXIS2_PLACEMENT_3D('',#3228,#2636,#2637);
#2073=AXIS2_PLACEMENT_3D('',#3229,#2638,#2639);
#2074=AXIS2_PLACEMENT_3D('',#3230,#2640,#2641);
#2075=AXIS2_PLACEMENT_3D('',#3231,#2642,#2643);
#2076=AXIS2_PLACEMENT_3D('placement',#3232,#2644,#2645);
#2077=AXIS2_PLACEMENT_3D('',#3233,#2646,#2647);
#2078=AXIS2_PLACEMENT_3D('',#3235,#2648,#2649);
#2079=AXIS2_PLACEMENT_3D('',#3238,#2651,#2652);
#2080=AXIS2_PLACEMENT_3D('',#3239,#2653,#2654);
#2081=AXIS2_PLACEMENT_3D('',#3240,#2655,#2656);
#2082=AXIS2_PLACEMENT_3D('',#3241,#2657,#2658);
#2083=AXIS2_PLACEMENT_3D('',#3242,#2659,#2660);
#2084=AXIS2_PLACEMENT_3D('',#3243,#2661,#2662);
#2085=DIRECTION('axis',(0.,0.,1.));
#2086=DIRECTION('refdir',(1.,0.,0.));
#2087=DIRECTION('axis',(0.,0.,1.));
#2088=DIRECTION('refdir',(1.,0.,0.));
#2089=DIRECTION('center_axis',(-0.0214236532971781,1.99347739624995E-16,
0.999770487201639));
#2090=DIRECTION('ref_axis',(0.999770487201639,0.,0.0214236532971781));
#2091=DIRECTION('',(0.,1.,-1.9939350298584E-16));
#2092=DIRECTION('',(-0.999770487201639,0.,-0.0214236532971781));
#2093=DIRECTION('',(0.,1.,-1.9939350298584E-16));
#2094=DIRECTION('',(-0.999770487201639,0.,-0.0214236532971781));
#2095=DIRECTION('center_axis',(0.,-1.,0.));
#2096=DIRECTION('ref_axis',(0.,0.,-1.));
#2097=DIRECTION('',(-0.0214236532971782,0.,0.999770487201639));
#2098=DIRECTION('',(-0.999770487201639,0.,-0.0214236532971781));
#2099=DIRECTION('',(-0.0214236532971782,0.,0.999770487201639));
#2100=DIRECTION('center_axis',(0.0214236532971781,-1.49510804718746E-16,
-0.999770487201639));
#2101=DIRECTION('ref_axis',(-0.999770487201639,0.,-0.0214236532971781));
#2102=DIRECTION('',(0.,-1.,1.4954512723938E-16));
#2103=DIRECTION('',(-0.999770487201639,0.,-0.0214236532971781));
#2104=DIRECTION('',(0.,-1.,1.4954512723938E-16));
#2105=DIRECTION('center_axis',(0.,1.,0.));
#2106=DIRECTION('ref_axis',(0.,0.,1.));
#2107=DIRECTION('',(0.0214236532971782,0.,-0.999770487201639));
#2108=DIRECTION('',(0.0214236532971782,0.,-0.999770487201639));
#2109=DIRECTION('center_axis',(0.999770487201639,4.2717372776785E-18,0.0214236532971782));
#2110=DIRECTION('ref_axis',(0.0214236532971782,0.,-0.999770487201639));
#2111=DIRECTION('center_axis',(0.999770487201639,4.2717372776785E-18,0.0214236532971782));
#2112=DIRECTION('ref_axis',(0.0214236532971782,0.,-0.999770487201639));
#2113=DIRECTION('center_axis',(-0.0214236532971781,5.98043218874984E-16,
0.999770487201639));
#2114=DIRECTION('ref_axis',(0.999770487201639,0.,0.0214236532971781));
#2115=DIRECTION('',(0.,1.,-5.9818050895752E-16));
#2116=DIRECTION('',(-0.999770487201639,0.,-0.0214236532971781));
#2117=DIRECTION('',(0.,1.,-5.9818050895752E-16));
#2118=DIRECTION('',(-0.999770487201639,0.,-0.0214236532971781));
#2119=DIRECTION('center_axis',(-2.27820185933656E-18,-1.,1.06316086769039E-16));
#2120=DIRECTION('ref_axis',(0.,-1.06316086769039E-16,-1.));
#2121=DIRECTION('',(-0.0214236532971782,1.06340493273229E-16,0.999770487201639));
#2122=DIRECTION('',(-0.999770487201639,0.,-0.0214236532971781));
#2123=DIRECTION('',(-0.0214236532971782,1.06340493273229E-16,0.999770487201639));
#2124=DIRECTION('center_axis',(0.0214236532971781,-3.98695479249989E-16,
-0.999770487201639));
#2125=DIRECTION('ref_axis',(-0.999770487201639,0.,-0.0214236532971781));
#2126=DIRECTION('',(0.,-1.,3.9878700597168E-16));
#2127=DIRECTION('',(-0.999770487201639,0.,-0.0214236532971781));
#2128=DIRECTION('',(0.,-1.,3.9878700597168E-16));
#2129=DIRECTION('center_axis',(0.,1.,0.));
#2130=DIRECTION('ref_axis',(0.,0.,1.));
#2131=DIRECTION('',(0.0214236532971782,0.,-0.999770487201639));
#2132=DIRECTION('',(0.0214236532971782,0.,-0.999770487201639));
#2133=DIRECTION('center_axis',(0.999770487201639,1.28152118330355E-17,0.0214236532971782));
#2134=DIRECTION('ref_axis',(0.0214236532971782,0.,-0.999770487201639));
#2135=DIRECTION('center_axis',(0.999770487201639,1.28152118330355E-17,0.0214236532971782));
#2136=DIRECTION('ref_axis',(0.0214236532971782,0.,-0.999770487201639));
#2137=DIRECTION('center_axis',(0.,0.,-1.));
#2138=DIRECTION('ref_axis',(-1.,0.,0.));
#2139=DIRECTION('center_axis',(0.,0.,-1.));
#2140=DIRECTION('ref_axis',(-1.,0.,0.));
#2141=DIRECTION('center_axis',(0.,-1.,0.));
#2142=DIRECTION('ref_axis',(1.,0.,0.));
#2143=DIRECTION('center_axis',(0.,0.,1.));
#2144=DIRECTION('ref_axis',(-1.,0.,0.));
#2145=DIRECTION('center_axis',(0.,0.,-1.));
#2146=DIRECTION('ref_axis',(-1.,0.,0.));
#2147=DIRECTION('center_axis',(0.,0.,-1.));
#2148=DIRECTION('ref_axis',(-1.,0.,0.));
#2149=DIRECTION('center_axis',(0.,-1.,0.));
#2150=DIRECTION('ref_axis',(1.,0.,0.));
#2151=DIRECTION('center_axis',(0.,0.,1.));
#2152=DIRECTION('ref_axis',(-1.,0.,0.));
#2153=DIRECTION('center_axis',(0.,1.,0.));
#2154=DIRECTION('ref_axis',(0.,0.,1.));
#2155=DIRECTION('center_axis',(0.,1.,0.));
#2156=DIRECTION('ref_axis',(0.,0.,1.));
#2157=DIRECTION('center_axis',(-1.,0.,0.));
#2158=DIRECTION('ref_axis',(0.,0.,-1.));
#2159=DIRECTION('center_axis',(0.,-1.,0.));
#2160=DIRECTION('ref_axis',(0.,0.,1.));
#2161=DIRECTION('center_axis',(0.,1.,0.));
#2162=DIRECTION('ref_axis',(0.,0.,1.));
#2163=DIRECTION('center_axis',(0.,1.,0.));
#2164=DIRECTION('ref_axis',(0.,0.,1.));
#2165=DIRECTION('center_axis',(-1.,0.,0.));
#2166=DIRECTION('ref_axis',(0.,0.,-1.));
#2167=DIRECTION('center_axis',(0.,-1.,0.));
#2168=DIRECTION('ref_axis',(0.,0.,1.));
#2169=DIRECTION('center_axis',(0.,1.,0.));
#2170=DIRECTION('ref_axis',(0.,0.,1.));
#2171=DIRECTION('center_axis',(0.,1.,0.));
#2172=DIRECTION('ref_axis',(0.,0.,1.));
#2173=DIRECTION('center_axis',(-1.,0.,0.));
#2174=DIRECTION('ref_axis',(0.,0.,-1.));
#2175=DIRECTION('center_axis',(0.,-1.,0.));
#2176=DIRECTION('ref_axis',(0.,0.,1.));
#2177=DIRECTION('center_axis',(0.,1.,0.));
#2178=DIRECTION('ref_axis',(0.,0.,1.));
#2179=DIRECTION('center_axis',(0.,1.,0.));
#2180=DIRECTION('ref_axis',(0.,0.,1.));
#2181=DIRECTION('center_axis',(-1.,0.,0.));
#2182=DIRECTION('ref_axis',(0.,0.,-1.));
#2183=DIRECTION('center_axis',(0.,-1.,0.));
#2184=DIRECTION('ref_axis',(0.,0.,1.));
#2185=DIRECTION('center_axis',(0.,0.,-1.));
#2186=DIRECTION('ref_axis',(-1.,0.,0.));
#2187=DIRECTION('center_axis',(0.,0.,1.));
#2188=DIRECTION('ref_axis',(-1.,-1.2438799949767E-14,0.));
#2189=DIRECTION('center_axis',(0.,0.,1.));
#2190=DIRECTION('ref_axis',(-1.,0.,0.));
#2191=DIRECTION('',(-0.707106781186543,8.65956056235488E-17,0.707106781186552));
#2192=DIRECTION('center_axis',(0.,0.,-1.));
#2193=DIRECTION('ref_axis',(-1.,0.,0.));
#2194=DIRECTION('center_axis',(0.,0.,1.));
#2195=DIRECTION('ref_axis',(-1.,0.,0.));
#2196=DIRECTION('center_axis',(0.,0.,-1.));
#2197=DIRECTION('ref_axis',(-1.,0.,0.));
#2198=DIRECTION('center_axis',(0.,0.,1.));
#2199=DIRECTION('ref_axis',(-1.,-1.2438799949767E-15,0.));
#2200=DIRECTION('center_axis',(0.,0.,1.));
#2201=DIRECTION('ref_axis',(-1.,0.,0.));
#2202=DIRECTION('',(-0.707106781186544,8.65956056235489E-17,0.707106781186551));
#2203=DIRECTION('center_axis',(0.,0.,-1.));
#2204=DIRECTION('ref_axis',(-1.,0.,0.));
#2205=DIRECTION('center_axis',(0.,0.,1.));
#2206=DIRECTION('ref_axis',(-1.,0.,0.));
#2207=DIRECTION('center_axis',(0.,0.,-1.));
#2208=DIRECTION('ref_axis',(-1.,0.,0.));
#2209=DIRECTION('',(0.,0.,1.));
#2210=DIRECTION('center_axis',(0.,0.,1.));
#2211=DIRECTION('ref_axis',(-1.,0.,0.));
#2212=DIRECTION('center_axis',(0.,0.,-1.));
#2213=DIRECTION('ref_axis',(-1.,0.,0.));
#2214=DIRECTION('',(0.,0.,1.));
#2215=DIRECTION('center_axis',(0.,0.,1.));
#2216=DIRECTION('ref_axis',(-1.,0.,0.));
#2217=DIRECTION('center_axis',(0.,0.,-1.));
#2218=DIRECTION('ref_axis',(-1.,0.,0.));
#2219=DIRECTION('center_axis',(0.,0.,-1.));
#2220=DIRECTION('ref_axis',(-1.,0.,0.));
#2221=DIRECTION('',(0.707106781186543,-8.65956056235488E-17,-0.707106781186552));
#2222=DIRECTION('center_axis',(0.,0.,1.));
#2223=DIRECTION('ref_axis',(-1.,0.,0.));
#2224=DIRECTION('center_axis',(0.,0.,-1.));
#2225=DIRECTION('ref_axis',(-1.,0.,0.));
#2226=DIRECTION('center_axis',(0.,0.,-1.));
#2227=DIRECTION('ref_axis',(-1.,0.,0.));
#2228=DIRECTION('',(0.707106781186544,-8.65956056235489E-17,-0.707106781186551));
#2229=DIRECTION('center_axis',(0.,0.,1.));
#2230=DIRECTION('ref_axis',(-1.,0.,0.));
#2231=DIRECTION('center_axis',(0.,0.,-1.));
#2232=DIRECTION('ref_axis',(-1.,0.,0.));
#2233=DIRECTION('',(0.,0.,-1.));
#2234=DIRECTION('center_axis',(0.,0.,-1.));
#2235=DIRECTION('ref_axis',(-1.,0.,0.));
#2236=DIRECTION('',(0.,0.,-1.));
#2237=DIRECTION('center_axis',(0.,1.,0.));
#2238=DIRECTION('ref_axis',(0.,0.,1.));
#2239=DIRECTION('',(0.,1.,0.));
#2240=DIRECTION('center_axis',(0.,1.,0.));
#2241=DIRECTION('ref_axis',(0.985844433656796,0.,-0.167662615474978));
#2242=DIRECTION('center_axis',(0.,1.,0.));
#2243=DIRECTION('ref_axis',(0.,0.,1.));
#2244=DIRECTION('',(0.,1.,0.));
#2245=DIRECTION('center_axis',(0.,-1.,0.));
#2246=DIRECTION('ref_axis',(0.,0.,1.));
#2247=DIRECTION('',(0.,1.,0.));
#2248=DIRECTION('center_axis',(0.,-1.,0.));
#2249=DIRECTION('ref_axis',(0.,0.,1.));
#2250=DIRECTION('',(0.,-1.,0.));
#2251=DIRECTION('center_axis',(0.,-1.,0.));
#2252=DIRECTION('ref_axis',(0.,0.,1.));
#2253=DIRECTION('',(0.,1.,0.));
#2254=DIRECTION('center_axis',(0.,1.,0.));
#2255=DIRECTION('ref_axis',(0.,0.,1.));
#2256=DIRECTION('',(0.,1.,0.));
#2257=DIRECTION('center_axis',(0.,1.,0.));
#2258=DIRECTION('ref_axis',(0.985844433656796,0.,-0.167662615474978));
#2259=DIRECTION('center_axis',(0.,1.,0.));
#2260=DIRECTION('ref_axis',(0.,0.,1.));
#2261=DIRECTION('',(0.,1.,0.));
#2262=DIRECTION('center_axis',(0.,-1.,0.));
#2263=DIRECTION('ref_axis',(0.,0.,1.));
#2264=DIRECTION('',(0.,1.,0.));
#2265=DIRECTION('center_axis',(0.,-1.,0.));
#2266=DIRECTION('ref_axis',(0.,0.,1.));
#2267=DIRECTION('',(0.,1.,0.));
#2268=DIRECTION('center_axis',(0.,-1.,0.));
#2269=DIRECTION('ref_axis',(0.,0.,1.));
#2270=DIRECTION('',(0.,1.,0.));
#2271=DIRECTION('center_axis',(0.,0.,-1.));
#2272=DIRECTION('ref_axis',(-1.,0.,0.));
#2273=DIRECTION('center_axis',(0.,0.,1.));
#2274=DIRECTION('ref_axis',(-1.,0.,0.));
#2275=DIRECTION('',(0.,0.,-1.));
#2276=DIRECTION('center_axis',(0.,0.,-1.));
#2277=DIRECTION('ref_axis',(-1.,0.,0.));
#2278=DIRECTION('center_axis',(0.,0.,1.));
#2279=DIRECTION('ref_axis',(1.,0.,0.));
#2280=DIRECTION('',(0.,0.,-1.));
#2281=DIRECTION('center_axis',(0.,0.,-1.));
#2282=DIRECTION('ref_axis',(-1.,0.,0.));
#2283=DIRECTION('center_axis',(0.,0.,-1.));
#2284=DIRECTION('ref_axis',(-1.,0.,0.));
#2285=DIRECTION('',(-1.,0.,0.));
#2286=DIRECTION('',(0.,-1.,0.));
#2287=DIRECTION('',(1.,0.,0.));
#2288=DIRECTION('',(0.,1.,0.));
#2289=DIRECTION('',(1.,0.,0.));
#2290=DIRECTION('',(0.,-1.,0.));
#2291=DIRECTION('',(-1.,0.,0.));
#2292=DIRECTION('',(0.,1.,0.));
#2293=DIRECTION('center_axis',(-1.40357907089379E-16,0.,-1.));
#2294=DIRECTION('ref_axis',(-1.,0.,1.40357907089379E-16));
#2295=DIRECTION('',(-1.,0.,1.40357907089379E-16));
#2296=DIRECTION('',(0.,-1.,0.));
#2297=DIRECTION('',(-1.,0.,1.40357907089379E-16));
#2298=DIRECTION('center_axis',(-1.40357907089379E-16,0.,-1.));
#2299=DIRECTION('ref_axis',(-1.,0.,1.40357907089379E-16));
#2300=DIRECTION('',(-1.,0.,1.40357907089379E-16));
#2301=DIRECTION('',(0.,1.,0.));
#2302=DIRECTION('',(-1.,0.,1.40357907089379E-16));
#2303=DIRECTION('center_axis',(0.,0.,-1.));
#2304=DIRECTION('ref_axis',(-1.,0.,0.));
#2305=DIRECTION('center_axis',(0.,0.,-1.));
#2306=DIRECTION('ref_axis',(-1.,0.,0.));
#2307=DIRECTION('',(1.,0.,0.));
#2308=DIRECTION('',(0.,-1.,0.));
#2309=DIRECTION('',(1.,0.,0.));
#2310=DIRECTION('center_axis',(0.,0.,1.));
#2311=DIRECTION('ref_axis',(-1.,0.,0.));
#2312=DIRECTION('',(-1.,0.,0.));
#2313=DIRECTION('',(0.,1.,0.));
#2314=DIRECTION('',(1.,0.,0.));
#2315=DIRECTION('',(0.,-1.,0.));
#2316=DIRECTION('',(1.,0.,0.));
#2317=DIRECTION('center_axis',(0.,0.,1.));
#2318=DIRECTION('ref_axis',(-1.,0.,0.));
#2319=DIRECTION('center_axis',(0.,0.,1.));
#2320=DIRECTION('ref_axis',(-1.,0.,0.));
#2321=DIRECTION('center_axis',(1.,0.,0.));
#2322=DIRECTION('ref_axis',(0.,0.,-1.));
#2323=DIRECTION('',(0.,0.,1.));
#2324=DIRECTION('',(0.,1.,0.));
#2325=DIRECTION('',(0.,0.,-1.));
#2326=DIRECTION('',(0.,-1.,0.));
#2327=DIRECTION('center_axis',(0.,1.,0.));
#2328=DIRECTION('ref_axis',(0.,0.,1.));
#2329=DIRECTION('',(1.,0.,0.));
#2330=DIRECTION('center_axis',(0.,-1.,0.));
#2331=DIRECTION('ref_axis',(0.,0.,1.));
#2332=DIRECTION('',(-1.,0.,1.40357907089379E-16));
#2333=DIRECTION('',(-0.0214236532971781,0.,0.999770487201639));
#2334=DIRECTION('',(-1.,0.,0.));
#2335=DIRECTION('',(0.,0.,-1.));
#2336=DIRECTION('',(0.707106781186548,0.,-0.707106781186547));
#2337=DIRECTION('center_axis',(0.,-1.,0.));
#2338=DIRECTION('ref_axis',(0.,0.,-1.));
#2339=DIRECTION('',(-0.707106781186548,0.,0.707106781186547));
#2340=DIRECTION('',(0.,0.,1.));
#2341=DIRECTION('',(1.,0.,0.));
#2342=DIRECTION('',(0.0214236532971781,0.,-0.999770487201639));
#2343=DIRECTION('',(-1.,0.,0.));
#2344=DIRECTION('center_axis',(0.,1.,0.));
#2345=DIRECTION('ref_axis',(0.,0.,1.));
#2346=DIRECTION('center_axis',(0.,-1.,0.));
#2347=DIRECTION('ref_axis',(8.67361737988403E-15,0.,1.));
#2348=DIRECTION('',(-0.0214236532971781,0.,0.999770487201639));
#2349=DIRECTION('',(1.,0.,-1.40357907089379E-16));
#2350=DIRECTION('center_axis',(0.,1.,0.));
#2351=DIRECTION('ref_axis',(0.,0.,1.));
#2352=DIRECTION('center_axis',(-0.999770487201639,0.,-0.0214236532971781));
#2353=DIRECTION('ref_axis',(-0.0214236532971781,0.,0.999770487201639));
#2354=DIRECTION('',(-0.0214236532971781,0.,0.999770487201639));
#2355=DIRECTION('',(0.,1.,0.));
#2356=DIRECTION('',(-0.0214236532971781,0.,0.999770487201639));
#2357=DIRECTION('center_axis',(-0.999770487201639,0.,-0.0214236532971781));
#2358=DIRECTION('ref_axis',(-0.0214236532971781,0.,0.999770487201639));
#2359=DIRECTION('',(0.,1.,0.));
#2360=DIRECTION('',(0.,1.,0.));
#2361=DIRECTION('',(-0.0214236532971781,0.,0.999770487201639));
#2362=DIRECTION('',(0.,1.,0.));
#2363=DIRECTION('',(0.0214236532971781,0.,-0.999770487201639));
#2364=DIRECTION('',(0.,1.,0.));
#2365=DIRECTION('',(-0.0214236532971781,0.,0.999770487201639));
#2366=DIRECTION('',(0.,-1.,0.));
#2367=DIRECTION('',(0.0214236532971781,0.,-0.999770487201639));
#2368=DIRECTION('',(0.,1.,0.));
#2369=DIRECTION('',(0.,1.,0.));
#2370=DIRECTION('center_axis',(-0.999770487201639,0.,-0.0214236532971781));
#2371=DIRECTION('ref_axis',(0.0214236532971781,0.,-0.999770487201639));
#2372=DIRECTION('center_axis',(0.,1.,0.));
#2373=DIRECTION('ref_axis',(0.,0.,1.));
#2374=DIRECTION('',(1.,0.,-1.40357907089379E-16));
#2375=DIRECTION('center_axis',(0.,1.,0.));
#2376=DIRECTION('ref_axis',(0.,0.,1.));
#2377=DIRECTION('center_axis',(0.,-1.,0.));
#2378=DIRECTION('ref_axis',(0.,0.,1.));
#2379=DIRECTION('center_axis',(0.,1.,0.));
#2380=DIRECTION('ref_axis',(0.,0.,1.));
#2381=DIRECTION('center_axis',(0.,-1.,0.));
#2382=DIRECTION('ref_axis',(0.,0.,1.));
#2383=DIRECTION('',(-1.,0.,1.40357907089379E-16));
#2384=DIRECTION('center_axis',(0.,1.,0.));
#2385=DIRECTION('ref_axis',(0.,0.,1.));
#2386=DIRECTION('center_axis',(-1.40357907089379E-16,0.,-1.));
#2387=DIRECTION('ref_axis',(-1.,0.,1.40357907089379E-16));
#2388=DIRECTION('',(1.,0.,-1.40357907089379E-16));
#2389=DIRECTION('',(-1.,0.,1.40357907089379E-16));
#2390=DIRECTION('center_axis',(-1.40357907089379E-16,0.,-1.));
#2391=DIRECTION('ref_axis',(-1.,0.,1.40357907089379E-16));
#2392=DIRECTION('',(1.,0.,-1.40357907089379E-16));
#2393=DIRECTION('',(-1.,0.,1.40357907089379E-16));
#2394=DIRECTION('center_axis',(-0.707106781186547,0.,-0.707106781186548));
#2395=DIRECTION('ref_axis',(0.,1.,0.));
#2396=DIRECTION('',(-0.707106781186548,0.,0.707106781186547));
#2397=DIRECTION('',(0.,1.,0.));
#2398=DIRECTION('',(0.707106781186548,0.,-0.707106781186547));
#2399=DIRECTION('',(0.,-1.,0.));
#2400=DIRECTION('center_axis',(0.,0.,-1.));
#2401=DIRECTION('ref_axis',(-1.,0.,0.));
#2402=DIRECTION('center_axis',(0.,0.,-1.));
#2403=DIRECTION('ref_axis',(-1.,0.,0.));
#2404=DIRECTION('',(1.,0.,0.));
#2405=DIRECTION('',(0.,1.,0.));
#2406=DIRECTION('',(-1.,0.,0.));
#2407=DIRECTION('center_axis',(0.,0.,-1.));
#2408=DIRECTION('ref_axis',(-1.,0.,0.));
#2409=DIRECTION('',(1.,0.,0.));
#2410=DIRECTION('',(0.,1.,0.));
#2411=DIRECTION('',(1.,0.,0.));
#2412=DIRECTION('',(-1.,0.,0.));
#2413=DIRECTION('',(0.,1.,0.));
#2414=DIRECTION('',(1.,0.,0.));
#2415=DIRECTION('',(1.,0.,0.));
#2416=DIRECTION('',(0.,1.,0.));
#2417=DIRECTION('',(-1.,0.,0.));
#2418=DIRECTION('',(0.,1.,0.));
#2419=DIRECTION('',(-1.,0.,0.));
#2420=DIRECTION('center_axis',(1.,0.,0.));
#2421=DIRECTION('ref_axis',(0.,0.,-1.));
#2422=DIRECTION('',(0.,0.,-1.));
#2423=DIRECTION('',(0.,0.,-1.));
#2424=DIRECTION('',(0.,-1.,0.));
#2425=DIRECTION('center_axis',(0.,1.,0.));
#2426=DIRECTION('ref_axis',(0.,0.,1.));
#2427=DIRECTION('',(0.707106781186548,0.,-0.707106781186547));
#2428=DIRECTION('',(-0.0214236532971781,0.,0.999770487201639));
#2429=DIRECTION('',(-1.,0.,1.40357907089379E-16));
#2430=DIRECTION('center_axis',(0.,-1.,0.));
#2431=DIRECTION('ref_axis',(0.,0.,-1.));
#2432=DIRECTION('',(-0.0214236532971781,0.,0.999770487201639));
#2433=DIRECTION('',(-0.707106781186548,0.,0.707106781186547));
#2434=DIRECTION('center_axis',(0.,1.,0.));
#2435=DIRECTION('ref_axis',(0.,0.,1.));
#2436=DIRECTION('center_axis',(0.,1.,0.));
#2437=DIRECTION('ref_axis',(0.,0.,1.));
#2438=DIRECTION('',(-1.,0.,1.40357907089379E-16));
#2439=DIRECTION('',(-0.0214236532971781,0.,0.999770487201639));
#2440=DIRECTION('center_axis',(-0.999770487201639,0.,-0.0214236532971781));
#2441=DIRECTION('ref_axis',(-0.0214236532971781,0.,0.999770487201639));
#2442=DIRECTION('',(0.,1.,0.));
#2443=DIRECTION('',(-0.0214236532971781,0.,0.999770487201639));
#2444=DIRECTION('',(-0.0214236532971781,0.,0.999770487201639));
#2445=DIRECTION('',(0.,1.,0.));
#2446=DIRECTION('center_axis',(0.,1.,0.));
#2447=DIRECTION('ref_axis',(0.,0.,1.));
#2448=DIRECTION('',(-1.,0.,1.40357907089379E-16));
#2449=DIRECTION('center_axis',(0.,1.,0.));
#2450=DIRECTION('ref_axis',(0.,0.,1.));
#2451=DIRECTION('',(-1.,0.,1.40357907089379E-16));
#2452=DIRECTION('center_axis',(-1.40357907089379E-16,0.,-1.));
#2453=DIRECTION('ref_axis',(-1.,0.,1.40357907089379E-16));
#2454=DIRECTION('center_axis',(-1.40357907089379E-16,0.,-1.));
#2455=DIRECTION('ref_axis',(-1.,0.,1.40357907089379E-16));
#2456=DIRECTION('center_axis',(0.,0.,-1.));
#2457=DIRECTION('ref_axis',(0.999895403896654,0.0144631001637682,0.));
#2458=DIRECTION('',(0.,0.,-1.));
#2459=DIRECTION('',(0.,0.,1.));
#2460=DIRECTION('center_axis',(0.,0.,-1.));
#2461=DIRECTION('ref_axis',(0.999895403896654,-0.0144631001637675,0.));
#2462=DIRECTION('',(0.,0.,-1.));
#2463=DIRECTION('',(0.,0.,1.));
#2464=DIRECTION('center_axis',(-0.707106781186547,0.,-0.707106781186548));
#2465=DIRECTION('ref_axis',(0.,1.,0.));
#2466=DIRECTION('',(0.707106781186548,0.,-0.707106781186547));
#2467=DIRECTION('',(0.,-1.,0.));
#2468=DIRECTION('',(-0.707106781186548,0.,0.707106781186547));
#2469=DIRECTION('',(0.707106781186548,0.,-0.707106781186547));
#2470=DIRECTION('',(0.,-1.,0.));
#2471=DIRECTION('',(-0.707106781186548,0.,0.707106781186547));
#2472=DIRECTION('center_axis',(0.,0.,-1.));
#2473=DIRECTION('ref_axis',(-1.,0.,0.));
#2474=DIRECTION('',(-1.,0.,0.));
#2475=DIRECTION('',(0.,-1.,0.));
#2476=DIRECTION('',(1.,0.,0.));
#2477=DIRECTION('center_axis',(0.,1.,0.));
#2478=DIRECTION('ref_axis',(0.,0.,1.));
#2479=DIRECTION('',(0.,0.,1.));
#2480=DIRECTION('center_axis',(-1.,0.,0.));
#2481=DIRECTION('ref_axis',(0.,0.,1.));
#2482=DIRECTION('',(0.,0.,1.));
#2483=DIRECTION('center_axis',(0.,-1.,0.));
#2484=DIRECTION('ref_axis',(0.,0.,-1.));
#2485=DIRECTION('center_axis',(0.,0.,-1.));
#2486=DIRECTION('ref_axis',(-1.,0.,0.));
#2487=DIRECTION('',(-1.,0.,0.));
#2488=DIRECTION('',(0.,-1.,0.));
#2489=DIRECTION('',(1.,0.,0.));
#2490=DIRECTION('center_axis',(0.,1.,0.));
#2491=DIRECTION('ref_axis',(0.,0.,1.));
#2492=DIRECTION('',(0.,0.,1.));
#2493=DIRECTION('center_axis',(-1.,0.,0.));
#2494=DIRECTION('ref_axis',(0.,0.,1.));
#2495=DIRECTION('',(0.,0.,1.));
#2496=DIRECTION('center_axis',(0.,-1.,0.));
#2497=DIRECTION('ref_axis',(0.,0.,-1.));
#2498=DIRECTION('center_axis',(0.,-1.,0.));
#2499=DIRECTION('ref_axis',(0.,0.,-1.));
#2500=DIRECTION('center_axis',(0.,-1.,0.));
#2501=DIRECTION('ref_axis',(0.,0.,-1.));
#2502=DIRECTION('center_axis',(0.,1.,0.));
#2503=DIRECTION('ref_axis',(0.,0.,1.));
#2504=DIRECTION('center_axis',(1.,0.,-1.40357907089379E-16));
#2505=DIRECTION('ref_axis',(-1.40357907089379E-16,0.,-1.));
#2506=DIRECTION('center_axis',(0.999082895817671,-8.84300174412998E-15,
0.0428178383921567));
#2507=DIRECTION('ref_axis',(0.0428178383921567,-2.45899715779147E-10,-0.999082895817671));
#2508=DIRECTION('center_axis',(1.,0.,0.));
#2509=DIRECTION('ref_axis',(0.,0.,-1.));
#2510=DIRECTION('center_axis',(0.,1.,0.));
#2511=DIRECTION('ref_axis',(0.707106781186548,0.,-0.707106781186547));
#2512=DIRECTION('center_axis',(0.,0.,-1.));
#2513=DIRECTION('ref_axis',(-1.,0.,0.));
#2514=DIRECTION('center_axis',(-2.16840434497101E-15,0.,-1.));
#2515=DIRECTION('ref_axis',(-1.,0.,2.16840434497101E-15));
#2516=DIRECTION('center_axis',(0.,0.,1.));
#2517=DIRECTION('ref_axis',(1.,0.,0.));
#2518=DIRECTION('center_axis',(-1.,0.,1.40357907089379E-16));
#2519=DIRECTION('ref_axis',(1.40357907089379E-16,0.,1.));
#2520=DIRECTION('center_axis',(-0.714641047413693,-3.55177827480362E-14,
0.699491367603247));
#2521=DIRECTION('ref_axis',(0.699491367603247,3.00660207216031E-13,0.714641047413693));
#2522=DIRECTION('center_axis',(1.,0.,0.));
#2523=DIRECTION('ref_axis',(0.,0.,-1.));
#2524=DIRECTION('center_axis',(0.,1.,0.));
#2525=DIRECTION('ref_axis',(1.,0.,0.));
#2526=DIRECTION('center_axis',(0.,1.,0.));
#2527=DIRECTION('ref_axis',(0.,0.,-1.));
#2528=DIRECTION('center_axis',(1.,0.,0.));
#2529=DIRECTION('ref_axis',(0.,0.,1.));
#2530=DIRECTION('center_axis',(0.,1.,0.));
#2531=DIRECTION('ref_axis',(1.,0.,0.));
#2532=DIRECTION('center_axis',(0.707106781186548,6.70815869798977E-16,-0.707106781186547));
#2533=DIRECTION('ref_axis',(0.707106781186547,0.,0.707106781186548));
#2534=DIRECTION('center_axis',(0.,1.,0.));
#2535=DIRECTION('ref_axis',(9.48676900924816E-16,0.,-1.));
#2536=DIRECTION('center_axis',(0.,1.,0.));
#2537=DIRECTION('ref_axis',(0.69491437091629,0.,-0.719092495506675));
#2538=DIRECTION('center_axis',(-0.0214236532971781,0.,0.999770487201639));
#2539=DIRECTION('ref_axis',(0.999770487201639,0.,0.0214236532971781));
#2540=DIRECTION('center_axis',(-0.0214236532971797,0.,0.999770487201639));
#2541=DIRECTION('ref_axis',(0.999770487201639,0.,0.0214236532971797));
#2542=DIRECTION('center_axis',(1.,0.,0.));
#2543=DIRECTION('ref_axis',(0.,0.,-1.));
#2544=DIRECTION('center_axis',(1.,0.,0.));
#2545=DIRECTION('ref_axis',(0.,0.,-1.));
#2546=DIRECTION('center_axis',(0.,-1.,0.));
#2547=DIRECTION('ref_axis',(0.,0.,-1.));
#2548=DIRECTION('center_axis',(0.,1.,0.));
#2549=DIRECTION('ref_axis',(0.,0.,1.));
#2550=DIRECTION('center_axis',(0.,0.,-1.));
#2551=DIRECTION('ref_axis',(-1.,0.,0.));
#2552=DIRECTION('center_axis',(0.,0.,-1.));
#2553=DIRECTION('ref_axis',(-1.,0.,0.));
#2554=DIRECTION('center_axis',(0.,0.,1.));
#2555=DIRECTION('ref_axis',(1.,0.,0.));
#2556=DIRECTION('center_axis',(0.,1.,0.));
#2557=DIRECTION('ref_axis',(0.,0.,1.));
#2558=DIRECTION('center_axis',(0.,1.,0.));
#2559=DIRECTION('ref_axis',(0.,0.,1.));
#2560=DIRECTION('center_axis',(-0.707106781186548,0.,0.707106781186547));
#2561=DIRECTION('ref_axis',(0.707106781186547,0.,0.707106781186548));
#2562=DIRECTION('center_axis',(0.707106781186544,0.,-0.707106781186551));
#2563=DIRECTION('ref_axis',(-0.70710678118655,0.,-0.707106781186544));
#2564=DIRECTION('center_axis',(-1.,0.,0.));
#2565=DIRECTION('ref_axis',(0.,0.,1.));
#2566=DIRECTION('center_axis',(-1.,-6.50521303491303E-15,0.));
#2567=DIRECTION('ref_axis',(6.50521303491303E-15,-1.,0.));
#2568=DIRECTION('center_axis',(0.,1.,0.));
#2569=DIRECTION('ref_axis',(1.,0.,0.));
#2570=DIRECTION('center_axis',(0.,1.,0.));
#2571=DIRECTION('ref_axis',(0.,0.,-1.));
#2572=DIRECTION('center_axis',(0.,1.,0.));
#2573=DIRECTION('ref_axis',(1.,0.,0.));
#2574=DIRECTION('center_axis',(1.,0.,0.));
#2575=DIRECTION('ref_axis',(0.,0.,1.));
#2576=DIRECTION('center_axis',(0.,1.,0.));
#2577=DIRECTION('ref_axis',(1.,0.,0.));
#2578=DIRECTION('center_axis',(0.707106781186549,0.,-0.707106781186546));
#2579=DIRECTION('ref_axis',(0.707106781186546,0.,0.707106781186549));
#2580=DIRECTION('center_axis',(0.,1.,0.));
#2581=DIRECTION('ref_axis',(1.,0.,0.));
#2582=DIRECTION('center_axis',(0.,1.,0.));
#2583=DIRECTION('ref_axis',(0.,0.,-1.));
#2584=DIRECTION('center_axis',(0.,1.,0.));
#2585=DIRECTION('ref_axis',(0.,0.,1.));
#2586=DIRECTION('center_axis',(0.,1.,0.));
#2587=DIRECTION('ref_axis',(0.,0.,1.));
#2588=DIRECTION('center_axis',(-1.,0.,0.));
#2589=DIRECTION('ref_axis',(0.,0.,1.));
#2590=DIRECTION('center_axis',(1.,0.,0.));
#2591=DIRECTION('ref_axis',(0.,0.,-1.));
#2592=DIRECTION('center_axis',(0.707106781186548,0.,-0.707106781186547));
#2593=DIRECTION('ref_axis',(-0.707106781186547,0.,-0.707106781186548));
#2594=DIRECTION('center_axis',(0.707106781186548,-5.46235779693456E-15,
-0.707106781186547));
#2595=DIRECTION('ref_axis',(-0.707106781186547,1.57772181044202E-30,-0.707106781186548));
#2596=DIRECTION('center_axis',(0.,1.,0.));
#2597=DIRECTION('ref_axis',(0.,0.,1.));
#2598=DIRECTION('center_axis',(0.,1.,0.));
#2599=DIRECTION('ref_axis',(0.,0.,1.));
#2600=DIRECTION('center_axis',(0.,1.,0.));
#2601=DIRECTION('ref_axis',(1.,0.,0.));
#2602=DIRECTION('center_axis',(0.0214236532971797,0.,-0.999770487201639));
#2603=DIRECTION('ref_axis',(0.999770487201639,0.,0.0214236532971797));
#2604=DIRECTION('center_axis',(0.,1.,0.));
#2605=DIRECTION('ref_axis',(1.,0.,0.));
#2606=DIRECTION('center_axis',(1.,0.,-6.50521303491304E-15));
#2607=DIRECTION('ref_axis',(6.50521303491304E-15,0.,1.));
#2608=DIRECTION('center_axis',(-0.0214236532971781,0.,0.999770487201639));
#2609=DIRECTION('ref_axis',(0.999770487201639,0.,0.0214236532971781));
#2610=DIRECTION('center_axis',(0.0214236532971777,0.,-0.999770487201639));
#2611=DIRECTION('ref_axis',(-0.999770487201639,0.,-0.0214236532971777));
#2612=DIRECTION('center_axis',(1.,0.,0.));
#2613=DIRECTION('ref_axis',(0.,0.,-1.));
#2614=DIRECTION('center_axis',(1.,0.,0.));
#2615=DIRECTION('ref_axis',(0.,0.,-1.));
#2616=DIRECTION('center_axis',(0.,0.,1.));
#2617=DIRECTION('ref_axis',(1.,0.,0.));
#2618=DIRECTION('center_axis',(0.,1.,0.));
#2619=DIRECTION('ref_axis',(0.,0.,1.));
#2620=DIRECTION('center_axis',(0.0214236532971781,0.,-0.999770487201639));
#2621=DIRECTION('ref_axis',(-0.999770487201639,0.,-0.0214236532971781));
#2622=DIRECTION('center_axis',(-0.0214236532971781,0.,0.999770487201639));
#2623=DIRECTION('ref_axis',(0.999770487201639,0.,0.0214236532971781));
#2624=DIRECTION('center_axis',(0.0214236532971801,0.,-0.999770487201639));
#2625=DIRECTION('ref_axis',(-0.999770487201639,0.,-0.0214236532971801));
#2626=DIRECTION('center_axis',(0.,1.,0.));
#2627=DIRECTION('ref_axis',(0.,0.,1.));
#2628=DIRECTION('center_axis',(0.,-1.,0.));
#2629=DIRECTION('ref_axis',(0.,0.,-1.));
#2630=DIRECTION('center_axis',(0.,1.,0.));
#2631=DIRECTION('ref_axis',(0.707106781186548,0.,-0.707106781186548));
#2632=DIRECTION('center_axis',(-1.,0.,0.));
#2633=DIRECTION('ref_axis',(0.,0.,1.));
#2634=DIRECTION('center_axis',(-1.,0.,1.40357907089379E-16));
#2635=DIRECTION('ref_axis',(1.40357907089379E-16,0.,1.));
#2636=DIRECTION('center_axis',(0.,-1.,0.));
#2637=DIRECTION('ref_axis',(0.,0.,-1.));
#2638=DIRECTION('center_axis',(0.,1.,0.));
#2639=DIRECTION('ref_axis',(0.707106781186548,0.,-0.707106781186548));
#2640=DIRECTION('center_axis',(-1.,0.,0.));
#2641=DIRECTION('ref_axis',(0.,0.,1.));
#2642=DIRECTION('center_axis',(1.,0.,-1.40357907089379E-16));
#2643=DIRECTION('ref_axis',(-1.40357907089379E-16,0.,-1.));
#2644=DIRECTION('axis',(0.,0.,1.));
#2645=DIRECTION('refdir',(1.,0.,0.));
#2646=DIRECTION('center_axis',(0.,0.,-1.));
#2647=DIRECTION('ref_axis',(-1.,0.,0.));
#2648=DIRECTION('center_axis',(0.,0.,1.));
#2649=DIRECTION('ref_axis',(1.,0.,0.));
#2650=DIRECTION('',(0.,0.,1.));
#2651=DIRECTION('center_axis',(0.,0.,1.));
#2652=DIRECTION('ref_axis',(1.,0.,0.));
#2653=DIRECTION('center_axis',(0.,0.,1.));
#2654=DIRECTION('ref_axis',(1.,0.,0.));
#2655=DIRECTION('center_axis',(0.,0.,1.));
#2656=DIRECTION('ref_axis',(1.,0.,0.));
#2657=DIRECTION('',(0.,0.,1.));
#2658=DIRECTION('',(1.,0.,0.));
#2659=DIRECTION('',(4.10142411220553E-33,-1.17373598748286E-16,1.));
#2660=DIRECTION('',(-1.,-3.49433275961937E-17,0.));
#2661=DIRECTION('',(0.,-1.,-3.49148133884313E-15));
#2662=DIRECTION('',(1.,0.,0.));
#2663=CARTESIAN_POINT('',(0.,0.,0.));
#2664=CARTESIAN_POINT('',(0.,0.,0.));
#2665=CARTESIAN_POINT('Origin',(28.0194389862873,35.7,6.09284730659436));
#2666=CARTESIAN_POINT('',(26.019898011884,27.,6.05));
#2667=CARTESIAN_POINT('',(26.019898011884,35.7,6.05));
#2668=CARTESIAN_POINT('',(26.019898011884,35.7,6.05));
#2669=CARTESIAN_POINT('',(28.0194389862873,27.,6.09284730659436));
#2670=CARTESIAN_POINT('',(28.0194389862873,27.,6.09284730659436));
#2671=CARTESIAN_POINT('',(28.0194389862873,35.7,6.09284730659436));
#2672=CARTESIAN_POINT('',(28.0194389862873,35.7,6.09284730659436));
#2673=CARTESIAN_POINT('',(28.0194389862873,35.7,6.09284730659436));
#2674=CARTESIAN_POINT('Origin',(28.0194389862873,27.,6.09284730659436));
#2675=CARTESIAN_POINT('',(26.1072685731158,27.,1.97270714251505));
#2676=CARTESIAN_POINT('',(26.019898011884,27.,6.05));
#2677=CARTESIAN_POINT('',(28.1068095475191,27.,2.0155544491094));
#2678=CARTESIAN_POINT('',(28.1068095475191,27.,2.0155544491094));
#2679=CARTESIAN_POINT('',(28.0194389862873,27.,6.09284730659436));
#2680=CARTESIAN_POINT('Origin',(28.1068095475191,35.7,2.0155544491094));
#2681=CARTESIAN_POINT('',(26.1072685731158,35.7,1.97270714251505));
#2682=CARTESIAN_POINT('',(26.1072685731158,35.7,1.97270714251505));
#2683=CARTESIAN_POINT('',(28.1068095475191,35.7,2.0155544491094));
#2684=CARTESIAN_POINT('',(28.1068095475191,35.7,2.0155544491094));
#2685=CARTESIAN_POINT('',(28.1068095475191,35.7,2.0155544491094));
#2686=CARTESIAN_POINT('Origin',(28.0194389862873,35.7,6.09284730659436));
#2687=CARTESIAN_POINT('',(26.019898011884,35.7,6.05));
#2688=CARTESIAN_POINT('',(28.0194389862873,35.7,6.09284730659436));
#2689=CARTESIAN_POINT('Origin',(28.1370799122852,1.11678331033995E-16,0.602937426691831));
#2690=CARTESIAN_POINT('Origin',(26.1375389378819,1.11678331033995E-16,0.560090120097475));
#2691=CARTESIAN_POINT('Origin',(28.0194389862873,10.7,6.09284730659436));
#2692=CARTESIAN_POINT('',(26.019898011884,2.,6.05));
#2693=CARTESIAN_POINT('',(26.019898011884,10.7,6.05));
#2694=CARTESIAN_POINT('',(26.019898011884,10.7,6.05));
#2695=CARTESIAN_POINT('',(28.0194389862873,2.,6.09284730659436));
#2696=CARTESIAN_POINT('',(28.0194389862873,2.,6.09284730659436));
#2697=CARTESIAN_POINT('',(28.0194389862873,10.7,6.09284730659436));
#2698=CARTESIAN_POINT('',(28.0194389862873,10.7,6.09284730659436));
#2699=CARTESIAN_POINT('',(28.0194389862873,10.7,6.09284730659436));
#2700=CARTESIAN_POINT('Origin',(28.0194389862873,2.,6.09284730659436));
#2701=CARTESIAN_POINT('',(26.1072685731158,2.,1.97270714251505));
#2702=CARTESIAN_POINT('',(26.019898011884,2.,6.05));
#2703=CARTESIAN_POINT('',(28.1068095475191,2.,2.01555444910941));
#2704=CARTESIAN_POINT('',(28.1068095475191,2.,2.01555444910941));
#2705=CARTESIAN_POINT('',(28.0194389862873,2.,6.09284730659436));
#2706=CARTESIAN_POINT('Origin',(28.1068095475191,10.7,2.01555444910941));
#2707=CARTESIAN_POINT('',(26.1072685731158,10.7,1.97270714251505));
#2708=CARTESIAN_POINT('',(26.1072685731158,10.7,1.97270714251505));
#2709=CARTESIAN_POINT('',(28.1068095475191,10.7,2.01555444910941));
#2710=CARTESIAN_POINT('',(28.1068095475191,10.7,2.01555444910941));
#2711=CARTESIAN_POINT('',(28.1068095475191,10.7,2.01555444910941));
#2712=CARTESIAN_POINT('Origin',(28.0194389862873,10.7,6.09284730659436));
#2713=CARTESIAN_POINT('',(26.019898011884,10.7,6.05));
#2714=CARTESIAN_POINT('',(28.0194389862873,10.7,6.09284730659436));
#2715=CARTESIAN_POINT('Origin',(28.1370799122852,3.35034993101986E-16,0.602937426691831));
#2716=CARTESIAN_POINT('Origin',(26.1375389378819,3.35034993101986E-16,0.560090120097475));
#2717=CARTESIAN_POINT('Origin',(11.7,10.1,0.2));
#2718=CARTESIAN_POINT('',(17.7,10.1,0.2));
#2719=CARTESIAN_POINT('Origin',(11.7,10.1,0.2));
#2720=CARTESIAN_POINT('',(17.9,10.1,0.));
#2721=CARTESIAN_POINT('Origin',(17.9,10.1,0.2));
#2722=CARTESIAN_POINT('Origin',(11.7,10.1,0.));
#2723=CARTESIAN_POINT('Origin',(11.7,40.1,0.2));
#2724=CARTESIAN_POINT('',(17.7,40.1,0.2));
#2725=CARTESIAN_POINT('Origin',(11.7,40.1,0.2));
#2726=CARTESIAN_POINT('',(17.9,40.1,0.));
#2727=CARTESIAN_POINT('Origin',(17.9,40.1,0.2));
#2728=CARTESIAN_POINT('Origin',(11.7,40.1,0.));
#2729=CARTESIAN_POINT('Origin',(34.2,25.4,0.));
#2730=CARTESIAN_POINT('',(34.2,25.2,-4.25));
#2731=CARTESIAN_POINT('Origin',(34.2,25.2,0.));
#2732=CARTESIAN_POINT('',(34.2,25.4,-4.05));
#2733=CARTESIAN_POINT('Origin',(34.2,25.4,-4.25));
#2734=CARTESIAN_POINT('Origin',(34.2,25.4,0.));
#2735=CARTESIAN_POINT('Origin',(34.2,37.5,0.));
#2736=CARTESIAN_POINT('',(34.2,37.5,-4.05));
#2737=CARTESIAN_POINT('Origin',(34.2,37.5,0.));
#2738=CARTESIAN_POINT('',(34.2,37.7,-4.25));
#2739=CARTESIAN_POINT('Origin',(34.2,37.5,-4.25));
#2740=CARTESIAN_POINT('Origin',(34.2,37.7,0.));
#2741=CARTESIAN_POINT('Origin',(34.2,0.199999999999999,0.));
#2742=CARTESIAN_POINT('',(34.2,0.,-4.25));
#2743=CARTESIAN_POINT('Origin',(34.2,0.,0.));
#2744=CARTESIAN_POINT('',(34.2,0.199999999999999,-4.05));
#2745=CARTESIAN_POINT('Origin',(34.2,0.199999999999999,-4.25));
#2746=CARTESIAN_POINT('Origin',(34.2,0.199999999999999,0.));
#2747=CARTESIAN_POINT('Origin',(34.2,12.5,0.));
#2748=CARTESIAN_POINT('',(34.2,12.5,-4.05));
#2749=CARTESIAN_POINT('Origin',(34.2,12.5,0.));
#2750=CARTESIAN_POINT('',(34.2,12.7,-4.25));
#2751=CARTESIAN_POINT('Origin',(34.2,12.5,-4.25));
#2752=CARTESIAN_POINT('Origin',(34.2,12.7,0.));
#2753=CARTESIAN_POINT('Origin',(11.7,10.1,6.41421356237314));
#2754=CARTESIAN_POINT('',(6.21063780560817,11.0928503839382,5.5));
#2755=CARTESIAN_POINT('',(6.2506002947441,8.90714961606182,5.5));
#2756=CARTESIAN_POINT('Origin',(11.7,10.1,5.5));
#2757=CARTESIAN_POINT('',(4.80238389285555,8.90714961606182,4.07842712474622));
#2758=CARTESIAN_POINT('Ctrl Pts',(4.80238389285557,8.90714961606182,4.07842712474624));
#2759=CARTESIAN_POINT('Ctrl Pts',(5.60832844479997,8.90714961606182,4.8725837137401));
#2760=CARTESIAN_POINT('Ctrl Pts',(6.25060029474411,8.90714961606182,5.5));
#2761=CARTESIAN_POINT('',(18.7,10.1,4.07842712474622));
#2762=CARTESIAN_POINT('Origin',(11.7,10.1,4.07842712474622));
#2763=CARTESIAN_POINT('',(15.95,10.1,6.82842712474625));
#2764=CARTESIAN_POINT('',(16.3642135623731,10.1,6.41421356237314));
#2765=CARTESIAN_POINT('Origin',(11.7,10.1,6.82842712474625));
#2766=CARTESIAN_POINT('',(4.77076857688288,11.0928503839382,4.07842712474622));
#2767=CARTESIAN_POINT('Origin',(11.7,10.1,4.07842712474622));
#2768=CARTESIAN_POINT('Ctrl Pts',(6.21063780560817,11.0928503839382,5.5));
#2769=CARTESIAN_POINT('Ctrl Pts',(5.57206785708043,11.0928503839382,4.87162543212709));
#2770=CARTESIAN_POINT('Ctrl Pts',(4.7707685768829,11.0928503839382,4.07842712474624));
#2771=CARTESIAN_POINT('Origin',(11.7,40.1,6.41421356237314));
#2772=CARTESIAN_POINT('',(6.2506002947441,41.2928503839382,5.5));
#2773=CARTESIAN_POINT('',(6.21063780560816,39.1071496160618,5.5));
#2774=CARTESIAN_POINT('Origin',(11.7,40.1,5.5));
#2775=CARTESIAN_POINT('',(4.77076857688287,39.1071496160618,4.07842712474622));
#2776=CARTESIAN_POINT('Ctrl Pts',(4.7707685768829,39.1071496160618,4.07842712474624));
#2777=CARTESIAN_POINT('Ctrl Pts',(5.57206785708062,39.1071496160618,4.87162543212727));
#2778=CARTESIAN_POINT('Ctrl Pts',(6.21063780560816,39.1071496160618,5.5));
#2779=CARTESIAN_POINT('',(18.7,40.1,4.07842712474622));
#2780=CARTESIAN_POINT('Origin',(11.7,40.1,4.07842712474622));
#2781=CARTESIAN_POINT('',(15.95,40.1,6.82842712474625));
#2782=CARTESIAN_POINT('',(16.3642135623731,40.1,6.41421356237314));
#2783=CARTESIAN_POINT('Origin',(11.7,40.1,6.82842712474625));
#2784=CARTESIAN_POINT('',(4.80238389285555,41.2928503839382,4.07842712474622));
#2785=CARTESIAN_POINT('Origin',(11.7,40.1,4.07842712474622));
#2786=CARTESIAN_POINT('Ctrl Pts',(6.2506002947441,41.2928503839382,5.5));
#2787=CARTESIAN_POINT('Ctrl Pts',(5.60832844479994,41.2928503839382,4.87258371374008));
#2788=CARTESIAN_POINT('Ctrl Pts',(4.80238389285557,41.2928503839382,4.07842712474624));
#2789=CARTESIAN_POINT('Origin',(11.7,10.1,7.));
#2790=CARTESIAN_POINT('',(15.95,10.1,7.));
#2791=CARTESIAN_POINT('',(15.95,10.1,7.));
#2792=CARTESIAN_POINT('Origin',(11.7,10.1,7.));
#2793=CARTESIAN_POINT('Origin',(11.7,40.1,7.));
#2794=CARTESIAN_POINT('',(15.95,40.1,7.));
#2795=CARTESIAN_POINT('',(15.95,40.1,7.));
#2796=CARTESIAN_POINT('Origin',(11.7,40.1,7.));
#2797=CARTESIAN_POINT('Origin',(11.7,10.1,5.00000000000005));
#2798=CARTESIAN_POINT('',(14.95,10.1,5.00000000000005));
#2799=CARTESIAN_POINT('Origin',(11.7,10.1,5.00000000000005));
#2800=CARTESIAN_POINT('',(17.7,10.1,2.25000000000002));
#2801=CARTESIAN_POINT('',(14.95,10.1,5.00000000000005));
#2802=CARTESIAN_POINT('Origin',(11.7,10.1,2.25000000000002));
#2803=CARTESIAN_POINT('Origin',(11.7,40.1,5.00000000000005));
#2804=CARTESIAN_POINT('',(14.95,40.1,5.00000000000005));
#2805=CARTESIAN_POINT('Origin',(11.7,40.1,5.00000000000005));
#2806=CARTESIAN_POINT('',(17.7,40.1,2.25000000000002));
#2807=CARTESIAN_POINT('',(14.95,40.1,5.00000000000005));
#2808=CARTESIAN_POINT('Origin',(11.7,40.1,2.25000000000003));
#2809=CARTESIAN_POINT('Origin',(11.7,40.1,2.));
#2810=CARTESIAN_POINT('',(17.7,40.1,2.));
#2811=CARTESIAN_POINT('Origin',(11.7,10.1,2.));
#2812=CARTESIAN_POINT('',(17.7,10.1,2.));
#2813=CARTESIAN_POINT('Origin',(34.2,-17.1119841047144,0.));
#2814=CARTESIAN_POINT('',(34.2,-17.1119841047144,-4.05));
#2815=CARTESIAN_POINT('Origin',(34.2,-17.1119841047144,0.));
#2816=CARTESIAN_POINT('',(34.2,25.4,6.05));
#2817=CARTESIAN_POINT('',(28.15,25.4,0.));
#2818=CARTESIAN_POINT('Origin',(34.2,25.4,0.));
#2819=CARTESIAN_POINT('',(28.15,37.5,0.));
#2820=CARTESIAN_POINT('',(28.15,-17.1119841047144,0.));
#2821=CARTESIAN_POINT('',(34.2,37.5,6.05));
#2822=CARTESIAN_POINT('Origin',(34.2,37.5,0.));
#2823=CARTESIAN_POINT('',(34.2,35.7,6.05));
#2824=CARTESIAN_POINT('',(34.2,-17.1119841047144,6.05));
#2825=CARTESIAN_POINT('',(28.4901401067977,35.7,2.));
#2826=CARTESIAN_POINT('Origin',(34.2,35.7,0.));
#2827=CARTESIAN_POINT('',(28.4901401067977,27.2,2.));
#2828=CARTESIAN_POINT('',(28.4901401067977,-17.1119841047144,2.));
#2829=CARTESIAN_POINT('',(34.2,27.2,6.05));
#2830=CARTESIAN_POINT('Origin',(34.2,27.2,0.));
#2831=CARTESIAN_POINT('',(34.2,-17.1119841047144,6.05));
#2832=CARTESIAN_POINT('Origin',(34.2,-17.1119841047144,0.));
#2833=CARTESIAN_POINT('',(34.2,-17.1119841047144,-4.05));
#2834=CARTESIAN_POINT('Origin',(34.2,-17.1119841047144,0.));
#2835=CARTESIAN_POINT('',(34.2,0.199999999999999,6.05));
#2836=CARTESIAN_POINT('',(28.15,0.199999999999999,0.));
#2837=CARTESIAN_POINT('Origin',(34.2,0.199999999999999,0.));
#2838=CARTESIAN_POINT('',(28.15,12.5,0.));
#2839=CARTESIAN_POINT('',(28.15,-17.1119841047144,0.));
#2840=CARTESIAN_POINT('',(34.2,12.5,6.05));
#2841=CARTESIAN_POINT('Origin',(34.2,12.5,0.));
#2842=CARTESIAN_POINT('',(34.2,10.7,6.05));
#2843=CARTESIAN_POINT('',(34.2,-17.1119841047144,6.05));
#2844=CARTESIAN_POINT('',(28.4901401067977,10.7,2.));
#2845=CARTESIAN_POINT('Origin',(34.2,10.7,0.));
#2846=CARTESIAN_POINT('',(28.4901401067977,2.,2.));
#2847=CARTESIAN_POINT('',(28.4901401067977,-17.1119841047144,2.));
#2848=CARTESIAN_POINT('',(34.2,2.,6.05));
#2849=CARTESIAN_POINT('Origin',(34.2,2.,0.));
#2850=CARTESIAN_POINT('',(34.2,-17.1119841047144,6.05));
#2851=CARTESIAN_POINT('Origin',(11.7,10.1,7.));
#2852=CARTESIAN_POINT('',(14.95,10.1,7.));
#2853=CARTESIAN_POINT('Origin',(11.7,10.1,7.));
#2854=CARTESIAN_POINT('',(14.95,10.1,7.));
#2855=CARTESIAN_POINT('Origin',(11.7,40.1,7.));
#2856=CARTESIAN_POINT('',(14.95,40.1,7.));
#2857=CARTESIAN_POINT('Origin',(11.7,40.1,7.));
#2858=CARTESIAN_POINT('',(14.95,40.1,7.));
#2859=CARTESIAN_POINT('Origin',(0.,0.,7.));
#2860=CARTESIAN_POINT('Origin',(0.,0.,7.));
#2861=CARTESIAN_POINT('',(27.8042398011884,50.,7.));
#2862=CARTESIAN_POINT('',(0.2,50.,7.));
#2863=CARTESIAN_POINT('',(0.,50.,7.));
#2864=CARTESIAN_POINT('',(0.2,0.2,7.));
#2865=CARTESIAN_POINT('',(0.2,0.,7.));
#2866=CARTESIAN_POINT('',(27.8042398011884,0.2,7.));
#2867=CARTESIAN_POINT('',(0.,0.2,7.));
#2868=CARTESIAN_POINT('',(27.8042398011884,0.,7.));
#2869=CARTESIAN_POINT('',(2.,2.,7.));
#2870=CARTESIAN_POINT('',(25.9995408690268,2.,7.));
#2871=CARTESIAN_POINT('',(0.,2.,7.));
#2872=CARTESIAN_POINT('',(2.,48.2,7.));
#2873=CARTESIAN_POINT('',(2.,0.,7.));
#2874=CARTESIAN_POINT('',(25.9995408690268,48.2,7.));
#2875=CARTESIAN_POINT('',(0.,48.2,7.));
#2876=CARTESIAN_POINT('',(25.9995408690268,0.,7.));
#2877=CARTESIAN_POINT('Origin',(34.2,0.,6.05));
#2878=CARTESIAN_POINT('',(28.2161173416687,37.5,6.05));
#2879=CARTESIAN_POINT('',(28.0203571428572,37.5,6.05));
#2880=CARTESIAN_POINT('',(28.2161173416688,35.7,6.05));
#2881=CARTESIAN_POINT('',(28.2161173416688,35.7,6.05));
#2882=CARTESIAN_POINT('',(34.2,35.7,6.05));
#2883=CARTESIAN_POINT('Origin',(34.2,0.,6.05));
#2884=CARTESIAN_POINT('',(28.0203571428572,12.5,6.05));
#2885=CARTESIAN_POINT('',(28.0203571428572,12.5,6.05));
#2886=CARTESIAN_POINT('',(28.0203571428572,10.7,6.05));
#2887=CARTESIAN_POINT('',(28.0203571428572,0.,6.05));
#2888=CARTESIAN_POINT('',(34.2,10.7,6.05));
#2889=CARTESIAN_POINT('Origin',(0.,0.,7.));
#2890=CARTESIAN_POINT('Origin',(0.,0.,0.));
#2891=CARTESIAN_POINT('',(27.945668372617,25.2,0.));
#2892=CARTESIAN_POINT('',(28.35,25.2,0.));
#2893=CARTESIAN_POINT('',(0.,25.2,0.));
#2894=CARTESIAN_POINT('',(27.945668372617,12.7,0.));
#2895=CARTESIAN_POINT('',(27.945668372617,12.7,0.));
#2896=CARTESIAN_POINT('',(28.35,12.7,0.));
#2897=CARTESIAN_POINT('',(0.,12.7,0.));
#2898=CARTESIAN_POINT('Origin',(28.35,12.5,0.));
#2899=CARTESIAN_POINT('',(3.58284271247464,0.2,0.));
#2900=CARTESIAN_POINT('',(3.50000000000002,0.2,0.));
#2901=CARTESIAN_POINT('',(3.58284271247464,50.,0.));
#2902=CARTESIAN_POINT('',(3.58284271247464,0.,0.));
#2903=CARTESIAN_POINT('',(27.945668372617,50.,0.));
#2904=CARTESIAN_POINT('',(27.945668372617,50.,0.));
#2905=CARTESIAN_POINT('',(27.945668372617,37.9,0.));
#2906=CARTESIAN_POINT('',(27.945668372617,37.7,0.));
#2907=CARTESIAN_POINT('',(28.2920785341308,37.7,0.));
#2908=CARTESIAN_POINT('Ctrl Pts',(27.945668372617,37.9,0.));
#2909=CARTESIAN_POINT('Ctrl Pts',(28.0010880170332,37.8445803555838,0.));
#2910=CARTESIAN_POINT('Ctrl Pts',(28.0687130270578,37.7792174567623,0.));
#2911=CARTESIAN_POINT('Ctrl Pts',(28.1826144672472,37.7179143999796,0.));
#2912=CARTESIAN_POINT('Ctrl Pts',(28.2411030497556,37.7,0.));
#2913=CARTESIAN_POINT('Ctrl Pts',(28.2920785341308,37.7,0.));
#2914=CARTESIAN_POINT('',(28.35,37.7,0.));
#2915=CARTESIAN_POINT('',(0.,37.7,0.));
#2916=CARTESIAN_POINT('Origin',(28.35,37.5,0.));
#2917=CARTESIAN_POINT('Origin',(28.35,25.4,0.));
#2918=CARTESIAN_POINT('Origin',(0.,0.,7.));
#2919=CARTESIAN_POINT('',(0.,0.2,3.58284271247464));
#2920=CARTESIAN_POINT('',(0.,0.2,6.8));
#2921=CARTESIAN_POINT('',(0.,0.2,7.));
#2922=CARTESIAN_POINT('',(0.,50.,6.8));
#2923=CARTESIAN_POINT('',(0.,0.,6.8));
#2924=CARTESIAN_POINT('',(0.,50.,3.58284271247464));
#2925=CARTESIAN_POINT('',(0.,50.,7.));
#2926=CARTESIAN_POINT('',(0.,0.,3.58284271247464));
#2927=CARTESIAN_POINT('Origin',(0.,0.,7.));
#2928=CARTESIAN_POINT('',(3.58284271247464,0.,0.2));
#2929=CARTESIAN_POINT('',(28.3534198029959,0.,0.2));
#2930=CARTESIAN_POINT('',(28.15,0.,0.2));
#2931=CARTESIAN_POINT('',(34.2,0.,5.85));
#2932=CARTESIAN_POINT('Origin',(34.2,0.,0.));
#2933=CARTESIAN_POINT('',(27.8245969440455,0.,5.85));
#2934=CARTESIAN_POINT('',(-1.61411593152786E-16,0.,5.85));
#2935=CARTESIAN_POINT('',(27.8042398011884,0.,6.8));
#2936=CARTESIAN_POINT('',(27.7871946607829,0.,7.59543988558821));
#2937=CARTESIAN_POINT('',(0.2,0.,6.8));
#2938=CARTESIAN_POINT('',(0.,0.,6.8));
#2939=CARTESIAN_POINT('',(0.2,0.,3.58284271247464));
#2940=CARTESIAN_POINT('',(0.2,0.,7.));
#2941=CARTESIAN_POINT('',(3.64142135623733,0.,0.14142135623731));
#2942=CARTESIAN_POINT('Origin',(0.,50.2,7.));
#2943=CARTESIAN_POINT('',(3.58284271247464,50.2,0.2));
#2944=CARTESIAN_POINT('',(0.2,50.2,3.58284271247464));
#2945=CARTESIAN_POINT('',(0.14142135623731,50.2,3.64142135623733));
#2946=CARTESIAN_POINT('',(0.2,50.2,6.8));
#2947=CARTESIAN_POINT('',(0.2,50.2,7.));
#2948=CARTESIAN_POINT('',(27.8042398011884,50.2,6.8));
#2949=CARTESIAN_POINT('',(0.,50.2,6.8));
#2950=CARTESIAN_POINT('',(27.945668372617,50.2,0.2));
#2951=CARTESIAN_POINT('',(27.7871946607829,50.2,7.59543988558821));
#2952=CARTESIAN_POINT('',(3.50000000000002,50.2,0.2));
#2953=CARTESIAN_POINT('Origin',(34.2,37.7,0.));
#2954=CARTESIAN_POINT('',(28.3455765674976,37.7,0.208569461318871));
#2955=CARTESIAN_POINT('Origin',(27.945668372617,37.7,0.2));
#2956=CARTESIAN_POINT('',(28.2246887702402,37.7,5.85));
#2957=CARTESIAN_POINT('',(28.3527308836099,37.7,-0.125298623922645));
#2958=CARTESIAN_POINT('',(34.2,37.7,5.85));
#2959=CARTESIAN_POINT('',(34.2,37.7,5.85));
#2960=CARTESIAN_POINT('Origin',(34.2,37.7,0.));
#2961=CARTESIAN_POINT('Origin',(28.15,37.7,0.));
#2962=CARTESIAN_POINT('',(28.1456224700573,12.7,0.204284730659436));
#2963=CARTESIAN_POINT('',(28.0246428571429,12.7,5.85));
#2964=CARTESIAN_POINT('',(28.15,12.7,0.));
#2965=CARTESIAN_POINT('',(28.1456224700573,25.2,0.204284730659436));
#2966=CARTESIAN_POINT('',(28.1456224700573,25.2,0.204284730659436));
#2967=CARTESIAN_POINT('',(28.0246428571429,25.2,5.85));
#2968=CARTESIAN_POINT('',(28.15,25.2,0.));
#2969=CARTESIAN_POINT('',(28.0203571428572,25.4,6.05));
#2970=CARTESIAN_POINT('Origin',(28.0246428571429,25.4,5.85));
#2971=CARTESIAN_POINT('',(28.0203571428572,27.2,6.05));
#2972=CARTESIAN_POINT('',(28.0203571428572,0.,6.05));
#2973=CARTESIAN_POINT('',(28.0203571428572,35.7,6.05));
#2974=CARTESIAN_POINT('',(28.0203571428572,0.,6.05));
#2975=CARTESIAN_POINT('',(28.0161632442284,35.7,6.24571526934056));
#2976=CARTESIAN_POINT('',(28.1527767861696,35.7,-0.12958335458208));
#2977=CARTESIAN_POINT('',(28.0161632442284,37.5,6.24571526934056));
#2978=CARTESIAN_POINT('',(28.0161632442284,37.5,6.24571526934056));
#2979=CARTESIAN_POINT('',(28.0247346727998,37.9,5.84571526934056));
#2980=CARTESIAN_POINT('Ctrl Pts',(28.0161632442284,37.5,6.24571526934056));
#2981=CARTESIAN_POINT('Ctrl Pts',(28.0161632442372,37.6050138278678,6.24571526893042));
#2982=CARTESIAN_POINT('Ctrl Pts',(28.0170870152785,37.7087947406209,6.20260595366883));
#2983=CARTESIAN_POINT('Ctrl Pts',(28.0202604997865,37.8568906843283,6.05451000996153));
#2984=CARTESIAN_POINT('Ctrl Pts',(28.0224843764884,37.89999999959,5.95072909720836));
#2985=CARTESIAN_POINT('Ctrl Pts',(28.0247346727998,37.9,5.84571526934056));
#2986=CARTESIAN_POINT('',(28.1456224700573,37.9,0.204284730659436));
#2987=CARTESIAN_POINT('',(28.15,37.9,0.));
#2988=CARTESIAN_POINT('',(28.1456224700573,50.,0.204284730659436));
#2989=CARTESIAN_POINT('',(28.1456224700573,50.2,0.204284730659436));
#2990=CARTESIAN_POINT('',(28.0041938986287,50.,6.80428473065944));
#2991=CARTESIAN_POINT('',(28.15,50.,0.));
#2992=CARTESIAN_POINT('',(28.0041938986287,0.2,6.80428473065944));
#2993=CARTESIAN_POINT('',(28.0041938986287,37.7,6.80428473065944));
#2994=CARTESIAN_POINT('',(28.0203571428572,0.2,6.05));
#2995=CARTESIAN_POINT('',(28.15,0.199999999999999,0.));
#2996=CARTESIAN_POINT('',(28.0203571428572,2.,6.05));
#2997=CARTESIAN_POINT('',(28.0203571428572,0.,6.05));
#2998=CARTESIAN_POINT('',(28.0203571428572,0.,6.05));
#2999=CARTESIAN_POINT('Origin',(28.0246428571429,12.5,5.85));
#3000=CARTESIAN_POINT('Origin',(34.2,12.7,0.));
#3001=CARTESIAN_POINT('',(34.2,12.7,5.85));
#3002=CARTESIAN_POINT('',(34.2,12.7,5.85));
#3003=CARTESIAN_POINT('Origin',(34.2,12.7,0.));
#3004=CARTESIAN_POINT('Origin',(27.945668372617,12.7,0.2));
#3005=CARTESIAN_POINT('Origin',(34.2,25.2,0.));
#3006=CARTESIAN_POINT('',(34.2,25.2,5.85));
#3007=CARTESIAN_POINT('Origin',(34.2,25.2,0.));
#3008=CARTESIAN_POINT('',(34.2,25.2,5.85));
#3009=CARTESIAN_POINT('Origin',(27.945668372617,25.2,0.2));
#3010=CARTESIAN_POINT('Origin',(34.2,0.,6.05));
#3011=CARTESIAN_POINT('',(34.2,25.4,6.05));
#3012=CARTESIAN_POINT('',(34.2,27.2,6.05));
#3013=CARTESIAN_POINT('Origin',(34.2,0.,6.05));
#3014=CARTESIAN_POINT('',(34.2,0.2,6.05));
#3015=CARTESIAN_POINT('',(-1.3334001173491E-16,2.,6.05));
#3016=CARTESIAN_POINT('Origin',(0.,0.,3.50000000000002));
#3017=CARTESIAN_POINT('',(3.44142135623733,0.2,0.0585786437626903));
#3018=CARTESIAN_POINT('',(0.0585786437626905,0.2,3.44142135623733));
#3019=CARTESIAN_POINT('',(3.11708124589583E-16,0.2,3.50000000000002));
#3020=CARTESIAN_POINT('',(0.0585786437626905,50.,3.44142135623733));
#3021=CARTESIAN_POINT('',(0.0585786437626904,50.2,3.44142135623733));
#3022=CARTESIAN_POINT('',(3.44142135623733,50.,0.0585786437626903));
#3023=CARTESIAN_POINT('',(3.50000000000002,50.,-3.33763737648813E-16));
#3024=CARTESIAN_POINT('',(3.44142135623733,0.,0.0585786437626904));
#3025=CARTESIAN_POINT('Origin',(0.,0.,2.));
#3026=CARTESIAN_POINT('',(4.80238389285555,41.2928503839382,2.));
#3027=CARTESIAN_POINT('',(4.77076857688287,39.1071496160618,2.));
#3028=CARTESIAN_POINT('Origin',(11.7,40.1,2.));
#3029=CARTESIAN_POINT('',(4.32842712474621,39.1071496160618,2.00000000000955));
#3030=CARTESIAN_POINT('',(6.99999999999999,39.1071496160618,2.00000000000955));
#3031=CARTESIAN_POINT('',(4.32842712474621,11.0928503839382,2.));
#3032=CARTESIAN_POINT('',(4.32842712474621,0.,2.));
#3033=CARTESIAN_POINT('',(4.77076857688288,11.0928503839382,2.));
#3034=CARTESIAN_POINT('',(6.99999999999999,11.0928503839382,2.00000000000955));
#3035=CARTESIAN_POINT('',(4.80238389285555,8.90714961606182,2.));
#3036=CARTESIAN_POINT('Origin',(11.7,10.1,2.));
#3037=CARTESIAN_POINT('',(4.32842712474621,8.90714961606182,2.00000000000955));
#3038=CARTESIAN_POINT('',(6.99999999999999,8.90714961606182,2.00000000000955));
#3039=CARTESIAN_POINT('',(4.32842712474621,2.,2.));
#3040=CARTESIAN_POINT('',(4.32842712474621,0.,2.));
#3041=CARTESIAN_POINT('',(0.,2.,2.));
#3042=CARTESIAN_POINT('',(26.1066837261697,10.7,2.));
#3043=CARTESIAN_POINT('',(34.2,10.7,2.));
#3044=CARTESIAN_POINT('',(26.1066837261697,27.2,2.));
#3045=CARTESIAN_POINT('',(26.1066837261697,0.,2.));
#3046=CARTESIAN_POINT('',(0.,27.2,2.));
#3047=CARTESIAN_POINT('',(26.1066837261697,35.7,2.));
#3048=CARTESIAN_POINT('',(0.,35.7,2.));
#3049=CARTESIAN_POINT('',(26.1066837261697,48.2,2.));
#3050=CARTESIAN_POINT('',(26.1066837261697,0.,2.));
#3051=CARTESIAN_POINT('',(4.32842712474621,48.2,2.));
#3052=CARTESIAN_POINT('',(0.,48.2,2.));
#3053=CARTESIAN_POINT('',(4.32842712474621,41.2928503839382,2.));
#3054=CARTESIAN_POINT('',(4.32842712474621,0.,2.));
#3055=CARTESIAN_POINT('',(6.99999999999999,41.2928503839382,2.00000000000955));
#3056=CARTESIAN_POINT('Origin',(2.,0.,7.));
#3057=CARTESIAN_POINT('',(2.,48.2,4.32842712474621));
#3058=CARTESIAN_POINT('',(2.,48.2,7.));
#3059=CARTESIAN_POINT('',(2.,2.,4.32842712474621));
#3060=CARTESIAN_POINT('',(2.,2.,7.));
#3061=CARTESIAN_POINT('',(2.,0.,4.32842712474621));
#3062=CARTESIAN_POINT('Origin',(0.,2.,7.));
#3063=CARTESIAN_POINT('',(1.41421356237309,2.,4.91421356237311));
#3064=CARTESIAN_POINT('',(26.019898011884,2.,6.05));
#3065=CARTESIAN_POINT('',(25.98760778382,2.,7.55687730965329));
#3066=CARTESIAN_POINT('',(-1.3334001173491E-16,2.,6.05));
#3067=CARTESIAN_POINT('Origin',(0.,48.2,7.));
#3068=CARTESIAN_POINT('',(26.1504590255967,48.2,-0.0428473065943562));
#3069=CARTESIAN_POINT('',(1.41421356237309,48.2,4.91421356237311));
#3070=CARTESIAN_POINT('Origin',(34.2,35.7,0.));
#3071=CARTESIAN_POINT('Origin',(28.2161173416688,35.7,6.25));
#3072=CARTESIAN_POINT('',(26.019898011884,35.7,6.05));
#3073=CARTESIAN_POINT('',(34.2,35.7,6.05));
#3074=CARTESIAN_POINT('',(26.1532358117663,35.7,-0.172430661176437));
#3075=CARTESIAN_POINT('Origin',(26.1504590255967,37.7,-0.0428473065943562));
#3076=CARTESIAN_POINT('',(26.019898011884,27.2,6.05));
#3077=CARTESIAN_POINT('',(26.019898011884,0.,6.05));
#3078=CARTESIAN_POINT('',(26.1532358117663,27.2,-0.172430661176437));
#3079=CARTESIAN_POINT('',(26.019898011884,10.7,6.05));
#3080=CARTESIAN_POINT('',(26.1532358117663,10.7,-0.172430661176437));
#3081=CARTESIAN_POINT('',(26.019898011884,0.,6.05));
#3082=CARTESIAN_POINT('Origin',(34.2,10.7,0.));
#3083=CARTESIAN_POINT('',(34.2,10.7,6.05));
#3084=CARTESIAN_POINT('Origin',(34.2,27.2,0.));
#3085=CARTESIAN_POINT('',(34.2,27.2,6.05));
#3086=CARTESIAN_POINT('Origin',(34.2,0.,6.05));
#3087=CARTESIAN_POINT('Origin',(34.2,0.,6.05));
#3088=CARTESIAN_POINT('Origin',(11.7,10.1,2.));
#3089=CARTESIAN_POINT('',(4.80238389285555,8.90714961606182,2.));
#3090=CARTESIAN_POINT('',(4.77076857688288,11.0928503839382,2.));
#3091=CARTESIAN_POINT('Origin',(11.7,40.1,2.));
#3092=CARTESIAN_POINT('',(4.77076857688287,39.1071496160618,2.));
#3093=CARTESIAN_POINT('',(4.80238389285555,41.2928503839382,2.));
#3094=CARTESIAN_POINT('Origin',(1.41421356237309,0.,4.91421356237311));
#3095=CARTESIAN_POINT('',(2.32555901117242,39.1071496160618,4.00286811355954));
#3096=CARTESIAN_POINT('',(250006.664213562,39.1071496160618,-250000.335786437));
#3097=CARTESIAN_POINT('',(2.32555901117242,41.2928503839382,4.00286811355954));
#3098=CARTESIAN_POINT('',(2.32555901117242,39.1071496160618,4.00286811355954));
#3099=CARTESIAN_POINT('',(250006.664213562,41.2928503839382,-250000.335786437));
#3100=CARTESIAN_POINT('',(2.32555901116351,8.90714961606182,4.00286811357375));
#3101=CARTESIAN_POINT('',(250006.664213562,8.90714961606182,-250000.335786437));
#3102=CARTESIAN_POINT('',(2.32555901116351,11.0928503839382,4.00286811357375));
#3103=CARTESIAN_POINT('',(2.32555901117242,11.0928503839382,4.00286811355954));
#3104=CARTESIAN_POINT('',(250006.664213562,11.0928503839382,-250000.335786437));
#3105=CARTESIAN_POINT('Origin',(0.,0.,5.5));
#3106=CARTESIAN_POINT('',(2.32555901117242,11.0928503839382,5.5));
#3107=CARTESIAN_POINT('',(6.99999999999999,11.0928503839382,5.5));
#3108=CARTESIAN_POINT('',(2.32555901117242,8.90714961606182,5.5));
#3109=CARTESIAN_POINT('',(2.32555901117242,11.0928503839382,5.5));
#3110=CARTESIAN_POINT('',(6.99999999999999,8.90714961606182,5.5));
#3111=CARTESIAN_POINT('Origin',(6.99999999999999,11.0928503839382,-500000.));
#3112=CARTESIAN_POINT('',(2.32555901117242,11.0928503839382,-500000.));
#3113=CARTESIAN_POINT('Origin',(2.32555901117242,11.0928503839382,-500000.));
#3114=CARTESIAN_POINT('',(2.32555901117242,8.90714961606182,-500000.));
#3115=CARTESIAN_POINT('Origin',(6.99999999999999,8.90714961606182,-500000.));
#3116=CARTESIAN_POINT('Origin',(0.,0.,5.5));
#3117=CARTESIAN_POINT('',(2.32555901117242,41.2928503839382,5.5));
#3118=CARTESIAN_POINT('',(6.99999999999999,41.2928503839382,5.5));
#3119=CARTESIAN_POINT('',(2.32555901117242,39.1071496160618,5.5));
#3120=CARTESIAN_POINT('',(2.32555901117242,39.1071496160618,5.5));
#3121=CARTESIAN_POINT('',(6.99999999999999,39.1071496160618,5.5));
#3122=CARTESIAN_POINT('Origin',(6.99999999999999,41.2928503839382,-500000.));
#3123=CARTESIAN_POINT('',(2.32555901117242,41.2928503839382,-500000.));
#3124=CARTESIAN_POINT('Origin',(2.32555901117242,39.1071496160618,-500000.));
#3125=CARTESIAN_POINT('',(2.32555901117242,39.1071496160618,-500000.));
#3126=CARTESIAN_POINT('Origin',(6.99999999999999,39.1071496160618,-500000.));
#3127=CARTESIAN_POINT('Origin',(27.945668372617,37.7,0.2));
#3128=CARTESIAN_POINT('Origin',(27.945668372617,50.,0.2));
#3129=CARTESIAN_POINT('Origin',(27.945668372617,37.9,0.2));
#3130=CARTESIAN_POINT('Origin',(34.2,37.5,5.85));
#3131=CARTESIAN_POINT('Origin',(28.2246887702402,37.4999999999999,5.8499999999999));
#3132=CARTESIAN_POINT('Origin',(34.2,37.5,5.85));
#3133=CARTESIAN_POINT('Origin',(34.2,37.5,0.));
#3134=CARTESIAN_POINT('Origin',(0.2,0.2,7.));
#3135=CARTESIAN_POINT('Origin',(0.2,0.2,3.58284271247464));
#3136=CARTESIAN_POINT('Origin',(0.2,0.2,6.8));
#3137=CARTESIAN_POINT('Origin',(-1.61411593152786E-16,0.2,5.85));
#3138=CARTESIAN_POINT('Origin',(27.8245969440456,0.199999999999937,5.85000000000005));
#3139=CARTESIAN_POINT('Origin',(34.2,0.2,5.85));
#3140=CARTESIAN_POINT('Origin',(0.2,0.2,6.8));
#3141=CARTESIAN_POINT('Origin',(0.2,0.2,6.8));
#3142=CARTESIAN_POINT('Origin',(0.2,0.2,6.8));
#3143=CARTESIAN_POINT('Origin',(0.2,0.2,3.58284271247464));
#3144=CARTESIAN_POINT('Origin',(0.2,0.2,3.58284271247464));
#3145=CARTESIAN_POINT('Origin',(0.2,0.2,3.58284271247464));
#3146=CARTESIAN_POINT('Origin',(34.2,0.199999999999999,0.));
#3147=CARTESIAN_POINT('Ctrl Pts',(28.15,0.199999999999999,-9.72914203054365E-16));
#3148=CARTESIAN_POINT('Ctrl Pts',(28.15,0.181292568663168,-8.54314445853911E-16));
#3149=CARTESIAN_POINT('Ctrl Pts',(28.1526214494317,0.163005538966557,0.00262288010771556));
#3150=CARTESIAN_POINT('Ctrl Pts',(28.1631506330051,0.125785106258651,0.0131389429456817));
#3151=CARTESIAN_POINT('Ctrl Pts',(28.171549612668,0.107810876244045,0.0215198587548851));
#3152=CARTESIAN_POINT('Ctrl Pts',(28.195377117873,0.0708787100599485,0.0452222580303551));
#3153=CARTESIAN_POINT('Ctrl Pts',(28.2120990762092,0.0537182903182181,0.0618071897034683));
#3154=CARTESIAN_POINT('Ctrl Pts',(28.247969288451,0.0270268442207655,0.0972024205316524));
#3155=CARTESIAN_POINT('Ctrl Pts',(28.2673256231861,0.0172475464889442,0.116220367177636));
#3156=CARTESIAN_POINT('Ctrl Pts',(28.3080298247959,0.00370861849077059,
0.156002049163154));
#3157=CARTESIAN_POINT('Ctrl Pts',(28.329724495235,0.000218940168953859,
0.17709365645934));
#3158=CARTESIAN_POINT('Ctrl Pts',(28.3520411353676,3.32849346877692E-6,
0.19866756963656));
#3159=CARTESIAN_POINT('Ctrl Pts',(28.3527304420286,-1.25635622239202E-15,
0.199333817490851));
#3160=CARTESIAN_POINT('Ctrl Pts',(28.353419802996,-1.2490009027033E-15,
0.2));
#3161=CARTESIAN_POINT('Origin',(27.7871946607829,0.2,7.59543988558821));
#3162=CARTESIAN_POINT('Origin',(27.8042398011884,0.2,6.8));
#3163=CARTESIAN_POINT('Origin',(0.,0.2,6.8));
#3164=CARTESIAN_POINT('Origin',(27.8042398011884,0.2,6.8));
#3165=CARTESIAN_POINT('Origin',(0.2,0.,6.8));
#3166=CARTESIAN_POINT('Origin',(0.2,50.,6.8));
#3167=CARTESIAN_POINT('Origin',(0.2,50.,7.));
#3168=CARTESIAN_POINT('Origin',(0.2,50.,3.58284271247464));
#3169=CARTESIAN_POINT('Origin',(0.2,50.,6.8));
#3170=CARTESIAN_POINT('Origin',(0.2,0.,3.58284271247464));
#3171=CARTESIAN_POINT('Origin',(0.2,50.,3.58284271247464));
#3172=CARTESIAN_POINT('Origin',(-1.60857864376268,0.2,5.39142135623732));
#3173=CARTESIAN_POINT('Origin',(3.58284271247464,0.2,0.2));
#3174=CARTESIAN_POINT('Origin',(0.,0.2,0.2));
#3175=CARTESIAN_POINT('Origin',(3.58284271247464,0.2,0.2));
#3176=CARTESIAN_POINT('Origin',(27.8042398011884,0.2,6.8));
#3177=CARTESIAN_POINT('Origin',(27.8042398011884,0.2,6.8));
#3178=CARTESIAN_POINT('Origin',(0.2,50.,6.8));
#3179=CARTESIAN_POINT('Origin',(0.2,50.,6.8));
#3180=CARTESIAN_POINT('Origin',(0.2,50.,3.58284271247464));
#3181=CARTESIAN_POINT('Origin',(0.2,50.,3.58284271247464));
#3182=CARTESIAN_POINT('Origin',(3.58284271247464,0.2,0.2));
#3183=CARTESIAN_POINT('Origin',(3.58284271247464,0.2,0.2));
#3184=CARTESIAN_POINT('Origin',(27.8042398011884,0.,6.8));
#3185=CARTESIAN_POINT('Origin',(27.8042398011884,50.,6.8));
#3186=CARTESIAN_POINT('Origin',(0.,50.,6.8));
#3187=CARTESIAN_POINT('Origin',(27.8042398011884,50.,6.8));
#3188=CARTESIAN_POINT('Origin',(-1.60857864376268,50.,5.39142135623732));
#3189=CARTESIAN_POINT('Origin',(3.58284271247464,50.,0.2));
#3190=CARTESIAN_POINT('Origin',(3.58284271247464,0.,0.2));
#3191=CARTESIAN_POINT('Origin',(3.58284271247464,50.,0.2));
#3192=CARTESIAN_POINT('Origin',(27.8042398011884,50.,6.8));
#3193=CARTESIAN_POINT('Origin',(27.8042398011884,50.,6.8));
#3194=CARTESIAN_POINT('Origin',(3.58284271247464,50.,0.2));
#3195=CARTESIAN_POINT('Origin',(3.58284271247464,50.,0.2));
#3196=CARTESIAN_POINT('Origin',(27.9500459025597,50.,-0.00428473065943562));
#3197=CARTESIAN_POINT('Origin',(27.945668372617,50.,0.2));
#3198=CARTESIAN_POINT('Origin',(0.,50.,0.2));
#3199=CARTESIAN_POINT('Origin',(27.945668372617,50.,0.2));
#3200=CARTESIAN_POINT('Origin',(27.945668372617,50.,0.2));
#3201=CARTESIAN_POINT('Origin',(27.945668372617,37.9,0.2));
#3202=CARTESIAN_POINT('Origin',(28.3455765674976,37.9,0.208569461318871));
#3203=CARTESIAN_POINT('Origin',(28.3527308836099,37.9,-0.125298623922645));
#3204=CARTESIAN_POINT('Origin',(28.2246887702402,37.9,5.85));
#3205=CARTESIAN_POINT('Ctrl Pts',(28.0161632442356,37.4999839190569,6.24571526900367));
#3206=CARTESIAN_POINT('Ctrl Pts',(28.020357378133,37.4999917853232,6.04998902046151));
#3207=CARTESIAN_POINT('Ctrl Pts',(28.2161285585224,37.4999919595384,6.05000000014607));
#3208=CARTESIAN_POINT('Ctrl Pts',(28.0161631499333,37.6050032330335,6.24571966978155));
#3209=CARTESIAN_POINT('Ctrl Pts',(28.0203573286932,37.5536381210124,6.0499913276511));
#3210=CARTESIAN_POINT('Ctrl Pts',(28.2161284644282,37.5525015513139,6.05000220073404));
#3211=CARTESIAN_POINT('Ctrl Pts',(28.0170869342851,37.7087909609266,6.20260973336318));
#3212=CARTESIAN_POINT('Ctrl Pts',(28.0208421585617,37.6065640941335,6.02736593378221));
#3213=CARTESIAN_POINT('Ctrl Pts',(28.2170522610283,37.60439535618,6.02844729361697));
#3214=CARTESIAN_POINT('Ctrl Pts',(28.02026058078,37.8568944640227,6.05450623026719));
#3215=CARTESIAN_POINT('Ctrl Pts',(28.0224766148453,37.6806284218884,5.95109130722498));
#3216=CARTESIAN_POINT('Ctrl Pts',(28.220225951481,37.6784471073761,5.95439566867154));
#3217=CARTESIAN_POINT('Ctrl Pts',(28.0224846035206,37.9000044004412,5.95071850237403));
#3218=CARTESIAN_POINT('Ctrl Pts',(28.023613096402,37.7011118440726,5.89805550125987));
#3219=CARTESIAN_POINT('Ctrl Pts',(28.2224500050492,37.7000021370179,5.9025018692142));
#3220=CARTESIAN_POINT('Ctrl Pts',(28.0247350173915,37.8999999996631,5.8456991883974));
#3221=CARTESIAN_POINT('Ctrl Pts',(28.0247348450495,37.6999884883904,5.84570723102264));
#3222=CARTESIAN_POINT('Ctrl Pts',(28.224700451196,37.7000000001627,5.84999220245019));
#3223=CARTESIAN_POINT('Origin',(28.2161173416687,37.5,6.25));
#3224=CARTESIAN_POINT('Origin',(28.2161173416688,37.7,6.25));
#3225=CARTESIAN_POINT('Origin',(34.2,25.4,0.));
#3226=CARTESIAN_POINT('Origin',(34.2,25.4,5.85));
#3227=CARTESIAN_POINT('Origin',(34.2,25.4,5.85));
#3228=CARTESIAN_POINT('Origin',(27.945668372617,37.7,0.2));
#3229=CARTESIAN_POINT('Origin',(34.2,12.5,0.));
#3230=CARTESIAN_POINT('Origin',(34.2,12.5,5.85));
#3231=CARTESIAN_POINT('Origin',(34.2,12.5,5.85));
#3232=CARTESIAN_POINT('',(0.,0.,0.));
#3233=CARTESIAN_POINT('Origin',(0.,0.,50.));
#3234=CARTESIAN_POINT('',(4.,-4.89858719658941E-16,0.));
#3235=CARTESIAN_POINT('Origin',(0.,0.,0.));
#3236=CARTESIAN_POINT('',(4.,-4.89858719658941E-16,50.));
#3237=CARTESIAN_POINT('',(4.,-4.89858719658941E-16,50.));
#3238=CARTESIAN_POINT('Origin',(0.,0.,50.));
#3239=CARTESIAN_POINT('Origin',(0.,0.,50.));
#3240=CARTESIAN_POINT('Origin',(0.,0.,0.));
#3241=CARTESIAN_POINT('',(-95.7479663421664,9.49110658332065,15.9295213668373));
#3242=CARTESIAN_POINT('',(-27.3479663421664,59.8911065833207,15.9295213668374));
#3243=CARTESIAN_POINT('',(-61.5479663421664,59.8911065833206,15.9295213668376));
#3244=UNCERTAINTY_MEASURE_WITH_UNIT(LENGTH_MEASURE(0.01),#3252,
'DISTANCE_ACCURACY_VALUE',
'Maximum model space distance between geometric entities at asserted c
onnectivities');
#3245=UNCERTAINTY_MEASURE_WITH_UNIT(LENGTH_MEASURE(0.01),#3252,
'DISTANCE_ACCURACY_VALUE',
'Maximum model space distance between geometric entities at asserted c
onnectivities');
#3246=UNCERTAINTY_MEASURE_WITH_UNIT(LENGTH_MEASURE(0.01),#3252,
'DISTANCE_ACCURACY_VALUE',
'Maximum model space distance between geometric entities at asserted c
onnectivities');
#3247=UNCERTAINTY_MEASURE_WITH_UNIT(LENGTH_MEASURE(0.01),#3252,
'DISTANCE_ACCURACY_VALUE',
'Maximum model space distance between geometric entities at asserted c
onnectivities');
#3248=(
GEOMETRIC_REPRESENTATION_CONTEXT(3)
GLOBAL_UNCERTAINTY_ASSIGNED_CONTEXT((#3244))
GLOBAL_UNIT_ASSIGNED_CONTEXT((#3252,#3254,#3255))
REPRESENTATION_CONTEXT('','3D')
);
#3249=(
GEOMETRIC_REPRESENTATION_CONTEXT(3)
GLOBAL_UNCERTAINTY_ASSIGNED_CONTEXT((#3245))
GLOBAL_UNIT_ASSIGNED_CONTEXT((#3252,#3254,#3255))
REPRESENTATION_CONTEXT('','3D')
);
#3250=(
GEOMETRIC_REPRESENTATION_CONTEXT(3)
GLOBAL_UNCERTAINTY_ASSIGNED_CONTEXT((#3246))
GLOBAL_UNIT_ASSIGNED_CONTEXT((#3252,#3254,#3255))
REPRESENTATION_CONTEXT('','3D')
);
#3251=(
GEOMETRIC_REPRESENTATION_CONTEXT(3)
GLOBAL_UNCERTAINTY_ASSIGNED_CONTEXT((#3247))
GLOBAL_UNIT_ASSIGNED_CONTEXT((#3252,#3254,#3255))
REPRESENTATION_CONTEXT('','3D')
);
#3252=(
LENGTH_UNIT()
NAMED_UNIT(*)
SI_UNIT(.MILLI.,.METRE.)
);
#3253=(
LENGTH_UNIT()
NAMED_UNIT(*)
SI_UNIT($,.METRE.)
);
#3254=(
NAMED_UNIT(*)
PLANE_ANGLE_UNIT()
SI_UNIT($,.RADIAN.)
);
#3255=(
NAMED_UNIT(*)
SI_UNIT($,.STERADIAN.)
SOLID_ANGLE_UNIT()
);
#3256=SHAPE_DEFINITION_REPRESENTATION(#3259,#3265);
#3257=SHAPE_DEFINITION_REPRESENTATION(#3260,#3266);
#3258=SHAPE_DEFINITION_REPRESENTATION(#3261,#3267);
#3259=PRODUCT_DEFINITION_SHAPE('',$,#3269);
#3260=PRODUCT_DEFINITION_SHAPE('',$,#3270);
#3261=PRODUCT_DEFINITION_SHAPE('',$,#3271);
#3262=PRODUCT_DEFINITION_SHAPE($,$,#20);
#3263=PRODUCT_DEFINITION_SHAPE($,$,#21);
#3264=PRODUCT_DEFINITION_SHAPE($,$,#22);
#3265=SHAPE_REPRESENTATION('',(#1875,#2082,#2083,#2084),#3248);
#3266=SHAPE_REPRESENTATION('',(#1876),#3249);
#3267=SHAPE_REPRESENTATION('',(#2076),#3250);
#3268=PRODUCT_DEFINITION_CONTEXT('part definition',#3279,'design');
#3269=PRODUCT_DEFINITION('ALP3034','ALP3034 v1',#3272,#3268);
#3270=PRODUCT_DEFINITION('\X\8Aarka ALP3034','\X\8Aarka ALP3034',#3273,
#3268);
#3271=PRODUCT_DEFINITION('Osovinica','Osovinica',#3274,#3268);
#3272=PRODUCT_DEFINITION_FORMATION('',$,#3281);
#3273=PRODUCT_DEFINITION_FORMATION('',$,#3282);
#3274=PRODUCT_DEFINITION_FORMATION('',$,#3283);
#3275=PRODUCT_RELATED_PRODUCT_CATEGORY('ALP3034 v1','ALP3034 v1',(#3281));
#3276=PRODUCT_RELATED_PRODUCT_CATEGORY('\X\8Aarka ALP3034',
'\X\8Aarka ALP3034',(#3282));
#3277=PRODUCT_RELATED_PRODUCT_CATEGORY('Osovinica','Osovinica',(#3283));
#3278=APPLICATION_PROTOCOL_DEFINITION('international standard',
'automotive_design',2009,#3279);
#3279=APPLICATION_CONTEXT(
'Core Data for Automotive Mechanical Design Process');
#3280=PRODUCT_CONTEXT('part definition',#3279,'mechanical');
#3281=PRODUCT('ALP3034','ALP3034 v1',$,(#3280));
#3282=PRODUCT('\X\8Aarka ALP3034','\X\8Aarka ALP3034',$,(#3280));
#3283=PRODUCT('Osovinica','Osovinica',$,(#3280));
#3284=PRESENTATION_STYLE_ASSIGNMENT((#3287));
#3285=PRESENTATION_STYLE_ASSIGNMENT((#3288));
#3286=PRESENTATION_STYLE_ASSIGNMENT((#3289));
#3287=SURFACE_STYLE_USAGE(.BOTH.,#3290);
#3288=SURFACE_STYLE_USAGE(.BOTH.,#3291);
#3289=SURFACE_STYLE_USAGE(.BOTH.,#3292);
#3290=SURFACE_SIDE_STYLE('',(#3293));
#3291=SURFACE_SIDE_STYLE('',(#3294));
#3292=SURFACE_SIDE_STYLE('',(#3295));
#3293=SURFACE_STYLE_FILL_AREA(#3296);
#3294=SURFACE_STYLE_FILL_AREA(#3297);
#3295=SURFACE_STYLE_FILL_AREA(#3298);
#3296=FILL_AREA_STYLE('Steel - Satin',(#3299));
#3297=FILL_AREA_STYLE('Opaque(202,209,238)',(#3300));
#3298=FILL_AREA_STYLE('Opaque(212,214,212)',(#3301));
#3299=FILL_AREA_STYLE_COLOUR('Steel - Satin',#3302);
#3300=FILL_AREA_STYLE_COLOUR('Opaque(202,209,238)',#3303);
#3301=FILL_AREA_STYLE_COLOUR('Opaque(212,214,212)',#3304);
#3302=COLOUR_RGB('Steel - Satin',0.627450980392157,0.627450980392157,0.627450980392157);
#3303=COLOUR_RGB('Opaque(202,209,238)',0.792156862745098,0.819607843137255,
0.933333333333333);
#3304=COLOUR_RGB('Opaque(212,214,212)',0.831372549019608,0.83921568627451,
0.831372549019608);
ENDSEC;
END-ISO-10303-21;
