ISO-10303-21;
HEADER;
FILE_DESCRIPTION (( 'STEP AP203' ),
    '1' );
FILE_NAME ('ALP4050.STEP',
    '2017-02-28T14:01:45',
    ( '' ),
    ( '' ),
    'SwSTEP 2.0',
    'SolidWorks 2012',
    '' );
FILE_SCHEMA (( 'CONFIG_CONTROL_DESIGN' ));
ENDSEC;

DATA;
#1 =( BOUNDED_CURVE ( )  B_SPLINE_CURVE ( 3, ( #2652, #2632, #2634, #2645 ),
 .UNSPECIFIED., .F., .F. ) 
 B_SPLINE_CURVE_WITH_KNOTS ( ( 4, 4 ),
 ( 4.991613358942192500, 6.558156494165682900 ),
 .UNSPECIFIED. ) 
 CURVE ( )  GEOMETRIC_REPRESENTATION_ITEM ( )  RATIONAL_B_SPLINE_CURVE ( ( 1.000000000000000000, 0.8057392742942595100, 0.8057392742942595100, 1.000000000000000000 ) ) 
 REPRESENTATION_ITEM ( '' )  );
#2 = B_SPLINE_CURVE_WITH_KNOTS ( 'NONE', 3,
 ( #2671, #2665, #2688, #2678, #2705, #2679, #2708, #2702, #2664, #2692, #2683, #2710, #2677, #2693, #2666, #2685, #2695, #2672 ),
 .UNSPECIFIED., .F., .F.,
 ( 4, 2, 2, 2, 2, 2, 2, 2, 4 ),
 ( 0.0000000000000000000, 0.0005719345313230732800, 0.001143869062646146600, 0.001715803593969219800, 0.002287738125292293100, 0.002859672656615366400, 0.003431607187938439700, 0.004003541719261512500, 0.004575476250584586300 ),
 .UNSPECIFIED. ) ;
#3 =( BOUNDED_CURVE ( )  B_SPLINE_CURVE ( 3, ( #2890, #2896, #2902, #2922 ),
 .UNSPECIFIED., .F., .T. ) 
 B_SPLINE_CURVE_WITH_KNOTS ( ( 4, 4 ),
 ( 0.0000000000000000000, 1.535889741755005900 ),
 .UNSPECIFIED. ) 
 CURVE ( )  GEOMETRIC_REPRESENTATION_ITEM ( )  RATIONAL_B_SPLINE_CURVE ( ( 1.000000000000000000, 0.8128932002257682800, 0.8128932002257682800, 1.000000000000000000 ) ) 
 REPRESENTATION_ITEM ( '' )  );
#4 =( BOUNDED_CURVE ( )  B_SPLINE_CURVE ( 3, ( #2926, #2917, #2940, #2918 ),
 .UNSPECIFIED., .F., .T. ) 
 B_SPLINE_CURVE_WITH_KNOTS ( ( 4, 4 ),
 ( 1.605702911834778800, 3.141592653589789100 ),
 .UNSPECIFIED. ) 
 CURVE ( )  GEOMETRIC_REPRESENTATION_ITEM ( )  RATIONAL_B_SPLINE_CURVE ( ( 1.000000000000000000, 0.8128932002257673900, 0.8128932002257673900, 1.000000000000000000 ) ) 
 REPRESENTATION_ITEM ( '' )  );
#5 = B_SPLINE_CURVE_WITH_KNOTS ( 'NONE', 3,
 ( #2979, #2987, #2991, #2990, #2994, #2961, #2969, #2996, #2972, #2997, #2946, #2947, #2964, #2962, #2952, #2963, #2965, #3036 ),
 .UNSPECIFIED., .F., .F.,
 ( 4, 2, 2, 2, 2, 2, 2, 2, 4 ),
 ( 3.469446951953614200E-018, 0.0005766684178281794100, 0.001153336835656355300, 0.001730005253484531100, 0.002306673671312707200, 0.002883342089140883200, 0.003460010506969059500, 0.004036678924797235500, 0.004613347342625412700 ),
 .UNSPECIFIED. ) ;
#6 =( BOUNDED_CURVE ( )  B_SPLINE_CURVE ( 3, ( #3037, #3021, #3028, #3041 ),
 .UNSPECIFIED., .F., .T. ) 
 B_SPLINE_CURVE_WITH_KNOTS ( ( 4, 4 ),
 ( 3.141592653589793100, 4.677482395344803500 ),
 .UNSPECIFIED. ) 
 CURVE ( )  GEOMETRIC_REPRESENTATION_ITEM ( )  RATIONAL_B_SPLINE_CURVE ( ( 1.000000000000000000, 0.8128932002257673900, 0.8128932002257673900, 1.000000000000000000 ) ) 
 REPRESENTATION_ITEM ( '' )  );
#7 = B_SPLINE_CURVE_WITH_KNOTS ( 'NONE', 3,
 ( #2999, #3031, #3016, #3002, #3039, #3005, #3015, #3003, #3004, #3009, #3022, #3019, #3043, #3029, #3035, #3008, #3034, #3023 ),
 .UNSPECIFIED., .F., .F.,
 ( 4, 2, 2, 2, 2, 2, 2, 2, 4 ),
 ( 0.0000000000000000000, 0.0006297561831925821800, 0.001259512366385164400, 0.001889268549577746500, 0.002519024732770328700, 0.003148780915962910900, 0.003778537099155493100, 0.004408293282348075200, 0.005038049465540657400 ),
 .UNSPECIFIED. ) ;
#8 = B_SPLINE_CURVE_WITH_KNOTS ( 'NONE', 3,
 ( #2697, #2686, #2699, #2673, #2687, #2703, #2689, #2690, #2691, #2706, #2667, #2668, #2696, #2669, #2707, #2675, #2676, #2741 ),
 .UNSPECIFIED., .F., .F.,
 ( 4, 2, 2, 2, 2, 2, 2, 2, 4 ),
 ( 0.0000000000000000000, 0.0006297561831925831500, 0.001259512366385166300, 0.001889268549577749600, 0.002519024732770332600, 0.003148780915962915700, 0.003778537099155499100, 0.004408293282348082200, 0.005038049465540665200 ),
 .UNSPECIFIED. ) ;
#9 =( BOUNDED_CURVE ( )  B_SPLINE_CURVE ( 3, ( #2737, #2712, #2730, #2743 ),
 .UNSPECIFIED., .F., .F. ) 
 B_SPLINE_CURVE_WITH_KNOTS ( ( 4, 4 ),
 ( 4.991613358942192500, 6.558156494165682900 ),
 .UNSPECIFIED. ) 
 CURVE ( )  GEOMETRIC_REPRESENTATION_ITEM ( )  RATIONAL_B_SPLINE_CURVE ( ( 1.000000000000000000, 0.8057392742942595100, 0.8057392742942595100, 1.000000000000000000 ) ) 
 REPRESENTATION_ITEM ( '' )  );
#10 =( BOUNDED_CURVE ( )  B_SPLINE_CURVE ( 3, ( #3017, #3032, #3025, #3007 ),
 .UNSPECIFIED., .F., .F. ) 
 B_SPLINE_CURVE_WITH_KNOTS ( ( 4, 4 ),
 ( 1.605702911834783000, 3.141592653589793100 ),
 .UNSPECIFIED. ) 
 CURVE ( )  GEOMETRIC_REPRESENTATION_ITEM ( )  RATIONAL_B_SPLINE_CURVE ( ( 1.000000000000000000, 0.8128932002257673900, 0.8128932002257673900, 1.000000000000000000 ) ) 
 REPRESENTATION_ITEM ( '' )  );
#11 =( BOUNDED_CURVE ( )  B_SPLINE_CURVE ( 3, ( #2916, #2933, #2909, #2923 ),
 .UNSPECIFIED., .F., .T. ) 
 B_SPLINE_CURVE_WITH_KNOTS ( ( 4, 4 ),
 ( 0.0000000000000000000, 1.535889741755010100 ),
 .UNSPECIFIED. ) 
 CURVE ( )  GEOMETRIC_REPRESENTATION_ITEM ( )  RATIONAL_B_SPLINE_CURVE ( ( 1.000000000000000000, 0.8128932002257673900, 0.8128932002257673900, 1.000000000000000000 ) ) 
 REPRESENTATION_ITEM ( '' )  );
#12 =( BOUNDED_CURVE ( )  B_SPLINE_CURVE ( 3, ( #2728, #2713, #2723, #2727 ),
 .UNSPECIFIED., .F., .F. ) 
 B_SPLINE_CURVE_WITH_KNOTS ( ( 4, 4 ),
 ( 6.008214120193489500, 7.574757255416980000 ),
 .UNSPECIFIED. ) 
 CURVE ( )  GEOMETRIC_REPRESENTATION_ITEM ( )  RATIONAL_B_SPLINE_CURVE ( ( 1.000000000000000000, 0.8057392742942595100, 0.8057392742942595100, 1.000000000000000000 ) ) 
 REPRESENTATION_ITEM ( '' )  );
#13 = B_SPLINE_CURVE_WITH_KNOTS ( 'NONE', 3,
 ( #2765, #2760, #2757, #2750, #2752, #2771, #2776, #2766, #2767, #2781, #2782, #2778, #2755, #2751, #2780, #2779, #2758, #2759 ),
 .UNSPECIFIED., .F., .F.,
 ( 4, 2, 2, 2, 2, 2, 2, 2, 4 ),
 ( 0.0000000000000000000, 0.0006345763737294370200, 0.001269152747458874000, 0.001903729121188311000, 0.002538305494917748100, 0.003172881868647185200, 0.003807458242376621900, 0.004442034616106059500, 0.005076610989835496200 ),
 .UNSPECIFIED. ) ;
#14 = B_SPLINE_CURVE_WITH_KNOTS ( 'NONE', 3,
 ( #2879, #2869, #2875, #2907, #2860, #2881, #2897, #2885, #2883, #2872, #2891, #2900, #2886, #2899, #2903, #2887, #2889, #2901 ),
 .UNSPECIFIED., .F., .F.,
 ( 4, 2, 2, 2, 2, 2, 2, 2, 4 ),
 ( 0.0000000000000000000, 0.0006345763737294364800, 0.001269152747458873000, 0.001903729121188309400, 0.002538305494917745900, 0.003172881868647182600, 0.003807458242376618900, 0.004442034616106055100, 0.005076610989835491800 ),
 .UNSPECIFIED. ) ;
#15 = B_SPLINE_CURVE_WITH_KNOTS ( 'NONE', 3,
 ( #2954, #2951, #2992, #2970, #2980, #2945, #2975, #2955, #2983, #2968, #2949, #2959, #2981, #2976, #2985, #2986, #2960, #2958 ),
 .UNSPECIFIED., .F., .F.,
 ( 4, 2, 2, 2, 2, 2, 2, 2, 4 ),
 ( 0.0000000000000000000, 0.0005719345313230752300, 0.001143869062646150500, 0.001715803593969225500, 0.002287738125292301400, 0.002859672656615376800, 0.003431607187938452700, 0.004003541719261528200, 0.004575476250584603600 ),
 .UNSPECIFIED. ) ;
#16 =( BOUNDED_CURVE ( )  B_SPLINE_CURVE ( 3, ( #3075, #3058, #3076, #3084 ),
 .UNSPECIFIED., .F., .F. ) 
 B_SPLINE_CURVE_WITH_KNOTS ( ( 4, 4 ),
 ( 1.605702911834783000, 3.141592653589793100 ),
 .UNSPECIFIED. ) 
 CURVE ( )  GEOMETRIC_REPRESENTATION_ITEM ( )  RATIONAL_B_SPLINE_CURVE ( ( 1.000000000000000000, 0.8128932002257673900, 0.8128932002257673900, 1.000000000000000000 ) ) 
 REPRESENTATION_ITEM ( '' )  );
#17 =( BOUNDED_CURVE ( )  B_SPLINE_CURVE ( 3, ( #3083, #3065, #3055, #3060 ),
 .UNSPECIFIED., .F., .T. ) 
 B_SPLINE_CURVE_WITH_KNOTS ( ( 4, 4 ),
 ( 1.605702911834778800, 3.141592653589789100 ),
 .UNSPECIFIED. ) 
 CURVE ( )  GEOMETRIC_REPRESENTATION_ITEM ( )  RATIONAL_B_SPLINE_CURVE ( ( 1.000000000000000000, 0.8128932002257673900, 0.8128932002257673900, 1.000000000000000000 ) ) 
 REPRESENTATION_ITEM ( '' )  );
#18 = B_SPLINE_CURVE_WITH_KNOTS ( 'NONE', 3,
 ( #2424, #2548, #2600, #2621, #2623, #2628, #2724, #2726, #2820, #2833, #2862, #2921, #2956, #3026, #2230, #2284, #48, #58 ),
 .UNSPECIFIED., .F., .F.,
 ( 4, 2, 2, 2, 2, 2, 2, 2, 4 ),
 ( 0.0000000000000000000, 0.0005766684178281780000, 0.001153336835656356000, 0.001730005253484533900, 0.002306673671312712000, 0.002883342089140890100, 0.003460010506969068200, 0.004036678924797246700, 0.004613347342625425700 ),
 .UNSPECIFIED. ) ;
#19 =( BOUNDED_CURVE ( )  B_SPLINE_CURVE ( 3, ( #2824, #2840, #2843, #2849 ),
 .UNSPECIFIED., .F., .F. ) 
 B_SPLINE_CURVE_WITH_KNOTS ( ( 4, 4 ),
 ( 4.991613358942192500, 6.558156494165682900 ),
 .UNSPECIFIED. ) 
 CURVE ( )  GEOMETRIC_REPRESENTATION_ITEM ( )  RATIONAL_B_SPLINE_CURVE ( ( 1.000000000000000000, 0.8057392742942595100, 0.8057392742942595100, 1.000000000000000000 ) ) 
 REPRESENTATION_ITEM ( '' )  );
#20 =( BOUNDED_CURVE ( )  B_SPLINE_CURVE ( 3, ( #2856, #2857, #2846, #2826 ),
 .UNSPECIFIED., .F., .F. ) 
 B_SPLINE_CURVE_WITH_KNOTS ( ( 4, 4 ),
 ( 6.008214120193489500, 7.574757255416988000 ),
 .UNSPECIFIED. ) 
 CURVE ( )  GEOMETRIC_REPRESENTATION_ITEM ( )  RATIONAL_B_SPLINE_CURVE ( ( 1.000000000000000000, 0.8057392742942576200, 0.8057392742942576200, 1.000000000000000000 ) ) 
 REPRESENTATION_ITEM ( '' )  );
#21 =( BOUNDED_CURVE ( )  B_SPLINE_CURVE ( 3, ( #2865, #2877, #2905, #2882 ),
 .UNSPECIFIED., .F., .F. ) 
 B_SPLINE_CURVE_WITH_KNOTS ( ( 4, 4 ),
 ( 6.008214120193489500, 7.574757255416980000 ),
 .UNSPECIFIED. ) 
 CURVE ( )  GEOMETRIC_REPRESENTATION_ITEM ( )  RATIONAL_B_SPLINE_CURVE ( ( 1.000000000000000000, 0.8057392742942595100, 0.8057392742942595100, 1.000000000000000000 ) ) 
 REPRESENTATION_ITEM ( '' )  );
#22 =( BOUNDED_CURVE ( )  B_SPLINE_CURVE ( 3, ( #2722, #2711, #2714, #2738 ),
 .UNSPECIFIED., .F., .F. ) 
 B_SPLINE_CURVE_WITH_KNOTS ( ( 4, 4 ),
 ( 4.991613358942192500, 6.558156494165682900 ),
 .UNSPECIFIED. ) 
 CURVE ( )  GEOMETRIC_REPRESENTATION_ITEM ( )  RATIONAL_B_SPLINE_CURVE ( ( 1.000000000000000000, 0.8057392742942595100, 0.8057392742942595100, 1.000000000000000000 ) ) 
 REPRESENTATION_ITEM ( '' )  );
#23 =( BOUNDED_CURVE ( )  B_SPLINE_CURVE ( 3, ( #115, #109, #104, #103 ),
 .UNSPECIFIED., .F., .F. ) 
 B_SPLINE_CURVE_WITH_KNOTS ( ( 4, 4 ),
 ( 4.747295565424575900, 6.283185307179586200 ),
 .UNSPECIFIED. ) 
 CURVE ( )  GEOMETRIC_REPRESENTATION_ITEM ( )  RATIONAL_B_SPLINE_CURVE ( ( 1.000000000000000000, 0.8128932002257673900, 0.8128932002257673900, 1.000000000000000000 ) ) 
 REPRESENTATION_ITEM ( '' )  );
#24 =( BOUNDED_CURVE ( )  B_SPLINE_CURVE ( 3, ( #184, #194, #208, #196 ),
 .UNSPECIFIED., .F., .T. ) 
 B_SPLINE_CURVE_WITH_KNOTS ( ( 4, 4 ),
 ( 3.141592653589796700, 4.677482395344807000 ),
 .UNSPECIFIED. ) 
 CURVE ( )  GEOMETRIC_REPRESENTATION_ITEM ( )  RATIONAL_B_SPLINE_CURVE ( ( 1.000000000000000000, 0.8128932002257673900, 0.8128932002257673900, 1.000000000000000000 ) ) 
 REPRESENTATION_ITEM ( '' )  );
#25 =( BOUNDED_CURVE ( )  B_SPLINE_CURVE ( 3, ( #105, #113, #97, #112 ),
 .UNSPECIFIED., .F., .F. ) 
 B_SPLINE_CURVE_WITH_KNOTS ( ( 4, 4 ),
 ( 4.747295565424579400, 6.283185307179589800 ),
 .UNSPECIFIED. ) 
 CURVE ( )  GEOMETRIC_REPRESENTATION_ITEM ( )  RATIONAL_B_SPLINE_CURVE ( ( 1.000000000000000000, 0.8128932002257673900, 0.8128932002257673900, 1.000000000000000000 ) ) 
 REPRESENTATION_ITEM ( '' )  );
#26 = UNCERTAINTY_MEASURE_WITH_UNIT (LENGTH_MEASURE( 1.000000000000000100E-005 ), #377, 'distance_accuracy_value', 'NONE');
#27 =( BOUNDED_CURVE ( )  B_SPLINE_CURVE ( 3, ( #212, #191, #195, #192 ),
 .UNSPECIFIED., .F., .F. ) 
 B_SPLINE_CURVE_WITH_KNOTS ( ( 4, 4 ),
 ( 4.747295565424579400, 6.283185307179589800 ),
 .UNSPECIFIED. ) 
 CURVE ( )  GEOMETRIC_REPRESENTATION_ITEM ( )  RATIONAL_B_SPLINE_CURVE ( ( 1.000000000000000000, 0.8128932002257673900, 0.8128932002257673900, 1.000000000000000000 ) ) 
 REPRESENTATION_ITEM ( '' )  );
#28 = ADVANCED_BREP_SHAPE_REPRESENTATION ( 'ALP4050', ( #37, #1603 ), #1627 ) ;
#29 =( BOUNDED_CURVE ( )  B_SPLINE_CURVE ( 3, ( #125, #156, #123, #132 ),
 .UNSPECIFIED., .F., .T. ) 
 B_SPLINE_CURVE_WITH_KNOTS ( ( 4, 4 ),
 ( 3.141592653589793100, 4.677482395344803500 ),
 .UNSPECIFIED. ) 
 CURVE ( )  GEOMETRIC_REPRESENTATION_ITEM ( )  RATIONAL_B_SPLINE_CURVE ( ( 1.000000000000000000, 0.8128932002257673900, 0.8128932002257673900, 1.000000000000000000 ) ) 
 REPRESENTATION_ITEM ( '' )  );
#30 =( BOUNDED_CURVE ( )  B_SPLINE_CURVE ( 3, ( #119, #106, #100, #107 ),
 .UNSPECIFIED., .F., .F. ) 
 B_SPLINE_CURVE_WITH_KNOTS ( ( 4, 4 ),
 ( 4.747295565424575900, 6.283185307179586200 ),
 .UNSPECIFIED. ) 
 CURVE ( )  GEOMETRIC_REPRESENTATION_ITEM ( )  RATIONAL_B_SPLINE_CURVE ( ( 1.000000000000000000, 0.8128932002257673900, 0.8128932002257673900, 1.000000000000000000 ) ) 
 REPRESENTATION_ITEM ( '' )  );
#31 =( BOUNDED_CURVE ( )  B_SPLINE_CURVE ( 3, ( #166, #169, #161, #164 ),
 .UNSPECIFIED., .F., .F. ) 
 B_SPLINE_CURVE_WITH_KNOTS ( ( 4, 4 ),
 ( 3.141592653589796700, 4.677482395344807000 ),
 .UNSPECIFIED. ) 
 CURVE ( )  GEOMETRIC_REPRESENTATION_ITEM ( )  RATIONAL_B_SPLINE_CURVE ( ( 1.000000000000000000, 0.8128932002257673900, 0.8128932002257673900, 1.000000000000000000 ) ) 
 REPRESENTATION_ITEM ( '' )  );
#32 =( BOUNDED_CURVE ( )  B_SPLINE_CURVE ( 3, ( #157, #134, #150, #122 ),
 .UNSPECIFIED., .F., .F. ) 
 B_SPLINE_CURVE_WITH_KNOTS ( ( 4, 4 ),
 ( 0.0000000000000000000, 1.535889741755005900 ),
 .UNSPECIFIED. ) 
 CURVE ( )  GEOMETRIC_REPRESENTATION_ITEM ( )  RATIONAL_B_SPLINE_CURVE ( ( 1.000000000000000000, 0.8128932002257682800, 0.8128932002257682800, 1.000000000000000000 ) ) 
 REPRESENTATION_ITEM ( '' )  );
#33 =( BOUNDED_CURVE ( )  B_SPLINE_CURVE ( 3, ( #121, #142, #126, #135 ),
 .UNSPECIFIED., .F., .F. ) 
 B_SPLINE_CURVE_WITH_KNOTS ( ( 4, 4 ),
 ( 0.0000000000000000000, 1.535889741755010100 ),
 .UNSPECIFIED. ) 
 CURVE ( )  GEOMETRIC_REPRESENTATION_ITEM ( )  RATIONAL_B_SPLINE_CURVE ( ( 1.000000000000000000, 0.8128932002257673900, 0.8128932002257673900, 1.000000000000000000 ) ) 
 REPRESENTATION_ITEM ( '' )  );
#34 =( BOUNDED_SURFACE ( )  B_SPLINE_SURFACE ( 3, 2, ( 
 ( #855, #900, #868 ),
 ( #849, #874, #884 ),
 ( #848, #875, #895 ),
 ( #883, #880, #856 ),
 ( #864, #873, #891 ),
 ( #851, #894, #852 ),
 ( #901, #857, #903 ),
 ( #853, #902, #870 ),
 ( #858, #865, #877 ),
 ( #881, #886, #847 ) ),
 .UNSPECIFIED., .F., .F., .F. ) 
 B_SPLINE_SURFACE_WITH_KNOTS ( ( 4, 2, 2, 2, 4 ),
 ( 3, 3 ),
 ( 0.0000000000000000000, 0.3839724354387525900, 0.7679448708775051800, 1.151917306316257800, 1.535889741755010400 ),
 ( 0.0000000000000000000, 1.000000000000000000 ),
 .UNSPECIFIED. ) 
 GEOMETRIC_REPRESENTATION_ITEM ( )  RATIONAL_B_SPLINE_SURFACE ( (
 ( 1.000000000000000000, 0.7489557207890017400, 1.000000000000000000),
 ( 1.000000000000000000, 0.7489595513116442700, 1.000000000000000000),
 ( 1.000000000000000000, 0.7479458966288173900, 1.000000000000000000),
 ( 1.000000000000000000, 0.7440294969832216300, 1.000000000000000000),
 ( 1.000000000000000000, 0.7411234189171821400, 1.000000000000000000),
 ( 1.000000000000000000, 0.7337768957837543800, 1.000000000000000000),
 ( 1.000000000000000000, 0.7293376163460717500, 1.000000000000000000),
 ( 1.000000000000000000, 0.7195024214983144500, 1.000000000000000000),
 ( 1.000000000000000000, 0.7141106717078243800, 1.000000000000000000),
 ( 1.000000000000000000, 0.7086089114413901500, 1.000000000000000000) ) ) 
 REPRESENTATION_ITEM ( '' )  SURFACE ( )  );
#35 =( BOUNDED_SURFACE ( )  B_SPLINE_SURFACE ( 3, 2, ( 
 ( #3087, #3099, #3088 ),
 ( #3095, #3090, #3097 ),
 ( #3098, #3096, #3100 ),
 ( #3101, #3091, #3089 ),
 ( #3092, #3093, #3094 ),
 ( #2131, #2171, #2172 ),
 ( #2128, #2175, #2146 ),
 ( #2124, #2153, #2132 ),
 ( #2145, #2126, #2137 ),
 ( #2154, #2165, #2166 ),
 ( #2134, #2139, #2151 ),
 ( #2173, #2133, #2179 ),
 ( #2129, #2152, #2150 ),
 ( #2127, #2143, #2155 ),
 ( #2157, #2161, #2178 ),
 ( #2144, #2156, #2158 ),
 ( #2168, #2174, #2140 ),
 ( #2176, #2149, #2167 ),
 ( #2159, #2141, #2138 ),
 ( #2130, #2163, #2169 ) ),
 .UNSPECIFIED., .F., .F., .T. ) 
 B_SPLINE_SURFACE_WITH_KNOTS ( ( 4, 2, 2, 2, 2, 2, 2, 2, 2, 4 ),
 ( 3, 3 ),
 ( -2.710505431213761100E-020, 0.0005933140612068114900, 0.0008899710918102172300, 0.001186628122413623000, 0.001779942183620434500, 0.002373256244827246000, 0.002966570306034057400, 0.003559884367240868900, 0.004153198428447680400, 0.004746512489654491900 ),
 ( 0.0000000000000000000, 1.000000000000000000 ),
 .UNSPECIFIED. ) 
 GEOMETRIC_REPRESENTATION_ITEM ( )  RATIONAL_B_SPLINE_SURFACE ( (
 ( 1.000000000000000000, 0.2499999999999965600, 1.000000000000000000),
 ( 1.000000000000000000, 0.2497771991571717000, 1.000000000000000000),
 ( 1.000000000000000000, 0.2641443768847189800, 1.000000000000000000),
 ( 1.000000000000000000, 0.2956442089314114100, 1.000000000000000000),
 ( 1.000000000000000000, 0.3075852796712899600, 1.000000000000000000),
 ( 1.000000000000000000, 0.3328967497245194900, 1.000000000000000000),
 ( 1.000000000000000000, 0.3462809701561047100, 1.000000000000000000),
 ( 1.000000000000000000, 0.3874467412190436600, 1.000000000000000000),
 ( 1.000000000000000000, 0.4159731155274029000, 1.000000000000000000),
 ( 1.000000000000000000, 0.4711275690529651600, 1.000000000000000000),
 ( 1.000000000000000000, 0.4980623569936804600, 1.000000000000000000),
 ( 1.000000000000000000, 0.5495564445587716200, 1.000000000000000000),
 ( 1.000000000000000000, 0.5741045680412041300, 1.000000000000000000),
 ( 1.000000000000000000, 0.6180725901259337400, 1.000000000000000000),
 ( 1.000000000000000000, 0.6378345042439964600, 1.000000000000000000),
 ( 1.000000000000000000, 0.6711880636339914200, 1.000000000000000000),
 ( 1.000000000000000000, 0.6842995135162820400, 1.000000000000000000),
 ( 1.000000000000000000, 0.7023802874796686300, 1.000000000000000000),
 ( 1.000000000000000000, 0.7071880274680103500, 1.000000000000000000),
 ( 1.000000000000000000, 0.7071067811865414700, 1.000000000000000000) ) ) 
 REPRESENTATION_ITEM ( '' )  SURFACE ( )  );
#36 =( BOUNDED_SURFACE ( )  B_SPLINE_SURFACE ( 3, 2, ( 
 ( #2219, #2200, #2220 ),
 ( #2201, #2223, #2232 ),
 ( #2224, #2191, #2216 ),
 ( #2203, #2196, #2225 ),
 ( #2226, #2189, #2204 ),
 ( #2209, #2212, #2213 ),
 ( #2237, #2234, #2227 ),
 ( #2228, #2180, #2182 ),
 ( #2188, #2187, #2183 ),
 ( #2190, #2233, #2181 ),
 ( #2184, #2185, #2192 ),
 ( #2193, #2215, #2194 ),
 ( #2195, #2197, #2198 ),
 ( #2205, #2206, #2207 ),
 ( #2210, #2238, #2265 ),
 ( #2272, #2257, #2241 ),
 ( #2268, #2266, #2275 ),
 ( #2250, #2247, #2252 ),
 ( #2277, #2281, #2279 ),
 ( #2285, #2259, #2242 ) ),
 .UNSPECIFIED., .F., .F., .T. ) 
 B_SPLINE_SURFACE_WITH_KNOTS ( ( 4, 2, 2, 2, 2, 2, 2, 2, 2, 4 ),
 ( 3, 3 ),
 ( 0.0000000000000000000, 0.0005933140612068116000, 0.0008899710918102174500, 0.001186628122413623200, 0.001779942183620434900, 0.002373256244827246400, 0.002966570306034058300, 0.003559884367240869800, 0.004153198428447681300, 0.004746512489654492800 ),
 ( 0.0000000000000000000, 1.000000000000000000 ),
 .UNSPECIFIED. ) 
 GEOMETRIC_REPRESENTATION_ITEM ( )  RATIONAL_B_SPLINE_SURFACE ( (
 ( 1.000000000000000000, 0.2499999999999982800, 1.000000000000000000),
 ( 1.000000000000000000, 0.2497771991574792000, 1.000000000000000000),
 ( 1.000000000000000000, 0.2641443768843159100, 1.000000000000000000),
 ( 1.000000000000000000, 0.2956442089316155300, 1.000000000000000000),
 ( 1.000000000000000000, 0.3075852796714973500, 1.000000000000000000),
 ( 1.000000000000000000, 0.3328967497243151000, 1.000000000000000000),
 ( 1.000000000000000000, 0.3462809701562299900, 1.000000000000000000),
 ( 1.000000000000000000, 0.3874467412187966300, 1.000000000000000000),
 ( 1.000000000000000000, 0.4159731155274717400, 1.000000000000000000),
 ( 1.000000000000000000, 0.4711275690529137500, 1.000000000000000000),
 ( 1.000000000000000000, 0.4980623569936157800, 1.000000000000000000),
 ( 1.000000000000000000, 0.5495564445588390100, 1.000000000000000000),
 ( 1.000000000000000000, 0.5741045680399425900, 1.000000000000000000),
 ( 1.000000000000000000, 0.6180725901271932900, 1.000000000000000000),
 ( 1.000000000000000000, 0.6378345042439964600, 1.000000000000000000),
 ( 1.000000000000000000, 0.6711880636339914200, 1.000000000000000000),
 ( 1.000000000000000000, 0.6842995135162993600, 1.000000000000000000),
 ( 1.000000000000000000, 0.7023802874796639700, 1.000000000000000000),
 ( 1.000000000000000000, 0.7071880274680052400, 1.000000000000000000),
 ( 1.000000000000000000, 0.7071067811865475700, 1.000000000000000000) ) ) 
 REPRESENTATION_ITEM ( '' )  SURFACE ( )  );
#37 = MANIFOLD_SOLID_BREP ( 'Fillet7', #2041 ) ;
#38 =( BOUNDED_SURFACE ( )  B_SPLINE_SURFACE ( 3, 2, ( 
 ( #896, #878, #888 ),
 ( #850, #854, #859 ),
 ( #860, #861, #863 ),
 ( #862, #871, #879 ),
 ( #889, #890, #866 ),
 ( #867, #892, #872 ),
 ( #926, #935, #907 ),
 ( #915, #938, #924 ),
 ( #919, #946, #920 ),
 ( #947, #956, #933 ),
 ( #951, #952, #910 ),
 ( #939, #905, #942 ),
 ( #906, #948, #904 ),
 ( #925, #909, #934 ),
 ( #940, #932, #945 ),
 ( #928, #911, #941 ),
 ( #936, #943, #953 ),
 ( #912, #950, #954 ),
 ( #908, #955, #930 ),
 ( #913, #937, #914 ) ),
 .UNSPECIFIED., .F., .F., .F. ) 
 B_SPLINE_SURFACE_WITH_KNOTS ( ( 4, 2, 2, 2, 2, 2, 2, 2, 2, 4 ),
 ( 3, 3 ),
 ( -1.355252715606880500E-020, 0.0005933140612068112700, 0.0008899710918102169100, 0.001186628122413622500, 0.001779942183620433800, 0.002373256244827245100, 0.002966570306034056600, 0.003559884367240867600, 0.004153198428447678700, 0.004746512489654490200 ),
 ( 0.0000000000000000000, 1.000000000000000000 ),
 .UNSPECIFIED. ) 
 GEOMETRIC_REPRESENTATION_ITEM ( )  RATIONAL_B_SPLINE_SURFACE ( (
 ( 1.000000000000000000, 0.2499999999999982800, 1.000000000000000000),
 ( 1.000000000000000000, 0.2497771991571749700, 1.000000000000000000),
 ( 1.000000000000000000, 0.2641443768847207000, 1.000000000000000000),
 ( 1.000000000000000000, 0.2956442089314131300, 1.000000000000000000),
 ( 1.000000000000000000, 0.3075852796713488500, 1.000000000000000000),
 ( 1.000000000000000000, 0.3328967497244576000, 1.000000000000000000),
 ( 1.000000000000000000, 0.3462809701563541200, 1.000000000000000000),
 ( 1.000000000000000000, 0.3874467412185484400, 1.000000000000000000),
 ( 1.000000000000000000, 0.4159731155274120100, 1.000000000000000000),
 ( 1.000000000000000000, 0.4711275690529742600, 1.000000000000000000),
 ( 1.000000000000000000, 0.4980623569935058200, 1.000000000000000000),
 ( 1.000000000000000000, 0.5495564445589489200, 1.000000000000000000),
 ( 1.000000000000000000, 0.5741045680395588900, 1.000000000000000000),
 ( 1.000000000000000000, 0.6180725901275769800, 1.000000000000000000),
 ( 1.000000000000000000, 0.6378345042439895800, 1.000000000000000000),
 ( 1.000000000000000000, 0.6711880636339845300, 1.000000000000000000),
 ( 1.000000000000000000, 0.6842995135159784000, 1.000000000000000000),
 ( 1.000000000000000000, 0.7023802874799827100, 1.000000000000000000),
 ( 1.000000000000000000, 0.7071880274677637700, 1.000000000000000000),
 ( 1.000000000000000000, 0.7071067811865475700, 1.000000000000000000) ) ) 
 REPRESENTATION_ITEM ( '' )  SURFACE ( )  );
#39 =( BOUNDED_SURFACE ( )  B_SPLINE_SURFACE ( 3, 2, ( 
 ( #1000, #1024, #1008 ),
 ( #1025, #1033, #1012 ),
 ( #998, #1026, #1006 ),
 ( #1010, #1011, #1007 ),
 ( #1013, #1030, #1014 ),
 ( #1035, #1016, #1020 ),
 ( #1031, #1038, #1037 ),
 ( #999, #1027, #1039 ),
 ( #1015, #1018, #1019 ),
 ( #1036, #1021, #1040 ) ),
 .UNSPECIFIED., .F., .F., .T. ) 
 B_SPLINE_SURFACE_WITH_KNOTS ( ( 4, 2, 2, 2, 4 ),
 ( 3, 3 ),
 ( 0.0000000000000000000, 0.3839724354387525900, 0.7679448708775051800, 1.151917306316257800, 1.535889741755010400 ),
 ( 0.0000000000000000000, 1.000000000000000000 ),
 .UNSPECIFIED. ) 
 GEOMETRIC_REPRESENTATION_ITEM ( )  RATIONAL_B_SPLINE_SURFACE ( (
 ( 1.000000000000000000, 0.7489557207890017400, 1.000000000000000000),
 ( 1.000000000000000000, 0.7489595513116442700, 1.000000000000000000),
 ( 1.000000000000000000, 0.7479458966288173900, 1.000000000000000000),
 ( 1.000000000000000000, 0.7440294969832216300, 1.000000000000000000),
 ( 1.000000000000000000, 0.7411234189171821400, 1.000000000000000000),
 ( 1.000000000000000000, 0.7337768957837543800, 1.000000000000000000),
 ( 1.000000000000000000, 0.7293376163460717500, 1.000000000000000000),
 ( 1.000000000000000000, 0.7195024214983144500, 1.000000000000000000),
 ( 1.000000000000000000, 0.7141106717078243800, 1.000000000000000000),
 ( 1.000000000000000000, 0.7086089114413901500, 1.000000000000000000) ) ) 
 REPRESENTATION_ITEM ( '' )  SURFACE ( )  );
#40 =( BOUNDED_SURFACE ( )  B_SPLINE_SURFACE ( 3, 2, ( 
 ( #2324, #2326, #2366 ),
 ( #2351, #2350, #2338 ),
 ( #2337, #2361, #2368 ),
 ( #2369, #2313, #2314 ),
 ( #2320, #2340, #2321 ),
 ( #2341, #2322, #2343 ),
 ( #2327, #2344, #2328 ),
 ( #2347, #2349, #2329 ),
 ( #2345, #2401, #2371 ),
 ( #2417, #2372, #2410 ) ),
 .UNSPECIFIED., .F., .F., .F. ) 
 B_SPLINE_SURFACE_WITH_KNOTS ( ( 4, 2, 2, 2, 4 ),
 ( 3, 3 ),
 ( 1.605702911834778800, 1.989675347273532200, 2.373647782712285700, 2.757620218151039200, 3.141592653589792700 ),
 ( 0.0000000000000000000, 1.000000000000000000 ),
 .UNSPECIFIED. ) 
 GEOMETRIC_REPRESENTATION_ITEM ( )  RATIONAL_B_SPLINE_SURFACE ( (
 ( 1.000000000000000000, 0.7086089114413932600, 1.000000000000000000),
 ( 1.000000000000000000, 0.7141106717078185000, 1.000000000000000000),
 ( 1.000000000000000000, 0.7195024214983152300, 1.000000000000000000),
 ( 1.000000000000000000, 0.7293376163460725300, 1.000000000000000000),
 ( 1.000000000000000000, 0.7337768957831508600, 1.000000000000000000),
 ( 1.000000000000000000, 0.7411234189177881000, 1.000000000000000000),
 ( 1.000000000000000000, 0.7440294969830475400, 1.000000000000000000),
 ( 1.000000000000000000, 0.7479458966290019100, 1.000000000000000000),
 ( 1.000000000000000000, 0.7489595513115070400, 1.000000000000000000),
 ( 1.000000000000000000, 0.7489557207890017400, 1.000000000000000000) ) ) 
 REPRESENTATION_ITEM ( '' )  SURFACE ( )  );
#41 =( BOUNDED_SURFACE ( )  B_SPLINE_SURFACE ( 3, 2, ( 
 ( #2386, #2383, #2370 ),
 ( #2408, #2411, #2398 ),
 ( #2373, #2374, #2414 ),
 ( #2375, #2415, #2413 ),
 ( #2385, #2376, #2393 ),
 ( #2378, #2406, #2412 ),
 ( #2377, #2388, #2380 ),
 ( #2381, #2384, #2390 ),
 ( #2391, #2392, #2396 ),
 ( #2394, #2395, #2400 ) ),
 .UNSPECIFIED., .F., .F., .T. ) 
 B_SPLINE_SURFACE_WITH_KNOTS ( ( 4, 2, 2, 2, 4 ),
 ( 3, 3 ),
 ( 1.605702911834783000, 1.989675347273535300, 2.373647782712287900, 2.757620218151040500, 3.141592653589793100 ),
 ( 0.0000000000000000000, 1.000000000000000000 ),
 .UNSPECIFIED. ) 
 GEOMETRIC_REPRESENTATION_ITEM ( )  RATIONAL_B_SPLINE_SURFACE ( (
 ( 1.000000000000000000, 0.7086089114413901500, 1.000000000000000000),
 ( 1.000000000000000000, 0.7141106717078268300, 1.000000000000000000),
 ( 1.000000000000000000, 0.7195024214983135600, 1.000000000000000000),
 ( 1.000000000000000000, 0.7293376163460708600, 1.000000000000000000),
 ( 1.000000000000000000, 0.7337768957838800600, 1.000000000000000000),
 ( 1.000000000000000000, 0.7411234189170542400, 1.000000000000000000),
 ( 1.000000000000000000, 0.7440294969832229600, 1.000000000000000000),
 ( 1.000000000000000000, 0.7479458966288187200, 1.000000000000000000),
 ( 1.000000000000000000, 0.7489595513116433800, 1.000000000000000000),
 ( 1.000000000000000000, 0.7489557207890017400, 1.000000000000000000) ) ) 
 REPRESENTATION_ITEM ( '' )  SURFACE ( )  );
#42 =( BOUNDED_SURFACE ( )  B_SPLINE_SURFACE ( 3, 2, ( 
 ( #2458, #2459, #2438 ),
 ( #2466, #2422, #2425 ),
 ( #2435, #2472, #2439 ),
 ( #2461, #2436, #2462 ),
 ( #2440, #2469, #2446 ),
 ( #2452, #2463, #2474 ),
 ( #2456, #2423, #2457 ),
 ( #2426, #2464, #2421 ),
 ( #2441, #2427, #2451 ),
 ( #2455, #2447, #2460 ) ),
 .UNSPECIFIED., .F., .F., .F. ) 
 B_SPLINE_SURFACE_WITH_KNOTS ( ( 4, 2, 2, 2, 4 ),
 ( 3, 3 ),
 ( 0.0000000000000000000, 0.3839724354387514800, 0.7679448708775029600, 1.151917306316254400, 1.535889741755005900 ),
 ( 0.0000000000000000000, 1.000000000000000000 ),
 .UNSPECIFIED. ) 
 GEOMETRIC_REPRESENTATION_ITEM ( )  RATIONAL_B_SPLINE_SURFACE ( (
 ( 1.000000000000000000, 0.7489557207889993000, 1.000000000000000000),
 ( 1.000000000000000000, 0.7489595513116238400, 1.000000000000000000),
 ( 1.000000000000000000, 0.7479458966288442500, 1.000000000000000000),
 ( 1.000000000000000000, 0.7440294969831972000, 1.000000000000000000),
 ( 1.000000000000000000, 0.7411234189174773500, 1.000000000000000000),
 ( 1.000000000000000000, 0.7337768957834591700, 1.000000000000000000),
 ( 1.000000000000000000, 0.7293376163463668500, 1.000000000000000000),
 ( 1.000000000000000000, 0.7195024214980175700, 1.000000000000000000),
 ( 1.000000000000000000, 0.7141106717080477600, 1.000000000000000000),
 ( 1.000000000000000000, 0.7086089114413901500, 1.000000000000000000) ) ) 
 REPRESENTATION_ITEM ( '' )  SURFACE ( )  );
#43 =( BOUNDED_SURFACE ( )  B_SPLINE_SURFACE ( 3, 2, ( 
 ( #2316, #2364, #2363 ),
 ( #2332, #2315, #2339 ),
 ( #2325, #2356, #2355 ),
 ( #2353, #2333, #2357 ),
 ( #2334, #2358, #2362 ),
 ( #2317, #2354, #2330 ),
 ( #2335, #2331, #2359 ),
 ( #2360, #2323, #2336 ),
 ( #2342, #2346, #2348 ),
 ( #2367, #2365, #2352 ) ),
 .UNSPECIFIED., .F., .F., .T. ) 
 B_SPLINE_SURFACE_WITH_KNOTS ( ( 4, 2, 2, 2, 4 ),
 ( 3, 3 ),
 ( 1.605702911834778800, 1.989675347273532200, 2.373647782712285700, 2.757620218151039200, 3.141592653589792700 ),
 ( 0.0000000000000000000, 1.000000000000000000 ),
 .UNSPECIFIED. ) 
 GEOMETRIC_REPRESENTATION_ITEM ( )  RATIONAL_B_SPLINE_SURFACE ( (
 ( 1.000000000000000000, 0.7086089114413932600, 1.000000000000000000),
 ( 1.000000000000000000, 0.7141106717078185000, 1.000000000000000000),
 ( 1.000000000000000000, 0.7195024214983152300, 1.000000000000000000),
 ( 1.000000000000000000, 0.7293376163460725300, 1.000000000000000000),
 ( 1.000000000000000000, 0.7337768957831508600, 1.000000000000000000),
 ( 1.000000000000000000, 0.7411234189177881000, 1.000000000000000000),
 ( 1.000000000000000000, 0.7440294969830475400, 1.000000000000000000),
 ( 1.000000000000000000, 0.7479458966290019100, 1.000000000000000000),
 ( 1.000000000000000000, 0.7489595513115070400, 1.000000000000000000),
 ( 1.000000000000000000, 0.7489557207890017400, 1.000000000000000000) ) ) 
 REPRESENTATION_ITEM ( '' )  SURFACE ( )  );
#44 =( BOUNDED_SURFACE ( )  B_SPLINE_SURFACE ( 3, 2, ( 
 ( #2443, #2471, #2473 ),
 ( #2431, #2434, #2444 ),
 ( #2445, #2448, #2454 ),
 ( #2453, #2504, #2494 ),
 ( #2517, #2482, #2492 ),
 ( #2484, #2486, #2523 ),
 ( #2507, #2506, #2498 ),
 ( #2527, #2514, #2499 ),
 ( #2511, #2487, #2481 ),
 ( #2495, #2483, #2502 ),
 ( #2509, #2496, #2508 ),
 ( #2485, #2497, #2520 ),
 ( #2505, #2510, #2518 ),
 ( #2524, #2512, #2477 ),
 ( #2500, #2475, #2501 ),
 ( #2488, #2478, #2513 ),
 ( #2521, #2489, #2525 ),
 ( #2479, #2515, #2493 ),
 ( #2490, #2516, #2480 ),
 ( #2519, #2491, #2526 ) ),
 .UNSPECIFIED., .F., .F., .F. ) 
 B_SPLINE_SURFACE_WITH_KNOTS ( ( 4, 2, 2, 2, 2, 2, 2, 2, 2, 4 ),
 ( 3, 3 ),
 ( 0.0000000000000000000, 0.0005933140612068096500, 0.0008899710918102144100, 0.001186628122413619300, 0.001779942183620428800, 0.002373256244827238600, 0.002966570306034047900, 0.003559884367240857700, 0.004153198428447667400, 0.004746512489654477200 ),
 ( 0.0000000000000000000, 1.000000000000000000 ),
 .UNSPECIFIED. ) 
 GEOMETRIC_REPRESENTATION_ITEM ( )  RATIONAL_B_SPLINE_SURFACE ( (
 ( 1.000000000000000000, 0.2499999999999944200, 1.000000000000000000),
 ( 1.000000000000000000, 0.2497771991574899400, 1.000000000000000000),
 ( 1.000000000000000000, 0.2641443768843180800, 1.000000000000000000),
 ( 1.000000000000000000, 0.2956442089316092500, 1.000000000000000000),
 ( 1.000000000000000000, 0.3075852796715413100, 1.000000000000000000),
 ( 1.000000000000000000, 0.3328967497242711300, 1.000000000000000000),
 ( 1.000000000000000000, 0.3462809701562774000, 1.000000000000000000),
 ( 1.000000000000000000, 0.3874467412186949900, 1.000000000000000000),
 ( 1.000000000000000000, 0.4159731155264547700, 1.000000000000000000),
 ( 1.000000000000000000, 0.4711275690539307200, 1.000000000000000000),
 ( 1.000000000000000000, 0.4980623569936708500, 1.000000000000000000),
 ( 1.000000000000000000, 0.5495564445587839400, 1.000000000000000000),
 ( 1.000000000000000000, 0.5741045680411264200, 1.000000000000000000),
 ( 1.000000000000000000, 0.6180725901260094600, 1.000000000000000000),
 ( 1.000000000000000000, 0.6378345042432090900, 1.000000000000000000),
 ( 1.000000000000000000, 0.6711880636347787900, 1.000000000000000000),
 ( 1.000000000000000000, 0.6842995135161706900, 1.000000000000000000),
 ( 1.000000000000000000, 0.7023802874797777700, 1.000000000000000000),
 ( 1.000000000000000000, 0.7071880274679303000, 1.000000000000000000),
 ( 1.000000000000000000, 0.7071067811865475700, 1.000000000000000000) ) ) 
 REPRESENTATION_ITEM ( '' )  SURFACE ( )  );
#45 =( BOUNDED_SURFACE ( )  B_SPLINE_SURFACE ( 3, 2, ( 
 ( #2572, #2553, #2557 ),
 ( #2569, #2579, #2577 ),
 ( #2532, #2565, #2578 ),
 ( #2571, #2528, #2555 ),
 ( #2533, #2546, #2580 ),
 ( #2547, #2568, #2558 ),
 ( #2540, #2564, #2573 ),
 ( #2566, #2575, #2541 ),
 ( #2581, #2529, #2542 ),
 ( #2534, #2551, #2567 ) ),
 .UNSPECIFIED., .F., .F., .F. ) 
 B_SPLINE_SURFACE_WITH_KNOTS ( ( 4, 2, 2, 2, 4 ),
 ( 3, 3 ),
 ( 1.605702911834783000, 1.989675347273535300, 2.373647782712287900, 2.757620218151040500, 3.141592653589793100 ),
 ( 0.0000000000000000000, 1.000000000000000000 ),
 .UNSPECIFIED. ) 
 GEOMETRIC_REPRESENTATION_ITEM ( )  RATIONAL_B_SPLINE_SURFACE ( (
 ( 1.000000000000000000, 0.7086089114413901500, 1.000000000000000000),
 ( 1.000000000000000000, 0.7141106717078268300, 1.000000000000000000),
 ( 1.000000000000000000, 0.7195024214983135600, 1.000000000000000000),
 ( 1.000000000000000000, 0.7293376163460708600, 1.000000000000000000),
 ( 1.000000000000000000, 0.7337768957838800600, 1.000000000000000000),
 ( 1.000000000000000000, 0.7411234189170542400, 1.000000000000000000),
 ( 1.000000000000000000, 0.7440294969832229600, 1.000000000000000000),
 ( 1.000000000000000000, 0.7479458966288187200, 1.000000000000000000),
 ( 1.000000000000000000, 0.7489595513116433800, 1.000000000000000000),
 ( 1.000000000000000000, 0.7489557207890017400, 1.000000000000000000) ) ) 
 REPRESENTATION_ITEM ( '' )  SURFACE ( )  );
#46 =( BOUNDED_CURVE ( )  B_SPLINE_CURVE ( 3, ( #2642, #2655, #2660, #2658 ),
 .UNSPECIFIED., .F., .F. ) 
 B_SPLINE_CURVE_WITH_KNOTS ( ( 4, 4 ),
 ( 6.008214120193489500, 7.574757255416988000 ),
 .UNSPECIFIED. ) 
 CURVE ( )  GEOMETRIC_REPRESENTATION_ITEM ( )  RATIONAL_B_SPLINE_CURVE ( ( 1.000000000000000000, 0.8057392742942576200, 0.8057392742942576200, 1.000000000000000000 ) ) 
 REPRESENTATION_ITEM ( '' )  );
#47 =( BOUNDED_SURFACE ( )  B_SPLINE_SURFACE ( 3, 2, ( 
 ( #2283, #2239, #2240 ),
 ( #2310, #2291, #2288 ),
 ( #2309, #2292, #2293 ),
 ( #2300, #2301, #2294 ),
 ( #2307, #2289, #2306 ),
 ( #2308, #2311, #2295 ),
 ( #2312, #2287, #2286 ),
 ( #2290, #2305, #2296 ),
 ( #2297, #2298, #2299 ),
 ( #2302, #2303, #2304 ) ),
 .UNSPECIFIED., .F., .F., .F. ) 
 B_SPLINE_SURFACE_WITH_KNOTS ( ( 4, 2, 2, 2, 4 ),
 ( 3, 3 ),
 ( 0.0000000000000000000, 0.3839724354387514800, 0.7679448708775029600, 1.151917306316254400, 1.535889741755005900 ),
 ( 0.0000000000000000000, 1.000000000000000000 ),
 .UNSPECIFIED. ) 
 GEOMETRIC_REPRESENTATION_ITEM ( )  RATIONAL_B_SPLINE_SURFACE ( (
 ( 1.000000000000000000, 0.7489557207889993000, 1.000000000000000000),
 ( 1.000000000000000000, 0.7489595513116238400, 1.000000000000000000),
 ( 1.000000000000000000, 0.7479458966288442500, 1.000000000000000000),
 ( 1.000000000000000000, 0.7440294969831972000, 1.000000000000000000),
 ( 1.000000000000000000, 0.7411234189174773500, 1.000000000000000000),
 ( 1.000000000000000000, 0.7337768957834591700, 1.000000000000000000),
 ( 1.000000000000000000, 0.7293376163463668500, 1.000000000000000000),
 ( 1.000000000000000000, 0.7195024214980175700, 1.000000000000000000),
 ( 1.000000000000000000, 0.7141106717080477600, 1.000000000000000000),
 ( 1.000000000000000000, 0.7086089114413901500, 1.000000000000000000) ) ) 
 REPRESENTATION_ITEM ( '' )  SURFACE ( )  );
#48 = CARTESIAN_POINT ( 'NONE',  ( -19.69368969973566400, -22.12500000000003600, 4.547631245172045300 ) ) ;
#49 = CARTESIAN_POINT ( 'NONE',  ( -20.62295871798163200, 15.50000000000017400, -5.069798993405002300 ) ) ;
#50 = CARTESIAN_POINT ( 'NONE',  ( -14.46356302076847900, 18.62417706394361300, -6.800000000000000700 ) ) ;
#51 = CARTESIAN_POINT ( 'NONE',  ( 14.03643697923151900, -18.62417706394361300, -6.800000000000000700 ) ) ;
#52 = CARTESIAN_POINT ( 'NONE',  ( 13.82016155409006300, -20.62380523515828300, -5.045557913130974000 ) ) ;
#53 = DIRECTION ( 'NONE',  ( 0.0000000000000000000, 0.9925461516413220900, 0.1218693434051463500 ) ) ;
#54 = DIRECTION ( 'NONE',  ( 0.1217962055169507400, -0.03463967445540914300, -0.9919504913428370800 ) ) ;
#55 = DIRECTION ( 'NONE',  ( -0.0000000000000000000, -1.334402673828313600E-016, 1.000000000000000000 ) ) ;
#56 = CARTESIAN_POINT ( 'NONE',  ( -15.50084071950942300, 20.60096835177265700, 0.006847110933502385600 ) ) ;
#57 = DIRECTION ( 'NONE',  ( 0.1217962055169507500, 0.03463967445540915700, -0.9919504913428371900 ) ) ;
#58 = CARTESIAN_POINT ( 'NONE',  ( -19.49999999999999300, -22.12500000000001100, 4.547631245172226500 ) ) ;
#59 = CARTESIAN_POINT ( 'NONE',  ( 20.42308055257781200, -14.67686201551285300, -5.062819094064501300 ) ) ;
#60 = DIRECTION ( 'NONE',  ( 0.0000000000000000000, 1.000000000000000000, 0.0000000000000000000 ) ) ;
#61 = DIRECTION ( 'NONE',  ( 0.0000000000000000000, 0.0000000000000000000, 1.000000000000000000 ) ) ;
#62 = DIRECTION ( 'NONE',  ( 0.0000000000000000000, 1.000000000000000000, 0.0000000000000000000 ) ) ;
#63 = CARTESIAN_POINT ( 'NONE',  ( 0.0000000000000000000, 0.0000000000000000000, 2.517449748351219300 ) ) ;
#64 = DIRECTION ( 'NONE',  ( 0.0000000000000000000, -1.000000000000000000, 0.0000000000000000000 ) ) ;
#65 = DIRECTION ( 'NONE',  ( 0.0000000000000000000, 0.0000000000000000000, 1.000000000000000000 ) ) ;
#66 = DIRECTION ( 'NONE',  ( 0.03463967445540915700, -0.1217962055169507400, -0.9919504913428371900 ) ) ;
#67 = CARTESIAN_POINT ( 'NONE',  ( -20.80084651717630400, 15.30233148918133200, 0.02424108027403169500 ) ) ;
#68 = DIRECTION ( 'NONE',  ( -0.03463967445540979500, 0.1217962055169506700, -0.9919504913428373000 ) ) ;
#69 = CARTESIAN_POINT ( 'NONE',  ( 13.00000000000000000, -20.62295871798180600, -5.069798993405002300 ) ) ;
#70 = DIRECTION ( 'NONE',  ( 0.0000000000000000000, 1.000000000000000000, 1.316595960102959100E-016 ) ) ;
#71 = DIRECTION ( 'NONE',  ( 1.000000000000000000, 0.0000000000000000000, 0.0000000000000000000 ) ) ;
#72 = DIRECTION ( 'NONE',  ( 0.0000000000000000000, 0.0000000000000000000, -1.000000000000000000 ) ) ;
#73 = DIRECTION ( 'NONE',  ( 1.000000000000000000, 0.0000000000000000000, 0.0000000000000000000 ) ) ;
#74 = CARTESIAN_POINT ( 'NONE',  ( -17.50000000000000000, 18.62417706394361300, -7.000000000000000000 ) ) ;
#75 = DIRECTION ( 'NONE',  ( 0.0000000000000000000, 1.000000000000000000, 0.0000000000000000000 ) ) ;
#76 = DIRECTION ( 'NONE',  ( 1.000000000000000000, 0.0000000000000000000, 0.0000000000000000000 ) ) ;
#77 = CARTESIAN_POINT ( 'NONE',  ( 16.00000000000000000, 16.00000000000016700, -5.000000000000000000 ) ) ;
#78 = CARTESIAN_POINT ( 'NONE',  ( 14.46356302076847700, -18.62417706394361300, -6.800000000000000700 ) ) ;
#79 = CARTESIAN_POINT ( 'NONE',  ( -17.50000000000000000, 14.03643697923169700, -6.800000000000000700 ) ) ;
#80 = DIRECTION ( 'NONE',  ( -1.000000000000000000, 0.0000000000000000000, 0.0000000000000000000 ) ) ;
#81 = DIRECTION ( 'NONE',  ( 0.0000000000000000000, 0.0000000000000000000, -1.000000000000000000 ) ) ;
#82 = CARTESIAN_POINT ( 'NONE',  ( 14.03643697923151900, -17.50000000000017400, -6.800000000000000700 ) ) ;
#83 = CARTESIAN_POINT ( 'NONE',  ( -17.50000000000000000, 17.50000000000017400, -7.000000000000000000 ) ) ;
#84 = DIRECTION ( 'NONE',  ( 0.0000000000000000000, 0.0000000000000000000, -1.000000000000000000 ) ) ;
#85 = DIRECTION ( 'NONE',  ( 0.0000000000000000000, 1.000000000000000000, 0.0000000000000000000 ) ) ;
#86 = DIRECTION ( 'NONE',  ( 0.0000000000000000000, 0.0000000000000000000, 1.000000000000000000 ) ) ;
#87 = DIRECTION ( 'NONE',  ( 0.0000000000000000000, 0.0000000000000000000, -1.000000000000000000 ) ) ;
#88 = CARTESIAN_POINT ( 'NONE',  ( 17.50000000000000000, -14.03643697923169500, -6.800000000000000700 ) ) ;
#89 = DIRECTION ( 'NONE',  ( 1.000000000000000000, -0.0000000000000000000, -0.0000000000000000000 ) ) ;
#90 = DIRECTION ( 'NONE',  ( 0.0000000000000000000, 0.0000000000000000000, 1.000000000000000000 ) ) ;
#91 = DIRECTION ( 'NONE',  ( -1.000000000000000000, 0.0000000000000000000, 0.0000000000000000000 ) ) ;
#92 = DIRECTION ( 'NONE',  ( 0.0000000000000000000, 0.0000000000000000000, -1.000000000000000000 ) ) ;
#93 = DIRECTION ( 'NONE',  ( -1.000000000000000000, 0.0000000000000000000, 0.0000000000000000000 ) ) ;
#94 = DIRECTION ( 'NONE',  ( 0.0000000000000000000, 0.0000000000000000000, 1.000000000000000000 ) ) ;
#95 = DIRECTION ( 'NONE',  ( 0.03463967445540915700, 0.1217962055169507600, 0.9919504913428371900 ) ) ;
#96 = CARTESIAN_POINT ( 'NONE',  ( 20.80084651717630400, -13.19766851081901200, 0.02424108027403177100 ) ) ;
#97 = CARTESIAN_POINT ( 'NONE',  ( -19.76357786143412600, 14.46356302076865500, -7.000000000000000000 ) ) ;
#98 = DIRECTION ( 'NONE',  ( 0.0000000000000000000, 1.000000000000000000, 0.0000000000000000000 ) ) ;
#99 = DIRECTION ( 'NONE',  ( 0.0000000000000000000, 0.0000000000000000000, 1.000000000000000000 ) ) ;
#100 = CARTESIAN_POINT ( 'NONE',  ( 14.03643697923151900, -19.76357786143430300, -7.000000000000000000 ) ) ;
#101 = DIRECTION ( 'NONE',  ( -0.0000000000000000000, 1.000000000000000000, -0.0000000000000000000 ) ) ;
#102 = DIRECTION ( 'NONE',  ( -0.1217962055169507500, 0.03463967445540915700, 0.9919504913428371900 ) ) ;
#103 = CARTESIAN_POINT ( 'NONE',  ( -14.03643697923151900, 18.62417706394361300, -7.000000000000000000 ) ) ;
#104 = CARTESIAN_POINT ( 'NONE',  ( -14.03643697923151900, 19.76357786143430300, -7.000000000000000000 ) ) ;
#105 = CARTESIAN_POINT ( 'NONE',  ( -20.62295871798163200, 14.67686201551285300, -5.069798993405002300 ) ) ;
#106 = CARTESIAN_POINT ( 'NONE',  ( 13.94897202701518100, -20.58319420360695400, -6.208505698715437200 ) ) ;
#107 = CARTESIAN_POINT ( 'NONE',  ( 14.03643697923151900, -18.62417706394361300, -7.000000000000000000 ) ) ;
#108 = CARTESIAN_POINT ( 'NONE',  ( 18.62417706394343900, -14.03643697923169500, -6.800000000000000700 ) ) ;
#109 = CARTESIAN_POINT ( 'NONE',  ( -13.94897202701518100, 20.58319420360695400, -6.208505698715437200 ) ) ;
#110 = CARTESIAN_POINT ( 'NONE',  ( -15.26524569998534100, 20.79029906490394800, -0.2777984344915495100 ) ) ;
#111 = CARTESIAN_POINT ( 'NONE',  ( 14.03643697923151900, -17.50000000000017400, -7.000000000000000000 ) ) ;
#112 = CARTESIAN_POINT ( 'NONE',  ( -18.62417706394343900, 14.46356302076865300, -7.000000000000000000 ) ) ;
#113 = CARTESIAN_POINT ( 'NONE',  ( -20.58319420360678000, 14.55102797298499000, -6.208505698715437200 ) ) ;
#114 = CARTESIAN_POINT ( 'NONE',  ( -19.49999999999999300, 22.29999999999999000, 4.450806661517023400 ) ) ;
#115 = CARTESIAN_POINT ( 'NONE',  ( -13.82313798448732100, 20.62295871798180600, -5.069798993405002300 ) ) ;
#116 = CARTESIAN_POINT ( 'NONE',  ( -22.29999999999999400, -19.50000000000001100, 2.799999999999994900 ) ) ;
#117 = CARTESIAN_POINT ( 'NONE',  ( -14.03643697923152300, 17.50000000000017400, -6.800000000000000700 ) ) ;
#118 = DIRECTION ( 'NONE',  ( 1.000000000000000000, 0.0000000000000000000, 0.0000000000000000000 ) ) ;
#119 = CARTESIAN_POINT ( 'NONE',  ( 13.82313798448732100, -20.62295871798180600, -5.069798993405002300 ) ) ;
#120 = DIRECTION ( 'NONE',  ( -0.0000000000000000000, -1.000000000000000000, -0.0000000000000000000 ) ) ;
#121 = CARTESIAN_POINT ( 'NONE',  ( -13.83792774890325600, 18.62417706394361300, -6.824373868681029800 ) ) ;
#122 = CARTESIAN_POINT ( 'NONE',  ( 20.42308055257781200, -14.87537124584111600, -5.087192962745531200 ) ) ;
#123 = CARTESIAN_POINT ( 'NONE',  ( 14.55102797298481800, -20.58319420360695400, -6.208505698715437200 ) ) ;
#124 = CARTESIAN_POINT ( 'NONE',  ( -13.83792774890325600, 18.62417706394361300, -6.824373868681029800 ) ) ;
#125 = CARTESIAN_POINT ( 'NONE',  ( 14.46356302076847900, -18.62417706394361300, -7.000000000000000000 ) ) ;
#126 = CARTESIAN_POINT ( 'NONE',  ( -13.75046279668691600, 20.38729248964061800, -6.112028997524921800 ) ) ;
#127 = DIRECTION ( 'NONE',  ( 1.000000000000000000, 0.0000000000000000000, 0.0000000000000000000 ) ) ;
#128 = DIRECTION ( 'NONE',  ( 0.0000000000000000000, 3.469446951953612300E-014, 1.000000000000000000 ) ) ;
#129 = CARTESIAN_POINT ( 'NONE',  ( 19.50000000000000400, -22.30000000000000400, 4.450806661517031400 ) ) ;
#130 = DIRECTION ( 'NONE',  ( 0.0000000000000000000, 0.0000000000000000000, -1.000000000000000000 ) ) ;
#131 = DIRECTION ( 'NONE',  ( -1.000000000000000000, 0.0000000000000000000, 0.0000000000000000000 ) ) ;
#132 = CARTESIAN_POINT ( 'NONE',  ( 14.67686201551268100, -20.62295871798180600, -5.069798993405002300 ) ) ;
#133 = DIRECTION ( 'NONE',  ( -0.0000000000000000000, 1.000000000000000000, -0.0000000000000000000 ) ) ;
#134 = CARTESIAN_POINT ( 'NONE',  ( 19.64963778168506200, -14.66207225109691800, -6.824373868681025400 ) ) ;
#135 = CARTESIAN_POINT ( 'NONE',  ( -13.62462875415905600, 20.42308055257798600, -5.087192962745531200 ) ) ;
#136 = CARTESIAN_POINT ( 'NONE',  ( -20.42308055257781200, 14.67686201551285300, -5.062819094064501300 ) ) ;
#137 = DIRECTION ( 'NONE',  ( -1.000000000000000000, 0.0000000000000000000, 0.0000000000000000000 ) ) ;
#138 = DIRECTION ( 'NONE',  ( 1.000000000000000000, 0.0000000000000000000, 0.0000000000000000000 ) ) ;
#139 = DIRECTION ( 'NONE',  ( 0.03463967445540979500, -0.1217962055169506700, -0.9919504913428373000 ) ) ;
#140 = CARTESIAN_POINT ( 'NONE',  ( 16.00000000000000000, 16.00000000000016700, -5.000000000000000000 ) ) ;
#141 = DIRECTION ( 'NONE',  ( 0.0000000000000000000, 1.000000000000000000, 0.0000000000000000000 ) ) ;
#142 = CARTESIAN_POINT ( 'NONE',  ( -13.83792774890325500, 19.64963778168523200, -6.824373868681028900 ) ) ;
#143 = DIRECTION ( 'NONE',  ( 0.0000000000000000000, 0.0000000000000000000, -1.000000000000000000 ) ) ;
#144 = CARTESIAN_POINT ( 'NONE',  ( 13.83792774890325600, -18.62417706394361300, -6.824373868681029800 ) ) ;
#145 = DIRECTION ( 'NONE',  ( 0.0000000000000000000, 0.9925461516413220900, -0.1218693434051463500 ) ) ;
#146 = CARTESIAN_POINT ( 'NONE',  ( 16.00000000000000000, 16.00000000000016700, -0.2895301509892497200 ) ) ;
#147 = CARTESIAN_POINT ( 'NONE',  ( 17.50000000000000000, -17.50000000000017400, -6.824373868681029800 ) ) ;
#148 = DIRECTION ( 'NONE',  ( 0.0000000000000000000, 0.0000000000000000000, -1.000000000000000000 ) ) ;
#149 = DIRECTION ( 'NONE',  ( 1.000000000000000000, 0.0000000000000000000, 0.0000000000000000000 ) ) ;
#150 = CARTESIAN_POINT ( 'NONE',  ( 20.38729248964044800, -14.74953720331325400, -6.112028997524918200 ) ) ;
#151 = CARTESIAN_POINT ( 'NONE',  ( 20.62295871798163200, -15.50000000000017400, -5.069798993405002300 ) ) ;
#152 = DIRECTION ( 'NONE',  ( 0.0000000000000000000, 1.000000000000000000, -3.469446951953612900E-014 ) ) ;
#153 = DIRECTION ( 'NONE',  ( 0.0000000000000000000, 0.0000000000000000000, 1.000000000000000000 ) ) ;
#154 = DIRECTION ( 'NONE',  ( 0.0000000000000000000, -0.0000000000000000000, 1.000000000000000000 ) ) ;
#155 = CARTESIAN_POINT ( 'NONE',  ( -18.62417706394343900, 14.03643697923169500, -6.800000000000000700 ) ) ;
#156 = CARTESIAN_POINT ( 'NONE',  ( 14.46356302076847600, -19.76357786143430300, -7.000000000000000000 ) ) ;
#157 = CARTESIAN_POINT ( 'NONE',  ( 18.62417706394343900, -14.66207225109691800, -6.824373868681029800 ) ) ;
#158 = DIRECTION ( 'NONE',  ( -0.03463967445540914300, -0.1217962055169507500, -0.9919504913428370800 ) ) ;
#159 = DIRECTION ( 'NONE',  ( 0.1217962055169507400, 0.03463967445540914300, 0.9919504913428370800 ) ) ;
#160 = CARTESIAN_POINT ( 'NONE',  ( 19.50000000000000400, 22.30000000000000100, 4.450806661517036700 ) ) ;
#161 = CARTESIAN_POINT ( 'NONE',  ( 20.58319420360678000, -13.94897202701535700, -6.208505698715437200 ) ) ;
#162 = DIRECTION ( 'NONE',  ( 1.000000000000000000, 0.0000000000000000000, 0.0000000000000000000 ) ) ;
#163 = DIRECTION ( 'NONE',  ( 0.1217962055169496000, -0.03463967445540874100, -0.9919504913428373000 ) ) ;
#164 = CARTESIAN_POINT ( 'NONE',  ( 20.62295871798163200, -13.82313798448749300, -5.069798993405002300 ) ) ;
#165 = CARTESIAN_POINT ( 'NONE',  ( 17.50000000000000000, -14.46356302076865300, -6.800000000000000700 ) ) ;
#166 = CARTESIAN_POINT ( 'NONE',  ( 18.62417706394343900, -14.03643697923169500, -7.000000000000000000 ) ) ;
#167 = DIRECTION ( 'NONE',  ( -1.000000000000000000, 0.0000000000000000000, 0.0000000000000000000 ) ) ;
#168 = DIRECTION ( 'NONE',  ( 0.0000000000000000000, 0.0000000000000000000, 1.000000000000000000 ) ) ;
#169 = CARTESIAN_POINT ( 'NONE',  ( 19.76357786143412600, -14.03643697923169500, -7.000000000000000000 ) ) ;
#170 = CARTESIAN_POINT ( 'NONE',  ( -13.00000000000000200, 17.50000000000017400, 0.0000000000000000000 ) ) ;
#171 = CARTESIAN_POINT ( 'NONE',  ( 15.50084071950942300, -20.60096835177265700, 0.006847110933502385600 ) ) ;
#172 = DIRECTION ( 'NONE',  ( -0.1217962055169507400, 0.03463967445540914300, -0.9919504913428370800 ) ) ;
#173 = CARTESIAN_POINT ( 'NONE',  ( 14.46356302076847700, -17.50000000000017400, -6.800000000000000700 ) ) ;
#174 = DIRECTION ( 'NONE',  ( 0.0000000000000000000, 1.000000000000000000, 0.0000000000000000000 ) ) ;
#175 = DIRECTION ( 'NONE',  ( -0.9925461516413220900, 0.0000000000000000000, -0.1218693434051463500 ) ) ;
#176 = DIRECTION ( 'NONE',  ( 0.0000000000000000000, 0.0000000000000000000, 1.000000000000000000 ) ) ;
#177 = CARTESIAN_POINT ( 'NONE',  ( -17.50000000000000000, 17.50000000000017400, -6.824373868681029800 ) ) ;
#178 = CARTESIAN_POINT ( 'NONE',  ( 20.42392706975429600, -13.62165232376197100, -5.062951882471503000 ) ) ;
#179 = CARTESIAN_POINT ( 'NONE',  ( -12.99915928049057700, 20.60096835177265700, 0.006847110933502338800 ) ) ;
#180 = DIRECTION ( 'NONE',  ( 0.0000000000000000000, -0.0000000000000000000, 1.000000000000000000 ) ) ;
#181 = DIRECTION ( 'NONE',  ( 1.000000000000000000, 0.0000000000000000000, 0.0000000000000000000 ) ) ;
#182 = DIRECTION ( 'NONE',  ( 0.0000000000000000000, 0.0000000000000000000, -1.000000000000000000 ) ) ;
#183 = CARTESIAN_POINT ( 'NONE',  ( -14.67686201551267900, 20.42308055257798600, -5.062819094064501300 ) ) ;
#184 = CARTESIAN_POINT ( 'NONE',  ( -18.62417706394343900, 14.03643697923169500, -7.000000000000000000 ) ) ;
#185 = CARTESIAN_POINT ( 'NONE',  ( -20.42308055257781200, 13.82313798448749500, -5.062819094064501300 ) ) ;
#186 = DIRECTION ( 'NONE',  ( 0.03463967445540874100, 0.1217962055169496000, -0.9919504913428373000 ) ) ;
#187 = DIRECTION ( 'NONE',  ( -0.1217962055169496100, -0.03463967445540979500, -0.9919504913428374100 ) ) ;
#188 = DIRECTION ( 'NONE',  ( 0.03463967445540914300, -0.1217962055169507200, 0.9919504913428370800 ) ) ;
#189 = CARTESIAN_POINT ( 'NONE',  ( 20.59700865851943900, -15.48691808250986100, -0.1065436679832880000 ) ) ;
#190 = DIRECTION ( 'NONE',  ( 0.0000000000000000000, 0.0000000000000000000, -1.000000000000000000 ) ) ;
#191 = CARTESIAN_POINT ( 'NONE',  ( 20.58319420360678000, -14.55102797298499000, -6.208505698715437200 ) ) ;
#192 = CARTESIAN_POINT ( 'NONE',  ( 18.62417706394343900, -14.46356302076865300, -7.000000000000000000 ) ) ;
#193 = DIRECTION ( 'NONE',  ( -0.0000000000000000000, -1.000000000000000000, -0.0000000000000000000 ) ) ;
#194 = CARTESIAN_POINT ( 'NONE',  ( -19.76357786143412600, 14.03643697923169500, -7.000000000000000000 ) ) ;
#195 = CARTESIAN_POINT ( 'NONE',  ( 19.76357786143412600, -14.46356302076865500, -7.000000000000000000 ) ) ;
#196 = CARTESIAN_POINT ( 'NONE',  ( -20.62295871798163200, 13.82313798448749300, -5.069798993405002300 ) ) ;
#197 = DIRECTION ( 'NONE',  ( 1.734723475976817800E-014, -1.000000000000000000, 0.0000000000000000000 ) ) ;
#198 = CARTESIAN_POINT ( 'NONE',  ( 17.50000000000000000, -14.46356302076865300, -7.000000000000000000 ) ) ;
#199 = CARTESIAN_POINT ( 'NONE',  ( -14.03643697923152100, 18.62417706394361300, -6.800000000000000700 ) ) ;
#200 = DIRECTION ( 'NONE',  ( -1.000000000000000000, -5.256737805990611000E-016, -0.0000000000000000000 ) ) ;
#201 = DIRECTION ( 'NONE',  ( 0.1218693434051475200, -0.0000000000000000000, 0.9925461516413220900 ) ) ;
#202 = DIRECTION ( 'NONE',  ( 0.0000000000000000000, 1.000000000000000000, 0.0000000000000000000 ) ) ;
#203 = DIRECTION ( 'NONE',  ( 1.734723475976817800E-014, 1.000000000000000000, -0.0000000000000000000 ) ) ;
#204 = DIRECTION ( 'NONE',  ( 1.000000000000000000, 1.734723475976817500E-014, 0.0000000000000000000 ) ) ;
#205 = DIRECTION ( 'NONE',  ( -1.000000000000000000, 1.734723475976817500E-014, 0.0000000000000000000 ) ) ;
#206 = CARTESIAN_POINT ( 'NONE',  ( 14.46356302076847900, -17.50000000000017400, -7.000000000000000000 ) ) ;
#207 = CARTESIAN_POINT ( 'NONE',  ( 22.30000000000000400, 19.49999999999999600, 2.799999999999999800 ) ) ;
#208 = CARTESIAN_POINT ( 'NONE',  ( -20.58319420360678000, 13.94897202701535700, -6.208505698715437200 ) ) ;
#209 = DIRECTION ( 'NONE',  ( 0.0000000000000000000, 0.9925461516413220900, 0.1218693434051463500 ) ) ;
#210 = DIRECTION ( 'NONE',  ( 0.0000000000000000000, 0.0000000000000000000, 1.000000000000000000 ) ) ;
#211 = DIRECTION ( 'NONE',  ( -0.9925461516413220900, 0.0000000000000000000, 0.1218693434051463500 ) ) ;
#212 = CARTESIAN_POINT ( 'NONE',  ( 20.62295871798163200, -14.67686201551285300, -5.069798993405002300 ) ) ;
#213 = DIRECTION ( 'NONE',  ( 1.000000000000000000, 0.0000000000000000000, 0.0000000000000000000 ) ) ;
#214 = CARTESIAN_POINT ( 'NONE',  ( -22.29999999999999700, 19.49999999999999600, 2.800000000000000300 ) ) ;
#215 = CARTESIAN_POINT ( 'NONE',  ( -14.46356302076847900, 17.50000000000017400, -6.800000000000000700 ) ) ;
#216 = DIRECTION ( 'NONE',  ( 0.0000000000000000000, 1.000000000000000000, 0.0000000000000000000 ) ) ;
#217 = CARTESIAN_POINT ( 'NONE',  ( -18.62417706394343900, 14.46356302076865300, -6.800000000000000700 ) ) ;
#218 = CARTESIAN_POINT ( 'NONE',  ( -13.82313798448732100, 20.42308055257798600, -5.062819094064501300 ) ) ;
#219 = CARTESIAN_POINT ( 'NONE',  ( 18.62417706394343900, -14.46356302076865300, -6.800000000000000700 ) ) ;
#220 = CARTESIAN_POINT ( 'NONE',  ( 17.50000000000000000, -13.00000000000017400, 0.0000000000000000000 ) ) ;
#221 = DIRECTION ( 'NONE',  ( -1.000000000000000000, 0.0000000000000000000, 0.0000000000000000000 ) ) ;
#222 = CARTESIAN_POINT ( 'NONE',  ( -19.49999999999999300, -22.30000000000001100, 4.450806661517042100 ) ) ;
#223 = CARTESIAN_POINT ( 'NONE',  ( 13.82313798448732100, -20.42308055257798600, -5.062819094064501300 ) ) ;
#224 = CARTESIAN_POINT ( 'NONE',  ( -13.04999999999999900, -16.00000000000016700, 0.0000000000000000000 ) ) ;
#225 = DIRECTION ( 'NONE',  ( 0.0000000000000000000, 0.0000000000000000000, -1.000000000000000000 ) ) ;
#226 = CARTESIAN_POINT ( 'NONE',  ( -17.50000000000000000, 14.46356302076865300, -6.800000000000000700 ) ) ;
#227 = CARTESIAN_POINT ( 'NONE',  ( -16.00000000000000000, -16.00000000000016700, -5.000000000000000000 ) ) ;
#228 = CARTESIAN_POINT ( 'NONE',  ( 6.500000000000000900, -8.014034329739005400E-016, 0.0000000000000000000 ) ) ;
#229 = DIRECTION ( 'NONE',  ( 1.000000000000000000, 0.0000000000000000000, 0.0000000000000000000 ) ) ;
#230 = DIRECTION ( 'NONE',  ( 0.0000000000000000000, 0.0000000000000000000, -1.000000000000000000 ) ) ;
#231 = CARTESIAN_POINT ( 'NONE',  ( 14.67686201551267900, -20.42308055257798600, -5.062819094064501300 ) ) ;
#232 = DIRECTION ( 'NONE',  ( 0.0000000000000000000, 0.0000000000000000000, 1.000000000000000000 ) ) ;
#233 = CARTESIAN_POINT ( 'NONE',  ( 17.50000000000000000, -17.50000000000017400, -7.000000000000000000 ) ) ;
#234 = DIRECTION ( 'NONE',  ( -0.03463967445540874100, -0.1217962055169496000, -0.9919504913428373000 ) ) ;
#235 = CARTESIAN_POINT ( 'NONE',  ( 16.00000000000000000, 16.00000000000016700, 0.0000000000000000000 ) ) ;
#236 = DIRECTION ( 'NONE',  ( -1.000000000000000000, 0.0000000000000000000, 0.0000000000000000000 ) ) ;
#237 = DIRECTION ( 'NONE',  ( 1.000000000000000000, 0.0000000000000000000, 0.0000000000000000000 ) ) ;
#238 = DIRECTION ( 'NONE',  ( 1.000000000000000000, 0.0000000000000000000, 0.0000000000000000000 ) ) ;
#239 = DIRECTION ( 'NONE',  ( 1.000000000000000000, 0.0000000000000000000, 0.0000000000000000000 ) ) ;
#240 = DIRECTION ( 'NONE',  ( 0.1217962055169496100, 0.03463967445540979500, -0.9919504913428374100 ) ) ;
#241 = DIRECTION ( 'NONE',  ( -1.000000000000000000, 0.0000000000000000000, 0.0000000000000000000 ) ) ;
#242 = DIRECTION ( 'NONE',  ( -0.9925461516413220900, 0.0000000000000000000, 0.1218693434051463500 ) ) ;
#243 = DIRECTION ( 'NONE',  ( -0.9925461516413220900, 0.0000000000000000000, -0.1218693434051463500 ) ) ;
#244 = DIRECTION ( 'NONE',  ( 0.0000000000000000000, 0.0000000000000000000, -1.000000000000000000 ) ) ;
#245 = DIRECTION ( 'NONE',  ( 0.0000000000000000000, 0.0000000000000000000, -1.000000000000000000 ) ) ;
#246 = DIRECTION ( 'NONE',  ( 1.000000000000000000, 0.0000000000000000000, 0.0000000000000000000 ) ) ;
#247 = DIRECTION ( 'NONE',  ( 0.0000000000000000000, 0.9925461516413220900, -0.1218693434051463500 ) ) ;
#248 = DIRECTION ( 'NONE',  ( -0.0000000000000000000, -0.0000000000000000000, 1.000000000000000000 ) ) ;
#249 = DIRECTION ( 'NONE',  ( 0.0000000000000000000, 0.0000000000000000000, 1.000000000000000000 ) ) ;
#250 = DIRECTION ( 'NONE',  ( 0.0000000000000000000, 0.0000000000000000000, -1.000000000000000000 ) ) ;
#251 = CARTESIAN_POINT ( 'NONE',  ( -16.00000000000000000, -16.00000000000016700, -4.517449748351251200 ) ) ;
#252 = CARTESIAN_POINT ( 'NONE',  ( -16.00000000000000000, -16.00000000000016700, 0.0000000000000000000 ) ) ;
#253 = DIRECTION ( 'NONE',  ( 0.0000000000000000000, 0.0000000000000000000, -1.000000000000000000 ) ) ;
#254 = DIRECTION ( 'NONE',  ( -0.1217962055169496000, 0.03463967445540874100, -0.9919504913428373000 ) ) ;
#255 = CARTESIAN_POINT ( 'NONE',  ( 20.42308055257781200, -13.82313798448749500, -5.062819094064501300 ) ) ;
#256 = CARTESIAN_POINT ( 'NONE',  ( 18.95000000000000300, 16.00000000000016700, 0.0000000000000000000 ) ) ;
#257 = CARTESIAN_POINT ( 'NONE',  ( -20.62295871798163200, 14.67686201551285300, -5.069798993405002300 ) ) ;
#258 = CARTESIAN_POINT ( 'NONE',  ( -22.49999999999999600, 19.49999999999999300, 2.800000000000000300 ) ) ;
#259 = CARTESIAN_POINT ( 'NONE',  ( -22.49999999999999600, -19.50000000000001100, 2.799999999999994900 ) ) ;
#260 = CARTESIAN_POINT ( 'NONE',  ( -19.34255176513772400, -16.00000000000016700, -5.000000000000000000 ) ) ;
#261 = CARTESIAN_POINT ( 'NONE',  ( -20.79999999999982300, 13.20064494121627300, 0.0000000000000000000 ) ) ;
#262 = CARTESIAN_POINT ( 'NONE',  ( -20.60072924538988900, 13.00000000000017200, 0.0000000000000000000 ) ) ;
#263 = CARTESIAN_POINT ( 'NONE',  ( 15.50000000000000000, -20.60072924539006300, 0.0000000000000000000 ) ) ;
#264 = DIRECTION ( 'NONE',  ( 0.0000000000000000000, -1.000000000000000000, 0.0000000000000000000 ) ) ;
#265 = CARTESIAN_POINT ( 'NONE',  ( -18.95000000000000300, -16.00000000000016700, 0.0000000000000000000 ) ) ;
#266 = CARTESIAN_POINT ( 'NONE',  ( -15.50000000000000000, 17.50000000000017400, 0.0000000000000000000 ) ) ;
#267 = CARTESIAN_POINT ( 'NONE',  ( -20.79999999999982300, 15.29935505878407300, 0.0000000000000000000 ) ) ;
#268 = CARTESIAN_POINT ( 'NONE',  ( 0.0000000000000000000, 7.087606695878779600, 2.999999999999997800 ) ) ;
#269 = CARTESIAN_POINT ( 'NONE',  ( -17.50000000000000000, 15.50000000000017400, 0.0000000000000000000 ) ) ;
#270 = CARTESIAN_POINT ( 'NONE',  ( -19.49999999999999300, -22.50000000000001100, 4.450806661517042100 ) ) ;
#271 = CARTESIAN_POINT ( 'NONE',  ( 12.01011061566360800, 16.00000000000016700, -0.2895301509892497200 ) ) ;
#272 = CARTESIAN_POINT ( 'NONE',  ( -20.60072924538988900, 15.50000000000017400, 0.0000000000000000000 ) ) ;
#273 = CARTESIAN_POINT ( 'NONE',  ( 6.587911282369232100, -8.067864465020215200E-016, 2.517449748351219300 ) ) ;
#274 = CARTESIAN_POINT ( 'NONE',  ( -18.95000000000000300, -16.00000000000016700, -5.000000000000000000 ) ) ;
#275 = DIRECTION ( 'NONE',  ( -1.000000000000000000, 0.0000000000000000000, 0.0000000000000000000 ) ) ;
#276 = DIRECTION ( 'NONE',  ( 0.0000000000000000000, 0.0000000000000000000, -1.000000000000000000 ) ) ;
#277 = CARTESIAN_POINT ( 'NONE',  ( -13.04999999999999900, -16.00000000000016700, -5.000000000000000000 ) ) ;
#278 = CARTESIAN_POINT ( 'NONE',  ( 20.60072924538988900, -15.50000000000017400, 0.0000000000000000000 ) ) ;
#279 = CARTESIAN_POINT ( 'NONE',  ( -19.49999999999997900, -22.50000000000001100, 0.0000000000000000000 ) ) ;
#280 = CARTESIAN_POINT ( 'NONE',  ( -13.20064494121610100, 20.79999999999999700, 0.0000000000000000000 ) ) ;
#281 = CARTESIAN_POINT ( 'NONE',  ( -11.71029336755787600, -16.00000000000016700, 0.0000000000000000000 ) ) ;
#282 = CARTESIAN_POINT ( 'NONE',  ( -17.50000000000000000, 14.66207225109691600, -6.824373868681029800 ) ) ;
#283 = CARTESIAN_POINT ( 'NONE',  ( 8.373839659371754200E-016, -6.587911282369232100, 2.517449748351218400 ) ) ;
#284 = CARTESIAN_POINT ( 'NONE',  ( -12.15775282135272800, -16.00000000000016700, -4.517449748351251200 ) ) ;
#285 = CARTESIAN_POINT ( 'NONE',  ( 19.50000000000000400, 22.49999999999999600, 0.0000000000000000000 ) ) ;
#286 = CARTESIAN_POINT ( 'NONE',  ( 18.95000000000000300, 16.00000000000016700, -5.000000000000000000 ) ) ;
#287 = CARTESIAN_POINT ( 'NONE',  ( 12.65744823486227600, 16.00000000000016700, -5.000000000000000000 ) ) ;
#288 = CARTESIAN_POINT ( 'NONE',  ( -13.00000000000000200, 17.50000000000017400, 0.0000000000000000000 ) ) ;
#289 = CARTESIAN_POINT ( 'NONE',  ( -22.49999999999999600, -19.50000000000001100, 0.0000000000000000000 ) ) ;
#290 = CARTESIAN_POINT ( 'NONE',  ( 22.50000000000000400, 19.49999999999997900, 0.0000000000000000000 ) ) ;
#291 = CARTESIAN_POINT ( 'NONE',  ( 15.50000000000000000, -17.50000000000017400, 0.0000000000000000000 ) ) ;
#292 = CARTESIAN_POINT ( 'NONE',  ( 0.0000000000000000000, 6.587911282369232100, 2.517449748351220200 ) ) ;
#293 = CARTESIAN_POINT ( 'NONE',  ( 20.79999999999982300, -15.29935505878407300, 0.0000000000000000000 ) ) ;
#294 = CARTESIAN_POINT ( 'NONE',  ( -19.98988938433639400, -16.00000000000016700, -0.2895301509892497200 ) ) ;
#295 = CARTESIAN_POINT ( 'NONE',  ( -12.01011061566360800, -16.00000000000016700, -0.2895301509892497200 ) ) ;
#296 = CARTESIAN_POINT ( 'NONE',  ( -16.00000000000000000, -16.00000000000016700, -5.000000000000000000 ) ) ;
#297 = CARTESIAN_POINT ( 'NONE',  ( 8.679814853723293200E-016, -7.087606695878779600, 2.999999999999996000 ) ) ;
#298 = CARTESIAN_POINT ( 'NONE',  ( 19.50000000000000400, 22.12500000000000000, 4.547631245172222900 ) ) ;
#299 = CARTESIAN_POINT ( 'NONE',  ( 17.50000000000000000, -15.50000000000017400, 0.0000000000000000000 ) ) ;
#300 = CARTESIAN_POINT ( 'NONE',  ( 13.04999999999999900, 16.00000000000016700, -5.000000000000000000 ) ) ;
#301 = CARTESIAN_POINT ( 'NONE',  ( -6.500000000000000900, 0.0000000000000000000, 0.0000000000000000000 ) ) ;
#302 = CARTESIAN_POINT ( 'NONE',  ( -13.00000000000000000, 20.60072924539006300, 0.0000000000000000000 ) ) ;
#303 = CARTESIAN_POINT ( 'NONE',  ( 22.30000000000000400, -19.50000000000000400, 2.799999999999994900 ) ) ;
#304 = CARTESIAN_POINT ( 'NONE',  ( 13.00000000000000200, -17.50000000000017400, 0.0000000000000000000 ) ) ;
#305 = CARTESIAN_POINT ( 'NONE',  ( 13.20064494121610100, -20.79999999999999700, 0.0000000000000000000 ) ) ;
#306 = DIRECTION ( 'NONE',  ( 0.0000000000000000000, 0.0000000000000000000, -1.000000000000000000 ) ) ;
#307 = CARTESIAN_POINT ( 'NONE',  ( -22.29999999999999700, 19.49999999999999600, 3.000000000000000000 ) ) ;
#308 = CARTESIAN_POINT ( 'NONE',  ( 13.04999999999999900, 16.00000000000016700, 0.0000000000000000000 ) ) ;
#309 = CARTESIAN_POINT ( 'NONE',  ( -19.84224717864727300, -16.00000000000016700, -4.517449748351251200 ) ) ;
#310 = CARTESIAN_POINT ( 'NONE',  ( 22.50000000000000400, 19.49999999999999300, 2.800000000000000300 ) ) ;
#311 = CARTESIAN_POINT ( 'NONE',  ( 19.50000000000000400, -22.50000000000000400, 4.450806661517031400 ) ) ;
#312 = CARTESIAN_POINT ( 'NONE',  ( 19.50000000000000400, -22.50000000000000400, 0.0000000000000000000 ) ) ;
#313 = CARTESIAN_POINT ( 'NONE',  ( -14.46356302076847900, 18.62417706394361300, -7.000000000000000000 ) ) ;
#314 = CARTESIAN_POINT ( 'NONE',  ( -6.587911282369232100, 0.0000000000000000000, 2.517449748351219300 ) ) ;
#315 = CARTESIAN_POINT ( 'NONE',  ( -20.62295871798163200, 13.82313798448749300, -5.069798993405002300 ) ) ;
#316 = CARTESIAN_POINT ( 'NONE',  ( -15.50000000000000000, 20.60072924539006300, 0.0000000000000000000 ) ) ;
#317 = CARTESIAN_POINT ( 'NONE',  ( -13.83792774890325800, 17.50000000000017400, -6.824373868681029800 ) ) ;
#318 = CARTESIAN_POINT ( 'NONE',  ( -15.29935505878390100, 20.79999999999999700, 0.0000000000000000000 ) ) ;
#319 = CARTESIAN_POINT ( 'NONE',  ( 17.50000000000000000, -14.66207225109691600, -6.824373868681029800 ) ) ;
#320 = CARTESIAN_POINT ( 'NONE',  ( 13.62462875415905600, -20.42308055257798600, -5.087192962745531200 ) ) ;
#321 = CARTESIAN_POINT ( 'NONE',  ( -20.42308055257781200, 14.87537124584111600, -5.087192962745531200 ) ) ;
#322 = CARTESIAN_POINT ( 'NONE',  ( 13.00000000000000000, -20.60072924539006300, 0.0000000000000000000 ) ) ;
#323 = CARTESIAN_POINT ( 'NONE',  ( 14.66207225109674200, -17.50000000000017400, -6.824373868681029800 ) ) ;
#324 = CARTESIAN_POINT ( 'NONE',  ( -18.62417706394343900, 14.46356302076865300, -7.000000000000000000 ) ) ;
#325 = CARTESIAN_POINT ( 'NONE',  ( -13.83792774890325600, 18.62417706394361300, -6.824373868681029800 ) ) ;
#326 = CARTESIAN_POINT ( 'NONE',  ( 14.46356302076847900, -17.50000000000017400, -7.000000000000000000 ) ) ;
#327 = CARTESIAN_POINT ( 'NONE',  ( 20.79999999999982300, -13.20064494121627300, 0.0000000000000000000 ) ) ;
#328 = CARTESIAN_POINT ( 'NONE',  ( -18.62417706394343900, 13.83792774890343000, -6.824373868681029800 ) ) ;
#329 = CARTESIAN_POINT ( 'NONE',  ( -20.28970663244212200, -16.00000000000016700, 0.0000000000000000000 ) ) ;
#330 = CARTESIAN_POINT ( 'NONE',  ( 22.50000000000000400, -19.50000000000000400, 0.0000000000000000000 ) ) ;
#331 = CARTESIAN_POINT ( 'NONE',  ( -14.46356302076847900, 17.50000000000017400, -7.000000000000000000 ) ) ;
#332 = CARTESIAN_POINT ( 'NONE',  ( -20.42308055257781200, 13.62462875415922900, -5.087192962745531200 ) ) ;
#333 = CARTESIAN_POINT ( 'NONE',  ( 14.03643697923151900, -17.50000000000017400, -7.000000000000000000 ) ) ;
#334 = CARTESIAN_POINT ( 'NONE',  ( -17.50000000000000000, 14.46356302076865300, -7.000000000000000000 ) ) ;
#335 = CARTESIAN_POINT ( 'NONE',  ( 14.66207225109674200, -18.62417706394361300, -6.824373868681029800 ) ) ;
#336 = CARTESIAN_POINT ( 'NONE',  ( 13.83792774890325600, -17.50000000000017400, -6.824373868681028900 ) ) ;
#337 = CARTESIAN_POINT ( 'NONE',  ( -14.66207225109674200, 18.62417706394361300, -6.824373868681029800 ) ) ;
#338 = CARTESIAN_POINT ( 'NONE',  ( -19.49999999999997900, 22.49999999999998900, 0.0000000000000000000 ) ) ;
#339 = CARTESIAN_POINT ( 'NONE',  ( 22.29999999999999000, -19.50000000000000400, 2.999999999999994700 ) ) ;
#340 = CARTESIAN_POINT ( 'NONE',  ( 17.50000000000000000, -14.46356302076865300, -7.000000000000000000 ) ) ;
#341 = CARTESIAN_POINT ( 'NONE',  ( 13.83792774890325600, -18.62417706394361300, -6.824373868681029800 ) ) ;
#342 = CARTESIAN_POINT ( 'NONE',  ( -14.03643697923151900, 18.62417706394361300, -7.000000000000000000 ) ) ;
#343 = CARTESIAN_POINT ( 'NONE',  ( -17.50000000000000000, 13.00000000000017400, 0.0000000000000000000 ) ) ;
#344 = CARTESIAN_POINT ( 'NONE',  ( 19.98988938433639400, 16.00000000000016700, -0.2895301509892497200 ) ) ;
#345 = CARTESIAN_POINT ( 'NONE',  ( -17.50000000000000000, 14.03643697923169500, -7.000000000000000000 ) ) ;
#346 = CARTESIAN_POINT ( 'NONE',  ( -18.62417706394343900, 14.03643697923169500, -7.000000000000000000 ) ) ;
#347 = CARTESIAN_POINT ( 'NONE',  ( 18.62417706394343900, -13.83792774890343000, -6.824373868681029800 ) ) ;
#348 = CARTESIAN_POINT ( 'NONE',  ( 20.42308055257781200, -14.87537124584111600, -5.087192962745531200 ) ) ;
#349 = CARTESIAN_POINT ( 'NONE',  ( 18.62417706394343900, -14.66207225109691800, -6.824373868681029800 ) ) ;
#350 = CARTESIAN_POINT ( 'NONE',  ( 14.03643697923151900, -18.62417706394361300, -7.000000000000000000 ) ) ;
#351 = CARTESIAN_POINT ( 'NONE',  ( -19.49999999999999300, 22.49999999999998900, 4.450806661517022500 ) ) ;
#352 = CARTESIAN_POINT ( 'NONE',  ( 20.60072924538988900, -13.00000000000017200, 0.0000000000000000000 ) ) ;
#353 = CARTESIAN_POINT ( 'NONE',  ( 20.28970663244212200, 16.00000000000016700, 0.0000000000000000000 ) ) ;
#354 = CARTESIAN_POINT ( 'NONE',  ( 19.50000000000000400, 22.49999999999999600, 4.450806661517036700 ) ) ;
#355 = CARTESIAN_POINT ( 'NONE',  ( 19.50000000000000400, -22.12500000000000400, 4.547631245172213200 ) ) ;
#356 = CARTESIAN_POINT ( 'NONE',  ( -18.62417706394343900, 14.66207225109691800, -6.824373868681029800 ) ) ;
#357 = CARTESIAN_POINT ( 'NONE',  ( 20.42308055257781200, -13.62462875415922900, -5.087192962745531200 ) ) ;
#358 = CARTESIAN_POINT ( 'NONE',  ( -22.49999999999999600, 19.49999999999997900, 0.0000000000000000000 ) ) ;
#359 = CARTESIAN_POINT ( 'NONE',  ( 17.50000000000000000, -14.03643697923169500, -7.000000000000000000 ) ) ;
#360 = CARTESIAN_POINT ( 'NONE',  ( -13.82313798448732100, 20.62295871798180600, -5.069798993405002300 ) ) ;
#361 = CARTESIAN_POINT ( 'NONE',  ( -12.65744823486227600, -16.00000000000016700, -5.000000000000000000 ) ) ;
#362 = CARTESIAN_POINT ( 'NONE',  ( -13.62462875415905600, 20.42308055257798600, -5.087192962745531200 ) ) ;
#363 = CARTESIAN_POINT ( 'NONE',  ( 15.29935505878390100, -20.79999999999999700, 0.0000000000000000000 ) ) ;
#364 = CARTESIAN_POINT ( 'NONE',  ( 18.62417706394343900, -14.03643697923169500, -7.000000000000000000 ) ) ;
#365 = CARTESIAN_POINT ( 'NONE',  ( -19.49999999999999300, -22.12500000000001100, 4.547631245172226500 ) ) ;
#366 = APPLICATION_PROTOCOL_DEFINITION ( 'international standard', 'config_control_design', 1994, #379 ) ;
#367 = CARTESIAN_POINT ( 'NONE',  ( -14.87537124584094400, 20.42308055257798600, -5.087192962745531200 ) ) ;
#368 = CARTESIAN_POINT ( 'NONE',  ( 22.50000000000000400, -19.50000000000000400, 2.799999999999994900 ) ) ;
#369 = SECURITY_CLASSIFICATION_LEVEL ( 'unclassified' ) ;
#370 = APPROVAL_ROLE ( '' ) ;
#371 = CARTESIAN_POINT ( 'NONE',  ( -14.66207225109674200, 17.50000000000017400, -6.824373868681029800 ) ) ;
#372 = CARTESIAN_POINT ( 'NONE',  ( 11.71029336755787600, 16.00000000000016700, 0.0000000000000000000 ) ) ;
#373 = CARTESIAN_POINT ( 'NONE',  ( 20.62295871798163200, -13.82313798448749300, -5.069798993405002300 ) ) ;
#374 = CARTESIAN_POINT ( 'NONE',  ( 18.62417706394343900, -14.46356302076865300, -7.000000000000000000 ) ) ;
#375 = CARTESIAN_POINT ( 'NONE',  ( 14.87537124584094400, -20.42308055257798600, -5.087192962745531200 ) ) ;
#376 = CARTESIAN_POINT ( 'NONE',  ( 14.46356302076847900, -18.62417706394361300, -7.000000000000000000 ) ) ;
#377 =( LENGTH_UNIT ( ) NAMED_UNIT ( * ) SI_UNIT ( .MILLI., .METRE. ) );
#378 =( NAMED_UNIT ( * ) PLANE_ANGLE_UNIT ( ) SI_UNIT ( $, .RADIAN. ) );
#379 = APPLICATION_CONTEXT ( 'configuration controlled 3d designs of mechanical parts and assemblies' ) ;
#380 = PERSON_AND_ORGANIZATION_ROLE ( 'creator' ) ;
#381 = CARTESIAN_POINT ( 'NONE',  ( 17.50000000000000000, -13.83792774890343200, -6.824373868681029800 ) ) ;
#382 = PERSON_AND_ORGANIZATION_ROLE ( 'design_supplier' ) ;
#383 = DATE_TIME_ROLE ( 'classification_date' ) ;
#384 = APPROVAL_STATUS ( 'not_yet_approved' ) ;
#385 = CARTESIAN_POINT ( 'NONE',  ( -17.50000000000000000, 13.83792774890343200, -6.824373868681029800 ) ) ;
#386 = APPLICATION_PROTOCOL_DEFINITION ( 'international standard', 'config_control_design', 1994, #410 ) ;
#387 = CARTESIAN_POINT ( 'NONE',  ( 19.84224717864727300, 16.00000000000016700, -4.517449748351251200 ) ) ;
#388 = DATE_TIME_ROLE ( 'creation_date' ) ;
#389 = CARTESIAN_POINT ( 'NONE',  ( 12.15775282135272700, 16.00000000000016700, -4.517449748351251200 ) ) ;
#390 =( NAMED_UNIT ( * ) SI_UNIT ( $, .STERADIAN. ) SOLID_ANGLE_UNIT ( ) );
#391 = PERSON_AND_ORGANIZATION_ROLE ( 'classification_officer' ) ;
#392 = CARTESIAN_POINT ( 'NONE',  ( -22.29999999999999400, -19.50000000000000400, 2.999999999999994700 ) ) ;
#393 = CARTESIAN_POINT ( 'NONE',  ( 0.0000000000000000000, 0.0000000000000000000, 0.0000000000000000000 ) ) ;
#394 = CARTESIAN_POINT ( 'NONE',  ( -14.03643697923152100, 17.50000000000017400, -7.000000000000000000 ) ) ;
#395 = CARTESIAN_POINT ( 'NONE',  ( 14.67686201551268100, -20.62295871798180600, -5.069798993405002300 ) ) ;
#396 = APPROVAL_STATUS ( 'not_yet_approved' ) ;
#397 = CARTESIAN_POINT ( 'NONE',  ( -19.49999999999999300, 22.12499999999999300, 4.547631245172209600 ) ) ;
#398 = CARTESIAN_POINT ( 'NONE',  ( 13.82313798448732100, -20.62295871798180600, -5.069798993405002300 ) ) ;
#399 = CARTESIAN_POINT ( 'NONE',  ( 20.62295871798163200, -14.67686201551285300, -5.069798993405002300 ) ) ;
#400 = DIRECTION ( 'NONE',  ( 0.0000000000000000000, 0.0000000000000000000, 1.000000000000000000 ) ) ;
#401 = MECHANICAL_CONTEXT ( 'NONE', #410, 'mechanical' ) ;
#402 = PERSON_AND_ORGANIZATION_ROLE ( 'design_owner' ) ;
#403 = CARTESIAN_POINT ( 'NONE',  ( 22.29999999999997600, 19.49999999999999600, 3.000000000000000000 ) ) ;
#404 = APPROVAL_STATUS ( 'not_yet_approved' ) ;
#405 = CARTESIAN_POINT ( 'NONE',  ( 19.34255176513772400, 16.00000000000016700, -5.000000000000000000 ) ) ;
#406 = APPROVAL_ROLE ( '' ) ;
#407 = APPROVAL_ROLE ( '' ) ;
#408 = DIRECTION ( 'NONE',  ( 1.000000000000000000, 0.0000000000000000000, 0.0000000000000000000 ) ) ;
#409 = CARTESIAN_POINT ( 'NONE',  ( -14.67686201551268100, 20.62295871798180600, -5.069798993405002300 ) ) ;
#410 = APPLICATION_CONTEXT ( 'configuration controlled 3d designs of mechanical parts and assemblies' ) ;
#411 = PERSON_AND_ORGANIZATION_ROLE ( 'creator' ) ;
#412 = CIRCLE ( 'NONE', #1844, 7.087606695878779600 ) ;
#413 = LINE ( 'NONE', #3018, #448 ) ;
#414 = LINE ( 'NONE', #2988, #445 ) ;
#415 = VECTOR ( 'NONE', #3033, 999.9999999999998900 ) ;
#416 = LINE ( 'NONE', #2904, #468 ) ;
#417 = CIRCLE ( 'NONE', #1848, 4.289706632442123400 ) ;
#418 = LINE ( 'NONE', #2908, #433 ) ;
#419 = VECTOR ( 'NONE', #2863, 999.9999999999998900 ) ;
#420 = CIRCLE ( 'NONE', #1846, 3.036436979231522200 ) ;
#421 = VECTOR ( 'NONE', #2913, 1000.000000000000000 ) ;
#422 = LINE ( 'NONE', #2914, #430 ) ;
#423 = VECTOR ( 'NONE', #2898, 1000.000000000000000 ) ;
#424 = LINE ( 'NONE', #2950, #464 ) ;
#425 = VECTOR ( 'NONE', #2953, 1000.000000000000000 ) ;
#426 = LINE ( 'NONE', #2930, #462 ) ;
#427 = LINE ( 'NONE', #2938, #429 ) ;
#428 = CIRCLE ( 'NONE', #1859, 2.837927748903255900 ) ;
#429 = VECTOR ( 'NONE', #2920, 1000.000000000000000 ) ;
#430 = VECTOR ( 'NONE', #2948, 1000.000000000000000 ) ;
#431 = VECTOR ( 'NONE', #2867, 1000.000000000000000 ) ;
#432 = VECTOR ( 'NONE', #2932, 1000.000000000000000 ) ;
#433 = VECTOR ( 'NONE', #2942, 999.9999999999998900 ) ;
#434 = LINE ( 'NONE', #2868, #423 ) ;
#435 = LINE ( 'NONE', #2876, #444 ) ;
#436 = VECTOR ( 'NONE', #2925, 999.9999999999998900 ) ;
#437 = CIRCLE ( 'NONE', #1842, 3.036436979231522200 ) ;
#438 = LINE ( 'NONE', #2911, #467 ) ;
#439 = LINE ( 'NONE', #2995, #447 ) ;
#440 = LINE ( 'NONE', #2931, #456 ) ;
#441 = LINE ( 'NONE', #2937, #463 ) ;
#442 = VECTOR ( 'NONE', #2928, 1000.000000000000000 ) ;
#443 = LINE ( 'NONE', #2874, #454 ) ;
#444 = VECTOR ( 'NONE', #2894, 1000.000000000000000 ) ;
#445 = VECTOR ( 'NONE', #2977, 1000.000000000000000 ) ;
#446 = LINE ( 'NONE', #2912, #421 ) ;
#447 = VECTOR ( 'NONE', #2957, 1000.000000000000000 ) ;
#448 = VECTOR ( 'NONE', #3027, 1000.000000000000000 ) ;
#449 = LINE ( 'NONE', #2919, #442 ) ;
#450 = LINE ( 'NONE', #2971, #451 ) ;
#451 = VECTOR ( 'NONE', #2984, 999.9999999999998900 ) ;
#452 = LINE ( 'NONE', #3030, #453 ) ;
#453 = VECTOR ( 'NONE', #3014, 1000.000000000000100 ) ;
#454 = VECTOR ( 'NONE', #2873, 1000.000000000000100 ) ;
#455 = LINE ( 'NONE', #2878, #419 ) ;
#456 = VECTOR ( 'NONE', #2944, 1000.000000000000100 ) ;
#457 = LINE ( 'NONE', #3024, #415 ) ;
#458 = LINE ( 'NONE', #2934, #432 ) ;
#459 = LINE ( 'NONE', #2906, #431 ) ;
#460 = LINE ( 'NONE', #2910, #436 ) ;
#461 = LINE ( 'NONE', #2936, #466 ) ;
#462 = VECTOR ( 'NONE', #2924, 1000.000000000000100 ) ;
#463 = VECTOR ( 'NONE', #2915, 999.9999999999998900 ) ;
#464 = VECTOR ( 'NONE', #2973, 1000.000000000000000 ) ;
#465 = LINE ( 'NONE', #2989, #425 ) ;
#466 = VECTOR ( 'NONE', #2929, 1000.000000000000000 ) ;
#467 = VECTOR ( 'NONE', #2941, 999.9999999999998900 ) ;
#468 = VECTOR ( 'NONE', #2939, 1000.000000000000000 ) ;
#469 = CIRCLE ( 'NONE', #1852, 0.2000000000000002100 ) ;
#470 = LINE ( 'NONE', #3079, #501 ) ;
#471 = LINE ( 'NONE', #3069, #504 ) ;
#472 = VECTOR ( 'NONE', #64, 1000.000000000000000 ) ;
#473 = VECTOR ( 'NONE', #3045, 1000.000000000000000 ) ;
#474 = LINE ( 'NONE', #3067, #484 ) ;
#475 = LINE ( 'NONE', #56, #506 ) ;
#476 = LINE ( 'NONE', #52, #495 ) ;
#477 = VECTOR ( 'NONE', #3000, 1000.000000000000000 ) ;
#478 = LINE ( 'NONE', #3063, #492 ) ;
#479 = CIRCLE ( 'NONE', #1830, 0.1999999999999996500 ) ;
#480 = LINE ( 'NONE', #2998, #516 ) ;
#481 = LINE ( 'NONE', #3048, #520 ) ;
#482 = VECTOR ( 'NONE', #3052, 999.9999999999998900 ) ;
#483 = LINE ( 'NONE', #3010, #509 ) ;
#484 = VECTOR ( 'NONE', #3085, 1000.000000000000000 ) ;
#485 = VECTOR ( 'NONE', #3044, 1000.000000000000000 ) ;
#486 = LINE ( 'NONE', #3011, #482 ) ;
#487 = VECTOR ( 'NONE', #3047, 1000.000000000000000 ) ;
#488 = VECTOR ( 'NONE', #3073, 1000.000000000000000 ) ;
#489 = LINE ( 'NONE', #3056, #515 ) ;
#490 = VECTOR ( 'NONE', #66, 999.9999999999998900 ) ;
#491 = LINE ( 'NONE', #3051, #512 ) ;
#492 = VECTOR ( 'NONE', #3046, 1000.000000000000000 ) ;
#493 = LINE ( 'NONE', #3050, #473 ) ;
#494 = CIRCLE ( 'NONE', #1833, 0.1999999999999996500 ) ;
#495 = VECTOR ( 'NONE', #57, 999.9999999999998900 ) ;
#496 = CIRCLE ( 'NONE', #1834, 0.1999999999999996500 ) ;
#497 = CIRCLE ( 'NONE', #1839, 6.587911282369231200 ) ;
#498 = LINE ( 'NONE', #3071, #488 ) ;
#499 = LINE ( 'NONE', #3061, #508 ) ;
#500 = CIRCLE ( 'NONE', #1845, 2.950000000000001100 ) ;
#501 = VECTOR ( 'NONE', #3074, 1000.000000000000000 ) ;
#502 = LINE ( 'NONE', #3049, #521 ) ;
#503 = LINE ( 'NONE', #3080, #485 ) ;
#504 = VECTOR ( 'NONE', #3081, 1000.000000000000000 ) ;
#505 = VECTOR ( 'NONE', #3013, 1000.000000000000000 ) ;
#506 = VECTOR ( 'NONE', #54, 1000.000000000000100 ) ;
#507 = LINE ( 'NONE', #67, #490 ) ;
#508 = VECTOR ( 'NONE', #3077, 1000.000000000000000 ) ;
#509 = VECTOR ( 'NONE', #3012, 999.9999999999998900 ) ;
#510 = VECTOR ( 'NONE', #3078, 1000.000000000000000 ) ;
#511 = LINE ( 'NONE', #3068, #510 ) ;
#512 = VECTOR ( 'NONE', #3070, 999.9999999999998900 ) ;
#513 = LINE ( 'NONE', #3086, #487 ) ;
#514 = CIRCLE ( 'NONE', #1829, 2.837927748903257700 ) ;
#515 = VECTOR ( 'NONE', #3062, 1000.000000000000000 ) ;
#516 = VECTOR ( 'NONE', #3020, 1000.000000000000000 ) ;
#517 = LINE ( 'NONE', #3001, #505 ) ;
#518 = LINE ( 'NONE', #3057, #519 ) ;
#519 = VECTOR ( 'NONE', #3064, 1000.000000000000000 ) ;
#520 = VECTOR ( 'NONE', #3066, 1000.000000000000000 ) ;
#521 = VECTOR ( 'NONE', #3053, 1000.000000000000000 ) ;
#522 = LINE ( 'NONE', #49, #472 ) ;
#523 = LINE ( 'NONE', #3072, #526 ) ;
#524 = VECTOR ( 'NONE', #3082, 999.9999999999998900 ) ;
#525 = LINE ( 'NONE', #3042, #477 ) ;
#526 = VECTOR ( 'NONE', #3059, 1000.000000000000000 ) ;
#527 = LINE ( 'NONE', #3054, #524 ) ;
#528 = LINE ( 'NONE', #179, #553 ) ;
#529 = CIRCLE ( 'NONE', #1851, 0.2000000000000000900 ) ;
#530 = CIRCLE ( 'NONE', #1853, 0.1999999999999996500 ) ;
#531 = CIRCLE ( 'NONE', #1624, 0.1999999999999996500 ) ;
#532 = CIRCLE ( 'NONE', #1616, 0.1999999999999987900 ) ;
#533 = VECTOR ( 'NONE', #95, 999.9999999999998900 ) ;
#534 = LINE ( 'NONE', #69, #575 ) ;
#535 = LINE ( 'NONE', #151, #558 ) ;
#536 = CIRCLE ( 'NONE', #1843, 0.1999999999999996500 ) ;
#537 = CIRCLE ( 'NONE', #1847, 0.1999999999999996500 ) ;
#538 = CIRCLE ( 'NONE', #1854, 0.2000000000000002100 ) ;
#539 = VECTOR ( 'NONE', #101, 1000.000000000000000 ) ;
#540 = CIRCLE ( 'NONE', #1855, 3.989889384336392700 ) ;
#541 = VECTOR ( 'NONE', #201, 999.9999999999998900 ) ;
#542 = CIRCLE ( 'NONE', #1840, 3.342551765137725000 ) ;
#543 = CIRCLE ( 'NONE', #1832, 0.1999999999999996500 ) ;
#544 = VECTOR ( 'NONE', #188, 1000.000000000000100 ) ;
#545 = CIRCLE ( 'NONE', #1836, 0.1999999999999996500 ) ;
#546 = CIRCLE ( 'NONE', #1831, 0.1999999999999996500 ) ;
#547 = CIRCLE ( 'NONE', #1849, 3.662072251096742700 ) ;
#548 = LINE ( 'NONE', #96, #533 ) ;
#549 = VECTOR ( 'NONE', #172, 1000.000000000000100 ) ;
#550 = LINE ( 'NONE', #178, #559 ) ;
#551 = CIRCLE ( 'NONE', #1835, 0.1999999999999996500 ) ;
#552 = LINE ( 'NONE', #111, #539 ) ;
#553 = VECTOR ( 'NONE', #159, 1000.000000000000100 ) ;
#554 = LINE ( 'NONE', #74, #579 ) ;
#555 = VECTOR ( 'NONE', #102, 999.9999999999998900 ) ;
#556 = CIRCLE ( 'NONE', #1841, 0.2000000000000002100 ) ;
#557 = CIRCLE ( 'NONE', #1856, 3.662072251096742700 ) ;
#558 = VECTOR ( 'NONE', #141, 1000.000000000000000 ) ;
#559 = VECTOR ( 'NONE', #158, 1000.000000000000100 ) ;
#560 = LINE ( 'NONE', #189, #544 ) ;
#561 = LINE ( 'NONE', #198, #563 ) ;
#562 = CIRCLE ( 'NONE', #1602, 0.2000000000000002100 ) ;
#563 = VECTOR ( 'NONE', #200, 1000.000000000000000 ) ;
#564 = LINE ( 'NONE', #171, #549 ) ;
#565 = CIRCLE ( 'NONE', #1837, 0.1999999999999996500 ) ;
#566 = CIRCLE ( 'NONE', #1619, 0.1999999999999996500 ) ;
#567 = CIRCLE ( 'NONE', #1625, 0.1999999999999987900 ) ;
#568 = CIRCLE ( 'NONE', #1838, 0.1999999999999996500 ) ;
#569 = LINE ( 'NONE', #124, #580 ) ;
#570 = LINE ( 'NONE', #144, #571 ) ;
#571 = VECTOR ( 'NONE', #120, 1000.000000000000000 ) ;
#572 = LINE ( 'NONE', #170, #541 ) ;
#573 = CIRCLE ( 'NONE', #1597, 0.2000000000000002100 ) ;
#574 = CIRCLE ( 'NONE', #1828, 0.1999999999999996500 ) ;
#575 = VECTOR ( 'NONE', #71, 1000.000000000000000 ) ;
#576 = LINE ( 'NONE', #110, #555 ) ;
#577 = CIRCLE ( 'NONE', #1858, 0.1999999999999996500 ) ;
#578 = CIRCLE ( 'NONE', #1850, 3.463563020768480000 ) ;
#579 = VECTOR ( 'NONE', #89, 1000.000000000000000 ) ;
#580 = VECTOR ( 'NONE', #133, 1000.000000000000000 ) ;
#581 = CIRCLE ( 'NONE', #1594, 0.2000000000000000900 ) ;
#582 = APPROVAL_DATE_TIME ( #618, #1622 ) ;
#583 = LOCAL_TIME ( 15, 1, 45.00000000000000000, #627 ) ;
#584 = SHAPE_DEFINITION_REPRESENTATION ( #3277, #28 ) ;
#585 = ORGANIZATION ( 'UNSPECIFIED', 'UNSPECIFIED', '' ) ;
#586 = LOCAL_TIME ( 15, 1, 45.00000000000000000, #603 ) ;
#587 = CIRCLE ( 'NONE', #1596, 0.1999999999999996500 ) ;
#588 = CIRCLE ( 'NONE', #1626, 2.950000000000001100 ) ;
#589 = CIRCLE ( 'NONE', #1623, 3.463563020768480000 ) ;
#590 = APPROVAL_PERSON_ORGANIZATION ( #611, #1595, #406 ) ;
#591 = COORDINATED_UNIVERSAL_TIME_OFFSET ( 1, 0, .AHEAD. ) ;
#592 = VECTOR ( 'NONE', #193, 1000.000000000000000 ) ;
#593 = PERSON_AND_ORGANIZATION ( #1902, #585 ) ;
#594 = CIRCLE ( 'NONE', #1621, 2.950000000000001100 ) ;
#595 = PERSON_AND_ORGANIZATION ( #1902, #585 ) ;
#596 = DATE_AND_TIME ( #598, #625 ) ;
#597 = CIRCLE ( 'NONE', #1606, 3.842247178647272500 ) ;
#598 = CALENDAR_DATE ( 2017, 28, 2 ) ;
#599 = LINE ( 'NONE', #206, #592 ) ;
#600 = PERSON_AND_ORGANIZATION ( #1902, #585 ) ;
#601 = PERSON_AND_ORGANIZATION ( #1902, #585 ) ;
#602 = COORDINATED_UNIVERSAL_TIME_OFFSET ( 1, 0, .AHEAD. ) ;
#603 = COORDINATED_UNIVERSAL_TIME_OFFSET ( 1, 0, .AHEAD. ) ;
#604 = LOCAL_TIME ( 15, 1, 45.00000000000000000, #602 ) ;
#605 = DATE_AND_TIME ( #630, #583 ) ;
#606 = APPROVAL_DATE_TIME ( #605, #1612 ) ;
#607 = CIRCLE ( 'NONE', #1610, 0.1999999999999996500 ) ;
#608 = CALENDAR_DATE ( 2017, 28, 2 ) ;
#609 = APPROVAL_PERSON_ORGANIZATION ( #626, #1612, #370 ) ;
#610 = CIRCLE ( 'NONE', #1628, 0.1999999999999996500 ) ;
#611 = PERSON_AND_ORGANIZATION ( #1902, #585 ) ;
#612 = COORDINATED_UNIVERSAL_TIME_OFFSET ( 1, 0, .AHEAD. ) ;
#613 = LOCAL_TIME ( 15, 1, 45.00000000000000000, #612 ) ;
#614 = CIRCLE ( 'NONE', #1620, 0.1999999999999996500 ) ;
#615 = CIRCLE ( 'NONE', #1601, 0.2000000000000002100 ) ;
#616 = CALENDAR_DATE ( 2017, 28, 2 ) ;
#617 = APPROVAL_PERSON_ORGANIZATION ( #593, #1622, #407 ) ;
#618 = DATE_AND_TIME ( #608, #586 ) ;
#619 = PERSON_AND_ORGANIZATION ( #1902, #585 ) ;
#620 = CALENDAR_DATE ( 2017, 28, 2 ) ;
#621 = DATE_AND_TIME ( #616, #613 ) ;
#622 = CIRCLE ( 'NONE', #1613, 0.2000000000000002100 ) ;
#623 = DATE_AND_TIME ( #620, #604 ) ;
#624 = PERSON_AND_ORGANIZATION ( #1902, #585 ) ;
#625 = LOCAL_TIME ( 15, 1, 45.00000000000000000, #591 ) ;
#626 = PERSON_AND_ORGANIZATION ( #1902, #585 ) ;
#627 = COORDINATED_UNIVERSAL_TIME_OFFSET ( 1, 0, .AHEAD. ) ;
#628 = CIRCLE ( 'NONE', #1599, 2.950000000000001100 ) ;
#629 = APPROVAL_DATE_TIME ( #621, #1595 ) ;
#630 = CALENDAR_DATE ( 2017, 28, 2 ) ;
#631 = CIRCLE ( 'NONE', #1629, 0.2000000000000002100 ) ;
#632 = CIRCLE ( 'NONE', #1630, 3.342551765137723200 ) ;
#633 = VECTOR ( 'NONE', #2709, 1000.000000000000000 ) ;
#634 = VECTOR ( 'NONE', #2674, 1000.000000000000000 ) ;
#635 = FACE_OUTER_BOUND ( 'NONE', #2006, .T. ) ;
#636 = CYLINDRICAL_SURFACE ( 'NONE', #1819, 2.000000000000000000 ) ;
#637 = LINE ( 'NONE', #2698, #643 ) ;
#638 = VECTOR ( 'NONE', #2682, 1000.000000000000000 ) ;
#639 = LINE ( 'NONE', #2663, #638 ) ;
#640 = FACE_OUTER_BOUND ( 'NONE', #1947, .T. ) ;
#641 = FACE_OUTER_BOUND ( 'NONE', #2008, .T. ) ;
#642 = CIRCLE ( 'NONE', #1820, 3.842247178647272500 ) ;
#643 = VECTOR ( 'NONE', #2704, 1000.000000000000000 ) ;
#644 = CIRCLE ( 'NONE', #1825, 6.587911282369231200 ) ;
#645 = VECTOR ( 'NONE', #2639, 1000.000000000000000 ) ;
#646 = FACE_BOUND ( 'NONE', #2007, .T. ) ;
#647 = CIRCLE ( 'NONE', #1789, 4.500000000000000900 ) ;
#648 = FACE_OUTER_BOUND ( 'NONE', #2012, .T. ) ;
#649 = VECTOR ( 'NONE', #2630, 1000.000000000000100 ) ;
#650 = FACE_OUTER_BOUND ( 'NONE', #3146, .T. ) ;
#651 = CYLINDRICAL_SURFACE ( 'NONE', #1810, 0.2000000000000002300 ) ;
#652 = FACE_OUTER_BOUND ( 'NONE', #2028, .T. ) ;
#653 = TOROIDAL_SURFACE ( 'NONE', #1817, 3.036436979231521800, 0.2000000000000000100 ) ;
#654 = CIRCLE ( 'NONE', #1809, 0.5000000000000004400 ) ;
#655 = CIRCLE ( 'NONE', #1797, 0.5000000000000004400 ) ;
#656 = CYLINDRICAL_SURFACE ( 'NONE', #1723, 0.1999999999999996500 ) ;
#657 = TOROIDAL_SURFACE ( 'NONE', #1716, 3.342551765137725000, 0.5000000000000000000 ) ;
#658 = FACE_OUTER_BOUND ( 'NONE', #3134, .T. ) ;
#659 = FACE_OUTER_BOUND ( 'NONE', #3104, .T. ) ;
#660 = FACE_OUTER_BOUND ( 'NONE', #2017, .T. ) ;
#661 = FACE_OUTER_BOUND ( 'NONE', #1933, .T. ) ;
#662 = FACE_OUTER_BOUND ( 'NONE', #3133, .T. ) ;
#663 = FACE_OUTER_BOUND ( 'NONE', #2024, .T. ) ;
#664 = TOROIDAL_SURFACE ( 'NONE', #1738, 7.087606695878779600, 0.5000000000000000000 ) ;
#665 = FACE_OUTER_BOUND ( 'NONE', #2014, .T. ) ;
#666 = LINE ( 'NONE', #2618, #675 ) ;
#667 = CIRCLE ( 'NONE', #1822, 3.842247178647274300 ) ;
#668 = CIRCLE ( 'NONE', #1790, 0.5000000000000004400 ) ;
#669 = LINE ( 'NONE', #2656, #649 ) ;
#670 = CIRCLE ( 'NONE', #1788, 3.342551765137725000 ) ;
#671 = CIRCLE ( 'NONE', #1802, 0.5000000000000004400 ) ;
#672 = FACE_OUTER_BOUND ( 'NONE', #1975, .T. ) ;
#673 = LINE ( 'NONE', #2631, #645 ) ;
#674 = CIRCLE ( 'NONE', #1826, 2.950000000000001100 ) ;
#675 = VECTOR ( 'NONE', #2622, 1000.000000000000000 ) ;
#676 = FACE_OUTER_BOUND ( 'NONE', #2027, .T. ) ;
#677 = CYLINDRICAL_SURFACE ( 'NONE', #1814, 0.2000000000000005100 ) ;
#678 = FACE_OUTER_BOUND ( 'NONE', #1952, .T. ) ;
#679 = LINE ( 'NONE', #2670, #633 ) ;
#680 = CIRCLE ( 'NONE', #1791, 0.3000000000000016500 ) ;
#681 = CIRCLE ( 'NONE', #1794, 2.950000000000001100 ) ;
#682 = FACE_OUTER_BOUND ( 'NONE', #1990, .T. ) ;
#683 = CYLINDRICAL_SURFACE ( 'NONE', #1787, 0.1999999999999996500 ) ;
#684 = CIRCLE ( 'NONE', #1803, 2.999999999999999100 ) ;
#685 = CONICAL_SURFACE ( 'NONE', #1818, 4.500000000000000900, 0.1221730476396031000 ) ;
#686 = CYLINDRICAL_SURFACE ( 'NONE', #1815, 0.2000000000000002100 ) ;
#687 = LINE ( 'NONE', #2700, #634 ) ;
#688 = CONICAL_SURFACE ( 'NONE', #1761, 4.000000000000000000, 0.03490658503988663300 ) ;
#689 = CYLINDRICAL_SURFACE ( 'NONE', #1736, 2.000000000000000000 ) ;
#690 = CYLINDRICAL_SURFACE ( 'NONE', #1805, 0.2000000000000002100 ) ;
#691 = CIRCLE ( 'NONE', #1823, 7.087606695878779600 ) ;
#692 = VECTOR ( 'NONE', #2825, 1000.000000000000000 ) ;
#693 = VECTOR ( 'NONE', #2855, 1000.000000000000100 ) ;
#694 = CIRCLE ( 'NONE', #1801, 0.5000000000000004400 ) ;
#695 = VECTOR ( 'NONE', #2801, 1000.000000000000100 ) ;
#696 = CIRCLE ( 'NONE', #1821, 0.3000000000000000400 ) ;
#697 = LINE ( 'NONE', #2715, #708 ) ;
#698 = VECTOR ( 'NONE', #2810, 1000.000000000000000 ) ;
#699 = LINE ( 'NONE', #2777, #746 ) ;
#700 = CIRCLE ( 'NONE', #1785, 2.999999999999999100 ) ;
#701 = CIRCLE ( 'NONE', #1806, 2.950000000000001100 ) ;
#702 = LINE ( 'NONE', #2793, #698 ) ;
#703 = CIRCLE ( 'NONE', #1804, 6.500000000000000900 ) ;
#704 = LINE ( 'NONE', #2805, #695 ) ;
#705 = VECTOR ( 'NONE', #2853, 1000.000000000000000 ) ;
#706 = VECTOR ( 'NONE', #2831, 1000.000000000000000 ) ;
#707 = CIRCLE ( 'NONE', #1807, 2.950000000000001100 ) ;
#708 = VECTOR ( 'NONE', #2729, 1000.000000000000000 ) ;
#709 = CIRCLE ( 'NONE', #1798, 2.999999999999999100 ) ;
#710 = CIRCLE ( 'NONE', #1812, 3.989889384336392700 ) ;
#711 = VECTOR ( 'NONE', #2792, 1000.000000000000000 ) ;
#712 = CIRCLE ( 'NONE', #1783, 4.289706632442123400 ) ;
#713 = CIRCLE ( 'NONE', #1786, 3.842247178647274300 ) ;
#714 = VECTOR ( 'NONE', #2719, 1000.000000000000000 ) ;
#715 = CIRCLE ( 'NONE', #1811, 2.000000000000001800 ) ;
#716 = CIRCLE ( 'NONE', #1780, 2.999999999999999100 ) ;
#717 = CIRCLE ( 'NONE', #1816, 4.289706632442123400 ) ;
#718 = VECTOR ( 'NONE', #2842, 1000.000000000000000 ) ;
#719 = CIRCLE ( 'NONE', #1782, 4.289706632442123400 ) ;
#720 = VECTOR ( 'NONE', #2732, 1000.000000000000000 ) ;
#721 = LINE ( 'NONE', #2795, #722 ) ;
#722 = VECTOR ( 'NONE', #2807, 1000.000000000000000 ) ;
#723 = LINE ( 'NONE', #2832, #730 ) ;
#724 = CIRCLE ( 'NONE', #1827, 0.5000000000000000000 ) ;
#725 = LINE ( 'NONE', #2844, #705 ) ;
#726 = LINE ( 'NONE', #2823, #706 ) ;
#727 = CIRCLE ( 'NONE', #1784, 3.989889384336394100 ) ;
#728 = LINE ( 'NONE', #2819, #718 ) ;
#729 = CIRCLE ( 'NONE', #1793, 6.587911282369231200 ) ;
#730 = VECTOR ( 'NONE', #2845, 1000.000000000000000 ) ;
#731 = CIRCLE ( 'NONE', #1778, 6.587911282369231200 ) ;
#732 = VECTOR ( 'NONE', #2739, 1000.000000000000000 ) ;
#733 = LINE ( 'NONE', #2731, #732 ) ;
#734 = CIRCLE ( 'NONE', #1800, 6.500000000000000900 ) ;
#735 = LINE ( 'NONE', #2847, #692 ) ;
#736 = VECTOR ( 'NONE', #2821, 1000.000000000000100 ) ;
#737 = LINE ( 'NONE', #2818, #693 ) ;
#738 = VECTOR ( 'NONE', #2764, 1000.000000000000000 ) ;
#739 = CIRCLE ( 'NONE', #1795, 0.3000000000000000400 ) ;
#740 = LINE ( 'NONE', #2747, #714 ) ;
#741 = LINE ( 'NONE', #2721, #720 ) ;
#742 = CIRCLE ( 'NONE', #1796, 3.989889384336394100 ) ;
#743 = CIRCLE ( 'NONE', #1792, 2.000000000000001800 ) ;
#744 = LINE ( 'NONE', #2773, #738 ) ;
#745 = LINE ( 'NONE', #2838, #736 ) ;
#746 = VECTOR ( 'NONE', #2754, 1000.000000000000000 ) ;
#747 = CIRCLE ( 'NONE', #1824, 0.2999999999999999300 ) ;
#748 = LINE ( 'NONE', #2809, #711 ) ;
#749 = CIRCLE ( 'NONE', #1799, 4.500000000000000900 ) ;
#750 = CIRCLE ( 'NONE', #1857, 3.342551765137723200 ) ;
#751 = VECTOR ( 'NONE', #2893, 1000.000000000000100 ) ;
#752 = LINE ( 'NONE', #2871, #751 ) ;
#753 = ADVANCED_FACE ( 'NONE', ( #1642 ), #1694, .F. ) ;
#754 = ADVANCED_FACE ( 'NONE', ( #1706 ), #1697, .T. ) ;
#755 = ADVANCED_FACE ( 'NONE', ( #1643 ), #1700, .T. ) ;
#756 = ADVANCED_FACE ( 'NONE', ( #1707 ), #1708, .T. ) ;
#757 = ADVANCED_FACE ( 'NONE', ( #1696 ), #1055, .T. ) ;
#758 = ADVANCED_FACE ( 'NONE', ( #1698 ), #1704, .T. ) ;
#759 = ADVANCED_FACE ( 'NONE', ( #1705 ), #1080, .F. ) ;
#760 = ADVANCED_FACE ( 'NONE', ( #1701 ), #1703, .F. ) ;
#761 = ADVANCED_FACE ( 'NONE', ( #1709 ), #1710, .F. ) ;
#762 = ADVANCED_FACE ( 'NONE', ( #1691 ), #1717, .F. ) ;
#763 = ADVANCED_FACE ( 'NONE', ( #1693 ), #1702, .T. ) ;
#764 = ADVANCED_FACE ( 'NONE', ( #1712 ), #1096, .F. ) ;
#765 = ADVANCED_FACE ( 'NONE', ( #1695 ), #1699, .T. ) ;
#766 = ADVANCED_FACE ( 'NONE', ( #1713 ), #1743, .F. ) ;
#767 = ADVANCED_FACE ( 'NONE', ( #1692 ), #1098, .T. ) ;
#768 = ADVANCED_FACE ( 'NONE', ( #1747 ), #1714, .F. ) ;
#769 = ADVANCED_FACE ( 'NONE', ( #1711 ), #34, .T. ) ;
#770 = ADVANCED_FACE ( 'NONE', ( #1762 ), #1754, .T. ) ;
#771 = ADVANCED_FACE ( 'NONE', ( #1752 ), #38, .T. ) ;
#772 = ADVANCED_FACE ( 'NONE', ( #1760 ), #1756, .T. ) ;
#773 = ADVANCED_FACE ( 'NONE', ( #1731 ), #1727, .F. ) ;
#774 = ADVANCED_FACE ( 'NONE', ( #1758 ), #918, .T. ) ;
#775 = ADVANCED_FACE ( 'NONE', ( #1755 ), #923, .T. ) ;
#776 = ADVANCED_FACE ( 'NONE', ( #1757 ), #984, .T. ) ;
#777 = ADVANCED_FACE ( 'NONE', ( #1737 ), #1767, .T. ) ;
#778 = ADVANCED_FACE ( 'NONE', ( #1770 ), #983, .T. ) ;
#779 = ADVANCED_FACE ( 'NONE', ( #1740 ), #962, .T. ) ;
#780 = ADVANCED_FACE ( 'NONE', ( #1745, #1771, #1765, #1772, #1773, #1750 ), #967, .F. ) ;
#781 = ADVANCED_FACE ( 'NONE', ( #1749 ), #981, .F. ) ;
#782 = ADVANCED_FACE ( 'NONE', ( #1719 ), #1733, .T. ) ;
#783 = ADVANCED_FACE ( 'NONE', ( #1724 ), #1735, .T. ) ;
#784 = ADVANCED_FACE ( 'NONE', ( #1721 ), #1742, .T. ) ;
#785 = ADVANCED_FACE ( 'NONE', ( #1730 ), #971, .T. ) ;
#786 = ADVANCED_FACE ( 'NONE', ( #1734 ), #1739, .F. ) ;
#787 = ADVANCED_FACE ( 'NONE', ( #1774, #1781 ), #1003, .F. ) ;
#788 = ADVANCED_FACE ( 'NONE', ( #1732 ), #1868, .T. ) ;
#789 = ADVANCED_FACE ( 'NONE', ( #1863 ), #39, .T. ) ;
#790 = ADVANCED_FACE ( 'NONE', ( #1874 ), #1861, .F. ) ;
#791 = ADVANCED_FACE ( 'NONE', ( #1870 ), #1043, .F. ) ;
#792 = ADVANCED_FACE ( 'NONE', ( #1875 ), #1042, .T. ) ;
#793 = ADVANCED_FACE ( 'NONE', ( #1866 ), #1869, .F. ) ;
#794 = ADVANCED_FACE ( 'NONE', ( #1862 ), #1865, .F. ) ;
#795 = ADVANCED_FACE ( 'NONE', ( #1871 ), #1864, .T. ) ;
#796 = ADVANCED_FACE ( 'NONE', ( #1867 ), #35, .T. ) ;
#797 = ADVANCED_FACE ( 'NONE', ( #1877 ), #1876, .T. ) ;
#798 = ADVANCED_FACE ( 'NONE', ( #1878 ), #2147, .T. ) ;
#799 = ADVANCED_FACE ( 'NONE', ( #1879 ), #2136, .T. ) ;
#800 = ADVANCED_FACE ( 'NONE', ( #1872 ), #1881, .T. ) ;
#801 = ADVANCED_FACE ( 'NONE', ( #1886 ), #1888, .T. ) ;
#802 = ADVANCED_FACE ( 'NONE', ( #1883, #1880 ), #2221, .T. ) ;
#803 = ADVANCED_FACE ( 'NONE', ( #1884 ), #2231, .T. ) ;
#804 = ADVANCED_FACE ( 'NONE', ( #1885 ), #36, .T. ) ;
#805 = ADVANCED_FACE ( 'NONE', ( #1882 ), #1893, .F. ) ;
#806 = ADVANCED_FACE ( 'NONE', ( #1889 ), #1897, .T. ) ;
#807 = ADVANCED_FACE ( 'NONE', ( #1891 ), #1898, .T. ) ;
#808 = ADVANCED_FACE ( 'NONE', ( #1890 ), #1892, .T. ) ;
#809 = ADVANCED_FACE ( 'NONE', ( #1899 ), #1895, .T. ) ;
#810 = ADVANCED_FACE ( 'NONE', ( #1896 ), #1873, .T. ) ;
#811 = ADVANCED_FACE ( 'NONE', ( #1894 ), #1860, .F. ) ;
#812 = ADVANCED_FACE ( 'NONE', ( #1910 ), #1911, .T. ) ;
#813 = ADVANCED_FACE ( 'NONE', ( #1903 ), #1913, .T. ) ;
#814 = ADVANCED_FACE ( 'NONE', ( #1914 ), #47, .T. ) ;
#815 = ADVANCED_FACE ( 'NONE', ( #1906 ), #43, .T. ) ;
#816 = ADVANCED_FACE ( 'NONE', ( #1907 ), #40, .T. ) ;
#817 = ADVANCED_FACE ( 'NONE', ( #1904 ), #1908, .T. ) ;
#818 = ADVANCED_FACE ( 'NONE', ( #1909 ), #1924, .T. ) ;
#819 = ADVANCED_FACE ( 'NONE', ( #1920 ), #1916, .T. ) ;
#820 = ADVANCED_FACE ( 'NONE', ( #1919 ), #1918, .T. ) ;
#821 = ADVANCED_FACE ( 'NONE', ( #1923 ), #1927, .T. ) ;
#822 = ADVANCED_FACE ( 'NONE', ( #1925 ), #41, .T. ) ;
#823 = ADVANCED_FACE ( 'NONE', ( #1912 ), #1775, .T. ) ;
#824 = ADVANCED_FACE ( 'NONE', ( #1777 ), #42, .T. ) ;
#825 = ADVANCED_FACE ( 'NONE', ( #1887 ), #2429, .T. ) ;
#826 = ADVANCED_FACE ( 'NONE', ( #1922 ), #1926, .F. ) ;
#827 = ADVANCED_FACE ( 'NONE', ( #1917 ), #1900, .T. ) ;
#828 = ADVANCED_FACE ( 'NONE', ( #1905 ), #44, .T. ) ;
#829 = ADVANCED_FACE ( 'NONE', ( #1779 ), #688, .T. ) ;
#830 = ADVANCED_FACE ( 'NONE', ( #676 ), #2543, .T. ) ;
#831 = ADVANCED_FACE ( 'NONE', ( #661 ), #689, .T. ) ;
#832 = ADVANCED_FACE ( 'NONE', ( #635 ), #657, .T. ) ;
#833 = ADVANCED_FACE ( 'NONE', ( #682 ), #656, .T. ) ;
#834 = ADVANCED_FACE ( 'NONE', ( #640 ), #2556, .T. ) ;
#835 = ADVANCED_FACE ( 'NONE', ( #662 ), #45, .T. ) ;
#836 = ADVANCED_FACE ( 'NONE', ( #663 ), #664, .T. ) ;
#837 = ADVANCED_FACE ( 'NONE', ( #678 ), #690, .T. ) ;
#838 = ADVANCED_FACE ( 'NONE', ( #658 ), #683, .T. ) ;
#839 = ADVANCED_FACE ( 'NONE', ( #650, #646 ), #2584, .T. ) ;
#840 = ADVANCED_FACE ( 'NONE', ( #652 ), #2610, .T. ) ;
#841 = ADVANCED_FACE ( 'NONE', ( #665 ), #653, .T. ) ;
#842 = ADVANCED_FACE ( 'NONE', ( #648 ), #686, .T. ) ;
#843 = ADVANCED_FACE ( 'NONE', ( #672 ), #636, .T. ) ;
#844 = ADVANCED_FACE ( 'NONE', ( #641 ), #677, .T. ) ;
#845 = ADVANCED_FACE ( 'NONE', ( #660 ), #685, .T. ) ;
#846 = ADVANCED_FACE ( 'NONE', ( #659 ), #651, .T. ) ;
#847 = CARTESIAN_POINT ( 'NONE',  ( 13.62462875415905500, -20.42308055257798600, -5.087192962745531200 ) ) ;
#848 = CARTESIAN_POINT ( 'NONE',  ( 14.03094041753658600, -19.13604823446707600, -6.950260108214746600 ) ) ;
#849 = CARTESIAN_POINT ( 'NONE',  ( 14.03643697923032200, -18.88020087993315600, -7.000000000000000000 ) ) ;
#850 = CARTESIAN_POINT ( 'NONE',  ( 19.71455169419785500, -22.50000000000000400, 4.450806643237010400 ) ) ;
#851 = CARTESIAN_POINT ( 'NONE',  ( 13.95475747837994300, -20.19763156548729900, -6.260859832222958900 ) ) ;
#852 = CARTESIAN_POINT ( 'NONE',  ( 13.75624824805167100, -20.04028611533302900, -6.159147717681686500 ) ) ;
#853 = CARTESIAN_POINT ( 'NONE',  ( 13.87947658865519100, -20.55538508022232600, -5.579622448527875800 ) ) ;
#854 = CARTESIAN_POINT ( 'NONE',  ( 19.82068910207257400, -22.49999997849404900, 5.225403281027707800 ) ) ;
#855 = CARTESIAN_POINT ( 'NONE',  ( 14.03643697923151900, -18.62417706394361300, -7.000000000000000000 ) ) ;
#856 = CARTESIAN_POINT ( 'NONE',  ( 13.81123779620106300, -19.51207674677004900, -6.607001647728099100 ) ) ;
#857 = CARTESIAN_POINT ( 'NONE',  ( 13.74440263766311400, -20.33736487791746600, -6.062672963027892200 ) ) ;
#858 = CARTESIAN_POINT ( 'NONE',  ( 13.85141295462754800, -20.61402361239368000, -5.325666940136158300 ) ) ;
#859 = CARTESIAN_POINT ( 'NONE',  ( 19.70024824896966100, -22.12499999052432600, 4.547631228045951900 ) ) ;
#860 = CARTESIAN_POINT ( 'NONE',  ( 19.92396717710726500, -22.47678233890768200, 4.410464537655117900 ) ) ;
#861 = CARTESIAN_POINT ( 'NONE',  ( 20.08891212370227900, -22.45807721840635900, 5.125671873966409100 ) ) ;
#862 = CARTESIAN_POINT ( 'NONE',  ( 20.22102610270408700, -22.41382337734181000, 4.313173809283394000 ) ) ;
#863 = CARTESIAN_POINT ( 'NONE',  ( 19.89570269722677800, -22.10468453605172500, 4.509810506630963700 ) ) ;
#864 = CARTESIAN_POINT ( 'NONE',  ( 13.99405781832107300, -19.82935604423591500, -6.616499369131646300 ) ) ;
#865 = CARTESIAN_POINT ( 'NONE',  ( 13.65657338609215700, -20.61018288203349900, -5.347361111718748300 ) ) ;
#866 = CARTESIAN_POINT ( 'NONE',  ( 20.26148970327688700, -22.02746641515958000, 4.383197161733774800 ) ) ;
#867 = CARTESIAN_POINT ( 'NONE',  ( 20.49957880540857100, -22.33021704925069200, 4.193146256795238000 ) ) ;
#868 = CARTESIAN_POINT ( 'NONE',  ( 13.83792774890325500, -18.62417706394361300, -6.824373868681029800 ) ) ;
#869 = DIRECTION ( 'NONE',  ( 0.0000000000000000000, -1.000000000000000000, 0.0000000000000000000 ) ) ;
#870 = CARTESIAN_POINT ( 'NONE',  ( 13.68096735832681300, -20.36226427859450900, -5.546034072356292200 ) ) ;
#871 = CARTESIAN_POINT ( 'NONE',  ( 20.44571790803972500, -22.35894111227987600, 4.917039783108772400 ) ) ;
#872 = CARTESIAN_POINT ( 'NONE',  ( 20.43294021891623300, -21.97643992167678200, 4.306074614420449400 ) ) ;
#873 = CARTESIAN_POINT ( 'NONE',  ( 13.81326013067307600, -19.81928145099627500, -6.623472240260983100 ) ) ;
#874 = CARTESIAN_POINT ( 'NONE',  ( 13.85949192631873200, -18.87741363106992400, -6.999999999989306300 ) ) ;
#875 = CARTESIAN_POINT ( 'NONE',  ( 13.85349072375815600, -19.13111413577979600, -6.951124127350278800 ) ) ;
#876 = DIRECTION ( 'NONE',  ( 0.0000000000000000000, 0.0000000000000000000, -1.000000000000000000 ) ) ;
#877 = CARTESIAN_POINT ( 'NONE',  ( 13.65290372668476100, -20.41503895685998100, -5.317474134236342700 ) ) ;
#878 = CARTESIAN_POINT ( 'NONE',  ( 19.50000000000000400, -22.50000000000000400, 5.225403330758519300 ) ) ;
#879 = CARTESIAN_POINT ( 'NONE',  ( 20.17295769656048400, -22.04959546042033100, 4.418600444913536800 ) ) ;
#880 = CARTESIAN_POINT ( 'NONE',  ( 13.83042445435189700, -19.60168904977012600, -6.763264438502515600 ) ) ;
#881 = CARTESIAN_POINT ( 'NONE',  ( 13.82313798448731900, -20.62295871798180600, -5.069798993405002300 ) ) ;
#882 = CARTESIAN_POINT ( 'NONE',  ( -18.62417706394343900, 15.50000000000017400, -5.000000000000000000 ) ) ;
#883 = CARTESIAN_POINT ( 'NONE',  ( 14.00974702652928300, -19.61073226708379400, -6.758475310052403100 ) ) ;
#884 = CARTESIAN_POINT ( 'NONE',  ( 13.83792774890200400, -18.85459849833441100, -6.824373868670843300 ) ) ;
#885 = CARTESIAN_POINT ( 'NONE',  ( -16.00000000000000000, -16.00000000000016700, -0.3000000000000000400 ) ) ;
#886 = CARTESIAN_POINT ( 'NONE',  ( 13.62546947366847400, -20.62211220080532200, -5.094040073679033200 ) ) ;
#887 = DIRECTION ( 'NONE',  ( 0.0000000000000000000, -0.0000000000000000000, 1.000000000000000000 ) ) ;
#888 = CARTESIAN_POINT ( 'NONE',  ( 19.50000000000000400, -22.12500000000000400, 4.547631245172215800 ) ) ;
#889 = CARTESIAN_POINT ( 'NONE',  ( 20.31588182551262300, -22.38853304999086200, 4.275410304435935100 ) ) ;
#890 = CARTESIAN_POINT ( 'NONE',  ( 20.54620021806490700, -22.32405052087921500, 4.846374296837122000 ) ) ;
#891 = CARTESIAN_POINT ( 'NONE',  ( 13.79554858799281500, -19.70883814620659200, -6.479223300899516100 ) ) ;
#892 = CARTESIAN_POINT ( 'NONE',  ( 20.73100729687488600, -22.24877098661782100, 4.703902121648567000 ) ) ;
#893 = DIRECTION ( 'NONE',  ( 1.000000000000000000, 0.0000000000000000000, 0.0000000000000000000 ) ) ;
#894 = CARTESIAN_POINT ( 'NONE',  ( 13.77032238488492900, -20.18714279528511600, -6.273772363726897600 ) ) ;
#895 = CARTESIAN_POINT ( 'NONE',  ( 13.83243118720827700, -19.08486111741445900, -6.779607966074395100 ) ) ;
#896 = CARTESIAN_POINT ( 'NONE',  ( 19.50000000000000400, -22.50000000000000400, 4.450806661517030500 ) ) ;
#897 = DIRECTION ( 'NONE',  ( 1.000000000000000000, 0.0000000000000000000, 0.0000000000000000000 ) ) ;
#898 = DIRECTION ( 'NONE',  ( 0.0000000000000000000, -0.0000000000000000000, 1.000000000000000000 ) ) ;
#899 = DIRECTION ( 'NONE',  ( 0.0000000000000000000, 0.0000000000000000000, -1.000000000000000000 ) ) ;
#900 = CARTESIAN_POINT ( 'NONE',  ( 13.85949192632033100, -18.62417706394361300, -6.999999999999999100 ) ) ;
#901 = CARTESIAN_POINT ( 'NONE',  ( 13.93116047900085300, -20.34715087823530400, -6.047324123775323000 ) ) ;
#902 = CARTESIAN_POINT ( 'NONE',  ( 13.68758051516435600, -20.54935225540645800, -5.599893912622329500 ) ) ;
#903 = CARTESIAN_POINT ( 'NONE',  ( 13.73265124867270100, -20.17485349680608000, -5.966965580078644700 ) ) ;
#904 = CARTESIAN_POINT ( 'NONE',  ( 21.68819785231892900, -21.14625894089717300, 3.487060727016157100 ) ) ;
#905 = CARTESIAN_POINT ( 'NONE',  ( 21.81201872018342800, -21.42399079036974600, 3.685617013611812300 ) ) ;
#906 = CARTESIAN_POINT ( 'NONE',  ( 21.84449769735736500, -21.38143879011763500, 3.319531439562286600 ) ) ;
#907 = CARTESIAN_POINT ( 'NONE',  ( 20.51584403016441300, -21.94753196312111500, 4.264333895752433700 ) ) ;
#908 = CARTESIAN_POINT ( 'NONE',  ( 22.50000000000000400, -19.70957569152517100, 2.800000000747471700 ) ) ;
#909 = CARTESIAN_POINT ( 'NONE',  ( 22.11338433423723200, -20.98653535647760300, 3.385828753542051900 ) ) ;
#910 = CARTESIAN_POINT ( 'NONE',  ( 21.32451333831989300, -21.49777287856726800, 3.757259574945826400 ) ) ;
#911 = CARTESIAN_POINT ( 'NONE',  ( 22.34416553063655900, -20.47393869519707700, 3.155616642843175300 ) ) ;
#912 = CARTESIAN_POINT ( 'NONE',  ( 22.47711367335713800, -19.92502639215296900, 2.818737873610289900 ) ) ;
#913 = CARTESIAN_POINT ( 'NONE',  ( 22.50000000000000400, -19.50000000000000400, 2.799999999999994900 ) ) ;
#914 = CARTESIAN_POINT ( 'NONE',  ( 22.30000000000000400, -19.50000000000000400, 2.999999999999994700 ) ) ;
#915 = CARTESIAN_POINT ( 'NONE',  ( 20.84788588537494600, -22.18673586719749500, 4.008702722013487700 ) ) ;
#916 = DIRECTION ( 'NONE',  ( 0.0000000000000000000, 0.0000000000000000000, -1.000000000000000000 ) ) ;
#917 = DIRECTION ( 'NONE',  ( 1.000000000000000000, 0.0000000000000000000, 0.0000000000000000000 ) ) ;
#918 = PLANE ( 'NONE',  #1359 ) ;
#919 = CARTESIAN_POINT ( 'NONE',  ( 21.01033730632488500, -22.09845321901211400, 3.907840184861244300 ) ) ;
#920 = CARTESIAN_POINT ( 'NONE',  ( 20.90964815230506300, -21.77364656409189400, 4.038600175348352500 ) ) ;
#921 = CARTESIAN_POINT ( 'NONE',  ( -16.00000000000000000, -16.00000000000016700, 0.0000000000000000000 ) ) ;
#922 = DIRECTION ( 'NONE',  ( 1.000000000000000000, -0.0000000000000000000, -0.0000000000000000000 ) ) ;
#923 = PLANE ( 'NONE',  #1318 ) ;
#924 = CARTESIAN_POINT ( 'NONE',  ( 20.75802682687905000, -21.85089388850662200, 4.133158799277299300 ) ) ;
#925 = CARTESIAN_POINT ( 'NONE',  ( 22.06417157546405900, -21.06891857833841900, 3.149695389706324000 ) ) ;
#926 = CARTESIAN_POINT ( 'NONE',  ( 20.58840431831674400, -22.29717938911488100, 4.148622820743744600 ) ) ;
#927 = CARTESIAN_POINT ( 'NONE',  ( -16.00000000000000000, -16.00000000000016700, -4.500000000000000900 ) ) ;
#928 = CARTESIAN_POINT ( 'NONE',  ( 22.32534177733182900, -20.52876889951873800, 2.941874792374809200 ) ) ;
#929 = DIRECTION ( 'NONE',  ( 0.0000000000000000000, 0.0000000000000000000, -1.000000000000000000 ) ) ;
#930 = CARTESIAN_POINT ( 'NONE',  ( 22.29999999914661800, -19.68337873013457800, 2.999999999999994700 ) ) ;
#931 = DIRECTION ( 'NONE',  ( 1.000000000000000000, -0.0000000000000000000, 0.0000000000000000000 ) ) ;
#932 = CARTESIAN_POINT ( 'NONE',  ( 22.20031618497598600, -20.82429176708607700, 3.299139763775597300 ) ) ;
#933 = CARTESIAN_POINT ( 'NONE',  ( 21.19230307757061000, -21.59734587616901200, 3.851116977062916100 ) ) ;
#934 = CARTESIAN_POINT ( 'NONE',  ( 21.89322680231439800, -20.87280375650187000, 3.327839425423164200 ) ) ;
#935 = CARTESIAN_POINT ( 'NONE',  ( 20.81564719465654900, -22.20907099697290800, 4.632704956806136000 ) ) ;
#936 = CARTESIAN_POINT ( 'NONE',  ( 22.38919260366237700, -20.33451743963754400, 2.890155292200307500 ) ) ;
#937 = CARTESIAN_POINT ( 'NONE',  ( 22.50000000000000400, -19.50000000000000400, 2.999999999999994700 ) ) ;
#938 = CARTESIAN_POINT ( 'NONE',  ( 21.04730346681382300, -22.08646112386305300, 4.429029976258503300 ) ) ;
#939 = CARTESIAN_POINT ( 'NONE',  ( 21.72061536246173200, -21.52561368540607500, 3.413572659529890100 ) ) ;
#940 = CARTESIAN_POINT ( 'NONE',  ( 22.16165287213313900, -20.89875859090086200, 3.072589451221006100 ) ) ;
#941 = CARTESIAN_POINT ( 'NONE',  ( 22.13698565827146300, -20.40017278736939200, 3.133007616457680100 ) ) ;
#942 = CARTESIAN_POINT ( 'NONE',  ( 21.57257433689637300, -21.27241197558541300, 3.575224365572657000 ) ) ;
#943 = CARTESIAN_POINT ( 'NONE',  ( 22.40170915117092700, -20.28880843637603000, 3.098159776521369300 ) ) ;
#944 = DIRECTION ( 'NONE',  ( 0.0000000000000000000, 0.0000000000000000000, -1.000000000000000000 ) ) ;
#945 = CARTESIAN_POINT ( 'NONE',  ( 21.98420934789584200, -20.72391376674775300, 3.255552611913395700 ) ) ;
#946 = CARTESIAN_POINT ( 'NONE',  ( 21.19180745463034700, -21.99364427535312000, 4.291907112817277400 ) ) ;
#947 = CARTESIAN_POINT ( 'NONE',  ( 21.31318186854190700, -21.89696671271463700, 3.707858111044108500 ) ) ;
#948 = CARTESIAN_POINT ( 'NONE',  ( 21.92145254582258600, -21.28527638818652100, 3.576866829887070500 ) ) ;
#949 = DIRECTION ( 'NONE',  ( -1.000000000000000000, 0.0000000000000000000, 0.0000000000000000000 ) ) ;
#950 = CARTESIAN_POINT ( 'NONE',  ( 22.47927076080747400, -19.90271717008433300, 3.020706925946282400 ) ) ;
#951 = CARTESIAN_POINT ( 'NONE',  ( 21.45483571812711800, -21.78316900505413400, 3.607743543689825700 ) ) ;
#952 = CARTESIAN_POINT ( 'NONE',  ( 21.58097830216868500, -21.67532674313396200, 3.913969089804310500 ) ) ;
#953 = CARTESIAN_POINT ( 'NONE',  ( 22.19657976672630200, -20.23020275975032000, 3.084520589638009000 ) ) ;
#954 = CARTESIAN_POINT ( 'NONE',  ( 22.27863942515857700, -19.87189809306637400, 3.017566753309425500 ) ) ;
#955 = CARTESIAN_POINT ( 'NONE',  ( 22.49999999919286300, -19.69732728620100600, 3.000000000805019200 ) ) ;
#956 = CARTESIAN_POINT ( 'NONE',  ( 21.45677683327859600, -21.78736991212041500, 4.036104782731389800 ) ) ;
#957 = CARTESIAN_POINT ( 'NONE',  ( -22.49999999999999600, -19.50000000000000400, 5.999999999999993800 ) ) ;
#958 = CARTESIAN_POINT ( 'NONE',  ( 20.79999999999982300, -15.50000000000017400, 0.0000000000000000000 ) ) ;
#959 = CARTESIAN_POINT ( 'NONE',  ( -14.46356302076847900, 20.79999999999999700, -6.800000000000000700 ) ) ;
#960 = CARTESIAN_POINT ( 'NONE',  ( 15.50000000000000000, -20.79999999999999700, 0.0000000000000000000 ) ) ;
#961 = CARTESIAN_POINT ( 'NONE',  ( -17.49999999999999600, 14.03643697923169500, -6.800000000000000700 ) ) ;
#962 = PLANE ( 'NONE',  #1329 ) ;
#963 = DIRECTION ( 'NONE',  ( -0.1218693434051475200, 0.0000000000000000000, 0.9925461516413220900 ) ) ;
#964 = DIRECTION ( 'NONE',  ( 0.0000000000000000000, 0.0000000000000000000, -1.000000000000000000 ) ) ;
#965 = CARTESIAN_POINT ( 'NONE',  ( 17.50000000000000000, -14.46356302076865300, -6.800000000000000700 ) ) ;
#966 = DIRECTION ( 'NONE',  ( 1.000000000000000000, 5.256737805990611000E-016, 0.0000000000000000000 ) ) ;
#967 = PLANE ( 'NONE',  #1327 ) ;
#968 = CARTESIAN_POINT ( 'NONE',  ( -22.49999999999999600, -22.50000000000001100, 6.000000000000000000 ) ) ;
#969 = DIRECTION ( 'NONE',  ( 0.0000000000000000000, 1.000000000000000000, 0.0000000000000000000 ) ) ;
#970 = CARTESIAN_POINT ( 'NONE',  ( 13.00000000000000000, -20.79999999999999700, 0.0000000000000000000 ) ) ;
#971 = PLANE ( 'NONE',  #1341 ) ;
#972 = DIRECTION ( 'NONE',  ( 0.9925461516413220900, 0.0000000000000000000, -0.1218693434051475200 ) ) ;
#973 = DIRECTION ( 'NONE',  ( -0.03463967445540915700, 0.1217962055169507200, 0.9919504913428371900 ) ) ;
#974 = DIRECTION ( 'NONE',  ( -0.9925461516413220900, 0.0000000000000000000, -0.1218693434051475200 ) ) ;
#975 = CARTESIAN_POINT ( 'NONE',  ( -13.00000000000000000, 20.79999999999999700, 0.0000000000000000000 ) ) ;
#976 = DIRECTION ( 'NONE',  ( 0.9993908270190957600, 0.0000000000000000000, -0.03489949670250101100 ) ) ;
#977 = DIRECTION ( 'NONE',  ( -0.1218693434051475200, 0.0000000000000000000, -0.9925461516413220900 ) ) ;
#978 = CARTESIAN_POINT ( 'NONE',  ( -20.59700865851943900, 15.28840885218159700, -0.08216979930225847000 ) ) ;
#979 = DIRECTION ( 'NONE',  ( 0.0000000000000000000, 0.0000000000000000000, -1.000000000000000000 ) ) ;
#980 = DIRECTION ( 'NONE',  ( 0.0000000000000000000, -0.9925461516413220900, 0.1218693434051473800 ) ) ;
#981 = PLANE ( 'NONE',  #1336 ) ;
#982 = DIRECTION ( 'NONE',  ( 1.000000000000000000, 0.0000000000000000000, -0.0000000000000000000 ) ) ;
#983 = PLANE ( 'NONE',  #1323 ) ;
#984 = PLANE ( 'NONE',  #1317 ) ;
#985 = DIRECTION ( 'NONE',  ( 0.9925461516413220900, 0.0000000000000000000, -0.1218693434051475200 ) ) ;
#986 = DIRECTION ( 'NONE',  ( -1.000000000000000000, 0.0000000000000000000, -0.0000000000000000000 ) ) ;
#987 = CARTESIAN_POINT ( 'NONE',  ( 0.0000000000000000000, 0.0000000000000000000, 0.0000000000000000000 ) ) ;
#988 = DIRECTION ( 'NONE',  ( 1.000000000000000000, 0.0000000000000000000, 0.0000000000000000000 ) ) ;
#989 = DIRECTION ( 'NONE',  ( -0.03489949670250100400, 0.0000000000000000000, -0.9993908270190956500 ) ) ;
#990 = DIRECTION ( 'NONE',  ( 0.0000000000000000000, 0.0000000000000000000, -1.000000000000000000 ) ) ;
#991 = DIRECTION ( 'NONE',  ( 0.0000000000000000000, -1.000000000000000000, 0.0000000000000000000 ) ) ;
#992 = CARTESIAN_POINT ( 'NONE',  ( 16.00000000000000000, 16.00000000000016700, 0.0000000000000000000 ) ) ;
#993 = DIRECTION ( 'NONE',  ( -1.000000000000000000, -5.256737805990611000E-016, 0.0000000000000000000 ) ) ;
#994 = DIRECTION ( 'NONE',  ( 0.0000000000000000000, -0.0000000000000000000, 1.000000000000000000 ) ) ;
#995 = DIRECTION ( 'NONE',  ( 0.0000000000000000000, -1.000000000000000000, 0.0000000000000000000 ) ) ;
#996 = DIRECTION ( 'NONE',  ( 0.0000000000000000000, 0.0000000000000000000, -1.000000000000000000 ) ) ;
#997 = DIRECTION ( 'NONE',  ( 0.0000000000000000000, 1.334402673828313600E-016, -1.000000000000000000 ) ) ;
#998 = CARTESIAN_POINT ( 'NONE',  ( -14.03094041753658600, 19.13604823446707600, -6.950260108214746600 ) ) ;
#999 = CARTESIAN_POINT ( 'NONE',  ( -13.87947658865519100, 20.55538508022232600, -5.579622448527875800 ) ) ;
#1000 = CARTESIAN_POINT ( 'NONE',  ( -14.03643697923151900, 18.62417706394361300, -7.000000000000000000 ) ) ;
#1001 = CARTESIAN_POINT ( 'NONE',  ( 16.00000000000000000, 16.00000000000016700, 0.0000000000000000000 ) ) ;
#1002 = CARTESIAN_POINT ( 'NONE',  ( -22.49999999999999600, 19.49999999999999600, 3.000000000000000000 ) ) ;
#1003 = PLANE ( 'NONE',  #1344 ) ;
#1004 = CARTESIAN_POINT ( 'NONE',  ( -16.00000000000000000, -16.00000000000016700, -4.500000000000000900 ) ) ;
#1005 = DIRECTION ( 'NONE',  ( -0.1218693434051475200, 0.0000000000000000000, -0.9925461516413220900 ) ) ;
#1006 = CARTESIAN_POINT ( 'NONE',  ( -13.83243118720827700, 19.08486111741445900, -6.779607966074395100 ) ) ;
#1007 = CARTESIAN_POINT ( 'NONE',  ( -13.81123779620106300, 19.51207674677004900, -6.607001647728099100 ) ) ;
#1008 = CARTESIAN_POINT ( 'NONE',  ( -13.83792774890325500, 18.62417706394361300, -6.824373868681029800 ) ) ;
#1009 = DIRECTION ( 'NONE',  ( -0.0000000000000000000, -0.0000000000000000000, -1.000000000000000000 ) ) ;
#1010 = CARTESIAN_POINT ( 'NONE',  ( -14.00974702652928300, 19.61073226708379400, -6.758475310052403100 ) ) ;
#1011 = CARTESIAN_POINT ( 'NONE',  ( -13.83042445435189700, 19.60168904977012600, -6.763264438502515600 ) ) ;
#1012 = CARTESIAN_POINT ( 'NONE',  ( -13.83792774890200400, 18.85459849833441100, -6.824373868670843300 ) ) ;
#1013 = CARTESIAN_POINT ( 'NONE',  ( -13.99405781832107300, 19.82935604423591500, -6.616499369131646300 ) ) ;
#1014 = CARTESIAN_POINT ( 'NONE',  ( -13.79554858799281500, 19.70883814620659200, -6.479223300899516100 ) ) ;
#1015 = CARTESIAN_POINT ( 'NONE',  ( -13.85141295462754800, 20.61402361239368000, -5.325666940136158300 ) ) ;
#1016 = CARTESIAN_POINT ( 'NONE',  ( -13.77032238488492900, 20.18714279528511600, -6.273772363726897600 ) ) ;
#1017 = DIRECTION ( 'NONE',  ( -1.000000000000000000, 0.0000000000000000000, 0.0000000000000000000 ) ) ;
#1018 = CARTESIAN_POINT ( 'NONE',  ( -13.65657338609215700, 20.61018288203349900, -5.347361111718748300 ) ) ;
#1019 = CARTESIAN_POINT ( 'NONE',  ( -13.65290372668476100, 20.41503895685998100, -5.317474134236342700 ) ) ;
#1020 = CARTESIAN_POINT ( 'NONE',  ( -13.75624824805167100, 20.04028611533302900, -6.159147717681686500 ) ) ;
#1021 = CARTESIAN_POINT ( 'NONE',  ( -13.62546947366847400, 20.62211220080532200, -5.094040073679033200 ) ) ;
#1022 = DIRECTION ( 'NONE',  ( -1.000000000000000000, 0.0000000000000000000, 0.0000000000000000000 ) ) ;
#1023 = CARTESIAN_POINT ( 'NONE',  ( 16.00000000000000000, 16.00000000000016700, 0.0000000000000000000 ) ) ;
#1024 = CARTESIAN_POINT ( 'NONE',  ( -13.85949192632033100, 18.62417706394361300, -6.999999999999999100 ) ) ;
#1025 = CARTESIAN_POINT ( 'NONE',  ( -14.03643697923032200, 18.88020087993315600, -7.000000000000000000 ) ) ;
#1026 = CARTESIAN_POINT ( 'NONE',  ( -13.85349072375815600, 19.13111413577979600, -6.951124127350278800 ) ) ;
#1027 = CARTESIAN_POINT ( 'NONE',  ( -13.68758051516435600, 20.54935225540645800, -5.599893912622329500 ) ) ;
#1028 = DIRECTION ( 'NONE',  ( -0.0000000000000000000, -0.0000000000000000000, -1.000000000000000000 ) ) ;
#1029 = DIRECTION ( 'NONE',  ( -1.000000000000000000, 0.0000000000000000000, 0.0000000000000000000 ) ) ;
#1030 = CARTESIAN_POINT ( 'NONE',  ( -13.81326013067307600, 19.81928145099627500, -6.623472240260983100 ) ) ;
#1031 = CARTESIAN_POINT ( 'NONE',  ( -13.93116047900085300, 20.34715087823530400, -6.047324123775323000 ) ) ;
#1032 = CARTESIAN_POINT ( 'NONE',  ( -19.49999999999999300, -19.50000000000001100, 6.000000000000000000 ) ) ;
#1033 = CARTESIAN_POINT ( 'NONE',  ( -13.85949192631873200, 18.87741363106992400, -6.999999999989306300 ) ) ;
#1034 = DIRECTION ( 'NONE',  ( 0.0000000000000000000, 1.000000000000000000, 1.334402673828313600E-016 ) ) ;
#1035 = CARTESIAN_POINT ( 'NONE',  ( -13.95475747837994300, 20.19763156548729900, -6.260859832222958900 ) ) ;
#1036 = CARTESIAN_POINT ( 'NONE',  ( -13.82313798448731900, 20.62295871798180600, -5.069798993405002300 ) ) ;
#1037 = CARTESIAN_POINT ( 'NONE',  ( -13.73265124867270100, 20.17485349680608000, -5.966965580078644700 ) ) ;
#1038 = CARTESIAN_POINT ( 'NONE',  ( -13.74440263766311400, 20.33736487791746600, -6.062672963027892200 ) ) ;
#1039 = CARTESIAN_POINT ( 'NONE',  ( -13.68096735832681300, 20.36226427859450900, -5.546034072356292200 ) ) ;
#1040 = CARTESIAN_POINT ( 'NONE',  ( -13.62462875415905500, 20.42308055257798600, -5.087192962745531200 ) ) ;
#1041 = DIRECTION ( 'NONE',  ( 0.0000000000000000000, 0.0000000000000000000, -1.000000000000000000 ) ) ;
#1042 = PLANE ( 'NONE',  #1103 ) ;
#1043 = PLANE ( 'NONE',  #1105 ) ;
#1044 = CARTESIAN_POINT ( 'NONE',  ( -15.50000000000000000, 20.79999999999999700, 0.0000000000000000000 ) ) ;
#1045 = CARTESIAN_POINT ( 'NONE',  ( 22.50000000000000400, -22.50000000000000400, 6.000000000000000000 ) ) ;
#1046 = DIRECTION ( 'NONE',  ( -1.541976423090495400E-016, 1.000000000000000000, 0.0000000000000000000 ) ) ;
#1047 = DIRECTION ( 'NONE',  ( -1.000000000000000000, -1.541976423090495400E-016, 0.0000000000000000000 ) ) ;
#1048 = DIRECTION ( 'NONE',  ( -0.1218693434051475200, 0.0000000000000000000, 0.9925461516413220900 ) ) ;
#1049 = DIRECTION ( 'NONE',  ( -1.000000000000000000, 0.0000000000000000000, 0.0000000000000000000 ) ) ;
#1050 = DIRECTION ( 'NONE',  ( -0.9925461516413220900, 0.0000000000000000000, -0.1218693434051475200 ) ) ;
#1051 = CARTESIAN_POINT ( 'NONE',  ( -16.00000000000000000, -16.00000000000016700, 0.0000000000000000000 ) ) ;
#1052 = DIRECTION ( 'NONE',  ( -0.0000000000000000000, -0.0000000000000000000, -1.000000000000000000 ) ) ;
#1053 = DIRECTION ( 'NONE',  ( -1.000000000000000000, 0.0000000000000000000, 0.0000000000000000000 ) ) ;
#1054 = CARTESIAN_POINT ( 'NONE',  ( 19.50000000000000400, -19.50000000000000400, 6.000000000000000000 ) ) ;
#1055 = PLANE ( 'NONE',  #1346 ) ;
#1056 = CARTESIAN_POINT ( 'NONE',  ( 0.0000000000000000000, 3.302709063432736600E-017, 2.499999999999996400 ) ) ;
#1057 = DIRECTION ( 'NONE',  ( 0.0000000000000000000, 0.1218693434051475200, -0.9925461516413220900 ) ) ;
#1058 = CARTESIAN_POINT ( 'NONE',  ( -17.50000000000000000, 13.00000000000017400, 0.0000000000000000000 ) ) ;
#1059 = CARTESIAN_POINT ( 'NONE',  ( -19.49999999999999600, 19.49999999999999300, 6.000000000000000000 ) ) ;
#1060 = DIRECTION ( 'NONE',  ( 5.217554879523427500E-016, -0.9925461516413220900, -0.1218693434051475200 ) ) ;
#1061 = DIRECTION ( 'NONE',  ( 0.0000000000000000000, 1.334402673828313600E-016, -1.000000000000000000 ) ) ;
#1062 = CARTESIAN_POINT ( 'NONE',  ( -16.00000000000000000, -16.00000000000016700, 0.0000000000000000000 ) ) ;
#1063 = DIRECTION ( 'NONE',  ( -1.000000000000000000, 0.0000000000000000000, 0.0000000000000000000 ) ) ;
#1064 = CARTESIAN_POINT ( 'NONE',  ( 16.00000000000000000, 16.00000000000016700, 0.0000000000000000000 ) ) ;
#1065 = DIRECTION ( 'NONE',  ( -0.0000000000000000000, -0.0000000000000000000, 1.000000000000000000 ) ) ;
#1066 = DIRECTION ( 'NONE',  ( -1.000000000000000000, 0.0000000000000000000, 0.0000000000000000000 ) ) ;
#1067 = DIRECTION ( 'NONE',  ( -0.0000000000000000000, -0.0000000000000000000, -1.000000000000000000 ) ) ;
#1068 = DIRECTION ( 'NONE',  ( 0.0000000000000000000, 0.0000000000000000000, -1.000000000000000000 ) ) ;
#1069 = DIRECTION ( 'NONE',  ( -1.000000000000000000, 0.0000000000000000000, 0.0000000000000000000 ) ) ;
#1070 = DIRECTION ( 'NONE',  ( 0.0000000000000000000, 0.0000000000000000000, -1.000000000000000000 ) ) ;
#1071 = DIRECTION ( 'NONE',  ( -1.000000000000000000, 0.0000000000000000000, 0.0000000000000000000 ) ) ;
#1072 = CARTESIAN_POINT ( 'NONE',  ( 16.00000000000000000, 16.00000000000016700, -0.3000000000000000400 ) ) ;
#1073 = DIRECTION ( 'NONE',  ( 0.0000000000000000000, 1.000000000000000000, 1.334402673828313600E-016 ) ) ;
#1074 = DIRECTION ( 'NONE',  ( -1.000000000000000000, 0.0000000000000000000, 0.0000000000000000000 ) ) ;
#1075 = CARTESIAN_POINT ( 'NONE',  ( 22.50000000000000400, 22.49999999999999600, 6.000000000000000000 ) ) ;
#1076 = CARTESIAN_POINT ( 'NONE',  ( 0.0000000000000000000, 0.0000000000000000000, 0.0000000000000000000 ) ) ;
#1077 = DIRECTION ( 'NONE',  ( 1.000000000000000000, 0.0000000000000000000, 0.0000000000000000000 ) ) ;
#1078 = DIRECTION ( 'NONE',  ( 0.0000000000000000000, 0.0000000000000000000, -1.000000000000000000 ) ) ;
#1079 = CARTESIAN_POINT ( 'NONE',  ( 17.50000000000000000, -17.50000000000017400, -7.000000000000000000 ) ) ;
#1080 = PLANE ( 'NONE',  #1357 ) ;
#1081 = DIRECTION ( 'NONE',  ( 0.0000000000000000000, 0.0000000000000000000, 1.000000000000000000 ) ) ;
#1082 = CARTESIAN_POINT ( 'NONE',  ( 16.00000000000000000, 16.00000000000016700, -0.3000000000000000400 ) ) ;
#1083 = CARTESIAN_POINT ( 'NONE',  ( 0.0000000000000000000, 0.0000000000000000000, 0.0000000000000000000 ) ) ;
#1084 = CARTESIAN_POINT ( 'NONE',  ( 16.00000000000000000, 16.00000000000016700, -4.500000000000000900 ) ) ;
#1085 = DIRECTION ( 'NONE',  ( 1.000000000000000000, 1.541976423090495400E-016, 0.0000000000000000000 ) ) ;
#1086 = CARTESIAN_POINT ( 'NONE',  ( 22.30000000000000400, 19.49999999999999600, 2.799999999999999800 ) ) ;
#1087 = DIRECTION ( 'NONE',  ( -1.000000000000000000, 0.0000000000000000000, 0.0000000000000000000 ) ) ;
#1088 = DIRECTION ( 'NONE',  ( -1.000000000000000000, 0.0000000000000000000, 0.0000000000000000000 ) ) ;
#1089 = CARTESIAN_POINT ( 'NONE',  ( -17.50000000000000000, 17.50000000000017400, 0.0000000000000000000 ) ) ;
#1090 = DIRECTION ( 'NONE',  ( 0.0000000000000000000, -0.0000000000000000000, 1.000000000000000000 ) ) ;
#1091 = CARTESIAN_POINT ( 'NONE',  ( 22.50000000000000400, -22.50000000000000400, 6.000000000000000000 ) ) ;
#1092 = DIRECTION ( 'NONE',  ( -1.000000000000000000, 0.0000000000000000000, 0.0000000000000000000 ) ) ;
#1093 = DIRECTION ( 'NONE',  ( 1.541976423090495400E-016, -1.000000000000000000, 0.0000000000000000000 ) ) ;
#1094 = DIRECTION ( 'NONE',  ( 0.0000000000000000000, 0.0000000000000000000, 1.000000000000000000 ) ) ;
#1095 = DIRECTION ( 'NONE',  ( -0.0000000000000000000, 0.0000000000000000000, -1.000000000000000000 ) ) ;
#1096 = PLANE ( 'NONE',  #1332 ) ;
#1097 = DIRECTION ( 'NONE',  ( -1.000000000000000000, 0.0000000000000000000, 0.0000000000000000000 ) ) ;
#1098 = PLANE ( 'NONE',  #1320 ) ;
#1099 = DIRECTION ( 'NONE',  ( 0.0000000000000000000, 1.000000000000000000, 1.334402673828313600E-016 ) ) ;
#1100 = DIRECTION ( 'NONE',  ( 0.0000000000000000000, 0.0000000000000000000, 1.000000000000000000 ) ) ;
#1101 = DIRECTION ( 'NONE',  ( 0.0000000000000000000, 0.0000000000000000000, 1.000000000000000000 ) ) ;
#1102 = AXIS2_PLACEMENT_3D ( 'NONE', #1001, #1028, #1029 ) ;
#1103 = AXIS2_PLACEMENT_3D ( 'NONE', #1044, #1050, #1048 ) ;
#1104 = AXIS2_PLACEMENT_3D ( 'NONE', #885, #887, #917 ) ;
#1105 = AXIS2_PLACEMENT_3D ( 'NONE', #1045, #1046, #1047 ) ;
#1106 = AXIS2_PLACEMENT_3D ( 'NONE', #2199, #2222, #2229 ) ;
#1107 = AXIS2_PLACEMENT_3D ( 'NONE', #1051, #1052, #1053 ) ;
#1108 = AXIS2_PLACEMENT_3D ( 'NONE', #2148, #2162, #2164 ) ;
#1109 = AXIS2_PLACEMENT_3D ( 'NONE', #2160, #2142, #2177 ) ;
#1110 = AXIS2_PLACEMENT_3D ( 'NONE', #2125, #2170, #2135 ) ;
#1111 = AXIS2_PLACEMENT_3D ( 'NONE', #2217, #2235, #2236 ) ;
#1112 = AXIS2_PLACEMENT_3D ( 'NONE', #2218, #2202, #2211 ) ;
#1113 = AXIS2_PLACEMENT_3D ( 'NONE', #1032, #1041, #1049 ) ;
#1114 = EDGE_CURVE ( 'NONE', #1372, #1383, #642, .T. ) ;
#1115 = EDGE_CURVE ( 'NONE', #1540, #1543, #667, .T. ) ;
#1116 = EDGE_CURVE ( 'NONE', #1540, #1541, #654, .T. ) ;
#1117 = EDGE_CURVE ( 'NONE', #1388, #1409, #666, .T. ) ;
#1118 = EDGE_CURVE ( 'NONE', #1390, #1362, #647, .T. ) ;
#1119 = EDGE_CURVE ( 'NONE', #1424, #1391, #46, .T. ) ;
#1120 = EDGE_CURVE ( 'NONE', #1380, #1395, #674, .T. ) ;
#1121 = EDGE_CURVE ( 'NONE', #1372, #1461, #668, .T. ) ;
#1122 = EDGE_CURVE ( 'NONE', #1543, #1414, #669, .T. ) ;
#1123 = EDGE_CURVE ( 'NONE', #1396, #1541, #670, .T. ) ;
#1124 = EDGE_CURVE ( 'NONE', #1543, #1396, #671, .T. ) ;
#1125 = EDGE_CURVE ( 'NONE', #1368, #1384, #681, .T. ) ;
#1126 = EDGE_CURVE ( 'NONE', #1402, #1376, #684, .T. ) ;
#1127 = EDGE_CURVE ( 'NONE', #1362, #1423, #673, .T. ) ;
#1128 = EDGE_CURVE ( 'NONE', #1383, #1394, #655, .T. ) ;
#1129 = EDGE_CURVE ( 'NONE', #1442, #1398, #1, .T. ) ;
#1130 = EDGE_CURVE ( 'NONE', #1407, #1373, #691, .T. ) ;
#1131 = EDGE_CURVE ( 'NONE', #1401, #1399, #637, .T. ) ;
#1132 = EDGE_CURVE ( 'NONE', #1424, #1390, #639, .T. ) ;
#1133 = EDGE_CURVE ( 'NONE', #1397, #1405, #644, .T. ) ;
#1134 = EDGE_CURVE ( 'NONE', #1398, #1393, #679, .T. ) ;
#1135 = EDGE_CURVE ( 'NONE', #1367, #1379, #687, .T. ) ;
#1136 = EDGE_CURVE ( 'NONE', #1519, #1363, #2, .T. ) ;
#1137 = EDGE_CURVE ( 'NONE', #1429, #1416, #8, .T. ) ;
#1138 = EDGE_CURVE ( 'NONE', #1457, #1412, #680, .T. ) ;
#1139 = EDGE_CURVE ( 'NONE', #1409, #1410, #22, .T. ) ;
#1140 = EDGE_CURVE ( 'NONE', #1452, #1410, #733, .T. ) ;
#1141 = EDGE_CURVE ( 'NONE', #1441, #1377, #9, .T. ) ;
#1142 = EDGE_CURVE ( 'NONE', #1384, #1395, #697, .T. ) ;
#1143 = EDGE_CURVE ( 'NONE', #1385, #1365, #729, .T. ) ;
#1144 = EDGE_CURVE ( 'NONE', #1365, #1397, #731, .T. ) ;
#1145 = EDGE_CURVE ( 'NONE', #1382, #1457, #719, .T. ) ;
#1146 = EDGE_CURVE ( 'NONE', #1393, #1401, #715, .T. ) ;
#1147 = EDGE_CURVE ( 'NONE', #1408, #1378, #740, .T. ) ;
#1148 = EDGE_CURVE ( 'NONE', #1391, #1442, #741, .T. ) ;
#1149 = EDGE_CURVE ( 'NONE', #1399, #1406, #12, .T. ) ;
#1150 = EDGE_CURVE ( 'NONE', #1370, #1421, #13, .T. ) ;
#1151 = EDGE_CURVE ( 'NONE', #1433, #1414, #710, .T. ) ;
#1152 = EDGE_CURVE ( 'NONE', #1542, #1451, #712, .T. ) ;
#1153 = EDGE_CURVE ( 'NONE', #1457, #1382, #717, .T. ) ;
#1154 = EDGE_CURVE ( 'NONE', #1382, #1366, #739, .T. ) ;
#1155 = EDGE_CURVE ( 'NONE', #1402, #1400, #744, .T. ) ;
#1156 = EDGE_CURVE ( 'NONE', #1412, #1366, #742, .T. ) ;
#1157 = EDGE_CURVE ( 'NONE', #1381, #1416, #699, .T. ) ;
#1158 = EDGE_CURVE ( 'NONE', #1375, #1381, #716, .T. ) ;
#1159 = EDGE_CURVE ( 'NONE', #1542, #1414, #747, .T. ) ;
#1160 = EDGE_CURVE ( 'NONE', #1451, #1433, #696, .T. ) ;
#1161 = EDGE_CURVE ( 'NONE', #1397, #1407, #724, .T. ) ;
#1162 = EDGE_CURVE ( 'NONE', #1415, #1455, #748, .T. ) ;
#1163 = EDGE_CURVE ( 'NONE', #1387, #1408, #743, .T. ) ;
#1164 = EDGE_CURVE ( 'NONE', #1366, #1412, #727, .T. ) ;
#1165 = EDGE_CURVE ( 'NONE', #1440, #1400, #700, .T. ) ;
#1166 = EDGE_CURVE ( 'NONE', #1383, #1412, #704, .T. ) ;
#1167 = EDGE_CURVE ( 'NONE', #1543, #1540, #713, .T. ) ;
#1168 = EDGE_CURVE ( 'NONE', #1368, #1380, #702, .T. ) ;
#1169 = EDGE_CURVE ( 'NONE', #1369, #1404, #721, .T. ) ;
#1170 = EDGE_CURVE ( 'NONE', #1458, #1453, #709, .T. ) ;
#1171 = EDGE_CURVE ( 'NONE', #1374, #1369, #701, .T. ) ;
#1172 = EDGE_CURVE ( 'NONE', #1440, #1381, #723, .T. ) ;
#1173 = EDGE_CURVE ( 'NONE', #1411, #1405, #737, .T. ) ;
#1174 = EDGE_CURVE ( 'NONE', #1371, #1411, #703, .T. ) ;
#1175 = EDGE_CURVE ( 'NONE', #1379, #1452, #749, .T. ) ;
#1176 = EDGE_CURVE ( 'NONE', #1406, #1448, #725, .T. ) ;
#1177 = EDGE_CURVE ( 'NONE', #1371, #1365, #745, .T. ) ;
#1178 = EDGE_CURVE ( 'NONE', #1367, #1364, #20, .T. ) ;
#1179 = EDGE_CURVE ( 'NONE', #1411, #1371, #734, .T. ) ;
#1180 = EDGE_CURVE ( 'NONE', #1374, #1392, #726, .T. ) ;
#1181 = EDGE_CURVE ( 'NONE', #1364, #1441, #728, .T. ) ;
#1182 = EDGE_CURVE ( 'NONE', #1448, #1423, #19, .T. ) ;
#1183 = EDGE_CURVE ( 'NONE', #1392, #1404, #707, .T. ) ;
#1184 = EDGE_CURVE ( 'NONE', #1458, #1376, #735, .T. ) ;
#1185 = EDGE_CURVE ( 'NONE', #1385, #1373, #694, .T. ) ;
#1186 = EDGE_CURVE ( 'NONE', #1394, #1461, #750, .T. ) ;
#1187 = EDGE_CURVE ( 'NONE', #1372, #1366, #752, .T. ) ;
#1188 = EDGE_CURVE ( 'NONE', #1378, #1388, #21, .T. ) ;
#1189 = EDGE_CURVE ( 'NONE', #1375, #1453, #435, .T. ) ;
#1190 = EDGE_CURVE ( 'NONE', #1540, #1433, #443, .T. ) ;
#1191 = EDGE_CURVE ( 'NONE', #1451, #1542, #417, .T. ) ;
#1192 = EDGE_CURVE ( 'NONE', #1377, #1387, #459, .T. ) ;
#1193 = EDGE_CURVE ( 'NONE', #1376, #1389, #434, .T. ) ;
#1194 = EDGE_CURVE ( 'NONE', #1503, #1403, #14, .T. ) ;
#1195 = EDGE_CURVE ( 'NONE', #1364, #1459, #455, .T. ) ;
#1196 = EDGE_CURVE ( 'NONE', #1455, #1450, #3, .T. ) ;
#1197 = EDGE_CURVE ( 'NONE', #1426, #1467, #461, .T. ) ;
#1198 = EDGE_CURVE ( 'NONE', #1435, #1490, #416, .T. ) ;
#1199 = EDGE_CURVE ( 'NONE', #1413, #1402, #458, .T. ) ;
#1200 = EDGE_CURVE ( 'NONE', #1437, #1401, #460, .T. ) ;
#1201 = EDGE_CURVE ( 'NONE', #1432, #1447, #437, .T. ) ;
#1202 = EDGE_CURVE ( 'NONE', #1439, #1390, #418, .T. ) ;
#1203 = EDGE_CURVE ( 'NONE', #1422, #1425, #11, .T. ) ;
#1204 = EDGE_CURVE ( 'NONE', #1502, #1387, #438, .T. ) ;
#1205 = EDGE_CURVE ( 'NONE', #1410, #1466, #426, .T. ) ;
#1206 = EDGE_CURVE ( 'NONE', #1425, #1424, #440, .T. ) ;
#1207 = EDGE_CURVE ( 'NONE', #1430, #1435, #4, .T. ) ;
#1208 = EDGE_CURVE ( 'NONE', #1480, #1446, #446, .T. ) ;
#1209 = EDGE_CURVE ( 'NONE', #1406, #1482, #441, .T. ) ;
#1210 = EDGE_CURVE ( 'NONE', #1443, #1469, #449, .T. ) ;
#1211 = EDGE_CURVE ( 'NONE', #1467, #1460, #420, .T. ) ;
#1212 = EDGE_CURVE ( 'NONE', #1470, #1468, #427, .T. ) ;
#1213 = EDGE_CURVE ( 'NONE', #1416, #1503, #422, .T. ) ;
#1214 = EDGE_CURVE ( 'NONE', #1427, #1478, #465, .T. ) ;
#1215 = EDGE_CURVE ( 'NONE', #1460, #1417, #424, .T. ) ;
#1216 = EDGE_CURVE ( 'NONE', #1453, #1421, #439, .T. ) ;
#1217 = EDGE_CURVE ( 'NONE', #1454, #1468, #15, .T. ) ;
#1218 = EDGE_CURVE ( 'NONE', #1373, #1407, #412, .T. ) ;
#1219 = EDGE_CURVE ( 'NONE', #1434, #1436, #414, .T. ) ;
#1220 = EDGE_CURVE ( 'NONE', #1487, #1442, #450, .T. ) ;
#1221 = EDGE_CURVE ( 'NONE', #1510, #1386, #5, .T. ) ;
#1222 = EDGE_CURVE ( 'NONE', #1450, #1378, #452, .T. ) ;
#1223 = EDGE_CURVE ( 'NONE', #1449, #1393, #457, .T. ) ;
#1224 = EDGE_CURVE ( 'NONE', #1449, #1437, #428, .T. ) ;
#1225 = EDGE_CURVE ( 'NONE', #1389, #1370, #413, .T. ) ;
#1226 = EDGE_CURVE ( 'NONE', #1417, #1512, #6, .T. ) ;
#1227 = EDGE_CURVE ( 'NONE', #1413, #1389, #7, .T. ) ;
#1228 = EDGE_CURVE ( 'NONE', #1492, #1438, #10, .T. ) ;
#1229 = EDGE_CURVE ( 'NONE', #1370, #1458, #525, .T. ) ;
#1230 = EDGE_CURVE ( 'NONE', #1403, #1413, #480, .T. ) ;
#1231 = EDGE_CURVE ( 'NONE', #1418, #1409, #483, .T. ) ;
#1232 = EDGE_CURVE ( 'NONE', #1363, #1470, #517, .T. ) ;
#1233 = EDGE_CURVE ( 'NONE', #1400, #1403, #498, .T. ) ;
#1234 = EDGE_CURVE ( 'NONE', #1456, #1449, #518, .T. ) ;
#1235 = EDGE_CURVE ( 'NONE', #1468, #1510, #474, .T. ) ;
#1236 = EDGE_CURVE ( 'NONE', #1429, #1375, #493, .T. ) ;
#1237 = EDGE_CURVE ( 'NONE', #1463, #1454, #481, .T. ) ;
#1238 = EDGE_CURVE ( 'NONE', #1459, #1512, #523, .T. ) ;
#1239 = EDGE_CURVE ( 'NONE', #1464, #1493, #470, .T. ) ;
#1240 = EDGE_CURVE ( 'NONE', #1415, #1408, #491, .T. ) ;
#1241 = EDGE_CURVE ( 'NONE', #1493, #1452, #486, .T. ) ;
#1242 = EDGE_CURVE ( 'NONE', #1363, #1510, #478, .T. ) ;
#1243 = EDGE_CURVE ( 'NONE', #1488, #1456, #16, .T. ) ;
#1244 = EDGE_CURVE ( 'NONE', #1436, #1426, #503, .T. ) ;
#1245 = EDGE_CURVE ( 'NONE', #1421, #1429, #511, .T. ) ;
#1246 = EDGE_CURVE ( 'NONE', #1438, #1502, #471, .T. ) ;
#1247 = EDGE_CURVE ( 'NONE', #1490, #1362, #527, .T. ) ;
#1248 = EDGE_CURVE ( 'NONE', #1437, #1444, #499, .T. ) ;
#1249 = EDGE_CURVE ( 'NONE', #1445, #1427, #513, .T. ) ;
#1250 = EDGE_CURVE ( 'NONE', #1503, #1440, #502, .T. ) ;
#1251 = EDGE_CURVE ( 'NONE', #1466, #1464, #17, .T. ) ;
#1252 = EDGE_CURVE ( 'NONE', #1502, #1415, #514, .T. ) ;
#1253 = EDGE_CURVE ( 'NONE', #1386, #1519, #489, .T. ) ;
#1254 = EDGE_CURVE ( 'NONE', #1470, #1463, #18, .T. ) ;
#1255 = EDGE_CURVE ( 'NONE', #1388, #1420, #507, .T. ) ;
#1256 = EDGE_CURVE ( 'NONE', #1420, #1418, #522, .T. ) ;
#1257 = EDGE_CURVE ( 'NONE', #1377, #1492, #475, .T. ) ;
#1258 = EDGE_CURVE ( 'NONE', #1446, #1422, #494, .T. ) ;
#1259 = EDGE_CURVE ( 'NONE', #1482, #1428, #469, .T. ) ;
#1260 = EDGE_CURVE ( 'NONE', #1391, #1499, #476, .T. ) ;
#1261 = EDGE_CURVE ( 'NONE', #1417, #1438, #479, .T. ) ;
#1262 = EDGE_CURVE ( 'NONE', #1405, #1385, #497, .T. ) ;
#1263 = EDGE_CURVE ( 'NONE', #1445, #1490, #496, .T. ) ;
#1264 = EDGE_CURVE ( 'NONE', #1404, #1392, #500, .T. ) ;
#1265 = EDGE_CURVE ( 'NONE', #1456, #1480, #577, .T. ) ;
#1266 = EDGE_CURVE ( 'NONE', #1493, #1434, #551, .T. ) ;
#1267 = EDGE_CURVE ( 'NONE', #1499, #1487, #534, .T. ) ;
#1268 = EDGE_CURVE ( 'NONE', #1417, #1443, #554, .T. ) ;
#1269 = EDGE_CURVE ( 'NONE', #1465, #1439, #545, .T. ) ;
#1270 = EDGE_CURVE ( 'NONE', #1469, #1434, #578, .T. ) ;
#1271 = EDGE_CURVE ( 'NONE', #1519, #1421, #565, .T. ) ;
#1272 = EDGE_CURVE ( 'NONE', #1427, #1435, #530, .T. ) ;
#1273 = EDGE_CURVE ( 'NONE', #1511, #1448, #548, .T. ) ;
#1274 = EDGE_CURVE ( 'NONE', #1446, #1465, #552, .T. ) ;
#1275 = EDGE_CURVE ( 'NONE', #1419, #1469, #536, .T. ) ;
#1276 = EDGE_CURVE ( 'NONE', #1420, #1426, #25, .T. ) ;
#1277 = EDGE_CURVE ( 'NONE', #1459, #1443, #23, .T. ) ;
#1278 = EDGE_CURVE ( 'NONE', #1499, #1446, #30, .T. ) ;
#1279 = EDGE_CURVE ( 'NONE', #1512, #1441, #576, .T. ) ;
#1280 = EDGE_CURVE ( 'NONE', #1389, #1470, #529, .T. ) ;
#1281 = EDGE_CURVE ( 'NONE', #1490, #1439, #547, .T. ) ;
#1282 = EDGE_CURVE ( 'NONE', #1414, #1433, #540, .T. ) ;
#1283 = EDGE_CURVE ( 'NONE', #1464, #1436, #537, .T. ) ;
#1284 = EDGE_CURVE ( 'NONE', #1403, #1454, #568, .T. ) ;
#1285 = EDGE_CURVE ( 'NONE', #1480, #1487, #29, .T. ) ;
#1286 = EDGE_CURVE ( 'NONE', #1419, #1431, #569, .T. ) ;
#1287 = EDGE_CURVE ( 'NONE', #1541, #1396, #542, .T. ) ;
#1288 = EDGE_CURVE ( 'NONE', #1444, #1428, #32, .T. ) ;
#1289 = EDGE_CURVE ( 'NONE', #1439, #1422, #570, .T. ) ;
#1290 = EDGE_CURVE ( 'NONE', #1420, #1450, #538, .T. ) ;
#1291 = EDGE_CURVE ( 'NONE', #1431, #1462, #33, .T. ) ;
#1292 = EDGE_CURVE ( 'NONE', #1493, #1419, #557, .T. ) ;
#1293 = EDGE_CURVE ( 'NONE', #1482, #1511, #535, .T. ) ;
#1294 = EDGE_CURVE ( 'NONE', #1427, #1511, #31, .T. ) ;
#1295 = EDGE_CURVE ( 'NONE', #1462, #1367, #528, .T. ) ;
#1296 = EDGE_CURVE ( 'NONE', #1437, #1432, #574, .T. ) ;
#1297 = EDGE_CURVE ( 'NONE', #1492, #1512, #556, .T. ) ;
#1298 = EDGE_CURVE ( 'NONE', #1398, #1488, #564, .T. ) ;
#1299 = EDGE_CURVE ( 'NONE', #1386, #1429, #546, .T. ) ;
#1300 = EDGE_CURVE ( 'NONE', #1449, #1447, #543, .T. ) ;
#1301 = EDGE_CURVE ( 'NONE', #1423, #1430, #550, .T. ) ;
#1302 = EDGE_CURVE ( 'NONE', #1419, #1379, #572, .T. ) ;
#1303 = EDGE_CURVE ( 'NONE', #1436, #1418, #24, .T. ) ;
#1304 = EDGE_CURVE ( 'NONE', #1426, #1455, #531, .T. ) ;
#1305 = EDGE_CURVE ( 'NONE', #1466, #1418, #573, .T. ) ;
#1306 = EDGE_CURVE ( 'NONE', #1459, #1462, #562, .T. ) ;
#1307 = EDGE_CURVE ( 'NONE', #1428, #1399, #560, .T. ) ;
#1308 = EDGE_CURVE ( 'NONE', #1482, #1478, #27, .T. ) ;
#1309 = EDGE_CURVE ( 'NONE', #1431, #1443, #566, .T. ) ;
#1310 = EDGE_CURVE ( 'NONE', #1363, #1370, #532, .T. ) ;
#1311 = EDGE_CURVE ( 'NONE', #1478, #1432, #561, .T. ) ;
#1312 = EDGE_CURVE ( 'NONE', #1510, #1416, #567, .T. ) ;
#1313 = EDGE_CURVE ( 'NONE', #1460, #1502, #610, .T. ) ;
#1314 = EDGE_CURVE ( 'NONE', #1447, #1480, #599, .T. ) ;
#1315 = EDGE_CURVE ( 'NONE', #1467, #1415, #607, .T. ) ;
#1316 = EDGE_CURVE ( 'NONE', #1465, #1445, #589, .T. ) ;
#1317 = AXIS2_PLACEMENT_3D ( 'NONE', #958, #976, #989 ) ;
#1318 = AXIS2_PLACEMENT_3D ( 'NONE', #975, #985, #977 ) ;
#1319 = EDGE_CURVE ( 'NONE', #1430, #1511, #631, .T. ) ;
#1320 = AXIS2_PLACEMENT_3D ( 'NONE', #1079, #899, #897 ) ;
#1321 = AXIS2_PLACEMENT_3D ( 'NONE', #978, #973, #980 ) ;
#1322 = AXIS2_PLACEMENT_3D ( 'NONE', #1083, #1081, #1097 ) ;
#1323 = AXIS2_PLACEMENT_3D ( 'NONE', #992, #979, #986 ) ;
#1324 = EDGE_CURVE ( 'NONE', #1444, #1478, #614, .T. ) ;
#1325 = AXIS2_PLACEMENT_3D ( 'NONE', #1064, #1065, #1066 ) ;
#1326 = EDGE_CURVE ( 'NONE', #1383, #1372, #597, .T. ) ;
#1327 = AXIS2_PLACEMENT_3D ( 'NONE', #987, #994, #982 ) ;
#1328 = EDGE_CURVE ( 'NONE', #1369, #1374, #588, .T. ) ;
#1329 = AXIS2_PLACEMENT_3D ( 'NONE', #970, #974, #963 ) ;
#1330 = AXIS2_PLACEMENT_3D ( 'NONE', #1062, #1067, #1063 ) ;
#1331 = AXIS2_PLACEMENT_3D ( 'NONE', #1056, #1061, #1073 ) ;
#1332 = AXIS2_PLACEMENT_3D ( 'NONE', #1075, #1093, #1085 ) ;
#1333 = AXIS2_PLACEMENT_3D ( 'NONE', #1082, #898, #893 ) ;
#1334 = AXIS2_PLACEMENT_3D ( 'NONE', #1084, #1078, #1092 ) ;
#1335 = EDGE_CURVE ( 'NONE', #1384, #1368, #628, .T. ) ;
#1336 = AXIS2_PLACEMENT_3D ( 'NONE', #968, #988, #990 ) ;
#1337 = AXIS2_PLACEMENT_3D ( 'NONE', #965, #966, #969 ) ;
#1338 = AXIS2_PLACEMENT_3D ( 'NONE', #957, #922, #916 ) ;
#1339 = EDGE_CURVE ( 'NONE', #1488, #1487, #615, .T. ) ;
#1340 = AXIS2_PLACEMENT_3D ( 'NONE', #961, #993, #995 ) ;
#1341 = AXIS2_PLACEMENT_3D ( 'NONE', #960, #972, #1005 ) ;
#1342 = AXIS2_PLACEMENT_3D ( 'NONE', #1054, #1068, #1069 ) ;
#1343 = AXIS2_PLACEMENT_3D ( 'NONE', #1023, #1009, #1022 ) ;
#1344 = AXIS2_PLACEMENT_3D ( 'NONE', #1002, #997, #1034 ) ;
#1345 = AXIS2_PLACEMENT_3D ( 'NONE', #1059, #1070, #1071 ) ;
#1346 = AXIS2_PLACEMENT_3D ( 'NONE', #1058, #1060, #1057 ) ;
#1347 = AXIS2_PLACEMENT_3D ( 'NONE', #1072, #1090, #1077 ) ;
#1348 = AXIS2_PLACEMENT_3D ( 'NONE', #882, #869, #876 ) ;
#1349 = AXIS2_PLACEMENT_3D ( 'NONE', #927, #944, #949 ) ;
#1350 = AXIS2_PLACEMENT_3D ( 'NONE', #959, #991, #964 ) ;
#1351 = EDGE_CURVE ( 'NONE', #1499, #1425, #622, .T. ) ;
#1352 = AXIS2_PLACEMENT_3D ( 'NONE', #1089, #1095, #1074 ) ;
#1353 = AXIS2_PLACEMENT_3D ( 'NONE', #1076, #1100, #1087 ) ;
#1354 = EDGE_CURVE ( 'NONE', #1413, #1463, #587, .T. ) ;
#1355 = EDGE_CURVE ( 'NONE', #1395, #1380, #594, .T. ) ;
#1356 = EDGE_CURVE ( 'NONE', #1461, #1394, #632, .T. ) ;
#1357 = AXIS2_PLACEMENT_3D ( 'NONE', #1091, #1088, #1094 ) ;
#1358 = AXIS2_PLACEMENT_3D ( 'NONE', #1086, #1099, #1101 ) ;
#1359 = AXIS2_PLACEMENT_3D ( 'NONE', #921, #929, #931 ) ;
#1360 = EDGE_CURVE ( 'NONE', #1503, #1468, #581, .T. ) ;
#1361 = AXIS2_PLACEMENT_3D ( 'NONE', #1004, #996, #1017 ) ;
#1362 = VERTEX_POINT ( 'NONE', #220 ) ;
#1363 = VERTEX_POINT ( 'NONE', #307 ) ;
#1364 = VERTEX_POINT ( 'NONE', #280 ) ;
#1365 = VERTEX_POINT ( 'NONE', #273 ) ;
#1366 = VERTEX_POINT ( 'NONE', #295 ) ;
#1367 = VERTEX_POINT ( 'NONE', #302 ) ;
#1368 = VERTEX_POINT ( 'NONE', #224 ) ;
#1369 = VERTEX_POINT ( 'NONE', #308 ) ;
#1370 = VERTEX_POINT ( 'NONE', #258 ) ;
#1371 = VERTEX_POINT ( 'NONE', #228 ) ;
#1372 = VERTEX_POINT ( 'NONE', #284 ) ;
#1373 = VERTEX_POINT ( 'NONE', #297 ) ;
#1374 = VERTEX_POINT ( 'NONE', #256 ) ;
#1375 = VERTEX_POINT ( 'NONE', #285 ) ;
#1376 = VERTEX_POINT ( 'NONE', #289 ) ;
#1377 = VERTEX_POINT ( 'NONE', #316 ) ;
#1378 = VERTEX_POINT ( 'NONE', #272 ) ;
#1379 = VERTEX_POINT ( 'NONE', #288 ) ;
#1380 = VERTEX_POINT ( 'NONE', #277 ) ;
#1381 = VERTEX_POINT ( 'NONE', #290 ) ;
#1382 = VERTEX_POINT ( 'NONE', #281 ) ;
#1383 = VERTEX_POINT ( 'NONE', #309 ) ;
#1384 = VERTEX_POINT ( 'NONE', #265 ) ;
#1385 = VERTEX_POINT ( 'NONE', #283 ) ;
#1386 = VERTEX_POINT ( 'NONE', #298 ) ;
#1387 = VERTEX_POINT ( 'NONE', #266 ) ;
#1388 = VERTEX_POINT ( 'NONE', #267 ) ;
#1389 = VERTEX_POINT ( 'NONE', #259 ) ;
#1390 = VERTEX_POINT ( 'NONE', #304 ) ;
#1391 = VERTEX_POINT ( 'NONE', #305 ) ;
#1392 = VERTEX_POINT ( 'NONE', #286 ) ;
#1393 = VERTEX_POINT ( 'NONE', #291 ) ;
#1394 = VERTEX_POINT ( 'NONE', #260 ) ;
#1395 = VERTEX_POINT ( 'NONE', #274 ) ;
#1396 = VERTEX_POINT ( 'NONE', #287 ) ;
#1397 = VERTEX_POINT ( 'NONE', #292 ) ;
#1398 = VERTEX_POINT ( 'NONE', #263 ) ;
#1399 = VERTEX_POINT ( 'NONE', #278 ) ;
#1400 = VERTEX_POINT ( 'NONE', #312 ) ;
#1401 = VERTEX_POINT ( 'NONE', #299 ) ;
#1402 = VERTEX_POINT ( 'NONE', #279 ) ;
#1403 = VERTEX_POINT ( 'NONE', #311 ) ;
#1404 = VERTEX_POINT ( 'NONE', #300 ) ;
#1405 = VERTEX_POINT ( 'NONE', #314 ) ;
#1406 = VERTEX_POINT ( 'NONE', #293 ) ;
#1407 = VERTEX_POINT ( 'NONE', #268 ) ;
#1408 = VERTEX_POINT ( 'NONE', #269 ) ;
#1409 = VERTEX_POINT ( 'NONE', #261 ) ;
#1410 = VERTEX_POINT ( 'NONE', #262 ) ;
#1411 = VERTEX_POINT ( 'NONE', #301 ) ;
#1412 = VERTEX_POINT ( 'NONE', #294 ) ;
#1413 = VERTEX_POINT ( 'NONE', #270 ) ;
#1414 = VERTEX_POINT ( 'NONE', #271 ) ;
#1415 = VERTEX_POINT ( 'NONE', #282 ) ;
#1416 = VERTEX_POINT ( 'NONE', #310 ) ;
#1417 = VERTEX_POINT ( 'NONE', #313 ) ;
#1418 = VERTEX_POINT ( 'NONE', #315 ) ;
#1419 = VERTEX_POINT ( 'NONE', #317 ) ;
#1420 = VERTEX_POINT ( 'NONE', #257 ) ;
#1421 = VERTEX_POINT ( 'NONE', #351 ) ;
#1422 = VERTEX_POINT ( 'NONE', #341 ) ;
#1423 = VERTEX_POINT ( 'NONE', #352 ) ;
#1424 = VERTEX_POINT ( 'NONE', #322 ) ;
#1425 = VERTEX_POINT ( 'NONE', #320 ) ;
#1426 = VERTEX_POINT ( 'NONE', #324 ) ;
#1427 = VERTEX_POINT ( 'NONE', #364 ) ;
#1428 = VERTEX_POINT ( 'NONE', #348 ) ;
#1429 = VERTEX_POINT ( 'NONE', #354 ) ;
#1430 = VERTEX_POINT ( 'NONE', #357 ) ;
#1431 = VERTEX_POINT ( 'NONE', #325 ) ;
#1432 = VERTEX_POINT ( 'NONE', #340 ) ;
#1433 = VERTEX_POINT ( 'NONE', #344 ) ;
#1434 = VERTEX_POINT ( 'NONE', #345 ) ;
#1435 = VERTEX_POINT ( 'NONE', #347 ) ;
#1436 = VERTEX_POINT ( 'NONE', #346 ) ;
#1437 = VERTEX_POINT ( 'NONE', #319 ) ;
#1438 = VERTEX_POINT ( 'NONE', #337 ) ;
#1439 = VERTEX_POINT ( 'NONE', #336 ) ;
#1440 = VERTEX_POINT ( 'NONE', #330 ) ;
#1441 = VERTEX_POINT ( 'NONE', #318 ) ;
#1442 = VERTEX_POINT ( 'NONE', #363 ) ;
#1443 = VERTEX_POINT ( 'NONE', #342 ) ;
#1444 = VERTEX_POINT ( 'NONE', #349 ) ;
#1445 = VERTEX_POINT ( 'NONE', #359 ) ;
#1446 = VERTEX_POINT ( 'NONE', #350 ) ;
#1447 = VERTEX_POINT ( 'NONE', #326 ) ;
#1448 = VERTEX_POINT ( 'NONE', #327 ) ;
#1449 = VERTEX_POINT ( 'NONE', #323 ) ;
#1450 = VERTEX_POINT ( 'NONE', #321 ) ;
#1451 = VERTEX_POINT ( 'NONE', #353 ) ;
#1452 = VERTEX_POINT ( 'NONE', #343 ) ;
#1453 = VERTEX_POINT ( 'NONE', #338 ) ;
#1454 = VERTEX_POINT ( 'NONE', #355 ) ;
#1455 = VERTEX_POINT ( 'NONE', #356 ) ;
#1456 = VERTEX_POINT ( 'NONE', #335 ) ;
#1457 = VERTEX_POINT ( 'NONE', #329 ) ;
#1458 = VERTEX_POINT ( 'NONE', #358 ) ;
#1459 = VERTEX_POINT ( 'NONE', #360 ) ;
#1460 = VERTEX_POINT ( 'NONE', #331 ) ;
#1461 = VERTEX_POINT ( 'NONE', #361 ) ;
#1462 = VERTEX_POINT ( 'NONE', #362 ) ;
#1463 = VERTEX_POINT ( 'NONE', #365 ) ;
#1464 = VERTEX_POINT ( 'NONE', #328 ) ;
#1465 = VERTEX_POINT ( 'NONE', #333 ) ;
#1466 = VERTEX_POINT ( 'NONE', #332 ) ;
#1467 = VERTEX_POINT ( 'NONE', #334 ) ;
#1468 = VERTEX_POINT ( 'NONE', #339 ) ;
#1469 = VERTEX_POINT ( 'NONE', #394 ) ;
#1470 = VERTEX_POINT ( 'NONE', #392 ) ;
#1471 = ORIENTED_EDGE ( 'NONE', *, *, #1312, .T. ) ;
#1472 = ORIENTED_EDGE ( 'NONE', *, *, #1171, .T. ) ;
#1473 = ORIENTED_EDGE ( 'NONE', *, *, #1137, .F. ) ;
#1474 = ORIENTED_EDGE ( 'NONE', *, *, #1150, .F. ) ;
#1475 = ORIENTED_EDGE ( 'NONE', *, *, #1225, .F. ) ;
#1476 = ORIENTED_EDGE ( 'NONE', *, *, #1262, .T. ) ;
#1477 = ORIENTED_EDGE ( 'NONE', *, *, #1186, .T. ) ;
#1478 = VERTEX_POINT ( 'NONE', #374 ) ;
#1479 = ORIENTED_EDGE ( 'NONE', *, *, #1262, .F. ) ;
#1480 = VERTEX_POINT ( 'NONE', #376 ) ;
#1481 = ORIENTED_EDGE ( 'NONE', *, *, #1299, .F. ) ;
#1482 = VERTEX_POINT ( 'NONE', #399 ) ;
#1483 = ORIENTED_EDGE ( 'NONE', *, *, #1328, .F. ) ;
#1484 = ORIENTED_EDGE ( 'NONE', *, *, #1280, .T. ) ;
#1485 = ORIENTED_EDGE ( 'NONE', *, *, #1169, .T. ) ;
#1486 = ORIENTED_EDGE ( 'NONE', *, *, #1237, .F. ) ;
#1487 = VERTEX_POINT ( 'NONE', #395 ) ;
#1488 = VERTEX_POINT ( 'NONE', #375 ) ;
#1489 = ORIENTED_EDGE ( 'NONE', *, *, #1185, .F. ) ;
#1490 = VERTEX_POINT ( 'NONE', #381 ) ;
#1491 = ORIENTED_EDGE ( 'NONE', *, *, #1254, .F. ) ;
#1492 = VERTEX_POINT ( 'NONE', #367 ) ;
#1493 = VERTEX_POINT ( 'NONE', #385 ) ;
#1494 = ORIENTED_EDGE ( 'NONE', *, *, #1183, .F. ) ;
#1495 = ORIENTED_EDGE ( 'NONE', *, *, #1326, .T. ) ;
#1496 = ORIENTED_EDGE ( 'NONE', *, *, #1310, .T. ) ;
#1497 = ORIENTED_EDGE ( 'NONE', *, *, #1177, .F. ) ;
#1498 = ORIENTED_EDGE ( 'NONE', *, *, #1264, .T. ) ;
#1499 = VERTEX_POINT ( 'NONE', #398 ) ;
#1500 = ORIENTED_EDGE ( 'NONE', *, *, #1284, .T. ) ;
#1501 = ORIENTED_EDGE ( 'NONE', *, *, #1356, .T. ) ;
#1502 = VERTEX_POINT ( 'NONE', #371 ) ;
#1503 = VERTEX_POINT ( 'NONE', #368 ) ;
#1504 = ORIENTED_EDGE ( 'NONE', *, *, #1264, .F. ) ;
#1505 = ORIENTED_EDGE ( 'NONE', *, *, #1187, .T. ) ;
#1506 = ORIENTED_EDGE ( 'NONE', *, *, #1161, .T. ) ;
#1507 = ORIENTED_EDGE ( 'NONE', *, *, #1271, .T. ) ;
#1508 = ORIENTED_EDGE ( 'NONE', *, *, #1354, .T. ) ;
#1509 = ORIENTED_EDGE ( 'NONE', *, *, #1180, .F. ) ;
#1510 = VERTEX_POINT ( 'NONE', #403 ) ;
#1511 = VERTEX_POINT ( 'NONE', #373 ) ;
#1512 = VERTEX_POINT ( 'NONE', #409 ) ;
#1513 = ORIENTED_EDGE ( 'NONE', *, *, #1280, .F. ) ;
#1514 = ORIENTED_EDGE ( 'NONE', *, *, #1136, .F. ) ;
#1515 = ORIENTED_EDGE ( 'NONE', *, *, #1173, .T. ) ;
#1516 = ORIENTED_EDGE ( 'NONE', *, *, #1354, .F. ) ;
#1517 = ORIENTED_EDGE ( 'NONE', *, *, #1166, .F. ) ;
#1518 = ORIENTED_EDGE ( 'NONE', *, *, #1230, .F. ) ;
#1519 = VERTEX_POINT ( 'NONE', #397 ) ;
#1520 = ORIENTED_EDGE ( 'NONE', *, *, #1271, .F. ) ;
#1521 = ORIENTED_EDGE ( 'NONE', *, *, #1164, .T. ) ;
#1522 = ORIENTED_EDGE ( 'NONE', *, *, #1221, .F. ) ;
#1523 = ORIENTED_EDGE ( 'NONE', *, *, #1174, .T. ) ;
#1524 = ORIENTED_EDGE ( 'NONE', *, *, #1190, .F. ) ;
#1525 = ORIENTED_EDGE ( 'NONE', *, *, #1122, .T. ) ;
#1526 = ORIENTED_EDGE ( 'NONE', *, *, #1133, .F. ) ;
#1527 = ORIENTED_EDGE ( 'NONE', *, *, #1115, .T. ) ;
#1528 = ORIENTED_EDGE ( 'NONE', *, *, #1143, .T. ) ;
#1529 = ORIENTED_EDGE ( 'NONE', *, *, #1282, .T. ) ;
#1530 = ORIENTED_EDGE ( 'NONE', *, *, #1245, .F. ) ;
#1531 = ORIENTED_EDGE ( 'NONE', *, *, #1123, .T. ) ;
#1532 = ORIENTED_EDGE ( 'NONE', *, *, #1287, .T. ) ;
#1533 = ORIENTED_EDGE ( 'NONE', *, *, #1253, .F. ) ;
#1534 = ORIENTED_EDGE ( 'NONE', *, *, #1232, .F. ) ;
#1535 = ORIENTED_EDGE ( 'NONE', *, *, #1218, .F. ) ;
#1536 = ORIENTED_EDGE ( 'NONE', *, *, #1310, .F. ) ;
#1537 = ORIENTED_EDGE ( 'NONE', *, *, #1328, .T. ) ;
#1538 = ORIENTED_EDGE ( 'NONE', *, *, #1299, .T. ) ;
#1539 = ORIENTED_EDGE ( 'NONE', *, *, #1227, .F. ) ;
#1540 = VERTEX_POINT ( 'NONE', #387 ) ;
#1541 = VERTEX_POINT ( 'NONE', #405 ) ;
#1542 = VERTEX_POINT ( 'NONE', #372 ) ;
#1543 = VERTEX_POINT ( 'NONE', #389 ) ;
#1544 = ORIENTED_EDGE ( 'NONE', *, *, #1135, .F. ) ;
#1545 = ORIENTED_EDGE ( 'NONE', *, *, #1178, .T. ) ;
#1546 = ORIENTED_EDGE ( 'NONE', *, *, #1170, .T. ) ;
#1547 = ORIENTED_EDGE ( 'NONE', *, *, #1189, .F. ) ;
#1548 = ORIENTED_EDGE ( 'NONE', *, *, #1181, .T. ) ;
#1549 = ORIENTED_EDGE ( 'NONE', *, *, #1188, .T. ) ;
#1550 = ORIENTED_EDGE ( 'NONE', *, *, #1173, .F. ) ;
#1551 = ORIENTED_EDGE ( 'NONE', *, *, #1134, .T. ) ;
#1552 = ORIENTED_EDGE ( 'NONE', *, *, #1153, .T. ) ;
#1553 = ORIENTED_EDGE ( 'NONE', *, *, #1165, .T. ) ;
#1554 = ORIENTED_EDGE ( 'NONE', *, *, #1175, .F. ) ;
#1555 = ORIENTED_EDGE ( 'NONE', *, *, #1158, .T. ) ;
#1556 = ORIENTED_EDGE ( 'NONE', *, *, #1148, .T. ) ;
#1557 = ORIENTED_EDGE ( 'NONE', *, *, #1141, .T. ) ;
#1558 = ORIENTED_EDGE ( 'NONE', *, *, #1127, .F. ) ;
#1559 = ORIENTED_EDGE ( 'NONE', *, *, #1152, .T. ) ;
#1560 = ORIENTED_EDGE ( 'NONE', *, *, #1172, .F. ) ;
#1561 = ORIENTED_EDGE ( 'NONE', *, *, #1117, .T. ) ;
#1562 = ORIENTED_EDGE ( 'NONE', *, *, #1140, .F. ) ;
#1563 = ORIENTED_EDGE ( 'NONE', *, *, #1177, .T. ) ;
#1564 = ORIENTED_EDGE ( 'NONE', *, *, #1133, .T. ) ;
#1565 = ORIENTED_EDGE ( 'NONE', *, *, #1144, .T. ) ;
#1566 = ORIENTED_EDGE ( 'NONE', *, *, #1147, .T. ) ;
#1567 = ORIENTED_EDGE ( 'NONE', *, *, #1192, .T. ) ;
#1568 = ORIENTED_EDGE ( 'NONE', *, *, #1145, .T. ) ;
#1569 = ORIENTED_EDGE ( 'NONE', *, *, #1146, .T. ) ;
#1570 = ORIENTED_EDGE ( 'NONE', *, *, #1131, .T. ) ;
#1571 = ORIENTED_EDGE ( 'NONE', *, *, #1184, .F. ) ;
#1572 = ORIENTED_EDGE ( 'NONE', *, *, #1191, .T. ) ;
#1573 = ORIENTED_EDGE ( 'NONE', *, *, #1179, .F. ) ;
#1574 = ORIENTED_EDGE ( 'NONE', *, *, #1139, .T. ) ;
#1575 = ORIENTED_EDGE ( 'NONE', *, *, #1174, .F. ) ;
#1576 = ORIENTED_EDGE ( 'NONE', *, *, #1163, .T. ) ;
#1577 = ORIENTED_EDGE ( 'NONE', *, *, #1179, .T. ) ;
#1578 = ORIENTED_EDGE ( 'NONE', *, *, #1132, .F. ) ;
#1579 = ORIENTED_EDGE ( 'NONE', *, *, #1119, .T. ) ;
#1580 = ORIENTED_EDGE ( 'NONE', *, *, #1155, .F. ) ;
#1581 = ORIENTED_EDGE ( 'NONE', *, *, #1126, .T. ) ;
#1582 = ORIENTED_EDGE ( 'NONE', *, *, #1129, .T. ) ;
#1583 = ORIENTED_EDGE ( 'NONE', *, *, #1242, .F. ) ;
#1584 = ORIENTED_EDGE ( 'NONE', *, *, #1118, .F. ) ;
#1585 = ORIENTED_EDGE ( 'NONE', *, *, #1182, .T. ) ;
#1586 = ORIENTED_EDGE ( 'NONE', *, *, #1236, .F. ) ;
#1587 = ORIENTED_EDGE ( 'NONE', *, *, #1251, .T. ) ;
#1588 = ORIENTED_EDGE ( 'NONE', *, *, #1149, .T. ) ;
#1589 = ORIENTED_EDGE ( 'NONE', *, *, #1216, .F. ) ;
#1590 = ORIENTED_EDGE ( 'NONE', *, *, #1229, .F. ) ;
#1591 = CC_DESIGN_PERSON_AND_ORGANIZATION_ASSIGNMENT ( #600, #380, ( #1604 ) ) ;
#1592 = CC_DESIGN_PERSON_AND_ORGANIZATION_ASSIGNMENT ( #624, #382, ( #1611 ) ) ;
#1593 = ORIENTED_EDGE ( 'NONE', *, *, #1239, .T. ) ;
#1594 = AXIS2_PLACEMENT_3D ( 'NONE', #303, #264, #276 ) ;
#1595 = APPROVAL ( #404, 'UNSPECIFIED' ) ;
#1596 = AXIS2_PLACEMENT_3D ( 'NONE', #222, #241, #249 ) ;
#1597 = AXIS2_PLACEMENT_3D ( 'NONE', #185, #186, #209 ) ;
#1598 = ORIENTED_EDGE ( 'NONE', *, *, #1140, .T. ) ;
#1600 = ORIENTED_EDGE ( 'NONE', *, *, #1176, .T. ) ;
#1599 = AXIS2_PLACEMENT_3D ( 'NONE', #252, #230, #237 ) ;
#1601 = AXIS2_PLACEMENT_3D ( 'NONE', #231, #254, #242 ) ;
#1602 = AXIS2_PLACEMENT_3D ( 'NONE', #218, #187, #211 ) ;
#1603 = AXIS2_PLACEMENT_3D ( 'NONE', #393, #400, #408 ) ;
#1604 = PRODUCT_DEFINITION ( 'UNKNOWN', '', #1611, #3276 ) ;
#1605 = SECURITY_CLASSIFICATION ( '', '', #369 ) ;
#1606 = AXIS2_PLACEMENT_3D ( 'NONE', #251, #248, #238 ) ;
#1607 = CC_DESIGN_DATE_AND_TIME_ASSIGNMENT ( #596, #388, ( #1604 ) ) ;
#1608 = CC_DESIGN_APPROVAL ( #1622, ( #1611 ) ) ;
#1609 = CC_DESIGN_PERSON_AND_ORGANIZATION_ASSIGNMENT ( #619, #411, ( #1611 ) ) ;
#1610 = AXIS2_PLACEMENT_3D ( 'NONE', #226, #246, #245 ) ;
#1611 = PRODUCT_DEFINITION_FORMATION_WITH_SPECIFIED_SOURCE ( 'ANY', '', #1901, .NOT_KNOWN. ) ;
#1612 = APPROVAL ( #384, 'UNSPECIFIED' ) ;
#1613 = AXIS2_PLACEMENT_3D ( 'NONE', #223, #240, #243 ) ;
#1614 = CC_DESIGN_APPROVAL ( #1612, ( #1605 ) ) ;
#1615 = PRODUCT_RELATED_PRODUCT_CATEGORY ( 'detail', '', ( #1901 ) ) ;
#1616 = AXIS2_PLACEMENT_3D ( 'NONE', #214, #197, #204 ) ;
#1617 = CC_DESIGN_PERSON_AND_ORGANIZATION_ASSIGNMENT ( #595, #402, ( #1901 ) ) ;
#1618 = CC_DESIGN_SECURITY_CLASSIFICATION ( #1605, ( #1611 ) ) ;
#1619 = AXIS2_PLACEMENT_3D ( 'NONE', #199, #202, #210 ) ;
#1620 = AXIS2_PLACEMENT_3D ( 'NONE', #219, #239, #225 ) ;
#1621 = AXIS2_PLACEMENT_3D ( 'NONE', #227, #244, #229 ) ;
#1622 = APPROVAL ( #396, 'UNSPECIFIED' ) ;
#1623 = AXIS2_PLACEMENT_3D ( 'NONE', #233, #250, #236 ) ;
#1624 = AXIS2_PLACEMENT_3D ( 'NONE', #217, #213, #190 ) ;
#1625 = AXIS2_PLACEMENT_3D ( 'NONE', #207, #203, #205 ) ;
#1626 = AXIS2_PLACEMENT_3D ( 'NONE', #235, #253, #221 ) ;
#1627 =( GEOMETRIC_REPRESENTATION_CONTEXT ( 3 ) GLOBAL_UNCERTAINTY_ASSIGNED_CONTEXT ( ( #26 ) ) GLOBAL_UNIT_ASSIGNED_CONTEXT ( ( #377, #378, #390 ) ) REPRESENTATION_CONTEXT ( 'NONE', 'WORKASPACE' ) );
#1628 = AXIS2_PLACEMENT_3D ( 'NONE', #215, #216, #232 ) ;
#1629 = AXIS2_PLACEMENT_3D ( 'NONE', #255, #234, #247 ) ;
#1630 = AXIS2_PLACEMENT_3D ( 'NONE', #296, #306, #275 ) ;
#1631 = CC_DESIGN_APPROVAL ( #1595, ( #1604 ) ) ;
#1632 = CC_DESIGN_PERSON_AND_ORGANIZATION_ASSIGNMENT ( #601, #391, ( #1605 ) ) ;
#1633 = CC_DESIGN_DATE_AND_TIME_ASSIGNMENT ( #623, #383, ( #1605 ) ) ;
#1634 = ORIENTED_EDGE ( 'NONE', *, *, #1205, .T. ) ;
#1635 = ORIENTED_EDGE ( 'NONE', *, *, #1126, .F. ) ;
#1636 = ORIENTED_EDGE ( 'NONE', *, *, #1236, .T. ) ;
#1637 = ORIENTED_EDGE ( 'NONE', *, *, #1189, .T. ) ;
#1638 = ORIENTED_EDGE ( 'NONE', *, *, #1230, .T. ) ;
#1639 = ORIENTED_EDGE ( 'NONE', *, *, #1232, .T. ) ;
#1640 = ORIENTED_EDGE ( 'NONE', *, *, #1194, .T. ) ;
#1641 = ORIENTED_EDGE ( 'NONE', *, *, #1147, .F. ) ;
#1642 = FACE_OUTER_BOUND ( 'NONE', #1965, .T. ) ;
#1643 = FACE_OUTER_BOUND ( 'NONE', #1945, .T. ) ;
#1644 = ORIENTED_EDGE ( 'NONE', *, *, #1184, .T. ) ;
#1645 = ORIENTED_EDGE ( 'NONE', *, *, #1150, .T. ) ;
#1646 = ORIENTED_EDGE ( 'NONE', *, *, #1212, .F. ) ;
#1647 = ORIENTED_EDGE ( 'NONE', *, *, #1172, .T. ) ;
#1648 = ORIENTED_EDGE ( 'NONE', *, *, #1193, .T. ) ;
#1649 = ORIENTED_EDGE ( 'NONE', *, *, #1242, .T. ) ;
#1650 = ORIENTED_EDGE ( 'NONE', *, *, #1245, .T. ) ;
#1651 = ORIENTED_EDGE ( 'NONE', *, *, #1218, .T. ) ;
#1652 = ORIENTED_EDGE ( 'NONE', *, *, #1240, .F. ) ;
#1653 = ORIENTED_EDGE ( 'NONE', *, *, #1255, .T. ) ;
#1654 = ORIENTED_EDGE ( 'NONE', *, *, #1256, .T. ) ;
#1655 = ORIENTED_EDGE ( 'NONE', *, *, #1157, .T. ) ;
#1656 = ORIENTED_EDGE ( 'NONE', *, *, #1250, .T. ) ;
#1657 = ORIENTED_EDGE ( 'NONE', *, *, #1157, .F. ) ;
#1658 = ORIENTED_EDGE ( 'NONE', *, *, #1217, .T. ) ;
#1659 = ORIENTED_EDGE ( 'NONE', *, *, #1212, .T. ) ;
#1660 = ORIENTED_EDGE ( 'NONE', *, *, #1225, .T. ) ;
#1661 = ORIENTED_EDGE ( 'NONE', *, *, #1237, .T. ) ;
#1662 = ORIENTED_EDGE ( 'NONE', *, *, #1250, .F. ) ;
#1663 = ORIENTED_EDGE ( 'NONE', *, *, #1227, .T. ) ;
#1664 = ORIENTED_EDGE ( 'NONE', *, *, #1222, .T. ) ;
#1665 = ORIENTED_EDGE ( 'NONE', *, *, #1155, .T. ) ;
#1666 = ORIENTED_EDGE ( 'NONE', *, *, #1241, .T. ) ;
#1667 = ORIENTED_EDGE ( 'NONE', *, *, #1162, .T. ) ;
#1668 = ORIENTED_EDGE ( 'NONE', *, *, #1254, .T. ) ;
#1669 = ORIENTED_EDGE ( 'NONE', *, *, #1136, .T. ) ;
#1670 = ORIENTED_EDGE ( 'NONE', *, *, #1216, .T. ) ;
#1671 = ORIENTED_EDGE ( 'NONE', *, *, #1199, .T. ) ;
#1672 = ORIENTED_EDGE ( 'NONE', *, *, #1253, .T. ) ;
#1673 = ORIENTED_EDGE ( 'NONE', *, *, #1170, .F. ) ;
#1674 = ORIENTED_EDGE ( 'NONE', *, *, #1199, .F. ) ;
#1675 = ORIENTED_EDGE ( 'NONE', *, *, #1130, .T. ) ;
#1676 = ORIENTED_EDGE ( 'NONE', *, *, #1221, .T. ) ;
#1677 = ORIENTED_EDGE ( 'NONE', *, *, #1165, .F. ) ;
#1678 = ORIENTED_EDGE ( 'NONE', *, *, #1231, .T. ) ;
#1679 = ORIENTED_EDGE ( 'NONE', *, *, #1137, .T. ) ;
#1680 = ORIENTED_EDGE ( 'NONE', *, *, #1158, .F. ) ;
#1681 = ORIENTED_EDGE ( 'NONE', *, *, #1117, .F. ) ;
#1682 = ORIENTED_EDGE ( 'NONE', *, *, #1233, .T. ) ;
#1683 = ORIENTED_EDGE ( 'NONE', *, *, #1229, .T. ) ;
#1684 = ORIENTED_EDGE ( 'NONE', *, *, #1213, .T. ) ;
#1685 = ORIENTED_EDGE ( 'NONE', *, *, #1233, .F. ) ;
#1686 = ORIENTED_EDGE ( 'NONE', *, *, #1204, .F. ) ;
#1687 = ORIENTED_EDGE ( 'NONE', *, *, #1235, .T. ) ;
#1688 = ORIENTED_EDGE ( 'NONE', *, *, #1252, .T. ) ;
#1689 = ORIENTED_EDGE ( 'NONE', *, *, #1193, .F. ) ;
#1690 = ORIENTED_EDGE ( 'NONE', *, *, #1196, .T. ) ;
#1691 = FACE_OUTER_BOUND ( 'NONE', #1980, .T. ) ;
#1692 = FACE_OUTER_BOUND ( 'NONE', #1981, .T. ) ;
#1693 = FACE_OUTER_BOUND ( 'NONE', #1961, .T. ) ;
#1694 = CYLINDRICAL_SURFACE ( 'NONE', #1330, 2.950000000000001100 ) ;
#1695 = FACE_OUTER_BOUND ( 'NONE', #3156, .T. ) ;
#1696 = FACE_OUTER_BOUND ( 'NONE', #1986, .T. ) ;
#1697 = CONICAL_SURFACE ( 'NONE', #1325, 4.000000000000000000, 0.03490658503988663300 ) ;
#1698 = FACE_OUTER_BOUND ( 'NONE', #1966, .T. ) ;
#1699 = CYLINDRICAL_SURFACE ( 'NONE', #1358, 0.2000000000000000900 ) ;
#1700 = CYLINDRICAL_SURFACE ( 'NONE', #1342, 2.999999999999999100 ) ;
#1701 = FACE_OUTER_BOUND ( 'NONE', #1941, .T. ) ;
#1702 = TOROIDAL_SURFACE ( 'NONE', #1334, 3.342551765137725000, 0.5000000000000000000 ) ;
#1703 = TOROIDAL_SURFACE ( 'NONE', #1347, 4.289706632442123400, 0.3000000000000000400 ) ;
#1704 = TOROIDAL_SURFACE ( 'NONE', #1331, 7.087606695878779600, 0.5000000000000000000 ) ;
#1705 = FACE_OUTER_BOUND ( 'NONE', #1937, .T. ) ;
#1706 = FACE_OUTER_BOUND ( 'NONE', #1942, .T. ) ;
#1707 = FACE_OUTER_BOUND ( 'NONE', #1964, .T. ) ;
#1708 = CYLINDRICAL_SURFACE ( 'NONE', #1345, 2.999999999999999100 ) ;
#1709 = FACE_OUTER_BOUND ( 'NONE', #1987, .T. ) ;
#1710 = CONICAL_SURFACE ( 'NONE', #1353, 6.500000000000000900, 0.03490658503988663300 ) ;
#1711 = FACE_OUTER_BOUND ( 'NONE', #3115, .T. ) ;
#1712 = FACE_OUTER_BOUND ( 'NONE', #1976, .T. ) ;
#1713 = FACE_OUTER_BOUND ( 'NONE', #3124, .T. ) ;
#1714 = TOROIDAL_SURFACE ( 'NONE', #1333, 4.289706632442123400, 0.3000000000000000400 ) ;
#1715 = AXIS2_PLACEMENT_3D ( 'NONE', #2450, #2449, #2430 ) ;
#1716 = AXIS2_PLACEMENT_3D ( 'NONE', #2536, #2535, #2530 ) ;
#1717 = CONICAL_SURFACE ( 'NONE', #1352, 2.000000000000001800, 0.1221730476396031000 ) ;
#1718 = AXIS2_PLACEMENT_3D ( 'NONE', #2470, #2432, #2442 ) ;
#1719 = FACE_OUTER_BOUND ( 'NONE', #1985, .T. ) ;
#1720 = AXIS2_PLACEMENT_3D ( 'NONE', #2570, #2576, #2574 ) ;
#1721 = FACE_OUTER_BOUND ( 'NONE', #3155, .T. ) ;
#1722 = AXIS2_PLACEMENT_3D ( 'NONE', #2420, #2416, #2404 ) ;
#1723 = AXIS2_PLACEMENT_3D ( 'NONE', #2538, #2531, #2554 ) ;
#1724 = FACE_OUTER_BOUND ( 'NONE', #1971, .T. ) ;
#1725 = AXIS2_PLACEMENT_3D ( 'NONE', #2467, #2468, #2428 ) ;
#1726 = AXIS2_PLACEMENT_3D ( 'NONE', #2397, #2402, #2419 ) ;
#1727 = CYLINDRICAL_SURFACE ( 'NONE', #1338, 2.999999999999999100 ) ;
#1728 = AXIS2_PLACEMENT_3D ( 'NONE', #2418, #2403, #2389 ) ;
#1730 = FACE_OUTER_BOUND ( 'NONE', #1997, .T. ) ;
#1729 = AXIS2_PLACEMENT_3D ( 'NONE', #2549, #2537, #2539 ) ;
#1731 = FACE_OUTER_BOUND ( 'NONE', #1983, .T. ) ;
#1732 = FACE_OUTER_BOUND ( 'NONE', #2015, .T. ) ;
#1733 = CYLINDRICAL_SURFACE ( 'NONE', #1350, 0.1999999999999996500 ) ;
#1734 = FACE_OUTER_BOUND ( 'NONE', #2005, .T. ) ;
#1735 = CYLINDRICAL_SURFACE ( 'NONE', #1340, 0.2000000000000005100 ) ;
#1736 = AXIS2_PLACEMENT_3D ( 'NONE', #2563, #2545, #2560 ) ;
#1737 = FACE_OUTER_BOUND ( 'NONE', #1974, .T. ) ;
#1739 = CYLINDRICAL_SURFACE ( 'NONE', #1343, 2.950000000000001100 ) ;
#1738 = AXIS2_PLACEMENT_3D ( 'NONE', #2559, #2544, #2552 ) ;
#1740 = FACE_OUTER_BOUND ( 'NONE', #2025, .T. ) ;
#1741 = AXIS2_PLACEMENT_3D ( 'NONE', #2243, #2270, #2255 ) ;
#1742 = CYLINDRICAL_SURFACE ( 'NONE', #1337, 0.2000000000000005100 ) ;
#1743 = CONICAL_SURFACE ( 'NONE', #1322, 6.500000000000000900, 0.03490658503988663300 ) ;
#1744 = AXIS2_PLACEMENT_3D ( 'NONE', #2405, #2387, #2407 ) ;
#1745 = FACE_BOUND ( 'NONE', #1977, .T. ) ;
#1746 = AXIS2_PLACEMENT_3D ( 'NONE', #2409, #2382, #2379 ) ;
#1747 = FACE_OUTER_BOUND ( 'NONE', #2003, .T. ) ;
#1748 = AXIS2_PLACEMENT_3D ( 'NONE', #2262, #2264, #2267 ) ;
#1749 = FACE_OUTER_BOUND ( 'NONE', #1984, .T. ) ;
#1750 = FACE_BOUND ( 'NONE', #2011, .T. ) ;
#1751 = AXIS2_PLACEMENT_3D ( 'NONE', #2269, #2246, #2256 ) ;
#1752 = FACE_OUTER_BOUND ( 'NONE', #2009, .T. ) ;
#1753 = AXIS2_PLACEMENT_3D ( 'NONE', #2254, #2278, #2248 ) ;
#1754 = CYLINDRICAL_SURFACE ( 'NONE', #1348, 2.000000000000000000 ) ;
#1755 = FACE_OUTER_BOUND ( 'NONE', #1996, .T. ) ;
#1756 = TOROIDAL_SURFACE ( 'NONE', #1349, 3.342551765137725000, 0.5000000000000000000 ) ;
#1757 = FACE_OUTER_BOUND ( 'NONE', #1973, .T. ) ;
#1758 = FACE_OUTER_BOUND ( 'NONE', #3140, .T. ) ;
#1759 = AXIS2_PLACEMENT_3D ( 'NONE', #2186, #2214, #2208 ) ;
#1760 = FACE_OUTER_BOUND ( 'NONE', #1959, .T. ) ;
#1762 = FACE_OUTER_BOUND ( 'NONE', #1944, .T. ) ;
#1761 = AXIS2_PLACEMENT_3D ( 'NONE', #2503, #2522, #2476 ) ;
#1763 = AXIS2_PLACEMENT_3D ( 'NONE', #2263, #2258, #2245 ) ;
#1764 = AXIS2_PLACEMENT_3D ( 'NONE', #2273, #2260, #2244 ) ;
#1765 = FACE_BOUND ( 'NONE', #1970, .T. ) ;
#1766 = AXIS2_PLACEMENT_3D ( 'NONE', #2271, #2261, #2251 ) ;
#1767 = CYLINDRICAL_SURFACE ( 'NONE', #1321, 0.2000000000000002100 ) ;
#1768 = AXIS2_PLACEMENT_3D ( 'NONE', #2280, #2253, #2282 ) ;
#1769 = AXIS2_PLACEMENT_3D ( 'NONE', #2433, #2465, #2437 ) ;
#1770 = FACE_OUTER_BOUND ( 'NONE', #2000, .T. ) ;
#1771 = FACE_BOUND ( 'NONE', #1999, .T. ) ;
#1772 = FACE_BOUND ( 'NONE', #2022, .T. ) ;
#1773 = FACE_OUTER_BOUND ( 'NONE', #1979, .T. ) ;
#1774 = FACE_BOUND ( 'NONE', #1938, .T. ) ;
#1775 = CONICAL_SURFACE ( 'NONE', #1725, 4.000000000000000000, 0.03490658503988663300 ) ;
#1776 = AXIS2_PLACEMENT_3D ( 'NONE', #2274, #2249, #2276 ) ;
#1777 = FACE_OUTER_BOUND ( 'NONE', #3117, .T. ) ;
#1778 = AXIS2_PLACEMENT_3D ( 'NONE', #2725, #2740, #2742 ) ;
#1779 = FACE_OUTER_BOUND ( 'NONE', #3135, .T. ) ;
#1780 = AXIS2_PLACEMENT_3D ( 'NONE', #2789, #2788, #2786 ) ;
#1781 = FACE_OUTER_BOUND ( 'NONE', #1948, .T. ) ;
#1782 = AXIS2_PLACEMENT_3D ( 'NONE', #2734, #2735, #2748 ) ;
#1783 = AXIS2_PLACEMENT_3D ( 'NONE', #2753, #2763, #2749 ) ;
#1784 = AXIS2_PLACEMENT_3D ( 'NONE', #2797, #2800, #2799 ) ;
#1785 = AXIS2_PLACEMENT_3D ( 'NONE', #2815, #2803, #2804 ) ;
#1786 = AXIS2_PLACEMENT_3D ( 'NONE', #2813, #2806, #2812 ) ;
#1787 = AXIS2_PLACEMENT_3D ( 'NONE', #2582, #2585, #2611 ) ;
#1788 = AXIS2_PLACEMENT_3D ( 'NONE', #2635, #2627, #2636 ) ;
#1789 = AXIS2_PLACEMENT_3D ( 'NONE', #2654, #2661, #2641 ) ;
#1790 = AXIS2_PLACEMENT_3D ( 'NONE', #2647, #2646, #2637 ) ;
#1791 = AXIS2_PLACEMENT_3D ( 'NONE', #2744, #2745, #2716 ) ;
#1792 = AXIS2_PLACEMENT_3D ( 'NONE', #2783, #2790, #2814 ) ;
#1793 = AXIS2_PLACEMENT_3D ( 'NONE', #2720, #2746, #2733 ) ;
#1794 = AXIS2_PLACEMENT_3D ( 'NONE', #2633, #2629, #2644 ) ;
#1795 = AXIS2_PLACEMENT_3D ( 'NONE', #2769, #2774, #2775 ) ;
#1796 = AXIS2_PLACEMENT_3D ( 'NONE', #2796, #2798, #2784 ) ;
#1797 = AXIS2_PLACEMENT_3D ( 'NONE', #2653, #2640, #2626 ) ;
#1798 = AXIS2_PLACEMENT_3D ( 'NONE', #2850, #2822, #2829 ) ;
#1799 = AXIS2_PLACEMENT_3D ( 'NONE', #2851, #2837, #2830 ) ;
#1800 = AXIS2_PLACEMENT_3D ( 'NONE', #2854, #2835, #2841 ) ;
#1801 = AXIS2_PLACEMENT_3D ( 'NONE', #2892, #2870, #2864 ) ;
#1802 = AXIS2_PLACEMENT_3D ( 'NONE', #2649, #2650, #2625 ) ;
#1803 = AXIS2_PLACEMENT_3D ( 'NONE', #2638, #2651, #2659 ) ;
#1804 = AXIS2_PLACEMENT_3D ( 'NONE', #2827, #2836, #2834 ) ;
#1805 = AXIS2_PLACEMENT_3D ( 'NONE', #2550, #2561, #2562 ) ;
#1806 = AXIS2_PLACEMENT_3D ( 'NONE', #2828, #2858, #2859 ) ;
#1807 = AXIS2_PLACEMENT_3D ( 'NONE', #2839, #2848, #2852 ) ;
#1808 = AXIS2_PLACEMENT_3D ( 'NONE', #2612, #2624, #2586 ) ;
#1809 = AXIS2_PLACEMENT_3D ( 'NONE', #2595, #2598, #2599 ) ;
#1810 = AXIS2_PLACEMENT_3D ( 'NONE', #2587, #2594, #2615 ) ;
#1811 = AXIS2_PLACEMENT_3D ( 'NONE', #2717, #2736, #2718 ) ;
#1812 = AXIS2_PLACEMENT_3D ( 'NONE', #2761, #2772, #2762 ) ;
#1813 = AXIS2_PLACEMENT_3D ( 'NONE', #2583, #2601, #2609 ) ;
#1814 = AXIS2_PLACEMENT_3D ( 'NONE', #2603, #2607, #2613 ) ;
#1815 = AXIS2_PLACEMENT_3D ( 'NONE', #2593, #2602, #2591 ) ;
#1816 = AXIS2_PLACEMENT_3D ( 'NONE', #2768, #2756, #2770 ) ;
#1817 = AXIS2_PLACEMENT_3D ( 'NONE', #2605, #2617, #2604 ) ;
#1818 = AXIS2_PLACEMENT_3D ( 'NONE', #2588, #2614, #2606 ) ;
#1819 = AXIS2_PLACEMENT_3D ( 'NONE', #2590, #2608, #2616 ) ;
#1820 = AXIS2_PLACEMENT_3D ( 'NONE', #2619, #2620, #2592 ) ;
#1821 = AXIS2_PLACEMENT_3D ( 'NONE', #2816, #2787, #2794 ) ;
#1822 = AXIS2_PLACEMENT_3D ( 'NONE', #2589, #2596, #2597 ) ;
#1823 = AXIS2_PLACEMENT_3D ( 'NONE', #2694, #2701, #2680 ) ;
#1824 = AXIS2_PLACEMENT_3D ( 'NONE', #2802, #2791, #2785 ) ;
#1825 = AXIS2_PLACEMENT_3D ( 'NONE', #2681, #2662, #2684 ) ;
#1826 = AXIS2_PLACEMENT_3D ( 'NONE', #2657, #2643, #2648 ) ;
#1827 = AXIS2_PLACEMENT_3D ( 'NONE', #2808, #2817, #2811 ) ;
#1828 = AXIS2_PLACEMENT_3D ( 'NONE', #165, #181, #182 ) ;
#1829 = AXIS2_PLACEMENT_3D ( 'NONE', #2318, #2319, #2399 ) ;
#1830 = AXIS2_PLACEMENT_3D ( 'NONE', #50, #62, #65 ) ;
#1831 = AXIS2_PLACEMENT_3D ( 'NONE', #160, #167, #168 ) ;
#1832 = AXIS2_PLACEMENT_3D ( 'NONE', #173, #174, #176 ) ;
#1833 = AXIS2_PLACEMENT_3D ( 'NONE', #51, #60, #61 ) ;
#1834 = AXIS2_PLACEMENT_3D ( 'NONE', #88, #76, #87 ) ;
#1835 = AXIS2_PLACEMENT_3D ( 'NONE', #79, #73, #81 ) ;
#1836 = AXIS2_PLACEMENT_3D ( 'NONE', #82, #85, #90 ) ;
#1837 = AXIS2_PLACEMENT_3D ( 'NONE', #114, #91, #94 ) ;
#1838 = AXIS2_PLACEMENT_3D ( 'NONE', #129, #137, #153 ) ;
#1839 = AXIS2_PLACEMENT_3D ( 'NONE', #63, #55, #70 ) ;
#1840 = AXIS2_PLACEMENT_3D ( 'NONE', #140, #130, #131 ) ;
#1841 = AXIS2_PLACEMENT_3D ( 'NONE', #183, #163, #175 ) ;
#1842 = AXIS2_PLACEMENT_3D ( 'NONE', #2935, #2943, #2927 ) ;
#1843 = AXIS2_PLACEMENT_3D ( 'NONE', #117, #98, #99 ) ;
#1844 = AXIS2_PLACEMENT_3D ( 'NONE', #2982, #2967, #2974 ) ;
#1845 = AXIS2_PLACEMENT_3D ( 'NONE', #77, #72, #80 ) ;
#1846 = AXIS2_PLACEMENT_3D ( 'NONE', #2993, #2966, #2978 ) ;
#1847 = AXIS2_PLACEMENT_3D ( 'NONE', #155, #138, #148 ) ;
#1848 = AXIS2_PLACEMENT_3D ( 'NONE', #2866, #2861, #2884 ) ;
#1849 = AXIS2_PLACEMENT_3D ( 'NONE', #147, #154, #127 ) ;
#1850 = AXIS2_PLACEMENT_3D ( 'NONE', #83, #84, #93 ) ;
#1851 = AXIS2_PLACEMENT_3D ( 'NONE', #116, #152, #128 ) ;
#1852 = AXIS2_PLACEMENT_3D ( 'NONE', #59, #68, #53 ) ;
#1853 = AXIS2_PLACEMENT_3D ( 'NONE', #108, #118, #92 ) ;
#1854 = AXIS2_PLACEMENT_3D ( 'NONE', #136, #139, #145 ) ;
#1855 = AXIS2_PLACEMENT_3D ( 'NONE', #146, #143, #149 ) ;
#1856 = AXIS2_PLACEMENT_3D ( 'NONE', #177, #180, #162 ) ;
#1857 = AXIS2_PLACEMENT_3D ( 'NONE', #2880, #2895, #2888 ) ;
#1858 = AXIS2_PLACEMENT_3D ( 'NONE', #78, #75, #86 ) ;
#1859 = AXIS2_PLACEMENT_3D ( 'NONE', #3038, #3006, #3040 ) ;
#1860 = TOROIDAL_SURFACE ( 'NONE', #1776, 4.289706632442123400, 0.3000000000000000400 ) ;
#1861 = CYLINDRICAL_SURFACE ( 'NONE', #1102, 2.950000000000001100 ) ;
#1862 = FACE_OUTER_BOUND ( 'NONE', #1958, .T. ) ;
#1863 = FACE_OUTER_BOUND ( 'NONE', #1991, .T. ) ;
#1864 = CYLINDRICAL_SURFACE ( 'NONE', #1113, 2.999999999999999100 ) ;
#1865 = TOROIDAL_SURFACE ( 'NONE', #1104, 4.289706632442123400, 0.3000000000000000400 ) ;
#1866 = FACE_OUTER_BOUND ( 'NONE', #3114, .T. ) ;
#1867 = FACE_OUTER_BOUND ( 'NONE', #3116, .T. ) ;
#1868 = TOROIDAL_SURFACE ( 'NONE', #1361, 3.342551765137725000, 0.5000000000000000000 ) ;
#1869 = CYLINDRICAL_SURFACE ( 'NONE', #1107, 2.950000000000001100 ) ;
#1870 = FACE_OUTER_BOUND ( 'NONE', #1998, .T. ) ;
#1871 = FACE_OUTER_BOUND ( 'NONE', #2001, .T. ) ;
#1872 = FACE_OUTER_BOUND ( 'NONE', #2021, .T. ) ;
#1873 = CYLINDRICAL_SURFACE ( 'NONE', #1766, 0.2000000000000002300 ) ;
#1874 = FACE_OUTER_BOUND ( 'NONE', #1967, .T. ) ;
#1875 = FACE_OUTER_BOUND ( 'NONE', #1932, .T. ) ;
#1876 = CYLINDRICAL_SURFACE ( 'NONE', #1110, 2.999999999999999100 ) ;
#1877 = FACE_OUTER_BOUND ( 'NONE', #2023, .T. ) ;
#1878 = FACE_OUTER_BOUND ( 'NONE', #1994, .T. ) ;
#1879 = FACE_OUTER_BOUND ( 'NONE', #2020, .T. ) ;
#1880 = FACE_BOUND ( 'NONE', #1993, .T. ) ;
#1881 = CYLINDRICAL_SURFACE ( 'NONE', #1112, 0.1999999999999996500 ) ;
#1882 = FACE_OUTER_BOUND ( 'NONE', #1972, .T. ) ;
#1883 = FACE_OUTER_BOUND ( 'NONE', #1992, .T. ) ;
#1884 = FACE_OUTER_BOUND ( 'NONE', #2019, .T. ) ;
#1885 = FACE_OUTER_BOUND ( 'NONE', #2010, .T. ) ;
#1886 = FACE_OUTER_BOUND ( 'NONE', #1940, .T. ) ;
#1887 = FACE_OUTER_BOUND ( 'NONE', #2013, .T. ) ;
#1888 = CONICAL_SURFACE ( 'NONE', #1111, 4.000000000000000000, 0.03490658503988663300 ) ;
#1889 = FACE_OUTER_BOUND ( 'NONE', #2016, .T. ) ;
#1890 = FACE_OUTER_BOUND ( 'NONE', #1962, .T. ) ;
#1891 = FACE_OUTER_BOUND ( 'NONE', #1978, .T. ) ;
#1892 = TOROIDAL_SURFACE ( 'NONE', #1764, 3.463563020768479100, 0.2000000000000000100 ) ;
#1893 = CYLINDRICAL_SURFACE ( 'NONE', #1741, 2.999999999999999600 ) ;
#1894 = FACE_OUTER_BOUND ( 'NONE', #1989, .T. ) ;
#1895 = CYLINDRICAL_SURFACE ( 'NONE', #1751, 0.1999999999999996500 ) ;
#1896 = FACE_OUTER_BOUND ( 'NONE', #3150, .T. ) ;
#1897 = CONICAL_SURFACE ( 'NONE', #1748, 4.500000000000000900, 0.1221730476396031000 ) ;
#1898 = CYLINDRICAL_SURFACE ( 'NONE', #1763, 0.2000000000000002300 ) ;
#1899 = FACE_OUTER_BOUND ( 'NONE', #3137, .T. ) ;
#1900 = TOROIDAL_SURFACE ( 'NONE', #1718, 3.463563020768479100, 0.2000000000000000100 ) ;
#1901 = PRODUCT ( 'ALP4050', 'ALP4050', '', ( #401 ) ) ;
#1902 = PERSON ( 'UNSPECIFIED', 'UNSPECIFIED', 'UNSPECIFIED', ('UNSPECIFIED'), ('UNSPECIFIED'), ('UNSPECIFIED') ) ;
#1903 = FACE_OUTER_BOUND ( 'NONE', #3157, .T. ) ;
#1904 = FACE_OUTER_BOUND ( 'NONE', #2018, .T. ) ;
#1905 = FACE_OUTER_BOUND ( 'NONE', #2004, .T. ) ;
#1906 = FACE_OUTER_BOUND ( 'NONE', #2002, .T. ) ;
#1907 = FACE_OUTER_BOUND ( 'NONE', #2026, .T. ) ;
#1908 = CYLINDRICAL_SURFACE ( 'NONE', #1746, 0.1999999999999996500 ) ;
#1909 = FACE_OUTER_BOUND ( 'NONE', #1936, .T. ) ;
#1910 = FACE_OUTER_BOUND ( 'NONE', #2031, .T. ) ;
#1911 = TOROIDAL_SURFACE ( 'NONE', #1753, 3.036436979231521800, 0.2000000000000000100 ) ;
#1912 = FACE_OUTER_BOUND ( 'NONE', #3123, .T. ) ;
#1913 = CYLINDRICAL_SURFACE ( 'NONE', #1768, 0.2000000000000005100 ) ;
#1914 = FACE_OUTER_BOUND ( 'NONE', #1982, .T. ) ;
#1915 = ORIENTED_EDGE ( 'NONE', *, *, #1324, .F. ) ;
#1916 = CYLINDRICAL_SURFACE ( 'NONE', #1726, 0.2000000000000002300 ) ;
#1917 = FACE_OUTER_BOUND ( 'NONE', #3119, .T. ) ;
#1918 = CYLINDRICAL_SURFACE ( 'NONE', #1744, 2.000000000000000000 ) ;
#1919 = FACE_OUTER_BOUND ( 'NONE', #2030, .T. ) ;
#1920 = FACE_OUTER_BOUND ( 'NONE', #1988, .T. ) ;
#1921 = ORIENTED_EDGE ( 'NONE', *, *, #1248, .F. ) ;
#1922 = FACE_OUTER_BOUND ( 'NONE', #2029, .T. ) ;
#1923 = FACE_OUTER_BOUND ( 'NONE', #3154, .T. ) ;
#1924 = CYLINDRICAL_SURFACE ( 'NONE', #1728, 0.2000000000000002100 ) ;
#1925 = FACE_OUTER_BOUND ( 'NONE', #1995, .T. ) ;
#1926 = CONICAL_SURFACE ( 'NONE', #1715, 2.000000000000001800, 0.1221730476396031000 ) ;
#1927 = CYLINDRICAL_SURFACE ( 'NONE', #1722, 0.2000000000000000900 ) ;
#1928 = ORIENTED_EDGE ( 'NONE', *, *, #1307, .F. ) ;
#1929 = ORIENTED_EDGE ( 'NONE', *, *, #1149, .F. ) ;
#1930 = ORIENTED_EDGE ( 'NONE', *, *, #1259, .F. ) ;
#1931 = ORIENTED_EDGE ( 'NONE', *, *, #1209, .F. ) ;
#1932 = EDGE_LOOP ( 'NONE', ( #3138, #3127, #3186, #3143, #3149 ) ) ;
#1933 = EDGE_LOOP ( 'NONE', ( #3206, #3243, #3248, #3190 ) ) ;
#1934 = ORIENTED_EDGE ( 'NONE', *, *, #1224, .F. ) ;
#1935 = ORIENTED_EDGE ( 'NONE', *, *, #1311, .F. ) ;
#1936 = EDGE_LOOP ( 'NONE', ( #2094, #2111, #2115, #2077 ) ) ;
#1937 = EDGE_LOOP ( 'NONE', ( #1655, #1684, #1656, #1647 ) ) ;
#1938 = EDGE_LOOP ( 'NONE', ( #1675, #1651 ) ) ;
#1939 = ORIENTED_EDGE ( 'NONE', *, *, #1288, .F. ) ;
#1940 = EDGE_LOOP ( 'NONE', ( #3239, #3246, #3245, #3262 ) ) ;
#1941 = EDGE_LOOP ( 'NONE', ( #3231, #3254, #3260, #3261 ) ) ;
#1942 = EDGE_LOOP ( 'NONE', ( #3271, #3272, #3263, #3274 ) ) ;
#1943 = ORIENTED_EDGE ( 'NONE', *, *, #1360, .T. ) ;
#1944 = EDGE_LOOP ( 'NONE', ( #3244, #3185, #3209, #3182 ) ) ;
#1945 = EDGE_LOOP ( 'NONE', ( #1662, #1640, #1685, #1677 ) ) ;
#1946 = ORIENTED_EDGE ( 'NONE', *, *, #1312, .F. ) ;
#1947 = EDGE_LOOP ( 'NONE', ( #3181, #3151, #3126, #3195, #3105, #3111, #3166, #3125 ) ) ;
#1948 = EDGE_LOOP ( 'NONE', ( #1583, #1639, #1659, #1687 ) ) ;
#1949 = ORIENTED_EDGE ( 'NONE', *, *, #1259, .T. ) ;
#1950 = ORIENTED_EDGE ( 'NONE', *, *, #1284, .F. ) ;
#1951 = ORIENTED_EDGE ( 'NONE', *, *, #1360, .F. ) ;
#1952 = EDGE_LOOP ( 'NONE', ( #2116, #2113, #2096, #2114 ) ) ;
#1953 = ORIENTED_EDGE ( 'NONE', *, *, #1235, .F. ) ;
#1954 = ORIENTED_EDGE ( 'NONE', *, *, #1213, .F. ) ;
#1955 = ORIENTED_EDGE ( 'NONE', *, *, #1296, .F. ) ;
#1956 = ORIENTED_EDGE ( 'NONE', *, *, #1201, .F. ) ;
#1957 = ORIENTED_EDGE ( 'NONE', *, *, #1217, .F. ) ;
#1958 = EDGE_LOOP ( 'NONE', ( #3270, #3218, #3242, #3214 ) ) ;
#1959 = EDGE_LOOP ( 'NONE', ( #3265, #3267, #3251, #3253 ) ) ;
#1960 = ORIENTED_EDGE ( 'NONE', *, *, #1194, .F. ) ;
#1961 = EDGE_LOOP ( 'NONE', ( #3238, #3224, #3225, #3256 ) ) ;
#1962 = EDGE_LOOP ( 'NONE', ( #2049, #2098, #2053, #2052 ) ) ;
#1963 = ORIENTED_EDGE ( 'NONE', *, *, #1324, .T. ) ;
#1964 = EDGE_LOOP ( 'NONE', ( #1590, #1645, #1589, #1673 ) ) ;
#1965 = EDGE_LOOP ( 'NONE', ( #3273, #3226, #3221, #3233 ) ) ;
#1966 = EDGE_LOOP ( 'NONE', ( #3268, #3241, #3211, #3213, #3216 ) ) ;
#1967 = EDGE_LOOP ( 'NONE', ( #3215, #3229, #3227, #3275 ) ) ;
#1968 = ORIENTED_EDGE ( 'NONE', *, *, #1296, .T. ) ;
#1969 = ORIENTED_EDGE ( 'NONE', *, *, #1308, .F. ) ;
#1970 = EDGE_LOOP ( 'NONE', ( #1573, #1575 ) ) ;
#1971 = EDGE_LOOP ( 'NONE', ( #2035, #2071, #2101, #2123 ) ) ;
#1972 = EDGE_LOOP ( 'NONE', ( #1672, #1669, #1649, #1676 ) ) ;
#1973 = EDGE_LOOP ( 'NONE', ( #3108, #3118, #3107, #3110 ) ) ;
#1974 = EDGE_LOOP ( 'NONE', ( #3235, #3175, #3197, #3240 ) ) ;
#1975 = EDGE_LOOP ( 'NONE', ( #3177, #3176, #3219, #3191 ) ) ;
#1976 = EDGE_LOOP ( 'NONE', ( #1670, #1650, #1636, #1637 ) ) ;
#1977 = EDGE_LOOP ( 'NONE', ( #1568, #1552 ) ) ;
#1978 = EDGE_LOOP ( 'NONE', ( #3198, #3172, #3217, #3168 ) ) ;
#1979 = EDGE_LOOP ( 'NONE', ( #1547, #1555, #1560, #1553, #1580, #1581, #1571, #1546 ) ) ;
#1980 = EDGE_LOOP ( 'NONE', ( #1686, #1688, #3174, #3128 ) ) ;
#1981 = EDGE_LOOP ( 'NONE', ( #3269, #3250, #3199, #3184, #3170, #3247, #3171, #3164 ) ) ;
#1982 = EDGE_LOOP ( 'NONE', ( #3258, #3212, #3259, #3207 ) ) ;
#1983 = EDGE_LOOP ( 'NONE', ( #1646, #1668, #1661, #1658 ) ) ;
#1984 = EDGE_LOOP ( 'NONE', ( #1648, #1660, #1683, #1644 ) ) ;
#1985 = EDGE_LOOP ( 'NONE', ( #3228, #3203, #3220, #3222 ) ) ;
#1986 = EDGE_LOOP ( 'NONE', ( #1587, #1593, #1666, #1598, #1634 ) ) ;
#1987 = EDGE_LOOP ( 'NONE', ( #1577, #1563, #1565, #1564, #1550 ) ) ;
#1988 = EDGE_LOOP ( 'NONE', ( #3249, #3234, #2070, #2047 ) ) ;
#1989 = EDGE_LOOP ( 'NONE', ( #2061, #2040, #2033, #2044 ) ) ;
#1990 = EDGE_LOOP ( 'NONE', ( #1538, #1530, #1520, #1533 ) ) ;
#1991 = EDGE_LOOP ( 'NONE', ( #2036, #2091, #2063, #2082 ) ) ;
#1992 = EDGE_LOOP ( 'NONE', ( #1477, #1501 ) ) ;
#1993 = EDGE_LOOP ( 'NONE', ( #2068, #2069 ) ) ;
#1994 = EDGE_LOOP ( 'NONE', ( #1681, #1653, #1654, #1678 ) ) ;
#1995 = EDGE_LOOP ( 'NONE', ( #3266, #3200, #3204, #3232 ) ) ;
#1996 = EDGE_LOOP ( 'NONE', ( #3120, #3113, #3132, #3145, #3139 ) ) ;
#1997 = EDGE_LOOP ( 'NONE', ( #3130, #3103, #3169, #3193, #3162 ) ) ;
#1998 = EDGE_LOOP ( 'NONE', ( #1682, #1638, #1671, #1665 ) ) ;
#1999 = EDGE_LOOP ( 'NONE', ( #1572, #1559 ) ) ;
#2000 = EDGE_LOOP ( 'NONE', ( #1537, #1472 ) ) ;
#2001 = EDGE_LOOP ( 'NONE', ( #1674, #1663, #1689, #1635 ) ) ;
#2002 = EDGE_LOOP ( 'NONE', ( #2104, #2072, #2118, #2078 ) ) ;
#2003 = EDGE_LOOP ( 'NONE', ( #2059, #2079, #2083, #2064 ) ) ;
#2004 = EDGE_LOOP ( 'NONE', ( #1507, #1474, #1536, #1514 ) ) ;
#2005 = EDGE_LOOP ( 'NONE', ( #1509, #1483, #1485, #1498 ) ) ;
#2006 = EDGE_LOOP ( 'NONE', ( #2081, #2045, #2043, #2046 ) ) ;
#2007 = EDGE_LOOP ( 'NONE', ( #1504, #1494 ) ) ;
#2008 = EDGE_LOOP ( 'NONE', ( #3178, #3264, #3252, #3208 ) ) ;
#2009 = EDGE_LOOP ( 'NONE', ( #1943, #1957, #1950, #1960 ) ) ;
#2010 = EDGE_LOOP ( 'NONE', ( #1471, #1473, #1481, #1522 ) ) ;
#2011 = EDGE_LOOP ( 'NONE', ( #1558, #1584, #1578, #1579, #1556, #1582, #1551, #1569, #1570, #1588, #1600, #1585 ) ) ;
#2012 = EDGE_LOOP ( 'NONE', ( #1929, #1928, #1930, #1931 ) ) ;
#2013 = EDGE_LOOP ( 'NONE', ( #3142, #3202, #3160, #3179, #3136 ) ) ;
#2014 = EDGE_LOOP ( 'NONE', ( #2117, #1956, #1955, #1934 ) ) ;
#2015 = EDGE_LOOP ( 'NONE', ( #2074, #2056, #2073, #2075 ) ) ;
#2016 = EDGE_LOOP ( 'NONE', ( #3122, #3131, #3129, #3165 ) ) ;
#2017 = EDGE_LOOP ( 'NONE', ( #3237, #3201, #3223, #3205 ) ) ;
#2018 = EDGE_LOOP ( 'NONE', ( #2092, #2110, #2086, #2054 ) ) ;
#2019 = EDGE_LOOP ( 'NONE', ( #1652, #1667, #1690, #1664, #1641 ) ) ;
#2020 = EDGE_LOOP ( 'NONE', ( #3102, #3194, #3180, #3112 ) ) ;
#2021 = EDGE_LOOP ( 'NONE', ( #2120, #2112, #2050, #2093 ) ) ;
#2022 = EDGE_LOOP ( 'NONE', ( #1562, #1554, #1544, #1545, #1548, #1557, #1567, #1576, #1566, #1549, #1561, #1574 ) ) ;
#2023 = EDGE_LOOP ( 'NONE', ( #1586, #1679, #1657, #1680 ) ) ;
#2024 = EDGE_LOOP ( 'NONE', ( #1489, #1479, #1526, #1506, #1535 ) ) ;
#2025 = EDGE_LOOP ( 'NONE', ( #3152, #3153, #3109, #3106, #3236 ) ) ;
#2026 = EDGE_LOOP ( 'NONE', ( #2066, #2057, #2051, #2062 ) ) ;
#2027 = EDGE_LOOP ( 'NONE', ( #3121, #3141, #3148, #3158 ) ) ;
#2028 = EDGE_LOOP ( 'NONE', ( #3196, #3144, #3147, #3159, #3188 ) ) ;
#2029 = EDGE_LOOP ( 'NONE', ( #3187, #3163, #3167, #3189 ) ) ;
#2030 = EDGE_LOOP ( 'NONE', ( #3183, #3192, #3230, #3173 ) ) ;
#2031 = EDGE_LOOP ( 'NONE', ( #3255, #3210, #3161, #3257 ) ) ;
#2032 = ORIENTED_EDGE ( 'NONE', *, *, #1339, .F. ) ;
#2033 = ORIENTED_EDGE ( 'NONE', *, *, #1154, .T. ) ;
#2034 = ORIENTED_EDGE ( 'NONE', *, *, #1355, .T. ) ;
#2035 = ORIENTED_EDGE ( 'NONE', *, *, #1283, .T. ) ;
#2036 = ORIENTED_EDGE ( 'NONE', *, *, #1309, .T. ) ;
#2037 = ORIENTED_EDGE ( 'NONE', *, *, #1335, .F. ) ;
#2038 = ORIENTED_EDGE ( 'NONE', *, *, #1129, .F. ) ;
#2039 = ORIENTED_EDGE ( 'NONE', *, *, #1269, .T. ) ;
#2040 = ORIENTED_EDGE ( 'NONE', *, *, #1145, .F. ) ;
#2041 = CLOSED_SHELL ( 'NONE', ( #763, #772, #760, #794, #753, #801, #790, #754, #758, #761, #780, #781, #791, #759, #764, #805, #787, #773, #797, #755, #795, #756, #757, #798, #803, #762, #792, #799, #775, #806, #834, #825, #776, #840, #826, #785, #830, #779, #845, #767, #843, #770, #820, #831, #777, #814, #844, #812, #807, #782, #822, #819, #816, #783, #808, #817, #818, #789, #837, #769, #800, #827, #846, #813, #815, #810, #835, #838, #841, #784, #842, #824, #765, #771, #804, #809, #833, #796, #828, #821, #766, #836, #823, #839, #786, #778, #829, #802, #793, #774, #811, #768, #788, #832 ) ) ;
#2042 = ORIENTED_EDGE ( 'NONE', *, *, #1125, .T. ) ;
#2043 = ORIENTED_EDGE ( 'NONE', *, *, #1124, .T. ) ;
#2044 = ORIENTED_EDGE ( 'NONE', *, *, #1156, .F. ) ;
#2045 = ORIENTED_EDGE ( 'NONE', *, *, #1167, .F. ) ;
#2046 = ORIENTED_EDGE ( 'NONE', *, *, #1287, .F. ) ;
#2047 = ORIENTED_EDGE ( 'NONE', *, *, #1205, .F. ) ;
#2048 = ORIENTED_EDGE ( 'NONE', *, *, #1316, .F. ) ;
#2049 = ORIENTED_EDGE ( 'NONE', *, *, #1266, .T. ) ;
#2050 = ORIENTED_EDGE ( 'NONE', *, *, #1269, .F. ) ;
#2051 = ORIENTED_EDGE ( 'NONE', *, *, #1283, .F. ) ;
#2052 = ORIENTED_EDGE ( 'NONE', *, *, #1292, .F. ) ;
#2053 = ORIENTED_EDGE ( 'NONE', *, *, #1275, .F. ) ;
#2054 = ORIENTED_EDGE ( 'NONE', *, *, #1286, .F. ) ;
#2055 = ORIENTED_EDGE ( 'NONE', *, *, #1182, .F. ) ;
#2056 = ORIENTED_EDGE ( 'NONE', *, *, #1326, .F. ) ;
#2057 = ORIENTED_EDGE ( 'NONE', *, *, #1303, .F. ) ;
#2058 = ORIENTED_EDGE ( 'NONE', *, *, #1265, .F. ) ;
#2059 = ORIENTED_EDGE ( 'NONE', *, *, #1159, .F. ) ;
#2060 = ORIENTED_EDGE ( 'NONE', *, *, #1168, .F. ) ;
#2061 = ORIENTED_EDGE ( 'NONE', *, *, #1138, .F. ) ;
#2062 = ORIENTED_EDGE ( 'NONE', *, *, #1251, .F. ) ;
#2063 = ORIENTED_EDGE ( 'NONE', *, *, #1306, .T. ) ;
#2064 = ORIENTED_EDGE ( 'NONE', *, *, #1282, .F. ) ;
#2065 = ORIENTED_EDGE ( 'NONE', *, *, #1142, .T. ) ;
#2066 = ORIENTED_EDGE ( 'NONE', *, *, #1305, .T. ) ;
#2067 = ORIENTED_EDGE ( 'NONE', *, *, #1263, .F. ) ;
#2068 = ORIENTED_EDGE ( 'NONE', *, *, #1355, .F. ) ;
#2069 = ORIENTED_EDGE ( 'NONE', *, *, #1120, .F. ) ;
#2070 = ORIENTED_EDGE ( 'NONE', *, *, #1305, .F. ) ;
#2071 = ORIENTED_EDGE ( 'NONE', *, *, #1219, .F. ) ;
#2072 = ORIENTED_EDGE ( 'NONE', *, *, #1294, .F. ) ;
#2073 = ORIENTED_EDGE ( 'NONE', *, *, #1128, .T. ) ;
#2074 = ORIENTED_EDGE ( 'NONE', *, *, #1121, .F. ) ;
#2075 = ORIENTED_EDGE ( 'NONE', *, *, #1356, .F. ) ;
#2076 = ORIENTED_EDGE ( 'NONE', *, *, #1285, .F. ) ;
#2077 = ORIENTED_EDGE ( 'NONE', *, *, #1195, .F. ) ;
#2078 = ORIENTED_EDGE ( 'NONE', *, *, #1207, .F. ) ;
#2079 = ORIENTED_EDGE ( 'NONE', *, *, #1191, .F. ) ;
#2080 = ORIENTED_EDGE ( 'NONE', *, *, #1335, .T. ) ;
#2081 = ORIENTED_EDGE ( 'NONE', *, *, #1116, .F. ) ;
#2082 = ORIENTED_EDGE ( 'NONE', *, *, #1291, .F. ) ;
#2083 = ORIENTED_EDGE ( 'NONE', *, *, #1160, .T. ) ;
#2084 = ORIENTED_EDGE ( 'NONE', *, *, #1351, .T. ) ;
#2085 = ORIENTED_EDGE ( 'NONE', *, *, #1319, .F. ) ;
#2086 = ORIENTED_EDGE ( 'NONE', *, *, #1309, .F. ) ;
#2087 = ORIENTED_EDGE ( 'NONE', *, *, #1198, .F. ) ;
#2088 = ORIENTED_EDGE ( 'NONE', *, *, #1314, .F. ) ;
#2089 = ORIENTED_EDGE ( 'NONE', *, *, #1220, .F. ) ;
#2090 = ORIENTED_EDGE ( 'NONE', *, *, #1298, .F. ) ;
#2091 = ORIENTED_EDGE ( 'NONE', *, *, #1277, .F. ) ;
#2092 = ORIENTED_EDGE ( 'NONE', *, *, #1275, .T. ) ;
#2093 = ORIENTED_EDGE ( 'NONE', *, *, #1274, .F. ) ;
#2094 = ORIENTED_EDGE ( 'NONE', *, *, #1178, .F. ) ;
#2095 = ORIENTED_EDGE ( 'NONE', *, *, #1249, .F. ) ;
#2096 = ORIENTED_EDGE ( 'NONE', *, *, #1351, .F. ) ;
#2097 = ORIENTED_EDGE ( 'NONE', *, *, #1258, .F. ) ;
#2098 = ORIENTED_EDGE ( 'NONE', *, *, #1270, .F. ) ;
#2099 = ORIENTED_EDGE ( 'NONE', *, *, #1203, .F. ) ;
#2100 = ORIENTED_EDGE ( 'NONE', *, *, #1278, .F. ) ;
#2101 = ORIENTED_EDGE ( 'NONE', *, *, #1266, .F. ) ;
#2102 = ORIENTED_EDGE ( 'NONE', *, *, #1339, .T. ) ;
#2103 = ORIENTED_EDGE ( 'NONE', *, *, #1273, .F. ) ;
#2104 = ORIENTED_EDGE ( 'NONE', *, *, #1319, .T. ) ;
#2105 = ORIENTED_EDGE ( 'NONE', *, *, #1301, .F. ) ;
#2106 = ORIENTED_EDGE ( 'NONE', *, *, #1243, .F. ) ;
#2107 = ORIENTED_EDGE ( 'NONE', *, *, #1300, .F. ) ;
#2108 = ORIENTED_EDGE ( 'NONE', *, *, #1265, .T. ) ;
#2109 = ORIENTED_EDGE ( 'NONE', *, *, #1234, .F. ) ;
#2110 = ORIENTED_EDGE ( 'NONE', *, *, #1210, .F. ) ;
#2111 = ORIENTED_EDGE ( 'NONE', *, *, #1295, .F. ) ;
#2112 = ORIENTED_EDGE ( 'NONE', *, *, #1289, .F. ) ;
#2113 = ORIENTED_EDGE ( 'NONE', *, *, #1206, .F. ) ;
#2114 = ORIENTED_EDGE ( 'NONE', *, *, #1260, .F. ) ;
#2115 = ORIENTED_EDGE ( 'NONE', *, *, #1306, .F. ) ;
#2116 = ORIENTED_EDGE ( 'NONE', *, *, #1119, .F. ) ;
#2117 = ORIENTED_EDGE ( 'NONE', *, *, #1300, .T. ) ;
#2118 = ORIENTED_EDGE ( 'NONE', *, *, #1272, .T. ) ;
#2119 = ORIENTED_EDGE ( 'NONE', *, *, #1272, .F. ) ;
#2120 = ORIENTED_EDGE ( 'NONE', *, *, #1258, .T. ) ;
#2121 = ORIENTED_EDGE ( 'NONE', *, *, #1281, .F. ) ;
#2122 = ORIENTED_EDGE ( 'NONE', *, *, #1263, .T. ) ;
#2123 = ORIENTED_EDGE ( 'NONE', *, *, #1239, .F. ) ;
#2124 = CARTESIAN_POINT ( 'NONE',  ( -20.75802682687903900, -21.85089388850679300, 4.133158799277528500 ) ) ;
#2125 = CARTESIAN_POINT ( 'NONE',  ( 19.50000000000000400, 19.49999999999999600, 6.000000000000000000 ) ) ;
#2126 = CARTESIAN_POINT ( 'NONE',  ( -21.19180745462997000, -21.99364427535313000, 4.291907112817295200 ) ) ;
#2127 = CARTESIAN_POINT ( 'NONE',  ( -21.89322680231404300, -20.87280375650222600, 3.327839425423371200 ) ) ;
#2128 = CARTESIAN_POINT ( 'NONE',  ( -20.51584403016440200, -21.94753196312103700, 4.264333895752332500 ) ) ;
#2129 = CARTESIAN_POINT ( 'NONE',  ( -21.68819785231926300, -21.14625894089683600, 3.487060727015959000 ) ) ;
#2130 = CARTESIAN_POINT ( 'NONE',  ( -22.29999999999999400, -19.50000000000000400, 2.999999999999994700 ) ) ;
#2131 = CARTESIAN_POINT ( 'NONE',  ( -20.43294021891622200, -21.97643992167682100, 4.306074614420508000 ) ) ;
#2132 = CARTESIAN_POINT ( 'NONE',  ( -20.84788588537481100, -22.18673586719755200, 4.008702722013582700 ) ) ;
#2133 = CARTESIAN_POINT ( 'NONE',  ( -21.81201872018378300, -21.42399079036938800, 3.685617013611659100 ) ) ;
#2134 = CARTESIAN_POINT ( 'NONE',  ( -21.32451333831988200, -21.49777287856729300, 3.757259574945849900 ) ) ;
#2135 = DIRECTION ( 'NONE',  ( -1.000000000000000000, 0.0000000000000000000, 0.0000000000000000000 ) ) ;
#2136 = PLANE ( 'NONE',  #1108 ) ;
#2137 = CARTESIAN_POINT ( 'NONE',  ( -21.01033730632487800, -22.09845321901211800, 3.907840184861249600 ) ) ;
#2138 = CARTESIAN_POINT ( 'NONE',  ( -22.49999999999999300, -19.70957569152468400, 2.800000000747471700 ) ) ;
#2139 = CARTESIAN_POINT ( 'NONE',  ( -21.58097830216836100, -21.67532674313428100, 3.913969089804408200 ) ) ;
#2140 = CARTESIAN_POINT ( 'NONE',  ( -22.38919260366251200, -20.33451743963688300, 2.890155292200221400 ) ) ;
#2141 = CARTESIAN_POINT ( 'NONE',  ( -22.49999999919285200, -19.69732728620068900, 3.000000000805361600 ) ) ;
#2142 = DIRECTION ( 'NONE',  ( -0.9993908270190957600, 0.0000000000000000000, -0.03489949670250101100 ) ) ;
#2143 = CARTESIAN_POINT ( 'NONE',  ( -22.11338433423779600, -20.98653535647821400, 3.385828753543256700 ) ) ;
#2144 = CARTESIAN_POINT ( 'NONE',  ( -22.13698565827110800, -20.40017278736974000, 3.133007616457811100 ) ) ;
#2145 = CARTESIAN_POINT ( 'NONE',  ( -20.90964815230505600, -21.77364656409189800, 4.038600175348356900 ) ) ;
#2146 = CARTESIAN_POINT ( 'NONE',  ( -20.58840431831679800, -22.29717938911486300, 4.148622820743710800 ) ) ;
#2147 = PLANE ( 'NONE',  #1109 ) ;
#2148 = CARTESIAN_POINT ( 'NONE',  ( -13.00000000000000000, 20.79999999999999700, 0.0000000000000000000 ) ) ;
#2149 = CARTESIAN_POINT ( 'NONE',  ( -22.47927076080747700, -19.90271717008458200, 3.020706925946523600 ) ) ;
#2150 = CARTESIAN_POINT ( 'NONE',  ( -21.84449769735778800, -21.38143879011702000, 3.319531439562076500 ) ) ;
#2151 = CARTESIAN_POINT ( 'NONE',  ( -21.45483571812710700, -21.78316900505413800, 3.607743543689832000 ) ) ;
#2152 = CARTESIAN_POINT ( 'NONE',  ( -21.92145254582250000, -21.28527638818502200, 3.576866829885235500 ) ) ;
#2153 = CARTESIAN_POINT ( 'NONE',  ( -21.04730346681234100, -22.08646112386444200, 4.429029976258839900 ) ) ;
#2154 = CARTESIAN_POINT ( 'NONE',  ( -21.19230307757060300, -21.59734587616901500, 3.851116977062919700 ) ) ;
#2155 = CARTESIAN_POINT ( 'NONE',  ( -22.06417157546361500, -21.06891857833904400, 3.149695389706542500 ) ) ;
#2156 = CARTESIAN_POINT ( 'NONE',  ( -22.34416553063621800, -20.47393869519741500, 3.155616642843341000 ) ) ;
#2157 = CARTESIAN_POINT ( 'NONE',  ( -21.98420934789618300, -20.72391376674740500, 3.255552611913264700 ) ) ;
#2158 = CARTESIAN_POINT ( 'NONE',  ( -22.32534177733163400, -20.52876889951915400, 2.941874792374938900 ) ) ;
#2159 = CARTESIAN_POINT ( 'NONE',  ( -22.29999999914660700, -19.68337873013456700, 2.999999999999994700 ) ) ;
#2160 = CARTESIAN_POINT ( 'NONE',  ( -20.79999999999982300, 15.50000000000017400, 0.0000000000000000000 ) ) ;
#2161 = CARTESIAN_POINT ( 'NONE',  ( -22.20031618497633400, -20.82429176708572500, 3.299139763775416100 ) ) ;
#2162 = DIRECTION ( 'NONE',  ( 0.0000000000000000000, 0.9993908270190957600, -0.03489949670250101100 ) ) ;
#2163 = CARTESIAN_POINT ( 'NONE',  ( -22.49999999999998900, -19.50000000000000400, 2.999999999999998200 ) ) ;
#2164 = DIRECTION ( 'NONE',  ( 0.0000000000000000000, 0.03489949670250100400, 0.9993908270190956500 ) ) ;
#2165 = CARTESIAN_POINT ( 'NONE',  ( -21.45677683327890200, -21.78736991212041800, 4.036104782731407600 ) ) ;
#2166 = CARTESIAN_POINT ( 'NONE',  ( -21.31318186854190000, -21.89696671271464000, 3.707858111044113300 ) ) ;
#2167 = CARTESIAN_POINT ( 'NONE',  ( -22.47711367335698900, -19.92502639215362200, 2.818737873610376100 ) ) ;
#2168 = CARTESIAN_POINT ( 'NONE',  ( -22.19657976672629500, -20.23020275975030200, 3.084520589638005900 ) ) ;
#2169 = CARTESIAN_POINT ( 'NONE',  ( -22.49999999999999300, -19.50000000000000400, 2.799999999999994900 ) ) ;
#2170 = DIRECTION ( 'NONE',  ( 0.0000000000000000000, 0.0000000000000000000, -1.000000000000000000 ) ) ;
#2171 = CARTESIAN_POINT ( 'NONE',  ( -20.73100729687452700, -22.24877098661800200, 4.703902121648547500 ) ) ;
#2172 = CARTESIAN_POINT ( 'NONE',  ( -20.49957880540850800, -22.33021704925071300, 4.193146256795248700 ) ) ;
#2173 = CARTESIAN_POINT ( 'NONE',  ( -21.57257433689636300, -21.27241197558540300, 3.575224365572644600 ) ) ;
#2174 = CARTESIAN_POINT ( 'NONE',  ( -22.40170915117093700, -20.28880843637558900, 3.098159776521093500 ) ) ;
#2175 = CARTESIAN_POINT ( 'NONE',  ( -20.81564719465718800, -22.20907099697222600, 4.632704956806107600 ) ) ;
#2176 = CARTESIAN_POINT ( 'NONE',  ( -22.27863942515857000, -19.87189809306639200, 3.017566753309428600 ) ) ;
#2177 = DIRECTION ( 'NONE',  ( -0.03489949670250100400, 0.0000000000000000000, 0.9993908270190956500 ) ) ;
#2178 = CARTESIAN_POINT ( 'NONE',  ( -22.16165287213332000, -20.89875859090044600, 3.072589451220876500 ) ) ;
#2179 = CARTESIAN_POINT ( 'NONE',  ( -21.72061536246172200, -21.52561368540608200, 3.413572659529896300 ) ) ;
#2180 = CARTESIAN_POINT ( 'NONE',  ( 21.04730346681340700, 22.08646112386341500, 4.429029976258671100 ) ) ;
#2181 = CARTESIAN_POINT ( 'NONE',  ( 21.31318186854191100, 21.89696671271462600, 3.707858111044154200 ) ) ;
#2182 = CARTESIAN_POINT ( 'NONE',  ( 20.84788588537523800, 22.18673586719736300, 4.008702722013493000 ) ) ;
#2183 = CARTESIAN_POINT ( 'NONE',  ( 21.01033730632488900, 22.09845321901210400, 3.907840184861204800 ) ) ;
#2184 = CARTESIAN_POINT ( 'NONE',  ( 21.32451333831989300, 21.49777287856728200, 3.757259574945849500 ) ) ;
#2185 = CARTESIAN_POINT ( 'NONE',  ( 21.58097830216871300, 21.67532674313429600, 3.913969089804470300 ) ) ;
#2186 = CARTESIAN_POINT ( 'NONE',  ( -17.50000000000000000, 15.50000000000017600, 0.0000000000000000000 ) ) ;
#2187 = CARTESIAN_POINT ( 'NONE',  ( 21.19180745463000500, 21.99364427535346100, 4.291907112817260600 ) ) ;
#2188 = CARTESIAN_POINT ( 'NONE',  ( 20.90964815230506700, 21.77364656409188400, 4.038600175348355100 ) ) ;
#2189 = CARTESIAN_POINT ( 'NONE',  ( 20.54620021806422900, 22.32405052087955600, 4.846374296837046500 ) ) ;
#2190 = CARTESIAN_POINT ( 'NONE',  ( 21.19230307757061400, 21.59734587616900100, 3.851116977062918800 ) ) ;
#2191 = CARTESIAN_POINT ( 'NONE',  ( 20.08891212370302200, 22.45807721840608600, 5.125671873968131300 ) ) ;
#2192 = CARTESIAN_POINT ( 'NONE',  ( 21.45483571812711800, 21.78316900505412700, 3.607743543689874600 ) ) ;
#2193 = CARTESIAN_POINT ( 'NONE',  ( 21.57257433689637300, 21.27241197558538500, 3.575224365572645000 ) ) ;
#2194 = CARTESIAN_POINT ( 'NONE',  ( 21.72061536246173200, 21.52561368540606800, 3.413572659529852800 ) ) ;
#2195 = CARTESIAN_POINT ( 'NONE',  ( 21.68819785231927400, 21.14625894089714800, 3.487060727016151800 ) ) ;
#2196 = CARTESIAN_POINT ( 'NONE',  ( 20.44571790803914300, 22.35894111228004600, 4.917039783108153400 ) ) ;
#2197 = CARTESIAN_POINT ( 'NONE',  ( 21.92145254582301200, 21.28527638818606200, 3.576866829886743600 ) ) ;
#2198 = CARTESIAN_POINT ( 'NONE',  ( 21.84449769735763900, 21.38143879011723300, 3.319531439562291900 ) ) ;
#2199 = CARTESIAN_POINT ( 'NONE',  ( -16.00000000000000000, -16.00000000000016700, -5.000000000000000000 ) ) ;
#2200 = CARTESIAN_POINT ( 'NONE',  ( 19.50000000000000400, 22.49999999999999600, 5.225403330758523700 ) ) ;
#2201 = CARTESIAN_POINT ( 'NONE',  ( 19.70024824896966100, 22.12499999052457500, 4.547631228046420800 ) ) ;
#2202 = DIRECTION ( 'NONE',  ( 0.0000000000000000000, 1.000000000000000000, 0.0000000000000000000 ) ) ;
#2203 = CARTESIAN_POINT ( 'NONE',  ( 20.17295769656048400, 22.04959546042037000, 4.418600444913619400 ) ) ;
#2204 = CARTESIAN_POINT ( 'NONE',  ( 20.31588182551247000, 22.38853304999090500, 4.275410304436026500 ) ) ;
#2205 = CARTESIAN_POINT ( 'NONE',  ( 21.89322680231405400, 20.87280375650188100, 3.327839425423180700 ) ) ;
#2206 = CARTESIAN_POINT ( 'NONE',  ( 22.11338433423695800, 20.98653535647783700, 3.385828753542248700 ) ) ;
#2207 = CARTESIAN_POINT ( 'NONE',  ( 22.06417157546378500, 21.06891857833880300, 3.149695389706329800 ) ) ;
#2208 = DIRECTION ( 'NONE',  ( 0.0000000000000000000, 0.1218693434051475200, 0.9925461516413220900 ) ) ;
#2209 = CARTESIAN_POINT ( 'NONE',  ( 20.43294021891640700, 21.97643992167673900, 4.306074614420395200 ) ) ;
#2210 = CARTESIAN_POINT ( 'NONE',  ( 21.98420934789619400, 20.72391376674738000, 3.255552611913263800 ) ) ;
#2211 = DIRECTION ( 'NONE',  ( 0.0000000000000000000, 0.0000000000000000000, 1.000000000000000000 ) ) ;
#2212 = CARTESIAN_POINT ( 'NONE',  ( 20.73100729687557500, 22.24877098661748000, 4.703902121648581200 ) ) ;
#2213 = CARTESIAN_POINT ( 'NONE',  ( 20.49957880540872800, 22.33021704925064200, 4.193146256795157200 ) ) ;
#2214 = DIRECTION ( 'NONE',  ( -5.217554879523427500E-016, 0.9925461516413220900, -0.1218693434051475200 ) ) ;
#2215 = CARTESIAN_POINT ( 'NONE',  ( 21.81201872018345300, 21.42399079036940200, 3.685617013611634200 ) ) ;
#2216 = CARTESIAN_POINT ( 'NONE',  ( 19.92396717710726500, 22.47678233890767500, 4.410464537655125000 ) ) ;
#2217 = CARTESIAN_POINT ( 'NONE',  ( -16.00000000000000000, -16.00000000000016700, 0.0000000000000000000 ) ) ;
#2218 = CARTESIAN_POINT ( 'NONE',  ( 14.03643697923151900, -17.50000000000017400, -6.800000000000000700 ) ) ;
#2219 = CARTESIAN_POINT ( 'NONE',  ( 19.50000000000000400, 22.12499999999999600, 4.547631245172220300 ) ) ;
#2220 = CARTESIAN_POINT ( 'NONE',  ( 19.50000000000000400, 22.49999999999999600, 4.450806661517035000 ) ) ;
#2221 = PLANE ( 'NONE',  #1106 ) ;
#2222 = DIRECTION ( 'NONE',  ( 0.0000000000000000000, 0.0000000000000000000, -1.000000000000000000 ) ) ;
#2223 = CARTESIAN_POINT ( 'NONE',  ( 19.82068910207144800, 22.49999997849404200, 5.225403281035059200 ) ) ;
#2224 = CARTESIAN_POINT ( 'NONE',  ( 19.89570269722677800, 22.10468453605162200, 4.509810506630816300 ) ) ;
#2225 = CARTESIAN_POINT ( 'NONE',  ( 20.22102610270408700, 22.41382337734180300, 4.313173809283400200 ) ) ;
#2226 = CARTESIAN_POINT ( 'NONE',  ( 20.26148970327671300, 22.02746641515961600, 4.383197161733839700 ) ) ;
#2227 = CARTESIAN_POINT ( 'NONE',  ( 20.58840431831659900, 22.29717938911493400, 4.148622820743749900 ) ) ;
#2228 = CARTESIAN_POINT ( 'NONE',  ( 20.75802682687939400, 21.85089388850661500, 4.133158799277304700 ) ) ;
#2229 = DIRECTION ( 'NONE',  ( 1.000000000000000000, -0.0000000000000000000, 0.0000000000000000000 ) ) ;
#2230 = CARTESIAN_POINT ( 'NONE',  ( -20.24227623515523400, -22.03696680671888700, 4.397399732295343500 ) ) ;
#2231 = PLANE ( 'NONE',  #1759 ) ;
#2232 = CARTESIAN_POINT ( 'NONE',  ( 19.71455169419785500, 22.49999999999999600, 4.450806643237622300 ) ) ;
#2233 = CARTESIAN_POINT ( 'NONE',  ( 21.45677683327893300, 21.78736991212006300, 4.036104782731379200 ) ) ;
#2234 = CARTESIAN_POINT ( 'NONE',  ( 20.81564719465668700, 22.20907099697273100, 4.632704956806121800 ) ) ;
#2235 = DIRECTION ( 'NONE',  ( -0.0000000000000000000, -0.0000000000000000000, 1.000000000000000000 ) ) ;
#2236 = DIRECTION ( 'NONE',  ( 1.000000000000000000, 0.0000000000000000000, 0.0000000000000000000 ) ) ;
#2237 = CARTESIAN_POINT ( 'NONE',  ( 20.51584403016423900, 21.94753196312110800, 4.264333895752439000 ) ) ;
#2238 = CARTESIAN_POINT ( 'NONE',  ( 22.20031618497634400, 20.82429176708571500, 3.299139763775374800 ) ) ;
#2239 = CARTESIAN_POINT ( 'NONE',  ( -18.62417706394344600, 14.64050807367984500, -7.000000000000000900 ) ) ;
#2240 = CARTESIAN_POINT ( 'NONE',  ( -18.62417706394344600, 14.66207225109691800, -6.824373868681029800 ) ) ;
#2241 = CARTESIAN_POINT ( 'NONE',  ( 22.32534177733164400, 20.52876889951914300, 2.941874792374986400 ) ) ;
#2242 = CARTESIAN_POINT ( 'NONE',  ( 22.50000000000000400, 19.49999999999999300, 2.800000000000000300 ) ) ;
#2243 = CARTESIAN_POINT ( 'NONE',  ( -22.49999999999999600, 19.49999999999999600, 6.000000000000000000 ) ) ;
#2244 = DIRECTION ( 'NONE',  ( -1.000000000000000000, 0.0000000000000000000, 0.0000000000000000000 ) ) ;
#2245 = DIRECTION ( 'NONE',  ( 0.9925461516413219800, 0.0000000000000000000, 0.1218693434051474100 ) ) ;
#2246 = DIRECTION ( 'NONE',  ( 1.000000000000000000, -0.0000000000000000000, -0.0000000000000000000 ) ) ;
#2247 = CARTESIAN_POINT ( 'NONE',  ( 22.47927076080715000, 19.90271717008423000, 3.020706925946524500 ) ) ;
#2248 = DIRECTION ( 'NONE',  ( -1.000000000000000000, 0.0000000000000000000, 0.0000000000000000000 ) ) ;
#2249 = DIRECTION ( 'NONE',  ( 0.0000000000000000000, -0.0000000000000000000, 1.000000000000000000 ) ) ;
#2250 = CARTESIAN_POINT ( 'NONE',  ( 22.27863942515823600, 19.87189809306605400, 3.017566753309373100 ) ) ;
#2251 = DIRECTION ( 'NONE',  ( 0.9925461516413219800, 0.0000000000000000000, -0.1218693434051474100 ) ) ;
#2252 = CARTESIAN_POINT ( 'NONE',  ( 22.47711367335705300, 19.92502639215335200, 2.818737873610424500 ) ) ;
#2253 = DIRECTION ( 'NONE',  ( 1.000000000000000000, 5.256737805990611000E-016, 0.0000000000000000000 ) ) ;
#2254 = CARTESIAN_POINT ( 'NONE',  ( -17.50000000000000000, 17.50000000000017400, -6.800000000000000700 ) ) ;
#2255 = DIRECTION ( 'NONE',  ( 0.0000000000000000000, 0.0000000000000000000, -1.000000000000000000 ) ) ;
#2256 = DIRECTION ( 'NONE',  ( 0.0000000000000000000, 0.0000000000000000000, -1.000000000000000000 ) ) ;
#2257 = CARTESIAN_POINT ( 'NONE',  ( 22.34416553063622900, 20.47393869519740400, 3.155616642843387200 ) ) ;
#2258 = DIRECTION ( 'NONE',  ( -0.1217962055169507400, 0.03463967445540915700, 0.9919504913428371900 ) ) ;
#2259 = CARTESIAN_POINT ( 'NONE',  ( 22.50000000000000400, 19.49999999999999300, 3.000000000000000000 ) ) ;
#2260 = DIRECTION ( 'NONE',  ( 0.0000000000000000000, 0.0000000000000000000, -1.000000000000000000 ) ) ;
#2261 = DIRECTION ( 'NONE',  ( 0.1217962055169507400, -0.03463967445540915700, 0.9919504913428371900 ) ) ;
#2262 = CARTESIAN_POINT ( 'NONE',  ( -17.50000000000000000, 17.50000000000017400, 0.0000000000000000000 ) ) ;
#2263 = CARTESIAN_POINT ( 'NONE',  ( -15.26524569998534100, 20.59042089950012800, -0.2708185351510492000 ) ) ;
#2264 = DIRECTION ( 'NONE',  ( 0.0000000000000000000, -0.0000000000000000000, 1.000000000000000000 ) ) ;
#2265 = CARTESIAN_POINT ( 'NONE',  ( 22.16165287213333100, 20.89875859090043500, 3.072589451220837400 ) ) ;
#2266 = CARTESIAN_POINT ( 'NONE',  ( 22.40170915117129600, 20.28880843637592700, 3.098159776521093500 ) ) ;
#2267 = DIRECTION ( 'NONE',  ( -1.000000000000000000, 0.0000000000000000000, 0.0000000000000000000 ) ) ;
#2268 = CARTESIAN_POINT ( 'NONE',  ( 22.19657976672665400, 20.23020275975061800, 3.084520589638071600 ) ) ;
#2269 = CARTESIAN_POINT ( 'NONE',  ( -22.49999999999999600, -22.30000000000001100, 4.450806661517042100 ) ) ;
#2270 = DIRECTION ( 'NONE',  ( 1.000000000000000000, -0.0000000000000000000, -0.0000000000000000000 ) ) ;
#2271 = CARTESIAN_POINT ( 'NONE',  ( 15.26524569998534100, -20.59042089950012800, -0.2708185351510492000 ) ) ;
#2272 = CARTESIAN_POINT ( 'NONE',  ( 22.13698565827111900, 20.40017278736974400, 3.133007616457821300 ) ) ;
#2273 = CARTESIAN_POINT ( 'NONE',  ( -17.50000000000000000, 17.50000000000017400, -6.800000000000000700 ) ) ;
#2274 = CARTESIAN_POINT ( 'NONE',  ( -16.00000000000000000, -16.00000000000016700, -0.3000000000000000400 ) ) ;
#2275 = CARTESIAN_POINT ( 'NONE',  ( 22.38919260366246500, 20.33451743963713200, 2.890155292200183600 ) ) ;
#2276 = DIRECTION ( 'NONE',  ( 1.000000000000000000, 0.0000000000000000000, 0.0000000000000000000 ) ) ;
#2277 = CARTESIAN_POINT ( 'NONE',  ( 22.29999999914661800, 19.68337873013479500, 3.000000000000000400 ) ) ;
#2278 = DIRECTION ( 'NONE',  ( 0.0000000000000000000, 0.0000000000000000000, -1.000000000000000000 ) ) ;
#2279 = CARTESIAN_POINT ( 'NONE',  ( 22.50000000000000400, 19.70957569152487200, 2.800000000747477000 ) ) ;
#2280 = CARTESIAN_POINT ( 'NONE',  ( 17.49999999999999600, -14.03643697923169500, -6.800000000000000700 ) ) ;
#2281 = CARTESIAN_POINT ( 'NONE',  ( 22.49999999919286300, 19.69732728620093500, 3.000000000805025400 ) ) ;
#2282 = DIRECTION ( 'NONE',  ( 0.0000000000000000000, 1.000000000000000000, 0.0000000000000000000 ) ) ;
#2283 = CARTESIAN_POINT ( 'NONE',  ( -18.62417706394344600, 14.46356302076865300, -7.000000000000000000 ) ) ;
#2284 = CARTESIAN_POINT ( 'NONE',  ( -19.88131260063146800, -22.10627372425563300, 4.512765831923175600 ) ) ;
#2285 = CARTESIAN_POINT ( 'NONE',  ( 22.30000000000000400, 19.49999999999999300, 3.000000000000000400 ) ) ;
#2286 = CARTESIAN_POINT ( 'NONE',  ( -20.17485349680630700, 14.76734875132748200, -5.966965580078545300 ) ) ;
#2287 = CARTESIAN_POINT ( 'NONE',  ( -20.33736487791813700, 14.75559736233706900, -6.062672963027696800 ) ) ;
#2288 = CARTESIAN_POINT ( 'NONE',  ( -18.85459849833393900, 14.66207225109816800, -6.824373868670843300 ) ) ;
#2289 = CARTESIAN_POINT ( 'NONE',  ( -19.81928145099617600, 14.68673986932710700, -6.623472240260611000 ) ) ;
#2290 = CARTESIAN_POINT ( 'NONE',  ( -20.55538508022198100, 14.62052341134498000, -5.579622448528257700 ) ) ;
#2291 = CARTESIAN_POINT ( 'NONE',  ( -18.87741363106976800, 14.64050807368224100, -6.999999999988208500 ) ) ;
#2292 = CARTESIAN_POINT ( 'NONE',  ( -19.13111413577964400, 14.64650927624181700, -6.951124127349970600 ) ) ;
#2293 = CARTESIAN_POINT ( 'NONE',  ( -19.08486111741469000, 14.66756881279190800, -6.779607966074293800 ) ) ;
#2294 = CARTESIAN_POINT ( 'NONE',  ( -19.51207674676948400, 14.68876220379909900, -6.607001647728195000 ) ) ;
#2295 = CARTESIAN_POINT ( 'NONE',  ( -20.04028611533245700, 14.74375175194850000, -6.159147717681685600 ) ) ;
#2296 = CARTESIAN_POINT ( 'NONE',  ( -20.36226427859393300, 14.81903264167334600, -5.546034072356389900 ) ) ;
#2297 = CARTESIAN_POINT ( 'NONE',  ( -20.61402361239351300, 14.64858704537349400, -5.325666940135964600 ) ) ;
#2298 = CARTESIAN_POINT ( 'NONE',  ( -20.61018288203294800, 14.84342661390887100, -5.347361111718653200 ) ) ;
#2299 = CARTESIAN_POINT ( 'NONE',  ( -20.41503895685981700, 14.84709627331542100, -5.317474134236260100 ) ) ;
#2300 = CARTESIAN_POINT ( 'NONE',  ( -19.61073226708355900, 14.49025297347089000, -6.758475310052427100 ) ) ;
#2301 = CARTESIAN_POINT ( 'NONE',  ( -19.60168904976997300, 14.66957554564848100, -6.763264438502810400 ) ) ;
#2302 = CARTESIAN_POINT ( 'NONE',  ( -20.62295871798163200, 14.67686201551285100, -5.069798993405002300 ) ) ;
#2303 = CARTESIAN_POINT ( 'NONE',  ( -20.62211220080514800, 14.87453052633169500, -5.094040073679033200 ) ) ;
#2304 = CARTESIAN_POINT ( 'NONE',  ( -20.42308055257781200, 14.87537124584111600, -5.087192962745531200 ) ) ;
#2305 = CARTESIAN_POINT ( 'NONE',  ( -20.54935225540551300, 14.81241948483582300, -5.599893912622333900 ) ) ;
#2306 = CARTESIAN_POINT ( 'NONE',  ( -19.70883814620681600, 14.70445141200735900, -6.479223300899512600 ) ) ;
#2307 = CARTESIAN_POINT ( 'NONE',  ( -19.82935604423600000, 14.50594218167909900, -6.616499369131394000 ) ) ;
#2308 = CARTESIAN_POINT ( 'NONE',  ( -20.19763156548686900, 14.54524252162023000, -6.260859832223205000 ) ) ;
#2309 = CARTESIAN_POINT ( 'NONE',  ( -19.13604823446698000, 14.46905958246358600, -6.950260108214717300 ) ) ;
#2310 = CARTESIAN_POINT ( 'NONE',  ( -18.88020087993294600, 14.46356302076985200, -6.999999999999999100 ) ) ;
#2311 = CARTESIAN_POINT ( 'NONE',  ( -20.18714279528501300, 14.72967761511525200, -6.273772363727128500 ) ) ;
#2312 = CARTESIAN_POINT ( 'NONE',  ( -20.34715087823530100, 14.56883952099931900, -6.047324123774938400 ) ) ;
#2313 = CARTESIAN_POINT ( 'NONE',  ( -20.33736487791729500, 13.74440263766369000, -6.062672963027895700 ) ) ;
#2314 = CARTESIAN_POINT ( 'NONE',  ( -20.17485349680590500, 13.73265124867288000, -5.966965580078673200 ) ) ;
#2315 = CARTESIAN_POINT ( 'NONE',  ( 20.61018288203333500, -13.65657338609150400, -5.347361111718891300 ) ) ;
#2316 = CARTESIAN_POINT ( 'NONE',  ( 20.62295871798163200, -13.82313798448749500, -5.069798993405002300 ) ) ;
#2317 = CARTESIAN_POINT ( 'NONE',  ( 19.82935604423576200, -13.99405781832125400, -6.616499369131624100 ) ) ;
#2318 = CARTESIAN_POINT ( 'NONE',  ( -17.50000000000000000, 17.50000000000017400, -6.824373868681028000 ) ) ;
#2319 = DIRECTION ( 'NONE',  ( 0.0000000000000000000, 0.0000000000000000000, -1.000000000000000000 ) ) ;
#2320 = CARTESIAN_POINT ( 'NONE',  ( -20.19763156548710000, 13.95475747838011000, -6.260859832222987400 ) ) ;
#2321 = CARTESIAN_POINT ( 'NONE',  ( -20.04028611533292200, 13.75624824805185000, -6.159147717681723800 ) ) ;
#2322 = CARTESIAN_POINT ( 'NONE',  ( -19.81928145099576700, 13.81326013067304200, -6.623472240260414700 ) ) ;
#2323 = CARTESIAN_POINT ( 'NONE',  ( 19.13111413577968300, -13.85349072375852800, -6.951124127350156300 ) ) ;
#2324 = CARTESIAN_POINT ( 'NONE',  ( -20.62295871798163200, 13.82313798448749500, -5.069798993405002300 ) ) ;
#2325 = CARTESIAN_POINT ( 'NONE',  ( 20.55538508022215200, -13.87947658865516400, -5.579622448527878500 ) ) ;
#2326 = CARTESIAN_POINT ( 'NONE',  ( -20.62211220080514800, 13.62546947366865000, -5.094040073679034100 ) ) ;
#2327 = CARTESIAN_POINT ( 'NONE',  ( -19.61073226708361600, 14.00974702652945700, -6.758475310052405800 ) ) ;
#2328 = CARTESIAN_POINT ( 'NONE',  ( -19.51207674676947300, 13.81123779620123500, -6.607001647728100800 ) ) ;
#2329 = CARTESIAN_POINT ( 'NONE',  ( -19.08486111741467900, 13.83243118720845100, -6.779607966074396900 ) ) ;
#2330 = CARTESIAN_POINT ( 'NONE',  ( 19.70883814620634700, -13.79554858799298400, -6.479223300899484200 ) ) ;
#2331 = CARTESIAN_POINT ( 'NONE',  ( 19.60168904977000900, -13.83042445435186200, -6.763264438502595500 ) ) ;
#2332 = CARTESIAN_POINT ( 'NONE',  ( 20.61402361239350300, -13.85141295462688400, -5.325666940136270200 ) ) ;
#2333 = CARTESIAN_POINT ( 'NONE',  ( 20.33736487791729500, -13.74440263766369000, -6.062672963027895700 ) ) ;
#2334 = CARTESIAN_POINT ( 'NONE',  ( 20.19763156548710000, -13.95475747838011000, -6.260859832222987400 ) ) ;
#2335 = CARTESIAN_POINT ( 'NONE',  ( 19.61073226708361600, -14.00974702652945700, -6.758475310052405800 ) ) ;
#2336 = CARTESIAN_POINT ( 'NONE',  ( 19.08486111741467900, -13.83243118720845100, -6.779607966074396900 ) ) ;
#2337 = CARTESIAN_POINT ( 'NONE',  ( -20.55538508022215200, 13.87947658865516400, -5.579622448527878500 ) ) ;
#2338 = CARTESIAN_POINT ( 'NONE',  ( -20.41503895685981400, 13.65290372668493600, -5.317474134236361400 ) ) ;
#2339 = CARTESIAN_POINT ( 'NONE',  ( 20.41503895685981400, -13.65290372668493600, -5.317474134236361400 ) ) ;
#2340 = CARTESIAN_POINT ( 'NONE',  ( -20.18714279528556700, 13.77032238488527900, -6.273772363727188900 ) ) ;
#2341 = CARTESIAN_POINT ( 'NONE',  ( -19.82935604423576200, 13.99405781832125400, -6.616499369131624100 ) ) ;
#2342 = CARTESIAN_POINT ( 'NONE',  ( 18.88020087993297100, -14.03643697923049600, -7.000000000000000900 ) ) ;
#2343 = CARTESIAN_POINT ( 'NONE',  ( -19.70883814620634700, 13.79554858799298400, -6.479223300899484200 ) ) ;
#2344 = CARTESIAN_POINT ( 'NONE',  ( -19.60168904977000900, 13.83042445435186200, -6.763264438502595500 ) ) ;
#2345 = CARTESIAN_POINT ( 'NONE',  ( -18.88020087993297100, 14.03643697923049600, -7.000000000000000900 ) ) ;
#2346 = CARTESIAN_POINT ( 'NONE',  ( 18.87741363106977500, -13.85949192631890600, -6.999999999989207700 ) ) ;
#2347 = CARTESIAN_POINT ( 'NONE',  ( -19.13604823446690200, 14.03094041753675800, -6.950260108214749300 ) ) ;
#2348 = CARTESIAN_POINT ( 'NONE',  ( 18.85459849833392800, -13.83792774890218000, -6.824373868670843300 ) ) ;
#2349 = CARTESIAN_POINT ( 'NONE',  ( -19.13111413577968300, 13.85349072375852800, -6.951124127350156300 ) ) ;
#2350 = CARTESIAN_POINT ( 'NONE',  ( -20.61018288203333500, 13.65657338609150400, -5.347361111718891300 ) ) ;
#2351 = CARTESIAN_POINT ( 'NONE',  ( -20.61402361239350300, 13.85141295462688400, -5.325666940136270200 ) ) ;
#2352 = CARTESIAN_POINT ( 'NONE',  ( 18.62417706394343100, -13.83792774890343000, -6.824373868681029800 ) ) ;
#2353 = CARTESIAN_POINT ( 'NONE',  ( 20.34715087823513400, -13.93116047900122800, -6.047324123775325700 ) ) ;
#2354 = CARTESIAN_POINT ( 'NONE',  ( 19.81928145099576700, -13.81326013067304200, -6.623472240260414700 ) ) ;
#2355 = CARTESIAN_POINT ( 'NONE',  ( 20.36226427859433500, -13.68096735832698500, -5.546034072356269100 ) ) ;
#2356 = CARTESIAN_POINT ( 'NONE',  ( 20.54935225540628000, -13.68758051516412700, -5.599893912622332200 ) ) ;
#2357 = CARTESIAN_POINT ( 'NONE',  ( 20.17485349680590500, -13.73265124867288000, -5.966965580078673200 ) ) ;
#2358 = CARTESIAN_POINT ( 'NONE',  ( 20.18714279528556700, -13.77032238488527900, -6.273772363727188900 ) ) ;
#2359 = CARTESIAN_POINT ( 'NONE',  ( 19.51207674676947300, -13.81123779620123500, -6.607001647728100800 ) ) ;
#2360 = CARTESIAN_POINT ( 'NONE',  ( 19.13604823446690200, -14.03094041753675800, -6.950260108214749300 ) ) ;
#2361 = CARTESIAN_POINT ( 'NONE',  ( -20.54935225540628000, 13.68758051516412700, -5.599893912622332200 ) ) ;
#2362 = CARTESIAN_POINT ( 'NONE',  ( 20.04028611533292200, -13.75624824805185000, -6.159147717681723800 ) ) ;
#2363 = CARTESIAN_POINT ( 'NONE',  ( 20.42308055257781200, -13.62462875415922900, -5.087192962745531200 ) ) ;
#2364 = CARTESIAN_POINT ( 'NONE',  ( 20.62211220080514800, -13.62546947366865000, -5.094040073679034100 ) ) ;
#2365 = CARTESIAN_POINT ( 'NONE',  ( 18.62417706394343500, -13.85949192632050700, -6.999999999999999100 ) ) ;
#2366 = CARTESIAN_POINT ( 'NONE',  ( -20.42308055257781200, 13.62462875415922900, -5.087192962745531200 ) ) ;
#2367 = CARTESIAN_POINT ( 'NONE',  ( 18.62417706394343100, -14.03643697923169500, -7.000000000000000000 ) ) ;
#2368 = CARTESIAN_POINT ( 'NONE',  ( -20.36226427859433500, 13.68096735832698500, -5.546034072356269100 ) ) ;
#2369 = CARTESIAN_POINT ( 'NONE',  ( -20.34715087823513400, 13.93116047900122800, -6.047324123775325700 ) ) ;
#2370 = CARTESIAN_POINT ( 'NONE',  ( -14.87537124584094400, 20.42308055257798600, -5.087192962745531200 ) ) ;
#2371 = CARTESIAN_POINT ( 'NONE',  ( -18.85459849833392800, 13.83792774890218000, -6.824373868670843300 ) ) ;
#2372 = CARTESIAN_POINT ( 'NONE',  ( -18.62417706394343500, 13.85949192632050700, -6.999999999999999100 ) ) ;
#2373 = CARTESIAN_POINT ( 'NONE',  ( -14.62052341134500800, 20.55538508022228700, -5.579622448527959300 ) ) ;
#2374 = CARTESIAN_POINT ( 'NONE',  ( -14.81241948483584300, 20.54935225540645400, -5.599893912622429000 ) ) ;
#2375 = CARTESIAN_POINT ( 'NONE',  ( -14.56883952099894400, 20.34715087823534300, -6.047324123775237800 ) ) ;
#2376 = CARTESIAN_POINT ( 'NONE',  ( -14.72967761511507400, 20.18714279528515800, -6.273772363727058400 ) ) ;
#2377 = CARTESIAN_POINT ( 'NONE',  ( -14.49025297347071400, 19.61073226708341700, -6.758475310052556800 ) ) ;
#2378 = CARTESIAN_POINT ( 'NONE',  ( -14.50594218167891800, 19.82935604423589400, -6.616499369131667600 ) ) ;
#2379 = DIRECTION ( 'NONE',  ( 0.0000000000000000000, 0.0000000000000000000, -1.000000000000000000 ) ) ;
#2380 = CARTESIAN_POINT ( 'NONE',  ( -14.68876220379892300, 19.51207674676965100, -6.607001647728198500 ) ) ;
#2381 = CARTESIAN_POINT ( 'NONE',  ( -14.46905958246341200, 19.13604823446745600, -6.950260108214594700 ) ) ;
#2382 = DIRECTION ( 'NONE',  ( 0.0000000000000000000, -1.000000000000000000, 0.0000000000000000000 ) ) ;
#2383 = CARTESIAN_POINT ( 'NONE',  ( -14.87453052633152100, 20.62211220080532200, -5.094040073679033200 ) ) ;
#2384 = CARTESIAN_POINT ( 'NONE',  ( -14.64650927624184400, 19.13111413578020100, -6.951124127350179400 ) ) ;
#2385 = CARTESIAN_POINT ( 'NONE',  ( -14.54524252162006100, 20.19763156548732400, -6.260859832222935000 ) ) ;
#2386 = CARTESIAN_POINT ( 'NONE',  ( -14.67686201551267900, 20.62295871798180600, -5.069798993405002300 ) ) ;
#2387 = DIRECTION ( 'NONE',  ( 0.0000000000000000000, 1.000000000000000000, 0.0000000000000000000 ) ) ;
#2388 = CARTESIAN_POINT ( 'NONE',  ( -14.66957554564810500, 19.60168904976972800, -6.763264438502619500 ) ) ;
#2389 = DIRECTION ( 'NONE',  ( 0.9925461516413220900, 0.0000000000000000000, -0.1218693434051473800 ) ) ;
#2390 = CARTESIAN_POINT ( 'NONE',  ( -14.66756881279173200, 19.08486111741485700, -6.779607966074296500 ) ) ;
#2391 = CARTESIAN_POINT ( 'NONE',  ( -14.46356302076967600, 18.88020087993286800, -7.000000000000000000 ) ) ;
#2392 = CARTESIAN_POINT ( 'NONE',  ( -14.64050807368126400, 18.87741363106962600, -6.999999999989306300 ) ) ;
#2393 = CARTESIAN_POINT ( 'NONE',  ( -14.74375175194832000, 20.04028611533310000, -6.159147717681721100 ) ) ;
#2394 = CARTESIAN_POINT ( 'NONE',  ( -14.46356302076847700, 18.62417706394361300, -7.000000000000000000 ) ) ;
#2395 = CARTESIAN_POINT ( 'NONE',  ( -14.64050807367966600, 18.62417706394361300, -6.999999999999999100 ) ) ;
#2396 = CARTESIAN_POINT ( 'NONE',  ( -14.66207225109799200, 18.85459849833411600, -6.824373868670843300 ) ) ;
#2397 = CARTESIAN_POINT ( 'NONE',  ( -20.59042089949995400, 13.23475430001483100, -0.2708185351510492000 ) ) ;
#2398 = CARTESIAN_POINT ( 'NONE',  ( -14.84709627331524500, 20.41503895685999500, -5.317474134236290300 ) ) ;
#2399 = DIRECTION ( 'NONE',  ( 1.000000000000000000, 0.0000000000000000000, 0.0000000000000000000 ) ) ;
#2400 = CARTESIAN_POINT ( 'NONE',  ( -14.66207225109674200, 18.62417706394361300, -6.824373868681029800 ) ) ;
#2401 = CARTESIAN_POINT ( 'NONE',  ( -18.87741363106977500, 13.85949192631890600, -6.999999999989207700 ) ) ;
#2402 = DIRECTION ( 'NONE',  ( -0.03463967445540915700, -0.1217962055169507500, 0.9919504913428371900 ) ) ;
#2403 = DIRECTION ( 'NONE',  ( 0.1217962055169507400, 0.03463967445540915700, 0.9919504913428371900 ) ) ;
#2404 = DIRECTION ( 'NONE',  ( 0.0000000000000000000, 0.0000000000000000000, 1.000000000000000000 ) ) ;
#2405 = CARTESIAN_POINT ( 'NONE',  ( 18.62417706394343900, -15.50000000000017400, -5.000000000000000000 ) ) ;
#2406 = CARTESIAN_POINT ( 'NONE',  ( -14.68673986932691400, 19.81928145099617200, -6.623472240260881900 ) ) ;
#2407 = DIRECTION ( 'NONE',  ( 0.0000000000000000000, 0.0000000000000000000, 1.000000000000000000 ) ) ;
#2408 = CARTESIAN_POINT ( 'NONE',  ( -14.64858704537249800, 20.61402361239368400, -5.325666940136120100 ) ) ;
#2409 = CARTESIAN_POINT ( 'NONE',  ( -14.03643697923151900, 17.50000000000017400, -6.800000000000000700 ) ) ;
#2410 = CARTESIAN_POINT ( 'NONE',  ( -18.62417706394343100, 13.83792774890343000, -6.824373868681029800 ) ) ;
#2411 = CARTESIAN_POINT ( 'NONE',  ( -14.84342661390788900, 20.61018288203351600, -5.347361111718702100 ) ) ;
#2412 = CARTESIAN_POINT ( 'NONE',  ( -14.70445141200718800, 19.70883814620652100, -6.479223300899480600 ) ) ;
#2413 = CARTESIAN_POINT ( 'NONE',  ( -14.76734875132730800, 20.17485349680608000, -5.966965580078569300 ) ) ;
#2414 = CARTESIAN_POINT ( 'NONE',  ( -14.81903264167317300, 20.36226427859450900, -5.546034072356365900 ) ) ;
#2415 = CARTESIAN_POINT ( 'NONE',  ( -14.75559736233668300, 20.33736487791746900, -6.062672963027790900 ) ) ;
#2416 = DIRECTION ( 'NONE',  ( 0.0000000000000000000, 1.000000000000000000, 1.334402673828313600E-016 ) ) ;
#2417 = CARTESIAN_POINT ( 'NONE',  ( -18.62417706394343100, 14.03643697923169500, -7.000000000000000000 ) ) ;
#2418 = CARTESIAN_POINT ( 'NONE',  ( -13.19766851081884200, 20.60096835177265700, 0.03122097961453196600 ) ) ;
#2419 = DIRECTION ( 'NONE',  ( 0.0000000000000000000, -0.9925461516413219800, -0.1218693434051474100 ) ) ;
#2420 = CARTESIAN_POINT ( 'NONE',  ( -22.29999999999999700, -22.50000000000001100, 2.799999999999994500 ) ) ;
#2421 = CARTESIAN_POINT ( 'NONE',  ( 20.36226427859393300, -14.81903264167334600, -5.546034072356389900 ) ) ;
#2422 = CARTESIAN_POINT ( 'NONE',  ( 18.87741363106976800, -14.64050807368224100, -6.999999999988208500 ) ) ;
#2423 = CARTESIAN_POINT ( 'NONE',  ( 20.33736487791813700, -14.75559736233706900, -6.062672963027696800 ) ) ;
#2424 = CARTESIAN_POINT ( 'NONE',  ( -22.29999999999999400, -19.50000000000000400, 2.999999999999994700 ) ) ;
#2425 = CARTESIAN_POINT ( 'NONE',  ( 18.85459849833393900, -14.66207225109816800, -6.824373868670843300 ) ) ;
#2426 = CARTESIAN_POINT ( 'NONE',  ( 20.55538508022198100, -14.62052341134498000, -5.579622448528257700 ) ) ;
#2427 = CARTESIAN_POINT ( 'NONE',  ( 20.61018288203294800, -14.84342661390887100, -5.347361111718653200 ) ) ;
#2428 = DIRECTION ( 'NONE',  ( -1.000000000000000000, 0.0000000000000000000, 0.0000000000000000000 ) ) ;
#2429 = PLANE ( 'NONE',  #1769 ) ;
#2430 = DIRECTION ( 'NONE',  ( 1.000000000000000000, 0.0000000000000000000, 0.0000000000000000000 ) ) ;
#2431 = CARTESIAN_POINT ( 'NONE',  ( -19.71455169419760300, 22.49999999999999300, 4.450806643237877200 ) ) ;
#2432 = DIRECTION ( 'NONE',  ( 0.0000000000000000000, 0.0000000000000000000, -1.000000000000000000 ) ) ;
#2433 = CARTESIAN_POINT ( 'NONE',  ( 17.50000000000000000, -13.00000000000017400, 0.0000000000000000000 ) ) ;
#2434 = CARTESIAN_POINT ( 'NONE',  ( -19.82068910207109600, 22.49999997849368700, 5.225403281030198200 ) ) ;
#2435 = CARTESIAN_POINT ( 'NONE',  ( 19.13604823446698000, -14.46905958246358600, -6.950260108214717300 ) ) ;
#2436 = CARTESIAN_POINT ( 'NONE',  ( 19.60168904976997300, -14.66957554564848100, -6.763264438502810400 ) ) ;
#2437 = DIRECTION ( 'NONE',  ( 0.0000000000000000000, 0.1218693434051475200, 0.9925461516413220900 ) ) ;
#2438 = CARTESIAN_POINT ( 'NONE',  ( 18.62417706394344600, -14.66207225109691800, -6.824373868681029800 ) ) ;
#2439 = CARTESIAN_POINT ( 'NONE',  ( 19.08486111741469000, -14.66756881279190800, -6.779607966074293800 ) ) ;
#2440 = CARTESIAN_POINT ( 'NONE',  ( 19.82935604423600000, -14.50594218167909900, -6.616499369131394000 ) ) ;
#2441 = CARTESIAN_POINT ( 'NONE',  ( 20.61402361239351300, -14.64858704537349400, -5.325666940135964600 ) ) ;
#2442 = DIRECTION ( 'NONE',  ( -1.000000000000000000, 0.0000000000000000000, 0.0000000000000000000 ) ) ;
#2443 = CARTESIAN_POINT ( 'NONE',  ( -19.49999999999999300, 22.49999999999999300, 4.450806661517027900 ) ) ;
#2444 = CARTESIAN_POINT ( 'NONE',  ( -19.70024824896938400, 22.12499999052479200, 4.547631228046813400 ) ) ;
#2445 = CARTESIAN_POINT ( 'NONE',  ( -19.92396717710757800, 22.47678233890760100, 4.410464537655120600 ) ) ;
#2446 = CARTESIAN_POINT ( 'NONE',  ( 19.70883814620681600, -14.70445141200735900, -6.479223300899512600 ) ) ;
#2447 = CARTESIAN_POINT ( 'NONE',  ( 20.62211220080514800, -14.87453052633169500, -5.094040073679033200 ) ) ;
#2448 = CARTESIAN_POINT ( 'NONE',  ( -20.08891212370339800, 22.45807721840645100, 5.125671873968038000 ) ) ;
#2449 = DIRECTION ( 'NONE',  ( -0.0000000000000000000, 0.0000000000000000000, -1.000000000000000000 ) ) ;
#2450 = CARTESIAN_POINT ( 'NONE',  ( 17.50000000000000000, -17.50000000000017400, 0.0000000000000000000 ) ) ;
#2451 = CARTESIAN_POINT ( 'NONE',  ( 20.41503895685981700, -14.84709627331542100, -5.317474134236260100 ) ) ;
#2452 = CARTESIAN_POINT ( 'NONE',  ( 20.19763156548686900, -14.54524252162023000, -6.260859832223205000 ) ) ;
#2453 = CARTESIAN_POINT ( 'NONE',  ( -20.22102610270390600, 22.41382337734183500, 4.313173809283396700 ) ) ;
#2454 = CARTESIAN_POINT ( 'NONE',  ( -19.89570269722711200, 22.10468453605161800, 4.509810506630814500 ) ) ;
#2455 = CARTESIAN_POINT ( 'NONE',  ( 20.62295871798163200, -14.67686201551285100, -5.069798993405002300 ) ) ;
#2456 = CARTESIAN_POINT ( 'NONE',  ( 20.34715087823530100, -14.56883952099931900, -6.047324123774938400 ) ) ;
#2457 = CARTESIAN_POINT ( 'NONE',  ( 20.17485349680630700, -14.76734875132748200, -5.966965580078545300 ) ) ;
#2458 = CARTESIAN_POINT ( 'NONE',  ( 18.62417706394344600, -14.46356302076865300, -7.000000000000000000 ) ) ;
#2459 = CARTESIAN_POINT ( 'NONE',  ( 18.62417706394344600, -14.64050807367984500, -7.000000000000000900 ) ) ;
#2460 = CARTESIAN_POINT ( 'NONE',  ( 20.42308055257781200, -14.87537124584111600, -5.087192962745531200 ) ) ;
#2461 = CARTESIAN_POINT ( 'NONE',  ( 19.61073226708355900, -14.49025297347089000, -6.758475310052427100 ) ) ;
#2462 = CARTESIAN_POINT ( 'NONE',  ( 19.51207674676948400, -14.68876220379909900, -6.607001647728195000 ) ) ;
#2463 = CARTESIAN_POINT ( 'NONE',  ( 20.18714279528501300, -14.72967761511525200, -6.273772363727128500 ) ) ;
#2464 = CARTESIAN_POINT ( 'NONE',  ( 20.54935225540551300, -14.81241948483582300, -5.599893912622333900 ) ) ;
#2465 = DIRECTION ( 'NONE',  ( -5.217554879523427500E-016, 0.9925461516413220900, -0.1218693434051475200 ) ) ;
#2466 = CARTESIAN_POINT ( 'NONE',  ( 18.88020087993294600, -14.46356302076985200, -6.999999999999999100 ) ) ;
#2467 = CARTESIAN_POINT ( 'NONE',  ( 16.00000000000000000, 16.00000000000016700, 0.0000000000000000000 ) ) ;
#2468 = DIRECTION ( 'NONE',  ( -0.0000000000000000000, -0.0000000000000000000, 1.000000000000000000 ) ) ;
#2469 = CARTESIAN_POINT ( 'NONE',  ( 19.81928145099617600, -14.68673986932710700, -6.623472240260611000 ) ) ;
#2470 = CARTESIAN_POINT ( 'NONE',  ( 17.50000000000000000, -17.50000000000017400, -6.800000000000000700 ) ) ;
#2471 = CARTESIAN_POINT ( 'NONE',  ( -19.49999999999999600, 22.49999999999998900, 5.225403330758530800 ) ) ;
#2472 = CARTESIAN_POINT ( 'NONE',  ( 19.13111413577964400, -14.64650927624181700, -6.951124127349970600 ) ) ;
#2473 = CARTESIAN_POINT ( 'NONE',  ( -19.49999999999999300, 22.12499999999999300, 4.547631245172213200 ) ) ;
#2474 = CARTESIAN_POINT ( 'NONE',  ( 20.04028611533245700, -14.74375175194850000, -6.159147717681685600 ) ) ;
#2475 = CARTESIAN_POINT ( 'NONE',  ( -22.20031618497624500, 20.82429176708664500, 3.299139763776088000 ) ) ;
#2476 = DIRECTION ( 'NONE',  ( 1.000000000000000000, 0.0000000000000000000, 0.0000000000000000000 ) ) ;
#2477 = CARTESIAN_POINT ( 'NONE',  ( -21.89322680231404300, 20.87280375650217600, 3.327839425423351200 ) ) ;
#2478 = CARTESIAN_POINT ( 'NONE',  ( -22.34416553063613600, 20.47393869519693200, 3.155616642842877800 ) ) ;
#2479 = CARTESIAN_POINT ( 'NONE',  ( -22.47711367335713100, 19.92502639215295800, 2.818737873610338300 ) ) ;
#2480 = CARTESIAN_POINT ( 'NONE',  ( -22.29999999914661000, 19.68337873013481200, 3.000000000000000400 ) ) ;
#2481 = CARTESIAN_POINT ( 'NONE',  ( -20.90964815230539700, 21.77364656409163900, 4.038600175348093100 ) ) ;
#2482 = CARTESIAN_POINT ( 'NONE',  ( -20.54620021806547600, 22.32405052087883100, 4.846374296836811100 ) ) ;
#2483 = CARTESIAN_POINT ( 'NONE',  ( -21.45677683327832200, 21.78736991212059600, 4.036104782730751200 ) ) ;
#2484 = CARTESIAN_POINT ( 'NONE',  ( -20.49957880540819100, 22.33021704925080200, 4.193146256795369500 ) ) ;
#2485 = CARTESIAN_POINT ( 'NONE',  ( -21.72061536246172200, 21.52561368540606400, 3.413572659529851900 ) ) ;
#2486 = CARTESIAN_POINT ( 'NONE',  ( -20.73100729687442000, 22.24877098661813700, 4.703902121648776600 ) ) ;
#2487 = CARTESIAN_POINT ( 'NONE',  ( -21.19180745463001300, 21.99364427535336100, 4.291907112818594600 ) ) ;
#2488 = CARTESIAN_POINT ( 'NONE',  ( -22.32534177733182200, 20.52876889951872700, 2.941874792374856700 ) ) ;
#2489 = CARTESIAN_POINT ( 'NONE',  ( -22.40170915117092700, 20.28880843637631800, 3.098159776521192600 ) ) ;
#2490 = CARTESIAN_POINT ( 'NONE',  ( -22.49999999999999600, 19.70957569152517400, 2.800000000747477000 ) ) ;
#2491 = CARTESIAN_POINT ( 'NONE',  ( -22.49999999999999600, 19.49999999999999300, 3.000000000000000000 ) ) ;
#2492 = CARTESIAN_POINT ( 'NONE',  ( -20.26148970327704300, 22.02746641515942700, 4.383197161733559900 ) ) ;
#2493 = CARTESIAN_POINT ( 'NONE',  ( -22.27863942515857000, 19.87189809306604000, 3.017566753309370000 ) ) ;
#2494 = CARTESIAN_POINT ( 'NONE',  ( -20.17295769656029600, 22.04959546042036700, 4.418600444913615800 ) ) ;
#2495 = CARTESIAN_POINT ( 'NONE',  ( -21.31318186854149800, 21.89696671271489200, 3.707858111044325200 ) ) ;
#2496 = CARTESIAN_POINT ( 'NONE',  ( -21.58097830216835400, 21.67532674313427100, 3.913969089804455700 ) ) ;
#2497 = CARTESIAN_POINT ( 'NONE',  ( -21.81201872018377600, 21.42399079036937300, 3.685617013611621800 ) ) ;
#2498 = CARTESIAN_POINT ( 'NONE',  ( -20.51584403016440600, 21.94753196312108300, 4.264333895752407100 ) ) ;
#2499 = CARTESIAN_POINT ( 'NONE',  ( -20.75802682687904300, 21.85089388850665400, 4.133158799277356200 ) ) ;
#2500 = CARTESIAN_POINT ( 'NONE',  ( -22.16165287213313200, 20.89875859090085100, 3.072589451220967000 ) ) ;
#2501 = CARTESIAN_POINT ( 'NONE',  ( -21.98420934789583500, 20.72391376674772800, 3.255552611913394400 ) ) ;
#2502 = CARTESIAN_POINT ( 'NONE',  ( -21.19230307757025500, 21.59734587616925000, 3.851116977063179900 ) ) ;
#2503 = CARTESIAN_POINT ( 'NONE',  ( -16.00000000000000000, -16.00000000000016700, 0.0000000000000000000 ) ) ;
#2504 = CARTESIAN_POINT ( 'NONE',  ( -20.44571790803897200, 22.35894111227987600, 4.917039783108199600 ) ) ;
#2505 = CARTESIAN_POINT ( 'NONE',  ( -21.84449769735762800, 21.38143879011723300, 3.319531439562163100 ) ) ;
#2506 = CARTESIAN_POINT ( 'NONE',  ( -20.81564719465652000, 22.20907099697290100, 4.632704956806105800 ) ) ;
#2507 = CARTESIAN_POINT ( 'NONE',  ( -20.58840431831673700, 22.29717938911487000, 4.148622820743745400 ) ) ;
#2508 = CARTESIAN_POINT ( 'NONE',  ( -21.32451333831988200, 21.49777287856729700, 3.757259574945865500 ) ) ;
#2509 = CARTESIAN_POINT ( 'NONE',  ( -21.45483571812710700, 21.78316900505412300, 3.607743543689873700 ) ) ;
#2510 = CARTESIAN_POINT ( 'NONE',  ( -21.92145254582249300, 21.28527638818574300, 3.576866829885649900 ) ) ;
#2511 = CARTESIAN_POINT ( 'NONE',  ( -21.01033730632527300, 22.09845321901184100, 3.907840184861033800 ) ) ;
#2512 = CARTESIAN_POINT ( 'NONE',  ( -22.11338433423778600, 20.98653535647755700, 3.385828753542898400 ) ) ;
#2513 = CARTESIAN_POINT ( 'NONE',  ( -22.13698565827145600, 20.40017278736939600, 3.133007616457690300 ) ) ;
#2514 = CARTESIAN_POINT ( 'NONE',  ( -21.04730346681376200, 22.08646112386306700, 4.429029976258633800 ) ) ;
#2515 = CARTESIAN_POINT ( 'NONE',  ( -22.47927076080747400, 19.90271717008392500, 3.020706925946449900 ) ) ;
#2516 = CARTESIAN_POINT ( 'NONE',  ( -22.49999999919284800, 19.69732728620121200, 3.000000000806042300 ) ) ;
#2517 = CARTESIAN_POINT ( 'NONE',  ( -20.31588182551297500, 22.38853304999074100, 4.275410304435808100 ) ) ;
#2518 = CARTESIAN_POINT ( 'NONE',  ( -21.68819785231926300, 21.14625894089685300, 3.487060727015981200 ) ) ;
#2519 = CARTESIAN_POINT ( 'NONE',  ( -22.49999999999999600, 19.49999999999999300, 2.800000000000000300 ) ) ;
#2520 = CARTESIAN_POINT ( 'NONE',  ( -21.57257433689636300, 21.27241197558536400, 3.575224365572627700 ) ) ;
#2521 = CARTESIAN_POINT ( 'NONE',  ( -22.38919260366236900, 20.33451743963753300, 2.890155292200269300 ) ) ;
#2522 = DIRECTION ( 'NONE',  ( -0.0000000000000000000, -0.0000000000000000000, 1.000000000000000000 ) ) ;
#2523 = CARTESIAN_POINT ( 'NONE',  ( -20.43294021891604800, 21.97643992167692100, 4.306074614420669600 ) ) ;
#2524 = CARTESIAN_POINT ( 'NONE',  ( -22.06417157546377400, 21.06891857833880300, 3.149695389706458100 ) ) ;
#2525 = CARTESIAN_POINT ( 'NONE',  ( -22.19657976672629500, 20.23020275975063200, 3.084520589638074700 ) ) ;
#2526 = CARTESIAN_POINT ( 'NONE',  ( -22.29999999999999700, 19.49999999999999300, 3.000000000000000400 ) ) ;
#2527 = CARTESIAN_POINT ( 'NONE',  ( -20.84788588537493600, 22.18673586719748400, 4.008702722013488500 ) ) ;
#2528 = CARTESIAN_POINT ( 'NONE',  ( 14.75559736233668300, -20.33736487791746900, -6.062672963027790900 ) ) ;
#2529 = CARTESIAN_POINT ( 'NONE',  ( 14.64050807368126400, -18.87741363106962600, -6.999999999989306300 ) ) ;
#2530 = DIRECTION ( 'NONE',  ( -1.000000000000000000, 0.0000000000000000000, 0.0000000000000000000 ) ) ;
#2531 = DIRECTION ( 'NONE',  ( 1.000000000000000000, -0.0000000000000000000, -0.0000000000000000000 ) ) ;
#2532 = CARTESIAN_POINT ( 'NONE',  ( 14.62052341134500800, -20.55538508022228700, -5.579622448527959300 ) ) ;
#2533 = CARTESIAN_POINT ( 'NONE',  ( 14.54524252162006100, -20.19763156548732400, -6.260859832222935000 ) ) ;
#2534 = CARTESIAN_POINT ( 'NONE',  ( 14.46356302076847700, -18.62417706394361300, -7.000000000000000000 ) ) ;
#2535 = DIRECTION ( 'NONE',  ( 0.0000000000000000000, 0.0000000000000000000, -1.000000000000000000 ) ) ;
#2536 = CARTESIAN_POINT ( 'NONE',  ( 16.00000000000000000, 16.00000000000016700, -4.500000000000000900 ) ) ;
#2537 = DIRECTION ( 'NONE',  ( 0.0000000000000000000, -0.9993908270190957600, -0.03489949670250101100 ) ) ;
#2538 = CARTESIAN_POINT ( 'NONE',  ( -22.49999999999999600, 22.29999999999999000, 4.450806661517022500 ) ) ;
#2539 = DIRECTION ( 'NONE',  ( 0.0000000000000000000, 0.03489949670250100400, -0.9993908270190956500 ) ) ;
#2540 = CARTESIAN_POINT ( 'NONE',  ( 14.49025297347071400, -19.61073226708341700, -6.758475310052556800 ) ) ;
#2541 = CARTESIAN_POINT ( 'NONE',  ( 14.66756881279173200, -19.08486111741485700, -6.779607966074296500 ) ) ;
#2542 = CARTESIAN_POINT ( 'NONE',  ( 14.66207225109799200, -18.85459849833411600, -6.824373868670843300 ) ) ;
#2543 = PLANE ( 'NONE',  #1729 ) ;
#2544 = DIRECTION ( 'NONE',  ( 0.0000000000000000000, 1.334402673828313600E-016, -1.000000000000000000 ) ) ;
#2545 = DIRECTION ( 'NONE',  ( 1.000000000000000000, 0.0000000000000000000, 0.0000000000000000000 ) ) ;
#2546 = CARTESIAN_POINT ( 'NONE',  ( 14.72967761511507400, -20.18714279528515800, -6.273772363727058400 ) ) ;
#2547 = CARTESIAN_POINT ( 'NONE',  ( 14.50594218167891800, -19.82935604423589400, -6.616499369131667600 ) ) ;
#2548 = CARTESIAN_POINT ( 'NONE',  ( -22.29999999999999000, -19.69337809063996800, 2.999999999999994700 ) ) ;
#2549 = CARTESIAN_POINT ( 'NONE',  ( 13.00000000000000000, -20.79999999999999700, 0.0000000000000000000 ) ) ;
#2550 = CARTESIAN_POINT ( 'NONE',  ( 13.19766851081884200, -20.60096835177265700, 0.03122097961453196600 ) ) ;
#2551 = CARTESIAN_POINT ( 'NONE',  ( 14.64050807367966600, -18.62417706394361300, -6.999999999999999100 ) ) ;
#2552 = DIRECTION ( 'NONE',  ( 0.0000000000000000000, 1.000000000000000000, 1.334402673828313600E-016 ) ) ;
#2553 = CARTESIAN_POINT ( 'NONE',  ( 14.87453052633152100, -20.62211220080532200, -5.094040073679033200 ) ) ;
#2554 = DIRECTION ( 'NONE',  ( 0.0000000000000000000, 0.0000000000000000000, -1.000000000000000000 ) ) ;
#2555 = CARTESIAN_POINT ( 'NONE',  ( 14.76734875132730800, -20.17485349680608000, -5.966965580078569300 ) ) ;
#2556 = PLANE ( 'NONE',  #1720 ) ;
#2557 = CARTESIAN_POINT ( 'NONE',  ( 14.87537124584094400, -20.42308055257798600, -5.087192962745531200 ) ) ;
#2558 = CARTESIAN_POINT ( 'NONE',  ( 14.70445141200718800, -19.70883814620652100, -6.479223300899480600 ) ) ;
#2559 = CARTESIAN_POINT ( 'NONE',  ( 0.0000000000000000000, 3.302709063432736600E-017, 2.499999999999996400 ) ) ;
#2560 = DIRECTION ( 'NONE',  ( 0.0000000000000000000, 0.0000000000000000000, -1.000000000000000000 ) ) ;
#2561 = DIRECTION ( 'NONE',  ( -0.1217962055169507400, -0.03463967445540915700, 0.9919504913428371900 ) ) ;
#2562 = DIRECTION ( 'NONE',  ( 0.9925461516413220900, 0.0000000000000000000, 0.1218693434051473800 ) ) ;
#2563 = CARTESIAN_POINT ( 'NONE',  ( 13.00000000000000000, -18.62417706394361300, -5.000000000000000000 ) ) ;
#2564 = CARTESIAN_POINT ( 'NONE',  ( 14.66957554564810500, -19.60168904976972800, -6.763264438502619500 ) ) ;
#2565 = CARTESIAN_POINT ( 'NONE',  ( 14.81241948483584300, -20.54935225540645400, -5.599893912622429000 ) ) ;
#2566 = CARTESIAN_POINT ( 'NONE',  ( 14.46905958246341200, -19.13604823446745600, -6.950260108214594700 ) ) ;
#2567 = CARTESIAN_POINT ( 'NONE',  ( 14.66207225109674200, -18.62417706394361300, -6.824373868681029800 ) ) ;
#2568 = CARTESIAN_POINT ( 'NONE',  ( 14.68673986932691400, -19.81928145099617200, -6.623472240260881900 ) ) ;
#2569 = CARTESIAN_POINT ( 'NONE',  ( 14.64858704537249800, -20.61402361239368400, -5.325666940136120100 ) ) ;
#2570 = CARTESIAN_POINT ( 'NONE',  ( -17.50000000000000000, 17.50000000000017400, -7.000000000000000000 ) ) ;
#2571 = CARTESIAN_POINT ( 'NONE',  ( 14.56883952099894400, -20.34715087823534300, -6.047324123775237800 ) ) ;
#2572 = CARTESIAN_POINT ( 'NONE',  ( 14.67686201551267900, -20.62295871798180600, -5.069798993405002300 ) ) ;
#2573 = CARTESIAN_POINT ( 'NONE',  ( 14.68876220379892300, -19.51207674676965100, -6.607001647728198500 ) ) ;
#2574 = DIRECTION ( 'NONE',  ( -1.000000000000000000, 0.0000000000000000000, 0.0000000000000000000 ) ) ;
#2575 = CARTESIAN_POINT ( 'NONE',  ( 14.64650927624184400, -19.13111413578020100, -6.951124127350179400 ) ) ;
#2576 = DIRECTION ( 'NONE',  ( 0.0000000000000000000, 0.0000000000000000000, -1.000000000000000000 ) ) ;
#2577 = CARTESIAN_POINT ( 'NONE',  ( 14.84709627331524500, -20.41503895685999500, -5.317474134236290300 ) ) ;
#2578 = CARTESIAN_POINT ( 'NONE',  ( 14.81903264167317300, -20.36226427859450900, -5.546034072356365900 ) ) ;
#2579 = CARTESIAN_POINT ( 'NONE',  ( 14.84342661390788900, -20.61018288203351600, -5.347361111718702100 ) ) ;
#2580 = CARTESIAN_POINT ( 'NONE',  ( 14.74375175194832000, -20.04028611533310000, -6.159147717681721100 ) ) ;
#2581 = CARTESIAN_POINT ( 'NONE',  ( 14.46356302076967600, -18.88020087993286800, -7.000000000000000000 ) ) ;
#2582 = CARTESIAN_POINT ( 'NONE',  ( 14.46356302076847900, -20.79999999999999700, -6.800000000000000700 ) ) ;
#2583 = CARTESIAN_POINT ( 'NONE',  ( 17.50000000000000000, -15.50000000000017600, 0.0000000000000000000 ) ) ;
#2584 = PLANE ( 'NONE',  #1808 ) ;
#2585 = DIRECTION ( 'NONE',  ( 0.0000000000000000000, 1.000000000000000000, 0.0000000000000000000 ) ) ;
#2586 = DIRECTION ( 'NONE',  ( -1.000000000000000000, 0.0000000000000000000, -0.0000000000000000000 ) ) ;
#2587 = CARTESIAN_POINT ( 'NONE',  ( 20.59042089949995400, -13.23475430001483100, -0.2708185351510492000 ) ) ;
#2588 = CARTESIAN_POINT ( 'NONE',  ( 17.50000000000000000, -17.50000000000017400, 0.0000000000000000000 ) ) ;
#2589 = CARTESIAN_POINT ( 'NONE',  ( 16.00000000000000000, 16.00000000000016700, -4.517449748351251200 ) ) ;
#2590 = CARTESIAN_POINT ( 'NONE',  ( -13.00000000000000000, 18.62417706394361300, -5.000000000000000000 ) ) ;
#2591 = DIRECTION ( 'NONE',  ( 0.0000000000000000000, -0.9925461516413220900, -0.1218693434051473800 ) ) ;
#2592 = DIRECTION ( 'NONE',  ( 1.000000000000000000, 0.0000000000000000000, 0.0000000000000000000 ) ) ;
#2593 = CARTESIAN_POINT ( 'NONE',  ( 20.59700865851943900, -15.28840885218159700, -0.08216979930225847000 ) ) ;
#2594 = DIRECTION ( 'NONE',  ( 0.03463967445540915700, 0.1217962055169507500, 0.9919504913428371900 ) ) ;
#2595 = CARTESIAN_POINT ( 'NONE',  ( 19.34255176513772400, 16.00000000000016700, -4.500000000000000900 ) ) ;
#2596 = DIRECTION ( 'NONE',  ( -0.0000000000000000000, -0.0000000000000000000, 1.000000000000000000 ) ) ;
#2597 = DIRECTION ( 'NONE',  ( 1.000000000000000000, 0.0000000000000000000, 0.0000000000000000000 ) ) ;
#2598 = DIRECTION ( 'NONE',  ( -1.224646799147353200E-016, 1.000000000000000000, 0.0000000000000000000 ) ) ;
#2599 = DIRECTION ( 'NONE',  ( -1.000000000000000000, 0.0000000000000000000, 0.0000000000000000000 ) ) ;
#2600 = CARTESIAN_POINT ( 'NONE',  ( -22.27676739607959900, -19.88597720373337200, 3.019106580936864700 ) ) ;
#2601 = DIRECTION ( 'NONE',  ( 5.217554879523427500E-016, -0.9925461516413220900, -0.1218693434051475200 ) ) ;
#2602 = DIRECTION ( 'NONE',  ( 0.03463967445540915700, -0.1217962055169507200, 0.9919504913428371900 ) ) ;
#2603 = CARTESIAN_POINT ( 'NONE',  ( -17.50000000000000000, 14.46356302076865300, -6.800000000000000700 ) ) ;
#2604 = DIRECTION ( 'NONE',  ( -1.000000000000000000, 0.0000000000000000000, 0.0000000000000000000 ) ) ;
#2605 = CARTESIAN_POINT ( 'NONE',  ( 17.50000000000000000, -17.50000000000017400, -6.800000000000000700 ) ) ;
#2606 = DIRECTION ( 'NONE',  ( 1.000000000000000000, 0.0000000000000000000, 0.0000000000000000000 ) ) ;
#2607 = DIRECTION ( 'NONE',  ( -1.000000000000000000, -5.256737805990611000E-016, 0.0000000000000000000 ) ) ;
#2608 = DIRECTION ( 'NONE',  ( -1.000000000000000000, 0.0000000000000000000, 0.0000000000000000000 ) ) ;
#2609 = DIRECTION ( 'NONE',  ( 0.0000000000000000000, 0.1218693434051475200, -0.9925461516413220900 ) ) ;
#2610 = PLANE ( 'NONE',  #1813 ) ;
#2611 = DIRECTION ( 'NONE',  ( 0.0000000000000000000, 0.0000000000000000000, 1.000000000000000000 ) ) ;
#2612 = CARTESIAN_POINT ( 'NONE',  ( 16.00000000000000000, 16.00000000000016700, -5.000000000000000000 ) ) ;
#2613 = DIRECTION ( 'NONE',  ( 0.0000000000000000000, -1.000000000000000000, 0.0000000000000000000 ) ) ;
#2614 = DIRECTION ( 'NONE',  ( 0.0000000000000000000, -0.0000000000000000000, 1.000000000000000000 ) ) ;
#2615 = DIRECTION ( 'NONE',  ( 0.0000000000000000000, -0.9925461516413219800, 0.1218693434051474100 ) ) ;
#2616 = DIRECTION ( 'NONE',  ( 0.0000000000000000000, 0.0000000000000000000, 1.000000000000000000 ) ) ;
#2617 = DIRECTION ( 'NONE',  ( 0.0000000000000000000, 0.0000000000000000000, -1.000000000000000000 ) ) ;
#2618 = CARTESIAN_POINT ( 'NONE',  ( -20.79999999999982300, 15.50000000000017400, 0.0000000000000000000 ) ) ;
#2619 = CARTESIAN_POINT ( 'NONE',  ( -16.00000000000000000, -16.00000000000016700, -4.517449748351251200 ) ) ;
#2620 = DIRECTION ( 'NONE',  ( -0.0000000000000000000, -0.0000000000000000000, 1.000000000000000000 ) ) ;
#2621 = CARTESIAN_POINT ( 'NONE',  ( -22.19014325696511500, -20.25179711091732300, 3.089758587052937600 ) ) ;
#2622 = DIRECTION ( 'NONE',  ( 0.0000000000000000000, -1.000000000000000000, 0.0000000000000000000 ) ) ;
#2623 = CARTESIAN_POINT ( 'NONE',  ( -22.12763489373846300, -20.42446763028288000, 3.140585727559680700 ) ) ;
#2624 = DIRECTION ( 'NONE',  ( 0.0000000000000000000, 0.0000000000000000000, -1.000000000000000000 ) ) ;
#2625 = DIRECTION ( 'NONE',  ( 0.0000000000000000000, 0.0000000000000000000, -1.000000000000000000 ) ) ;
#2626 = DIRECTION ( 'NONE',  ( 0.0000000000000000000, 0.0000000000000000000, -1.000000000000000000 ) ) ;
#2627 = DIRECTION ( 'NONE',  ( 0.0000000000000000000, 0.0000000000000000000, -1.000000000000000000 ) ) ;
#2628 = CARTESIAN_POINT ( 'NONE',  ( -21.96845635868076500, -20.75203789937232900, 3.268097461582572600 ) ) ;
#2629 = DIRECTION ( 'NONE',  ( 0.0000000000000000000, 0.0000000000000000000, -1.000000000000000000 ) ) ;
#2630 = DIRECTION ( 'NONE',  ( -0.03489949670250100400, 0.0000000000000000000, 0.9993908270190956500 ) ) ;
#2631 = CARTESIAN_POINT ( 'NONE',  ( 17.50000000000000000, -13.00000000000017400, 0.0000000000000000000 ) ) ;
#2632 = CARTESIAN_POINT ( 'NONE',  ( 15.41699343794478200, -20.79999999999999700, 0.0000000000000000000 ) ) ;
#2633 = CARTESIAN_POINT ( 'NONE',  ( -16.00000000000000000, -16.00000000000016700, 0.0000000000000000000 ) ) ;
#2634 = CARTESIAN_POINT ( 'NONE',  ( 15.50000000000000200, -20.71756193723067700, 0.0000000000000000000 ) ) ;
#2635 = CARTESIAN_POINT ( 'NONE',  ( 16.00000000000000000, 16.00000000000016700, -5.000000000000000000 ) ) ;
#2636 = DIRECTION ( 'NONE',  ( -1.000000000000000000, 0.0000000000000000000, 0.0000000000000000000 ) ) ;
#2637 = DIRECTION ( 'NONE',  ( -1.000000000000000000, 0.0000000000000000000, 0.0000000000000000000 ) ) ;
#2638 = CARTESIAN_POINT ( 'NONE',  ( -19.49999999999999300, -19.50000000000001100, 0.0000000000000000000 ) ) ;
#2639 = DIRECTION ( 'NONE',  ( 1.000000000000000000, 5.256737805990611000E-016, 0.0000000000000000000 ) ) ;
#2640 = DIRECTION ( 'NONE',  ( -0.0000000000000000000, -1.000000000000000000, -0.0000000000000000000 ) ) ;
#2641 = DIRECTION ( 'NONE',  ( 1.000000000000000000, 0.0000000000000000000, 0.0000000000000000000 ) ) ;
#2642 = CARTESIAN_POINT ( 'NONE',  ( 13.00000000000000000, -20.60072924539006300, 0.0000000000000000000 ) ) ;
#2643 = DIRECTION ( 'NONE',  ( 0.0000000000000000000, 0.0000000000000000000, -1.000000000000000000 ) ) ;
#2644 = DIRECTION ( 'NONE',  ( 1.000000000000000000, 0.0000000000000000000, 0.0000000000000000000 ) ) ;
#2645 = CARTESIAN_POINT ( 'NONE',  ( 15.50000000000000000, -20.60072924539006300, 0.0000000000000000000 ) ) ;
#2646 = DIRECTION ( 'NONE',  ( -1.224646799147353200E-016, 1.000000000000000000, 0.0000000000000000000 ) ) ;
#2647 = CARTESIAN_POINT ( 'NONE',  ( -12.65744823486227600, -16.00000000000016700, -4.500000000000000900 ) ) ;
#2648 = DIRECTION ( 'NONE',  ( 1.000000000000000000, 0.0000000000000000000, 0.0000000000000000000 ) ) ;
#2649 = CARTESIAN_POINT ( 'NONE',  ( 12.65744823486227600, 16.00000000000016700, -4.500000000000000900 ) ) ;
#2650 = DIRECTION ( 'NONE',  ( -0.0000000000000000000, -1.000000000000000000, -0.0000000000000000000 ) ) ;
#2651 = DIRECTION ( 'NONE',  ( -0.0000000000000000000, 0.0000000000000000000, -1.000000000000000000 ) ) ;
#2652 = CARTESIAN_POINT ( 'NONE',  ( 15.29935505878390100, -20.79999999999999700, 0.0000000000000000000 ) ) ;
#2653 = CARTESIAN_POINT ( 'NONE',  ( -19.34255176513772400, -16.00000000000016700, -4.500000000000000900 ) ) ;
#2654 = CARTESIAN_POINT ( 'NONE',  ( 17.50000000000000000, -17.50000000000017400, 0.0000000000000000000 ) ) ;
#2655 = CARTESIAN_POINT ( 'NONE',  ( 13.00000000000000200, -20.71756193723067700, 0.0000000000000000000 ) ) ;
#2656 = CARTESIAN_POINT ( 'NONE',  ( 12.00000000000000000, 16.00000000000016700, 0.0000000000000000000 ) ) ;
#2657 = CARTESIAN_POINT ( 'NONE',  ( -16.00000000000000000, -16.00000000000016700, -5.000000000000000000 ) ) ;
#2658 = CARTESIAN_POINT ( 'NONE',  ( 13.20064494121610100, -20.79999999999999700, 0.0000000000000000000 ) ) ;
#2659 = DIRECTION ( 'NONE',  ( 1.000000000000000000, 0.0000000000000000000, 0.0000000000000000000 ) ) ;
#2660 = CARTESIAN_POINT ( 'NONE',  ( 13.08300656205521800, -20.79999999999999700, 0.0000000000000000000 ) ) ;
#2661 = DIRECTION ( 'NONE',  ( 0.0000000000000000000, 0.0000000000000000000, -1.000000000000000000 ) ) ;
#2662 = DIRECTION ( 'NONE',  ( -0.0000000000000000000, -1.334402673828313600E-016, 1.000000000000000000 ) ) ;
#2663 = CARTESIAN_POINT ( 'NONE',  ( 13.00000000000000000, -20.79999999999999700, 0.0000000000000000000 ) ) ;
#2664 = CARTESIAN_POINT ( 'NONE',  ( -21.29654419168963700, 21.51989597759576300, 3.777237517141192000 ) ) ;
#2665 = CARTESIAN_POINT ( 'NONE',  ( -19.69368969973572800, 22.12499999999999600, 4.547631245172208700 ) ) ;
#2666 = CARTESIAN_POINT ( 'NONE',  ( -22.19014325696512600, 20.25179711091732000, 3.089758587052943800 ) ) ;
#2667 = CARTESIAN_POINT ( 'NONE',  ( 21.84768142700348300, 21.37750853939281700, 3.317103623703503000 ) ) ;
#2668 = CARTESIAN_POINT ( 'NONE',  ( 22.06727933786681100, 21.06388081372981000, 3.147258098630193700 ) ) ;
#2669 = CARTESIAN_POINT ( 'NONE',  ( 22.32693366815155800, 20.52425825084130300, 2.940589536395558300 ) ) ;
#2670 = CARTESIAN_POINT ( 'NONE',  ( 15.50000000000000000, -20.79999999999999700, 0.0000000000000000000 ) ) ;
#2671 = CARTESIAN_POINT ( 'NONE',  ( -19.49999999999999300, 22.12499999999999300, 4.547631245172209600 ) ) ;
#2672 = CARTESIAN_POINT ( 'NONE',  ( -22.29999999999999700, 19.49999999999999600, 3.000000000000000000 ) ) ;
#2673 = CARTESIAN_POINT ( 'NONE',  ( 20.31522680763421100, 22.39416162136483400, 4.282715734047160400 ) ) ;
#2674 = DIRECTION ( 'NONE',  ( -0.0000000000000000000, -1.000000000000000000, -0.0000000000000000000 ) ) ;
#2675 = CARTESIAN_POINT ( 'NONE',  ( 22.47706708272685500, 19.92455032268693000, 2.818774429777174600 ) ) ;
#2676 = CARTESIAN_POINT ( 'NONE',  ( 22.50000000000000700, 19.71263924247788100, 2.800000000000000300 ) ) ;
#2677 = CARTESIAN_POINT ( 'NONE',  ( -21.96845635868076800, 20.75203789937230800, 3.268097461582571700 ) ) ;
#2678 = CARTESIAN_POINT ( 'NONE',  ( -20.24227623515525600, 22.03696680671885800, 4.397399732295325800 ) ) ;
#2679 = CARTESIAN_POINT ( 'NONE',  ( -20.72905471441274400, 21.86415466394168000, 4.150178616476824600 ) ) ;
#2680 = DIRECTION ( 'NONE',  ( 0.0000000000000000000, 1.000000000000000000, 1.223772389194150900E-016 ) ) ;
#2681 = CARTESIAN_POINT ( 'NONE',  ( 0.0000000000000000000, 0.0000000000000000000, 2.517449748351219300 ) ) ;
#2682 = DIRECTION ( 'NONE',  ( -0.0000000000000000000, 1.000000000000000000, -0.0000000000000000000 ) ) ;
#2683 = CARTESIAN_POINT ( 'NONE',  ( -21.66494945923470900, 21.17315929272449200, 3.504857878269709300 ) ) ;
#2684 = DIRECTION ( 'NONE',  ( 0.0000000000000000000, 1.000000000000000000, 1.316595960102959100E-016 ) ) ;
#2685 = CARTESIAN_POINT ( 'NONE',  ( -22.27676739607959900, 19.88597720373336100, 3.019106580936870000 ) ) ;
#2686 = CARTESIAN_POINT ( 'NONE',  ( 19.71336282015087300, 22.49999999999999600, 4.450806661517036700 ) ) ;
#2687 = CARTESIAN_POINT ( 'NONE',  ( 20.49773756529993600, 22.33552264385258500, 4.197335869418990000 ) ) ;
#2688 = CARTESIAN_POINT ( 'NONE',  ( -19.88131260063149200, 22.10627372425560500, 4.512765831923157800 ) ) ;
#2689 = CARTESIAN_POINT ( 'NONE',  ( 21.00910807466874200, 22.09925006250394100, 3.908644697205004200 ) ) ;
#2690 = CARTESIAN_POINT ( 'NONE',  ( 21.31393476638858100, 21.89648674766707600, 3.707368132392822700 ) ) ;
#2691 = CARTESIAN_POINT ( 'NONE',  ( 21.45645393768052500, 21.78186869099774000, 3.606601551536336100 ) ) ;
#2692 = CARTESIAN_POINT ( 'NONE',  ( -21.54713014827786900, 21.29817766487166300, 3.594337949530547400 ) ) ;
#2693 = CARTESIAN_POINT ( 'NONE',  ( -22.12763489373846300, 20.42446763028285900, 3.140585727559682500 ) ) ;
#2694 = CARTESIAN_POINT ( 'NONE',  ( 0.0000000000000000000, -3.369304305708841800E-017, 2.999999999999997300 ) ) ;
#2695 = CARTESIAN_POINT ( 'NONE',  ( -22.30000000000000100, 19.69337809063995000, 3.000000000000000400 ) ) ;
#2696 = CARTESIAN_POINT ( 'NONE',  ( 22.16443750021709700, 20.89335269619079200, 3.070379441060740300 ) ) ;
#2697 = CARTESIAN_POINT ( 'NONE',  ( 19.50000000000000400, 22.49999999999999600, 4.450806661517036700 ) ) ;
#2698 = CARTESIAN_POINT ( 'NONE',  ( 17.50000000000000000, -15.50000000000017600, 0.0000000000000000000 ) ) ;
#2699 = CARTESIAN_POINT ( 'NONE',  ( 19.92006473981385600, 22.47729942277087600, 4.411339949280871600 ) ) ;
#2700 = CARTESIAN_POINT ( 'NONE',  ( -13.00000000000000000, 20.79999999999999700, 0.0000000000000000000 ) ) ;
#2701 = DIRECTION ( 'NONE',  ( 0.0000000000000000000, 1.334402673828313600E-016, -1.000000000000000000 ) ) ;
#2702 = CARTESIAN_POINT ( 'NONE',  ( -21.16353355033631400, 21.61740083245470200, 3.870998106780071600 ) ) ;
#2703 = CARTESIAN_POINT ( 'NONE',  ( 20.84546622575581400, 22.18800847252418500, 4.010181282009398300 ) ) ;
#2704 = DIRECTION ( 'NONE',  ( 1.000000000000000000, 5.256737805990611000E-016, 0.0000000000000000000 ) ) ;
#2705 = CARTESIAN_POINT ( 'NONE',  ( -20.40957348175030700, 21.98791908073168600, 4.320319949005758000 ) ) ;
#2706 = CARTESIAN_POINT ( 'NONE',  ( 21.72348557406482100, 21.52255992127477700, 3.411434852055103200 ) ) ;
#2707 = CARTESIAN_POINT ( 'NONE',  ( 22.39011532090414000, 20.33090602562774400, 2.889407054062996600 ) ) ;
#2708 = CARTESIAN_POINT ( 'NONE',  ( -20.88042303165604000, 21.78928082794513100, 4.057005239992460800 ) ) ;
#2709 = DIRECTION ( 'NONE',  ( 0.0000000000000000000, 1.000000000000000000, 0.0000000000000000000 ) ) ;
#2710 = CARTESIAN_POINT ( 'NONE',  ( -21.87497213299832700, 20.90051304876387700, 3.342226603582394000 ) ) ;
#2711 = CARTESIAN_POINT ( 'NONE',  ( -20.79999999999982300, 13.08300656205539300, 0.0000000000000000000 ) ) ;
#2712 = CARTESIAN_POINT ( 'NONE',  ( -15.41699343794478200, 20.79999999999999700, 0.0000000000000000000 ) ) ;
#2713 = CARTESIAN_POINT ( 'NONE',  ( 20.71756193723049600, -15.50000000000017400, 0.0000000000000000000 ) ) ;
#2714 = CARTESIAN_POINT ( 'NONE',  ( -20.71756193723049600, 13.00000000000017600, 0.0000000000000000000 ) ) ;
#2715 = CARTESIAN_POINT ( 'NONE',  ( -18.95000000000000300, -16.00000000000016700, 0.0000000000000000000 ) ) ;
#2716 = DIRECTION ( 'NONE',  ( -1.000000000000000000, 0.0000000000000000000, 0.0000000000000000000 ) ) ;
#2717 = CARTESIAN_POINT ( 'NONE',  ( 17.50000000000000000, -17.50000000000017400, 0.0000000000000000000 ) ) ;
#2718 = DIRECTION ( 'NONE',  ( 1.000000000000000000, 0.0000000000000000000, 0.0000000000000000000 ) ) ;
#2719 = DIRECTION ( 'NONE',  ( -1.000000000000000000, -5.256737805990611000E-016, 0.0000000000000000000 ) ) ;
#2720 = CARTESIAN_POINT ( 'NONE',  ( 0.0000000000000000000, 0.0000000000000000000, 2.517449748351219300 ) ) ;
#2721 = CARTESIAN_POINT ( 'NONE',  ( 13.00000000000000000, -20.79999999999999700, 0.0000000000000000000 ) ) ;
#2722 = CARTESIAN_POINT ( 'NONE',  ( -20.79999999999982300, 13.20064494121627300, 0.0000000000000000000 ) ) ;
#2723 = CARTESIAN_POINT ( 'NONE',  ( 20.79999999999982300, -15.41699343794495600, 0.0000000000000000000 ) ) ;
#2724 = CARTESIAN_POINT ( 'NONE',  ( -21.87497213299832000, -20.90051304876389100, 3.342226603582393500 ) ) ;
#2725 = CARTESIAN_POINT ( 'NONE',  ( 0.0000000000000000000, 0.0000000000000000000, 2.517449748351219300 ) ) ;
#2726 = CARTESIAN_POINT ( 'NONE',  ( -21.66494945923469100, -21.17315929272450200, 3.504857878269711100 ) ) ;
#2727 = CARTESIAN_POINT ( 'NONE',  ( 20.79999999999982300, -15.29935505878407300, 0.0000000000000000000 ) ) ;
#2728 = CARTESIAN_POINT ( 'NONE',  ( 20.60072924538988900, -15.50000000000017400, 0.0000000000000000000 ) ) ;
#2729 = DIRECTION ( 'NONE',  ( -0.0000000000000000000, -0.0000000000000000000, -1.000000000000000000 ) ) ;
#2730 = CARTESIAN_POINT ( 'NONE',  ( -15.50000000000000200, 20.71756193723067700, 0.0000000000000000000 ) ) ;
#2731 = CARTESIAN_POINT ( 'NONE',  ( -17.50000000000000000, 13.00000000000017400, 0.0000000000000000000 ) ) ;
#2732 = DIRECTION ( 'NONE',  ( 1.000000000000000000, 0.0000000000000000000, 0.0000000000000000000 ) ) ;
#2733 = DIRECTION ( 'NONE',  ( 0.0000000000000000000, 1.000000000000000000, 1.316595960102959100E-016 ) ) ;
#2734 = CARTESIAN_POINT ( 'NONE',  ( -16.00000000000000000, -16.00000000000016700, 0.0000000000000000000 ) ) ;
#2735 = DIRECTION ( 'NONE',  ( 0.0000000000000000000, -0.0000000000000000000, 1.000000000000000000 ) ) ;
#2736 = DIRECTION ( 'NONE',  ( 0.0000000000000000000, 0.0000000000000000000, -1.000000000000000000 ) ) ;
#2737 = CARTESIAN_POINT ( 'NONE',  ( -15.29935505878390100, 20.79999999999999700, 0.0000000000000000000 ) ) ;
#2738 = CARTESIAN_POINT ( 'NONE',  ( -20.60072924538988900, 13.00000000000017200, 0.0000000000000000000 ) ) ;
#2739 = DIRECTION ( 'NONE',  ( -1.000000000000000000, -5.256737805990611000E-016, 0.0000000000000000000 ) ) ;
#2740 = DIRECTION ( 'NONE',  ( -0.0000000000000000000, -1.334402673828313600E-016, 1.000000000000000000 ) ) ;
#2741 = CARTESIAN_POINT ( 'NONE',  ( 22.50000000000000400, 19.49999999999999300, 2.800000000000000300 ) ) ;
#2742 = DIRECTION ( 'NONE',  ( 8.881784197001251300E-016, 1.000000000000000000, 1.316595960102959100E-016 ) ) ;
#2743 = CARTESIAN_POINT ( 'NONE',  ( -15.50000000000000000, 20.60072924539006300, 0.0000000000000000000 ) ) ;
#2744 = CARTESIAN_POINT ( 'NONE',  ( -20.28970663244212200, -16.00000000000016700, -0.3000000000000000400 ) ) ;
#2745 = DIRECTION ( 'NONE',  ( 1.224646799147353200E-016, 1.000000000000000000, 0.0000000000000000000 ) ) ;
#2746 = DIRECTION ( 'NONE',  ( -0.0000000000000000000, -1.334402673828313600E-016, 1.000000000000000000 ) ) ;
#2747 = CARTESIAN_POINT ( 'NONE',  ( -17.50000000000000000, 15.50000000000017600, 0.0000000000000000000 ) ) ;
#2748 = DIRECTION ( 'NONE',  ( 1.000000000000000000, 0.0000000000000000000, 0.0000000000000000000 ) ) ;
#2749 = DIRECTION ( 'NONE',  ( 1.000000000000000000, 0.0000000000000000000, 0.0000000000000000000 ) ) ;
#2750 = CARTESIAN_POINT ( 'NONE',  ( -22.39011532090412600, 20.33090602562774800, 2.889407054062997500 ) ) ;
#2751 = CARTESIAN_POINT ( 'NONE',  ( -20.49773756529990400, 22.33552264385259200, 4.197335869418995300 ) ) ;
#2752 = CARTESIAN_POINT ( 'NONE',  ( -22.32693366815155000, 20.52425825084131000, 2.940589536395559200 ) ) ;
#2753 = CARTESIAN_POINT ( 'NONE',  ( 16.00000000000000000, 16.00000000000016700, 0.0000000000000000000 ) ) ;
#2754 = DIRECTION ( 'NONE',  ( -0.0000000000000000000, -0.0000000000000000000, 1.000000000000000000 ) ) ;
#2755 = CARTESIAN_POINT ( 'NONE',  ( -20.84546622575578200, 22.18800847252419600, 4.010181282009405400 ) ) ;
#2756 = DIRECTION ( 'NONE',  ( 0.0000000000000000000, -0.0000000000000000000, 1.000000000000000000 ) ) ;
#2757 = CARTESIAN_POINT ( 'NONE',  ( -22.47706708272684000, 19.92455032268692600, 2.818774429777174200 ) ) ;
#2758 = CARTESIAN_POINT ( 'NONE',  ( -19.71336282015076300, 22.50000000000001400, 4.450806661516790700 ) ) ;
#2759 = CARTESIAN_POINT ( 'NONE',  ( -19.49999999999999300, 22.49999999999998900, 4.450806661517022500 ) ) ;
#2760 = CARTESIAN_POINT ( 'NONE',  ( -22.49999999999999600, 19.71263924247787400, 2.800000000000000700 ) ) ;
#2761 = CARTESIAN_POINT ( 'NONE',  ( 16.00000000000000000, 16.00000000000016700, -0.2895301509892497200 ) ) ;
#2762 = DIRECTION ( 'NONE',  ( 1.000000000000000000, 0.0000000000000000000, 0.0000000000000000000 ) ) ;
#2763 = DIRECTION ( 'NONE',  ( 0.0000000000000000000, -0.0000000000000000000, 1.000000000000000000 ) ) ;
#2764 = DIRECTION ( 'NONE',  ( 1.000000000000000000, 1.541976423090495400E-016, -0.0000000000000000000 ) ) ;
#2765 = CARTESIAN_POINT ( 'NONE',  ( -22.49999999999999600, 19.49999999999999300, 2.800000000000000300 ) ) ;
#2766 = CARTESIAN_POINT ( 'NONE',  ( -21.84768142700346500, 21.37750853939282100, 3.317103623703509600 ) ) ;
#2767 = CARTESIAN_POINT ( 'NONE',  ( -21.72348557406480300, 21.52255992127478400, 3.411434852055110800 ) ) ;
#2768 = CARTESIAN_POINT ( 'NONE',  ( -16.00000000000000000, -16.00000000000016700, 0.0000000000000000000 ) ) ;
#2769 = CARTESIAN_POINT ( 'NONE',  ( -11.71029336755787600, -16.00000000000016700, -0.3000000000000000400 ) ) ;
#2770 = DIRECTION ( 'NONE',  ( 1.000000000000000000, 0.0000000000000000000, 0.0000000000000000000 ) ) ;
#2771 = CARTESIAN_POINT ( 'NONE',  ( -22.16443750021709400, 20.89335269619080300, 3.070379441060743900 ) ) ;
#2772 = DIRECTION ( 'NONE',  ( 0.0000000000000000000, 0.0000000000000000000, -1.000000000000000000 ) ) ;
#2773 = CARTESIAN_POINT ( 'NONE',  ( 22.50000000000000400, -22.50000000000000400, 0.0000000000000000000 ) ) ;
#2774 = DIRECTION ( 'NONE',  ( 0.0000000000000000000, -1.000000000000000000, -0.0000000000000000000 ) ) ;
#2775 = DIRECTION ( 'NONE',  ( 0.0000000000000000000, 0.0000000000000000000, -1.000000000000000000 ) ) ;
#2776 = CARTESIAN_POINT ( 'NONE',  ( -22.06727933786679300, 21.06388081372981700, 3.147258098630197700 ) ) ;
#2777 = CARTESIAN_POINT ( 'NONE',  ( 22.50000000000000400, 19.49999999999999300, 6.000000000000000000 ) ) ;
#2778 = CARTESIAN_POINT ( 'NONE',  ( -21.00910807466871300, 22.09925006250395200, 3.908644697205013500 ) ) ;
#2779 = CARTESIAN_POINT ( 'NONE',  ( -19.92006473981381400, 22.47729942277088000, 4.411339949280869800 ) ) ;
#2780 = CARTESIAN_POINT ( 'NONE',  ( -20.31522680763417200, 22.39416162136485500, 4.282715734047164000 ) ) ;
#2781 = CARTESIAN_POINT ( 'NONE',  ( -21.45645393768050400, 21.78186869099774400, 3.606601551536344100 ) ) ;
#2782 = CARTESIAN_POINT ( 'NONE',  ( -21.31393476638855600, 21.89648674766709000, 3.707368132392829800 ) ) ;
#2783 = CARTESIAN_POINT ( 'NONE',  ( -17.50000000000000000, 17.50000000000017400, 0.0000000000000000000 ) ) ;
#2784 = DIRECTION ( 'NONE',  ( 1.000000000000000000, 0.0000000000000000000, 0.0000000000000000000 ) ) ;
#2785 = DIRECTION ( 'NONE',  ( -1.000000000000000000, 0.0000000000000000000, 0.0000000000000000000 ) ) ;
#2786 = DIRECTION ( 'NONE',  ( 1.000000000000000000, 0.0000000000000000000, 0.0000000000000000000 ) ) ;
#2787 = DIRECTION ( 'NONE',  ( 0.0000000000000000000, -1.000000000000000000, -0.0000000000000000000 ) ) ;
#2788 = DIRECTION ( 'NONE',  ( -0.0000000000000000000, 0.0000000000000000000, -1.000000000000000000 ) ) ;
#2789 = CARTESIAN_POINT ( 'NONE',  ( 19.50000000000000400, 19.49999999999999600, 0.0000000000000000000 ) ) ;
#2790 = DIRECTION ( 'NONE',  ( 0.0000000000000000000, 0.0000000000000000000, -1.000000000000000000 ) ) ;
#2791 = DIRECTION ( 'NONE',  ( 1.224646799147353200E-016, 1.000000000000000000, 0.0000000000000000000 ) ) ;
#2792 = DIRECTION ( 'NONE',  ( -1.000000000000000000, -5.256737805990611000E-016, 1.803477887804804400E-034 ) ) ;
#2793 = CARTESIAN_POINT ( 'NONE',  ( -13.04999999999999900, -16.00000000000016700, 0.0000000000000000000 ) ) ;
#2794 = DIRECTION ( 'NONE',  ( 0.0000000000000000000, 0.0000000000000000000, -1.000000000000000000 ) ) ;
#2795 = CARTESIAN_POINT ( 'NONE',  ( 13.04999999999999900, 16.00000000000016700, 0.0000000000000000000 ) ) ;
#2796 = CARTESIAN_POINT ( 'NONE',  ( -16.00000000000000000, -16.00000000000016700, -0.2895301509892497200 ) ) ;
#2797 = CARTESIAN_POINT ( 'NONE',  ( -16.00000000000000000, -16.00000000000016700, -0.2895301509892497200 ) ) ;
#2798 = DIRECTION ( 'NONE',  ( 0.0000000000000000000, 0.0000000000000000000, -1.000000000000000000 ) ) ;
#2799 = DIRECTION ( 'NONE',  ( 1.000000000000000000, 0.0000000000000000000, 0.0000000000000000000 ) ) ;
#2800 = DIRECTION ( 'NONE',  ( 0.0000000000000000000, 0.0000000000000000000, -1.000000000000000000 ) ) ;
#2801 = DIRECTION ( 'NONE',  ( -0.03489949670250100400, 4.273955692857147200E-018, 0.9993908270190956500 ) ) ;
#2802 = CARTESIAN_POINT ( 'NONE',  ( 11.71029336755787600, 16.00000000000016700, -0.3000000000000000400 ) ) ;
#2803 = DIRECTION ( 'NONE',  ( -0.0000000000000000000, 0.0000000000000000000, -1.000000000000000000 ) ) ;
#2804 = DIRECTION ( 'NONE',  ( 1.000000000000000000, 0.0000000000000000000, 0.0000000000000000000 ) ) ;
#2805 = CARTESIAN_POINT ( 'NONE',  ( -20.00000000000000000, -16.00000000000016700, 0.0000000000000000000 ) ) ;
#2806 = DIRECTION ( 'NONE',  ( -0.0000000000000000000, -0.0000000000000000000, 1.000000000000000000 ) ) ;
#2807 = DIRECTION ( 'NONE',  ( -0.0000000000000000000, -0.0000000000000000000, -1.000000000000000000 ) ) ;
#2808 = CARTESIAN_POINT ( 'NONE',  ( 0.0000000000000000000, 7.087606695878779600, 2.499999999999997300 ) ) ;
#2809 = CARTESIAN_POINT ( 'NONE',  ( -17.50000000000000000, 14.66207225109691900, -6.824373868681029800 ) ) ;
#2810 = DIRECTION ( 'NONE',  ( -0.0000000000000000000, -0.0000000000000000000, -1.000000000000000000 ) ) ;
#2811 = DIRECTION ( 'NONE',  ( 0.0000000000000000000, 0.0000000000000000000, 1.000000000000000000 ) ) ;
#2812 = DIRECTION ( 'NONE',  ( 1.000000000000000000, 0.0000000000000000000, 0.0000000000000000000 ) ) ;
#2813 = CARTESIAN_POINT ( 'NONE',  ( 16.00000000000000000, 16.00000000000016700, -4.517449748351251200 ) ) ;
#2814 = DIRECTION ( 'NONE',  ( -1.000000000000000000, 0.0000000000000000000, 0.0000000000000000000 ) ) ;
#2815 = CARTESIAN_POINT ( 'NONE',  ( 19.50000000000000400, -19.50000000000000400, 0.0000000000000000000 ) ) ;
#2816 = CARTESIAN_POINT ( 'NONE',  ( 20.28970663244212200, 16.00000000000016700, -0.3000000000000000400 ) ) ;
#2817 = DIRECTION ( 'NONE',  ( -1.000000000000000000, 0.0000000000000000000, 0.0000000000000000000 ) ) ;
#2818 = CARTESIAN_POINT ( 'NONE',  ( -6.500000000000000900, 0.0000000000000000000, 0.0000000000000000000 ) ) ;
#2819 = CARTESIAN_POINT ( 'NONE',  ( -13.00000000000000000, 20.79999999999999700, 0.0000000000000000000 ) ) ;
#2820 = CARTESIAN_POINT ( 'NONE',  ( -21.54713014827786600, -21.29817766487168400, 3.594337949530550500 ) ) ;
#2821 = DIRECTION ( 'NONE',  ( 0.03489949670250100400, -4.273955692857147200E-018, 0.9993908270190956500 ) ) ;
#2822 = DIRECTION ( 'NONE',  ( -0.0000000000000000000, 0.0000000000000000000, -1.000000000000000000 ) ) ;
#2823 = CARTESIAN_POINT ( 'NONE',  ( 18.95000000000000300, 16.00000000000016700, 0.0000000000000000000 ) ) ;
#2824 = CARTESIAN_POINT ( 'NONE',  ( 20.79999999999982300, -13.20064494121627300, 0.0000000000000000000 ) ) ;
#2825 = DIRECTION ( 'NONE',  ( -0.0000000000000000000, -1.000000000000000000, -0.0000000000000000000 ) ) ;
#2826 = CARTESIAN_POINT ( 'NONE',  ( -13.20064494121610100, 20.79999999999999700, 0.0000000000000000000 ) ) ;
#2827 = CARTESIAN_POINT ( 'NONE',  ( 0.0000000000000000000, 0.0000000000000000000, 0.0000000000000000000 ) ) ;
#2828 = CARTESIAN_POINT ( 'NONE',  ( 16.00000000000000000, 16.00000000000016700, 0.0000000000000000000 ) ) ;
#2829 = DIRECTION ( 'NONE',  ( 1.000000000000000000, 1.156482317317871700E-015, 0.0000000000000000000 ) ) ;
#2830 = DIRECTION ( 'NONE',  ( -1.000000000000000000, 0.0000000000000000000, 0.0000000000000000000 ) ) ;
#2831 = DIRECTION ( 'NONE',  ( -0.0000000000000000000, -0.0000000000000000000, -1.000000000000000000 ) ) ;
#2832 = CARTESIAN_POINT ( 'NONE',  ( 22.50000000000000400, -22.50000000000000400, 0.0000000000000000000 ) ) ;
#2833 = CARTESIAN_POINT ( 'NONE',  ( -21.29654419168963400, -21.51989597759578400, 3.777237517141195600 ) ) ;
#2834 = DIRECTION ( 'NONE',  ( -1.000000000000000000, 0.0000000000000000000, 0.0000000000000000000 ) ) ;
#2835 = DIRECTION ( 'NONE',  ( 0.0000000000000000000, 0.0000000000000000000, -1.000000000000000000 ) ) ;
#2836 = DIRECTION ( 'NONE',  ( 0.0000000000000000000, 0.0000000000000000000, -1.000000000000000000 ) ) ;
#2837 = DIRECTION ( 'NONE',  ( 0.0000000000000000000, 0.0000000000000000000, -1.000000000000000000 ) ) ;
#2838 = CARTESIAN_POINT ( 'NONE',  ( 6.500000000000000900, -7.960204194457796500E-016, 0.0000000000000000000 ) ) ;
#2839 = CARTESIAN_POINT ( 'NONE',  ( 16.00000000000000000, 16.00000000000016700, -5.000000000000000000 ) ) ;
#2840 = CARTESIAN_POINT ( 'NONE',  ( 20.79999999999982300, -13.08300656205539300, 0.0000000000000000000 ) ) ;
#2841 = DIRECTION ( 'NONE',  ( -1.000000000000000000, 0.0000000000000000000, 0.0000000000000000000 ) ) ;
#2842 = DIRECTION ( 'NONE',  ( -1.000000000000000000, 0.0000000000000000000, 0.0000000000000000000 ) ) ;
#2843 = CARTESIAN_POINT ( 'NONE',  ( 20.71756193723049600, -13.00000000000017600, 0.0000000000000000000 ) ) ;
#2844 = CARTESIAN_POINT ( 'NONE',  ( 20.79999999999982300, -15.50000000000017400, 0.0000000000000000000 ) ) ;
#2845 = DIRECTION ( 'NONE',  ( 0.0000000000000000000, 1.000000000000000000, 0.0000000000000000000 ) ) ;
#2846 = CARTESIAN_POINT ( 'NONE',  ( -13.08300656205521800, 20.79999999999999700, 0.0000000000000000000 ) ) ;
#2847 = CARTESIAN_POINT ( 'NONE',  ( -22.49999999999999600, -22.50000000000001100, 0.0000000000000000000 ) ) ;
#2848 = DIRECTION ( 'NONE',  ( 0.0000000000000000000, 0.0000000000000000000, -1.000000000000000000 ) ) ;
#2849 = CARTESIAN_POINT ( 'NONE',  ( 20.60072924538988900, -13.00000000000017200, 0.0000000000000000000 ) ) ;
#2850 = CARTESIAN_POINT ( 'NONE',  ( -19.49999999999999600, 19.49999999999999300, 0.0000000000000000000 ) ) ;
#2851 = CARTESIAN_POINT ( 'NONE',  ( -17.50000000000000000, 17.50000000000017400, 0.0000000000000000000 ) ) ;
#2852 = DIRECTION ( 'NONE',  ( -1.000000000000000000, 0.0000000000000000000, 0.0000000000000000000 ) ) ;
#2853 = DIRECTION ( 'NONE',  ( 0.0000000000000000000, 1.000000000000000000, 0.0000000000000000000 ) ) ;
#2854 = CARTESIAN_POINT ( 'NONE',  ( 0.0000000000000000000, 0.0000000000000000000, 0.0000000000000000000 ) ) ;
#2855 = DIRECTION ( 'NONE',  ( -0.03489949670250100400, 0.0000000000000000000, 0.9993908270190956500 ) ) ;
#2856 = CARTESIAN_POINT ( 'NONE',  ( -13.00000000000000000, 20.60072924539006300, 0.0000000000000000000 ) ) ;
#2857 = CARTESIAN_POINT ( 'NONE',  ( -13.00000000000000200, 20.71756193723067700, 0.0000000000000000000 ) ) ;
#2858 = DIRECTION ( 'NONE',  ( 0.0000000000000000000, 0.0000000000000000000, -1.000000000000000000 ) ) ;
#2859 = DIRECTION ( 'NONE',  ( -1.000000000000000000, 0.0000000000000000000, 0.0000000000000000000 ) ) ;
#2860 = CARTESIAN_POINT ( 'NONE',  ( 22.32693366815155800, -20.52425825084131700, 2.940589536395555200 ) ) ;
#2861 = DIRECTION ( 'NONE',  ( 0.0000000000000000000, -0.0000000000000000000, 1.000000000000000000 ) ) ;
#2862 = CARTESIAN_POINT ( 'NONE',  ( -21.16353355033631100, -21.61740083245472400, 3.870998106780081800 ) ) ;
#2863 = DIRECTION ( 'NONE',  ( -0.1217962055169507500, -0.03463967445540915700, -0.9919504913428371900 ) ) ;
#2864 = DIRECTION ( 'NONE',  ( -1.224646799147351500E-016, 1.000000000000000000, 0.0000000000000000000 ) ) ;
#2865 = CARTESIAN_POINT ( 'NONE',  ( -20.60072924538988900, 15.50000000000017400, 0.0000000000000000000 ) ) ;
#2866 = CARTESIAN_POINT ( 'NONE',  ( 16.00000000000000000, 16.00000000000016700, 0.0000000000000000000 ) ) ;
#2867 = DIRECTION ( 'NONE',  ( 0.0000000000000000000, -1.000000000000000000, 0.0000000000000000000 ) ) ;
#2868 = CARTESIAN_POINT ( 'NONE',  ( -22.49999999999999600, -19.50000000000001100, 6.000000000000000000 ) ) ;
#2869 = CARTESIAN_POINT ( 'NONE',  ( 22.50000000000000400, -19.71263924247789100, 2.799999999999994900 ) ) ;
#2870 = DIRECTION ( 'NONE',  ( 1.000000000000000000, 1.224646799147353000E-016, 1.634171963277513400E-032 ) ) ;
#2871 = CARTESIAN_POINT ( 'NONE',  ( -12.00000000000000000, -16.00000000000016700, 0.0000000000000000000 ) ) ;
#2872 = CARTESIAN_POINT ( 'NONE',  ( 21.45645393768051800, -21.78186869099775800, 3.606601551536339700 ) ) ;
#2873 = DIRECTION ( 'NONE',  ( 0.03489949670250100400, -4.273955692857147200E-018, 0.9993908270190956500 ) ) ;
#2874 = CARTESIAN_POINT ( 'NONE',  ( 20.00000000000000000, 16.00000000000016700, 0.0000000000000000000 ) ) ;
#2875 = CARTESIAN_POINT ( 'NONE',  ( 22.47706708272684800, -19.92455032268693700, 2.818774429777169700 ) ) ;
#2876 = CARTESIAN_POINT ( 'NONE',  ( 22.50000000000000400, 22.49999999999999600, 0.0000000000000000000 ) ) ;
#2877 = CARTESIAN_POINT ( 'NONE',  ( -20.71756193723049600, 15.50000000000017400, 0.0000000000000000000 ) ) ;
#2878 = CARTESIAN_POINT ( 'NONE',  ( -13.82016155409006300, 20.62380523515828300, -5.045557913130974000 ) ) ;
#2879 = CARTESIAN_POINT ( 'NONE',  ( 22.50000000000000400, -19.50000000000000400, 2.799999999999994900 ) ) ;
#2880 = CARTESIAN_POINT ( 'NONE',  ( -16.00000000000000000, -16.00000000000016700, -5.000000000000000000 ) ) ;
#2881 = CARTESIAN_POINT ( 'NONE',  ( 22.16443750021710800, -20.89335269619080600, 3.070379441060739500 ) ) ;
#2882 = CARTESIAN_POINT ( 'NONE',  ( -20.79999999999982300, 15.29935505878407300, 0.0000000000000000000 ) ) ;
#2883 = CARTESIAN_POINT ( 'NONE',  ( 21.72348557406481000, -21.52255992127479100, 3.411434852055106800 ) ) ;
#2884 = DIRECTION ( 'NONE',  ( 1.000000000000000000, 0.0000000000000000000, 0.0000000000000000000 ) ) ;
#2885 = CARTESIAN_POINT ( 'NONE',  ( 21.84768142700346900, -21.37750853939282400, 3.317103623703506100 ) ) ;
#2886 = CARTESIAN_POINT ( 'NONE',  ( 20.84546622575579300, -22.18800847252420600, 4.010181282009406300 ) ) ;
#2887 = CARTESIAN_POINT ( 'NONE',  ( 19.92006473981382400, -22.47729942277088400, 4.411339949280867100 ) ) ;
#2888 = DIRECTION ( 'NONE',  ( -1.000000000000000000, 0.0000000000000000000, 0.0000000000000000000 ) ) ;
#2889 = CARTESIAN_POINT ( 'NONE',  ( 19.71336282015077400, -22.50000000000002100, 4.450806661516795200 ) ) ;
#2890 = CARTESIAN_POINT ( 'NONE',  ( -18.62417706394343900, 14.66207225109691800, -6.824373868681029800 ) ) ;
#2891 = CARTESIAN_POINT ( 'NONE',  ( 21.31393476638856700, -21.89648674766709000, 3.707368132392827100 ) ) ;
#2892 = CARTESIAN_POINT ( 'NONE',  ( 8.679814853723293200E-016, -7.087606695878779600, 2.499999999999995600 ) ) ;
#2893 = DIRECTION ( 'NONE',  ( 0.03489949670250100400, 0.0000000000000000000, 0.9993908270190956500 ) ) ;
#2894 = DIRECTION ( 'NONE',  ( -1.000000000000000000, -1.541976423090495400E-016, 0.0000000000000000000 ) ) ;
#2895 = DIRECTION ( 'NONE',  ( 0.0000000000000000000, 0.0000000000000000000, -1.000000000000000000 ) ) ;
#2896 = CARTESIAN_POINT ( 'NONE',  ( -19.64963778168506200, 14.66207225109691800, -6.824373868681025400 ) ) ;
#2897 = CARTESIAN_POINT ( 'NONE',  ( 22.06727933786680400, -21.06388081372983100, 3.147258098630195000 ) ) ;
#2898 = DIRECTION ( 'NONE',  ( -0.0000000000000000000, -0.0000000000000000000, 1.000000000000000000 ) ) ;
#2899 = CARTESIAN_POINT ( 'NONE',  ( 20.49773756529991100, -22.33552264385260600, 4.197335869418994400 ) ) ;
#2900 = CARTESIAN_POINT ( 'NONE',  ( 21.00910807466872400, -22.09925006250395200, 3.908644697205010800 ) ) ;
#2901 = CARTESIAN_POINT ( 'NONE',  ( 19.50000000000000400, -22.50000000000000400, 4.450806661517031400 ) ) ;
#2902 = CARTESIAN_POINT ( 'NONE',  ( -20.38729248964044800, 14.74953720331325400, -6.112028997524918200 ) ) ;
#2903 = CARTESIAN_POINT ( 'NONE',  ( 20.31522680763417900, -22.39416162136486200, 4.282715734047162200 ) ) ;
#2904 = CARTESIAN_POINT ( 'NONE',  ( 17.50000000000000000, -13.83792774890343200, -6.824373868681029800 ) ) ;
#2905 = CARTESIAN_POINT ( 'NONE',  ( -20.79999999999982300, 15.41699343794495600, 0.0000000000000000000 ) ) ;
#2906 = CARTESIAN_POINT ( 'NONE',  ( -15.50000000000000000, 20.79999999999999700, 0.0000000000000000000 ) ) ;
#2907 = CARTESIAN_POINT ( 'NONE',  ( 22.39011532090412600, -20.33090602562775800, 2.889407054062992100 ) ) ;
#2908 = CARTESIAN_POINT ( 'NONE',  ( 13.00000000000000200, -17.50000000000017400, 0.0000000000000000000 ) ) ;
#2909 = CARTESIAN_POINT ( 'NONE',  ( 13.75046279668691600, -20.38729248964061800, -6.112028997524921800 ) ) ;
#2910 = CARTESIAN_POINT ( 'NONE',  ( 17.50000000000000000, -15.50000000000017400, -1.049168979123884700E-016 ) ) ;
#2911 = CARTESIAN_POINT ( 'NONE',  ( -15.50000000000000000, 17.50000000000017400, 0.0000000000000000000 ) ) ;
#2912 = CARTESIAN_POINT ( 'NONE',  ( 17.50000000000000000, -18.62417706394361300, -7.000000000000000000 ) ) ;
#2913 = DIRECTION ( 'NONE',  ( -1.000000000000000000, -0.0000000000000000000, -0.0000000000000000000 ) ) ;
#2914 = CARTESIAN_POINT ( 'NONE',  ( 22.50000000000000400, -22.50000000000000400, 2.799999999999994500 ) ) ;
#2915 = DIRECTION ( 'NONE',  ( -0.03463967445540915700, 0.1217962055169507400, -0.9919504913428371900 ) ) ;
#2916 = CARTESIAN_POINT ( 'NONE',  ( 13.83792774890325600, -18.62417706394361300, -6.824373868681029800 ) ) ;
#2917 = CARTESIAN_POINT ( 'NONE',  ( 20.38729248964044100, -13.75046279668708800, -6.112028997524921800 ) ) ;
#2918 = CARTESIAN_POINT ( 'NONE',  ( 18.62417706394343900, -13.83792774890343000, -6.824373868681029800 ) ) ;
#2919 = CARTESIAN_POINT ( 'NONE',  ( -14.03643697923151900, 17.50000000000017400, -7.000000000000000000 ) ) ;
#2920 = DIRECTION ( 'NONE',  ( 1.000000000000000000, -0.0000000000000000000, -0.0000000000000000000 ) ) ;
#2921 = CARTESIAN_POINT ( 'NONE',  ( -20.88042303165601900, -21.78928082794515900, 4.057005239992471400 ) ) ;
#2922 = CARTESIAN_POINT ( 'NONE',  ( -20.42308055257781200, 14.87537124584111600, -5.087192962745531200 ) ) ;
#2923 = CARTESIAN_POINT ( 'NONE',  ( 13.62462875415905600, -20.42308055257798600, -5.087192962745531200 ) ) ;
#2924 = DIRECTION ( 'NONE',  ( 0.03463967445540914300, 0.1217962055169507500, -0.9919504913428370800 ) ) ;
#2925 = DIRECTION ( 'NONE',  ( -0.0000000000000000000, -0.1218693434051475200, 0.9925461516413220900 ) ) ;
#2926 = CARTESIAN_POINT ( 'NONE',  ( 20.42308055257781200, -13.62462875415922900, -5.087192962745531200 ) ) ;
#2927 = DIRECTION ( 'NONE',  ( -1.000000000000000000, 0.0000000000000000000, 0.0000000000000000000 ) ) ;
#2928 = DIRECTION ( 'NONE',  ( -0.0000000000000000000, -1.000000000000000000, -0.0000000000000000000 ) ) ;
#2929 = DIRECTION ( 'NONE',  ( 1.000000000000000000, 5.256737805990611000E-016, -0.0000000000000000000 ) ) ;
#2930 = CARTESIAN_POINT ( 'NONE',  ( -20.42392706975429600, 13.62165232376197100, -5.062951882471503000 ) ) ;
#2931 = CARTESIAN_POINT ( 'NONE',  ( 12.99915928049057700, -20.60096835177265700, 0.006847110933502338800 ) ) ;
#2932 = DIRECTION ( 'NONE',  ( 0.0000000000000000000, 0.0000000000000000000, -1.000000000000000000 ) ) ;
#2933 = CARTESIAN_POINT ( 'NONE',  ( 13.83792774890325500, -19.64963778168523200, -6.824373868681028900 ) ) ;
#2934 = CARTESIAN_POINT ( 'NONE',  ( -19.49999999999999300, -22.50000000000001100, 6.000000000000000000 ) ) ;
#2935 = CARTESIAN_POINT ( 'NONE',  ( 17.50000000000000000, -17.50000000000017400, -7.000000000000000000 ) ) ;
#2936 = CARTESIAN_POINT ( 'NONE',  ( -17.50000000000000000, 14.46356302076865300, -7.000000000000000000 ) ) ;
#2937 = CARTESIAN_POINT ( 'NONE',  ( 20.80084651717630400, -15.30233148918133200, 0.02424108027403169500 ) ) ;
#2938 = CARTESIAN_POINT ( 'NONE',  ( -22.49999999999999600, -19.50000000000000400, 2.999999999999994700 ) ) ;
#2939 = DIRECTION ( 'NONE',  ( -1.000000000000000000, -5.256737805990611000E-016, 1.803477887804798200E-034 ) ) ;
#2940 = CARTESIAN_POINT ( 'NONE',  ( 19.64963778168505800, -13.83792774890343000, -6.824373868681028900 ) ) ;
#2941 = DIRECTION ( 'NONE',  ( -0.1218693434051475200, -0.0000000000000000000, 0.9925461516413220900 ) ) ;
#2942 = DIRECTION ( 'NONE',  ( -0.1218693434051475200, -0.0000000000000000000, 0.9925461516413220900 ) ) ;
#2943 = DIRECTION ( 'NONE',  ( -0.0000000000000000000, -0.0000000000000000000, 1.000000000000000000 ) ) ;
#2944 = DIRECTION ( 'NONE',  ( -0.1217962055169507400, -0.03463967445540914300, 0.9919504913428370800 ) ) ;
#2945 = CARTESIAN_POINT ( 'NONE',  ( 20.72905471441275400, -21.86415466394168700, 4.150178616476818400 ) ) ;
#2946 = CARTESIAN_POINT ( 'NONE',  ( 21.16353355033631400, 21.61740083245471000, 3.870998106780082700 ) ) ;
#2947 = CARTESIAN_POINT ( 'NONE',  ( 20.88042303165602900, 21.78928082794513800, 4.057005239992469600 ) ) ;
#2948 = DIRECTION ( 'NONE',  ( -0.0000000000000000000, -1.000000000000000000, -1.334402673828313600E-016 ) ) ;
#2949 = CARTESIAN_POINT ( 'NONE',  ( 21.66494945923472000, -21.17315929272450200, 3.504857878269704400 ) ) ;
#2950 = CARTESIAN_POINT ( 'NONE',  ( -14.46356302076847900, 17.50000000000017400, -7.000000000000000000 ) ) ;
#2951 = CARTESIAN_POINT ( 'NONE',  ( 19.69368969973573500, -22.12500000000000700, 4.547631245172216700 ) ) ;
#2952 = CARTESIAN_POINT ( 'NONE',  ( 20.24227623515524100, 22.03696680671887300, 4.397399732295340900 ) ) ;
#2953 = DIRECTION ( 'NONE',  ( -0.0000000000000000000, -1.000000000000000000, -0.0000000000000000000 ) ) ;
#2954 = CARTESIAN_POINT ( 'NONE',  ( 19.50000000000000400, -22.12500000000000400, 4.547631245172213200 ) ) ;
#2955 = CARTESIAN_POINT ( 'NONE',  ( 21.16353355033632200, -21.61740083245471000, 3.870998106780070300 ) ) ;
#2956 = CARTESIAN_POINT ( 'NONE',  ( -20.72905471441273300, -21.86415466394170800, 4.150178616476837100 ) ) ;
#2957 = DIRECTION ( 'NONE',  ( -0.0000000000000000000, -0.0000000000000000000, 1.000000000000000000 ) ) ;
#2958 = CARTESIAN_POINT ( 'NONE',  ( 22.29999999999999000, -19.50000000000000400, 2.999999999999994700 ) ) ;
#2959 = CARTESIAN_POINT ( 'NONE',  ( 21.87497213299833000, -20.90051304876387700, 3.342226603582390000 ) ) ;
#2960 = CARTESIAN_POINT ( 'NONE',  ( 22.30000000000001100, -19.69337809063995300, 2.999999999999995100 ) ) ;
#2961 = CARTESIAN_POINT ( 'NONE',  ( 21.96845635868077200, 20.75203789937231500, 3.268097461582577100 ) ) ;
#2962 = CARTESIAN_POINT ( 'NONE',  ( 20.40957348175029300, 21.98791908073169000, 4.320319949005770400 ) ) ;
#2963 = CARTESIAN_POINT ( 'NONE',  ( 19.88131260063148200, 22.10627372425562200, 4.512765831923167600 ) ) ;
#2964 = CARTESIAN_POINT ( 'NONE',  ( 20.72905471441275100, 21.86415466394169400, 4.150178616476834400 ) ) ;
#2965 = CARTESIAN_POINT ( 'NONE',  ( 19.69368969973567100, 22.12500000000002500, 4.547631245172040000 ) ) ;
#2966 = DIRECTION ( 'NONE',  ( -0.0000000000000000000, -0.0000000000000000000, 1.000000000000000000 ) ) ;
#2967 = DIRECTION ( 'NONE',  ( 0.0000000000000000000, 1.334402673828313600E-016, -1.000000000000000000 ) ) ;
#2968 = CARTESIAN_POINT ( 'NONE',  ( 21.54713014827788700, -21.29817766487167000, 3.594337949530543400 ) ) ;
#2969 = CARTESIAN_POINT ( 'NONE',  ( 21.87497213299833000, 20.90051304876387700, 3.342226603582398900 ) ) ;
#2970 = CARTESIAN_POINT ( 'NONE',  ( 20.24227623515526300, -22.03696680671887600, 4.397399732295322200 ) ) ;
#2971 = CARTESIAN_POINT ( 'NONE',  ( 15.26524569998534100, -20.79029906490394800, -0.2777984344915495100 ) ) ;
#2972 = CARTESIAN_POINT ( 'NONE',  ( 21.54713014827787300, 21.29817766487167300, 3.594337949530555900 ) ) ;
#2973 = DIRECTION ( 'NONE',  ( -0.0000000000000000000, 1.000000000000000000, -0.0000000000000000000 ) ) ;
#2974 = DIRECTION ( 'NONE',  ( 0.0000000000000000000, 1.000000000000000000, 1.223772389194150900E-016 ) ) ;
#2975 = CARTESIAN_POINT ( 'NONE',  ( 20.88042303165604700, -21.78928082794513800, 4.057005239992456300 ) ) ;
#2976 = CARTESIAN_POINT ( 'NONE',  ( 22.12763489373848100, -20.42446763028288000, 3.140585727559678900 ) ) ;
#2977 = DIRECTION ( 'NONE',  ( -1.000000000000000000, -5.256737805990611000E-016, -0.0000000000000000000 ) ) ;
#2978 = DIRECTION ( 'NONE',  ( -1.000000000000000000, 0.0000000000000000000, 0.0000000000000000000 ) ) ;
#2979 = CARTESIAN_POINT ( 'NONE',  ( 22.29999999999997600, 19.49999999999999600, 3.000000000000000000 ) ) ;
#2980 = CARTESIAN_POINT ( 'NONE',  ( 20.40957348175032100, -21.98791908073169000, 4.320319949005751800 ) ) ;
#2981 = CARTESIAN_POINT ( 'NONE',  ( 21.96845635868077900, -20.75203789937230800, 3.268097461582567800 ) ) ;
#2982 = CARTESIAN_POINT ( 'NONE',  ( 0.0000000000000000000, -3.369304305708841800E-017, 2.999999999999997300 ) ) ;
#2983 = CARTESIAN_POINT ( 'NONE',  ( 21.29654419168965200, -21.51989597759577300, 3.777237517141185400 ) ) ;
#2984 = DIRECTION ( 'NONE',  ( 0.1217962055169507500, -0.03463967445540915700, 0.9919504913428371900 ) ) ;
#2985 = CARTESIAN_POINT ( 'NONE',  ( 22.19014325696513300, -20.25179711091732300, 3.089758587052938500 ) ) ;
#2986 = CARTESIAN_POINT ( 'NONE',  ( 22.27676739607960600, -19.88597720373337200, 3.019106580936863800 ) ) ;
#2987 = CARTESIAN_POINT ( 'NONE',  ( 22.30000000000000400, 19.69337809063996000, 3.000000000000000400 ) ) ;
#2988 = CARTESIAN_POINT ( 'NONE',  ( -18.62417706394343900, 14.03643697923169500, -7.000000000000000000 ) ) ;
#2989 = CARTESIAN_POINT ( 'NONE',  ( 18.62417706394343900, -17.50000000000017400, -7.000000000000000000 ) ) ;
#2990 = CARTESIAN_POINT ( 'NONE',  ( 22.19014325696512600, 20.25179711091731600, 3.089758587052943800 ) ) ;
#2991 = CARTESIAN_POINT ( 'NONE',  ( 22.27676739607960600, 19.88597720373336500, 3.019106580936870500 ) ) ;
#2992 = CARTESIAN_POINT ( 'NONE',  ( 19.88131260063150000, -22.10627372425561900, 4.512765831923154300 ) ) ;
#2993 = CARTESIAN_POINT ( 'NONE',  ( -17.50000000000000000, 17.50000000000017400, -7.000000000000000000 ) ) ;
#2994 = CARTESIAN_POINT ( 'NONE',  ( 22.12763489373847000, 20.42446763028287300, 3.140585727559685600 ) ) ;
#2995 = CARTESIAN_POINT ( 'NONE',  ( -19.49999999999999300, 22.49999999999998900, 6.000000000000000000 ) ) ;
#2996 = CARTESIAN_POINT ( 'NONE',  ( 21.66494945923470200, 21.17315929272448800, 3.504857878269714600 ) ) ;
#2997 = CARTESIAN_POINT ( 'NONE',  ( 21.29654419168963700, 21.51989597759578000, 3.777237517141199200 ) ) ;
#2998 = CARTESIAN_POINT ( 'NONE',  ( 22.50000000000000400, -22.50000000000000400, 4.450806661517042100 ) ) ;
#2999 = CARTESIAN_POINT ( 'NONE',  ( -19.49999999999999300, -22.50000000000001100, 4.450806661517042100 ) ) ;
#3000 = DIRECTION ( 'NONE',  ( 0.0000000000000000000, 0.0000000000000000000, -1.000000000000000000 ) ) ;
#3001 = CARTESIAN_POINT ( 'NONE',  ( -22.29999999999999700, 19.49999999999999600, 3.000000000000000000 ) ) ;
#3002 = CARTESIAN_POINT ( 'NONE',  ( -20.31522680763419000, -22.39416162136484800, 4.282715734047164000 ) ) ;
#3003 = CARTESIAN_POINT ( 'NONE',  ( -21.31393476638856700, -21.89648674766709000, 3.707368132392823100 ) ) ;
#3004 = CARTESIAN_POINT ( 'NONE',  ( -21.45645393768051800, -21.78186869099775400, 3.606601551536338800 ) ) ;
#3005 = CARTESIAN_POINT ( 'NONE',  ( -20.84546622575580000, -22.18800847252420600, 4.010181282009400900 ) ) ;
#3006 = DIRECTION ( 'NONE',  ( 0.0000000000000000000, 0.0000000000000000000, -1.000000000000000000 ) ) ;
#3007 = CARTESIAN_POINT ( 'NONE',  ( -14.66207225109674200, 18.62417706394361300, -6.824373868681029800 ) ) ;
#3008 = CARTESIAN_POINT ( 'NONE',  ( -22.47706708272684400, -19.92455032268694400, 2.818774429777169700 ) ) ;
#3009 = CARTESIAN_POINT ( 'NONE',  ( -21.72348557406481000, -21.52255992127478700, 3.411434852055103200 ) ) ;
#3010 = CARTESIAN_POINT ( 'NONE',  ( -20.80084651717630400, 13.19766851081901200, 0.02424108027403177100 ) ) ;
#3011 = CARTESIAN_POINT ( 'NONE',  ( -17.50000000000000000, 13.00000000000017400, 0.0000000000000000000 ) ) ;
#3012 = DIRECTION ( 'NONE',  ( -0.03463967445540915700, -0.1217962055169507600, 0.9919504913428371900 ) ) ;
#3013 = DIRECTION ( 'NONE',  ( -0.0000000000000000000, -1.000000000000000000, -1.334402673828313600E-016 ) ) ;
#3014 = DIRECTION ( 'NONE',  ( -0.03463967445540914300, 0.1217962055169507200, 0.9919504913428370800 ) ) ;
#3015 = CARTESIAN_POINT ( 'NONE',  ( -21.00910807466873100, -22.09925006250395200, 3.908644697205008200 ) ) ;
#3016 = CARTESIAN_POINT ( 'NONE',  ( -19.92006473981384600, -22.47729942277089400, 4.411339949280878700 ) ) ;
#3017 = CARTESIAN_POINT ( 'NONE',  ( -14.87537124584094400, 20.42308055257798600, -5.087192962745531200 ) ) ;
#3018 = CARTESIAN_POINT ( 'NONE',  ( -22.49999999999999600, -22.50000000000001100, 2.799999999999994500 ) ) ;
#3019 = CARTESIAN_POINT ( 'NONE',  ( -22.06727933786679700, -21.06388081372983100, 3.147258098630193700 ) ) ;
#3020 = DIRECTION ( 'NONE',  ( -1.000000000000000000, -1.541976423090495400E-016, -0.0000000000000000000 ) ) ;
#3021 = CARTESIAN_POINT ( 'NONE',  ( -14.46356302076847600, 19.76357786143430300, -7.000000000000000000 ) ) ;
#3022 = CARTESIAN_POINT ( 'NONE',  ( -21.84768142700347200, -21.37750853939283100, 3.317103623703504300 ) ) ;
#3023 = CARTESIAN_POINT ( 'NONE',  ( -22.49999999999999600, -19.50000000000001100, 2.799999999999994900 ) ) ;
#3024 = CARTESIAN_POINT ( 'NONE',  ( 15.50000000000000000, -17.50000000000017400, 0.0000000000000000000 ) ) ;
#3025 = CARTESIAN_POINT ( 'NONE',  ( -14.66207225109674200, 19.64963778168523200, -6.824373868681028900 ) ) ;
#3026 = CARTESIAN_POINT ( 'NONE',  ( -20.40957348175028900, -21.98791908073170700, 4.320319949005774000 ) ) ;
#3027 = DIRECTION ( 'NONE',  ( 0.0000000000000000000, 1.000000000000000000, 1.334402673828313600E-016 ) ) ;
#3028 = CARTESIAN_POINT ( 'NONE',  ( -14.55102797298481800, 20.58319420360695400, -6.208505698715437200 ) ) ;
#3029 = CARTESIAN_POINT ( 'NONE',  ( -22.32693366815154300, -20.52425825084132100, 2.940589536395554800 ) ) ;
#3030 = CARTESIAN_POINT ( 'NONE',  ( -20.59700865851943900, 15.48691808250986100, -0.1065436679832880000 ) ) ;
#3031 = CARTESIAN_POINT ( 'NONE',  ( -19.71336282015085200, -22.50000000000001800, 4.450806661517042100 ) ) ;
#3032 = CARTESIAN_POINT ( 'NONE',  ( -14.74953720331308200, 20.38729248964061800, -6.112028997524921800 ) ) ;
#3033 = DIRECTION ( 'NONE',  ( 0.1218693434051475200, -0.0000000000000000000, 0.9925461516413220900 ) ) ;
#3034 = CARTESIAN_POINT ( 'NONE',  ( -22.49999999999999300, -19.71263924247789500, 2.799999999999995400 ) ) ;
#3035 = CARTESIAN_POINT ( 'NONE',  ( -22.39011532090413000, -20.33090602562776200, 2.889407054062993500 ) ) ;
#3036 = CARTESIAN_POINT ( 'NONE',  ( 19.50000000000000400, 22.12500000000000000, 4.547631245172222900 ) ) ;
#3037 = CARTESIAN_POINT ( 'NONE',  ( -14.46356302076847900, 18.62417706394361300, -7.000000000000000000 ) ) ;
#3038 = CARTESIAN_POINT ( 'NONE',  ( 17.50000000000000000, -17.50000000000017400, -6.824373868681028000 ) ) ;
#3039 = CARTESIAN_POINT ( 'NONE',  ( -20.49773756529993200, -22.33552264385259900, 4.197335869418996200 ) ) ;
#3040 = DIRECTION ( 'NONE',  ( 1.000000000000000000, 0.0000000000000000000, 0.0000000000000000000 ) ) ;
#3041 = CARTESIAN_POINT ( 'NONE',  ( -14.67686201551268100, 20.62295871798180600, -5.069798993405002300 ) ) ;
#3042 = CARTESIAN_POINT ( 'NONE',  ( -22.49999999999999600, 19.49999999999999300, 6.000000000000000000 ) ) ;
#3043 = CARTESIAN_POINT ( 'NONE',  ( -22.16443750021709400, -20.89335269619081000, 3.070379441060738600 ) ) ;
#3044 = DIRECTION ( 'NONE',  ( -0.0000000000000000000, 1.000000000000000000, -0.0000000000000000000 ) ) ;
#3045 = DIRECTION ( 'NONE',  ( 0.0000000000000000000, 0.0000000000000000000, -1.000000000000000000 ) ) ;
#3046 = DIRECTION ( 'NONE',  ( 1.000000000000000000, -0.0000000000000000000, -0.0000000000000000000 ) ) ;
#3047 = DIRECTION ( 'NONE',  ( 1.000000000000000000, 5.256737805990611000E-016, -0.0000000000000000000 ) ) ;
#3048 = CARTESIAN_POINT ( 'NONE',  ( -22.49999999999999600, -22.12500000000001100, 4.547631245172226500 ) ) ;
#3049 = CARTESIAN_POINT ( 'NONE',  ( 22.50000000000000400, -19.50000000000000400, 6.000000000000000000 ) ) ;
#3050 = CARTESIAN_POINT ( 'NONE',  ( 19.50000000000000400, 22.49999999999999600, 6.000000000000000000 ) ) ;
#3051 = CARTESIAN_POINT ( 'NONE',  ( -17.50000000000000000, 15.50000000000017400, -1.049168979123884700E-016 ) ) ;
#3052 = DIRECTION ( 'NONE',  ( 6.406351848690916400E-017, -0.1218693434051475200, 0.9925461516413220900 ) ) ;
#3053 = DIRECTION ( 'NONE',  ( 0.0000000000000000000, 0.0000000000000000000, -1.000000000000000000 ) ) ;
#3054 = CARTESIAN_POINT ( 'NONE',  ( 17.50000000000000000, -13.00000000000017400, 0.0000000000000000000 ) ) ;
#3055 = CARTESIAN_POINT ( 'NONE',  ( -19.64963778168505800, 13.83792774890343000, -6.824373868681028900 ) ) ;
#3056 = CARTESIAN_POINT ( 'NONE',  ( -22.49999999999999600, 22.12499999999999300, 4.547631245172208700 ) ) ;
#3057 = CARTESIAN_POINT ( 'NONE',  ( 14.66207225109674200, -20.79999999999999700, -6.824373868681029800 ) ) ;
#3058 = CARTESIAN_POINT ( 'NONE',  ( 14.74953720331308200, -20.38729248964061800, -6.112028997524921800 ) ) ;
#3059 = DIRECTION ( 'NONE',  ( -1.000000000000000000, 0.0000000000000000000, 0.0000000000000000000 ) ) ;
#3060 = CARTESIAN_POINT ( 'NONE',  ( -18.62417706394343900, 13.83792774890343000, -6.824373868681029800 ) ) ;
#3061 = CARTESIAN_POINT ( 'NONE',  ( 17.50000000000000000, -14.66207225109691900, -6.824373868681029800 ) ) ;
#3062 = DIRECTION ( 'NONE',  ( -1.000000000000000000, 0.0000000000000000000, 0.0000000000000000000 ) ) ;
#3063 = CARTESIAN_POINT ( 'NONE',  ( -22.49999999999999600, 19.49999999999999600, 3.000000000000000000 ) ) ;
#3064 = DIRECTION ( 'NONE',  ( 0.0000000000000000000, 1.000000000000000000, 0.0000000000000000000 ) ) ;
#3065 = CARTESIAN_POINT ( 'NONE',  ( -20.38729248964044100, 13.75046279668708800, -6.112028997524921800 ) ) ;
#3066 = DIRECTION ( 'NONE',  ( 1.000000000000000000, -0.0000000000000000000, -0.0000000000000000000 ) ) ;
#3067 = CARTESIAN_POINT ( 'NONE',  ( 22.30000000000000400, 19.49999999999999600, 3.000000000000000000 ) ) ;
#3068 = CARTESIAN_POINT ( 'NONE',  ( 22.50000000000000400, 22.49999999999999600, 4.450806661517022500 ) ) ;
#3069 = CARTESIAN_POINT ( 'NONE',  ( -14.66207225109674200, 20.79999999999999700, -6.824373868681029800 ) ) ;
#3070 = DIRECTION ( 'NONE',  ( -0.0000000000000000000, 0.1218693434051475200, 0.9925461516413220900 ) ) ;
#3071 = CARTESIAN_POINT ( 'NONE',  ( 19.50000000000000400, -22.50000000000000400, 6.000000000000000000 ) ) ;
#3072 = CARTESIAN_POINT ( 'NONE',  ( -13.00000000000000000, 20.62295871798180600, -5.069798993405002300 ) ) ;
#3073 = DIRECTION ( 'NONE',  ( -0.0000000000000000000, -0.0000000000000000000, 1.000000000000000000 ) ) ;
#3074 = DIRECTION ( 'NONE',  ( 1.000000000000000000, 5.256737805990611000E-016, 1.803477887804798200E-034 ) ) ;
#3075 = CARTESIAN_POINT ( 'NONE',  ( 14.87537124584094400, -20.42308055257798600, -5.087192962745531200 ) ) ;
#3076 = CARTESIAN_POINT ( 'NONE',  ( 14.66207225109674200, -19.64963778168523200, -6.824373868681028900 ) ) ;
#3077 = DIRECTION ( 'NONE',  ( 1.000000000000000000, 5.256737805990611000E-016, 1.803477887804804400E-034 ) ) ;
#3078 = DIRECTION ( 'NONE',  ( 1.000000000000000000, 1.541976423090495400E-016, 0.0000000000000000000 ) ) ;
#3079 = CARTESIAN_POINT ( 'NONE',  ( -17.50000000000000000, 13.83792774890343200, -6.824373868681029800 ) ) ;
#3080 = CARTESIAN_POINT ( 'NONE',  ( -18.62417706394343900, 17.50000000000017400, -7.000000000000000000 ) ) ;
#3081 = DIRECTION ( 'NONE',  ( 0.0000000000000000000, -1.000000000000000000, 0.0000000000000000000 ) ) ;
#3082 = DIRECTION ( 'NONE',  ( -6.406351848690916400E-017, 0.1218693434051475200, 0.9925461516413220900 ) ) ;
#3083 = CARTESIAN_POINT ( 'NONE',  ( -20.42308055257781200, 13.62462875415922900, -5.087192962745531200 ) ) ;
#3084 = CARTESIAN_POINT ( 'NONE',  ( 14.66207225109674200, -18.62417706394361300, -6.824373868681029800 ) ) ;
#3085 = DIRECTION ( 'NONE',  ( 0.0000000000000000000, 1.000000000000000000, 1.334402673828313600E-016 ) ) ;
#3086 = CARTESIAN_POINT ( 'NONE',  ( 18.62417706394343900, -14.03643697923169500, -7.000000000000000000 ) ) ;
#3087 = CARTESIAN_POINT ( 'NONE',  ( -19.49999999999999300, -22.12500000000001100, 4.547631245172227400 ) ) ;
#3088 = CARTESIAN_POINT ( 'NONE',  ( -19.49999999999999300, -22.50000000000001100, 4.450806661517042100 ) ) ;
#3089 = CARTESIAN_POINT ( 'NONE',  ( -20.22102610270407700, -22.41382337734181700, 4.313173809283405500 ) ) ;
#3090 = CARTESIAN_POINT ( 'NONE',  ( -19.82068910207259900, -22.49999997849511500, 5.225403281033656800 ) ) ;
#3091 = CARTESIAN_POINT ( 'NONE',  ( -20.44571790803971500, -22.35894111227987900, 4.917039783108787500 ) ) ;
#3092 = CARTESIAN_POINT ( 'NONE',  ( -20.26148970327687600, -22.02746641515955200, 4.383197161733735700 ) ) ;
#3093 = CARTESIAN_POINT ( 'NONE',  ( -20.54620021806522700, -22.32405052087905200, 4.846374296837191200 ) ) ;
#3094 = CARTESIAN_POINT ( 'NONE',  ( -20.31588182551266500, -22.38853304999085500, 4.275410304435945700 ) ) ;
#3095 = CARTESIAN_POINT ( 'NONE',  ( -19.70024824896964000, -22.12499999052452200, 4.547631228046308900 ) ) ;
#3096 = CARTESIAN_POINT ( 'NONE',  ( -20.08891212370227200, -22.45807721840637000, 5.125671873966424200 ) ) ;
#3097 = CARTESIAN_POINT ( 'NONE',  ( -19.71455169419784400, -22.50000000000001100, 4.450806643237370100 ) ) ;
#3098 = CARTESIAN_POINT ( 'NONE',  ( -19.89570269722676700, -22.10468453605172800, 4.509810506630976200 ) ) ;
#3099 = CARTESIAN_POINT ( 'NONE',  ( -19.49999999999999600, -22.50000000000001100, 5.225403330758537000 ) ) ;
#3100 = CARTESIAN_POINT ( 'NONE',  ( -19.92396717710725400, -22.47678233890769000, 4.410464537655129500 ) ) ;
#3101 = CARTESIAN_POINT ( 'NONE',  ( -20.17295769656047400, -22.04959546042033800, 4.418600444913547400 ) ) ;
#3102 = ORIENTED_EDGE ( 'NONE', *, *, #1181, .F. ) ;
#3103 = ORIENTED_EDGE ( 'NONE', *, *, #1234, .T. ) ;
#3104 = EDGE_LOOP ( 'NONE', ( #2055, #2103, #2085, #2105 ) ) ;
#3105 = ORIENTED_EDGE ( 'NONE', *, *, #1270, .T. ) ;
#3106 = ORIENTED_EDGE ( 'NONE', *, *, #1206, .T. ) ;
#3107 = ORIENTED_EDGE ( 'NONE', *, *, #1176, .F. ) ;
#3108 = ORIENTED_EDGE ( 'NONE', *, *, #1293, .T. ) ;
#3109 = ORIENTED_EDGE ( 'NONE', *, *, #1203, .T. ) ;
#3110 = ORIENTED_EDGE ( 'NONE', *, *, #1209, .T. ) ;
#3111 = ORIENTED_EDGE ( 'NONE', *, *, #1219, .T. ) ;
#3112 = ORIENTED_EDGE ( 'NONE', *, *, #1279, .T. ) ;
#3113 = ORIENTED_EDGE ( 'NONE', *, *, #1286, .T. ) ;
#3114 = EDGE_LOOP ( 'NONE', ( #2060, #2037, #2065, #2034 ) ) ;
#3115 = EDGE_LOOP ( 'NONE', ( #2084, #2099, #2097, #2100 ) ) ;
#3116 = EDGE_LOOP ( 'NONE', ( #1508, #1491, #1513, #1539 ) ) ;
#3117 = EDGE_LOOP ( 'NONE', ( #1963, #1969, #1949, #1939 ) ) ;
#3118 = ORIENTED_EDGE ( 'NONE', *, *, #1273, .T. ) ;
#3119 = EDGE_LOOP ( 'NONE', ( #2039, #2121, #2067, #2048 ) ) ;
#3120 = ORIENTED_EDGE ( 'NONE', *, *, #1302, .F. ) ;
#3121 = ORIENTED_EDGE ( 'NONE', *, *, #1148, .F. ) ;
#3122 = ORIENTED_EDGE ( 'NONE', *, *, #1241, .F. ) ;
#3123 = EDGE_LOOP ( 'NONE', ( #1524, #1527, #1525, #1529 ) ) ;
#3124 = EDGE_LOOP ( 'NONE', ( #1497, #1523, #1515, #1476, #1528 ) ) ;
#3125 = ORIENTED_EDGE ( 'NONE', *, *, #1197, .T. ) ;
#3126 = ORIENTED_EDGE ( 'NONE', *, *, #1268, .T. ) ;
#3127 = ORIENTED_EDGE ( 'NONE', *, *, #1246, .T. ) ;
#3128 = ORIENTED_EDGE ( 'NONE', *, *, #1163, .F. ) ;
#3129 = ORIENTED_EDGE ( 'NONE', *, *, #1302, .T. ) ;
#3130 = ORIENTED_EDGE ( 'NONE', *, *, #1243, .T. ) ;
#3131 = ORIENTED_EDGE ( 'NONE', *, *, #1292, .T. ) ;
#3132 = ORIENTED_EDGE ( 'NONE', *, *, #1291, .T. ) ;
#3133 = EDGE_LOOP ( 'NONE', ( #2102, #2076, #2058, #2106 ) ) ;
#3134 = EDGE_LOOP ( 'NONE', ( #2108, #2088, #2107, #2109 ) ) ;
#3135 = EDGE_LOOP ( 'NONE', ( #1517, #1495, #1505, #1521 ) ) ;
#3136 = ORIENTED_EDGE ( 'NONE', *, *, #1301, .T. ) ;
#3137 = EDGE_LOOP ( 'NONE', ( #1500, #1486, #1516, #1518 ) ) ;
#3138 = ORIENTED_EDGE ( 'NONE', *, *, #1228, .T. ) ;
#3139 = ORIENTED_EDGE ( 'NONE', *, *, #1135, .T. ) ;
#3140 = EDGE_LOOP ( 'NONE', ( #2080, #2042 ) ) ;
#3141 = ORIENTED_EDGE ( 'NONE', *, *, #1260, .T. ) ;
#3142 = ORIENTED_EDGE ( 'NONE', *, *, #1207, .T. ) ;
#3143 = ORIENTED_EDGE ( 'NONE', *, *, #1192, .F. ) ;
#3144 = ORIENTED_EDGE ( 'NONE', *, *, #1248, .T. ) ;
#3145 = ORIENTED_EDGE ( 'NONE', *, *, #1295, .T. ) ;
#3146 = EDGE_LOOP ( 'NONE', ( #1531, #1532 ) ) ;
#3147 = ORIENTED_EDGE ( 'NONE', *, *, #1288, .T. ) ;
#3148 = ORIENTED_EDGE ( 'NONE', *, *, #1267, .T. ) ;
#3149 = ORIENTED_EDGE ( 'NONE', *, *, #1257, .T. ) ;
#3150 = EDGE_LOOP ( 'NONE', ( #2038, #2089, #2032, #2090 ) ) ;
#3151 = ORIENTED_EDGE ( 'NONE', *, *, #1215, .T. ) ;
#3152 = ORIENTED_EDGE ( 'NONE', *, *, #1202, .F. ) ;
#3153 = ORIENTED_EDGE ( 'NONE', *, *, #1289, .T. ) ;
#3154 = EDGE_LOOP ( 'NONE', ( #1484, #1534, #1496, #1475 ) ) ;
#3155 = EDGE_LOOP ( 'NONE', ( #1968, #1935, #1915, #1921 ) ) ;
#3156 = EDGE_LOOP ( 'NONE', ( #1946, #1953, #1951, #1954 ) ) ;
#3157 = EDGE_LOOP ( 'NONE', ( #2122, #2087, #2119, #2095 ) ) ;
#3158 = ORIENTED_EDGE ( 'NONE', *, *, #1220, .T. ) ;
#3159 = ORIENTED_EDGE ( 'NONE', *, *, #1307, .T. ) ;
#3160 = ORIENTED_EDGE ( 'NONE', *, *, #1247, .T. ) ;
#3161 = ORIENTED_EDGE ( 'NONE', *, *, #1313, .F. ) ;
#3162 = ORIENTED_EDGE ( 'NONE', *, *, #1298, .T. ) ;
#3163 = ORIENTED_EDGE ( 'NONE', *, *, #1224, .T. ) ;
#3164 = ORIENTED_EDGE ( 'NONE', *, *, #1274, .T. ) ;
#3165 = ORIENTED_EDGE ( 'NONE', *, *, #1175, .T. ) ;
#3166 = ORIENTED_EDGE ( 'NONE', *, *, #1244, .T. ) ;
#3167 = ORIENTED_EDGE ( 'NONE', *, *, #1200, .T. ) ;
#3168 = ORIENTED_EDGE ( 'NONE', *, *, #1257, .F. ) ;
#3169 = ORIENTED_EDGE ( 'NONE', *, *, #1223, .T. ) ;
#3170 = ORIENTED_EDGE ( 'NONE', *, *, #1201, .T. ) ;
#3171 = ORIENTED_EDGE ( 'NONE', *, *, #1208, .T. ) ;
#3172 = ORIENTED_EDGE ( 'NONE', *, *, #1279, .F. ) ;
#3173 = ORIENTED_EDGE ( 'NONE', *, *, #1308, .T. ) ;
#3174 = ORIENTED_EDGE ( 'NONE', *, *, #1240, .T. ) ;
#3175 = ORIENTED_EDGE ( 'NONE', *, *, #1222, .F. ) ;
#3176 = ORIENTED_EDGE ( 'NONE', *, *, #1226, .T. ) ;
#3177 = ORIENTED_EDGE ( 'NONE', *, *, #1268, .F. ) ;
#3178 = ORIENTED_EDGE ( 'NONE', *, *, #1304, .T. ) ;
#3179 = ORIENTED_EDGE ( 'NONE', *, *, #1127, .T. ) ;
#3180 = ORIENTED_EDGE ( 'NONE', *, *, #1238, .T. ) ;
#3181 = ORIENTED_EDGE ( 'NONE', *, *, #1211, .T. ) ;
#3182 = ORIENTED_EDGE ( 'NONE', *, *, #1303, .T. ) ;
#3183 = ORIENTED_EDGE ( 'NONE', *, *, #1214, .F. ) ;
#3184 = ORIENTED_EDGE ( 'NONE', *, *, #1311, .T. ) ;
#3185 = ORIENTED_EDGE ( 'NONE', *, *, #1276, .T. ) ;
#3186 = ORIENTED_EDGE ( 'NONE', *, *, #1204, .T. ) ;
#3187 = ORIENTED_EDGE ( 'NONE', *, *, #1223, .F. ) ;
#3188 = ORIENTED_EDGE ( 'NONE', *, *, #1131, .F. ) ;
#3189 = ORIENTED_EDGE ( 'NONE', *, *, #1146, .F. ) ;
#3190 = ORIENTED_EDGE ( 'NONE', *, *, #1285, .T. ) ;
#3191 = ORIENTED_EDGE ( 'NONE', *, *, #1277, .T. ) ;
#3192 = ORIENTED_EDGE ( 'NONE', *, *, #1294, .T. ) ;
#3193 = ORIENTED_EDGE ( 'NONE', *, *, #1134, .F. ) ;
#3194 = ORIENTED_EDGE ( 'NONE', *, *, #1195, .T. ) ;
#3195 = ORIENTED_EDGE ( 'NONE', *, *, #1210, .T. ) ;
#3196 = ORIENTED_EDGE ( 'NONE', *, *, #1200, .F. ) ;
#3197 = ORIENTED_EDGE ( 'NONE', *, *, #1290, .F. ) ;
#3198 = ORIENTED_EDGE ( 'NONE', *, *, #1141, .F. ) ;
#3199 = ORIENTED_EDGE ( 'NONE', *, *, #1214, .T. ) ;
#3200 = ORIENTED_EDGE ( 'NONE', *, *, #1226, .F. ) ;
#3201 = ORIENTED_EDGE ( 'NONE', *, *, #1281, .T. ) ;
#3202 = ORIENTED_EDGE ( 'NONE', *, *, #1198, .T. ) ;
#3203 = ORIENTED_EDGE ( 'NONE', *, *, #1246, .F. ) ;
#3204 = ORIENTED_EDGE ( 'NONE', *, *, #1261, .T. ) ;
#3205 = ORIENTED_EDGE ( 'NONE', *, *, #1118, .T. ) ;
#3206 = ORIENTED_EDGE ( 'NONE', *, *, #1267, .F. ) ;
#3207 = ORIENTED_EDGE ( 'NONE', *, *, #1276, .F. ) ;
#3208 = ORIENTED_EDGE ( 'NONE', *, *, #1197, .F. ) ;
#3209 = ORIENTED_EDGE ( 'NONE', *, *, #1244, .F. ) ;
#3210 = ORIENTED_EDGE ( 'NONE', *, *, #1252, .F. ) ;
#3211 = ORIENTED_EDGE ( 'NONE', *, *, #1130, .F. ) ;
#3212 = ORIENTED_EDGE ( 'NONE', *, *, #1196, .F. ) ;
#3213 = ORIENTED_EDGE ( 'NONE', *, *, #1161, .F. ) ;
#3214 = ORIENTED_EDGE ( 'NONE', *, *, #1154, .F. ) ;
#3215 = ORIENTED_EDGE ( 'NONE', *, *, #1171, .F. ) ;
#3216 = ORIENTED_EDGE ( 'NONE', *, *, #1144, .F. ) ;
#3217 = ORIENTED_EDGE ( 'NONE', *, *, #1297, .F. ) ;
#3218 = ORIENTED_EDGE ( 'NONE', *, *, #1138, .T. ) ;
#3219 = ORIENTED_EDGE ( 'NONE', *, *, #1238, .F. ) ;
#3220 = ORIENTED_EDGE ( 'NONE', *, *, #1261, .F. ) ;
#3221 = ORIENTED_EDGE ( 'NONE', *, *, #1120, .T. ) ;
#3222 = ORIENTED_EDGE ( 'NONE', *, *, #1215, .F. ) ;
#3223 = ORIENTED_EDGE ( 'NONE', *, *, #1202, .T. ) ;
#3224 = ORIENTED_EDGE ( 'NONE', *, *, #1116, .T. ) ;
#3225 = ORIENTED_EDGE ( 'NONE', *, *, #1123, .F. ) ;
#3226 = ORIENTED_EDGE ( 'NONE', *, *, #1168, .T. ) ;
#3227 = ORIENTED_EDGE ( 'NONE', *, *, #1183, .T. ) ;
#3228 = ORIENTED_EDGE ( 'NONE', *, *, #1313, .T. ) ;
#3229 = ORIENTED_EDGE ( 'NONE', *, *, #1180, .T. ) ;
#3230 = ORIENTED_EDGE ( 'NONE', *, *, #1293, .F. ) ;
#3231 = ORIENTED_EDGE ( 'NONE', *, *, #1152, .F. ) ;
#3232 = ORIENTED_EDGE ( 'NONE', *, *, #1228, .F. ) ;
#3233 = ORIENTED_EDGE ( 'NONE', *, *, #1142, .F. ) ;
#3234 = ORIENTED_EDGE ( 'NONE', *, *, #1231, .F. ) ;
#3235 = ORIENTED_EDGE ( 'NONE', *, *, #1188, .F. ) ;
#3236 = ORIENTED_EDGE ( 'NONE', *, *, #1132, .T. ) ;
#3237 = ORIENTED_EDGE ( 'NONE', *, *, #1247, .F. ) ;
#3238 = ORIENTED_EDGE ( 'NONE', *, *, #1115, .F. ) ;
#3239 = ORIENTED_EDGE ( 'NONE', *, *, #1114, .T. ) ;
#3240 = ORIENTED_EDGE ( 'NONE', *, *, #1255, .F. ) ;
#3241 = ORIENTED_EDGE ( 'NONE', *, *, #1185, .T. ) ;
#3242 = ORIENTED_EDGE ( 'NONE', *, *, #1164, .F. ) ;
#3243 = ORIENTED_EDGE ( 'NONE', *, *, #1278, .T. ) ;
#3244 = ORIENTED_EDGE ( 'NONE', *, *, #1256, .F. ) ;
#3245 = ORIENTED_EDGE ( 'NONE', *, *, #1156, .T. ) ;
#3246 = ORIENTED_EDGE ( 'NONE', *, *, #1166, .T. ) ;
#3247 = ORIENTED_EDGE ( 'NONE', *, *, #1314, .T. ) ;
#3248 = ORIENTED_EDGE ( 'NONE', *, *, #1208, .F. ) ;
#3249 = ORIENTED_EDGE ( 'NONE', *, *, #1139, .F. ) ;
#3250 = ORIENTED_EDGE ( 'NONE', *, *, #1249, .T. ) ;
#3251 = ORIENTED_EDGE ( 'NONE', *, *, #1186, .F. ) ;
#3252 = ORIENTED_EDGE ( 'NONE', *, *, #1315, .F. ) ;
#3253 = ORIENTED_EDGE ( 'NONE', *, *, #1128, .F. ) ;
#3254 = ORIENTED_EDGE ( 'NONE', *, *, #1159, .T. ) ;
#3255 = ORIENTED_EDGE ( 'NONE', *, *, #1315, .T. ) ;
#3256 = ORIENTED_EDGE ( 'NONE', *, *, #1124, .F. ) ;
#3257 = ORIENTED_EDGE ( 'NONE', *, *, #1211, .F. ) ;
#3258 = ORIENTED_EDGE ( 'NONE', *, *, #1290, .T. ) ;
#3259 = ORIENTED_EDGE ( 'NONE', *, *, #1304, .F. ) ;
#3260 = ORIENTED_EDGE ( 'NONE', *, *, #1151, .F. ) ;
#3261 = ORIENTED_EDGE ( 'NONE', *, *, #1160, .F. ) ;
#3262 = ORIENTED_EDGE ( 'NONE', *, *, #1187, .F. ) ;
#3263 = ORIENTED_EDGE ( 'NONE', *, *, #1151, .T. ) ;
#3264 = ORIENTED_EDGE ( 'NONE', *, *, #1162, .F. ) ;
#3265 = ORIENTED_EDGE ( 'NONE', *, *, #1114, .F. ) ;
#3266 = ORIENTED_EDGE ( 'NONE', *, *, #1297, .T. ) ;
#3267 = ORIENTED_EDGE ( 'NONE', *, *, #1121, .T. ) ;
#3268 = ORIENTED_EDGE ( 'NONE', *, *, #1143, .F. ) ;
#3269 = ORIENTED_EDGE ( 'NONE', *, *, #1316, .T. ) ;
#3270 = ORIENTED_EDGE ( 'NONE', *, *, #1153, .F. ) ;
#3271 = ORIENTED_EDGE ( 'NONE', *, *, #1167, .T. ) ;
#3272 = ORIENTED_EDGE ( 'NONE', *, *, #1190, .T. ) ;
#3273 = ORIENTED_EDGE ( 'NONE', *, *, #1125, .F. ) ;
#3274 = ORIENTED_EDGE ( 'NONE', *, *, #1122, .F. ) ;
#3275 = ORIENTED_EDGE ( 'NONE', *, *, #1169, .F. ) ;
#3276 = DESIGN_CONTEXT ( 'detailed design', #379, 'design' ) ;
#3277 = PRODUCT_DEFINITION_SHAPE ( 'NONE', 'NONE',  #1604 ) ;
ENDSEC;
END-ISO-10303-21;
