ISO-10303-21;
HEADER;
FILE_DESCRIPTION (( 'STEP AP203' ),
    '1' );
FILE_NAME ('ALP4113.STEP',
    '2018-08-28T10:06:58',
    ( '' ),
    ( '' ),
    'SwSTEP 2.0',
    'SolidWorks 2016',
    '' );
FILE_SCHEMA (( 'CONFIG_CONTROL_DESIGN' ));
ENDSEC;

DATA;
#1 = DIRECTION ( 'NONE',  ( -1.000000000000000000, 0.0000000000000000000, 0.0000000000000000000 ) ) ;
#2 = CIRCLE ( 'NONE', #1050, 0.5000000000000017800 ) ;
#3 = VECTOR ( 'NONE', #740, 1000.000000000000000 ) ;
#4 = EDGE_CURVE ( 'NONE', #897, #2349, #532, .T. ) ;
#5 = DIRECTION ( 'NONE',  ( 0.0000000000000000000, 0.0000000000000000000, 1.000000000000000000 ) ) ;
#6 = FACE_OUTER_BOUND ( 'NONE', #542, .T. ) ;
#7 = CARTESIAN_POINT ( 'NONE',  ( -68.38709519434345900, -10.41848335247181200, 18.18302310860455900 ) ) ;
#8 = CARTESIAN_POINT ( 'NONE',  ( 49.73975291550910100, -11.01769771678995200, 39.00000000000000000 ) ) ;
#9 = CIRCLE ( 'NONE', #3363, 7.599999999999996100 ) ;
#10 = CARTESIAN_POINT ( 'NONE',  ( -49.57148573961437400, -12.12951918673497800, 32.74692554284087700 ) ) ;
#11 = CARTESIAN_POINT ( 'NONE',  ( 44.15684744673553300, 12.09778384440997600, 34.52410471303332400 ) ) ;
#12 = CARTESIAN_POINT ( 'NONE',  ( -68.34848362911326100, -9.606259329960815700, 18.28592759781210800 ) ) ;
#13 = ORIENTED_EDGE ( 'NONE', *, *, #689, .T. ) ;
#14 =( BOUNDED_SURFACE ( )  B_SPLINE_SURFACE ( 3, 2, ( 
 ( #3900, #3147, #2107 ),
 ( #4280, #3883, #2460 ),
 ( #2090, #2075, #2409 ),
 ( #193, #2442, #4629 ) ),
 .UNSPECIFIED., .F., .F., .F. ) 
 B_SPLINE_SURFACE_WITH_KNOTS ( ( 4, 4 ),
 ( 3, 3 ),
 ( 0.5699582992734021400, 0.5731743991890661000 ),
 ( 0.0000000000000000000, 1.000000000000000000 ),
 .UNSPECIFIED. ) 
 GEOMETRIC_REPRESENTATION_ITEM ( )  RATIONAL_B_SPLINE_SURFACE ( (
 ( 1.000000000000000000, 0.7967489836273312600, 1.000000000000000000),
 ( 1.000000000000000000, 0.7979973509486710800, 1.000000000000000000),
 ( 1.000000000000000000, 0.7992395542141860200, 1.000000000000000000),
 ( 1.000000000000000000, 0.8004755514212793500, 1.000000000000000000) ) ) 
 REPRESENTATION_ITEM ( '' )  SURFACE ( )  );
#15 = CARTESIAN_POINT ( 'NONE',  ( -67.05272237338944300, 12.60432488920501400, 6.157806204521576500 ) ) ;
#16 = CARTESIAN_POINT ( 'NONE',  ( -52.07154900655404400, -12.50000000000003400, 9.547522682759925800 ) ) ;
#17 = VECTOR ( 'NONE', #500, 1000.000000000000000 ) ;
#18 = ORIENTED_EDGE ( 'NONE', *, *, #3703, .F. ) ;
#19 = CARTESIAN_POINT ( 'NONE',  ( 43.57943824634337200, 12.06606584225163900, 36.30031283390938800 ) ) ;
#20 = ORIENTED_EDGE ( 'NONE', *, *, #1087, .F. ) ;
#21 = CARTESIAN_POINT ( 'NONE',  ( 67.11566979183240300, 12.41989986017463600, 16.48560783022135100 ) ) ;
#22 = FACE_OUTER_BOUND ( 'NONE', #1370, .T. ) ;
#23 = ORIENTED_EDGE ( 'NONE', *, *, #1127, .T. ) ;
#24 = CARTESIAN_POINT ( 'NONE',  ( 43.93969370472822800, 12.06766708715443700, 36.21064311935255400 ) ) ;
#25 = EDGE_CURVE ( 'NONE', #2575, #3298, #3322, .T. ) ;
#26 = CARTESIAN_POINT ( 'NONE',  ( -68.53328006245797600, -9.928482100565689800, 17.74782785663191800 ) ) ;
#27 = ORIENTED_EDGE ( 'NONE', *, *, #3659, .F. ) ;
#28 = DIRECTION ( 'NONE',  ( -1.000000000000000000, 0.0000000000000000000, 0.0000000000000000000 ) ) ;
#29 = DIRECTION ( 'NONE',  ( 1.000000000000000000, 0.0000000000000000000, 0.0000000000000000000 ) ) ;
#30 = DIRECTION ( 'NONE',  ( -0.0000000000000000000, -1.000000000000000000, -0.0000000000000000000 ) ) ;
#31 = CARTESIAN_POINT ( 'NONE',  ( -52.29734284220095500, -12.50000000000003200, 11.54666910996344400 ) ) ;
#32 = ORIENTED_EDGE ( 'NONE', *, *, #4624, .F. ) ;
#33 = EDGE_CURVE ( 'NONE', #3006, #4631, #9, .T. ) ;
#34 = CARTESIAN_POINT ( 'NONE',  ( -49.21364324401017100, 10.69643516394083300, 29.92238969437542200 ) ) ;
#35 = CARTESIAN_POINT ( 'NONE',  ( 66.22963012889529500, -12.29696334254982500, 23.37005281725732800 ) ) ;
#36 = DIRECTION ( 'NONE',  ( 1.000000000000000000, 0.0000000000000000000, 0.0000000000000000000 ) ) ;
#37 = VERTEX_POINT ( 'NONE', #1532 ) ;
#38 = CARTESIAN_POINT ( 'NONE',  ( -67.56444679531951200, -8.999999999999991100, 18.97561127351263400 ) ) ;
#39 = DIRECTION ( 'NONE',  ( 0.8150724774168810500, -1.131140288958106700E-014, 0.5793590048989557500 ) ) ;
#40 = DIRECTION ( 'NONE',  ( 0.0000000000000000000, 0.0000000000000000000, -1.000000000000000000 ) ) ;
#41 = CARTESIAN_POINT ( 'NONE',  ( 48.41318638983879200, 12.14776503458591300, 31.72515806320285800 ) ) ;
#42 = ORIENTED_EDGE ( 'NONE', *, *, #2887, .F. ) ;
#43 = CARTESIAN_POINT ( 'NONE',  ( -68.03215726986161400, -9.499999999999987600, 19.15237923442065000 ) ) ;
#44 = DIRECTION ( 'NONE',  ( -0.0000000000000000000, -1.000000000000000000, -0.0000000000000000000 ) ) ;
#45 = CARTESIAN_POINT ( 'NONE',  ( 68.51624953428985500, 10.33357013236820900, 17.52871665003387500 ) ) ;
#46 = ORIENTED_EDGE ( 'NONE', *, *, #33, .F. ) ;
#47 = CARTESIAN_POINT ( 'NONE',  ( 51.99811130373004900, -8.327740107938240000, 38.46176446439140100 ) ) ;
#48 = CARTESIAN_POINT ( 'NONE',  ( -53.50000000000000000, 8.500000000000005300, 12.00000000000000000 ) ) ;
#49 = ADVANCED_FACE ( 'NONE', ( #2152 ), #3718, .F. ) ;
#50 = VECTOR ( 'NONE', #4675, 1000.000000000000000 ) ;
#51 = CARTESIAN_POINT ( 'NONE',  ( 47.62401462380420700, 12.09862123405458700, 34.47721089294432800 ) ) ;
#52 = CARTESIAN_POINT ( 'NONE',  ( 51.25803393282922800, 7.183575244542214300, 39.27285026042957100 ) ) ;
#53 = CARTESIAN_POINT ( 'NONE',  ( 68.70798039291818800, -9.631770379426036800, 40.00000000000000000 ) ) ;
#54 = CARTESIAN_POINT ( 'NONE',  ( -44.32833623187168800, -10.60344134021282500, 34.02712606865048200 ) ) ;
#55 = EDGE_CURVE ( 'NONE', #3777, #322, #3155, .T. ) ;
#56 = LINE ( 'NONE', #1553, #2898 ) ;
#57 = DIRECTION ( 'NONE',  ( -0.0000000000000000000, -0.0000000000000000000, 1.000000000000000000 ) ) ;
#58 = CARTESIAN_POINT ( 'NONE',  ( 51.56277310451844200, -8.202208189341170900, 39.08750050518201400 ) ) ;
#59 = EDGE_CURVE ( 'NONE', #935, #4047, #479, .T. ) ;
#60 = LINE ( 'NONE', #133, #1389 ) ;
#61 = DIRECTION ( 'NONE',  ( 0.0000000000000000000, 0.0000000000000000000, -1.000000000000000000 ) ) ;
#62 = CARTESIAN_POINT ( 'NONE',  ( 68.48352008316254600, 8.500000000000007100, 12.00000000000000000 ) ) ;
#63 = FACE_BOUND ( 'NONE', #4403, .T. ) ;
#64 = CARTESIAN_POINT ( 'NONE',  ( -49.50578366833571000, 10.70868565308138500, 29.38130875787434300 ) ) ;
#65 = VECTOR ( 'NONE', #4512, 1000.000000000000000 ) ;
#66 = DIRECTION ( 'NONE',  ( -1.272857920698118500E-016, 1.000000000000000000, 0.0000000000000000000 ) ) ;
#67 = CARTESIAN_POINT ( 'NONE',  ( 49.73975291550923600, 11.01769771678998600, 39.00000000000000000 ) ) ;
#68 = DIRECTION ( 'NONE',  ( -1.000000000000000000, 0.0000000000000000000, 0.0000000000000000000 ) ) ;
#69 = AXIS2_PLACEMENT_3D ( 'NONE', #3881, #1684, #1734 ) ;
#70 = VERTEX_POINT ( 'NONE', #665 ) ;
#71 = CARTESIAN_POINT ( 'NONE',  ( 66.23636323013389000, 11.30522867474667800, 23.35691568748739800 ) ) ;
#72 = DIRECTION ( 'NONE',  ( 1.000000000000000000, 1.272857920698121200E-016, -0.0000000000000000000 ) ) ;
#73 = CARTESIAN_POINT ( 'NONE',  ( -68.52406277440448400, -10.28131329987183300, 17.49140620790016600 ) ) ;
#74 = CARTESIAN_POINT ( 'NONE',  ( 52.40625686633661900, 12.25023920879933900, 25.98660430723810300 ) ) ;
#75 = VERTEX_POINT ( 'NONE', #3959 ) ;
#76 =( BOUNDED_SURFACE ( )  B_SPLINE_SURFACE ( 3, 2, ( 
 ( #1130, #368, #1829 ),
 ( #2621, #4046, #1460 ),
 ( #2958, #4399, #2199 ),
 ( #4073, #745, #4789 ),
 ( #24, #1098, #770 ),
 ( #4061, #11, #1845 ),
 ( #4417, #1111, #3705 ),
 ( #1479, #1858, #3366 ),
 ( #2972, #398, #760 ),
 ( #2995, #4132, #2318 ),
 ( #1926, #3795, #1959 ),
 ( #2261, #1172, #4521 ),
 ( #3776, #4101, #2688 ),
 ( #836, #41, #801 ),
 ( #1891, #853, #1571 ),
 ( #4486, #2669, #450 ),
 ( #815, #1505, #3009 ),
 ( #2704, #3042, #3431 ),
 ( #1556, #483, #3072 ),
 ( #434, #1912, #1205 ),
 ( #4471, #1219, #4455 ),
 ( #788, #3380, #3400 ),
 ( #1158, #3761, #3747 ),
 ( #2278, #3024, #1538 ),
 ( #74, #1237, #1606 ),
 ( #1989, #241, #3915 ) ),
 .UNSPECIFIED., .F., .F., .F. ) 
 B_SPLINE_SURFACE_WITH_KNOTS ( ( 4, 2, 2, 2, 2, 2, 2, 2, 2, 2, 2, 2, 4 ),
 ( 3, 3 ),
 ( 0.0000000000000000000, 0.002221193589995956800, 0.003331790384993935400, 0.004442387179991913600, 0.006663580769987870900, 0.007774177564985849100, 0.008884774359983827300, 0.01110596794997978400, 0.01221656474497776300, 0.01332716153997574200, 0.01443775833497372100, 0.01554835512997169800, 0.01776954871996765500 ),
 ( 0.0000000000000000000, 1.000000000000000000 ),
 .UNSPECIFIED. ) 
 GEOMETRIC_REPRESENTATION_ITEM ( )  RATIONAL_B_SPLINE_SURFACE ( (
 ( 1.000000000000000000, 0.7896432122970572500, 1.000000000000000000),
 ( 1.000000000000000000, 0.7896433771981764500, 1.000000000000000000),
 ( 1.000000000000000000, 0.7896896135319052500, 1.000000000000000000),
 ( 1.000000000000000000, 0.7898258928103666400, 1.000000000000000000),
 ( 1.000000000000000000, 0.7898825128689697100, 1.000000000000000000),
 ( 1.000000000000000000, 0.7900186127669792700, 1.000000000000000000),
 ( 1.000000000000000000, 0.7900984943602328300, 1.000000000000000000),
 ( 1.000000000000000000, 0.7903675859663620300, 1.000000000000000000),
 ( 1.000000000000000000, 0.7905870294809648200, 1.000000000000000000),
 ( 1.000000000000000000, 0.7909753556332709300, 1.000000000000000000),
 ( 1.000000000000000000, 0.7911151628062627100, 1.000000000000000000),
 ( 1.000000000000000000, 0.7914134430121364500, 1.000000000000000000),
 ( 1.000000000000000000, 0.7915703014788626500, 1.000000000000000000),
 ( 1.000000000000000000, 0.7920631999226996900, 1.000000000000000000),
 ( 1.000000000000000000, 0.7924213545449835200, 1.000000000000000000),
 ( 1.000000000000000000, 0.7930035141598939000, 1.000000000000000000),
 ( 1.000000000000000000, 0.7932052941404302800, 1.000000000000000000),
 ( 1.000000000000000000, 0.7936150712751145500, 1.000000000000000000),
 ( 1.000000000000000000, 0.7938241380039051700, 1.000000000000000000),
 ( 1.000000000000000000, 0.7942504442092909200, 1.000000000000000000),
 ( 1.000000000000000000, 0.7944676838408556400, 1.000000000000000000),
 ( 1.000000000000000000, 0.7949103965209111100, 1.000000000000000000),
 ( 1.000000000000000000, 0.7951367616285461800, 1.000000000000000000),
 ( 1.000000000000000000, 0.7958221582818013600, 1.000000000000000000),
 ( 1.000000000000000000, 0.7962834371436928700, 1.000000000000000000),
 ( 1.000000000000000000, 0.7967489836273412600, 1.000000000000000000) ) ) 
 REPRESENTATION_ITEM ( '' )  SURFACE ( )  );
#77 = CYLINDRICAL_SURFACE ( 'NONE', #1597, 7.599999999999996100 ) ;
#78 = ORIENTED_EDGE ( 'NONE', *, *, #4264, .F. ) ;
#79 = DIRECTION ( 'NONE',  ( -1.000000000000000000, 0.0000000000000000000, 0.0000000000000000000 ) ) ;
#80 = CARTESIAN_POINT ( 'NONE',  ( -52.41001181021050600, 12.26364806084227300, 25.23570859283375600 ) ) ;
#81 = CIRCLE ( 'NONE', #673, 1.999999999999998700 ) ;
#82 = EDGE_LOOP ( 'NONE', ( #2234, #432, #1462, #20 ) ) ;
#83 = DIRECTION ( 'NONE',  ( 0.0000000000000000000, 0.0000000000000000000, -1.000000000000000000 ) ) ;
#84 = ORIENTED_EDGE ( 'NONE', *, *, #2512, .F. ) ;
#85 = CARTESIAN_POINT ( 'NONE',  ( 52.76473998825339600, -9.290998780736115800, 38.31909960097023300 ) ) ;
#86 = LINE ( 'NONE', #3233, #3217 ) ;
#87 = APPROVAL ( #2124, 'UNSPECIFIED' ) ;
#88 = ORIENTED_EDGE ( 'NONE', *, *, #4479, .T. ) ;
#89 = CARTESIAN_POINT ( 'NONE',  ( 52.47702185195779400, -12.50000000000002700, 12.00000000000000700 ) ) ;
#90 = CARTESIAN_POINT ( 'NONE',  ( 50.23068204127308400, -10.75487750785026200, 27.34029902718014800 ) ) ;
#91 = CARTESIAN_POINT ( 'NONE',  ( 68.70798039291818800, -9.631770379426036800, 16.94872539182344800 ) ) ;
#92 = ORIENTED_EDGE ( 'NONE', *, *, #4632, .F. ) ;
#93 = CARTESIAN_POINT ( 'NONE',  ( -68.83996362612467100, 9.136958158359421500, 11.03776139826445200 ) ) ;
#94 = EDGE_CURVE ( 'NONE', #1310, #1539, #3530, .T. ) ;
#95 = B_SPLINE_CURVE_WITH_KNOTS ( 'NONE', 3,
 ( #3716, #7, #3021, #2595 ),
 .UNSPECIFIED., .F., .F.,
 ( 4, 4 ),
 ( 0.0005847672771999067300, 0.002599135027504819400 ),
 .UNSPECIFIED. ) ;
#96 = DIRECTION ( 'NONE',  ( -0.0000000000000000000, 0.0000000000000000000, -1.000000000000000000 ) ) ;
#97 = CARTESIAN_POINT ( 'NONE',  ( 53.48978440739077900, -9.499999997146039400, 37.82700891124130000 ) ) ;
#98 = ORIENTED_EDGE ( 'NONE', *, *, #772, .T. ) ;
#99 = CARTESIAN_POINT ( 'NONE',  ( 68.70798039291818800, 9.631770379426054500, 16.94872539182345200 ) ) ;
#100 = CARTESIAN_POINT ( 'NONE',  ( -49.56494027765075600, 12.12987052999887000, 32.72725032006418600 ) ) ;
#101 = VERTEX_POINT ( 'NONE', #3735 ) ;
#102 = AXIS2_PLACEMENT_3D ( 'NONE', #1667, #4202, #4545 ) ;
#103 = DIRECTION ( 'NONE',  ( 0.0000000000000000000, -0.0000000000000000000, 1.000000000000000000 ) ) ;
#104 = CARTESIAN_POINT ( 'NONE',  ( 53.49185440961782200, 9.500000000000005300, 37.82553753972080600 ) ) ;
#105 = CARTESIAN_POINT ( 'NONE',  ( 66.33074997410490400, 12.34181599358987700, 20.85830435896780700 ) ) ;
#106 = ORIENTED_EDGE ( 'NONE', *, *, #1760, .T. ) ;
#107 = DIRECTION ( 'NONE',  ( -1.000000000000000000, 1.272857920698121200E-016, -0.0000000000000000000 ) ) ;
#108 = AXIS2_PLACEMENT_3D ( 'NONE', #3219, #3196, #3247 ) ;
#109 = CARTESIAN_POINT ( 'NONE',  ( -67.23127563457877900, -12.50000000000003600, 11.40058400416053200 ) ) ;
#110 = CARTESIAN_POINT ( 'NONE',  ( -50.23012300804800400, 12.50000000000001600, 39.87151429841591700 ) ) ;
#111 = CARTESIAN_POINT ( 'NONE',  ( 41.00000000000000700, 5.694325491420782700E-016, 33.19999999999999600 ) ) ;
#112 = LINE ( 'NONE', #2632, #339 ) ;
#113 = CARTESIAN_POINT ( 'NONE',  ( -45.92361265545906000, 12.11197228640818400, 33.72955196109346300 ) ) ;
#114 = CARTESIAN_POINT ( 'NONE',  ( 51.56620936671747300, -8.208483859941834400, 39.08539000752738700 ) ) ;
#115 = FACE_OUTER_BOUND ( 'NONE', #4573, .T. ) ;
#116 = FACE_OUTER_BOUND ( 'NONE', #2627, .T. ) ;
#117 = CARTESIAN_POINT ( 'NONE',  ( 67.43828177429206500, -12.50000000000001800, 8.022772708749007700 ) ) ;
#118 = CARTESIAN_POINT ( 'NONE',  ( -67.12892459162517900, -12.50000000000003600, 11.95482453682417300 ) ) ;
#119 = CARTESIAN_POINT ( 'NONE',  ( -51.97237600193057000, -8.748182860800513400, 38.83249405952869200 ) ) ;
#120 = CARTESIAN_POINT ( 'NONE',  ( 68.93757922163440800, 8.749129144481235800, 11.50000000000000200 ) ) ;
#121 = LINE ( 'NONE', #1027, #712 ) ;
#122 = EDGE_CURVE ( 'NONE', #1756, #1520, #2729, .T. ) ;
#123 = CARTESIAN_POINT ( 'NONE',  ( 49.50463822728429600, -10.70863295104846100, 29.38363674551497000 ) ) ;
#124 = CARTESIAN_POINT ( 'NONE',  ( -47.50647628163999100, 12.13173770719750900, 32.62268839692493600 ) ) ;
#125 = ORIENTED_EDGE ( 'NONE', *, *, #3444, .F. ) ;
#126 = CARTESIAN_POINT ( 'NONE',  ( 68.83890529848724800, -9.141128519045514300, 11.60453280749848800 ) ) ;
#127 = CARTESIAN_POINT ( 'NONE',  ( -65.34583713205204000, 12.30506927409348400, 22.91612065076591500 ) ) ;
#128 = CARTESIAN_POINT ( 'NONE',  ( 49.86502337787056400, -10.72806145041385200, 28.52530113352458200 ) ) ;
#129 =( BOUNDED_SURFACE ( )  B_SPLINE_SURFACE ( 3, 2, ( 
 ( #1171, #449, #3807 ),
 ( #2307, #3023, #1943 ),
 ( #482, #1555, #3059 ),
 ( #73, #852, #814 ) ),
 .UNSPECIFIED., .F., .F., .F. ) 
 B_SPLINE_SURFACE_WITH_KNOTS ( ( 4, 4 ),
 ( 3, 3 ),
 ( -7.372574772901430200E-018, 0.0002339632456467987800 ),
 ( 0.0000000000000000000, 1.000000000000000000 ),
 .UNSPECIFIED. ) 
 GEOMETRIC_REPRESENTATION_ITEM ( )  RATIONAL_B_SPLINE_SURFACE ( (
 ( 1.000000000000000000, 0.9844292122057977100, 1.000000000000000000),
 ( 1.000000000000000000, 0.9944855912189126700, 1.000000000000000000),
 ( 1.000000000000000000, 0.9999964940230615700, 1.000000000000000000),
 ( 1.000000000000000000, 1.000000000000000000, 1.000000000000000000) ) ) 
 REPRESENTATION_ITEM ( '' )  SURFACE ( )  );
#130 = APPROVAL_DATE_TIME ( #2691, #743 ) ;
#131 = EDGE_LOOP ( 'NONE', ( #1942, #3174, #3393 ) ) ;
#132 = ORIENTED_EDGE ( 'NONE', *, *, #401, .T. ) ;
#133 = CARTESIAN_POINT ( 'NONE',  ( 68.22565626216594100, 9.000000000000007100, 12.00000000000000000 ) ) ;
#134 = CARTESIAN_POINT ( 'NONE',  ( -68.57087979294733800, 10.12032637069085600, 11.82547345633004800 ) ) ;
#135 = CARTESIAN_POINT ( 'NONE',  ( 48.52578057917267500, -12.11093572343626000, 33.78759948756889000 ) ) ;
#136 = ORIENTED_EDGE ( 'NONE', *, *, #1964, .F. ) ;
#137 = CARTESIAN_POINT ( 'NONE',  ( -50.61988474604488900, -11.27693392223161300, -1.372791119307738400E-016 ) ) ;
#138 = ORIENTED_EDGE ( 'NONE', *, *, #3099, .T. ) ;
#139 = ADVANCED_FACE ( 'NONE', ( #3485 ), #1083, .F. ) ;
#140 = CARTESIAN_POINT ( 'NONE',  ( 68.74357230882385700, -9.500683557609464800, 11.99085803659616400 ) ) ;
#141 = CARTESIAN_POINT ( 'NONE',  ( -52.00000000000000700, -6.999999999999991100, 12.00000000000000000 ) ) ;
#142 = EDGE_LOOP ( 'NONE', ( #1005, #2060 ) ) ;
#143 = CARTESIAN_POINT ( 'NONE',  ( -50.88740399721100300, 12.25215008489190500, 25.87959524593808800 ) ) ;
#144 = DIRECTION ( 'NONE',  ( -0.0000000000000000000, -0.0000000000000000000, -1.000000000000000000 ) ) ;
#145 = ORIENTED_EDGE ( 'NONE', *, *, #441, .F. ) ;
#146 = CARTESIAN_POINT ( 'NONE',  ( -67.63291676756551900, -12.50000000000003600, 0.0000000000000000000 ) ) ;
#147 = EDGE_CURVE ( 'NONE', #2861, #3693, #2489, .T. ) ;
#148 = AXIS2_PLACEMENT_3D ( 'NONE', #323, #662, #697 ) ;
#149 = CARTESIAN_POINT ( 'NONE',  ( 50.52874303039892100, -10.96270433494884400, 16.71838664258026000 ) ) ;
#150 = CARTESIAN_POINT ( 'NONE',  ( 51.25803393282922800, -6.999999999999993800, 39.27285026042957800 ) ) ;
#151 = CARTESIAN_POINT ( 'NONE',  ( 50.54273040436005000, -12.21834380546562000, 27.77274689395952800 ) ) ;
#152 = ORIENTED_EDGE ( 'NONE', *, *, #846, .F. ) ;
#153 = CARTESIAN_POINT ( 'NONE',  ( 68.65813053895303100, -9.499999999999991100, 17.36992749532867800 ) ) ;
#154 = EDGE_CURVE ( 'NONE', #2332, #1756, #3601, .T. ) ;
#155 = ORIENTED_EDGE ( 'NONE', *, *, #2319, .T. ) ;
#156 = CARTESIAN_POINT ( 'NONE',  ( 53.50000000000000700, -9.499999999999992900, 37.20630521974641200 ) ) ;
#157 = FACE_OUTER_BOUND ( 'NONE', #2797, .T. ) ;
#158 = CARTESIAN_POINT ( 'NONE',  ( 49.73975291550910100, -11.01769771678995200, 39.00000000000000000 ) ) ;
#159 = ADVANCED_FACE ( 'NONE', ( #4333 ), #76, .T. ) ;
#160 = CARTESIAN_POINT ( 'NONE',  ( -67.56011696273897400, -12.50000000000003400, 4.011601184670604800 ) ) ;
#161 = CARTESIAN_POINT ( 'NONE',  ( 52.41001181021050600, -12.26364806084226100, 25.23570859283376000 ) ) ;
#162 = CARTESIAN_POINT ( 'NONE',  ( -51.75645668165808600, -7.990191500703955000, 38.64947226597855900 ) ) ;
#163 = CARTESIAN_POINT ( 'NONE',  ( -68.53328006245722300, 9.928482100566725400, 17.74782785663395400 ) ) ;
#164 = CARTESIAN_POINT ( 'NONE',  ( 68.30701980472193200, 11.01818956037328200, 18.11531688014280700 ) ) ;
#165 = CARTESIAN_POINT ( 'NONE',  ( -51.65564653196431500, 8.355467553756074800, 39.03033266760007100 ) ) ;
#166 = VECTOR ( 'NONE', #1930, 1000.000000000000000 ) ;
#167 = TOROIDAL_SURFACE ( 'NONE', #2612, 39.49999999999998600, 0.5000000000000000000 ) ;
#168 = CYLINDRICAL_SURFACE ( 'NONE', #2401, 0.5000000000000004400 ) ;
#169 = EDGE_CURVE ( 'NONE', #2386, #3638, #4279, .T. ) ;
#170 = FACE_OUTER_BOUND ( 'NONE', #2131, .T. ) ;
#171 = CARTESIAN_POINT ( 'NONE',  ( 67.43830694785759800, 12.50000000000001600, 8.022046616056867300 ) ) ;
#172 = CARTESIAN_POINT ( 'NONE',  ( -49.73975291550908700, -11.01769771678995200, 39.00000000000000000 ) ) ;
#173 = VERTEX_POINT ( 'NONE', #206 ) ;
#174 = CARTESIAN_POINT ( 'NONE',  ( -52.09167089042098600, 8.425970755337258900, 38.38812475120673900 ) ) ;
#175 = LOCAL_TIME ( 12, 6, 58.00000000000000000, #3947 ) ;
#176 = B_SPLINE_CURVE_WITH_KNOTS ( 'NONE', 3,
 ( #3221, #2091, #965, #2445 ),
 .UNSPECIFIED., .F., .F.,
 ( 4, 4 ),
 ( -6.820592810114808100E-006, 0.0004364348263110766100 ),
 .UNSPECIFIED. ) ;
#177 = CARTESIAN_POINT ( 'NONE',  ( -67.09123477255307900, -12.49221045019416100, 12.43621478912869100 ) ) ;
#178 = CARTESIAN_POINT ( 'NONE',  ( 51.50000000000000000, 7.000000000000005300, 39.12589674149676700 ) ) ;
#179 = CARTESIAN_POINT ( 'NONE',  ( 42.29053456621721100, -12.08977531457415600, 34.97258238392213100 ) ) ;
#180 = EDGE_LOOP ( 'NONE', ( #1081, #4232 ) ) ;
#181 = AXIS2_PLACEMENT_3D ( 'NONE', #158, #4562, #2725 ) ;
#182 = ORIENTED_EDGE ( 'NONE', *, *, #4693, .F. ) ;
#183 = DIRECTION ( 'NONE',  ( 0.004999759234038657700, -0.01785407325827845600, -0.9998281024634634300 ) ) ;
#184 = CARTESIAN_POINT ( 'NONE',  ( -45.92234829475055600, -12.11163841622619800, 33.74824869136600100 ) ) ;
#185 = ADVANCED_FACE ( 'NONE', ( #3372 ), #3197, .F. ) ;
#186 = CIRCLE ( 'NONE', #3086, 39.49999999999998600 ) ;
#187 = ORIENTED_EDGE ( 'NONE', *, *, #2925, .F. ) ;
#188 = EDGE_LOOP ( 'NONE', ( #4429, #3391, #2017, #4578 ) ) ;
#189 = CIRCLE ( 'NONE', #4078, 0.5000000000000017800 ) ;
#190 = ORIENTED_EDGE ( 'NONE', *, *, #209, .T. ) ;
#191 = CARTESIAN_POINT ( 'NONE',  ( 67.10310418156092300, -12.50000000000001400, 11.99465431981335200 ) ) ;
#192 = DIRECTION ( 'NONE',  ( -0.0000000000000000000, -0.0000000000000000000, 1.000000000000000000 ) ) ;
#193 = CARTESIAN_POINT ( 'NONE',  ( 52.53995009660203400, 12.71682889776645100, -0.1424182749202012600 ) ) ;
#194 = CARTESIAN_POINT ( 'NONE',  ( -51.50000000000000700, -6.999999999999991100, 38.84457641169642300 ) ) ;
#195 = ORIENTED_EDGE ( 'NONE', *, *, #1263, .F. ) ;
#196 = CARTESIAN_POINT ( 'NONE',  ( 47.24925149282280800, -10.64255197107362800, 32.30136856640918800 ) ) ;
#197 = DIRECTION ( 'NONE',  ( -0.0000000000000000000, 0.0000000000000000000, -1.000000000000000000 ) ) ;
#198 = B_SPLINE_CURVE_WITH_KNOTS ( 'NONE', 3,
 ( #2822, #637, #3461, #4358 ),
 .UNSPECIFIED., .F., .F.,
 ( 4, 4 ),
 ( 0.0000000000000000000, 0.0002731750728457763500 ),
 .UNSPECIFIED. ) ;
#199 = CARTESIAN_POINT ( 'NONE',  ( -50.41522443915027200, -10.77521748546178400, 26.44125113722971300 ) ) ;
#200 = ORIENTED_EDGE ( 'NONE', *, *, #2125, .T. ) ;
#201 = DIRECTION ( 'NONE',  ( -0.3512754137744155100, -0.01671648092024364700, 0.9361229315337044100 ) ) ;
#202 = CARTESIAN_POINT ( 'NONE',  ( -68.58358725095926900, -10.07639368058352300, 11.72650506210932200 ) ) ;
#203 = AXIS2_PLACEMENT_3D ( 'NONE', #296, #1430, #3636 ) ;
#204 = ORIENTED_EDGE ( 'NONE', *, *, #1049, .T. ) ;
#205 = CARTESIAN_POINT ( 'NONE',  ( -67.56444679531951200, 9.500000000000010700, 18.97561127351263400 ) ) ;
#206 = CARTESIAN_POINT ( 'NONE',  ( 67.59999999999999400, 1.469576158976823700E-014, 12.00000000000000000 ) ) ;
#207 = ADVANCED_FACE ( 'NONE', ( #1392 ), #1144, .T. ) ;
#208 = CARTESIAN_POINT ( 'NONE',  ( 68.47679864071993400, -10.13749137349084600, 17.92809429465425500 ) ) ;
#209 = EDGE_CURVE ( 'NONE', #2250, #3298, #413, .T. ) ;
#210 = PRODUCT ( 'ALP4113', 'ALP4113', '', ( #2857 ) ) ;
#211 = EDGE_LOOP ( 'NONE', ( #4448, #1476, #4433, #4679 ) ) ;
#212 = CARTESIAN_POINT ( 'NONE',  ( 45.18825057151720200, 10.61147933415134900, 33.67251776054785500 ) ) ;
#213 = CARTESIAN_POINT ( 'NONE',  ( -51.83134421334639800, -8.110961208131660900, 38.59177650292320300 ) ) ;
#214 = CARTESIAN_POINT ( 'NONE',  ( 51.63338317103242000, 7.732232288837476400, 38.74368160393653700 ) ) ;
#215 = CARTESIAN_POINT ( 'NONE',  ( 43.55775094583485400, -12.09455725045957300, 34.70479397425432900 ) ) ;
#216 =( BOUNDED_SURFACE ( )  B_SPLINE_SURFACE ( 3, 2, ( 
 ( #1753, #4703, #2878 ),
 ( #2896, #4378, #680 ),
 ( #2530, #3273, #1040 ),
 ( #1058, #3635, #312 ),
 ( #2907, #629, #1800 ),
 ( #2182, #3762, #2956 ),
 ( #2690, #728, #1573 ),
 ( #2563, #453, #4058 ),
 ( #2939, #1540, #346 ),
 ( #4133, #3308, #4161 ) ),
 .UNSPECIFIED., .F., .F., .T. ) 
 B_SPLINE_SURFACE_WITH_KNOTS ( ( 4, 2, 2, 2, 4 ),
 ( 3, 3 ),
 ( 0.0000000000000000000, 0.0005960697164957103800, 0.001192139432991420800, 0.001788209149487131200, 0.002384278865982841500 ),
 ( 0.0000000000000000000, 1.000000000000000000 ),
 .UNSPECIFIED. ) 
 GEOMETRIC_REPRESENTATION_ITEM ( )  RATIONAL_B_SPLINE_SURFACE ( (
 ( 1.000000000000000000, 0.5994525419614744600, 1.000000000000000000),
 ( 1.000000000000000000, 0.5993931055312586900, 1.000000000000000000),
 ( 1.000000000000000000, 0.6031673957931890100, 1.000000000000000000),
 ( 1.000000000000000000, 0.6165103909525976300, 1.000000000000000000),
 ( 1.000000000000000000, 0.6261044058879294800, 1.000000000000000000),
 ( 1.000000000000000000, 0.6478008541231805600, 1.000000000000000000),
 ( 1.000000000000000000, 0.6600494231226542400, 1.000000000000000000),
 ( 1.000000000000000000, 0.6840863700800324800, 1.000000000000000000),
 ( 1.000000000000000000, 0.6961913542283816300, 1.000000000000000000),
 ( 1.000000000000000000, 0.7071067811865476800, 1.000000000000000000) ) ) 
 REPRESENTATION_ITEM ( '' )  SURFACE ( )  );
#217 = ORIENTED_EDGE ( 'NONE', *, *, #3161, .T. ) ;
#218 = CARTESIAN_POINT ( 'NONE',  ( -42.23720058854350200, -10.59126985348041700, 34.56403209170758800 ) ) ;
#219 = CARTESIAN_POINT ( 'NONE',  ( -46.72568577078453000, -12.12112743402186500, 33.21686369475838100 ) ) ;
#220 = FACE_OUTER_BOUND ( 'NONE', #2025, .T. ) ;
#221 = CARTESIAN_POINT ( 'NONE',  ( 67.28969577931303500, 12.50000000000001600, 10.77642563647246400 ) ) ;
#222 = FACE_OUTER_BOUND ( 'NONE', #540, .T. ) ;
#223 = CARTESIAN_POINT ( 'NONE',  ( -100.0000000000000000, 12.50000000000001800, 12.00000000000000000 ) ) ;
#224 = CARTESIAN_POINT ( 'NONE',  ( -67.56444679531951200, 10.00000000000000900, 40.00000000000000000 ) ) ;
#225 = CARTESIAN_POINT ( 'NONE',  ( 68.30702012757259900, -11.01818860496082000, 18.11531604336347500 ) ) ;
#226 = CARTESIAN_POINT ( 'NONE',  ( 51.58366410228094200, 7.591410432761539300, 38.78138125132163300 ) ) ;
#227 = VECTOR ( 'NONE', #878, 1000.000000000000000 ) ;
#228 = VECTOR ( 'NONE', #1439, 1000.000000000000000 ) ;
#229 = CARTESIAN_POINT ( 'NONE',  ( -67.59999999999999400, 9.307315673519885500E-016, 4.500000000000000900 ) ) ;
#230 = AXIS2_PLACEMENT_3D ( 'NONE', #933, #2041, #4598 ) ;
#231 = CARTESIAN_POINT ( 'NONE',  ( -49.62176689240788400, -10.71496208896901900, 29.10401990987667300 ) ) ;
#232 = ADVANCED_FACE ( 'NONE', ( #3257 ), #2269, .T. ) ;
#233 = CARTESIAN_POINT ( 'NONE',  ( 68.07658807808198300, -11.70010652064239800, 18.71259803310269000 ) ) ;
#234 = CARTESIAN_POINT ( 'NONE',  ( -49.21227286052651800, 10.69638161598563800, 29.92475466426027700 ) ) ;
#235 = CARTESIAN_POINT ( 'NONE',  ( 67.80641650008431000, -12.49215390929423100, 12.43938108098380400 ) ) ;
#236 = EDGE_LOOP ( 'NONE', ( #1414, #3727, #217, #3561 ) ) ;
#237 = EDGE_CURVE ( 'NONE', #4226, #4640, #1987, .T. ) ;
#238 = CARTESIAN_POINT ( 'NONE',  ( 52.29730081947549500, 12.50000000000002000, 11.54644970916976200 ) ) ;
#239 = DIRECTION ( 'NONE',  ( 0.2435456017296719100, -0.7207248708329572200, 0.6490309703249524900 ) ) ;
#240 = DIRECTION ( 'NONE',  ( 0.9354209490842553300, 0.0000000000000000000, -0.3535359218160311100 ) ) ;
#241 = CARTESIAN_POINT ( 'NONE',  ( 50.89309027737278500, 12.26378347384742500, 25.22812546454528300 ) ) ;
#242 = CARTESIAN_POINT ( 'NONE',  ( -52.38995578828486500, 8.668212985204576200, 38.14927161338773200 ) ) ;
#243 = FACE_OUTER_BOUND ( 'NONE', #2587, .T. ) ;
#244 = VERTEX_POINT ( 'NONE', #2456 ) ;
#245 = CARTESIAN_POINT ( 'NONE',  ( -78.75714233722750600, 8.500000000000008900, 12.50000000000000000 ) ) ;
#246 = VERTEX_POINT ( 'NONE', #4262 ) ;
#247 = EDGE_CURVE ( 'NONE', #1481, #1397, #4173, .T. ) ;
#248 = CARTESIAN_POINT ( 'NONE',  ( -52.46083302246204700, 12.50000000000002100, 11.99999999999999800 ) ) ;
#249 = DIRECTION ( 'NONE',  ( -1.000000000000000000, 0.0000000000000000000, 0.0000000000000000000 ) ) ;
#250 = CYLINDRICAL_SURFACE ( 'NONE', #3489, 0.5000000000000004400 ) ;
#251 = ORIENTED_EDGE ( 'NONE', *, *, #3651, .F. ) ;
#252 = CARTESIAN_POINT ( 'NONE',  ( -51.66467590520324600, -12.19192139710419600, 29.25240176216497500 ) ) ;
#253 = CARTESIAN_POINT ( 'NONE',  ( 49.73975291550910100, 0.0000000000000000000, 40.00000000000000000 ) ) ;
#254 = AXIS2_PLACEMENT_3D ( 'NONE', #3633, #2938, #4768 ) ;
#255 = ORIENTED_EDGE ( 'NONE', *, *, #1992, .T. ) ;
#256 = CARTESIAN_POINT ( 'NONE',  ( 51.72046959903256200, -12.03743972356338400, 37.90337548044947600 ) ) ;
#257 = ORIENTED_EDGE ( 'NONE', *, *, #2618, .T. ) ;
#258 = ADVANCED_FACE ( 'NONE', ( #3436 ), #2793, .T. ) ;
#259 =( LENGTH_UNIT ( ) NAMED_UNIT ( * ) SI_UNIT ( .MILLI., .METRE. ) );
#260 = CARTESIAN_POINT ( 'NONE',  ( 67.12921572777867100, 11.37997275191315300, 18.71259803310269400 ) ) ;
#261 = CARTESIAN_POINT ( 'NONE',  ( -49.73975291550919300, 12.01753831613542900, 39.01785429641687800 ) ) ;
#262 = CARTESIAN_POINT ( 'NONE',  ( -51.76857164782792600, 12.49999999999999800, 4.021858152751374100 ) ) ;
#263 = ORIENTED_EDGE ( 'NONE', *, *, #2679, .F. ) ;
#264 = CARTESIAN_POINT ( 'NONE',  ( 60.00000000000000000, 1.469576158976823700E-014, 4.500000000000000900 ) ) ;
#265 = CARTESIAN_POINT ( 'NONE',  ( 51.64998508967789100, 8.346935188522328600, 39.03383547561055200 ) ) ;
#266 = CARTESIAN_POINT ( 'NONE',  ( -65.34583713204625600, -12.30506927409349400, 22.91612065076477100 ) ) ;
#267 = ORIENTED_EDGE ( 'NONE', *, *, #122, .F. ) ;
#268 = EDGE_CURVE ( 'NONE', #4029, #746, #994, .T. ) ;
#269 = CARTESIAN_POINT ( 'NONE',  ( -63.86852633872056400, -12.22464378965061500, 27.41994777956552200 ) ) ;
#270 = ORIENTED_EDGE ( 'NONE', *, *, #2086, .F. ) ;
#271 = CARTESIAN_POINT ( 'NONE',  ( 63.85655783037224600, -12.22532851714767000, 27.38160303968342300 ) ) ;
#272 = CARTESIAN_POINT ( 'NONE',  ( 53.50000000000000000, 9.000000000000007100, 37.20630521974641900 ) ) ;
#273 = APPLICATION_CONTEXT ( 'configuration controlled 3d designs of mechanical parts and assemblies' ) ;
#274 = B_SPLINE_CURVE_WITH_KNOTS ( 'NONE', 3,
 ( #2423, #4646, #993, #3589, #2393, #4295, #3165, #4248, #174, #942, #242, #1719, #3538, #562, #3933, #1314 ),
 .UNSPECIFIED., .F., .F.,
 ( 4, 2, 2, 2, 2, 2, 2, 4 ),
 ( 0.0000000000000000000, 0.0004584192501717171700, 0.0009168385003434343300, 0.001375257750515151500, 0.001833677000686868700, 0.002292096250858585600, 0.002750515501030303000, 0.003667354001373722600 ),
 .UNSPECIFIED. ) ;
#275 =( BOUNDED_SURFACE ( )  B_SPLINE_SURFACE ( 3, 2, ( 
 ( #4198, #2736, #1898 ),
 ( #1163, #3171, #164 ),
 ( #2812, #3870, #948 ),
 ( #1690, #2080, #4238 ) ),
 .UNSPECIFIED., .F., .F., .F. ) 
 B_SPLINE_SURFACE_WITH_KNOTS ( ( 4, 4 ),
 ( 3, 3 ),
 ( 0.01724798052674094900, 0.01998191150691226000 ),
 ( 0.0000000000000000000, 1.000000000000000000 ),
 .UNSPECIFIED. ) 
 GEOMETRIC_REPRESENTATION_ITEM ( )  RATIONAL_B_SPLINE_SURFACE ( (
 ( 1.000000000000000000, 0.9713343707958204100, 1.000000000000000000),
 ( 1.000000000000000000, 0.9742550574643694700, 1.000000000000000000),
 ( 1.000000000000000000, 0.9769557316675848700, 1.000000000000000000),
 ( 1.000000000000000000, 0.9794177405436517200, 1.000000000000000000) ) ) 
 REPRESENTATION_ITEM ( '' )  SURFACE ( )  );
#276 = CARTESIAN_POINT ( 'NONE',  ( -68.56444679531951200, 9.999999999998289400, 17.55717452031257500 ) ) ;
#277 = VECTOR ( 'NONE', #4710, 1000.000000000000000 ) ;
#278 = CARTESIAN_POINT ( 'NONE',  ( -52.49912750026814500, 8.745236463810968500, 38.49457624089344400 ) ) ;
#279 = DIRECTION ( 'NONE',  ( -0.0000000000000000000, -0.0000000000000000000, -1.000000000000000000 ) ) ;
#280 = CARTESIAN_POINT ( 'NONE',  ( 68.22565626216592700, 9.000000000000007100, 16.94872539182344800 ) ) ;
#281 = CARTESIAN_POINT ( 'NONE',  ( -50.83968505307388600, 11.77743337639902100, 0.0000000000000000000 ) ) ;
#282 = CARTESIAN_POINT ( 'NONE',  ( -68.56054004365849200, -10.04877686083287200, 17.66667435189250000 ) ) ;
#283 = CIRCLE ( 'NONE', #806, 2.000000000000001800 ) ;
#284 = ADVANCED_FACE ( 'NONE', ( #1273 ), #3920, .F. ) ;
#285 = CARTESIAN_POINT ( 'NONE',  ( -67.12921572777867100, 11.37997275191315300, 18.71259803310268700 ) ) ;
#286 = CARTESIAN_POINT ( 'NONE',  ( -57.82839287578689600, -12.09880956543932100, 34.46666433539739000 ) ) ;
#287 = CIRCLE ( 'NONE', #352, 40.06250000000011400 ) ;
#288 = CARTESIAN_POINT ( 'NONE',  ( -60.00000000000000000, 0.0000000000000000000, 4.499999999999997300 ) ) ;
#289 = CARTESIAN_POINT ( 'NONE',  ( 54.19290126149613200, -11.06059952700237200, 37.40741032717192400 ) ) ;
#290 = CARTESIAN_POINT ( 'NONE',  ( -68.56444679531951200, -10.00000000000002500, 17.55717452031219800 ) ) ;
#291 = ORIENTED_EDGE ( 'NONE', *, *, #3688, .T. ) ;
#292 = CARTESIAN_POINT ( 'NONE',  ( -49.73975291550908700, 0.0000000000000000000, 40.00000000000000000 ) ) ;
#293 = CARTESIAN_POINT ( 'NONE',  ( 52.42608420386073200, -12.50000000000002300, 11.96496348300360200 ) ) ;
#294 = ORIENTED_EDGE ( 'NONE', *, *, #2726, .F. ) ;
#295 = CARTESIAN_POINT ( 'NONE',  ( 68.70182112779545500, 9.544907859622478300, 17.23544130524053500 ) ) ;
#296 = CARTESIAN_POINT ( 'NONE',  ( -49.73975291550919300, 11.01769771678998700, 38.99999999999994300 ) ) ;
#297 = COORDINATED_UNIVERSAL_TIME_OFFSET ( 1, 0, .AHEAD. ) ;
#298 = CARTESIAN_POINT ( 'NONE',  ( -68.52406277440448400, -10.28131329987184400, 17.49140620790017700 ) ) ;
#299 = AXIS2_PLACEMENT_3D ( 'NONE', #4064, #1863, #1881 ) ;
#300 = CARTESIAN_POINT ( 'NONE',  ( 51.85388631762328500, 8.620057492783283600, 38.90692577809580400 ) ) ;
#301 = ORIENTED_EDGE ( 'NONE', *, *, #1992, .F. ) ;
#302 = ORIENTED_EDGE ( 'NONE', *, *, #989, .T. ) ;
#303 = EDGE_CURVE ( 'NONE', #2820, #4122, #121, .T. ) ;
#304 = CARTESIAN_POINT ( 'NONE',  ( -49.86168698525693100, 12.18592641743803300, 29.58812062347757900 ) ) ;
#305 = ORIENTED_EDGE ( 'NONE', *, *, #2641, .F. ) ;
#306 = CARTESIAN_POINT ( 'NONE',  ( -68.55416431069639300, 9.856964201131488000, 17.58861678794627200 ) ) ;
#307 = EDGE_LOOP ( 'NONE', ( #4457, #4308, #3177, #187 ) ) ;
#308 = ADVANCED_FACE ( 'NONE', ( #1454 ), #4023, .T. ) ;
#309 = DIRECTION ( 'NONE',  ( -0.9709909333949721100, -0.2391163048910739400, 0.0000000000000000000 ) ) ;
#310 = EDGE_LOOP ( 'NONE', ( #3566, #371, #251, #3740 ) ) ;
#311 = AXIS2_PLACEMENT_3D ( 'NONE', #3845, #538, #3211 ) ;
#312 = CARTESIAN_POINT ( 'NONE',  ( -68.58222594737155500, -10.08112420675549900, 11.73476332531751600 ) ) ;
#313 = CARTESIAN_POINT ( 'NONE',  ( -68.53029041525961400, 9.691771901997265500, 17.62415331807602200 ) ) ;
#314 = CARTESIAN_POINT ( 'NONE',  ( -51.56018294759591200, -8.197160531355489600, 39.08908889836886400 ) ) ;
#315 = ORIENTED_EDGE ( 'NONE', *, *, #4150, .F. ) ;
#316 = CARTESIAN_POINT ( 'NONE',  ( -51.23767704950694900, 12.17371780890525200, 30.27180270130695700 ) ) ;
#317 = CARTESIAN_POINT ( 'NONE',  ( -68.07658807808198300, 11.70010652064240000, 18.71259803310266200 ) ) ;
#318 = AXIS2_PLACEMENT_3D ( 'NONE', #2885, #1403, #4335 ) ;
#319 = ORIENTED_EDGE ( 'NONE', *, *, #1637, .F. ) ;
#320 = CARTESIAN_POINT ( 'NONE',  ( 52.26162729998448200, -11.03759912422956200, 38.72845910191391300 ) ) ;
#321 = CARTESIAN_POINT ( 'NONE',  ( -68.55006707285545500, 9.798318920879662400, 17.69803246935132500 ) ) ;
#322 = VERTEX_POINT ( 'NONE', #4415 ) ;
#323 = CARTESIAN_POINT ( 'NONE',  ( 68.22565626216594100, 9.500000000000008900, 16.94872539182345200 ) ) ;
#324 = CC_DESIGN_PERSON_AND_ORGANIZATION_ASSIGNMENT ( #3141, #2526, ( #2752 ) ) ;
#325 = CARTESIAN_POINT ( 'NONE',  ( -68.88902459619625100, 8.955172741575879100, 12.16428247375770500 ) ) ;
#326 = CARTESIAN_POINT ( 'NONE',  ( 68.22565626216594100, 9.000000000000007100, 12.50000000000000000 ) ) ;
#327 = CARTESIAN_POINT ( 'NONE',  ( -30.61531930649137600, 9.500000000000005300, 5.010942361779540600 ) ) ;
#328 = CARTESIAN_POINT ( 'NONE',  ( -52.37855627388740500, -8.669784845529267900, 38.57309464229918900 ) ) ;
#329 = ORIENTED_EDGE ( 'NONE', *, *, #4693, .T. ) ;
#330 = CARTESIAN_POINT ( 'NONE',  ( 51.50000000000000000, 7.000000000000005300, 38.84457641169643700 ) ) ;
#331 = ADVANCED_FACE ( 'NONE', ( #992 ), #4168, .T. ) ;
#332 = DIRECTION ( 'NONE',  ( -1.000000000000000000, 0.0000000000000000000, 0.0000000000000000000 ) ) ;
#333 = EDGE_CURVE ( 'NONE', #3223, #3693, #2557, .T. ) ;
#334 = CARTESIAN_POINT ( 'NONE',  ( 68.81486344880283900, -9.232155963322446400, 11.69379889400391700 ) ) ;
#335 = EDGE_LOOP ( 'NONE', ( #3389, #2635, #2648, #2244 ) ) ;
#336 = CARTESIAN_POINT ( 'NONE',  ( -52.45242512576073300, 12.41510544222478200, 16.75409523541430800 ) ) ;
#337 = CARTESIAN_POINT ( 'NONE',  ( -68.23465826153486100, 11.23232918554568200, 18.30287866543526600 ) ) ;
#338 = CARTESIAN_POINT ( 'NONE',  ( -52.10802764389563200, 12.21761986013421700, 27.81328783248474000 ) ) ;
#339 = VECTOR ( 'NONE', #3348, 1000.000000000000000 ) ;
#340 = CARTESIAN_POINT ( 'NONE',  ( -68.39149626838590700, 9.641835906133447800, 18.16296651725994600 ) ) ;
#341 = EDGE_CURVE ( 'NONE', #1405, #2195, #3227, .T. ) ;
#342 = CARTESIAN_POINT ( 'NONE',  ( -67.10205230322452500, -12.45996211899453100, 14.24212133630770600 ) ) ;
#343 = DIRECTION ( 'NONE',  ( -0.0000000000000000000, -0.0000000000000000000, -1.000000000000000000 ) ) ;
#344 = CARTESIAN_POINT ( 'NONE',  ( -51.51574852346895000, -7.288337682778618800, 38.83273748645856200 ) ) ;
#345 = FACE_OUTER_BOUND ( 'NONE', #802, .T. ) ;
#346 = CARTESIAN_POINT ( 'NONE',  ( -68.89064388151744800, -8.938684424851581800, 11.00000001068715600 ) ) ;
#347 = CIRCLE ( 'NONE', #451, 39.99999999999999300 ) ;
#348 = CARTESIAN_POINT ( 'NONE',  ( -52.10404653276998500, -12.21730991030053700, 27.83064502316991100 ) ) ;
#349 = CARTESIAN_POINT ( 'NONE',  ( -52.35796222579068600, -8.646669504266190700, 38.17518759122966500 ) ) ;
#350 = CARTESIAN_POINT ( 'NONE',  ( -68.45193051660142200, -9.718543732733529300, 17.98763968604705400 ) ) ;
#351 = CIRCLE ( 'NONE', #360, 36.54755500203954500 ) ;
#352 = AXIS2_PLACEMENT_3D ( 'NONE', #960, #4643, #3588 ) ;
#353 = CIRCLE ( 'NONE', #1198, 7.599999999999996100 ) ;
#354 = CARTESIAN_POINT ( 'NONE',  ( 68.71573317892684000, -9.603501061214657900, 12.23078189232220000 ) ) ;
#355 = DIRECTION ( 'NONE',  ( 0.006033170772501884500, 0.01785397147332544500, 0.9998224025060948900 ) ) ;
#356 = VECTOR ( 'NONE', #2549, 1000.000000000000000 ) ;
#357 = CARTESIAN_POINT ( 'NONE',  ( 68.05963329669508300, -12.37358079394555700, 19.07947553904971000 ) ) ;
#358 = CARTESIAN_POINT ( 'NONE',  ( 68.65813053895303100, 9.500000000000010700, 17.36992749532870300 ) ) ;
#359 = AXIS2_PLACEMENT_3D ( 'NONE', #4753, #1944, #3822 ) ;
#360 = AXIS2_PLACEMENT_3D ( 'NONE', #440, #1916, #4094 ) ;
#361 = ADVANCED_FACE ( 'NONE', ( #2317 ), #1924, .T. ) ;
#362 = AXIS2_PLACEMENT_3D ( 'NONE', #4051, #1104, #4372 ) ;
#363 = ORIENTED_EDGE ( 'NONE', *, *, #2925, .T. ) ;
#364 = CARTESIAN_POINT ( 'NONE',  ( -67.66653016580069400, -8.999999999999987600, 18.84056004192810400 ) ) ;
#365 = CARTESIAN_POINT ( 'NONE',  ( -51.57632788347209600, 7.627806972339964600, 39.08054346325454300 ) ) ;
#366 = CARTESIAN_POINT ( 'NONE',  ( -68.67582788018914600, 9.748980049357769000, 11.36211457596832400 ) ) ;
#367 = CARTESIAN_POINT ( 'NONE',  ( -68.47120637350390400, -9.747576090811465500, 17.93127225944070700 ) ) ;
#368 = CARTESIAN_POINT ( 'NONE',  ( 41.00000000000000700, 12.08864711681945400, 35.03576145811135200 ) ) ;
#369 = ORIENTED_EDGE ( 'NONE', *, *, #2471, .F. ) ;
#370 = CARTESIAN_POINT ( 'NONE',  ( -68.23127334877318600, -9.184280129546539900, 18.61464929459511500 ) ) ;
#371 = ORIENTED_EDGE ( 'NONE', *, *, #3198, .T. ) ;
#372 =( BOUNDED_CURVE ( )  B_SPLINE_CURVE ( 3, ( #2109, #966, #1671, #1722 ),
 .UNSPECIFIED., .F., .F. ) 
 B_SPLINE_CURVE_WITH_KNOTS ( ( 4, 4 ),
 ( 1.234986413818612600, 1.244925643128544700 ),
 .UNSPECIFIED. ) 
 CURVE ( )  GEOMETRIC_REPRESENTATION_ITEM ( )  RATIONAL_B_SPLINE_CURVE ( ( 1.000000000000000000, 0.9999917676603367100, 0.9999917676603367100, 1.000000000000000000 ) ) 
 REPRESENTATION_ITEM ( '' )  );
#373 = CARTESIAN_POINT ( 'NONE',  ( -67.01368415085953200, 12.71614945260377800, -0.1043693458105399200 ) ) ;
#374 = CARTESIAN_POINT ( 'NONE',  ( -68.03215726986162800, -9.499999999999987600, 19.15237923442064600 ) ) ;
#375 = ORIENTED_EDGE ( 'NONE', *, *, #1057, .F. ) ;
#376 = DIRECTION ( 'NONE',  ( 0.0000000000000000000, -0.9998405993454446700, 0.01785429641688873400 ) ) ;
#377 = EDGE_CURVE ( 'NONE', #3755, #1471, #1106, .T. ) ;
#378 = CARTESIAN_POINT ( 'NONE',  ( 65.34583713204209200, -12.30506927409345300, 22.91612065076702000 ) ) ;
#379 = CARTESIAN_POINT ( 'NONE',  ( 51.53808069407419600, 12.18570417816548900, 29.60056602273346400 ) ) ;
#380 = ORIENTED_EDGE ( 'NONE', *, *, #1672, .F. ) ;
#381 = CARTESIAN_POINT ( 'NONE',  ( -60.00000000000000000, 0.0000000000000000000, 4.500000000000000900 ) ) ;
#382 = CARTESIAN_POINT ( 'NONE',  ( 52.40000000000000600, 1.562649315712022400E-014, 12.00000000000000000 ) ) ;
#383 = DIRECTION ( 'NONE',  ( 1.000000000000000000, 0.0000000000000000000, 0.0000000000000000000 ) ) ;
#384 = ORIENTED_EDGE ( 'NONE', *, *, #3378, .T. ) ;
#385 = CARTESIAN_POINT ( 'NONE',  ( -67.09632979490135100, 12.50000000000000000, 12.00000000006310500 ) ) ;
#386 = CARTESIAN_POINT ( 'NONE',  ( -68.43229798324675500, -9.496411011197297500, 17.76869893853742600 ) ) ;
#387 = CARTESIAN_POINT ( 'NONE',  ( 50.91486527419792200, 11.88905840609094100, 0.0000000000000000000 ) ) ;
#388 = ORIENTED_EDGE ( 'NONE', *, *, #2950, .F. ) ;
#389 = CARTESIAN_POINT ( 'NONE',  ( 51.75826314643624200, -7.993575615888504500, 38.64808535593434200 ) ) ;
#390 = CARTESIAN_POINT ( 'NONE',  ( -52.27620393268630000, -12.50000000000003600, 11.42260319711419600 ) ) ;
#391 = ORIENTED_EDGE ( 'NONE', *, *, #3603, .F. ) ;
#392 = CARTESIAN_POINT ( 'NONE',  ( 42.48960819057269600, 12.06221230781590100, 36.51611076231044700 ) ) ;
#393 = CARTESIAN_POINT ( 'NONE',  ( -67.76756827591779600, -9.015516361528963100, 18.70461595990168700 ) ) ;
#394 = VERTEX_POINT ( 'NONE', #4258 ) ;
#395 = CARTESIAN_POINT ( 'NONE',  ( 41.00000000000000700, -10.06121973018967000, 36.55383938985455900 ) ) ;
#396 = DIRECTION ( 'NONE',  ( 1.000000000000000000, 0.0000000000000000000, -0.0000000000000000000 ) ) ;
#397 = DIRECTION ( 'NONE',  ( -1.000000000000000000, 0.0000000000000000000, 0.0000000000000000000 ) ) ;
#398 = CARTESIAN_POINT ( 'NONE',  ( 45.92234829474806200, 12.11163841622493500, 33.74824869136339300 ) ) ;
#399 = CARTESIAN_POINT ( 'NONE',  ( -68.07947750001258700, -9.500000003325347100, 19.02717460352676000 ) ) ;
#400 = CARTESIAN_POINT ( 'NONE',  ( 52.15479069673369800, -8.492835101802809200, 38.71727728857503300 ) ) ;
#401 = EDGE_CURVE ( 'NONE', #3417, #2309, #4276, .T. ) ;
#402 = CARTESIAN_POINT ( 'NONE',  ( 68.22565626216592700, -9.499999999999989300, 40.00000000000000000 ) ) ;
#403 = CARTESIAN_POINT ( 'NONE',  ( 51.50000000000000700, -6.999999999999992900, 38.84457641169643000 ) ) ;
#404 = TOROIDAL_SURFACE ( 'NONE', #2221, 35.54755500203954500, 1.000000000000000000 ) ;
#405 = CARTESIAN_POINT ( 'NONE',  ( 68.88454142302266800, 8.976795736876434600, 12.32134202885620600 ) ) ;
#406 = CARTESIAN_POINT ( 'NONE',  ( -68.40101083042060300, 10.70512125122522200, 17.84817230440376100 ) ) ;
#407 = FACE_OUTER_BOUND ( 'NONE', #3267, .T. ) ;
#408 = EDGE_CURVE ( 'NONE', #1521, #4531, #2678, .T. ) ;
#409 = CYLINDRICAL_SURFACE ( 'NONE', #1399, 36.54755500203954500 ) ;
#410 = CARTESIAN_POINT ( 'NONE',  ( 68.22565626216592700, -9.499999999999991100, 16.94872539182344800 ) ) ;
#411 = DIRECTION ( 'NONE',  ( -0.0000000000000000000, -1.000000000000000000, -0.0000000000000000000 ) ) ;
#412 = DIRECTION ( 'NONE',  ( 1.272857920698121200E-016, -1.000000000000000000, -0.0000000000000000000 ) ) ;
#413 = CIRCLE ( 'NONE', #631, 0.9999999999999958900 ) ;
#414 = ADVANCED_FACE ( 'NONE', ( #2843 ), #275, .T. ) ;
#415 = CIRCLE ( 'NONE', #4650, 36.54755500203954500 ) ;
#416 = CARTESIAN_POINT ( 'NONE',  ( -52.34111855830416700, -9.076185872539190000, 38.59776368522156500 ) ) ;
#417 = CARTESIAN_POINT ( 'NONE',  ( 52.57300257471353400, -8.776643843925773700, 37.99972170303307500 ) ) ;
#418 = EDGE_LOOP ( 'NONE', ( #4690, #907, #3839, #3003 ) ) ;
#419 = PLANE ( 'NONE',  #1655 ) ;
#420 = DATE_AND_TIME ( #4566, #1993 ) ;
#421 = CARTESIAN_POINT ( 'NONE',  ( 68.70798039291818800, -9.631770379426036800, 12.50000000000000000 ) ) ;
#422 = CARTESIAN_POINT ( 'NONE',  ( 68.84347742738992800, 9.122181955496364100, 11.62293372114238800 ) ) ;
#423 = EDGE_LOOP ( 'NONE', ( #4771, #1544, #2110, #3906, #257 ) ) ;
#424 = ORGANIZATION ( 'UNSPECIFIED', 'UNSPECIFIED', '' ) ;
#425 = EDGE_LOOP ( 'NONE', ( #1115, #3732, #4760, #3943, #2228, #255, #1752 ) ) ;
#426 = CARTESIAN_POINT ( 'NONE',  ( 45.00916623882978500, 12.07377757343194200, 35.86845588781205400 ) ) ;
#427 = CARTESIAN_POINT ( 'NONE',  ( -63.86427204399364400, 11.23535287463090900, 27.37029497622240700 ) ) ;
#428 = AXIS2_PLACEMENT_3D ( 'NONE', #1853, #3343, #1835 ) ;
#429 = CARTESIAN_POINT ( 'NONE',  ( -68.56444679531955400, -9.952464571889320800, 17.56784499634900600 ) ) ;
#430 = CARTESIAN_POINT ( 'NONE',  ( 51.50000000000000700, -6.999999999999992900, 38.84457641169643000 ) ) ;
#431 = ORIENTED_EDGE ( 'NONE', *, *, #989, .F. ) ;
#432 = ORIENTED_EDGE ( 'NONE', *, *, #3476, .F. ) ;
#433 = CARTESIAN_POINT ( 'NONE',  ( -52.39999999999999900, 0.0000000000000000000, 4.500000000000000900 ) ) ;
#434 = CARTESIAN_POINT ( 'NONE',  ( 51.66467590520325400, 12.19192139710421300, 29.25240176216496500 ) ) ;
#435 = EDGE_CURVE ( 'NONE', #2893, #547, #1227, .T. ) ;
#436 = UNCERTAINTY_MEASURE_WITH_UNIT (LENGTH_MEASURE( 1.000000000000000100E-005 ), #259, 'distance_accuracy_value', 'NONE');
#437 = CARTESIAN_POINT ( 'NONE',  ( 51.08987378933049000, -12.09918562462920400, 0.0000000000000000000 ) ) ;
#438 = ORIENTED_EDGE ( 'NONE', *, *, #408, .T. ) ;
#439 = DIRECTION ( 'NONE',  ( 1.000000000000000000, 0.0000000000000000000, 0.0000000000000000000 ) ) ;
#440 = CARTESIAN_POINT ( 'NONE',  ( -33.45244499796046300, 0.0000000000000000000, 0.0000000000000000000 ) ) ;
#441 = EDGE_CURVE ( 'NONE', #3350, #101, #3937, .T. ) ;
#442 = CARTESIAN_POINT ( 'NONE',  ( -67.12921572777868600, -12.37981335125859400, 18.73045232951954400 ) ) ;
#443 = CARTESIAN_POINT ( 'NONE',  ( -50.48410110073059100, 10.80328860203454200, 25.19999999999998900 ) ) ;
#444 = CARTESIAN_POINT ( 'NONE',  ( -68.07658807808195400, 11.70010652064249800, 18.71259803310276800 ) ) ;
#445 = CARTESIAN_POINT ( 'NONE',  ( 52.34111855830417400, 9.076185872539209500, 38.59776368522160100 ) ) ;
#446 = VERTEX_POINT ( 'NONE', #2212 ) ;
#447 = CARTESIAN_POINT ( 'NONE',  ( 51.72046959903934000, 12.03743972356330300, 37.90337548045600600 ) ) ;
#448 = DIRECTION ( 'NONE',  ( -0.0000000000000000000, -1.000000000000000000, 0.0000000000000000000 ) ) ;
#449 = CARTESIAN_POINT ( 'NONE',  ( -68.55916748342500000, -9.891583000914918600, 17.67076049093250800 ) ) ;
#450 = CARTESIAN_POINT ( 'NONE',  ( 49.03226054990138000, 10.69030398289783300, 30.19313883906540900 ) ) ;
#451 = AXIS2_PLACEMENT_3D ( 'NONE', #3898, #2071, #2175 ) ;
#452 = ORIENTED_EDGE ( 'NONE', *, *, #1204, .T. ) ;
#453 = CARTESIAN_POINT ( 'NONE',  ( -68.90440176798748000, -8.884622084261488700, 12.08145263917275300 ) ) ;
#454 = CARTESIAN_POINT ( 'NONE',  ( -68.45153655582153400, 9.717975614061638000, 17.98878846226216100 ) ) ;
#455 = CARTESIAN_POINT ( 'NONE',  ( -70.00000000000000000, 0.0000000000000000000, 0.0000000000000000000 ) ) ;
#456 = CARTESIAN_POINT ( 'NONE',  ( -52.45443096067762700, -12.42128824134639100, 16.40785848460336300 ) ) ;
#457 = VERTEX_POINT ( 'NONE', #326 ) ;
#458 = CARTESIAN_POINT ( 'NONE',  ( 68.93651382976129600, 8.753302635196794400, 12.04612758966491600 ) ) ;
#459 = AXIS2_PLACEMENT_3D ( 'NONE', #1984, #2682, #2343 ) ;
#460 = CARTESIAN_POINT ( 'NONE',  ( -43.45912430067407700, 10.59712408832085700, 34.30580048116994600 ) ) ;
#461 = ORIENTED_EDGE ( 'NONE', *, *, #3608, .T. ) ;
#462 = CARTESIAN_POINT ( 'NONE',  ( 68.96942093112880900, -8.617899813170662800, 11.50000000000000000 ) ) ;
#463 = CARTESIAN_POINT ( 'NONE',  ( 51.25803393282922800, 7.000000000000005300, 39.27285026042956400 ) ) ;
#464 = CARTESIAN_POINT ( 'NONE',  ( 63.86427204399351600, 11.23535287463318100, 27.37029497622262400 ) ) ;
#465 = CARTESIAN_POINT ( 'NONE',  ( 67.95858973541646700, 12.04366024034400300, 0.0000000000000000000 ) ) ;
#466 = EDGE_CURVE ( 'NONE', #3728, #3638, #3999, .T. ) ;
#467 = AXIS2_PLACEMENT_3D ( 'NONE', #2640, #4136, #28 ) ;
#468 = CYLINDRICAL_SURFACE ( 'NONE', #4514, 2.000000000000001800 ) ;
#469 = CARTESIAN_POINT ( 'NONE',  ( -67.96879860929991000, 8.500000000000007100, 12.00000000000000000 ) ) ;
#470 = CARTESIAN_POINT ( 'NONE',  ( 50.71108534543913000, -11.53693737010643800, -0.0000000000000000000 ) ) ;
#471 = CARTESIAN_POINT ( 'NONE',  ( 53.53771706248022600, -9.033184456015337800, 37.79293805733928500 ) ) ;
#472 = VECTOR ( 'NONE', #57, 1000.000000000000000 ) ;
#473 = CARTESIAN_POINT ( 'NONE',  ( 49.86168698525174400, -12.18592641743801900, 29.58812062347631400 ) ) ;
#474 = CARTESIAN_POINT ( 'NONE',  ( -51.50000000000000000, 7.000000000000008900, 38.84457641169642300 ) ) ;
#475 = FACE_OUTER_BOUND ( 'NONE', #4181, .T. ) ;
#476 = VECTOR ( 'NONE', #2157, 1000.000000000000000 ) ;
#477 = CARTESIAN_POINT ( 'NONE',  ( 53.78967950244948100, 9.500000000000008900, 37.61384145845485700 ) ) ;
#478 = EDGE_CURVE ( 'NONE', #1902, #4006, #4587, .T. ) ;
#479 = CIRCLE ( 'NONE', #2798, 40.06250000000011400 ) ;
#480 = CARTESIAN_POINT ( 'NONE',  ( 47.25134655680643900, -10.64259326633435500, 32.29954596937894000 ) ) ;
#481 = CARTESIAN_POINT ( 'NONE',  ( 67.15731449097340500, 12.50000000000001600, 11.86491120280740200 ) ) ;
#482 = CARTESIAN_POINT ( 'NONE',  ( -68.56441553747730200, -10.14366194722496900, 17.52492735825704500 ) ) ;
#483 = CARTESIAN_POINT ( 'NONE',  ( 49.98451908734777800, 12.19112980175522100, 29.29673110170333700 ) ) ;
#484 = ORIENTED_EDGE ( 'NONE', *, *, #3017, .F. ) ;
#485 = CARTESIAN_POINT ( 'NONE',  ( 50.23012300804802500, 12.50000000000001600, 39.87151429841591700 ) ) ;
#486 = CARTESIAN_POINT ( 'NONE',  ( -51.35659621591128900, -7.713751756008544000, 39.21330379567696400 ) ) ;
#487 = CARTESIAN_POINT ( 'NONE',  ( 51.50000000000000700, -7.295153375946354000, 38.84457640967657700 ) ) ;
#488 = CARTESIAN_POINT ( 'NONE',  ( 51.23767704979405100, -12.17371780890234900, 30.27180270146833900 ) ) ;
#489 = CIRCLE ( 'NONE', #2391, 0.5000000000000004400 ) ;
#490 = CARTESIAN_POINT ( 'NONE',  ( -44.33807918422532200, 10.60352579019645500, 34.02340053449634600 ) ) ;
#491 = DIRECTION ( 'NONE',  ( 0.0000000000000000000, 0.0000000000000000000, -1.000000000000000000 ) ) ;
#492 = ORIENTED_EDGE ( 'NONE', *, *, #1542, .F. ) ;
#493 = CARTESIAN_POINT ( 'NONE',  ( 53.50000000000000700, -8.999999999999992900, 37.20630521974641200 ) ) ;
#494 = SPHERICAL_SURFACE ( 'NONE', #4373, 1.000000000000000000 ) ;
#495 = CC_DESIGN_DATE_AND_TIME_ASSIGNMENT ( #937, #2874, ( #2752 ) ) ;
#496 = ORIENTED_EDGE ( 'NONE', *, *, #1704, .F. ) ;
#497 = CARTESIAN_POINT ( 'NONE',  ( 68.96942093112880900, -8.617899813170661000, 11.50000000000000000 ) ) ;
#498 =( BOUNDED_SURFACE ( )  B_SPLINE_SURFACE ( 3, 2, ( 
 ( #4371, #3928, #1715 ),
 ( #2120, #143, #851 ),
 ( #1875, #2158, #3641 ),
 ( #338, #3232, #676 ),
 ( #2660, #4696, #2438 ),
 ( #2400, #1547, #2948 ),
 ( #2555, #2626, #2220 ),
 ( #2523, #304, #2031 ),
 ( #3513, #2118, #234 ),
 ( #3865, #2454, #3826 ),
 ( #3857, #520, #1212 ),
 ( #100, #3479, #3065 ),
 ( #4552, #1580, #3078 ),
 ( #3108, #124, #3438 ),
 ( #844, #890, #1981 ),
 ( #3802, #2340, #2731 ),
 ( #4167, #113, #1257 ),
 ( #2696, #4526, #3121 ),
 ( #1967, #2723, #2711 ),
 ( #2323, #1270, #490 ),
 ( #861, #1626, #3470 ),
 ( #3454, #1245, #2751 ),
 ( #1596, #505, #3093 ),
 ( #1226, #4574, #4195 ),
 ( #873, #1612, #2015 ),
 ( #905, #1999, #3813 ) ),
 .UNSPECIFIED., .F., .F., .F. ) 
 B_SPLINE_SURFACE_WITH_KNOTS ( ( 4, 2, 2, 2, 2, 2, 2, 2, 2, 2, 2, 2, 4 ),
 ( 3, 3 ),
 ( -3.469446951953614200E-018, 0.002221192192887188700, 0.003331788289330784600, 0.004442384385774380900, 0.006663576578661572700, 0.007774172675105169000, 0.008884768771548765300, 0.01110596096443595600, 0.01221655706087955300, 0.01332715315732314900, 0.01443774925376674500, 0.01554834535021034200, 0.01776953754309753400 ),
 ( 0.0000000000000000000, 1.000000000000000000 ),
 .UNSPECIFIED. ) 
 GEOMETRIC_REPRESENTATION_ITEM ( )  RATIONAL_B_SPLINE_SURFACE ( (
 ( 1.000000000000000000, 0.7967489836273412600, 1.000000000000000000),
 ( 1.000000000000000000, 0.7962834450226571300, 1.000000000000000000),
 ( 1.000000000000000000, 0.7958249578545006900, 1.000000000000000000),
 ( 1.000000000000000000, 0.7951475674344605800, 1.000000000000000000),
 ( 1.000000000000000000, 0.7949235008572662600, 1.000000000000000000),
 ( 1.000000000000000000, 0.7944789353579483300, 1.000000000000000000),
 ( 1.000000000000000000, 0.7942577632605643000, 1.000000000000000000),
 ( 1.000000000000000000, 0.7936138601996936000, 1.000000000000000000),
 ( 1.000000000000000000, 0.7932060882467343300, 1.000000000000000000),
 ( 1.000000000000000000, 0.7926266617008325100, 1.000000000000000000),
 ( 1.000000000000000000, 0.7924384214869765200, 1.000000000000000000),
 ( 1.000000000000000000, 0.7920754520172869100, 1.000000000000000000),
 ( 1.000000000000000000, 0.7919026227624329500, 1.000000000000000000),
 ( 1.000000000000000000, 0.7914093653191577300, 1.000000000000000000),
 ( 1.000000000000000000, 0.7911139304904484200, 1.000000000000000000),
 ( 1.000000000000000000, 0.7907223461729081500, 1.000000000000000000),
 ( 1.000000000000000000, 0.7906005361965153800, 1.000000000000000000),
 ( 1.000000000000000000, 0.7903797173977642500, 1.000000000000000000),
 ( 1.000000000000000000, 0.7902799358445151700, 1.000000000000000000),
 ( 1.000000000000000000, 0.7901013293520022800, 1.000000000000000000),
 ( 1.000000000000000000, 0.7900225045609441400, 1.000000000000000000),
 ( 1.000000000000000000, 0.7898861068836295900, 1.000000000000000000),
 ( 1.000000000000000000, 0.7898283658717243400, 1.000000000000000000),
 ( 1.000000000000000000, 0.7896896199048217800, 1.000000000000000000),
 ( 1.000000000000000000, 0.7896433775982238900, 1.000000000000000000),
 ( 1.000000000000000000, 0.7896432122970572500, 1.000000000000000000) ) ) 
 REPRESENTATION_ITEM ( '' )  SURFACE ( )  );
#499 = CARTESIAN_POINT ( 'NONE',  ( 67.27004465791543500, -12.50000000000001800, 11.02743051007697200 ) ) ;
#500 = DIRECTION ( 'NONE',  ( 1.000000000000000000, -1.272857920698121200E-016, 0.0000000000000000000 ) ) ;
#501 = CARTESIAN_POINT ( 'NONE',  ( 52.49574114454677700, -12.56617093359404400, 8.294427718734704400 ) ) ;
#502 = CARTESIAN_POINT ( 'NONE',  ( -68.56065608243497400, 10.04928894458854800, 17.66632890215328500 ) ) ;
#503 = ORIENTED_EDGE ( 'NONE', *, *, #1482, .F. ) ;
#504 = CARTESIAN_POINT ( 'NONE',  ( 50.26543577550472000, -12.14556237763033600, 31.84850685270096400 ) ) ;
#505 = CARTESIAN_POINT ( 'NONE',  ( -43.24333320081172600, 12.09315191370836700, 34.78349283233225000 ) ) ;
#506 = EDGE_CURVE ( 'NONE', #3786, #2639, #4554, .T. ) ;
#507 = EDGE_LOOP ( 'NONE', ( #4645, #98, #2007, #4775 ) ) ;
#508 = CARTESIAN_POINT ( 'NONE',  ( 53.19742596416815400, -9.449543262028266000, 38.02865215114233200 ) ) ;
#509 = CARTESIAN_POINT ( 'NONE',  ( -33.45244499796046300, -11.01769771678995200, 40.00000000000000000 ) ) ;
#510 = CARTESIAN_POINT ( 'NONE',  ( -67.24653024795050300, 11.34197539426380000, 21.24633487443876900 ) ) ;
#511 = CARTESIAN_POINT ( 'NONE',  ( 50.48410110073058400, -10.80328860203453100, 25.19999999999998900 ) ) ;
#512 = EDGE_LOOP ( 'NONE', ( #1774, #88, #1008, #4355 ) ) ;
#513 = AXIS2_PLACEMENT_3D ( 'NONE', #3532, #3175, #3552 ) ;
#514 = CARTESIAN_POINT ( 'NONE',  ( -67.43830658566481900, -12.50000000000003400, 8.022055816832253300 ) ) ;
#515 = ORIENTED_EDGE ( 'NONE', *, *, #3301, .T. ) ;
#516 = CARTESIAN_POINT ( 'NONE',  ( 50.57433509642092400, -11.12170758634806100, 8.258719125907005000 ) ) ;
#517 = CARTESIAN_POINT ( 'NONE',  ( 60.00000000000000000, 1.469576158976823700E-014, 4.500000000000000900 ) ) ;
#518 = DIRECTION ( 'NONE',  ( 1.272857920698118500E-016, -1.000000000000000000, 0.0000000000000000000 ) ) ;
#519 = LINE ( 'NONE', #2738, #277 ) ;
#520 = CARTESIAN_POINT ( 'NONE',  ( -48.82183732559235500, 12.15698613798027600, 31.20877627308316000 ) ) ;
#521 = CARTESIAN_POINT ( 'NONE',  ( -68.52406277440448400, -10.28131329987184400, 12.50000000000000000 ) ) ;
#522 = CIRCLE ( 'NONE', #911, 36.54755500203954500 ) ;
#523 = CARTESIAN_POINT ( 'NONE',  ( -51.18894618623436800, 12.19588708593400700, -0.0000000000000000000 ) ) ;
#524 = CARTESIAN_POINT ( 'NONE',  ( -53.50000000000000000, 7.000000000000006200, 12.00000000000000000 ) ) ;
#525 = EDGE_CURVE ( 'NONE', #4527, #3151, #3430, .T. ) ;
#526 = LINE ( 'NONE', #178, #3368 ) ;
#527 = PLANE ( 'NONE',  #2494 ) ;
#528 = B_SPLINE_CURVE_WITH_KNOTS ( 'NONE', 3,
 ( #463, #52, #1904, #4496, #2288, #1588, #3756, #4467, #1531, #445, #1201, #3790, #104, #477 ),
 .UNSPECIFIED., .F., .F.,
 ( 4, 2, 2, 2, 2, 2, 4 ),
 ( 0.0000000000000000000, 0.0005421609061535580900, 0.001084321812307116200, 0.001626482718460674300, 0.002168643624614232300, 0.003252965436921348500, 0.004337287249228464700 ),
 .UNSPECIFIED. ) ;
#529 = DIRECTION ( 'NONE',  ( -0.0000000000000000000, -1.000000000000000000, -0.0000000000000000000 ) ) ;
#530 = CARTESIAN_POINT ( 'NONE',  ( -68.76862933567734600, 9.407440606601024800, 11.14473475830491900 ) ) ;
#531 = CARTESIAN_POINT ( 'NONE',  ( -67.56444679531951200, -8.999999999999991100, 18.97561127351263400 ) ) ;
#532 = CIRCLE ( 'NONE', #2360, 7.600000000000002300 ) ;
#533 = EDGE_CURVE ( 'NONE', #1137, #779, #1450, .T. ) ;
#534 = CARTESIAN_POINT ( 'NONE',  ( 50.35075770258802700, -12.20732534022006800, 28.38978094764203100 ) ) ;
#535 = ADVANCED_FACE ( 'NONE', ( #1795 ), #709, .F. ) ;
#536 = ORIENTED_EDGE ( 'NONE', *, *, #1760, .F. ) ;
#537 = CARTESIAN_POINT ( 'NONE',  ( -50.52874303047507700, -10.96270433522076400, 16.71838664258579900 ) ) ;
#538 = DIRECTION ( 'NONE',  ( -1.898821519314985600E-015, 0.0000000000000000000, -1.000000000000000000 ) ) ;
#539 = CARTESIAN_POINT ( 'NONE',  ( 68.35886466438991200, 8.750160114462183000, 12.04817770847740000 ) ) ;
#540 = EDGE_LOOP ( 'NONE', ( #3229, #2702, #1252 ) ) ;
#541 = LOCAL_TIME ( 12, 6, 58.00000000000000000, #3726 ) ;
#542 = EDGE_LOOP ( 'NONE', ( #1885, #4691, #3213, #910 ) ) ;
#543 = CARTESIAN_POINT ( 'NONE',  ( 68.22565626216594100, 9.000000000000007100, 16.94872539182404500 ) ) ;
#544 = CIRCLE ( 'NONE', #1560, 1.000000000000000900 ) ;
#545 = ORIENTED_EDGE ( 'NONE', *, *, #3697, .F. ) ;
#546 = CARTESIAN_POINT ( 'NONE',  ( -68.55416431069579600, 9.856964201133454400, 17.58861678794827600 ) ) ;
#547 = VERTEX_POINT ( 'NONE', #4642 ) ;
#548 = CARTESIAN_POINT ( 'NONE',  ( -67.78609921999914400, 8.738339523207102400, 12.04229431646173200 ) ) ;
#549 = CARTESIAN_POINT ( 'NONE',  ( -67.58032406836882400, -8.982038193780860900, 12.34993075612157700 ) ) ;
#550 = CARTESIAN_POINT ( 'NONE',  ( -52.34982290967408100, 9.062238803896132600, 38.59125942802119600 ) ) ;
#551 = B_SPLINE_CURVE_WITH_KNOTS ( 'NONE', 3,
 ( #3326, #3692, #2465, #3353, #387, #1114, #3940, #1849, #3709, #1480 ),
 .UNSPECIFIED., .F., .F.,
 ( 4, 2, 2, 2, 4 ),
 ( 0.0000000000000000000, 0.0004067595331484108600, 0.0008135190662968217300, 0.001220278599445232600, 0.001627038132593643500 ),
 .UNSPECIFIED. ) ;
#552 = ORIENTED_EDGE ( 'NONE', *, *, #2887, .T. ) ;
#553 = EDGE_CURVE ( 'NONE', #4089, #1766, #3192, .T. ) ;
#554 = CARTESIAN_POINT ( 'NONE',  ( -52.47702185195778000, 12.50000000000001800, 12.00000000000000000 ) ) ;
#555 = DIRECTION ( 'NONE',  ( 0.0000000000000000000, 0.0000000000000000000, -1.000000000000000000 ) ) ;
#556 = ORIENTED_EDGE ( 'NONE', *, *, #1361, .F. ) ;
#557 = CARTESIAN_POINT ( 'NONE',  ( 68.25991570225906500, 8.937853488577509600, 12.22612450178050900 ) ) ;
#558 = CARTESIAN_POINT ( 'NONE',  ( 67.21690852376856600, 12.50000000000001600, 11.52516757821998900 ) ) ;
#559 = DIRECTION ( 'NONE',  ( -0.0000000000000000000, 0.0000000000000000000, -1.000000000000000000 ) ) ;
#560 = ORIENTED_EDGE ( 'NONE', *, *, #3237, .F. ) ;
#561 = ADVANCED_FACE ( 'NONE', ( #475 ), #1682, .F. ) ;
#562 = CARTESIAN_POINT ( 'NONE',  ( -53.04766566150193800, 8.962466887321985700, 37.60254970477957000 ) ) ;
#563 = EDGE_CURVE ( 'NONE', #1520, #244, #2209, .T. ) ;
#564 = B_SPLINE_CURVE_WITH_KNOTS ( 'NONE', 3,
 ( #3160, #3848, #557, #539, #2373, #1631 ),
 .UNSPECIFIED., .F., .F.,
 ( 4, 2, 4 ),
 ( 0.0000000000000000000, 0.0004143915644762031500, 0.0008287831289524063000 ),
 .UNSPECIFIED. ) ;
#565 = DIRECTION ( 'NONE',  ( 3.854941057726238100E-016, 1.000000000000000000, -0.0000000000000000000 ) ) ;
#566 = DIRECTION ( 'NONE',  ( 0.0000000000000000000, 1.000000000000000000, 0.0000000000000000000 ) ) ;
#567 = CARTESIAN_POINT ( 'NONE',  ( 47.95277923540210500, -12.10255077565847500, 34.25715656312494400 ) ) ;
#568 = EDGE_LOOP ( 'NONE', ( #190, #1908, #4148, #3833 ) ) ;
#569 = CARTESIAN_POINT ( 'NONE',  ( -51.25803393282923500, 7.184247994098989800, 39.27285026042957100 ) ) ;
#570 = AXIS2_PLACEMENT_3D ( 'NONE', #593, #192, #961 ) ;
#571 = CARTESIAN_POINT ( 'NONE',  ( -47.46273357612300000, -10.64736656236067900, 32.08884466913512100 ) ) ;
#572 = ORIENTED_EDGE ( 'NONE', *, *, #906, .F. ) ;
#573 = CARTESIAN_POINT ( 'NONE',  ( 67.12921572777867100, 11.37997275191315300, 18.71259803310268300 ) ) ;
#574 = EDGE_LOOP ( 'NONE', ( #1290, #2733, #3450, #3471, #155, #2449, #2652, #3100, #944, #4026 ) ) ;
#575 = AXIS2_PLACEMENT_3D ( 'NONE', #3339, #1593, #4152 ) ;
#576 = DIRECTION ( 'NONE',  ( -0.0000000000000000000, -0.0000000000000000000, 1.000000000000000000 ) ) ;
#577 = CARTESIAN_POINT ( 'NONE',  ( 67.76538794774721500, 12.60427091900146800, 6.160828535619622000 ) ) ;
#578 = AXIS2_PLACEMENT_3D ( 'NONE', #402, #3404, #1948 ) ;
#579 = CARTESIAN_POINT ( 'NONE',  ( 68.06546948217061300, -11.37997275191326600, 19.06392253749569200 ) ) ;
#580 = CIRCLE ( 'NONE', #1716, 0.5000000000000004400 ) ;
#581 = CARTESIAN_POINT ( 'NONE',  ( -67.56444679531951200, -8.999999999999991100, 12.50000000000000000 ) ) ;
#582 =( BOUNDED_CURVE ( )  B_SPLINE_CURVE ( 3, ( #1463, #2202, #4418, #2216 ),
 .UNSPECIFIED., .F., .F. ) 
 B_SPLINE_CURVE_WITH_KNOTS ( ( 4, 4 ),
 ( 4.985429818172381300, 4.997728782420294300 ),
 .UNSPECIFIED. ) 
 CURVE ( )  GEOMETRIC_REPRESENTATION_ITEM ( )  RATIONAL_B_SPLINE_CURVE ( ( 1.000000000000000000, 0.9999873946629263000, 0.9999873946629263000, 1.000000000000000000 ) ) 
 REPRESENTATION_ITEM ( '' )  );
#583 = CARTESIAN_POINT ( 'NONE',  ( 52.41001181021050600, 12.26364806084227300, 25.23570859283375600 ) ) ;
#584 = CARTESIAN_POINT ( 'NONE',  ( -52.76473998825339600, 9.290998780736133600, 38.31909960097020500 ) ) ;
#585 = TOROIDAL_SURFACE ( 'NONE', #4500, 48.06250000000009900, 40.06250000000009900 ) ;
#586 = CARTESIAN_POINT ( 'NONE',  ( -52.44745194981798200, -12.50000000000003700, 11.98924689213048100 ) ) ;
#587 = ADVANCED_FACE ( 'NONE', ( #930 ), #3321, .T. ) ;
#588 = TOROIDAL_SURFACE ( 'NONE', #789, 1.500000000000000000, 0.5000000000000000000 ) ;
#589 = DIRECTION ( 'NONE',  ( 1.272857920698121500E-016, 1.000000000000000000, 0.0000000000000000000 ) ) ;
#590 = EDGE_CURVE ( 'NONE', #4089, #1461, #2721, .T. ) ;
#591 = AXIS2_PLACEMENT_3D ( 'NONE', #2876, #2929, #3634 ) ;
#592 = CARTESIAN_POINT ( 'NONE',  ( 67.47199919330148500, 12.50000000000001400, 7.019568386688147800 ) ) ;
#593 = CARTESIAN_POINT ( 'NONE',  ( 60.00000000000000000, 1.469576158976823700E-014, 4.500000000000000900 ) ) ;
#594 = EDGE_LOOP ( 'NONE', ( #4039, #4175, #2934, #431 ) ) ;
#595 = DIRECTION ( 'NONE',  ( 1.000000000000000000, 0.0000000000000000000, 0.0000000000000000000 ) ) ;
#596 = CARTESIAN_POINT ( 'NONE',  ( 68.70798039291818800, -9.631770379426036800, 16.94872539182344800 ) ) ;
#597 = EDGE_CURVE ( 'NONE', #4374, #2020, #4502, .T. ) ;
#598 = CARTESIAN_POINT ( 'NONE',  ( 43.24333320081039700, -12.09315191370769100, 34.78349283233095700 ) ) ;
#599 = ORIENTED_EDGE ( 'NONE', *, *, #2021, .T. ) ;
#600 = DIRECTION ( 'NONE',  ( 0.0000000000000000000, 0.9998405993454446700, -0.01785429641688526500 ) ) ;
#601 = CARTESIAN_POINT ( 'NONE',  ( -50.22698588734488800, -10.75451560611764600, 27.35629442267315500 ) ) ;
#602 = CARTESIAN_POINT ( 'NONE',  ( -67.24031739525442200, -12.33464040124212200, 21.26013753034336400 ) ) ;
#603 = CARTESIAN_POINT ( 'NONE',  ( -67.99849146661254900, 11.92933827472474400, 6.226860215180940900 ) ) ;
#604 = FACE_OUTER_BOUND ( 'NONE', #4581, .T. ) ;
#605 = VERTEX_POINT ( 'NONE', #4255 ) ;
#606 = ORIENTED_EDGE ( 'NONE', *, *, #2851, .T. ) ;
#607 = CARTESIAN_POINT ( 'NONE',  ( 68.22565626216594100, 9.500000000000008900, 12.50000000000000000 ) ) ;
#608 = CARTESIAN_POINT ( 'NONE',  ( -100.0000000000000000, 12.01753831613542900, 39.01785429641687800 ) ) ;
#609 = ORIENTED_EDGE ( 'NONE', *, *, #3452, .T. ) ;
#610 = DIRECTION ( 'NONE',  ( 0.0000000000000000000, 0.0000000000000000000, 1.000000000000000000 ) ) ;
#611 = ADVANCED_FACE ( 'NONE', ( #3598 ), #1217, .T. ) ;
#612 = CARTESIAN_POINT ( 'NONE',  ( -68.56444679531951200, -9.999999999999987600, 12.50000000000000000 ) ) ;
#613 = CARTESIAN_POINT ( 'NONE',  ( 49.19580147249318000, 10.69641587470422200, 29.92321539047808800 ) ) ;
#614 = CARTESIAN_POINT ( 'NONE',  ( -33.45244499796046300, 0.0000000000000000000, 40.00000000000000000 ) ) ;
#615 = CARTESIAN_POINT ( 'NONE',  ( -44.32995309567186100, -10.60345497610624400, 34.02652452497615300 ) ) ;
#616 = CARTESIAN_POINT ( 'NONE',  ( -50.86497159497312700, -12.16205946041156800, 30.92467021695207300 ) ) ;
#617 = EDGE_LOOP ( 'NONE', ( #3744, #1662, #556, #1004 ) ) ;
#618 = CARTESIAN_POINT ( 'NONE',  ( -41.62378922207466300, 10.58988809039670700, 34.62497709178454400 ) ) ;
#619 = CARTESIAN_POINT ( 'NONE',  ( 53.50000000000000000, 8.500000000000005300, 12.00000000000000000 ) ) ;
#620 = ORIENTED_EDGE ( 'NONE', *, *, #3841, .T. ) ;
#621 = CARTESIAN_POINT ( 'NONE',  ( 67.34236737788168600, 12.50000000000001600, 10.02575703266727600 ) ) ;
#622 = DIRECTION ( 'NONE',  ( -1.000000000000000000, 0.0000000000000000000, 0.0000000000000000000 ) ) ;
#623 = DIRECTION ( 'NONE',  ( 0.0000000000000000000, -0.9998405993454446700, 0.01785429641688526500 ) ) ;
#624 = EDGE_CURVE ( 'NONE', #781, #322, #983, .T. ) ;
#625 = B_SPLINE_CURVE_WITH_KNOTS ( 'NONE', 3,
 ( #3447, #1277, #1607, #2376, #884, #118, #1620, #3506, #1220, #4547, #1253, #3836, #109, #2334, #2759, #2363, #2009, #514, #4565, #160, #3088, #146 ),
 .UNSPECIFIED., .F., .F.,
 ( 4, 2, 2, 2, 2, 2, 2, 2, 2, 2, 4 ),
 ( 0.0000000000000000000, 2.386895285938636400E-005, 4.773790571877272800E-005, 9.547581143754545500E-005, 0.0001909516228750909100, 0.0003819032457501766700, 0.0007638064915003533400, 0.001527612983000706900, 0.003055225966001408600, 0.006110451932002818100, 0.01222090386400564000 ),
 .UNSPECIFIED. ) ;
#626 = ORIENTED_EDGE ( 'NONE', *, *, #1604, .T. ) ;
#627 = CARTESIAN_POINT ( 'NONE',  ( -33.45244499796046300, 0.0000000000000000000, 11.00000000000000000 ) ) ;
#628 = CARTESIAN_POINT ( 'NONE',  ( 41.00000000000000700, 10.58988809039670200, 34.62497709178453000 ) ) ;
#629 = CARTESIAN_POINT ( 'NONE',  ( -68.87982333784066200, -9.030594459718530600, 12.36463372884673700 ) ) ;
#630 = ORIENTED_EDGE ( 'NONE', *, *, #3782, .T. ) ;
#631 = AXIS2_PLACEMENT_3D ( 'NONE', #1344, #3932, #2106 ) ;
#632 = CARTESIAN_POINT ( 'NONE',  ( 53.26347723068668900, 9.000000000000007100, 37.41645769046097300 ) ) ;
#633 = ADVANCED_FACE ( 'NONE', ( #116 ), #1046, .F. ) ;
#634 = CIRCLE ( 'NONE', #4453, 0.9999999999999985600 ) ;
#635 = CARTESIAN_POINT ( 'NONE',  ( 67.05272237372940900, -12.60432488920503900, 6.157806204520658100 ) ) ;
#636 = FACE_OUTER_BOUND ( 'NONE', #1960, .T. ) ;
#637 = CARTESIAN_POINT ( 'NONE',  ( 68.22565626216592700, -8.999999999999991100, 17.03978929312450000 ) ) ;
#638 = DIRECTION ( 'NONE',  ( 1.000000000000000000, -0.0000000000000000000, -0.0000000000000000000 ) ) ;
#639 =( BOUNDED_SURFACE ( )  B_SPLINE_SURFACE ( 3, 2, ( 
 ( #1850, #2172, #4032 ),
 ( #4067, #2237, #4079 ),
 ( #15, #4370, #2605 ),
 ( #373, #2203, #1089 ) ),
 .UNSPECIFIED., .F., .F., .T. ) 
 B_SPLINE_SURFACE_WITH_KNOTS ( ( 4, 4 ),
 ( 3, 3 ),
 ( 0.5830744997336940700, 0.5856727570224433700 ),
 ( 0.0000000000000000000, 1.000000000000000000 ),
 .UNSPECIFIED. ) 
 GEOMETRIC_REPRESENTATION_ITEM ( )  RATIONAL_B_SPLINE_SURFACE ( (
 ( 1.000000000000000000, 0.8124293012924127500, 1.000000000000000000),
 ( 1.000000000000000000, 0.8134021169764020800, 1.000000000000000000),
 ( 1.000000000000000000, 0.8143707389086281000, 1.000000000000000000),
 ( 1.000000000000000000, 0.8153351497599491400, 1.000000000000000000) ) ) 
 REPRESENTATION_ITEM ( '' )  SURFACE ( )  );
#640 = CARTESIAN_POINT ( 'NONE',  ( 44.32995309567185400, 10.60345497610627400, 34.02652452497616100 ) ) ;
#641 = CARTESIAN_POINT ( 'NONE',  ( -53.50000000000000000, 9.000000000000007100, 37.20630521974640500 ) ) ;
#642 = FACE_OUTER_BOUND ( 'NONE', #3398, .T. ) ;
#643 = CARTESIAN_POINT ( 'NONE',  ( -52.07143500002025900, 12.49999999999999800, 9.546055744789431000 ) ) ;
#644 = FACE_BOUND ( 'NONE', #765, .T. ) ;
#645 = DIRECTION ( 'NONE',  ( 0.0000000000000000000, 1.000000000000000000, 0.0000000000000000000 ) ) ;
#646 = CARTESIAN_POINT ( 'NONE',  ( -67.63291676756553300, 12.50000000000000000, 0.0000000000000000000 ) ) ;
#647 = CARTESIAN_POINT ( 'NONE',  ( 51.62287355495050200, 7.704148958106909400, 38.75166787109692000 ) ) ;
#648 = ORIENTED_EDGE ( 'NONE', *, *, #900, .F. ) ;
#649 = CARTESIAN_POINT ( 'NONE',  ( -66.22963012891555900, -12.29696334255043600, 23.37005281725461700 ) ) ;
#650 = CARTESIAN_POINT ( 'NONE',  ( -41.00000000000000700, -4.336808689942017700E-015, 73.26250000000008800 ) ) ;
#651 = VERTEX_POINT ( 'NONE', #4065 ) ;
#652 = EDGE_CURVE ( 'NONE', #1867, #1168, #3320, .T. ) ;
#653 = CARTESIAN_POINT ( 'NONE',  ( -53.50000000000000700, -8.999999999999992900, 37.20630521974641200 ) ) ;
#654 = CARTESIAN_POINT ( 'NONE',  ( -68.03215726986162800, 9.000000000000008900, 19.15237923442065000 ) ) ;
#655 = ADVANCED_FACE ( 'NONE', ( #4612 ), #3649, .F. ) ;
#656 = PERSON_AND_ORGANIZATION_ROLE ( 'design_owner' ) ;
#657 = B_SPLINE_CURVE_WITH_KNOTS ( 'NONE', 3,
 ( #1985, #865, #3456, #1230 ),
 .UNSPECIFIED., .F., .F.,
 ( 4, 4 ),
 ( 0.0002883189544653452700, 0.0004365470063434473800 ),
 .UNSPECIFIED. ) ;
#658 = ORIENTED_EDGE ( 'NONE', *, *, #2671, .T. ) ;
#659 = CARTESIAN_POINT ( 'NONE',  ( 50.61988474604488200, 11.27693392223158500, 0.0000000000000000000 ) ) ;
#660 = SHAPE_DEFINITION_REPRESENTATION ( #3053, #932 ) ;
#661 = VERTEX_POINT ( 'NONE', #531 ) ;
#662 = DIRECTION ( 'NONE',  ( 0.0000000000000000000, 0.0000000000000000000, -1.000000000000000000 ) ) ;
#663 = EDGE_CURVE ( 'NONE', #4260, #1825, #1352, .T. ) ;
#664 = CARTESIAN_POINT ( 'NONE',  ( 52.47702185195779400, -12.50000000000002700, 12.00000000000000700 ) ) ;
#665 = CARTESIAN_POINT ( 'NONE',  ( -68.52406277440447000, 10.28131329987186100, 12.50000000000000000 ) ) ;
#666 = VERTEX_POINT ( 'NONE', #2061 ) ;
#667 = CARTESIAN_POINT ( 'NONE',  ( 41.00000000000000700, 10.06121973018969300, 36.55383938985457300 ) ) ;
#668 = ORIENTED_EDGE ( 'NONE', *, *, #1447, .T. ) ;
#669 = CARTESIAN_POINT ( 'NONE',  ( -50.89309027737276400, 12.26378347384739700, 25.22812546454536800 ) ) ;
#670 = AXIS2_PLACEMENT_3D ( 'NONE', #4362, #4055, #1037 ) ;
#671 = EDGE_LOOP ( 'NONE', ( #3891, #1998, #4376, #363, #4707, #3406 ) ) ;
#672 = DIRECTION ( 'NONE',  ( 0.0000000000000000000, 0.0000000000000000000, -1.000000000000000000 ) ) ;
#673 = AXIS2_PLACEMENT_3D ( 'NONE', #3980, #1761, #3627 ) ;
#674 = CARTESIAN_POINT ( 'NONE',  ( -51.77925226452293800, -8.034129399038015200, 38.95442803814436400 ) ) ;
#675 = CARTESIAN_POINT ( 'NONE',  ( 58.74706313107124300, -12.14043853711487000, 32.13544192156687300 ) ) ;
#676 = CARTESIAN_POINT ( 'NONE',  ( -50.23031275401339700, 10.75484184233259900, 27.34187536507983300 ) ) ;
#677 = CARTESIAN_POINT ( 'NONE',  ( -68.27837268959071100, 9.236732891484505700, 18.48375871046779700 ) ) ;
#678 = ORIENTED_EDGE ( 'NONE', *, *, #3421, .F. ) ;
#679 = CARTESIAN_POINT ( 'NONE',  ( 68.51893752219591200, -10.32471630450063100, 17.52114242360060800 ) ) ;
#680 = CARTESIAN_POINT ( 'NONE',  ( -68.52406277917654600, -10.28131328359335900, 12.30059860791630500 ) ) ;
#681 = CARTESIAN_POINT ( 'NONE',  ( 52.39568342359422800, -12.50000000000002100, 11.90936040475380000 ) ) ;
#682 = EDGE_LOOP ( 'NONE', ( #3143, #2717, #152 ) ) ;
#683 = CARTESIAN_POINT ( 'NONE',  ( -50.23012300804800400, 11.01769771678998600, 39.87151429841591700 ) ) ;
#684 = CARTESIAN_POINT ( 'NONE',  ( -51.85388631762300800, -8.620057492783427500, 38.90692577809597500 ) ) ;
#685 = DIRECTION ( 'NONE',  ( 0.0000000000000000000, -0.6691803608836515100, -0.7431000232859812400 ) ) ;
#686 = CARTESIAN_POINT ( 'NONE',  ( 53.19447843457170000, 9.449188878402617700, 38.03069759358721300 ) ) ;
#687 = ADVANCED_FACE ( 'NONE', ( #3545 ), #2396, .T. ) ;
#688 = VERTEX_POINT ( 'NONE', #3544 ) ;
#689 = EDGE_CURVE ( 'NONE', #2805, #2250, #3465, .T. ) ;
#690 = CARTESIAN_POINT ( 'NONE',  ( -45.36971339767990900, 12.07608824201318500, 35.73905844726262200 ) ) ;
#691 = CARTESIAN_POINT ( 'NONE',  ( -50.48410110073059100, 10.80328860203453400, 25.20000000000007400 ) ) ;
#692 = DIRECTION ( 'NONE',  ( -1.000000000000000000, -0.0000000000000000000, -0.0000000000000000000 ) ) ;
#693 = ORIENTED_EDGE ( 'NONE', *, *, #525, .T. ) ;
#694 = DIRECTION ( 'NONE',  ( 1.000000000000000000, 1.510601470329889700E-018, 8.459368233846639500E-017 ) ) ;
#695 = EDGE_CURVE ( 'NONE', #1207, #4029, #1728, .T. ) ;
#696 = DIRECTION ( 'NONE',  ( 1.000000000000000000, 0.0000000000000000000, 0.0000000000000000000 ) ) ;
#697 = DIRECTION ( 'NONE',  ( -1.000000000000000000, 0.0000000000000000000, 0.0000000000000000000 ) ) ;
#698 = CARTESIAN_POINT ( 'NONE',  ( -52.21867096813303300, 12.50000000000000500, 11.04782029946163400 ) ) ;
#699 = CARTESIAN_POINT ( 'NONE',  ( 52.21864724723130300, -12.50000000000002300, 11.04764636144343900 ) ) ;
#700 = CIRCLE ( 'NONE', #3061, 39.99999999999998600 ) ;
#701 = CARTESIAN_POINT ( 'NONE',  ( 51.97072338599296200, 8.296045992621291300, 38.48322598504658700 ) ) ;
#702 = CARTESIAN_POINT ( 'NONE',  ( -50.04192113133805700, 12.14020109739754500, 32.14873854573850300 ) ) ;
#703 = CYLINDRICAL_SURFACE ( 'NONE', #4350, 1.000000000000000900 ) ;
#704 = CARTESIAN_POINT ( 'NONE',  ( -33.45244499796046300, 11.01769771678998600, 40.00000000000000000 ) ) ;
#705 = CIRCLE ( 'NONE', #1869, 0.5000000000000004400 ) ;
#706 = CARTESIAN_POINT ( 'NONE',  ( -52.38343605419906600, -8.679560669084727600, 38.15545249582263700 ) ) ;
#707 = CARTESIAN_POINT ( 'NONE',  ( 52.44737958266569000, 12.50000000000001800, 11.98918729992364400 ) ) ;
#708 = ADVANCED_FACE ( 'NONE', ( #2724 ), #4505, .T. ) ;
#709 = CYLINDRICAL_SURFACE ( 'NONE', #3941, 4.250000000000003600 ) ;
#710 = VECTOR ( 'NONE', #2174, 1000.000000000000000 ) ;
#711 = CARTESIAN_POINT ( 'NONE',  ( -68.52406277440448400, 10.28131329987186500, 17.49140620790021200 ) ) ;
#712 = VECTOR ( 'NONE', #1429, 1000.000000000000000 ) ;
#713 = DIRECTION ( 'NONE',  ( -1.272857920698121200E-016, -1.000000000000000000, -0.0000000000000000000 ) ) ;
#714 = CARTESIAN_POINT ( 'NONE',  ( -52.34406206750420400, -9.058336878820632900, 38.59498816350640700 ) ) ;
#715 = CARTESIAN_POINT ( 'NONE',  ( -68.53653507964924100, -9.734981041055320400, 17.61485877184158300 ) ) ;
#716 = ORIENTED_EDGE ( 'NONE', *, *, #782, .F. ) ;
#717 = CARTESIAN_POINT ( 'NONE',  ( 68.70798039291818800, -9.631770379426036800, 12.50000000000000000 ) ) ;
#718 = LINE ( 'NONE', #485, #888 ) ;
#719 = EDGE_CURVE ( 'NONE', #2349, #897, #1862, .T. ) ;
#720 = FACE_OUTER_BOUND ( 'NONE', #2451, .T. ) ;
#721 = ORIENTED_EDGE ( 'NONE', *, *, #435, .F. ) ;
#722 = CARTESIAN_POINT ( 'NONE',  ( -68.45193051660135100, 9.718543732733778000, 17.98763968604727700 ) ) ;
#723 = ORIENTED_EDGE ( 'NONE', *, *, #4095, .T. ) ;
#724 = CARTESIAN_POINT ( 'NONE',  ( 68.18259539854724900, -8.999999999999991100, 17.21544018115931300 ) ) ;
#725 = DIRECTION ( 'NONE',  ( 0.0000000000000000000, 0.0000000000000000000, 1.000000000000000000 ) ) ;
#726 = ORIENTED_EDGE ( 'NONE', *, *, #4035, .F. ) ;
#727 = AXIS2_PLACEMENT_3D ( 'NONE', #3945, #3710, #4080 ) ;
#728 = CARTESIAN_POINT ( 'NONE',  ( -68.88369027452262100, -8.979665868392885400, 12.19312032397595000 ) ) ;
#729 = CARTESIAN_POINT ( 'NONE',  ( 52.33866058508633000, -12.50000000000002300, 11.72904957972648200 ) ) ;
#730 = CARTESIAN_POINT ( 'NONE',  ( -51.53808103182807100, -12.18570417568560600, 29.60056616160608900 ) ) ;
#731 = CARTESIAN_POINT ( 'NONE',  ( -52.15390109843949800, -8.491994986593629900, 38.71784491276474700 ) ) ;
#732 = CARTESIAN_POINT ( 'NONE',  ( 51.50000000000000000, 9.000000000000007100, 38.84457641169643000 ) ) ;
#733 = CARTESIAN_POINT ( 'NONE',  ( -68.55416431069639300, -9.856964201131518200, 17.58861678794626500 ) ) ;
#734 = ADVANCED_FACE ( 'NONE', ( #813 ), #3162, .T. ) ;
#735 = DIRECTION ( 'NONE',  ( 0.0000000000000000000, 0.0000000000000000000, 1.000000000000000000 ) ) ;
#736 =( BOUNDED_SURFACE ( )  B_SPLINE_SURFACE ( 3, 2, ( 
 ( #2875, #4040, #724 ),
 ( #3248, #3619, #1393 ),
 ( #3985, #1769, #4111 ),
 ( #1887, #757, #2226 ) ),
 .UNSPECIFIED., .F., .F., .T. ) 
 B_SPLINE_SURFACE_WITH_KNOTS ( ( 4, 4 ),
 ( 3, 3 ),
 ( 0.002037703025609577900, 0.002307717662289660500 ),
 ( 0.0000000000000000000, 1.000000000000000000 ),
 .UNSPECIFIED. ) 
 GEOMETRIC_REPRESENTATION_ITEM ( )  RATIONAL_B_SPLINE_SURFACE ( (
 ( 1.000000000000000000, 0.7071067811865450200, 1.000000000000000000),
 ( 1.000000000000000000, 0.6753106841453188100, 1.000000000000000000),
 ( 1.000000000000000000, 0.6420845603539281400, 1.000000000000000000),
 ( 1.000000000000000000, 0.6068192651638129000, 1.000000000000000000) ) ) 
 REPRESENTATION_ITEM ( '' )  SURFACE ( )  );
#737 = CARTESIAN_POINT ( 'NONE',  ( 68.84391606598347800, -9.120484681592891700, 11.62195124969683100 ) ) ;
#738 = AXIS2_PLACEMENT_3D ( 'NONE', #3148, #3117, #1669 ) ;
#739 = ORIENTED_EDGE ( 'NONE', *, *, #333, .T. ) ;
#740 = DIRECTION ( 'NONE',  ( -0.0000000000000000000, -0.0000000000000000000, -1.000000000000000000 ) ) ;
#741 = CARTESIAN_POINT ( 'NONE',  ( -68.01708412781897600, 9.102474456454194400, 18.36207359664059200 ) ) ;
#742 = CARTESIAN_POINT ( 'NONE',  ( 51.50000000000000000, 7.000000000000005300, 38.84457641169643700 ) ) ;
#743 = APPROVAL ( #1036, 'UNSPECIFIED' ) ;
#744 = CARTESIAN_POINT ( 'NONE',  ( -68.92035862461425200, 8.818020352834041700, 12.03147828448448600 ) ) ;
#745 = CARTESIAN_POINT ( 'NONE',  ( 43.22824042826641700, 12.09309172708559500, 34.78686328319857800 ) ) ;
#746 = VERTEX_POINT ( 'NONE', #1117 ) ;
#747 = DIRECTION ( 'NONE',  ( -1.000000000000000000, 0.0000000000000000000, 6.123233995736766000E-017 ) ) ;
#748 = CARTESIAN_POINT ( 'NONE',  ( 41.00000000000000700, -10.58988809039667200, 34.62497709178453000 ) ) ;
#749 = EDGE_CURVE ( 'NONE', #688, #1315, #351, .T. ) ;
#750 = CARTESIAN_POINT ( 'NONE',  ( -52.01660159854765200, 12.21119565705787500, 28.17304320476003100 ) ) ;
#751 = VERTEX_POINT ( 'NONE', #3994 ) ;
#752 = CARTESIAN_POINT ( 'NONE',  ( -52.87544079391218300, -8.915798174860350800, 38.24541566681568100 ) ) ;
#753 = PLANE ( 'NONE',  #2229 ) ;
#754 = FACE_OUTER_BOUND ( 'NONE', #594, .T. ) ;
#755 = CARTESIAN_POINT ( 'NONE',  ( 47.92537975925980500, 12.10258745186267300, 34.25510269569143400 ) ) ;
#756 = EDGE_CURVE ( 'NONE', #1756, #3794, #4553, .T. ) ;
#757 = CARTESIAN_POINT ( 'NONE',  ( 68.88057930991051600, -8.999999999999991100, 16.94872539182344400 ) ) ;
#758 = CARTESIAN_POINT ( 'NONE',  ( 52.35402094866521600, -12.50000000000002000, 11.79021344773739000 ) ) ;
#759 = CARTESIAN_POINT ( 'NONE',  ( -52.01081789804673200, -12.21082007343037800, 28.19407588789898600 ) ) ;
#760 = CARTESIAN_POINT ( 'NONE',  ( 45.72916596119289100, 10.61800051519678300, 33.38480400654016500 ) ) ;
#761 = CARTESIAN_POINT ( 'NONE',  ( -68.55006707285502900, -9.798318920880069200, 17.69803246935165900 ) ) ;
#762 = CYLINDRICAL_SURFACE ( 'NONE', #3408, 0.5000000000000004400 ) ;
#763 = CARTESIAN_POINT ( 'NONE',  ( 51.83192108138585800, -8.111789625552589200, 38.59132908136451300 ) ) ;
#764 = CARTESIAN_POINT ( 'NONE',  ( 68.88057930991053000, 9.000000000000008900, 12.50000000000000200 ) ) ;
#765 = EDGE_LOOP ( 'NONE', ( #918, #739 ) ) ;
#766 = CARTESIAN_POINT ( 'NONE',  ( 41.00000000000000700, 12.06090092888058300, 36.58954798268833700 ) ) ;
#767 = ORIENTED_EDGE ( 'NONE', *, *, #3925, .T. ) ;
#768 = CARTESIAN_POINT ( 'NONE',  ( 67.12921572777867100, 12.37981335125859600, 18.73045232951956500 ) ) ;
#769 = CARTESIAN_POINT ( 'NONE',  ( -52.41001181021050600, -12.26364806084226100, 25.23570859283376000 ) ) ;
#770 = CARTESIAN_POINT ( 'NONE',  ( 43.44038300769963000, 10.59700977755065300, 34.31084290967967100 ) ) ;
#771 = ORIENTED_EDGE ( 'NONE', *, *, #4299, .T. ) ;
#772 = EDGE_CURVE ( 'NONE', #1697, #1397, #2614, .T. ) ;
#773 = FACE_OUTER_BOUND ( 'NONE', #2127, .T. ) ;
#774 = VERTEX_POINT ( 'NONE', #421 ) ;
#775 = DIRECTION ( 'NONE',  ( 0.0000000000000000000, 0.0000000000000000000, 1.000000000000000000 ) ) ;
#776 = ORIENTED_EDGE ( 'NONE', *, *, #3047, .F. ) ;
#777 = CARTESIAN_POINT ( 'NONE',  ( 51.85342348172277100, -8.619332488710620400, 38.90721155017491400 ) ) ;
#778 = CARTESIAN_POINT ( 'NONE',  ( -41.00000000000000700, 10.06121973018969500, 36.55383938985457300 ) ) ;
#779 = VERTEX_POINT ( 'NONE', #2608 ) ;
#780 = CARTESIAN_POINT ( 'NONE',  ( 68.70798039943834100, 9.631770355560068000, 12.36711876312596400 ) ) ;
#781 = VERTEX_POINT ( 'NONE', #1526 ) ;
#782 = EDGE_CURVE ( 'NONE', #37, #457, #2960, .T. ) ;
#783 = CARTESIAN_POINT ( 'NONE',  ( -68.58681309482786000, 10.06574050315915500, 17.58835256644923800 ) ) ;
#784 = ORIENTED_EDGE ( 'NONE', *, *, #2757, .T. ) ;
#785 = DIRECTION ( 'NONE',  ( -1.000000000000000000, 0.0000000000000000000, 0.0000000000000000000 ) ) ;
#786 = ORIENTED_EDGE ( 'NONE', *, *, #377, .T. ) ;
#787 = CARTESIAN_POINT ( 'NONE',  ( -52.40625672222763100, -12.25023869195086200, 25.98663325075195400 ) ) ;
#788 = CARTESIAN_POINT ( 'NONE',  ( 52.01081789792677100, 12.21082007343127400, 28.19407588784964200 ) ) ;
#789 = AXIS2_PLACEMENT_3D ( 'NONE', #2806, #4628, #2487 ) ;
#790 =( BOUNDED_SURFACE ( )  B_SPLINE_SURFACE ( 3, 2, ( 
 ( #1108, #2347, #3805 ),
 ( #105, #3036, #1956 ),
 ( #1202, #1973, #71 ),
 ( #2665, #811, #464 ),
 ( #1233, #3773, #850 ),
 ( #3056, #1939, #4200 ),
 ( #2006, #3428, #4543 ),
 ( #1589, #1249, #3098 ),
 ( #447, #2289, #2701 ),
 ( #1602, #4498, #3410 ) ),
 .UNSPECIFIED., .F., .F., .T. ) 
 B_SPLINE_SURFACE_WITH_KNOTS ( ( 4, 2, 2, 2, 4 ),
 ( 3, 3 ),
 ( 5.071374394472803400, 5.246198533447849100, 5.421022672422894900, 5.595846811397940700, 5.770670950372986500 ),
 ( 0.0000000000000000000, 1.000000000000000000 ),
 .UNSPECIFIED. ) 
 GEOMETRIC_REPRESENTATION_ITEM ( )  RATIONAL_B_SPLINE_SURFACE ( (
 ( 1.000000000000000000, 0.7093210316351634700, 1.000000000000000000),
 ( 1.000000000000000000, 0.7096643770002378800, 1.000000000000000000),
 ( 1.000000000000000000, 0.7099961478450479400, 1.000000000000000000),
 ( 1.000000000000000000, 0.7106266465226293000, 1.000000000000000000),
 ( 1.000000000000000000, 0.7109253513346836000, 1.000000000000000000),
 ( 1.000000000000000000, 0.7114807247709868900, 1.000000000000000000),
 ( 1.000000000000000000, 0.7117373854918021000, 1.000000000000000000),
 ( 1.000000000000000000, 0.7122009937560664900, 1.000000000000000000),
 ( 1.000000000000000000, 0.7124079598128848500, 1.000000000000000000),
 ( 1.000000000000000000, 0.7125869331581469200, 1.000000000000000000) ) ) 
 REPRESENTATION_ITEM ( '' )  SURFACE ( )  );
#791 = CARTESIAN_POINT ( 'NONE',  ( 52.04940506911196300, -8.390073099919421300, 38.78438195498055300 ) ) ;
#792 = ORIENTED_EDGE ( 'NONE', *, *, #1247, .T. ) ;
#793 = DIRECTION ( 'NONE',  ( 0.0000000000000000000, 0.0000000000000000000, 1.000000000000000000 ) ) ;
#794 = CARTESIAN_POINT ( 'NONE',  ( 68.22565626216594100, 9.000000000000007100, 12.50000000000000200 ) ) ;
#795 = ORIENTED_EDGE ( 'NONE', *, *, #597, .F. ) ;
#796 = CARTESIAN_POINT ( 'NONE',  ( 68.06546948217065600, -11.37997275191315100, 19.06392253749558900 ) ) ;
#797 = CARTESIAN_POINT ( 'NONE',  ( 55.74999999999999300, 1.469576158976823700E-014, 0.0000000000000000000 ) ) ;
#798 = ORIENTED_EDGE ( 'NONE', *, *, #1604, .F. ) ;
#799 = DIRECTION ( 'NONE',  ( 0.0000000000000000000, 0.0000000000000000000, -1.000000000000000000 ) ) ;
#800 = CARTESIAN_POINT ( 'NONE',  ( 67.47198043671393500, -12.50000000000001600, 7.020147433639485800 ) ) ;
#801 = CARTESIAN_POINT ( 'NONE',  ( 48.11844522159096700, 10.66211190534777000, 31.43796298640532400 ) ) ;
#802 = EDGE_LOOP ( 'NONE', ( #2801, #3887, #4034, #1568 ) ) ;
#803 = CARTESIAN_POINT ( 'NONE',  ( 50.91545571629045200, -11.88987419673131500, -0.0000000000000000000 ) ) ;
#804 = EDGE_CURVE ( 'NONE', #661, #779, #4390, .T. ) ;
#805 = DIRECTION ( 'NONE',  ( -0.0000000000000000000, 0.0000000000000000000, 1.000000000000000000 ) ) ;
#806 = AXIS2_PLACEMENT_3D ( 'NONE', #1874, #1473, #785 ) ;
#807 = CARTESIAN_POINT ( 'NONE',  ( 68.74370954304575300, 9.500175518664733000, 11.98984982834586400 ) ) ;
#808 = CARTESIAN_POINT ( 'NONE',  ( -68.05963329669508300, -12.37358079394555700, 19.07947553904972800 ) ) ;
#809 = VECTOR ( 'NONE', #4538, 1000.000000000000000 ) ;
#810 = FACE_OUTER_BOUND ( 'NONE', #3910, .T. ) ;
#811 = CARTESIAN_POINT ( 'NONE',  ( 63.85655783035512900, 12.22532851714961100, 27.38160303969363300 ) ) ;
#812 = CARTESIAN_POINT ( 'NONE',  ( -41.75101326025429700, -12.06090092889828100, 36.58954798169560300 ) ) ;
#813 = FACE_OUTER_BOUND ( 'NONE', #1707, .T. ) ;
#814 = CARTESIAN_POINT ( 'NONE',  ( -68.52406277440448400, -10.28131329987183000, 17.49140620790017300 ) ) ;
#815 = CARTESIAN_POINT ( 'NONE',  ( 50.86497159497054800, 12.16205946041158900, 30.92467021695207300 ) ) ;
#816 = CARTESIAN_POINT ( 'NONE',  ( -67.87170408989371100, 8.628985420265580700, 12.01258713132371100 ) ) ;
#817 = CIRCLE ( 'NONE', #203, 0.9999999999999986700 ) ;
#818 = CARTESIAN_POINT ( 'NONE',  ( 51.18894618623437500, -12.19588708593403200, -0.0000000000000000000 ) ) ;
#819 = AXIS2_PLACEMENT_3D ( 'NONE', #901, #1638, #4215 ) ;
#820 = ORIENTED_EDGE ( 'NONE', *, *, #2128, .T. ) ;
#821 = DIRECTION ( 'NONE',  ( -1.272857920698121200E-016, 1.000000000000000000, 0.0000000000000000000 ) ) ;
#822 = DIRECTION ( 'NONE',  ( -0.0000000000000000000, -0.0000000000000000000, -1.000000000000000000 ) ) ;
#823 = ORIENTED_EDGE ( 'NONE', *, *, #3017, .T. ) ;
#824 = LOCAL_TIME ( 12, 6, 58.00000000000000000, #1809 ) ;
#825 = ORIENTED_EDGE ( 'NONE', *, *, #2732, .T. ) ;
#826 = CARTESIAN_POINT ( 'NONE',  ( 68.26076125131145000, -8.935353276140821400, 12.24542901810098300 ) ) ;
#827 = AXIS2_PLACEMENT_3D ( 'NONE', #1950, #4509, #2313 ) ;
#828 = CARTESIAN_POINT ( 'NONE',  ( 67.59999999999999400, 1.469576158976823700E-014, 4.500000000000000900 ) ) ;
#829 = CARTESIAN_POINT ( 'NONE',  ( 44.04992404006739500, -10.60118933827040200, 34.12647110742661000 ) ) ;
#830 = CARTESIAN_POINT ( 'NONE',  ( -41.00000000000000700, -12.06090092888055300, 36.58954798268833700 ) ) ;
#831 = LINE ( 'NONE', #4137, #2222 ) ;
#832 = ORIENTED_EDGE ( 'NONE', *, *, #846, .T. ) ;
#833 = EDGE_LOOP ( 'NONE', ( #106, #2286, #4452, #2303 ) ) ;
#834 = CARTESIAN_POINT ( 'NONE',  ( 67.12892794174996400, 12.50000000000001400, 11.95481738839863600 ) ) ;
#835 = DIRECTION ( 'NONE',  ( -0.0000000000000000000, 0.0000000000000000000, -1.000000000000000000 ) ) ;
#836 = CARTESIAN_POINT ( 'NONE',  ( 49.57148573974237800, 12.12951918673295100, 32.74692554295571500 ) ) ;
#837 = CARTESIAN_POINT ( 'NONE',  ( -68.74307253739847600, 9.502781011522657200, 11.19320736023570700 ) ) ;
#838 = EDGE_CURVE ( 'NONE', #935, #1521, #1627, .T. ) ;
#839 = B_SPLINE_CURVE_WITH_KNOTS ( 'NONE', 3,
 ( #3785, #4447, #2268, #1563, #2239, #16, #2610, #2252, #2657, #390, #31, #2643, #2761, #2011, #1410, #1822, #1170, #586, #2320, #2472 ),
 .UNSPECIFIED., .F., .F.,
 ( 4, 2, 2, 2, 2, 2, 2, 2, 2, 4 ),
 ( 0.0000000000000000000, 0.006036705352479832500, 0.009055058028719748300, 0.01056423436683970700, 0.01131882253589968100, 0.01169611662042966700, 0.01188476366269465900, 0.01197908718382715300, 0.01202624894439340200, 0.01207341070495965100 ),
 .UNSPECIFIED. ) ;
#840 = LINE ( 'NONE', #1817, #3896 ) ;
#841 = EDGE_LOOP ( 'NONE', ( #3834, #2741, #4524, #1086, #3803, #4588, #1431, #1579, #4092, #913, #3806, #2753 ) ) ;
#842 = CARTESIAN_POINT ( 'NONE',  ( -68.93978954269489600, 8.739116304891085800, 11.00000000000000000 ) ) ;
#843 = CARTESIAN_POINT ( 'NONE',  ( 48.82183732559229800, -12.15698613798025800, 31.20877627308189200 ) ) ;
#844 = CARTESIAN_POINT ( 'NONE',  ( -47.95277923540211900, 12.10255077565850200, 34.25715656312493700 ) ) ;
#845 = VERTEX_POINT ( 'NONE', #4169 ) ;
#846 = EDGE_CURVE ( 'NONE', #3786, #2247, #2102, .T. ) ;
#847 = CARTESIAN_POINT ( 'NONE',  ( 68.70798039382295000, -9.631770376114296500, 12.36737995381764100 ) ) ;
#848 = DIRECTION ( 'NONE',  ( -1.000000000000000000, 0.0000000000000000000, 0.0000000000000000000 ) ) ;
#849 = VERTEX_POINT ( 'NONE', #2767 ) ;
#850 = CARTESIAN_POINT ( 'NONE',  ( 62.50239059962636600, 11.20222515163686200, 29.27301547650223800 ) ) ;
#851 = CARTESIAN_POINT ( 'NONE',  ( -50.48014892005134200, 10.78917541776415900, 25.82414051719118900 ) ) ;
#852 = CARTESIAN_POINT ( 'NONE',  ( -68.52406277440448400, -10.28131329987183100, 17.49140620790017000 ) ) ;
#853 = CARTESIAN_POINT ( 'NONE',  ( 48.82320680288095400, 12.15655765126694900, 31.23277152897542300 ) ) ;
#854 = ORIENTED_EDGE ( 'NONE', *, *, #3106, .F. ) ;
#855 = ADVANCED_FACE ( 'NONE', ( #4063 ), #3957, .T. ) ;
#856 = CARTESIAN_POINT ( 'NONE',  ( 51.50000000000000000, 9.000000000000007100, 12.00000000000000000 ) ) ;
#857 = CARTESIAN_POINT ( 'NONE',  ( 50.65859952078374600, -11.40891103588631100, 0.0000000000000000000 ) ) ;
#858 = DIRECTION ( 'NONE',  ( 0.0000000000000000000, 1.000000000000000000, 0.0000000000000000000 ) ) ;
#859 = CARTESIAN_POINT ( 'NONE',  ( -50.65859957773660200, -11.40891123003621600, -3.003323951187560100E-016 ) ) ;
#860 = ORIENTED_EDGE ( 'NONE', *, *, #3481, .F. ) ;
#861 = CARTESIAN_POINT ( 'NONE',  ( -44.67208645858131900, 12.07162737915525600, 35.98886676730665400 ) ) ;
#862 = AXIS2_PLACEMENT_3D ( 'NONE', #2053, #1686, #4663 ) ;
#863 = AXIS2_PLACEMENT_3D ( 'NONE', #3676, #1452, #2886 ) ;
#864 = ORIENTED_EDGE ( 'NONE', *, *, #2572, .F. ) ;
#865 = CARTESIAN_POINT ( 'NONE',  ( -68.56444679531948300, 9.952494780404398600, 17.56783821531821800 ) ) ;
#866 = CARTESIAN_POINT ( 'NONE',  ( 41.00000000000000700, -10.58988809039667500, 34.62497709178452300 ) ) ;
#867 = CIRCLE ( 'NONE', #4719, 1.000000000000000200 ) ;
#868 = CARTESIAN_POINT ( 'NONE',  ( -68.52406277440448400, 10.28131329987186100, 12.50000000000000200 ) ) ;
#869 = FACE_OUTER_BOUND ( 'NONE', #4408, .T. ) ;
#870 = CARTESIAN_POINT ( 'NONE',  ( -68.57338425613878000, 10.02506825029818100, 17.61269653055318300 ) ) ;
#871 = EDGE_CURVE ( 'NONE', #2639, #2247, #874, .T. ) ;
#872 = DIRECTION ( 'NONE',  ( -1.272857920698121200E-016, -1.000000000000000000, -0.0000000000000000000 ) ) ;
#873 = CARTESIAN_POINT ( 'NONE',  ( -41.75103288128241300, 12.06090092889174900, 36.58954798206298200 ) ) ;
#874 = CIRCLE ( 'NONE', #3918, 1.000000000000000400 ) ;
#875 =( BOUNDED_SURFACE ( )  B_SPLINE_SURFACE ( 3, 2, ( 
 ( #3838, #1278, #2760 ),
 ( #501, #2037, #516 ),
 ( #3104, #885, #149 ),
 ( #914, #2394, #3477 ) ),
 .UNSPECIFIED., .F., .F., .T. ) 
 B_SPLINE_SURFACE_WITH_KNOTS ( ( 4, 4 ),
 ( 3, 3 ),
 ( 0.4268256008109337400, 0.4300417007265979800 ),
 ( 0.0000000000000000000, 1.000000000000000000 ),
 .UNSPECIFIED. ) 
 GEOMETRIC_REPRESENTATION_ITEM ( )  RATIONAL_B_SPLINE_SURFACE ( (
 ( 1.000000000000000000, 0.8004755514212847900, 1.000000000000000000),
 ( 1.000000000000000000, 0.7992395542141873500, 1.000000000000000000),
 ( 1.000000000000000000, 0.7979973509486690800, 1.000000000000000000),
 ( 1.000000000000000000, 0.7967489836273344800, 1.000000000000000000) ) ) 
 REPRESENTATION_ITEM ( '' )  SURFACE ( )  );
#876 = CIRCLE ( 'NONE', #3422, 1.000000000000000900 ) ;
#877 = CARTESIAN_POINT ( 'NONE',  ( 68.42083639584231500, -8.629169230258856500, 12.00000000000000000 ) ) ;
#878 = DIRECTION ( 'NONE',  ( 1.000000000000000000, 0.0000000000000000000, 0.0000000000000000000 ) ) ;
#879 = AXIS2_PLACEMENT_3D ( 'NONE', #3527, #747, #1500 ) ;
#880 = ORIENTED_EDGE ( 'NONE', *, *, #1964, .T. ) ;
#881 = CARTESIAN_POINT ( 'NONE',  ( 49.50578366833570200, -10.70868565308136100, 29.38130875787433300 ) ) ;
#882 = DIRECTION ( 'NONE',  ( -2.081668171172166600E-014, 0.0000000000000000000, -1.000000000000000000 ) ) ;
#883 = ORIENTED_EDGE ( 'NONE', *, *, #2443, .F. ) ;
#884 = CARTESIAN_POINT ( 'NONE',  ( -67.11792354853670900, -12.50000000000003400, 11.97566432499642600 ) ) ;
#885 = CARTESIAN_POINT ( 'NONE',  ( 50.94193590800074400, -12.41500549037598800, 16.75969253577375200 ) ) ;
#886 = CARTESIAN_POINT ( 'NONE',  ( 51.50000000000000700, -6.999999999999993800, 38.84457641169645100 ) ) ;
#887 = CARTESIAN_POINT ( 'NONE',  ( -51.63855923933271400, -12.50000000000003400, 0.0000000000000000000 ) ) ;
#888 = VECTOR ( 'NONE', #2789, 1000.000000000000000 ) ;
#889 = VERTEX_POINT ( 'NONE', #554 ) ;
#890 = CARTESIAN_POINT ( 'NONE',  ( -47.01012494709410600, 12.12451163225148300, 33.02734859393592600 ) ) ;
#891 = EDGE_LOOP ( 'NONE', ( #23, #3381, #1624, #27 ) ) ;
#892 = EDGE_CURVE ( 'NONE', #3350, #2354, #198, .T. ) ;
#893 = CARTESIAN_POINT ( 'NONE',  ( -68.61767122363212900, -9.957554743462106100, 11.56004258399871700 ) ) ;
#894 = ORIENTED_EDGE ( 'NONE', *, *, #597, .T. ) ;
#895 = CARTESIAN_POINT ( 'NONE',  ( -66.33074997409167400, 12.34181599358995200, 20.85830435896365400 ) ) ;
#896 = DIRECTION ( 'NONE',  ( -1.272857920698121200E-016, 1.000000000000000000, 0.0000000000000000000 ) ) ;
#897 = VERTEX_POINT ( 'NONE', #2305 ) ;
#898 = ADVANCED_FACE ( 'NONE', ( #2428 ), #4740, .T. ) ;
#899 = DIRECTION ( 'NONE',  ( -1.000000000000000000, -3.854941057726238100E-016, 0.0000000000000000000 ) ) ;
#900 = EDGE_CURVE ( 'NONE', #849, #3882, #1982, .T. ) ;
#901 = CARTESIAN_POINT ( 'NONE',  ( 49.73975291550920000, -11.01769771678995400, 38.99999999999993600 ) ) ;
#902 = CARTESIAN_POINT ( 'NONE',  ( 68.84394738845850300, 9.120349829512896600, 11.62201683022193100 ) ) ;
#903 = ORIENTED_EDGE ( 'NONE', *, *, #2407, .F. ) ;
#904 = CARTESIAN_POINT ( 'NONE',  ( 48.69558092800703300, -10.67899808815387700, 30.69239679204752800 ) ) ;
#905 = CARTESIAN_POINT ( 'NONE',  ( -41.00000000000000700, 12.06090092888058300, 36.58954798268833700 ) ) ;
#906 = EDGE_CURVE ( 'NONE', #3554, #605, #987, .T. ) ;
#907 = ORIENTED_EDGE ( 'NONE', *, *, #1239, .T. ) ;
#908 = DIRECTION ( 'NONE',  ( -0.5793590048989556400, 0.0000000000000000000, -0.8150724774168809400 ) ) ;
#909 = DIRECTION ( 'NONE',  ( 1.000000000000000000, 1.272857920698121500E-016, 0.0000000000000000000 ) ) ;
#910 = ORIENTED_EDGE ( 'NONE', *, *, #4594, .F. ) ;
#911 = AXIS2_PLACEMENT_3D ( 'NONE', #3797, #96, #79 ) ;
#912 = CARTESIAN_POINT ( 'NONE',  ( -68.63583790979178900, 9.892329194004474900, 11.49927814396457600 ) ) ;
#913 = ORIENTED_EDGE ( 'NONE', *, *, #590, .T. ) ;
#914 = CARTESIAN_POINT ( 'NONE',  ( 52.41001181021054100, -12.26364806084225700, 25.23570859283426100 ) ) ;
#915 = CARTESIAN_POINT ( 'NONE',  ( -51.63338317103242000, -7.732232288837460400, 38.74368160393650100 ) ) ;
#916 = CARTESIAN_POINT ( 'NONE',  ( -68.52406277440452700, 10.28131329987172500, 17.49140620790022600 ) ) ;
#917 = CARTESIAN_POINT ( 'NONE',  ( 43.45790349681372800, -10.59711677281696200, 34.30612317692666800 ) ) ;
#918 = ORIENTED_EDGE ( 'NONE', *, *, #1859, .T. ) ;
#919 = CARTESIAN_POINT ( 'NONE',  ( 52.41001181021050600, -10.26396686215137100, 25.19999999999998900 ) ) ;
#920 = CARTESIAN_POINT ( 'NONE',  ( -50.04380008011822400, -12.13971070305006700, 32.17620062919598200 ) ) ;
#921 = ADVANCED_FACE ( 'NONE', ( #642 ), #762, .F. ) ;
#922 = DIRECTION ( 'NONE',  ( 0.8150724774168809400, 0.0000000000000000000, -0.5793590048989556400 ) ) ;
#923 = LINE ( 'NONE', #4056, #3246 ) ;
#924 = CARTESIAN_POINT ( 'NONE',  ( -67.12921572777867100, -11.37997275191315100, 18.71259803310267600 ) ) ;
#925 = AXIS2_PLACEMENT_3D ( 'NONE', #2748, #858, #2338 ) ;
#926 = CARTESIAN_POINT ( 'NONE',  ( -51.25803393282922800, -6.999999999999991100, 39.27285026042955700 ) ) ;
#927 = CARTESIAN_POINT ( 'NONE',  ( 60.00000000000000000, 1.469576158976823700E-014, 0.0000000000000000000 ) ) ;
#928 = DIRECTION ( 'NONE',  ( 0.004999759234038675900, 0.01785407325827845600, 0.9998281024634634300 ) ) ;
#929 = B_SPLINE_CURVE_WITH_KNOTS ( 'NONE', 3,
 ( #3330, #1417, #337, #317 ),
 .UNSPECIFIED., .F., .F.,
 ( 4, 4 ),
 ( 9.813077866773594800E-018, 0.001924760867900437900 ),
 .UNSPECIFIED. ) ;
#930 = FACE_OUTER_BOUND ( 'NONE', #568, .T. ) ;
#931 = CARTESIAN_POINT ( 'NONE',  ( 43.15579842439864700, -10.59539800558952600, 34.38193944110825800 ) ) ;
#932 = ADVANCED_BREP_SHAPE_REPRESENTATION ( 'ALP4113', ( #1229, #3346 ), #2341 ) ;
#933 = CARTESIAN_POINT ( 'NONE',  ( -33.45244499796046300, 0.0000000000000000000, 11.00000000000000000 ) ) ;
#934 = CARTESIAN_POINT ( 'NONE',  ( -49.98451908734904900, -12.19112980175488100, 29.29673110170267600 ) ) ;
#935 = VERTEX_POINT ( 'NONE', #443 ) ;
#936 = VERTEX_POINT ( 'NONE', #3423 ) ;
#937 = DATE_AND_TIME ( #4013, #3779 ) ;
#938 = VERTEX_POINT ( 'NONE', #4619 ) ;
#939 = DIRECTION ( 'NONE',  ( 1.000000000000000000, 0.0000000000000000000, 0.0000000000000000000 ) ) ;
#940 = CARTESIAN_POINT ( 'NONE',  ( 68.22565626216592700, -8.999999999999991100, 16.94872539182344800 ) ) ;
#941 = ADVANCED_FACE ( 'NONE', ( #3022 ), #168, .T. ) ;
#942 = CARTESIAN_POINT ( 'NONE',  ( -52.28740396533432000, 8.595742564663185100, 38.23201469803493800 ) ) ;
#943 = CARTESIAN_POINT ( 'NONE',  ( -33.45244499796046300, 0.0000000000000000000, 40.00000000000000000 ) ) ;
#944 = ORIENTED_EDGE ( 'NONE', *, *, #996, .T. ) ;
#945 = CARTESIAN_POINT ( 'NONE',  ( 51.50000000000000000, 7.000000000000005300, 38.84457641169643700 ) ) ;
#946 = ORIENTED_EDGE ( 'NONE', *, *, #4479, .F. ) ;
#947 = CARTESIAN_POINT ( 'NONE',  ( 45.06542105467221400, -12.10415161894975400, 34.16750933878137900 ) ) ;
#948 = CARTESIAN_POINT ( 'NONE',  ( 68.51893754177186200, 10.32471623293407400, 17.52114236440079200 ) ) ;
#949 = CARTESIAN_POINT ( 'NONE',  ( -51.27900215368663300, 7.367680399160204500, 39.26023911209854600 ) ) ;
#950 = B_SPLINE_CURVE_WITH_KNOTS ( 'NONE', 3,
 ( #1320, #3564, #980, #584, #3529, #550, #1303, #3173, #3511, #165, #2399, #3135, #1645, #949, #569, #1285 ),
 .UNSPECIFIED., .F., .F.,
 ( 4, 2, 2, 2, 2, 2, 2, 4 ),
 ( 0.0000000000000000000, 0.001081321084853050900, 0.001621981627279562700, 0.002162642169706074500, 0.002703302712132586300, 0.003243963254559097600, 0.003784623796985605100, 0.004325284339412111700 ),
 .UNSPECIFIED. ) ;
#951 = ORIENTED_EDGE ( 'NONE', *, *, #1183, .F. ) ;
#952 = CARTESIAN_POINT ( 'NONE',  ( -51.37824976293907000, -12.17973098368837800, 29.93506491345066000 ) ) ;
#953 = EDGE_CURVE ( 'NONE', #779, #2967, #2466, .T. ) ;
#954 = CARTESIAN_POINT ( 'NONE',  ( -60.00000000000000000, 0.0000000000000000000, 4.500000000000000900 ) ) ;
#955 = DIRECTION ( 'NONE',  ( 0.0000000000000000000, 0.0000000000000000000, -1.000000000000000000 ) ) ;
#956 = ORIENTED_EDGE ( 'NONE', *, *, #4113, .F. ) ;
#957 = CARTESIAN_POINT ( 'NONE',  ( 68.03782457130451200, 11.81481942539947900, 12.46444424279222000 ) ) ;
#958 = CARTESIAN_POINT ( 'NONE',  ( 52.41834119587230800, 12.50000000000001600, 11.95215283641356200 ) ) ;
#959 = DIRECTION ( 'NONE',  ( 0.0000000000000000000, -0.6691803608835895600, 0.7431000232860370800 ) ) ;
#960 = CARTESIAN_POINT ( 'NONE',  ( 89.06250000000009900, -4.336808689942017700E-015, 25.19999999999998900 ) ) ;
#961 = DIRECTION ( 'NONE',  ( 1.000000000000000000, 0.0000000000000000000, 0.0000000000000000000 ) ) ;
#962 = EDGE_LOOP ( 'NONE', ( #4480, #609, #2560, #42 ) ) ;
#963 = CARTESIAN_POINT ( 'NONE',  ( 68.65813053895303100, -9.499999999999991100, 17.36992749532867800 ) ) ;
#964 = EDGE_CURVE ( 'NONE', #101, #4640, #4674, .T. ) ;
#965 = CARTESIAN_POINT ( 'NONE',  ( -68.56057411915077200, 10.04892723155918300, 17.66657290847612000 ) ) ;
#966 = CARTESIAN_POINT ( 'NONE',  ( -67.99849146661253500, -11.92933827472476300, 6.226860215180951600 ) ) ;
#967 = CARTESIAN_POINT ( 'NONE',  ( -67.58013920685725400, 8.982250706367532100, 12.35045996944403900 ) ) ;
#968 = CARTESIAN_POINT ( 'NONE',  ( 45.35538202689971100, -12.10658445009081400, 34.03127079492306000 ) ) ;
#969 = ORIENTED_EDGE ( 'NONE', *, *, #3415, .F. ) ;
#970 = EDGE_CURVE ( 'NONE', #2861, #4256, #1738, .T. ) ;
#971 = CARTESIAN_POINT ( 'NONE',  ( -50.34528366042373900, -12.20704674205968700, 28.40538244465063800 ) ) ;
#972 = ADVANCED_FACE ( 'NONE', ( #63, #3819 ), #1764, .T. ) ;
#973 = VERTEX_POINT ( 'NONE', #4138 ) ;
#974 = DIRECTION ( 'NONE',  ( 0.0000000000000000000, 0.0000000000000000000, -1.000000000000000000 ) ) ;
#975 = ORIENTED_EDGE ( 'NONE', *, *, #3074, .F. ) ;
#976 = CARTESIAN_POINT ( 'NONE',  ( 67.56011697370333000, 12.50000000000001800, 4.011602244768476500 ) ) ;
#977 = CARTESIAN_POINT ( 'NONE',  ( 49.73975291550920000, 12.01753831613543100, 39.01785429641682200 ) ) ;
#978 = VECTOR ( 'NONE', #1699, 1000.000000000000000 ) ;
#979 = DIRECTION ( 'NONE',  ( 1.272857920698121200E-016, 1.000000000000000000, 0.0000000000000000000 ) ) ;
#980 = CARTESIAN_POINT ( 'NONE',  ( -53.19742596416815400, 9.449543262028282000, 38.02865215114233200 ) ) ;
#981 = CC_DESIGN_DATE_AND_TIME_ASSIGNMENT ( #4284, #4325, ( #3068 ) ) ;
#982 = AXIS2_PLACEMENT_3D ( 'NONE', #2551, #1806, #3296 ) ;
#983 = B_SPLINE_CURVE_WITH_KNOTS ( 'NONE', 3,
 ( #374, #2963, #3711, #1949, #4283, #4686, #367, #1110, #4734, #3216 ),
 .UNSPECIFIED., .F., .F.,
 ( 4, 2, 2, 2, 4 ),
 ( 0.0000000000000000000, 0.0007946766059736640600, 0.001192014908960489300, 0.001390684060453908300, 0.001589353211947327000 ),
 .UNSPECIFIED. ) ;
#984 = CIRCLE ( 'NONE', #1223, 1.000000000000000900 ) ;
#985 = CARTESIAN_POINT ( 'NONE',  ( -50.88740389844419100, -12.25214988217919800, 25.87960659776975400 ) ) ;
#986 = CARTESIAN_POINT ( 'NONE',  ( -63.85655783035141300, -12.22532851714704100, 27.38160303968713200 ) ) ;
#987 = CIRCLE ( 'NONE', #459, 1.000000000000000400 ) ;
#988 = CARTESIAN_POINT ( 'NONE',  ( -67.11566979183240300, 12.41989986017464700, 16.48560783022090700 ) ) ;
#989 = EDGE_CURVE ( 'NONE', #4623, #2575, #2432, .T. ) ;
#990 = CARTESIAN_POINT ( 'NONE',  ( -68.06546948217065600, 11.37997275191315300, 19.06392253749558900 ) ) ;
#991 = ADVANCED_FACE ( 'NONE', ( #3877 ), #1789, .T. ) ;
#992 = FACE_OUTER_BOUND ( 'NONE', #423, .T. ) ;
#993 = CARTESIAN_POINT ( 'NONE',  ( -51.51787532701746400, 7.305075488118447400, 38.83113890386200500 ) ) ;
#994 =( BOUNDED_CURVE ( )  B_SPLINE_CURVE ( 3, ( #3607, #4667, #2795, #583 ),
 .UNSPECIFIED., .F., .T. ) 
 B_SPLINE_CURVE_WITH_KNOTS ( ( 4, 4 ),
 ( 1.291301155811688300, 1.297755489007204900 ),
 .UNSPECIFIED. ) 
 CURVE ( )  GEOMETRIC_REPRESENTATION_ITEM ( )  RATIONAL_B_SPLINE_CURVE ( ( 1.000000000000000000, 0.9999965284682629200, 0.9999965284682629200, 1.000000000000000000 ) ) 
 REPRESENTATION_ITEM ( '' )  );
#995 = CARTESIAN_POINT ( 'NONE',  ( -68.56444679531951200, -9.999999999999987600, 40.00000000000000000 ) ) ;
#996 = EDGE_CURVE ( 'NONE', #3786, #651, #4361, .T. ) ;
#997 = CARTESIAN_POINT ( 'NONE',  ( 52.41775238696808300, -12.50000000000002000, 11.95115977150504300 ) ) ;
#998 = ORIENTED_EDGE ( 'NONE', *, *, #1672, .T. ) ;
#999 = DIRECTION ( 'NONE',  ( 1.000000000000000000, 0.0000000000000000000, 0.0000000000000000000 ) ) ;
#1000 = AXIS2_PLACEMENT_3D ( 'NONE', #4428, #3008, #40 ) ;
#1001 = CARTESIAN_POINT ( 'NONE',  ( 51.50000000560697100, 7.158180253763314100, 39.12706630098760000 ) ) ;
#1002 = CARTESIAN_POINT ( 'NONE',  ( -67.78286327603268500, -12.38195496673662400, 0.0000000000000000000 ) ) ;
#1003 = FACE_OUTER_BOUND ( 'NONE', #188, .T. ) ;
#1004 = ORIENTED_EDGE ( 'NONE', *, *, #3629, .T. ) ;
#1005 = ORIENTED_EDGE ( 'NONE', *, *, #4, .T. ) ;
#1006 = CARTESIAN_POINT ( 'NONE',  ( -49.73975291550919300, -12.01753831613539700, 39.01785429641687800 ) ) ;
#1007 = FACE_OUTER_BOUND ( 'NONE', #310, .T. ) ;
#1008 = ORIENTED_EDGE ( 'NONE', *, *, #1506, .T. ) ;
#1009 = CARTESIAN_POINT ( 'NONE',  ( -68.93978954269491100, -8.739116304891064500, 11.00000000000000000 ) ) ;
#1010 = CARTESIAN_POINT ( 'NONE',  ( 67.12921572777867100, 12.37981335125859600, 18.73045232951956500 ) ) ;
#1011 = CARTESIAN_POINT ( 'NONE',  ( -53.78967950244948100, 9.500000000000007100, 37.61384145845484300 ) ) ;
#1012 = EDGE_LOOP ( 'NONE', ( #1515, #3149, #3721, #4082 ) ) ;
#1013 = CARTESIAN_POINT ( 'NONE',  ( -89.06250000000009900, -4.336808689942017700E-015, 25.20000000000006300 ) ) ;
#1014 = CARTESIAN_POINT ( 'NONE',  ( 52.74648521871857600, 8.867980919622576500, 38.33146937217062300 ) ) ;
#1015 = ADVANCED_FACE ( 'NONE', ( #1920 ), #498, .T. ) ;
#1016 = EDGE_CURVE ( 'NONE', #2889, #666, #3995, .T. ) ;
#1017 = DIRECTION ( 'NONE',  ( -1.000000000000000000, 0.0000000000000000000, 6.123233995736766000E-017 ) ) ;
#1018 = EDGE_LOOP ( 'NONE', ( #375, #3283, #1634, #1409 ) ) ;
#1019 = CARTESIAN_POINT ( 'NONE',  ( -51.50000000000000700, -7.145773100825391700, 38.84457640808662400 ) ) ;
#1020 = DIRECTION ( 'NONE',  ( 1.000000000000000000, 0.0000000000000000000, 0.0000000000000000000 ) ) ;
#1021 = CARTESIAN_POINT ( 'NONE',  ( -67.92909466477408400, 9.064183034918457300, 18.48396465486885600 ) ) ;
#1022 = EDGE_CURVE ( 'NONE', #2967, #666, #4271, .T. ) ;
#1023 = ORIENTED_EDGE ( 'NONE', *, *, #4357, .F. ) ;
#1024 = CARTESIAN_POINT ( 'NONE',  ( 68.74580496745885200, -9.493133234195116900, 17.09770016804128900 ) ) ;
#1025 = CARTESIAN_POINT ( 'NONE',  ( -52.34402899661434800, 9.058320621675690600, 38.59500998948961800 ) ) ;
#1026 = DIRECTION ( 'NONE',  ( -1.000000000000000000, 0.0000000000000000000, 0.0000000000000000000 ) ) ;
#1027 = CARTESIAN_POINT ( 'NONE',  ( 53.50000000000000000, 8.500000000000005300, 12.00000000000000000 ) ) ;
#1028 = PLANE ( 'NONE',  #3542 ) ;
#1029 = CARTESIAN_POINT ( 'NONE',  ( -67.17784212553296200, 12.49999999999999600, 11.77405333165600600 ) ) ;
#1030 = VERTEX_POINT ( 'NONE', #2813 ) ;
#1031 = LINE ( 'NONE', #608, #50 ) ;
#1032 = CARTESIAN_POINT ( 'NONE',  ( -52.41001181021047700, 12.26364806084227200, 25.23570859283384500 ) ) ;
#1033 = CARTESIAN_POINT ( 'NONE',  ( -67.56444679531951200, -9.999999999999987600, 40.00000000000000000 ) ) ;
#1034 = TOROIDAL_SURFACE ( 'NONE', #1396, 36.04755500203954500, 0.5000000000000000000 ) ;
#1035 = CARTESIAN_POINT ( 'NONE',  ( -68.43229798324627200, 9.496411011196284900, 17.76869893853710300 ) ) ;
#1036 = APPROVAL_STATUS ( 'not_yet_approved' ) ;
#1037 = DIRECTION ( 'NONE',  ( 0.0000000000000000000, 0.0000000000000000000, -1.000000000000000000 ) ) ;
#1038 = CARTESIAN_POINT ( 'NONE',  ( -52.25516669820960700, 8.570854214260210200, 38.25789566827097600 ) ) ;
#1039 = VECTOR ( 'NONE', #3090, 1000.000000000000000 ) ;
#1040 = CARTESIAN_POINT ( 'NONE',  ( -68.53638261310270300, -10.23952617275067700, 12.10044483938287600 ) ) ;
#1041 = DIRECTION ( 'NONE',  ( 2.753529326947313900E-016, 0.0000000000000000000, -1.000000000000000000 ) ) ;
#1042 = CIRCLE ( 'NONE', #4266, 0.5000000000000004400 ) ;
#1043 = CARTESIAN_POINT ( 'NONE',  ( -67.14943486608372300, 12.50000000000000200, 11.89625497352297000 ) ) ;
#1044 = EDGE_CURVE ( 'NONE', #394, #1867, #2147, .T. ) ;
#1045 = CARTESIAN_POINT ( 'NONE',  ( 53.78967950244948100, 9.500000000000007100, 37.61384145845485700 ) ) ;
#1046 = CYLINDRICAL_SURFACE ( 'NONE', #2427, 4.250000000000003600 ) ;
#1047 = CARTESIAN_POINT ( 'NONE',  ( -51.66923189139112800, 12.19213078477969400, 29.24067605233812700 ) ) ;
#1048 = ORIENTED_EDGE ( 'NONE', *, *, #3831, .F. ) ;
#1049 = EDGE_CURVE ( 'NONE', #3953, #2195, #2421, .T. ) ;
#1050 = AXIS2_PLACEMENT_3D ( 'NONE', #4783, #39, #4437 ) ;
#1051 = DIRECTION ( 'NONE',  ( 1.000000000000000000, -0.0000000000000000000, 8.462065736472229800E-017 ) ) ;
#1052 = ORIENTED_EDGE ( 'NONE', *, *, #4179, .T. ) ;
#1053 = CARTESIAN_POINT ( 'NONE',  ( -51.50000000000000700, -6.999999999999991100, 39.12589674149676000 ) ) ;
#1054 = FACE_OUTER_BOUND ( 'NONE', #2116, .T. ) ;
#1055 = ORIENTED_EDGE ( 'NONE', *, *, #1833, .F. ) ;
#1056 = CARTESIAN_POINT ( 'NONE',  ( -51.74074394890732300, 7.961766549901983400, 38.66154352807409100 ) ) ;
#1057 = EDGE_CURVE ( 'NONE', #2349, #3617, #1386, .T. ) ;
#1058 = CARTESIAN_POINT ( 'NONE',  ( -67.62101852949820100, -8.935096132632212500, 12.24492110913922900 ) ) ;
#1059 = CARTESIAN_POINT ( 'NONE',  ( 51.96450056185189200, -12.50000000000002000, 8.040418147847004700 ) ) ;
#1060 = AXIS2_PLACEMENT_3D ( 'NONE', #1145, #1847, #1507 ) ;
#1061 = DIRECTION ( 'NONE',  ( -1.000000000000000000, 0.0000000000000000000, -2.598025798654805100E-016 ) ) ;
#1062 = CARTESIAN_POINT ( 'NONE',  ( -50.65859952078373100, 11.40891103588628400, 0.0000000000000000000 ) ) ;
#1063 = CARTESIAN_POINT ( 'NONE',  ( -52.05996953647303400, -8.394069942203495700, 38.41316500930064800 ) ) ;
#1064 = CARTESIAN_POINT ( 'NONE',  ( -51.50000000000000000, 9.000000000000007100, 12.00000000000000000 ) ) ;
#1065 = VECTOR ( 'NONE', #4306, 1000.000000000000000 ) ;
#1066 = VERTEX_POINT ( 'NONE', #2431 ) ;
#1067 = CARTESIAN_POINT ( 'NONE',  ( 51.25803393282922100, 7.000000000000005300, 39.27285026042956400 ) ) ;
#1068 = ORIENTED_EDGE ( 'NONE', *, *, #2601, .T. ) ;
#1069 = ADVANCED_FACE ( 'NONE', ( #3764 ), #4057, .T. ) ;
#1070 = CARTESIAN_POINT ( 'NONE',  ( -51.79752733791465100, 12.19846071684878200, 28.88619985646911200 ) ) ;
#1071 = CARTESIAN_POINT ( 'NONE',  ( -52.75824372268237300, -9.288245569209358600, 38.32342596663505000 ) ) ;
#1072 = ORIENTED_EDGE ( 'NONE', *, *, #4113, .T. ) ;
#1073 = CARTESIAN_POINT ( 'NONE',  ( -67.12921572777867100, -11.37997275191315300, 18.71259803310266900 ) ) ;
#1074 = AXIS2_PLACEMENT_3D ( 'NONE', #4596, #3224, #1026 ) ;
#1075 = CARTESIAN_POINT ( 'NONE',  ( -52.08912504707184600, -8.423496272826064100, 38.39014010023073800 ) ) ;
#1076 = CARTESIAN_POINT ( 'NONE',  ( 66.33074997410584200, -12.34181599358991700, 20.85830435896528800 ) ) ;
#1077 = ORIENTED_EDGE ( 'NONE', *, *, #3814, .F. ) ;
#1078 = SECURITY_CLASSIFICATION_LEVEL ( 'unclassified' ) ;
#1079 = CARTESIAN_POINT ( 'NONE',  ( -41.00000000000000000, -4.336808689942017700E-015, 25.19999999999998500 ) ) ;
#1080 = CARTESIAN_POINT ( 'NONE',  ( -68.88036687357383400, 9.003297961316853600, 12.25246493159825800 ) ) ;
#1081 = ORIENTED_EDGE ( 'NONE', *, *, #3421, .T. ) ;
#1082 = CARTESIAN_POINT ( 'NONE',  ( 52.43209420255243500, -12.34250398812509000, 20.81977666499567200 ) ) ;
#1083 = PLANE ( 'NONE',  #1215 ) ;
#1084 = DIRECTION ( 'NONE',  ( -0.0000000000000000000, -0.0000000000000000000, -1.000000000000000000 ) ) ;
#1085 = DIRECTION ( 'NONE',  ( 0.0000000000000000000, 0.0000000000000000000, 1.000000000000000000 ) ) ;
#1086 = ORIENTED_EDGE ( 'NONE', *, *, #1119, .T. ) ;
#1087 = EDGE_CURVE ( 'NONE', #4201, #2697, #2544, .T. ) ;
#1088 =( BOUNDED_CURVE ( )  B_SPLINE_CURVE ( 3, ( #2101, #4673, #603, #3944 ),
 .UNSPECIFIED., .F., .T. ) 
 B_SPLINE_CURVE_WITH_KNOTS ( ( 4, 4 ),
 ( 5.038259664051041800, 5.048198893360972900 ),
 .UNSPECIFIED. ) 
 CURVE ( )  GEOMETRIC_REPRESENTATION_ITEM ( )  RATIONAL_B_SPLINE_CURVE ( ( 1.000000000000000000, 0.9999917676603367100, 0.9999917676603367100, 1.000000000000000000 ) ) 
 REPRESENTATION_ITEM ( '' )  );
#1089 = CARTESIAN_POINT ( 'NONE',  ( -67.95780644424860400, 12.04590420384112500, -0.1222236422274217100 ) ) ;
#1090 = CARTESIAN_POINT ( 'NONE',  ( -50.99172285651658900, 12.56607648561263300, 8.299716809003994600 ) ) ;
#1091 = VERTEX_POINT ( 'NONE', #153 ) ;
#1092 = CARTESIAN_POINT ( 'NONE',  ( -30.61531930649137600, 12.50000000000001600, 5.010942361779540600 ) ) ;
#1093 = AXIS2_PLACEMENT_3D ( 'NONE', #8, #4427, #383 ) ;
#1094 = DIRECTION ( 'NONE',  ( 0.0000000000000000000, -0.0000000000000000000, 1.000000000000000000 ) ) ;
#1095 = ORIENTED_EDGE ( 'NONE', *, *, #2384, .F. ) ;
#1096 = CARTESIAN_POINT ( 'NONE',  ( -68.90456733729338600, 8.883890309687288300, 12.08071217304152600 ) ) ;
#1097 = CARTESIAN_POINT ( 'NONE',  ( -89.06250000000009900, -4.336808689942017700E-015, 25.20000000000006300 ) ) ;
#1098 = CARTESIAN_POINT ( 'NONE',  ( 43.53951515086735900, 12.09446975790981500, 34.70969355706038300 ) ) ;
#1099 = VECTOR ( 'NONE', #4393, 1000.000000000000000 ) ;
#1100 = CARTESIAN_POINT ( 'NONE',  ( -68.49627502899079400, -9.609823024778940200, 17.85782582147904700 ) ) ;
#1101 = CARTESIAN_POINT ( 'NONE',  ( -49.75579306942378100, -10.72129899315740400, 28.82409484746086300 ) ) ;
#1102 = AXIS2_PLACEMENT_3D ( 'NONE', #67, #1485, #2242 ) ;
#1103 = CIRCLE ( 'NONE', #1474, 0.5000000000000004400 ) ;
#1104 = DIRECTION ( 'NONE',  ( 0.0000000000000000000, 0.0000000000000000000, 1.000000000000000000 ) ) ;
#1105 = CARTESIAN_POINT ( 'NONE',  ( -68.06546948217065600, -11.37997275191315100, 19.06392253749558200 ) ) ;
#1106 = LINE ( 'NONE', #509, #227 ) ;
#1107 = LINE ( 'NONE', #828, #65 ) ;
#1108 = CARTESIAN_POINT ( 'NONE',  ( 67.12921572777868600, 12.37981335125859600, 18.73045232951953700 ) ) ;
#1109 = CARTESIAN_POINT ( 'NONE',  ( 67.78286316167927300, -12.38195505676106500, 0.0000000000000000000 ) ) ;
#1110 = CARTESIAN_POINT ( 'NONE',  ( -68.50708747594568100, -9.821848420817627100, 17.82566105893139200 ) ) ;
#1111 = CARTESIAN_POINT ( 'NONE',  ( 44.46380836270502400, 12.09972951454020800, 34.41514718577897000 ) ) ;
#1112 = CARTESIAN_POINT ( 'NONE',  ( -67.74951079890685400, -9.012846123743390300, 18.72890418683400800 ) ) ;
#1113 = ADVANCED_FACE ( 'NONE', ( #2204 ), #3480, .F. ) ;
#1114 = CARTESIAN_POINT ( 'NONE',  ( 51.08917874523494600, 12.09845797244467600, -0.0000000000000000000 ) ) ;
#1115 = ORIENTED_EDGE ( 'NONE', *, *, #3230, .T. ) ;
#1116 = CARTESIAN_POINT ( 'NONE',  ( 68.30580416841928600, 11.02178699473872600, 18.11846782118842500 ) ) ;
#1117 = CARTESIAN_POINT ( 'NONE',  ( 52.41001181021050600, 12.26364806084227300, 25.23570859283375600 ) ) ;
#1118 = CARTESIAN_POINT ( 'NONE',  ( -55.74999999999999300, 5.204748896376257600E-016, 40.00000000000000000 ) ) ;
#1119 = EDGE_CURVE ( 'NONE', #1685, #2889, #950, .T. ) ;
#1120 = PERSON_AND_ORGANIZATION ( #2891, #424 ) ;
#1121 = ORIENTED_EDGE ( 'NONE', *, *, #970, .F. ) ;
#1122 = CARTESIAN_POINT ( 'NONE',  ( 52.01081789804673900, 12.21082007343039600, 28.19407588789898300 ) ) ;
#1123 = ORIENTED_EDGE ( 'NONE', *, *, #1057, .T. ) ;
#1124 = DIRECTION ( 'NONE',  ( -1.000000000000000000, 0.0000000000000000000, 0.0000000000000000000 ) ) ;
#1125 = DIRECTION ( 'NONE',  ( 0.0000000000000000000, 0.0000000000000000000, 1.000000000000000000 ) ) ;
#1126 = ORIENTED_EDGE ( 'NONE', *, *, #3080, .T. ) ;
#1127 = EDGE_CURVE ( 'NONE', #2740, #3040, #1327, .T. ) ;
#1128 = CARTESIAN_POINT ( 'NONE',  ( 51.69922254563076100, -12.50000000000001800, 2.011023730467338000 ) ) ;
#1129 = CARTESIAN_POINT ( 'NONE',  ( -48.50616264945581700, -12.11105473333068300, 33.78093493348129800 ) ) ;
#1130 = CARTESIAN_POINT ( 'NONE',  ( 41.00000000000000700, 12.06090092888058300, 36.58954798268834500 ) ) ;
#1131 = DIRECTION ( 'NONE',  ( -1.000000000000000000, 0.0000000000000000000, -8.462065736472229800E-017 ) ) ;
#1132 = ORIENTED_EDGE ( 'NONE', *, *, #2028, .T. ) ;
#1133 = CARTESIAN_POINT ( 'NONE',  ( -33.45244499796046300, 0.0000000000000000000, 12.00000000000000000 ) ) ;
#1134 = CARTESIAN_POINT ( 'NONE',  ( 60.00000000000000000, 1.469576158976823700E-014, 4.500000000000000900 ) ) ;
#1135 = CARTESIAN_POINT ( 'NONE',  ( 53.27291611854875700, -8.999999999999989300, 37.40807115963424700 ) ) ;
#1136 = CARTESIAN_POINT ( 'NONE',  ( 68.26089660809464000, 8.935102727701670100, 12.24492491572900300 ) ) ;
#1137 = VERTEX_POINT ( 'NONE', #1674 ) ;
#1138 = CARTESIAN_POINT ( 'NONE',  ( 52.10404653277000600, 12.21730991030055700, 27.83064502316992200 ) ) ;
#1139 = ORIENTED_EDGE ( 'NONE', *, *, #3122, .T. ) ;
#1140 = DIRECTION ( 'NONE',  ( 0.0000000000000000000, 0.0000000000000000000, 1.000000000000000000 ) ) ;
#1141 = EDGE_CURVE ( 'NONE', #3288, #2287, #2815, .T. ) ;
#1142 = CARTESIAN_POINT ( 'NONE',  ( -67.79591274114424900, -12.50000000000003600, 40.00000000000000000 ) ) ;
#1143 = ORIENTED_EDGE ( 'NONE', *, *, #804, .T. ) ;
#1144 =( BOUNDED_SURFACE ( )  B_SPLINE_SURFACE ( 3, 2, ( 
 ( #3537, #3556, #3949 ),
 ( #2089, #577, #1313 ),
 ( #4678, #2856, #4644 ),
 ( #2440, #2786, #4246 ) ),
 .UNSPECIFIED., .F., .F., .F. ) 
 B_SPLINE_SURFACE_WITH_KNOTS ( ( 4, 4 ),
 ( 3, 3 ),
 ( 0.4143272429775566900, 0.4169255002663058700 ),
 ( 0.0000000000000000000, 1.000000000000000000 ),
 .UNSPECIFIED. ) 
 GEOMETRIC_REPRESENTATION_ITEM ( )  RATIONAL_B_SPLINE_SURFACE ( (
 ( 1.000000000000000000, 0.8153351497599687900, 1.000000000000000000),
 ( 1.000000000000000000, 0.8143707389086410900, 1.000000000000000000),
 ( 1.000000000000000000, 0.8134021169764288400, 1.000000000000000000),
 ( 1.000000000000000000, 0.8124293012924298500, 1.000000000000000000) ) ) 
 REPRESENTATION_ITEM ( '' )  SURFACE ( )  );
#1145 = CARTESIAN_POINT ( 'NONE',  ( 51.00000000000000700, 7.000000000000005300, 38.84457641169643700 ) ) ;
#1146 = EDGE_CURVE ( 'NONE', #2372, #4047, #2779, .T. ) ;
#1147 = CARTESIAN_POINT ( 'NONE',  ( 1.081929232593403100E-015, -8.499999999999998200, 12.50000000000000000 ) ) ;
#1148 = DIRECTION ( 'NONE',  ( 0.0000000000000000000, 0.0000000000000000000, -1.000000000000000000 ) ) ;
#1149 = ORIENTED_EDGE ( 'NONE', *, *, #3624, .F. ) ;
#1150 = CARTESIAN_POINT ( 'NONE',  ( 68.35929958865752100, 8.748691578047266000, 12.06146686101968300 ) ) ;
#1151 = SPHERICAL_SURFACE ( 'NONE', #1250, 1.000000000000000000 ) ;
#1152 = CARTESIAN_POINT ( 'NONE',  ( -68.52406277440448400, -10.28131329987184400, 17.49140620790017700 ) ) ;
#1153 = EDGE_CURVE ( 'NONE', #1595, #2853, #1103, .T. ) ;
#1154 = DIRECTION ( 'NONE',  ( 0.0000000000000000000, 0.0000000000000000000, -1.000000000000000000 ) ) ;
#1155 = CARTESIAN_POINT ( 'NONE',  ( -51.00000000000000700, -6.999999999999991100, 38.84457641169643000 ) ) ;
#1156 = VECTOR ( 'NONE', #565, 1000.000000000000000 ) ;
#1157 = DIRECTION ( 'NONE',  ( -1.898821519314985600E-015, 0.0000000000000000000, -1.000000000000000000 ) ) ;
#1158 = CARTESIAN_POINT ( 'NONE',  ( 52.10404653264081500, 12.21730991030080700, 27.83064502315570000 ) ) ;
#1159 = CARTESIAN_POINT ( 'NONE',  ( -52.61837879397928900, -9.237233592777210200, 38.41733440471593800 ) ) ;
#1160 = VECTOR ( 'NONE', #1541, 1000.000000000000000 ) ;
#1161 = CARTESIAN_POINT ( 'NONE',  ( 51.65156067166260100, -8.349150119835332600, 39.03285710913616000 ) ) ;
#1162 = CARTESIAN_POINT ( 'NONE',  ( -52.41001181021050600, -12.26364806084226100, 25.23570859283376000 ) ) ;
#1163 = CARTESIAN_POINT ( 'NONE',  ( 68.29534222935419100, 10.71671655032548800, 18.45132871072882400 ) ) ;
#1164 = CARTESIAN_POINT ( 'NONE',  ( 68.41998655673620500, 8.629281856904032800, 12.01271669795588800 ) ) ;
#1165 = CYLINDRICAL_SURFACE ( 'NONE', #1475, 0.5000000000000004400 ) ;
#1166 = CARTESIAN_POINT ( 'NONE',  ( -68.44321475005116900, 10.56706383678274000, 18.02194862622370800 ) ) ;
#1167 = DIRECTION ( 'NONE',  ( 0.0000000000000000000, -0.0000000000000000000, 1.000000000000000000 ) ) ;
#1168 = VERTEX_POINT ( 'NONE', #2189 ) ;
#1169 = CARTESIAN_POINT ( 'NONE',  ( 68.70234759763079100, 9.545448998845085200, 17.23382075206817300 ) ) ;
#1170 = CARTESIAN_POINT ( 'NONE',  ( -52.42662908761503400, -12.50000000000003600, 11.96572575326810800 ) ) ;
#1171 = CARTESIAN_POINT ( 'NONE',  ( -68.55416431069579600, -9.856964201133481000, 17.58861678794826500 ) ) ;
#1172 = CARTESIAN_POINT ( 'NONE',  ( 47.48973048106029200, 12.13184412157230200, 32.61672919198450400 ) ) ;
#1173 = ORIENTED_EDGE ( 'NONE', *, *, #900, .T. ) ;
#1174 = CARTESIAN_POINT ( 'NONE',  ( -68.76666451796492700, 9.414820865254686300, 11.14813606364929100 ) ) ;
#1175 = EDGE_CURVE ( 'NONE', #2213, #1207, #551, .T. ) ;
#1176 = ORIENTED_EDGE ( 'NONE', *, *, #3190, .T. ) ;
#1177 = CARTESIAN_POINT ( 'NONE',  ( -68.53328006245722300, 9.928482100566730800, 17.74782785663396500 ) ) ;
#1178 = CARTESIAN_POINT ( 'NONE',  ( 52.61626503959669100, -9.220804805963048500, 38.41730118864368400 ) ) ;
#1179 = CARTESIAN_POINT ( 'NONE',  ( -52.45443096067762000, 12.42128824134637300, 16.40785848460415900 ) ) ;
#1180 = EDGE_LOOP ( 'NONE', ( #294, #820, #2299, #3661 ) ) ;
#1181 = CARTESIAN_POINT ( 'NONE',  ( 68.70798039291818800, 9.631770379426054500, 12.50000000000000200 ) ) ;
#1182 = EDGE_LOOP ( 'NONE', ( #3235, #3972, #536, #4722 ) ) ;
#1183 = EDGE_CURVE ( 'NONE', #2535, #4076, #2484, .T. ) ;
#1184 = CARTESIAN_POINT ( 'NONE',  ( -44.62939729117955800, 10.60588899248880400, 33.91914985913686600 ) ) ;
#1185 = CARTESIAN_POINT ( 'NONE',  ( -68.56444679531949800, 10.00000000000000900, 12.50000000000000000 ) ) ;
#1186 = CIRCLE ( 'NONE', #2072, 4.250000000000003600 ) ;
#1187 = ORIENTED_EDGE ( 'NONE', *, *, #1512, .T. ) ;
#1188 = CARTESIAN_POINT ( 'NONE',  ( 89.06250000000009900, -4.336808689942017700E-015, 25.19999999999998900 ) ) ;
#1189 = CARTESIAN_POINT ( 'NONE',  ( 68.18259539854732100, -8.999999999999991100, 17.21544018115912800 ) ) ;
#1190 = CARTESIAN_POINT ( 'NONE',  ( -43.14129594527582200, -10.59532439493960400, 34.38518644159663800 ) ) ;
#1191 = ORIENTED_EDGE ( 'NONE', *, *, #2611, .T. ) ;
#1192 = DIRECTION ( 'NONE',  ( -0.006033170772533699400, -0.01785397147332197500, 0.9998224025060948900 ) ) ;
#1193 = AXIS2_PLACEMENT_3D ( 'NONE', #3657, #1441, #4037 ) ;
#1194 = CARTESIAN_POINT ( 'NONE',  ( 67.12921572777867100, -12.37981335125859400, 18.73045232951956200 ) ) ;
#1195 = CARTESIAN_POINT ( 'NONE',  ( 52.35793610002280500, -8.646656498185329600, 38.17520914441824000 ) ) ;
#1196 = ORIENTED_EDGE ( 'NONE', *, *, #3452, .F. ) ;
#1197 = CARTESIAN_POINT ( 'NONE',  ( 68.28131908428088100, 8.897175655589578000, 12.18936821445916500 ) ) ;
#1198 = AXIS2_PLACEMENT_3D ( 'NONE', #1511, #4121, #3405 ) ;
#1199 = ORIENTED_EDGE ( 'NONE', *, *, #3190, .F. ) ;
#1200 = CARTESIAN_POINT ( 'NONE',  ( 68.88452184228901800, -8.976899215211792800, 12.32174162934121500 ) ) ;
#1201 = CARTESIAN_POINT ( 'NONE',  ( 52.61837879397928200, 9.237233592777226200, 38.41733440471594500 ) ) ;
#1202 = CARTESIAN_POINT ( 'NONE',  ( 65.34583713204200700, 12.30506927409353100, 22.91612065076324000 ) ) ;
#1203 = ORIENTED_EDGE ( 'NONE', *, *, #1482, .T. ) ;
#1204 = EDGE_CURVE ( 'NONE', #2893, #2805, #1675, .T. ) ;
#1205 = CARTESIAN_POINT ( 'NONE',  ( 49.86041966186604700, 10.72779304956354300, 28.53715964864088400 ) ) ;
#1206 = DIRECTION ( 'NONE',  ( 1.000000000000000000, 0.0000000000000000000, 0.0000000000000000000 ) ) ;
#1207 = VERTEX_POINT ( 'NONE', #2933 ) ;
#1208 = DIRECTION ( 'NONE',  ( -1.000000000000000000, 0.0000000000000000000, -8.462065736472229800E-017 ) ) ;
#1209 = CARTESIAN_POINT ( 'NONE',  ( 53.27300616075847000, -9.020763876384601000, 37.97667724314817400 ) ) ;
#1210 = CARTESIAN_POINT ( 'NONE',  ( -50.91486527419791500, -11.88905840609096200, 0.0000000000000000000 ) ) ;
#1211 = VECTOR ( 'NONE', #2047, 1000.000000000000000 ) ;
#1212 = CARTESIAN_POINT ( 'NONE',  ( -48.50967449007207900, 10.67335509859228900, 30.94155897936708400 ) ) ;
#1213 = LINE ( 'NONE', #3401, #166 ) ;
#1214 = CARTESIAN_POINT ( 'NONE',  ( -51.72046959903183700, 12.03743972356330600, 37.90337548045577900 ) ) ;
#1215 = AXIS2_PLACEMENT_3D ( 'NONE', #1142, #2186, #3687 ) ;
#1216 = CARTESIAN_POINT ( 'NONE',  ( 41.62378922207463500, -10.58988809039667700, 34.62497709178453700 ) ) ;
#1217 = CYLINDRICAL_SURFACE ( 'NONE', #1258, 1.000000000000000900 ) ;
#1218 = CARTESIAN_POINT ( 'NONE',  ( 67.59991701637555600, -12.50000000000002000, 2.006035944903314500 ) ) ;
#1219 = CARTESIAN_POINT ( 'NONE',  ( 50.34528366042505400, 12.20704674206003300, 28.40538244464932300 ) ) ;
#1220 = CARTESIAN_POINT ( 'NONE',  ( -67.15731372828096800, -12.50000000000003700, 11.86491416846704700 ) ) ;
#1221 = VECTOR ( 'NONE', #692, 1000.000000000000000 ) ;
#1222 = CARTESIAN_POINT ( 'NONE',  ( -51.41556769755225500, -7.885557740928703700, 39.17755166614484400 ) ) ;
#1223 = AXIS2_PLACEMENT_3D ( 'NONE', #3166, #4699, #2826 ) ;
#1224 = CARTESIAN_POINT ( 'NONE',  ( -68.55916748342500000, 9.891583000914899100, 17.67076049093250800 ) ) ;
#1225 = ORIENTED_EDGE ( 'NONE', *, *, #3328, .T. ) ;
#1226 = CARTESIAN_POINT ( 'NONE',  ( -42.49415407505293300, 12.06221247681706300, 36.51610129824546600 ) ) ;
#1227 = B_SPLINE_CURVE_WITH_KNOTS ( 'NONE', 3,
 ( #3239, #4704, #2149, #293, #997, #681, #4315, #758, #729, #2230, #3684, #699, #1458, #2546, #4042, #1059, #4395, #4414, #1128, #2598 ),
 .UNSPECIFIED., .F., .F.,
 ( 4, 2, 2, 2, 2, 2, 2, 2, 2, 4 ),
 ( 7.152448122690996000E-018, 4.787187843653078700E-005, 9.574375687305441900E-005, 0.0001914875137461016800, 0.0003829750274921893800, 0.0007659500549843649900, 0.001531900109968716100, 0.003063800219937423500, 0.006127600439874833100, 0.01225520087974965100 ),
 .UNSPECIFIED. ) ;
#1228 = ORIENTED_EDGE ( 'NONE', *, *, #1896, .T. ) ;
#1229 = MANIFOLD_SOLID_BREP ( 'Fillet4', #4488 ) ;
#1230 = CARTESIAN_POINT ( 'NONE',  ( -68.55416431069579600, 9.856964201133454400, 17.58861678794828300 ) ) ;
#1231 = AXIS2_PLACEMENT_3D ( 'NONE', #3186, #2778, #4270 ) ;
#1232 = CARTESIAN_POINT ( 'NONE',  ( -62.49441286106738900, 12.19136565946671200, 29.28352306956125500 ) ) ;
#1233 = CARTESIAN_POINT ( 'NONE',  ( 61.70521381729258800, 12.20206575098132100, 28.68431794504707400 ) ) ;
#1234 = EDGE_LOOP ( 'NONE', ( #3964, #2448, #3445, #1341 ) ) ;
#1235 = ORIENTED_EDGE ( 'NONE', *, *, #4724, .T. ) ;
#1236 = CARTESIAN_POINT ( 'NONE',  ( 68.18259539854724900, 9.000000000000007100, 17.21544018115933400 ) ) ;
#1237 = CARTESIAN_POINT ( 'NONE',  ( 50.88740389843371800, 12.25214988218370000, 25.87960659776987900 ) ) ;
#1238 = CARTESIAN_POINT ( 'NONE',  ( -68.61762855342223600, 9.956764518082570300, 11.57421728514056400 ) ) ;
#1239 = EDGE_CURVE ( 'NONE', #2372, #3288, #2368, .T. ) ;
#1240 = FACE_OUTER_BOUND ( 'NONE', #1990, .T. ) ;
#1241 = VERTEX_POINT ( 'NONE', #2111 ) ;
#1242 = CARTESIAN_POINT ( 'NONE',  ( -68.55724266812333700, 10.16813004045442300, 17.57992689804123600 ) ) ;
#1243 = CARTESIAN_POINT ( 'NONE',  ( 50.88649051979940900, -12.16207808496963100, 30.92362724170060100 ) ) ;
#1244 = CARTESIAN_POINT ( 'NONE',  ( 68.06546948217067000, 11.37997275191315300, 19.06392253749557100 ) ) ;
#1245 = CARTESIAN_POINT ( 'NONE',  ( -43.55775094583358300, 12.09455725045992100, 34.70479397424916400 ) ) ;
#1246 = ORIENTED_EDGE ( 'NONE', *, *, #1175, .T. ) ;
#1247 = EDGE_CURVE ( 'NONE', #3777, #3672, #3922, .T. ) ;
#1248 = CARTESIAN_POINT ( 'NONE',  ( -51.63855923933269300, 12.50000000000000200, 0.0000000000000000000 ) ) ;
#1249 = CARTESIAN_POINT ( 'NONE',  ( 54.18505639269808000, 12.04619628969496900, 37.41300777717744800 ) ) ;
#1250 = AXIS2_PLACEMENT_3D ( 'NONE', #260, #3643, #3268 ) ;
#1251 = CARTESIAN_POINT ( 'NONE',  ( 68.22565626216594100, 9.000000000000007100, 16.94872539182404500 ) ) ;
#1252 = ORIENTED_EDGE ( 'NONE', *, *, #209, .F. ) ;
#1253 = CARTESIAN_POINT ( 'NONE',  ( -67.18848531442515100, -12.50000000000003400, 11.71132240627633400 ) ) ;
#1254 = CARTESIAN_POINT ( 'NONE',  ( 42.49415407502552000, -12.06221247682159100, 36.51610129799021100 ) ) ;
#1255 = CARTESIAN_POINT ( 'NONE',  ( 49.21227286052549500, -10.69638161598295100, 29.92475466426045800 ) ) ;
#1256 = EDGE_LOOP ( 'NONE', ( #2998, #606, #4240, #3463 ) ) ;
#1257 = CARTESIAN_POINT ( 'NONE',  ( -45.73019151459747200, 10.61840551455952500, 33.36692097434010400 ) ) ;
#1258 = AXIS2_PLACEMENT_3D ( 'NONE', #2554, #2083, #1 ) ;
#1259 = ADVANCED_FACE ( 'NONE', ( #2674 ), #585, .T. ) ;
#1260 = ORIENTED_EDGE ( 'NONE', *, *, #3386, .F. ) ;
#1261 = CARTESIAN_POINT ( 'NONE',  ( -52.41001181021050600, 10.26396686215138300, 25.19999999999998900 ) ) ;
#1262 = CARTESIAN_POINT ( 'NONE',  ( 67.95858973541646700, 12.04366024034400300, 0.0000000000000000000 ) ) ;
#1263 = EDGE_CURVE ( 'NONE', #1598, #2213, #582, .T. ) ;
#1264 = DIRECTION ( 'NONE',  ( -1.000000000000000000, 0.0000000000000000000, 0.0000000000000000000 ) ) ;
#1265 = CARTESIAN_POINT ( 'NONE',  ( -67.62384125593655400, 8.931762754317150100, 12.24571608233705600 ) ) ;
#1266 = FACE_OUTER_BOUND ( 'NONE', #3516, .T. ) ;
#1267 = CARTESIAN_POINT ( 'NONE',  ( 51.56408152576995000, -7.576304312322085900, 38.79662655076141700 ) ) ;
#1268 = DIRECTION ( 'NONE',  ( -1.000000000000000000, -1.110400023115659400E-013, 0.0000000000000000000 ) ) ;
#1269 = CARTESIAN_POINT ( 'NONE',  ( 50.88740399720848000, -12.25215008489276200, 25.87959524593880900 ) ) ;
#1270 = CARTESIAN_POINT ( 'NONE',  ( -44.47395200206491200, 12.09979859147587400, 34.41127887736593700 ) ) ;
#1271 = CIRCLE ( 'NONE', #1274, 1.000000000000000900 ) ;
#1272 = CARTESIAN_POINT ( 'NONE',  ( -49.73975291550909400, -11.01769771678995200, 39.00000000000000000 ) ) ;
#1273 = FACE_OUTER_BOUND ( 'NONE', #2629, .T. ) ;
#1274 = AXIS2_PLACEMENT_3D ( 'NONE', #2823, #610, #1343 ) ;
#1275 = ADVANCED_FACE ( 'NONE', ( #345 ), #4328, .F. ) ;
#1276 = ORIENTED_EDGE ( 'NONE', *, *, #3831, .T. ) ;
#1277 = CARTESIAN_POINT ( 'NONE',  ( -67.09645434227890300, -12.50000000000002500, 12.00000000000000500 ) ) ;
#1278 = CARTESIAN_POINT ( 'NONE',  ( 51.04244731691985500, -12.71696897618932300, -0.1502626665974272900 ) ) ;
#1279 = CARTESIAN_POINT ( 'NONE',  ( -51.58366410228095600, -7.591410432761523300, 38.78138125132161900 ) ) ;
#1280 = CARTESIAN_POINT ( 'NONE',  ( 41.62344260151608200, -10.58988809027224300, 34.62497709175043100 ) ) ;
#1281 = ORIENTED_EDGE ( 'NONE', *, *, #4570, .F. ) ;
#1282 =( BOUNDED_CURVE ( )  B_SPLINE_CURVE ( 3, ( #3739, #3029, #1179, #1965 ),
 .UNSPECIFIED., .F., .F. ) 
 B_SPLINE_CURVE_WITH_KNOTS ( ( 4, 4 ),
 ( 4.985429818172381300, 4.991884151367897500 ),
 .UNSPECIFIED. ) 
 CURVE ( )  GEOMETRIC_REPRESENTATION_ITEM ( )  RATIONAL_B_SPLINE_CURVE ( ( 1.000000000000000000, 0.9999965284682629200, 0.9999965284682629200, 1.000000000000000000 ) ) 
 REPRESENTATION_ITEM ( '' )  );
#1283 = APPROVAL_PERSON_ORGANIZATION ( #2917, #2814, #3984 ) ;
#1284 = ORIENTED_EDGE ( 'NONE', *, *, #2851, .F. ) ;
#1285 = CARTESIAN_POINT ( 'NONE',  ( -51.25803393282922800, 7.000000000000005300, 39.27285026042955700 ) ) ;
#1286 = CARTESIAN_POINT ( 'NONE',  ( -49.48865592117379500, -10.70867503208902100, 29.38174273713231000 ) ) ;
#1287 = EDGE_CURVE ( 'NONE', #2889, #2457, #1442, .T. ) ;
#1288 = DIRECTION ( 'NONE',  ( -1.000000000000000000, 1.272857920698121500E-016, 0.0000000000000000000 ) ) ;
#1289 = CYLINDRICAL_SURFACE ( 'NONE', #3146, 1.000000000000000900 ) ;
#1290 = ORIENTED_EDGE ( 'NONE', *, *, #3722, .T. ) ;
#1291 = ORIENTED_EDGE ( 'NONE', *, *, #4357, .T. ) ;
#1292 = CARTESIAN_POINT ( 'NONE',  ( 64.25000000000000000, 1.521623647940586400E-014, 40.00000000000000000 ) ) ;
#1293 = CARTESIAN_POINT ( 'NONE',  ( 52.42655169453219300, 12.50000000000001800, 11.96561601907462700 ) ) ;
#1294 = DIRECTION ( 'NONE',  ( -1.000000000000000000, 0.0000000000000000000, 0.0000000000000000000 ) ) ;
#1295 = ORIENTED_EDGE ( 'NONE', *, *, #2243, .T. ) ;
#1296 = CARTESIAN_POINT ( 'NONE',  ( 68.06546948217065600, -11.37997275191315100, 19.06392253749558900 ) ) ;
#1297 = EDGE_CURVE ( 'NONE', #4226, #3241, #1213, .T. ) ;
#1298 = B_SPLINE_CURVE_WITH_KNOTS ( 'NONE', 3,
 ( #1783, #2881, #2531, #2165, #3623, #1740, #313, #1378 ),
 .UNSPECIFIED., .F., .F.,
 ( 4, 2, 2, 4 ),
 ( 6.938893903907228400E-018, 0.001011184197775857800, 0.001516776296663798400, 0.002022368395551739000 ),
 .UNSPECIFIED. ) ;
#1299 = CARTESIAN_POINT ( 'NONE',  ( 49.56494027749672400, -12.12987053000195600, 32.72725031989021000 ) ) ;
#1300 = DIRECTION ( 'NONE',  ( 1.000000000000000000, -1.301042606982605800E-016, 0.0000000000000000000 ) ) ;
#1301 = DIRECTION ( 'NONE',  ( -1.000000000000000000, 0.0000000000000000000, 0.0000000000000000000 ) ) ;
#1302 = CARTESIAN_POINT ( 'NONE',  ( 44.33807918422532200, -10.60352579019642700, 34.02340053449634600 ) ) ;
#1303 = CARTESIAN_POINT ( 'NONE',  ( -52.21979147293531300, 8.968106702901605900, 38.67498997922824300 ) ) ;
#1304 = AXIS2_PLACEMENT_3D ( 'NONE', #3253, #1041, #1061 ) ;
#1305 = CARTESIAN_POINT ( 'NONE',  ( -50.53765424673736100, -12.21801878822026100, 27.79094785967249900 ) ) ;
#1306 = ORIENTED_EDGE ( 'NONE', *, *, #3993, .T. ) ;
#1307 = ADVANCED_FACE ( 'NONE', ( #2315 ), #3425, .T. ) ;
#1308 = DIRECTION ( 'NONE',  ( -0.0000000000000000000, 0.0000000000000000000, 1.000000000000000000 ) ) ;
#1309 = CARTESIAN_POINT ( 'NONE',  ( 49.73975291550910100, 11.01769771678998600, 39.00000000000000700 ) ) ;
#1310 = VERTEX_POINT ( 'NONE', #4117 ) ;
#1311 = CARTESIAN_POINT ( 'NONE',  ( 51.96454548086663300, 12.50000000000001600, 8.041164040421744400 ) ) ;
#1312 = DIRECTION ( 'NONE',  ( 0.0000000000000000000, -0.6691803608836324200, -0.7431000232859984500 ) ) ;
#1313 = CARTESIAN_POINT ( 'NONE',  ( 67.99794286386482200, 11.93093386682187600, 6.139951908107560600 ) ) ;
#1314 = CARTESIAN_POINT ( 'NONE',  ( -53.50000000000000000, 9.000000000000007100, 37.20630521974641200 ) ) ;
#1315 = VERTEX_POINT ( 'NONE', #455 ) ;
#1316 = CARTESIAN_POINT ( 'NONE',  ( 63.86852633872057100, 12.22464378965063100, 27.41994777956550800 ) ) ;
#1317 = CARTESIAN_POINT ( 'NONE',  ( 51.51727721170031800, 7.301529298117145600, 38.83158993545555400 ) ) ;
#1318 = CARTESIAN_POINT ( 'NONE',  ( 47.01012494709674200, -12.12451163225275000, 33.02734859393588400 ) ) ;
#1319 = ORIENTED_EDGE ( 'NONE', *, *, #1388, .F. ) ;
#1320 = CARTESIAN_POINT ( 'NONE',  ( -53.78967950244948100, 9.500000000000008900, 37.61384145845485000 ) ) ;
#1321 = B_SPLINE_CURVE_WITH_KNOTS ( 'NONE', 3,
 ( #3508, #120, #4216, #902, #1979, #4164, #3493, #2719, #3840, #4525 ),
 .UNSPECIFIED., .F., .F.,
 ( 4, 2, 2, 2, 4 ),
 ( 0.0000000000000000000, 0.0004021469914384941600, 0.0008042939828769883300, 0.001206440974315482500, 0.001608587965753976700 ),
 .UNSPECIFIED. ) ;
#1322 = CARTESIAN_POINT ( 'NONE',  ( -49.19441614515185500, -10.69636201271522300, 29.92559423227823200 ) ) ;
#1323 = CARTESIAN_POINT ( 'NONE',  ( -50.94193590828643900, -12.41500549040947200, 16.75969253577601100 ) ) ;
#1324 = FACE_OUTER_BOUND ( 'NONE', #682, .T. ) ;
#1325 = CARTESIAN_POINT ( 'NONE',  ( -68.05930555300764700, -9.928482100566737900, 17.58861678794829000 ) ) ;
#1326 = EDGE_CURVE ( 'NONE', #4217, #4766, #3315, .T. ) ;
#1327 = CIRCLE ( 'NONE', #2971, 0.5000000000000004400 ) ;
#1328 = CARTESIAN_POINT ( 'NONE',  ( 33.45244499796046300, 8.193485938081032400E-015, 11.50000000000000000 ) ) ;
#1329 = ADVANCED_FACE ( 'NONE', ( #4732 ), #703, .T. ) ;
#1330 = VECTOR ( 'NONE', #3948, 1000.000000000000000 ) ;
#1331 = CARTESIAN_POINT ( 'NONE',  ( 41.62378500009423700, 10.58988809039670700, 34.62497709178454400 ) ) ;
#1332 = DIRECTION ( 'NONE',  ( -1.000000000000000000, 0.0000000000000000000, 0.0000000000000000000 ) ) ;
#1333 = VECTOR ( 'NONE', #2681, 1000.000000000000000 ) ;
#1334 = EDGE_CURVE ( 'NONE', #70, #3882, #2265, .T. ) ;
#1335 = CARTESIAN_POINT ( 'NONE',  ( 44.90615933651165600, -10.60884728817990600, 33.78863439070713100 ) ) ;
#1336 = CARTESIAN_POINT ( 'NONE',  ( -45.18825057151720900, -10.61147933415131700, 33.67251776054784100 ) ) ;
#1337 = CARTESIAN_POINT ( 'NONE',  ( -49.96596119252095000, -10.73433695587660000, 28.24802211229488300 ) ) ;
#1338 = VECTOR ( 'NONE', #1446, 1000.000000000000000 ) ;
#1339 = DIRECTION ( 'NONE',  ( -1.000000000000000000, 0.0000000000000000000, 0.0000000000000000000 ) ) ;
#1340 = CARTESIAN_POINT ( 'NONE',  ( 67.84687706988485400, -12.37989065772381600, 18.72612316746551300 ) ) ;
#1341 = ORIENTED_EDGE ( 'NONE', *, *, #3080, .F. ) ;
#1342 = CARTESIAN_POINT ( 'NONE',  ( 51.76858563925558300, 12.50000000000001800, 4.022252764637088700 ) ) ;
#1343 = DIRECTION ( 'NONE',  ( 1.000000000000000000, 0.0000000000000000000, 0.0000000000000000000 ) ) ;
#1344 = CARTESIAN_POINT ( 'NONE',  ( 67.12921572777867100, -11.37997275191315100, 18.71259803310268700 ) ) ;
#1345 = CARTESIAN_POINT ( 'NONE',  ( -52.41001181021050600, -10.26396686215137100, 25.19999999999998900 ) ) ;
#1346 = CARTESIAN_POINT ( 'NONE',  ( 43.44163613243675600, 10.59701722534151900, 34.31051437637592000 ) ) ;
#1347 = ORIENTED_EDGE ( 'NONE', *, *, #3965, .T. ) ;
#1348 = CARTESIAN_POINT ( 'NONE',  ( 51.75645668165808600, 7.990191500703970100, 38.64947226597858800 ) ) ;
#1349 = CARTESIAN_POINT ( 'NONE',  ( 45.99872768806243100, -10.62203907902595100, 33.20659423886839800 ) ) ;
#1350 = DIRECTION ( 'NONE',  ( 0.0000000000000000000, 0.0000000000000000000, -1.000000000000000000 ) ) ;
#1351 = CARTESIAN_POINT ( 'NONE',  ( -43.44163613243674100, -10.59701722534148900, 34.31051437637588500 ) ) ;
#1352 = B_SPLINE_CURVE_WITH_KNOTS ( 'NONE', 3,
 ( #2776, #2426, #967, #3494, #3525, #548, #4235, #1688 ),
 .UNSPECIFIED., .F., .F.,
 ( 4, 2, 2, 4 ),
 ( 0.0000000000000000000, 0.0002260025444331697100, 0.0004520050888663394200, 0.0009040101777326784100 ),
 .UNSPECIFIED. ) ;
#1353 = ORIENTED_EDGE ( 'NONE', *, *, #4794, .T. ) ;
#1354 = CARTESIAN_POINT ( 'NONE',  ( -50.89309027737279200, -12.26378347384741100, 25.22812546454529000 ) ) ;
#1355 = ADVANCED_FACE ( 'NONE', ( #1499 ), #4162, .T. ) ;
#1356 = ORIENTED_EDGE ( 'NONE', *, *, #4451, .F. ) ;
#1357 = CARTESIAN_POINT ( 'NONE',  ( 52.38488990300500300, 12.50000000000001600, 11.88099841212494900 ) ) ;
#1358 = CARTESIAN_POINT ( 'NONE',  ( 57.78806209208566000, -12.09898056743169000, 34.45708822384877800 ) ) ;
#1359 = EDGE_LOOP ( 'NONE', ( #2937, #1646, #2122, #2240 ) ) ;
#1360 = CARTESIAN_POINT ( 'NONE',  ( 60.00000000000000000, 1.469576158976823700E-014, 4.500000000000000900 ) ) ;
#1361 = EDGE_CURVE ( 'NONE', #1595, #1746, #3187, .T. ) ;
#1362 = CARTESIAN_POINT ( 'NONE',  ( 50.41534067367855700, 10.77524095740012400, 26.44021340945067800 ) ) ;
#1363 = CARTESIAN_POINT ( 'NONE',  ( -52.35793610002271900, 8.646656498185297600, 38.17520914441762200 ) ) ;
#1364 = CARTESIAN_POINT ( 'NONE',  ( -52.39575633166408900, 12.50000000000000000, 11.90954098925597800 ) ) ;
#1365 = EDGE_LOOP ( 'NONE', ( #438, #4022, #4196, #545 ) ) ;
#1366 = DIRECTION ( 'NONE',  ( -1.000000000000000000, 0.0000000000000000000, 1.905218919013523900E-015 ) ) ;
#1367 = DIRECTION ( 'NONE',  ( 1.000000000000000000, 1.317511500741878900E-016, -4.435622052497659600E-015 ) ) ;
#1368 = CARTESIAN_POINT ( 'NONE',  ( -58.74706313106526100, -12.14043853711483900, 32.13544192156859900 ) ) ;
#1369 = AXIS2_PLACEMENT_3D ( 'NONE', #1092, #1420, #4409 ) ;
#1370 = EDGE_LOOP ( 'NONE', ( #4156, #4559, #125 ) ) ;
#1371 = CARTESIAN_POINT ( 'NONE',  ( 67.99794286388979000, -11.93093386675031600, 6.139951908107266700 ) ) ;
#1372 = ORIENTED_EDGE ( 'NONE', *, *, #1739, .T. ) ;
#1373 = CARTESIAN_POINT ( 'NONE',  ( 62.49441286106127800, -12.19136565946919100, 29.28352306955920900 ) ) ;
#1374 = DIRECTION ( 'NONE',  ( -0.0000000000000000000, 0.0000000000000000000, -1.000000000000000000 ) ) ;
#1375 = CARTESIAN_POINT ( 'NONE',  ( 42.23720058854349400, 10.59126985348044400, 34.56403209170759500 ) ) ;
#1376 = VECTOR ( 'NONE', #2968, 1000.000000000000000 ) ;
#1377 = CARTESIAN_POINT ( 'NONE',  ( -52.42620308155630900, 12.49999999999999800, 11.96512880875489800 ) ) ;
#1378 = CARTESIAN_POINT ( 'NONE',  ( -68.55416431069579600, 9.856964201133454400, 17.58861678794828300 ) ) ;
#1379 = EDGE_CURVE ( 'NONE', #4631, #3006, #2034, .T. ) ;
#1380 = AXIS2_PLACEMENT_3D ( 'NONE', #517, #3105, #1623 ) ;
#1381 = LINE ( 'NONE', #4489, #1156 ) ;
#1382 = CARTESIAN_POINT ( 'NONE',  ( 51.58997213946248900, 7.614978847991160600, 39.07178433933037100 ) ) ;
#1383 = AXIS2_PLACEMENT_3D ( 'NONE', #3052, #1167, #848 ) ;
#1384 = CARTESIAN_POINT ( 'NONE',  ( -63.86427204399431900, -11.23535287463059100, 27.37029497622122800 ) ) ;
#1385 = CARTESIAN_POINT ( 'NONE',  ( -67.89570270120091800, -12.22383711858924800, 0.0000000000000000000 ) ) ;
#1386 = LINE ( 'NONE', #229, #4605 ) ;
#1387 = CARTESIAN_POINT ( 'NONE',  ( -69.00000000000000000, 0.0000000000000000000, 12.00000000000000000 ) ) ;
#1388 = EDGE_CURVE ( 'NONE', #2058, #37, #1321, .T. ) ;
#1389 = VECTOR ( 'NONE', #3163, 1000.000000000000000 ) ;
#1390 = CARTESIAN_POINT ( 'NONE',  ( 59.46838989580522400, -11.14059793776844200, 32.81262981138780800 ) ) ;
#1391 = CARTESIAN_POINT ( 'NONE',  ( 64.72117267288028600, 11.22480319030518600, 27.97622556318376800 ) ) ;
#1392 = FACE_OUTER_BOUND ( 'NONE', #2532, .T. ) ;
#1393 = CARTESIAN_POINT ( 'NONE',  ( 68.21066670754322600, -8.999999999999991100, 17.12903243034339300 ) ) ;
#1394 = CARTESIAN_POINT ( 'NONE',  ( -53.26308250229243400, 9.000000000000007100, 37.41680840990485300 ) ) ;
#1395 = CARTESIAN_POINT ( 'NONE',  ( -52.11112390848676100, 12.50000000000000400, 10.04768833795766300 ) ) ;
#1396 = AXIS2_PLACEMENT_3D ( 'NONE', #3731, #4484, #2666 ) ;
#1397 = VERTEX_POINT ( 'NONE', #111 ) ;
#1398 = CARTESIAN_POINT ( 'NONE',  ( -67.59991689214533000, 12.50000000000000000, 2.006043496704023300 ) ) ;
#1399 = AXIS2_PLACEMENT_3D ( 'NONE', #3849, #1635, #2105 ) ;
#1400 = CARTESIAN_POINT ( 'NONE',  ( 68.48352008316254600, -8.499999999999989300, 11.50000000000000000 ) ) ;
#1401 = ADVANCED_FACE ( 'NONE', ( #222 ), #3076, .T. ) ;
#1402 = ORIENTED_EDGE ( 'NONE', *, *, #4224, .F. ) ;
#1403 = DIRECTION ( 'NONE',  ( -0.0000000000000000000, -1.000000000000000000, -0.0000000000000000000 ) ) ;
#1404 = CIRCLE ( 'NONE', #1528, 2.000000000000000400 ) ;
#1405 = VERTEX_POINT ( 'NONE', #3451 ) ;
#1406 = CARTESIAN_POINT ( 'NONE',  ( -50.22260962504766700, -12.00221889621874100, 39.87574181174971200 ) ) ;
#1407 = CARTESIAN_POINT ( 'NONE',  ( 55.74999999999999300, 1.469576158976823700E-014, 40.00000000000000000 ) ) ;
#1408 = ORIENTED_EDGE ( 'NONE', *, *, #1934, .T. ) ;
#1409 = ORIENTED_EDGE ( 'NONE', *, *, #2377, .T. ) ;
#1410 = CARTESIAN_POINT ( 'NONE',  ( -52.39621351372110800, -12.50000000000003400, 11.91060609077100300 ) ) ;
#1411 = ORIENTED_EDGE ( 'NONE', *, *, #1447, .F. ) ;
#1412 = CARTESIAN_POINT ( 'NONE',  ( -50.48410110073059100, 10.80328860203454200, 25.19999999999998900 ) ) ;
#1413 = CARTESIAN_POINT ( 'NONE',  ( -67.12864170384901300, 12.49999999999999800, 11.95549106767203000 ) ) ;
#1414 = ORIENTED_EDGE ( 'NONE', *, *, #3578, .F. ) ;
#1415 = EDGE_CURVE ( 'NONE', #2697, #70, #2847, .T. ) ;
#1416 = CARTESIAN_POINT ( 'NONE',  ( -42.49415407502552000, 12.06221247682162100, 36.51610129799021100 ) ) ;
#1417 = CARTESIAN_POINT ( 'NONE',  ( -68.38380995264071800, 10.75974375068086400, 17.89527144725568800 ) ) ;
#1418 = ORIENTED_EDGE ( 'NONE', *, *, #2502, .T. ) ;
#1419 = CARTESIAN_POINT ( 'NONE',  ( 53.50000000000000700, -8.999999999999992900, 12.50000000000000000 ) ) ;
#1420 = DIRECTION ( 'NONE',  ( -0.0000000000000000000, -1.000000000000000000, -0.0000000000000000000 ) ) ;
#1421 = ADVANCED_FACE ( 'NONE', ( #407 ), #4561, .T. ) ;
#1422 = APPLICATION_PROTOCOL_DEFINITION ( 'international standard', 'config_control_design', 1994, #3967 ) ;
#1423 = EDGE_CURVE ( 'NONE', #2697, #1825, #4495, .T. ) ;
#1424 = ORIENTED_EDGE ( 'NONE', *, *, #4632, .T. ) ;
#1425 = CARTESIAN_POINT ( 'NONE',  ( -60.00000000000000000, 0.0000000000000000000, 4.499999999999997300 ) ) ;
#1426 = DIRECTION ( 'NONE',  ( -0.0000000000000000000, -1.000000000000000000, -0.0000000000000000000 ) ) ;
#1427 = CARTESIAN_POINT ( 'NONE',  ( -67.12921572777867100, 12.37981335125859600, 18.73045232951956200 ) ) ;
#1428 = DIRECTION ( 'NONE',  ( 3.854941057726238100E-016, -1.000000000000000000, 0.0000000000000000000 ) ) ;
#1429 = DIRECTION ( 'NONE',  ( -1.000000000000000000, -1.272857920698121200E-016, 0.0000000000000000000 ) ) ;
#1430 = DIRECTION ( 'NONE',  ( -0.8714808872645982700, 0.008756273094151150600, -0.4903512932724958800 ) ) ;
#1431 = ORIENTED_EDGE ( 'NONE', *, *, #3651, .T. ) ;
#1432 = CARTESIAN_POINT ( 'NONE',  ( 51.56018294759645900, 8.197160531355187600, 39.08908889836853700 ) ) ;
#1433 = CARTESIAN_POINT ( 'NONE',  ( -50.14960741338803300, -10.74772455293493100, 27.65642648584295300 ) ) ;
#1434 =( BOUNDED_CURVE ( )  B_SPLINE_CURVE ( 3, ( #3134, #3510, #3956, #1412 ),
 .UNSPECIFIED., .F., .F. ) 
 B_SPLINE_CURVE_WITH_KNOTS ( ( 4, 4 ),
 ( 1.285456524759292200, 1.297755489007205200 ),
 .UNSPECIFIED. ) 
 CURVE ( )  GEOMETRIC_REPRESENTATION_ITEM ( )  RATIONAL_B_SPLINE_CURVE ( ( 1.000000000000000000, 0.9999873946629263000, 0.9999873946629263000, 1.000000000000000000 ) ) 
 REPRESENTATION_ITEM ( '' )  );
#1435 = CARTESIAN_POINT ( 'NONE',  ( -49.56494027749673100, 12.12987053000197700, 32.72725031989020300 ) ) ;
#1436 = ORIENTED_EDGE ( 'NONE', *, *, #2054, .T. ) ;
#1437 = CARTESIAN_POINT ( 'NONE',  ( -53.78967950244948100, -8.999999999999987600, 37.61384145845484300 ) ) ;
#1438 = CARTESIAN_POINT ( 'NONE',  ( -49.73975291550910100, -12.01753831613539500, 39.01785429641687100 ) ) ;
#1439 = DIRECTION ( 'NONE',  ( 0.0000000000000000000, -0.0000000000000000000, -1.000000000000000000 ) ) ;
#1440 = LINE ( 'NONE', #3757, #1376 ) ;
#1441 = DIRECTION ( 'NONE',  ( -0.0000000000000000000, 0.0000000000000000000, -1.000000000000000000 ) ) ;
#1442 = LINE ( 'NONE', #2295, #1160 ) ;
#1443 = FACE_OUTER_BOUND ( 'NONE', #1359, .T. ) ;
#1444 = CARTESIAN_POINT ( 'NONE',  ( -50.86497159511171900, -12.16205946041054300, 30.92467021700921100 ) ) ;
#1445 = CARTESIAN_POINT ( 'NONE',  ( -52.74648521871928600, -8.867980919622588900, 38.33146937216995600 ) ) ;
#1446 = DIRECTION ( 'NONE',  ( -0.0000000000000000000, -0.0000000000000000000, -1.000000000000000000 ) ) ;
#1447 = EDGE_CURVE ( 'NONE', #3638, #2332, #4062, .T. ) ;
#1448 = CARTESIAN_POINT ( 'NONE',  ( -68.50292916534832000, -9.645009302692074000, 17.66474424148226100 ) ) ;
#1449 = ADVANCED_FACE ( 'NONE', ( #115 ), #1558, .T. ) ;
#1450 = CIRCLE ( 'NONE', #3136, 0.5000000000000017800 ) ;
#1451 = CARTESIAN_POINT ( 'NONE',  ( -49.31410986470547900, 12.12495528583857400, 33.00250399304088900 ) ) ;
#1452 = DIRECTION ( 'NONE',  ( 0.0000000000000000000, 0.0000000000000000000, 1.000000000000000000 ) ) ;
#1453 = DIRECTION ( 'NONE',  ( -1.000000000000000000, 0.0000000000000000000, 0.0000000000000000000 ) ) ;
#1454 = FACE_OUTER_BOUND ( 'NONE', #1234, .T. ) ;
#1455 = EDGE_CURVE ( 'NONE', #3672, #4766, #3872, .T. ) ;
#1456 = CARTESIAN_POINT ( 'NONE',  ( -68.34848362911321800, 9.606259329961174500, 18.28592759781224000 ) ) ;
#1457 = ORIENTED_EDGE ( 'NONE', *, *, #3386, .T. ) ;
#1458 = CARTESIAN_POINT ( 'NONE',  ( 52.18963662289582600, -12.50000000000002300, 10.79781535406911700 ) ) ;
#1459 = CARTESIAN_POINT ( 'NONE',  ( 68.65813053895301700, 9.000000000000008900, 17.36992749532870300 ) ) ;
#1460 = CARTESIAN_POINT ( 'NONE',  ( 41.62342621347252700, 10.58988809020116800, 34.62497709173094800 ) ) ;
#1461 = VERTEX_POINT ( 'NONE', #2809 ) ;
#1462 = ORIENTED_EDGE ( 'NONE', *, *, #1423, .F. ) ;
#1463 = CARTESIAN_POINT ( 'NONE',  ( 50.48410110073059800, 10.80328860203454900, 25.19999999999998900 ) ) ;
#1464 = DIRECTION ( 'NONE',  ( -1.000000000000000000, 0.0000000000000000000, 0.0000000000000000000 ) ) ;
#1465 = CARTESIAN_POINT ( 'NONE',  ( -41.75106181545075400, 12.06090092888058300, 36.58954798268834500 ) ) ;
#1466 = CYLINDRICAL_SURFACE ( 'NONE', #3982, 7.600000000000002300 ) ;
#1467 = CARTESIAN_POINT ( 'NONE',  ( 52.28740396533434200, -8.595742564663172700, 38.23201469803494500 ) ) ;
#1468 = AXIS2_PLACEMENT_3D ( 'NONE', #1033, #4692, #2142 ) ;
#1469 = ORIENTED_EDGE ( 'NONE', *, *, #3570, .T. ) ;
#1470 = CARTESIAN_POINT ( 'NONE',  ( -33.45244499796046300, 0.0000000000000000000, 0.0000000000000000000 ) ) ;
#1471 = VERTEX_POINT ( 'NONE', #2775 ) ;
#1472 = ADVANCED_FACE ( 'NONE', ( #4443 ), #4109, .F. ) ;
#1473 = DIRECTION ( 'NONE',  ( 0.0000000000000000000, -0.0000000000000000000, -1.000000000000000000 ) ) ;
#1474 = AXIS2_PLACEMENT_3D ( 'NONE', #3650, #332, #735 ) ;
#1475 = AXIS2_PLACEMENT_3D ( 'NONE', #3767, #822, #2285 ) ;
#1476 = ORIENTED_EDGE ( 'NONE', *, *, #953, .T. ) ;
#1477 = CARTESIAN_POINT ( 'NONE',  ( -100.0000000000000000, 11.01769771678998600, 39.00000000000000000 ) ) ;
#1478 = DIRECTION ( 'NONE',  ( 0.3535359218160311600, -0.0000000000000000000, 0.9354209490842555500 ) ) ;
#1479 = CARTESIAN_POINT ( 'NONE',  ( 46.04247538581408600, 12.08139473727198200, 35.44189471276992300 ) ) ;
#1480 = CARTESIAN_POINT ( 'NONE',  ( 51.63855923933275000, 12.50000000000001600, 0.0000000000000000000 ) ) ;
#1481 = VERTEX_POINT ( 'NONE', #628 ) ;
#1482 = EDGE_CURVE ( 'NONE', #244, #2332, #526, .T. ) ;
#1483 = CARTESIAN_POINT ( 'NONE',  ( 68.74411802600082000, -9.498659950146656400, 11.98732804969010200 ) ) ;
#1484 = ORIENTED_EDGE ( 'NONE', *, *, #1022, .T. ) ;
#1485 = DIRECTION ( 'NONE',  ( -1.000000000000000000, 2.478176394252420400E-015, -1.387778780781444700E-013 ) ) ;
#1486 = EDGE_CURVE ( 'NONE', #2183, #1685, #2097, .T. ) ;
#1487 = CARTESIAN_POINT ( 'NONE',  ( -50.61988474604488900, -11.27693392223161300, -1.372791119307738400E-016 ) ) ;
#1488 = CARTESIAN_POINT ( 'NONE',  ( 67.12921572777867100, 12.37981335125859600, 18.73045232951956500 ) ) ;
#1489 = DIRECTION ( 'NONE',  ( 0.0000000000000000000, 0.0000000000000000000, 1.000000000000000000 ) ) ;
#1490 =( BOUNDED_SURFACE ( )  B_SPLINE_SURFACE ( 3, 2, ( 
 ( #1812, #4420, #2576 ),
 ( #3713, #2920, #4033 ),
 ( #2205, #4015, #4083 ),
 ( #4356, #4387, #4727 ) ),
 .UNSPECIFIED., .F., .F., .F. ) 
 B_SPLINE_SURFACE_WITH_KNOTS ( ( 4, 4 ),
 ( 3, 3 ),
 ( 0.01716171747277957600, 0.01914362358484969100 ),
 ( 0.0000000000000000000, 1.000000000000000000 ),
 .UNSPECIFIED. ) 
 GEOMETRIC_REPRESENTATION_ITEM ( )  RATIONAL_B_SPLINE_SURFACE ( (
 ( 1.000000000000000000, 0.9713343707958201900, 1.000000000000000000),
 ( 1.000000000000000000, 0.9734500538545112200, 1.000000000000000000),
 ( 1.000000000000000000, 0.9754540985184455600, 1.000000000000000000),
 ( 1.000000000000000000, 0.9773319305628469500, 1.000000000000000000) ) ) 
 REPRESENTATION_ITEM ( '' )  SURFACE ( )  );
#1491 = FACE_OUTER_BOUND ( 'NONE', #4510, .T. ) ;
#1492 = CARTESIAN_POINT ( 'NONE',  ( 52.75984474808013400, -9.288905473316193100, 38.32235799564225700 ) ) ;
#1493 = CARTESIAN_POINT ( 'NONE',  ( 68.35925480192922500, -8.749413825988316500, 12.04761046966225600 ) ) ;
#1494 = CIRCLE ( 'NONE', #575, 4.250000000000003600 ) ;
#1495 = CARTESIAN_POINT ( 'NONE',  ( 68.90500615934925600, 8.880049951892084800, 11.52543339680875600 ) ) ;
#1496 = CARTESIAN_POINT ( 'NONE',  ( 67.12921572777868600, -12.37981335125859400, 18.73045232951952200 ) ) ;
#1497 = CARTESIAN_POINT ( 'NONE',  ( -68.23198404568364600, 10.89952512048745200, 18.62017357236326400 ) ) ;
#1498 = AXIS2_PLACEMENT_3D ( 'NONE', #607, #955, #1713 ) ;
#1499 = FACE_OUTER_BOUND ( 'NONE', #3847, .T. ) ;
#1500 = DIRECTION ( 'NONE',  ( 0.0000000000000000000, 0.0000000000000000000, 1.000000000000000000 ) ) ;
#1501 = LINE ( 'NONE', #3835, #4735 ) ;
#1502 = DIRECTION ( 'NONE',  ( -0.0000000000000000000, -1.000000000000000000, -0.0000000000000000000 ) ) ;
#1503 = ORIENTED_EDGE ( 'NONE', *, *, #4702, .F. ) ;
#1504 = CARTESIAN_POINT ( 'NONE',  ( 89.06250000000009900, -4.336808689942017700E-015, -0.0000000000000000000 ) ) ;
#1505 = CARTESIAN_POINT ( 'NONE',  ( 49.53734304758720000, 12.17585973669930500, 30.15185474491153500 ) ) ;
#1506 = EDGE_CURVE ( 'NONE', #1880, #1310, #4386, .T. ) ;
#1507 = DIRECTION ( 'NONE',  ( 0.0000000000000000000, 0.0000000000000000000, 1.000000000000000000 ) ) ;
#1508 = DIRECTION ( 'NONE',  ( 0.0000000000000000000, 0.0000000000000000000, 1.000000000000000000 ) ) ;
#1509 = EDGE_LOOP ( 'NONE', ( #267, #2117, #956, #3580 ) ) ;
#1510 = DIRECTION ( 'NONE',  ( 1.000000000000000000, -0.0000000000000000000, 0.0000000000000000000 ) ) ;
#1511 = CARTESIAN_POINT ( 'NONE',  ( 60.00000000000000000, 1.469576158976823700E-014, 12.00000000000000000 ) ) ;
#1512 = EDGE_CURVE ( 'NONE', #845, #1766, #372, .T. ) ;
#1513 = CARTESIAN_POINT ( 'NONE',  ( -47.25134655680641800, 10.64259326633438200, 32.29954596937894000 ) ) ;
#1514 = ORIENTED_EDGE ( 'NONE', *, *, #1739, .F. ) ;
#1515 = ORIENTED_EDGE ( 'NONE', *, *, #1153, .T. ) ;
#1516 = CARTESIAN_POINT ( 'NONE',  ( 50.04380007982553000, 12.13971070305475300, 32.17620062893481500 ) ) ;
#1517 = CARTESIAN_POINT ( 'NONE',  ( -68.05650005988289300, -9.122511775060763400, 18.30712686332680800 ) ) ;
#1518 = CARTESIAN_POINT ( 'NONE',  ( -44.46380836270371600, -12.09972951453985800, 34.41514718578024200 ) ) ;
#1519 = VECTOR ( 'NONE', #2834, 1000.000000000000000 ) ;
#1520 = VERTEX_POINT ( 'NONE', #1706 ) ;
#1521 = VERTEX_POINT ( 'NONE', #4611 ) ;
#1522 = CARTESIAN_POINT ( 'NONE',  ( 67.21677458940401100, -12.50000000000002000, 11.52621167494007000 ) ) ;
#1523 = EDGE_LOOP ( 'NONE', ( #2527, #969, #2987, #3789 ) ) ;
#1524 = CARTESIAN_POINT ( 'NONE',  ( 51.78165106344117400, -8.038458144688768000, 38.95293374660907700 ) ) ;
#1525 = CARTESIAN_POINT ( 'NONE',  ( 68.22565626216574200, -9.000000000000861500, 12.35937060547256800 ) ) ;
#1526 = CARTESIAN_POINT ( 'NONE',  ( -68.03215726986162800, -9.499999999999987600, 19.15237923442064600 ) ) ;
#1527 = CARTESIAN_POINT ( 'NONE',  ( 68.96942093112880900, 8.617899813170675200, 11.50000000000000000 ) ) ;
#1528 = AXIS2_PLACEMENT_3D ( 'NONE', #1345, #928, #623 ) ;
#1529 = ORIENTED_EDGE ( 'NONE', *, *, #1647, .F. ) ;
#1530 = CARTESIAN_POINT ( 'NONE',  ( 68.06546948217067000, 11.37997275191315300, 19.06392253749557100 ) ) ;
#1531 = CARTESIAN_POINT ( 'NONE',  ( 51.97237600193055600, 8.748182860800529400, 38.83249405952871300 ) ) ;
#1532 = CARTESIAN_POINT ( 'NONE',  ( 68.70798039291818800, 9.631770379426054500, 12.50000000000000000 ) ) ;
#1533 = ORIENTED_EDGE ( 'NONE', *, *, #2858, .F. ) ;
#1534 = DIRECTION ( 'NONE',  ( 0.0000000000000000000, 1.000000000000000000, 0.0000000000000000000 ) ) ;
#1535 = CARTESIAN_POINT ( 'NONE',  ( -43.57943824633743200, -12.06606584225223400, 36.30031283387423700 ) ) ;
#1536 = CARTESIAN_POINT ( 'NONE',  ( 67.09645525012328400, 12.50000000000001600, 12.00000000000000400 ) ) ;
#1537 = CARTESIAN_POINT ( 'NONE',  ( -55.74999999999999300, 5.204748896376259600E-016, 0.0000000000000000000 ) ) ;
#1538 = CARTESIAN_POINT ( 'NONE',  ( 50.41522443915106800, 10.77521748546305200, 26.44125113722752800 ) ) ;
#1539 = VERTEX_POINT ( 'NONE', #3168 ) ;
#1540 = CARTESIAN_POINT ( 'NONE',  ( -68.92035165155357400, -8.818048668475926300, 12.03148957874287100 ) ) ;
#1541 = DIRECTION ( 'NONE',  ( -0.0000000000000000000, -1.000000000000000000, -0.0000000000000000000 ) ) ;
#1542 = EDGE_CURVE ( 'NONE', #3109, #1168, #1583, .T. ) ;
#1543 = DIRECTION ( 'NONE',  ( 1.000000000000000000, 1.272857920698121500E-016, 0.0000000000000000000 ) ) ;
#1544 = ORIENTED_EDGE ( 'NONE', *, *, #4472, .T. ) ;
#1545 = AXIS2_PLACEMENT_3D ( 'NONE', #1097, #1157, #2584 ) ;
#1546 = CARTESIAN_POINT ( 'NONE',  ( 68.88057931033723900, 8.999999996740667600, 12.45753763521295500 ) ) ;
#1547 = CARTESIAN_POINT ( 'NONE',  ( -50.35075770258805500, 12.20732534021975900, 28.38978094764331300 ) ) ;
#1548 = ORIENTED_EDGE ( 'NONE', *, *, #4671, .F. ) ;
#1549 = CARTESIAN_POINT ( 'NONE',  ( -68.54848767209449500, -10.19771236539514300, 12.00265803687652000 ) ) ;
#1550 = DIRECTION ( 'NONE',  ( 0.0000000000000000000, 0.0000000000000000000, -1.000000000000000000 ) ) ;
#1551 = EDGE_CURVE ( 'NONE', #3375, #2853, #3645, .T. ) ;
#1552 = CARTESIAN_POINT ( 'NONE',  ( 50.41537085433849100, -10.77532554471270700, 26.43647272045875600 ) ) ;
#1553 = CARTESIAN_POINT ( 'NONE',  ( 68.87452535226920200, 9.000000000000007100, 12.50000000000000000 ) ) ;
#1554 = FACE_OUTER_BOUND ( 'NONE', #2624, .T. ) ;
#1555 = CARTESIAN_POINT ( 'NONE',  ( -68.56074706260315600, -10.15601111655838900, 17.55234304252876100 ) ) ;
#1556 = CARTESIAN_POINT ( 'NONE',  ( 51.37824976293907000, 12.17973098368839900, 29.93506491345064900 ) ) ;
#1557 = CARTESIAN_POINT ( 'NONE',  ( -68.52406277440448400, -10.28131329987184400, 17.49140620790017700 ) ) ;
#1558 = CYLINDRICAL_SURFACE ( 'NONE', #3416, 36.54755500203954500 ) ;
#1559 = CARTESIAN_POINT ( 'NONE',  ( 52.38006954182817800, -8.670842429794218400, 38.57211388732752500 ) ) ;
#1560 = AXIS2_PLACEMENT_3D ( 'NONE', #2844, #4027, #2495 ) ;
#1561 = CIRCLE ( 'NONE', #102, 35.54755500203954500 ) ;
#1562 = DIRECTION ( 'NONE',  ( -1.000000000000000000, -1.272857920698121200E-016, 0.0000000000000000000 ) ) ;
#1563 = CARTESIAN_POINT ( 'NONE',  ( -51.91121459150283400, -12.50000000000003600, 7.037229290110402300 ) ) ;
#1564 = FACE_OUTER_BOUND ( 'NONE', #2176, .T. ) ;
#1565 = CARTESIAN_POINT ( 'NONE',  ( 68.88057930994990800, -8.999999999608682800, 12.45762077566684100 ) ) ;
#1566 = CC_DESIGN_PERSON_AND_ORGANIZATION_ASSIGNMENT ( #3952, #4000, ( #2945 ) ) ;
#1567 = DIRECTION ( 'NONE',  ( -0.0000000000000000000, -1.000000000000000000, -0.0000000000000000000 ) ) ;
#1568 = ORIENTED_EDGE ( 'NONE', *, *, #147, .F. ) ;
#1569 = CARTESIAN_POINT ( 'NONE',  ( 43.45912430067407000, -10.59712408832082700, 34.30580048116993900 ) ) ;
#1570 = CARTESIAN_POINT ( 'NONE',  ( 53.50000000000000000, 8.500000000000005300, 12.50000000000000000 ) ) ;
#1571 = CARTESIAN_POINT ( 'NONE',  ( 48.51119268702741700, 10.67283893652653500, 30.96437781844544900 ) ) ;
#1572 = EDGE_LOOP ( 'NONE', ( #2695, #798, #3946, #1968 ) ) ;
#1573 = CARTESIAN_POINT ( 'NONE',  ( -68.74228834467450600, -9.507200831526263900, 11.18500783776326600 ) ) ;
#1574 = EDGE_CURVE ( 'NONE', #666, #1762, #1614, .T. ) ;
#1575 = DIRECTION ( 'NONE',  ( -1.000000000000000000, 0.0000000000000000000, 0.0000000000000000000 ) ) ;
#1576 = CARTESIAN_POINT ( 'NONE',  ( 51.50000000000000700, -6.999999999999993800, 39.12706630442109200 ) ) ;
#1577 = CARTESIAN_POINT ( 'NONE',  ( -52.47702185195778000, -12.50000000000002700, 12.00000000000000700 ) ) ;
#1578 = FACE_OUTER_BOUND ( 'NONE', #211, .T. ) ;
#1579 = ORIENTED_EDGE ( 'NONE', *, *, #624, .T. ) ;
#1580 = CARTESIAN_POINT ( 'NONE',  ( -48.19016542231954500, 12.14383142395741400, 31.94544025839347500 ) ) ;
#1581 = ORIENTED_EDGE ( 'NONE', *, *, #4384, .F. ) ;
#1582 = EDGE_CURVE ( 'NONE', #3628, #4076, #1917, .T. ) ;
#1583 =( BOUNDED_CURVE ( )  B_SPLINE_CURVE ( 3, ( #1427, #2181, #2145, #261 ),
 .UNSPECIFIED., .F., .F. ) 
 B_SPLINE_CURVE_WITH_KNOTS ( ( 4, 4 ),
 ( 5.071374394472804200, 5.770670950372984700 ),
 .UNSPECIFIED. ) 
 CURVE ( )  GEOMETRIC_REPRESENTATION_ITEM ( )  RATIONAL_B_SPLINE_CURVE ( ( 1.000000000000000000, 0.9596621729736618500, 0.9596621729736618500, 1.000000000000000000 ) ) 
 REPRESENTATION_ITEM ( '' )  );
#1584 = AXIS2_PLACEMENT_3D ( 'NONE', #927, #3520, #4606 ) ;
#1585 = DIRECTION ( 'NONE',  ( -3.854941057726238100E-016, -1.000000000000000000, 0.0000000000000000000 ) ) ;
#1586 = CIRCLE ( 'NONE', #2190, 7.599999999999996100 ) ;
#1587 = EDGE_LOOP ( 'NONE', ( #145, #4714, #3212, #2496 ) ) ;
#1588 = CARTESIAN_POINT ( 'NONE',  ( 51.56355844010655400, 8.203366514095654000, 39.08701610403812100 ) ) ;
#1589 = CARTESIAN_POINT ( 'NONE',  ( 53.60346171262431600, 12.06044012634897400, 36.61535292445854100 ) ) ;
#1590 = ORIENTED_EDGE ( 'NONE', *, *, #3596, .T. ) ;
#1591 = CARTESIAN_POINT ( 'NONE',  ( 67.63291676756553300, -12.50000000000001800, 0.0000000000000000000 ) ) ;
#1592 = CARTESIAN_POINT ( 'NONE',  ( -68.58512807978922900, 10.07084274674419800, 11.73714824869174200 ) ) ;
#1593 = DIRECTION ( 'NONE',  ( 0.0000000000000000000, 0.0000000000000000000, 1.000000000000000000 ) ) ;
#1594 = CARTESIAN_POINT ( 'NONE',  ( -68.67804623632248700, 9.740965146755533200, 11.35543389996276000 ) ) ;
#1595 = VERTEX_POINT ( 'NONE', #4752 ) ;
#1596 = CARTESIAN_POINT ( 'NONE',  ( -43.59690705279483300, 12.06613577813100600, 36.29639642466465700 ) ) ;
#1597 = AXIS2_PLACEMENT_3D ( 'NONE', #1360, #1735, #4608 ) ;
#1598 = VERTEX_POINT ( 'NONE', #3306 ) ;
#1599 = CARTESIAN_POINT ( 'NONE',  ( 68.22565626216594100, -8.999999999999991100, 12.50000000000000000 ) ) ;
#1600 = DIRECTION ( 'NONE',  ( 0.0000000000000000000, 0.0000000000000000000, 1.000000000000000000 ) ) ;
#1601 = CARTESIAN_POINT ( 'NONE',  ( 67.12921572777867100, -11.37997275191316500, 18.71259803310269000 ) ) ;
#1602 = CARTESIAN_POINT ( 'NONE',  ( 49.73975291550911500, 12.01753831613542900, 39.01785429641687100 ) ) ;
#1603 = VERTEX_POINT ( 'NONE', #4716 ) ;
#1604 = EDGE_CURVE ( 'NONE', #1867, #3755, #4209, .T. ) ;
#1605 = CARTESIAN_POINT ( 'NONE',  ( 89.06250000000009900, -4.336808689942017700E-015, 25.19999999999998900 ) ) ;
#1606 = CARTESIAN_POINT ( 'NONE',  ( 50.48014885153986600, 10.78917517311061200, 25.82415134009629300 ) ) ;
#1607 = CARTESIAN_POINT ( 'NONE',  ( -67.10331813951576400, -12.50000000000003600, 11.99448430041468700 ) ) ;
#1608 = ORIENTED_EDGE ( 'NONE', *, *, #4291, .F. ) ;
#1609 = EDGE_CURVE ( 'NONE', #2708, #2081, #2838, .T. ) ;
#1610 = CARTESIAN_POINT ( 'NONE',  ( 52.41001181021050600, -12.26364806084226100, 25.23570859283375600 ) ) ;
#1611 = CYLINDRICAL_SURFACE ( 'NONE', #2464, 2.000000000000001800 ) ;
#1612 = CARTESIAN_POINT ( 'NONE',  ( -41.64872080305120500, 12.08864711682987500, 35.03576145757458000 ) ) ;
#1613 = CARTESIAN_POINT ( 'NONE',  ( 68.93389590337555700, -8.764309207739415800, 12.03186741785172800 ) ) ;
#1614 = LINE ( 'NONE', #4004, #1733 ) ;
#1615 = AXIS2_PLACEMENT_3D ( 'NONE', #3667, #1782, #4367 ) ;
#1616 = CARTESIAN_POINT ( 'NONE',  ( 43.15689307257084600, -10.59540367752746300, 34.38168924998190300 ) ) ;
#1617 = AXIS2_PLACEMENT_3D ( 'NONE', #4481, #2255, #4085 ) ;
#1618 = CARTESIAN_POINT ( 'NONE',  ( 67.11349412423503200, -12.50000000000001800, 11.98293117718858400 ) ) ;
#1619 = ADVANCED_FACE ( 'NONE', ( #636 ), #1860, .T. ) ;
#1620 = CARTESIAN_POINT ( 'NONE',  ( -67.13450407670984500, -12.50000000000003700, 11.94014582487074700 ) ) ;
#1621 = CIRCLE ( 'NONE', #2991, 1.000000000000000200 ) ;
#1622 = CARTESIAN_POINT ( 'NONE',  ( 51.23767704950691400, -12.17371780890523100, 30.27180270130694600 ) ) ;
#1623 = DIRECTION ( 'NONE',  ( 1.000000000000000000, 0.0000000000000000000, 0.0000000000000000000 ) ) ;
#1624 = ORIENTED_EDGE ( 'NONE', *, *, #4320, .F. ) ;
#1625 = CARTESIAN_POINT ( 'NONE',  ( 50.23031275401330500, -10.75484184233228600, 27.34187536507981900 ) ) ;
#1626 = CARTESIAN_POINT ( 'NONE',  ( -44.17245700941089100, 12.09787863428456100, 34.51879648006165300 ) ) ;
#1627 = B_SPLINE_CURVE_WITH_KNOTS ( 'NONE', 3,
 ( #3260, #1899, #4621, #4779, #2577, #4449, #2253, #64, #34, #3002, #2658, #1513, #2680, #3741, #1901, #3754, #1184, #4141, #460, #4657, #2833, #618, #3551 ),
 .UNSPECIFIED., .F., .F.,
 ( 4, 2, 2, 2, 2, 2, 2, 2, 1, 2, 2, 4 ),
 ( 3.469446951953614200E-018, 0.001844808349461743000, 0.002767212524192610600, 0.003689616698923478300, 0.005534425048385232400, 0.007379233397846984300, 0.009224041747308738000, 0.01014644592203959800, 0.01106885009677046100, 0.01199125427150132100, 0.01291365844623218300, 0.01475846679569388400 ),
 .UNSPECIFIED. ) ;
#1628 = ORIENTED_EDGE ( 'NONE', *, *, #4513, .F. ) ;
#1629 = EDGE_CURVE ( 'NONE', #244, #4517, #283, .T. ) ;
#1630 = CARTESIAN_POINT ( 'NONE',  ( -66.23636323013381900, 11.30522867474895300, 23.35691568748749000 ) ) ;
#1631 = CARTESIAN_POINT ( 'NONE',  ( 68.48352008316254600, 8.500000000000007100, 12.00000000000000000 ) ) ;
#1632 = EDGE_LOOP ( 'NONE', ( #1132, #4182, #3303, #2169 ) ) ;
#1633 = ORIENTED_EDGE ( 'NONE', *, *, #1868, .F. ) ;
#1634 = ORIENTED_EDGE ( 'NONE', *, *, #3237, .T. ) ;
#1635 = DIRECTION ( 'NONE',  ( -0.0000000000000000000, -0.0000000000000000000, -1.000000000000000000 ) ) ;
#1636 = CARTESIAN_POINT ( 'NONE',  ( -68.53657872357433700, 10.23885267196017200, 12.09847525560376400 ) ) ;
#1637 = EDGE_CURVE ( 'NONE', #2708, #37, #923, .T. ) ;
#1638 = DIRECTION ( 'NONE',  ( -0.8714808872645969400, 0.008756273094151194000, 0.4903512932724983200 ) ) ;
#1639 = CIRCLE ( 'NONE', #1074, 4.250000000000003600 ) ;
#1640 = ORIENTED_EDGE ( 'NONE', *, *, #2243, .F. ) ;
#1641 = CARTESIAN_POINT ( 'NONE',  ( 51.57632788347209600, -7.627806972339643100, 39.08054346325327100 ) ) ;
#1642 = ORIENTED_EDGE ( 'NONE', *, *, #1379, .T. ) ;
#1643 = CARTESIAN_POINT ( 'NONE',  ( 52.01660159872520200, -12.21119565705728900, 28.17304320479186300 ) ) ;
#1644 =( BOUNDED_SURFACE ( )  B_SPLINE_SURFACE ( 3, 2, ( 
 ( #794, #764, #1181 ),
 ( #3001, #1546, #780 ),
 ( #3030, #4139, #2677 ),
 ( #1136, #405, #807 ),
 ( #1197, #3049, #3356 ),
 ( #1933, #3724, #2984 ),
 ( #1150, #4492, #422 ),
 ( #1164, #458, #1495 ),
 ( #3390, #3753, #1866 ),
 ( #2298, #1918, #1527 ) ),
 .UNSPECIFIED., .F., .F., .T. ) 
 B_SPLINE_SURFACE_WITH_KNOTS ( ( 4, 2, 2, 2, 4 ),
 ( 3, 3 ),
 ( 0.0006542488606490195700, 0.001051526716227337100, 0.001448804571805654800, 0.001846082427383972600, 0.002243360282962290100 ),
 ( 0.0000000000000000000, 1.000000000000000000 ),
 .UNSPECIFIED. ) 
 GEOMETRIC_REPRESENTATION_ITEM ( )  RATIONAL_B_SPLINE_SURFACE ( (
 ( 1.000000000000000000, 0.6068192651638155700, 1.000000000000000000),
 ( 1.000000000000000000, 0.6067708262666435800, 1.000000000000000000),
 ( 1.000000000000000000, 0.6101083237606453900, 1.000000000000000000),
 ( 1.000000000000000000, 0.6220705122401751800, 1.000000000000000000),
 ( 1.000000000000000000, 0.6307236845404732300, 1.000000000000000000),
 ( 1.000000000000000000, 0.6506229428325845900, 1.000000000000000000),
 ( 1.000000000000000000, 0.6620079524640989400, 1.000000000000000000),
 ( 1.000000000000000000, 0.6847739886120091100, 1.000000000000000000),
 ( 1.000000000000000000, 0.6964647101003520500, 1.000000000000000000),
 ( 1.000000000000000000, 0.7071067811865468000, 1.000000000000000000) ) ) 
 REPRESENTATION_ITEM ( '' )  SURFACE ( )  );
#1645 = CARTESIAN_POINT ( 'NONE',  ( -51.35773380350799800, 7.717399487387102600, 39.21261421469978400 ) ) ;
#1646 = ORIENTED_EDGE ( 'NONE', *, *, #2443, .T. ) ;
#1647 = EDGE_CURVE ( 'NONE', #751, #446, #4439, .T. ) ;
#1648 = AXIS2_PLACEMENT_3D ( 'NONE', #1155, #448, #799 ) ;
#1649 = ADVANCED_FACE ( 'NONE', ( #4670 ), #4601, .T. ) ;
#1650 = AXIS2_PLACEMENT_3D ( 'NONE', #1747, #3914, #2839 ) ;
#1651 = CARTESIAN_POINT ( 'NONE',  ( 52.41001181021050600, -12.26364806084226100, 25.23570859283376000 ) ) ;
#1652 = CARTESIAN_POINT ( 'NONE',  ( 50.61988474604488900, -11.27693392223161300, 0.0000000000000000000 ) ) ;
#1653 = DIRECTION ( 'NONE',  ( -3.854941057726238100E-016, 1.000000000000000000, -0.0000000000000000000 ) ) ;
#1654 = CARTESIAN_POINT ( 'NONE',  ( -67.63291676756551900, -12.50000000000003600, 0.0000000000000000000 ) ) ;
#1655 = AXIS2_PLACEMENT_3D ( 'NONE', #1134, #793, #3419 ) ;
#1656 = ORIENTED_EDGE ( 'NONE', *, *, #2177, .T. ) ;
#1657 = CARTESIAN_POINT ( 'NONE',  ( 51.79752733791463000, -12.19846071684876400, 28.88619985646912300 ) ) ;
#1658 = CARTESIAN_POINT ( 'NONE',  ( 41.00000000000000000, -12.08864711681942900, 35.03576145811133800 ) ) ;
#1659 = ORIENTED_EDGE ( 'NONE', *, *, #4320, .T. ) ;
#1660 = DIRECTION ( 'NONE',  ( 0.0000000000000000000, 0.0000000000000000000, 1.000000000000000000 ) ) ;
#1661 = CARTESIAN_POINT ( 'NONE',  ( -49.57148573974494400, -12.12951918673297200, 32.74692554295313600 ) ) ;
#1662 = ORIENTED_EDGE ( 'NONE', *, *, #4702, .T. ) ;
#1663 = CARTESIAN_POINT ( 'NONE',  ( -50.99172285654545100, -12.56607648552996000, 8.299716809001129300 ) ) ;
#1664 = EDGE_CURVE ( 'NONE', #1685, #1746, #2, .T. ) ;
#1665 = EDGE_LOOP ( 'NONE', ( #3500, #3983, #2337, #2644 ) ) ;
#1666 = CARTESIAN_POINT ( 'NONE',  ( 67.63291676756550400, 12.50000000000001800, 0.0000000000000000000 ) ) ;
#1667 = CARTESIAN_POINT ( 'NONE',  ( -33.45244499796046300, 0.0000000000000000000, 12.00000000000000000 ) ) ;
#1668 = ADVANCED_FACE ( 'NONE', ( #2259 ), #3991, .T. ) ;
#1669 = DIRECTION ( 'NONE',  ( -1.000000000000000000, 0.0000000000000000000, 0.0000000000000000000 ) ) ;
#1670 = VECTOR ( 'NONE', #1208, 1000.000000000000000 ) ;
#1671 = CARTESIAN_POINT ( 'NONE',  ( -68.03782457130452600, -11.81481942539948800, 12.46444424279250800 ) ) ;
#1672 = EDGE_CURVE ( 'NONE', #751, #2138, #3647, .T. ) ;
#1673 = CARTESIAN_POINT ( 'NONE',  ( -67.87929670626078900, -8.621148209183788300, 12.00000000000000200 ) ) ;
#1674 = CARTESIAN_POINT ( 'NONE',  ( -53.78967950244948800, -9.499999999999991100, 37.61384145845485000 ) ) ;
#1675 = LINE ( 'NONE', #4431, #3127 ) ;
#1676 = CARTESIAN_POINT ( 'NONE',  ( -49.86041966186604000, -10.72779304956352100, 28.53715964864088800 ) ) ;
#1677 = CARTESIAN_POINT ( 'NONE',  ( -52.45242512573776800, -12.41510544222476400, 16.75409523541490800 ) ) ;
#1678 = CARTESIAN_POINT ( 'NONE',  ( 50.52839113330280400, -10.96144771513196600, 16.78524431657668400 ) ) ;
#1679 = VECTOR ( 'NONE', #1350, 1000.000000000000000 ) ;
#1680 = DIRECTION ( 'NONE',  ( 1.272857920698121500E-016, -1.000000000000000000, 0.0000000000000000000 ) ) ;
#1681 = FACE_OUTER_BOUND ( 'NONE', #425, .T. ) ;
#1682 = PLANE ( 'NONE',  #2955 ) ;
#1683 = CARTESIAN_POINT ( 'NONE',  ( -68.05930555300764700, 9.928482100566730800, 17.58861678794828300 ) ) ;
#1684 = DIRECTION ( 'NONE',  ( 0.8150724774168809400, 0.0000000000000000000, -0.5793590048989556400 ) ) ;
#1685 = VERTEX_POINT ( 'NONE', #2617 ) ;
#1686 = DIRECTION ( 'NONE',  ( 1.000000000000000000, -0.0000000000000000000, 0.0000000000000000000 ) ) ;
#1687 = CARTESIAN_POINT ( 'NONE',  ( -67.05272237337341300, -12.60432488920500800, 6.157806204520879200 ) ) ;
#1688 = CARTESIAN_POINT ( 'NONE',  ( -67.96879860929991000, 8.500000000000007100, 12.00000000000000000 ) ) ;
#1689 = CARTESIAN_POINT ( 'NONE',  ( 49.56494027765074200, -12.12987052999882600, 32.72725032006548700 ) ) ;
#1690 = CARTESIAN_POINT ( 'NONE',  ( 68.69877181036888200, 9.355946513534375300, 17.24412041921436500 ) ) ;
#1691 = ORIENTED_EDGE ( 'NONE', *, *, #2270, .T. ) ;
#1692 = DIRECTION ( 'NONE',  ( -0.0000000000000000000, 1.000000000000000000, 0.0000000000000000000 ) ) ;
#1693 = CARTESIAN_POINT ( 'NONE',  ( -49.84515781546036800, -12.18596729495189200, 29.58583148271252800 ) ) ;
#1694 = ADVANCED_FACE ( 'NONE', ( #2032 ), #2954, .T. ) ;
#1695 = DIRECTION ( 'NONE',  ( -0.0000000000000000000, -0.0000000000000000000, 1.000000000000000000 ) ) ;
#1696 = FACE_OUTER_BOUND ( 'NONE', #1587, .T. ) ;
#1697 = VERTEX_POINT ( 'NONE', #3717 ) ;
#1698 = ORIENTED_EDGE ( 'NONE', *, *, #749, .T. ) ;
#1699 = DIRECTION ( 'NONE',  ( -0.0000000000000000000, -0.0000000000000000000, -1.000000000000000000 ) ) ;
#1700 = FACE_OUTER_BOUND ( 'NONE', #1714, .T. ) ;
#1701 = ORIENTED_EDGE ( 'NONE', *, *, #4384, .T. ) ;
#1702 = DIRECTION ( 'NONE',  ( -0.1316013704991788300, 0.9105984827761644000, -0.3917798903063879900 ) ) ;
#1703 = CARTESIAN_POINT ( 'NONE',  ( -67.56444679531951200, 9.000000000000007100, 18.97561127351262300 ) ) ;
#1704 = EDGE_CURVE ( 'NONE', #2247, #1902, #4423, .T. ) ;
#1705 = CARTESIAN_POINT ( 'NONE',  ( 46.75913300035340100, 10.63349062296330200, 32.70127002982832200 ) ) ;
#1706 = CARTESIAN_POINT ( 'NONE',  ( 51.50000000000000700, -6.999999999999992900, 12.50000000000000000 ) ) ;
#1707 = EDGE_LOOP ( 'NONE', ( #946, #1023, #4575, #4221, #2788 ) ) ;
#1708 = CARTESIAN_POINT ( 'NONE',  ( 46.20335126137479900, -12.11494589599314500, 33.56302982433788900 ) ) ;
#1709 = CARTESIAN_POINT ( 'NONE',  ( -47.24628062509985000, -10.64249317649882600, 32.30396351623544900 ) ) ;
#1710 = CARTESIAN_POINT ( 'NONE',  ( -50.14912867777154300, -10.74768475975614700, 27.65818509373426800 ) ) ;
#1711 = ORIENTED_EDGE ( 'NONE', *, *, #3993, .F. ) ;
#1712 = DIRECTION ( 'NONE',  ( -0.9362537543919813300, 0.0000000000000000000, 0.3513245043929039700 ) ) ;
#1713 = DIRECTION ( 'NONE',  ( -1.000000000000000000, 0.0000000000000000000, 0.0000000000000000000 ) ) ;
#1714 = EDGE_LOOP ( 'NONE', ( #2859, #4656, #2766, #3115 ) ) ;
#1715 = CARTESIAN_POINT ( 'NONE',  ( -50.48410110073060500, 10.80328860203454200, 25.19999999999998900 ) ) ;
#1716 = AXIS2_PLACEMENT_3D ( 'NONE', #2745, #529, #1994 ) ;
#1717 = DIRECTION ( 'NONE',  ( -1.000000000000000000, 0.0000000000000000000, 0.0000000000000000000 ) ) ;
#1718 = ADVANCED_FACE ( 'NONE', ( #4730 ), #3712, .T. ) ;
#1719 = CARTESIAN_POINT ( 'NONE',  ( -52.60276507945079100, 8.791675811444271500, 37.97518258277777600 ) ) ;
#1720 = ORIENTED_EDGE ( 'NONE', *, *, #3258, .T. ) ;
#1721 = CARTESIAN_POINT ( 'NONE',  ( 68.71952179349463600, -9.589524952001845300, 17.09298359527847200 ) ) ;
#1722 = CARTESIAN_POINT ( 'NONE',  ( -68.07658807808198300, -11.70010652064240000, 18.71259803310266900 ) ) ;
#1723 = CARTESIAN_POINT ( 'NONE',  ( 49.31410986464655400, -12.12495528583974100, 33.00250399297411300 ) ) ;
#1724 = ORIENTED_EDGE ( 'NONE', *, *, #3688, .F. ) ;
#1725 = DIRECTION ( 'NONE',  ( 0.0000000000000000000, 0.0000000000000000000, -1.000000000000000000 ) ) ;
#1726 = CC_DESIGN_APPROVAL ( #87, ( #3068 ) ) ;
#1727 = AXIS2_PLACEMENT_3D ( 'NONE', #1133, #4077, #2604 ) ;
#1728 = B_SPLINE_CURVE_WITH_KNOTS ( 'NONE', 3,
 ( #2070, #3142, #1342, #4244, #1311, #4603, #2408, #3895, #3587, #3930, #238, #3535, #4625, #1357, #3518, #958, #1293, #707, #2194, #2558 ),
 .UNSPECIFIED., .F., .F.,
 ( 4, 2, 2, 2, 2, 2, 2, 2, 2, 4 ),
 ( 0.0000000000000000000, 0.006036396567543976500, 0.009054594851315964800, 0.01056369399320195900, 0.01131824356414495900, 0.01169551834961645600, 0.01188415574235220300, 0.01197847443872008000, 0.01202563378690402000, 0.01207279313508795800 ),
 .UNSPECIFIED. ) ;
#1729 = CARTESIAN_POINT ( 'NONE',  ( -47.62401462374836600, -12.09862123405638500, 34.47721089284196000 ) ) ;
#1730 = LINE ( 'NONE', #53, #2200 ) ;
#1731 = EDGE_CURVE ( 'NONE', #4006, #446, #2499, .T. ) ;
#1732 =( BOUNDED_SURFACE ( )  B_SPLINE_SURFACE ( 3, 2, ( 
 ( #469, #2545, #4504 ),
 ( #2308, #744, #2211 ),
 ( #816, #1096, #93 ),
 ( #4413, #325, #1174 ),
 ( #2293, #2670, #837 ),
 ( #2931, #1080, #4786 ),
 ( #3666, #1826, #366 ),
 ( #4394, #4770, #912 ),
 ( #2744, #4532, #1238 ),
 ( #1265, #3102, #1592 ),
 ( #3808, #3852, #134 ),
 ( #1975, #3464, #1636 ),
 ( #4203, #3491, #4582 ),
 ( #4213, #4176, #868 ) ),
 .UNSPECIFIED., .F., .F., .F. ) 
 B_SPLINE_SURFACE_WITH_KNOTS ( ( 4, 2, 2, 2, 2, 2, 4 ),
 ( 3, 3 ),
 ( 1.734723475976807100E-018, 0.0005960800843663349100, 0.0008941201265495015500, 0.001192160168732668100, 0.001490200210915834800, 0.001788240253099001400, 0.002384320337465334400 ),
 ( 0.0000000000000000000, 1.000000000000000000 ),
 .UNSPECIFIED. ) 
 GEOMETRIC_REPRESENTATION_ITEM ( )  RATIONAL_B_SPLINE_SURFACE ( (
 ( 1.000000000000000000, 0.7071067811865469100, 1.000000000000000000),
 ( 1.000000000000000000, 0.6961789539034554100, 1.000000000000000000),
 ( 1.000000000000000000, 0.6842546416508584800, 1.000000000000000000),
 ( 1.000000000000000000, 0.6660921609882317600, 1.000000000000000000),
 ( 1.000000000000000000, 0.6600910751156768800, 1.000000000000000000),
 ( 1.000000000000000000, 0.6482975353957231000, 1.000000000000000000),
 ( 1.000000000000000000, 0.6424477239135344400, 1.000000000000000000),
 ( 1.000000000000000000, 0.6315657736559647800, 1.000000000000000000),
 ( 1.000000000000000000, 0.6264978716483442500, 1.000000000000000000),
 ( 1.000000000000000000, 0.6173133619391424400, 1.000000000000000000),
 ( 1.000000000000000000, 0.6132076852820085300, 1.000000000000000000),
 ( 1.000000000000000000, 0.6032251387699215700, 1.000000000000000000),
 ( 1.000000000000000000, 0.5994193400495501100, 1.000000000000000000),
 ( 1.000000000000000000, 0.5994525419614744600, 1.000000000000000000) ) ) 
 REPRESENTATION_ITEM ( '' )  SURFACE ( )  );
#1733 = VECTOR ( 'NONE', #1798, 1000.000000000000000 ) ;
#1734 = DIRECTION ( 'NONE',  ( -0.5793590048989556400, 0.0000000000000000000, -0.8150724774168809400 ) ) ;
#1735 = DIRECTION ( 'NONE',  ( -0.0000000000000000000, -0.0000000000000000000, 1.000000000000000000 ) ) ;
#1736 = CARTESIAN_POINT ( 'NONE',  ( 49.03376607312083000, 10.69035823779482900, 30.19074282828609800 ) ) ;
#1737 = CARTESIAN_POINT ( 'NONE',  ( -51.97035774453559000, 8.295465990156291300, 38.48350818493591400 ) ) ;
#1738 = CIRCLE ( 'NONE', #4438, 4.250000000000003600 ) ;
#1739 = EDGE_CURVE ( 'NONE', #4517, #457, #56, .T. ) ;
#1740 = CARTESIAN_POINT ( 'NONE',  ( -68.46829010464414000, 9.552399743444258500, 17.71622677013476700 ) ) ;
#1741 = CARTESIAN_POINT ( 'NONE',  ( -67.21677100556131300, 12.50000000000000200, 11.52624193753157500 ) ) ;
#1742 = CARTESIAN_POINT ( 'NONE',  ( 51.51851608120581700, 7.313219480663525100, 39.11573632253561100 ) ) ;
#1743 = ADVANCED_FACE ( 'NONE', ( #1266 ), #1034, .T. ) ;
#1744 = VECTOR ( 'NONE', #2214, 1000.000000000000000 ) ;
#1745 = CARTESIAN_POINT ( 'NONE',  ( 67.63291676756550400, 12.50000000000001800, 0.0000000000000000000 ) ) ;
#1746 = VERTEX_POINT ( 'NONE', #2304 ) ;
#1747 = CARTESIAN_POINT ( 'NONE',  ( -67.12921572777867100, -11.37997275191315100, 18.71259803310267200 ) ) ;
#1748 = APPROVAL_STATUS ( 'not_yet_approved' ) ;
#1749 = ORIENTED_EDGE ( 'NONE', *, *, #2094, .F. ) ;
#1750 = CARTESIAN_POINT ( 'NONE',  ( 48.12037374643391300, 10.66216119155334100, 31.43578717412613700 ) ) ;
#1751 = EDGE_LOOP ( 'NONE', ( #2325, #2434, #2659, #2755 ) ) ;
#1752 = ORIENTED_EDGE ( 'NONE', *, *, #1551, .T. ) ;
#1753 = CARTESIAN_POINT ( 'NONE',  ( -67.56444679531951200, -8.999999999999991100, 12.50000000000000000 ) ) ;
#1754 = CARTESIAN_POINT ( 'NONE',  ( -67.28962114688840800, 12.50000000000000000, 10.77739143416909700 ) ) ;
#1755 = FACE_OUTER_BOUND ( 'NONE', #3045, .T. ) ;
#1756 = VERTEX_POINT ( 'NONE', #430 ) ;
#1757 = CARTESIAN_POINT ( 'NONE',  ( 51.49999999999999300, 7.000000000000004400, 39.12706630442107100 ) ) ;
#1758 = ORIENTED_EDGE ( 'NONE', *, *, #2377, .F. ) ;
#1759 = CARTESIAN_POINT ( 'NONE',  ( -54.18505639271019400, -12.04619628968329300, 37.41300777715960600 ) ) ;
#1760 = EDGE_CURVE ( 'NONE', #2457, #2967, #1856, .T. ) ;
#1761 = DIRECTION ( 'NONE',  ( 0.004999759234036873500, 0.01785407325827851800, -0.9998281024634634300 ) ) ;
#1762 = VERTEX_POINT ( 'NONE', #3037 ) ;
#1763 = CARTESIAN_POINT ( 'NONE',  ( -50.57365291894763000, -11.11933147870907000, 8.385138430409513800 ) ) ;
#1764 = PLANE ( 'NONE',  #3069 ) ;
#1765 = CARTESIAN_POINT ( 'NONE',  ( 50.23012300804801800, -11.01769771678995200, 39.87151429841591700 ) ) ;
#1766 = VERTEX_POINT ( 'NONE', #3774 ) ;
#1767 = ADVANCED_FACE ( 'NONE', ( #869 ), #2355, .T. ) ;
#1768 = EDGE_CURVE ( 'NONE', #3794, #2354, #3759, .T. ) ;
#1769 = CARTESIAN_POINT ( 'NONE',  ( 68.82384447640234300, -8.999999999999991100, 17.10485826664400800 ) ) ;
#1770 = CARTESIAN_POINT ( 'NONE',  ( -53.78967950244947400, 9.000000000000007100, 37.61384145845485000 ) ) ;
#1771 = DIRECTION ( 'NONE',  ( 1.110223024625155500E-013, 0.0000000000000000000, 1.000000000000000000 ) ) ;
#1772 = CARTESIAN_POINT ( 'NONE',  ( 52.00000000000000700, -6.999999999999992900, 12.50000000000000000 ) ) ;
#1773 = DIRECTION ( 'NONE',  ( -1.272857920698121500E-016, 1.000000000000000000, -0.0000000000000000000 ) ) ;
#1774 = ORIENTED_EDGE ( 'NONE', *, *, #3624, .T. ) ;
#1775 = CARTESIAN_POINT ( 'NONE',  ( -68.52406277440448400, 10.28131329987186700, 40.00000000000000000 ) ) ;
#1776 = CARTESIAN_POINT ( 'NONE',  ( 67.09123477252595100, -12.49221045019413100, 12.43621478913053700 ) ) ;
#1777 = CARTESIAN_POINT ( 'NONE',  ( -68.50733817913919700, 9.822504668732611000, 17.82491894864006800 ) ) ;
#1778 = CARTESIAN_POINT ( 'NONE',  ( 68.29534255132372800, -10.71671562126793200, 18.45132785270385200 ) ) ;
#1779 = ORIENTED_EDGE ( 'NONE', *, *, #1326, .T. ) ;
#1780 = CARTESIAN_POINT ( 'NONE',  ( -52.06073044020764900, 8.394882090343330100, 38.41256634794921600 ) ) ;
#1781 = CARTESIAN_POINT ( 'NONE',  ( -52.44711545120065900, 12.50000000000000200, 11.98897838074800300 ) ) ;
#1782 = DIRECTION ( 'NONE',  ( 0.0000000000000000000, 0.9998405993454447800, -0.01785429641688451200 ) ) ;
#1783 = CARTESIAN_POINT ( 'NONE',  ( -67.56444679531951200, 9.000000000000007100, 18.97561127351262300 ) ) ;
#1784 = CARTESIAN_POINT ( 'NONE',  ( -67.18833838114952100, 12.49999999999999600, 11.71219610757419900 ) ) ;
#1785 = EDGE_CURVE ( 'NONE', #2947, #4426, #3124, .T. ) ;
#1786 = VECTOR ( 'NONE', #3962, 1000.000000000000000 ) ;
#1787 = CARTESIAN_POINT ( 'NONE',  ( 52.37855627388736900, 8.669784845529411800, 38.57309464229859900 ) ) ;
#1788 = ADVANCED_FACE ( 'NONE', ( #1554 ), #3662, .T. ) ;
#1789 =( BOUNDED_SURFACE ( )  B_SPLINE_SURFACE ( 3, 2, ( 
 ( #4093, #2155, #4742 ),
 ( #1687, #2446, #3167 ),
 ( #177, #4682, #3440 ),
 ( #2606, #2980, #4277 ) ),
 .UNSPECIFIED., .F., .F., .F. ) 
 B_SPLINE_SURFACE_WITH_KNOTS ( ( 4, 4 ),
 ( 3, 3 ),
 ( 0.4143272429775563000, 0.4169255002663057600 ),
 ( 0.0000000000000000000, 1.000000000000000000 ),
 .UNSPECIFIED. ) 
 GEOMETRIC_REPRESENTATION_ITEM ( )  RATIONAL_B_SPLINE_SURFACE ( (
 ( 1.000000000000000000, 0.8153351497599510300, 1.000000000000000000),
 ( 1.000000000000000000, 0.8143707389086307600, 1.000000000000000000),
 ( 1.000000000000000000, 0.8134021169763990800, 1.000000000000000000),
 ( 1.000000000000000000, 0.8124293012924146400, 1.000000000000000000) ) ) 
 REPRESENTATION_ITEM ( '' )  SURFACE ( )  );
#1790 = CARTESIAN_POINT ( 'NONE',  ( -48.52578057917268200, 12.11093572343628800, 33.78759948756888300 ) ) ;
#1791 = CARTESIAN_POINT ( 'NONE',  ( 68.07658807808199700, 11.70010652064240000, 18.71259803310266500 ) ) ;
#1792 = EDGE_CURVE ( 'NONE', #3241, #2381, #3867, .T. ) ;
#1793 = FACE_OUTER_BOUND ( 'NONE', #3083, .T. ) ;
#1794 = CARTESIAN_POINT ( 'NONE',  ( -68.53267922885362400, 9.728403231756114900, 17.74998984572389200 ) ) ;
#1795 = FACE_OUTER_BOUND ( 'NONE', #1180, .T. ) ;
#1796 = FACE_BOUND ( 'NONE', #3655, .T. ) ;
#1797 = CARTESIAN_POINT ( 'NONE',  ( 68.71142809327712100, -9.619141734649723200, 16.93829096976158900 ) ) ;
#1798 = DIRECTION ( 'NONE',  ( -0.0000000000000000000, 0.0000000000000000000, -1.000000000000000000 ) ) ;
#1799 = EDGE_CURVE ( 'NONE', #1091, #2354, #3816, .T. ) ;
#1800 = CARTESIAN_POINT ( 'NONE',  ( -68.61577347870343100, -9.964241498349844400, 11.56826532751308500 ) ) ;
#1801 = ORIENTED_EDGE ( 'NONE', *, *, #1361, .T. ) ;
#1802 = AXIS2_PLACEMENT_3D ( 'NONE', #3515, #4243, #2420 ) ;
#1803 = CARTESIAN_POINT ( 'NONE',  ( 68.70798039291817400, 9.631770379426052700, 16.94872539182345200 ) ) ;
#1804 = CARTESIAN_POINT ( 'NONE',  ( -51.86232881091788700, -8.161510836911466200, 38.90251310577331600 ) ) ;
#1805 = CARTESIAN_POINT ( 'NONE',  ( 52.21229171178920600, 8.962246372089470700, 38.67979949279558800 ) ) ;
#1806 = DIRECTION ( 'NONE',  ( -0.0000000000000000000, -1.000000000000000000, -0.0000000000000000000 ) ) ;
#1807 = ORIENTED_EDGE ( 'NONE', *, *, #2413, .T. ) ;
#1808 = CARTESIAN_POINT ( 'NONE',  ( -52.40625670583090600, 12.25023863339835700, 25.98663652969269600 ) ) ;
#1809 = COORDINATED_UNIVERSAL_TIME_OFFSET ( 1, 0, .AHEAD. ) ;
#1810 = ORIENTED_EDGE ( 'NONE', *, *, #1297, .F. ) ;
#1811 = CARTESIAN_POINT ( 'NONE',  ( -50.23012300804801800, -11.01769771678995000, 39.87151429841590300 ) ) ;
#1812 = CARTESIAN_POINT ( 'NONE',  ( -68.06546948217062700, -11.37997275191324000, 19.06392253749565700 ) ) ;
#1813 = AXIS2_PLACEMENT_3D ( 'NONE', #3433, #4149, #1206 ) ;
#1814 = CARTESIAN_POINT ( 'NONE',  ( -53.04728445648717600, -8.962514042262675700, 37.60289133488947000 ) ) ;
#1815 = CIRCLE ( 'NONE', #2901, 2.000000000000001800 ) ;
#1816 = EDGE_LOOP ( 'NONE', ( #3610, #1484, #3226, #1276 ) ) ;
#1817 = CARTESIAN_POINT ( 'NONE',  ( 41.00000000000000700, 10.58988809039670000, 34.62497709178453000 ) ) ;
#1818 = ORIENTED_EDGE ( 'NONE', *, *, #749, .F. ) ;
#1819 = ADVANCED_FACE ( 'NONE', ( #2609 ), #4210, .T. ) ;
#1820 = APPLICATION_PROTOCOL_DEFINITION ( 'international standard', 'config_control_design', 1994, #273 ) ;
#1821 = CARTESIAN_POINT ( 'NONE',  ( 67.63291676756553300, -12.50000000000001800, 0.0000000000000000000 ) ) ;
#1822 = CARTESIAN_POINT ( 'NONE',  ( -52.41835497614726300, -12.50000000000003700, 11.95217301222431900 ) ) ;
#1823 = VECTOR ( 'NONE', #1585, 1000.000000000000000 ) ;
#1824 = AXIS2_PLACEMENT_3D ( 'NONE', #919, #183, #600 ) ;
#1825 = VERTEX_POINT ( 'NONE', #4010 ) ;
#1826 = CARTESIAN_POINT ( 'NONE',  ( -68.87934277104379500, 9.013201609480669100, 12.28207624680149700 ) ) ;
#1827 = CARTESIAN_POINT ( 'NONE',  ( -44.65402653088116800, -12.07151726343992100, 35.99503324736375700 ) ) ;
#1828 = CARTESIAN_POINT ( 'NONE',  ( -52.57291149892177600, -8.776591580856377900, 37.99979625331589300 ) ) ;
#1829 = CARTESIAN_POINT ( 'NONE',  ( 41.00000000000000700, 10.58988809039670400, 34.62497709178454400 ) ) ;
#1830 = CARTESIAN_POINT ( 'NONE',  ( -68.55916748342571100, -9.891583000913406900, 17.67076049093052600 ) ) ;
#1831 = EDGE_LOOP ( 'NONE', ( #2389, #4096, #391, #3332, #3961 ) ) ;
#1832 = CARTESIAN_POINT ( 'NONE',  ( -68.55096387510595000, -10.18954826032389200, 17.51375295213557600 ) ) ;
#1833 = EDGE_CURVE ( 'NONE', #3777, #4217, #2481, .T. ) ;
#1834 = CARTESIAN_POINT ( 'NONE',  ( -52.32916563749031300, 12.23705893085401700, 26.72469987217599300 ) ) ;
#1835 = DIRECTION ( 'NONE',  ( 1.000000000000000000, 0.0000000000000000000, 0.0000000000000000000 ) ) ;
#1836 = VERTEX_POINT ( 'NONE', #4773 ) ;
#1837 = CARTESIAN_POINT ( 'NONE',  ( -52.60023488318988400, -8.801897739603436600, 37.97860646983365700 ) ) ;
#1838 = CARTESIAN_POINT ( 'NONE',  ( -68.52430833273722000, 9.867181036656676300, 17.77453687396604200 ) ) ;
#1839 = EDGE_CURVE ( 'NONE', #2511, #2332, #3595, .T. ) ;
#1840 = ORIENTED_EDGE ( 'NONE', *, *, #3749, .T. ) ;
#1841 = CARTESIAN_POINT ( 'NONE',  ( 68.69877180971555200, -9.355946515869344900, 17.24412042124830800 ) ) ;
#1842 = AXIS2_PLACEMENT_3D ( 'NONE', #3085, #4503, #3041 ) ;
#1843 = CARTESIAN_POINT ( 'NONE',  ( 33.45244499796046300, 8.193485938081032400E-015, 0.0000000000000000000 ) ) ;
#1844 = CARTESIAN_POINT ( 'NONE',  ( -43.93969370469874700, -12.06766708715760000, 36.21064311917374600 ) ) ;
#1845 = CARTESIAN_POINT ( 'NONE',  ( 44.03346197707068700, 10.60106226187681200, 34.13207692379118200 ) ) ;
#1846 = ORIENTED_EDGE ( 'NONE', *, *, #4594, .T. ) ;
#1847 = DIRECTION ( 'NONE',  ( -0.0000000000000000000, 1.000000000000000000, 0.0000000000000000000 ) ) ;
#1848 = ADVANCED_FACE ( 'NONE', ( #4549 ), #2774, .T. ) ;
#1849 = CARTESIAN_POINT ( 'NONE',  ( 51.39933154171714600, 12.36328733384707100, -0.0000000000000000000 ) ) ;
#1850 = CARTESIAN_POINT ( 'NONE',  ( -67.12921572777865700, 12.37981335125859400, 18.73045232951983200 ) ) ;
#1851 = ORIENTED_EDGE ( 'NONE', *, *, #4445, .F. ) ;
#1852 = CARTESIAN_POINT ( 'NONE',  ( -52.68516573334695600, -8.830596457195540000, 37.90701992165917000 ) ) ;
#1853 = CARTESIAN_POINT ( 'NONE',  ( 0.0000000000000000000, 0.0000000000000000000, 12.00000000000000000 ) ) ;
#1854 = CARTESIAN_POINT ( 'NONE',  ( 63.86427204399708300, -11.23535287463317000, 27.37029497621659500 ) ) ;
#1855 = FACE_OUTER_BOUND ( 'NONE', #3218, .T. ) ;
#1856 = CIRCLE ( 'NONE', #1648, 0.5000000000000004400 ) ;
#1857 = CARTESIAN_POINT ( 'NONE',  ( 41.00000000000000700, -4.336808689942017700E-015, 73.26250000000008800 ) ) ;
#1858 = CARTESIAN_POINT ( 'NONE',  ( 45.35705893023396100, 12.10628705654592500, 34.04792483336957100 ) ) ;
#1859 = EDGE_CURVE ( 'NONE', #3693, #3223, #1494, .T. ) ;
#1860 =( BOUNDED_SURFACE ( )  B_SPLINE_SURFACE ( 3, 2, ( 
 ( #641, #1770, #1011 ),
 ( #1394, #2515, #4327 ),
 ( #2164, #2474, #2894 ),
 ( #4700, #4683, #3592 ),
 ( #3291, #3272, #2492 ),
 ( #1363, #278, #1025 ),
 ( #1038, #3954, #3249 ),
 ( #1780, #4363, #4346 ),
 ( #1737, #3620, #4312 ),
 ( #3987, #2529, #2905 ),
 ( #1056, #3644, #2126 ),
 ( #4769, #365, #2597 ),
 ( #4041, #3682, #2196 ),
 ( #3702, #1888, #2633 ) ),
 .UNSPECIFIED., .F., .F., .F. ) 
 B_SPLINE_SURFACE_WITH_KNOTS ( ( 4, 2, 2, 2, 2, 2, 4 ),
 ( 3, 3 ),
 ( 0.0000000000000000000, 0.001073391206998079400, 0.001610086810497119200, 0.002146782413996158800, 0.002683478017495198400, 0.003220173620994238500, 0.004293564827992317700 ),
 ( 0.0000000000000000000, 1.000000000000000000 ),
 .UNSPECIFIED. ) 
 GEOMETRIC_REPRESENTATION_ITEM ( )  RATIONAL_B_SPLINE_SURFACE ( (
 ( 1.000000000000000000, 0.7071067811865475700, 1.000000000000000000),
 ( 1.000000000000000000, 0.7313617526218000300, 1.000000000000000000),
 ( 1.000000000000000000, 0.7531138064140166000, 1.000000000000000000),
 ( 1.000000000000000000, 0.7828168819303856800, 1.000000000000000000),
 ( 1.000000000000000000, 0.7922332351909467900, 1.000000000000000000),
 ( 1.000000000000000000, 0.8094833026273654500, 1.000000000000000000),
 ( 1.000000000000000000, 0.8174164326841715200, 1.000000000000000000),
 ( 1.000000000000000000, 0.8319873024198409800, 1.000000000000000000),
 ( 1.000000000000000000, 0.8385248765997822500, 1.000000000000000000),
 ( 1.000000000000000000, 0.8498004937077857600, 1.000000000000000000),
 ( 1.000000000000000000, 0.8546156279437161500, 1.000000000000000000),
 ( 1.000000000000000000, 0.8665569240602007900, 1.000000000000000000),
 ( 1.000000000000000000, 0.8705956943367546600, 1.000000000000000000),
 ( 1.000000000000000000, 0.8706514416396620200, 1.000000000000000000) ) ) 
 REPRESENTATION_ITEM ( '' )  SURFACE ( )  );
#1861 = DIRECTION ( 'NONE',  ( 0.2357996263413449400, 0.9718016959324995400, 3.371614431856360500E-015 ) ) ;
#1862 = CIRCLE ( 'NONE', #863, 7.600000000000002300 ) ;
#1863 = DIRECTION ( 'NONE',  ( -0.0000000000000000000, -0.0000000000000000000, -1.000000000000000000 ) ) ;
#1864 = VECTOR ( 'NONE', #107, 1000.000000000000000 ) ;
#1865 = CARTESIAN_POINT ( 'NONE',  ( -47.02055575707282700, 12.09144687599227000, 34.87897494443383600 ) ) ;
#1866 = CARTESIAN_POINT ( 'NONE',  ( 68.93795530522193400, 8.747579190082012300, 11.50000000995160200 ) ) ;
#1867 = VERTEX_POINT ( 'NONE', #4792 ) ;
#1868 = EDGE_CURVE ( 'NONE', #3151, #3288, #2667, .T. ) ;
#1869 = AXIS2_PLACEMENT_3D ( 'NONE', #1772, #3989, #2518 ) ;
#1870 = CARTESIAN_POINT ( 'NONE',  ( 50.67012087373987600, 12.15630385954657400, 31.24698386539282100 ) ) ;
#1871 = EDGE_LOOP ( 'NONE', ( #1581, #2583, #182, #1608, #1284 ) ) ;
#1872 = CARTESIAN_POINT ( 'NONE',  ( -68.55416431069579600, -9.856964201133488100, 17.58861678794829000 ) ) ;
#1873 = APPROVAL_DATE_TIME ( #420, #87 ) ;
#1874 = CARTESIAN_POINT ( 'NONE',  ( 53.50000000000000000, 7.000000000000006200, 12.50000000000000000 ) ) ;
#1875 = CARTESIAN_POINT ( 'NONE',  ( -52.32916563756496900, 12.23705893085378800, 26.72469987218882900 ) ) ;
#1876 = AXIS2_PLACEMENT_3D ( 'NONE', #1601, #1972, #685 ) ;
#1877 = CARTESIAN_POINT ( 'NONE',  ( -41.75105852404968900, -12.06090092888055700, 36.58954798268833700 ) ) ;
#1878 = FACE_OUTER_BOUND ( 'NONE', #3278, .T. ) ;
#1879 = DIRECTION ( 'NONE',  ( 0.9718016959324995400, -0.2357996263413449600, 0.0000000000000000000 ) ) ;
#1880 = VERTEX_POINT ( 'NONE', #2585 ) ;
#1881 = DIRECTION ( 'NONE',  ( -1.000000000000000000, 0.0000000000000000000, 0.0000000000000000000 ) ) ;
#1882 = CARTESIAN_POINT ( 'NONE',  ( -55.74999999999999300, 5.204748896376259600E-016, 4.499999999999997300 ) ) ;
#1883 = FACE_OUTER_BOUND ( 'NONE', #3327, .T. ) ;
#1884 = CARTESIAN_POINT ( 'NONE',  ( 53.50000000000000700, -8.999999999999992900, 37.20630521974641200 ) ) ;
#1885 = ORIENTED_EDGE ( 'NONE', *, *, #553, .F. ) ;
#1886 = CARTESIAN_POINT ( 'NONE',  ( 68.18259539854724900, 9.000000000000007100, 17.21544018115933400 ) ) ;
#1887 = CARTESIAN_POINT ( 'NONE',  ( 68.70798039291817400, -9.631770379426040300, 16.94872539182344400 ) ) ;
#1888 = CARTESIAN_POINT ( 'NONE',  ( -51.49999999999999300, 7.000000000000007100, 39.12706630442108500 ) ) ;
#1889 = EDGE_CURVE ( 'NONE', #936, #2183, #4790, .T. ) ;
#1890 = ORIENTED_EDGE ( 'NONE', *, *, #1119, .F. ) ;
#1891 = CARTESIAN_POINT ( 'NONE',  ( 50.04380008011823100, 12.13971070305008800, 32.17620062919599600 ) ) ;
#1892 = B_SPLINE_CURVE_WITH_KNOTS ( 'NONE', 3,
 ( #3060, #2706, #3418, #486, #1222, #2294, #4534, #3384, #119, #416, #1159, #3750, #2673, #3044 ),
 .UNSPECIFIED., .F., .F.,
 ( 4, 2, 2, 2, 2, 2, 4 ),
 ( 0.0000000000000000000, 0.0005421609061535550500, 0.001084321812307110100, 0.001626482718460665200, 0.002168643624614220200, 0.003252965436921343700, 0.004337287249228467300 ),
 .UNSPECIFIED. ) ;
#1893 = CARTESIAN_POINT ( 'NONE',  ( -68.13398658054548200, -9.086693580850997900, 18.88075594761597000 ) ) ;
#1894 = CARTESIAN_POINT ( 'NONE',  ( 53.78967950244948100, -8.999999999999989300, 37.61384145845485700 ) ) ;
#1895 = ORIENTED_EDGE ( 'NONE', *, *, #2471, .T. ) ;
#1896 = EDGE_CURVE ( 'NONE', #3628, #4201, #522, .T. ) ;
#1897 = CARTESIAN_POINT ( 'NONE',  ( -52.47702185195778000, -12.50000000000002700, 12.00000000000000700 ) ) ;
#1898 = CARTESIAN_POINT ( 'NONE',  ( 68.07658807808198300, 11.70010652064239000, 18.71259803310268300 ) ) ;
#1899 = CARTESIAN_POINT ( 'NONE',  ( -50.48015227044214000, 10.78918738196482400, 25.82361142263692600 ) ) ;
#1900 = CARTESIAN_POINT ( 'NONE',  ( 67.08836330536752300, -12.50000000000002700, 12.00000000000000700 ) ) ;
#1901 = CARTESIAN_POINT ( 'NONE',  ( -45.73220476503901500, 10.61843165979980900, 33.36576736975698100 ) ) ;
#1902 = VERTEX_POINT ( 'NONE', #2653 ) ;
#1903 = CARTESIAN_POINT ( 'NONE',  ( 48.78261446922738300, 12.11550996076254100, 33.53144219729871600 ) ) ;
#1904 = CARTESIAN_POINT ( 'NONE',  ( 51.27825876526214400, 7.362938980285640000, 39.26068730114171500 ) ) ;
#1905 = EDGE_CURVE ( 'NONE', #2386, #2993, #700, .T. ) ;
#1906 = AXIS2_PLACEMENT_3D ( 'NONE', #4332, #1773, #1367 ) ;
#1907 = CARTESIAN_POINT ( 'NONE',  ( 68.71947980234379800, 9.589678653808070100, 17.09245873974304100 ) ) ;
#1908 = ORIENTED_EDGE ( 'NONE', *, *, #3722, .F. ) ;
#1909 = CARTESIAN_POINT ( 'NONE',  ( 67.89570270120091800, 12.22383711858922000, 0.0000000000000000000 ) ) ;
#1910 = CARTESIAN_POINT ( 'NONE',  ( 67.08836330536755100, 12.50000000000001800, 12.00000000000000000 ) ) ;
#1911 = DIRECTION ( 'NONE',  ( -1.000000000000000000, 0.0000000000000000000, 0.0000000000000000000 ) ) ;
#1912 = CARTESIAN_POINT ( 'NONE',  ( 50.23457568746962200, 12.20166963722906500, 28.70650031517853400 ) ) ;
#1913 = CARTESIAN_POINT ( 'NONE',  ( -68.52426738571961100, 9.866899587328292800, 17.77465877404938200 ) ) ;
#1914 = CARTESIAN_POINT ( 'NONE',  ( 53.19430975271315300, -9.448987465861630900, 38.03079797457605300 ) ) ;
#1915 = PLANE ( 'NONE',  #3799 ) ;
#1916 = DIRECTION ( 'NONE',  ( 0.0000000000000000000, 0.0000000000000000000, 1.000000000000000000 ) ) ;
#1917 = CIRCLE ( 'NONE', #3231, 1.000000000000005300 ) ;
#1918 = CARTESIAN_POINT ( 'NONE',  ( 68.96942093112880900, 8.617899813170677000, 11.99999999999999800 ) ) ;
#1919 = CARTESIAN_POINT ( 'NONE',  ( 44.65402653088117500, 12.07151726343995100, 35.99503324736377900 ) ) ;
#1920 = FACE_OUTER_BOUND ( 'NONE', #1665, .T. ) ;
#1921 = DIRECTION ( 'NONE',  ( -1.000000000000000000, 0.0000000000000000000, 6.123233995736766000E-017 ) ) ;
#1922 = CIRCLE ( 'NONE', #3581, 0.9999999999999985600 ) ;
#1923 = CARTESIAN_POINT ( 'NONE',  ( -42.23654455988820200, -10.59126837595650600, 34.56409725955863600 ) ) ;
#1924 = CYLINDRICAL_SURFACE ( 'NONE', #3873, 1.000000000000000900 ) ;
#1925 = CARTESIAN_POINT ( 'NONE',  ( 1.081929232593402900E-015, 8.499999999999998200, 12.00000000000000000 ) ) ;
#1926 = CARTESIAN_POINT ( 'NONE',  ( 47.92537975908739900, 12.10258745186543900, 34.25510269553643600 ) ) ;
#1927 = EDGE_CURVE ( 'NONE', #1461, #394, #4382, .T. ) ;
#1928 = CYLINDRICAL_SURFACE ( 'NONE', #2664, 39.99999999999998600 ) ;
#1929 = CARTESIAN_POINT ( 'NONE',  ( 51.51575694517282500, -12.43806061915665700, 0.0000000000000000000 ) ) ;
#1930 = DIRECTION ( 'NONE',  ( 1.000000000000000000, 1.272857920698121500E-016, 0.0000000000000000000 ) ) ;
#1931 = VERTEX_POINT ( 'NONE', #1962 ) ;
#1932 = CARTESIAN_POINT ( 'NONE',  ( -52.43209420255242700, -12.34250398812508600, 20.81977666499596700 ) ) ;
#1933 = CARTESIAN_POINT ( 'NONE',  ( 68.33032570890044600, 8.804362560041511200, 12.09799995071359300 ) ) ;
#1934 = EDGE_CURVE ( 'NONE', #101, #774, #2539, .T. ) ;
#1935 = EDGE_LOOP ( 'NONE', ( #832, #2825, #1095, #3685 ) ) ;
#1936 = DATE_AND_TIME ( #4344, #541 ) ;
#1937 = CARTESIAN_POINT ( 'NONE',  ( 52.62160632415863400, -9.223513411140631400, 38.41378165490154100 ) ) ;
#1938 = CARTESIAN_POINT ( 'NONE',  ( -57.78806209207289900, 12.09898056743744000, 34.45708822384346300 ) ) ;
#1939 = CARTESIAN_POINT ( 'NONE',  ( 59.46011074388701400, 12.12819483494366700, 32.82108924277734700 ) ) ;
#1940 = CARTESIAN_POINT ( 'NONE',  ( -42.48960819058456200, -12.06221230781461900, 36.51611076238074800 ) ) ;
#1941 = ORIENTED_EDGE ( 'NONE', *, *, #4445, .T. ) ;
#1942 = ORIENTED_EDGE ( 'NONE', *, *, #553, .T. ) ;
#1943 = CARTESIAN_POINT ( 'NONE',  ( -68.56079511126239400, -10.04990246392436500, 17.66591501057637700 ) ) ;
#1944 = DIRECTION ( 'NONE',  ( -3.854941057726238100E-016, 1.000000000000000000, 0.0000000000000000000 ) ) ;
#1945 = CARTESIAN_POINT ( 'NONE',  ( -68.21748880683084300, 9.523650553561674700, 18.65441740876512000 ) ) ;
#1946 = EDGE_LOOP ( 'NONE', ( #2921, #2356 ) ) ;
#1947 = CARTESIAN_POINT ( 'NONE',  ( 52.06073044020765600, -8.394882090343317700, 38.41256634794984800 ) ) ;
#1948 = DIRECTION ( 'NONE',  ( -1.000000000000000000, 0.0000000000000000000, 0.0000000000000000000 ) ) ;
#1949 = CARTESIAN_POINT ( 'NONE',  ( -68.34808854717609000, -9.605959446093452300, 18.28704932322462200 ) ) ;
#1950 = CARTESIAN_POINT ( 'NONE',  ( -51.00000000000000700, 7.000000000000005300, 38.84457641169643000 ) ) ;
#1951 = ORIENTED_EDGE ( 'NONE', *, *, #3965, .F. ) ;
#1952 =( BOUNDED_CURVE ( )  B_SPLINE_CURVE ( 3, ( #4641, #3981, #988, #3228 ),
 .UNSPECIFIED., .F., .F. ) 
 B_SPLINE_CURVE_WITH_KNOTS ( ( 4, 4 ),
 ( 1.241354651603995900, 1.244925643128544500 ),
 .UNSPECIFIED. ) 
 CURVE ( )  GEOMETRIC_REPRESENTATION_ITEM ( )  RATIONAL_B_SPLINE_CURVE ( ( 1.000000000000000000, 0.9999989373352431400, 0.9999989373352431400, 1.000000000000000000 ) ) 
 REPRESENTATION_ITEM ( '' )  );
#1953 = CARTESIAN_POINT ( 'NONE',  ( 68.70798039291818800, -9.631770379426036800, 12.50000000000000000 ) ) ;
#1954 = CARTESIAN_POINT ( 'NONE',  ( -63.85655783034719900, 12.22532851714543300, 27.38160303968730600 ) ) ;
#1955 = ORIENTED_EDGE ( 'NONE', *, *, #1153, .F. ) ;
#1956 = CARTESIAN_POINT ( 'NONE',  ( 67.24653024795047400, 11.34197539426440200, 21.24633487443884100 ) ) ;
#1957 = AXIS2_PLACEMENT_3D ( 'NONE', #2570, #3312, #1085 ) ;
#1958 = CARTESIAN_POINT ( 'NONE',  ( -53.50000000000000700, -8.499999999999989300, 12.00000000000000000 ) ) ;
#1959 = CARTESIAN_POINT ( 'NONE',  ( 46.75039769468463600, 10.63376503818606600, 32.68914889641739300 ) ) ;
#1960 = EDGE_LOOP ( 'NONE', ( #4540, #1503, #4410, #1890 ) ) ;
#1961 = CARTESIAN_POINT ( 'NONE',  ( 57.82839287578691800, -12.09880956543932100, 34.46666433539737500 ) ) ;
#1962 = CARTESIAN_POINT ( 'NONE',  ( 49.73975291550920000, -12.01753831613539900, 39.01785429641682200 ) ) ;
#1963 = CARTESIAN_POINT ( 'NONE',  ( -68.52406277440447000, 10.28131329987186100, 12.50000000000000000 ) ) ;
#1964 = EDGE_CURVE ( 'NONE', #547, #1405, #2973, .T. ) ;
#1965 = CARTESIAN_POINT ( 'NONE',  ( -52.47702185195778000, 12.50000000000001800, 12.00000000000000000 ) ) ;
#1966 = EDGE_LOOP ( 'NONE', ( #1840, #2459, #2073, #3955 ) ) ;
#1967 = CARTESIAN_POINT ( 'NONE',  ( -45.70502884217480500, 12.07891364565338500, 35.58083584341144200 ) ) ;
#1968 = ORIENTED_EDGE ( 'NONE', *, *, #1927, .F. ) ;
#1969 = CARTESIAN_POINT ( 'NONE',  ( 51.25803393282923500, -7.184247994098979200, 39.27285026042958500 ) ) ;
#1970 = CARTESIAN_POINT ( 'NONE',  ( -57.11679283991958300, 12.11194000428903500, 33.73135975981494300 ) ) ;
#1971 = EDGE_CURVE ( 'NONE', #2457, #1137, #1892, .T. ) ;
#1972 = DIRECTION ( 'NONE',  ( -0.2435456017296510900, -0.7207248708329441200, 0.6490309703249747000 ) ) ;
#1973 = CARTESIAN_POINT ( 'NONE',  ( 66.22963012890971900, 12.29696334254782600, 23.37005281725175700 ) ) ;
#1974 = CYLINDRICAL_SURFACE ( 'NONE', #1802, 1.000000000000000900 ) ;
#1975 = CARTESIAN_POINT ( 'NONE',  ( -67.57662028863737200, 8.986233720940731500, 12.36615841862863400 ) ) ;
#1976 = DIRECTION ( 'NONE',  ( 0.0000000000000000000, 0.0000000000000000000, -1.000000000000000000 ) ) ;
#1977 = AXIS2_PLACEMENT_3D ( 'NONE', #943, #2808, #3902 ) ;
#1978 = FACE_OUTER_BOUND ( 'NONE', #4154, .T. ) ;
#1979 = CARTESIAN_POINT ( 'NONE',  ( 68.81464577231932400, 9.232986061860671600, 11.69447501580048300 ) ) ;
#1980 = CARTESIAN_POINT ( 'NONE',  ( 50.89309027737277800, -12.26378347384740400, 25.22812546454528300 ) ) ;
#1981 = CARTESIAN_POINT ( 'NONE',  ( -46.77312896820447500, 10.63372643495290900, 32.69086357337043600 ) ) ;
#1982 = LINE ( 'NONE', #4036, #3 ) ;
#1983 = VECTOR ( 'NONE', #4778, 1000.000000000000000 ) ;
#1984 = CARTESIAN_POINT ( 'NONE',  ( -67.12921572777867100, 11.37997275191315300, 18.71259803310266200 ) ) ;
#1985 = CARTESIAN_POINT ( 'NONE',  ( -68.56444679531951200, 9.999999999998289400, 17.55717452031257500 ) ) ;
#1986 = CC_DESIGN_SECURITY_CLASSIFICATION ( #3068, ( #2945 ) ) ;
#1987 = CIRCLE ( 'NONE', #727, 0.5000000000000004400 ) ;
#1988 = CARTESIAN_POINT ( 'NONE',  ( 67.11761856749974700, -12.50000000000002000, 11.97617701562244400 ) ) ;
#1989 = CARTESIAN_POINT ( 'NONE',  ( 52.41001181021050600, 12.26364806084227300, 25.23570859283375600 ) ) ;
#1990 = EDGE_LOOP ( 'NONE', ( #4074, #1123, #3892, #560 ) ) ;
#1991 = CARTESIAN_POINT ( 'NONE',  ( 53.50000000000000700, -8.999999999999992900, 12.50000000000000000 ) ) ;
#1992 = EDGE_CURVE ( 'NONE', #3040, #3375, #1381, .T. ) ;
#1993 = LOCAL_TIME ( 12, 6, 58.00000000000000000, #297 ) ;
#1994 = DIRECTION ( 'NONE',  ( 0.0000000000000000000, 0.0000000000000000000, -1.000000000000000000 ) ) ;
#1995 = CARTESIAN_POINT ( 'NONE',  ( -68.89091992058021700, 8.937563499921834500, 11.00000000000000500 ) ) ;
#1996 = CARTESIAN_POINT ( 'NONE',  ( -53.50000000000000700, -8.999999999999992900, 12.50000000000000000 ) ) ;
#1997 = CIRCLE ( 'NONE', #862, 2.000000000000001800 ) ;
#1998 = ORIENTED_EDGE ( 'NONE', *, *, #3697, .T. ) ;
#1999 = CARTESIAN_POINT ( 'NONE',  ( -41.00000000000000700, 12.08864711681945400, 35.03576145811134500 ) ) ;
#2000 = EDGE_LOOP ( 'NONE', ( #32, #2501, #2468, #4050, #4251 ) ) ;
#2001 = EDGE_CURVE ( 'NONE', #1931, #3886, #3533, .T. ) ;
#2002 = CARTESIAN_POINT ( 'NONE',  ( 68.28114210694552400, -8.897508139972959600, 12.18975949423414700 ) ) ;
#2003 = LINE ( 'NONE', #3360, #1823 ) ;
#2004 = ORIENTED_EDGE ( 'NONE', *, *, #4291, .T. ) ;
#2005 = DIRECTION ( 'NONE',  ( 0.0000000000000000000, -0.9998405993454446700, -0.01785429641688354400 ) ) ;
#2006 = CARTESIAN_POINT ( 'NONE',  ( 57.11679283992687300, 12.11194000428911700, 33.73135975981041000 ) ) ;
#2007 = ORIENTED_EDGE ( 'NONE', *, *, #247, .F. ) ;
#2008 = CARTESIAN_POINT ( 'NONE',  ( 67.14944598472200700, -12.50000000000002000, 11.89621481893038500 ) ) ;
#2009 = CARTESIAN_POINT ( 'NONE',  ( -67.36853087778241900, -12.50000000000003600, 9.524929309416938500 ) ) ;
#2010 = CARTESIAN_POINT ( 'NONE',  ( 47.02055575707280600, -12.09144687599224500, 34.87897494443383600 ) ) ;
#2011 = CARTESIAN_POINT ( 'NONE',  ( -52.38491776776517400, -12.50000000000003600, 11.88107015939164400 ) ) ;
#2012 = EDGE_LOOP ( 'NONE', ( #3455, #2715, #3897, #3271 ) ) ;
#2013 = CARTESIAN_POINT ( 'NONE',  ( -51.39933154171710300, -12.36328733384707800, -0.0000000000000000000 ) ) ;
#2014 =( BOUNDED_SURFACE ( )  B_SPLINE_SURFACE ( 3, 2, ( 
 ( #1610, #1980, #3468 ),
 ( #3801, #1269, #4551 ),
 ( #2367, #2322, #4536 ),
 ( #2339, #2353, #1625 ),
 ( #1643, #151, #2710 ),
 ( #2750, #534, #2380 ),
 ( #4166, #3478, #3119 ),
 ( #488, #473, #123 ),
 ( #1243, #2720, #1255 ),
 ( #504, #3091, #904 ),
 ( #3063, #843, #3437 ),
 ( #1689, #4269, #2811 ),
 ( #1723, #2079, #2777 ),
 ( #4250, #2398, #196 ),
 ( #567, #1318, #4633 ),
 ( #3579, #1708, #1349 ),
 ( #3170, #2414, #2095 ),
 ( #3152, #968, #3526 ),
 ( #4300, #947, #1335 ),
 ( #3546, #3907, #1302 ),
 ( #2429, #4613, #4666 ),
 ( #3885, #215, #917 ),
 ( #3869, #598, #931 ),
 ( #3202, #179, #3185 ),
 ( #3563, #3919, #1280 ),
 ( #4281, #1658, #4649 ) ),
 .UNSPECIFIED., .F., .F., .T. ) 
 B_SPLINE_SURFACE_WITH_KNOTS ( ( 4, 2, 2, 2, 2, 2, 2, 2, 2, 2, 2, 2, 4 ),
 ( 3, 3 ),
 ( 3.469446951953614200E-018, 0.002221192192887194400, 0.003331788289330789800, 0.004442384385774385300, 0.006663576578661576200, 0.007774172675105171600, 0.008884768771548767100, 0.01110596096443595800, 0.01221655706087955400, 0.01332715315732314900, 0.01443774925376674300, 0.01554834535021034000, 0.01776953754309753100 ),
 ( 0.0000000000000000000, 1.000000000000000000 ),
 .UNSPECIFIED. ) 
 GEOMETRIC_REPRESENTATION_ITEM ( )  RATIONAL_B_SPLINE_SURFACE ( (
 ( 1.000000000000000000, 0.7967489836273418100, 1.000000000000000000),
 ( 1.000000000000000000, 0.7962834450230588100, 1.000000000000000000),
 ( 1.000000000000000000, 0.7958249578539653400, 1.000000000000000000),
 ( 1.000000000000000000, 0.7951475674347270300, 1.000000000000000000),
 ( 1.000000000000000000, 0.7949235008572866900, 1.000000000000000000),
 ( 1.000000000000000000, 0.7944789353579272400, 1.000000000000000000),
 ( 1.000000000000000000, 0.7942577632605846100, 1.000000000000000000),
 ( 1.000000000000000000, 0.7936138601996518500, 1.000000000000000000),
 ( 1.000000000000000000, 0.7932060882466091000, 1.000000000000000000),
 ( 1.000000000000000000, 0.7926266617008929100, 1.000000000000000000),
 ( 1.000000000000000000, 0.7924384214871002000, 1.000000000000000000),
 ( 1.000000000000000000, 0.7920754520171607900, 1.000000000000000000),
 ( 1.000000000000000000, 0.7919026227624931200, 1.000000000000000000),
 ( 1.000000000000000000, 0.7914093653190326100, 1.000000000000000000),
 ( 1.000000000000000000, 0.7911139304903230800, 1.000000000000000000),
 ( 1.000000000000000000, 0.7907223461729694400, 1.000000000000000000),
 ( 1.000000000000000000, 0.7906005361964931800, 1.000000000000000000),
 ( 1.000000000000000000, 0.7903797173977833400, 1.000000000000000000),
 ( 1.000000000000000000, 0.7902799358444934100, 1.000000000000000000),
 ( 1.000000000000000000, 0.7901013293520216000, 1.000000000000000000),
 ( 1.000000000000000000, 0.7900225045609431400, 1.000000000000000000),
 ( 1.000000000000000000, 0.7898861068836285900, 1.000000000000000000),
 ( 1.000000000000000000, 0.7898283658717645300, 1.000000000000000000),
 ( 1.000000000000000000, 0.7896896199047370700, 1.000000000000000000),
 ( 1.000000000000000000, 0.7896433775982845100, 1.000000000000000000),
 ( 1.000000000000000000, 0.7896432122970559200, 1.000000000000000000) ) ) 
 REPRESENTATION_ITEM ( '' )  SURFACE ( )  );
#2015 = CARTESIAN_POINT ( 'NONE',  ( -41.62344260151538600, 10.58988809027294000, 34.62497709175061500 ) ) ;
#2016 = AXIS2_PLACEMENT_3D ( 'NONE', #573, #201, #3126 ) ;
#2017 = ORIENTED_EDGE ( 'NONE', *, *, #2028, .F. ) ;
#2018 = CARTESIAN_POINT ( 'NONE',  ( -68.93978954269491100, -8.739116304891064500, 11.00000000000000000 ) ) ;
#2019 = CARTESIAN_POINT ( 'NONE',  ( 68.65813053895303100, 9.500000000000010700, 17.36992749532870300 ) ) ;
#2020 = VERTEX_POINT ( 'NONE', #2412 ) ;
#2021 = EDGE_CURVE ( 'NONE', #4527, #3953, #3011, .T. ) ;
#2022 = CARTESIAN_POINT ( 'NONE',  ( -67.56444679531951200, -9.999999999999987600, 12.50000000000000000 ) ) ;
#2023 = ADVANCED_FACE ( 'NONE', ( #4106 ), #875, .T. ) ;
#2024 = CARTESIAN_POINT ( 'NONE',  ( 68.70798039291818800, -9.631770379426036800, 16.94872539182344800 ) ) ;
#2025 = EDGE_LOOP ( 'NONE', ( #380, #3293, #305, #4338, #3469 ) ) ;
#2026 = CARTESIAN_POINT ( 'NONE',  ( 41.00000000000000700, -12.06090092888055300, 36.58954798268832300 ) ) ;
#2027 = CARTESIAN_POINT ( 'NONE',  ( 51.50000000313129800, -7.320306865219736300, 39.12706630249699900 ) ) ;
#2028 = EDGE_CURVE ( 'NONE', #244, #4758, #580, .T. ) ;
#2029 = CARTESIAN_POINT ( 'NONE',  ( -51.08917874523493200, -12.09845797244469300, -0.0000000000000000000 ) ) ;
#2030 = CARTESIAN_POINT ( 'NONE',  ( -46.75913300035339400, -10.63349062296327600, 32.70127002982830800 ) ) ;
#2031 = CARTESIAN_POINT ( 'NONE',  ( -49.50463822728453100, 10.70863295104996900, 29.38363674551551000 ) ) ;
#2032 = FACE_OUTER_BOUND ( 'NONE', #4421, .T. ) ;
#2033 = CARTESIAN_POINT ( 'NONE',  ( -40.99999999999997900, 12.06090092888058300, 36.58954798268833000 ) ) ;
#2034 = CIRCLE ( 'NONE', #1380, 7.599999999999996100 ) ;
#2035 = CARTESIAN_POINT ( 'NONE',  ( 67.09630444986791500, -12.50000000000001400, 12.00000000000047400 ) ) ;
#2036 = CYLINDRICAL_SURFACE ( 'NONE', #1000, 0.5000000000000004400 ) ;
#2037 = CARTESIAN_POINT ( 'NONE',  ( 50.99172285657498800, -12.56607648553855900, 8.299716809001072400 ) ) ;
#2038 = CARTESIAN_POINT ( 'NONE',  ( 51.50000000000001400, 7.152807420980327200, 38.84457641169645100 ) ) ;
#2039 = CARTESIAN_POINT ( 'NONE',  ( -51.72046959904253800, -12.03743972356306500, 37.90337548046746000 ) ) ;
#2040 = VECTOR ( 'NONE', #3318, 1000.000000000000000 ) ;
#2041 = DIRECTION ( 'NONE',  ( -0.0000000000000000000, 0.0000000000000000000, -1.000000000000000000 ) ) ;
#2042 = CARTESIAN_POINT ( 'NONE',  ( -48.78261446916209800, -12.11550996076351800, 33.53144219724257600 ) ) ;
#2043 = ADVANCED_FACE ( 'NONE', ( #2365 ), #4323, .F. ) ;
#2044 = EDGE_CURVE ( 'NONE', #688, #1310, #4473, .T. ) ;
#2045 = DIRECTION ( 'NONE',  ( 1.272857920698121500E-016, 1.000000000000000000, 0.0000000000000000000 ) ) ;
#2046 = AXIS2_PLACEMENT_3D ( 'NONE', #3936, #2059, #2842 ) ;
#2047 = DIRECTION ( 'NONE',  ( -1.000000000000000000, 1.510601470329758200E-018, -8.459368233846639500E-017 ) ) ;
#2048 = ORIENTED_EDGE ( 'NONE', *, *, #2572, .T. ) ;
#2049 = APPROVAL_PERSON_ORGANIZATION ( #4750, #743, #3602 ) ;
#2050 = ORIENTED_EDGE ( 'NONE', *, *, #2177, .F. ) ;
#2051 = CARTESIAN_POINT ( 'NONE',  ( 50.22260962504777400, -12.00221889621873700, 39.87574181174966300 ) ) ;
#2052 = CARTESIAN_POINT ( 'NONE',  ( -68.23115868325568600, 10.90190655395155200, 18.62237310203525100 ) ) ;
#2053 = CARTESIAN_POINT ( 'NONE',  ( 41.00000000000000700, 10.06121973018969100, 36.55383938985457300 ) ) ;
#2054 = EDGE_CURVE ( 'NONE', #2579, #2247, #4301, .T. ) ;
#2055 = B_SPLINE_CURVE_WITH_KNOTS ( 'NONE', 3,
 ( #769, #787, #2637, #348, #759, #4100, #730, #2565, #1444, #3338, #3365, #10, #4060, #1129, #4044, #2940, #3704, #3719, #4090, #1827, #1844, #3323, #2957, #1877, #4441 ),
 .UNSPECIFIED., .F., .F.,
 ( 4, 2, 2, 1, 2, 2, 2, 2, 2, 2, 2, 2, 4 ),
 ( 0.0000000000000000000, 0.002239972341001804300, 0.003359958511502708400, 0.004479944682003612900, 0.005599930852504516100, 0.006719917023005420200, 0.008959889364007246600, 0.01007987553450816000, 0.01119986170500907000, 0.01343983404601090100, 0.01455982021651180800, 0.01567980638701271500, 0.01791977872801454200 ),
 .UNSPECIFIED. ) ;
#2056 = CARTESIAN_POINT ( 'NONE',  ( -67.95858973541646700, 12.04366024034400300, 0.0000000000000000000 ) ) ;
#2057 = AXIS2_PLACEMENT_3D ( 'NONE', #2478, #645, #2620 ) ;
#2058 = VERTEX_POINT ( 'NONE', #3089 ) ;
#2059 = DIRECTION ( 'NONE',  ( 0.2391163048910755500, 0.9709909333949716700, 1.684400767120888000E-015 ) ) ;
#2060 = ORIENTED_EDGE ( 'NONE', *, *, #719, .T. ) ;
#2061 = CARTESIAN_POINT ( 'NONE',  ( -51.50000000000000000, 7.000000000000005300, 38.84457641169643000 ) ) ;
#2062 = CARTESIAN_POINT ( 'NONE',  ( -67.63192687621254600, -8.922436649735191200, 12.22354227234120000 ) ) ;
#2063 = CARTESIAN_POINT ( 'NONE',  ( -43.14240577231561200, -10.59533010379476500, 34.38493462141039500 ) ) ;
#2064 = VERTEX_POINT ( 'NONE', #2076 ) ;
#2065 = EDGE_CURVE ( 'NONE', #3573, #651, #984, .T. ) ;
#2066 = CARTESIAN_POINT ( 'NONE',  ( -47.92537975908609100, -12.10258745186539100, 34.25510269553774400 ) ) ;
#2067 = DIRECTION ( 'NONE',  ( 1.000000000000000000, 0.0000000000000000000, 0.0000000000000000000 ) ) ;
#2068 = ORIENTED_EDGE ( 'NONE', *, *, #3782, .F. ) ;
#2069 = CARTESIAN_POINT ( 'NONE',  ( 49.73975291550910100, -11.01769771678995200, 39.00000000000000700 ) ) ;
#2070 = CARTESIAN_POINT ( 'NONE',  ( 51.63855923933275000, 12.50000000000001600, 0.0000000000000000000 ) ) ;
#2071 = DIRECTION ( 'NONE',  ( -1.272857920698121500E-016, -1.000000000000000000, -0.0000000000000000000 ) ) ;
#2072 = AXIS2_PLACEMENT_3D ( 'NONE', #2371, #3858, #2435 ) ;
#2073 = ORIENTED_EDGE ( 'NONE', *, *, #652, .F. ) ;
#2074 = ADVANCED_FACE ( 'NONE', ( #3931 ), #2424, .F. ) ;
#2075 = CARTESIAN_POINT ( 'NONE',  ( 50.99172285646327700, 12.56607648557720000, 8.299716808999004800 ) ) ;
#2076 = CARTESIAN_POINT ( 'NONE',  ( -52.39999999999999900, 0.0000000000000000000, 12.00000000000000000 ) ) ;
#2077 = CARTESIAN_POINT ( 'NONE',  ( -68.52406277440454100, 10.28131329987166300, 17.49140620790018000 ) ) ;
#2078 = DIRECTION ( 'NONE',  ( 1.272857920698121500E-016, 1.000000000000000000, 0.0000000000000000000 ) ) ;
#2079 = CARTESIAN_POINT ( 'NONE',  ( 48.19016542231695200, -12.14383142395674900, 31.94544025839092400 ) ) ;
#2080 = CARTESIAN_POINT ( 'NONE',  ( 68.74580496809665000, 9.493133231823554400, 17.09770016602897200 ) ) ;
#2081 = VERTEX_POINT ( 'NONE', #543 ) ;
#2082 = CARTESIAN_POINT ( 'NONE',  ( -41.62378500009423000, -10.58988809039667700, 34.62497709178452300 ) ) ;
#2083 = DIRECTION ( 'NONE',  ( -0.0000000000000000000, -0.0000000000000000000, -1.000000000000000000 ) ) ;
#2084 = ORIENTED_EDGE ( 'NONE', *, *, #1792, .T. ) ;
#2085 = CARTESIAN_POINT ( 'NONE',  ( -68.84063247622127300, -9.134306504794029300, 11.03751109954716700 ) ) ;
#2086 = EDGE_CURVE ( 'NONE', #4623, #1091, #3103, .T. ) ;
#2087 = ORIENTED_EDGE ( 'NONE', *, *, #303, .F. ) ;
#2088 = DIRECTION ( 'NONE',  ( 0.3535359218160311100, 0.0000000000000000000, 0.9354209490842554400 ) ) ;
#2089 = CARTESIAN_POINT ( 'NONE',  ( 67.05272237338522200, 12.60432488920501000, 6.157806204521697200 ) ) ;
#2090 = CARTESIAN_POINT ( 'NONE',  ( 52.49574114466869900, 12.56617093359407300, 8.294427718733349100 ) ) ;
#2091 = CARTESIAN_POINT ( 'NONE',  ( -68.55730622740127000, 10.16791322703406800, 17.58009736115945600 ) ) ;
#2092 = FACE_OUTER_BOUND ( 'NONE', #617, .T. ) ;
#2093 = DIRECTION ( 'NONE',  ( 1.110223024625155500E-013, -1.000000000000000000, 0.0000000000000000000 ) ) ;
#2094 = EDGE_CURVE ( 'NONE', #1481, #1598, #4151, .T. ) ;
#2095 = CARTESIAN_POINT ( 'NONE',  ( 45.73019151459706700, -10.61840551456112400, 33.36692097434081500 ) ) ;
#2096 = AXIS2_PLACEMENT_3D ( 'NONE', #1079, #1502, #2257 ) ;
#2097 = CIRCLE ( 'NONE', #2918, 39.99999999999998600 ) ;
#2098 = CARTESIAN_POINT ( 'NONE',  ( -46.75039769468322200, -10.63376503818608900, 32.68914889641855100 ) ) ;
#2099 = ADVANCED_FACE ( 'NONE', ( #1978 ), #404, .T. ) ;
#2100 = CARTESIAN_POINT ( 'NONE',  ( -62.50239059963386300, -11.20222515163630600, 29.27301547649349800 ) ) ;
#2101 = CARTESIAN_POINT ( 'NONE',  ( -68.07658807808198300, 11.70010652064240000, 18.71259803310266200 ) ) ;
#2102 = CIRCLE ( 'NONE', #2016, 1.000000000000004000 ) ;
#2103 = CARTESIAN_POINT ( 'NONE',  ( -50.61988474604488900, -11.27693392223161300, -1.372791119307738400E-016 ) ) ;
#2104 =( BOUNDED_CURVE ( )  B_SPLINE_CURVE ( 3, ( #1194, #3778, #1961, #3796 ),
 .UNSPECIFIED., .F., .T. ) 
 B_SPLINE_CURVE_WITH_KNOTS ( ( 4, 4 ),
 ( 1.929781740883010500, 2.629078296783191200 ),
 .UNSPECIFIED. ) 
 CURVE ( )  GEOMETRIC_REPRESENTATION_ITEM ( )  RATIONAL_B_SPLINE_CURVE ( ( 1.000000000000000000, 0.9596621729736618500, 0.9596621729736618500, 1.000000000000000000 ) ) 
 REPRESENTATION_ITEM ( '' )  );
#2105 = DIRECTION ( 'NONE',  ( -1.000000000000000000, 0.0000000000000000000, 0.0000000000000000000 ) ) ;
#2106 = DIRECTION ( 'NONE',  ( -0.9362537543919813300, 0.0000000000000000000, -0.3513245043929039700 ) ) ;
#2107 = CARTESIAN_POINT ( 'NONE',  ( 50.48410110073059100, 10.80328860203453100, 25.20000000000049700 ) ) ;
#2108 = CARTESIAN_POINT ( 'NONE',  ( 48.51297842579413100, 10.67289125655458700, 30.96206775362580300 ) ) ;
#2109 = CARTESIAN_POINT ( 'NONE',  ( -67.95858973541646700, -12.04366024034402500, 0.0000000000000000000 ) ) ;
#2110 = ORIENTED_EDGE ( 'NONE', *, *, #59, .T. ) ;
#2111 = CARTESIAN_POINT ( 'NONE',  ( 55.74999999999999300, 1.469576158976823700E-014, 4.499999999999997300 ) ) ;
#2112 = CARTESIAN_POINT ( 'NONE',  ( -52.40625686634706400, -12.25023920879932300, 25.98660430723814200 ) ) ;
#2113 = CARTESIAN_POINT ( 'NONE',  ( -66.33074997409193000, -12.34181599358995700, 20.85830435896296500 ) ) ;
#2114 = EDGE_CURVE ( 'NONE', #1066, #936, #176, .T. ) ;
#2115 = AXIS2_PLACEMENT_3D ( 'NONE', #245, #4648, #566 ) ;
#2116 = EDGE_LOOP ( 'NONE', ( #1779, #1457, #1851, #4086, #2331 ) ) ;
#2117 = ORIENTED_EDGE ( 'NONE', *, *, #756, .T. ) ;
#2118 = CARTESIAN_POINT ( 'NONE',  ( -49.55577767341387800, 12.17587107364755800, 30.15121987572855400 ) ) ;
#2119 = CARTESIAN_POINT ( 'NONE',  ( 68.07658807808198300, -11.70010652064239800, 18.71259803310269000 ) ) ;
#2120 = CARTESIAN_POINT ( 'NONE',  ( -52.40625693089223300, 12.25023944058458800, 25.98659132726413300 ) ) ;
#2121 = LINE ( 'NONE', #1775, #1519 ) ;
#2122 = ORIENTED_EDGE ( 'NONE', *, *, #2291, .F. ) ;
#2123 = ADVANCED_FACE ( 'NONE', ( #754 ), #3585, .T. ) ;
#2124 = APPROVAL_STATUS ( 'not_yet_approved' ) ;
#2125 = EDGE_CURVE ( 'NONE', #75, #3288, #3310, .T. ) ;
#2126 = CARTESIAN_POINT ( 'NONE',  ( -51.56277310451871200, 8.202208189340872500, 39.08750050518183600 ) ) ;
#2127 = EDGE_LOOP ( 'NONE', ( #384, #3680, #1628, #1640 ) ) ;
#2128 = EDGE_CURVE ( 'NONE', #4256, #2861, #2419, .T. ) ;
#2129 = CARTESIAN_POINT ( 'NONE',  ( 51.80964141190465700, 8.077548152423302600, 38.60854931203292800 ) ) ;
#2130 = CARTESIAN_POINT ( 'NONE',  ( 52.47702185195779400, 12.50000000000001800, 12.00000000000000000 ) ) ;
#2131 = EDGE_LOOP ( 'NONE', ( #2817, #823, #3039, #3916, #3626, #1347 ) ) ;
#2132 = CARTESIAN_POINT ( 'NONE',  ( -51.35530525360114500, -7.709164187841071900, 39.21408585965225800 ) ) ;
#2133 = CARTESIAN_POINT ( 'NONE',  ( -68.03215726986162800, 9.500000000000008900, 19.15237923442065000 ) ) ;
#2134 = EDGE_LOOP ( 'NONE', ( #4697, #1807, #975, #4144 ) ) ;
#2135 = CARTESIAN_POINT ( 'NONE',  ( 49.96665129122531800, 10.73438236937544100, 28.24601545166986900 ) ) ;
#2136 = DIRECTION ( 'NONE',  ( -0.2391163048910755500, 0.9709909333949716700, 0.0000000000000000000 ) ) ;
#2137 = CARTESIAN_POINT ( 'NONE',  ( -50.61988474604488200, 11.27693392223158100, -1.372791119307861700E-016 ) ) ;
#2138 = VERTEX_POINT ( 'NONE', #1821 ) ;
#2139 = CARTESIAN_POINT ( 'NONE',  ( 52.04984396795602200, 8.390703056478649600, 38.78410678798583400 ) ) ;
#2140 = ADVANCED_FACE ( 'NONE', ( #1324 ), #1151, .T. ) ;
#2141 = FACE_OUTER_BOUND ( 'NONE', #2849, .T. ) ;
#2142 = DIRECTION ( 'NONE',  ( -1.000000000000000000, 0.0000000000000000000, 0.0000000000000000000 ) ) ;
#2143 = EDGE_CURVE ( 'NONE', #3411, #4351, #3926, .T. ) ;
#2144 = CARTESIAN_POINT ( 'NONE',  ( -51.50000000560696400, -7.158180253763243100, 39.12706630098318100 ) ) ;
#2145 = CARTESIAN_POINT ( 'NONE',  ( -57.82839287578689600, 12.09880956543934800, 34.46666433539739000 ) ) ;
#2146 = CARTESIAN_POINT ( 'NONE',  ( 67.10205230322452500, -12.45996211899454100, 14.24212133630715200 ) ) ;
#2147 = CIRCLE ( 'NONE', #4286, 1.000000000000000900 ) ;
#2148 = EDGE_CURVE ( 'NONE', #2740, #2967, #3707, .T. ) ;
#2149 = CARTESIAN_POINT ( 'NONE',  ( 52.44703608036754600, -12.50000000000002300, 11.98891733324591700 ) ) ;
#2150 = CARTESIAN_POINT ( 'NONE',  ( 68.82380581185960000, 9.000000000000005300, 17.10496446542960700 ) ) ;
#2151 = CARTESIAN_POINT ( 'NONE',  ( 51.64401438390130700, 7.762708247114999500, 39.03847240044357400 ) ) ;
#2152 = FACE_OUTER_BOUND ( 'NONE', #891, .T. ) ;
#2153 =( BOUNDED_CURVE ( )  B_SPLINE_CURVE ( 3, ( #233, #3568, #3210, #4658 ),
 .UNSPECIFIED., .F., .T. ) 
 B_SPLINE_CURVE_WITH_KNOTS ( ( 4, 4 ),
 ( 5.038259664051041800, 5.048198893360973800 ),
 .UNSPECIFIED. ) 
 CURVE ( )  GEOMETRIC_REPRESENTATION_ITEM ( )  RATIONAL_B_SPLINE_CURVE ( ( 1.000000000000000000, 0.9999917676603367100, 0.9999917676603367100, 1.000000000000000000 ) ) 
 REPRESENTATION_ITEM ( '' )  );
#2154 = CARTESIAN_POINT ( 'NONE',  ( -67.96879860929992400, -8.499999999999989300, 12.00000000000000000 ) ) ;
#2155 = CARTESIAN_POINT ( 'NONE',  ( -67.72379463714943900, -12.71622847755410900, -0.1087947430268228200 ) ) ;
#2156 = CARTESIAN_POINT ( 'NONE',  ( -52.53995009660189900, 12.71682889776634300, -0.1424182749142199300 ) ) ;
#2157 = DIRECTION ( 'NONE',  ( -1.000000000000000000, -1.279371724516979300E-016, -0.0000000000000000000 ) ) ;
#2158 = CARTESIAN_POINT ( 'NONE',  ( -50.81809938716604300, 12.24073029631792100, 26.51910340609717300 ) ) ;
#2159 = ORIENTED_EDGE ( 'NONE', *, *, #4204, .T. ) ;
#2160 = CARTESIAN_POINT ( 'NONE',  ( -68.53328006245797600, 9.928482100565684500, 17.74782785663192500 ) ) ;
#2161 = CARTESIAN_POINT ( 'NONE',  ( -70.00000000000000000, 0.0000000000000000000, 40.00000000000000000 ) ) ;
#2162 = COORDINATED_UNIVERSAL_TIME_OFFSET ( 1, 0, .AHEAD. ) ;
#2163 = VERTEX_POINT ( 'NONE', #2927 ) ;
#2164 = CARTESIAN_POINT ( 'NONE',  ( -53.02965789887821300, 8.959189969278508400, 37.61804977922865600 ) ) ;
#2165 = CARTESIAN_POINT ( 'NONE',  ( -68.23625446477848300, 9.251128530094945300, 18.05296979718254100 ) ) ;
#2166 = CARTESIAN_POINT ( 'NONE',  ( -67.11759667527172700, 12.50000000000000200, 11.97621396979139500 ) ) ;
#2167 = FACE_OUTER_BOUND ( 'NONE', #4476, .T. ) ;
#2168 = ORIENTED_EDGE ( 'NONE', *, *, #1204, .F. ) ;
#2169 = ORIENTED_EDGE ( 'NONE', *, *, #1629, .F. ) ;
#2170 = CARTESIAN_POINT ( 'NONE',  ( 60.00000000000000000, 1.469576158976823700E-014, 40.00000000000000000 ) ) ;
#2171 = EDGE_CURVE ( 'NONE', #2590, #2947, #3373, .T. ) ;
#2172 = CARTESIAN_POINT ( 'NONE',  ( -67.84687706988484000, 12.37989065772386400, 18.72612316746516800 ) ) ;
#2173 = ORIENTED_EDGE ( 'NONE', *, *, #154, .T. ) ;
#2174 = DIRECTION ( 'NONE',  ( -0.0000000000000000000, -0.0000000000000000000, -1.000000000000000000 ) ) ;
#2175 = DIRECTION ( 'NONE',  ( -1.000000000000000000, 1.301042606982605600E-016, 1.778091562876227700E-015 ) ) ;
#2176 = EDGE_LOOP ( 'NONE', ( #319, #2866, #2387, #716 ) ) ;
#2177 = EDGE_CURVE ( 'NONE', #4201, #1315, #3182, .T. ) ;
#2178 = B_SPLINE_CURVE_WITH_KNOTS ( 'NONE', 3,
 ( #4494, #4528, #508, #85, #1937, #4556, #2698, #3096, #4171, #3424, #114, #4197, #2301, #3067, #1969, #2327 ),
 .UNSPECIFIED., .F., .F.,
 ( 4, 2, 2, 2, 2, 2, 2, 4 ),
 ( 0.0000000000000000000, 0.001081321084853031400, 0.001621981627279545400, 0.002162642169706058900, 0.002703302712132572800, 0.003243963254559086800, 0.003784623796985600300, 0.004325284339412114300 ),
 .UNSPECIFIED. ) ;
#2179 = CARTESIAN_POINT ( 'NONE',  ( -67.12921572777867100, -12.37981335125859400, 18.73045232951955800 ) ) ;
#2180 = AXIS2_PLACEMENT_3D ( 'NONE', #1857, #4397, #1489 ) ;
#2181 = CARTESIAN_POINT ( 'NONE',  ( -63.86852633872056400, 12.22464378965063100, 27.41994777956552900 ) ) ;
#2182 = CARTESIAN_POINT ( 'NONE',  ( -67.73118794719440000, -8.804558079428643300, 12.09816414416504800 ) ) ;
#2183 = VERTEX_POINT ( 'NONE', #2528 ) ;
#2184 = CARTESIAN_POINT ( 'NONE',  ( 68.65813053895301700, 9.500000000000001800, 17.36992749532870700 ) ) ;
#2185 = CARTESIAN_POINT ( 'NONE',  ( 68.48352008316254600, 8.500000000000007100, 11.50000000000000000 ) ) ;
#2186 = DIRECTION ( 'NONE',  ( -1.279371724516979300E-016, 1.000000000000000000, 0.0000000000000000000 ) ) ;
#2187 = CARTESIAN_POINT ( 'NONE',  ( 52.61614975348528800, 9.220739477582439400, 38.41737668257140100 ) ) ;
#2188 = ADVANCED_FACE ( 'NONE', ( #3359 ), #3861, .F. ) ;
#2189 = CARTESIAN_POINT ( 'NONE',  ( -49.73975291550919300, 12.01753831613542900, 39.01785429641687800 ) ) ;
#2190 = AXIS2_PLACEMENT_3D ( 'NONE', #4208, #3484, #4242 ) ;
#2191 = ORIENTED_EDGE ( 'NONE', *, *, #663, .T. ) ;
#2192 = CARTESIAN_POINT ( 'NONE',  ( -53.78967950244948800, -9.499999999999991100, 37.61384145845484300 ) ) ;
#2193 = ORIENTED_EDGE ( 'NONE', *, *, #2171, .T. ) ;
#2194 = CARTESIAN_POINT ( 'NONE',  ( 52.46106978681313400, 12.50000000000001600, 12.00000000000010700 ) ) ;
#2195 = VERTEX_POINT ( 'NONE', #2491 ) ;
#2196 = CARTESIAN_POINT ( 'NONE',  ( -51.25803393621905700, 7.368941722885924000, 39.27285025838721600 ) ) ;
#2197 = DIRECTION ( 'NONE',  ( 1.000000000000000000, 1.279371724516979300E-016, 0.0000000000000000000 ) ) ;
#2198 = CARTESIAN_POINT ( 'NONE',  ( 68.48352008316254600, -8.499999999999989300, 12.00000000000000000 ) ) ;
#2199 = CARTESIAN_POINT ( 'NONE',  ( 42.23654455988770500, 10.59126837595658300, 34.56409725955875000 ) ) ;
#2200 = VECTOR ( 'NONE', #1140, 1000.000000000000000 ) ;
#2201 = CARTESIAN_POINT ( 'NONE',  ( -68.03215726986161400, -8.999999999999973400, 19.15237923442065300 ) ) ;
#2202 = CARTESIAN_POINT ( 'NONE',  ( 50.52839113330282600, 10.96144771513197600, 16.78524431657555700 ) ) ;
#2203 = CARTESIAN_POINT ( 'NONE',  ( -67.72379463714943900, 12.71622847755407700, -0.1087947430268280700 ) ) ;
#2204 = FACE_OUTER_BOUND ( 'NONE', #1509, .T. ) ;
#2205 = CARTESIAN_POINT ( 'NONE',  ( -68.38910618648546300, -10.41221269567044800, 18.17733276812096600 ) ) ;
#2206 = EDGE_CURVE ( 'NONE', #1066, #849, #4265, .T. ) ;
#2207 = CARTESIAN_POINT ( 'NONE',  ( -68.21678910197775300, 9.532091519066046500, 18.65450924083755500 ) ) ;
#2208 = ADVANCED_FACE ( 'NONE', ( #2473 ), #736, .T. ) ;
#2209 = LINE ( 'NONE', #2821, #3079 ) ;
#2210 = LINE ( 'NONE', #1118, #710 ) ;
#2211 = CARTESIAN_POINT ( 'NONE',  ( -68.89062480709846200, 8.938761881250437500, 11.00000001427045000 ) ) ;
#2212 = CARTESIAN_POINT ( 'NONE',  ( 67.95858973541646700, 12.04366024034400300, 0.0000000000000000000 ) ) ;
#2213 = VERTEX_POINT ( 'NONE', #659 ) ;
#2214 = DIRECTION ( 'NONE',  ( 3.854941057726238100E-016, -1.000000000000000000, 0.0000000000000000000 ) ) ;
#2215 = CARTESIAN_POINT ( 'NONE',  ( -68.47618094013269300, -9.560713168182701300, 17.91694086755072100 ) ) ;
#2216 = CARTESIAN_POINT ( 'NONE',  ( 50.61988474604488200, 11.27693392223158500, 0.0000000000000000000 ) ) ;
#2217 = VERTEX_POINT ( 'NONE', #382 ) ;
#2218 = CARTESIAN_POINT ( 'NONE',  ( 68.90559852036234600, -8.877689479976524500, 11.52478696026594600 ) ) ;
#2219 = CALENDAR_DATE ( 2018, 28, 8 ) ;
#2220 = CARTESIAN_POINT ( 'NONE',  ( -49.86421689732794200, 10.72801343951052500, 28.52742239032327400 ) ) ;
#2221 = AXIS2_PLACEMENT_3D ( 'NONE', #627, #3917, #4681 ) ;
#2222 = VECTOR ( 'NONE', #805, 1000.000000000000000 ) ;
#2223 = ORIENTED_EDGE ( 'NONE', *, *, #122, .T. ) ;
#2224 = CARTESIAN_POINT ( 'NONE',  ( -1.081929232593402900E-015, 8.499999999999998200, 12.50000000000000000 ) ) ;
#2225 = ORIENTED_EDGE ( 'NONE', *, *, #1455, .F. ) ;
#2226 = CARTESIAN_POINT ( 'NONE',  ( 68.22565626216592700, -8.999999999999991100, 16.94872539182344400 ) ) ;
#2227 = CIRCLE ( 'NONE', #3279, 40.06250000000011400 ) ;
#2228 = ORIENTED_EDGE ( 'NONE', *, *, #2915, .T. ) ;
#2229 = AXIS2_PLACEMENT_3D ( 'NONE', #4478, #83, #4107 ) ;
#2230 = CARTESIAN_POINT ( 'NONE',  ( 52.29705142867700800, -12.50000000000002000, 11.54507247455461200 ) ) ;
#2231 = DIRECTION ( 'NONE',  ( -0.0000000000000000000, 1.000000000000000000, 0.0000000000000000000 ) ) ;
#2232 = CARTESIAN_POINT ( 'NONE',  ( -67.08836330536755100, 12.50000000000001800, 12.00000000000000000 ) ) ;
#2233 = CARTESIAN_POINT ( 'NONE',  ( -68.18919136313719800, -9.212518647159621200, 18.11999028238581700 ) ) ;
#2234 = ORIENTED_EDGE ( 'NONE', *, *, #4539, .F. ) ;
#2235 = CARTESIAN_POINT ( 'NONE',  ( -50.22736584651563200, -10.75455206706043000, 27.35468293555140600 ) ) ;
#2236 = EDGE_CURVE ( 'NONE', #2993, #2708, #3901, .T. ) ;
#2237 = CARTESIAN_POINT ( 'NONE',  ( -67.80641650010440500, 12.49215390926683400, 12.43938108098250500 ) ) ;
#2238 = CARTESIAN_POINT ( 'NONE',  ( -53.27322013832126400, -9.020953307547976900, 37.97654323747787700 ) ) ;
#2239 = CARTESIAN_POINT ( 'NONE',  ( -51.96459496775767000, -12.50000000000003200, 8.042045985067469300 ) ) ;
#2240 = ORIENTED_EDGE ( 'NONE', *, *, #1247, .F. ) ;
#2241 = CARTESIAN_POINT ( 'NONE',  ( -58.52616399294828400, -11.09896896609387600, 35.20362715890880200 ) ) ;
#2242 = DIRECTION ( 'NONE',  ( 1.387778780781444400E-013, 0.0000000000000000000, -1.000000000000000000 ) ) ;
#2243 = EDGE_CURVE ( 'NONE', #1931, #1030, #112, .T. ) ;
#2244 = ORIENTED_EDGE ( 'NONE', *, *, #4570, .T. ) ;
#2245 = CARTESIAN_POINT ( 'NONE',  ( -68.53025307269754800, -9.691513515020510300, 17.62420890284991500 ) ) ;
#2246 = CARTESIAN_POINT ( 'NONE',  ( 67.13450484136069500, 12.50000000000001600, 11.94014309204077800 ) ) ;
#2247 = VERTEX_POINT ( 'NONE', #768 ) ;
#2248 = CARTESIAN_POINT ( 'NONE',  ( -68.52430833273707800, -9.867181036657058300, 17.77453687396642900 ) ) ;
#2249 = CARTESIAN_POINT ( 'NONE',  ( 53.02965789887940700, -8.959189969278941800, 37.61804977922741200 ) ) ;
#2250 = VERTEX_POINT ( 'NONE', #3376 ) ;
#2251 = CARTESIAN_POINT ( 'NONE',  ( 52.71386997151553500, -8.842815844766368700, 37.88311433997910900 ) ) ;
#2252 = CARTESIAN_POINT ( 'NONE',  ( -52.18984939097193600, -12.50000000000003600, 10.79968151124945700 ) ) ;
#2253 = CARTESIAN_POINT ( 'NONE',  ( -49.86502337787058500, 10.72806145041387200, 28.52530113352458600 ) ) ;
#2254 = CYLINDRICAL_SURFACE ( 'NONE', #4273, 7.600000000000002300 ) ;
#2255 = DIRECTION ( 'NONE',  ( 1.272857920698121500E-016, -1.000000000000000000, 0.0000000000000000000 ) ) ;
#2256 = CARTESIAN_POINT ( 'NONE',  ( -67.59999999999999400, 9.307315673519889400E-016, 4.500000000000000900 ) ) ;
#2257 = DIRECTION ( 'NONE',  ( 0.0000000000000000000, 0.0000000000000000000, -1.000000000000000000 ) ) ;
#2258 = DIRECTION ( 'NONE',  ( 0.0000000000000000000, -0.9998405993454444500, -0.01785429641689913900 ) ) ;
#2259 = FACE_OUTER_BOUND ( 'NONE', #3261, .T. ) ;
#2260 = DIRECTION ( 'NONE',  ( -0.0000000000000000000, 0.0000000000000000000, -1.000000000000000000 ) ) ;
#2261 = CARTESIAN_POINT ( 'NONE',  ( 48.50616264962823700, 12.11105473332794000, 33.78093493363631000 ) ) ;
#2262 = ADVANCED_FACE ( 'NONE', ( #157 ), #1611, .F. ) ;
#2263 = EDGE_CURVE ( 'NONE', #322, #4089, #95, .T. ) ;
#2264 = CARTESIAN_POINT ( 'NONE',  ( -68.53267922885274300, -9.728403231755844900, 17.74998984572375300 ) ) ;
#2265 = CIRCLE ( 'NONE', #3379, 1.000000000000000900 ) ;
#2266 = CIRCLE ( 'NONE', #3209, 36.54755500203954500 ) ;
#2267 = CARTESIAN_POINT ( 'NONE',  ( 51.63362873867807000, -7.733142609907486300, 38.74349767328061500 ) ) ;
#2268 = CARTESIAN_POINT ( 'NONE',  ( -51.76858870024874200, -12.50000000000003600, 4.022404010654016200 ) ) ;
#2269 = CYLINDRICAL_SURFACE ( 'NONE', #4364, 1.000000000000000900 ) ;
#2270 = EDGE_CURVE ( 'NONE', #4782, #4260, #1440, .T. ) ;
#2271 = LINE ( 'NONE', #2536, #228 ) ;
#2272 = CARTESIAN_POINT ( 'NONE',  ( 51.79127077855934400, 12.19813861852294100, 28.90423736271623400 ) ) ;
#2273 = CARTESIAN_POINT ( 'NONE',  ( -62.50239059963124100, 11.20222515163646200, 29.27301547649654600 ) ) ;
#2274 = EDGE_LOOP ( 'NONE', ( #1139, #2568, #4584, #1951 ) ) ;
#2275 = CARTESIAN_POINT ( 'NONE',  ( -68.56107593895099200, -9.904788309490481200, 17.57832876074393600 ) ) ;
#2276 = CARTESIAN_POINT ( 'NONE',  ( -41.00000000000000700, -10.58988809039667300, 34.62497709178453000 ) ) ;
#2277 = CARTESIAN_POINT ( 'NONE',  ( -67.12921572777867100, 11.37997275191315300, 18.71259803310268000 ) ) ;
#2278 = CARTESIAN_POINT ( 'NONE',  ( 52.32913488755910700, 12.23697831041262600, 26.72921461689396200 ) ) ;
#2279 = EDGE_LOOP ( 'NONE', ( #693, #3512, #3772, #4071 ) ) ;
#2280 = ORIENTED_EDGE ( 'NONE', *, *, #1731, .F. ) ;
#2281 = CARTESIAN_POINT ( 'NONE',  ( 51.63855923933270700, -12.50000000000002000, 0.0000000000000000000 ) ) ;
#2282 = CARTESIAN_POINT ( 'NONE',  ( 51.96781930231978200, -8.743602610401408600, 38.83537171458454700 ) ) ;
#2283 = DIRECTION ( 'NONE',  ( 1.272857920698121500E-016, -1.000000000000000000, 0.0000000000000000000 ) ) ;
#2284 = ORIENTED_EDGE ( 'NONE', *, *, #466, .F. ) ;
#2285 = DIRECTION ( 'NONE',  ( -1.000000000000000000, 0.0000000000000000000, 0.0000000000000000000 ) ) ;
#2286 = ORIENTED_EDGE ( 'NONE', *, *, #953, .F. ) ;
#2287 = VERTEX_POINT ( 'NONE', #2990 ) ;
#2288 = CARTESIAN_POINT ( 'NONE',  ( 51.41556769755224100, 7.885557740928713400, 39.17755166614484400 ) ) ;
#2289 = CARTESIAN_POINT ( 'NONE',  ( 52.25408825101462200, 12.02262004175809900, 38.73327766207587100 ) ) ;
#2290 = CARTESIAN_POINT ( 'NONE',  ( 67.78286327603268500, 12.38195496673660800, 0.0000000000000000000 ) ) ;
#2291 = EDGE_CURVE ( 'NONE', #3672, #1603, #2672, .T. ) ;
#2292 = ORIENTED_EDGE ( 'NONE', *, *, #268, .T. ) ;
#2293 = CARTESIAN_POINT ( 'NONE',  ( -67.77746409791790000, 8.747589869535234500, 12.06440245388700000 ) ) ;
#2294 = CARTESIAN_POINT ( 'NONE',  ( -51.56355844010656900, -8.203366514095639800, 39.08701610403812800 ) ) ;
#2295 = CARTESIAN_POINT ( 'NONE',  ( -51.25803393282922800, 12.50000000000001600, 39.27285026042955700 ) ) ;
#2296 = ORIENTED_EDGE ( 'NONE', *, *, #1785, .T. ) ;
#2297 = EDGE_CURVE ( 'NONE', #774, #4623, #1730, .T. ) ;
#2298 = CARTESIAN_POINT ( 'NONE',  ( 68.48352008316254600, 8.500000000000005300, 12.00000000000000000 ) ) ;
#2299 = ORIENTED_EDGE ( 'NONE', *, *, #147, .T. ) ;
#2300 =( BOUNDED_CURVE ( )  B_SPLINE_CURVE ( 3, ( #1006, #286, #269, #3214 ),
 .UNSPECIFIED., .F., .F. ) 
 B_SPLINE_CURVE_WITH_KNOTS ( ( 4, 4 ),
 ( 3.654107010396394600, 4.353403566296576000 ),
 .UNSPECIFIED. ) 
 CURVE ( )  GEOMETRIC_REPRESENTATION_ITEM ( )  RATIONAL_B_SPLINE_CURVE ( ( 1.000000000000000000, 0.9596621729736618500, 0.9596621729736618500, 1.000000000000000000 ) ) 
 REPRESENTATION_ITEM ( '' )  );
#2301 = CARTESIAN_POINT ( 'NONE',  ( 51.35773380350801900, -7.717399487387089300, 39.21261421469979100 ) ) ;
#2302 = CARTESIAN_POINT ( 'NONE',  ( -61.70521381730499400, 12.20206575098127300, 28.68431794504968100 ) ) ;
#2303 = ORIENTED_EDGE ( 'NONE', *, *, #1971, .F. ) ;
#2304 = CARTESIAN_POINT ( 'NONE',  ( -53.50000000000000000, 9.000000000000007100, 37.20630521974641200 ) ) ;
#2305 = CARTESIAN_POINT ( 'NONE',  ( -52.39999999999999900, 0.0000000000000000000, 4.500000000000000900 ) ) ;
#2306 = CARTESIAN_POINT ( 'NONE',  ( 30.61531930649137600, 9.000000000000003600, 5.010942361779548500 ) ) ;
#2307 = CARTESIAN_POINT ( 'NONE',  ( -68.57502060589706600, -10.00127660984604600, 17.55757197451727300 ) ) ;
#2308 = CARTESIAN_POINT ( 'NONE',  ( -67.92098705412834600, 8.564716883283008300, 12.00000000000000000 ) ) ;
#2309 = VERTEX_POINT ( 'NONE', #1487 ) ;
#2310 = CARTESIAN_POINT ( 'NONE',  ( -68.12664178061194800, 9.500000000000008900, 18.90238259966336500 ) ) ;
#2311 = AXIS2_PLACEMENT_3D ( 'NONE', #4134, #1976, #1575 ) ;
#2312 = CARTESIAN_POINT ( 'NONE',  ( -67.56444679531949800, 10.00000000000000700, 12.50000000000000000 ) ) ;
#2313 = DIRECTION ( 'NONE',  ( 0.0000000000000000000, 0.0000000000000000000, -1.000000000000000000 ) ) ;
#2314 = CARTESIAN_POINT ( 'NONE',  ( -68.52718912551174000, -10.27066542989103400, 12.29734462361990800 ) ) ;
#2315 = FACE_OUTER_BOUND ( 'NONE', #3640, .T. ) ;
#2316 = CARTESIAN_POINT ( 'NONE',  ( 50.48015227044214000, -10.78918738196481200, 25.82361142263692200 ) ) ;
#2317 = FACE_OUTER_BOUND ( 'NONE', #1966, .T. ) ;
#2318 = CARTESIAN_POINT ( 'NONE',  ( 46.50002196195994500, 10.62959041486743300, 32.87337511103283600 ) ) ;
#2319 = EDGE_CURVE ( 'NONE', #4290, #2511, #2602, .T. ) ;
#2320 = CARTESIAN_POINT ( 'NONE',  ( -52.46109439492394700, -12.50000000000003200, 11.99999999999969100 ) ) ;
#2321 = ORIENTED_EDGE ( 'NONE', *, *, #1799, .F. ) ;
#2322 = CARTESIAN_POINT ( 'NONE',  ( 50.81809938717125200, -12.24073029632177200, 26.51910340609547100 ) ) ;
#2323 = CARTESIAN_POINT ( 'NONE',  ( -45.02089999875158800, 12.07385780747133300, 35.86396278160627600 ) ) ;
#2324 = EDGE_CURVE ( 'NONE', #1603, #661, #3837, .T. ) ;
#2325 = ORIENTED_EDGE ( 'NONE', *, *, #1486, .F. ) ;
#2326 = PERSON_AND_ORGANIZATION ( #2891, #424 ) ;
#2327 = CARTESIAN_POINT ( 'NONE',  ( 51.25803393282922800, -6.999999999999992900, 39.27285026042956400 ) ) ;
#2328 = CARTESIAN_POINT ( 'NONE',  ( -59.46838989580175600, 11.14059793776886300, 32.81262981139184400 ) ) ;
#2329 = CARTESIAN_POINT ( 'NONE',  ( 42.24097192863855100, -10.59127003882360400, 34.56402398863237100 ) ) ;
#2330 = LINE ( 'NONE', #3243, #1065 ) ;
#2331 = ORIENTED_EDGE ( 'NONE', *, *, #3864, .F. ) ;
#2332 = VERTEX_POINT ( 'NONE', #742 ) ;
#2333 = CARTESIAN_POINT ( 'NONE',  ( 67.56010978813002100, -12.50000000000002000, 4.011969929413139000 ) ) ;
#2334 = CARTESIAN_POINT ( 'NONE',  ( -67.27012561488254500, -12.50000000000003400, 11.02646534995382400 ) ) ;
#2335 = DIRECTION ( 'NONE',  ( 0.0000000000000000000, 1.000000000000000000, 0.0000000000000000000 ) ) ;
#2336 = CIRCLE ( 'NONE', #1193, 2.000000000000001800 ) ;
#2337 = ORIENTED_EDGE ( 'NONE', *, *, #408, .F. ) ;
#2338 = DIRECTION ( 'NONE',  ( 1.000000000000000000, 0.0000000000000000000, 0.0000000000000000000 ) ) ;
#2339 = CARTESIAN_POINT ( 'NONE',  ( 52.10802764389561000, -12.21761986013421500, 27.81328783248410700 ) ) ;
#2340 = CARTESIAN_POINT ( 'NONE',  ( -46.20335126137609900, 12.11494589599382400, 33.56302982433791000 ) ) ;
#2341 =( GEOMETRIC_REPRESENTATION_CONTEXT ( 3 ) GLOBAL_UNCERTAINTY_ASSIGNED_CONTEXT ( ( #436 ) ) GLOBAL_UNIT_ASSIGNED_CONTEXT ( ( #259, #3265, #3631 ) ) REPRESENTATION_CONTEXT ( 'NONE', 'WORKASPACE' ) );
#2342 = ORIENTED_EDGE ( 'NONE', *, *, #4299, .F. ) ;
#2343 = DIRECTION ( 'NONE',  ( 1.387778780781445000E-014, -0.6691803608835832400, 0.7431000232860428500 ) ) ;
#2344 = CARTESIAN_POINT ( 'NONE',  ( 68.90754299167748800, -8.872777546423488800, 12.12599805648361300 ) ) ;
#2345 = CARTESIAN_POINT ( 'NONE',  ( -68.05963329669511100, 12.37358079394555900, 19.07947553904973900 ) ) ;
#2346 = EDGE_LOOP ( 'NONE', ( #4463, #1173, #3856, #2689, #138 ) ) ;
#2347 = CARTESIAN_POINT ( 'NONE',  ( 68.05963329669511100, 12.37358079394555900, 19.07947553904972400 ) ) ;
#2348 = EDGE_CURVE ( 'NONE', #3350, #4623, #2362, .T. ) ;
#2349 = VERTEX_POINT ( 'NONE', #2256 ) ;
#2350 = CARTESIAN_POINT ( 'NONE',  ( 47.95277923514247900, -12.10255077566371700, 34.25715656283149700 ) ) ;
#2351 = CARTESIAN_POINT ( 'NONE',  ( -68.69998402768148100, 9.661376724082922300, 11.29391340045286700 ) ) ;
#2352 = EDGE_CURVE ( 'NONE', #2195, #3151, #4567, .T. ) ;
#2353 = CARTESIAN_POINT ( 'NONE',  ( 50.62308026516184600, -12.22390403421420200, 27.46137408394800500 ) ) ;
#2354 = VERTEX_POINT ( 'NONE', #1189 ) ;
#2355 =( BOUNDED_SURFACE ( )  B_SPLINE_SURFACE ( 3, 2, ( 
 ( #830, #4127, #2276 ),
 ( #812, #3412, #2686 ),
 ( #1940, #4146, #1923 ),
 ( #1535, #4499, #1190 ),
 ( #3429, #3397, #3758 ),
 ( #3792, #4112, #3377 ),
 ( #3746, #1518, #54 ),
 ( #2799, #2848, #4287 ),
 ( #2416, #184, #2780 ),
 ( #1729, #219, #3567 ),
 ( #2066, #3206, #2098 ),
 ( #4654, #4241, #3942 ),
 ( #2042, #2453, #571 ),
 ( #1661, #3157, #3888 ),
 ( #920, #3874, #3531 ),
 ( #3923, #4599, #3909 ),
 ( #616, #2433, #1322 ),
 ( #4302, #1693, #1286 ),
 ( #952, #934, #231 ),
 ( #252, #2402, #1676 ),
 ( #4636, #971, #1337 ),
 ( #2816, #1305, #1710 ),
 ( #4253, #4617, #601 ),
 ( #3188, #2831, #199 ),
 ( #2112, #985, #3137 ),
 ( #3583, #1354, #3547 ) ),
 .UNSPECIFIED., .F., .F., .F. ) 
 B_SPLINE_SURFACE_WITH_KNOTS ( ( 4, 2, 2, 2, 2, 2, 2, 2, 2, 2, 2, 2, 4 ),
 ( 3, 3 ),
 ( 0.0000000000000000000, 0.002221193589995954600, 0.003331790384993932000, 0.004442387179991909300, 0.006663580769987863900, 0.007774177564985841300, 0.008884774359983818600, 0.01110596794997977300, 0.01221656474497775100, 0.01332716153997572800, 0.01443775833497370500, 0.01554835512997168300, 0.01776954871996763700 ),
 ( 0.0000000000000000000, 1.000000000000000000 ),
 .UNSPECIFIED. ) 
 GEOMETRIC_REPRESENTATION_ITEM ( )  RATIONAL_B_SPLINE_SURFACE ( (
 ( 1.000000000000000000, 0.7896432122970559200, 1.000000000000000000),
 ( 1.000000000000000000, 0.7896433771982065400, 1.000000000000000000),
 ( 1.000000000000000000, 0.7896896135318628400, 1.000000000000000000),
 ( 1.000000000000000000, 0.7898258928103858400, 1.000000000000000000),
 ( 1.000000000000000000, 0.7898825128689477300, 1.000000000000000000),
 ( 1.000000000000000000, 0.7900186127669988100, 1.000000000000000000),
 ( 1.000000000000000000, 0.7900984943602523700, 1.000000000000000000),
 ( 1.000000000000000000, 0.7903675859663195100, 1.000000000000000000),
 ( 1.000000000000000000, 0.7905870294808816600, 1.000000000000000000),
 ( 1.000000000000000000, 0.7909753556333115600, 1.000000000000000000),
 ( 1.000000000000000000, 0.7911151628061780000, 1.000000000000000000),
 ( 1.000000000000000000, 0.7914134430122182800, 1.000000000000000000),
 ( 1.000000000000000000, 0.7915703014787387500, 1.000000000000000000),
 ( 1.000000000000000000, 0.7920631999229463800, 1.000000000000000000),
 ( 1.000000000000000000, 0.7924213545448172100, 1.000000000000000000),
 ( 1.000000000000000000, 0.7930035141599765000, 1.000000000000000000),
 ( 1.000000000000000000, 0.7932052941405950400, 1.000000000000000000),
 ( 1.000000000000000000, 0.7936150712749486800, 1.000000000000000000),
 ( 1.000000000000000000, 0.7938241380039456900, 1.000000000000000000),
 ( 1.000000000000000000, 0.7942504442092492800, 1.000000000000000000),
 ( 1.000000000000000000, 0.7944676838407733800, 1.000000000000000000),
 ( 1.000000000000000000, 0.7949103965209940400, 1.000000000000000000),
 ( 1.000000000000000000, 0.7951367616286911800, 1.000000000000000000),
 ( 1.000000000000000000, 0.7958221582815093700, 1.000000000000000000),
 ( 1.000000000000000000, 0.7962834371439114800, 1.000000000000000000),
 ( 1.000000000000000000, 0.7967489836273410300, 1.000000000000000000) ) ) 
 REPRESENTATION_ITEM ( '' )  SURFACE ( )  );
#2356 = ORIENTED_EDGE ( 'NONE', *, *, #2790, .F. ) ;
#2357 = DIRECTION ( 'NONE',  ( 1.000000000000000000, 0.0000000000000000000, 0.0000000000000000000 ) ) ;
#2358 = DIRECTION ( 'NONE',  ( 1.000000000000000000, 0.0000000000000000000, 0.0000000000000000000 ) ) ;
#2359 = DIRECTION ( 'NONE',  ( 0.004999759234038167600, -0.01785407325827670400, 0.9998281024634634300 ) ) ;
#2360 = AXIS2_PLACEMENT_3D ( 'NONE', #381, #5, #36 ) ;
#2361 = DIRECTION ( 'NONE',  ( -0.1316013704991360600, -0.9105984827762253500, -0.3917798903062607600 ) ) ;
#2362 = CIRCLE ( 'NONE', #4191, 0.5000000000000004400 ) ;
#2363 = CARTESIAN_POINT ( 'NONE',  ( -67.34236712034783100, -12.50000000000003700, 10.02575923739957800 ) ) ;
#2364 = CARTESIAN_POINT ( 'NONE',  ( 44.67208645853153800, -12.07162737915742000, 35.98886676718414200 ) ) ;
#2365 = FACE_OUTER_BOUND ( 'NONE', #4701, .T. ) ;
#2366 = CARTESIAN_POINT ( 'NONE',  ( -68.61945134391716300, 9.950329318906497600, 11.56622519706524300 ) ) ;
#2367 = CARTESIAN_POINT ( 'NONE',  ( 52.32916563756494800, -12.23705893085375300, 26.72469987219010400 ) ) ;
#2368 = CIRCLE ( 'NONE', #1957, 40.06250000000009900 ) ;
#2369 = ADVANCED_FACE ( 'NONE', ( #2951 ), #790, .T. ) ;
#2370 = FACE_OUTER_BOUND ( 'NONE', #236, .T. ) ;
#2371 = CARTESIAN_POINT ( 'NONE',  ( 60.00000000000000000, 1.469576158976823700E-014, 4.499999999999997300 ) ) ;
#2372 = VERTEX_POINT ( 'NONE', #3730 ) ;
#2373 = CARTESIAN_POINT ( 'NONE',  ( 68.42234783809765000, 8.626054677058764500, 12.00000000000000200 ) ) ;
#2374 = DIRECTION ( 'NONE',  ( -1.000000000000000000, 0.0000000000000000000, 0.0000000000000000000 ) ) ;
#2375 = ORIENTED_EDGE ( 'NONE', *, *, #4070, .F. ) ;
#2376 = CARTESIAN_POINT ( 'NONE',  ( -67.11376919365817200, -12.50000000000003600, 11.98254599860940500 ) ) ;
#2377 = EDGE_CURVE ( 'NONE', #2064, #3617, #4267, .T. ) ;
#2378 = CARTESIAN_POINT ( 'NONE',  ( 43.96079695704936800, -12.06776874106342700, 36.20495050044736700 ) ) ;
#2379 = CARTESIAN_POINT ( 'NONE',  ( 51.33914979652007600, -7.720380386475511600, 39.22429343859205600 ) ) ;
#2380 = CARTESIAN_POINT ( 'NONE',  ( 49.97117829137285100, -10.73467597884440200, 28.23304205423858100 ) ) ;
#2381 = VERTEX_POINT ( 'NONE', #497 ) ;
#2382 = FACE_OUTER_BOUND ( 'NONE', #3979, .T. ) ;
#2383 = ORIENTED_EDGE ( 'NONE', *, *, #2580, .T. ) ;
#2384 = EDGE_CURVE ( 'NONE', #651, #2579, #634, .T. ) ;
#2385 = AXIS2_PLACEMENT_3D ( 'NONE', #2069, #4622, #2769 ) ;
#2386 = VERTEX_POINT ( 'NONE', #3791 ) ;
#2387 = ORIENTED_EDGE ( 'NONE', *, *, #3357, .F. ) ;
#2388 = DIRECTION ( 'NONE',  ( -0.8714808872645367600, -0.008756273094028377300, 0.4903512932726075700 ) ) ;
#2389 = ORIENTED_EDGE ( 'NONE', *, *, #1423, .T. ) ;
#2390 = CARTESIAN_POINT ( 'NONE',  ( 67.08836330536752300, -12.50000000000002700, 12.00000000000000700 ) ) ;
#2391 = AXIS2_PLACEMENT_3D ( 'NONE', #3014, #29, #3723 ) ;
#2392 = ADVANCED_FACE ( 'NONE', ( #4435 ), #2722, .T. ) ;
#2393 = CARTESIAN_POINT ( 'NONE',  ( -51.63362873867804800, 7.733142609907498700, 38.74349767328061500 ) ) ;
#2394 = CARTESIAN_POINT ( 'NONE',  ( 50.89309027737278500, -12.26378347384744300, 25.22812546454578700 ) ) ;
#2395 = CARTESIAN_POINT ( 'NONE',  ( 53.04728445648717600, 8.962514042262693400, 37.60289133488947800 ) ) ;
#2396 = PLANE ( 'NONE',  #2525 ) ;
#2397 = EDGE_LOOP ( 'NONE', ( #648, #4128, #2375, #3677 ) ) ;
#2398 = CARTESIAN_POINT ( 'NONE',  ( 47.50647628164507100, -12.13173770719877900, 32.62268839693015100 ) ) ;
#2399 = CARTESIAN_POINT ( 'NONE',  ( -51.56620936671745900, 8.208483859941848600, 39.08539000752738000 ) ) ;
#2400 = CARTESIAN_POINT ( 'NONE',  ( -51.79752733773709400, 12.19846071684934000, 28.88619985643792600 ) ) ;
#2401 = AXIS2_PLACEMENT_3D ( 'NONE', #4003, #1426, #3285 ) ;
#2402 = CARTESIAN_POINT ( 'NONE',  ( -50.23457568746832200, -12.20166963722936700, 28.70650031517915600 ) ) ;
#2403 = ORIENTED_EDGE ( 'NONE', *, *, #4204, .F. ) ;
#2404 = CARTESIAN_POINT ( 'NONE',  ( -51.50000000000000700, -6.999999999999991100, 38.84457641169643000 ) ) ;
#2405 = DIRECTION ( 'NONE',  ( 0.4903700925389186100, 0.0000000000000000000, 0.8715142984159081100 ) ) ;
#2406 = ORIENTED_EDGE ( 'NONE', *, *, #2125, .F. ) ;
#2407 = EDGE_CURVE ( 'NONE', #446, #2639, #2594, .T. ) ;
#2408 = CARTESIAN_POINT ( 'NONE',  ( 52.11116583069133400, 12.50000000000002100, 10.04826020665341200 ) ) ;
#2409 = CARTESIAN_POINT ( 'NONE',  ( 50.57433509640883800, 11.12170758630679900, 8.258719125904136100 ) ) ;
#2410 = B_SPLINE_CURVE_WITH_KNOTS ( 'NONE', 3,
 ( #1591, #1218, #2333, #800, #117, #3399, #2716, #4147, #499, #3760, #1522, #4115, #2651, #4470, #2008, #3145, #3820, #1988, #1618, #191, #2035, #2390 ),
 .UNSPECIFIED., .F., .F.,
 ( 4, 2, 2, 2, 2, 2, 2, 2, 2, 2, 4 ),
 ( 0.0000000000000000000, 0.006018921954492803400, 0.009028382931739208100, 0.01053311342036240800, 0.01128547866467400700, 0.01166166128682980700, 0.01184975259790770200, 0.01194379825344665100, 0.01199082108121612600, 0.01201433249510086400, 0.01203784390898560300 ),
 .UNSPECIFIED. ) ;
#2411 = EDGE_LOOP ( 'NONE', ( #2873, #2321, #270, #2800 ) ) ;
#2412 = CARTESIAN_POINT ( 'NONE',  ( -67.56444679531951200, -8.999999999999991100, 12.50000000000000000 ) ) ;
#2413 = EDGE_CURVE ( 'NONE', #457, #2820, #564, .T. ) ;
#2414 = CARTESIAN_POINT ( 'NONE',  ( 45.92361265546165300, -12.11197228640880900, 33.72955196109733600 ) ) ;
#2415 = ORIENTED_EDGE ( 'NONE', *, *, #1704, .T. ) ;
#2416 = CARTESIAN_POINT ( 'NONE',  ( -46.69605485977151500, -12.08760992525058200, 35.09384418596683000 ) ) ;
#2417 = ADVANCED_FACE ( 'NONE', ( #4159 ), #3420, .T. ) ;
#2418 = CARTESIAN_POINT ( 'NONE',  ( -51.50000000000000700, -6.999999999999991100, 39.12706630442107800 ) ) ;
#2419 = CIRCLE ( 'NONE', #4709, 4.250000000000003600 ) ;
#2420 = DIRECTION ( 'NONE',  ( 0.0000000000000000000, 0.0000000000000000000, -1.000000000000000000 ) ) ;
#2421 = CIRCLE ( 'NONE', #1824, 2.000000000000000400 ) ;
#2422 = CARTESIAN_POINT ( 'NONE',  ( -67.59999999999999400, 9.307315673519889400E-016, 12.00000000000000000 ) ) ;
#2423 = CARTESIAN_POINT ( 'NONE',  ( -51.50000000000000000, 7.000000000000005300, 38.84457641169643000 ) ) ;
#2424 = PLANE ( 'NONE',  #1977 ) ;
#2425 = CARTESIAN_POINT ( 'NONE',  ( 52.38343605419905900, 8.679560669084740000, 38.15545249582265100 ) ) ;
#2426 = CARTESIAN_POINT ( 'NONE',  ( -67.56444679531951200, 9.000000000000007100, 12.42408758793557800 ) ) ;
#2427 = AXIS2_PLACEMENT_3D ( 'NONE', #2170, #2913, #1464 ) ;
#2428 = FACE_OUTER_BOUND ( 'NONE', #3446, .T. ) ;
#2429 = CARTESIAN_POINT ( 'NONE',  ( 44.67208645858001900, -12.07162737915527400, 35.98886676730408900 ) ) ;
#2430 = CYLINDRICAL_SURFACE ( 'NONE', #2988, 40.06250000000009900 ) ;
#2431 = CARTESIAN_POINT ( 'NONE',  ( -68.52406277440448400, 10.28131329987186500, 17.49140620790021200 ) ) ;
#2432 = B_SPLINE_CURVE_WITH_KNOTS ( 'NONE', 3,
 ( #91, #4187, #3793, #4518 ),
 .UNSPECIFIED., .F., .F.,
 ( 4, 4 ),
 ( 0.0000000000000000000, 0.002790739843969323200 ),
 .UNSPECIFIED. ) ;
#2433 = CARTESIAN_POINT ( 'NONE',  ( -49.53734304758850700, -12.17585973669766900, 30.15185474491148200 ) ) ;
#2434 = ORIENTED_EDGE ( 'NONE', *, *, #3503, .T. ) ;
#2435 = DIRECTION ( 'NONE',  ( 1.000000000000000000, 0.0000000000000000000, 0.0000000000000000000 ) ) ;
#2436 = CARTESIAN_POINT ( 'NONE',  ( -64.25000000000000000, 0.0000000000000000000, 4.499999999999997300 ) ) ;
#2437 = ORIENTED_EDGE ( 'NONE', *, *, #1175, .F. ) ;
#2438 = CARTESIAN_POINT ( 'NONE',  ( -50.15395688442676900, 10.74808007854840900, 27.64071464982053100 ) ) ;
#2439 = CARTESIAN_POINT ( 'NONE',  ( 67.27012626045689100, 12.50000000000001400, 11.02645822076574000 ) ) ;
#2440 = CARTESIAN_POINT ( 'NONE',  ( 67.12921572777871400, 12.37981335125858700, 18.73045232952015100 ) ) ;
#2441 = ADVANCED_FACE ( 'NONE', ( #2141 ), #1974, .T. ) ;
#2442 = CARTESIAN_POINT ( 'NONE',  ( 51.04244731691984800, 12.71696897618934400, -0.1502626665997819900 ) ) ;
#2443 = EDGE_CURVE ( 'NONE', #322, #1603, #3012, .T. ) ;
#2444 = B_SPLINE_CURVE_WITH_KNOTS ( 'NONE', 3,
 ( #2785, #2052, #3505, #4188 ),
 .UNSPECIFIED., .F., .F.,
 ( 4, 4 ),
 ( 0.0000000000000000000, 0.002014570673990946200 ),
 .UNSPECIFIED. ) ;
#2445 = CARTESIAN_POINT ( 'NONE',  ( -68.53328006245722300, 9.928482100566730800, 17.74782785663396500 ) ) ;
#2446 = CARTESIAN_POINT ( 'NONE',  ( -67.76538794773439600, -12.60427091900326600, 6.160828535618770200 ) ) ;
#2447 = FACE_OUTER_BOUND ( 'NONE', #2279, .T. ) ;
#2448 = ORIENTED_EDGE ( 'NONE', *, *, #1609, .F. ) ;
#2449 = ORIENTED_EDGE ( 'NONE', *, *, #2950, .T. ) ;
#2450 = FACE_OUTER_BOUND ( 'NONE', #2747, .T. ) ;
#2451 = EDGE_LOOP ( 'NONE', ( #3850, #2884, #2342, #1810 ) ) ;
#2452 = AXIS2_PLACEMENT_3D ( 'NONE', #4593, #939, #2837 ) ;
#2453 = CARTESIAN_POINT ( 'NONE',  ( -47.72931642185889700, -12.13568529823334600, 32.40162329896067900 ) ) ;
#2454 = CARTESIAN_POINT ( 'NONE',  ( -49.01600556643074900, 12.16161378704399500, 30.94962792554147400 ) ) ;
#2455 = DIRECTION ( 'NONE',  ( -0.3512754137744322200, 0.01671648092023703800, -0.9361229315336980800 ) ) ;
#2456 = CARTESIAN_POINT ( 'NONE',  ( 51.50000000000000000, 7.000000000000005300, 12.50000000000000000 ) ) ;
#2457 = VERTEX_POINT ( 'NONE', #3893 ) ;
#2458 = CARTESIAN_POINT ( 'NONE',  ( 67.36853116759469600, 12.50000000000002000, 9.524923767060208500 ) ) ;
#2459 = ORIENTED_EDGE ( 'NONE', *, *, #2537, .F. ) ;
#2460 = CARTESIAN_POINT ( 'NONE',  ( 50.52874303046317600, 10.96270433517826200, 16.71838664258366300 ) ) ;
#2461 = CARTESIAN_POINT ( 'NONE',  ( 50.48015229709319100, 10.78918747713529800, 25.82360721382432800 ) ) ;
#2462 = CARTESIAN_POINT ( 'NONE',  ( -30.61531930649137600, 9.500000000000005300, 5.010942361779540600 ) ) ;
#2463 = CARTESIAN_POINT ( 'NONE',  ( 49.00000000000000000, -4.336808689942017700E-015, 25.19999999999998900 ) ) ;
#2464 = AXIS2_PLACEMENT_3D ( 'NONE', #2581, #1154, #1124 ) ;
#2465 = CARTESIAN_POINT ( 'NONE',  ( 50.71010660930529900, 11.53464567756363700, 4.755382578733916300E-033 ) ) ;
#2466 = B_SPLINE_CURVE_WITH_KNOTS ( 'NONE', 3,
 ( #653, #4016, #1814, #1837, #706, #1075, #3656, #213, #162, #915, #1279, #3903, #3181, #194 ),
 .UNSPECIFIED., .F., .F.,
 ( 4, 2, 2, 2, 2, 2, 4 ),
 ( 0.0000000000000000000, 0.0009014443766723000600, 0.001802888753344600100, 0.002253610941680743900, 0.002704333130016887600, 0.003155055318353030900, 0.003605777506689174700 ),
 .UNSPECIFIED. ) ;
#2467 = ADVANCED_FACE ( 'NONE', ( #1491 ), #4206, .T. ) ;
#2468 = ORIENTED_EDGE ( 'NONE', *, *, #2647, .F. ) ;
#2469 = DIRECTION ( 'NONE',  ( 0.0000000000000000000, -0.0000000000000000000, -1.000000000000000000 ) ) ;
#2470 = CARTESIAN_POINT ( 'NONE',  ( -67.12921572777867100, -12.37981335125859400, 18.73045232951955800 ) ) ;
#2471 = EDGE_CURVE ( 'NONE', #3737, #973, #3244, .T. ) ;
#2472 = CARTESIAN_POINT ( 'NONE',  ( -52.47702185195778000, -12.50000000000002700, 12.00000000000000700 ) ) ;
#2473 = FACE_OUTER_BOUND ( 'NONE', #2411, .T. ) ;
#2474 = CARTESIAN_POINT ( 'NONE',  ( -53.27300616075611100, 9.020763876383709200, 37.97667724314931100 ) ) ;
#2475 = EDGE_CURVE ( 'NONE', #1471, #3886, #3120, .T. ) ;
#2476 = CARTESIAN_POINT ( 'NONE',  ( -52.18965886011510200, 12.50000000000000500, 10.79800948551962100 ) ) ;
#2477 = AXIS2_PLACEMENT_3D ( 'NONE', #1261, #2359, #2005 ) ;
#2478 = CARTESIAN_POINT ( 'NONE',  ( 49.73975291550910800, 11.01769771678998600, 39.00000000000000000 ) ) ;
#2479 = CARTESIAN_POINT ( 'NONE',  ( -51.80964141190460000, -8.077548152423187100, 38.60854931203229500 ) ) ;
#2480 = AXIS2_PLACEMENT_3D ( 'NONE', #4772, #1478, #4072 ) ;
#2481 = LINE ( 'NONE', #2622, #4491 ) ;
#2482 = CARTESIAN_POINT ( 'NONE',  ( 53.02979115765114000, 8.959351099066449100, 37.61795065302055000 ) ) ;
#2483 = CARTESIAN_POINT ( 'NONE',  ( 51.00000000000000700, -6.999999999999992900, 38.84457641169643000 ) ) ;
#2484 = CIRCLE ( 'NONE', #1727, 35.54755500203954500 ) ;
#2485 = CARTESIAN_POINT ( 'NONE',  ( -50.48410110073059100, -10.80328860203453100, 25.19999999999998900 ) ) ;
#2486 = CYLINDRICAL_SURFACE ( 'NONE', #2180, 40.06250000000009900 ) ;
#2487 = DIRECTION ( 'NONE',  ( -1.000000000000000000, 0.0000000000000000000, 0.0000000000000000000 ) ) ;
#2488 = ADVANCED_FACE ( 'NONE', ( #4322 ), #2254, .F. ) ;
#2489 = LINE ( 'NONE', #4381, #356 ) ;
#2490 = APPROVAL_ROLE ( '' ) ;
#2491 = CARTESIAN_POINT ( 'NONE',  ( 50.48410110073058400, -10.80328860203453100, 25.19999999999998900 ) ) ;
#2492 = CARTESIAN_POINT ( 'NONE',  ( -52.61626503959639200, 9.220804805963217300, 38.41730118864387600 ) ) ;
#2493 = DIRECTION ( 'NONE',  ( -1.000000000000000000, 1.272857920698121500E-016, 0.0000000000000000000 ) ) ;
#2494 = AXIS2_PLACEMENT_3D ( 'NONE', #856, #899, #4189 ) ;
#2495 = DIRECTION ( 'NONE',  ( 0.0000000000000000000, 0.0000000000000000000, -1.000000000000000000 ) ) ;
#2496 = ORIENTED_EDGE ( 'NONE', *, *, #1934, .F. ) ;
#2497 = CARTESIAN_POINT ( 'NONE',  ( -58.52616399294829100, 11.09896896609390300, 35.20362715890877300 ) ) ;
#2498 = PERSON_AND_ORGANIZATION ( #2891, #424 ) ;
#2499 = B_SPLINE_CURVE_WITH_KNOTS ( 'NONE', 3,
 ( #3057, #2290, #1909, #465 ),
 .UNSPECIFIED., .F., .F.,
 ( 4, 4 ),
 ( 0.0000000000000000000, 0.0005643828523317225500 ),
 .UNSPECIFIED. ) ;
#2500 = CARTESIAN_POINT ( 'NONE',  ( 53.53812722007248200, 9.033130437106658300, 37.79264651460846400 ) ) ;
#2501 = ORIENTED_EDGE ( 'NONE', *, *, #2171, .F. ) ;
#2502 = EDGE_CURVE ( 'NONE', #938, #4531, #3986, .T. ) ;
#2503 =( BOUNDED_SURFACE ( )  B_SPLINE_SURFACE ( 3, 2, ( 
 ( #4659, #1340, #3996 ),
 ( #1776, #235, #4337 ),
 ( #635, #2835, #1371 ),
 ( #3193, #4307, #3599 ) ),
 .UNSPECIFIED., .F., .F., .T. ) 
 B_SPLINE_SURFACE_WITH_KNOTS ( ( 4, 4 ),
 ( 3, 3 ),
 ( 0.5830744997336938500, 0.5856727570224433700 ),
 ( 0.0000000000000000000, 1.000000000000000000 ),
 .UNSPECIFIED. ) 
 GEOMETRIC_REPRESENTATION_ITEM ( )  RATIONAL_B_SPLINE_SURFACE ( (
 ( 1.000000000000000000, 0.8124293012924279600, 1.000000000000000000),
 ( 1.000000000000000000, 0.8134021169764239500, 1.000000000000000000),
 ( 1.000000000000000000, 0.8143707389086438700, 1.000000000000000000),
 ( 1.000000000000000000, 0.8153351497599604600, 1.000000000000000000) ) ) 
 REPRESENTATION_ITEM ( '' )  SURFACE ( )  );
#2504 = CARTESIAN_POINT ( 'NONE',  ( -67.95858973541646700, -12.04366024034402500, 0.0000000000000000000 ) ) ;
#2505 = ORIENTED_EDGE ( 'NONE', *, *, #2601, .F. ) ;
#2506 = DIRECTION ( 'NONE',  ( 0.0000000000000000000, 0.0000000000000000000, 1.000000000000000000 ) ) ;
#2507 = CARTESIAN_POINT ( 'NONE',  ( 50.23012300804811000, -11.01769771678995000, 39.87151429841586000 ) ) ;
#2508 = VECTOR ( 'NONE', #279, 1000.000000000000000 ) ;
#2509 = ORIENTED_EDGE ( 'NONE', *, *, #2114, .F. ) ;
#2510 = CARTESIAN_POINT ( 'NONE',  ( -68.53653507964911300, 9.734981041054517400, 17.61485877184131600 ) ) ;
#2511 = VERTEX_POINT ( 'NONE', #3534 ) ;
#2512 = EDGE_CURVE ( 'NONE', #4029, #1902, #519, .T. ) ;
#2513 = B_SPLINE_CURVE_WITH_KNOTS ( 'NONE', 3,
 ( #1296, #3575, #208, #963 ),
 .UNSPECIFIED., .F., .F.,
 ( 4, 4 ),
 ( 1.471961680016039000E-017, 0.002599427992589864500 ),
 .UNSPECIFIED. ) ;
#2514 = DIRECTION ( 'NONE',  ( -0.0000000000000000000, -0.0000000000000000000, -1.000000000000000000 ) ) ;
#2515 = CARTESIAN_POINT ( 'NONE',  ( -53.53771706248340900, 9.033184456014185000, 37.79293805734032900 ) ) ;
#2516 = ORIENTED_EDGE ( 'NONE', *, *, #3539, .F. ) ;
#2517 = CARTESIAN_POINT ( 'NONE',  ( 41.00000000000000700, -12.06090092888055300, 36.58954798268832300 ) ) ;
#2518 = DIRECTION ( 'NONE',  ( 0.0000000000000000000, 0.0000000000000000000, 1.000000000000000000 ) ) ;
#2519 = CARTESIAN_POINT ( 'NONE',  ( 51.57684434317177100, 7.567331350301921900, 38.78654656571004000 ) ) ;
#2520 = ORIENTED_EDGE ( 'NONE', *, *, #3934, .T. ) ;
#2521 = CARTESIAN_POINT ( 'NONE',  ( -51.50000000000000700, -6.999999999999991100, 12.50000000000000000 ) ) ;
#2522 = ORIENTED_EDGE ( 'NONE', *, *, #1799, .T. ) ;
#2523 = CARTESIAN_POINT ( 'NONE',  ( -51.23767704979923100, 12.17371780890232300, 30.27180270147092100 ) ) ;
#2524 = CARTESIAN_POINT ( 'NONE',  ( -68.08306702086615300, 9.041860159857533200, 19.01767708560723200 ) ) ;
#2525 = AXIS2_PLACEMENT_3D ( 'NONE', #4268, #2078, #2493 ) ;
#2526 = PERSON_AND_ORGANIZATION_ROLE ( 'creator' ) ;
#2527 = ORIENTED_EDGE ( 'NONE', *, *, #2114, .T. ) ;
#2528 = CARTESIAN_POINT ( 'NONE',  ( -68.03215726986162800, 9.500000000000010700, 19.15237923442064600 ) ) ;
#2529 = CARTESIAN_POINT ( 'NONE',  ( -51.86376597363074800, 8.163359183058789300, 38.90160754882015200 ) ) ;
#2530 = CARTESIAN_POINT ( 'NONE',  ( -67.57642954402595600, -8.986452080395995500, 12.36681494576089500 ) ) ;
#2531 = CARTESIAN_POINT ( 'NONE',  ( -67.96758454042102900, 9.058715743677929300, 18.43286180582848000 ) ) ;
#2532 = EDGE_LOOP ( 'NONE', ( #2923, #496, #4564, #903, #2280 ) ) ;
#2533 = CARTESIAN_POINT ( 'NONE',  ( 51.27796877236173100, 7.360422103509605100, 39.26086147515777500 ) ) ;
#2534 = CARTESIAN_POINT ( 'NONE',  ( -50.26543577560441600, 12.14556237762935400, 31.84850685275712200 ) ) ;
#2535 = VERTEX_POINT ( 'NONE', #1387 ) ;
#2536 = CARTESIAN_POINT ( 'NONE',  ( -53.50000000000000700, -8.999999999999992900, 12.00000000000000000 ) ) ;
#2537 = EDGE_CURVE ( 'NONE', #1168, #2579, #1031, .T. ) ;
#2538 = AXIS2_PLACEMENT_3D ( 'NONE', #4411, #411, #2970 ) ;
#2539 = CIRCLE ( 'NONE', #2311, 0.5000000000000004400 ) ;
#2540 = CARTESIAN_POINT ( 'NONE',  ( -68.27414127111099200, 9.283671847694131800, 17.99856621518591400 ) ) ;
#2541 = ADVANCED_FACE ( 'NONE', ( #2092 ), #468, .F. ) ;
#2542 = CARTESIAN_POINT ( 'NONE',  ( -1.081929232593403100E-015, -8.499999999999998200, 12.00000000000000000 ) ) ;
#2543 = DIRECTION ( 'NONE',  ( 0.0000000000000000000, -1.000000000000000000, 0.0000000000000000000 ) ) ;
#2544 = CIRCLE ( 'NONE', #230, 36.54755500203954500 ) ;
#2545 = CARTESIAN_POINT ( 'NONE',  ( -68.93978954269488200, 8.739116304891085800, 12.00000000000000000 ) ) ;
#2546 = CARTESIAN_POINT ( 'NONE',  ( 52.11110592205642400, -12.50000000000002000, 10.04747982918187800 ) ) ;
#2547 = FACE_OUTER_BOUND ( 'NONE', #671, .T. ) ;
#2548 = DIRECTION ( 'NONE',  ( -0.9718016959325002100, -0.2357996263413416600, 0.0000000000000000000 ) ) ;
#2549 = DIRECTION ( 'NONE',  ( -0.0000000000000000000, -0.0000000000000000000, -1.000000000000000000 ) ) ;
#2550 = CARTESIAN_POINT ( 'NONE',  ( 52.57291149892169800, 8.776591580856349500, 37.99979625331652500 ) ) ;
#2551 = CARTESIAN_POINT ( 'NONE',  ( -41.00000000000000000, 5.694325491420782700E-016, 25.19999999999998500 ) ) ;
#2552 = FACE_BOUND ( 'NONE', #1946, .T. ) ;
#2553 = DIRECTION ( 'NONE',  ( -0.0000000000000000000, -0.0000000000000000000, -1.000000000000000000 ) ) ;
#2554 = CARTESIAN_POINT ( 'NONE',  ( -67.56444679531951200, 10.00000000000000900, 40.00000000000000000 ) ) ;
#2555 = CARTESIAN_POINT ( 'NONE',  ( -51.66923189124497600, 12.19213078478115800, 29.24067605225614100 ) ) ;
#2556 = CARTESIAN_POINT ( 'NONE',  ( -50.94193590843074300, 12.41500549052173100, 16.75969253577812900 ) ) ;
#2557 = CIRCLE ( 'NONE', #3205, 4.250000000000003600 ) ;
#2558 = CARTESIAN_POINT ( 'NONE',  ( 52.47702185195779400, 12.50000000000001800, 12.00000000000000000 ) ) ;
#2559 = CARTESIAN_POINT ( 'NONE',  ( -68.13398658054548200, 9.086693580851015600, 18.88075594761619100 ) ) ;
#2560 = ORIENTED_EDGE ( 'NONE', *, *, #2790, .T. ) ;
#2561 = CARTESIAN_POINT ( 'NONE',  ( -68.56444679531956900, 10.09459292408993400, 17.53594085167261300 ) ) ;
#2562 = CYLINDRICAL_SURFACE ( 'NONE', #2592, 1.000000000000000900 ) ;
#2563 = CARTESIAN_POINT ( 'NONE',  ( -67.87103316808743600, -8.629841373233508900, 12.01287844514250700 ) ) ;
#2564 = CARTESIAN_POINT ( 'NONE',  ( 68.21068021263992900, 9.000000000000007100, 17.12899085852342300 ) ) ;
#2565 = CARTESIAN_POINT ( 'NONE',  ( -51.21841883182308000, -12.17375778921115200, 30.26956380417545500 ) ) ;
#2566 = CARTESIAN_POINT ( 'NONE',  ( -52.25386364569117600, -8.569797097115060300, 38.25893877828152500 ) ) ;
#2567 = ORIENTED_EDGE ( 'NONE', *, *, #2475, .F. ) ;
#2568 = ORIENTED_EDGE ( 'NONE', *, *, #4119, .F. ) ;
#2569 = ADVANCED_FACE ( 'NONE', ( #220 ), #2503, .T. ) ;
#2570 = CARTESIAN_POINT ( 'NONE',  ( -41.00000000000000700, -4.336808689942017700E-015, 73.26250000000008800 ) ) ;
#2571 = DIRECTION ( 'NONE',  ( 0.0000000000000000000, -0.0000000000000000000, -1.000000000000000000 ) ) ;
#2572 = EDGE_CURVE ( 'NONE', #1241, #2914, #4791, .T. ) ;
#2573 = CARTESIAN_POINT ( 'NONE',  ( -53.26347723068658300, -8.999999999999991100, 37.41645769045980100 ) ) ;
#2574 = CIRCLE ( 'NONE', #2742, 1.500000000000001300 ) ;
#2575 = VERTEX_POINT ( 'NONE', #2119 ) ;
#2576 = CARTESIAN_POINT ( 'NONE',  ( -68.07658807808195400, -11.70010652064249100, 18.71259803310275400 ) ) ;
#2577 = CARTESIAN_POINT ( 'NONE',  ( -50.15442549366255800, 10.74811937774482100, 27.63897786005720300 ) ) ;
#2578 = CARTESIAN_POINT ( 'NONE',  ( -68.23127334877318600, 9.184280129546561300, 18.61464929459489100 ) ) ;
#2579 = VERTEX_POINT ( 'NONE', #3569 ) ;
#2580 = EDGE_CURVE ( 'NONE', #1539, #3109, #1952, .T. ) ;
#2581 = CARTESIAN_POINT ( 'NONE',  ( 53.50000000000000000, 7.000000000000006200, 12.00000000000000000 ) ) ;
#2582 = CARTESIAN_POINT ( 'NONE',  ( 67.95858973541646700, -12.04366024034402800, 0.0000000000000000000 ) ) ;
#2583 = ORIENTED_EDGE ( 'NONE', *, *, #2618, .F. ) ;
#2584 = DIRECTION ( 'NONE',  ( -1.000000000000000000, 0.0000000000000000000, 1.905218919013523900E-015 ) ) ;
#2585 = CARTESIAN_POINT ( 'NONE',  ( -51.63855923933269300, 12.50000000000000200, 0.0000000000000000000 ) ) ;
#2586 = CARTESIAN_POINT ( 'NONE',  ( -68.56444679531951200, -10.00000000000002500, 17.55717452031219800 ) ) ;
#2587 = EDGE_LOOP ( 'NONE', ( #2636, #4011, #2930, #4748 ) ) ;
#2588 = CARTESIAN_POINT ( 'NONE',  ( -52.10802764393295000, 12.21761986013410200, 27.81328783249115600 ) ) ;
#2589 = CARTESIAN_POINT ( 'NONE',  ( 67.12921572777867100, -11.37997275191315100, 18.71259803310267600 ) ) ;
#2590 = VERTEX_POINT ( 'NONE', #2470 ) ;
#2591 = CARTESIAN_POINT ( 'NONE',  ( -68.12743785337188700, 11.54962670303365300, 18.89878142304086900 ) ) ;
#2592 = AXIS2_PLACEMENT_3D ( 'NONE', #3220, #595, #2772 ) ;
#2593 = ADVANCED_FACE ( 'NONE', ( #1855 ), #4507, .T. ) ;
#2594 =( BOUNDED_CURVE ( )  B_SPLINE_CURVE ( 3, ( #1262, #3125, #957, #4591 ),
 .UNSPECIFIED., .F., .T. ) 
 B_SPLINE_CURVE_WITH_KNOTS ( ( 4, 4 ),
 ( 1.234986413818614400, 1.244925643128544500 ),
 .UNSPECIFIED. ) 
 CURVE ( )  GEOMETRIC_REPRESENTATION_ITEM ( )  RATIONAL_B_SPLINE_CURVE ( ( 1.000000000000000000, 0.9999917676603367100, 0.9999917676603367100, 1.000000000000000000 ) ) 
 REPRESENTATION_ITEM ( '' )  );
#2595 = CARTESIAN_POINT ( 'NONE',  ( -68.06546948217065600, -11.37997275191315100, 19.06392253749558200 ) ) ;
#2596 = EDGE_LOOP ( 'NONE', ( #1191, #3501, #4019, #4469 ) ) ;
#2597 = CARTESIAN_POINT ( 'NONE',  ( -51.33914979651950700, 7.720380386476161800, 39.22429343859239700 ) ) ;
#2598 = CARTESIAN_POINT ( 'NONE',  ( 51.63855923933270700, -12.50000000000002000, 0.0000000000000000000 ) ) ;
#2599 = DIRECTION ( 'NONE',  ( 1.000000000000000000, 0.0000000000000000000, 0.0000000000000000000 ) ) ;
#2600 = CARTESIAN_POINT ( 'NONE',  ( 41.00000000000000700, -10.58988809039667500, 34.62497709178452300 ) ) ;
#2601 = EDGE_CURVE ( 'NONE', #1030, #2590, #2300, .T. ) ;
#2602 = LINE ( 'NONE', #2649, #3591 ) ;
#2603 = CARTESIAN_POINT ( 'NONE',  ( -68.39149626838576500, -9.641835906133886500, 18.16296651726034000 ) ) ;
#2604 = DIRECTION ( 'NONE',  ( -1.000000000000000000, 0.0000000000000000000, 0.0000000000000000000 ) ) ;
#2605 = CARTESIAN_POINT ( 'NONE',  ( -67.99794286390829300, 11.93093386669736100, 6.139951908104897900 ) ) ;
#2606 = CARTESIAN_POINT ( 'NONE',  ( -67.12921572777864300, -12.37981335125861700, 18.73045232951834600 ) ) ;
#2607 = CARTESIAN_POINT ( 'NONE',  ( -53.49028412873022400, -9.499999997655757900, 37.82665370594853700 ) ) ;
#2608 = CARTESIAN_POINT ( 'NONE',  ( -53.50000000000000700, -8.999999999999992900, 37.20630521974641200 ) ) ;
#2609 = FACE_OUTER_BOUND ( 'NONE', #3333, .T. ) ;
#2610 = CARTESIAN_POINT ( 'NONE',  ( -52.11124616136710600, -12.50000000000003000, 10.04915152281688900 ) ) ;
#2611 = EDGE_CURVE ( 'NONE', #1521, #2372, #3768, .T. ) ;
#2612 = AXIS2_PLACEMENT_3D ( 'NONE', #327, #713, #4316 ) ;
#2613 = CARTESIAN_POINT ( 'NONE',  ( -68.53590882764801500, 9.919666422506770300, 17.73999929338073400 ) ) ;
#2614 = CIRCLE ( 'NONE', #3827, 8.000000000000000000 ) ;
#2615 = CYLINDRICAL_SURFACE ( 'NONE', #2650, 40.06250000000009900 ) ;
#2616 = CARTESIAN_POINT ( 'NONE',  ( -67.96270971252165800, -9.077041160679826200, 18.43767137664552200 ) ) ;
#2617 = CARTESIAN_POINT ( 'NONE',  ( -53.78967950244948100, 9.500000000000008900, 37.61384145845485000 ) ) ;
#2618 = EDGE_CURVE ( 'NONE', #2287, #2309, #3018, .T. ) ;
#2619 = CARTESIAN_POINT ( 'NONE',  ( 67.14966839549480000, 12.50000000000001200, 11.89542732626015100 ) ) ;
#2620 = DIRECTION ( 'NONE',  ( 1.000000000000000000, 0.0000000000000000000, 0.0000000000000000000 ) ) ;
#2621 = CARTESIAN_POINT ( 'NONE',  ( 41.75101326025429700, 12.06090092889831000, 36.58954798169561000 ) ) ;
#2622 = CARTESIAN_POINT ( 'NONE',  ( -68.52406277440448400, -10.28131329987184600, 40.00000000000000000 ) ) ;
#2623 = CARTESIAN_POINT ( 'NONE',  ( 52.49912750026812300, -8.745236463810780200, 38.49457624089470900 ) ) ;
#2624 = EDGE_LOOP ( 'NONE', ( #4014, #1411, #4618, #388 ) ) ;
#2625 = CARTESIAN_POINT ( 'NONE',  ( 68.22565626216592700, -8.999999999999991100, 12.50000000000000000 ) ) ;
#2626 = CARTESIAN_POINT ( 'NONE',  ( -50.23855615750340300, 12.20185068783193600, 28.69636148140939000 ) ) ;
#2627 = EDGE_LOOP ( 'NONE', ( #515, #1895, #678, #864 ) ) ;
#2628 = FACE_OUTER_BOUND ( 'NONE', #512, .T. ) ;
#2629 = EDGE_LOOP ( 'NONE', ( #599, #3621, #452, #13, #3087, #1295, #1068, #2193, #2296, #2004, #1176, #291 ) ) ;
#2630 = CARTESIAN_POINT ( 'NONE',  ( -68.28971431273255600, 11.06233860297163600, 18.46039071294672600 ) ) ;
#2631 = ORIENTED_EDGE ( 'NONE', *, *, #3357, .T. ) ;
#2632 = CARTESIAN_POINT ( 'NONE',  ( -100.0000000000000000, -12.01753831613539700, 39.01785429641687800 ) ) ;
#2633 = CARTESIAN_POINT ( 'NONE',  ( -51.25803393282922100, 7.000000000000007100, 39.27285026042957800 ) ) ;
#2634 = FACE_OUTER_BOUND ( 'NONE', #3050, .T. ) ;
#2635 = ORIENTED_EDGE ( 'NONE', *, *, #3809, .F. ) ;
#2636 = ORIENTED_EDGE ( 'NONE', *, *, #2709, .T. ) ;
#2637 = CARTESIAN_POINT ( 'NONE',  ( -52.32913488730073200, -12.23697831041311600, 26.72921461686553400 ) ) ;
#2638 = CARTESIAN_POINT ( 'NONE',  ( -67.65790425498562400, -8.999999999999985800, 18.85197169341283500 ) ) ;
#2639 = VERTEX_POINT ( 'NONE', #1791 ) ;
#2640 = CARTESIAN_POINT ( 'NONE',  ( -67.56444679531951200, -9.999999999999987600, 12.50000000000000000 ) ) ;
#2641 = EDGE_CURVE ( 'NONE', #2250, #2575, #3528, .T. ) ;
#2642 = CARTESIAN_POINT ( 'NONE',  ( 52.09167089042100700, -8.425970755337250000, 38.38812475120675300 ) ) ;
#2643 = CARTESIAN_POINT ( 'NONE',  ( -52.33906842719326800, -12.50000000000003700, 11.73069572141314700 ) ) ;
#2644 = ORIENTED_EDGE ( 'NONE', *, *, #838, .F. ) ;
#2645 = CARTESIAN_POINT ( 'NONE',  ( 46.69605485965986700, 12.08760992525426700, 35.09384418576208700 ) ) ;
#2646 = CARTESIAN_POINT ( 'NONE',  ( -63.03304822554680000, 12.23519347397726700, 26.82916545727397700 ) ) ;
#2647 = EDGE_CURVE ( 'NONE', #1766, #2590, #867, .T. ) ;
#2648 = ORIENTED_EDGE ( 'NONE', *, *, #1263, .T. ) ;
#2649 = CARTESIAN_POINT ( 'NONE',  ( 51.25803393282922800, 12.50000000000001600, 39.27285026042956400 ) ) ;
#2650 = AXIS2_PLACEMENT_3D ( 'NONE', #1605, #144, #1264 ) ;
#2651 = CARTESIAN_POINT ( 'NONE',  ( 67.17785006538204600, -12.50000000000001600, 11.77401115046517800 ) ) ;
#2652 = ORIENTED_EDGE ( 'NONE', *, *, #1905, .T. ) ;
#2653 = CARTESIAN_POINT ( 'NONE',  ( 67.08836330536755100, 12.50000000000001800, 12.00000000000000000 ) ) ;
#2654 = CARTESIAN_POINT ( 'NONE',  ( -49.73975291550908700, 12.50000000000001600, 39.00000000000000000 ) ) ;
#2655 = CARTESIAN_POINT ( 'NONE',  ( 78.75714233722750600, 9.000000000000008900, 12.00000000000000000 ) ) ;
#2656 = EDGE_LOOP ( 'NONE', ( #1533, #1941, #795, #1659 ) ) ;
#2657 = CARTESIAN_POINT ( 'NONE',  ( -52.21890479690911500, -12.50000000000003600, 11.04964062648329900 ) ) ;
#2658 = CARTESIAN_POINT ( 'NONE',  ( -48.12487594093745700, 10.66227654765129400, 31.43069460083386300 ) ) ;
#2659 = ORIENTED_EDGE ( 'NONE', *, *, #4422, .F. ) ;
#2660 = CARTESIAN_POINT ( 'NONE',  ( -52.01660159872520900, 12.21119565705731700, 28.17304320479121000 ) ) ;
#2661 = CARTESIAN_POINT ( 'NONE',  ( -68.54816967227732500, 10.19871983200111000, 17.42177287009070200 ) ) ;
#2662 = PRODUCT_RELATED_PRODUCT_CATEGORY ( 'detail', '', ( #210 ) ) ;
#2663 = CARTESIAN_POINT ( 'NONE',  ( -49.73975291550910100, 12.01753831613542900, 39.01785429641687100 ) ) ;
#2664 = AXIS2_PLACEMENT_3D ( 'NONE', #2700, #1567, #1550 ) ;
#2665 = CARTESIAN_POINT ( 'NONE',  ( 63.03304822555677600, 12.23519347397721700, 26.82916545727676500 ) ) ;
#2666 = DIRECTION ( 'NONE',  ( -1.000000000000000000, 0.0000000000000000000, 0.0000000000000000000 ) ) ;
#2667 = LINE ( 'NONE', #748, #1670 ) ;
#2668 = CARTESIAN_POINT ( 'NONE',  ( -33.45244499796046300, 0.0000000000000000000, 0.0000000000000000000 ) ) ;
#2669 = CARTESIAN_POINT ( 'NONE',  ( 49.36780620613583900, 12.17088863326074700, 30.43023653743737700 ) ) ;
#2670 = CARTESIAN_POINT ( 'NONE',  ( -68.88524381403721000, 8.974194557515685800, 12.19369140086566200 ) ) ;
#2671 = EDGE_CURVE ( 'NONE', #1315, #845, #415, .T. ) ;
#2672 = B_SPLINE_CURVE_WITH_KNOTS ( 'NONE', 3,
 ( #4087, #429, #2275, #1872 ),
 .UNSPECIFIED., .F., .F.,
 ( 4, 4 ),
 ( 0.0002877736575431303600, 0.0004358646462199488600 ),
 .UNSPECIFIED. ) ;
#2673 = CARTESIAN_POINT ( 'NONE',  ( -53.49185440961781500, -9.499999999999987600, 37.82553753972078400 ) ) ;
#2674 = FACE_OUTER_BOUND ( 'NONE', #307, .T. ) ;
#2675 = DIRECTION ( 'NONE',  ( 0.0000000000000000000, 0.0000000000000000000, -1.000000000000000000 ) ) ;
#2676 = CARTESIAN_POINT ( 'NONE',  ( 53.50000000000000000, 7.000000000000006200, 12.00000000000000000 ) ) ;
#2677 = CARTESIAN_POINT ( 'NONE',  ( 68.71550413841710300, 9.604340067557345200, 12.23375044872950400 ) ) ;
#2678 = CIRCLE ( 'NONE', #3395, 2.000000000000001800 ) ;
#2679 = EDGE_CURVE ( 'NONE', #3617, #2064, #3879, .T. ) ;
#2680 = CARTESIAN_POINT ( 'NONE',  ( -46.77523962150369400, 10.63376274303490400, 32.68926126215134800 ) ) ;
#2681 = DIRECTION ( 'NONE',  ( -1.000000000000000000, 1.272857920698121500E-016, 0.0000000000000000000 ) ) ;
#2682 = DIRECTION ( 'NONE',  ( -0.2435456017296704400, -0.7207248708330014100, -0.6490309703249038700 ) ) ;
#2683 = CARTESIAN_POINT ( 'NONE',  ( 68.96942093112880900, -8.617899813170662800, 11.99999999999999800 ) ) ;
#2684 = VERTEX_POINT ( 'NONE', #3696 ) ;
#2685 = CARTESIAN_POINT ( 'NONE',  ( 45.18648926473302700, -10.61184190936405600, 33.65651632143929800 ) ) ;
#2686 = CARTESIAN_POINT ( 'NONE',  ( -41.62342621347217200, -10.58988809020113700, 34.62497709173093300 ) ) ;
#2687 = DIRECTION ( 'NONE',  ( 0.0000000000000000000, 0.0000000000000000000, 1.000000000000000000 ) ) ;
#2688 = CARTESIAN_POINT ( 'NONE',  ( 47.46273357612429300, 10.64736656236070500, 32.08884466913384900 ) ) ;
#2689 = ORIENTED_EDGE ( 'NONE', *, *, #2270, .F. ) ;
#2690 = CARTESIAN_POINT ( 'NONE',  ( -67.77670136295746800, -8.749022832036747100, 12.06166927949966600 ) ) ;
#2691 = DATE_AND_TIME ( #3664, #824 ) ;
#2692 = CARTESIAN_POINT ( 'NONE',  ( 50.83968505307389300, -11.77743337639904700, 0.0000000000000000000 ) ) ;
#2693 = CARTESIAN_POINT ( 'NONE',  ( -51.51575682638032600, -12.43806055923978000, 0.0000000000000000000 ) ) ;
#2694 = FACE_OUTER_BOUND ( 'NONE', #4369, .T. ) ;
#2695 = ORIENTED_EDGE ( 'NONE', *, *, #3444, .T. ) ;
#2696 = CARTESIAN_POINT ( 'NONE',  ( -46.04034428673433900, 12.08173904929069100, 35.42261323972231700 ) ) ;
#2697 = VERTEX_POINT ( 'NONE', #2900 ) ;
#2698 = CARTESIAN_POINT ( 'NONE',  ( 52.21979147293532000, -8.968106702901591700, 38.67498997922825100 ) ) ;
#2699 = ORIENTED_EDGE ( 'NONE', *, *, #2044, .T. ) ;
#2700 = CARTESIAN_POINT ( 'NONE',  ( 30.61531930649137600, 12.50000000000001600, 5.010942361779548500 ) ) ;
#2701 = CARTESIAN_POINT ( 'NONE',  ( 52.26162729998754500, 11.03759912422984300, 38.72845910191220000 ) ) ;
#2702 = ORIENTED_EDGE ( 'NONE', *, *, #25, .T. ) ;
#2703 = DIRECTION ( 'NONE',  ( -1.000000000000000000, 0.0000000000000000000, 0.0000000000000000000 ) ) ;
#2704 = CARTESIAN_POINT ( 'NONE',  ( 51.21841883196430000, 12.17375778921015000, 30.26956380423261500 ) ) ;
#2705 = CARTESIAN_POINT ( 'NONE',  ( 53.50000000000000000, 7.000000000000006200, 12.50000000000000000 ) ) ;
#2706 = CARTESIAN_POINT ( 'NONE',  ( -51.25803393282922800, -7.183575244542202800, 39.27285026042955700 ) ) ;
#2707 = CARTESIAN_POINT ( 'NONE',  ( -68.58653477713919200, 10.06593881760956700, 11.72905795331514300 ) ) ;
#2708 = VERTEX_POINT ( 'NONE', #2964 ) ;
#2709 = EDGE_CURVE ( 'NONE', #4006, #1207, #2904, .T. ) ;
#2710 = CARTESIAN_POINT ( 'NONE',  ( 50.15395688442667700, -10.74808007854873900, 27.64071464982115600 ) ) ;
#2711 = CARTESIAN_POINT ( 'NONE',  ( -44.90615933651165600, 10.60884728817993600, 33.78863439070713100 ) ) ;
#2712 = ORIENTED_EDGE ( 'NONE', *, *, #2044, .F. ) ;
#2713 = CARTESIAN_POINT ( 'NONE',  ( -52.26162729998176100, 11.03759912422984400, 38.72845910191544800 ) ) ;
#2714 = CARTESIAN_POINT ( 'NONE',  ( 45.73220476503900800, -10.61843165979978200, 33.36576736975696600 ) ) ;
#2715 = ORIENTED_EDGE ( 'NONE', *, *, #154, .F. ) ;
#2716 = CARTESIAN_POINT ( 'NONE',  ( 67.34230491531313600, -12.50000000000002000, 10.02683509526967900 ) ) ;
#2717 = ORIENTED_EDGE ( 'NONE', *, *, #871, .T. ) ;
#2718 = CARTESIAN_POINT ( 'NONE',  ( 45.36971339767992400, -12.07608824201315500, 35.73905844726264300 ) ) ;
#2719 = CARTESIAN_POINT ( 'NONE',  ( 68.71561073325875700, 9.603951357701479500, 12.23211290340566400 ) ) ;
#2720 = CARTESIAN_POINT ( 'NONE',  ( 49.55577767340878400, -12.17587107364754200, 30.15121987572719000 ) ) ;
#2721 =( BOUNDED_CURVE ( )  B_SPLINE_CURVE ( 3, ( #1105, #4097, #2241, #3699 ),
 .UNSPECIFIED., .F., .T. ) 
 B_SPLINE_CURVE_WITH_KNOTS ( ( 4, 4 ),
 ( 1.929781740883011400, 2.629078296783193800 ),
 .UNSPECIFIED. ) 
 CURVE ( )  GEOMETRIC_REPRESENTATION_ITEM ( )  RATIONAL_B_SPLINE_CURVE ( ( 1.000000000000000000, 0.9596621729736615200, 0.9596621729736615200, 1.000000000000000000 ) ) 
 REPRESENTATION_ITEM ( '' )  );
#2722 = TOROIDAL_SURFACE ( 'NONE', #4600, 39.49999999999998600, 0.5000000000000000000 ) ;
#2723 = CARTESIAN_POINT ( 'NONE',  ( -45.06542105467221400, 12.10415161895009600, 34.16750933878138600 ) ) ;
#2724 = FACE_OUTER_BOUND ( 'NONE', #3403, .T. ) ;
#2725 = DIRECTION ( 'NONE',  ( -1.387778780781446900E-013, 1.000000000000000000, 0.0000000000000000000 ) ) ;
#2726 = EDGE_CURVE ( 'NONE', #4256, #3223, #2210, .T. ) ;
#2727 = CIRCLE ( 'NONE', #3706, 0.4999999999999960600 ) ;
#2728 = CARTESIAN_POINT ( 'NONE',  ( 50.88649051960004500, -12.16207808497163400, 30.92362724158831000 ) ) ;
#2729 = LINE ( 'NONE', #2942, #1338 ) ;
#2730 = CARTESIAN_POINT ( 'NONE',  ( -50.71010660930529900, -11.53464567756366500, 2.853229547240348900E-032 ) ) ;
#2731 = CARTESIAN_POINT ( 'NONE',  ( -45.99872768806244500, 10.62203907902598100, 33.20659423886839800 ) ) ;
#2732 = EDGE_CURVE ( 'NONE', #1066, #605, #929, .T. ) ;
#2733 = ORIENTED_EDGE ( 'NONE', *, *, #4764, .T. ) ;
#2734 = AXIS2_PLACEMENT_3D ( 'NONE', #1570, #1911, #2687 ) ;
#2735 = CARTESIAN_POINT ( 'NONE',  ( 68.22565626306133900, -8.999999999999991100, 12.43368997675837800 ) ) ;
#2736 = CARTESIAN_POINT ( 'NONE',  ( 68.12743785337190200, 11.54962670303354100, 18.89878142304078800 ) ) ;
#2737 = CARTESIAN_POINT ( 'NONE',  ( -51.40141011106386100, 12.36466558538008800, -0.0000000000000000000 ) ) ;
#2738 = CARTESIAN_POINT ( 'NONE',  ( -100.0000000000000000, 12.50000000000001800, 12.00000000000000000 ) ) ;
#2739 = FACE_OUTER_BOUND ( 'NONE', #1632, .T. ) ;
#2740 = VERTEX_POINT ( 'NONE', #2521 ) ;
#2741 = ORIENTED_EDGE ( 'NONE', *, *, #1889, .T. ) ;
#2742 = AXIS2_PLACEMENT_3D ( 'NONE', #4620, #1308, #3139 ) ;
#2743 = ADVANCED_FACE ( 'NONE', ( #1796, #1681 ), #3678, .F. ) ;
#2744 = CARTESIAN_POINT ( 'NONE',  ( -67.65545246345296000, 8.894777131100161300, 12.19140576227371000 ) ) ;
#2745 = CARTESIAN_POINT ( 'NONE',  ( 52.00000000000000000, 7.000000000000005300, 12.50000000000000000 ) ) ;
#2746 = LINE ( 'NONE', #253, #3615 ) ;
#2747 = EDGE_LOOP ( 'NONE', ( #3383, #301, #4464, #1048 ) ) ;
#2748 = CARTESIAN_POINT ( 'NONE',  ( 67.12921572777867100, -11.37997275191315100, 18.71259803310270100 ) ) ;
#2749 = ORIENTED_EDGE ( 'NONE', *, *, #2413, .F. ) ;
#2750 = CARTESIAN_POINT ( 'NONE',  ( 51.79752733773708700, -12.19846071684933400, 28.88619985643728700 ) ) ;
#2751 = CARTESIAN_POINT ( 'NONE',  ( -43.45790349681441000, 10.59711677281636200, 34.30612317692628500 ) ) ;
#2752 = PRODUCT_DEFINITION ( 'UNKNOWN', '', #2945, #4125 ) ;
#2753 = ORIENTED_EDGE ( 'NONE', *, *, #3047, .T. ) ;
#2754 = CARTESIAN_POINT ( 'NONE',  ( -52.49574114457201500, -12.56617093359403400, 8.294427718735248000 ) ) ;
#2755 = ORIENTED_EDGE ( 'NONE', *, *, #1664, .F. ) ;
#2756 = CARTESIAN_POINT ( 'NONE',  ( 30.61531930649137600, -9.499999999999996400, 5.010942361779548500 ) ) ;
#2757 = EDGE_CURVE ( 'NONE', #3573, #1867, #3652, .T. ) ;
#2758 = DIRECTION ( 'NONE',  ( 0.8714808872645367600, 0.008756273094025731800, 0.4903512932726075700 ) ) ;
#2759 = CARTESIAN_POINT ( 'NONE',  ( -67.28969671074490600, -12.50000000000003400, 10.77641309461423600 ) ) ;
#2760 = CARTESIAN_POINT ( 'NONE',  ( 50.62086701465001700, -11.28028189672814300, -0.1781268677516177600 ) ) ;
#2761 = CARTESIAN_POINT ( 'NONE',  ( -52.35446529900465200, -12.50000000000003600, 11.79178054876466700 ) ) ;
#2762 = EDGE_CURVE ( 'NONE', #779, #4374, #2271, .T. ) ;
#2763 = CARTESIAN_POINT ( 'NONE',  ( -67.78544795711808000, -8.739125236808355600, 12.04295512646073400 ) ) ;
#2764 = ORIENTED_EDGE ( 'NONE', *, *, #2128, .F. ) ;
#2765 = ADVANCED_FACE ( 'NONE', ( #6 ), #1490, .T. ) ;
#2766 = ORIENTED_EDGE ( 'NONE', *, *, #1889, .F. ) ;
#2767 = CARTESIAN_POINT ( 'NONE',  ( -68.56444679531951200, 9.999999999998289400, 17.55717452031257500 ) ) ;
#2768 = PLANE ( 'NONE',  #513 ) ;
#2769 = DIRECTION ( 'NONE',  ( 0.0000000000000000000, 0.0000000000000000000, -1.000000000000000000 ) ) ;
#2770 = ORIENTED_EDGE ( 'NONE', *, *, #563, .T. ) ;
#2771 = DIRECTION ( 'NONE',  ( 0.0000000000000000000, 0.01785429641688295700, -0.9998405993454447800 ) ) ;
#2772 = DIRECTION ( 'NONE',  ( 0.0000000000000000000, 0.0000000000000000000, -1.000000000000000000 ) ) ;
#2773 = CARTESIAN_POINT ( 'NONE',  ( 51.66923189139110700, -12.19213078477968000, 29.24067605233812400 ) ) ;
#2774 = CYLINDRICAL_SURFACE ( 'NONE', #3487, 2.000000000000001800 ) ;
#2775 = CARTESIAN_POINT ( 'NONE',  ( 49.73975291550910100, -11.01769771678995200, 40.00000000000000000 ) ) ;
#2776 = CARTESIAN_POINT ( 'NONE',  ( -67.56444679531951200, 9.000000000000007100, 12.50000000000000000 ) ) ;
#2777 = CARTESIAN_POINT ( 'NONE',  ( 47.90451437829926100, -10.65730819351497300, 31.65000578079130700 ) ) ;
#2778 = DIRECTION ( 'NONE',  ( 0.0000000000000000000, 0.0000000000000000000, -1.000000000000000000 ) ) ;
#2779 = CIRCLE ( 'NONE', #982, 8.000000000000007100 ) ;
#2780 = CARTESIAN_POINT ( 'NONE',  ( -45.72916596119360800, -10.61800051519767000, 33.38480400653997300 ) ) ;
#2781 = CIRCLE ( 'NONE', #3690, 0.5000000000000001100 ) ;
#2782 = CARTESIAN_POINT ( 'NONE',  ( -50.48410110073058400, -10.80328860203451300, 25.20000000000060300 ) ) ;
#2783 = CARTESIAN_POINT ( 'NONE',  ( 50.57365291894763700, -11.11933147870904800, 8.385138430410684400 ) ) ;
#2784 = CIRCLE ( 'NONE', #3281, 36.04755500203954500 ) ;
#2785 = CARTESIAN_POINT ( 'NONE',  ( -68.06546948217065600, 11.37997275191315300, 19.06392253749558900 ) ) ;
#2786 = CARTESIAN_POINT ( 'NONE',  ( 67.84687706988485400, 12.37989065772382000, 18.72612316746548800 ) ) ;
#2787 = ADVANCED_FACE ( 'NONE', ( #4219 ), #1644, .T. ) ;
#2788 = ORIENTED_EDGE ( 'NONE', *, *, #3010, .F. ) ;
#2789 = DIRECTION ( 'NONE',  ( -0.0000000000000000000, -1.000000000000000000, -0.0000000000000000000 ) ) ;
#2790 = EDGE_CURVE ( 'NONE', #2217, #173, #353, .T. ) ;
#2791 = CARTESIAN_POINT ( 'NONE',  ( 50.14960741338804000, 10.74772455293495500, 27.65642648584296400 ) ) ;
#2792 = CARTESIAN_POINT ( 'NONE',  ( -67.56444679531951200, -8.999999999999991100, 12.42419042653707200 ) ) ;
#2793 = PLANE ( 'NONE',  #2895 ) ;
#2794 = ORIENTED_EDGE ( 'NONE', *, *, #506, .F. ) ;
#2795 = CARTESIAN_POINT ( 'NONE',  ( 52.43209420255244200, 12.34250398812511000, 20.81977666499475900 ) ) ;
#2796 = CIRCLE ( 'NONE', #1813, 40.06250000000011400 ) ;
#2797 = EDGE_LOOP ( 'NONE', ( #4118, #668, #503, #4282 ) ) ;
#2798 = AXIS2_PLACEMENT_3D ( 'NONE', #1013, #3594, #1366 ) ;
#2799 = CARTESIAN_POINT ( 'NONE',  ( -46.04247538581666500, -12.08139473727200100, 35.44189471276731500 ) ) ;
#2800 = ORIENTED_EDGE ( 'NONE', *, *, #2348, .F. ) ;
#2801 = ORIENTED_EDGE ( 'NONE', *, *, #970, .T. ) ;
#2802 = CARTESIAN_POINT ( 'NONE',  ( -30.61531930649137600, -8.999999999999996400, 5.010942361779540600 ) ) ;
#2803 = DIRECTION ( 'NONE',  ( 0.0000000000000000000, 0.0000000000000000000, 1.000000000000000000 ) ) ;
#2804 =( BOUNDED_CURVE ( )  B_SPLINE_CURVE ( 3, ( #1765, #3630, #4450, #796 ),
 .UNSPECIFIED., .F., .T. ) 
 B_SPLINE_CURVE_WITH_KNOTS ( ( 4, 4 ),
 ( 3.654107010396392400, 4.353403566296575100 ),
 .UNSPECIFIED. ) 
 CURVE ( )  GEOMETRIC_REPRESENTATION_ITEM ( )  RATIONAL_B_SPLINE_CURVE ( ( 1.000000000000000000, 0.9596621729736615200, 0.9596621729736615200, 1.000000000000000000 ) ) 
 REPRESENTATION_ITEM ( '' )  );
#2805 = VERTEX_POINT ( 'NONE', #1900 ) ;
#2806 = CARTESIAN_POINT ( 'NONE',  ( -53.50000000000000000, 7.000000000000006200, 12.50000000000000000 ) ) ;
#2807 = CARTESIAN_POINT ( 'NONE',  ( 0.0000000000000000000, 0.0000000000000000000, 0.0000000000000000000 ) ) ;
#2808 = DIRECTION ( 'NONE',  ( -0.0000000000000000000, 0.0000000000000000000, -1.000000000000000000 ) ) ;
#2809 = CARTESIAN_POINT ( 'NONE',  ( -50.23012300804800400, -11.01769771678995200, 39.87151429841591700 ) ) ;
#2810 = ORIENTED_EDGE ( 'NONE', *, *, #3729, .F. ) ;
#2811 = CARTESIAN_POINT ( 'NONE',  ( 48.11304545324964000, -10.66248171001401200, 31.42161905041481500 ) ) ;
#2812 = CARTESIAN_POINT ( 'NONE',  ( 68.50674674912804100, 10.04221804916895700, 17.84191906687449200 ) ) ;
#2813 = CARTESIAN_POINT ( 'NONE',  ( -49.73975291550919300, -12.01753831613539700, 39.01785429641687800 ) ) ;
#2814 = APPROVAL ( #1748, 'UNSPECIFIED' ) ;
#2815 = B_SPLINE_CURVE_WITH_KNOTS ( 'NONE', 3,
 ( #4220, #2082, #218, #2063, #1351, #4615, #615, #1336, #4634, #2030, #1709, #3204, #3582, #4669, #3341, #2912, #1101, #4761, #1433, #2235, #4031, #2961, #4774 ),
 .UNSPECIFIED., .F., .F.,
 ( 4, 2, 2, 2, 2, 2, 2, 2, 1, 2, 2, 4 ),
 ( 0.0000000000000000000, 0.001844855762623099300, 0.002767283643934646600, 0.003689711525246194200, 0.005534567287869277700, 0.007379423050492360700, 0.009224278813115445500, 0.01014670669442698700, 0.01106913457573852800, 0.01199156245705006900, 0.01291399033836161100, 0.01475884610098469900 ),
 .UNSPECIFIED. ) ;
#2816 = CARTESIAN_POINT ( 'NONE',  ( -52.01081789792674900, -12.21082007343126800, 28.19407588784899900 ) ) ;
#2817 = ORIENTED_EDGE ( 'NONE', *, *, #1297, .T. ) ;
#2818 = ADVANCED_FACE ( 'NONE', ( #170, #2552 ), #753, .F. ) ;
#2819 = CARTESIAN_POINT ( 'NONE',  ( -52.53995009660192700, -12.71682889776643700, -0.1424182749178437300 ) ) ;
#2820 = VERTEX_POINT ( 'NONE', #62 ) ;
#2821 = CARTESIAN_POINT ( 'NONE',  ( 51.50000000000000000, 7.000000000000005300, 12.50000000000000000 ) ) ;
#2822 = CARTESIAN_POINT ( 'NONE',  ( 68.22565626216592700, -8.999999999999991100, 16.94872539182344800 ) ) ;
#2823 = CARTESIAN_POINT ( 'NONE',  ( -67.56444679531949800, 10.00000000000000700, 12.50000000000000000 ) ) ;
#2824 = DIRECTION ( 'NONE',  ( -0.0000000000000000000, -0.0000000000000000000, -1.000000000000000000 ) ) ;
#2825 = ORIENTED_EDGE ( 'NONE', *, *, #2054, .F. ) ;
#2826 = DIRECTION ( 'NONE',  ( 0.0000000000000000000, 0.0000000000000000000, 1.000000000000000000 ) ) ;
#2827 = CARTESIAN_POINT ( 'NONE',  ( 51.83134421334639100, 8.110961208131680400, 38.59177650292323100 ) ) ;
#2828 = CARTESIAN_POINT ( 'NONE',  ( -67.96879860929992400, -8.499999999999989300, 12.00000000000000000 ) ) ;
#2829 = ORIENTED_EDGE ( 'NONE', *, *, #4091, .T. ) ;
#2830 = CARTESIAN_POINT ( 'NONE',  ( -33.45244499796046300, 0.0000000000000000000, 11.00000000000000000 ) ) ;
#2831 = CARTESIAN_POINT ( 'NONE',  ( -50.81805513112188100, -12.24066024367748500, 26.52302635419356500 ) ) ;
#2832 = CARTESIAN_POINT ( 'NONE',  ( -57.78806209209613300, -12.09898056744169800, 34.45708822384017400 ) ) ;
#2833 = CARTESIAN_POINT ( 'NONE',  ( -42.24097192863854400, 10.59127003882363900, 34.56402398863237800 ) ) ;
#2834 = DIRECTION ( 'NONE',  ( 0.0000000000000000000, 0.0000000000000000000, 1.000000000000000000 ) ) ;
#2835 = CARTESIAN_POINT ( 'NONE',  ( 67.76538794804807300, -12.60427091875580000, 6.160828535614291100 ) ) ;
#2836 = AXIS2_PLACEMENT_3D ( 'NONE', #2999, #61, #3783 ) ;
#2837 = DIRECTION ( 'NONE',  ( 0.0000000000000000000, 0.0000000000000000000, -1.000000000000000000 ) ) ;
#2838 = CIRCLE ( 'NONE', #148, 0.5000000000000004400 ) ;
#2839 = DIRECTION ( 'NONE',  ( -0.9362537543919790000, 0.0000000000000000000, 0.3513245043929100800 ) ) ;
#2840 = ADVANCED_FACE ( 'NONE', ( #1564 ), #1165, .T. ) ;
#2841 = CARTESIAN_POINT ( 'NONE',  ( 49.48980602308843400, 10.70872730551245100, 29.37943370180544300 ) ) ;
#2842 = DIRECTION ( 'NONE',  ( -0.9709909333949721100, 0.2391163048910739400, 0.0000000000000000000 ) ) ;
#2843 = FACE_OUTER_BOUND ( 'NONE', #3344, .T. ) ;
#2844 = CARTESIAN_POINT ( 'NONE',  ( -69.00000000000000000, 0.0000000000000000000, 11.00000000000000000 ) ) ;
#2845 = CIRCLE ( 'NONE', #2928, 1.000000000000000900 ) ;
#2846 = CARTESIAN_POINT ( 'NONE',  ( -67.34230273687229800, 12.49999999999999600, 10.02687340131862500 ) ) ;
#2847 = B_SPLINE_CURVE_WITH_KNOTS ( 'NONE', 3,
 ( #842, #1995, #3811, #530, #4192, #2351, #1594, #4550, #2366, #2707, #4178, #4535, #3854, #1963 ),
 .UNSPECIFIED., .F., .F.,
 ( 4, 2, 2, 2, 2, 2, 4 ),
 ( 0.0000000000000000000, 0.0006049130858657270700, 0.0009073696287985955400, 0.001209826171731464100, 0.001512282714664332700, 0.001814739257597201100, 0.002419652343462940400 ),
 .UNSPECIFIED. ) ;
#2848 = CARTESIAN_POINT ( 'NONE',  ( -45.35705893023654100, -12.10628705654654900, 34.04792483336696300 ) ) ;
#2849 = EDGE_LOOP ( 'NONE', ( #3752, #1548, #4193, #726 ) ) ;
#2850 = CARTESIAN_POINT ( 'NONE',  ( -59.46838989579914900, -11.14059793776897300, 32.81262981139489900 ) ) ;
#2851 = EDGE_CURVE ( 'NONE', #4351, #4426, #839, .T. ) ;
#2852 = CARTESIAN_POINT ( 'NONE',  ( -67.63291676756551900, -12.50000000000003600, 0.0000000000000000000 ) ) ;
#2853 = VERTEX_POINT ( 'NONE', #48 ) ;
#2854 = CARTESIAN_POINT ( 'NONE',  ( 63.03304822555689000, -12.23519347397727400, 26.82916545727264400 ) ) ;
#2855 = CARTESIAN_POINT ( 'NONE',  ( -67.79591274114424900, -12.50000000000003600, 0.0000000000000000000 ) ) ;
#2856 = CARTESIAN_POINT ( 'NONE',  ( 67.80641650012759700, 12.49215390927886400, 12.43938108098292800 ) ) ;
#2857 = MECHANICAL_CONTEXT ( 'NONE', #3967, 'mechanical' ) ;
#2858 = EDGE_CURVE ( 'NONE', #4076, #3340, #3025, .T. ) ;
#2859 = ORIENTED_EDGE ( 'NONE', *, *, #3099, .F. ) ;
#2860 = CARTESIAN_POINT ( 'NONE',  ( -67.96879860929992400, -8.499999999999987600, 11.00000000000000000 ) ) ;
#2861 = VERTEX_POINT ( 'NONE', #2436 ) ;
#2862 = CARTESIAN_POINT ( 'NONE',  ( 53.50000000000000000, 9.000000000000007100, 12.50000000000000000 ) ) ;
#2863 = DIRECTION ( 'NONE',  ( -0.0000000000000000000, 0.0000000000000000000, 1.000000000000000000 ) ) ;
#2864 = CARTESIAN_POINT ( 'NONE',  ( -67.43828028549842200, 12.50000000000000500, 8.022812219410493400 ) ) ;
#2865 = TOROIDAL_SURFACE ( 'NONE', #4546, 39.49999999999998600, 0.5000000000000000000 ) ;
#2866 = ORIENTED_EDGE ( 'NONE', *, *, #1609, .T. ) ;
#2867 = AXIS2_PLACEMENT_3D ( 'NONE', #2306, #412, #4130 ) ;
#2868 = CARTESIAN_POINT ( 'NONE',  ( 51.35530525360141500, 7.709164187841085300, 39.21408585965210100 ) ) ;
#2869 =( BOUNDED_CURVE ( )  B_SPLINE_CURVE ( 3, ( #3973, #1082, #3240, #664 ),
 .UNSPECIFIED., .F., .T. ) 
 B_SPLINE_CURVE_WITH_KNOTS ( ( 4, 4 ),
 ( 4.985429818172380400, 4.991884151367898400 ),
 .UNSPECIFIED. ) 
 CURVE ( )  GEOMETRIC_REPRESENTATION_ITEM ( )  RATIONAL_B_SPLINE_CURVE ( ( 1.000000000000000000, 0.9999965284682629200, 0.9999965284682629200, 1.000000000000000000 ) ) 
 REPRESENTATION_ITEM ( '' )  );
#2870 = ORIENTED_EDGE ( 'NONE', *, *, #2671, .F. ) ;
#2871 = CARTESIAN_POINT ( 'NONE',  ( -50.52839113330280400, -10.96144771513197500, 16.78524431657607600 ) ) ;
#2872 = CARTESIAN_POINT ( 'NONE',  ( -49.73975291550909400, 11.01769771678998600, 39.00000000000000000 ) ) ;
#2873 = ORIENTED_EDGE ( 'NONE', *, *, #892, .T. ) ;
#2874 = DATE_TIME_ROLE ( 'creation_date' ) ;
#2875 = CARTESIAN_POINT ( 'NONE',  ( 68.65813053895301700, -9.499999999999994700, 17.36992749532867500 ) ) ;
#2876 = CARTESIAN_POINT ( 'NONE',  ( -53.50000000000000000, 7.000000000000006200, 12.00000000000000000 ) ) ;
#2877 = CARTESIAN_POINT ( 'NONE',  ( 67.08836330536752300, -12.50000000000002700, 12.00000000000000700 ) ) ;
#2878 = CARTESIAN_POINT ( 'NONE',  ( -68.52406277440448400, -10.28131329987184600, 12.50000000000000000 ) ) ;
#2879 = ORIENTED_EDGE ( 'NONE', *, *, #1905, .F. ) ;
#2880 = CARTESIAN_POINT ( 'NONE',  ( 68.22565620809714900, 9.000000000000007100, 17.03993290509912500 ) ) ;
#2881 = CARTESIAN_POINT ( 'NONE',  ( -67.76854284962564600, 9.000000000000007100, 18.70560232528081500 ) ) ;
#2882 = DIRECTION ( 'NONE',  ( -0.0000000000000000000, 0.0000000000000000000, -1.000000000000000000 ) ) ;
#2883 = CARTESIAN_POINT ( 'NONE',  ( 53.27322013832273500, 9.020953307547717500, 37.97654323747775600 ) ) ;
#2884 = ORIENTED_EDGE ( 'NONE', *, *, #964, .F. ) ;
#2885 = CARTESIAN_POINT ( 'NONE',  ( 41.00000000000000000, -4.336808689942017700E-015, 25.19999999999999900 ) ) ;
#2886 = DIRECTION ( 'NONE',  ( 1.000000000000000000, 0.0000000000000000000, 0.0000000000000000000 ) ) ;
#2887 = EDGE_CURVE ( 'NONE', #3006, #173, #1107, .T. ) ;
#2888 = CARTESIAN_POINT ( 'NONE',  ( -51.62287355495038800, -7.704148958106641100, 38.75166787109628100 ) ) ;
#2889 = VERTEX_POINT ( 'NONE', #3394 ) ;
#2890 = CARTESIAN_POINT ( 'NONE',  ( 68.27925943672589400, 10.76312053663718500, 18.49418816058519600 ) ) ;
#2891 = PERSON ( 'UNSPECIFIED', 'UNSPECIFIED', 'UNSPECIFIED', ('UNSPECIFIED'), ('UNSPECIFIED'), ('UNSPECIFIED') ) ;
#2892 = CARTESIAN_POINT ( 'NONE',  ( 68.50674672948872500, -10.04221811912856300, 17.84191912790453900 ) ) ;
#2893 = VERTEX_POINT ( 'NONE', #89 ) ;
#2894 = CARTESIAN_POINT ( 'NONE',  ( -53.19430975271171700, 9.448987465861336000, 38.03079797457701300 ) ) ;
#2895 = AXIS2_PLACEMENT_3D ( 'NONE', #1064, #3670, #3324 ) ;
#2896 = CARTESIAN_POINT ( 'NONE',  ( -67.56444679996710100, -8.999999999999991100, 12.43353286982843300 ) ) ;
#2897 = CARTESIAN_POINT ( 'NONE',  ( 33.45244499796046300, 8.193485938081032400E-015, 12.00000000000000000 ) ) ;
#2898 = VECTOR ( 'NONE', #72, 1000.000000000000000 ) ;
#2899 = CARTESIAN_POINT ( 'NONE',  ( 52.75824372268193200, 9.288245569209372800, 38.32342596663535500 ) ) ;
#2900 = CARTESIAN_POINT ( 'NONE',  ( -68.93978954269489600, 8.739116304891085800, 11.00000000000000000 ) ) ;
#2901 = AXIS2_PLACEMENT_3D ( 'NONE', #3259, #2469, #1339 ) ;
#2902 = CIRCLE ( 'NONE', #2734, 0.5000000000000004400 ) ;
#2903 = CARTESIAN_POINT ( 'NONE',  ( 53.60346171262439400, -12.06044012634908000, 36.61535292445062600 ) ) ;
#2904 = LINE ( 'NONE', #4744, #476 ) ;
#2905 = CARTESIAN_POINT ( 'NONE',  ( -51.65156067166259400, 8.349150119835348600, 39.03285710913616000 ) ) ;
#2906 = CARTESIAN_POINT ( 'NONE',  ( -51.51851608120582400, -7.313219480663587300, 39.11573632253497100 ) ) ;
#2907 = CARTESIAN_POINT ( 'NONE',  ( -67.65364814781385400, -8.897201265253421800, 12.18942177529493300 ) ) ;
#2908 = ORIENTED_EDGE ( 'NONE', *, *, #33, .T. ) ;
#2909 = CARTESIAN_POINT ( 'NONE',  ( -51.97072338599304000, -8.296045992621378300, 38.48322598504720600 ) ) ;
#2910 = CARTESIAN_POINT ( 'NONE',  ( 51.86232881091788700, 8.161510836911634900, 38.90251310577396300 ) ) ;
#2911 = ADVANCED_FACE ( 'NONE', ( #3939 ), #1928, .T. ) ;
#2912 = CARTESIAN_POINT ( 'NONE',  ( -49.48980602308844100, -10.70872730551242900, 29.37943370180544300 ) ) ;
#2913 = DIRECTION ( 'NONE',  ( -0.0000000000000000000, -0.0000000000000000000, -1.000000000000000000 ) ) ;
#2914 = VERTEX_POINT ( 'NONE', #797 ) ;
#2915 = EDGE_CURVE ( 'NONE', #3340, #3040, #4001, .T. ) ;
#2916 = CARTESIAN_POINT ( 'NONE',  ( 68.93756332630130100, -8.749194653964467600, 11.50000000000000000 ) ) ;
#2917 = PERSON_AND_ORGANIZATION ( #2891, #424 ) ;
#2918 = AXIS2_PLACEMENT_3D ( 'NONE', #2462, #979, #1300 ) ;
#2919 = EDGE_LOOP ( 'NONE', ( #3028, #784, #626, #786 ) ) ;
#2920 = CARTESIAN_POINT ( 'NONE',  ( -68.28971407398522300, -11.06233931989483000, 18.46039135792846900 ) ) ;
#2921 = ORIENTED_EDGE ( 'NONE', *, *, #3894, .F. ) ;
#2922 = CARTESIAN_POINT ( 'NONE',  ( -68.39349898077740900, 9.437087447753931700, 17.82543096955919300 ) ) ;
#2923 = ORIENTED_EDGE ( 'NONE', *, *, #478, .F. ) ;
#2924 = PERSON_AND_ORGANIZATION_ROLE ( 'design_supplier' ) ;
#2925 = EDGE_CURVE ( 'NONE', #1397, #3151, #3769, .T. ) ;
#2926 = B_SPLINE_CURVE_WITH_KNOTS ( 'NONE', 3,
 ( #358, #3304, #2890, #4340 ),
 .UNSPECIFIED., .F., .F.,
 ( 4, 4 ),
 ( 6.254634441385501500E-018, 0.002599121607213782500 ),
 .UNSPECIFIED. ) ;
#2927 = CARTESIAN_POINT ( 'NONE',  ( 53.78967950244948800, -9.499999999999992900, 37.61384145845485000 ) ) ;
#2928 = AXIS2_PLACEMENT_3D ( 'NONE', #2022, #559, #2374 ) ;
#2929 = DIRECTION ( 'NONE',  ( 0.0000000000000000000, -0.0000000000000000000, 1.000000000000000000 ) ) ;
#2930 = ORIENTED_EDGE ( 'NONE', *, *, #2512, .T. ) ;
#2931 = CARTESIAN_POINT ( 'NONE',  ( -67.73338753353024800, 8.801643278490827200, 12.09992838363932000 ) ) ;
#2932 = CARTESIAN_POINT ( 'NONE',  ( -68.01708412782068100, -9.102474456455272600, 18.36207359664080500 ) ) ;
#2933 = CARTESIAN_POINT ( 'NONE',  ( 51.63855923933275000, 12.50000000000001600, 0.0000000000000000000 ) ) ;
#2934 = ORIENTED_EDGE ( 'NONE', *, *, #25, .F. ) ;
#2935 = CARTESIAN_POINT ( 'NONE',  ( -68.36908062925246600, 9.358615881856941600, 18.22741904596799900 ) ) ;
#2936 = ADVANCED_FACE ( 'NONE', ( #4334 ), #2430, .T. ) ;
#2937 = ORIENTED_EDGE ( 'NONE', *, *, #55, .T. ) ;
#2938 = DIRECTION ( 'NONE',  ( -1.000000000000000000, 1.272857920698121500E-016, 0.0000000000000000000 ) ) ;
#2939 = CARTESIAN_POINT ( 'NONE',  ( -67.92100951974512700, -8.564686474432205500, 12.00000000000000000 ) ) ;
#2940 = CARTESIAN_POINT ( 'NONE',  ( -47.62401462380419300, -12.09862123405455800, 34.47721089294432100 ) ) ;
#2941 = CARTESIAN_POINT ( 'NONE',  ( -52.49915601363939300, -8.745247472145212700, 38.49455724390814000 ) ) ;
#2942 = CARTESIAN_POINT ( 'NONE',  ( 51.50000000000000700, -6.999999999999992900, 12.00000000000000000 ) ) ;
#2943 = CARTESIAN_POINT ( 'NONE',  ( -68.27837268959166300, -9.236732891485697600, 18.48375871046818000 ) ) ;
#2944 = CARTESIAN_POINT ( 'NONE',  ( -68.52406277440448400, -10.28131329987184400, 17.49140620790017700 ) ) ;
#2945 = PRODUCT_DEFINITION_FORMATION_WITH_SPECIFIED_SOURCE ( 'ANY', '', #210, .NOT_KNOWN. ) ;
#2946 = CARTESIAN_POINT ( 'NONE',  ( 68.70798039291817400, -9.631770379426036800, 12.36471615888013400 ) ) ;
#2947 = VERTEX_POINT ( 'NONE', #3442 ) ;
#2948 = CARTESIAN_POINT ( 'NONE',  ( -49.97117829137278000, 10.73467597884477000, 28.23304205423919900 ) ) ;
#2949 = DIRECTION ( 'NONE',  ( -0.006033170772517713000, 0.01785397147332894500, 0.9998224025060947800 ) ) ;
#2950 = EDGE_CURVE ( 'NONE', #2511, #2386, #528, .T. ) ;
#2951 = FACE_OUTER_BOUND ( 'NONE', #1935, .T. ) ;
#2952 = B_SPLINE_CURVE_WITH_KNOTS ( 'NONE', 3,
 ( #3675, #1465, #1416, #4741, #3653, #4795, #690, #3639, #3299, #1865, #3695, #1790, #1451, #1435, #702, #2534, #3280, #316, #1047, #1070, #750, #2588, #1834, #1808, #4776 ),
 .UNSPECIFIED., .F., .F.,
 ( 4, 2, 2, 1, 2, 2, 2, 2, 2, 2, 2, 2, 4 ),
 ( 0.0000000000000000000, 0.002240041098667348100, 0.003360061648001021900, 0.004480082197334696100, 0.005600102746668369500, 0.006720123296002043800, 0.008960164394669404400, 0.01008018494400308300, 0.01120020549333676300, 0.01344024659200411900, 0.01456026714133780100, 0.01568028769067148300, 0.01792032878933884700 ),
 .UNSPECIFIED. ) ;
#2953 =( BOUNDED_SURFACE ( )  B_SPLINE_SURFACE ( 3, 2, ( 
 ( #4183, #2683, #462 ),
 ( #877, #1613, #4541 ),
 ( #4157, #2344, #126 ),
 ( #2002, #3051, #3081 ),
 ( #826, #1200, #140 ),
 ( #3472, #3815, #3787 ),
 ( #2735, #1565, #847 ),
 ( #1599, #3407, #1953 ) ),
 .UNSPECIFIED., .F., .F., .T. ) 
 B_SPLINE_SURFACE_WITH_KNOTS ( ( 4, 2, 2, 4 ),
 ( 3, 3 ),
 ( 0.0007033340235721317800, 0.001497749356437109900, 0.001894957022869598900, 0.002292164689302087800 ),
 ( 0.0000000000000000000, 1.000000000000000000 ),
 .UNSPECIFIED. ) 
 GEOMETRIC_REPRESENTATION_ITEM ( )  RATIONAL_B_SPLINE_SURFACE ( (
 ( 1.000000000000000000, 0.7071067811865463500, 1.000000000000000000),
 ( 1.000000000000000000, 0.6857768977833549300, 1.000000000000000000),
 ( 1.000000000000000000, 0.6605592300132522300, 1.000000000000000000),
 ( 1.000000000000000000, 0.6306505676557208100, 1.000000000000000000),
 ( 1.000000000000000000, 0.6220126408356434500, 1.000000000000000000),
 ( 1.000000000000000000, 0.6101178089488510400, 1.000000000000000000),
 ( 1.000000000000000000, 0.6067740752552279700, 1.000000000000000000),
 ( 1.000000000000000000, 0.6068192651638155700, 1.000000000000000000) ) ) 
 REPRESENTATION_ITEM ( '' )  SURFACE ( )  );
#2954 = CYLINDRICAL_SURFACE ( 'NONE', #3482, 2.000000000000001800 ) ;
#2955 = AXIS2_PLACEMENT_3D ( 'NONE', #4245, #4660, #2771 ) ;
#2956 = CARTESIAN_POINT ( 'NONE',  ( -68.69549457752293600, -9.678493416568850100, 11.29449243086707900 ) ) ;
#2957 = CARTESIAN_POINT ( 'NONE',  ( -42.48960819057269600, -12.06221230781587500, 36.51611076231045400 ) ) ;
#2958 = CARTESIAN_POINT ( 'NONE',  ( 42.48960819058456200, 12.06221230781460100, 36.51611076238332700 ) ) ;
#2959 = ADVANCED_FACE ( 'NONE', ( #4392 ), #4652, .T. ) ;
#2960 = CIRCLE ( 'NONE', #1498, 0.5000000000000004400 ) ;
#2961 = CARTESIAN_POINT ( 'NONE',  ( -50.48015229709316300, -10.78918747713528200, 25.82360721382431000 ) ) ;
#2962 = CARTESIAN_POINT ( 'NONE',  ( 53.50000000000000700, -8.499999999999991100, 12.00000000000000000 ) ) ;
#2963 = CARTESIAN_POINT ( 'NONE',  ( -68.12664178061194800, -9.499999999999987600, 18.90238259966335800 ) ) ;
#2964 = CARTESIAN_POINT ( 'NONE',  ( 68.70798039291818800, 9.631770379426054500, 16.94872539182345200 ) ) ;
#2965 = DIRECTION ( 'NONE',  ( 1.000000000000000000, 1.272857920698121200E-016, 0.0000000000000000000 ) ) ;
#2966 = CARTESIAN_POINT ( 'NONE',  ( 50.86497159511175400, 12.16205946041056900, 30.92467021700923600 ) ) ;
#2967 = VERTEX_POINT ( 'NONE', #3082 ) ;
#2968 = DIRECTION ( 'NONE',  ( -0.0000000000000000000, -0.0000000000000000000, -1.000000000000000000 ) ) ;
#2969 = AXIS2_PLACEMENT_3D ( 'NONE', #4222, #2803, #4602 ) ;
#2970 = DIRECTION ( 'NONE',  ( 0.0000000000000000000, 0.0000000000000000000, -1.000000000000000000 ) ) ;
#2971 = AXIS2_PLACEMENT_3D ( 'NONE', #3908, #1692, #4285 ) ;
#2972 = CARTESIAN_POINT ( 'NONE',  ( 46.69605485977152900, 12.08760992525065500, 35.09384418596425800 ) ) ;
#2973 = B_SPLINE_CURVE_WITH_KNOTS ( 'NONE', 3,
 ( #2281, #1929, #3810, #818, #437, #803, #2692, #470, #857, #4177 ),
 .UNSPECIFIED., .F., .F.,
 ( 4, 2, 2, 2, 4 ),
 ( 0.0000000000000000000, 0.0004067587787267327900, 0.0008135175574534655900, 0.001220276336180198400, 0.001627035114906931200 ),
 .UNSPECIFIED. ) ;
#2974 = EDGE_LOOP ( 'NONE', ( #1306, #4456, #572 ) ) ;
#2975 = CARTESIAN_POINT ( 'NONE',  ( -68.47157563043519700, -9.748205488212416700, 17.93018952829703500 ) ) ;
#2976 = ORIENTED_EDGE ( 'NONE', *, *, #4224, .T. ) ;
#2977 = CARTESIAN_POINT ( 'NONE',  ( -68.56444679531942700, -10.09456564647839400, 17.53594697479082900 ) ) ;
#2978 = EDGE_CURVE ( 'NONE', #935, #4366, #3434, .T. ) ;
#2979 = CARTESIAN_POINT ( 'NONE',  ( 68.25982516225222700, -8.938031460509186800, 12.22615335795828400 ) ) ;
#2980 = CARTESIAN_POINT ( 'NONE',  ( -67.84687706988484000, -12.37989065772388900, 18.72612316746368000 ) ) ;
#2981 = CARTESIAN_POINT ( 'NONE',  ( -53.53812722007396700, -9.033130437105866100, 37.79264651460964300 ) ) ;
#2982 = FACE_OUTER_BOUND ( 'NONE', #1523, .T. ) ;
#2983 = ORIENTED_EDGE ( 'NONE', *, *, #4264, .T. ) ;
#2984 = CARTESIAN_POINT ( 'NONE',  ( 68.81410166500745600, 9.235068298075962200, 11.69599989893639100 ) ) ;
#2985 = CARTESIAN_POINT ( 'NONE',  ( 67.24031739527013900, -12.33464040124286900, 21.26013753034088100 ) ) ;
#2986 = CARTESIAN_POINT ( 'NONE',  ( 41.75105852404967500, 12.06090092888058500, 36.58954798268835200 ) ) ;
#2987 = ORIENTED_EDGE ( 'NONE', *, *, #906, .T. ) ;
#2988 = AXIS2_PLACEMENT_3D ( 'NONE', #1188, #4124, #68 ) ;
#2989 = AXIS2_PLACEMENT_3D ( 'NONE', #1325, #2361, #3878 ) ;
#2990 = CARTESIAN_POINT ( 'NONE',  ( -50.48410110073059100, -10.80328860203453100, 25.19999999999998900 ) ) ;
#2991 = AXIS2_PLACEMENT_3D ( 'NONE', #2277, #1192, #4485 ) ;
#2992 = CARTESIAN_POINT ( 'NONE',  ( 67.10205230322453900, 12.45996211899452000, 14.24212133630790000 ) ) ;
#2993 = VERTEX_POINT ( 'NONE', #2019 ) ;
#2994 = DIRECTION ( 'NONE',  ( 0.0000000000000000000, 0.0000000000000000000, 1.000000000000000000 ) ) ;
#2995 = CARTESIAN_POINT ( 'NONE',  ( 47.62401462374838000, 12.09862123405638800, 34.47721089284324600 ) ) ;
#2996 = DIRECTION ( 'NONE',  ( -0.3089746283387322900, -6.599375773710528300E-015, 0.9510702808115404400 ) ) ;
#2997 = CARTESIAN_POINT ( 'NONE',  ( 51.97035774453559800, -8.295465990156277100, 38.48350818493591400 ) ) ;
#2998 = ORIENTED_EDGE ( 'NONE', *, *, #2143, .T. ) ;
#2999 = CARTESIAN_POINT ( 'NONE',  ( -53.50000000000000700, -6.999999999999990200, 12.00000000000000000 ) ) ;
#3000 = CARTESIAN_POINT ( 'NONE',  ( 41.00000000000000000, 5.694325491420782700E-016, 25.19999999999999900 ) ) ;
#3001 = CARTESIAN_POINT ( 'NONE',  ( 68.22565626859722000, 9.000000000000007100, 12.43355938271239600 ) ) ;
#3002 = CARTESIAN_POINT ( 'NONE',  ( -48.52512703435167700, 10.67325594669325800, 30.94596531719999900 ) ) ;
#3003 = ORIENTED_EDGE ( 'NONE', *, *, #3129, .F. ) ;
#3004 = CARTESIAN_POINT ( 'NONE',  ( -68.38910627498245300, 10.41221239848867200, 18.17733250433278200 ) ) ;
#3005 = DIRECTION ( 'NONE',  ( 0.0000000000000000000, 0.0000000000000000000, -1.000000000000000000 ) ) ;
#3006 = VERTEX_POINT ( 'NONE', #3473 ) ;
#3007 = DIRECTION ( 'NONE',  ( 1.000000000000000000, 0.0000000000000000000, 0.0000000000000000000 ) ) ;
#3008 = DIRECTION ( 'NONE',  ( -0.0000000000000000000, -1.000000000000000000, -0.0000000000000000000 ) ) ;
#3009 = CARTESIAN_POINT ( 'NONE',  ( 49.19441614515113800, 10.69636201271465800, 29.92559423227923100 ) ) ;
#3010 = EDGE_CURVE ( 'NONE', #1880, #3417, #3448, .T. ) ;
#3011 = B_SPLINE_CURVE_WITH_KNOTS ( 'NONE', 3,
 ( #2026, #3853, #1254, #3507, #2378, #2364, #2718, #3866, #4548, #2010, #2350, #135, #4568, #1299, #4583, #3131, #2728, #1622, #2773, #1657, #3492, #4230, #3824, #3523, #161 ),
 .UNSPECIFIED., .F., .F.,
 ( 4, 2, 2, 1, 2, 2, 2, 2, 2, 2, 2, 2, 4 ),
 ( 0.0000000000000000000, 0.002240041098667352400, 0.003360061648001028400, 0.004480082197334704800, 0.005600102746668381700, 0.006720123296002056800, 0.008960164394669421800, 0.01008018494400309000, 0.01120020549333676000, 0.01344024659200411400, 0.01456026714133779600, 0.01568028769067147600, 0.01792032878933884000 ),
 .UNSPECIFIED. ) ;
#3012 = CIRCLE ( 'NONE', #2989, 0.4999999999999987800 ) ;
#3013 = CARTESIAN_POINT ( 'NONE',  ( 51.81088612276867200, -8.079320096680481500, 38.60758317517826300 ) ) ;
#3014 = CARTESIAN_POINT ( 'NONE',  ( -53.50000000000000700, -8.499999999999989300, 12.50000000000000000 ) ) ;
#3015 = CARTESIAN_POINT ( 'NONE',  ( 53.04766566150191000, -8.962466887321971500, 37.60254970477957700 ) ) ;
#3016 = VECTOR ( 'NONE', #2543, 1000.000000000000000 ) ;
#3017 = EDGE_CURVE ( 'NONE', #3241, #2820, #2784, .T. ) ;
#3018 =( BOUNDED_CURVE ( )  B_SPLINE_CURVE ( 3, ( #2485, #2871, #1763, #2103 ),
 .UNSPECIFIED., .F., .F. ) 
 B_SPLINE_CURVE_WITH_KNOTS ( ( 4, 4 ),
 ( 4.985429818172380400, 4.997728782420295200 ),
 .UNSPECIFIED. ) 
 CURVE ( )  GEOMETRIC_REPRESENTATION_ITEM ( )  RATIONAL_B_SPLINE_CURVE ( ( 1.000000000000000000, 0.9999873946629263000, 0.9999873946629263000, 1.000000000000000000 ) ) 
 REPRESENTATION_ITEM ( '' )  );
#3019 = CARTESIAN_POINT ( 'NONE',  ( 43.93969370469875500, 12.06766708715762900, 36.21064311917375300 ) ) ;
#3020 = CIRCLE ( 'NONE', #4665, 0.4999999999999992200 ) ;
#3021 = CARTESIAN_POINT ( 'NONE',  ( -68.23115867695754800, -10.90190657212366400, 18.62237311881930100 ) ) ;
#3022 = FACE_OUTER_BOUND ( 'NONE', #1182, .T. ) ;
#3023 = CARTESIAN_POINT ( 'NONE',  ( -68.57345641095200500, -10.02574583022677900, 17.61240179343249300 ) ) ;
#3024 = CARTESIAN_POINT ( 'NONE',  ( 50.81805513112444600, 12.24066024367554000, 26.52302635419379600 ) ) ;
#3025 = LINE ( 'NONE', #2542, #1983 ) ;
#3026 = CARTESIAN_POINT ( 'NONE',  ( -68.34808854717610400, 9.605959446093475400, 18.28704932322464300 ) ) ;
#3027 = CARTESIAN_POINT ( 'NONE',  ( 52.74659138753578700, -8.868030393956885900, 38.33139916518423700 ) ) ;
#3028 = ORIENTED_EDGE ( 'NONE', *, *, #4035, .T. ) ;
#3029 = CARTESIAN_POINT ( 'NONE',  ( -52.43209420255242700, 12.34250398812509400, 20.81977666499572500 ) ) ;
#3030 = CARTESIAN_POINT ( 'NONE',  ( 68.23307707740126200, 8.986472482230036400, 12.36687522280868000 ) ) ;
#3031 = ORIENTED_EDGE ( 'NONE', *, *, #2236, .T. ) ;
#3032 = TOROIDAL_SURFACE ( 'NONE', #4466, 1.500000000000000000, 0.5000000000000000000 ) ;
#3033 = ORIENTED_EDGE ( 'NONE', *, *, #1768, .F. ) ;
#3034 = CARTESIAN_POINT ( 'NONE',  ( -68.06546948217062700, 11.37997275191324700, 19.06392253749567100 ) ) ;
#3035 = CARTESIAN_POINT ( 'NONE',  ( -50.23012300804802500, 11.01769771678998600, 39.87151429841590300 ) ) ;
#3036 = CARTESIAN_POINT ( 'NONE',  ( 67.24031739526613200, 12.33464040124268200, 21.26013753035160600 ) ) ;
#3037 = CARTESIAN_POINT ( 'NONE',  ( -51.50000000000000000, 7.000000000000005300, 12.50000000000000000 ) ) ;
#3038 = EDGE_CURVE ( 'NONE', #394, #1168, #817, .T. ) ;
#3039 = ORIENTED_EDGE ( 'NONE', *, *, #303, .T. ) ;
#3040 = VERTEX_POINT ( 'NONE', #141 ) ;
#3041 = DIRECTION ( 'NONE',  ( 1.000000000000000000, 0.0000000000000000000, 0.0000000000000000000 ) ) ;
#3042 = CARTESIAN_POINT ( 'NONE',  ( 49.84515781546163300, 12.18596729495029700, 29.58583148271258500 ) ) ;
#3043 = DIRECTION ( 'NONE',  ( 1.279371724516979300E-016, -1.000000000000000000, 0.0000000000000000000 ) ) ;
#3044 = CARTESIAN_POINT ( 'NONE',  ( -53.78967950244948800, -9.499999999999991100, 37.61384145845485000 ) ) ;
#3045 = EDGE_LOOP ( 'NONE', ( #1408, #2159, #3784, #771 ) ) ;
#3046 = CARTESIAN_POINT ( 'NONE',  ( 52.68643054346266300, -8.831124380358135200, 37.90596530031331200 ) ) ;
#3047 = EDGE_CURVE ( 'NONE', #394, #3554, #4715, .T. ) ;
#3048 = AXIS2_PLACEMENT_3D ( 'NONE', #1504, #4788, #3686 ) ;
#3049 = CARTESIAN_POINT ( 'NONE',  ( 68.88798366941894400, 8.959597605584944400, 12.27138645871586100 ) ) ;
#3050 = EDGE_LOOP ( 'NONE', ( #2908, #1642 ) ) ;
#3051 = CARTESIAN_POINT ( 'NONE',  ( 68.88794224420371400, -8.959787789725599100, 12.27177988778051800 ) ) ;
#3052 = CARTESIAN_POINT ( 'NONE',  ( -53.50000000000000700, -6.999999999999990200, 12.00000000000000000 ) ) ;
#3053 = PRODUCT_DEFINITION_SHAPE ( 'NONE', 'NONE',  #2752 ) ;
#3054 = AXIS2_PLACEMENT_3D ( 'NONE', #1400, #1861, #1879 ) ;
#3055 = ORIENTED_EDGE ( 'NONE', *, *, #2001, .T. ) ;
#3056 = CARTESIAN_POINT ( 'NONE',  ( 58.74706313107898100, 12.14043853711489100, 32.13544192156705000 ) ) ;
#3057 = CARTESIAN_POINT ( 'NONE',  ( 67.63291676756550400, 12.50000000000001800, 0.0000000000000000000 ) ) ;
#3058 = CARTESIAN_POINT ( 'NONE',  ( 67.11792469771367600, 12.50000000000002100, 11.97566254896685200 ) ) ;
#3059 = CARTESIAN_POINT ( 'NONE',  ( -68.55719944651750100, -10.16827747800402900, 17.57981157914767300 ) ) ;
#3060 = CARTESIAN_POINT ( 'NONE',  ( -51.25803393282922800, -6.999999999999991100, 39.27285026042955700 ) ) ;
#3061 = AXIS2_PLACEMENT_3D ( 'NONE', #4506, #4116, #4522 ) ;
#3062 = CARTESIAN_POINT ( 'NONE',  ( 52.25516669820961400, -8.570854214260197800, 38.25789566827035100 ) ) ;
#3063 = CARTESIAN_POINT ( 'NONE',  ( 50.04192113118400400, -12.14020109740065200, 32.14873854556321900 ) ) ;
#3064 = ORIENTED_EDGE ( 'NONE', *, *, #2580, .F. ) ;
#3065 = CARTESIAN_POINT ( 'NONE',  ( -48.11304545325002400, 10.66248171001423400, 31.42161905041447100 ) ) ;
#3066 = ORIENTED_EDGE ( 'NONE', *, *, #1582, .T. ) ;
#3067 = CARTESIAN_POINT ( 'NONE',  ( 51.27900215368663300, -7.367680399160192900, 39.26023911209856000 ) ) ;
#3068 = SECURITY_CLASSIFICATION ( '', '', #1078 ) ;
#3069 = AXIS2_PLACEMENT_3D ( 'NONE', #4339, #4440, #396 ) ;
#3070 = CARTESIAN_POINT ( 'NONE',  ( 67.17800333464995800, 12.50000000000001600, 11.77317134786848400 ) ) ;
#3071 = PLANE ( 'NONE',  #4239 ) ;
#3072 = CARTESIAN_POINT ( 'NONE',  ( 49.62176689240789100, 10.71496208896904000, 29.10401990987666900 ) ) ;
#3073 = CARTESIAN_POINT ( 'NONE',  ( 52.40000000000000600, 1.562649315712022400E-014, 4.500000000000000900 ) ) ;
#3074 = EDGE_CURVE ( 'NONE', #2058, #2820, #2781, .T. ) ;
#3075 = CARTESIAN_POINT ( 'NONE',  ( -68.03215726986162800, 9.500000000000010700, 19.15237923442064600 ) ) ;
#3076 = SPHERICAL_SURFACE ( 'NONE', #925, 1.000000000000000000 ) ;
#3077 = CARTESIAN_POINT ( 'NONE',  ( -67.79591274114424900, 12.50000000000000000, 40.00000000000000000 ) ) ;
#3078 = CARTESIAN_POINT ( 'NONE',  ( -47.90451437829876400, 10.65730819351569800, 31.65000578079210000 ) ) ;
#3079 = VECTOR ( 'NONE', #1653, 1000.000000000000000 ) ;
#3080 = EDGE_CURVE ( 'NONE', #3728, #2993, #3020, .T. ) ;
#3081 = CARTESIAN_POINT ( 'NONE',  ( 68.76423585681750700, -9.423943421481510500, 11.87951898583213900 ) ) ;
#3082 = CARTESIAN_POINT ( 'NONE',  ( -51.50000000000000700, -6.999999999999991100, 38.84457641169642300 ) ) ;
#3083 = EDGE_LOOP ( 'NONE', ( #3092, #4223, #132, #1701, #3276, #3522, #2870, #1818, #2699 ) ) ;
#3084 = CARTESIAN_POINT ( 'NONE',  ( 44.62939729117957900, -10.60588899248877600, 33.91914985913687300 ) ) ;
#3085 = CARTESIAN_POINT ( 'NONE',  ( 60.00000000000000000, 1.469576158976823700E-014, 4.499999999999997300 ) ) ;
#3086 = AXIS2_PLACEMENT_3D ( 'NONE', #4585, #872, #3842 ) ;
#3087 = ORIENTED_EDGE ( 'NONE', *, *, #4590, .T. ) ;
#3088 = CARTESIAN_POINT ( 'NONE',  ( -67.59991964863104400, -12.50000000000003400, 2.005875931546542600 ) ) ;
#3089 = CARTESIAN_POINT ( 'NONE',  ( 68.96942093112880900, 8.617899813170678800, 11.50000000000000000 ) ) ;
#3090 = DIRECTION ( 'NONE',  ( 0.0000000000000000000, 0.0000000000000000000, 1.000000000000000000 ) ) ;
#3091 = CARTESIAN_POINT ( 'NONE',  ( 49.01600556643333600, -12.16161378704398100, 30.94962792554210300 ) ) ;
#3092 = ORIENTED_EDGE ( 'NONE', *, *, #1506, .F. ) ;
#3093 = CARTESIAN_POINT ( 'NONE',  ( -43.15579842439818500, 10.59539800559021000, 34.38193944110853600 ) ) ;
#3094 = ORIENTED_EDGE ( 'NONE', *, *, #94, .F. ) ;
#3095 = AXIS2_PLACEMENT_3D ( 'NONE', #650, #1017, #3614 ) ;
#3096 = CARTESIAN_POINT ( 'NONE',  ( 51.97345082132668600, -8.749293834069831600, 38.83181665230468800 ) ) ;
#3097 = ORIENTED_EDGE ( 'NONE', *, *, #3038, .F. ) ;
#3098 = CARTESIAN_POINT ( 'NONE',  ( 54.19290126149217500, 11.06059952700437200, 37.40741032717516400 ) ) ;
#3099 = EDGE_CURVE ( 'NONE', #4782, #4294, #1298, .T. ) ;
#3100 = ORIENTED_EDGE ( 'NONE', *, *, #3703, .T. ) ;
#3101 = CARTESIAN_POINT ( 'NONE',  ( 68.21075391555338300, 9.000000000000007100, 17.12876403943129900 ) ) ;
#3102 = CARTESIAN_POINT ( 'NONE',  ( -68.88493955602702100, 9.024621666197875300, 12.40551932152570700 ) ) ;
#3103 = B_SPLINE_CURVE_WITH_KNOTS ( 'NONE', 3,
 ( #596, #1721, #4297, #3541 ),
 .UNSPECIFIED., .F., .F.,
 ( 4, 4 ),
 ( 0.0000000000000000000, 0.0004441392268553462200 ),
 .UNSPECIFIED. ) ;
#3104 = CARTESIAN_POINT ( 'NONE',  ( 52.45242512550917300, -12.41510544222478400, 16.75409523541380400 ) ) ;
#3105 = DIRECTION ( 'NONE',  ( 0.0000000000000000000, 0.0000000000000000000, 1.000000000000000000 ) ) ;
#3106 = EDGE_CURVE ( 'NONE', #3953, #2893, #2869, .T. ) ;
#3107 = CARTESIAN_POINT ( 'NONE',  ( -50.83767776146026300, -11.77413020112460300, -0.0000000000000000000 ) ) ;
#3108 = CARTESIAN_POINT ( 'NONE',  ( -48.52578057928795400, 12.11093572343394900, 33.78759948769984300 ) ) ;
#3109 = VERTEX_POINT ( 'NONE', #4348 ) ;
#3110 = ADVANCED_FACE ( 'NONE', ( #3483 ), #167, .T. ) ;
#3111 = DIRECTION ( 'NONE',  ( 1.000000000000000000, 0.0000000000000000000, 0.0000000000000000000 ) ) ;
#3112 = CARTESIAN_POINT ( 'NONE',  ( -51.08987378933048300, 12.09918562462918600, 0.0000000000000000000 ) ) ;
#3113 = AXIS2_PLACEMENT_3D ( 'NONE', #3862, #239, #1312 ) ;
#3114 = DIRECTION ( 'NONE',  ( 1.000000000000000000, 0.0000000000000000000, 0.0000000000000000000 ) ) ;
#3115 = ORIENTED_EDGE ( 'NONE', *, *, #3596, .F. ) ;
#3116 = ORIENTED_EDGE ( 'NONE', *, *, #169, .T. ) ;
#3117 = DIRECTION ( 'NONE',  ( -0.0000000000000000000, -0.0000000000000000000, -1.000000000000000000 ) ) ;
#3118 = CARTESIAN_POINT ( 'NONE',  ( -53.50000000000000000, 9.000000000000007100, 39.12589674149675300 ) ) ;
#3119 = CARTESIAN_POINT ( 'NONE',  ( 49.86421689732804900, -10.72801343951124800, 28.52742239032354400 ) ) ;
#3120 = CIRCLE ( 'NONE', #2385, 1.000000000000000900 ) ;
#3121 = CARTESIAN_POINT ( 'NONE',  ( -45.18461738820419500, 10.61182115312782400, 33.65743207491632200 ) ) ;
#3122 = EDGE_CURVE ( 'NONE', #1836, #1520, #705, .T. ) ;
#3123 = CARTESIAN_POINT ( 'NONE',  ( -50.89309027737277100, -12.26378347384738500, 25.22812546454590800 ) ) ;
#3124 = LINE ( 'NONE', #4272, #1786 ) ;
#3125 = CARTESIAN_POINT ( 'NONE',  ( 67.99849146661256300, 11.92933827472473300, 6.226860215181356600 ) ) ;
#3126 = DIRECTION ( 'NONE',  ( -0.9362537543919875500, -1.734723475976800200E-015, -0.3513245043928872600 ) ) ;
#3127 = VECTOR ( 'NONE', #3720, 1000.000000000000000 ) ;
#3128 = ADVANCED_FACE ( 'NONE', ( #3997 ), #4388, .T. ) ;
#3129 = EDGE_CURVE ( 'NONE', #4047, #2287, #4330, .T. ) ;
#3130 = FACE_OUTER_BOUND ( 'NONE', #4185, .T. ) ;
#3131 = CARTESIAN_POINT ( 'NONE',  ( 50.26543577560440200, -12.14556237762933200, 31.84850685275710800 ) ) ;
#3132 = CARTESIAN_POINT ( 'NONE',  ( -68.56446818527888400, 10.14348235503467600, 17.52497109996477300 ) ) ;
#3133 = ORIENTED_EDGE ( 'NONE', *, *, #3749, .F. ) ;
#3134 = CARTESIAN_POINT ( 'NONE',  ( -50.61988474604488200, 11.27693392223158100, -1.372791119307861700E-016 ) ) ;
#3135 = CARTESIAN_POINT ( 'NONE',  ( -51.41576286524487200, 7.886541556126820400, 39.17743654010575900 ) ) ;
#3136 = AXIS2_PLACEMENT_3D ( 'NONE', #4627, #3536, #3195 ) ;
#3137 = CARTESIAN_POINT ( 'NONE',  ( -50.48014885154048400, -10.78917517311282600, 25.82415134009468400 ) ) ;
#3138 = ORIENTED_EDGE ( 'NONE', *, *, #2206, .T. ) ;
#3139 = DIRECTION ( 'NONE',  ( -1.000000000000000000, -1.156482317317870300E-015, 0.0000000000000000000 ) ) ;
#3140 = ORIENTED_EDGE ( 'NONE', *, *, #695, .F. ) ;
#3141 = PERSON_AND_ORGANIZATION ( #2891, #424 ) ;
#3142 = CARTESIAN_POINT ( 'NONE',  ( 51.69922839167244200, 12.50000000000002000, 2.011217530124684400 ) ) ;
#3143 = ORIENTED_EDGE ( 'NONE', *, *, #506, .T. ) ;
#3144 = CARTESIAN_POINT ( 'NONE',  ( 67.59991965086997800, 12.50000000000001600, 2.005875795439474800 ) ) ;
#3145 = CARTESIAN_POINT ( 'NONE',  ( 67.13428310442955600, -12.50000000000001600, 11.94072896663132800 ) ) ;
#3146 = AXIS2_PLACEMENT_3D ( 'NONE', #4762, #2553, #4404 ) ;
#3147 = CARTESIAN_POINT ( 'NONE',  ( 50.89309027737279200, 12.26378347384746300, 25.22812546454579400 ) ) ;
#3148 = CARTESIAN_POINT ( 'NONE',  ( 60.00000000000000000, 1.469576158976823700E-014, 40.00000000000000000 ) ) ;
#3149 = ORIENTED_EDGE ( 'NONE', *, *, #1551, .F. ) ;
#3150 = CARTESIAN_POINT ( 'NONE',  ( -67.79591274114424900, 12.50000000000000000, 0.0000000000000000000 ) ) ;
#3151 = VERTEX_POINT ( 'NONE', #2600 ) ;
#3152 = CARTESIAN_POINT ( 'NONE',  ( 46.04034428673304500, -12.08173904929073000, 35.42261323971845100 ) ) ;
#3153 = CC_DESIGN_PERSON_AND_ORGANIZATION_ASSIGNMENT ( #4405, #2924, ( #2945 ) ) ;
#3154 = AXIS2_PLACEMENT_3D ( 'NONE', #2872, #4020, #1020 ) ;
#3155 = B_SPLINE_CURVE_WITH_KNOTS ( 'NONE', 3,
 ( #298, #4705, #282, #3975 ),
 .UNSPECIFIED., .F., .F.,
 ( 4, 4 ),
 ( -6.820592809879387100E-006, 0.0004357599779771832600 ),
 .UNSPECIFIED. ) ;
#3156 = ORIENTED_EDGE ( 'NONE', *, *, #624, .F. ) ;
#3157 = CARTESIAN_POINT ( 'NONE',  ( -48.41318638983607100, -12.14776503458459800, 31.72515806320555500 ) ) ;
#3158 = ADVANCED_FACE ( 'NONE', ( #3130, #4110 ), #1028, .T. ) ;
#3159 = CARTESIAN_POINT ( 'NONE',  ( -30.61531930649137600, -9.499999999999996400, 5.010942361779540600 ) ) ;
#3160 = CARTESIAN_POINT ( 'NONE',  ( 68.22565626216594100, 9.000000000000007100, 12.50000000000000000 ) ) ;
#3161 = EDGE_CURVE ( 'NONE', #246, #1405, #3823, .T. ) ;
#3162 =( BOUNDED_SURFACE ( )  B_SPLINE_SURFACE ( 3, 2, ( 
 ( #691, #669, #1032 ),
 ( #4406, #2556, #336 ),
 ( #3282, #1090, #4336 ),
 ( #4354, #4708, #2156 ) ),
 .UNSPECIFIED., .F., .F., .F. ) 
 B_SPLINE_SURFACE_WITH_KNOTS ( ( 4, 4 ),
 ( 3, 3 ),
 ( 0.5699582992734021400, 0.5731743991890659900 ),
 ( 0.0000000000000000000, 1.000000000000000000 ),
 .UNSPECIFIED. ) 
 GEOMETRIC_REPRESENTATION_ITEM ( )  RATIONAL_B_SPLINE_SURFACE ( (
 ( 1.000000000000000000, 0.7967489836273454800, 1.000000000000000000),
 ( 1.000000000000000000, 0.7979973509486839600, 1.000000000000000000),
 ( 1.000000000000000000, 0.7992395542141966800, 1.000000000000000000),
 ( 1.000000000000000000, 0.8004755514212924500, 1.000000000000000000) ) ) 
 REPRESENTATION_ITEM ( '' )  SURFACE ( )  );
#3163 = DIRECTION ( 'NONE',  ( -0.0000000000000000000, -0.0000000000000000000, 1.000000000000000000 ) ) ;
#3164 = ORIENTED_EDGE ( 'NONE', *, *, #2537, .T. ) ;
#3165 = CARTESIAN_POINT ( 'NONE',  ( -51.83192108138584300, 8.111789625552599900, 38.59132908136449200 ) ) ;
#3166 = CARTESIAN_POINT ( 'NONE',  ( 49.73975291550910100, 11.01769771678998600, 39.00000000000000000 ) ) ;
#3167 = CARTESIAN_POINT ( 'NONE',  ( -67.99794286387010800, -11.93093386680678200, 6.139951908106340300 ) ) ;
#3168 = CARTESIAN_POINT ( 'NONE',  ( -67.08836330536755100, 12.50000000000001800, 12.00000000000000000 ) ) ;
#3169 = EDGE_CURVE ( 'NONE', #1762, #3375, #1042, .T. ) ;
#3170 = CARTESIAN_POINT ( 'NONE',  ( 46.69725306090139600, -12.08799470631501400, 35.07229644635874900 ) ) ;
#3171 = CARTESIAN_POINT ( 'NONE',  ( 68.35127508516374900, 10.87748226609123800, 18.29408396172091900 ) ) ;
#3172 = ORIENTED_EDGE ( 'NONE', *, *, #1768, .T. ) ;
#3173 = CARTESIAN_POINT ( 'NONE',  ( -51.97345082132667200, 8.749293834069847600, 38.83181665230468100 ) ) ;
#3174 = ORIENTED_EDGE ( 'NONE', *, *, #2647, .T. ) ;
#3175 = DIRECTION ( 'NONE',  ( -1.272857920698121200E-016, -1.000000000000000000, 0.0000000000000000000 ) ) ;
#3176 = DIRECTION ( 'NONE',  ( -1.000000000000000000, -1.272857920698121200E-016, 0.0000000000000000000 ) ) ;
#3177 = ORIENTED_EDGE ( 'NONE', *, *, #2352, .T. ) ;
#3178 = CARTESIAN_POINT ( 'NONE',  ( 67.12921572777868600, 11.37997275191315300, 18.71259803310267200 ) ) ;
#3179 = ADVANCED_FACE ( 'NONE', ( #3427 ), #2036, .T. ) ;
#3180 = CARTESIAN_POINT ( 'NONE',  ( 41.00000000000000700, 10.58988809039670200, 34.62497709178453000 ) ) ;
#3181 = CARTESIAN_POINT ( 'NONE',  ( -51.50000000000000700, -7.152807420980313900, 38.84457641169642300 ) ) ;
#3182 = LINE ( 'NONE', #2161, #4544 ) ;
#3183 = DIRECTION ( 'NONE',  ( -1.000000000000000000, -1.279371724516979300E-016, -0.0000000000000000000 ) ) ;
#3184 = AXIS2_PLACEMENT_3D ( 'NONE', #2802, #589, #3553 ) ;
#3185 = CARTESIAN_POINT ( 'NONE',  ( 42.24031789138420100, -10.59126855388013600, 34.56408948538554400 ) ) ;
#3186 = CARTESIAN_POINT ( 'NONE',  ( 53.50000000000000700, -6.999999999999992000, 12.00000000000000000 ) ) ;
#3187 = LINE ( 'NONE', #3118, #1039 ) ;
#3188 = CARTESIAN_POINT ( 'NONE',  ( -52.32913488755390600, -12.23697831041261200, 26.72921461689396600 ) ) ;
#3189 = LINE ( 'NONE', #2855, #1330 ) ;
#3190 = EDGE_CURVE ( 'NONE', #2684, #75, #2055, .T. ) ;
#3191 = DIRECTION ( 'NONE',  ( -0.0000000000000000000, 1.000000000000000000, -0.0000000000000000000 ) ) ;
#3192 = CIRCLE ( 'NONE', #3113, 0.9999999999999995600 ) ;
#3193 = CARTESIAN_POINT ( 'NONE',  ( 67.01368415085958900, -12.71614945260377300, -0.1043693458087219300 ) ) ;
#3194 = CC_DESIGN_APPROVAL ( #743, ( #2945 ) ) ;
#3195 = DIRECTION ( 'NONE',  ( -0.5793590048989556400, 0.0000000000000000000, 0.8150724774168809400 ) ) ;
#3196 = DIRECTION ( 'NONE',  ( -1.279371724516979300E-016, 1.000000000000000000, 0.0000000000000000000 ) ) ;
#3197 = CYLINDRICAL_SURFACE ( 'NONE', #570, 7.599999999999996100 ) ;
#3198 = EDGE_CURVE ( 'NONE', #661, #781, #3600, .T. ) ;
#3199 = B_SPLINE_CURVE_WITH_KNOTS ( 'NONE', 3,
 ( #521, #3770, #2314, #3441, #1549, #202, #893, #3844, #3497, #2085, #3889, #2018 ),
 .UNSPECIFIED., .F., .F.,
 ( 4, 2, 2, 2, 2, 4 ),
 ( 0.0000000000000000000, 0.0003022378153001584000, 0.0006044756306003168000, 0.001208951261200626900, 0.001813426891800937100, 0.002417902522401246800 ),
 .UNSPECIFIED. ) ;
#3200 = CARTESIAN_POINT ( 'NONE',  ( 43.14240577231562000, 10.59533010379479400, 34.38493462141039500 ) ) ;
#3201 = DIRECTION ( 'NONE',  ( -0.0000000000000000000, -0.0000000000000000000, -1.000000000000000000 ) ) ;
#3202 = CARTESIAN_POINT ( 'NONE',  ( 42.49415407505292600, -12.06221247681694000, 36.51610129825066800 ) ) ;
#3203 = ORIENTED_EDGE ( 'NONE', *, *, #756, .F. ) ;
#3204 = CARTESIAN_POINT ( 'NONE',  ( -48.12037374643390600, -10.66216119155331700, 31.43578717412613700 ) ) ;
#3205 = AXIS2_PLACEMENT_3D ( 'NONE', #4557, #3890, #2358 ) ;
#3206 = CARTESIAN_POINT ( 'NONE',  ( -46.98662844861727500, -12.12454527382684200, 33.02546466570081000 ) ) ;
#3207 = ADVANCED_FACE ( 'NONE', ( #2547 ), #2486, .T. ) ;
#3208 = CARTESIAN_POINT ( 'NONE',  ( -66.23636323013308000, -11.30522867474924300, 23.35691568748873700 ) ) ;
#3209 = AXIS2_PLACEMENT_3D ( 'NONE', #1328, #4661, #622 ) ;
#3210 = CARTESIAN_POINT ( 'NONE',  ( 67.99849146661253500, -11.92933827472475400, 6.226860215181506700 ) ) ;
#3211 = DIRECTION ( 'NONE',  ( -1.000000000000000000, 0.0000000000000000000, 1.898821519314984800E-015 ) ) ;
#3212 = ORIENTED_EDGE ( 'NONE', *, *, #2297, .F. ) ;
#3213 = ORIENTED_EDGE ( 'NONE', *, *, #55, .F. ) ;
#3214 = CARTESIAN_POINT ( 'NONE',  ( -67.12921572777867100, -12.37981335125859400, 18.73045232951955800 ) ) ;
#3215 = CARTESIAN_POINT ( 'NONE',  ( -51.41357008001311600, -7.880186196781046700, 39.17876566200486400 ) ) ;
#3216 = CARTESIAN_POINT ( 'NONE',  ( -68.53328006245722300, -9.928482100566737900, 17.74782785663397200 ) ) ;
#3217 = VECTOR ( 'NONE', #694, 1000.000000000000000 ) ;
#3218 = EDGE_LOOP ( 'NONE', ( #792, #4140, #4579, #1055 ) ) ;
#3219 = CARTESIAN_POINT ( 'NONE',  ( -67.79591274114424900, -12.50000000000003600, 40.00000000000000000 ) ) ;
#3220 = CARTESIAN_POINT ( 'NONE',  ( -33.45244499796046300, -11.01769771678995200, 39.00000000000000000 ) ) ;
#3221 = CARTESIAN_POINT ( 'NONE',  ( -68.52406277440448400, 10.28131329987186500, 17.49140620790021200 ) ) ;
#3222 = CARTESIAN_POINT ( 'NONE',  ( 67.12921572777867100, -12.37981335125859400, 18.73045232951956200 ) ) ;
#3223 = VERTEX_POINT ( 'NONE', #1537 ) ;
#3224 = DIRECTION ( 'NONE',  ( 0.0000000000000000000, 0.0000000000000000000, 1.000000000000000000 ) ) ;
#3225 = CARTESIAN_POINT ( 'NONE',  ( -67.23115603325570100, 12.50000000000000000, 11.40163883803197800 ) ) ;
#3226 = ORIENTED_EDGE ( 'NONE', *, *, #1574, .T. ) ;
#3227 =( BOUNDED_CURVE ( )  B_SPLINE_CURVE ( 3, ( #1652, #2783, #1678, #3499 ),
 .UNSPECIFIED., .F., .T. ) 
 B_SPLINE_CURVE_WITH_KNOTS ( ( 4, 4 ),
 ( 1.285456524759292200, 1.297755489007206100 ),
 .UNSPECIFIED. ) 
 CURVE ( )  GEOMETRIC_REPRESENTATION_ITEM ( )  RATIONAL_B_SPLINE_CURVE ( ( 1.000000000000000000, 0.9999873946629263000, 0.9999873946629263000, 1.000000000000000000 ) ) 
 REPRESENTATION_ITEM ( '' )  );
#3228 = CARTESIAN_POINT ( 'NONE',  ( -67.12921572777867100, 12.37981335125859600, 18.73045232951956200 ) ) ;
#3229 = ORIENTED_EDGE ( 'NONE', *, *, #2641, .T. ) ;
#3230 = EDGE_CURVE ( 'NONE', #2853, #1825, #4214, .T. ) ;
#3231 = AXIS2_PLACEMENT_3D ( 'NONE', #2860, #2136, #309 ) ;
#3232 = CARTESIAN_POINT ( 'NONE',  ( -50.62308026516439700, 12.22390403421614000, 27.46137408394745800 ) ) ;
#3233 = CARTESIAN_POINT ( 'NONE',  ( 41.00000000000000700, -12.06090092888055300, 36.58954798268832300 ) ) ;
#3234 = ADVANCED_FACE ( 'NONE', ( #644, #1793 ), #3071, .T. ) ;
#3235 = ORIENTED_EDGE ( 'NONE', *, *, #1016, .T. ) ;
#3236 = CARTESIAN_POINT ( 'NONE',  ( 68.07658807808194000, -11.70010652064251900, 18.71259803310279000 ) ) ;
#3237 = EDGE_CURVE ( 'NONE', #897, #2064, #4497, .T. ) ;
#3238 = CARTESIAN_POINT ( 'NONE',  ( -52.29708825595663100, 12.49999999999999600, 11.54527145817958500 ) ) ;
#3239 = CARTESIAN_POINT ( 'NONE',  ( 52.47702185195779400, -12.50000000000002700, 12.00000000000000700 ) ) ;
#3240 = CARTESIAN_POINT ( 'NONE',  ( 52.45443096067763400, -12.42128824134638900, 16.40785848460332000 ) ) ;
#3241 = VERTEX_POINT ( 'NONE', #2198 ) ;
#3242 = CARTESIAN_POINT ( 'NONE',  ( 52.87544079391157900, 8.915798174860528400, 38.24541566681565300 ) ) ;
#3243 = CARTESIAN_POINT ( 'NONE',  ( 53.50000000000000700, -8.999999999999992900, 39.12589674149676000 ) ) ;
#3244 = LINE ( 'NONE', #1292, #978 ) ;
#3245 = DIRECTION ( 'NONE',  ( -1.000000000000000000, 0.0000000000000000000, 0.0000000000000000000 ) ) ;
#3246 = VECTOR ( 'NONE', #343, 1000.000000000000000 ) ;
#3247 = DIRECTION ( 'NONE',  ( -1.000000000000000000, -1.279371724516979300E-016, 0.0000000000000000000 ) ) ;
#3248 = CARTESIAN_POINT ( 'NONE',  ( 68.70180123896206200, -9.544887417129455500, 17.23550252605480500 ) ) ;
#3249 = CARTESIAN_POINT ( 'NONE',  ( -52.21394114361339700, 8.963567770352998600, 38.67874317875811800 ) ) ;
#3250 = CARTESIAN_POINT ( 'NONE',  ( 67.11566979183238900, -12.41989986017463600, 16.48560783022153900 ) ) ;
#3251 = VECTOR ( 'NONE', #3183, 1000.000000000000000 ) ;
#3252 = CARTESIAN_POINT ( 'NONE',  ( -51.96451287187849700, 12.50000000000000200, 8.040614191206234600 ) ) ;
#3253 = CARTESIAN_POINT ( 'NONE',  ( -89.06250000000009900, -4.336808689942017700E-015, 25.20000000000006300 ) ) ;
#3254 = CIRCLE ( 'NONE', #1650, 0.9999999999999983300 ) ;
#3255 = CARTESIAN_POINT ( 'NONE',  ( -67.27004175379136100, 12.50000000000000400, 11.02746552795674600 ) ) ;
#3256 = CARTESIAN_POINT ( 'NONE',  ( -67.56444679531948300, -8.999999999999987600, 18.97561127351263700 ) ) ;
#3257 = FACE_OUTER_BOUND ( 'NONE', #2346, .T. ) ;
#3258 = EDGE_CURVE ( 'NONE', #4517, #4122, #2902, .T. ) ;
#3259 = CARTESIAN_POINT ( 'NONE',  ( 53.50000000000000700, -6.999999999999992000, 12.50000000000000000 ) ) ;
#3260 = CARTESIAN_POINT ( 'NONE',  ( -50.48410110073059100, 10.80328860203454200, 25.19999999999998900 ) ) ;
#3261 = EDGE_LOOP ( 'NONE', ( #3347, #3055, #2567 ) ) ;
#3262 = DIRECTION ( 'NONE',  ( 1.000000000000000000, 0.0000000000000000000, 0.0000000000000000000 ) ) ;
#3263 = CARTESIAN_POINT ( 'NONE',  ( 59.46011074386657200, -12.12819483495339400, 32.82108924277492400 ) ) ;
#3264 = CARTESIAN_POINT ( 'NONE',  ( -68.47157563043525400, 9.748205488212081000, 17.93018952829688200 ) ) ;
#3265 =( NAMED_UNIT ( * ) PLANE_ANGLE_UNIT ( ) SI_UNIT ( $, .RADIAN. ) );
#3266 = EDGE_CURVE ( 'NONE', #3109, #605, #1621, .T. ) ;
#3267 = EDGE_LOOP ( 'NONE', ( #3138, #620, #1590, #2509 ) ) ;
#3268 = DIRECTION ( 'NONE',  ( 1.000000000000000000, 0.0000000000000000000, 0.0000000000000000000 ) ) ;
#3269 = LINE ( 'NONE', #4038, #4689 ) ;
#3270 = AXIS2_PLACEMENT_3D ( 'NONE', #4160, #4131, #4520 ) ;
#3271 = ORIENTED_EDGE ( 'NONE', *, *, #2319, .F. ) ;
#3272 = CARTESIAN_POINT ( 'NONE',  ( -52.74659138753580800, 8.868030393956761500, 38.33139916518547400 ) ) ;
#3273 = CARTESIAN_POINT ( 'NONE',  ( -68.89533659311342700, -9.009001132884867100, 12.47031919356957100 ) ) ;
#3274 = DIRECTION ( 'NONE',  ( -0.3089746283387322900, 0.0000000000000000000, 0.9510702808115404400 ) ) ;
#3275 = CARTESIAN_POINT ( 'NONE',  ( -67.47197922812884500, 12.50000000000000200, 7.020184732830442100 ) ) ;
#3276 = ORIENTED_EDGE ( 'NONE', *, *, #2143, .F. ) ;
#3277 = CARTESIAN_POINT ( 'NONE',  ( 53.50000000000000000, 9.000000000000007100, 37.20630521974641900 ) ) ;
#3278 = EDGE_LOOP ( 'NONE', ( #1203, #2173, #2223, #2770 ) ) ;
#3279 = AXIS2_PLACEMENT_3D ( 'NONE', #4142, #103, #2357 ) ;
#3280 = CARTESIAN_POINT ( 'NONE',  ( -50.88649051960005900, 12.16207808497166100, 30.92362724158831400 ) ) ;
#3281 = AXIS2_PLACEMENT_3D ( 'NONE', #2897, #2863, #3294 ) ;
#3282 = CARTESIAN_POINT ( 'NONE',  ( -50.57433509642778800, 11.12170758637140500, 8.258719125909317800 ) ) ;
#3283 = ORIENTED_EDGE ( 'NONE', *, *, #4, .F. ) ;
#3284 = DIRECTION ( 'NONE',  ( 0.0000000000000000000, 0.0000000000000000000, 1.000000000000000000 ) ) ;
#3285 = DIRECTION ( 'NONE',  ( 0.0000000000000000000, 0.0000000000000000000, -1.000000000000000000 ) ) ;
#3286 = CARTESIAN_POINT ( 'NONE',  ( 57.79631780232619300, -11.11209940494477000, 34.44946861984970400 ) ) ;
#3287 = CARTESIAN_POINT ( 'NONE',  ( -64.25000000000000000, 0.0000000000000000000, 0.0000000000000000000 ) ) ;
#3288 = VERTEX_POINT ( 'NONE', #3775 ) ;
#3289 = ADVANCED_FACE ( 'NONE', ( #4555 ), #3646, .T. ) ;
#3290 = PERSON_AND_ORGANIZATION_ROLE ( 'classification_officer' ) ;
#3291 = CARTESIAN_POINT ( 'NONE',  ( -52.57300257471359100, 8.776643843925828700, 37.99972170303370000 ) ) ;
#3292 = CARTESIAN_POINT ( 'NONE',  ( -51.69922364841905700, 12.50000000000000000, 2.011060288595691400 ) ) ;
#3293 = ORIENTED_EDGE ( 'NONE', *, *, #4066, .F. ) ;
#3294 = DIRECTION ( 'NONE',  ( -1.000000000000000000, 3.552713678800500900E-015, 0.0000000000000000000 ) ) ;
#3295 = CARTESIAN_POINT ( 'NONE',  ( 52.05996953647303400, 8.394069942203513400, 38.41316500930067000 ) ) ;
#3296 = DIRECTION ( 'NONE',  ( 0.0000000000000000000, 0.0000000000000000000, -1.000000000000000000 ) ) ;
#3297 = CARTESIAN_POINT ( 'NONE',  ( -54.19290126149604000, -11.06059952700434400, 37.40741032717197400 ) ) ;
#3298 = VERTEX_POINT ( 'NONE', #3462 ) ;
#3299 = CARTESIAN_POINT ( 'NONE',  ( -46.69725306095798300, 12.08799470631255300, 35.07229644649803600 ) ) ;
#3300 = DIRECTION ( 'NONE',  ( 0.0000000000000000000, -0.9998405993454446700, 0.01785429641688526500 ) ) ;
#3301 = EDGE_CURVE ( 'NONE', #1241, #3737, #4609, .T. ) ;
#3302 = AXIS2_PLACEMENT_3D ( 'NONE', #1843, #725, #3007 ) ;
#3303 = ORIENTED_EDGE ( 'NONE', *, *, #3258, .F. ) ;
#3304 = CARTESIAN_POINT ( 'NONE',  ( 68.47679864811668400, 10.13749134748681200, 17.92809427188593600 ) ) ;
#3305 = B_SPLINE_CURVE_WITH_KNOTS ( 'NONE', 3,
 ( #4718, #3414, #3683, #1557 ),
 .UNSPECIFIED., .F., .F.,
 ( 4, 4 ),
 ( 4.906538933386797400E-018, 0.001924801837801708900 ),
 .UNSPECIFIED. ) ;
#3306 = CARTESIAN_POINT ( 'NONE',  ( 50.48410110073059800, 10.80328860203454900, 25.19999999999998900 ) ) ;
#3307 = AXIS2_PLACEMENT_3D ( 'NONE', #4009, #2882, #249 ) ;
#3308 = CARTESIAN_POINT ( 'NONE',  ( -68.93978954269491100, -8.739116304891066300, 12.00000000000000200 ) ) ;
#3309 = CARTESIAN_POINT ( 'NONE',  ( 68.18259539854724900, 9.500000000000008900, 17.21544018115933400 ) ) ;
#3310 = CIRCLE ( 'NONE', #670, 2.000000000000001800 ) ;
#3311 = ADVANCED_FACE ( 'NONE', ( #1443 ), #129, .T. ) ;
#3312 = DIRECTION ( 'NONE',  ( -1.000000000000000000, 0.0000000000000000000, 6.123233995736766000E-017 ) ) ;
#3313 = CARTESIAN_POINT ( 'NONE',  ( 67.12921572777868600, 11.37997275191315400, 18.71259803310266500 ) ) ;
#3314 = CARTESIAN_POINT ( 'NONE',  ( -68.52406277440448400, -10.28131329987184400, 12.50000000000000000 ) ) ;
#3315 = CIRCLE ( 'NONE', #467, 1.000000000000000900 ) ;
#3316 = AXIS2_PLACEMENT_3D ( 'NONE', #2676, #4477, #3387 ) ;
#3317 = CIRCLE ( 'NONE', #4402, 2.000000000000001800 ) ;
#3318 = DIRECTION ( 'NONE',  ( -1.000000000000000000, -1.272857920698121500E-016, 0.0000000000000000000 ) ) ;
#3319 = CARTESIAN_POINT ( 'NONE',  ( -68.55916748342572500, 9.891583000913387400, 17.67076049093052200 ) ) ;
#3320 = CIRCLE ( 'NONE', #4493, 1.000000000000000900 ) ;
#3321 =( BOUNDED_SURFACE ( )  B_SPLINE_SURFACE ( 3, 2, ( 
 ( #4227, #2051, #2507 ),
 ( #256, #4695, #320 ),
 ( #2903, #4017, #289 ),
 ( #4746, #1358, #3286 ),
 ( #675, #3263, #1390 ),
 ( #4729, #1373, #4676 ),
 ( #2854, #271, #1854 ),
 ( #378, #35, #3358 ),
 ( #1076, #2985, #3331 ),
 ( #1496, #357, #3714 ) ),
 .UNSPECIFIED., .F., .F., .T. ) 
 B_SPLINE_SURFACE_WITH_KNOTS ( ( 4, 2, 2, 2, 4 ),
 ( 3, 3 ),
 ( 3.654107010396395500, 3.828931149371440900, 4.003755288346486200, 4.178579427321531100, 4.353403566296576000 ),
 ( 0.0000000000000000000, 1.000000000000000000 ),
 .UNSPECIFIED. ) 
 GEOMETRIC_REPRESENTATION_ITEM ( )  RATIONAL_B_SPLINE_SURFACE ( (
 ( 1.000000000000000000, 0.7125869331581481400, 1.000000000000000000),
 ( 1.000000000000000000, 0.7124079598124114500, 1.000000000000000000),
 ( 1.000000000000000000, 0.7122009937566964300, 1.000000000000000000),
 ( 1.000000000000000000, 0.7117373854911703800, 1.000000000000000000),
 ( 1.000000000000000000, 0.7114807247687159300, 1.000000000000000000),
 ( 1.000000000000000000, 0.7109253513369550000, 1.000000000000000000),
 ( 1.000000000000000000, 0.7106266465233869200, 1.000000000000000000),
 ( 1.000000000000000000, 0.7099961478442914400, 1.000000000000000000),
 ( 1.000000000000000000, 0.7096643770008078700, 1.000000000000000000),
 ( 1.000000000000000000, 0.7093210316351631400, 1.000000000000000000) ) ) 
 REPRESENTATION_ITEM ( '' )  SURFACE ( )  );
#3322 = CIRCLE ( 'NONE', #1876, 0.9999999999999994400 ) ;
#3323 = CARTESIAN_POINT ( 'NONE',  ( -43.57943824634335100, -12.06606584225160200, 36.30031283390937300 ) ) ;
#3324 = DIRECTION ( 'NONE',  ( -3.854941057726238100E-016, -1.000000000000000000, 0.0000000000000000000 ) ) ;
#3325 = CARTESIAN_POINT ( 'NONE',  ( -68.08306702086790100, -9.041860159859426800, 19.01767708560863200 ) ) ;
#3326 = CARTESIAN_POINT ( 'NONE',  ( 50.61988474604488200, 11.27693392223158500, 0.0000000000000000000 ) ) ;
#3327 = EDGE_LOOP ( 'NONE', ( #3748, #1691, #1424, #1801 ) ) ;
#3328 = EDGE_CURVE ( 'NONE', #2138, #2805, #2410, .T. ) ;
#3329 = CARTESIAN_POINT ( 'NONE',  ( 51.58434122903754800, -7.593414480722708900, 38.78086778630112300 ) ) ;
#3330 = CARTESIAN_POINT ( 'NONE',  ( -68.52406277440448400, 10.28131329987186500, 17.49140620790021200 ) ) ;
#3331 = CARTESIAN_POINT ( 'NONE',  ( 67.24653024795219400, -11.34197539426447700, 21.24633487443421800 ) ) ;
#3332 = ORIENTED_EDGE ( 'NONE', *, *, #1334, .F. ) ;
#3333 = EDGE_LOOP ( 'NONE', ( #883, #3156, #4745, #3701 ) ) ;
#3334 = B_SPLINE_CURVE_WITH_KNOTS ( 'NONE', 3,
 ( #137, #859, #2730, #3107, #1210, #2029, #3855, #2013, #2693, #887 ),
 .UNSPECIFIED., .F., .F.,
 ( 4, 2, 2, 2, 4 ),
 ( 1.734723475976806900E-018, 0.0004067595331484038200, 0.0008135190662968059000, 0.001220278599445207900, 0.001627038132593610100 ),
 .UNSPECIFIED. ) ;
#3335 = CARTESIAN_POINT ( 'NONE',  ( 67.89570272679782200, -12.22383704525181100, -1.786385027991466300E-016 ) ) ;
#3336 = VECTOR ( 'NONE', #638, 1000.000000000000000 ) ;
#3337 = EDGE_LOOP ( 'NONE', ( #1196, #46, #552, #3495 ) ) ;
#3338 = CARTESIAN_POINT ( 'NONE',  ( -50.67012087373985500, -12.15630385954655200, 31.24698386539281000 ) ) ;
#3339 = CARTESIAN_POINT ( 'NONE',  ( -60.00000000000000000, 0.0000000000000000000, 0.0000000000000000000 ) ) ;
#3340 = VERTEX_POINT ( 'NONE', #1958 ) ;
#3341 = CARTESIAN_POINT ( 'NONE',  ( -49.19580147249315900, -10.69641587470419700, 29.92321539047807700 ) ) ;
#3342 = CARTESIAN_POINT ( 'NONE',  ( 68.07658807808199700, 11.70010652064240000, 18.71259803310266500 ) ) ;
#3343 = DIRECTION ( 'NONE',  ( 0.0000000000000000000, 0.0000000000000000000, -1.000000000000000000 ) ) ;
#3344 = EDGE_LOOP ( 'NONE', ( #3031, #1402, #2794, #18 ) ) ;
#3345 = CARTESIAN_POINT ( 'NONE',  ( 46.04247538565579100, 12.08139473727713000, 35.44189471248188300 ) ) ;
#3346 = AXIS2_PLACEMENT_3D ( 'NONE', #2807, #4341, #4680 ) ;
#3347 = ORIENTED_EDGE ( 'NONE', *, *, #3378, .F. ) ;
#3348 = DIRECTION ( 'NONE',  ( -1.000000000000000000, -0.0000000000000000000, -0.0000000000000000000 ) ) ;
#3349 = DIRECTION ( 'NONE',  ( -1.000000000000000000, 0.0000000000000000000, -8.462065736472229800E-017 ) ) ;
#3350 = VERTEX_POINT ( 'NONE', #940 ) ;
#3351 = EDGE_CURVE ( 'NONE', #1461, #1030, #1922, .T. ) ;
#3352 = CARTESIAN_POINT ( 'NONE',  ( -68.39349898077722400, -9.437087447753661700, 17.82543096955894400 ) ) ;
#3353 = CARTESIAN_POINT ( 'NONE',  ( 50.83767776146026300, 11.77413020112457400, -0.0000000000000000000 ) ) ;
#3354 = CARTESIAN_POINT ( 'NONE',  ( 68.48352008316254600, -8.499999999999989300, 12.00000000000000000 ) ) ;
#3355 = CARTESIAN_POINT ( 'NONE',  ( 52.60276507945081900, -8.791675811444260800, 37.97518258277776900 ) ) ;
#3356 = CARTESIAN_POINT ( 'NONE',  ( 68.76441528903635000, 9.423269224128690200, 11.87873643140914700 ) ) ;
#3357 = EDGE_CURVE ( 'NONE', #457, #2081, #60, .T. ) ;
#3358 = CARTESIAN_POINT ( 'NONE',  ( 66.23636323013052200, -11.30522867474666700, 23.35691568749306400 ) ) ;
#3359 = FACE_OUTER_BOUND ( 'NONE', #2656, .T. ) ;
#3360 = CARTESIAN_POINT ( 'NONE',  ( -51.50000000000000000, 9.000000000000007100, 12.50000000000000000 ) ) ;
#3361 = CARTESIAN_POINT ( 'NONE',  ( -68.55416431069579600, -9.856964201133488100, 17.58861678794829000 ) ) ;
#3362 = VECTOR ( 'NONE', #2335, 1000.000000000000000 ) ;
#3363 = AXIS2_PLACEMENT_3D ( 'NONE', #264, #4317, #999 ) ;
#3364 = CARTESIAN_POINT ( 'NONE',  ( 50.23012300804801800, 11.01769771678998600, 39.87151429841591700 ) ) ;
#3365 = CARTESIAN_POINT ( 'NONE',  ( -50.04380007982550200, -12.13971070305473000, 32.17620062893480800 ) ) ;
#3366 = CARTESIAN_POINT ( 'NONE',  ( 45.18636405844144100, 10.61145874921576700, 33.67342594510789400 ) ) ;
#3367 = CARTESIAN_POINT ( 'NONE',  ( -68.26134073355626700, -9.551237221846619700, 18.53107525786600400 ) ) ;
#3368 = VECTOR ( 'NONE', #3543, 1000.000000000000000 ) ;
#3369 = CARTESIAN_POINT ( 'NONE',  ( -33.45244499796046300, 0.0000000000000000000, 40.00000000000000000 ) ) ;
#3370 = CIRCLE ( 'NONE', #1584, 4.250000000000003600 ) ;
#3371 = CARTESIAN_POINT ( 'NONE',  ( 68.42233208287790100, -8.626087143075592300, 12.00000000000000200 ) ) ;
#3372 = FACE_OUTER_BOUND ( 'NONE', #3337, .T. ) ;
#3373 =( BOUNDED_CURVE ( )  B_SPLINE_CURVE ( 3, ( #2179, #4749, #342, #3681 ),
 .UNSPECIFIED., .F., .T. ) 
 B_SPLINE_CURVE_WITH_KNOTS ( ( 4, 4 ),
 ( 5.038259664051041800, 5.041830655575590300 ),
 .UNSPECIFIED. ) 
 CURVE ( )  GEOMETRIC_REPRESENTATION_ITEM ( )  RATIONAL_B_SPLINE_CURVE ( ( 1.000000000000000000, 0.9999989373352431400, 0.9999989373352431400, 1.000000000000000000 ) ) 
 REPRESENTATION_ITEM ( '' )  );
#3374 = CARTESIAN_POINT ( 'NONE',  ( -49.73975291550908700, -11.01769771678995200, 40.00000000000000000 ) ) ;
#3375 = VERTEX_POINT ( 'NONE', #3413 ) ;
#3376 = CARTESIAN_POINT ( 'NONE',  ( 67.12921572777867100, -12.37981335125859400, 18.73045232951956200 ) ) ;
#3377 = CARTESIAN_POINT ( 'NONE',  ( -44.03346197706948600, -10.60106226187668800, 34.13207692379150200 ) ) ;
#3378 = EDGE_CURVE ( 'NONE', #1931, #1471, #4274, .T. ) ;
#3379 = AXIS2_PLACEMENT_3D ( 'NONE', #2312, #1508, #439 ) ;
#3380 = CARTESIAN_POINT ( 'NONE',  ( 50.53765424673612500, 12.21801878821996300, 27.79094785967376400 ) ) ;
#3381 = ORIENTED_EDGE ( 'NONE', *, *, #2915, .F. ) ;
#3382 = APPROVAL_DATE_TIME ( #1936, #2814 ) ;
#3383 = ORIENTED_EDGE ( 'NONE', *, *, #3169, .T. ) ;
#3384 = CARTESIAN_POINT ( 'NONE',  ( -51.85903213595487700, -8.626048535337913500, 38.90370312231583900 ) ) ;
#3385 = CARTESIAN_POINT ( 'NONE',  ( 51.86376597363075500, -8.163359183058775100, 38.90160754882015200 ) ) ;
#3386 = EDGE_CURVE ( 'NONE', #4766, #2020, #2845, .T. ) ;
#3387 = DIRECTION ( 'NONE',  ( -1.000000000000000000, 2.891205793294675900E-015, 0.0000000000000000000 ) ) ;
#3388 = CARTESIAN_POINT ( 'NONE',  ( 51.51787532701746400, -7.305075488118434100, 38.83113890386199100 ) ) ;
#3389 = ORIENTED_EDGE ( 'NONE', *, *, #4533, .F. ) ;
#3390 = CARTESIAN_POINT ( 'NONE',  ( 68.45248770263839300, 8.563946920137182100, 12.00000000000000000 ) ) ;
#3391 = ORIENTED_EDGE ( 'NONE', *, *, #4560, .F. ) ;
#3392 = CARTESIAN_POINT ( 'NONE',  ( -68.24350711933522000, 11.20614274715437600, 18.27994234433020200 ) ) ;
#3393 = ORIENTED_EDGE ( 'NONE', *, *, #3570, .F. ) ;
#3394 = CARTESIAN_POINT ( 'NONE',  ( -51.25803393282922800, 7.000000000000005300, 39.27285026042955700 ) ) ;
#3395 = AXIS2_PLACEMENT_3D ( 'NONE', #778, #1510, #1148 ) ;
#3396 = AXIS2_PLACEMENT_3D ( 'NONE', #4442, #2996, #4075 ) ;
#3397 = CARTESIAN_POINT ( 'NONE',  ( -43.53951515086865200, -12.09446975790978800, 34.70969355706037600 ) ) ;
#3398 = EDGE_LOOP ( 'NONE', ( #1720, #2087, #2749, #1514 ) ) ;
#3399 = CARTESIAN_POINT ( 'NONE',  ( 67.36848187538497300, -12.50000000000001800, 9.525893389270420300 ) ) ;
#3400 = CARTESIAN_POINT ( 'NONE',  ( 50.14912867777136500, 10.74768475975584700, 27.65818509373460900 ) ) ;
#3401 = CARTESIAN_POINT ( 'NONE',  ( 68.87452535226920200, -8.499999999999989300, 12.00000000000000000 ) ) ;
#3402 = AXIS2_PLACEMENT_3D ( 'NONE', #1147, #4194, #518 ) ;
#3403 = EDGE_LOOP ( 'NONE', ( #1469, #2505, #3613, #4205 ) ) ;
#3404 = DIRECTION ( 'NONE',  ( -0.0000000000000000000, -0.0000000000000000000, -1.000000000000000000 ) ) ;
#3405 = DIRECTION ( 'NONE',  ( 1.000000000000000000, 0.0000000000000000000, 0.0000000000000000000 ) ) ;
#3406 = ORIENTED_EDGE ( 'NONE', *, *, #1239, .F. ) ;
#3407 = CARTESIAN_POINT ( 'NONE',  ( 68.88057930991053000, -8.999999999999991100, 12.49999999999999800 ) ) ;
#3408 = AXIS2_PLACEMENT_3D ( 'NONE', #2224, #2965, #66 ) ;
#3409 = CARTESIAN_POINT ( 'NONE',  ( -52.25408825099079700, 12.02262004175407600, 38.73327766204885600 ) ) ;
#3410 = CARTESIAN_POINT ( 'NONE',  ( 50.23012300804803900, 11.01769771678998600, 39.87151429841590300 ) ) ;
#3411 = VERTEX_POINT ( 'NONE', #1654 ) ;
#3412 = CARTESIAN_POINT ( 'NONE',  ( -41.64870354781919600, -12.08864711683832200, 35.03576145725149600 ) ) ;
#3413 = CARTESIAN_POINT ( 'NONE',  ( -52.00000000000000000, 7.000000000000005300, 12.00000000000000000 ) ) ;
#3414 = CARTESIAN_POINT ( 'NONE',  ( -68.23465825995340600, -11.23232919022569100, 18.30287866953442600 ) ) ;
#3415 = EDGE_CURVE ( 'NONE', #3554, #936, #2444, .T. ) ;
#3416 = AXIS2_PLACEMENT_3D ( 'NONE', #614, #3904, #1332 ) ;
#3417 = VERTEX_POINT ( 'NONE', #4228 ) ;
#3418 = CARTESIAN_POINT ( 'NONE',  ( -51.27825876526215200, -7.362938980285625800, 39.26068730114170100 ) ) ;
#3419 = DIRECTION ( 'NONE',  ( 1.000000000000000000, 0.0000000000000000000, -0.0000000000000000000 ) ) ;
#3420 = SPHERICAL_SURFACE ( 'NONE', #4043, 1.000000000000000000 ) ;
#3421 = EDGE_CURVE ( 'NONE', #2914, #973, #3370, .T. ) ;
#3422 = AXIS2_PLACEMENT_3D ( 'NONE', #172, #3475, #882 ) ;
#3423 = CARTESIAN_POINT ( 'NONE',  ( -68.53328006245722300, 9.928482100566730800, 17.74782785663396500 ) ) ;
#3424 = CARTESIAN_POINT ( 'NONE',  ( 51.65564653196433700, -8.355467553756064100, 39.03033266760009200 ) ) ;
#3425 = CYLINDRICAL_SURFACE ( 'NONE', #4114, 36.54755500203954500 ) ;
#3426 = CARTESIAN_POINT ( 'NONE',  ( -50.22260962504768100, 12.00221889621877300, 39.87574181174971200 ) ) ;
#3427 = FACE_OUTER_BOUND ( 'NONE', #2012, .T. ) ;
#3428 = CARTESIAN_POINT ( 'NONE',  ( 57.78806209208400400, 12.09898056742971700, 34.45708822384226300 ) ) ;
#3429 = CARTESIAN_POINT ( 'NONE',  ( -43.93969370472952100, -12.06766708715440800, 36.21064311935254700 ) ) ;
#3430 = CIRCLE ( 'NONE', #2452, 2.000000000000001800 ) ;
#3431 = CARTESIAN_POINT ( 'NONE',  ( 49.48865592117451200, 10.70867503208963200, 29.38174273713131500 ) ) ;
#3432 = AXIS2_PLACEMENT_3D ( 'NONE', #1683, #1702, #3555 ) ;
#3433 = CARTESIAN_POINT ( 'NONE',  ( 89.06250000000009900, -4.336808689942017700E-015, -0.0000000000000000000 ) ) ;
#3434 = CIRCLE ( 'NONE', #2477, 1.999999999999998700 ) ;
#3435 = CARTESIAN_POINT ( 'NONE',  ( 53.50000000000000700, -8.999999999999992900, 37.20630521974641900 ) ) ;
#3436 = FACE_OUTER_BOUND ( 'NONE', #1816, .T. ) ;
#3437 = CARTESIAN_POINT ( 'NONE',  ( 48.50967449007241300, -10.67335509859246300, 30.94155897936672200 ) ) ;
#3438 = CARTESIAN_POINT ( 'NONE',  ( -47.24925149282383100, 10.64255197107225600, 32.30136856640763200 ) ) ;
#3439 = EDGE_LOOP ( 'NONE', ( #4592, #2976, #4751, #1319, #3780, #2403, #4068, #302, #4311, #4635 ) ) ;
#3440 = CARTESIAN_POINT ( 'NONE',  ( -68.03753866803259600, -11.81566549938832900, 12.41836049271170800 ) ) ;
#3441 = CARTESIAN_POINT ( 'NONE',  ( -68.53931511383585500, -10.22916367342125800, 12.10037233750457000 ) ) ;
#3442 = CARTESIAN_POINT ( 'NONE',  ( -67.08836330536755100, -12.50000000000002700, 12.00000000000000700 ) ) ;
#3443 = CARTESIAN_POINT ( 'NONE',  ( 50.15442549366254400, -10.74811937774480700, 27.63897786005720300 ) ) ;
#3444 = EDGE_CURVE ( 'NONE', #1461, #3755, #876, .T. ) ;
#3445 = ORIENTED_EDGE ( 'NONE', *, *, #2236, .F. ) ;
#3446 = EDGE_LOOP ( 'NONE', ( #4530, #3733, #3097 ) ) ;
#3447 = CARTESIAN_POINT ( 'NONE',  ( -67.08836330536755100, -12.50000000000002700, 12.00000000000000700 ) ) ;
#3448 = B_SPLINE_CURVE_WITH_KNOTS ( 'NONE', 3,
 ( #1248, #4558, #2737, #523, #3112, #3668, #281, #4380, #1062, #2137 ),
 .UNSPECIFIED., .F., .F.,
 ( 4, 2, 2, 2, 4 ),
 ( 0.0000000000000000000, 0.0004067587787267358800, 0.0008135175574534717700, 0.001220276336180207500, 0.001627035114906943500 ),
 .UNSPECIFIED. ) ;
#3449 = CARTESIAN_POINT ( 'NONE',  ( -68.47120637350387500, 9.747576090811470800, 17.93127225944071800 ) ) ;
#3450 = ORIENTED_EDGE ( 'NONE', *, *, #3729, .T. ) ;
#3451 = CARTESIAN_POINT ( 'NONE',  ( 50.61988474604488900, -11.27693392223161300, 0.0000000000000000000 ) ) ;
#3452 = EDGE_CURVE ( 'NONE', #4631, #2217, #1501, .T. ) ;
#3453 = DIRECTION ( 'NONE',  ( 1.279371724516979300E-016, -1.000000000000000000, 0.0000000000000000000 ) ) ;
#3454 = CARTESIAN_POINT ( 'NONE',  ( -43.96079695699960900, 12.06776874106564400, 36.20495050032483400 ) ) ;
#3455 = ORIENTED_EDGE ( 'NONE', *, *, #4091, .F. ) ;
#3456 = CARTESIAN_POINT ( 'NONE',  ( -68.56108040955479100, 9.904819243249276500, 17.57832210620580000 ) ) ;
#3457 = CARTESIAN_POINT ( 'NONE',  ( -59.46011074384902200, 12.12819483495567700, 32.82108924278622900 ) ) ;
#3458 = AXIS2_PLACEMENT_3D ( 'NONE', #3178, #3571, #959 ) ;
#3459 = ORIENTED_EDGE ( 'NONE', *, *, #466, .T. ) ;
#3460 = CARTESIAN_POINT ( 'NONE',  ( 48.12487594093745000, -10.66227654765127000, 31.43069460083386300 ) ) ;
#3461 = CARTESIAN_POINT ( 'NONE',  ( 68.21071151801221800, -8.999999999999991100, 17.12889454543855900 ) ) ;
#3462 = CARTESIAN_POINT ( 'NONE',  ( 68.06546948217065600, -11.37997275191315100, 19.06392253749558900 ) ) ;
#3463 = ORIENTED_EDGE ( 'NONE', *, *, #4624, .T. ) ;
#3464 = CARTESIAN_POINT ( 'NONE',  ( -68.89528414209149800, 9.009094595255868800, 12.47005614515093800 ) ) ;
#3465 =( BOUNDED_CURVE ( )  B_SPLINE_CURVE ( 3, ( #2877, #2146, #3250, #3222 ),
 .UNSPECIFIED., .F., .T. ) 
 B_SPLINE_CURVE_WITH_KNOTS ( ( 4, 4 ),
 ( 1.241354651603995300, 1.244925643128544700 ),
 .UNSPECIFIED. ) 
 CURVE ( )  GEOMETRIC_REPRESENTATION_ITEM ( )  RATIONAL_B_SPLINE_CURVE ( ( 1.000000000000000000, 0.9999989373352431400, 0.9999989373352431400, 1.000000000000000000 ) ) 
 REPRESENTATION_ITEM ( '' )  );
#3466 = CARTESIAN_POINT ( 'NONE',  ( -67.78286316167927300, 12.38195505676105200, 0.0000000000000000000 ) ) ;
#3467 = CARTESIAN_POINT ( 'NONE',  ( -68.57491523116034700, 10.00054748312774900, 17.55772882644109600 ) ) ;
#3468 = CARTESIAN_POINT ( 'NONE',  ( 50.48410110073059100, -10.80328860203452700, 25.19999999999998900 ) ) ;
#3469 = ORIENTED_EDGE ( 'NONE', *, *, #3328, .F. ) ;
#3470 = CARTESIAN_POINT ( 'NONE',  ( -44.04845697955848000, 10.60117816370231700, 34.12696405966124000 ) ) ;
#3471 = ORIENTED_EDGE ( 'NONE', *, *, #3814, .T. ) ;
#3472 = CARTESIAN_POINT ( 'NONE',  ( 68.23309990927772600, -8.986429712540720900, 12.36686475061378900 ) ) ;
#3473 = CARTESIAN_POINT ( 'NONE',  ( 67.59999999999999400, 1.469576158976823700E-014, 4.500000000000000900 ) ) ;
#3474 = CARTESIAN_POINT ( 'NONE',  ( 48.52512703435166900, -10.67325594669323200, 30.94596531719999900 ) ) ;
#3475 = DIRECTION ( 'NONE',  ( -0.0000000000000000000, 1.000000000000000000, -0.0000000000000000000 ) ) ;
#3476 = EDGE_CURVE ( 'NONE', #1825, #2535, #1561, .T. ) ;
#3477 = CARTESIAN_POINT ( 'NONE',  ( 50.48410110073058400, -10.80328860203452900, 25.20000000000049000 ) ) ;
#3478 = CARTESIAN_POINT ( 'NONE',  ( 50.23855615750600400, -12.20185068783192000, 28.69636148141004400 ) ) ;
#3479 = CARTESIAN_POINT ( 'NONE',  ( -48.40777527028362200, 12.14807148321222400, 31.70799694013868800 ) ) ;
#3480 = CYLINDRICAL_SURFACE ( 'NONE', #1231, 2.000000000000001800 ) ;
#3481 = EDGE_CURVE ( 'NONE', #3728, #2081, #3632, .T. ) ;
#3482 = AXIS2_PLACEMENT_3D ( 'NONE', #395, #3349, #1125 ) ;
#3483 = FACE_OUTER_BOUND ( 'NONE', #1751, .T. ) ;
#3484 = DIRECTION ( 'NONE',  ( 0.0000000000000000000, 0.0000000000000000000, 1.000000000000000000 ) ) ;
#3485 = FACE_OUTER_BOUND ( 'NONE', #1256, .T. ) ;
#3486 = CARTESIAN_POINT ( 'NONE',  ( 67.18848456272620200, 12.50000000000001600, 11.71132655029829700 ) ) ;
#3487 = AXIS2_PLACEMENT_3D ( 'NONE', #667, #1131, #775 ) ;
#3488 = CARTESIAN_POINT ( 'NONE',  ( 68.22565626216852800, 9.000000000000007100, 17.03994770087789900 ) ) ;
#3489 = AXIS2_PLACEMENT_3D ( 'NONE', #4275, #4639, #3111 ) ;
#3490 = ORIENTED_EDGE ( 'NONE', *, *, #3161, .F. ) ;
#3491 = CARTESIAN_POINT ( 'NONE',  ( -68.89968227177745100, 9.000000001695458000, 12.48588946331886100 ) ) ;
#3492 = CARTESIAN_POINT ( 'NONE',  ( 52.01660159854763800, -12.21119565705785300, 28.17304320476004200 ) ) ;
#3493 = CARTESIAN_POINT ( 'NONE',  ( 68.74406092657409300, 9.498872801729604000, 11.98753874279604000 ) ) ;
#3494 = CARTESIAN_POINT ( 'NONE',  ( -67.63193583470753400, 8.922427302755746600, 12.22344414955173500 ) ) ;
#3495 = ORIENTED_EDGE ( 'NONE', *, *, #3894, .T. ) ;
#3496 = ADVANCED_FACE ( 'NONE', ( #2370 ), #2615, .T. ) ;
#3497 = CARTESIAN_POINT ( 'NONE',  ( -68.74444698715822700, -9.499155958005987400, 11.18085699324750200 ) ) ;
#3498 = LINE ( 'NONE', #2463, #2508 ) ;
#3499 = CARTESIAN_POINT ( 'NONE',  ( 50.48410110073058400, -10.80328860203453100, 25.19999999999998900 ) ) ;
#3500 = ORIENTED_EDGE ( 'NONE', *, *, #2978, .T. ) ;
#3501 = ORIENTED_EDGE ( 'NONE', *, *, #1146, .T. ) ;
#3502 = CARTESIAN_POINT ( 'NONE',  ( -60.00000000000000000, 0.0000000000000000000, 4.500000000000000900 ) ) ;
#3503 = EDGE_CURVE ( 'NONE', #2183, #4782, #2727, .T. ) ;
#3504 = ORIENTED_EDGE ( 'NONE', *, *, #1087, .T. ) ;
#3505 = CARTESIAN_POINT ( 'NONE',  ( -68.38709519458674900, 10.41848335165634700, 18.18302310788028500 ) ) ;
#3506 = CARTESIAN_POINT ( 'NONE',  ( -67.14967470520073800, -12.50000000000003600, 11.89540776345150000 ) ) ;
#3507 = CARTESIAN_POINT ( 'NONE',  ( 43.59690705280853300, -12.06613577812869800, 36.29639642479229200 ) ) ;
#3508 = CARTESIAN_POINT ( 'NONE',  ( 68.96942093112880900, 8.617899813170678800, 11.50000000000000000 ) ) ;
#3509 = ORIENTED_EDGE ( 'NONE', *, *, #3038, .T. ) ;
#3510 = CARTESIAN_POINT ( 'NONE',  ( -50.57365291894764400, 11.11933147870905200, 8.385138430409590200 ) ) ;
#3511 = CARTESIAN_POINT ( 'NONE',  ( -51.85857955904275200, 8.625345247072271300, 38.90398265587389700 ) ) ;
#3512 = ORIENTED_EDGE ( 'NONE', *, *, #2352, .F. ) ;
#3513 = CARTESIAN_POINT ( 'NONE',  ( -50.88649051980458200, 12.16207808496960400, 30.92362724170315500 ) ) ;
#3514 = CARTESIAN_POINT ( 'NONE',  ( -50.62086701465000300, -11.28028189672810600, -0.1781268677516141000 ) ) ;
#3515 = CARTESIAN_POINT ( 'NONE',  ( 49.73975291550910100, 12.50000000000001600, 39.00000000000000000 ) ) ;
#3516 = EDGE_LOOP ( 'NONE', ( #3698, #484, #2084, #2516 ) ) ;
#3517 =( BOUNDED_SURFACE ( )  B_SPLINE_SURFACE ( 3, 2, ( 
 ( #3514, #3912, #2819 ),
 ( #4576, #1663, #2754 ),
 ( #537, #1323, #1677 ),
 ( #2782, #3123, #4257 ) ),
 .UNSPECIFIED., .F., .F., .F. ) 
 B_SPLINE_SURFACE_WITH_KNOTS ( ( 4, 4 ),
 ( 3, 3 ),
 ( 0.4268256008109337400, 0.4300417007265979200 ),
 ( 0.0000000000000000000, 1.000000000000000000 ),
 .UNSPECIFIED. ) 
 GEOMETRIC_REPRESENTATION_ITEM ( )  RATIONAL_B_SPLINE_SURFACE ( (
 ( 1.000000000000000000, 0.8004755514212903400, 1.000000000000000000),
 ( 1.000000000000000000, 0.7992395542141954600, 1.000000000000000000),
 ( 1.000000000000000000, 0.7979973509486836300, 1.000000000000000000),
 ( 1.000000000000000000, 0.7967489836273442500, 1.000000000000000000) ) ) 
 REPRESENTATION_ITEM ( '' )  SURFACE ( )  );
#3518 = CARTESIAN_POINT ( 'NONE',  ( 52.39616088841140900, 12.50000000000001800, 11.91049587572859100 ) ) ;
#3519 = CARTESIAN_POINT ( 'NONE',  ( -60.00000000000000000, 0.0000000000000000000, 40.00000000000000000 ) ) ;
#3520 = DIRECTION ( 'NONE',  ( 0.0000000000000000000, 0.0000000000000000000, 1.000000000000000000 ) ) ;
#3521 = ADVANCED_FACE ( 'NONE', ( #3715 ), #409, .T. ) ;
#3522 = ORIENTED_EDGE ( 'NONE', *, *, #4155, .T. ) ;
#3523 = CARTESIAN_POINT ( 'NONE',  ( 52.40625670583090600, -12.25023863339835000, 25.98663652969270300 ) ) ;
#3524 = CARTESIAN_POINT ( 'NONE',  ( 52.08912504707186000, 8.423496272826080000, 38.39014010023077400 ) ) ;
#3525 = CARTESIAN_POINT ( 'NONE',  ( -67.66737059132390200, 8.881034782851640900, 12.17001886489730100 ) ) ;
#3526 = CARTESIAN_POINT ( 'NONE',  ( 45.18461738820458600, -10.61182115312616500, 33.65743207491559700 ) ) ;
#3527 = CARTESIAN_POINT ( 'NONE',  ( 41.00000000000000700, -4.336808689942017700E-015, 73.26250000000008800 ) ) ;
#3528 = CIRCLE ( 'NONE', #4468, 1.000000000000000200 ) ;
#3529 = CARTESIAN_POINT ( 'NONE',  ( -52.62160632415862000, 9.223513411140647400, 38.41378165490153400 ) ) ;
#3530 = B_SPLINE_CURVE_WITH_KNOTS ( 'NONE', 3,
 ( #646, #1398, #4668, #3275, #2864, #4721, #2846, #1754, #3255, #3225, #1741, #1784, #1029, #3990, #1043, #3637, #1413, #2166, #4737, #4756, #385, #2232 ),
 .UNSPECIFIED., .F., .F.,
 ( 4, 2, 2, 2, 2, 2, 2, 2, 2, 2, 4 ),
 ( 0.0000000000000000000, 0.006018944716533575600, 0.009028417074800362500, 0.01053315325393375600, 0.01128552134350045700, 0.01166170538828380600, 0.01184979741067547700, 0.01194384342187131000, 0.01199086642746922600, 0.01201437793026818300, 0.01203788943306714100 ),
 .UNSPECIFIED. ) ;
#3531 = CARTESIAN_POINT ( 'NONE',  ( -48.51119268702768700, -10.67283893652771600, 30.96437781844562300 ) ) ;
#3532 = CARTESIAN_POINT ( 'NONE',  ( -78.75714233722750600, 9.000000000000008900, 12.00000000000000000 ) ) ;
#3533 = CIRCLE ( 'NONE', #819, 0.9999999999999986700 ) ;
#3534 = CARTESIAN_POINT ( 'NONE',  ( 51.25803393282922800, 7.000000000000005300, 39.27285026042956400 ) ) ;
#3535 = CARTESIAN_POINT ( 'NONE',  ( 52.33902869263173600, 12.50000000000001400, 11.73053747068757200 ) ) ;
#3536 = DIRECTION ( 'NONE',  ( -0.8150724774168810500, 0.0000000000000000000, -0.5793590048989557500 ) ) ;
#3537 = CARTESIAN_POINT ( 'NONE',  ( 67.01368415085961800, 12.71614945260376900, -0.1043693458101131700 ) ) ;
#3538 = CARTESIAN_POINT ( 'NONE',  ( -52.71386997151554300, 8.842815844766384700, 37.88311433997911600 ) ) ;
#3539 = EDGE_CURVE ( 'NONE', #2058, #2381, #2266, .T. ) ;
#3540 = FACE_OUTER_BOUND ( 'NONE', #1012, .T. ) ;
#3541 = CARTESIAN_POINT ( 'NONE',  ( 68.65813053895303100, -9.499999999999991100, 17.36992749532867800 ) ) ;
#3542 = AXIS2_PLACEMENT_3D ( 'NONE', #3734, #2260, #397 ) ;
#3543 = DIRECTION ( 'NONE',  ( 0.0000000000000000000, 0.0000000000000000000, 1.000000000000000000 ) ) ;
#3544 = CARTESIAN_POINT ( 'NONE',  ( -67.95858973541646700, 12.04366024034400300, 0.0000000000000000000 ) ) ;
#3545 = FACE_OUTER_BOUND ( 'NONE', #4135, .T. ) ;
#3546 = CARTESIAN_POINT ( 'NONE',  ( 45.02089999875158800, -12.07385780747130600, 35.86396278160628300 ) ) ;
#3547 = CARTESIAN_POINT ( 'NONE',  ( -50.48410110073059800, -10.80328860203452700, 25.19999999999998900 ) ) ;
#3548 = ADVANCED_FACE ( 'NONE', ( #810 ), #4309, .F. ) ;
#3549 = ORIENTED_EDGE ( 'NONE', *, *, #1415, .T. ) ;
#3550 = AXIS2_PLACEMENT_3D ( 'NONE', #2756, #1680, #909 ) ;
#3551 = CARTESIAN_POINT ( 'NONE',  ( -41.00000000000000700, 10.58988809039670500, 34.62497709178453000 ) ) ;
#3552 = DIRECTION ( 'NONE',  ( 1.000000000000000000, -1.272857920698121200E-016, 0.0000000000000000000 ) ) ;
#3553 = DIRECTION ( 'NONE',  ( -1.000000000000000000, 1.317511500741878900E-016, 0.0000000000000000000 ) ) ;
#3554 = VERTEX_POINT ( 'NONE', #990 ) ;
#3555 = DIRECTION ( 'NONE',  ( 0.0000000000000000000, 0.3952172056821215400, 0.9185876987706812500 ) ) ;
#3556 = CARTESIAN_POINT ( 'NONE',  ( 67.72379463714946700, 12.71622847755402000, -0.1087947430263995500 ) ) ;
#3557 = AXIS2_PLACEMENT_3D ( 'NONE', #285, #2455, #1712 ) ;
#3558 = CARTESIAN_POINT ( 'NONE',  ( 52.00000000000000000, 7.000000000000005300, 12.00000000000000000 ) ) ;
#3559 = CARTESIAN_POINT ( 'NONE',  ( 50.48410110073059800, 10.80328860203454900, 25.19999999999998900 ) ) ;
#3560 = CYLINDRICAL_SURFACE ( 'NONE', #3402, 0.5000000000000004400 ) ;
#3561 = ORIENTED_EDGE ( 'NONE', *, *, #341, .T. ) ;
#3562 = ORIENTED_EDGE ( 'NONE', *, *, #4070, .T. ) ;
#3563 = CARTESIAN_POINT ( 'NONE',  ( 41.75103288128241300, -12.06090092889176700, 36.58954798206038100 ) ) ;
#3564 = CARTESIAN_POINT ( 'NONE',  ( -53.49136721964320200, 9.500000000000003600, 37.82588383763504000 ) ) ;
#3565 = FACE_OUTER_BOUND ( 'NONE', #1871, .T. ) ;
#3566 = ORIENTED_EDGE ( 'NONE', *, *, #804, .F. ) ;
#3567 = CARTESIAN_POINT ( 'NONE',  ( -46.50002196195956800, -10.62959041486694800, 32.87337511103292100 ) ) ;
#3568 = CARTESIAN_POINT ( 'NONE',  ( 68.03782457130452600, -11.81481942539947900, 12.46444424279306400 ) ) ;
#3569 = CARTESIAN_POINT ( 'NONE',  ( 49.73975291550920000, 12.01753831613543100, 39.01785429641682200 ) ) ;
#3570 = EDGE_CURVE ( 'NONE', #4089, #2590, #3254, .T. ) ;
#3571 = DIRECTION ( 'NONE',  ( -0.2435456017296551100, 0.7207248708329974100, 0.6490309703249141900 ) ) ;
#3572 = DIRECTION ( 'NONE',  ( -1.000000000000000000, 0.0000000000000000000, 0.0000000000000000000 ) ) ;
#3573 = VERTEX_POINT ( 'NONE', #4677 ) ;
#3574 = ADVANCED_FACE ( 'NONE', ( #3540 ), #588, .F. ) ;
#3575 = CARTESIAN_POINT ( 'NONE',  ( 68.27925944426535000, -10.76312051488342900, 18.49418814049312200 ) ) ;
#3576 = B_SPLINE_CURVE_WITH_KNOTS ( 'NONE', 3,
 ( #2828, #1673, #2763, #3938, #2062, #549, #2792, #581 ),
 .UNSPECIFIED., .F., .F.,
 ( 4, 2, 2, 4 ),
 ( 1.734723475976807100E-018, 0.0004494880552565777500, 0.0006742320828848751600, 0.0008989761105131725100 ),
 .UNSPECIFIED. ) ;
#3577 = CARTESIAN_POINT ( 'NONE',  ( 68.35127539780707200, -10.87748132720114700, 18.29408311712197500 ) ) ;
#3578 = EDGE_CURVE ( 'NONE', #1697, #2195, #287, .T. ) ;
#3579 = CARTESIAN_POINT ( 'NONE',  ( 47.02055575694298300, -12.09144687599486400, 34.87897494428710100 ) ) ;
#3580 = ORIENTED_EDGE ( 'NONE', *, *, #4119, .T. ) ;
#3581 = AXIS2_PLACEMENT_3D ( 'NONE', #4211, #2758, #3880 ) ;
#3582 = CARTESIAN_POINT ( 'NONE',  ( -48.51297842579413100, -10.67289125655457100, 30.96206775362580300 ) ) ;
#3583 = CARTESIAN_POINT ( 'NONE',  ( -52.41001181021050600, -12.26364806084226100, 25.23570859283376000 ) ) ;
#3584 = EDGE_LOOP ( 'NONE', ( #4519, #4651 ) ) ;
#3585 =( BOUNDED_SURFACE ( )  B_SPLINE_SURFACE ( 3, 2, ( 
 ( #3236, #4647, #579 ),
 ( #225, #3577, #1778 ),
 ( #679, #4024, #2892 ),
 ( #1797, #1024, #1841 ) ),
 .UNSPECIFIED., .F., .F., .F. ) 
 B_SPLINE_SURFACE_WITH_KNOTS ( ( 4, 4 ),
 ( 3, 3 ),
 ( 0.01724838602169516100, 0.01998231682769199100 ),
 ( 0.0000000000000000000, 1.000000000000000000 ),
 .UNSPECIFIED. ) 
 GEOMETRIC_REPRESENTATION_ITEM ( )  RATIONAL_B_SPLINE_SURFACE ( (
 ( 1.000000000000000000, 0.9713343707958200800, 1.000000000000000000),
 ( 1.000000000000000000, 0.9742550614275623500, 1.000000000000000000),
 ( 1.000000000000000000, 0.9769557312521276500, 1.000000000000000000),
 ( 1.000000000000000000, 0.9794177405352746400, 1.000000000000000000) ) ) 
 REPRESENTATION_ITEM ( '' )  SURFACE ( )  );
#3586 = CARTESIAN_POINT ( 'NONE',  ( -49.00000000000000000, 5.694325491420782700E-016, 25.19999999999998500 ) ) ;
#3587 = CARTESIAN_POINT ( 'NONE',  ( 52.21884687475913700, 12.50000000000001400, 11.04919951245660700 ) ) ;
#3588 = DIRECTION ( 'NONE',  ( 1.000000000000000000, 0.0000000000000000000, 0.0000000000000000000 ) ) ;
#3589 = CARTESIAN_POINT ( 'NONE',  ( -51.58434122903752700, 7.593414480722721300, 38.78086778630111600 ) ) ;
#3590 = CARTESIAN_POINT ( 'NONE',  ( 47.24628062509985700, 10.64249317649885300, 32.30396351623545600 ) ) ;
#3591 = VECTOR ( 'NONE', #1534, 1000.000000000000000 ) ;
#3592 = CARTESIAN_POINT ( 'NONE',  ( -52.75984474808085200, 9.288905473316367200, 38.32235799564176700 ) ) ;
#3593 = CARTESIAN_POINT ( 'NONE',  ( -41.00000000000000700, 12.06090092888058300, 36.58954798268833700 ) ) ;
#3594 = DIRECTION ( 'NONE',  ( -1.898821519314985600E-015, 0.0000000000000000000, -1.000000000000000000 ) ) ;
#3595 = CIRCLE ( 'NONE', #1060, 0.5000000000000004400 ) ;
#3596 = EDGE_CURVE ( 'NONE', #4294, #936, #3766, .T. ) ;
#3597 = DIRECTION ( 'NONE',  ( 0.0000000000000000000, -1.000000000000000000, 0.0000000000000000000 ) ) ;
#3598 = FACE_OUTER_BOUND ( 'NONE', #2397, .T. ) ;
#3599 = CARTESIAN_POINT ( 'NONE',  ( 67.95780644424860400, -12.04590420384110400, -0.1222236422256037200 ) ) ;
#3600 = CIRCLE ( 'NONE', #2480, 0.4999999999999960600 ) ;
#3601 = LINE ( 'NONE', #732, #1744 ) ;
#3602 = APPROVAL_ROLE ( '' ) ;
#3603 = EDGE_CURVE ( 'NONE', #3882, #4260, #1271, .T. ) ;
#3604 = B_SPLINE_CURVE_WITH_KNOTS ( 'NONE', 3,
 ( #3743, #4069, #3700, #1138, #1122, #2272, #379, #4424, #2966, #1870, #1516, #4108, #1903, #4465, #755, #51, #2645, #3345, #426, #1919, #3019, #19, #392, #2986, #766 ),
 .UNSPECIFIED., .F., .F.,
 ( 4, 2, 2, 1, 2, 2, 2, 2, 2, 2, 2, 2, 4 ),
 ( 0.0000000000000000000, 0.002239972341001831600, 0.003359958511502749100, 0.004479944682003666700, 0.005599930852504584600, 0.006719917023005501700, 0.008959889364007349000, 0.01007987553450825900, 0.01119986170500916900, 0.01343983404601095800, 0.01455982021651186200, 0.01567980638701276700, 0.01791977872801455600 ),
 .UNSPECIFIED. ) ;
#3605 = PLANE ( 'NONE',  #3618 ) ;
#3606 = ORIENTED_EDGE ( 'NONE', *, *, #435, .T. ) ;
#3607 = CARTESIAN_POINT ( 'NONE',  ( 52.47702185195779400, 12.50000000000001800, 12.00000000000000000 ) ) ;
#3608 = EDGE_CURVE ( 'NONE', #547, #2138, #3189, .T. ) ;
#3609 = CARTESIAN_POINT ( 'NONE',  ( 51.50000000000000000, 7.145773100825401500, 38.84457640808916800 ) ) ;
#3610 = ORIENTED_EDGE ( 'NONE', *, *, #2148, .T. ) ;
#3611 = CYLINDRICAL_SURFACE ( 'NONE', #359, 0.5000000000000004400 ) ;
#3612 = ORIENTED_EDGE ( 'NONE', *, *, #2709, .F. ) ;
#3613 = ORIENTED_EDGE ( 'NONE', *, *, #3351, .F. ) ;
#3614 = DIRECTION ( 'NONE',  ( 0.0000000000000000000, 0.0000000000000000000, 1.000000000000000000 ) ) ;
#3615 = VECTOR ( 'NONE', #3191, 1000.000000000000000 ) ;
#3616 = EDGE_LOOP ( 'NONE', ( #2225, #4630, #4685, #78, #1260 ) ) ;
#3617 = VERTEX_POINT ( 'NONE', #2422 ) ;
#3618 = AXIS2_PLACEMENT_3D ( 'NONE', #4487, #3043, #2197 ) ;
#3619 = CARTESIAN_POINT ( 'NONE',  ( 68.74856176675697800, -8.999999999999991100, 17.24369094558050400 ) ) ;
#3620 = CARTESIAN_POINT ( 'NONE',  ( -52.04940506911195500, 8.390073099919437300, 38.78438195498055300 ) ) ;
#3621 = ORIENTED_EDGE ( 'NONE', *, *, #3106, .T. ) ;
#3622 = CARTESIAN_POINT ( 'NONE',  ( -52.41786620678488600, 12.50000000000000500, 11.95135388568217000 ) ) ;
#3623 = CARTESIAN_POINT ( 'NONE',  ( -68.32191202730344100, 9.334023168709887100, 17.92967252096944000 ) ) ;
#3624 = EDGE_CURVE ( 'NONE', #1539, #889, #4165, .T. ) ;
#3625 = CARTESIAN_POINT ( 'NONE',  ( 53.78967950244947400, 9.000000000000007100, 37.61384145845486400 ) ) ;
#3626 = ORIENTED_EDGE ( 'NONE', *, *, #4560, .T. ) ;
#3627 = DIRECTION ( 'NONE',  ( 0.0000000000000000000, 0.9998405993454446700, 0.01785429641688527800 ) ) ;
#3628 = VERTEX_POINT ( 'NONE', #1009 ) ;
#3629 = EDGE_CURVE ( 'NONE', #1595, #1762, #3317, .T. ) ;
#3630 = CARTESIAN_POINT ( 'NONE',  ( 58.52616399294828400, -11.09896896609387600, 35.20362715890881600 ) ) ;
#3631 =( NAMED_UNIT ( * ) SI_UNIT ( $, .STERADIAN. ) SOLID_ANGLE_UNIT ( ) );
#3632 = B_SPLINE_CURVE_WITH_KNOTS ( 'NONE', 3,
 ( #1236, #3101, #3488, #1251 ),
 .UNSPECIFIED., .F., .F.,
 ( 4, 4 ),
 ( 0.0000000000000000000, 0.0002701684971008948900 ),
 .UNSPECIFIED. ) ;
#3633 = CARTESIAN_POINT ( 'NONE',  ( -78.75714233722750600, -8.499999999999989300, 12.50000000000000000 ) ) ;
#3634 = DIRECTION ( 'NONE',  ( -1.000000000000000000, 0.0000000000000000000, 0.0000000000000000000 ) ) ;
#3635 = CARTESIAN_POINT ( 'NONE',  ( -68.88509862458387500, -9.025058250666777600, 12.40954499742839800 ) ) ;
#3636 = DIRECTION ( 'NONE',  ( 0.4903700925388075300, -3.469446951953618900E-015, -0.8715142984159705000 ) ) ;
#3637 = CARTESIAN_POINT ( 'NONE',  ( -67.13426985625700600, 12.50000000000000000, 11.94076409609856000 ) ) ;
#3638 = VERTEX_POINT ( 'NONE', #272 ) ;
#3639 = CARTESIAN_POINT ( 'NONE',  ( -46.04034428667644400, 12.08173904929324400, 35.42261323957916400 ) ) ;
#3640 = EDGE_LOOP ( 'NONE', ( #1228, #1656, #658, #1187, #1846, #4571, #4303 ) ) ;
#3641 = CARTESIAN_POINT ( 'NONE',  ( -50.41525526480865000, 10.77530234207825500, 26.43749853873955800 ) ) ;
#3642 = CARTESIAN_POINT ( 'NONE',  ( -67.74951079890685400, 9.012846123743413400, 18.72890418683422800 ) ) ;
#3643 = DIRECTION ( 'NONE',  ( 0.0000000000000000000, 1.000000000000000000, 0.0000000000000000000 ) ) ;
#3644 = CARTESIAN_POINT ( 'NONE',  ( -51.78165106344117400, 8.038458144688622300, 38.95293374660845100 ) ) ;
#3645 = CIRCLE ( 'NONE', #591, 1.500000000000001300 ) ;
#3646 = SPHERICAL_SURFACE ( 'NONE', #3270, 1.000000000000000000 ) ;
#3647 = B_SPLINE_CURVE_WITH_KNOTS ( 'NONE', 3,
 ( #2582, #3335, #1109, #4454 ),
 .UNSPECIFIED., .F., .F.,
 ( 4, 4 ),
 ( 3.469446951953614200E-018, 0.0005643833975285024200 ),
 .UNSPECIFIED. ) ;
#3648 = CARTESIAN_POINT ( 'NONE',  ( 51.96685613129231700, 8.742587427058738900, 38.83597795382489400 ) ) ;
#3649 = TOROIDAL_SURFACE ( 'NONE', #4249, 1.500000000000000000, 0.5000000000000000000 ) ;
#3650 = CARTESIAN_POINT ( 'NONE',  ( -53.50000000000000000, 8.500000000000005300, 12.50000000000000000 ) ) ;
#3651 = EDGE_CURVE ( 'NONE', #1137, #781, #347, .T. ) ;
#3652 = LINE ( 'NONE', #704, #1221 ) ;
#3653 = CARTESIAN_POINT ( 'NONE',  ( -43.96079695704938200, 12.06776874106346000, 36.20495050044736700 ) ) ;
#3654 = CARTESIAN_POINT ( 'NONE',  ( -53.50000000000000700, -8.999999999999991100, 37.20630521974640500 ) ) ;
#3655 = EDGE_LOOP ( 'NONE', ( #1758, #263 ) ) ;
#3656 = CARTESIAN_POINT ( 'NONE',  ( -51.99783172974218800, -8.327455245248046400, 38.46198472717824800 ) ) ;
#3657 = CARTESIAN_POINT ( 'NONE',  ( -53.50000000000000700, -6.999999999999990200, 12.50000000000000000 ) ) ;
#3658 = ADVANCED_FACE ( 'NONE', ( #1700 ), #3860, .T. ) ;
#3659 = EDGE_CURVE ( 'NONE', #2740, #4374, #2336, .T. ) ;
#3660 = B_SPLINE_CURVE_WITH_KNOTS ( 'NONE', 3,
 ( #2852, #1002, #1385, #2504 ),
 .UNSPECIFIED., .F., .F.,
 ( 4, 4 ),
 ( 0.0000000000000000000, 0.0005643828523316969700 ),
 .UNSPECIFIED. ) ;
#3661 = ORIENTED_EDGE ( 'NONE', *, *, #333, .F. ) ;
#3662 =( BOUNDED_SURFACE ( )  B_SPLINE_SURFACE ( 3, 2, ( 
 ( #330, #1757, #1067 ),
 ( #3609, #1001, #4738 ),
 ( #4352, #1742, #2533 ),
 ( #2519, #1382, #2868 ),
 ( #647, #2151, #3976 ),
 ( #4368, #4318, #1432 ),
 ( #2129, #2910, #265 ),
 ( #701, #2139, #300 ),
 ( #3295, #4028, #3648 ),
 ( #4706, #1787, #1805 ),
 ( #4383, #4687, #4723 ),
 ( #2550, #1014, #2187 ),
 ( #3992, #3242, #2899 ),
 ( #2482, #2883, #686 ),
 ( #632, #2500, #4759 ),
 ( #3277, #3625, #1045 ) ),
 .UNSPECIFIED., .F., .F., .T. ) 
 B_SPLINE_SURFACE_WITH_KNOTS ( ( 4, 2, 2, 2, 2, 2, 2, 4 ),
 ( 3, 3 ),
 ( -7.589415207398531000E-019, 0.0005384093203494840300, 0.001076818640698968900, 0.001615227961048453800, 0.002153637281397938700, 0.002692046601747423600, 0.003230455922096908500, 0.004307274562795878300 ),
 ( 0.0000000000000000000, 1.000000000000000000 ),
 .UNSPECIFIED. ) 
 GEOMETRIC_REPRESENTATION_ITEM ( )  RATIONAL_B_SPLINE_SURFACE ( (
 ( 1.000000000000000000, 0.8706514416396620200, 1.000000000000000000),
 ( 1.000000000000000000, 0.8706451084404883700, 1.000000000000000000),
 ( 1.000000000000000000, 0.8696325285555398500, 1.000000000000000000),
 ( 1.000000000000000000, 0.8656213306689409800, 1.000000000000000000),
 ( 1.000000000000000000, 0.8625820340285771400, 1.000000000000000000),
 ( 1.000000000000000000, 0.8547548331046120900, 1.000000000000000000),
 ( 1.000000000000000000, 0.8498879594053774200, 1.000000000000000000),
 ( 1.000000000000000000, 0.8384995635200247500, 1.000000000000000000),
 ( 1.000000000000000000, 0.8320426744254942900, 1.000000000000000000),
 ( 1.000000000000000000, 0.8175157141466629100, 1.000000000000000000),
 ( 1.000000000000000000, 0.8094811445753420400, 1.000000000000000000),
 ( 1.000000000000000000, 0.7922406027402528700, 1.000000000000000000),
 ( 1.000000000000000000, 0.7829245047720396800, 1.000000000000000000),
 ( 1.000000000000000000, 0.7531059240402837600, 1.000000000000000000),
 ( 1.000000000000000000, 0.7313218275346837800, 1.000000000000000000),
 ( 1.000000000000000000, 0.7071067811865475700, 1.000000000000000000) ) ) 
 REPRESENTATION_ITEM ( '' )  SURFACE ( )  );
#3663 = DIRECTION ( 'NONE',  ( 0.0000000000000000000, 0.0000000000000000000, 1.000000000000000000 ) ) ;
#3664 = CALENDAR_DATE ( 2018, 28, 8 ) ;
#3665 = CARTESIAN_POINT ( 'NONE',  ( -51.25803393889324200, -7.182216376006758600, 39.27285025677600300 ) ) ;
#3666 = CARTESIAN_POINT ( 'NONE',  ( -67.71205936276382400, 8.827410748597047900, 12.12070485836175500 ) ) ;
#3667 = CARTESIAN_POINT ( 'NONE',  ( -100.0000000000000000, -11.99999999999998200, 40.00000000000000000 ) ) ;
#3668 = CARTESIAN_POINT ( 'NONE',  ( -50.91545571629042400, 11.88987419673129300, -0.0000000000000000000 ) ) ;
#3669 = CARTESIAN_POINT ( 'NONE',  ( -52.21229171178920600, -8.962246372089453000, 38.67979949279556700 ) ) ;
#3670 = DIRECTION ( 'NONE',  ( -1.000000000000000000, 3.854941057726238100E-016, 0.0000000000000000000 ) ) ;
#3671 = CYLINDRICAL_SURFACE ( 'NONE', #2836, 2.000000000000001800 ) ;
#3672 = VERTEX_POINT ( 'NONE', #290 ) ;
#3673 = ORIENTED_EDGE ( 'NONE', *, *, #441, .T. ) ;
#3674 = CARTESIAN_POINT ( 'NONE',  ( 41.00000000000000000, -4.336808689942017700E-015, 25.19999999999999900 ) ) ;
#3675 = CARTESIAN_POINT ( 'NONE',  ( -41.00000000000000700, 12.06090092888058300, 36.58954798268833700 ) ) ;
#3676 = CARTESIAN_POINT ( 'NONE',  ( -60.00000000000000000, 0.0000000000000000000, 4.500000000000000900 ) ) ;
#3677 = ORIENTED_EDGE ( 'NONE', *, *, #1334, .T. ) ;
#3678 = PLANE ( 'NONE',  #428 ) ;
#3679 = CARTESIAN_POINT ( 'NONE',  ( -67.56444679531951200, 9.000000000000007100, 18.97561127351263700 ) ) ;
#3680 = ORIENTED_EDGE ( 'NONE', *, *, #377, .F. ) ;
#3681 = CARTESIAN_POINT ( 'NONE',  ( -67.08836330536755100, -12.50000000000002700, 12.00000000000000700 ) ) ;
#3682 = CARTESIAN_POINT ( 'NONE',  ( -51.50000000312744000, 7.320306865219481400, 39.12706630250595200 ) ) ;
#3683 = CARTESIAN_POINT ( 'NONE',  ( -68.38380995421169900, -10.75974374532195600, 17.89527144273195000 ) ) ;
#3684 = CARTESIAN_POINT ( 'NONE',  ( 52.27593772846223900, -12.50000000000002300, 11.42102775581494000 ) ) ;
#3685 = ORIENTED_EDGE ( 'NONE', *, *, #996, .F. ) ;
#3686 = DIRECTION ( 'NONE',  ( 1.000000000000000000, 0.0000000000000000000, 0.0000000000000000000 ) ) ;
#3687 = DIRECTION ( 'NONE',  ( -1.000000000000000000, -1.279371724516979300E-016, 0.0000000000000000000 ) ) ;
#3688 = EDGE_CURVE ( 'NONE', #75, #4527, #86, .T. ) ;
#3689 = CARTESIAN_POINT ( 'NONE',  ( -68.27414127111137500, -9.283671847694611400, 17.99856621518635800 ) ) ;
#3690 = AXIS2_PLACEMENT_3D ( 'NONE', #2185, #4755, #2548 ) ;
#3691 = ADVANCED_FACE ( 'NONE', ( #3788 ), #3960, .T. ) ;
#3692 = CARTESIAN_POINT ( 'NONE',  ( 50.65859957773660900, 11.40891123003618700, -7.452578875953853000E-017 ) ) ;
#3693 = VERTEX_POINT ( 'NONE', #3287 ) ;
#3694 = DIRECTION ( 'NONE',  ( 0.006033170772521168600, -0.01785397147333926300, 0.9998224025060945500 ) ) ;
#3695 = CARTESIAN_POINT ( 'NONE',  ( -47.95277923514250100, 12.10255077566374600, 34.25715656283149700 ) ) ;
#3696 = CARTESIAN_POINT ( 'NONE',  ( -52.41001181021050600, -12.26364806084226100, 25.23570859283376000 ) ) ;
#3697 = EDGE_CURVE ( 'NONE', #1521, #1481, #840, .T. ) ;
#3698 = ORIENTED_EDGE ( 'NONE', *, *, #3074, .T. ) ;
#3699 = CARTESIAN_POINT ( 'NONE',  ( -50.23012300804800400, -11.01769771678995200, 39.87151429841591700 ) ) ;
#3700 = CARTESIAN_POINT ( 'NONE',  ( 52.32913488730073900, 12.23697831041313200, 26.72921461686554100 ) ) ;
#3701 = ORIENTED_EDGE ( 'NONE', *, *, #2324, .F. ) ;
#3702 = CARTESIAN_POINT ( 'NONE',  ( -51.50000000000000000, 7.000000000000007100, 38.84457641169645100 ) ) ;
#3703 = EDGE_CURVE ( 'NONE', #2993, #3786, #2926, .T. ) ;
#3704 = CARTESIAN_POINT ( 'NONE',  ( -46.69605485965987400, -12.08760992525424200, 35.09384418576209400 ) ) ;
#3705 = CARTESIAN_POINT ( 'NONE',  ( 44.32833623187327300, 10.60344134021297800, 34.02712606864988500 ) ) ;
#3706 = AXIS2_PLACEMENT_3D ( 'NONE', #205, #2088, #240 ) ;
#3707 = LINE ( 'NONE', #1053, #4052 ) ;
#3708 = CARTESIAN_POINT ( 'NONE',  ( -68.36908062925161300, -9.358615881855849100, 18.22741904596747300 ) ) ;
#3709 = CARTESIAN_POINT ( 'NONE',  ( 51.51575682638035400, 12.43806055923976600, 0.0000000000000000000 ) ) ;
#3710 = DIRECTION ( 'NONE',  ( -1.000000000000000000, -0.0000000000000000000, -0.0000000000000000000 ) ) ;
#3711 = CARTESIAN_POINT ( 'NONE',  ( -68.21748880683084300, -9.523650553561651600, 18.65441740876510600 ) ) ;
#3712 = TOROIDAL_SURFACE ( 'NONE', #2096, 48.06250000000010700, 40.06250000000009900 ) ;
#3713 = CARTESIAN_POINT ( 'NONE',  ( -68.23198380018953900, -10.89952582882775000, 18.62017422658683700 ) ) ;
#3714 = CARTESIAN_POINT ( 'NONE',  ( 68.06546948217067000, -11.37997275191314900, 19.06392253749553600 ) ) ;
#3715 = FACE_OUTER_BOUND ( 'NONE', #3439, .T. ) ;
#3716 = CARTESIAN_POINT ( 'NONE',  ( -68.53328006245722300, -9.928482100566737900, 17.74782785663397200 ) ) ;
#3717 = CARTESIAN_POINT ( 'NONE',  ( 49.00000000000000000, -4.336808689942017700E-015, 25.19999999999998900 ) ) ;
#3718 = TOROIDAL_SURFACE ( 'NONE', #3307, 1.500000000000000000, 0.5000000000000000000 ) ;
#3719 = CARTESIAN_POINT ( 'NONE',  ( -46.04247538565576300, -12.08139473727709600, 35.44189471248186200 ) ) ;
#3720 = DIRECTION ( 'NONE',  ( 1.000000000000000000, -0.0000000000000000000, -0.0000000000000000000 ) ) ;
#3721 = ORIENTED_EDGE ( 'NONE', *, *, #3169, .F. ) ;
#3722 = EDGE_CURVE ( 'NONE', #3886, #3298, #2804, .T. ) ;
#3723 = DIRECTION ( 'NONE',  ( 0.0000000000000000000, 0.0000000000000000000, -1.000000000000000000 ) ) ;
#3724 = CARTESIAN_POINT ( 'NONE',  ( 68.90123964140956000, 8.900765062859665700, 12.17296279291357500 ) ) ;
#3725 =( BOUNDED_CURVE ( )  B_SPLINE_CURVE ( 3, ( #1897, #456, #1932, #1162 ),
 .UNSPECIFIED., .F., .F. ) 
 B_SPLINE_CURVE_WITH_KNOTS ( ( 4, 4 ),
 ( 1.291301155811688000, 1.297755489007206300 ),
 .UNSPECIFIED. ) 
 CURVE ( )  GEOMETRIC_REPRESENTATION_ITEM ( )  RATIONAL_B_SPLINE_CURVE ( ( 1.000000000000000000, 0.9999965284682629200, 0.9999965284682629200, 1.000000000000000000 ) ) 
 REPRESENTATION_ITEM ( '' )  );
#3726 = COORDINATED_UNIVERSAL_TIME_OFFSET ( 1, 0, .AHEAD. ) ;
#3727 = ORIENTED_EDGE ( 'NONE', *, *, #4533, .T. ) ;
#3728 = VERTEX_POINT ( 'NONE', #1886 ) ;
#3729 = EDGE_CURVE ( 'NONE', #1091, #2163, #4081, .T. ) ;
#3730 = CARTESIAN_POINT ( 'NONE',  ( -41.00000000000000700, 5.694325491420782700E-016, 33.19999999999999600 ) ) ;
#3731 = CARTESIAN_POINT ( 'NONE',  ( 33.45244499796046300, 8.193485938081032400E-015, 11.50000000000000000 ) ) ;
#3732 = ORIENTED_EDGE ( 'NONE', *, *, #3476, .T. ) ;
#3733 = ORIENTED_EDGE ( 'NONE', *, *, #652, .T. ) ;
#3734 = CARTESIAN_POINT ( 'NONE',  ( -33.45244499796046300, 0.0000000000000000000, 0.0000000000000000000 ) ) ;
#3735 = CARTESIAN_POINT ( 'NONE',  ( 68.22565626216592700, -8.999999999999991100, 12.50000000000000000 ) ) ;
#3736 = CARTESIAN_POINT ( 'NONE',  ( -68.12586056333644500, -9.506423060264875600, 18.90254927324690500 ) ) ;
#3737 = VERTEX_POINT ( 'NONE', #4021 ) ;
#3738 = AXIS2_PLACEMENT_3D ( 'NONE', #2483, #3597, #974 ) ;
#3739 = CARTESIAN_POINT ( 'NONE',  ( -52.41001181021050600, 12.26364806084227300, 25.23570859283375600 ) ) ;
#3740 = ORIENTED_EDGE ( 'NONE', *, *, #533, .T. ) ;
#3741 = CARTESIAN_POINT ( 'NONE',  ( -46.00078990498220600, 10.62206798874042800, 33.20531860080627200 ) ) ;
#3742 = ADVANCED_FACE ( 'NONE', ( #2982 ), #4084, .T. ) ;
#3743 = CARTESIAN_POINT ( 'NONE',  ( 52.41001181021050600, 12.26364806084227300, 25.23570859283375600 ) ) ;
#3744 = ORIENTED_EDGE ( 'NONE', *, *, #1574, .F. ) ;
#3745 = CARTESIAN_POINT ( 'NONE',  ( -68.32141640979983800, -9.333429874622147800, 17.93039053745766200 ) ) ;
#3746 = CARTESIAN_POINT ( 'NONE',  ( -45.00916623874934400, -12.07377757343446600, 35.86845588766931300 ) ) ;
#3747 = CARTESIAN_POINT ( 'NONE',  ( 50.22698588734449700, 10.75451560611703200, 27.35629442267424200 ) ) ;
#3748 = ORIENTED_EDGE ( 'NONE', *, *, #4422, .T. ) ;
#3749 = EDGE_CURVE ( 'NONE', #3573, #2579, #4523, .T. ) ;
#3750 = CARTESIAN_POINT ( 'NONE',  ( -53.19758352310250200, -9.449736158392458000, 38.02855885642463800 ) ) ;
#3751 = CARTESIAN_POINT ( 'NONE',  ( 51.74074394890738700, -7.961766549902098000, 38.66154352807472300 ) ) ;
#3752 = ORIENTED_EDGE ( 'NONE', *, *, #2475, .T. ) ;
#3753 = CARTESIAN_POINT ( 'NONE',  ( 68.95232632481551600, 8.688351861266255600, 12.01533456140568200 ) ) ;
#3754 = CARTESIAN_POINT ( 'NONE',  ( -45.18648926473304100, 10.61184190936408600, 33.65651632143931200 ) ) ;
#3755 = VERTEX_POINT ( 'NONE', #3374 ) ;
#3756 = CARTESIAN_POINT ( 'NONE',  ( 51.65411657907499400, 8.353330944313402300, 39.03128298433635000 ) ) ;
#3757 = CARTESIAN_POINT ( 'NONE',  ( -67.56444679531951200, 9.000000000000007100, 12.50000000000000000 ) ) ;
#3758 = CARTESIAN_POINT ( 'NONE',  ( -43.44038300770081700, -10.59700977755071900, 34.31084290967932300 ) ) ;
#3759 = CIRCLE ( 'NONE', #1906, 39.49999999999999300 ) ;
#3760 = CARTESIAN_POINT ( 'NONE',  ( 67.23116050119236300, -12.50000000000002000, 11.40159938167405700 ) ) ;
#3761 = CARTESIAN_POINT ( 'NONE',  ( 50.61957548893413200, 12.22363568081675200, 27.47640187425084700 ) ) ;
#3762 = CARTESIAN_POINT ( 'NONE',  ( -68.87918056267001500, -9.007728502311446000, 12.25594965450046700 ) ) ;
#3763 = CARTESIAN_POINT ( 'NONE',  ( -68.50708747594563900, 9.821848420817630700, 17.82566105893140900 ) ) ;
#3764 = FACE_OUTER_BOUND ( 'NONE', #82, .T. ) ;
#3765 = CARTESIAN_POINT ( 'NONE',  ( 52.34402899661407800, -9.058320621675834500, 38.59500998948981000 ) ) ;
#3766 = CIRCLE ( 'NONE', #3432, 0.4999999999999986100 ) ;
#3767 = CARTESIAN_POINT ( 'NONE',  ( 68.22565626216594100, 9.500000000000010700, 40.00000000000000000 ) ) ;
#3768 = CIRCLE ( 'NONE', #3095, 40.06250000000009900 ) ;
#3769 = CIRCLE ( 'NONE', #4787, 40.06250000000009900 ) ;
#3770 = CARTESIAN_POINT ( 'NONE',  ( -68.52406277440451300, -10.28131329987184600, 12.39769116841137200 ) ) ;
#3771 = CARTESIAN_POINT ( 'NONE',  ( -53.60346171263168500, 12.06044012634905500, 36.61535292445393000 ) ) ;
#3772 = ORIENTED_EDGE ( 'NONE', *, *, #1049, .F. ) ;
#3773 = CARTESIAN_POINT ( 'NONE',  ( 62.49441286105020100, 12.19136565947917600, 29.28352306954583300 ) ) ;
#3774 = CARTESIAN_POINT ( 'NONE',  ( -68.07658807808198300, -11.70010652064240000, 18.71259803310266900 ) ) ;
#3775 = CARTESIAN_POINT ( 'NONE',  ( -41.00000000000000700, -10.58988809039667500, 34.62497709178452300 ) ) ;
#3776 = CARTESIAN_POINT ( 'NONE',  ( 48.78261446916339800, 12.11550996076356600, 33.53144219724129700 ) ) ;
#3777 = VERTEX_POINT ( 'NONE', #1152 ) ;
#3778 = CARTESIAN_POINT ( 'NONE',  ( 63.86852633872057100, -12.22464378965061500, 27.41994777956551800 ) ) ;
#3779 = LOCAL_TIME ( 12, 6, 58.00000000000000000, #2162 ) ;
#3780 = ORIENTED_EDGE ( 'NONE', *, *, #3539, .T. ) ;
#3781 = CARTESIAN_POINT ( 'NONE',  ( 53.78967950244948800, -9.499999999999992900, 37.61384145845485700 ) ) ;
#3782 = EDGE_CURVE ( 'NONE', #746, #938, #3604, .T. ) ;
#3783 = DIRECTION ( 'NONE',  ( -1.000000000000000000, 0.0000000000000000000, 0.0000000000000000000 ) ) ;
#3784 = ORIENTED_EDGE ( 'NONE', *, *, #1792, .F. ) ;
#3785 = CARTESIAN_POINT ( 'NONE',  ( -51.63855923933271400, -12.50000000000003400, 0.0000000000000000000 ) ) ;
#3786 = VERTEX_POINT ( 'NONE', #1530 ) ;
#3787 = CARTESIAN_POINT ( 'NONE',  ( 68.71552728694810200, -9.604253350130106200, 12.23372950083340500 ) ) ;
#3788 = FACE_OUTER_BOUND ( 'NONE', #841, .T. ) ;
#3789 = ORIENTED_EDGE ( 'NONE', *, *, #2732, .F. ) ;
#3790 = CARTESIAN_POINT ( 'NONE',  ( 53.19758352310250200, 9.449736158392470400, 38.02855885642465900 ) ) ;
#3791 = CARTESIAN_POINT ( 'NONE',  ( 53.78967950244948100, 9.500000000000008900, 37.61384145845485700 ) ) ;
#3792 = CARTESIAN_POINT ( 'NONE',  ( -44.65402653085039500, -12.07151726344311600, 35.99503324718495600 ) ) ;
#3793 = CARTESIAN_POINT ( 'NONE',  ( 68.30580417781385400, -11.02178696693730200, 18.11846779683759900 ) ) ;
#3794 = VERTEX_POINT ( 'NONE', #493 ) ;
#3795 = CARTESIAN_POINT ( 'NONE',  ( 46.98662844861731700, 12.12454527382620600, 33.02546466570079500 ) ) ;
#3796 = CARTESIAN_POINT ( 'NONE',  ( 49.73975291550920000, -12.01753831613539900, 39.01785429641682200 ) ) ;
#3797 = CARTESIAN_POINT ( 'NONE',  ( -33.45244499796046300, 0.0000000000000000000, 11.00000000000000000 ) ) ;
#3798 = CARTESIAN_POINT ( 'NONE',  ( -68.52406277440454100, 10.28131329987169500, 17.49140620790020500 ) ) ;
#3799 = AXIS2_PLACEMENT_3D ( 'NONE', #2655, #821, #1562 ) ;
#3800 = ORIENTED_EDGE ( 'NONE', *, *, #525, .F. ) ;
#3801 = CARTESIAN_POINT ( 'NONE',  ( 52.40625693089229000, -12.25023944058459200, 25.98659132726317400 ) ) ;
#3802 = CARTESIAN_POINT ( 'NONE',  ( -47.02055575694299700, 12.09144687599489200, 34.87897494428709400 ) ) ;
#3803 = ORIENTED_EDGE ( 'NONE', *, *, #1287, .T. ) ;
#3804 = CARTESIAN_POINT ( 'NONE',  ( 50.23012300804801800, -11.01769771678995200, 39.87151429841591700 ) ) ;
#3805 = CARTESIAN_POINT ( 'NONE',  ( 68.06546948217067000, 11.37997275191315300, 19.06392253749555700 ) ) ;
#3806 = ORIENTED_EDGE ( 'NONE', *, *, #1927, .T. ) ;
#3807 = CARTESIAN_POINT ( 'NONE',  ( -68.53328006245722300, -9.928482100566734300, 17.74782785663394300 ) ) ;
#3808 = CARTESIAN_POINT ( 'NONE',  ( -67.60998282444782600, 8.947805977620403100, 12.27515781872966200 ) ) ;
#3809 = EDGE_CURVE ( 'NONE', #1598, #1697, #2227, .T. ) ;
#3810 = CARTESIAN_POINT ( 'NONE',  ( 51.40141011106387500, -12.36466558538011300, -0.0000000000000000000 ) ) ;
#3811 = CARTESIAN_POINT ( 'NONE',  ( -68.84132580765141500, 9.131650722923614800, 11.03664572000605500 ) ) ;
#3812 = VECTOR ( 'NONE', #3927, 1000.000000000000000 ) ;
#3813 = CARTESIAN_POINT ( 'NONE',  ( -41.00000000000000700, 10.58988809039670400, 34.62497709178453700 ) ) ;
#3814 = EDGE_CURVE ( 'NONE', #2163, #4290, #2178, .T. ) ;
#3815 = CARTESIAN_POINT ( 'NONE',  ( 68.88090647252514000, -8.996834461133078200, 12.41450438887091500 ) ) ;
#3816 = CIRCLE ( 'NONE', #3396, 0.4999999999999992200 ) ;
#3817 = CARTESIAN_POINT ( 'NONE',  ( 41.00000000000000700, -4.336808689942017700E-015, 73.26250000000008800 ) ) ;
#3818 = CARTESIAN_POINT ( 'NONE',  ( 49.21364324401017100, -10.69643516394081000, 29.92238969437542200 ) ) ;
#3819 = FACE_OUTER_BOUND ( 'NONE', #142, .T. ) ;
#3820 = CARTESIAN_POINT ( 'NONE',  ( 67.12865595154758600, -12.50000000000001400, 11.95545606236331100 ) ) ;
#3821 = AXIS2_PLACEMENT_3D ( 'NONE', #4104, #2283, #1543 ) ;
#3822 = DIRECTION ( 'NONE',  ( -1.000000000000000000, -3.854941057726220800E-016, 0.0000000000000000000 ) ) ;
#3823 = CIRCLE ( 'NONE', #3048, 40.06250000000011400 ) ;
#3824 = CARTESIAN_POINT ( 'NONE',  ( 52.32916563749029800, -12.23705893085400500, 26.72469987217599700 ) ) ;
#3825 = CARTESIAN_POINT ( 'NONE',  ( -68.56078996029317800, 10.15586459328427300, 17.55241430772744200 ) ) ;
#3826 = CARTESIAN_POINT ( 'NONE',  ( -48.69558092800654900, 10.67899808815256600, 30.69239679204761700 ) ) ;
#3827 = AXIS2_PLACEMENT_3D ( 'NONE', #3000, #30, #491 ) ;
#3828 = ORIENTED_EDGE ( 'NONE', *, *, #3608, .F. ) ;
#3829 = CARTESIAN_POINT ( 'NONE',  ( -68.06546948217067000, 11.37997275191315300, 19.06392253749556400 ) ) ;
#3830 = CARTESIAN_POINT ( 'NONE',  ( 30.61531930649137600, 9.500000000000005300, 5.010942361779548500 ) ) ;
#3831 = EDGE_CURVE ( 'NONE', #1762, #2740, #2003, .T. ) ;
#3832 = FACE_OUTER_BOUND ( 'NONE', #962, .T. ) ;
#3833 = ORIENTED_EDGE ( 'NONE', *, *, #4590, .F. ) ;
#3834 = ORIENTED_EDGE ( 'NONE', *, *, #3415, .T. ) ;
#3835 = CARTESIAN_POINT ( 'NONE',  ( 52.40000000000000600, 1.562649315712022400E-014, 4.500000000000000900 ) ) ;
#3836 = CARTESIAN_POINT ( 'NONE',  ( -67.21691086302016100, -12.50000000000003900, 11.52515069917925000 ) ) ;
#3837 = B_SPLINE_CURVE_WITH_KNOTS ( 'NONE', 3,
 ( #3361, #2245, #4482, #3745, #4436, #1517, #2616, #393, #364, #38 ),
 .UNSPECIFIED., .F., .F.,
 ( 4, 2, 2, 2, 4 ),
 ( 0.0000000000000000000, 0.0005118688133932348900, 0.001023737626786469800, 0.001535606440179704700, 0.002047475253572939500 ),
 .UNSPECIFIED. ) ;
#3838 = CARTESIAN_POINT ( 'NONE',  ( 52.53995009660200600, -12.71682889776643700, -0.1424182749178437300 ) ) ;
#3839 = ORIENTED_EDGE ( 'NONE', *, *, #1141, .T. ) ;
#3840 = CARTESIAN_POINT ( 'NONE',  ( 68.70798039291818800, 9.631770379426054500, 12.36479613220856800 ) ) ;
#3841 = EDGE_CURVE ( 'NONE', #849, #4294, #657, .T. ) ;
#3842 = DIRECTION ( 'NONE',  ( 1.000000000000000000, -1.317511500741879200E-016, 0.0000000000000000000 ) ) ;
#3843 = ORIENTED_EDGE ( 'NONE', *, *, #2384, .T. ) ;
#3844 = CARTESIAN_POINT ( 'NONE',  ( -68.69778889338063300, -9.670148171836878200, 11.28841101605422100 ) ) ;
#3845 = CARTESIAN_POINT ( 'NONE',  ( -89.06250000000009900, -4.336808689942017700E-015, 7.285838599102589800E-014 ) ) ;
#3846 = CARTESIAN_POINT ( 'NONE',  ( -67.12921572777868600, 12.37981335125859600, 18.73045232951954700 ) ) ;
#3847 = EDGE_LOOP ( 'NONE', ( #2829, #1077, #4123, #3203 ) ) ;
#3848 = CARTESIAN_POINT ( 'NONE',  ( 68.22565626216594100, 9.000000000000007100, 12.35943240808355400 ) ) ;
#3849 = CARTESIAN_POINT ( 'NONE',  ( 33.45244499796046300, 8.193485938081032400E-015, 40.00000000000000000 ) ) ;
#3850 = ORIENTED_EDGE ( 'NONE', *, *, #237, .T. ) ;
#3851 = ADVANCED_FACE ( 'NONE', ( #1755 ), #2953, .T. ) ;
#3852 = CARTESIAN_POINT ( 'NONE',  ( -68.88759482985049900, 9.021137670076917900, 12.42433888294188400 ) ) ;
#3853 = CARTESIAN_POINT ( 'NONE',  ( 41.75106181545074000, -12.06090092888055500, 36.58954798268835200 ) ) ;
#3854 = CARTESIAN_POINT ( 'NONE',  ( -68.52406277440449900, 10.28131329987186500, 12.29525239301964100 ) ) ;
#3855 = CARTESIAN_POINT ( 'NONE',  ( -51.18606051106502300, -12.19331538427853100, 0.0000000000000000000 ) ) ;
#3856 = ORIENTED_EDGE ( 'NONE', *, *, #3603, .T. ) ;
#3857 = CARTESIAN_POINT ( 'NONE',  ( -50.04192113118401900, 12.14020109740065200, 32.14873854556452000 ) ) ;
#3858 = DIRECTION ( 'NONE',  ( 0.0000000000000000000, 0.0000000000000000000, 1.000000000000000000 ) ) ;
#3859 = DIRECTION ( 'NONE',  ( 1.000000000000000000, 0.0000000000000000000, 0.0000000000000000000 ) ) ;
#3860 =( BOUNDED_SURFACE ( )  B_SPLINE_SURFACE ( 3, 2, ( 
 ( #2133, #654, #3679 ),
 ( #4780, #2524, #4389 ),
 ( #4747, #2559, #3642 ),
 ( #2207, #2578, #1021 ),
 ( #4359, #677, #741 ),
 ( #1456, #2935, #3998 ),
 ( #340, #4731, #2540 ),
 ( #722, #4713, #2922 ),
 ( #3264, #4053, #1035 ),
 ( #1777, #1794, #4765 ),
 ( #1838, #321, #2510 ),
 ( #2160, #3319, #306 ) ),
 .UNSPECIFIED., .F., .F., .F. ) 
 B_SPLINE_SURFACE_WITH_KNOTS ( ( 4, 2, 2, 2, 2, 4 ),
 ( 3, 3 ),
 ( 0.001013433030043958200, 0.001406793408024772300, 0.001800153786005586700, 0.002193514163986401000, 0.002390194352976808400, 0.002586874541967215300 ),
 ( 0.0000000000000000000, 1.000000000000000000 ),
 .UNSPECIFIED. ) 
 GEOMETRIC_REPRESENTATION_ITEM ( )  RATIONAL_B_SPLINE_SURFACE ( (
 ( 1.000000000000000000, 0.7071067811865475700, 1.000000000000000000),
 ( 1.000000000000000000, 0.7380012737481822500, 1.000000000000000000),
 ( 1.000000000000000000, 0.7664421304919326600, 1.000000000000000000),
 ( 1.000000000000000000, 0.8197875355854724600, 1.000000000000000000),
 ( 1.000000000000000000, 0.8446929064890318400, 1.000000000000000000),
 ( 1.000000000000000000, 0.8917264350997373700, 1.000000000000000000),
 ( 1.000000000000000000, 0.9140530466184817500, 1.000000000000000000),
 ( 1.000000000000000000, 0.9445633741560979200, 1.000000000000000000),
 ( 1.000000000000000000, 0.9543266068752854800, 1.000000000000000000),
 ( 1.000000000000000000, 0.9718958992389917800, 1.000000000000000000),
 ( 1.000000000000000000, 0.9799525293242727900, 1.000000000000000000),
 ( 1.000000000000000000, 0.9844292122057368700, 1.000000000000000000) ) ) 
 REPRESENTATION_ITEM ( '' )  SURFACE ( )  );
#3861 = CYLINDRICAL_SURFACE ( 'NONE', #254, 0.5000000000000004400 ) ;
#3862 = CARTESIAN_POINT ( 'NONE',  ( -67.12921572777867100, -11.37997275191313100, 18.71259803310267600 ) ) ;
#3863 = CARTESIAN_POINT ( 'NONE',  ( -78.75714233722750600, 9.000000000000008900, 12.50000000000000000 ) ) ;
#3864 = EDGE_CURVE ( 'NONE', #4217, #3628, #3199, .T. ) ;
#3865 = CARTESIAN_POINT ( 'NONE',  ( -50.26543577550216200, 12.14556237763038000, 31.84850685269968200 ) ) ;
#3866 = CARTESIAN_POINT ( 'NONE',  ( 46.04034428667645800, -12.08173904929321900, 35.42261323957917800 ) ) ;
#3867 = CIRCLE ( 'NONE', #3054, 0.5000000000000004400 ) ;
#3868 = CARTESIAN_POINT ( 'NONE',  ( 52.60023488318987000, 8.801897739603452600, 37.97860646983365000 ) ) ;
#3869 = CARTESIAN_POINT ( 'NONE',  ( 43.59690705279482600, -12.06613577813102400, 36.29639642466205600 ) ) ;
#3870 = CARTESIAN_POINT ( 'NONE',  ( 68.55788435232240400, 10.19191244870143200, 17.69063442514288900 ) ) ;
#3871 = CARTESIAN_POINT ( 'NONE',  ( -49.73975291550908700, 11.01769771678998600, 39.00000000000000700 ) ) ;
#3872 = LINE ( 'NONE', #995, #4163 ) ;
#3873 = AXIS2_PLACEMENT_3D ( 'NONE', #1477, #2599, #555 ) ;
#3874 = CARTESIAN_POINT ( 'NONE',  ( -48.82320680288346200, -12.15655765126821700, 31.23277152897293300 ) ) ;
#3875 = ADVANCED_FACE ( 'NONE', ( #1007 ), #2865, .T. ) ;
#3876 = DIRECTION ( 'NONE',  ( 0.0000000000000000000, 1.000000000000000000, 0.0000000000000000000 ) ) ;
#3877 = FACE_OUTER_BOUND ( 'NONE', #2000, .T. ) ;
#3878 = DIRECTION ( 'NONE',  ( 0.0000000000000000000, 0.3952172056819929800, -0.9185876987707364300 ) ) ;
#3879 = CIRCLE ( 'NONE', #362, 7.600000000000002300 ) ;
#3880 = DIRECTION ( 'NONE',  ( 0.4903700925389186100, 0.0000000000000000000, -0.8715142984159081100 ) ) ;
#3881 = CARTESIAN_POINT ( 'NONE',  ( 53.50000000000000000, 9.500000000000007100, 37.20630521974641900 ) ) ;
#3882 = VERTEX_POINT ( 'NONE', #1185 ) ;
#3883 = CARTESIAN_POINT ( 'NONE',  ( 50.94193590814021600, 12.41500549048512500, 16.75969253577535100 ) ) ;
#3884 = CARTESIAN_POINT ( 'NONE',  ( 53.27298332612800600, 9.000000000000007100, 37.40801144513445600 ) ) ;
#3885 = CARTESIAN_POINT ( 'NONE',  ( 43.96079695700088800, -12.06776874106557100, 36.20495050032742100 ) ) ;
#3886 = VERTEX_POINT ( 'NONE', #3804 ) ;
#3887 = ORIENTED_EDGE ( 'NONE', *, *, #2726, .T. ) ;
#3888 = CARTESIAN_POINT ( 'NONE',  ( -48.11844522159353900, -10.66211190534774300, 31.43796298640273800 ) ) ;
#3889 = CARTESIAN_POINT ( 'NONE',  ( -68.89094435814959600, -8.937464265123647800, 11.00000000000000200 ) ) ;
#3890 = DIRECTION ( 'NONE',  ( 0.0000000000000000000, 0.0000000000000000000, 1.000000000000000000 ) ) ;
#3891 = ORIENTED_EDGE ( 'NONE', *, *, #2611, .F. ) ;
#3892 = ORIENTED_EDGE ( 'NONE', *, *, #2679, .T. ) ;
#3893 = CARTESIAN_POINT ( 'NONE',  ( -51.25803393282922800, -6.999999999999991100, 39.27285026042955700 ) ) ;
#3894 = EDGE_CURVE ( 'NONE', #173, #2217, #1586, .T. ) ;
#3895 = CARTESIAN_POINT ( 'NONE',  ( 52.18978384854535300, 12.50000000000001600, 10.79911771089087200 ) ) ;
#3896 = VECTOR ( 'NONE', #1051, 1000.000000000000000 ) ;
#3897 = ORIENTED_EDGE ( 'NONE', *, *, #1839, .F. ) ;
#3898 = CARTESIAN_POINT ( 'NONE',  ( -30.61531930649137600, -9.499999999999992900, 5.010942361779540600 ) ) ;
#3899 = ADVANCED_FACE ( 'NONE', ( #2450 ), #250, .F. ) ;
#3900 = CARTESIAN_POINT ( 'NONE',  ( 52.41001181021057000, 12.26364806084226400, 25.23570859283426800 ) ) ;
#3901 = B_SPLINE_CURVE_WITH_KNOTS ( 'NONE', 3,
 ( #4126, #1169, #1907, #4781 ),
 .UNSPECIFIED., .F., .F.,
 ( 4, 4 ),
 ( 0.0000000000000000000, 0.0004503568551765205900 ),
 .UNSPECIFIED. ) ;
#3902 = DIRECTION ( 'NONE',  ( -1.000000000000000000, 0.0000000000000000000, 0.0000000000000000000 ) ) ;
#3903 = CARTESIAN_POINT ( 'NONE',  ( -51.51727721170029600, -7.301529298117130500, 38.83158993545552600 ) ) ;
#3904 = DIRECTION ( 'NONE',  ( -0.0000000000000000000, -0.0000000000000000000, -1.000000000000000000 ) ) ;
#3905 = CARTESIAN_POINT ( 'NONE',  ( -49.73975291550908700, 11.01769771678998600, 39.00000000000000000 ) ) ;
#3906 = ORIENTED_EDGE ( 'NONE', *, *, #3129, .T. ) ;
#3907 = CARTESIAN_POINT ( 'NONE',  ( 44.47395200206491900, -12.09979859147617500, 34.41127887736593000 ) ) ;
#3908 = CARTESIAN_POINT ( 'NONE',  ( -52.00000000000000700, -6.999999999999991100, 12.50000000000000000 ) ) ;
#3909 = CARTESIAN_POINT ( 'NONE',  ( -49.03226054990123800, -10.69030398289720700, 30.19313883906530500 ) ) ;
#3910 = EDGE_LOOP ( 'NONE', ( #2168, #3606, #461, #1225 ) ) ;
#3911 = CARTESIAN_POINT ( 'NONE',  ( -67.24653024795090100, -11.34197539426381400, 21.24633487443773600 ) ) ;
#3912 = CARTESIAN_POINT ( 'NONE',  ( -51.04244731691979800, -12.71696897618926200, -0.1502626665974248800 ) ) ;
#3913 = ORIENTED_EDGE ( 'NONE', *, *, #1542, .T. ) ;
#3914 = DIRECTION ( 'NONE',  ( 0.3512754137744382700, 0.01671648092024674600, 0.9361229315336958600 ) ) ;
#3915 = CARTESIAN_POINT ( 'NONE',  ( 50.48410110073059800, 10.80328860203454200, 25.19999999999999200 ) ) ;
#3916 = ORIENTED_EDGE ( 'NONE', *, *, #4236, .T. ) ;
#3917 = DIRECTION ( 'NONE',  ( -0.0000000000000000000, 0.0000000000000000000, -1.000000000000000000 ) ) ;
#3918 = AXIS2_PLACEMENT_3D ( 'NONE', #3313, #3694, #2258 ) ;
#3919 = CARTESIAN_POINT ( 'NONE',  ( 41.64872080304916600, -12.08864711682985200, 35.03576145757196500 ) ) ;
#3920 = PLANE ( 'NONE',  #1615 ) ;
#3921 = ORIENTED_EDGE ( 'NONE', *, *, #268, .F. ) ;
#3922 = B_SPLINE_CURVE_WITH_KNOTS ( 'NONE', 3,
 ( #2944, #1832, #2977, #2586 ),
 .UNSPECIFIED., .F., .F.,
 ( 4, 4 ),
 ( -6.834398765060455900E-006, 0.0002877736575431303600 ),
 .UNSPECIFIED. ) ;
#3923 = CARTESIAN_POINT ( 'NONE',  ( -50.67012087359350400, -12.15630385954888500, 31.24698386526223400 ) ) ;
#3924 = ADVANCED_FACE ( 'NONE', ( #22 ), #494, .T. ) ;
#3925 = EDGE_CURVE ( 'NONE', #3737, #1241, #1186, .T. ) ;
#3926 = LINE ( 'NONE', #4343, #1099 ) ;
#3927 = DIRECTION ( 'NONE',  ( -0.0000000000000000000, -0.0000000000000000000, -1.000000000000000000 ) ) ;
#3928 = CARTESIAN_POINT ( 'NONE',  ( -50.89309027737279200, 12.26378347384742500, 25.22812546454528300 ) ) ;
#3929 = CARTESIAN_POINT ( 'NONE',  ( -51.64401438390135000, -7.762708247114590100, 39.03847240044169100 ) ) ;
#3930 = CARTESIAN_POINT ( 'NONE',  ( 52.27615304479248700, 12.50000000000002300, 11.42230394680397000 ) ) ;
#3931 = FACE_OUTER_BOUND ( 'NONE', #2919, .T. ) ;
#3932 = DIRECTION ( 'NONE',  ( -0.3512754137744322200, 0.01671648092023703800, 0.9361229315336980800 ) ) ;
#3933 = CARTESIAN_POINT ( 'NONE',  ( -53.27291611854876400, 9.000000000000007100, 37.40807115963426800 ) ) ;
#3934 = EDGE_CURVE ( 'NONE', #3794, #2163, #189, .T. ) ;
#3935 = CARTESIAN_POINT ( 'NONE',  ( 44.03497510708207600, 10.60107372100083000, 34.13157142218083400 ) ) ;
#3936 = CARTESIAN_POINT ( 'NONE',  ( -67.96879860929991000, 8.500000000000008900, 11.00000000000000000 ) ) ;
#3937 = LINE ( 'NONE', #4105, #1679 ) ;
#3938 = CARTESIAN_POINT ( 'NONE',  ( -67.66758010502468300, -8.880781481178436500, 12.16981340515044600 ) ) ;
#3939 = FACE_OUTER_BOUND ( 'NONE', #574, .T. ) ;
#3940 = CARTESIAN_POINT ( 'NONE',  ( 51.18606051106504400, 12.19331538427852000, 0.0000000000000000000 ) ) ;
#3941 = AXIS2_PLACEMENT_3D ( 'NONE', #3519, #4292, #1294 ) ;
#3942 = CARTESIAN_POINT ( 'NONE',  ( -47.23298584275391900, -10.64267723437089300, 32.29581905107643500 ) ) ;
#3943 = ORIENTED_EDGE ( 'NONE', *, *, #2858, .T. ) ;
#3944 = CARTESIAN_POINT ( 'NONE',  ( -67.95858973541646700, 12.04366024034400300, 0.0000000000000000000 ) ) ;
#3945 = CARTESIAN_POINT ( 'NONE',  ( 53.50000000000000700, -8.499999999999991100, 12.50000000000000000 ) ) ;
#3946 = ORIENTED_EDGE ( 'NONE', *, *, #1044, .F. ) ;
#3947 = COORDINATED_UNIVERSAL_TIME_OFFSET ( 1, 0, .AHEAD. ) ;
#3948 = DIRECTION ( 'NONE',  ( 1.000000000000000000, 1.279371724516979300E-016, 0.0000000000000000000 ) ) ;
#3949 = CARTESIAN_POINT ( 'NONE',  ( 67.95780644424861800, 12.04590420384111500, -0.1222236422269915000 ) ) ;
#3950 = ADVANCED_FACE ( 'NONE', ( #3565 ), #3517, .T. ) ;
#3951 = CARTESIAN_POINT ( 'NONE',  ( 57.82839287578693200, 12.09880956543934800, 34.46666433539737500 ) ) ;
#3952 = PERSON_AND_ORGANIZATION ( #2891, #424 ) ;
#3953 = VERTEX_POINT ( 'NONE', #1651 ) ;
#3954 = CARTESIAN_POINT ( 'NONE',  ( -52.38006954182812100, 8.670842429794358700, 38.57211388732817200 ) ) ;
#3955 = ORIENTED_EDGE ( 'NONE', *, *, #2757, .F. ) ;
#3956 = CARTESIAN_POINT ( 'NONE',  ( -50.52839113330281900, 10.96144771513197600, 16.78524431657567100 ) ) ;
#3957 =( BOUNDED_SURFACE ( )  B_SPLINE_SURFACE ( 3, 2, ( 
 ( #2404, #2418, #926 ),
 ( #1019, #2144, #3665 ),
 ( #344, #2906, #4784 ),
 ( #4717, #4728, #2132 ),
 ( #2888, #3929, #3215 ),
 ( #4694, #674, #314 ),
 ( #2479, #1804, #3974 ),
 ( #2909, #4331, #684 ),
 ( #1063, #731, #4398 ),
 ( #2566, #328, #3669 ),
 ( #349, #2941, #714 ),
 ( #1828, #1445, #4045 ),
 ( #1852, #752, #1071 ),
 ( #4434, #2238, #4777 ),
 ( #2573, #2981, #2607 ),
 ( #3654, #1437, #2192 ) ),
 .UNSPECIFIED., .F., .F., .T. ) 
 B_SPLINE_SURFACE_WITH_KNOTS ( ( 4, 2, 2, 2, 2, 2, 2, 4 ),
 ( 3, 3 ),
 ( 0.0000000000000000000, 0.0005384093203494851100, 0.001076818640698970200, 0.001615227961048455300, 0.002153637281397940500, 0.002692046601747425300, 0.003230455922096910700, 0.004307274562795880900 ),
 ( 0.0000000000000000000, 1.000000000000000000 ),
 .UNSPECIFIED. ) 
 GEOMETRIC_REPRESENTATION_ITEM ( )  RATIONAL_B_SPLINE_SURFACE ( (
 ( 1.000000000000000000, 0.8706514416396591300, 1.000000000000000000),
 ( 1.000000000000000000, 0.8706451084404989200, 1.000000000000000000),
 ( 1.000000000000000000, 0.8696325285555297500, 1.000000000000000000),
 ( 1.000000000000000000, 0.8656213306689508600, 1.000000000000000000),
 ( 1.000000000000000000, 0.8625820340289962500, 1.000000000000000000),
 ( 1.000000000000000000, 0.8547548331041929800, 1.000000000000000000),
 ( 1.000000000000000000, 0.8498879594053805300, 1.000000000000000000),
 ( 1.000000000000000000, 0.8384995635200278600, 1.000000000000000000),
 ( 1.000000000000000000, 0.8320426744257853900, 1.000000000000000000),
 ( 1.000000000000000000, 0.8175157141463718100, 1.000000000000000000),
 ( 1.000000000000000000, 0.8094811445756547900, 1.000000000000000000),
 ( 1.000000000000000000, 0.7922406027399467900, 1.000000000000000000),
 ( 1.000000000000000000, 0.7829245047717662300, 1.000000000000000000),
 ( 1.000000000000000000, 0.7531059240408244400, 1.000000000000000000),
 ( 1.000000000000000000, 0.7313218275342845400, 1.000000000000000000),
 ( 1.000000000000000000, 0.7071067811865446900, 1.000000000000000000) ) ) 
 REPRESENTATION_ITEM ( '' )  SURFACE ( )  );
#3958 = DIRECTION ( 'NONE',  ( 0.9510702808115404400, 0.0000000000000000000, 0.3089746283387322900 ) ) ;
#3959 = CARTESIAN_POINT ( 'NONE',  ( -41.00000000000000700, -12.06090092888055300, 36.58954798268833000 ) ) ;
#3960 = CYLINDRICAL_SURFACE ( 'NONE', #1369, 39.99999999999998600 ) ;
#3961 = ORIENTED_EDGE ( 'NONE', *, *, #1415, .F. ) ;
#3962 = DIRECTION ( 'NONE',  ( 1.000000000000000000, -0.0000000000000000000, -0.0000000000000000000 ) ) ;
#3963 = CARTESIAN_POINT ( 'NONE',  ( -57.79631780232611500, -11.11209940494279800, 34.44946861984975300 ) ) ;
#3964 = ORIENTED_EDGE ( 'NONE', *, *, #3481, .T. ) ;
#3965 = EDGE_CURVE ( 'NONE', #1836, #4226, #2574, .T. ) ;
#3966 = DIRECTION ( 'NONE',  ( -0.0000000000000000000, 0.0000000000000000000, -1.000000000000000000 ) ) ;
#3967 = APPLICATION_CONTEXT ( 'configuration controlled 3d designs of mechanical parts and assemblies' ) ;
#3968 = B_SPLINE_CURVE_WITH_KNOTS ( 'NONE', 3,
 ( #3354, #3371, #1493, #2979, #1525, #2625 ),
 .UNSPECIFIED., .F., .F.,
 ( 4, 2, 4 ),
 ( 0.0000000000000000000, 0.0004153674492579478300, 0.0008307348985158956600 ),
 .UNSPECIFIED. ) ;
#3969 = CARTESIAN_POINT ( 'NONE',  ( 45.73119021795182000, 10.61802652132106100, 33.38365656052618400 ) ) ;
#3970 = CARTESIAN_POINT ( 'NONE',  ( -52.25408825101862900, -12.02262004174391100, 38.73327766206423200 ) ) ;
#3971 = CARTESIAN_POINT ( 'NONE',  ( -49.73975291550919300, -11.01769771678995200, 39.00000000000000000 ) ) ;
#3972 = ORIENTED_EDGE ( 'NONE', *, *, #1022, .F. ) ;
#3973 = CARTESIAN_POINT ( 'NONE',  ( 52.41001181021050600, -12.26364806084226100, 25.23570859283376000 ) ) ;
#3974 = CARTESIAN_POINT ( 'NONE',  ( -51.64998508967818200, -8.346935188522158100, 39.03383547561037400 ) ) ;
#3975 = CARTESIAN_POINT ( 'NONE',  ( -68.53328006245722300, -9.928482100566737900, 17.74782785663397200 ) ) ;
#3976 = CARTESIAN_POINT ( 'NONE',  ( 51.41357008001254800, 7.880186196781370000, 39.17876566200521900 ) ) ;
#3977 = ADVANCED_FACE ( 'NONE', ( #1883 ), #2768, .T. ) ;
#3978 = CARTESIAN_POINT ( 'NONE',  ( -61.70521381730647900, -12.20206575098133200, 28.68431794504533600 ) ) ;
#3979 = EDGE_LOOP ( 'NONE', ( #4360, #3921, #3140, #2437, #195 ) ) ;
#3980 = CARTESIAN_POINT ( 'NONE',  ( 52.41001181021050600, 10.26396686215139000, 25.19999999999998500 ) ) ;
#3981 = CARTESIAN_POINT ( 'NONE',  ( -67.10205230322452500, 12.45996211899454100, 14.24212133630690100 ) ) ;
#3982 = AXIS2_PLACEMENT_3D ( 'NONE', #954, #1695, #4321 ) ;
#3983 = ORIENTED_EDGE ( 'NONE', *, *, #4179, .F. ) ;
#3984 = APPROVAL_ROLE ( '' ) ;
#3985 = CARTESIAN_POINT ( 'NONE',  ( 68.71965137195110200, -9.589050651050000000, 17.09460323472729100 ) ) ;
#3986 = LINE ( 'NONE', #2033, #1211 ) ;
#3987 = CARTESIAN_POINT ( 'NONE',  ( -51.81088612276866500, 8.079320096680497400, 38.60758317517826300 ) ) ;
#3988 = CARTESIAN_POINT ( 'NONE',  ( -51.63855923933269300, 12.50000000000000200, 0.0000000000000000000 ) ) ;
#3989 = DIRECTION ( 'NONE',  ( 0.0000000000000000000, 1.000000000000000000, 0.0000000000000000000 ) ) ;
#3990 = CARTESIAN_POINT ( 'NONE',  ( -67.15709681625288900, 12.49999999999999800, 11.86579104535164600 ) ) ;
#3991 = SPHERICAL_SURFACE ( 'NONE', #1093, 1.000000000000000000 ) ;
#3992 = CARTESIAN_POINT ( 'NONE',  ( 52.68516573334634500, 8.830596457195328600, 37.90701992165918500 ) ) ;
#3993 = EDGE_CURVE ( 'NONE', #3554, #3109, #4293, .T. ) ;
#3994 = CARTESIAN_POINT ( 'NONE',  ( 67.95858973541646700, -12.04366024034402800, 0.0000000000000000000 ) ) ;
#3995 = CIRCLE ( 'NONE', #827, 0.5000000000000004400 ) ;
#3996 = CARTESIAN_POINT ( 'NONE',  ( 68.07658807808198300, -11.70010652064238600, 18.71259803310329100 ) ) ;
#3997 = FACE_OUTER_BOUND ( 'NONE', #4234, .T. ) ;
#3998 = CARTESIAN_POINT ( 'NONE',  ( -68.18919136313890300, 9.212518647160726100, 18.11999028238606300 ) ) ;
#3999 = CIRCLE ( 'NONE', #2867, 39.49999999999998600 ) ;
#4000 = PERSON_AND_ORGANIZATION_ROLE ( 'creator' ) ;
#4001 = CIRCLE ( 'NONE', #1383, 1.500000000000001300 ) ;
#4002 = CARTESIAN_POINT ( 'NONE',  ( -68.55101366699143700, 10.18937841023508500, 17.51379431408204500 ) ) ;
#4003 = CARTESIAN_POINT ( 'NONE',  ( -51.00000000000000000, 12.50000000000002500, 38.84457641169642300 ) ) ;
#4004 = CARTESIAN_POINT ( 'NONE',  ( -51.50000000000000000, 7.000000000000005300, 12.00000000000000000 ) ) ;
#4005 = CARTESIAN_POINT ( 'NONE',  ( -51.91115835293106100, 12.49999999999999800, 7.036133158530349300 ) ) ;
#4006 = VERTEX_POINT ( 'NONE', #1745 ) ;
#4007 = CARTESIAN_POINT ( 'NONE',  ( -68.06546948217065600, 11.37997275191315300, 19.06392253749558900 ) ) ;
#4008 = APPROVAL_PERSON_ORGANIZATION ( #2326, #87, #2490 ) ;
#4009 = CARTESIAN_POINT ( 'NONE',  ( -53.50000000000000700, -6.999999999999990200, 12.50000000000000000 ) ) ;
#4010 = CARTESIAN_POINT ( 'NONE',  ( -67.96879860929991000, 8.500000000000007100, 12.00000000000000000 ) ) ;
#4011 = ORIENTED_EDGE ( 'NONE', *, *, #695, .T. ) ;
#4012 = CARTESIAN_POINT ( 'NONE',  ( 68.76494497582382300, -9.421289069813623100, 11.87620303275187600 ) ) ;
#4013 = CALENDAR_DATE ( 2018, 28, 8 ) ;
#4014 = ORIENTED_EDGE ( 'NONE', *, *, #1839, .T. ) ;
#4015 = CARTESIAN_POINT ( 'NONE',  ( -68.44321466331436500, -10.56706413986346100, 18.02194888822676700 ) ) ;
#4016 = CARTESIAN_POINT ( 'NONE',  ( -53.27298332612801300, -8.999999999999992900, 37.40801144513446300 ) ) ;
#4017 = CARTESIAN_POINT ( 'NONE',  ( 54.18505639269975700, -12.04619628969299300, 37.41300777716820400 ) ) ;
#4018 = CIRCLE ( 'NONE', #3316, 1.500000000000001300 ) ;
#4019 = ORIENTED_EDGE ( 'NONE', *, *, #59, .F. ) ;
#4020 = DIRECTION ( 'NONE',  ( 0.0000000000000000000, 1.000000000000000000, 0.0000000000000000000 ) ) ;
#4021 = CARTESIAN_POINT ( 'NONE',  ( 64.25000000000000000, 1.521623647940586400E-014, 4.499999999999997300 ) ) ;
#4022 = ORIENTED_EDGE ( 'NONE', *, *, #2502, .F. ) ;
#4023 =( BOUNDED_SURFACE ( )  B_SPLINE_SURFACE ( 3, 2, ( 
 ( #1803, #4379, #280 ),
 ( #4059, #2150, #2880 ),
 ( #295, #4720, #2564 ),
 ( #2184, #1459, #4754 ) ),
 .UNSPECIFIED., .F., .F., .F. ) 
 B_SPLINE_SURFACE_WITH_KNOTS ( ( 4, 4 ),
 ( 3, 3 ),
 ( 0.001985633984885741200, 0.002255631578081555800 ),
 ( 0.0000000000000000000, 1.000000000000000000 ),
 .UNSPECIFIED. ) 
 GEOMETRIC_REPRESENTATION_ITEM ( )  RATIONAL_B_SPLINE_SURFACE ( (
 ( 1.000000000000000000, 0.6068192651638169000, 1.000000000000000000),
 ( 1.000000000000000000, 0.6421131226726176600, 1.000000000000000000),
 ( 1.000000000000000000, 0.6752912599854937700, 1.000000000000000000),
 ( 1.000000000000000000, 0.7071067811865523500, 1.000000000000000000) ) ) 
 REPRESENTATION_ITEM ( '' )  SURFACE ( )  );
#4024 = CARTESIAN_POINT ( 'NONE',  ( 68.55788433305217200, -10.19191252018193000, 17.69063448586233600 ) ) ;
#4025 = TOROIDAL_SURFACE ( 'NONE', #318, 48.06250000000009900, 40.06250000000009900 ) ;
#4026 = ORIENTED_EDGE ( 'NONE', *, *, #4671, .T. ) ;
#4027 = DIRECTION ( 'NONE',  ( -0.0000000000000000000, -1.000000000000000000, 0.0000000000000000000 ) ) ;
#4028 = CARTESIAN_POINT ( 'NONE',  ( 52.15390109843945500, 8.491994986593463000, 38.71784491276543600 ) ) ;
#4029 = VERTEX_POINT ( 'NONE', #2130 ) ;
#4030 = ADVANCED_FACE ( 'NONE', ( #1240 ), #1466, .F. ) ;
#4031 = CARTESIAN_POINT ( 'NONE',  ( -50.41534067367855000, -10.77524095740010400, 26.44021340945068800 ) ) ;
#4032 = CARTESIAN_POINT ( 'NONE',  ( -68.07658807808198300, 11.70010652064239800, 18.71259803310295300 ) ) ;
#4033 = CARTESIAN_POINT ( 'NONE',  ( -68.24350687320813300, -11.20614347551859400, 18.27994298228655300 ) ) ;
#4034 = ORIENTED_EDGE ( 'NONE', *, *, #1859, .F. ) ;
#4035 = EDGE_CURVE ( 'NONE', #1471, #3573, #2746, .T. ) ;
#4036 = CARTESIAN_POINT ( 'NONE',  ( -68.56444679531951200, 10.00000000000000900, 40.00000000000000000 ) ) ;
#4037 = DIRECTION ( 'NONE',  ( -1.000000000000000000, 0.0000000000000000000, 0.0000000000000000000 ) ) ;
#4038 = CARTESIAN_POINT ( 'NONE',  ( 53.50000000000000000, 9.000000000000007100, 12.00000000000000000 ) ) ;
#4039 = ORIENTED_EDGE ( 'NONE', *, *, #2086, .T. ) ;
#4040 = CARTESIAN_POINT ( 'NONE',  ( 68.65813053895301700, -8.999999999999991100, 17.36992749532867500 ) ) ;
#4041 = CARTESIAN_POINT ( 'NONE',  ( -51.50000000000000000, 7.295153375946169300, 38.84457640967657700 ) ) ;
#4042 = CARTESIAN_POINT ( 'NONE',  ( 52.07142839369075900, -12.50000000000002000, 9.545974087339718700 ) ) ;
#4043 = AXIS2_PLACEMENT_3D ( 'NONE', #924, #4580, #3114 ) ;
#4044 = CARTESIAN_POINT ( 'NONE',  ( -47.92537975925980500, -12.10258745186264700, 34.25510269569144800 ) ) ;
#4045 = CARTESIAN_POINT ( 'NONE',  ( -52.61614975348646800, -9.220739477582581500, 38.41737668257063400 ) ) ;
#4046 = CARTESIAN_POINT ( 'NONE',  ( 41.64870354781924500, 12.08864711683769300, 35.03576145725150300 ) ) ;
#4047 = VERTEX_POINT ( 'NONE', #3586 ) ;
#4048 = CARTESIAN_POINT ( 'NONE',  ( -67.92909466477408400, -9.064183034918437800, 18.48396465486908400 ) ) ;
#4049 = CARTESIAN_POINT ( 'NONE',  ( 53.50000000000000700, -6.999999999999992000, 12.50000000000000000 ) ) ;
#4050 = ORIENTED_EDGE ( 'NONE', *, *, #1512, .F. ) ;
#4051 = CARTESIAN_POINT ( 'NONE',  ( -60.00000000000000000, 0.0000000000000000000, 12.00000000000000000 ) ) ;
#4052 = VECTOR ( 'NONE', #1094, 1000.000000000000000 ) ;
#4053 = CARTESIAN_POINT ( 'NONE',  ( -68.49627502898987100, 9.609823024778638300, 17.85782582147895100 ) ) ;
#4054 = ADVANCED_FACE ( 'NONE', ( #4577 ), #4025, .T. ) ;
#4055 = DIRECTION ( 'NONE',  ( 1.000000000000000000, 0.0000000000000000000, 0.0000000000000000000 ) ) ;
#4056 = CARTESIAN_POINT ( 'NONE',  ( 68.70798039291818800, 9.631770379426054500, 40.00000000000000000 ) ) ;
#4057 = TOROIDAL_SURFACE ( 'NONE', #4785, 35.54755500203954500, 1.000000000000000000 ) ;
#4058 = CARTESIAN_POINT ( 'NONE',  ( -68.83927383024575900, -9.139598256003049300, 11.03863533616330600 ) ) ;
#4059 = CARTESIAN_POINT ( 'NONE',  ( 68.71965962452681300, 9.589020443833362600, 17.09470643408302600 ) ) ;
#4060 = CARTESIAN_POINT ( 'NONE',  ( -48.78261446922736900, -12.11550996076251400, 33.53144219729870200 ) ) ;
#4061 = CARTESIAN_POINT ( 'NONE',  ( 44.65402653085170200, 12.07151726344314300, 35.99503324718496300 ) ) ;
#4062 = B_SPLINE_CURVE_WITH_KNOTS ( 'NONE', 3,
 ( #4233, #3884, #2395, #3868, #2425, #3524, #4595, #2827, #1348, #214, #226, #1317, #2038, #945 ),
 .UNSPECIFIED., .F., .F.,
 ( 4, 2, 2, 2, 2, 2, 4 ),
 ( 0.0000000000000000000, 0.0009014443766722952900, 0.001802888753344590600, 0.002253610941680738200, 0.002704333130016885900, 0.003155055318353033500, 0.003605777506689181200 ),
 .UNSPECIFIED. ) ;
#4063 = FACE_OUTER_BOUND ( 'NONE', #833, .T. ) ;
#4064 = CARTESIAN_POINT ( 'NONE',  ( -60.00000000000000000, 0.0000000000000000000, 40.00000000000000000 ) ) ;
#4065 = CARTESIAN_POINT ( 'NONE',  ( 50.23012300804801800, 11.01769771678998600, 39.87151429841591700 ) ) ;
#4066 = EDGE_CURVE ( 'NONE', #2575, #751, #2153, .T. ) ;
#4067 = CARTESIAN_POINT ( 'NONE',  ( -67.09123477250381000, 12.49221045019412000, 12.43621478912995000 ) ) ;
#4068 = ORIENTED_EDGE ( 'NONE', *, *, #2297, .T. ) ;
#4069 = CARTESIAN_POINT ( 'NONE',  ( 52.40625672222763100, 12.25023869195087100, 25.98663325075196100 ) ) ;
#4070 = EDGE_CURVE ( 'NONE', #70, #1066, #2121, .T. ) ;
#4071 = ORIENTED_EDGE ( 'NONE', *, *, #2021, .F. ) ;
#4072 = DIRECTION ( 'NONE',  ( 0.9354209490842553300, 0.0000000000000000000, -0.3535359218160311100 ) ) ;
#4073 = CARTESIAN_POINT ( 'NONE',  ( 43.57943824633743200, 12.06606584225228600, 36.30031283387294400 ) ) ;
#4074 = ORIENTED_EDGE ( 'NONE', *, *, #719, .F. ) ;
#4075 = DIRECTION ( 'NONE',  ( 0.9510702808115404400, 0.0000000000000000000, 0.3089746283387322900 ) ) ;
#4076 = VERTEX_POINT ( 'NONE', #2154 ) ;
#4077 = DIRECTION ( 'NONE',  ( 0.0000000000000000000, -0.0000000000000000000, 1.000000000000000000 ) ) ;
#4078 = AXIS2_PLACEMENT_3D ( 'NONE', #156, #922, #908 ) ;
#4079 = CARTESIAN_POINT ( 'NONE',  ( -68.03753866803390300, 11.81566549938449700, 12.41836049271258500 ) ) ;
#4080 = DIRECTION ( 'NONE',  ( 0.0000000000000000000, 0.0000000000000000000, 1.000000000000000000 ) ) ;
#4081 = CIRCLE ( 'NONE', #1617, 39.99999999999999300 ) ;
#4082 = ORIENTED_EDGE ( 'NONE', *, *, #3629, .F. ) ;
#4083 = CARTESIAN_POINT ( 'NONE',  ( -68.40101074168924800, -10.70512155681210400, 17.84817256163444600 ) ) ;
#4084 =( BOUNDED_SURFACE ( )  B_SPLINE_SURFACE ( 3, 2, ( 
 ( #444, #2591, #3034 ),
 ( #3392, #2630, #1497 ),
 ( #406, #1166, #3004 ),
 ( #2661, #783, #2613 ) ),
 .UNSPECIFIED., .F., .F., .T. ) 
 B_SPLINE_SURFACE_WITH_KNOTS ( ( 4, 4 ),
 ( 3, 3 ),
 ( 0.01716216458664881000, 0.01914407025054540600 ),
 ( 0.0000000000000000000, 1.000000000000000000 ),
 .UNSPECIFIED. ) 
 GEOMETRIC_REPRESENTATION_ITEM ( )  RATIONAL_B_SPLINE_SURFACE ( (
 ( 1.000000000000000000, 0.9713343707958201900, 1.000000000000000000),
 ( 1.000000000000000000, 0.9734500569143330600, 1.000000000000000000),
 ( 1.000000000000000000, 0.9754540996221539000, 1.000000000000000000),
 ( 1.000000000000000000, 0.9773319305459372600, 1.000000000000000000) ) ) 
 REPRESENTATION_ITEM ( '' )  SURFACE ( )  );
#4085 = DIRECTION ( 'NONE',  ( 1.000000000000000000, 1.301042606982605600E-016, 0.0000000000000000000 ) ) ;
#4086 = ORIENTED_EDGE ( 'NONE', *, *, #1582, .F. ) ;
#4087 = CARTESIAN_POINT ( 'NONE',  ( -68.56444679531951200, -10.00000000000002500, 17.55717452031219800 ) ) ;
#4088 = CARTESIAN_POINT ( 'NONE',  ( 67.11376807744999000, 12.50000000000002100, 11.98254744799051300 ) ) ;
#4089 = VERTEX_POINT ( 'NONE', #4725 ) ;
#4090 = CARTESIAN_POINT ( 'NONE',  ( -45.00916623882979900, -12.07377757343192000, 35.86845588781203300 ) ) ;
#4091 = EDGE_CURVE ( 'NONE', #1756, #4290, #4184, .T. ) ;
#4092 = ORIENTED_EDGE ( 'NONE', *, *, #2263, .T. ) ;
#4093 = CARTESIAN_POINT ( 'NONE',  ( -67.01368415085953200, -12.71614945260380700, -0.1043693458105329500 ) ) ;
#4094 = DIRECTION ( 'NONE',  ( -1.000000000000000000, 0.0000000000000000000, 0.0000000000000000000 ) ) ;
#4095 = EDGE_CURVE ( 'NONE', #605, #688, #1088, .T. ) ;
#4096 = ORIENTED_EDGE ( 'NONE', *, *, #663, .F. ) ;
#4097 = CARTESIAN_POINT ( 'NONE',  ( -64.72117267288025700, -11.22480319030517000, 27.97622556318379600 ) ) ;
#4098 = ORIENTED_EDGE ( 'NONE', *, *, #4539, .T. ) ;
#4099 = CARTESIAN_POINT ( 'NONE',  ( 67.08836330536755100, 12.50000000000001800, 12.00000000000000000 ) ) ;
#4100 = CARTESIAN_POINT ( 'NONE',  ( -51.79127077855932300, -12.19813861852292500, 28.90423736271623400 ) ) ;
#4101 = CARTESIAN_POINT ( 'NONE',  ( 47.72931642185768200, 12.13568529823272800, 32.40162329896195100 ) ) ;
#4102 = CARTESIAN_POINT ( 'NONE',  ( -68.50733817913923900, -9.822504668732257500, 17.82491894863988000 ) ) ;
#4103 = DIRECTION ( 'NONE',  ( -1.000000000000000000, 0.0000000000000000000, 0.0000000000000000000 ) ) ;
#4104 = CARTESIAN_POINT ( 'NONE',  ( 78.75714233722750600, -8.999999999999989300, 12.00000000000000000 ) ) ;
#4105 = CARTESIAN_POINT ( 'NONE',  ( 68.22565626216592700, -8.999999999999991100, 12.00000000000000000 ) ) ;
#4106 = FACE_OUTER_BOUND ( 'NONE', #4298, .T. ) ;
#4107 = DIRECTION ( 'NONE',  ( -1.000000000000000000, 0.0000000000000000000, -0.0000000000000000000 ) ) ;
#4108 = CARTESIAN_POINT ( 'NONE',  ( 49.57148573961440300, 12.12951918673499900, 32.74692554284087700 ) ) ;
#4109 = CYLINDRICAL_SURFACE ( 'NONE', #2115, 0.5000000000000004400 ) ;
#4110 = FACE_BOUND ( 'NONE', #180, .T. ) ;
#4111 = CARTESIAN_POINT ( 'NONE',  ( 68.22565625055617000, -8.999999999999991100, 17.03986509002312000 ) ) ;
#4112 = CARTESIAN_POINT ( 'NONE',  ( -44.15684744673422600, -12.09778384440995100, 34.52410471303332400 ) ) ;
#4113 = EDGE_CURVE ( 'NONE', #4640, #3794, #2330, .T. ) ;
#4114 = AXIS2_PLACEMENT_3D ( 'NONE', #3369, #4444, #4103 ) ;
#4115 = CARTESIAN_POINT ( 'NONE',  ( 67.18834500149040400, -12.50000000000001400, 11.71215621973864400 ) ) ;
#4116 = DIRECTION ( 'NONE',  ( -1.272857920698121200E-016, 1.000000000000000000, 0.0000000000000000000 ) ) ;
#4117 = CARTESIAN_POINT ( 'NONE',  ( -67.63291676756553300, 12.50000000000000000, 0.0000000000000000000 ) ) ;
#4118 = ORIENTED_EDGE ( 'NONE', *, *, #4794, .F. ) ;
#4119 = EDGE_CURVE ( 'NONE', #4640, #1520, #1815, .T. ) ;
#4120 = CARTESIAN_POINT ( 'NONE',  ( -67.56444679531951200, 9.000000000000007100, 12.50000000000000000 ) ) ;
#4121 = DIRECTION ( 'NONE',  ( 0.0000000000000000000, 0.0000000000000000000, 1.000000000000000000 ) ) ;
#4122 = VERTEX_POINT ( 'NONE', #619 ) ;
#4123 = ORIENTED_EDGE ( 'NONE', *, *, #3934, .F. ) ;
#4124 = DIRECTION ( 'NONE',  ( -0.0000000000000000000, -0.0000000000000000000, -1.000000000000000000 ) ) ;
#4125 = DESIGN_CONTEXT ( 'detailed design', #273, 'design' ) ;
#4126 = CARTESIAN_POINT ( 'NONE',  ( 68.65813053895303100, 9.500000000000010700, 17.36992749532870300 ) ) ;
#4127 = CARTESIAN_POINT ( 'NONE',  ( -41.00000000000000000, -12.08864711681942900, 35.03576145811133800 ) ) ;
#4128 = ORIENTED_EDGE ( 'NONE', *, *, #2206, .F. ) ;
#4129 = ORIENTED_EDGE ( 'NONE', *, *, #1896, .F. ) ;
#4130 = DIRECTION ( 'NONE',  ( -1.000000000000000000, -1.317511500741879200E-016, 0.0000000000000000000 ) ) ;
#4131 = DIRECTION ( 'NONE',  ( 0.0000000000000000000, 1.000000000000000000, 0.0000000000000000000 ) ) ;
#4132 = CARTESIAN_POINT ( 'NONE',  ( 46.72568577078585900, 12.12112743402253500, 33.21686369475966000 ) ) ;
#4133 = CARTESIAN_POINT ( 'NONE',  ( -67.96879860929992400, -8.499999999999989300, 12.00000000000000000 ) ) ;
#4134 = CARTESIAN_POINT ( 'NONE',  ( 68.22565626216592700, -9.499999999999991100, 12.50000000000000000 ) ) ;
#4135 = EDGE_LOOP ( 'NONE', ( #894, #2983, #1143, #4353 ) ) ;
#4136 = DIRECTION ( 'NONE',  ( -0.0000000000000000000, 0.0000000000000000000, -1.000000000000000000 ) ) ;
#4137 = CARTESIAN_POINT ( 'NONE',  ( -67.56444679531951200, -8.999999999999991100, 14.83352617392979400 ) ) ;
#4138 = CARTESIAN_POINT ( 'NONE',  ( 64.25000000000000000, 1.521623647940586400E-014, 0.0000000000000000000 ) ) ;
#4139 = CARTESIAN_POINT ( 'NONE',  ( 68.88090116817929200, 8.996859149452978600, 12.41453609428631900 ) ) ;
#4140 = ORIENTED_EDGE ( 'NONE', *, *, #1455, .T. ) ;
#4141 = CARTESIAN_POINT ( 'NONE',  ( -44.04992404006738100, 10.60118933827043200, 34.12647110742661000 ) ) ;
#4142 = CARTESIAN_POINT ( 'NONE',  ( 89.06250000000009900, -4.336808689942017700E-015, 25.19999999999998900 ) ) ;
#4143 = CARTESIAN_POINT ( 'NONE',  ( -54.19290126149924400, 11.06059952700262400, 37.40741032716935900 ) ) ;
#4144 = ORIENTED_EDGE ( 'NONE', *, *, #1388, .T. ) ;
#4145 = DIRECTION ( 'NONE',  ( -1.000000000000000000, 0.0000000000000000000, 0.0000000000000000000 ) ) ;
#4146 = CARTESIAN_POINT ( 'NONE',  ( -42.28661096394646500, -12.08977518249337300, 34.97258978038351500 ) ) ;
#4147 = CARTESIAN_POINT ( 'NONE',  ( 67.28962403947173200, -12.50000000000001600, 10.77735386034435900 ) ) ;
#4148 = ORIENTED_EDGE ( 'NONE', *, *, #2001, .F. ) ;
#4149 = DIRECTION ( 'NONE',  ( 0.0000000000000000000, -0.0000000000000000000, 1.000000000000000000 ) ) ;
#4150 = EDGE_CURVE ( 'NONE', #1598, #746, #81, .T. ) ;
#4151 = B_SPLINE_CURVE_WITH_KNOTS ( 'NONE', 3,
 ( #3180, #1331, #1375, #3200, #1346, #3935, #640, #212, #3969, #1705, #3590, #1750, #2108, #1736, #613, #2841, #4326, #2135, #2791, #4664, #1362, #2461, #3559 ),
 .UNSPECIFIED., .F., .F.,
 ( 4, 2, 2, 2, 2, 2, 2, 2, 1, 2, 2, 4 ),
 ( 0.0000000000000000000, 0.001844855762623091900, 0.002767283643934640100, 0.003689711525246188200, 0.005534567287869272500, 0.007379423050492356400, 0.009224278813115442000, 0.01014670669442698800, 0.01106913457573853300, 0.01199156245705007900, 0.01291399033836162500, 0.01475884610098471300 ),
 .UNSPECIFIED. ) ;
#4152 = DIRECTION ( 'NONE',  ( 1.000000000000000000, 0.0000000000000000000, 0.0000000000000000000 ) ) ;
#4153 = CARTESIAN_POINT ( 'NONE',  ( 52.21394114361368800, -8.963567770352986100, 38.67874317875794800 ) ) ;
#4154 = EDGE_LOOP ( 'NONE', ( #951, #4098, #4129, #3066 ) ) ;
#4155 = EDGE_CURVE ( 'NONE', #3411, #845, #3660, .T. ) ;
#4156 = ORIENTED_EDGE ( 'NONE', *, *, #3351, .T. ) ;
#4157 = CARTESIAN_POINT ( 'NONE',  ( 68.35479000762973100, -8.758035260145181400, 12.05226640111306900 ) ) ;
#4158 = CARTESIAN_POINT ( 'NONE',  ( -57.79631780232301000, 11.11209940494457600, 34.44946861985231100 ) ) ;
#4159 = FACE_OUTER_BOUND ( 'NONE', #131, .T. ) ;
#4160 = CARTESIAN_POINT ( 'NONE',  ( -67.12921572777867100, 11.37997275191315300, 18.71259803310267200 ) ) ;
#4161 = CARTESIAN_POINT ( 'NONE',  ( -68.93978954269491100, -8.739116304891066300, 11.00000000000000200 ) ) ;
#4162 =( BOUNDED_SURFACE ( )  B_SPLINE_SURFACE ( 3, 2, ( 
 ( #3435, #1894, #3781 ),
 ( #4475, #471, #97 ),
 ( #2249, #1209, #1914 ),
 ( #3046, #4459, #1492 ),
 ( #417, #3027, #1178 ),
 ( #1195, #2623, #3765 ),
 ( #3062, #1559, #4153 ),
 ( #1947, #400, #2282 ),
 ( #2997, #791, #777 ),
 ( #3013, #3385, #1161 ),
 ( #3751, #1524, #58 ),
 ( #1267, #1641, #2379 ),
 ( #487, #2027, #4569 ),
 ( #886, #1576, #150 ) ),
 .UNSPECIFIED., .F., .F., .F. ) 
 B_SPLINE_SURFACE_WITH_KNOTS ( ( 4, 2, 2, 2, 2, 2, 4 ),
 ( 3, 3 ),
 ( 0.0000000000000000000, 0.001073391206998078300, 0.001610086810497117500, 0.002146782413996156700, 0.002683478017495195800, 0.003220173620994235000, 0.004293564827992313300 ),
 ( 0.0000000000000000000, 1.000000000000000000 ),
 .UNSPECIFIED. ) 
 GEOMETRIC_REPRESENTATION_ITEM ( )  RATIONAL_B_SPLINE_SURFACE ( (
 ( 1.000000000000000000, 0.7071067811865446900, 1.000000000000000000),
 ( 1.000000000000000000, 0.7313617526213679300, 1.000000000000000000),
 ( 1.000000000000000000, 0.7531138064145971300, 1.000000000000000000),
 ( 1.000000000000000000, 0.7828168819300954700, 1.000000000000000000),
 ( 1.000000000000000000, 0.7922332351912496600, 1.000000000000000000),
 ( 1.000000000000000000, 0.8094833026270692500, 1.000000000000000000),
 ( 1.000000000000000000, 0.8174164326838797600, 1.000000000000000000),
 ( 1.000000000000000000, 0.8319873024201327500, 1.000000000000000000),
 ( 1.000000000000000000, 0.8385248765997822500, 1.000000000000000000),
 ( 1.000000000000000000, 0.8498004937077857600, 1.000000000000000000),
 ( 1.000000000000000000, 0.8546156279437093800, 1.000000000000000000),
 ( 1.000000000000000000, 0.8665569240602244400, 1.000000000000000000),
 ( 1.000000000000000000, 0.8705956943367385600, 1.000000000000000000),
 ( 1.000000000000000000, 0.8706514416396591300, 1.000000000000000000) ) ) 
 REPRESENTATION_ITEM ( '' )  SURFACE ( )  );
#4163 = VECTOR ( 'NONE', #3201, 1000.000000000000000 ) ;
#4164 = CARTESIAN_POINT ( 'NONE',  ( 68.76490029446246400, 9.421452974840290700, 11.87648620776188800 ) ) ;
#4165 = LINE ( 'NONE', #223, #3336 ) ;
#4166 = CARTESIAN_POINT ( 'NONE',  ( 51.66923189124755600, -12.19213078478111700, 29.24067605225743800 ) ) ;
#4167 = CARTESIAN_POINT ( 'NONE',  ( -46.69725306090011000, 12.08799470631510800, 35.07229644635488300 ) ) ;
#4168 = CYLINDRICAL_SURFACE ( 'NONE', #1304, 40.06250000000011400 ) ;
#4169 = CARTESIAN_POINT ( 'NONE',  ( -67.95858973541646700, -12.04366024034402500, 0.0000000000000000000 ) ) ;
#4170 = ADVANCED_FACE ( 'NONE', ( #2167 ), #639, .T. ) ;
#4171 = CARTESIAN_POINT ( 'NONE',  ( 51.85857955904278100, -8.625345247072260700, 38.90398265587391100 ) ) ;
#4172 = CARTESIAN_POINT ( 'NONE',  ( -54.18505639271818800, 12.04619628968737500, 37.41300777716883600 ) ) ;
#4173 = CIRCLE ( 'NONE', #879, 40.06250000000009900 ) ;
#4174 = CARTESIAN_POINT ( 'NONE',  ( 49.97186727891764900, -10.73472160338292400, 28.23102606165406700 ) ) ;
#4175 = ORIENTED_EDGE ( 'NONE', *, *, #4764, .F. ) ;
#4176 = CARTESIAN_POINT ( 'NONE',  ( -68.89968227263371100, 9.000000000000007100, 12.50000000000000200 ) ) ;
#4177 = CARTESIAN_POINT ( 'NONE',  ( 50.61988474604488900, -11.27693392223161300, 0.0000000000000000000 ) ) ;
#4178 = CARTESIAN_POINT ( 'NONE',  ( -68.57201004351030300, 10.11640712993830200, 11.81779748261367000 ) ) ;
#4179 = EDGE_CURVE ( 'NONE', #4531, #4366, #2952, .T. ) ;
#4180 = DIRECTION ( 'NONE',  ( 1.000000000000000000, 1.279371724516979300E-016, 0.0000000000000000000 ) ) ;
#4181 = EDGE_LOOP ( 'NONE', ( #84, #2292, #630, #1418, #1052, #1291, #1149, #2383, #3913, #3164, #1436, #2415 ) ) ;
#4182 = ORIENTED_EDGE ( 'NONE', *, *, #4236, .F. ) ;
#4183 = CARTESIAN_POINT ( 'NONE',  ( 68.48352008316254600, -8.499999999999989300, 12.00000000000000000 ) ) ;
#4184 = CIRCLE ( 'NONE', #3738, 0.5000000000000004400 ) ;
#4185 = EDGE_LOOP ( 'NONE', ( #1281, #1246, #3612, #4396, #1529, #998, #3828, #880, #3490 ) ) ;
#4186 = CARTESIAN_POINT ( 'NONE',  ( 46.00078990498221300, -10.62206798874039700, 33.20531860080628000 ) ) ;
#4187 = CARTESIAN_POINT ( 'NONE',  ( 68.51624952512470700, -10.33357016591570800, 17.52871667775868800 ) ) ;
#4188 = CARTESIAN_POINT ( 'NONE',  ( -68.53328006245722300, 9.928482100566730800, 17.74782785663396500 ) ) ;
#4189 = DIRECTION ( 'NONE',  ( 3.854941057726238100E-016, -1.000000000000000000, 0.0000000000000000000 ) ) ;
#4190 = CARTESIAN_POINT ( 'NONE',  ( -67.63291676756553300, 12.50000000000000000, 0.0000000000000000000 ) ) ;
#4191 = AXIS2_PLACEMENT_3D ( 'NONE', #410, #3005, #4145 ) ;
#4192 = CARTESIAN_POINT ( 'NONE',  ( -68.74516808512491700, 9.494993678201485200, 11.18897439913827600 ) ) ;
#4193 = ORIENTED_EDGE ( 'NONE', *, *, #2065, .F. ) ;
#4194 = DIRECTION ( 'NONE',  ( -1.000000000000000000, -1.272857920698121500E-016, 0.0000000000000000000 ) ) ;
#4195 = CARTESIAN_POINT ( 'NONE',  ( -42.24031789138513900, 10.59126855387886800, 34.56408948538500400 ) ) ;
#4196 = ORIENTED_EDGE ( 'NONE', *, *, #4724, .F. ) ;
#4197 = CARTESIAN_POINT ( 'NONE',  ( 51.41576286524489300, -7.886541556126808000, 39.17743654010577400 ) ) ;
#4198 = CARTESIAN_POINT ( 'NONE',  ( 68.06546948217065600, 11.37997275191314400, 19.06392253749558600 ) ) ;
#4199 = CARTESIAN_POINT ( 'NONE',  ( -67.24031739525395300, 12.33464040124210500, 21.26013753034460100 ) ) ;
#4200 = CARTESIAN_POINT ( 'NONE',  ( 59.46838989580644600, 11.14059793776846000, 32.81262981138635800 ) ) ;
#4201 = VERTEX_POINT ( 'NONE', #4432 ) ;
#4202 = DIRECTION ( 'NONE',  ( 0.0000000000000000000, -0.0000000000000000000, 1.000000000000000000 ) ) ;
#4203 = CARTESIAN_POINT ( 'NONE',  ( -67.56444679797330400, 9.000000000000007100, 12.43265491039285700 ) ) ;
#4204 = EDGE_CURVE ( 'NONE', #774, #2381, #4698, .T. ) ;
#4205 = ORIENTED_EDGE ( 'NONE', *, *, #590, .F. ) ;
#4206 = TOROIDAL_SURFACE ( 'NONE', #3550, 39.49999999999998600, 0.5000000000000000000 ) ;
#4207 = ADVANCED_FACE ( 'NONE', ( #4757 ), #1289, .T. ) ;
#4208 = CARTESIAN_POINT ( 'NONE',  ( 60.00000000000000000, 1.469576158976823700E-014, 12.00000000000000000 ) ) ;
#4209 = LINE ( 'NONE', #292, #3016 ) ;
#4210 =( BOUNDED_SURFACE ( )  B_SPLINE_SURFACE ( 3, 2, ( 
 ( #3256, #2201, #43 ),
 ( #2638, #3325, #399 ),
 ( #1112, #1893, #3736 ),
 ( #4048, #370, #4430 ),
 ( #2932, #2943, #3367 ),
 ( #2233, #3708, #12 ),
 ( #3689, #4458, #2603 ),
 ( #3352, #2215, #350 ),
 ( #386, #1100, #2975 ),
 ( #1448, #2264, #4102 ),
 ( #715, #761, #2248 ),
 ( #733, #1830, #26 ) ),
 .UNSPECIFIED., .F., .F., .T. ) 
 B_SPLINE_SURFACE_WITH_KNOTS ( ( 4, 2, 2, 2, 2, 4 ),
 ( 3, 3 ),
 ( 0.001013433030043959700, 0.001406793408024781000, 0.001800153786005602500, 0.002193514163986424000, 0.002390194352976834400, 0.002586874541967245200 ),
 ( 0.0000000000000000000, 1.000000000000000000 ),
 .UNSPECIFIED. ) 
 GEOMETRIC_REPRESENTATION_ITEM ( )  RATIONAL_B_SPLINE_SURFACE ( (
 ( 1.000000000000000000, 0.7071067811865383600, 1.000000000000000000),
 ( 1.000000000000000000, 0.7380012737481895800, 1.000000000000000000),
 ( 1.000000000000000000, 0.7664421304919322200, 1.000000000000000000),
 ( 1.000000000000000000, 0.8197875355854729000, 1.000000000000000000),
 ( 1.000000000000000000, 0.8446929064894985700, 1.000000000000000000),
 ( 1.000000000000000000, 0.8917264350992715200, 1.000000000000000000),
 ( 1.000000000000000000, 0.9140530466185695600, 1.000000000000000000),
 ( 1.000000000000000000, 0.9445633741560540700, 1.000000000000000000),
 ( 1.000000000000000000, 0.9543266068754161500, 1.000000000000000000),
 ( 1.000000000000000000, 0.9718958992388652100, 1.000000000000000000),
 ( 1.000000000000000000, 0.9799525293243728200, 1.000000000000000000),
 ( 1.000000000000000000, 0.9844292122057386500, 1.000000000000000000) ) ) 
 REPRESENTATION_ITEM ( '' )  SURFACE ( )  );
#4211 = CARTESIAN_POINT ( 'NONE',  ( -49.73975291550908700, -11.01769771678995200, 39.00000000000000700 ) ) ;
#4212 = AXIS2_PLACEMENT_3D ( 'NONE', #3077, #3453, #4180 ) ;
#4213 = CARTESIAN_POINT ( 'NONE',  ( -67.56444679531951200, 9.000000000000007100, 12.50000000000000000 ) ) ;
#4214 = LINE ( 'NONE', #1925, #1864 ) ;
#4215 = DIRECTION ( 'NONE',  ( 0.4903700925388075300, 0.0000000000000000000, 0.8715142984159705000 ) ) ;
#4216 = CARTESIAN_POINT ( 'NONE',  ( 68.90515633973925000, 8.879441479385755900, 11.52536934610844600 ) ) ;
#4217 = VERTEX_POINT ( 'NONE', #3314 ) ;
#4218 = PLANE ( 'NONE',  #4212 ) ;
#4219 = FACE_OUTER_BOUND ( 'NONE', #2134, .T. ) ;
#4220 = CARTESIAN_POINT ( 'NONE',  ( -41.00000000000000700, -10.58988809039667500, 34.62497709178452300 ) ) ;
#4221 = ORIENTED_EDGE ( 'NONE', *, *, #4472, .F. ) ;
#4222 = CARTESIAN_POINT ( 'NONE',  ( -60.00000000000000000, 0.0000000000000000000, 12.00000000000000000 ) ) ;
#4223 = ORIENTED_EDGE ( 'NONE', *, *, #3010, .T. ) ;
#4224 = EDGE_CURVE ( 'NONE', #2639, #2708, #4391, .T. ) ;
#4225 = FACE_OUTER_BOUND ( 'NONE', #1831, .T. ) ;
#4226 = VERTEX_POINT ( 'NONE', #2962 ) ;
#4227 = CARTESIAN_POINT ( 'NONE',  ( 49.73975291550919300, -12.01753831613539500, 39.01785429641683600 ) ) ;
#4228 = CARTESIAN_POINT ( 'NONE',  ( -50.61988474604488200, 11.27693392223158100, -1.372791119307861700E-016 ) ) ;
#4229 = ADVANCED_FACE ( 'NONE', ( #604 ), #4490, .F. ) ;
#4230 = CARTESIAN_POINT ( 'NONE',  ( 52.10802764393292800, -12.21761986013408600, 27.81328783249117400 ) ) ;
#4231 = FACE_BOUND ( 'NONE', #3584, .T. ) ;
#4232 = ORIENTED_EDGE ( 'NONE', *, *, #4451, .T. ) ;
#4233 = CARTESIAN_POINT ( 'NONE',  ( 53.50000000000000000, 9.000000000000007100, 37.20630521974641900 ) ) ;
#4234 = EDGE_LOOP ( 'NONE', ( #4712, #3843, #3133 ) ) ;
#4235 = CARTESIAN_POINT ( 'NONE',  ( -67.87921673902873500, 8.621256451429225400, 11.99999999999999600 ) ) ;
#4236 = EDGE_CURVE ( 'NONE', #4122, #4758, #4018, .T. ) ;
#4237 = CARTESIAN_POINT ( 'NONE',  ( -52.47702185195778000, 12.50000000000001800, 12.00000000000000000 ) ) ;
#4238 = CARTESIAN_POINT ( 'NONE',  ( 68.71142809393204200, 9.619141732249067500, 16.93829096777849600 ) ) ;
#4239 = AXIS2_PLACEMENT_3D ( 'NONE', #2668, #835, #2703 ) ;
#4240 = ORIENTED_EDGE ( 'NONE', *, *, #1785, .F. ) ;
#4241 = CARTESIAN_POINT ( 'NONE',  ( -47.48973048106026300, -12.13184412157163400, 32.61672919198451100 ) ) ;
#4242 = DIRECTION ( 'NONE',  ( 1.000000000000000000, 0.0000000000000000000, 0.0000000000000000000 ) ) ;
#4243 = DIRECTION ( 'NONE',  ( -0.0000000000000000000, -1.000000000000000000, -0.0000000000000000000 ) ) ;
#4244 = CARTESIAN_POINT ( 'NONE',  ( 51.91118588993062100, 12.50000000000001400, 7.036665854061022100 ) ) ;
#4245 = CARTESIAN_POINT ( 'NONE',  ( -100.0000000000000000, 12.50000000000001800, 12.00000000000000000 ) ) ;
#4246 = CARTESIAN_POINT ( 'NONE',  ( 68.07658807808198300, 11.70010652064239100, 18.71259803310326900 ) ) ;
#4247 = EDGE_LOOP ( 'NONE', ( #92, #2191, #4345, #1955 ) ) ;
#4248 = CARTESIAN_POINT ( 'NONE',  ( -51.99811130373003500, 8.327740107938256000, 38.46176446439140100 ) ) ;
#4249 = AXIS2_PLACEMENT_3D ( 'NONE', #4049, #2571, #1301 ) ;
#4250 = CARTESIAN_POINT ( 'NONE',  ( 48.52578057929052600, -12.11093572343387600, 33.78759948770240800 ) ) ;
#4251 = ORIENTED_EDGE ( 'NONE', *, *, #4155, .F. ) ;
#4252 = DIRECTION ( 'NONE',  ( -0.0000000000000000000, -0.0000000000000000000, 1.000000000000000000 ) ) ;
#4253 = CARTESIAN_POINT ( 'NONE',  ( -52.10404653264340900, -12.21730991030079300, 27.83064502315570700 ) ) ;
#4254 = ADVANCED_FACE ( 'NONE', ( #1578 ), #3671, .F. ) ;
#4255 = CARTESIAN_POINT ( 'NONE',  ( -68.07658807808198300, 11.70010652064240000, 18.71259803310266200 ) ) ;
#4256 = VERTEX_POINT ( 'NONE', #1882 ) ;
#4257 = CARTESIAN_POINT ( 'NONE',  ( -52.41001181021047000, -12.26364806084225400, 25.23570859283437400 ) ) ;
#4258 = CARTESIAN_POINT ( 'NONE',  ( -50.23012300804800400, 11.01769771678998600, 39.87151429841591700 ) ) ;
#4259 = DIRECTION ( 'NONE',  ( -0.0000000000000000000, -0.0000000000000000000, 1.000000000000000000 ) ) ;
#4260 = VERTEX_POINT ( 'NONE', #4120 ) ;
#4261 = CARTESIAN_POINT ( 'NONE',  ( -53.50000000000000000, 7.000000000000006200, 12.50000000000000000 ) ) ;
#4262 = CARTESIAN_POINT ( 'NONE',  ( 49.00000000000000000, -4.336808689942017700E-015, 0.0000000000000000000 ) ) ;
#4263 = DIRECTION ( 'NONE',  ( 0.0000000000000000000, -0.0000000000000000000, -1.000000000000000000 ) ) ;
#4264 = EDGE_CURVE ( 'NONE', #2020, #661, #831, .T. ) ;
#4265 = B_SPLINE_CURVE_WITH_KNOTS ( 'NONE', 3,
 ( #711, #4002, #2561, #276 ),
 .UNSPECIFIED., .F., .F.,
 ( 4, 4 ),
 ( -6.834398765403420400E-006, 0.0002883189544653452700 ),
 .UNSPECIFIED. ) ;
#4266 = AXIS2_PLACEMENT_3D ( 'NONE', #4416, #2231, #2994 ) ;
#4267 = CIRCLE ( 'NONE', #2969, 7.600000000000002300 ) ;
#4268 = CARTESIAN_POINT ( 'NONE',  ( -78.75714233722750600, -8.999999999999989300, 12.00000000000000000 ) ) ;
#4269 = CARTESIAN_POINT ( 'NONE',  ( 48.40777527028357200, -12.14807148321220300, 31.70799694014001300 ) ) ;
#4270 = DIRECTION ( 'NONE',  ( -1.000000000000000000, 0.0000000000000000000, 0.0000000000000000000 ) ) ;
#4271 = LINE ( 'NONE', #474, #809 ) ;
#4272 = CARTESIAN_POINT ( 'NONE',  ( -100.0000000000000000, -12.50000000000002700, 12.00000000000000700 ) ) ;
#4273 = AXIS2_PLACEMENT_3D ( 'NONE', #3502, #4259, #3859 ) ;
#4274 = CIRCLE ( 'NONE', #181, 0.9999999999999991100 ) ;
#4275 = CARTESIAN_POINT ( 'NONE',  ( -52.00000000000000000, 9.000000000000007100, 12.50000000000000000 ) ) ;
#4276 = CIRCLE ( 'NONE', #311, 40.06250000000011400 ) ;
#4277 = CARTESIAN_POINT ( 'NONE',  ( -68.07658807808196900, -11.70010652064242900, 18.71259803310146100 ) ) ;
#4278 = ADVANCED_FACE ( 'NONE', ( #4231, #2634 ), #419, .T. ) ;
#4279 = CIRCLE ( 'NONE', #69, 0.5000000000000017800 ) ;
#4280 = CARTESIAN_POINT ( 'NONE',  ( 52.45242512562059300, 12.41510544222480300, 16.75409523541306800 ) ) ;
#4281 = CARTESIAN_POINT ( 'NONE',  ( 41.00000000000000700, -12.06090092888055300, 36.58954798268833700 ) ) ;
#4282 = ORIENTED_EDGE ( 'NONE', *, *, #1629, .T. ) ;
#4283 = CARTESIAN_POINT ( 'NONE',  ( -68.39106652293722300, -9.641428665786321500, 18.16420138091522700 ) ) ;
#4284 = DATE_AND_TIME ( #2219, #175 ) ;
#4285 = DIRECTION ( 'NONE',  ( 0.0000000000000000000, 0.0000000000000000000, 1.000000000000000000 ) ) ;
#4286 = AXIS2_PLACEMENT_3D ( 'NONE', #3871, #4653, #1660 ) ;
#4287 = CARTESIAN_POINT ( 'NONE',  ( -45.18636405844457500, -10.61145874921598200, 33.67342594510664400 ) ) ;
#4288 = CARTESIAN_POINT ( 'NONE',  ( -63.03304822555252700, -12.23519347397723000, 26.82916545727519500 ) ) ;
#4289 = ORIENTED_EDGE ( 'NONE', *, *, #1141, .F. ) ;
#4290 = VERTEX_POINT ( 'NONE', #4460 ) ;
#4291 = EDGE_CURVE ( 'NONE', #4426, #2684, #3725, .T. ) ;
#4292 = DIRECTION ( 'NONE',  ( -0.0000000000000000000, -0.0000000000000000000, -1.000000000000000000 ) ) ;
#4293 = CIRCLE ( 'NONE', #3557, 0.9999999999999958900 ) ;
#4294 = VERTEX_POINT ( 'NONE', #4446 ) ;
#4295 = CARTESIAN_POINT ( 'NONE',  ( -51.75826314643623500, 7.993575615888519600, 38.64808535593437700 ) ) ;
#4296 = B_SPLINE_CURVE_WITH_KNOTS ( 'NONE', 3,
 ( #4237, #248, #1781, #1377, #3622, #1364, #4365, #4314, #4347, #3238, #4684, #698, #2476, #1395, #643, #3252, #4005, #262, #3292, #3988 ),
 .UNSPECIFIED., .F., .F.,
 ( 4, 2, 2, 2, 2, 2, 2, 2, 2, 4 ),
 ( 0.0000000000000000000, 4.764265472327130100E-005, 9.528530944654260200E-005, 0.0001905706188930852000, 0.0003811412377861686700, 0.0007622824755723400600, 0.001524564951144683200, 0.003049129902289371500, 0.006098259804578748200, 0.01219651960915750000 ),
 .UNSPECIFIED. ) ;
#4297 = CARTESIAN_POINT ( 'NONE',  ( 68.70250397702891100, -9.545609735160370600, 17.23333939280933400 ) ) ;
#4298 = EDGE_LOOP ( 'NONE', ( #721, #854, #204, #4412, #136 ) ) ;
#4299 = EDGE_CURVE ( 'NONE', #3241, #101, #3968, .T. ) ;
#4300 = CARTESIAN_POINT ( 'NONE',  ( 45.70502884217480500, -12.07891364565335700, 35.58083584341145000 ) ) ;
#4301 =( BOUNDED_CURVE ( )  B_SPLINE_CURVE ( 3, ( #977, #3951, #1316, #1010 ),
 .UNSPECIFIED., .F., .F. ) 
 B_SPLINE_CURVE_WITH_KNOTS ( ( 4, 4 ),
 ( 0.5125143568066027300, 1.211810912706783100 ),
 .UNSPECIFIED. ) 
 CURVE ( )  GEOMETRIC_REPRESENTATION_ITEM ( )  RATIONAL_B_SPLINE_CURVE ( ( 1.000000000000000000, 0.9596621729736618500, 0.9596621729736618500, 1.000000000000000000 ) ) 
 REPRESENTATION_ITEM ( '' )  );
#4302 = CARTESIAN_POINT ( 'NONE',  ( -51.21841883196171400, -12.17375778921013000, 30.26956380423261500 ) ) ;
#4303 = ORIENTED_EDGE ( 'NONE', *, *, #3864, .T. ) ;
#4304 = ADVANCED_FACE ( 'NONE', ( #2694 ), #1915, .F. ) ;
#4305 = CARTESIAN_POINT ( 'NONE',  ( -62.49441286107462200, -12.19136565947259300, 29.28352306955412500 ) ) ;
#4306 = DIRECTION ( 'NONE',  ( 0.0000000000000000000, 0.0000000000000000000, 1.000000000000000000 ) ) ;
#4307 = CARTESIAN_POINT ( 'NONE',  ( 67.72379463714946700, -12.71622847755403600, -0.1087947430250090200 ) ) ;
#4308 = ORIENTED_EDGE ( 'NONE', *, *, #3578, .T. ) ;
#4309 = PLANE ( 'NONE',  #108 ) ;
#4310 = DIRECTION ( 'NONE',  ( -1.000000000000000000, 0.0000000000000000000, 0.0000000000000000000 ) ) ;
#4311 = ORIENTED_EDGE ( 'NONE', *, *, #4066, .T. ) ;
#4312 = CARTESIAN_POINT ( 'NONE',  ( -51.85342348172276400, 8.619332488710636400, 38.90721155017491400 ) ) ;
#4313 = CC_DESIGN_PERSON_AND_ORGANIZATION_ASSIGNMENT ( #1120, #656, ( #210 ) ) ;
#4314 = CARTESIAN_POINT ( 'NONE',  ( -52.35403311704607900, 12.50000000000000000, 11.79027422793083200 ) ) ;
#4315 = CARTESIAN_POINT ( 'NONE',  ( 52.38448334319313200, -12.50000000000002100, 11.87992426970588900 ) ) ;
#4316 = DIRECTION ( 'NONE',  ( 1.000000000000000000, -1.272857920698121200E-016, 0.0000000000000000000 ) ) ;
#4317 = DIRECTION ( 'NONE',  ( 0.0000000000000000000, 0.0000000000000000000, 1.000000000000000000 ) ) ;
#4318 = CARTESIAN_POINT ( 'NONE',  ( 51.77925226452288900, 8.034129399037489300, 38.95442803814251000 ) ) ;
#4319 = CARTESIAN_POINT ( 'NONE',  ( -57.11679283992686600, -12.11194000428894800, 33.73135975981828200 ) ) ;
#4320 = EDGE_CURVE ( 'NONE', #4374, #3340, #489, .T. ) ;
#4321 = DIRECTION ( 'NONE',  ( 1.000000000000000000, 0.0000000000000000000, 0.0000000000000000000 ) ) ;
#4322 = FACE_OUTER_BOUND ( 'NONE', #1018, .T. ) ;
#4323 = CYLINDRICAL_SURFACE ( 'NONE', #738, 4.250000000000003600 ) ;
#4324 = ADVANCED_FACE ( 'NONE', ( #1696 ), #4516, .T. ) ;
#4325 = DATE_TIME_ROLE ( 'classification_date' ) ;
#4326 = CARTESIAN_POINT ( 'NONE',  ( 49.75579306942378800, 10.72129899315741900, 28.82409484746085600 ) ) ;
#4327 = CARTESIAN_POINT ( 'NONE',  ( -53.48978440739182400, 9.499999997146053600, 37.82700891124054000 ) ) ;
#4328 = CYLINDRICAL_SURFACE ( 'NONE', #299, 4.250000000000003600 ) ;
#4329 = CARTESIAN_POINT ( 'NONE',  ( 52.00000000000000700, -6.999999999999993800, 12.00000000000000000 ) ) ;
#4330 = CIRCLE ( 'NONE', #1545, 40.06250000000011400 ) ;
#4331 = CARTESIAN_POINT ( 'NONE',  ( -52.04984396795601500, -8.390703056478791700, 38.78410678798646700 ) ) ;
#4332 = CARTESIAN_POINT ( 'NONE',  ( 30.61531930649137600, -8.999999999999996400, 5.010942361779548500 ) ) ;
#4333 = FACE_OUTER_BOUND ( 'NONE', #4626, .T. ) ;
#4334 = FACE_OUTER_BOUND ( 'NONE', #335, .T. ) ;
#4335 = DIRECTION ( 'NONE',  ( 0.0000000000000000000, 0.0000000000000000000, -1.000000000000000000 ) ) ;
#4336 = CARTESIAN_POINT ( 'NONE',  ( -52.49574114463485600, 12.56617093359400400, 8.294427718737111400 ) ) ;
#4337 = CARTESIAN_POINT ( 'NONE',  ( 68.03753866805176600, -11.81566549933163300, 12.41836049271211500 ) ) ;
#4338 = ORIENTED_EDGE ( 'NONE', *, *, #689, .F. ) ;
#4339 = CARTESIAN_POINT ( 'NONE',  ( -60.00000000000000000, 0.0000000000000000000, 4.500000000000000900 ) ) ;
#4340 = CARTESIAN_POINT ( 'NONE',  ( 68.06546948217067000, 11.37997275191315300, 19.06392253749557100 ) ) ;
#4341 = DIRECTION ( 'NONE',  ( 0.0000000000000000000, 0.0000000000000000000, 1.000000000000000000 ) ) ;
#4342 = ORIENTED_EDGE ( 'NONE', *, *, #3266, .F. ) ;
#4343 = CARTESIAN_POINT ( 'NONE',  ( -67.79591274114424900, -12.50000000000003600, 0.0000000000000000000 ) ) ;
#4344 = CALENDAR_DATE ( 2018, 28, 8 ) ;
#4345 = ORIENTED_EDGE ( 'NONE', *, *, #3230, .F. ) ;
#4346 = CARTESIAN_POINT ( 'NONE',  ( -51.96781930232005900, 8.743602610401419300, 38.83537171458435500 ) ) ;
#4347 = CARTESIAN_POINT ( 'NONE',  ( -52.33870689207589800, 12.50000000000000200, 11.72923621143609700 ) ) ;
#4348 = CARTESIAN_POINT ( 'NONE',  ( -67.12921572777867100, 12.37981335125859600, 18.73045232951956200 ) ) ;
#4349 = LINE ( 'NONE', #4329, #4511 ) ;
#4350 = AXIS2_PLACEMENT_3D ( 'NONE', #2654, #44, #2675 ) ;
#4351 = VERTEX_POINT ( 'NONE', #4508 ) ;
#4352 = CARTESIAN_POINT ( 'NONE',  ( 51.51574852346894300, 7.288337682778633900, 38.83273748645920200 ) ) ;
#4353 = ORIENTED_EDGE ( 'NONE', *, *, #2762, .T. ) ;
#4354 = CARTESIAN_POINT ( 'NONE',  ( -50.62086701464998100, 11.28028189672802400, -0.1781268677479850600 ) ) ;
#4355 = ORIENTED_EDGE ( 'NONE', *, *, #94, .T. ) ;
#4356 = CARTESIAN_POINT ( 'NONE',  ( -68.53590882896988000, -9.919666418071701100, 17.73999928944281400 ) ) ;
#4357 = EDGE_CURVE ( 'NONE', #4366, #889, #1282, .T. ) ;
#4358 = CARTESIAN_POINT ( 'NONE',  ( 68.18259539854732100, -8.999999999999991100, 17.21544018115912800 ) ) ;
#4359 = CARTESIAN_POINT ( 'NONE',  ( -68.26134073355631000, 9.551237221846292900, 18.53107525786590100 ) ) ;
#4360 = ORIENTED_EDGE ( 'NONE', *, *, #4150, .T. ) ;
#4361 =( BOUNDED_CURVE ( )  B_SPLINE_CURVE ( 3, ( #1244, #1391, #4614, #3364 ),
 .UNSPECIFIED., .F., .F. ) 
 B_SPLINE_CURVE_WITH_KNOTS ( ( 4, 4 ),
 ( 5.071374394472803400, 5.770670950372986500 ),
 .UNSPECIFIED. ) 
 CURVE ( )  GEOMETRIC_REPRESENTATION_ITEM ( )  RATIONAL_B_SPLINE_CURVE ( ( 1.000000000000000000, 0.9596621729736615200, 0.9596621729736615200, 1.000000000000000000 ) ) 
 REPRESENTATION_ITEM ( '' )  );
#4362 = CARTESIAN_POINT ( 'NONE',  ( -41.00000000000000700, -10.06121973018966300, 36.55383938985456600 ) ) ;
#4363 = CARTESIAN_POINT ( 'NONE',  ( -52.15479069673366300, 8.492835101802633300, 38.71727728857443700 ) ) ;
#4364 = AXIS2_PLACEMENT_3D ( 'NONE', #224, #2824, #3572 ) ;
#4365 = CARTESIAN_POINT ( 'NONE',  ( -52.38453988187488600, 12.50000000000000400, 11.88007826361231500 ) ) ;
#4366 = VERTEX_POINT ( 'NONE', #80 ) ;
#4367 = DIRECTION ( 'NONE',  ( 0.0000000000000000000, 0.01785429641688451200, 0.9998405993454447800 ) ) ;
#4368 = CARTESIAN_POINT ( 'NONE',  ( 51.73869772299044500, 7.957728424402338500, 38.66311206631665700 ) ) ;
#4369 = EDGE_LOOP ( 'NONE', ( #860, #3459, #1353, #1372, #2631 ) ) ;
#4370 = CARTESIAN_POINT ( 'NONE',  ( -67.76538794792578800, 12.60427091902186800, 6.160828535618613900 ) ) ;
#4371 = CARTESIAN_POINT ( 'NONE',  ( -52.41001181021051300, 12.26364806084227300, 25.23570859283375600 ) ) ;
#4372 = DIRECTION ( 'NONE',  ( 1.000000000000000000, 0.0000000000000000000, 0.0000000000000000000 ) ) ;
#4373 = AXIS2_PLACEMENT_3D ( 'NONE', #1272, #3876, #2067 ) ;
#4374 = VERTEX_POINT ( 'NONE', #1996 ) ;
#4375 = ADVANCED_FACE ( 'NONE', ( #720 ), #3560, .F. ) ;
#4376 = ORIENTED_EDGE ( 'NONE', *, *, #247, .T. ) ;
#4377 = CC_DESIGN_APPROVAL ( #2814, ( #2752 ) ) ;
#4378 = CARTESIAN_POINT ( 'NONE',  ( -68.89968227115001300, -9.000000002927345500, 12.48608194630876200 ) ) ;
#4379 = CARTESIAN_POINT ( 'NONE',  ( 68.88057930991050200, 9.000000000000008900, 16.94872539182345200 ) ) ;
#4380 = CARTESIAN_POINT ( 'NONE',  ( -50.71108534543913000, 11.53693737010641500, -0.0000000000000000000 ) ) ;
#4381 = CARTESIAN_POINT ( 'NONE',  ( -64.25000000000000000, 0.0000000000000000000, 40.00000000000000000 ) ) ;
#4382 = LINE ( 'NONE', #110, #3362 ) ;
#4383 = CARTESIAN_POINT ( 'NONE',  ( 52.35796222579074300, 8.646669504266245800, 38.17518759122905400 ) ) ;
#4384 = EDGE_CURVE ( 'NONE', #2309, #4351, #3334, .T. ) ;
#4385 = CARTESIAN_POINT ( 'NONE',  ( 68.96942093112880900, -8.617899813170661000, 11.50000000000000000 ) ) ;
#4386 = LINE ( 'NONE', #3150, #3251 ) ;
#4387 = CARTESIAN_POINT ( 'NONE',  ( -68.58681309611839100, -10.06574049865370100, 17.58835256255250100 ) ) ;
#4388 = SPHERICAL_SURFACE ( 'NONE', #2057, 1.000000000000000000 ) ;
#4389 = CARTESIAN_POINT ( 'NONE',  ( -67.65790425498231300, 9.000000000000007100, 18.85197169341018900 ) ) ;
#4390 = CIRCLE ( 'NONE', #3184, 39.49999999999999300 ) ;
#4391 = B_SPLINE_CURVE_WITH_KNOTS ( 'NONE', 3,
 ( #3342, #1116, #45, #99 ),
 .UNSPECIFIED., .F., .F.,
 ( 4, 4 ),
 ( 9.813077866773594800E-018, 0.002791151209137395300 ),
 .UNSPECIFIED. ) ;
#4392 = FACE_OUTER_BOUND ( 'NONE', #4537, .T. ) ;
#4393 = DIRECTION ( 'NONE',  ( 1.000000000000000000, 1.279371724516979300E-016, 0.0000000000000000000 ) ) ;
#4394 = CARTESIAN_POINT ( 'NONE',  ( -67.67316358336255200, 8.873886375123275300, 12.16642604828249200 ) ) ;
#4395 = CARTESIAN_POINT ( 'NONE',  ( 51.91114740688512100, -12.50000000000002000, 7.035922572606205300 ) ) ;
#4396 = ORIENTED_EDGE ( 'NONE', *, *, #1731, .T. ) ;
#4397 = DIRECTION ( 'NONE',  ( -1.000000000000000000, 0.0000000000000000000, -8.462065736472229800E-017 ) ) ;
#4398 = CARTESIAN_POINT ( 'NONE',  ( -51.96685613129231700, -8.742587427058721200, 38.83597795382487300 ) ) ;
#4399 = CARTESIAN_POINT ( 'NONE',  ( 42.28661096394648000, 12.08977518249339800, 34.97258978038866000 ) ) ;
#4400 = ADVANCED_FACE ( 'NONE', ( #243 ), #4218, .F. ) ;
#4401 = DIRECTION ( 'NONE',  ( -0.0000000000000000000, -1.000000000000000000, -0.0000000000000000000 ) ) ;
#4402 = AXIS2_PLACEMENT_3D ( 'NONE', #4261, #3966, #1717 ) ;
#4403 = EDGE_LOOP ( 'NONE', ( #1121, #2764 ) ) ;
#4404 = DIRECTION ( 'NONE',  ( -1.000000000000000000, 0.0000000000000000000, 0.0000000000000000000 ) ) ;
#4405 = PERSON_AND_ORGANIZATION ( #2891, #424 ) ;
#4406 = CARTESIAN_POINT ( 'NONE',  ( -50.52874303048808700, 10.96270433526723500, 16.71838664258607600 ) ) ;
#4407 = CARTESIAN_POINT ( 'NONE',  ( -78.75714233722750600, -8.999999999999989300, 12.50000000000000000 ) ) ;
#4408 = EDGE_LOOP ( 'NONE', ( #329, #4289, #2406, #1199 ) ) ;
#4409 = DIRECTION ( 'NONE',  ( 0.0000000000000000000, 0.0000000000000000000, -1.000000000000000000 ) ) ;
#4410 = ORIENTED_EDGE ( 'NONE', *, *, #1016, .F. ) ;
#4411 = CARTESIAN_POINT ( 'NONE',  ( -41.00000000000000000, -4.336808689942017700E-015, 25.19999999999998500 ) ) ;
#4412 = ORIENTED_EDGE ( 'NONE', *, *, #341, .F. ) ;
#4413 = CARTESIAN_POINT ( 'NONE',  ( -67.80041056462137300, 8.719072064647720700, 12.04937868859864600 ) ) ;
#4414 = CARTESIAN_POINT ( 'NONE',  ( 51.76856444921917000, -12.50000000000002300, 4.021664342072647900 ) ) ;
#4415 = CARTESIAN_POINT ( 'NONE',  ( -68.53328006245722300, -9.928482100566737900, 17.74782785663397200 ) ) ;
#4416 = CARTESIAN_POINT ( 'NONE',  ( -52.00000000000000000, 7.000000000000005300, 12.50000000000000000 ) ) ;
#4417 = CARTESIAN_POINT ( 'NONE',  ( 45.00916623875064500, 12.07377757343451600, 35.86845588766802700 ) ) ;
#4418 = CARTESIAN_POINT ( 'NONE',  ( 50.57365291894765800, 11.11933147870904800, 8.385138430409590200 ) ) ;
#4419 = CARTESIAN_POINT ( 'NONE',  ( 52.38995578828490100, -8.668212985204567300, 38.14927161338773900 ) ) ;
#4420 = CARTESIAN_POINT ( 'NONE',  ( -68.12743785337188700, -11.54962670303364500, 18.89878142304085500 ) ) ;
#4421 = EDGE_LOOP ( 'NONE', ( #200, #1633, #3800, #1724 ) ) ;
#4422 = EDGE_CURVE ( 'NONE', #1746, #4782, #186, .T. ) ;
#4423 =( BOUNDED_CURVE ( )  B_SPLINE_CURVE ( 3, ( #1488, #21, #2992, #4099 ),
 .UNSPECIFIED., .F., .F. ) 
 B_SPLINE_CURVE_WITH_KNOTS ( ( 4, 4 ),
 ( 5.038259664051041800, 5.041830655575589400 ),
 .UNSPECIFIED. ) 
 CURVE ( )  GEOMETRIC_REPRESENTATION_ITEM ( )  RATIONAL_B_SPLINE_CURVE ( ( 1.000000000000000000, 0.9999989373352431400, 0.9999989373352431400, 1.000000000000000000 ) ) 
 REPRESENTATION_ITEM ( '' )  );
#4424 = CARTESIAN_POINT ( 'NONE',  ( 51.21841883182309400, 12.17375778921117300, 30.26956380417547300 ) ) ;
#4425 = ADVANCED_FACE ( 'NONE', ( #2447 ), #2014, .T. ) ;
#4426 = VERTEX_POINT ( 'NONE', #1577 ) ;
#4427 = DIRECTION ( 'NONE',  ( 0.0000000000000000000, 1.000000000000000000, 0.0000000000000000000 ) ) ;
#4428 = CARTESIAN_POINT ( 'NONE',  ( 51.00000000000000000, 12.50000000000002500, 38.84457641169643000 ) ) ;
#4429 = ORIENTED_EDGE ( 'NONE', *, *, #3122, .F. ) ;
#4430 = CARTESIAN_POINT ( 'NONE',  ( -68.21678910197768200, -9.532091519066025100, 18.65450924083775400 ) ) ;
#4431 = CARTESIAN_POINT ( 'NONE',  ( -100.0000000000000000, -12.50000000000002700, 12.00000000000000700 ) ) ;
#4432 = CARTESIAN_POINT ( 'NONE',  ( -70.00000000000000000, 0.0000000000000000000, 11.00000000000000000 ) ) ;
#4433 = ORIENTED_EDGE ( 'NONE', *, *, #2148, .F. ) ;
#4434 = CARTESIAN_POINT ( 'NONE',  ( -53.02979115764993900, -8.959351099065983700, 37.61795065302053600 ) ) ;
#4435 = FACE_OUTER_BOUND ( 'NONE', #4597, .T. ) ;
#4436 = CARTESIAN_POINT ( 'NONE',  ( -68.23548765841626100, -9.250462702643226000, 18.05406475811791700 ) ) ;
#4437 = DIRECTION ( 'NONE',  ( 0.5793590048989556400, 0.0000000000000000000, -0.8150724774168809400 ) ) ;
#4438 = AXIS2_PLACEMENT_3D ( 'NONE', #288, #2506, #3262 ) ;
#4439 = CIRCLE ( 'NONE', #3302, 36.54755500203954500 ) ;
#4440 = DIRECTION ( 'NONE',  ( 0.0000000000000000000, 0.0000000000000000000, 1.000000000000000000 ) ) ;
#4441 = CARTESIAN_POINT ( 'NONE',  ( -41.00000000000000700, -12.06090092888055300, 36.58954798268833000 ) ) ;
#4442 = CARTESIAN_POINT ( 'NONE',  ( 68.18259539854724900, -9.499999999999991100, 17.21544018115932700 ) ) ;
#4443 = FACE_OUTER_BOUND ( 'NONE', #4247, .T. ) ;
#4444 = DIRECTION ( 'NONE',  ( -0.0000000000000000000, -0.0000000000000000000, -1.000000000000000000 ) ) ;
#4445 = EDGE_CURVE ( 'NONE', #4076, #2020, #3576, .T. ) ;
#4446 = CARTESIAN_POINT ( 'NONE',  ( -68.55416431069579600, 9.856964201133454400, 17.58861678794828300 ) ) ;
#4447 = CARTESIAN_POINT ( 'NONE',  ( -51.69923148971120200, -12.50000000000003200, 2.011320231880625400 ) ) ;
#4448 = ORIENTED_EDGE ( 'NONE', *, *, #2762, .F. ) ;
#4449 = CARTESIAN_POINT ( 'NONE',  ( -49.97186727891767100, 10.73472160338294900, 28.23102606165406000 ) ) ;
#4450 = CARTESIAN_POINT ( 'NONE',  ( 64.72117267288025700, -11.22480319030517000, 27.97622556318381000 ) ) ;
#4451 = EDGE_CURVE ( 'NONE', #973, #2914, #1639, .T. ) ;
#4452 = ORIENTED_EDGE ( 'NONE', *, *, #533, .F. ) ;
#4453 = AXIS2_PLACEMENT_3D ( 'NONE', #1309, #2388, #2405 ) ;
#4454 = CARTESIAN_POINT ( 'NONE',  ( 67.63291676756553300, -12.50000000000001800, 0.0000000000000000000 ) ) ;
#4455 = CARTESIAN_POINT ( 'NONE',  ( 49.96596119252117100, 10.73433695587693900, 28.24802211229455700 ) ) ;
#4456 = ORIENTED_EDGE ( 'NONE', *, *, #3266, .T. ) ;
#4457 = ORIENTED_EDGE ( 'NONE', *, *, #772, .F. ) ;
#4458 = CARTESIAN_POINT ( 'NONE',  ( -68.41363460386350000, -9.427108223319331500, 18.09945467851990800 ) ) ;
#4459 = CARTESIAN_POINT ( 'NONE',  ( 52.87687207428792400, -8.916240119274940300, 38.24445330240023800 ) ) ;
#4460 = CARTESIAN_POINT ( 'NONE',  ( 51.25803393282922800, -6.999999999999992900, 39.27285026042956400 ) ) ;
#4461 = CIRCLE ( 'NONE', #4711, 1.000000000000000900 ) ;
#4462 = CARTESIAN_POINT ( 'NONE',  ( 51.50000000000000000, -7.153015364242295800, 38.84457641169643000 ) ) ;
#4463 = ORIENTED_EDGE ( 'NONE', *, *, #3841, .F. ) ;
#4464 = ORIENTED_EDGE ( 'NONE', *, *, #1127, .F. ) ;
#4465 = CARTESIAN_POINT ( 'NONE',  ( 48.50616264945583800, 12.11105473333070900, 33.78093493348130500 ) ) ;
#4466 = AXIS2_PLACEMENT_3D ( 'NONE', #2705, #4263, #4310 ) ;
#4467 = CARTESIAN_POINT ( 'NONE',  ( 51.85903213595484800, 8.626048535337933000, 38.90370312231583900 ) ) ;
#4468 = AXIS2_PLACEMENT_3D ( 'NONE', #2589, #355, #3300 ) ;
#4469 = ORIENTED_EDGE ( 'NONE', *, *, #838, .T. ) ;
#4470 = CARTESIAN_POINT ( 'NONE',  ( 67.15710537176617800, -12.50000000000001800, 11.86575674407784800 ) ) ;
#4471 = CARTESIAN_POINT ( 'NONE',  ( 51.79127077867932600, 12.19813861852206200, 28.90423736276557800 ) ) ;
#4472 = EDGE_CURVE ( 'NONE', #3417, #935, #1434, .T. ) ;
#4473 = B_SPLINE_CURVE_WITH_KNOTS ( 'NONE', 3,
 ( #2056, #4610, #3466, #4190 ),
 .UNSPECIFIED., .F., .F.,
 ( 4, 4 ),
 ( 3.469446951953614200E-018, 0.0005643833975285205300 ),
 .UNSPECIFIED. ) ;
#4474 = CARTESIAN_POINT ( 'NONE',  ( -68.39106652293720900, 9.641428665786334000, 18.16420138091523400 ) ) ;
#4475 = CARTESIAN_POINT ( 'NONE',  ( 53.26308250228737500, -8.999999999999992900, 37.41680840990111500 ) ) ;
#4476 = EDGE_LOOP ( 'NONE', ( #2712, #4763, #4342, #3064, #3094 ) ) ;
#4477 = DIRECTION ( 'NONE',  ( -0.0000000000000000000, 0.0000000000000000000, 1.000000000000000000 ) ) ;
#4478 = CARTESIAN_POINT ( 'NONE',  ( 0.0000000000000000000, 0.0000000000000000000, 12.00000000000000000 ) ) ;
#4479 = EDGE_CURVE ( 'NONE', #889, #1880, #4296, .T. ) ;
#4480 = ORIENTED_EDGE ( 'NONE', *, *, #1379, .F. ) ;
#4481 = CARTESIAN_POINT ( 'NONE',  ( 30.61531930649137600, -9.499999999999996400, 5.010942361779548500 ) ) ;
#4482 = CARTESIAN_POINT ( 'NONE',  ( -68.46809867025291400, -9.551968730754063900, 17.71651057787076400 ) ) ;
#4483 = ORIENTED_EDGE ( 'NONE', *, *, #892, .F. ) ;
#4484 = DIRECTION ( 'NONE',  ( 0.0000000000000000000, -0.0000000000000000000, -1.000000000000000000 ) ) ;
#4485 = DIRECTION ( 'NONE',  ( 0.0000000000000000000, -0.9998405993454446700, -0.01785429641688179500 ) ) ;
#4486 = CARTESIAN_POINT ( 'NONE',  ( 50.67012087359351100, 12.15630385954890600, 31.24698386526222600 ) ) ;
#4487 = CARTESIAN_POINT ( 'NONE',  ( -67.79591274114424900, 12.50000000000000000, 40.00000000000000000 ) ) ;
#4488 = CLOSED_SHELL ( 'NONE', ( #4054, #1649, #232, #2099, #2593, #4030, #4739, #3496, #1307, #633, #1275, #4304, #4229, #535, #2043, #1449, #3691, #3548, #4589, #3234, #139, #4400, #2074, #3158, #3521, #2911, #331, #1718, #3207, #1259, #2936, #284, #561, #4662, #2818, #3977, #258, #687, #2743, #185, #4278, #2488, #972, #4254, #2541, #1113, #2262, #3179, #1788, #1355, #4637, #4688, #2392, #2467, #655, #921, #2840, #4324, #4375, #2787, #3851, #1743, #3110, #1619, #941, #855, #3875, #1472, #3574, #3899, #49, #2188, #2208, #2123, #2569, #308, #1401, #207, #414, #587, #991, #2765, #1819, #3311, #2140, #1668, #2417, #4207, #2369, #2441, #4767, #708, #4563, #3128, #3924, #1069, #361, #1329, #4607, #898, #3658, #611, #4170, #2959, #1421, #3289, #3742, #734, #1015, #1848, #159, #4793, #3950, #1767, #1694, #4425, #2023 ) ) ;
#4489 = CARTESIAN_POINT ( 'NONE',  ( -52.00000000000000000, 2.004569350017643600E-014, 12.00000000000000000 ) ) ;
#4490 = PLANE ( 'NONE',  #3821 ) ;
#4491 = VECTOR ( 'NONE', #1084, 1000.000000000000000 ) ;
#4492 = CARTESIAN_POINT ( 'NONE',  ( 68.91102140123493300, 8.859229365263230300, 12.12440899780263900 ) ) ;
#4493 = AXIS2_PLACEMENT_3D ( 'NONE', #3905, #1268, #2093 ) ;
#4494 = CARTESIAN_POINT ( 'NONE',  ( 53.78967950244948800, -9.499999999999992900, 37.61384145845485000 ) ) ;
#4495 = CIRCLE ( 'NONE', #2046, 1.000000000000005300 ) ;
#4496 = CARTESIAN_POINT ( 'NONE',  ( 51.35659621591126700, 7.713751756008556400, 39.21330379567697100 ) ) ;
#4497 = LINE ( 'NONE', #433, #472 ) ;
#4498 = CARTESIAN_POINT ( 'NONE',  ( 50.22260962504769600, 12.00221889621877300, 39.87574181174971200 ) ) ;
#4499 = CARTESIAN_POINT ( 'NONE',  ( -43.22824042826641000, -12.09309172708557300, 34.78686328320114300 ) ) ;
#4500 = AXIS2_PLACEMENT_3D ( 'NONE', #3674, #4401, #1725 ) ;
#4501 = CARTESIAN_POINT ( 'NONE',  ( 67.10331808971689300, 12.50000000000002000, 11.99448418301364000 ) ) ;
#4502 = LINE ( 'NONE', #4407, #1333 ) ;
#4503 = DIRECTION ( 'NONE',  ( 0.0000000000000000000, 0.0000000000000000000, 1.000000000000000000 ) ) ;
#4504 = CARTESIAN_POINT ( 'NONE',  ( -68.93978954269489600, 8.739116304891084000, 11.00000000000000000 ) ) ;
#4505 =( BOUNDED_SURFACE ( )  B_SPLINE_SURFACE ( 3, 2, ( 
 ( #442, #808, #4638 ),
 ( #2113, #602, #3911 ),
 ( #266, #649, #3208 ),
 ( #4288, #986, #1384 ),
 ( #3978, #4305, #2100 ),
 ( #1368, #4655, #2850 ),
 ( #4319, #2832, #3963 ),
 ( #4672, #1759, #3297 ),
 ( #2039, #3970, #4743 ),
 ( #1438, #1406, #1811 ) ),
 .UNSPECIFIED., .F., .F., .F. ) 
 B_SPLINE_SURFACE_WITH_KNOTS ( ( 4, 2, 2, 2, 4 ),
 ( 3, 3 ),
 ( 1.929781740883010500, 2.104605879858056500, 2.279430018833102300, 2.454254157808148000, 2.629078296783193800 ),
 ( 0.0000000000000000000, 1.000000000000000000 ),
 .UNSPECIFIED. ) 
 GEOMETRIC_REPRESENTATION_ITEM ( )  RATIONAL_B_SPLINE_SURFACE ( (
 ( 1.000000000000000000, 0.7093210316351631400, 1.000000000000000000),
 ( 1.000000000000000000, 0.7096643770007167200, 1.000000000000000000),
 ( 1.000000000000000000, 0.7099961478444128900, 1.000000000000000000),
 ( 1.000000000000000000, 0.7106266465232667900, 1.000000000000000000),
 ( 1.000000000000000000, 0.7109253513368329900, 1.000000000000000000),
 ( 1.000000000000000000, 0.7114807247688368400, 1.000000000000000000),
 ( 1.000000000000000000, 0.7117373854870081600, 1.000000000000000000),
 ( 1.000000000000000000, 0.7122009937608615400, 1.000000000000000000),
 ( 1.000000000000000000, 0.7124079598092838400, 1.000000000000000000),
 ( 1.000000000000000000, 0.7125869331581469200, 1.000000000000000000) ) ) 
 REPRESENTATION_ITEM ( '' )  SURFACE ( )  );
#4506 = CARTESIAN_POINT ( 'NONE',  ( 30.61531930649137600, 9.500000000000005300, 5.010942361779548500 ) ) ;
#4507 = CYLINDRICAL_SURFACE ( 'NONE', #1468, 1.000000000000000900 ) ;
#4508 = CARTESIAN_POINT ( 'NONE',  ( -51.63855923933271400, -12.50000000000003400, 0.0000000000000000000 ) ) ;
#4509 = DIRECTION ( 'NONE',  ( 0.0000000000000000000, -1.000000000000000000, 0.0000000000000000000 ) ) ;
#4510 = EDGE_LOOP ( 'NONE', ( #2810, #2522, #3033, #2520 ) ) ;
#4511 = VECTOR ( 'NONE', #1428, 1000.000000000000000 ) ;
#4512 = DIRECTION ( 'NONE',  ( -0.0000000000000000000, -0.0000000000000000000, 1.000000000000000000 ) ) ;
#4513 = EDGE_CURVE ( 'NONE', #1030, #3755, #4461, .T. ) ;
#4514 = AXIS2_PLACEMENT_3D ( 'NONE', #524, #672, #3245 ) ;
#4515 = CARTESIAN_POINT ( 'NONE',  ( 46.77523962150370100, -10.63376274303487500, 32.68926126215134800 ) ) ;
#4516 = CYLINDRICAL_SURFACE ( 'NONE', #578, 0.5000000000000004400 ) ;
#4517 = VERTEX_POINT ( 'NONE', #2862 ) ;
#4518 = CARTESIAN_POINT ( 'NONE',  ( 68.07658807808198300, -11.70010652064239800, 18.71259803310269000 ) ) ;
#4519 = ORIENTED_EDGE ( 'NONE', *, *, #3301, .F. ) ;
#4520 = DIRECTION ( 'NONE',  ( 1.000000000000000000, 0.0000000000000000000, 0.0000000000000000000 ) ) ;
#4521 = CARTESIAN_POINT ( 'NONE',  ( 47.23298584275252000, 10.64267723437096400, 32.29581905107762200 ) ) ;
#4522 = DIRECTION ( 'NONE',  ( -1.000000000000000000, -1.301042606982605800E-016, 0.0000000000000000000 ) ) ;
#4523 = CIRCLE ( 'NONE', #1102, 1.000000000000000900 ) ;
#4524 = ORIENTED_EDGE ( 'NONE', *, *, #1486, .T. ) ;
#4525 = CARTESIAN_POINT ( 'NONE',  ( 68.70798039291818800, 9.631770379426054500, 12.50000000000000000 ) ) ;
#4526 = CARTESIAN_POINT ( 'NONE',  ( -45.35538202690229100, 12.10658445009148000, 34.03127079492693200 ) ) ;
#4527 = VERTEX_POINT ( 'NONE', #2517 ) ;
#4528 = CARTESIAN_POINT ( 'NONE',  ( 53.49136721964320200, -9.499999999999991100, 37.82588383763504000 ) ) ;
#4529 = CARTESIAN_POINT ( 'NONE',  ( -58.74706313106673900, 12.14043853711494100, 32.13544192156424400 ) ) ;
#4530 = ORIENTED_EDGE ( 'NONE', *, *, #1044, .T. ) ;
#4531 = VERTEX_POINT ( 'NONE', #3593 ) ;
#4532 = CARTESIAN_POINT ( 'NONE',  ( -68.88097731623103900, 9.026355911150254500, 12.36151440270644900 ) ) ;
#4533 = EDGE_CURVE ( 'NONE', #1697, #246, #3498, .T. ) ;
#4534 = CARTESIAN_POINT ( 'NONE',  ( -51.65411657907500900, -8.353330944313382700, 39.03128298433635000 ) ) ;
#4535 = CARTESIAN_POINT ( 'NONE',  ( -68.53697825604697900, 10.23749798583621400, 12.09280166773167400 ) ) ;
#4536 = CARTESIAN_POINT ( 'NONE',  ( 50.41525526480879200, -10.77530234207883800, 26.43749853873959300 ) ) ;
#4537 = EDGE_LOOP ( 'NONE', ( #3509, #492, #1711, #776 ) ) ;
#4538 = DIRECTION ( 'NONE',  ( 3.854941057726238100E-016, 1.000000000000000000, 0.0000000000000000000 ) ) ;
#4539 = EDGE_CURVE ( 'NONE', #2535, #4201, #544, .T. ) ;
#4540 = ORIENTED_EDGE ( 'NONE', *, *, #1664, .T. ) ;
#4541 = CARTESIAN_POINT ( 'NONE',  ( 68.90584433391985900, -8.879918230875144800, 11.50000004177710400 ) ) ;
#4542 = CARTESIAN_POINT ( 'NONE',  ( -66.22963012892233800, 12.29696334255215000, 23.37005281725010900 ) ) ;
#4543 = CARTESIAN_POINT ( 'NONE',  ( 57.79631780232999500, 11.11209940494282800, 34.44946861984658400 ) ) ;
#4544 = VECTOR ( 'NONE', #2514, 1000.000000000000000 ) ;
#4545 = DIRECTION ( 'NONE',  ( -1.000000000000000000, 7.105427357601001900E-015, 0.0000000000000000000 ) ) ;
#4546 = AXIS2_PLACEMENT_3D ( 'NONE', #3159, #2045, #1288 ) ;
#4547 = CARTESIAN_POINT ( 'NONE',  ( -67.17800190196020100, -12.50000000000003400, 11.77317853335102700 ) ) ;
#4548 = CARTESIAN_POINT ( 'NONE',  ( 46.69725306095798300, -12.08799470631252300, 35.07229644649802900 ) ) ;
#4549 = FACE_OUTER_BOUND ( 'NONE', #1365, .T. ) ;
#4550 = CARTESIAN_POINT ( 'NONE',  ( -68.63783191916222400, 9.885238075014624900, 11.49160328154978700 ) ) ;
#4551 = CARTESIAN_POINT ( 'NONE',  ( 50.48014892005137700, -10.78917541776432300, 25.82414051719119300 ) ) ;
#4552 = CARTESIAN_POINT ( 'NONE',  ( -49.31410986464784000, 12.12495528583974300, 33.00250399297539900 ) ) ;
#4553 = B_SPLINE_CURVE_WITH_KNOTS ( 'NONE', 3,
 ( #403, #4462, #3388, #3329, #2267, #389, #763, #47, #2642, #1467, #4419, #3355, #2251, #3015, #1135, #1884 ),
 .UNSPECIFIED., .F., .F.,
 ( 4, 2, 2, 2, 2, 2, 2, 4 ),
 ( 0.0000000000000000000, 0.0004584192501717128800, 0.0009168385003434257700, 0.001375257750515138500, 0.001833677000686851500, 0.002292096250858564400, 0.002750515501030277000, 0.003667354001373720000 ),
 .UNSPECIFIED. ) ;
#4554 = CIRCLE ( 'NONE', #3458, 0.9999999999999988900 ) ;
#4555 = FACE_OUTER_BOUND ( 'NONE', #2974, .T. ) ;
#4556 = CARTESIAN_POINT ( 'NONE',  ( 52.34982290967411000, -9.062238803896120100, 38.59125942802121800 ) ) ;
#4557 = CARTESIAN_POINT ( 'NONE',  ( -60.00000000000000000, 0.0000000000000000000, 0.0000000000000000000 ) ) ;
#4558 = CARTESIAN_POINT ( 'NONE',  ( -51.51575694517281100, 12.43806061915664100, 0.0000000000000000000 ) ) ;
#4559 = ORIENTED_EDGE ( 'NONE', *, *, #4513, .T. ) ;
#4560 = EDGE_CURVE ( 'NONE', #4758, #1836, #4349, .T. ) ;
#4561 =( BOUNDED_SURFACE ( )  B_SPLINE_SURFACE ( 3, 2, ( 
 ( #163, #1224, #546 ),
 ( #502, #870, #3467 ),
 ( #1242, #3825, #3132 ),
 ( #916, #3798, #2077 ) ),
 .UNSPECIFIED., .F., .F., .F. ) 
 B_SPLINE_SURFACE_WITH_KNOTS ( ( 4, 4 ),
 ( 3, 3 ),
 ( -3.089976191583687600E-018, 0.0002340354858576239400 ),
 ( 0.0000000000000000000, 1.000000000000000000 ),
 .UNSPECIFIED. ) 
 GEOMETRIC_REPRESENTATION_ITEM ( )  RATIONAL_B_SPLINE_SURFACE ( (
 ( 1.000000000000000000, 0.9844292122057964900, 1.000000000000000000),
 ( 1.000000000000000000, 0.9944416899424959300, 1.000000000000000000),
 ( 1.000000000000000000, 1.000003650790368500, 1.000000000000000000),
 ( 1.000000000000000000, 1.000000000000000000, 1.000000000000000000) ) ) 
 REPRESENTATION_ITEM ( '' )  SURFACE ( )  );
#4562 = DIRECTION ( 'NONE',  ( -1.000000000000000000, -1.388000028894574200E-013, 0.0000000000000000000 ) ) ;
#4563 = ADVANCED_FACE ( 'NONE', ( #1054 ), #216, .T. ) ;
#4564 = ORIENTED_EDGE ( 'NONE', *, *, #871, .F. ) ;
#4565 = CARTESIAN_POINT ( 'NONE',  ( -67.47199946067661400, -12.50000000000003400, 7.019559976824576900 ) ) ;
#4566 = CALENDAR_DATE ( 2018, 28, 8 ) ;
#4567 = B_SPLINE_CURVE_WITH_KNOTS ( 'NONE', 3,
 ( #511, #2316, #1552, #90, #3443, #4174, #128, #881, #3818, #3474, #3460, #480, #4515, #4186, #2714, #2685, #3084, #829, #1569, #1616, #2329, #1216, #866 ),
 .UNSPECIFIED., .F., .F.,
 ( 4, 2, 2, 2, 2, 2, 2, 2, 1, 2, 2, 4 ),
 ( 0.0000000000000000000, 0.001844808349461737800, 0.002767212524192604500, 0.003689616698923471300, 0.005534425048385223700, 0.007379233397846973900, 0.009224041747308725800, 0.01014644592203958600, 0.01106885009677044700, 0.01199125427150130700, 0.01291365844623216700, 0.01475846679569386600 ),
 .UNSPECIFIED. ) ;
#4568 = CARTESIAN_POINT ( 'NONE',  ( 49.31410986470547900, -12.12495528583854900, 33.00250399304089700 ) ) ;
#4569 = CARTESIAN_POINT ( 'NONE',  ( 51.25803393621906400, -7.368941722886390300, 39.27285025838721600 ) ) ;
#4570 = EDGE_CURVE ( 'NONE', #2213, #246, #2796, .T. ) ;
#4571 = ORIENTED_EDGE ( 'NONE', *, *, #1833, .T. ) ;
#4572 = LINE ( 'NONE', #3863, #17 ) ;
#4573 = EDGE_LOOP ( 'NONE', ( #2050, #3504, #3549, #3562, #825, #723, #1698 ) ) ;
#4574 = CARTESIAN_POINT ( 'NONE',  ( -42.29053456621468100, 12.08977531457288300, 34.97258238391952300 ) ) ;
#4575 = ORIENTED_EDGE ( 'NONE', *, *, #2978, .F. ) ;
#4576 = CARTESIAN_POINT ( 'NONE',  ( -50.57433509643892200, -11.12170758640934300, 8.258719125908587700 ) ) ;
#4577 = FACE_OUTER_BOUND ( 'NONE', #507, .T. ) ;
#4578 = ORIENTED_EDGE ( 'NONE', *, *, #563, .F. ) ;
#4579 = ORIENTED_EDGE ( 'NONE', *, *, #1326, .F. ) ;
#4580 = DIRECTION ( 'NONE',  ( 0.0000000000000000000, 1.000000000000000000, 0.0000000000000000000 ) ) ;
#4581 = EDGE_LOOP ( 'NONE', ( #4483, #3673, #4726, #1072, #3172 ) ) ;
#4582 = CARTESIAN_POINT ( 'NONE',  ( -68.52406277713113500, 10.28131329057069900, 12.29796473139041200 ) ) ;
#4583 = CARTESIAN_POINT ( 'NONE',  ( 50.04192113133803600, -12.14020109739752100, 32.14873854573851000 ) ) ;
#4584 = ORIENTED_EDGE ( 'NONE', *, *, #237, .F. ) ;
#4585 = CARTESIAN_POINT ( 'NONE',  ( -30.61531930649137600, 9.000000000000003600, 5.010942361779540600 ) ) ;
#4586 = DIRECTION ( 'NONE',  ( -1.000000000000000000, 0.0000000000000000000, 0.0000000000000000000 ) ) ;
#4587 = B_SPLINE_CURVE_WITH_KNOTS ( 'NONE', 3,
 ( #1910, #1536, #4501, #4088, #3058, #834, #2246, #2619, #481, #3070, #3486, #558, #4604, #2439, #221, #621, #2458, #171, #592, #976, #3144, #1666 ),
 .UNSPECIFIED., .F., .F.,
 ( 4, 2, 2, 2, 2, 2, 2, 2, 2, 2, 4 ),
 ( 0.0000000000000000000, 2.385862748321956300E-005, 4.771725496643912600E-005, 9.543450993290258000E-005, 0.0001908690198658294700, 0.0003817380397316781900, 0.0007634760794633755700, 0.001526952158926774800, 0.003053904317853571200, 0.006107808635707158900, 0.01221561727141433200 ),
 .UNSPECIFIED. ) ;
#4588 = ORIENTED_EDGE ( 'NONE', *, *, #1971, .T. ) ;
#4589 = ADVANCED_FACE ( 'NONE', ( #2628 ), #3605, .F. ) ;
#4590 = EDGE_CURVE ( 'NONE', #2250, #1931, #2104, .T. ) ;
#4591 = CARTESIAN_POINT ( 'NONE',  ( 68.07658807808199700, 11.70010652064240000, 18.71259803310266500 ) ) ;
#4592 = ORIENTED_EDGE ( 'NONE', *, *, #2407, .T. ) ;
#4593 = CARTESIAN_POINT ( 'NONE',  ( 41.00000000000000700, -10.06121973018966300, 36.55383938985455900 ) ) ;
#4594 = EDGE_CURVE ( 'NONE', #1766, #3777, #3305, .T. ) ;
#4595 = CARTESIAN_POINT ( 'NONE',  ( 51.99783172974218100, 8.327455245248060600, 38.46198472717825500 ) ) ;
#4596 = CARTESIAN_POINT ( 'NONE',  ( 60.00000000000000000, 1.469576158976823700E-014, 0.0000000000000000000 ) ) ;
#4597 = EDGE_LOOP ( 'NONE', ( #2284, #1126, #2879, #3116 ) ) ;
#4598 = DIRECTION ( 'NONE',  ( -1.000000000000000000, 0.0000000000000000000, 0.0000000000000000000 ) ) ;
#4599 = CARTESIAN_POINT ( 'NONE',  ( -49.36780620613449600, -12.17088863326007500, 30.43023653743869900 ) ) ;
#4600 = AXIS2_PLACEMENT_3D ( 'NONE', #3830, #896, #3176 ) ;
#4601 = TOROIDAL_SURFACE ( 'NONE', #2538, 48.06250000000010700, 40.06250000000009900 ) ;
#4602 = DIRECTION ( 'NONE',  ( 1.000000000000000000, 0.0000000000000000000, 0.0000000000000000000 ) ) ;
#4603 = CARTESIAN_POINT ( 'NONE',  ( 52.07146966812190700, 12.50000000000002000, 9.546498471374912100 ) ) ;
#4604 = CARTESIAN_POINT ( 'NONE',  ( 67.23127607601637100, 12.50000000000001600, 11.40058020938696400 ) ) ;
#4605 = VECTOR ( 'NONE', #4252, 1000.000000000000000 ) ;
#4606 = DIRECTION ( 'NONE',  ( -1.000000000000000000, 0.0000000000000000000, 0.0000000000000000000 ) ) ;
#4607 = ADVANCED_FACE ( 'NONE', ( #4225 ), #1732, .T. ) ;
#4608 = DIRECTION ( 'NONE',  ( 1.000000000000000000, 0.0000000000000000000, 0.0000000000000000000 ) ) ;
#4609 = CIRCLE ( 'NONE', #1842, 4.250000000000003600 ) ;
#4610 = CARTESIAN_POINT ( 'NONE',  ( -67.89570272679783600, 12.22383704525178900, 1.949051898862870800E-016 ) ) ;
#4611 = CARTESIAN_POINT ( 'NONE',  ( -41.00000000000000700, 10.58988809039670500, 34.62497709178453000 ) ) ;
#4612 = FACE_OUTER_BOUND ( 'NONE', #2274, .T. ) ;
#4613 = CARTESIAN_POINT ( 'NONE',  ( 44.17245700940959100, -12.09787863428485700, 34.51879648005649400 ) ) ;
#4614 = CARTESIAN_POINT ( 'NONE',  ( 58.52616399294831200, 11.09896896609390300, 35.20362715890879500 ) ) ;
#4615 = CARTESIAN_POINT ( 'NONE',  ( -44.03497510708209700, -10.60107372100080500, 34.13157142218083400 ) ) ;
#4616 = CC_DESIGN_PERSON_AND_ORGANIZATION_ASSIGNMENT ( #2498, #3290, ( #3068 ) ) ;
#4617 = CARTESIAN_POINT ( 'NONE',  ( -50.61957548893543900, -12.22363568081577000, 27.47640187425080100 ) ) ;
#4618 = ORIENTED_EDGE ( 'NONE', *, *, #169, .F. ) ;
#4619 = CARTESIAN_POINT ( 'NONE',  ( 41.00000000000000700, 12.06090092888058300, 36.58954798268833700 ) ) ;
#4620 = CARTESIAN_POINT ( 'NONE',  ( 53.50000000000000700, -6.999999999999992000, 12.00000000000000000 ) ) ;
#4621 = CARTESIAN_POINT ( 'NONE',  ( -50.41537085433849100, 10.77532554471272200, 26.43647272045876000 ) ) ;
#4622 = DIRECTION ( 'NONE',  ( -0.0000000000000000000, 1.000000000000000000, -0.0000000000000000000 ) ) ;
#4623 = VERTEX_POINT ( 'NONE', #2024 ) ;
#4624 = EDGE_CURVE ( 'NONE', #2947, #3411, #625, .T. ) ;
#4625 = CARTESIAN_POINT ( 'NONE',  ( 52.35442085592665500, 12.50000000000001600, 11.79163027837212500 ) ) ;
#4626 = EDGE_LOOP ( 'NONE', ( #1235, #2068, #315, #1749 ) ) ;
#4627 = CARTESIAN_POINT ( 'NONE',  ( -53.50000000000000700, -9.499999999999991100, 37.20630521974641200 ) ) ;
#4628 = DIRECTION ( 'NONE',  ( -0.0000000000000000000, 0.0000000000000000000, -1.000000000000000000 ) ) ;
#4629 = CARTESIAN_POINT ( 'NONE',  ( 50.62086701465002400, 11.28028189672813600, -0.1781268677539665800 ) ) ;
#4630 = ORIENTED_EDGE ( 'NONE', *, *, #2291, .T. ) ;
#4631 = VERTEX_POINT ( 'NONE', #3073 ) ;
#4632 = EDGE_CURVE ( 'NONE', #4260, #1595, #4572, .T. ) ;
#4633 = CARTESIAN_POINT ( 'NONE',  ( 46.77312896820446000, -10.63372643495287700, 32.69086357337043600 ) ) ;
#4634 = CARTESIAN_POINT ( 'NONE',  ( -45.73119021795182000, -10.61802652132103500, 33.38365656052617000 ) ) ;
#4635 = ORIENTED_EDGE ( 'NONE', *, *, #1647, .T. ) ;
#4636 = CARTESIAN_POINT ( 'NONE',  ( -51.79127077867930500, -12.19813861852203400, 28.90423736276622400 ) ) ;
#4637 = ADVANCED_FACE ( 'NONE', ( #1003 ), #3611, .F. ) ;
#4638 = CARTESIAN_POINT ( 'NONE',  ( -68.06546948217067000, -11.37997275191314900, 19.06392253749555700 ) ) ;
#4639 = DIRECTION ( 'NONE',  ( -3.854941057726238100E-016, -1.000000000000000000, 0.0000000000000000000 ) ) ;
#4640 = VERTEX_POINT ( 'NONE', #1991 ) ;
#4641 = CARTESIAN_POINT ( 'NONE',  ( -67.08836330536755100, 12.50000000000001800, 12.00000000000000000 ) ) ;
#4642 = CARTESIAN_POINT ( 'NONE',  ( 51.63855923933270700, -12.50000000000002000, 0.0000000000000000000 ) ) ;
#4643 = DIRECTION ( 'NONE',  ( 0.0000000000000000000, -0.0000000000000000000, 1.000000000000000000 ) ) ;
#4644 = CARTESIAN_POINT ( 'NONE',  ( 68.03753866805631400, 11.81566549931814900, 12.41836049271156200 ) ) ;
#4645 = ORIENTED_EDGE ( 'NONE', *, *, #3809, .T. ) ;
#4646 = CARTESIAN_POINT ( 'NONE',  ( -51.50000000000000000, 7.153015364242309100, 38.84457641169643000 ) ) ;
#4647 = CARTESIAN_POINT ( 'NONE',  ( 68.12743785337185900, -11.54962670303367400, 18.89878142304088700 ) ) ;
#4648 = DIRECTION ( 'NONE',  ( 1.000000000000000000, -1.272857920698121200E-016, 0.0000000000000000000 ) ) ;
#4649 = CARTESIAN_POINT ( 'NONE',  ( 41.00000000000000700, -10.58988809039667300, 34.62497709178453000 ) ) ;
#4650 = AXIS2_PLACEMENT_3D ( 'NONE', #1470, #3284, #1453 ) ;
#4651 = ORIENTED_EDGE ( 'NONE', *, *, #3925, .F. ) ;
#4652 =( BOUNDED_SURFACE ( )  B_SPLINE_SURFACE ( 3, 2, ( 
 ( #2663, #3426, #3035 ),
 ( #1214, #3409, #2713 ),
 ( #3771, #4172, #4143 ),
 ( #1970, #1938, #4158 ),
 ( #4529, #3457, #2328 ),
 ( #2302, #1232, #2273 ),
 ( #2646, #1954, #427 ),
 ( #127, #4542, #1630 ),
 ( #895, #4199, #510 ),
 ( #3846, #2345, #3829 ) ),
 .UNSPECIFIED., .F., .F., .F. ) 
 B_SPLINE_SURFACE_WITH_KNOTS ( ( 4, 2, 2, 2, 4 ),
 ( 3, 3 ),
 ( 0.5125143568065996200, 0.6873384957816453000, 0.8621626347566910800, 1.036986773731736600, 1.211810912706782400 ),
 ( 0.0000000000000000000, 1.000000000000000000 ),
 .UNSPECIFIED. ) 
 GEOMETRIC_REPRESENTATION_ITEM ( )  RATIONAL_B_SPLINE_SURFACE ( (
 ( 1.000000000000000000, 0.7125869331581469200, 1.000000000000000000),
 ( 1.000000000000000000, 0.7124079598115572500, 1.000000000000000000),
 ( 1.000000000000000000, 0.7122009937578323000, 1.000000000000000000),
 ( 1.000000000000000000, 0.7117373854900391800, 1.000000000000000000),
 ( 1.000000000000000000, 0.7114807247660628300, 1.000000000000000000),
 ( 1.000000000000000000, 0.7109253513396083200, 1.000000000000000000),
 ( 1.000000000000000000, 0.7106266465240205200, 1.000000000000000000),
 ( 1.000000000000000000, 0.7099961478436578300, 1.000000000000000000),
 ( 1.000000000000000000, 0.7096643770012814900, 1.000000000000000000),
 ( 1.000000000000000000, 0.7093210316351634700, 1.000000000000000000) ) ) 
 REPRESENTATION_ITEM ( '' )  SURFACE ( )  );
#4653 = DIRECTION ( 'NONE',  ( 0.0000000000000000000, 1.000000000000000000, -0.0000000000000000000 ) ) ;
#4654 = CARTESIAN_POINT ( 'NONE',  ( -48.50616264962953700, -12.11105473332794000, 33.78093493363501000 ) ) ;
#4655 = CARTESIAN_POINT ( 'NONE',  ( -59.46011074385361200, -12.12819483495000300, 32.82108924277955700 ) ) ;
#4656 = ORIENTED_EDGE ( 'NONE', *, *, #3503, .F. ) ;
#4657 = CARTESIAN_POINT ( 'NONE',  ( -43.15689307257085300, 10.59540367752749300, 34.38168924998191800 ) ) ;
#4658 = CARTESIAN_POINT ( 'NONE',  ( 67.95858973541646700, -12.04366024034402800, 0.0000000000000000000 ) ) ;
#4659 = CARTESIAN_POINT ( 'NONE',  ( 67.12921572777871400, -12.37981335125858500, 18.73045232952017600 ) ) ;
#4660 = DIRECTION ( 'NONE',  ( 0.0000000000000000000, -0.9998405993454447800, -0.01785429641688295700 ) ) ;
#4661 = DIRECTION ( 'NONE',  ( 0.0000000000000000000, -0.0000000000000000000, -1.000000000000000000 ) ) ;
#4662 = ADVANCED_FACE ( 'NONE', ( #1878 ), #527, .F. ) ;
#4663 = DIRECTION ( 'NONE',  ( 0.0000000000000000000, 0.0000000000000000000, -1.000000000000000000 ) ) ;
#4664 = CARTESIAN_POINT ( 'NONE',  ( 50.22736584651563200, 10.75455206706044800, 27.35468293555140600 ) ) ;
#4665 = AXIS2_PLACEMENT_3D ( 'NONE', #3309, #3274, #3958 ) ;
#4666 = CARTESIAN_POINT ( 'NONE',  ( 44.04845697955914800, -10.60117816370165800, 34.12696405966086400 ) ) ;
#4667 = CARTESIAN_POINT ( 'NONE',  ( 52.45443096067764100, 12.42128824134639200, 16.40785848460301800 ) ) ;
#4668 = CARTESIAN_POINT ( 'NONE',  ( -67.56010931755579900, 12.49999999999999800, 4.011993900137690100 ) ) ;
#4669 = CARTESIAN_POINT ( 'NONE',  ( -49.03376607312079500, -10.69035823779480800, 30.19074282828608300 ) ) ;
#4670 = FACE_OUTER_BOUND ( 'NONE', #2596, .T. ) ;
#4671 = EDGE_CURVE ( 'NONE', #651, #3886, #718, .T. ) ;
#4672 = CARTESIAN_POINT ( 'NONE',  ( -53.60346171262430900, -12.06044012634908200, 36.61535292445064700 ) ) ;
#4673 = CARTESIAN_POINT ( 'NONE',  ( -68.03782457130452600, 11.81481942539947600, 12.46444424279252100 ) ) ;
#4674 = LINE ( 'NONE', #1419, #2040 ) ;
#4675 = DIRECTION ( 'NONE',  ( 1.000000000000000000, 0.0000000000000000000, 0.0000000000000000000 ) ) ;
#4676 = CARTESIAN_POINT ( 'NONE',  ( 62.50239059962789400, -11.20222515163684200, 29.27301547650043300 ) ) ;
#4677 = CARTESIAN_POINT ( 'NONE',  ( 49.73975291550910100, 11.01769771678998600, 40.00000000000000000 ) ) ;
#4678 = CARTESIAN_POINT ( 'NONE',  ( 67.09123477252561000, 12.49221045019411700, 12.43621478913016900 ) ) ;
#4679 = ORIENTED_EDGE ( 'NONE', *, *, #3659, .T. ) ;
#4680 = DIRECTION ( 'NONE',  ( 1.000000000000000000, 0.0000000000000000000, 0.0000000000000000000 ) ) ;
#4681 = DIRECTION ( 'NONE',  ( -1.000000000000000000, 0.0000000000000000000, 0.0000000000000000000 ) ) ;
#4682 = CARTESIAN_POINT ( 'NONE',  ( -67.80641650019761400, -12.49215390926121600, 12.43938108098076400 ) ) ;
#4683 = CARTESIAN_POINT ( 'NONE',  ( -52.87687207428921700, 8.916240119275430600, 38.24445330239958500 ) ) ;
#4684 = CARTESIAN_POINT ( 'NONE',  ( -52.27594999198591100, 12.50000000000000400, 11.42109800477693300 ) ) ;
#4685 = ORIENTED_EDGE ( 'NONE', *, *, #2324, .T. ) ;
#4686 = CARTESIAN_POINT ( 'NONE',  ( -68.45153655582156200, -9.717975614061629100, 17.98878846226215300 ) ) ;
#4687 = CARTESIAN_POINT ( 'NONE',  ( 52.49915601363994700, 8.745247472145200300, 38.49455724390756500 ) ) ;
#4688 = ADVANCED_FACE ( 'NONE', ( #2739 ), #3032, .F. ) ;
#4689 = VECTOR ( 'NONE', #1374, 1000.000000000000000 ) ;
#4690 = ORIENTED_EDGE ( 'NONE', *, *, #1146, .F. ) ;
#4691 = ORIENTED_EDGE ( 'NONE', *, *, #2263, .F. ) ;
#4692 = DIRECTION ( 'NONE',  ( -0.0000000000000000000, -0.0000000000000000000, -1.000000000000000000 ) ) ;
#4693 = EDGE_CURVE ( 'NONE', #2684, #2287, #1404, .T. ) ;
#4694 = CARTESIAN_POINT ( 'NONE',  ( -51.73869772299057200, -7.957728424402586300, 38.66311206631726800 ) ) ;
#4695 = CARTESIAN_POINT ( 'NONE',  ( 52.25408825101310800, -12.02262004174187700, 38.73327766207522400 ) ) ;
#4696 = CARTESIAN_POINT ( 'NONE',  ( -50.54273040436006400, 12.21834380546596500, 27.77274689395821700 ) ) ;
#4697 = ORIENTED_EDGE ( 'NONE', *, *, #782, .T. ) ;
#4698 = B_SPLINE_CURVE_WITH_KNOTS ( 'NONE', 3,
 ( #717, #2946, #354, #1483, #4012, #334, #737, #2218, #2916, #4385 ),
 .UNSPECIFIED., .F., .F.,
 ( 4, 2, 2, 2, 4 ),
 ( 0.0000000000000000000, 0.0004038535413429763800, 0.0008077070826859527700, 0.001211560624028929200, 0.001615414165371905500 ),
 .UNSPECIFIED. ) ;
#4699 = DIRECTION ( 'NONE',  ( 0.0000000000000000000, 1.000000000000000000, 0.0000000000000000000 ) ) ;
#4700 = CARTESIAN_POINT ( 'NONE',  ( -52.68643054346327400, 8.831124380358376800, 37.90596530031268700 ) ) ;
#4701 = EDGE_LOOP ( 'NONE', ( #369, #767, #2048, #1356 ) ) ;
#4702 = EDGE_CURVE ( 'NONE', #666, #1746, #274, .T. ) ;
#4703 = CARTESIAN_POINT ( 'NONE',  ( -68.89968227263371100, -8.999999999999991100, 12.50000000000000000 ) ) ;
#4704 = CARTESIAN_POINT ( 'NONE',  ( 52.46079264791757900, -12.50000000000003000, 12.00000000000001200 ) ) ;
#4705 = CARTESIAN_POINT ( 'NONE',  ( -68.55725561484231900, -10.16808587660438000, 17.57996233051059000 ) ) ;
#4706 = CARTESIAN_POINT ( 'NONE',  ( 52.25386364569117600, 8.569797097115076300, 38.25893877828153900 ) ) ;
#4707 = ORIENTED_EDGE ( 'NONE', *, *, #1868, .T. ) ;
#4708 = CARTESIAN_POINT ( 'NONE',  ( -51.04244731691979100, 12.71696897618917200, -0.1502626665938015500 ) ) ;
#4709 = AXIS2_PLACEMENT_3D ( 'NONE', #1425, #3663, #696 ) ;
#4710 = DIRECTION ( 'NONE',  ( 1.000000000000000000, -0.0000000000000000000, -0.0000000000000000000 ) ) ;
#4711 = AXIS2_PLACEMENT_3D ( 'NONE', #3971, #4733, #1771 ) ;
#4712 = ORIENTED_EDGE ( 'NONE', *, *, #2065, .T. ) ;
#4713 = CARTESIAN_POINT ( 'NONE',  ( -68.47618094013269300, 9.560713168183166700, 17.91694086755097400 ) ) ;
#4714 = ORIENTED_EDGE ( 'NONE', *, *, #2348, .T. ) ;
#4715 =( BOUNDED_CURVE ( )  B_SPLINE_CURVE ( 3, ( #683, #2497, #4736, #4007 ),
 .UNSPECIFIED., .F., .F. ) 
 B_SPLINE_CURVE_WITH_KNOTS ( ( 4, 4 ),
 ( 0.5125143568066000700, 1.211810912706782200 ),
 .UNSPECIFIED. ) 
 CURVE ( )  GEOMETRIC_REPRESENTATION_ITEM ( )  RATIONAL_B_SPLINE_CURVE ( ( 1.000000000000000000, 0.9596621729736616300, 0.9596621729736616300, 1.000000000000000000 ) ) 
 REPRESENTATION_ITEM ( '' )  );
#4716 = CARTESIAN_POINT ( 'NONE',  ( -68.55416431069579600, -9.856964201133488100, 17.58861678794829000 ) ) ;
#4717 = CARTESIAN_POINT ( 'NONE',  ( -51.57684434317177800, -7.567331350301907700, 38.78654656571065100 ) ) ;
#4718 = CARTESIAN_POINT ( 'NONE',  ( -68.07658807808198300, -11.70010652064240000, 18.71259803310266900 ) ) ;
#4719 = AXIS2_PLACEMENT_3D ( 'NONE', #1073, #2949, #376 ) ;
#4720 = CARTESIAN_POINT ( 'NONE',  ( 68.74861462098176900, 9.000000000000008900, 17.24361716266690400 ) ) ;
#4721 = CARTESIAN_POINT ( 'NONE',  ( -67.36848011378162900, 12.50000000000000000, 9.525927599732973800 ) ) ;
#4722 = ORIENTED_EDGE ( 'NONE', *, *, #1287, .F. ) ;
#4723 = CARTESIAN_POINT ( 'NONE',  ( 52.34406206750536200, 9.058336878820803400, 38.59498816350565400 ) ) ;
#4724 = EDGE_CURVE ( 'NONE', #1481, #938, #1997, .T. ) ;
#4725 = CARTESIAN_POINT ( 'NONE',  ( -68.06546948217065600, -11.37997275191315100, 19.06392253749558200 ) ) ;
#4726 = ORIENTED_EDGE ( 'NONE', *, *, #964, .T. ) ;
#4727 = CARTESIAN_POINT ( 'NONE',  ( -68.54816967360238800, -10.19871982744127900, 17.42177286625123100 ) ) ;
#4728 = CARTESIAN_POINT ( 'NONE',  ( -51.58997213946251000, -7.614978847991065600, 39.07178433933098900 ) ) ;
#4729 = CARTESIAN_POINT ( 'NONE',  ( 61.70521381730061000, -12.20206575098130300, 28.68431794504690700 ) ) ;
#4730 = FACE_OUTER_BOUND ( 'NONE', #418, .T. ) ;
#4731 = CARTESIAN_POINT ( 'NONE',  ( -68.41363460386350000, 9.427108223318407800, 18.09945467851946400 ) ) ;
#4732 = FACE_OUTER_BOUND ( 'NONE', #1572, .T. ) ;
#4733 = DIRECTION ( 'NONE',  ( -1.000000000000000000, 1.982541115401936300E-015, 1.110223024625155800E-013 ) ) ;
#4734 = CARTESIAN_POINT ( 'NONE',  ( -68.52426738571965400, -9.866899587328291000, 17.77465877404937400 ) ) ;
#4735 = VECTOR ( 'NONE', #576, 1000.000000000000000 ) ;
#4736 = CARTESIAN_POINT ( 'NONE',  ( -64.72117267288024300, 11.22480319030518800, 27.97622556318377800 ) ) ;
#4737 = CARTESIAN_POINT ( 'NONE',  ( -67.11347799041396900, 12.50000000000000200, 11.98295725683059500 ) ) ;
#4738 = CARTESIAN_POINT ( 'NONE',  ( 51.25803393889211900, 7.182216376006769200, 39.27285025677667800 ) ) ;
#4739 = ADVANCED_FACE ( 'NONE', ( #3832 ), #77, .F. ) ;
#4740 = SPHERICAL_SURFACE ( 'NONE', #3154, 1.000000000000000000 ) ;
#4741 = CARTESIAN_POINT ( 'NONE',  ( -43.59690705280852500, 12.06613577812872900, 36.29639642479228500 ) ) ;
#4742 = CARTESIAN_POINT ( 'NONE',  ( -67.95780644424860400, -12.04590420384116100, -0.1222236422274217100 ) ) ;
#4743 = CARTESIAN_POINT ( 'NONE',  ( -52.26162729998437600, -11.03759912423157100, 38.72845910191397000 ) ) ;
#4744 = CARTESIAN_POINT ( 'NONE',  ( -67.79591274114424900, 12.50000000000000000, 0.0000000000000000000 ) ) ;
#4745 = ORIENTED_EDGE ( 'NONE', *, *, #3198, .F. ) ;
#4746 = CARTESIAN_POINT ( 'NONE',  ( 57.11679283992693000, -12.11194000428895000, 33.73135975981820400 ) ) ;
#4747 = CARTESIAN_POINT ( 'NONE',  ( -68.12586056333636000, 9.506423060264896900, 18.90254927324710000 ) ) ;
#4748 = ORIENTED_EDGE ( 'NONE', *, *, #478, .T. ) ;
#4749 = CARTESIAN_POINT ( 'NONE',  ( -67.11566979183240300, -12.41989986017463600, 16.48560783022154300 ) ) ;
#4750 = PERSON_AND_ORGANIZATION ( #2891, #424 ) ;
#4751 = ORIENTED_EDGE ( 'NONE', *, *, #1637, .T. ) ;
#4752 = CARTESIAN_POINT ( 'NONE',  ( -53.50000000000000000, 9.000000000000007100, 12.50000000000000000 ) ) ;
#4753 = CARTESIAN_POINT ( 'NONE',  ( 52.00000000000000700, 2.004569350017643900E-014, 12.50000000000000000 ) ) ;
#4754 = CARTESIAN_POINT ( 'NONE',  ( 68.18259539854724900, 9.000000000000007100, 17.21544018115933400 ) ) ;
#4755 = DIRECTION ( 'NONE',  ( 0.2357996263413416600, -0.9718016959325003200, -0.0000000000000000000 ) ) ;
#4756 = CARTESIAN_POINT ( 'NONE',  ( -67.10306728401339200, 12.50000000000000000, 11.99468803611391200 ) ) ;
#4757 = FACE_OUTER_BOUND ( 'NONE', #3616, .T. ) ;
#4758 = VERTEX_POINT ( 'NONE', #3558 ) ;
#4759 = CARTESIAN_POINT ( 'NONE',  ( 53.49028412872959800, 9.499999997655773900, 37.82665370594899200 ) ) ;
#4760 = ORIENTED_EDGE ( 'NONE', *, *, #1183, .T. ) ;
#4761 = CARTESIAN_POINT ( 'NONE',  ( -49.96665129122529000, -10.73438236937541900, 28.24601545166986200 ) ) ;
#4762 = CARTESIAN_POINT ( 'NONE',  ( -67.56444679531951200, -9.999999999999987600, 40.00000000000000000 ) ) ;
#4763 = ORIENTED_EDGE ( 'NONE', *, *, #4095, .F. ) ;
#4764 = EDGE_CURVE ( 'NONE', #3298, #1091, #2513, .T. ) ;
#4765 = CARTESIAN_POINT ( 'NONE',  ( -68.50292916534878900, 9.645009302693083000, 17.66474424148262300 ) ) ;
#4766 = VERTEX_POINT ( 'NONE', #612 ) ;
#4767 = ADVANCED_FACE ( 'NONE', ( #773 ), #2562, .T. ) ;
#4768 = DIRECTION ( 'NONE',  ( 0.0000000000000000000, -1.000000000000000000, 0.0000000000000000000 ) ) ;
#4769 = CARTESIAN_POINT ( 'NONE',  ( -51.56408152577006400, 7.576304312322362100, 38.79662655076268200 ) ) ;
#4770 = CARTESIAN_POINT ( 'NONE',  ( -68.87964967440729000, 9.024715982812967500, 12.33657956997838700 ) ) ;
#4771 = ORIENTED_EDGE ( 'NONE', *, *, #401, .F. ) ;
#4772 = CARTESIAN_POINT ( 'NONE',  ( -67.56444679531951200, -9.499999999999991100, 18.97561127351263400 ) ) ;
#4773 = CARTESIAN_POINT ( 'NONE',  ( 52.00000000000000700, -6.999999999999992900, 12.00000000000000000 ) ) ;
#4774 = CARTESIAN_POINT ( 'NONE',  ( -50.48410110073059100, -10.80328860203453100, 25.19999999999998900 ) ) ;
#4775 = ORIENTED_EDGE ( 'NONE', *, *, #2094, .T. ) ;
#4776 = CARTESIAN_POINT ( 'NONE',  ( -52.41001181021050600, 12.26364806084227300, 25.23570859283375600 ) ) ;
#4777 = CARTESIAN_POINT ( 'NONE',  ( -53.19447843457085400, -9.449188878402603500, 38.03069759358778900 ) ) ;
#4778 = DIRECTION ( 'NONE',  ( 1.000000000000000000, -1.272857920698121500E-016, -0.0000000000000000000 ) ) ;
#4779 = CARTESIAN_POINT ( 'NONE',  ( -50.23068204127309900, 10.75487750785027600, 27.34029902718015500 ) ) ;
#4780 = CARTESIAN_POINT ( 'NONE',  ( -68.07947750001265800, 9.500000003325366600, 19.02717460352662800 ) ) ;
#4781 = CARTESIAN_POINT ( 'NONE',  ( 68.70798039291818800, 9.631770379426054500, 16.94872539182345200 ) ) ;
#4782 = VERTEX_POINT ( 'NONE', #1703 ) ;
#4783 = CARTESIAN_POINT ( 'NONE',  ( -53.50000000000000000, 9.500000000000008900, 37.20630521974641200 ) ) ;
#4784 = CARTESIAN_POINT ( 'NONE',  ( -51.27796877236201600, -7.360422103509591800, 39.26086147515759700 ) ) ;
#4785 = AXIS2_PLACEMENT_3D ( 'NONE', #2830, #197, #4586 ) ;
#4786 = CARTESIAN_POINT ( 'NONE',  ( -68.69775603990687800, 9.669503019118673500, 11.29978515234330200 ) ) ;
#4787 = AXIS2_PLACEMENT_3D ( 'NONE', #3817, #1921, #1600 ) ;
#4788 = DIRECTION ( 'NONE',  ( 0.0000000000000000000, -0.0000000000000000000, 1.000000000000000000 ) ) ;
#4789 = CARTESIAN_POINT ( 'NONE',  ( 43.14129594527606300, 10.59532439493961300, 34.38518644159658800 ) ) ;
#4790 = B_SPLINE_CURVE_WITH_KNOTS ( 'NONE', 3,
 ( #1177, #1913, #3763, #3449, #454, #4474, #3026, #1945, #2310, #3075 ),
 .UNSPECIFIED., .F., .F.,
 ( 4, 2, 2, 2, 4 ),
 ( 0.0000000000000000000, 0.0002025221768874733700, 0.0004050443537749467500, 0.0008100887075499060800, 0.001620177415099848600 ),
 .UNSPECIFIED. ) ;
#4791 = LINE ( 'NONE', #1407, #3812 ) ;
#4792 = CARTESIAN_POINT ( 'NONE',  ( -49.73975291550908700, 11.01769771678998600, 40.00000000000000000 ) ) ;
#4793 = ADVANCED_FACE ( 'NONE', ( #2382 ), #14, .T. ) ;
#4794 = EDGE_CURVE ( 'NONE', #3638, #4517, #3269, .T. ) ;
#4795 = CARTESIAN_POINT ( 'NONE',  ( -44.67208645853153800, 12.07162737915744100, 35.98886676718411300 ) ) ;
ENDSEC;
END-ISO-10303-21;
