ISO-10303-21;
HEADER;
FILE_DESCRIPTION (( 'STEP AP203' ),
    '1' );
FILE_NAME ('ALP4310.STEP',
    '2017-03-03T18:55:46',
    ( '' ),
    ( '' ),
    'SwSTEP 2.0',
    'SolidWorks 2012',
    '' );
FILE_SCHEMA (( 'CONFIG_CONTROL_DESIGN' ));
ENDSEC;

DATA;
#1 = ORIENTED_EDGE ( 'NONE', *, *, #1319, .F. ) ;
#2 = DIRECTION ( 'NONE',  ( -0.0000000000000000000, -0.1947769387067119200, -0.9808475641750057400 ) ) ;
#3 = PRODUCT_DEFINITION_SHAPE ( 'NONE', 'NONE',  #3464 ) ;
#4 = PRODUCT_DEFINITION_SHAPE ( 'NONE', 'NONE',  #4029 ) ;
#5 = PRODUCT_DEFINITION_SHAPE ( 'NONE', 'NONE',  #4030 ) ;
#6 = DESIGN_CONTEXT ( 'detailed design', #3837, 'design' ) ;
#7 = DESIGN_CONTEXT ( 'detailed design', #3765, 'design' ) ;
#8 = DESIGN_CONTEXT ( 'detailed design', #3813, 'design' ) ;
#9 = PRODUCT_DEFINITION_SHAPE ( 'NONE', 'NONE',  #3503 ) ;
#10 = PRODUCT_DEFINITION_SHAPE ( 'NONE', 'NONE',  #2528 ) ;
#11 = UNCERTAINTY_MEASURE_WITH_UNIT (LENGTH_MEASURE( 1.000000000000000100E-005 ), #3771, 'distance_accuracy_value', 'NONE');
#12 = ADVANCED_BREP_SHAPE_REPRESENTATION ( '', ( #40, #2519 ), #2541 ) ;
#13 = B_SPLINE_CURVE_WITH_KNOTS ( 'NONE', 3,
 ( #1169, #1173, #137, #148 ),
 .UNSPECIFIED., .F., .F.,
 ( 4, 4 ),
 ( 0.0000000000000000000, 0.01825201297025348000 ),
 .UNSPECIFIED. ) ;
#14 =( BOUNDED_SURFACE ( )  B_SPLINE_SURFACE ( 3, 3, ( 
 ( #329, #304, #300, #312, #311, #306, #330, #336, #308, #316, #313, #320, #321, #324, #325, #331, #332, #359, #360, #415, #521, #527, #574, #1047 ),
 ( #258, #2733, #3013, #2609, #2682, #1713, #3591, #3587, #3546, #3597, #3584, #3585, #3598, #3538, #3578, #3590, #3599, #3545, #3554, #3588, #3564, #3576, #3574, #3548 ),
 ( #3568, #3541, #3540, #3569, #3565, #3579, #3571, #3542, #3557, #3600, #3537, #3582, #3586, #3589, #3539, #3592, #3544, #3570, #3553, #3572, #3567, #3549, #3577, #3580 ),
 ( #3547, #3561, #3575, #3550, #3594, #3593, #3581, #3543, #3583, #3551, #3573, #3595, #3552, #3596, #3555, #3556, #3558, #3559, #3560, #3562, #3563, #3566, #3649, #3614 ),
 ( #3627, #3620, #3602, #3630, #3658, #3611, #3621, #3636, #3607, #3637, #3601, #3655, #3626, #3628, #3615, #3622, #3648, #3623, #3608, #3616, #3664, #3618, #3603, #3604 ),
 ( #3613, #3659, #3629, #3624, #3662, #3643, #3650, #3609, #3631, #3654, #3619, #3632, #3638, #3625, #3633, #3660, #3642, #3661, #3652, #3639, #3634, #3635, #3640, #3663 ),
 ( #3605, #3606, #3641, #3644, #3645, #3646, #3610, #3612, #3647, #3651, #3653, #3617, #3656, #3657, #3670, #3686, #3680, #3705, #3708, #3674, #3689, #3709, #3696, #3671 ) ),
 .UNSPECIFIED., .T., .F., .F. ) 
 B_SPLINE_SURFACE_WITH_KNOTS ( ( 4, 3, 4 ),
 ( 4, 1, 1, 1, 1, 1, 1, 1, 1, 1, 1, 1, 1, 1, 1, 1, 1, 1, 1, 1, 1, 4 ),
 ( 0.0000000000000000000, 0.5000000000000000000, 1.000000000000000000 ),
 ( 0.0000000000000000000, 0.05396402086634036200, 0.1068800969065816200, 0.1578172970843927700, 0.2060479059843147200, 0.2510861020583000100, 0.3025040782198034600, 0.3484937142048376600, 0.3893083338531592700, 0.4253837017592568300, 0.4614590696653543300, 0.5022736893136760000, 0.5482633252987100200, 0.5996813014602135900, 0.6447194975348731200, 0.6929501064355556600, 0.7438873066141870000, 0.7968033826552688400, 0.8507674035185155400, 0.9006930830536703500, 0.9497866096518560200, 0.9999999999999997800 ),
 .UNSPECIFIED. ) 
 GEOMETRIC_REPRESENTATION_ITEM ( )  RATIONAL_B_SPLINE_SURFACE ( (
 ( 1.000000000000000000, 1.000000000000000000, 1.000000000000000000, 1.000000000000000000, 1.000000000000000000, 0.9999999999999995600, 0.9999999999999995600, 1.000000000000000200, 1.000000000000000400, 0.9999999999999995600, 1.000000000000000400, 1.000000000000000000, 1.000000000000000200, 0.9999999999999995600, 1.000000000000000200, 1.000000000000000000, 1.000000000000000200, 0.9999999999999995600, 1.000000000000000200, 1.000000000000000000, 1.000000000000000400, 1.000000000000000000, 1.000000000000000000, 1.000000000000000000),
 ( 0.3333333333333333700, 0.3333333333333333700, 0.3333333333333332600, 0.3333333333333334300, 0.3333333333333333700, 0.3333333333333332600, 0.3333333333333332600, 0.3333333333333333700, 0.3333333333333335400, 0.3333333333333332600, 0.3333333333333334800, 0.3333333333333334300, 0.3333333333333334300, 0.3333333333333332600, 0.3333333333333334300, 0.3333333333333333700, 0.3333333333333334300, 0.3333333333333332000, 0.3333333333333334300, 0.3333333333333334300, 0.3333333333333334800, 0.3333333333333333700, 0.3333333333333333700, 0.3333333333333333700),
 ( 0.3333333333333333700, 0.3333333333333333700, 0.3333333333333332600, 0.3333333333333334300, 0.3333333333333333700, 0.3333333333333332600, 0.3333333333333332600, 0.3333333333333333700, 0.3333333333333335400, 0.3333333333333332600, 0.3333333333333334800, 0.3333333333333334300, 0.3333333333333334300, 0.3333333333333332600, 0.3333333333333334300, 0.3333333333333333700, 0.3333333333333334300, 0.3333333333333332000, 0.3333333333333334300, 0.3333333333333334300, 0.3333333333333334800, 0.3333333333333333700, 0.3333333333333333700, 0.3333333333333333700),
 ( 1.000000000000000000, 1.000000000000000000, 1.000000000000000000, 1.000000000000000000, 1.000000000000000000, 0.9999999999999995600, 0.9999999999999995600, 1.000000000000000200, 1.000000000000000400, 0.9999999999999995600, 1.000000000000000400, 1.000000000000000000, 1.000000000000000200, 0.9999999999999995600, 1.000000000000000200, 1.000000000000000000, 1.000000000000000200, 0.9999999999999995600, 1.000000000000000200, 1.000000000000000000, 1.000000000000000400, 1.000000000000000000, 1.000000000000000000, 1.000000000000000000),
 ( 0.3333333333333333700, 0.3333333333333333700, 0.3333333333333332600, 0.3333333333333334300, 0.3333333333333333700, 0.3333333333333332600, 0.3333333333333332600, 0.3333333333333333700, 0.3333333333333335400, 0.3333333333333332600, 0.3333333333333334800, 0.3333333333333334300, 0.3333333333333334300, 0.3333333333333332600, 0.3333333333333334300, 0.3333333333333333700, 0.3333333333333334300, 0.3333333333333332000, 0.3333333333333334300, 0.3333333333333334300, 0.3333333333333334800, 0.3333333333333333700, 0.3333333333333333700, 0.3333333333333333700),
 ( 0.3333333333333333700, 0.3333333333333333700, 0.3333333333333332600, 0.3333333333333334300, 0.3333333333333333700, 0.3333333333333332600, 0.3333333333333332600, 0.3333333333333333700, 0.3333333333333335400, 0.3333333333333332600, 0.3333333333333334800, 0.3333333333333334300, 0.3333333333333334300, 0.3333333333333332600, 0.3333333333333334300, 0.3333333333333333700, 0.3333333333333334300, 0.3333333333333332000, 0.3333333333333334300, 0.3333333333333334300, 0.3333333333333334800, 0.3333333333333333700, 0.3333333333333333700, 0.3333333333333333700),
 ( 1.000000000000000000, 1.000000000000000000, 1.000000000000000000, 1.000000000000000000, 1.000000000000000000, 0.9999999999999995600, 0.9999999999999995600, 1.000000000000000200, 1.000000000000000400, 0.9999999999999995600, 1.000000000000000400, 1.000000000000000000, 1.000000000000000200, 0.9999999999999995600, 1.000000000000000200, 1.000000000000000000, 1.000000000000000200, 0.9999999999999995600, 1.000000000000000200, 1.000000000000000000, 1.000000000000000400, 1.000000000000000000, 1.000000000000000000, 1.000000000000000000) ) ) 
 REPRESENTATION_ITEM ( '' )  SURFACE ( )  );
#15 = ADVANCED_BREP_SHAPE_REPRESENTATION ( '', ( #55, #2519 ), #2551 ) ;
#16 =( BOUNDED_SURFACE ( )  B_SPLINE_SURFACE ( 3, 1, ( 
 ( #3685, #3681 ),
 ( #3698, #3703 ),
 ( #3700, #3712 ),
 ( #3701, #3704 ),
 ( #3682, #3713 ),
 ( #3665, #3666 ),
 ( #3667, #3683 ) ),
 .UNSPECIFIED., .T., .F., .F. ) 
 B_SPLINE_SURFACE_WITH_KNOTS ( ( 4, 3, 4 ),
 ( 2, 2 ),
 ( 0.0000000000000000000, 0.5000000000000000000, 1.000000000000000000 ),
 ( 0.0000000000000000000, 1.000000000000000000 ),
 .UNSPECIFIED. ) 
 GEOMETRIC_REPRESENTATION_ITEM ( )  RATIONAL_B_SPLINE_SURFACE ( (
 ( 1.000000000000000000, 1.000000000000000000),
 ( 0.3333333333333333700, 0.3333333333333333700),
 ( 0.3333333333333333700, 0.3333333333333333700),
 ( 1.000000000000000000, 1.000000000000000000),
 ( 0.3333333333333333700, 0.3333333333333333700),
 ( 0.3333333333333333700, 0.3333333333333333700),
 ( 1.000000000000000000, 1.000000000000000000) ) ) 
 REPRESENTATION_ITEM ( '' )  SURFACE ( )  );
#17 = B_SPLINE_CURVE_WITH_KNOTS ( 'NONE', 3,
 ( #151, #133, #121, #156 ),
 .UNSPECIFIED., .F., .F.,
 ( 4, 4 ),
 ( 0.0000000000000000000, 1.000000000000000000 ),
 .UNSPECIFIED. ) ;
#18 = B_SPLINE_CURVE_WITH_KNOTS ( 'NONE', 3,
 ( #126, #157, #143, #144 ),
 .UNSPECIFIED., .F., .F.,
 ( 4, 4 ),
 ( 0.0000000000000000000, 1.000000000000000000 ),
 .UNSPECIFIED. ) ;
#19 = B_SPLINE_CURVE_WITH_KNOTS ( 'NONE', 3,
 ( #153, #129, #163, #135, #117, #138 ),
 .UNSPECIFIED., .F., .F.,
 ( 4, 2, 4 ),
 ( 0.0000000000000000000, 0.5000000000000000000, 1.000000000000000000 ),
 .UNSPECIFIED. ) ;
#20 = UNCERTAINTY_MEASURE_WITH_UNIT (LENGTH_MEASURE( 1.000000000000000100E-005 ), #3786, 'distance_accuracy_value', 'NONE');
#21 = B_SPLINE_CURVE_WITH_KNOTS ( 'NONE', 3,
 ( #125, #136, #152, #160, #161, #149, #141, #120, #147, #124, #162, #139, #131, #164, #150, #154 ),
 .UNSPECIFIED., .F., .F.,
 ( 4, 1, 2, 2, 2, 1, 2, 2, 4 ),
 ( 0.0000000000000000000, 0.1250000000000004700, 0.1875000000000010000, 0.2500000000000015000, 0.5000000000000043300, 0.6250000000000048800, 0.6875000000000041100, 0.7500000000000034400, 1.000000000000000000 ),
 .UNSPECIFIED. ) ;
#22 = UNCERTAINTY_MEASURE_WITH_UNIT (LENGTH_MEASURE( 1.000000000000000100E-005 ), #3779, 'distance_accuracy_value', 'NONE');
#23 = B_SPLINE_CURVE_WITH_KNOTS ( 'NONE', 3,
 ( #1152, #1160, #1186, #1174, #1176, #1177, #1217, #1224, #1214, #1218, #1212, #1219, #1213, #1220, #1223, #1221, #1215, #1225, #1226, #1216, #1222 ),
 .UNSPECIFIED., .F., .F.,
 ( 4, 2, 2, 2, 2, 1, 1, 1, 2, 2, 2, 4 ),
 ( 0.0000000000000000000, 0.1249999999999892900, 0.2499999999999785700, 0.3749999999999678600, 0.4374999999999627500, 0.4687499999999598100, 0.4843749999999586400, 0.4921874999999583700, 0.4960937499999584800, 0.4999999999999585900, 0.7499999999999792400, 1.000000000000000000 ),
 .UNSPECIFIED. ) ;
#24 = B_SPLINE_CURVE_WITH_KNOTS ( 'NONE', 3,
 ( #2602, #2606, #2618, #2632, #2640, #2603, #2625, #2610, #2628, #2635, #2622, #2623, #2613, #2615, #2644, #2629, #2641, #2604, #2620, #2642 ),
 .UNSPECIFIED., .F., .F.,
 ( 4, 2, 2, 2, 2, 2, 2, 2, 2, 4 ),
 ( 0.0000000000000000000, 0.1250000000000002500, 0.2500000000000005000, 0.3750000000000007800, 0.5000000000000010000, 0.6250000000000012200, 0.6875000000000013300, 0.7500000000000015500, 0.8750000000000007800, 1.000000000000000000 ),
 .UNSPECIFIED. ) ;
#25 =( BOUNDED_SURFACE ( )  B_SPLINE_SURFACE ( 3, 3, ( 
 ( #1659, #1638, #1655, #1647 ),
 ( #1626, #1631, #1632, #1660 ),
 ( #1648, #1637, #1639, #1640 ),
 ( #1662, #1663, #1665, #1664 ) ),
 .UNSPECIFIED., .F., .F., .F. ) 
 B_SPLINE_SURFACE_WITH_KNOTS ( ( 4, 4 ),
 ( 4, 4 ),
 ( 0.0000000000000000000, 1.000000000000000000 ),
 ( 0.0000000000000000000, 1.000000000000000000 ),
 .UNSPECIFIED. ) 
 GEOMETRIC_REPRESENTATION_ITEM ( )  RATIONAL_B_SPLINE_SURFACE ( (
 ( 1.000000000000000000, 0.7563445129316684900, 0.7563445129316684900, 1.000000000000000000),
 ( 0.3333333333333333700, 0.2521148376438895300, 0.2521148376438895300, 0.3333333333333333700),
 ( 0.3333333333333333700, 0.2521148376438895300, 0.2521148376438895300, 0.3333333333333333700),
 ( 1.000000000000000000, 0.7563445129316684900, 0.7563445129316684900, 1.000000000000000000) ) ) 
 REPRESENTATION_ITEM ( '' )  SURFACE ( )  );
#26 = B_SPLINE_CURVE_WITH_KNOTS ( 'NONE', 3,
 ( #2680, #2648, #2684, #2654, #2676, #2675, #2651, #2678, #2656, #2655, #2679, #2652, #2647, #2702, #2667, #2689, #2658, #2668, #2653, #2692, #2681, #2659, #2690, #2657 ),
 .UNSPECIFIED., .F., .F.,
 ( 4, 1, 1, 1, 1, 1, 1, 1, 1, 1, 1, 1, 1, 1, 1, 1, 1, 1, 1, 1, 1, 4 ),
 ( 0.0000000000000000000, 0.05396402086634036200, 0.1068800969065816200, 0.1578172970843927700, 0.2060479059843147200, 0.2510861020583000100, 0.3025040782198034600, 0.3484937142048376600, 0.3893083338531592700, 0.4253837017592568300, 0.4614590696653543300, 0.5022736893136760000, 0.5482633252987100200, 0.5996813014602135900, 0.6447194975348731200, 0.6929501064355556600, 0.7438873066141870000, 0.7968033826552688400, 0.8507674035185155400, 0.9006930830536703500, 0.9497866096518560200, 0.9999999999999997800 ),
 .UNSPECIFIED. ) ;
#27 = B_SPLINE_CURVE_WITH_KNOTS ( 'NONE', 3,
 ( #2710, #2712, #2730, #2736, #2744, #2732, #2745, #2751, #2748, #2740, #2731, #2724, #2735, #2737, #2725, #2746, #2715 ),
 .UNSPECIFIED., .F., .F.,
 ( 4, 2, 2, 2, 1, 1, 2, 2, 1, 4 ),
 ( 0.01495235065984377300, 0.2612142629949297200, 0.3843452191624742700, 0.4459106972462463200, 0.4766934362881326000, 0.4920848058090734900, 0.4997804905695440400, 0.5036283329497790500, 0.5074761753300139900, 1.000000000000000000 ),
 .UNSPECIFIED. ) ;
#28 = B_SPLINE_CURVE_WITH_KNOTS ( 'NONE', 3,
 ( #391, #376, #353, #352 ),
 .UNSPECIFIED., .F., .F.,
 ( 4, 4 ),
 ( 0.0000000000000000000, 1.000000000000000000 ),
 .UNSPECIFIED. ) ;
#29 = B_SPLINE_CURVE_WITH_KNOTS ( 'NONE', 3,
 ( #398, #394, #365, #402, #371, #361, #373, #362, #375, #363, #364, #389, #378, #379, #381, #382, #395, #384, #399, #385, #400, #387 ),
 .UNSPECIFIED., .F., .F.,
 ( 4, 2, 2, 2, 2, 2, 2, 2, 2, 2, 4 ),
 ( 0.0000000000000000000, 0.1250000000000003300, 0.2500000000000006700, 0.3125000000000008900, 0.3750000000000011100, 0.5000000000000015500, 0.6250000000000020000, 0.6875000000000014400, 0.7500000000000010000, 0.8750000000000005600, 1.000000000000000000 ),
 .UNSPECIFIED. ) ;
#30 =( BOUNDED_SURFACE ( )  B_SPLINE_SURFACE ( 3, 3, ( 
 ( #3020, #3015, #2973, #2993, #2984, #2999, #2970, #3016, #2981, #2995, #3011, #3014, #3017, #2988, #3021, #3004, #2989, #2974, #3003, #2982, #2990, #3012, #3005, #2966 ),
 ( #2985, #3022, #2968, #3008, #3018, #2994, #2986, #2983, #3019, #3010, #2975, #3023, #3025, #2987, #2991, #3000, #3001, #3035, #3080, #3073, #3084, #3078, #3068, #3058 ),
 ( #3050, #3030, #3079, #3057, #3059, #3064, #3061, #3039, #3071, #3077, #3033, #3065, #3029, #3060, #3051, #3055, #3032, #3034, #3040, #3052, #3072, #3081, #3031, #3062 ),
 ( #3075, #3087, #3046, #3036, #3044, #3074, #3045, #3085, #3053, #3028, #3054, #3027, #3056, #3037, #3089, #3069, #3038, #3063, #3066, #3041, #3076, #3067, #3082, #3049 ),
 ( #3047, #3083, #3042, #3043, #3048, #3088, #3086, #3026, #3070, #3136, #3116, #3149, #3137, #3138, #3150, #3091, #3130, #3142, #3151, #3152, #3140, #3118, #3093, #3139 ),
 ( #3147, #3143, #3096, #3119, #3109, #3125, #3094, #3141, #3103, #3121, #3144, #3145, #3146, #3113, #3148, #3131, #3114, #3095, #3129, #3101, #3115, #3090, #3128, #3092 ),
 ( #3110, #3097, #3098, #3132, #3099, #3120, #3111, #3107, #3100, #3133, #3102, #3134, #3104, #3105, #3106, #3122, #3112, #3108, #3117, #3123, #3124, #3126, #3135, #3127 ) ),
 .UNSPECIFIED., .T., .F., .F. ) 
 B_SPLINE_SURFACE_WITH_KNOTS ( ( 4, 3, 4 ),
 ( 4, 1, 1, 1, 1, 1, 1, 1, 1, 1, 1, 1, 1, 1, 1, 1, 1, 1, 1, 1, 1, 4 ),
 ( 0.0000000000000000000, 0.5000000000000000000, 1.000000000000000000 ),
 ( 0.0000000000000000000, 0.05396402086634036200, 0.1068800969065816200, 0.1578172970843927700, 0.2060479059843147200, 0.2510861020583000100, 0.3025040782198034600, 0.3484937142048376600, 0.3893083338531592700, 0.4253837017592568300, 0.4614590696653543300, 0.5022736893136760000, 0.5482633252987100200, 0.5996813014602135900, 0.6447194975348731200, 0.6929501064355556600, 0.7438873066141870000, 0.7968033826552688400, 0.8507674035185155400, 0.9006930830536703500, 0.9497866096518560200, 0.9999999999999997800 ),
 .UNSPECIFIED. ) 
 GEOMETRIC_REPRESENTATION_ITEM ( )  RATIONAL_B_SPLINE_SURFACE ( (
 ( 1.000000000000000000, 1.000000000000000000, 1.000000000000000000, 1.000000000000000000, 1.000000000000000000, 0.9999999999999995600, 0.9999999999999995600, 1.000000000000000200, 1.000000000000000400, 0.9999999999999995600, 1.000000000000000400, 1.000000000000000000, 1.000000000000000200, 0.9999999999999995600, 1.000000000000000200, 1.000000000000000000, 1.000000000000000200, 0.9999999999999995600, 1.000000000000000200, 1.000000000000000000, 1.000000000000000400, 1.000000000000000000, 1.000000000000000000, 1.000000000000000000),
 ( 0.3333333333333333700, 0.3333333333333333700, 0.3333333333333332600, 0.3333333333333334300, 0.3333333333333333700, 0.3333333333333332600, 0.3333333333333332600, 0.3333333333333333700, 0.3333333333333335400, 0.3333333333333332600, 0.3333333333333334800, 0.3333333333333334300, 0.3333333333333334300, 0.3333333333333332600, 0.3333333333333334300, 0.3333333333333333700, 0.3333333333333334300, 0.3333333333333332000, 0.3333333333333334300, 0.3333333333333334300, 0.3333333333333334800, 0.3333333333333333700, 0.3333333333333333700, 0.3333333333333333700),
 ( 0.3333333333333333700, 0.3333333333333333700, 0.3333333333333332600, 0.3333333333333334300, 0.3333333333333333700, 0.3333333333333332600, 0.3333333333333332600, 0.3333333333333333700, 0.3333333333333335400, 0.3333333333333332600, 0.3333333333333334800, 0.3333333333333334300, 0.3333333333333334300, 0.3333333333333332600, 0.3333333333333334300, 0.3333333333333333700, 0.3333333333333334300, 0.3333333333333332000, 0.3333333333333334300, 0.3333333333333334300, 0.3333333333333334800, 0.3333333333333333700, 0.3333333333333333700, 0.3333333333333333700),
 ( 1.000000000000000000, 1.000000000000000000, 1.000000000000000000, 1.000000000000000000, 1.000000000000000000, 0.9999999999999995600, 0.9999999999999995600, 1.000000000000000200, 1.000000000000000400, 0.9999999999999995600, 1.000000000000000400, 1.000000000000000000, 1.000000000000000200, 0.9999999999999995600, 1.000000000000000200, 1.000000000000000000, 1.000000000000000200, 0.9999999999999995600, 1.000000000000000200, 1.000000000000000000, 1.000000000000000400, 1.000000000000000000, 1.000000000000000000, 1.000000000000000000),
 ( 0.3333333333333333700, 0.3333333333333333700, 0.3333333333333332600, 0.3333333333333334300, 0.3333333333333333700, 0.3333333333333332600, 0.3333333333333332600, 0.3333333333333333700, 0.3333333333333335400, 0.3333333333333332600, 0.3333333333333334800, 0.3333333333333334300, 0.3333333333333334300, 0.3333333333333332600, 0.3333333333333334300, 0.3333333333333333700, 0.3333333333333334300, 0.3333333333333332000, 0.3333333333333334300, 0.3333333333333334300, 0.3333333333333334800, 0.3333333333333333700, 0.3333333333333333700, 0.3333333333333333700),
 ( 0.3333333333333333700, 0.3333333333333333700, 0.3333333333333332600, 0.3333333333333334300, 0.3333333333333333700, 0.3333333333333332600, 0.3333333333333332600, 0.3333333333333333700, 0.3333333333333335400, 0.3333333333333332600, 0.3333333333333334800, 0.3333333333333334300, 0.3333333333333334300, 0.3333333333333332600, 0.3333333333333334300, 0.3333333333333333700, 0.3333333333333334300, 0.3333333333333332000, 0.3333333333333334300, 0.3333333333333334300, 0.3333333333333334800, 0.3333333333333333700, 0.3333333333333333700, 0.3333333333333333700),
 ( 1.000000000000000000, 1.000000000000000000, 1.000000000000000000, 1.000000000000000000, 1.000000000000000000, 0.9999999999999995600, 0.9999999999999995600, 1.000000000000000200, 1.000000000000000400, 0.9999999999999995600, 1.000000000000000400, 1.000000000000000000, 1.000000000000000200, 0.9999999999999995600, 1.000000000000000200, 1.000000000000000000, 1.000000000000000200, 0.9999999999999995600, 1.000000000000000200, 1.000000000000000000, 1.000000000000000400, 1.000000000000000000, 1.000000000000000000, 1.000000000000000000) ) ) 
 REPRESENTATION_ITEM ( '' )  SURFACE ( )  );
#31 = B_SPLINE_CURVE_WITH_KNOTS ( 'NONE', 1,
 ( #435, #427 ),
 .UNSPECIFIED., .F., .F.,
 ( 2, 2 ),
 ( 0.0000000000000000000, 1.000000000000000000 ),
 .UNSPECIFIED. ) ;
#32 = B_SPLINE_CURVE_WITH_KNOTS ( 'NONE', 1,
 ( #2695, #2697 ),
 .UNSPECIFIED., .F., .F.,
 ( 2, 2 ),
 ( 0.0000000000000000000, 1.000000000000000000 ),
 .UNSPECIFIED. ) ;
#33 = B_SPLINE_CURVE_WITH_KNOTS ( 'NONE', 3,
 ( #2738, #2741, #2719, #2752 ),
 .UNSPECIFIED., .F., .F.,
 ( 4, 4 ),
 ( 0.0000000000000000000, 1.000000000000000000 ),
 .UNSPECIFIED. ) ;
#34 = B_SPLINE_CURVE_WITH_KNOTS ( 'NONE', 3,
 ( #2630, #2639, #2600, #2624 ),
 .UNSPECIFIED., .F., .F.,
 ( 4, 4 ),
 ( 0.0000000000000000000, 1.000000000000000000 ),
 .UNSPECIFIED. ) ;
#35 = B_SPLINE_CURVE_WITH_KNOTS ( 'NONE', 3,
 ( #2706, #2720, #2847, #2873, #2889, #2929 ),
 .UNSPECIFIED., .F., .F.,
 ( 4, 2, 4 ),
 ( 0.0000000000000000000, 0.5000000000000000000, 1.000000000000000000 ),
 .UNSPECIFIED. ) ;
#36 = B_SPLINE_CURVE_WITH_KNOTS ( 'NONE', 3,
 ( #440, #425, #502, #497, #488, #480, #475, #485, #486, #476, #494, #465, #466, #493, #461, #468 ),
 .UNSPECIFIED., .F., .F.,
 ( 4, 1, 2, 2, 2, 1, 2, 2, 4 ),
 ( 0.0000000000000000000, 0.1249999999999997200, 0.1874999999999985800, 0.2499999999999976100, 0.4999999999999961100, 0.6249999999999955600, 0.6874999999999957800, 0.7499999999999961100, 1.000000000000000000 ),
 .UNSPECIFIED. ) ;
#37 = B_SPLINE_CURVE_WITH_KNOTS ( 'NONE', 3,
 ( #403, #354, #366, #386, #388, #377, #401, #390, #383, #369, #374, #404, #380, #396, #357, #372, #367 ),
 .UNSPECIFIED., .F., .F.,
 ( 4, 2, 2, 2, 1, 1, 1, 2, 2, 4 ),
 ( 0.0000000000000000000, 0.4925243450268446100, 0.4963721914723676100, 0.5002200379178906000, 0.5079157308089362600, 0.5233071165910273500, 0.5540898881552053200, 0.6156554312835613700, 0.7387865175402699200, 0.9850486900536898900 ),
 .UNSPECIFIED. ) ;
#38 = B_SPLINE_CURVE_WITH_KNOTS ( 'NONE', 3,
 ( #500, #505, #506, #501, #478, #454, #504, #460, #507, #451, #452, #457, #481, #470, #483, #455, #453, #464, #482, #456, #458, #492 ),
 .UNSPECIFIED., .F., .F.,
 ( 4, 2, 2, 2, 2, 2, 2, 2, 2, 2, 4 ),
 ( 0.0000000000000000000, 0.1249999999999993100, 0.1874999999999989700, 0.2499999999999986700, 0.3749999999999980000, 0.4999999999999974500, 0.5624999999999971100, 0.6249999999999967800, 0.7499999999999976700, 0.8749999999999987800, 1.000000000000000000 ),
 .UNSPECIFIED. ) ;
#39 = B_SPLINE_CURVE_WITH_KNOTS ( 'NONE', 3,
 ( #2597, #2646, #2614, #2633 ),
 .UNSPECIFIED., .F., .F.,
 ( 4, 4 ),
 ( 0.0000000000000000000, 1.000000000000000000 ),
 .UNSPECIFIED. ) ;
#40 = MANIFOLD_SOLID_BREP ( 'Scale2', #1891 ) ;
#41 =( BOUNDED_SURFACE ( )  B_SPLINE_SURFACE ( 3, 3, ( 
 ( #1712, #1714, #1685, #1687 ),
 ( #1697, #1700, #1704, #1706 ),
 ( #1545, #1544, #1546, #1523 ),
 ( #1524, #1533, #1543, #1525 ) ),
 .UNSPECIFIED., .F., .F., .F. ) 
 B_SPLINE_SURFACE_WITH_KNOTS ( ( 4, 4 ),
 ( 4, 4 ),
 ( 0.0000000000000000000, 1.000000000000000000 ),
 ( 0.0000000000000000000, 1.000000000000000000 ),
 .UNSPECIFIED. ) 
 GEOMETRIC_REPRESENTATION_ITEM ( )  RATIONAL_B_SPLINE_SURFACE ( (
 ( 1.000000000000000000, 0.7563445129316651600, 0.7563445129316651600, 1.000000000000000000),
 ( 0.3333333333333333700, 0.2521148376438884200, 0.2521148376438884200, 0.3333333333333333700),
 ( 0.3333333333333333700, 0.2521148376438884200, 0.2521148376438884200, 0.3333333333333333700),
 ( 1.000000000000000000, 0.7563445129316651600, 0.7563445129316651600, 1.000000000000000000) ) ) 
 REPRESENTATION_ITEM ( '' )  SURFACE ( )  );
#42 =( BOUNDED_SURFACE ( )  B_SPLINE_SURFACE ( 3, 1, ( 
 ( #2803, #2797 ),
 ( #2789, #2773 ),
 ( #2794, #2798 ),
 ( #2763, #2788 ),
 ( #2799, #2764 ),
 ( #2766, #2772 ),
 ( #2800, #2768 ) ),
 .UNSPECIFIED., .T., .F., .F. ) 
 B_SPLINE_SURFACE_WITH_KNOTS ( ( 4, 3, 4 ),
 ( 2, 2 ),
 ( 0.0000000000000000000, 0.5000000000000000000, 1.000000000000000000 ),
 ( 0.0000000000000000000, 1.000000000000000000 ),
 .UNSPECIFIED. ) 
 GEOMETRIC_REPRESENTATION_ITEM ( )  RATIONAL_B_SPLINE_SURFACE ( (
 ( 1.000000000000000000, 1.000000000000000000),
 ( 0.3333333333333333700, 0.3333333333333333700),
 ( 0.3333333333333333700, 0.3333333333333333700),
 ( 1.000000000000000000, 1.000000000000000000),
 ( 0.3333333333333333700, 0.3333333333333333700),
 ( 0.3333333333333333700, 0.3333333333333333700),
 ( 1.000000000000000000, 1.000000000000000000) ) ) 
 REPRESENTATION_ITEM ( '' )  SURFACE ( )  );
#43 =( BOUNDED_SURFACE ( )  B_SPLINE_SURFACE ( 3, 3, ( 
 ( #2807, #2855, #2856, #2857 ),
 ( #2858, #2823, #2859, #2824 ),
 ( #2830, #2826, #2828, #2893 ),
 ( #2907, #2863, #2890, #2901 ) ),
 .UNSPECIFIED., .F., .F., .F. ) 
 B_SPLINE_SURFACE_WITH_KNOTS ( ( 4, 4 ),
 ( 4, 4 ),
 ( 0.0000000000000000000, 1.000000000000000000 ),
 ( 0.0000000000000000000, 1.000000000000000000 ),
 .UNSPECIFIED. ) 
 GEOMETRIC_REPRESENTATION_ITEM ( )  RATIONAL_B_SPLINE_SURFACE ( (
 ( 1.000000000000000000, 0.7563445129316651600, 0.7563445129316651600, 1.000000000000000000),
 ( 0.3333333333333333700, 0.2521148376438884200, 0.2521148376438884200, 0.3333333333333333700),
 ( 0.3333333333333333700, 0.2521148376438884200, 0.2521148376438884200, 0.3333333333333333700),
 ( 1.000000000000000000, 0.7563445129316651600, 0.7563445129316651600, 1.000000000000000000) ) ) 
 REPRESENTATION_ITEM ( '' )  SURFACE ( )  );
#44 =( BOUNDED_SURFACE ( )  B_SPLINE_SURFACE ( 3, 3, ( 
 ( #2934, #2915, #2954, #2919, #2958, #2962 ),
 ( #2917, #2935, #2931, #2944, #2923, #2959 ),
 ( #2939, #2955, #2960, #2911, #2932, #2912 ),
 ( #2936, #2926, #2946, #2927, #2950, #2913 ),
 ( #2951, #2979, #3009, #2978, #2977, #3024 ),
 ( #2971, #3007, #2992, #3002, #2967, #3006 ),
 ( #2998, #2996, #2969, #2997, #2976, #2972 ) ),
 .UNSPECIFIED., .T., .F., .F. ) 
 B_SPLINE_SURFACE_WITH_KNOTS ( ( 4, 3, 4 ),
 ( 4, 1, 1, 4 ),
 ( 0.0000000000000000000, 0.5000000000000000000, 1.000000000000000000 ),
 ( 0.0000000000000000000, 0.3551303462278668800, 0.6748554453886644900, 1.000000000000000000 ),
 .UNSPECIFIED. ) 
 GEOMETRIC_REPRESENTATION_ITEM ( )  RATIONAL_B_SPLINE_SURFACE ( (
 ( 1.000000000000000000, 1.000000000000000000, 1.000000000000000400, 0.9999999999999995600, 1.000000000000000000, 1.000000000000000000),
 ( 0.3333333333333333700, 0.3333333333333333700, 0.3333333333333334800, 0.3333333333333332600, 0.3333333333333333700, 0.3333333333333333700),
 ( 0.3333333333333333700, 0.3333333333333333700, 0.3333333333333334800, 0.3333333333333332600, 0.3333333333333333700, 0.3333333333333333700),
 ( 1.000000000000000000, 1.000000000000000000, 1.000000000000000400, 0.9999999999999995600, 1.000000000000000000, 1.000000000000000000),
 ( 0.3333333333333333700, 0.3333333333333333700, 0.3333333333333334800, 0.3333333333333332600, 0.3333333333333333700, 0.3333333333333333700),
 ( 0.3333333333333333700, 0.3333333333333333700, 0.3333333333333334800, 0.3333333333333332600, 0.3333333333333333700, 0.3333333333333333700),
 ( 1.000000000000000000, 1.000000000000000000, 1.000000000000000400, 0.9999999999999995600, 1.000000000000000000, 1.000000000000000000) ) ) 
 REPRESENTATION_ITEM ( '' )  SURFACE ( )  );
#45 = B_SPLINE_CURVE_WITH_KNOTS ( 'NONE', 3,
 ( #2743, #2713, #2728, #2749, #2750, #2704 ),
 .UNSPECIFIED., .F., .F.,
 ( 4, 2, 4 ),
 ( 0.0000000000000000000, 0.5000000000000000000, 1.000000000000000000 ),
 .UNSPECIFIED. ) ;
#46 = B_SPLINE_CURVE_WITH_KNOTS ( 'NONE', 3,
 ( #350, #405, #370, #392 ),
 .UNSPECIFIED., .F., .F.,
 ( 4, 4 ),
 ( 0.0000000000000000000, 1.000000000000000000 ),
 .UNSPECIFIED. ) ;
#47 = B_SPLINE_CURVE_WITH_KNOTS ( 'NONE', 3,
 ( #420, #437, #444, #442, #434, #426, #408, #432, #412, #446, #421, #418, #448, #433, #438, #410, #422, #443 ),
 .UNSPECIFIED., .F., .F.,
 ( 4, 2, 2, 2, 2, 2, 2, 2, 4 ),
 ( 0.0000000000000000000, 0.1250000000000000300, 0.2500000000000000000, 0.3749999999999999400, 0.4999999999999999400, 0.6249999999999998900, 0.7499999999999998900, 0.8750000000000000000, 1.000000000000000000 ),
 .UNSPECIFIED. ) ;
#48 =( BOUNDED_CURVE ( )  B_SPLINE_CURVE ( 3, ( #431, #409, #436, #423 ),
 .UNSPECIFIED., .F., .F. ) 
 B_SPLINE_CURVE_WITH_KNOTS ( ( 4, 4 ),
 ( 0.4999999999899308900, 1.000000000000000000 ),
 .UNSPECIFIED. ) 
 CURVE ( )  GEOMETRIC_REPRESENTATION_ITEM ( )  RATIONAL_B_SPLINE_CURVE ( ( 1.000000000000000000, 0.3333333333333333700, 0.3333333333333333700, 1.000000000000000000 ) ) 
 REPRESENTATION_ITEM ( '' )  );
#49 =( BOUNDED_SURFACE ( )  B_SPLINE_SURFACE ( 3, 3, ( 
 ( #2809, #2840, #2815, #2827, #2848, #2839 ),
 ( #2817, #2846, #2816, #2818, #2860, #2841 ),
 ( #2844, #2829, #2842, #2806, #2845, #2812 ),
 ( #2832, #2810, #2833, #2814, #2811, #2849 ),
 ( #2813, #2805, #2861, #2825, #2850, #2819 ),
 ( #2820, #2851, #2831, #2835, #2838, #2836 ),
 ( #2852, #2853, #2821, #2854, #2822, #2837 ) ),
 .UNSPECIFIED., .T., .F., .F. ) 
 B_SPLINE_SURFACE_WITH_KNOTS ( ( 4, 3, 4 ),
 ( 4, 1, 1, 4 ),
 ( 0.0000000000000000000, 0.5000000000000000000, 1.000000000000000000 ),
 ( 0.0000000000000000000, 0.3551303462278668800, 0.6748554453886644900, 1.000000000000000000 ),
 .UNSPECIFIED. ) 
 GEOMETRIC_REPRESENTATION_ITEM ( )  RATIONAL_B_SPLINE_SURFACE ( (
 ( 1.000000000000000000, 1.000000000000000000, 1.000000000000000400, 0.9999999999999995600, 1.000000000000000000, 1.000000000000000000),
 ( 0.3333333333333333700, 0.3333333333333333700, 0.3333333333333334800, 0.3333333333333332600, 0.3333333333333333700, 0.3333333333333333700),
 ( 0.3333333333333333700, 0.3333333333333333700, 0.3333333333333334800, 0.3333333333333332600, 0.3333333333333333700, 0.3333333333333333700),
 ( 1.000000000000000000, 1.000000000000000000, 1.000000000000000400, 0.9999999999999995600, 1.000000000000000000, 1.000000000000000000),
 ( 0.3333333333333333700, 0.3333333333333333700, 0.3333333333333334800, 0.3333333333333332600, 0.3333333333333333700, 0.3333333333333333700),
 ( 0.3333333333333333700, 0.3333333333333333700, 0.3333333333333334800, 0.3333333333333332600, 0.3333333333333333700, 0.3333333333333333700),
 ( 1.000000000000000000, 1.000000000000000000, 1.000000000000000400, 0.9999999999999995600, 1.000000000000000000, 1.000000000000000000) ) ) 
 REPRESENTATION_ITEM ( '' )  SURFACE ( )  );
#50 = B_SPLINE_CURVE_WITH_KNOTS ( 'NONE', 3,
 ( #2643, #2605, #2616, #2607 ),
 .UNSPECIFIED., .F., .F.,
 ( 4, 4 ),
 ( 0.0000000000000000000, 1.000000000000000000 ),
 .UNSPECIFIED. ) ;
#51 = B_SPLINE_CURVE_WITH_KNOTS ( 'NONE', 3,
 ( #2661, #2649, #2662, #2683, #2650, #2663, #2670, #2671, #2691, #2672, #2673, #2685, #2694, #2686, #2687, #2688, #2696, #2699, #2700, #2747, #2708, #2721, #2703, #2742 ),
 .UNSPECIFIED., .F., .F.,
 ( 4, 1, 1, 1, 1, 1, 1, 1, 1, 1, 1, 1, 1, 1, 1, 1, 1, 1, 1, 1, 1, 4 ),
 ( 0.0000000000000000000, 0.05396402086634036200, 0.1068800969065816200, 0.1578172970843927700, 0.2060479059843147200, 0.2510861020583000100, 0.3025040782198034600, 0.3484937142048376600, 0.3893083338531592700, 0.4253837017592568300, 0.4614590696653543300, 0.5022736893136760000, 0.5482633252987100200, 0.5996813014602135900, 0.6447194975348731200, 0.6929501064355556600, 0.7438873066141870000, 0.7968033826552688400, 0.8507674035185155400, 0.9006930830536703500, 0.9497866096518560200, 0.9999999999999997800 ),
 .UNSPECIFIED. ) ;
#52 = B_SPLINE_CURVE_WITH_KNOTS ( 'NONE', 3,
 ( #2753, #2726, #2705, #2727 ),
 .UNSPECIFIED., .F., .F.,
 ( 4, 4 ),
 ( 0.0000000000000000000, 1.000000000000000000 ),
 .UNSPECIFIED. ) ;
#53 = B_SPLINE_CURVE_WITH_KNOTS ( 'NONE', 3,
 ( #2634, #2645, #2638, #2601 ),
 .UNSPECIFIED., .F., .F.,
 ( 4, 4 ),
 ( 0.0000000000000000000, 1.000000000000000000 ),
 .UNSPECIFIED. ) ;
#54 = B_SPLINE_CURVE_WITH_KNOTS ( 'NONE', 3,
 ( #479, #495, #496, #499, #472, #503 ),
 .UNSPECIFIED., .F., .F.,
 ( 4, 2, 4 ),
 ( 0.0000000000000000000, 0.5000000000000000000, 1.000000000000000000 ),
 .UNSPECIFIED. ) ;
#55 = MANIFOLD_SOLID_BREP ( 'Fillet1', #2025 ) ;
#56 =( BOUNDED_SURFACE ( )  B_SPLINE_SURFACE ( 3, 3, ( 
 ( #2899, #2869, #2904, #2906 ),
 ( #2866, #2883, #2876, #2887 ),
 ( #2902, #2871, #2885, #2898 ),
 ( #2903, #2878, #2908, #2892 ) ),
 .UNSPECIFIED., .F., .F., .F. ) 
 B_SPLINE_SURFACE_WITH_KNOTS ( ( 4, 4 ),
 ( 4, 4 ),
 ( 0.0000000000000000000, 1.000000000000000000 ),
 ( 0.0000000000000000000, 1.000000000000000000 ),
 .UNSPECIFIED. ) 
 GEOMETRIC_REPRESENTATION_ITEM ( )  RATIONAL_B_SPLINE_SURFACE ( (
 ( 1.000000000000000000, 0.7563445129316684900, 0.7563445129316684900, 1.000000000000000000),
 ( 0.3333333333333333700, 0.2521148376438895300, 0.2521148376438895300, 0.3333333333333333700),
 ( 0.3333333333333333700, 0.2521148376438895300, 0.2521148376438895300, 0.3333333333333333700),
 ( 1.000000000000000000, 0.7563445129316684900, 0.7563445129316684900, 1.000000000000000000) ) ) 
 REPRESENTATION_ITEM ( '' )  SURFACE ( )  );
#57 =( BOUNDED_CURVE ( )  B_SPLINE_CURVE ( 3, ( #2674, #2677, #2664, #2666 ),
 .UNSPECIFIED., .F., .F. ) 
 B_SPLINE_CURVE_WITH_KNOTS ( ( 4, 4 ),
 ( 0.5000000000000000000, 1.000000000000000000 ),
 .UNSPECIFIED. ) 
 CURVE ( )  GEOMETRIC_REPRESENTATION_ITEM ( )  RATIONAL_B_SPLINE_CURVE ( ( 1.000000000000000000, 0.3333333333333333700, 0.3333333333333333700, 1.000000000000000000 ) ) 
 REPRESENTATION_ITEM ( '' )  );
#58 = B_SPLINE_CURVE_WITH_KNOTS ( 'NONE', 3,
 ( #828, #861, #856, #857 ),
 .UNSPECIFIED., .F., .F.,
 ( 4, 4 ),
 ( 0.0000000000000000000, 1.000000000000000000 ),
 .UNSPECIFIED. ) ;
#59 = B_SPLINE_CURVE_WITH_KNOTS ( 'NONE', 3,
 ( #905, #881, #877, #908 ),
 .UNSPECIFIED., .F., .F.,
 ( 4, 4 ),
 ( 0.0000000000000000000, 1.000000000000000000 ),
 .UNSPECIFIED. ) ;
#60 = B_SPLINE_CURVE_WITH_KNOTS ( 'NONE', 3,
 ( #590, #596, #603, #597 ),
 .UNSPECIFIED., .F., .F.,
 ( 4, 4 ),
 ( 0.0000000000000000000, 1.000000000000000000 ),
 .UNSPECIFIED. ) ;
#61 = B_SPLINE_CURVE_WITH_KNOTS ( 'NONE', 3,
 ( #645, #620, #628, #699, #691, #682, #676, #686, #687, #677, #696, #666, #667, #695, #662, #671, #684, #658 ),
 .UNSPECIFIED., .F., .F.,
 ( 4, 2, 2, 2, 1, 1, 2, 2, 2, 4 ),
 ( 0.0000000000000000000, 0.2499999999999984500, 0.3749999999999975000, 0.4374999999999971700, 0.4687499999999970600, 0.4843749999999969500, 0.4921874999999970000, 0.4999999999999971100, 0.7499999999999985600, 1.000000000000000000 ),
 .UNSPECIFIED. ) ;
#62 = B_SPLINE_CURVE_WITH_KNOTS ( 'NONE', 3,
 ( #949, #956, #957, #947, #929, #912, #937, #935, #920, #941 ),
 .UNSPECIFIED., .F., .F.,
 ( 4, 2, 2, 2, 4 ),
 ( 0.0000000000000000000, 0.0003932450169978357200, 0.0007864900339956714400, 0.001179735050993507100, 0.001572980067991344200 ),
 .UNSPECIFIED. ) ;
#63 = B_SPLINE_CURVE_WITH_KNOTS ( 'NONE', 3,
 ( #809, #803, #776, #812 ),
 .UNSPECIFIED., .F., .F.,
 ( 4, 4 ),
 ( 0.0000000000000000000, 1.000000000000000000 ),
 .UNSPECIFIED. ) ;
#64 = B_SPLINE_CURVE_WITH_KNOTS ( 'NONE', 3,
 ( #541, #511, #522, #546, #523, #526, #530, #542, #531, #549, #532, #553, #533, #554, #537, #538, #585, #561, #586, #564, #559, #587 ),
 .UNSPECIFIED., .F., .F.,
 ( 4, 2, 2, 2, 1, 1, 1, 1, 2, 2, 2, 2, 4 ),
 ( 0.0000000000000000000, 0.2500000000000245900, 0.3750000000000368000, 0.4375000000000428500, 0.4687500000000459100, 0.4843750000000473500, 0.4921875000000478500, 0.4960937500000478000, 0.4980468750000476800, 0.5000000000000475200, 0.7500000000000237600, 0.8750000000000118800, 1.000000000000000000 ),
 .UNSPECIFIED. ) ;
#65 = B_SPLINE_CURVE_WITH_KNOTS ( 'NONE', 3,
 ( #958, #940, #945, #918, #933, #950, #923, #934, #936, #924, #925, #955, #943, #910, #953 ),
 .UNSPECIFIED., .F., .F.,
 ( 4, 2, 2, 1, 1, 1, 2, 2, 4 ),
 ( 0.0000000000000000000, 0.2500000000000403000, 0.3750000000000604500, 0.4375000000000714400, 0.4687500000000768800, 0.4843750000000786000, 0.4921875000000783300, 0.5000000000000780500, 1.000000000000000000 ),
 .UNSPECIFIED. ) ;
#66 = B_SPLINE_CURVE_WITH_KNOTS ( 'NONE', 3,
 ( #919, #944, #962, #985, #977, #981, #964, #965 ),
 .UNSPECIFIED., .F., .F.,
 ( 4, 2, 2, 4 ),
 ( 0.0000000000000000000, 0.4931782603169482800, 0.7397673904754223900, 0.9863565206338965600 ),
 .UNSPECIFIED. ) ;
#67 = B_SPLINE_CURVE_WITH_KNOTS ( 'NONE', 3,
 ( #748, #749, #767, #773 ),
 .UNSPECIFIED., .F., .F.,
 ( 4, 4 ),
 ( 0.0000000000000000000, 1.000000000000000000 ),
 .UNSPECIFIED. ) ;
#68 =( BOUNDED_CURVE ( )  B_SPLINE_CURVE ( 3, ( #997, #983, #972, #984 ),
 .UNSPECIFIED., .F., .F. ) 
 B_SPLINE_CURVE_WITH_KNOTS ( ( 4, 4 ),
 ( 4.712388980384681700, 6.283185307179586200 ),
 .UNSPECIFIED. ) 
 CURVE ( )  GEOMETRIC_REPRESENTATION_ITEM ( )  RATIONAL_B_SPLINE_CURVE ( ( 1.000000000000000000, 0.8047378541243631600, 0.8047378541243631600, 1.000000000000000000 ) ) 
 REPRESENTATION_ITEM ( '' )  );
#69 =( BOUNDED_CURVE ( )  B_SPLINE_CURVE ( 3, ( #1017, #1042, #1028, #1033 ),
 .UNSPECIFIED., .F., .F. ) 
 B_SPLINE_CURVE_WITH_KNOTS ( ( 4, 4 ),
 ( 3.141592653589793100, 4.712388980384689700 ),
 .UNSPECIFIED. ) 
 CURVE ( )  GEOMETRIC_REPRESENTATION_ITEM ( )  RATIONAL_B_SPLINE_CURVE ( ( 1.000000000000000000, 0.8047378541243649400, 0.8047378541243649400, 1.000000000000000000 ) ) 
 REPRESENTATION_ITEM ( '' )  );
#70 =( BOUNDED_CURVE ( )  B_SPLINE_CURVE ( 3, ( #988, #1016, #1014, #1036 ),
 .UNSPECIFIED., .F., .T. ) 
 B_SPLINE_CURVE_WITH_KNOTS ( ( 4, 4 ),
 ( 0.0000000000000000000, 0.4999999999899308900 ),
 .UNSPECIFIED. ) 
 CURVE ( )  GEOMETRIC_REPRESENTATION_ITEM ( )  RATIONAL_B_SPLINE_CURVE ( ( 1.000000000000000000, 0.3333333333333333700, 0.3333333333333333700, 1.000000000000000000 ) ) 
 REPRESENTATION_ITEM ( '' )  );
#71 =( BOUNDED_CURVE ( )  B_SPLINE_CURVE ( 3, ( #1007, #1021, #1019, #1030 ),
 .UNSPECIFIED., .F., .F. ) 
 B_SPLINE_CURVE_WITH_KNOTS ( ( 4, 4 ),
 ( 3.141592653589793100, 4.712388980384697700 ),
 .UNSPECIFIED. ) 
 CURVE ( )  GEOMETRIC_REPRESENTATION_ITEM ( )  RATIONAL_B_SPLINE_CURVE ( ( 1.000000000000000000, 0.8047378541243631600, 0.8047378541243631600, 1.000000000000000000 ) ) 
 REPRESENTATION_ITEM ( '' )  );
#72 = B_SPLINE_CURVE_WITH_KNOTS ( 'NONE', 3,
 ( #1026, #1020, #1049, #1065 ),
 .UNSPECIFIED., .F., .F.,
 ( 4, 4 ),
 ( 0.0000000000000000000, 1.000000000000000000 ),
 .UNSPECIFIED. ) ;
#73 = B_SPLINE_CURVE_WITH_KNOTS ( 'NONE', 3,
 ( #1013, #1045, #1092, #1080 ),
 .UNSPECIFIED., .F., .F.,
 ( 4, 4 ),
 ( 0.0000000000000000000, 1.000000000000000000 ),
 .UNSPECIFIED. ) ;
#74 = B_SPLINE_CURVE_WITH_KNOTS ( 'NONE', 3,
 ( #646, #634, #632, #621 ),
 .UNSPECIFIED., .F., .F.,
 ( 4, 4 ),
 ( 0.0000000000000000000, 1.000000000000000000 ),
 .UNSPECIFIED. ) ;
#75 = B_SPLINE_CURVE_WITH_KNOTS ( 'NONE', 3,
 ( #820, #859, #821, #825, #826, #838 ),
 .UNSPECIFIED., .F., .F.,
 ( 4, 2, 4 ),
 ( 0.0000000000000000000, 0.5000000000000000000, 1.000000000000000000 ),
 .UNSPECIFIED. ) ;
#76 = B_SPLINE_CURVE_WITH_KNOTS ( 'NONE', 3,
 ( #613, #627, #648, #626, #643, #635, #619, #652, #609, #622, #639, #641, #631, #651, #644, #636, #625, #629 ),
 .UNSPECIFIED., .F., .F.,
 ( 4, 2, 2, 2, 2, 2, 2, 2, 4 ),
 ( 0.0000000000000000000, 0.1250000000000000000, 0.2500000000000000000, 0.3750000000000000000, 0.5000000000000000000, 0.6250000000000000000, 0.7500000000000000000, 0.8750000000000000000, 1.000000000000000000 ),
 .UNSPECIFIED. ) ;
#77 = B_SPLINE_CURVE_WITH_KNOTS ( 'NONE', 3,
 ( #1088, #1061, #1081, #1074, #1056, #1093 ),
 .UNSPECIFIED., .F., .F.,
 ( 4, 2, 4 ),
 ( 0.01825201297025348000, 0.5091260064851267400, 1.000000000000000000 ),
 .UNSPECIFIED. ) ;
#78 = B_SPLINE_CURVE_WITH_KNOTS ( 'NONE', 3,
 ( #836, #852, #827, #829 ),
 .UNSPECIFIED., .F., .F.,
 ( 4, 4 ),
 ( 0.0000000000000000000, 1.000000000000000000 ),
 .UNSPECIFIED. ) ;
#79 = B_SPLINE_CURVE_WITH_KNOTS ( 'NONE', 3,
 ( #1048, #1078, #1053, #1064, #1083, #1079, #1057, #1060, #1082, #1062, #1067, #1095, #1084, #1085, #1086, #1089, #1090, #1091, #1133, #1103, #1126, #1100, #1125, #1102, #1098, #1104, #1129 ),
 .UNSPECIFIED., .F., .F.,
 ( 4, 2, 2, 2, 1, 1, 2, 2, 2, 2, 1, 1, 1, 2, 2, 4 ),
 ( 0.0000000000000000000, 0.2499999999999960000, 0.3749999999999937300, 0.4374999999999922800, 0.4687499999999914500, 0.4843749999999911200, 0.4921874999999911700, 0.4999999999999912800, 0.6249999999999946700, 0.6874999999999965600, 0.7187499999999974500, 0.7343749999999980000, 0.7421874999999984500, 0.7460937499999985600, 0.7499999999999985600, 1.000000000000000000 ),
 .UNSPECIFIED. ) ;
#80 = B_SPLINE_CURVE_WITH_KNOTS ( 'NONE', 3,
 ( #1076, #1087, #1127, #1123 ),
 .UNSPECIFIED., .F., .F.,
 ( 4, 4 ),
 ( 0.0000000000000000000, 1.000000000000000000 ),
 .UNSPECIFIED. ) ;
#81 =( BOUNDED_CURVE ( )  B_SPLINE_CURVE ( 3, ( #939, #942, #930, #954 ),
 .UNSPECIFIED., .F., .F. ) 
 B_SPLINE_CURVE_WITH_KNOTS ( ( 4, 4 ),
 ( 0.0000000000000000000, 0.5000000000000000000 ),
 .UNSPECIFIED. ) 
 CURVE ( )  GEOMETRIC_REPRESENTATION_ITEM ( )  RATIONAL_B_SPLINE_CURVE ( ( 1.000000000000000000, 0.3333333333333333700, 0.3333333333333333700, 1.000000000000000000 ) ) 
 REPRESENTATION_ITEM ( '' )  );
#82 = B_SPLINE_CURVE_WITH_KNOTS ( 'NONE', 3,
 ( #911, #922, #978, #1001, #992, #993, #1002, #959, #989, #998, #1003, #1004, #996, #980, #961, #987, #986, #967 ),
 .UNSPECIFIED., .F., .F.,
 ( 4, 2, 2, 2, 1, 1, 2, 2, 2, 4 ),
 ( 0.0000000000000000000, 0.2500000000000020500, 0.3750000000000030000, 0.4375000000000037200, 0.4687500000000039400, 0.4843750000000043300, 0.4921875000000043300, 0.5000000000000043300, 0.7500000000000021100, 1.000000000000000000 ),
 .UNSPECIFIED. ) ;
#83 = B_SPLINE_CURVE_WITH_KNOTS ( 'NONE', 3,
 ( #1140, #1148, #1108, #1118 ),
 .UNSPECIFIED., .F., .F.,
 ( 4, 4 ),
 ( 0.0000000000000000000, 1.000000000000000000 ),
 .UNSPECIFIED. ) ;
#84 = B_SPLINE_CURVE_WITH_KNOTS ( 'NONE', 3,
 ( #1035, #1038, #1040, #1041, #1022, #1008 ),
 .UNSPECIFIED., .F., .F.,
 ( 4, 2, 4 ),
 ( 0.0000000000000000000, 0.5000000000000000000, 1.000000000000000000 ),
 .UNSPECIFIED. ) ;
#85 = B_SPLINE_CURVE_WITH_KNOTS ( 'NONE', 3,
 ( #1107, #1109, #1149, #1131, #1101, #1134 ),
 .UNSPECIFIED., .F., .F.,
 ( 4, 2, 4 ),
 ( 0.0000000000000000000, 0.4898916295038955300, 0.9797832590077910600 ),
 .UNSPECIFIED. ) ;
#86 = B_SPLINE_CURVE_WITH_KNOTS ( 'NONE', 3,
 ( #467, #490, #556, #550 ),
 .UNSPECIFIED., .F., .F.,
 ( 4, 4 ),
 ( 0.9850486900536898900, 1.000000000000000000 ),
 .UNSPECIFIED. ) ;
#87 = B_SPLINE_CURVE_WITH_KNOTS ( 'NONE', 3,
 ( #675, #700, #701, #690, #706, #702 ),
 .UNSPECIFIED., .F., .F.,
 ( 4, 2, 4 ),
 ( 0.0000000000000000000, 0.4908739935355887500, 0.9817479870711775000 ),
 .UNSPECIFIED. ) ;
#88 = B_SPLINE_CURVE_WITH_KNOTS ( 'NONE', 3,
 ( #1114, #1122, #1144, #1139, #1115, #1145, #1146, #1124, #1116, #1117, #1147, #1120, #1097, #1119, #1121, #1170, #1211, #1151, #1193, #1196, #1198 ),
 .UNSPECIFIED., .F., .F.,
 ( 4, 2, 2, 2, 1, 1, 1, 2, 2, 2, 2, 4 ),
 ( 0.0000000000000000000, 0.2500000000000121000, 0.3750000000000182600, 0.4375000000000213200, 0.4687500000000226500, 0.4843750000000230900, 0.4921875000000235400, 0.4960937500000236500, 0.5000000000000236500, 0.7500000000000114400, 0.8750000000000056600, 1.000000000000000000 ),
 .UNSPECIFIED. ) ;
#89 = B_SPLINE_CURVE_WITH_KNOTS ( 'NONE', 3,
 ( #1180, #1172, #1168, #1203, #1187, #1155, #1191, #1204, #1161, #1163, #1181, #1189, #1200, #1185, #1205, #1206, #1207, #1192, #1195, #1175, #1208, #1157, #1210, #1159, #1164, #1165, #1166 ),
 .UNSPECIFIED., .F., .F.,
 ( 4, 2, 2, 1, 1, 1, 2, 2, 2, 2, 1, 1, 2, 2, 2, 4 ),
 ( 0.0000000000000000000, 0.1249999999999995300, 0.1874999999999991100, 0.2187499999999991700, 0.2343749999999992800, 0.2421874999999993300, 0.2460937499999993300, 0.2499999999999992800, 0.3749999999999979500, 0.4374999999999968900, 0.4687499999999962800, 0.4843749999999960000, 0.4921874999999958900, 0.4999999999999957300, 0.7499999999999977800, 1.000000000000000000 ),
 .UNSPECIFIED. ) ;
#90 = B_SPLINE_CURVE_WITH_KNOTS ( 'NONE', 3,
 ( #683, #678, #688, #689, #679, #697, #668, #669, #698, #663, #672, #685, #659, #664, #673, #654, #693, #680 ),
 .UNSPECIFIED., .F., .F.,
 ( 4, 2, 2, 2, 2, 2, 2, 2, 4 ),
 ( 0.0000000000000000000, 0.1250000000000000600, 0.2500000000000001100, 0.3750000000000001100, 0.5000000000000001100, 0.6250000000000001100, 0.7500000000000001100, 0.8750000000000000000, 1.000000000000000000 ),
 .UNSPECIFIED. ) ;
#91 = B_SPLINE_CURVE_WITH_KNOTS ( 'NONE', 3,
 ( #657, #661, #733, #758 ),
 .UNSPECIFIED., .F., .F.,
 ( 4, 4 ),
 ( 0.0000000000000000000, 0.01495235065984377300 ),
 .UNSPECIFIED. ) ;
#92 = B_SPLINE_CURVE_WITH_KNOTS ( 'NONE', 3,
 ( #754, #742, #714, #745 ),
 .UNSPECIFIED., .F., .F.,
 ( 4, 4 ),
 ( 0.0000000000000000000, 0.01364347934889495300 ),
 .UNSPECIFIED. ) ;
#93 = B_SPLINE_CURVE_WITH_KNOTS ( 'NONE', 3,
 ( #1105, #1099, #1106, #1130 ),
 .UNSPECIFIED., .F., .F.,
 ( 4, 4 ),
 ( 0.0000000000000000000, 1.000000000000000000 ),
 .UNSPECIFIED. ) ;
#94 = B_SPLINE_CURVE_WITH_KNOTS ( 'NONE', 3,
 ( #599, #577, #595, #591 ),
 .UNSPECIFIED., .F., .F.,
 ( 4, 4 ),
 ( 0.0000000000000000000, 1.000000000000000000 ),
 .UNSPECIFIED. ) ;
#95 = B_SPLINE_CURVE_WITH_KNOTS ( 'NONE', 3,
 ( #1113, #1150, #1135, #1138 ),
 .UNSPECIFIED., .F., .F.,
 ( 4, 4 ),
 ( 0.0000000000000000000, 1.000000000000000000 ),
 .UNSPECIFIED. ) ;
#96 = B_SPLINE_CURVE_WITH_KNOTS ( 'NONE', 3,
 ( #584, #588, #589, #573 ),
 .UNSPECIFIED., .F., .F.,
 ( 4, 4 ),
 ( 0.0000000000000000000, 1.000000000000000000 ),
 .UNSPECIFIED. ) ;
#97 =( BOUNDED_CURVE ( )  B_SPLINE_CURVE ( 3, ( #614, #615, #638, #618 ),
 .UNSPECIFIED., .F., .F. ) 
 B_SPLINE_CURVE_WITH_KNOTS ( ( 4, 4 ),
 ( 2.378892750263864400, 3.141592653589793100 ),
 .UNSPECIFIED. ) 
 CURVE ( )  GEOMETRIC_REPRESENTATION_ITEM ( )  RATIONAL_B_SPLINE_CURVE ( ( 1.000000000000000000, 0.9521087098927740700, 0.9521087098927740700, 1.000000000000000000 ) ) 
 REPRESENTATION_ITEM ( '' )  );
#98 = B_SPLINE_CURVE_WITH_KNOTS ( 'NONE', 3,
 ( #790, #788, #798, #792, #765, #778, #815, #762 ),
 .UNSPECIFIED., .F., .F.,
 ( 4, 2, 2, 4 ),
 ( 0.01364347934889495300, 0.2602326095116712100, 0.5068217396744474400, 1.000000000000000000 ),
 .UNSPECIFIED. ) ;
#99 = B_SPLINE_CURVE_WITH_KNOTS ( 'NONE', 3,
 ( #775, #796, #780, #783, #805, #795, #781, #782, #810, #784, #785, #814, #800, #786, #813, #837, #845, #817, #848, #822, #841, #823 ),
 .UNSPECIFIED., .F., .F.,
 ( 4, 2, 2, 2, 2, 2, 2, 2, 2, 2, 4 ),
 ( 0.0000000000000000000, 0.1249999999999998300, 0.1874999999999997500, 0.2499999999999996700, 0.3749999999999993900, 0.4999999999999991100, 0.5624999999999997800, 0.6250000000000004400, 0.7500000000000003300, 0.8750000000000001100, 1.000000000000000000 ),
 .UNSPECIFIED. ) ;
#100 = B_SPLINE_CURVE_WITH_KNOTS ( 'NONE', 3,
 ( #761, #711, #744, #756, #710, #712, #753, #732, #713, #752, #718, #757, #759 ),
 .UNSPECIFIED., .F., .F.,
 ( 4, 2, 2, 1, 2, 2, 4 ),
 ( 0.0000000000000000000, 0.2500000000000030000, 0.3750000000000045000, 0.4375000000000053300, 0.4687500000000057200, 0.5000000000000061100, 1.000000000000000000 ),
 .UNSPECIFIED. ) ;
#101 = B_SPLINE_CURVE_WITH_KNOTS ( 'NONE', 3,
 ( #1142, #1143, #1178, #1190, #1183, #1156, #1171, #1153, #1154, #1194, #1197, #1199, #1209, #1202, #1158, #1182, #1167, #1184, #1179, #1162, #1188, #1201 ),
 .UNSPECIFIED., .F., .F.,
 ( 4, 2, 2, 2, 2, 1, 1, 1, 1, 2, 2, 2, 4 ),
 ( 0.0000000000000000000, 0.1250000000000103500, 0.2500000000000204800, 0.3750000000000305900, 0.4375000000000359700, 0.4687500000000385800, 0.4843750000000395200, 0.4921875000000402500, 0.4960937500000409700, 0.4980468750000409700, 0.5000000000000409700, 0.7500000000000204300, 1.000000000000000000 ),
 .UNSPECIFIED. ) ;
#102 = B_SPLINE_CURVE_WITH_KNOTS ( 'NONE', 3,
 ( #612, #624, #692, #674, #694, #681 ),
 .UNSPECIFIED., .F., .F.,
 ( 4, 1, 1, 4 ),
 ( 0.0000000000000000000, 0.3551303462278668800, 0.6748554453886644900, 1.000000000000000000 ),
 .UNSPECIFIED. ) ;
#103 = B_SPLINE_CURVE_WITH_KNOTS ( 'NONE', 3,
 ( #893, #896, #869, #883, #900, #874, #885, #888, #878, #880, #904, #891, #906, #899 ),
 .UNSPECIFIED., .F., .F.,
 ( 4, 2, 1, 1, 1, 1, 2, 2, 4 ),
 ( 0.0000000000000000000, 0.2499999999999907900, 0.3749999999999862900, 0.4374999999999832900, 0.4687499999999824600, 0.4843749999999813500, 0.4921874999999801300, 0.4999999999999789100, 1.000000000000000000 ),
 .UNSPECIFIED. ) ;
#104 = B_SPLINE_CURVE_WITH_KNOTS ( 'NONE', 3,
 ( #489, #459, #534, #557, #524, #543, #515, #510, #520, #558, #547, #552, #555 ),
 .UNSPECIFIED., .F., .F.,
 ( 4, 2, 2, 1, 2, 2, 4 ),
 ( 0.0000000000000000000, 0.2499999999999964500, 0.3749999999999945600, 0.4374999999999930100, 0.4687499999999929500, 0.4999999999999928900, 1.000000000000000000 ),
 .UNSPECIFIED. ) ;
#105 = B_SPLINE_CURVE_WITH_KNOTS ( 'NONE', 3,
 ( #707, #665, #656, #670, #735, #741 ),
 .UNSPECIFIED., .F., .F.,
 ( 4, 2, 4 ),
 ( 0.02021674099280538300, 0.5101083704964026700, 1.000000000000000000 ),
 .UNSPECIFIED. ) ;
#106 =( BOUNDED_CURVE ( )  B_SPLINE_CURVE ( 3, ( #794, #768, #779, #770 ),
 .UNSPECIFIED., .F., .F. ) 
 B_SPLINE_CURVE_WITH_KNOTS ( ( 4, 4 ),
 ( 4.712388980384689700, 6.283185307179586200 ),
 .UNSPECIFIED. ) 
 CURVE ( )  GEOMETRIC_REPRESENTATION_ITEM ( )  RATIONAL_B_SPLINE_CURVE ( ( 1.000000000000000000, 0.8047378541243649400, 0.8047378541243649400, 1.000000000000000000 ) ) 
 REPRESENTATION_ITEM ( '' )  );
#107 = B_SPLINE_CURVE_WITH_KNOTS ( 'NONE', 3,
 ( #868, #894, #927, #913, #948, #931 ),
 .UNSPECIFIED., .F., .F.,
 ( 4, 2, 4 ),
 ( 0.0000000000000000000, 0.5000000000000000000, 1.000000000000000000 ),
 .UNSPECIFIED. ) ;
#108 = B_SPLINE_CURVE_WITH_KNOTS ( 'NONE', 3,
 ( #875, #890, #866, #897 ),
 .UNSPECIFIED., .F., .F.,
 ( 4, 4 ),
 ( 0.0000000000000000000, 1.000000000000000000 ),
 .UNSPECIFIED. ) ;
#109 = B_SPLINE_CURVE_WITH_KNOTS ( 'NONE', 3,
 ( #737, #739, #746, #740, #719, #728 ),
 .UNSPECIFIED., .F., .F.,
 ( 4, 1, 1, 4 ),
 ( 0.0000000000000000000, 0.3551303462278668800, 0.6748554453886644900, 1.000000000000000000 ),
 .UNSPECIFIED. ) ;
#110 = B_SPLINE_CURVE_WITH_KNOTS ( 'NONE', 3,
 ( #723, #734, #738, #725 ),
 .UNSPECIFIED., .F., .F.,
 ( 4, 4 ),
 ( 0.9817479870711775000, 1.000000000000000000 ),
 .UNSPECIFIED. ) ;
#111 = B_SPLINE_CURVE_WITH_KNOTS ( 'NONE', 3,
 ( #721, #729, #716, #717 ),
 .UNSPECIFIED., .F., .F.,
 ( 4, 4 ),
 ( 0.0000000000000000000, 1.000000000000000000 ),
 .UNSPECIFIED. ) ;
#112 = B_SPLINE_CURVE_WITH_KNOTS ( 'NONE', 3,
 ( #730, #731, #747, #750, #751, #769, #808, #811, #807, #766, #787, #777, #793, #763, #806, #772, #789, #804 ),
 .UNSPECIFIED., .F., .F.,
 ( 4, 2, 2, 2, 2, 2, 2, 2, 4 ),
 ( 0.0000000000000000000, 0.1250000000000000000, 0.2500000000000000000, 0.3750000000000000000, 0.5000000000000000000, 0.6250000000000000000, 0.7500000000000000000, 0.8750000000000000000, 1.000000000000000000 ),
 .UNSPECIFIED. ) ;
#113 = B_SPLINE_CURVE_WITH_KNOTS ( 'NONE', 3,
 ( #724, #755, #743, #715 ),
 .UNSPECIFIED., .F., .F.,
 ( 4, 4 ),
 ( 0.0000000000000000000, 0.02021674099280538300 ),
 .UNSPECIFIED. ) ;
#114 = B_SPLINE_CURVE_WITH_KNOTS ( 'NONE', 3,
 ( #593, #582, #566, #594 ),
 .UNSPECIFIED., .F., .F.,
 ( 4, 4 ),
 ( 0.0000000000000000000, 1.000000000000000000 ),
 .UNSPECIFIED. ) ;
#115 = DIRECTION ( 'NONE',  ( 0.0000000000000000000, 0.1974294763067977700, -0.9803170925191621000 ) ) ;
#116 = CARTESIAN_POINT ( 'NONE',  ( -3.000001951809957700, 6.315185712434455900, -25.04073672957683500 ) ) ;
#117 = CARTESIAN_POINT ( 'NONE',  ( 2.999998048190044100, 2.947650494694546500, -25.63139123824965200 ) ) ;
#118 = CARTESIAN_POINT ( 'NONE',  ( -3.000001951809959000, 4.293132233939329200, -26.75132364889981300 ) ) ;
#119 = CARTESIAN_POINT ( 'NONE',  ( 2.999818973895609400, 3.314069282438002700, -25.56712287302021400 ) ) ;
#120 = CARTESIAN_POINT ( 'NONE',  ( -1.129780478520575200, 1.532000720597466200, -30.49232027549573600 ) ) ;
#121 = CARTESIAN_POINT ( 'NONE',  ( -3.000001951809959900, 3.846190154500622500, -26.82966990766393400 ) ) ;
#122 = DIRECTION ( 'NONE',  ( 0.0000000000000000000, -0.1974294763067984400, 0.9803170925191619900 ) ) ;
#123 = DIRECTION ( 'NONE',  ( 0.0000000000000000000, -0.9702867460404263100, -0.2419579105098263700 ) ) ;
#124 = CARTESIAN_POINT ( 'NONE',  ( -1.561035480812415800, 1.700505776698895400, -30.26401646475952500 ) ) ;
#125 = CARTESIAN_POINT ( 'NONE',  ( -0.1000019518099573400, 1.387242033555186700, -30.68845065077082900 ) ) ;
#126 = CARTESIAN_POINT ( 'NONE',  ( -2.940621245392365200, -1.208872095591379200, -6.066169759875911900 ) ) ;
#127 = CARTESIAN_POINT ( 'NONE',  ( -3.000001951809957700, 3.711313869082411000, -27.53961661129728700 ) ) ;
#128 = DIRECTION ( 'NONE',  ( -0.0000000000000000000, -0.1975326433240703900, 0.9802963097050837500 ) ) ;
#129 = CARTESIAN_POINT ( 'NONE',  ( 2.628841958864387900, 1.903118243809669000, -25.81459877513684700 ) ) ;
#130 = CARTESIAN_POINT ( 'NONE',  ( -0.4500019518099572800, -3.425572191649581800, -6.618942561996388600 ) ) ;
#131 = CARTESIAN_POINT ( 'NONE',  ( -1.827305054452275800, 1.844009465352036700, -30.06958645932102000 ) ) ;
#132 = CARTESIAN_POINT ( 'NONE',  ( 2.999998048190043200, -0.5281591360362133400, -5.760350273415813400 ) ) ;
#133 = CARTESIAN_POINT ( 'NONE',  ( -2.973471037299181500, 4.072620490490862700, -26.78990912053624400 ) ) ;
#134 = DIRECTION ( 'NONE',  ( 0.0000000000000000000, -0.9849640501688526900, -0.1727594277455490900 ) ) ;
#135 = CARTESIAN_POINT ( 'NONE',  ( 2.929315672683407100, 2.628880318982977500, -25.68743234581463900 ) ) ;
#136 = CARTESIAN_POINT ( 'NONE',  ( -0.2044688984743105200, 1.387270958441077000, -30.68841146107632100 ) ) ;
#137 = CARTESIAN_POINT ( 'NONE',  ( -2.999900452933569600, 3.591738231836649800, -26.87434608398173500 ) ) ;
#138 = CARTESIAN_POINT ( 'NONE',  ( 2.999818973895609400, 3.314069282438002700, -25.56712287302021400 ) ) ;
#139 = CARTESIAN_POINT ( 'NONE',  ( -1.782956072417878100, 1.818143223519430100, -30.10463206398379300 ) ) ;
#140 = CARTESIAN_POINT ( 'NONE',  ( -3.000001951809958100, 4.230161601860755700, -30.11590516948111300 ) ) ;
#141 = CARTESIAN_POINT ( 'NONE',  ( -0.9277569134683095700, 1.477329159890605100, -30.56639357594768900 ) ) ;
#142 = CARTESIAN_POINT ( 'NONE',  ( 2.999998048190043200, 4.293132233939329200, -26.75132364889981300 ) ) ;
#143 = CARTESIAN_POINT ( 'NONE',  ( -3.000001951809958100, -0.8321226045304225300, -5.972157720942155000 ) ) ;
#144 = CARTESIAN_POINT ( 'NONE',  ( -3.000001951809959000, -0.6417784380197287800, -5.924755072919357900 ) ) ;
#145 = DIRECTION ( 'NONE',  ( 1.000000000000000000, -0.0000000000000000000, 0.0000000000000000000 ) ) ;
#146 = CARTESIAN_POINT ( 'NONE',  ( 2.999998048190043200, 6.315185712434455900, -25.04073672957683500 ) ) ;
#147 = CARTESIAN_POINT ( 'NONE',  ( -1.420269535203587500, 1.640277110282406700, -30.34561896605282500 ) ) ;
#148 = CARTESIAN_POINT ( 'NONE',  ( -2.999849659981539000, 3.577826874997671600, -26.87678616631620400 ) ) ;
#149 = CARTESIAN_POINT ( 'NONE',  ( -0.6669576610756418100, 1.431695182356525800, -30.62822205285587200 ) ) ;
#150 = CARTESIAN_POINT ( 'NONE',  ( -2.183687032474055800, 2.086286717110622300, -29.74133031608761600 ) ) ;
#151 = CARTESIAN_POINT ( 'NONE',  ( -2.921104518782609500, 4.293132233939329200, -26.75132364889981300 ) ) ;
#152 = CARTESIAN_POINT ( 'NONE',  ( -0.3602085534406018200, 1.393990145144011800, -30.67930778214335800 ) ) ;
#153 = CARTESIAN_POINT ( 'NONE',  ( 2.525121609604163500, 1.747270701339515000, -25.84193387293631300 ) ) ;
#154 = CARTESIAN_POINT ( 'NONE',  ( -2.318471534790302400, 2.214512282661705600, -29.56760030509074300 ) ) ;
#155 = DIRECTION ( 'NONE',  ( 0.0000000000000000000, 0.1975326433240703900, -0.9802963097050837500 ) ) ;
#156 = CARTESIAN_POINT ( 'NONE',  ( -3.000001951809959000, 3.619749357619710400, -26.86943277211773700 ) ) ;
#157 = CARTESIAN_POINT ( 'NONE',  ( -2.980072728085176900, -1.022461375254146500, -6.019559282288611300 ) ) ;
#158 = DIRECTION ( 'NONE',  ( 0.0000000000000000000, 0.1975326433240703900, -0.9802963097050837500 ) ) ;
#159 = DIRECTION ( 'NONE',  ( -1.000000000000000000, -0.0000000000000000000, -0.0000000000000000000 ) ) ;
#160 = CARTESIAN_POINT ( 'NONE',  ( -0.5145070608615374100, 1.410723030908101100, -30.65663676162361600 ) ) ;
#161 = CARTESIAN_POINT ( 'NONE',  ( -0.6170524774654158100, 1.424103554542195400, -30.63850778314672100 ) ) ;
#162 = CARTESIAN_POINT ( 'NONE',  ( -1.695083552322228500, 1.769870150476411800, -30.17003619360845300 ) ) ;
#163 = CARTESIAN_POINT ( 'NONE',  ( 2.743561791414467900, 2.107272803564352900, -25.77890347448985900 ) ) ;
#164 = CARTESIAN_POINT ( 'NONE',  ( -2.033726287926834500, 1.971269800339134700, -29.89716421808196100 ) ) ;
#165 = CARTESIAN_POINT ( 'NONE',  ( 0.09999804819004302900, 2.314700162108529000, -5.187505607776008900 ) ) ;
#166 = DIRECTION ( 'NONE',  ( 0.0000000000000000000, 0.6451951950641265900, 0.7640177748365305500 ) ) ;
#167 = CARTESIAN_POINT ( 'NONE',  ( -1.951809957608550900E-006, -15.82762386338236700, -33.24701704735657900 ) ) ;
#168 = CARTESIAN_POINT ( 'NONE',  ( 2.514341553655101700, 1.747270701339514300, -25.84193387293631300 ) ) ;
#169 = CARTESIAN_POINT ( 'NONE',  ( 0.09999804819004325100, 1.387242033555188000, -30.68845065077082900 ) ) ;
#170 = CARTESIAN_POINT ( 'NONE',  ( -1.951809957295679800E-006, -4.168214603066414400, -3.053443510125598800 ) ) ;
#171 = CARTESIAN_POINT ( 'NONE',  ( -1.951809957714610500E-006, 1.333902647580250900, -30.76071901684928300 ) ) ;
#172 = CARTESIAN_POINT ( 'NONE',  ( -1.951809957214641700E-006, 2.369988581077598200, -5.173718476926563200 ) ) ;
#173 = CARTESIAN_POINT ( 'NONE',  ( 2.999077856669589700, 4.214310972677076700E-006, -9.481469368233867100 ) ) ;
#174 = CARTESIAN_POINT ( 'NONE',  ( 0.4499980481900418000, -1.208872095591378800, -6.066169759875911900 ) ) ;
#175 = CARTESIAN_POINT ( 'NONE',  ( 2.999998048190043200, 3.359552117232135900, -25.55914505975410100 ) ) ;
#176 = CARTESIAN_POINT ( 'NONE',  ( -3.000001951809958100, -12.99999578578139600, -3.605560771050429800 ) ) ;
#177 = CARTESIAN_POINT ( 'NONE',  ( -1.951809957021747300E-006, -3.458544211377713800, -6.627164709759677300 ) ) ;
#178 = CARTESIAN_POINT ( 'NONE',  ( -2.494621098338686900, 1.977997450579959600, -27.15739061170765500 ) ) ;
#179 = CARTESIAN_POINT ( 'NONE',  ( -1.951809958162629900E-006, 3.000004214311184000, -9.495740525269566500E-006 ) ) ;
#180 = CARTESIAN_POINT ( 'NONE',  ( -3.000001951809957700, 0.2172901219672375400, -9.459795308909484400 ) ) ;
#181 = CARTESIAN_POINT ( 'NONE',  ( 0.09999804819004351500, -3.116570867416726700, -8.325200487101835000 ) ) ;
#182 = CARTESIAN_POINT ( 'NONE',  ( 2.991846390398501300, 4.214310970508672300E-006, -7.281469368233847400 ) ) ;
#183 = CARTESIAN_POINT ( 'NONE',  ( 2.999998048190043200, -0.5442778151500677900, -5.900441593343120200 ) ) ;
#184 = CARTESIAN_POINT ( 'NONE',  ( 2.999998048190043200, -12.99999578578139600, -3.605560771050429800 ) ) ;
#185 = CARTESIAN_POINT ( 'NONE',  ( -2.318471534790302400, 2.214512282661705600, -29.56760030509074300 ) ) ;
#186 = CARTESIAN_POINT ( 'NONE',  ( -2.999822237886034900, 3.314069280918826800, -25.56712280770404900 ) ) ;
#187 = CARTESIAN_POINT ( 'NONE',  ( 2.999998048190043200, 0.07401860086801075000, -9.478976484649310300 ) ) ;
#188 = CARTESIAN_POINT ( 'NONE',  ( -2.514345457275016100, 1.747270701339514300, -25.84193387293631300 ) ) ;
#189 = CARTESIAN_POINT ( 'NONE',  ( 7.929753968878313400, -26.30229499702707600, 3.750000000000000000 ) ) ;
#190 = CARTESIAN_POINT ( 'NONE',  ( -1.951809956873763000E-006, 1.827632292004705700, -33.24701704735647200 ) ) ;
#191 = CARTESIAN_POINT ( 'NONE',  ( -3.000001951809958100, 4.214311183012298100E-006, -9.495740525269566500E-006 ) ) ;
#192 = CARTESIAN_POINT ( 'NONE',  ( -3.000001951809958100, -18.77016655590738400, -32.66268623123644900 ) ) ;
#193 = CARTESIAN_POINT ( 'NONE',  ( -1.951809957241157200E-006, 7.712717677054728300, -32.07835541511611400 ) ) ;
#194 = CARTESIAN_POINT ( 'NONE',  ( 0.4499980481900434600, -3.425572191649583600, -6.618942561996391300 ) ) ;
#195 = CARTESIAN_POINT ( 'NONE',  ( 2.999998048190043700, -18.77016655590738400, -32.66268623123644900 ) ) ;
#196 = CARTESIAN_POINT ( 'NONE',  ( -1.951809957261957300E-006, -2.999995785688818200, -9.495740525269566500E-006 ) ) ;
#197 = CARTESIAN_POINT ( 'NONE',  ( 0.4499980481900421900, -1.208872095591379600, -6.066169759875910100 ) ) ;
#198 = CARTESIAN_POINT ( 'NONE',  ( -3.250001951809957700, 4.214310970508672300E-006, -9.481469368233851100 ) ) ;
#199 = CARTESIAN_POINT ( 'NONE',  ( 2.525121609604163500, 1.747270701339515000, -25.84193387293631300 ) ) ;
#200 = CARTESIAN_POINT ( 'NONE',  ( 2.920947320749508700, -1.208872095591379200, -6.066169759875911900 ) ) ;
#201 = CARTESIAN_POINT ( 'NONE',  ( 2.999998048190043200, 3.619749357619711700, -26.86943277211773700 ) ) ;
#202 = CARTESIAN_POINT ( 'NONE',  ( 2.318467610141538200, 2.214512262360855700, -29.56760033260794500 ) ) ;
#203 = CARTESIAN_POINT ( 'NONE',  ( -1.951809957346126200E-006, 6.315185712434457700, -25.04073672957683200 ) ) ;
#204 = CARTESIAN_POINT ( 'NONE',  ( -1.951809956819240300E-006, 2.168223031945545600, -4.157678032325232000 ) ) ;
#205 = CARTESIAN_POINT ( 'NONE',  ( 0.09999804819004248800, 2.314700162108529000, -5.187505607776008900 ) ) ;
#206 = CARTESIAN_POINT ( 'NONE',  ( 2.999998048190043200, 0.2172901219672359300, -9.459795308909484400 ) ) ;
#207 = CARTESIAN_POINT ( 'NONE',  ( -1.951809957608550900E-006, -6.999995785688817300, -44.00000949586134200 ) ) ;
#208 = CARTESIAN_POINT ( 'NONE',  ( 2.999859875077550300, 3.711308901277741200, -27.53961064163140900 ) ) ;
#209 = CARTESIAN_POINT ( 'NONE',  ( -2.502808237817904800, 1.977997450579959100, -27.15739061170765500 ) ) ;
#210 = CARTESIAN_POINT ( 'NONE',  ( -3.000001951809957700, -0.2172816933457185600, -7.303143427558299400 ) ) ;
#211 = CARTESIAN_POINT ( 'NONE',  ( -0.4500019518099571700, -3.099110973585529600, -8.304525086330336600 ) ) ;
#212 = CARTESIAN_POINT ( 'NONE',  ( 2.999998048190043200, 3.744031796895322700, -27.49528780733200200 ) ) ;
#213 = CARTESIAN_POINT ( 'NONE',  ( -2.921104518782609500, 4.293132233939329200, -26.75132364889981300 ) ) ;
#214 = CARTESIAN_POINT ( 'NONE',  ( -0.4500019518099572800, -3.458544211377691600, -6.627164709759674600 ) ) ;
#215 = CARTESIAN_POINT ( 'NONE',  ( -1.951809957241157200E-006, -21.71270924843241100, -32.07835541511631300 ) ) ;
#216 = CARTESIAN_POINT ( 'NONE',  ( 2.999998048190043200, 4.293132233939329200, -26.75132364889981300 ) ) ;
#217 = CARTESIAN_POINT ( 'NONE',  ( -3.000001951809957700, 3.457882058692896900, -25.54189831413521700 ) ) ;
#218 = CARTESIAN_POINT ( 'NONE',  ( 2.072625805045478700, 1.562659123724540600, -5.375040147444385900 ) ) ;
#219 = CARTESIAN_POINT ( 'NONE',  ( 2.999840616895685900, -0.5020540275626036400, -5.889913502128913500 ) ) ;
#220 = CARTESIAN_POINT ( 'NONE',  ( -1.951809957241157200E-006, -6.999995785688817300, -50.00000949586134900 ) ) ;
#221 = CARTESIAN_POINT ( 'NONE',  ( 2.999998048190044100, 4.214311182741247600E-006, -9.495740525269566500E-006 ) ) ;
#222 = CARTESIAN_POINT ( 'NONE',  ( 2.921100615162695000, 4.293132233939329200, -26.75132364889981300 ) ) ;
#223 = CARTESIAN_POINT ( 'NONE',  ( -3.000001951809958100, 3.359552117232135900, -25.55914505975409800 ) ) ;
#224 = CARTESIAN_POINT ( 'NONE',  ( 0.4499980481900426300, -3.099110973585526900, -8.304525086330336600 ) ) ;
#225 = CARTESIAN_POINT ( 'NONE',  ( -0.4500019518099572800, -3.116570867416724500, -8.325200487101833200 ) ) ;
#226 = CARTESIAN_POINT ( 'NONE',  ( -2.525125513224078000, 1.747270701339514300, -25.84193387293631300 ) ) ;
#227 = CARTESIAN_POINT ( 'NONE',  ( -0.8557270836432884200, -8.006257646412429100, 3.999990504259474600 ) ) ;
#228 = CARTESIAN_POINT ( 'NONE',  ( -4.250000000000000000, -20.00000000000000000, 0.7499999999999997800 ) ) ;
#229 = CARTESIAN_POINT ( 'NONE',  ( 28.69459271066770300, -4.336808689942017700E-016, -1.749999999999999800 ) ) ;
#230 = CARTESIAN_POINT ( 'NONE',  ( -0.4500019518099571700, -1.208872095591379600, -6.066169759875910100 ) ) ;
#231 = CARTESIAN_POINT ( 'NONE',  ( -3.250001951809957700, 4.214310970508672300E-006, -7.281469368233847400 ) ) ;
#232 = CARTESIAN_POINT ( 'NONE',  ( 30.00000000000000000, 0.0000000000000000000, -3.750000000000000000 ) ) ;
#233 = CARTESIAN_POINT ( 'NONE',  ( 6.397665082640366500, -25.01671977765399300, 0.7499999999999997800 ) ) ;
#234 = CARTESIAN_POINT ( 'NONE',  ( -3.000001951809958100, -0.3565820392231465200, -7.340870385056128100 ) ) ;
#235 = CARTESIAN_POINT ( 'NONE',  ( -7.163709525759334600, -25.65950738734053300, 3.750000000000000000 ) ) ;
#236 = CARTESIAN_POINT ( 'NONE',  ( -0.1000019518099573400, 1.387242033555186700, -30.68845065077082900 ) ) ;
#237 = CARTESIAN_POINT ( 'NONE',  ( -3.000001951809958100, 3.744031796895322700, -27.49528780733200200 ) ) ;
#238 = CARTESIAN_POINT ( 'NONE',  ( -3.000001951809959000, -0.5442778151500685700, -5.900441593343120200 ) ) ;
#239 = CARTESIAN_POINT ( 'NONE',  ( -2.940621245392365200, -1.208872095591379200, -6.066169759875911900 ) ) ;
#240 = CARTESIAN_POINT ( 'NONE',  ( -2.999863778681226100, 3.711308902184709000, -27.53961064230195200 ) ) ;
#241 = CARTESIAN_POINT ( 'NONE',  ( 2.999998048190043200, -0.6417784380197265600, -5.924755072919357900 ) ) ;
#242 = CARTESIAN_POINT ( 'NONE',  ( -30.00000000000000000, 0.0000000000000000000, 7.900000000000000400 ) ) ;
#243 = CARTESIAN_POINT ( 'NONE',  ( -0.1000019518099573300, 6.315185712434455900, -25.04073672957683900 ) ) ;
#244 = CARTESIAN_POINT ( 'NONE',  ( -2.999081760289505000, 4.214310971592874500E-006, -9.481469368233865300 ) ) ;
#245 = CARTESIAN_POINT ( 'NONE',  ( 27.38918542133542600, -6.605701994467986400E-016, 0.7499999999999997800 ) ) ;
#246 = CARTESIAN_POINT ( 'NONE',  ( 3.249998048190043200, 4.214310970508672300E-006, -9.481469368233851100 ) ) ;
#247 = CARTESIAN_POINT ( 'NONE',  ( -28.69459271066770300, 1.598662858464418600E-016, -3.750000000000000000 ) ) ;
#248 = CARTESIAN_POINT ( 'NONE',  ( -7.163709525759334600, -25.65950738734053300, -1.749999999999999800 ) ) ;
#249 = CARTESIAN_POINT ( 'NONE',  ( -27.38918542133541600, -1.018145152540824400E-014, 0.7499999999999997800 ) ) ;
#250 = CARTESIAN_POINT ( 'NONE',  ( -28.69459271066770300, -1.040834085586084300E-014, 1.749999999999999800 ) ) ;
#251 = CARTESIAN_POINT ( 'NONE',  ( 7.163709525759339900, -25.65950738734053300, 1.749999999999999800 ) ) ;
#252 = CARTESIAN_POINT ( 'NONE',  ( 0.8557231800233802100, -8.006257646412432600, 3.999990504259477200 ) ) ;
#253 = CARTESIAN_POINT ( 'NONE',  ( 7.163709525759339900, -25.65950738734053300, 3.750000000000000000 ) ) ;
#254 = CARTESIAN_POINT ( 'NONE',  ( -28.69459271066770300, -1.040834085586084300E-014, 3.750000000000000000 ) ) ;
#255 = CARTESIAN_POINT ( 'NONE',  ( 0.09999804819004302900, 6.315185712434455000, -25.04073672957683900 ) ) ;
#256 = CARTESIAN_POINT ( 'NONE',  ( -0.4500019518099575600, -3.425572191649583600, -6.618942561996391300 ) ) ;
#257 = CARTESIAN_POINT ( 'NONE',  ( 30.00000000000000000, 1.499999999999996400, -7.900000000000002100 ) ) ;
#258 = CARTESIAN_POINT ( 'NONE',  ( 2.999998048190043200, 6.000004214311183600, -9.495740525269564800E-006 ) ) ;
#259 = CARTESIAN_POINT ( 'NONE',  ( -2.833661741436725600E-006, -6.999995785688817300, 3.999990504259538100 ) ) ;
#260 = CARTESIAN_POINT ( 'NONE',  ( -4.250000000000000000, -20.00000000000000000, -0.7499999999999997800 ) ) ;
#261 = CARTESIAN_POINT ( 'NONE',  ( 0.4499980481900428500, -3.116570867416724500, -8.325200487101833200 ) ) ;
#262 = CARTESIAN_POINT ( 'NONE',  ( 2.999845880702061200, 3.577826873269689400, -26.87678616694382700 ) ) ;
#263 = CARTESIAN_POINT ( 'NONE',  ( 2.999998048190043200, 3.457882058692895100, -25.54189831413521700 ) ) ;
#264 = CARTESIAN_POINT ( 'NONE',  ( 2.999998048190043200, -0.2172816933457199200, -7.303143427558299400 ) ) ;
#265 = CARTESIAN_POINT ( 'NONE',  ( 7.163709525759339900, -25.65950738734053300, -3.750000000000000000 ) ) ;
#266 = CARTESIAN_POINT ( 'NONE',  ( 2.502804334197988600, 1.977997450579960500, -27.15739061170765500 ) ) ;
#267 = CARTESIAN_POINT ( 'NONE',  ( 30.00000000000000000, 4.499999999999997300, 4.899999999999968400 ) ) ;
#268 = CARTESIAN_POINT ( 'NONE',  ( -2.920951224369424000, -1.208872095591379600, -6.066169759875911900 ) ) ;
#269 = CARTESIAN_POINT ( 'NONE',  ( -30.00000000000000000, 1.499999999999996400, -7.900000000000002100 ) ) ;
#270 = CARTESIAN_POINT ( 'NONE',  ( 2.940617341772449500, -1.208872095591378800, -6.066169759875911900 ) ) ;
#271 = CARTESIAN_POINT ( 'NONE',  ( 0.4499980481900430200, -3.458544211377691600, -6.627164709759674600 ) ) ;
#272 = CARTESIAN_POINT ( 'NONE',  ( -6.397665082640358500, -25.01671977765398900, -0.7499999999999997800 ) ) ;
#273 = CARTESIAN_POINT ( 'NONE',  ( 30.00000000000000000, 0.0000000000000000000, 3.750000000000000000 ) ) ;
#274 = CARTESIAN_POINT ( 'NONE',  ( 28.69459271066770300, 7.188014509037677900E-015, 3.750000000000000000 ) ) ;
#275 = CARTESIAN_POINT ( 'NONE',  ( 3.249998048190043200, 4.214310970508672300E-006, -7.281469368233847400 ) ) ;
#276 = CARTESIAN_POINT ( 'NONE',  ( 7.163709525759339900, -25.65950738734053300, -1.749999999999999800 ) ) ;
#277 = CARTESIAN_POINT ( 'NONE',  ( -3.000001951809958100, 0.07401860086800912700, -9.478976484649313900 ) ) ;
#278 = CARTESIAN_POINT ( 'NONE',  ( -2.991850294018416200, 4.214310971592874500E-006, -7.281469368233847400 ) ) ;
#279 = CARTESIAN_POINT ( 'NONE',  ( -3.000001951809959000, 3.619749357619710400, -26.86943277211773700 ) ) ;
#280 = CARTESIAN_POINT ( 'NONE',  ( -2.999844520515599500, -0.5020540275626008700, -5.889913502128923300 ) ) ;
#281 = CARTESIAN_POINT ( 'NONE',  ( 2.494617194718771600, 1.977997450579959100, -27.15739061170765500 ) ) ;
#282 = CARTESIAN_POINT ( 'NONE',  ( 2.999998048190043200, -0.3565820392231465200, -7.340870385056128100 ) ) ;
#283 = CARTESIAN_POINT ( 'NONE',  ( 4.250000000000000000, -20.00000000000000000, 0.7499999999999997800 ) ) ;
#284 = CARTESIAN_POINT ( 'NONE',  ( -30.00000000000000000, 1.499999999999996400, 7.900000000000002100 ) ) ;
#285 = CARTESIAN_POINT ( 'NONE',  ( -7.929753968878309000, -26.30229499702707600, 3.750000000000000000 ) ) ;
#286 = CARTESIAN_POINT ( 'NONE',  ( -0.1000019518099582000, 2.314700162108529000, -5.187505607776008900 ) ) ;
#287 = CARTESIAN_POINT ( 'NONE',  ( -28.69459271066770300, -1.040834085586084300E-014, -1.749999999999999800 ) ) ;
#288 = CARTESIAN_POINT ( 'NONE',  ( -3.000001951809959000, -0.6417784380197287800, -5.924755072919357900 ) ) ;
#289 = CARTESIAN_POINT ( 'NONE',  ( -7.929753968878309000, -26.30229499702707600, -3.750000000000000000 ) ) ;
#290 = CARTESIAN_POINT ( 'NONE',  ( 30.00000000000000000, 4.499999999999997300, -4.899999999999968400 ) ) ;
#291 = CARTESIAN_POINT ( 'NONE',  ( -0.1000019518099571100, -3.116570867416726700, -8.325200487101831500 ) ) ;
#292 = CARTESIAN_POINT ( 'NONE',  ( -2.999849659981539000, 3.577826874997671600, -26.87678616631620400 ) ) ;
#293 = CARTESIAN_POINT ( 'NONE',  ( 27.38918542133542300, -6.605701994467992300E-016, -0.7499999999999997800 ) ) ;
#294 = DIRECTION ( 'NONE',  ( 0.7660444431189745700, 0.6427876096865434700, 0.0000000000000000000 ) ) ;
#295 = CARTESIAN_POINT ( 'NONE',  ( 4.250000000000000000, -20.00000000000000000, -0.7499999999999997800 ) ) ;
#296 = CARTESIAN_POINT ( 'NONE',  ( -27.38918542133541600, -1.018145152540824400E-014, -0.7499999999999997800 ) ) ;
#297 = DIRECTION ( 'NONE',  ( 0.0000000000000000000, 1.156482317317874300E-015, -1.000000000000000000 ) ) ;
#298 = CARTESIAN_POINT ( 'NONE',  ( 28.69459271066770300, -4.336808689942017700E-016, 1.749999999999999800 ) ) ;
#299 = PLANE ( 'NONE',  #2526 ) ;
#300 = CARTESIAN_POINT ( 'NONE',  ( 2.999998048190043700, -0.07990902897285646900, 1.386321299950728400 ) ) ;
#301 = CARTESIAN_POINT ( 'NONE',  ( -6.397665082640357600, -25.01671977765398900, 0.7499999999999997800 ) ) ;
#302 = DIRECTION ( 'NONE',  ( 0.0000000000000000000, 0.9702867460404317500, 0.2419579105098049700 ) ) ;
#303 = PLANE ( 'NONE',  #2515 ) ;
#304 = CARTESIAN_POINT ( 'NONE',  ( 2.999998048190043200, -0.02680708589542532500, 0.4651115483000900500 ) ) ;
#305 = DIRECTION ( 'NONE',  ( -0.0000000000000000000, 1.156482317317874300E-015, 1.000000000000000000 ) ) ;
#306 = CARTESIAN_POINT ( 'NONE',  ( 2.999998048190043200, -1.887239047653434600, 4.831593996278993300 ) ) ;
#307 = CARTESIAN_POINT ( 'NONE',  ( 30.00000000000000000, 0.0000000000000000000, 7.900000000000000400 ) ) ;
#308 = CARTESIAN_POINT ( 'NONE',  ( 2.999998048190042800, -4.988858680137587600, 6.736224498479767700 ) ) ;
#309 = DIRECTION ( 'NONE',  ( 0.0000000000000000000, -0.0000000000000000000, 1.000000000000000000 ) ) ;
#310 = CARTESIAN_POINT ( 'NONE',  ( 3.000998048190044900, 2.369988581077565400, -5.173718476926569400 ) ) ;
#311 = CARTESIAN_POINT ( 'NONE',  ( 2.999998048190043700, -1.109625594782693200, 3.855330056454607100 ) ) ;
#312 = CARTESIAN_POINT ( 'NONE',  ( 2.999998048190043200, -0.4953078529857044000, 2.693133472808239200 ) ) ;
#313 = CARTESIAN_POINT ( 'NONE',  ( 2.999998048190041900, -6.999995607503970900, 7.020693755084807600 ) ) ;
#314 = CARTESIAN_POINT ( 'NONE',  ( 7.929753968878313400, -26.30229499702707600, -3.750000000000000000 ) ) ;
#315 = PLANE ( 'NONE',  #2516 ) ;
#316 = CARTESIAN_POINT ( 'NONE',  ( 2.999998048190044600, -6.027272907538579400, 6.955864211772111000 ) ) ;
#317 = CARTESIAN_POINT ( 'NONE',  ( -0.6716937433322790500, -8.006257646412438000, 3.949990504259503600 ) ) ;
#318 = DIRECTION ( 'NONE',  ( 0.0000000000000000000, -1.000000000000000000, 1.156482317317874300E-015 ) ) ;
#319 = DIRECTION ( 'NONE',  ( 0.0000000000000000000, 1.000000000000000000, 1.156482317317874300E-015 ) ) ;
#320 = CARTESIAN_POINT ( 'NONE',  ( 2.999998048190043700, -7.972719423395021800, 6.955864186132308700 ) ) ;
#321 = CARTESIAN_POINT ( 'NONE',  ( 2.999998048190043700, -9.011129690272865000, 6.736224623282032200 ) ) ;
#322 = CARTESIAN_POINT ( 'NONE',  ( -2.072629708679259300, 1.562659123711851700, -5.375040147447550400 ) ) ;
#323 = CARTESIAN_POINT ( 'NONE',  ( -30.00000000000000000, 0.0000000000000000000, 3.750000000000000000 ) ) ;
#324 = CARTESIAN_POINT ( 'NONE',  ( 2.999998048190044600, -10.12588301894176700, 6.305609892949920700 ) ) ;
#325 = CARTESIAN_POINT ( 'NONE',  ( 2.999998048190043200, -11.17831361434569900, 5.662431402706422600 ) ) ;
#326 = CARTESIAN_POINT ( 'NONE',  ( -30.00000000000000000, 4.499999999999997300, 4.899999999999968400 ) ) ;
#327 = CARTESIAN_POINT ( 'NONE',  ( 30.00000000000000000, 0.0000000000000000000, 7.900000000000000400 ) ) ;
#328 = CARTESIAN_POINT ( 'NONE',  ( 30.00000000000000000, 1.499999999999996400, 7.900000000000002100 ) ) ;
#329 = CARTESIAN_POINT ( 'NONE',  ( 2.999998048190043200, 4.214311182741247600E-006, -9.495740525269566500E-006 ) ) ;
#330 = CARTESIAN_POINT ( 'NONE',  ( 2.999998048190044600, -2.821621426112154400, 5.662429174379964200 ) ) ;
#331 = CARTESIAN_POINT ( 'NONE',  ( 2.999998048190043200, -12.11293928418968100, 4.831586634241724600 ) ) ;
#332 = CARTESIAN_POINT ( 'NONE',  ( 2.999998048190044600, -12.88959246586560600, 3.855360548029478800 ) ) ;
#333 = DIRECTION ( 'NONE',  ( -0.0000000000000000000, 1.000000000000000000, 0.0000000000000000000 ) ) ;
#334 = CARTESIAN_POINT ( 'NONE',  ( -30.00000000000000000, 0.0000000000000000000, -7.900000000000000400 ) ) ;
#335 = DIRECTION ( 'NONE',  ( 0.0000000000000000000, 0.2419579105098049700, -0.9702867460404317500 ) ) ;
#336 = CARTESIAN_POINT ( 'NONE',  ( 2.999998048190043700, -3.874122750269014300, 6.305610452184440700 ) ) ;
#337 = CARTESIAN_POINT ( 'NONE',  ( -6.397665082640360300, -25.01671977765398600, 1.749999999999999800 ) ) ;
#338 = CARTESIAN_POINT ( 'NONE',  ( 6.397665082640363800, -25.01671977765398900, -0.7499999999999997800 ) ) ;
#339 = CARTESIAN_POINT ( 'NONE',  ( 28.69459271066770300, -4.336808689942017700E-016, -3.750000000000000000 ) ) ;
#340 = CARTESIAN_POINT ( 'NONE',  ( -7.163709525759334600, -25.65950738734053300, -3.750000000000000000 ) ) ;
#341 = CARTESIAN_POINT ( 'NONE',  ( 30.00000000000000000, 0.0000000000000000000, -7.900000000000000400 ) ) ;
#342 = CARTESIAN_POINT ( 'NONE',  ( -7.163709525759334600, -25.65950738734053300, 1.749999999999999800 ) ) ;
#343 = DIRECTION ( 'NONE',  ( 0.6427876096865436900, -0.7660444431189745700, 0.0000000000000000000 ) ) ;
#344 = CARTESIAN_POINT ( 'NONE',  ( -30.00000000000000000, 0.0000000000000000000, -3.750000000000000000 ) ) ;
#345 = CARTESIAN_POINT ( 'NONE',  ( 30.00000000000000000, 0.0000000000000000000, 7.900000000000000400 ) ) ;
#346 = CARTESIAN_POINT ( 'NONE',  ( -30.00000000000000000, 4.499999999999997300, -4.899999999999968400 ) ) ;
#347 = CARTESIAN_POINT ( 'NONE',  ( 30.00000000000000000, 0.0000000000000000000, -7.900000000000000400 ) ) ;
#348 = CARTESIAN_POINT ( 'NONE',  ( 0.6716898397120436600, -8.006257646412429100, 3.949990504259474700 ) ) ;
#349 = PLANE ( 'NONE',  #2510 ) ;
#350 = CARTESIAN_POINT ( 'NONE',  ( -3.000001951809958100, 3.359552117232135900, -25.55914505975409800 ) ) ;
#351 = DIRECTION ( 'NONE',  ( 0.0000000000000000000, 0.9808475641750055200, -0.1947769387067123700 ) ) ;
#352 = CARTESIAN_POINT ( 'NONE',  ( 2.940617341772449500, -1.208872095591378800, -6.066169759875911900 ) ) ;
#353 = CARTESIAN_POINT ( 'NONE',  ( 2.980068824465262900, -1.022461375254144900, -6.019559282288611300 ) ) ;
#354 = CARTESIAN_POINT ( 'NONE',  ( -2.511612742907810300, 2.403466931088857000, -29.31158460287080600 ) ) ;
#355 = CARTESIAN_POINT ( 'NONE',  ( 0.09999804819004302900, -3.512149041056724700, -6.360995079170808500 ) ) ;
#356 = DIRECTION ( 'NONE',  ( 0.0000000000000000000, 0.1974294763067977700, -0.9803170925191621000 ) ) ;
#357 = CARTESIAN_POINT ( 'NONE',  ( -2.969804064553355900, 3.377345558050077300, -27.99079413137777900 ) ) ;
#358 = CARTESIAN_POINT ( 'NONE',  ( 0.4499980481900426900, 2.369988581077565400, -5.173718476926569400 ) ) ;
#359 = CARTESIAN_POINT ( 'NONE',  ( 2.999998048190043700, -13.50779566838016900, 2.693010800410964700 ) ) ;
#360 = CARTESIAN_POINT ( 'NONE',  ( 2.999998048190043200, -13.90788788594106000, 1.386802010433032100 ) ) ;
#361 = CARTESIAN_POINT ( 'NONE',  ( -2.890807485331006600, 0.9262527047254244300, -8.978730513529841400 ) ) ;
#362 = CARTESIAN_POINT ( 'NONE',  ( -2.851895600926596800, 1.018969069504155100, -8.801606132138569900 ) ) ;
#363 = CARTESIAN_POINT ( 'NONE',  ( -2.806464748145580700, 1.096992882609795400, -8.541525593502154100 ) ) ;
#364 = CARTESIAN_POINT ( 'NONE',  ( -2.790976384310775800, 1.107967328969544200, -8.406735166996467600 ) ) ;
#365 = CARTESIAN_POINT ( 'NONE',  ( -2.990054730664329300, 0.4788240236119699100, -9.381062705961298300 ) ) ;
#366 = CARTESIAN_POINT ( 'NONE',  ( -2.691416139988136000, 2.638224645884563700, -28.99345788908197700 ) ) ;
#367 = CARTESIAN_POINT ( 'NONE',  ( -2.999863778681226100, 3.711308902184709000, -27.53961064230195200 ) ) ;
#368 = DIRECTION ( 'NONE',  ( -0.0000000000000000000, 0.1974294763067977700, -0.9803170925191621000 ) ) ;
#369 = CARTESIAN_POINT ( 'NONE',  ( -2.837809228910016300, 2.962133902309010300, -28.55462826194854700 ) ) ;
#370 = CARTESIAN_POINT ( 'NONE',  ( -3.000001951809957700, 3.329228386982176200, -25.56446374147064700 ) ) ;
#371 = CARTESIAN_POINT ( 'NONE',  ( -2.930752110374058400, 0.8049459621542327500, -9.143479572478908000 ) ) ;
#372 = CARTESIAN_POINT ( 'NONE',  ( -2.996711892432441200, 3.532974763490646100, -27.78102366084112200 ) ) ;
#373 = CARTESIAN_POINT ( 'NONE',  ( -2.877412532183512000, 0.9609117366562174300, -8.921350878617172200 ) ) ;
#374 = CARTESIAN_POINT ( 'NONE',  ( -2.854879501248722900, 3.002733105971616000, -28.49947783831054300 ) ) ;
#375 = CARTESIAN_POINT ( 'NONE',  ( -2.840029716432569600, 1.041948908319525700, -8.740763116781161900 ) ) ;
#376 = CARTESIAN_POINT ( 'NONE',  ( 2.999998048190043700, -0.8321226045304205300, -5.972157720942157700 ) ) ;
#377 = CARTESIAN_POINT ( 'NONE',  ( -2.822687130994212100, 2.927721969905098500, -28.60128799205979500 ) ) ;
#378 = CARTESIAN_POINT ( 'NONE',  ( -2.785216688549565900, 1.041845709273164800, -8.003556048023270400 ) ) ;
#379 = CARTESIAN_POINT ( 'NONE',  ( -2.806547579327171200, 0.9500012272517696100, -7.822829250607024500 ) ) ;
#380 = CARTESIAN_POINT ( 'NONE',  ( -2.898977036208491200, 3.121202835259660800, -28.33833130656453400 ) ) ;
#381 = CARTESIAN_POINT ( 'NONE',  ( -2.815647193646703800, 0.9144303891523737300, -7.766109157124858200 ) ) ;
#382 = CARTESIAN_POINT ( 'NONE',  ( -2.836951087022354200, 0.8330715226047879000, -7.659774807240743200 ) ) ;
#383 = CARTESIAN_POINT ( 'NONE',  ( -2.829371245044693100, 2.942762615322134200, -28.58090607629491900 ) ) ;
#384 = CARTESIAN_POINT ( 'NONE',  ( -2.887982029367346800, 0.6359274374605281600, -7.473821734930820200 ) ) ;
#385 = CARTESIAN_POINT ( 'NONE',  ( -2.963158743534568500, 0.2684431006221512100, -7.306010119418805200 ) ) ;
#386 = CARTESIAN_POINT ( 'NONE',  ( -2.819719668708721400, 2.921129311058368000, -28.61021937172206400 ) ) ;
#387 = CARTESIAN_POINT ( 'NONE',  ( -2.991850294018416200, 4.214310971592874500E-006, -7.281469368233847400 ) ) ;
#388 = CARTESIAN_POINT ( 'NONE',  ( -2.820711010000045000, 2.923325068722771600, -28.60724475887927200 ) ) ;
#389 = CARTESIAN_POINT ( 'NONE',  ( -2.780037881579365200, 1.081193081733659500, -8.137998163145709900 ) ) ;
#390 = CARTESIAN_POINT ( 'NONE',  ( -2.825780952539777200, 2.934658255603802300, -28.59189024197142400 ) ) ;
#391 = CARTESIAN_POINT ( 'NONE',  ( 2.999998048190043200, -0.6417784380197265600, -5.924755072919357900 ) ) ;
#392 = CARTESIAN_POINT ( 'NONE',  ( -2.999822237886034900, 3.314069280918826800, -25.56712280770404900 ) ) ;
#393 = CARTESIAN_POINT ( 'NONE',  ( -3.000001951809958100, 4.230161601860755700, -30.11590516948111300 ) ) ;
#394 = CARTESIAN_POINT ( 'NONE',  ( -3.000001951809957200, 0.3517549479233977300, -9.432687820856918000 ) ) ;
#395 = CARTESIAN_POINT ( 'NONE',  ( -2.849402002324800800, 0.7863224191754479800, -7.609297227712219500 ) ) ;
#396 = CARTESIAN_POINT ( 'NONE',  ( -2.918148294109400400, 3.180708337112730700, -28.25743485671356200 ) ) ;
#397 = DIRECTION ( 'NONE',  ( 0.0000000000000000000, 0.9702867460404317500, 0.2419579105098049700 ) ) ;
#398 = CARTESIAN_POINT ( 'NONE',  ( -3.000001951809957700, 0.2172901219672375400, -9.459795308909484400 ) ) ;
#399 = CARTESIAN_POINT ( 'NONE',  ( -2.915205814173816600, 0.5233310601720367900, -7.404343168070025300 ) ) ;
#400 = CARTESIAN_POINT ( 'NONE',  ( -2.981812651715943600, 0.1362822807707931300, -7.281481300875326700 ) ) ;
#401 = CARTESIAN_POINT ( 'NONE',  ( -2.823990556331585900, 2.930638901876544200, -28.59733605431394900 ) ) ;
#402 = CARTESIAN_POINT ( 'NONE',  ( -2.954901993716899000, 0.7077074535687702900, -9.234485826237593300 ) ) ;
#403 = CARTESIAN_POINT ( 'NONE',  ( -2.318471534790302400, 2.214512282661705600, -29.56760030509074300 ) ) ;
#404 = CARTESIAN_POINT ( 'NONE',  ( -2.869674601458806600, 3.040757019939603000, -28.44774952550674000 ) ) ;
#405 = CARTESIAN_POINT ( 'NONE',  ( -3.000001951809957700, 3.344390252107155800, -25.56180440061237400 ) ) ;
#406 = CARTESIAN_POINT ( 'NONE',  ( -1.951809957241157200E-006, 4.214311183012298100E-006, -9.495740525269566500E-006 ) ) ;
#407 = DIRECTION ( 'NONE',  ( 0.0000000000000000000, 0.9808475641750028500, 0.1947769387067264100 ) ) ;
#408 = CARTESIAN_POINT ( 'NONE',  ( -3.250001951809957200, -0.9611608128787136900, -7.827488489825857900 ) ) ;
#409 = CARTESIAN_POINT ( 'NONE',  ( -3.000001951809956800, -19.33643342072996400, -4.709795293409235300 ) ) ;
#410 = CARTESIAN_POINT ( 'NONE',  ( -3.250001951809957700, -0.2879184584842386400, -9.452839312568995600 ) ) ;
#411 = CARTESIAN_POINT ( 'NONE',  ( -1.951809957608550900E-006, -6.999995785688817300, -35.00000949574052100 ) ) ;
#412 = CARTESIAN_POINT ( 'NONE',  ( -3.250001951809957700, -1.099995785689030800, -8.237479704944316700 ) ) ;
#413 = DIRECTION ( 'NONE',  ( -1.000000000000000000, -0.0000000000000000000, -0.0000000000000000000 ) ) ;
#414 = CARTESIAN_POINT ( 'NONE',  ( -0.4500019518099572800, -3.099110973585528200, -8.304525086330336600 ) ) ;
#415 = CARTESIAN_POINT ( 'NONE',  ( 2.999998048190043200, -14.04296618619976100, 0.03302437855066389600 ) ) ;
#416 = CARTESIAN_POINT ( 'NONE',  ( 2.999998048190043200, 4.293132233939329200, -26.75132364889981300 ) ) ;
#417 = DIRECTION ( 'NONE',  ( 0.0000000000000000000, 0.0000000000000000000, -1.000000000000000000 ) ) ;
#418 = CARTESIAN_POINT ( 'NONE',  ( -3.250001951809957200, -0.9611608128787138000, -8.935450246641840600 ) ) ;
#419 = DIRECTION ( 'NONE',  ( 1.000000000000000000, 0.0000000000000000000, 0.0000000000000000000 ) ) ;
#420 = CARTESIAN_POINT ( 'NONE',  ( -3.250001951809957700, 4.214310970508672300E-006, -7.281469368233847400 ) ) ;
#421 = CARTESIAN_POINT ( 'NONE',  ( -3.250001951809957200, -1.071365730024177500, -8.669392041029055900 ) ) ;
#422 = CARTESIAN_POINT ( 'NONE',  ( -3.250001951809957200, -0.1439854489785620800, -9.481469368233849300 ) ) ;
#423 = CARTESIAN_POINT ( 'NONE',  ( 2.999998048190043200, -12.99999578578139600, -3.605560771050429800 ) ) ;
#424 = CARTESIAN_POINT ( 'NONE',  ( -1.951809957241157200E-006, -6.999995785688817300, -47.00000949586134900 ) ) ;
#425 = CARTESIAN_POINT ( 'NONE',  ( 2.251170788255050700, 2.150490266535229900, -29.65434233284511100 ) ) ;
#426 = CARTESIAN_POINT ( 'NONE',  ( -3.250001951809956800, -0.8796293123270281200, -7.705467976261440200 ) ) ;
#427 = CARTESIAN_POINT ( 'NONE',  ( -3.000001951809958100, -18.77016655590738400, -32.66268623123644900 ) ) ;
#428 = DIRECTION ( 'NONE',  ( -0.0000000000000000000, 0.9849640501688526900, 0.1727594277455490900 ) ) ;
#429 = DIRECTION ( 'NONE',  ( 0.0000000000000000000, 1.000000000000000000, 0.0000000000000000000 ) ) ;
#430 = DIRECTION ( 'NONE',  ( -0.0000000000000000000, 0.1947769387067257700, -0.9808475641750028500 ) ) ;
#431 = CARTESIAN_POINT ( 'NONE',  ( -3.000001951809958100, -12.99999578578139600, -3.605560771050429800 ) ) ;
#432 = CARTESIAN_POINT ( 'NONE',  ( -3.250001951809957200, -1.071365730024177500, -8.093546695438638100 ) ) ;
#433 = CARTESIAN_POINT ( 'NONE',  ( -3.250001951809957200, -0.6759971776614366300, -9.261102894871847000 ) ) ;
#434 = CARTESIAN_POINT ( 'NONE',  ( -3.250001951809957700, -0.6759971776614365200, -7.501835841595848800 ) ) ;
#435 = CARTESIAN_POINT ( 'NONE',  ( -3.000001951809958100, -12.99999578578139600, -3.605560771050429800 ) ) ;
#436 = CARTESIAN_POINT ( 'NONE',  ( 2.999998048190043200, -19.33643342072996400, -4.709795293409235300 ) ) ;
#437 = CARTESIAN_POINT ( 'NONE',  ( -3.250001951809957700, -0.1439854489785616900, -7.281469368233846500 ) ) ;
#438 = CARTESIAN_POINT ( 'NONE',  ( -3.250001951809957200, -0.5539766640970200700, -9.342634395423532500 ) ) ;
#439 = DIRECTION ( 'NONE',  ( 0.0000000000000000000, 0.6451951950641269300, 0.7640177748365304400 ) ) ;
#440 = CARTESIAN_POINT ( 'NONE',  ( 2.318467610141538200, 2.214512262360855700, -29.56760033260794500 ) ) ;
#441 = DIRECTION ( 'NONE',  ( 0.0000000000000000000, 0.0000000000000000000, -1.000000000000000000 ) ) ;
#442 = CARTESIAN_POINT ( 'NONE',  ( -3.250001951809957700, -0.5539766640970190700, -7.420304341044164300 ) ) ;
#443 = CARTESIAN_POINT ( 'NONE',  ( -3.250001951809957700, 4.214310970508672300E-006, -9.481469368233851100 ) ) ;
#444 = CARTESIAN_POINT ( 'NONE',  ( -3.250001951809958100, -0.2879184584842377500, -7.310099423898700300 ) ) ;
#445 = DIRECTION ( 'NONE',  ( 1.000000000000000000, 0.0000000000000000000, 0.0000000000000000000 ) ) ;
#446 = CARTESIAN_POINT ( 'NONE',  ( -3.250001951809956800, -1.099995785689030300, -8.525459031523377400 ) ) ;
#447 = DIRECTION ( 'NONE',  ( 0.0000000000000000000, 0.0000000000000000000, 1.000000000000000000 ) ) ;
#448 = CARTESIAN_POINT ( 'NONE',  ( -3.250001951809957200, -0.8796293123270285700, -9.057470760206255600 ) ) ;
#449 = CARTESIAN_POINT ( 'NONE',  ( -1.951809957241157200E-006, 4.770174984529721700, -32.66268623123629300 ) ) ;
#450 = CARTESIAN_POINT ( 'NONE',  ( 2.999998048190043200, 6.315185712434455900, -25.04073672957683500 ) ) ;
#451 = CARTESIAN_POINT ( 'NONE',  ( 2.843576367277212300, -1.019107589319423000, -8.815020465684600700 ) ) ;
#452 = CARTESIAN_POINT ( 'NONE',  ( 2.836653651228562300, -1.063420585461516000, -8.691348883216944500 ) ) ;
#453 = CARTESIAN_POINT ( 'NONE',  ( 2.900486982200094900, -1.011541186281128800, -7.930324391904028900 ) ) ;
#454 = CARTESIAN_POINT ( 'NONE',  ( 2.930135907304381300, -0.6094778111985057500, -9.299368452674588800 ) ) ;
#455 = CARTESIAN_POINT ( 'NONE',  ( 2.880134431979156000, -1.056946164463334400, -8.050577396017892800 ) ) ;
#456 = CARTESIAN_POINT ( 'NONE',  ( 2.991302708681720500, -0.5935688016782013600, -7.446100217054302000 ) ) ;
#457 = CARTESIAN_POINT ( 'NONE',  ( 2.838886505751581100, -1.095636091935535700, -8.498968906443970200 ) ) ;
#458 = CARTESIAN_POINT ( 'NONE',  ( 2.999998048190043700, -0.4803898549053231500, -7.383308209370113700 ) ) ;
#459 = CARTESIAN_POINT ( 'NONE',  ( -0.2171674476968815100, 1.333901664365831900, -30.76071406562931900 ) ) ;
#460 = CARTESIAN_POINT ( 'NONE',  ( 2.888966849753595400, -0.8100560349377240500, -9.137029752615417200 ) ) ;
#461 = CARTESIAN_POINT ( 'NONE',  ( 0.3092820406518828100, 1.387299980262951100, -30.68837214004534200 ) ) ;
#462 = DIRECTION ( 'NONE',  ( -0.0000000000000000000, -0.9702867460404315200, -0.2419579105098058600 ) ) ;
#463 = DIRECTION ( 'NONE',  ( 0.0000000000000000000, -0.5938411195026051000, -0.8045823294032081700 ) ) ;
#464 = CARTESIAN_POINT ( 'NONE',  ( 2.941846320712548500, -0.8791332861931122600, -7.707750722828774500 ) ) ;
#465 = CARTESIAN_POINT ( 'NONE',  ( 0.8232622461183618500, 1.460273582115604100, -30.58950180480698600 ) ) ;
#466 = CARTESIAN_POINT ( 'NONE',  ( 0.7699785273875233700, 1.449737480316216600, -30.60377693842468400 ) ) ;
#467 = CARTESIAN_POINT ( 'NONE',  ( -2.999863778681226100, 3.711308902184709000, -27.53961064230195200 ) ) ;
#468 = CARTESIAN_POINT ( 'NONE',  ( 0.09999804819004325100, 1.387242033555188000, -30.68845065077082900 ) ) ;
#469 = DIRECTION ( 'NONE',  ( 1.000000000000000000, 0.0000000000000000000, 0.0000000000000000000 ) ) ;
#470 = CARTESIAN_POINT ( 'NONE',  ( 2.850637803888100400, -1.099418841607475900, -8.306159468006418600 ) ) ;
#471 = CARTESIAN_POINT ( 'NONE',  ( 2.999998048190043200, -1.208872095591378800, -6.066169759875911900 ) ) ;
#472 = CARTESIAN_POINT ( 'NONE',  ( -3.000001951809958100, 3.202745430990321400, -26.94257387784170600 ) ) ;
#473 = CARTESIAN_POINT ( 'NONE',  ( 2.999998048190043200, -0.6692294727511540800, -5.788449597881094800 ) ) ;
#474 = CARTESIAN_POINT ( 'NONE',  ( 2.999998048190043200, 1.747270701339515000, -25.84193387293631300 ) ) ;
#475 = CARTESIAN_POINT ( 'NONE',  ( 1.699339943013966200, 1.765054943635781200, -30.17656021191765700 ) ) ;
#476 = CARTESIAN_POINT ( 'NONE',  ( 1.078491474795263900, 1.520565937303469200, -30.50781301299193900 ) ) ;
#477 = DIRECTION ( 'NONE',  ( 0.0000000000000000000, -0.1974294763067977700, 0.9803170925191621000 ) ) ;
#478 = CARTESIAN_POINT ( 'NONE',  ( 2.949864785499088300, -0.4992015646132913500, -9.363335163129519900 ) ) ;
#479 = CARTESIAN_POINT ( 'NONE',  ( -2.502808237817904800, 1.977997450579959100, -27.15739061170765500 ) ) ;
#480 = CARTESIAN_POINT ( 'NONE',  ( 1.910896736473247400, 1.895563164181852700, -29.99973748165409800 ) ) ;
#481 = CARTESIAN_POINT ( 'NONE',  ( 2.841591136807671600, -1.100707036712912400, -8.434760180450528100 ) ) ;
#482 = CARTESIAN_POINT ( 'NONE',  ( 2.961499235525608200, -0.7970062886365542100, -7.612057748504234700 ) ) ;
#483 = CARTESIAN_POINT ( 'NONE',  ( 2.857121089833296200, -1.092838923161976600, -8.240603612830710700 ) ) ;
#484 = DIRECTION ( 'NONE',  ( -1.000000000000000000, -0.0000000000000000000, -0.0000000000000000000 ) ) ;
#485 = CARTESIAN_POINT ( 'NONE',  ( 1.517040691024016800, 1.676412017894604000, -30.29666057097950800 ) ) ;
#486 = CARTESIAN_POINT ( 'NONE',  ( 1.226633551133455600, 1.568071453251408200, -30.44344882966811700 ) ) ;
#487 = CARTESIAN_POINT ( 'NONE',  ( 2.999998048190043200, 4.293132233939329200, -26.75132364889981300 ) ) ;
#488 = CARTESIAN_POINT ( 'NONE',  ( 1.950288856237599300, 1.921270630694956100, -29.96490699819499400 ) ) ;
#489 = CARTESIAN_POINT ( 'NONE',  ( -1.951809957714610500E-006, 1.333902647580250900, -30.76071901684928300 ) ) ;
#490 = CARTESIAN_POINT ( 'NONE',  ( -2.999908396551076400, 3.722133460766366800, -27.52495056856306700 ) ) ;
#491 = CARTESIAN_POINT ( 'NONE',  ( -1.951809957241157200E-006, -6.999995785688817300, -35.00000949574052100 ) ) ;
#492 = CARTESIAN_POINT ( 'NONE',  ( 2.999998048190043200, -0.3565820392231465200, -7.340870385056128100 ) ) ;
#493 = CARTESIAN_POINT ( 'NONE',  ( 0.5156538913127228800, 1.405159961245227700, -30.66417404289462600 ) ) ;
#494 = CARTESIAN_POINT ( 'NONE',  ( 0.9259416388677047500, 1.483057570916017900, -30.55863227728506000 ) ) ;
#495 = CARTESIAN_POINT ( 'NONE',  ( -2.611308946627918000, 2.136192508649694700, -27.12964376943883200 ) ) ;
#496 = CARTESIAN_POINT ( 'NONE',  ( -2.731384936465853600, 2.343960317246516700, -27.09332285708681100 ) ) ;
#497 = CARTESIAN_POINT ( 'NONE',  ( 2.029111003381877300, 1.975522318356274900, -29.89140257453845700 ) ) ;
#498 = DIRECTION ( 'NONE',  ( 0.0000000000000000000, 0.0000000000000000000, -1.000000000000000000 ) ) ;
#499 = CARTESIAN_POINT ( 'NONE',  ( -2.925924512621617300, 2.876529011051206300, -26.99993045102503000 ) ) ;
#500 = CARTESIAN_POINT ( 'NONE',  ( 2.999077856669589700, 4.214310972677076700E-006, -9.481469368233867100 ) ) ;
#501 = CARTESIAN_POINT ( 'NONE',  ( 2.959314026067738200, -0.4408972550290601900, -9.390633893419735800 ) ) ;
#502 = CARTESIAN_POINT ( 'NONE',  ( 2.144462892786362000, 2.059342426887252700, -29.77783654490888300 ) ) ;
#503 = CARTESIAN_POINT ( 'NONE',  ( -2.999849659981539000, 3.577826874997671600, -26.87678616631620400 ) ) ;
#504 = CARTESIAN_POINT ( 'NONE',  ( 2.920060140774658000, -0.6604705703549419400, -9.263530153420116900 ) ) ;
#505 = CARTESIAN_POINT ( 'NONE',  ( 2.995894927317905900, -0.1288532767793482100, -9.481457976872306400 ) ) ;
#506 = CARTESIAN_POINT ( 'NONE',  ( 2.984516389667921200, -0.2563861362067869600, -9.458456144405026600 ) ) ;
#507 = CARTESIAN_POINT ( 'NONE',  ( 2.869990854191765400, -0.8915865729880100300, -9.038429897963565600 ) ) ;
#508 = CARTESIAN_POINT ( 'NONE',  ( -0.1000019518099571500, 2.314700162108529000, -5.187505607776008900 ) ) ;
#509 = CARTESIAN_POINT ( 'NONE',  ( 6.397665082640365600, -25.01671977765398900, -1.749999999999999800 ) ) ;
#510 = CARTESIAN_POINT ( 'NONE',  ( -1.180108950340041000, 1.528086149797344800, -30.49759027872209300 ) ) ;
#511 = CARTESIAN_POINT ( 'NONE',  ( 0.3711761418925707000, 6.315185712434463900, -25.04073672957684200 ) ) ;
#512 = CARTESIAN_POINT ( 'NONE',  ( 2.406240082761412900E-015, -19.64844136641463400, 0.7499999999999997800 ) ) ;
#513 = DIRECTION ( 'NONE',  ( -0.7660444431189745700, 0.6427876096865434700, 0.0000000000000000000 ) ) ;
#514 = DIRECTION ( 'NONE',  ( -0.0000000000000000000, 0.1975326433240703900, -0.9802963097050837500 ) ) ;
#515 = CARTESIAN_POINT ( 'NONE',  ( -1.102792081717333600, 1.501845940749474400, -30.53308970894312700 ) ) ;
#516 = CARTESIAN_POINT ( 'NONE',  ( 2.999998048190043200, 1.977997450579959600, -27.15739061170765500 ) ) ;
#517 = CARTESIAN_POINT ( 'NONE',  ( 2.999998048190043200, 3.619749357619710800, -26.86943277211773700 ) ) ;
#518 = DIRECTION ( 'NONE',  ( 0.0000000000000000000, -0.1974294763067977700, 0.9803170925191621000 ) ) ;
#519 = DIRECTION ( 'NONE',  ( 1.000000000000000000, 0.0000000000000000000, 0.0000000000000000000 ) ) ;
#520 = CARTESIAN_POINT ( 'NONE',  ( -1.231390652590782500, 1.546173307814260100, -30.47310985145258000 ) ) ;
#521 = CARTESIAN_POINT ( 'NONE',  ( 2.999998048190042800, -13.92124706532406200, -1.277758305567908000 ) ) ;
#522 = CARTESIAN_POINT ( 'NONE',  ( 0.7537555660465006200, 6.246401381316034400, -25.05272346707969400 ) ) ;
#523 = CARTESIAN_POINT ( 'NONE',  ( 1.477892681678376600, 5.939311162868560400, -25.10659751248530500 ) ) ;
#524 = CARTESIAN_POINT ( 'NONE',  ( -0.8664091316290433200, 1.434822319297929700, -30.62368840290090000 ) ) ;
#525 = CARTESIAN_POINT ( 'NONE',  ( 0.4499980481900428500, -3.116570867416725400, -8.325200487101835000 ) ) ;
#526 = CARTESIAN_POINT ( 'NONE',  ( 1.730839487275124000, 5.775696362043393400, -25.13532511801918900 ) ) ;
#527 = CARTESIAN_POINT ( 'NONE',  ( 2.999998048190043200, -13.56992290100304500, -2.547233804449502900 ) ) ;
#528 = DIRECTION ( 'NONE',  ( -1.000000000000000000, 0.0000000000000000000, -0.0000000000000000000 ) ) ;
#529 = DIRECTION ( 'NONE',  ( -1.000000000000000000, -0.0000000000000000000, -0.0000000000000000000 ) ) ;
#530 = CARTESIAN_POINT ( 'NONE',  ( 1.812925768021495600, 5.716599973840438900, -25.14570160987548800 ) ) ;
#531 = CARTESIAN_POINT ( 'NONE',  ( 1.990341878186304500, 5.572039709887166100, -25.17107654496548000 ) ) ;
#532 = CARTESIAN_POINT ( 'NONE',  ( 2.089102414058862300, 5.480832166007468600, -25.18707918890444500 ) ) ;
#533 = CARTESIAN_POINT ( 'NONE',  ( 2.112149177284063000, 5.458497820891484100, -25.19099690723170700 ) ) ;
#534 = CARTESIAN_POINT ( 'NONE',  ( -0.4361951804117814600, 1.352868029421104800, -30.73466269279808200 ) ) ;
#535 = CARTESIAN_POINT ( 'NONE',  ( 2.999998048190043200, 1.977997450579959600, -27.15739061170765500 ) ) ;
#536 = DIRECTION ( 'NONE',  ( 0.0000000000000000000, 0.9849640501688539100, 0.1727594277455431800 ) ) ;
#537 = CARTESIAN_POINT ( 'NONE',  ( 2.119841790578107500, 5.450955439011060800, -25.19231985276984900 ) ) ;
#538 = CARTESIAN_POINT ( 'NONE',  ( 2.310323341711963500, 5.263290894803107600, -25.22523565947696200 ) ) ;
#539 = CARTESIAN_POINT ( 'NONE',  ( 2.999998048190043200, -0.6692294727511540800, -5.788449597881094800 ) ) ;
#540 = DIRECTION ( 'NONE',  ( 0.6427876096865434700, 0.7660444431189745700, -0.0000000000000000000 ) ) ;
#541 = CARTESIAN_POINT ( 'NONE',  ( -1.951809957346126200E-006, 6.315185712434457700, -25.04073672957683200 ) ) ;
#542 = CARTESIAN_POINT ( 'NONE',  ( 1.931896381021065900, 5.621329743437361700, -25.16242527624728400 ) ) ;
#543 = CARTESIAN_POINT ( 'NONE',  ( -1.024391475624240500, 1.478296539927287400, -30.56492168954985900 ) ) ;
#544 = DIRECTION ( 'NONE',  ( 1.000000000000000000, 0.0000000000000000000, 0.0000000000000000000 ) ) ;
#545 = DIRECTION ( 'NONE',  ( 0.0000000000000000000, 0.6451951950640841800, 0.7640177748365664100 ) ) ;
#546 = CARTESIAN_POINT ( 'NONE',  ( 1.300359600409249000, 6.030097500780874100, -25.09065972909190400 ) ) ;
#547 = CARTESIAN_POINT ( 'NONE',  ( -1.658499352296229200, 1.708051653187889300, -30.25379843908951800 ) ) ;
#548 = CARTESIAN_POINT ( 'NONE',  ( 2.999998048190043200, 6.315185712434455900, -25.04073672957683500 ) ) ;
#549 = CARTESIAN_POINT ( 'NONE',  ( 2.056530105154243500, 5.511700949052299200, -25.18166381547419500 ) ) ;
#550 = CARTESIAN_POINT ( 'NONE',  ( -3.000001951809958100, 3.744031796895322700, -27.49528780733200200 ) ) ;
#551 = DIRECTION ( 'NONE',  ( 0.0000000000000000000, 0.0000000000000000000, 1.000000000000000000 ) ) ;
#552 = CARTESIAN_POINT ( 'NONE',  ( -2.022029902801368600, 1.924493779675712700, -29.96053144705801700 ) ) ;
#553 = CARTESIAN_POINT ( 'NONE',  ( 2.105255340560178400, 5.465224087643224300, -25.18981707905288300 ) ) ;
#554 = CARTESIAN_POINT ( 'NONE',  ( 2.116738625194679800, 5.454005415232628300, -25.19178488907512300 ) ) ;
#555 = CARTESIAN_POINT ( 'NONE',  ( -2.318471534790302400, 2.214512282661705600, -29.56760030509074300 ) ) ;
#556 = CARTESIAN_POINT ( 'NONE',  ( -3.000001951809959900, 3.733042321344556000, -27.51017720711633900 ) ) ;
#557 = CARTESIAN_POINT ( 'NONE',  ( -0.7595135545515769900, 1.410677202443260800, -30.65633557053115900 ) ) ;
#558 = CARTESIAN_POINT ( 'NONE',  ( -1.258752513190508600, 1.556217389534062100, -30.45950928372916200 ) ) ;
#559 = CARTESIAN_POINT ( 'NONE',  ( 2.999998048190045500, 3.614773442590170300, -25.51438008574062600 ) ) ;
#560 = CARTESIAN_POINT ( 'NONE',  ( -1.951809957241157200E-006, 4.214311183012298100E-006, -9.495740525269566500E-006 ) ) ;
#561 = CARTESIAN_POINT ( 'NONE',  ( 2.780610109738693500, 4.485723905896701800, -25.36133581659494500 ) ) ;
#562 = CARTESIAN_POINT ( 'NONE',  ( 2.999998048190043200, -3.116570867416725400, -8.325200487101831500 ) ) ;
#563 = DIRECTION ( 'NONE',  ( -1.000000000000000000, -1.738073107961973800E-016, 0.0000000000000000000 ) ) ;
#564 = CARTESIAN_POINT ( 'NONE',  ( 2.966459069457232400, 3.854062487862007600, -25.47230913909368500 ) ) ;
#565 = CARTESIAN_POINT ( 'NONE',  ( -30.00000000000000000, 0.0000000000000000000, 7.900000000000000400 ) ) ;
#566 = CARTESIAN_POINT ( 'NONE',  ( 0.3011333053538101700, -3.447618230818635200, -6.623878655068908800 ) ) ;
#567 = CARTESIAN_POINT ( 'NONE',  ( -1.951809956873763000E-006, 1.827632292004697500, -33.24701704735642900 ) ) ;
#568 = CARTESIAN_POINT ( 'NONE',  ( 7.163709525759339900, -25.65950738734053300, -0.7499999999999997800 ) ) ;
#569 = CARTESIAN_POINT ( 'NONE',  ( 28.69459271066770300, -4.336808689942017700E-016, 0.7499999999999997800 ) ) ;
#570 = DIRECTION ( 'NONE',  ( -0.0000000000000000000, -0.0000000000000000000, -1.000000000000000000 ) ) ;
#571 = CARTESIAN_POINT ( 'NONE',  ( -6.397665082640362900, -25.01671977765398900, 0.7499999999999997800 ) ) ;
#572 = CARTESIAN_POINT ( 'NONE',  ( -0.4500019518099572800, -3.116570867416725400, -8.325200487101835000 ) ) ;
#573 = CARTESIAN_POINT ( 'NONE',  ( -0.4500019518099571700, -3.099110973585529600, -8.304525086330336600 ) ) ;
#574 = CARTESIAN_POINT ( 'NONE',  ( 2.999998048190043200, -13.19139435380502900, -3.250142928140048200 ) ) ;
#575 = DIRECTION ( 'NONE',  ( 0.6427876096865435800, -0.7660444431189744600, 0.0000000000000000000 ) ) ;
#576 = CARTESIAN_POINT ( 'NONE',  ( -1.951809957241157200E-006, 7.712717677054736300, -32.07835541511615000 ) ) ;
#577 = CARTESIAN_POINT ( 'NONE',  ( 2.999998048190043700, 0.04934461358526937000, -9.479807954382270200 ) ) ;
#578 = DIRECTION ( 'NONE',  ( -0.0000000000000000000, -0.0000000000000000000, 1.000000000000000000 ) ) ;
#579 = DIRECTION ( 'NONE',  ( 0.6427876096865433600, 0.7660444431189745700, 0.0000000000000000000 ) ) ;
#580 = CARTESIAN_POINT ( 'NONE',  ( 28.69459271066771300, 6.179952383167375300E-015, -1.749999999999999800 ) ) ;
#581 = CARTESIAN_POINT ( 'NONE',  ( 6.397665082640370000, -25.01671977765398600, 0.7499999999999997800 ) ) ;
#582 = CARTESIAN_POINT ( 'NONE',  ( 0.1505663209667296200, -3.458650850747955200, -6.626627700772841600 ) ) ;
#583 = DIRECTION ( 'NONE',  ( -1.000000000000000000, -0.0000000000000000000, 0.0000000000000000000 ) ) ;
#584 = CARTESIAN_POINT ( 'NONE',  ( -0.1000019518099571100, -3.116570867416726700, -8.325200487101831500 ) ) ;
#585 = CARTESIAN_POINT ( 'NONE',  ( 2.521532785387829500, 5.006921470584052800, -25.26994938923343500 ) ) ;
#586 = CARTESIAN_POINT ( 'NONE',  ( 2.856715778066908100, 4.289480421763266300, -25.39579838272184600 ) ) ;
#587 = CARTESIAN_POINT ( 'NONE',  ( 2.999998048190043200, 3.359552117232135900, -25.55914505975410100 ) ) ;
#588 = CARTESIAN_POINT ( 'NONE',  ( -0.2168109123035631100, -3.116571088683378400, -8.325199388423543600 ) ) ;
#589 = CARTESIAN_POINT ( 'NONE',  ( -0.3337633058890017700, -3.110751117313995500, -8.318307586805159900 ) ) ;
#590 = CARTESIAN_POINT ( 'NONE',  ( 0.4499980481900426300, -3.099110973585526900, -8.304525086330336600 ) ) ;
#591 = CARTESIAN_POINT ( 'NONE',  ( 2.999077856669589700, 4.214310972677076700E-006, -9.481469368233867100 ) ) ;
#592 = DIRECTION ( 'NONE',  ( 0.0000000000000000000, 0.0000000000000000000, 1.000000000000000000 ) ) ;
#593 = CARTESIAN_POINT ( 'NONE',  ( -1.951809957021747300E-006, -3.458544211377713800, -6.627164709759677300 ) ) ;
#594 = CARTESIAN_POINT ( 'NONE',  ( 0.4499980481900434600, -3.425572191649583600, -6.618942561996391300 ) ) ;
#595 = CARTESIAN_POINT ( 'NONE',  ( 2.999691285238542400, 0.02467062646278295900, -9.480639424082955500 ) ) ;
#596 = CARTESIAN_POINT ( 'NONE',  ( 0.3337477843512811100, -3.110752280732856700, -8.318308964350094900 ) ) ;
#597 = CARTESIAN_POINT ( 'NONE',  ( 0.09999804819004351500, -3.116570867416726700, -8.325200487101835000 ) ) ;
#598 = DIRECTION ( 'NONE',  ( 1.000000000000000000, 0.0000000000000000000, 0.0000000000000000000 ) ) ;
#599 = CARTESIAN_POINT ( 'NONE',  ( 2.999998048190043200, 0.07401860086801075000, -9.478976484649310300 ) ) ;
#600 = DIRECTION ( 'NONE',  ( 0.6427876096865433600, 0.7660444431189745700, 0.0000000000000000000 ) ) ;
#601 = DIRECTION ( 'NONE',  ( 0.0000000000000000000, 0.0000000000000000000, -1.000000000000000000 ) ) ;
#602 = CARTESIAN_POINT ( 'NONE',  ( 2.406240082761412900E-015, -19.64844136641463400, -1.749999999999999800 ) ) ;
#603 = CARTESIAN_POINT ( 'NONE',  ( 0.2167953052168660500, -3.116570867416727200, -8.325200487101835000 ) ) ;
#604 = DIRECTION ( 'NONE',  ( -1.000000000000000000, 0.0000000000000000000, 0.0000000000000000000 ) ) ;
#605 = DIRECTION ( 'NONE',  ( 0.0000000000000000000, 0.1947769387067124800, -0.9808475641750056300 ) ) ;
#606 = DIRECTION ( 'NONE',  ( 0.6427876096865434700, -0.7660444431189745700, 5.575293782951318800E-016 ) ) ;
#607 = DIRECTION ( 'NONE',  ( 0.0000000000000000000, 0.1947769387067124800, -0.9808475641750056300 ) ) ;
#608 = CARTESIAN_POINT ( 'NONE',  ( 0.4499980481900428500, -3.458544211377691600, -6.627164709759674600 ) ) ;
#609 = CARTESIAN_POINT ( 'NONE',  ( -3.250001951809957700, 1.100004214310971400, -8.525459031523380900 ) ) ;
#610 = CARTESIAN_POINT ( 'NONE',  ( 2.999998048190043200, -3.116570867416725400, -8.325200487101831500 ) ) ;
#611 = CARTESIAN_POINT ( 'NONE',  ( -0.1000019518099571500, 1.387242033555185200, -30.68845065077082900 ) ) ;
#612 = CARTESIAN_POINT ( 'NONE',  ( -1.951809956819240300E-006, 2.168223031945545600, -4.157678032325232000 ) ) ;
#613 = CARTESIAN_POINT ( 'NONE',  ( -3.250001951809957700, 4.214310970508672300E-006, -9.481469368233851100 ) ) ;
#614 = CARTESIAN_POINT ( 'NONE',  ( 2.072625805045478700, 1.562659123724540600, -5.375040147444385900 ) ) ;
#615 = CARTESIAN_POINT ( 'NONE',  ( 1.507413609971947100, 2.087342475310967100, -5.244201209421993900 ) ) ;
#616 = DIRECTION ( 'NONE',  ( 0.7660444431189745700, 0.6427876096865434700, 0.0000000000000000000 ) ) ;
#617 = DIRECTION ( 'NONE',  ( 0.0000000000000000000, 0.6451951950640841800, 0.7640177748365664100 ) ) ;
#618 = CARTESIAN_POINT ( 'NONE',  ( -1.951809957214641700E-006, 2.369988581077598200, -5.173718476926563200 ) ) ;
#619 = CARTESIAN_POINT ( 'NONE',  ( -3.250001951809957700, 0.9611692415006553000, -8.935450246641840600 ) ) ;
#620 = CARTESIAN_POINT ( 'NONE',  ( 0.7300622833117601500, -3.384296143313531700, -6.608649454316608100 ) ) ;
#621 = CARTESIAN_POINT ( 'NONE',  ( 2.999998048190043200, 3.744031796895322700, -27.49528780733200200 ) ) ;
#622 = CARTESIAN_POINT ( 'NONE',  ( -3.250001951809957200, 1.100004214310971400, -8.237479704944314900 ) ) ;
#623 = DIRECTION ( 'NONE',  ( -1.000000000000000000, -0.0000000000000000000, 0.0000000000000000000 ) ) ;
#624 = CARTESIAN_POINT ( 'NONE',  ( -1.951809956842495200E-006, 2.181772769813705700, -4.088268875848131100 ) ) ;
#625 = CARTESIAN_POINT ( 'NONE',  ( -3.250001951809957700, 0.1439938776005029500, -7.281469368233847400 ) ) ;
#626 = CARTESIAN_POINT ( 'NONE',  ( -3.250001951809957200, 0.5539850927189603500, -9.342634395423530700 ) ) ;
#627 = CARTESIAN_POINT ( 'NONE',  ( -3.250001951809957200, 0.1439938776005028600, -9.481469368233849300 ) ) ;
#628 = CARTESIAN_POINT ( 'NONE',  ( 1.011379362511513300, -3.303134329290977200, -6.588350803373060700 ) ) ;
#629 = CARTESIAN_POINT ( 'NONE',  ( -3.250001951809957700, 4.214310970508672300E-006, -7.281469368233847400 ) ) ;
#630 = DIRECTION ( 'NONE',  ( -0.0000000000000000000, -0.0000000000000000000, -1.000000000000000000 ) ) ;
#631 = CARTESIAN_POINT ( 'NONE',  ( -3.250001951809957200, 0.8796377409489695200, -7.705467976261442000 ) ) ;
#632 = CARTESIAN_POINT ( 'NONE',  ( 2.999998048190045500, 3.990009138939433900, -27.16201849282330000 ) ) ;
#633 = DIRECTION ( 'NONE',  ( 0.0000000000000000000, 0.1974294763067976600, -0.9803170925191622100 ) ) ;
#634 = CARTESIAN_POINT ( 'NONE',  ( 2.956076696702185600, 4.173043011305652300, -26.91403036190072800 ) ) ;
#635 = CARTESIAN_POINT ( 'NONE',  ( -3.250001951809957200, 0.8796377409489695200, -9.057470760206257400 ) ) ;
#636 = CARTESIAN_POINT ( 'NONE',  ( -3.250001951809957200, 0.2879268871061790900, -7.310099423898701200 ) ) ;
#637 = CARTESIAN_POINT ( 'NONE',  ( -6.397665082640358500, -25.01671977765398900, 1.749999999999999800 ) ) ;
#638 = CARTESIAN_POINT ( 'NONE',  ( 0.7817864712079097800, 2.369988581077597800, -5.173718476926564900 ) ) ;
#639 = CARTESIAN_POINT ( 'NONE',  ( -3.250001951809957200, 1.071374158646119200, -8.093546695438639900 ) ) ;
#640 = DIRECTION ( 'NONE',  ( -0.0000000000000000000, -0.1974294763067977700, 0.9803170925191621000 ) ) ;
#641 = CARTESIAN_POINT ( 'NONE',  ( -3.250001951809957200, 0.9611692415006553000, -7.827488489825858800 ) ) ;
#642 = CARTESIAN_POINT ( 'NONE',  ( -27.92854826754872700, 0.6427876096865339200, -0.7499999999999997800 ) ) ;
#643 = CARTESIAN_POINT ( 'NONE',  ( -3.250001951809957700, 0.6760056062833775800, -9.261102894871845200 ) ) ;
#644 = CARTESIAN_POINT ( 'NONE',  ( -3.250001951809957200, 0.5539850927189603500, -7.420304341044164300 ) ) ;
#645 = CARTESIAN_POINT ( 'NONE',  ( 0.4499980481900434600, -3.425572191649583600, -6.618942561996391300 ) ) ;
#646 = CARTESIAN_POINT ( 'NONE',  ( 2.921100615162695000, 4.293132233939329200, -26.75132364889981300 ) ) ;
#647 = DIRECTION ( 'NONE',  ( 1.000000000000000000, 0.0000000000000000000, 0.0000000000000000000 ) ) ;
#648 = CARTESIAN_POINT ( 'NONE',  ( -3.250001951809957200, 0.2879268871061789700, -9.452839312568993800 ) ) ;
#649 = CARTESIAN_POINT ( 'NONE',  ( 2.406240082761412900E-015, -19.64844136641463400, 1.749999999999999800 ) ) ;
#650 = DIRECTION ( 'NONE',  ( -0.0000000000000000000, -0.0000000000000000000, -1.000000000000000000 ) ) ;
#651 = CARTESIAN_POINT ( 'NONE',  ( -3.250001951809957200, 0.6760056062833774700, -7.501835841595850600 ) ) ;
#652 = CARTESIAN_POINT ( 'NONE',  ( -3.250001951809957200, 1.071374158646119000, -8.669392041029055900 ) ) ;
#653 = CARTESIAN_POINT ( 'NONE',  ( -7.163709525759334600, -25.65950738734053300, -0.7499999999999997800 ) ) ;
#654 = CARTESIAN_POINT ( 'NONE',  ( 3.249998048190043200, 0.2879268871061789700, -9.452839312568993800 ) ) ;
#655 = DIRECTION ( 'NONE',  ( 0.0000000000000000000, 0.1947769387067124800, -0.9808475641750056300 ) ) ;
#656 = CARTESIAN_POINT ( 'NONE',  ( 2.920945570102909400, 2.630977270698519300, -25.68705463207188100 ) ) ;
#657 = CARTESIAN_POINT ( 'NONE',  ( 2.999998048190043200, 3.744031796895322700, -27.49528780733200200 ) ) ;
#658 = CARTESIAN_POINT ( 'NONE',  ( 2.920947320749508700, -1.208872095591379200, -6.066169759875911900 ) ) ;
#659 = CARTESIAN_POINT ( 'NONE',  ( 3.249998048190042800, 0.8796377409489692900, -9.057470760206257400 ) ) ;
#660 = DIRECTION ( 'NONE',  ( 1.000000000000000000, 0.0000000000000000000, -0.0000000000000000000 ) ) ;
#661 = CARTESIAN_POINT ( 'NONE',  ( 2.999998048190045500, 3.733042332893381900, -27.51017719146856100 ) ) ;
#662 = CARTESIAN_POINT ( 'NONE',  ( 2.396410610088655100, -2.321166492444575600, -6.343401763735432300 ) ) ;
#663 = CARTESIAN_POINT ( 'NONE',  ( 3.249998048190044100, 1.100004214310971800, -8.525459031523379100 ) ) ;
#664 = CARTESIAN_POINT ( 'NONE',  ( 3.249998048190043700, 0.6760056062833776900, -9.261102894871847000 ) ) ;
#665 = CARTESIAN_POINT ( 'NONE',  ( 2.993933644127666000, 2.948578975035356800, -25.63124240481840100 ) ) ;
#666 = CARTESIAN_POINT ( 'NONE',  ( 2.020993285476007100, -2.698048625226261000, -6.437521786681300800 ) ) ;
#667 = CARTESIAN_POINT ( 'NONE',  ( 2.029676279816663900, -2.690321827057432300, -6.435595064922156700 ) ) ;
#668 = CARTESIAN_POINT ( 'NONE',  ( 3.249998048190042800, 0.9611692415006553000, -7.827488489825858800 ) ) ;
#669 = CARTESIAN_POINT ( 'NONE',  ( 3.249998048190042800, 1.071374158646119000, -8.093546695438638100 ) ) ;
#670 = CARTESIAN_POINT ( 'NONE',  ( 2.732974851835825000, 2.109601020696300300, -25.77848136494148800 ) ) ;
#671 = CARTESIAN_POINT ( 'NONE',  ( 2.709016365276571700, -1.829284807615085600, -6.220730199222438200 ) ) ;
#672 = CARTESIAN_POINT ( 'NONE',  ( 3.249998048190042800, 1.071374158646119000, -8.669392041029059500 ) ) ;
#673 = CARTESIAN_POINT ( 'NONE',  ( 3.249998048190043200, 0.5539850927189602400, -9.342634395423532500 ) ) ;
#674 = CARTESIAN_POINT ( 'NONE',  ( -1.951809956870613300E-006, 2.941171954676274200, -1.761319261164317400 ) ) ;
#675 = CARTESIAN_POINT ( 'NONE',  ( 2.494617194718771600, 1.977997450579959100, -27.15739061170765500 ) ) ;
#676 = CARTESIAN_POINT ( 'NONE',  ( 1.798087809368840800, -2.878285887567624700, -6.482448101004603600 ) ) ;
#677 = CARTESIAN_POINT ( 'NONE',  ( 1.984852762091404700, -2.729656778419288900, -6.445402785967479200 ) ) ;
#678 = CARTESIAN_POINT ( 'NONE',  ( 3.249998048190043200, 0.1439938776005029200, -7.281469368233847400 ) ) ;
#679 = CARTESIAN_POINT ( 'NONE',  ( 3.249998048190043700, 0.6760056062833775800, -7.501835841595848800 ) ) ;
#680 = CARTESIAN_POINT ( 'NONE',  ( 3.249998048190043200, 4.214310970508672300E-006, -9.481469368233851100 ) ) ;
#681 = CARTESIAN_POINT ( 'NONE',  ( -1.951809958162629900E-006, 3.000004214311184000, -9.495740525269566500E-006 ) ) ;
#682 = CARTESIAN_POINT ( 'NONE',  ( 1.736108230992657400, -2.922129776396658900, -6.493372833389906300 ) ) ;
#683 = CARTESIAN_POINT ( 'NONE',  ( 3.249998048190043200, 4.214310970508672300E-006, -7.281469368233847400 ) ) ;
#684 = CARTESIAN_POINT ( 'NONE',  ( 2.841473290159989500, -1.538488377946474600, -6.148365266160728200 ) ) ;
#685 = CARTESIAN_POINT ( 'NONE',  ( 3.249998048190044100, 0.9611692415006550800, -8.935450246641838800 ) ) ;
#686 = CARTESIAN_POINT ( 'NONE',  ( 1.888823427271162600, -2.808719107774530200, -6.465110739079509700 ) ) ;
#687 = CARTESIAN_POINT ( 'NONE',  ( 1.933632718022017200, -2.772985989358183600, -6.456204593182291300 ) ) ;
#688 = CARTESIAN_POINT ( 'NONE',  ( 3.249998048190043200, 0.2879268871061791400, -7.310099423898700300 ) ) ;
#689 = CARTESIAN_POINT ( 'NONE',  ( 3.249998048190043700, 0.5539850927189606800, -7.420304341044163400 ) ) ;
#690 = CARTESIAN_POINT ( 'NONE',  ( 2.918360026599051200, 2.878737458626794400, -26.99953105829225600 ) ) ;
#691 = CARTESIAN_POINT ( 'NONE',  ( 1.546428110470046600, -3.045913557003665100, -6.524217512570927200 ) ) ;
#692 = CARTESIAN_POINT ( 'NONE',  ( -1.951809956886684500E-006, 2.207521384318335200, -3.956370411788544800 ) ) ;
#693 = CARTESIAN_POINT ( 'NONE',  ( 3.249998048190042800, 0.1439938776005028300, -9.481469368233849300 ) ) ;
#694 = CARTESIAN_POINT ( 'NONE',  ( -1.951809956872706700E-006, 2.980283896183535000, -0.5903928882398447000 ) ) ;
#695 = CARTESIAN_POINT ( 'NONE',  ( 2.216488303949792500, -2.522731862098259700, -6.393803736434994900 ) ) ;
#696 = CARTESIAN_POINT ( 'NONE',  ( 2.006569009472181100, -2.710738222531713600, -6.440685831196254300 ) ) ;
#697 = CARTESIAN_POINT ( 'NONE',  ( 3.249998048190043200, 0.8796377409489695200, -7.705467976261440200 ) ) ;
#698 = CARTESIAN_POINT ( 'NONE',  ( 3.249998048190042800, 1.100004214310971600, -8.237479704944316700 ) ) ;
#699 = CARTESIAN_POINT ( 'NONE',  ( 1.414992398328176500, -3.118085776841685400, -6.542204012271370500 ) ) ;
#700 = CARTESIAN_POINT ( 'NONE',  ( 2.602927866791585800, 2.137742229456852000, -27.12937194714565300 ) ) ;
#701 = CARTESIAN_POINT ( 'NONE',  ( 2.722502835437600400, 2.346386982762626700, -27.09288184304362800 ) ) ;
#702 = CARTESIAN_POINT ( 'NONE',  ( 2.999845880702061200, 3.577826873269689400, -26.87678616694382700 ) ) ;
#703 = CARTESIAN_POINT ( 'NONE',  ( -1.951809956873763000E-006, 1.827632292004697500, -33.24701704735642900 ) ) ;
#704 = DIRECTION ( 'NONE',  ( -0.6427876096865435800, 0.7660444431189744600, -0.0000000000000000000 ) ) ;
#705 = CARTESIAN_POINT ( 'NONE',  ( 2.999998048190043200, -3.458544211377690300, -6.627164709759674600 ) ) ;
#706 = CARTESIAN_POINT ( 'NONE',  ( 2.994310158431059000, 3.203736954500883400, -26.94241345983529700 ) ) ;
#707 = CARTESIAN_POINT ( 'NONE',  ( 2.999818973895609400, 3.314069282438002700, -25.56712287302021400 ) ) ;
#708 = CARTESIAN_POINT ( 'NONE',  ( 2.999998048190043200, -3.458544211377690300, -6.627164709759674600 ) ) ;
#709 = DIRECTION ( 'NONE',  ( 1.000000000000000000, 0.0000000000000000000, -0.0000000000000000000 ) ) ;
#710 = CARTESIAN_POINT ( 'NONE',  ( 1.652657575004970800, 1.730674896500442400, -30.22271234632114900 ) ) ;
#711 = CARTESIAN_POINT ( 'NONE',  ( 2.170256056878690400, 2.069512075989673700, -29.76405362168195300 ) ) ;
#712 = CARTESIAN_POINT ( 'NONE',  ( 1.515306440255094600, 1.663466028395580000, -30.31397232503933400 ) ) ;
#713 = CARTESIAN_POINT ( 'NONE',  ( 1.329240742829140400, 1.583290931202806300, -30.42281714423877000 ) ) ;
#714 = CARTESIAN_POINT ( 'NONE',  ( 2.999892396322381100, -0.5160825446087888800, -5.893411400310295500 ) ) ;
#715 = CARTESIAN_POINT ( 'NONE',  ( 2.999818973895609400, 3.314069282438002700, -25.56712287302021400 ) ) ;
#716 = CARTESIAN_POINT ( 'NONE',  ( 2.973467133679267500, 4.072620490490863600, -26.78990912053624400 ) ) ;
#717 = CARTESIAN_POINT ( 'NONE',  ( 2.921100615162695000, 4.293132233939329200, -26.75132364889981300 ) ) ;
#718 = CARTESIAN_POINT ( 'NONE',  ( 0.8764146877502206900, 1.410998937742164600, -30.65626910859250400 ) ) ;
#719 = CARTESIAN_POINT ( 'NONE',  ( -1.951809957242211700E-006, -3.024061376664597400, -0.2630837797717501300 ) ) ;
#720 = DIRECTION ( 'NONE',  ( 0.0000000000000000000, 0.1974294763067976600, -0.9803170925191622100 ) ) ;
#721 = CARTESIAN_POINT ( 'NONE',  ( 2.999998048190043200, 3.619749357619711700, -26.86943277211773700 ) ) ;
#722 = CARTESIAN_POINT ( 'NONE',  ( -0.4500019518099572800, -3.458544211377691600, -6.627164709759674600 ) ) ;
#723 = CARTESIAN_POINT ( 'NONE',  ( 2.999845880702061200, 3.577826873269689400, -26.87678616694382700 ) ) ;
#724 = CARTESIAN_POINT ( 'NONE',  ( 2.999998048190043200, 3.359552117232135900, -25.55914505975410100 ) ) ;
#725 = CARTESIAN_POINT ( 'NONE',  ( 2.999998048190043200, 3.619749357619711700, -26.86943277211773700 ) ) ;
#726 = CARTESIAN_POINT ( 'NONE',  ( -1.951809957241157200E-006, 7.712717677054736300, -32.07835541511615000 ) ) ;
#727 = DIRECTION ( 'NONE',  ( 0.0000000000000000000, 0.1947769387067124800, -0.9808475641750056300 ) ) ;
#728 = CARTESIAN_POINT ( 'NONE',  ( -1.951809957261957300E-006, -2.999995785688818200, -9.495740525269566500E-006 ) ) ;
#729 = CARTESIAN_POINT ( 'NONE',  ( 2.999998048190045500, 3.846190154500623800, -26.82966990766393400 ) ) ;
#730 = CARTESIAN_POINT ( 'NONE',  ( 3.249998048190043200, 4.214310970508672300E-006, -9.481469368233851100 ) ) ;
#731 = CARTESIAN_POINT ( 'NONE',  ( 3.249998048190042300, -0.1439854489785620500, -9.481469368233849300 ) ) ;
#732 = CARTESIAN_POINT ( 'NONE',  ( 1.376031407476334900, 1.602273815023168600, -30.39706220279318700 ) ) ;
#733 = CARTESIAN_POINT ( 'NONE',  ( 2.999904493126299700, 3.722133471859772100, -27.52495055257971800 ) ) ;
#734 = CARTESIAN_POINT ( 'NONE',  ( 2.999896549313650700, 3.591738231836391300, -26.87434608398202900 ) ) ;
#735 = CARTESIAN_POINT ( 'NONE',  ( 2.618293506643584000, 1.904623732896258500, -25.81433471137203700 ) ) ;
#736 = DIRECTION ( 'NONE',  ( -0.0000000000000000000, -0.0000000000000000000, 1.000000000000000000 ) ) ;
#737 = CARTESIAN_POINT ( 'NONE',  ( -1.951809957295679800E-006, -4.168214603066414400, -3.053443510125598800 ) ) ;
#738 = CARTESIAN_POINT ( 'NONE',  ( 2.999998048190045500, 3.605712309974725900, -26.87189482371952600 ) ) ;
#739 = CARTESIAN_POINT ( 'NONE',  ( -1.951809957272424500E-006, -3.806442660390543700, -2.432674195465908400 ) ) ;
#740 = CARTESIAN_POINT ( 'NONE',  ( -1.951809957244306000E-006, -3.071791437580496400, -0.7848474694626147400 ) ) ;
#741 = CARTESIAN_POINT ( 'NONE',  ( 2.514341553655101700, 1.747270701339514300, -25.84193387293631300 ) ) ;
#742 = CARTESIAN_POINT ( 'NONE',  ( 2.999998048190045500, -0.5301569854417667000, -5.896920318354744100 ) ) ;
#743 = CARTESIAN_POINT ( 'NONE',  ( 2.999878464475000500, 3.329155135294741300, -25.56447688198443300 ) ) ;
#744 = CARTESIAN_POINT ( 'NONE',  ( 2.005056084381482400, 1.942428459544754500, -29.93569093960179800 ) ) ;
#745 = CARTESIAN_POINT ( 'NONE',  ( 2.999840616895685900, -0.5020540275626036400, -5.889913502128913500 ) ) ;
#746 = CARTESIAN_POINT ( 'NONE',  ( -1.951809957228234800E-006, -3.118966165923369200, -1.253024084519103400 ) ) ;
#747 = CARTESIAN_POINT ( 'NONE',  ( 3.249998048190043700, -0.2879184584842386900, -9.452839312568993800 ) ) ;
#748 = CARTESIAN_POINT ( 'NONE',  ( -2.999081760289505000, 4.214310971592874500E-006, -9.481469368233865300 ) ) ;
#749 = CARTESIAN_POINT ( 'NONE',  ( -2.999695188858456900, 0.02467062646278091200, -9.480639424082953700 ) ) ;
#750 = CARTESIAN_POINT ( 'NONE',  ( 3.249998048190042800, -0.5539766640970199600, -9.342634395423530700 ) ) ;
#751 = CARTESIAN_POINT ( 'NONE',  ( 3.249998048190043700, -0.6759971776614368500, -9.261102894871845200 ) ) ;
#752 = CARTESIAN_POINT ( 'NONE',  ( 1.307628641347463100, 1.574783178251930800, -30.43435487498880600 ) ) ;
#753 = CARTESIAN_POINT ( 'NONE',  ( 1.446018888155039800, 1.631591748730471400, -30.35726579357544400 ) ) ;
#754 = CARTESIAN_POINT ( 'NONE',  ( 2.999998048190043200, -0.5442778151500677900, -5.900441593343120200 ) ) ;
#755 = CARTESIAN_POINT ( 'NONE',  ( 2.999998048190045500, 3.344315745492830900, -25.56181746882561300 ) ) ;
#756 = CARTESIAN_POINT ( 'NONE',  ( 1.742596862270510400, 1.780101355279100500, -30.15564028763597200 ) ) ;
#757 = CARTESIAN_POINT ( 'NONE',  ( 0.4343544809832864400, 1.333900681036219300, -30.76070911382926100 ) ) ;
#758 = CARTESIAN_POINT ( 'NONE',  ( 2.999859875077550300, 3.711308901277741200, -27.53961064163140900 ) ) ;
#759 = CARTESIAN_POINT ( 'NONE',  ( -1.951809957714610500E-006, 1.333902647580250900, -30.76071901684928300 ) ) ;
#760 = CARTESIAN_POINT ( 'NONE',  ( -28.69459271066770300, -1.040834085586084300E-014, 0.7499999999999997800 ) ) ;
#761 = CARTESIAN_POINT ( 'NONE',  ( 2.318467610141538200, 2.214512262360855700, -29.56760033260794500 ) ) ;
#762 = CARTESIAN_POINT ( 'NONE',  ( 2.072625805045478700, 1.562659123724540600, -5.375040147444385900 ) ) ;
#763 = CARTESIAN_POINT ( 'NONE',  ( 3.249998048190044100, -0.6759971776614365200, -7.501835841595850600 ) ) ;
#764 = CARTESIAN_POINT ( 'NONE',  ( 3.249998048190043200, 4.214310970508672300E-006, -9.481469368233849300 ) ) ;
#765 = CARTESIAN_POINT ( 'NONE',  ( 2.759946132441164500, 0.6142683897500208500, -5.612213792636286100 ) ) ;
#766 = CARTESIAN_POINT ( 'NONE',  ( 3.249998048190044100, -1.099995785689030300, -8.237479704944314900 ) ) ;
#767 = CARTESIAN_POINT ( 'NONE',  ( -3.000001951809958100, 0.04934461358526687900, -9.479807954382268400 ) ) ;
#768 = CARTESIAN_POINT ( 'NONE',  ( 28.15387530700556700, 0.0000000000000000000, 0.7499999999999996700 ) ) ;
#769 = CARTESIAN_POINT ( 'NONE',  ( 3.249998048190044100, -0.8796293123270285700, -9.057470760206257400 ) ) ;
#770 = CARTESIAN_POINT ( 'NONE',  ( 28.69459271066770300, -4.336808689942017700E-016, 1.749999999999999800 ) ) ;
#771 = CARTESIAN_POINT ( 'NONE',  ( 0.0000000000000000000, -20.00000000000000000, -0.7499999999999997800 ) ) ;
#772 = CARTESIAN_POINT ( 'NONE',  ( 3.249998048190044100, -0.2879184584842378600, -7.310099423898701200 ) ) ;
#773 = CARTESIAN_POINT ( 'NONE',  ( -3.000001951809958100, 0.07401860086800912700, -9.478976484649313900 ) ) ;
#774 = CARTESIAN_POINT ( 'NONE',  ( -28.69459271066770300, -1.040834085586084300E-014, 1.749999999999999800 ) ) ;
#775 = CARTESIAN_POINT ( 'NONE',  ( 2.991846390398501300, 4.214310970508672300E-006, -7.281469368233847400 ) ) ;
#776 = CARTESIAN_POINT ( 'NONE',  ( 2.999998048190042800, 0.1700221901120032600, -9.469319938790652800 ) ) ;
#777 = CARTESIAN_POINT ( 'NONE',  ( 3.249998048190044100, -0.9611608128787136900, -7.827488489825858800 ) ) ;
#778 = CARTESIAN_POINT ( 'NONE',  ( 2.488326621273985000, 1.128732497683195400, -5.483835545027500500 ) ) ;
#779 = CARTESIAN_POINT ( 'NONE',  ( 28.69459271066770600, 0.0000000000000000000, 1.164213562373094500 ) ) ;
#780 = CARTESIAN_POINT ( 'NONE',  ( 2.963015785365624500, 0.2691940536557994000, -7.306304739794931000 ) ) ;
#781 = CARTESIAN_POINT ( 'NONE',  ( 2.875353792577747000, 0.6851405189973478500, -7.518169281238027000 ) ) ;
#782 = CARTESIAN_POINT ( 'NONE',  ( 2.836125727738935300, 0.8380612808362115600, -7.655870520418285500 ) ) ;
#783 = CARTESIAN_POINT ( 'NONE',  ( 2.927244671141266100, 0.4593133155611156000, -7.379643350030534100 ) ) ;
#784 = CARTESIAN_POINT ( 'NONE',  ( 2.785111920967411800, 1.042207032816596200, -8.004001035955285600 ) ) ;
#785 = CARTESIAN_POINT ( 'NONE',  ( 2.780003141821989900, 1.080888993308988000, -8.136112031622197100 ) ) ;
#786 = CARTESIAN_POINT ( 'NONE',  ( 2.808080245071412400, 1.090625150123195800, -8.540890985802164400 ) ) ;
#787 = CARTESIAN_POINT ( 'NONE',  ( 3.249998048190043200, -1.071365730024177500, -8.093546695438639900 ) ) ;
#788 = CARTESIAN_POINT ( 'NONE',  ( 2.995901958803827800, -0.2485428507255091100, -5.826724385505277000 ) ) ;
#789 = CARTESIAN_POINT ( 'NONE',  ( 3.249998048190043700, -0.1439854489785616900, -7.281469368233847400 ) ) ;
#790 = CARTESIAN_POINT ( 'NONE',  ( 2.999840616895685900, -0.5020540275626036400, -5.889913502128913500 ) ) ;
#791 = DIRECTION ( 'NONE',  ( -1.000000000000000000, 0.0000000000000000000, 0.0000000000000000000 ) ) ;
#792 = CARTESIAN_POINT ( 'NONE',  ( 2.840282264963574400, 0.4202094781609641000, -5.660516031009199100 ) ) ;
#793 = CARTESIAN_POINT ( 'NONE',  ( 3.249998048190043200, -0.8796293123270285700, -7.705467976261442000 ) ) ;
#794 = CARTESIAN_POINT ( 'NONE',  ( 27.38918542133542600, -6.605701994467986400E-016, 0.7499999999999997800 ) ) ;
#795 = CARTESIAN_POINT ( 'NONE',  ( 2.888373416388969600, 0.6326229205438130800, -7.478920065267465700 ) ) ;
#796 = CARTESIAN_POINT ( 'NONE',  ( 2.981809716476916200, 0.1362691853093533600, -7.281481557567095000 ) ) ;
#797 = DIRECTION ( 'NONE',  ( 1.000000000000000000, 0.0000000000000000000, 0.0000000000000000000 ) ) ;
#798 = CARTESIAN_POINT ( 'NONE',  ( 2.958310041737545400, -0.01113785095877553100, -5.767759751979842700 ) ) ;
#799 = DIRECTION ( 'NONE',  ( 0.0000000000000000000, 0.0000000000000000000, -1.000000000000000000 ) ) ;
#800 = CARTESIAN_POINT ( 'NONE',  ( 2.793374187020678500, 1.101927424599063300, -8.406656526072012500 ) ) ;
#801 = DIRECTION ( 'NONE',  ( -0.6427876096865435800, 0.7660444431189744600, -0.0000000000000000000 ) ) ;
#802 = CARTESIAN_POINT ( 'NONE',  ( 28.69459271066770300, -4.336808689942017700E-016, 0.7499999999999997800 ) ) ;
#803 = CARTESIAN_POINT ( 'NONE',  ( 2.999998048190042800, 0.1221273309212401500, -9.475732097355901800 ) ) ;
#804 = CARTESIAN_POINT ( 'NONE',  ( 3.249998048190043200, 4.214310970508672300E-006, -7.281469368233847400 ) ) ;
#805 = CARTESIAN_POINT ( 'NONE',  ( 2.914425308027719400, 0.5192950689840631900, -7.409283099133356000 ) ) ;
#806 = CARTESIAN_POINT ( 'NONE',  ( 3.249998048190043200, -0.5539766640970190700, -7.420304341044164300 ) ) ;
#807 = CARTESIAN_POINT ( 'NONE',  ( 3.249998048190043700, -1.099995785689030600, -8.525459031523380900 ) ) ;
#808 = CARTESIAN_POINT ( 'NONE',  ( 3.249998048190043700, -0.9611608128787139100, -8.935450246641840600 ) ) ;
#809 = CARTESIAN_POINT ( 'NONE',  ( 2.999998048190043200, 0.07401860086801075000, -9.478976484649310300 ) ) ;
#810 = CARTESIAN_POINT ( 'NONE',  ( 2.813939504955737200, 0.9182304200825715000, -7.760580028747583900 ) ) ;
#811 = CARTESIAN_POINT ( 'NONE',  ( 3.249998048190044100, -1.071365730024177700, -8.669392041029055900 ) ) ;
#812 = CARTESIAN_POINT ( 'NONE',  ( 2.999998048190043200, 0.2172901219672359300, -9.459795308909484400 ) ) ;
#813 = CARTESIAN_POINT ( 'NONE',  ( 2.817900584100640100, 1.078228077542306300, -8.609412477806808200 ) ) ;
#814 = CARTESIAN_POINT ( 'NONE',  ( 2.788202903057976900, 1.101301473590852600, -8.339251324542889400 ) ) ;
#815 = CARTESIAN_POINT ( 'NONE',  ( 2.269001016510389800, 1.380365131241650100, -5.420498485630790100 ) ) ;
#816 = CARTESIAN_POINT ( 'NONE',  ( 3.249998048190043200, 4.214310970643383600E-006, -7.281469368233847400 ) ) ;
#817 = CARTESIAN_POINT ( 'NONE',  ( 2.930617754697910200, 0.8053343054084626300, -9.142952442140524400 ) ) ;
#818 = DIRECTION ( 'NONE',  ( 0.0000000000000000000, 0.0000000000000000000, 1.000000000000000000 ) ) ;
#819 = DIRECTION ( 'NONE',  ( -0.0000000000000000000, -1.000000000000000000, -1.156482317317874300E-015 ) ) ;
#820 = CARTESIAN_POINT ( 'NONE',  ( -1.951809957214641700E-006, 2.369988581077598200, -5.173718476926563200 ) ) ;
#821 = CARTESIAN_POINT ( 'NONE',  ( -0.7338011188742712400, 2.305673160198984800, -5.189907081418286200 ) ) ;
#822 = CARTESIAN_POINT ( 'NONE',  ( 2.990228850139266600, 0.4778366848869196000, -9.381792279610367700 ) ) ;
#823 = CARTESIAN_POINT ( 'NONE',  ( 2.999998048190043200, 0.2172901219672359300, -9.459795308909484400 ) ) ;
#824 = DIRECTION ( 'NONE',  ( 1.000000000000000000, 0.0000000000000000000, 0.0000000000000000000 ) ) ;
#825 = CARTESIAN_POINT ( 'NONE',  ( -1.444463684336479500, 2.036694206297931400, -5.256988317679115700 ) ) ;
#826 = CARTESIAN_POINT ( 'NONE',  ( -1.782727855744257600, 1.831773452186606500, -5.307932028472219300 ) ) ;
#827 = CARTESIAN_POINT ( 'NONE',  ( 2.501251447401263500, 1.901049906601793400, -26.71891270278803500 ) ) ;
#828 = CARTESIAN_POINT ( 'NONE',  ( 2.920947320749508700, -1.208872095591379200, -6.066169759875911900 ) ) ;
#829 = CARTESIAN_POINT ( 'NONE',  ( 2.494617194718771600, 1.977997450579959100, -27.15739061170765500 ) ) ;
#830 = CARTESIAN_POINT ( 'NONE',  ( 30.00000000000000000, 1.499999999999996400, -7.900000000000002100 ) ) ;
#831 = CARTESIAN_POINT ( 'NONE',  ( 30.00000000000000000, 0.0000000000000000000, 7.900000000000000400 ) ) ;
#832 = DIRECTION ( 'NONE',  ( 0.0000000000000000000, 0.0000000000000000000, -1.000000000000000000 ) ) ;
#833 = DIRECTION ( 'NONE',  ( -1.000000000000000000, 0.0000000000000000000, 0.0000000000000000000 ) ) ;
#834 = CARTESIAN_POINT ( 'NONE',  ( 30.00000000000000000, 0.0000000000000000000, -7.900000000000000400 ) ) ;
#835 = CARTESIAN_POINT ( 'NONE',  ( -4.250000000000000000, -20.00000000000000000, -7.900025000000001200 ) ) ;
#836 = CARTESIAN_POINT ( 'NONE',  ( 2.514341553655101700, 1.747270701339514300, -25.84193387293631300 ) ) ;
#837 = CARTESIAN_POINT ( 'NONE',  ( 2.850684629996255800, 1.024478278616804700, -8.804068528029514300 ) ) ;
#838 = CARTESIAN_POINT ( 'NONE',  ( -2.072629708679259300, 1.562659123711851700, -5.375040147447550400 ) ) ;
#839 = DIRECTION ( 'NONE',  ( -0.0000000000000000000, -0.0000000000000000000, 1.000000000000000000 ) ) ;
#840 = DIRECTION ( 'NONE',  ( -0.0000000000000000000, -0.0000000000000000000, 1.000000000000000000 ) ) ;
#841 = CARTESIAN_POINT ( 'NONE',  ( 2.999998048190043700, 0.3519764892538512200, -9.432642826071647900 ) ) ;
#842 = CARTESIAN_POINT ( 'NONE',  ( 0.0000000000000000000, -20.00000000000000000, -0.7499999999999997800 ) ) ;
#843 = CARTESIAN_POINT ( 'NONE',  ( -7.163709525759334600, -25.65950738734053300, 0.7499999999999997800 ) ) ;
#844 = DIRECTION ( 'NONE',  ( 0.6427876096865436900, -0.7660444431189744600, 0.0000000000000000000 ) ) ;
#845 = CARTESIAN_POINT ( 'NONE',  ( 2.877654824657982100, 0.9661916242401446000, -8.924488399943040700 ) ) ;
#846 = CARTESIAN_POINT ( 'NONE',  ( 3.249998048190043200, 4.214310970508672300E-006, -9.481469368233849300 ) ) ;
#847 = DIRECTION ( 'NONE',  ( 1.000000000000000000, 0.0000000000000000000, 0.0000000000000000000 ) ) ;
#848 = CARTESIAN_POINT ( 'NONE',  ( 2.954575093384377300, 0.7096380315746067000, -9.233151806538014500 ) ) ;
#849 = DIRECTION ( 'NONE',  ( -0.0000000000000000000, -0.0000000000000000000, -1.000000000000000000 ) ) ;
#850 = CARTESIAN_POINT ( 'NONE',  ( 7.163709525759339900, -25.65950738734053300, 1.749999999999999800 ) ) ;
#851 = CARTESIAN_POINT ( 'NONE',  ( -1.951809957241157200E-006, 4.214311183012298100E-006, -9.495740525269566500E-006 ) ) ;
#852 = CARTESIAN_POINT ( 'NONE',  ( 2.507826390028703700, 1.824141222707194700, -26.28042707702393300 ) ) ;
#853 = CARTESIAN_POINT ( 'NONE',  ( 30.00000000000000000, 7.347880794884118400E-015, 3.750000000000000000 ) ) ;
#854 = DIRECTION ( 'NONE',  ( 0.0000000000000000000, 0.0000000000000000000, -1.000000000000000000 ) ) ;
#855 = CARTESIAN_POINT ( 'NONE',  ( 30.00000000000000000, 0.0000000000000000000, 7.900000000000000400 ) ) ;
#856 = CARTESIAN_POINT ( 'NONE',  ( 2.999998048190045900, -0.7677948683628680300, -5.956078621675462000 ) ) ;
#857 = CARTESIAN_POINT ( 'NONE',  ( 2.999998048190043200, -0.5442778151500677900, -5.900441593343120200 ) ) ;
#858 = DIRECTION ( 'NONE',  ( 1.000000000000000000, 0.0000000000000000000, 0.0000000000000000000 ) ) ;
#859 = CARTESIAN_POINT ( 'NONE',  ( -0.3617163236679349400, 2.369988581077597400, -5.173718476926564900 ) ) ;
#860 = DIRECTION ( 'NONE',  ( -0.0000000000000000000, -0.0000000000000000000, 1.000000000000000000 ) ) ;
#861 = CARTESIAN_POINT ( 'NONE',  ( 2.973415131625759300, -0.9913014096238816900, -6.011713562541957300 ) ) ;
#862 = CARTESIAN_POINT ( 'NONE',  ( -30.00000000000000000, 0.0000000000000000000, -3.750000000000000000 ) ) ;
#863 = DIRECTION ( 'NONE',  ( -0.6427876096865433600, -0.7660444431189745700, -0.0000000000000000000 ) ) ;
#864 = DIRECTION ( 'NONE',  ( 0.0000000000000000000, 0.0000000000000000000, 1.000000000000000000 ) ) ;
#865 = DIRECTION ( 'NONE',  ( 0.6427876096865433600, 0.7660444431189745700, 0.0000000000000000000 ) ) ;
#866 = CARTESIAN_POINT ( 'NONE',  ( 0.7951713365587694800, -8.005851409806329100, 3.981510819635835300 ) ) ;
#867 = DIRECTION ( 'NONE',  ( 0.0000000000000000000, 1.000000000000000000, -1.156482317317874300E-015 ) ) ;
#868 = CARTESIAN_POINT ( 'NONE',  ( 2.072625805045478700, 1.562659123724540600, -5.375040147444385900 ) ) ;
#869 = CARTESIAN_POINT ( 'NONE',  ( 0.7273103894385778400, -7.850476294875893000, 4.000002736295573200 ) ) ;
#870 = CARTESIAN_POINT ( 'NONE',  ( -7.163709525759328400, -25.65950738734054000, -1.749999999999999800 ) ) ;
#871 = CARTESIAN_POINT ( 'NONE',  ( 7.163709525759339900, -25.65950738734053300, 3.750000000000000000 ) ) ;
#872 = DIRECTION ( 'NONE',  ( -1.000000000000000000, -0.0000000000000000000, -0.0000000000000000000 ) ) ;
#873 = DIRECTION ( 'NONE',  ( 0.0000000000000000000, 1.000000000000000000, -1.156482317317874300E-015 ) ) ;
#874 = CARTESIAN_POINT ( 'NONE',  ( 0.4998471476240365900, -7.580582592737329200, 4.000004906017814200 ) ) ;
#875 = CARTESIAN_POINT ( 'NONE',  ( 0.6716898397120436600, -8.006257646412429100, 3.949990504259474700 ) ) ;
#876 = DIRECTION ( 'NONE',  ( 0.6427876096865435800, -0.7660444431189744600, 0.0000000000000000000 ) ) ;
#877 = CARTESIAN_POINT ( 'NONE',  ( -0.1505702245866433800, -3.458650850747955200, -6.626627700772841600 ) ) ;
#878 = CARTESIAN_POINT ( 'NONE',  ( 0.4412070357163104300, -7.511790710396820000, 4.000003502321677100 ) ) ;
#879 = DIRECTION ( 'NONE',  ( -0.0000000000000000000, -0.7071067811865435800, 0.7071067811865513500 ) ) ;
#880 = CARTESIAN_POINT ( 'NONE',  ( 0.4362606663890103400, -7.505997567077145900, 4.000003401184794200 ) ) ;
#881 = CARTESIAN_POINT ( 'NONE',  ( -0.3011372089737239800, -3.447618230818635200, -6.623878655068908800 ) ) ;
#882 = CARTESIAN_POINT ( 'NONE',  ( -30.00000000000000000, 1.499999999999996400, -7.900000000000002100 ) ) ;
#883 = CARTESIAN_POINT ( 'NONE',  ( 0.6212006497696167500, -7.723949228975892600, 4.000006690132255300 ) ) ;
#884 = CARTESIAN_POINT ( 'NONE',  ( 30.00000000000000000, 1.499999999999996400, 7.900000000000002100 ) ) ;
#885 = CARTESIAN_POINT ( 'NONE',  ( 0.4658092080357912300, -7.540624654776358700, 4.000004075610364800 ) ) ;
#886 = CARTESIAN_POINT ( 'NONE',  ( -1.098514742614264100, -8.006257646412429100, 3.949990504259474700 ) ) ;
#887 = CARTESIAN_POINT ( 'NONE',  ( 30.00000000000000000, 4.499999999999997300, -4.899999999999968400 ) ) ;
#888 = CARTESIAN_POINT ( 'NONE',  ( 0.4486140515178241300, -7.520467662010303500, 4.000003662246499800 ) ) ;
#889 = DIRECTION ( 'NONE',  ( -1.000000000000000000, -0.0000000000000000000, -0.0000000000000000000 ) ) ;
#890 = CARTESIAN_POINT ( 'NONE',  ( 0.7337704040640660200, -8.005838099216882500, 3.964814466705250500 ) ) ;
#891 = CARTESIAN_POINT ( 'NONE',  ( 0.3385407902472025700, -7.391598259842735900, 4.000001654693532400 ) ) ;
#892 = DIRECTION ( 'NONE',  ( -1.000000000000000000, -0.0000000000000000000, -0.0000000000000000000 ) ) ;
#893 = CARTESIAN_POINT ( 'NONE',  ( 0.8557231800233802100, -8.006257646412432600, 3.999990504259477200 ) ) ;
#894 = CARTESIAN_POINT ( 'NONE',  ( 1.804263857040568700, 1.804368243898234700, -5.314765765765923100 ) ) ;
#895 = CARTESIAN_POINT ( 'NONE',  ( -30.00000000000000000, 1.499999999999996400, 7.900000000000002100 ) ) ;
#896 = CARTESIAN_POINT ( 'NONE',  ( 0.7936738920517184500, -7.930554716176022400, 3.999990694418757100 ) ) ;
#897 = CARTESIAN_POINT ( 'NONE',  ( 0.8557231800233802100, -8.006257646412432600, 3.999990504259477200 ) ) ;
#898 = CARTESIAN_POINT ( 'NONE',  ( 30.00000000000000000, 4.499999999999997300, -4.899999999999968400 ) ) ;
#899 = CARTESIAN_POINT ( 'NONE',  ( -2.833661741436725600E-006, -6.999995785688817300, 3.999990504259538100 ) ) ;
#900 = CARTESIAN_POINT ( 'NONE',  ( 0.5665074778208589700, -7.659080249183988400, 4.000006540677908600 ) ) ;
#901 = DIRECTION ( 'NONE',  ( -1.000000000000000000, 0.0000000000000000000, -0.0000000000000000000 ) ) ;
#902 = CARTESIAN_POINT ( 'NONE',  ( -30.00000000000000000, 0.0000000000000000000, -7.900000000000000400 ) ) ;
#903 = CARTESIAN_POINT ( 'NONE',  ( 30.00000000000000000, 4.499999999999997300, 4.899999999999968400 ) ) ;
#904 = CARTESIAN_POINT ( 'NONE',  ( 0.4327511545708204700, -7.501888426549519400, 4.000003334952000800 ) ) ;
#905 = CARTESIAN_POINT ( 'NONE',  ( -0.4500019518099575600, -3.425572191649583600, -6.618942561996391300 ) ) ;
#906 = CARTESIAN_POINT ( 'NONE',  ( 0.1948107350945237300, -7.224814853793601400, 3.999990504262461100 ) ) ;
#907 = DIRECTION ( 'NONE',  ( 0.0000000000000000000, 0.7071067811865435800, 0.7071067811865513500 ) ) ;
#908 = CARTESIAN_POINT ( 'NONE',  ( -1.951809957021747300E-006, -3.458544211377713800, -6.627164709759677300 ) ) ;
#909 = DIRECTION ( 'NONE',  ( -0.0000000000000000000, -0.7071067811865435800, 0.7071067811865513500 ) ) ;
#910 = CARTESIAN_POINT ( 'NONE',  ( -0.7316110942560439800, -7.854830540752542100, 3.999990884631396100 ) ) ;
#911 = CARTESIAN_POINT ( 'NONE',  ( -2.920951224369424000, -1.208872095591379600, -6.066169759875911900 ) ) ;
#912 = CARTESIAN_POINT ( 'NONE',  ( 0.1328624735426036100, -7.630551701830214900, 3.949990504259478300 ) ) ;
#913 = CARTESIAN_POINT ( 'NONE',  ( 0.8195489900685949400, 2.249657391782152500, -5.203725156137526400 ) ) ;
#914 = CARTESIAN_POINT ( 'NONE',  ( -1.951809957241157200E-006, -18.77016655590738400, -32.66268623123644900 ) ) ;
#915 = DIRECTION ( 'NONE',  ( -0.0000000000000000000, -0.1947769387067119200, -0.9808475641750057400 ) ) ;
#916 = DIRECTION ( 'NONE',  ( 0.0000000000000000000, 0.9808475641750055200, -0.1947769387067123700 ) ) ;
#917 = CARTESIAN_POINT ( 'NONE',  ( 30.00000000000000000, 0.0000000000000000000, 7.900000000000000400 ) ) ;
#918 = CARTESIAN_POINT ( 'NONE',  ( -0.2899440515844895500, -7.335189422666616100, 4.000010424752452400 ) ) ;
#919 = CARTESIAN_POINT ( 'NONE',  ( -2.072629708679259300, 1.562659123711851700, -5.375040147447550400 ) ) ;
#920 = CARTESIAN_POINT ( 'NONE',  ( 0.5756071709123754500, -7.916832582766717000, 3.949990504259473800 ) ) ;
#921 = DIRECTION ( 'NONE',  ( 0.0000000000000000000, 0.0000000000000000000, -1.000000000000000000 ) ) ;
#922 = CARTESIAN_POINT ( 'NONE',  ( -2.841481707281517700, -1.538469658329516100, -6.148360598087233300 ) ) ;
#923 = CARTESIAN_POINT ( 'NONE',  ( -0.3879410052597568300, -7.449452098780626300, 4.000005798168101200 ) ) ;
#924 = CARTESIAN_POINT ( 'NONE',  ( -0.4254438688506974600, -7.493329476219004800, 4.000003331187683000 ) ) ;
#925 = CARTESIAN_POINT ( 'NONE',  ( -0.4283933476026841600, -7.496782061087110100, 4.000003309802718100 ) ) ;
#926 = CARTESIAN_POINT ( 'NONE',  ( 6.397665082640364700, -25.01671977765398900, 1.749999999999999800 ) ) ;
#927 = CARTESIAN_POINT ( 'NONE',  ( 1.499586091479113900, 1.990258491272087300, -5.268410792844493400 ) ) ;
#928 = DIRECTION ( 'NONE',  ( -1.000000000000000000, 0.0000000000000000000, 0.0000000000000000000 ) ) ;
#929 = CARTESIAN_POINT ( 'NONE',  ( -0.1321758312345333000, -7.630358211830919200, 3.949990504259476500 ) ) ;
#930 = CARTESIAN_POINT ( 'NONE',  ( -6.000001951809958100, 2.168223031945546900, -4.157678032325230300 ) ) ;
#931 = CARTESIAN_POINT ( 'NONE',  ( 0.09999804819004248800, 2.314700162108529000, -5.187505607776008900 ) ) ;
#932 = DIRECTION ( 'NONE',  ( -0.0000000000000000000, -1.000000000000000000, -1.156482317317874300E-015 ) ) ;
#933 = CARTESIAN_POINT ( 'NONE',  ( -0.3226712572380659400, -7.373277420823972900, 4.000010710878359400 ) ) ;
#934 = CARTESIAN_POINT ( 'NONE',  ( -0.4103144477287119500, -7.475622682050397000, 4.000003909205174700 ) ) ;
#935 = CARTESIAN_POINT ( 'NONE',  ( 0.4754739743486093300, -7.830957486139800100, 3.949990504259355300 ) ) ;
#936 = CARTESIAN_POINT ( 'NONE',  ( -0.4209826990194696600, -7.488107622234371900, 4.000003413003260500 ) ) ;
#937 = CARTESIAN_POINT ( 'NONE',  ( 0.2560918525785887400, -7.688264169035024400, 3.949990504259354400 ) ) ;
#938 = CARTESIAN_POINT ( 'NONE',  ( 2.406240082761412900E-015, -19.64844136641463400, -0.7499999999999997800 ) ) ;
#939 = CARTESIAN_POINT ( 'NONE',  ( -1.951809957295679800E-006, -4.168214603066414400, -3.053443510125598800 ) ) ;
#940 = CARTESIAN_POINT ( 'NONE',  ( -0.09738557165839378800, -7.112378256996934500, 3.999990561512631000 ) ) ;
#941 = CARTESIAN_POINT ( 'NONE',  ( 0.6716898397120436600, -8.006257646412429100, 3.949990504259474700 ) ) ;
#942 = CARTESIAN_POINT ( 'NONE',  ( -6.000001951809958100, -4.168214603066415300, -3.053443510125598800 ) ) ;
#943 = CARTESIAN_POINT ( 'NONE',  ( -0.5901059004705304600, -7.686096872690992400, 4.000006028187417700 ) ) ;
#944 = CARTESIAN_POINT ( 'NONE',  ( -2.269004920617451400, 1.380365130789084700, -5.420498485754047000 ) ) ;
#945 = CARTESIAN_POINT ( 'NONE',  ( -0.1821384004865312700, -7.210115348702944800, 4.000001599889595000 ) ) ;
#946 = CARTESIAN_POINT ( 'NONE',  ( -30.00000000000000000, 0.0000000000000000000, 7.900000000000000400 ) ) ;
#947 = CARTESIAN_POINT ( 'NONE',  ( -0.2553534390399466700, -7.687812868391635100, 3.949990504259475600 ) ) ;
#948 = CARTESIAN_POINT ( 'NONE',  ( 0.4663591592073246300, 2.314571465309288800, -5.187537700565859400 ) ) ;
#949 = CARTESIAN_POINT ( 'NONE',  ( -0.6716937433322790500, -8.006257646412438000, 3.949990504259503600 ) ) ;
#950 = CARTESIAN_POINT ( 'NONE',  ( -0.3669809238171225000, -7.424967871926631000, 4.000007878882826200 ) ) ;
#951 = DIRECTION ( 'NONE',  ( 0.6427876096865434700, 0.7660444431189745700, -1.542691801649866400E-015 ) ) ;
#952 = DIRECTION ( 'NONE',  ( -1.000000000000000000, -0.0000000000000000000, -0.0000000000000000000 ) ) ;
#953 = CARTESIAN_POINT ( 'NONE',  ( -0.8557270836432884200, -8.006257646412429100, 3.999990504259474600 ) ) ;
#954 = CARTESIAN_POINT ( 'NONE',  ( -1.951809956819240300E-006, 2.168223031945545600, -4.157678032325232000 ) ) ;
#955 = CARTESIAN_POINT ( 'NONE',  ( -0.4288246336140135200, -7.497286889678505000, 4.000003298225588600 ) ) ;
#956 = CARTESIAN_POINT ( 'NONE',  ( -0.5755297718234258000, -7.916756913553879100, 3.949990504259475600 ) ) ;
#957 = CARTESIAN_POINT ( 'NONE',  ( -0.4757697410105872800, -7.831115861030394100, 3.949990504259474700 ) ) ;
#958 = CARTESIAN_POINT ( 'NONE',  ( -2.833661741436725600E-006, -6.999995785688817300, 3.999990504259538100 ) ) ;
#959 = CARTESIAN_POINT ( 'NONE',  ( -2.148184281688848800, -2.578793415387432100, -6.407765712035208900 ) ) ;
#960 = CARTESIAN_POINT ( 'NONE',  ( 4.250000000000000000, -20.00000000000000000, -7.900025000000001200 ) ) ;
#961 = CARTESIAN_POINT ( 'NONE',  ( -1.549552057920738200, -3.056392331154417400, -6.526819489428142200 ) ) ;
#962 = CARTESIAN_POINT ( 'NONE',  ( -2.488330525468755100, 1.128732496877253000, -5.483835545237243800 ) ) ;
#963 = DIRECTION ( 'NONE',  ( -1.000000000000000000, -1.224646799147353200E-016, -0.0000000000000000000 ) ) ;
#964 = CARTESIAN_POINT ( 'NONE',  ( -2.995905862428543300, -0.2485428510473567400, -5.826724385585682100 ) ) ;
#965 = CARTESIAN_POINT ( 'NONE',  ( -2.999844520515599500, -0.5020540275626008700, -5.889913502128923300 ) ) ;
#966 = DIRECTION ( 'NONE',  ( -0.0000000000000000000, -0.0000000000000000000, 1.000000000000000000 ) ) ;
#967 = CARTESIAN_POINT ( 'NONE',  ( -0.4500019518099575600, -3.425572191649583600, -6.618942561996391300 ) ) ;
#968 = DIRECTION ( 'NONE',  ( -0.7660444431189745700, 0.6427876096865434700, 0.0000000000000000000 ) ) ;
#969 = DIRECTION ( 'NONE',  ( 1.000000000000000000, 0.0000000000000000000, 0.0000000000000000000 ) ) ;
#970 = DIRECTION ( 'NONE',  ( -1.000000000000000000, -1.224646799147353200E-016, -0.0000000000000000000 ) ) ;
#971 = CARTESIAN_POINT ( 'NONE',  ( -6.397665082640358500, -25.01671977765398900, -1.749999999999999800 ) ) ;
#972 = CARTESIAN_POINT ( 'NONE',  ( -28.69459271066770600, 0.0000000000000000000, -1.164213562373091100 ) ) ;
#973 = CARTESIAN_POINT ( 'NONE',  ( 30.00000000000000000, 7.347880794884118400E-015, -3.750000000000000000 ) ) ;
#974 = DIRECTION ( 'NONE',  ( 0.6427876096865434700, -0.7660444431189745700, 0.0000000000000000000 ) ) ;
#975 = DIRECTION ( 'NONE',  ( 0.7660444431189745700, 0.6427876096865434700, 0.0000000000000000000 ) ) ;
#976 = CARTESIAN_POINT ( 'NONE',  ( -30.00000000000000000, 0.0000000000000000000, 3.750000000000000000 ) ) ;
#977 = CARTESIAN_POINT ( 'NONE',  ( -2.840286168873386700, 0.4202094773183303600, -5.660516031221916900 ) ) ;
#978 = CARTESIAN_POINT ( 'NONE',  ( -2.709033358899345200, -1.829258785210798400, -6.220723605595931200 ) ) ;
#979 = DIRECTION ( 'NONE',  ( -1.000000000000000000, -1.224646799147353200E-016, -0.0000000000000000000 ) ) ;
#980 = CARTESIAN_POINT ( 'NONE',  ( -1.806281413639640600, -2.890733867811416900, -6.485571488666815700 ) ) ;
#981 = CARTESIAN_POINT ( 'NONE',  ( -2.958313945451292800, -0.01113785151775597800, -5.767759752119708600 ) ) ;
#982 = DIRECTION ( 'NONE',  ( 0.0000000000000000000, 0.0000000000000000000, 1.000000000000000000 ) ) ;
#983 = CARTESIAN_POINT ( 'NONE',  ( -28.15387530700556700, 0.0000000000000000000, -0.7499999999999952300 ) ) ;
#984 = CARTESIAN_POINT ( 'NONE',  ( -28.69459271066770300, -1.040834085586084300E-014, -1.749999999999999800 ) ) ;
#985 = CARTESIAN_POINT ( 'NONE',  ( -2.759950036457417000, 0.6142683888594983000, -5.612213792862668500 ) ) ;
#986 = CARTESIAN_POINT ( 'NONE',  ( -0.7300800096425296100, -3.384294106113453300, -6.608648946295111200 ) ) ;
#987 = CARTESIAN_POINT ( 'NONE',  ( -1.011403119017237000, -3.303127424277410000, -6.588349276963111100 ) ) ;
#988 = CARTESIAN_POINT ( 'NONE',  ( 2.999998048190043200, -12.99999578578139600, -3.605560771050429800 ) ) ;
#989 = CARTESIAN_POINT ( 'NONE',  ( -2.114460050311515600, -2.612019468447878800, -6.416060581915562700 ) ) ;
#990 = DIRECTION ( 'NONE',  ( 0.6427876096865434700, 0.7660444431189745700, -0.0000000000000000000 ) ) ;
#991 = CARTESIAN_POINT ( 'NONE',  ( 30.00000000000000000, 0.0000000000000000000, 7.900000000000000400 ) ) ;
#992 = CARTESIAN_POINT ( 'NONE',  ( -2.390400725578960100, -2.310177444129421600, -6.340687819251089200 ) ) ;
#993 = CARTESIAN_POINT ( 'NONE',  ( -2.259652833822627800, -2.462350555819091000, -6.378688053722248300 ) ) ;
#994 = CARTESIAN_POINT ( 'NONE',  ( -30.00000000000000000, 0.0000000000000000000, -3.750000000000000000 ) ) ;
#995 = DIRECTION ( 'NONE',  ( 0.0000000000000000000, 0.0000000000000000000, -1.000000000000000000 ) ) ;
#996 = CARTESIAN_POINT ( 'NONE',  ( -2.042499270746891000, -2.678821764378898500, -6.432727322664916000 ) ) ;
#997 = CARTESIAN_POINT ( 'NONE',  ( -27.38918542133541600, -1.018145152540824400E-014, -0.7499999999999997800 ) ) ;
#998 = CARTESIAN_POINT ( 'NONE',  ( -2.074940409052328200, -2.649163309662510500, -6.425329248415123700 ) ) ;
#999 = CARTESIAN_POINT ( 'NONE',  ( 2.406240082761412900E-015, -19.64844136641463400, -3.750000000000000000 ) ) ;
#1000 = CARTESIAN_POINT ( 'NONE',  ( -30.00000000000000000, 0.0000000000000000000, -3.750000000000000000 ) ) ;
#1001 = CARTESIAN_POINT ( 'NONE',  ( -2.474582800653626800, -2.198172324519899900, -6.312727730887137200 ) ) ;
#1002 = CARTESIAN_POINT ( 'NONE',  ( -2.215316890735126600, -2.510445439803985000, -6.390700056834149700 ) ) ;
#1003 = CARTESIAN_POINT ( 'NONE',  ( -2.057976365450342500, -2.664739504240222900, -6.429214857826693200 ) ) ;
#1004 = CARTESIAN_POINT ( 'NONE',  ( -2.046662130804165300, -2.675048011754729900, -6.431786103974493700 ) ) ;
#1005 = DIRECTION ( 'NONE',  ( 0.0000000000000000000, 0.0000000000000000000, 1.000000000000000000 ) ) ;
#1006 = CARTESIAN_POINT ( 'NONE',  ( 30.00000000000000000, 1.499999999999996400, -7.900000000000002100 ) ) ;
#1007 = CARTESIAN_POINT ( 'NONE',  ( -28.69459271066770300, -1.040834085586084300E-014, 1.749999999999999800 ) ) ;
#1008 = CARTESIAN_POINT ( 'NONE',  ( -2.072629708679259300, 1.562659123711851700, -5.375040147447550400 ) ) ;
#1009 = DIRECTION ( 'NONE',  ( 1.000000000000000000, 0.0000000000000000000, 0.0000000000000000000 ) ) ;
#1010 = DIRECTION ( 'NONE',  ( 0.0000000000000000000, 0.0000000000000000000, 1.000000000000000000 ) ) ;
#1011 = DIRECTION ( 'NONE',  ( 1.000000000000000000, 0.0000000000000000000, 0.0000000000000000000 ) ) ;
#1012 = DIRECTION ( 'NONE',  ( 0.0000000000000000000, 0.7071067811865435800, 0.7071067811865513500 ) ) ;
#1013 = CARTESIAN_POINT ( 'NONE',  ( -0.8557270836432884200, -8.006257646412429100, 3.999990504259474600 ) ) ;
#1014 = CARTESIAN_POINT ( 'NONE',  ( -3.000001951809959400, -6.663558150902846800, -2.501326249044266300 ) ) ;
#1015 = CARTESIAN_POINT ( 'NONE',  ( 2.406240082761412900E-015, -19.64844136641463400, 3.750000000000000000 ) ) ;
#1016 = CARTESIAN_POINT ( 'NONE',  ( 2.999998048190043200, -6.663558150902846800, -2.501326249044266300 ) ) ;
#1017 = CARTESIAN_POINT ( 'NONE',  ( 28.69459271066770300, -4.336808689942017700E-016, -1.749999999999999800 ) ) ;
#1018 = CARTESIAN_POINT ( 'NONE',  ( -1.098514742614264100, -8.006257646412429100, 3.999990504259475400 ) ) ;
#1019 = CARTESIAN_POINT ( 'NONE',  ( -28.15387530700556700, 0.0000000000000000000, 0.7499999999999952300 ) ) ;
#1020 = CARTESIAN_POINT ( 'NONE',  ( -3.000001951809960300, -0.7677948683628699200, -5.956078621675462900 ) ) ;
#1021 = CARTESIAN_POINT ( 'NONE',  ( -28.69459271066770600, 0.0000000000000000000, 1.164213562373091600 ) ) ;
#1022 = CARTESIAN_POINT ( 'NONE',  ( -1.803992747763378800, 1.804615943420148700, -5.314703997573167800 ) ) ;
#1023 = CARTESIAN_POINT ( 'NONE',  ( 0.0000000000000000000, -20.00000000000000000, 0.7499999999999997800 ) ) ;
#1024 = CARTESIAN_POINT ( 'NONE',  ( 7.163709525759339900, -25.65950738734053300, -3.750000000000000000 ) ) ;
#1025 = DIRECTION ( 'NONE',  ( 1.000000000000000000, 0.0000000000000000000, 0.0000000000000000000 ) ) ;
#1026 = CARTESIAN_POINT ( 'NONE',  ( -3.000001951809959000, -0.5442778151500685700, -5.900441593343120200 ) ) ;
#1027 = CARTESIAN_POINT ( 'NONE',  ( 30.00000000000000000, 1.499999999999996400, 7.900000000000002100 ) ) ;
#1028 = CARTESIAN_POINT ( 'NONE',  ( 28.15387530700556700, 0.0000000000000000000, -0.7499999999999996700 ) ) ;
#1029 = CARTESIAN_POINT ( 'NONE',  ( 28.69459271066770300, -4.336808689942017700E-016, -0.7499999999999997800 ) ) ;
#1030 = CARTESIAN_POINT ( 'NONE',  ( -27.38918542133541600, -1.018145152540824400E-014, 0.7499999999999997800 ) ) ;
#1031 = CARTESIAN_POINT ( 'NONE',  ( 0.0000000000000000000, -20.00000000000000000, 0.7499999999999997800 ) ) ;
#1032 = DIRECTION ( 'NONE',  ( -1.000000000000000000, -0.0000000000000000000, -0.0000000000000000000 ) ) ;
#1033 = CARTESIAN_POINT ( 'NONE',  ( 27.38918542133542300, -6.605701994467992300E-016, -0.7499999999999997800 ) ) ;
#1034 = DIRECTION ( 'NONE',  ( 0.0000000000000000000, 0.0000000000000000000, 1.000000000000000000 ) ) ;
#1035 = CARTESIAN_POINT ( 'NONE',  ( -0.1000019518099582000, 2.314700162108529000, -5.187505607776008900 ) ) ;
#1036 = CARTESIAN_POINT ( 'NONE',  ( -3.000001951809958100, -12.99999578578139600, -3.605560771050429800 ) ) ;
#1037 = DIRECTION ( 'NONE',  ( -1.000000000000000000, 0.0000000000000000000, -0.0000000000000000000 ) ) ;
#1038 = CARTESIAN_POINT ( 'NONE',  ( -0.4659880063416649800, 2.314571597060634600, -5.187537667711366000 ) ) ;
#1039 = DIRECTION ( 'NONE',  ( -1.000000000000000000, -1.738073107961973800E-016, -0.0000000000000000000 ) ) ;
#1040 = CARTESIAN_POINT ( 'NONE',  ( -0.8195028958007438700, 2.249533667023343200, -5.203756009062440000 ) ) ;
#1041 = CARTESIAN_POINT ( 'NONE',  ( -1.499639993004499700, 1.990382216024106700, -5.268379939921270100 ) ) ;
#1042 = CARTESIAN_POINT ( 'NONE',  ( 28.69459271066770600, 0.0000000000000000000, -1.164213562373094900 ) ) ;
#1043 = DIRECTION ( 'NONE',  ( 0.6427876096865433600, 0.7660444431189745700, 0.0000000000000000000 ) ) ;
#1044 = DIRECTION ( 'NONE',  ( 0.0000000000000000000, 0.0000000000000000000, 1.000000000000000000 ) ) ;
#1045 = CARTESIAN_POINT ( 'NONE',  ( -0.7951752401787789400, -8.005851409806334500, 3.981510819635861500 ) ) ;
#1046 = CARTESIAN_POINT ( 'NONE',  ( 2.406240082761412900E-015, -19.64844136641463400, -3.750000000000000000 ) ) ;
#1047 = CARTESIAN_POINT ( 'NONE',  ( 2.999998048190043200, -12.99999578578139600, -3.605560771050429800 ) ) ;
#1048 = CARTESIAN_POINT ( 'NONE',  ( -0.4500019518099571700, -3.099110973585529600, -8.304525086330336600 ) ) ;
#1049 = CARTESIAN_POINT ( 'NONE',  ( -2.973419035245673700, -0.9913014096238834700, -6.011713562541958200 ) ) ;
#1050 = DIRECTION ( 'NONE',  ( 1.000000000000000000, -0.0000000000000000000, 0.0000000000000000000 ) ) ;
#1051 = DIRECTION ( 'NONE',  ( 0.0000000000000000000, 0.9702867460404333000, 0.2419579105097986700 ) ) ;
#1052 = DIRECTION ( 'NONE',  ( 0.0000000000000000000, 0.9849640501688539100, 0.1727594277455431800 ) ) ;
#1053 = CARTESIAN_POINT ( 'NONE',  ( -1.024272036937737200, -3.005270703859109100, -8.193399343468948700 ) ) ;
#1054 = DIRECTION ( 'NONE',  ( -1.000000000000000000, -0.0000000000000000000, -0.0000000000000000000 ) ) ;
#1055 = CARTESIAN_POINT ( 'NONE',  ( 28.69459271066770300, -4.336808689942017700E-016, -0.7499999999999997800 ) ) ;
#1056 = CARTESIAN_POINT ( 'NONE',  ( -2.602931770894690200, 2.137742230169489900, -27.12937194702061200 ) ) ;
#1057 = CARTESIAN_POINT ( 'NONE',  ( -1.821865527544343400, -2.651070511317549400, -7.773880305837221400 ) ) ;
#1058 = DIRECTION ( 'NONE',  ( -0.0000000000000000000, -0.0000000000000000000, -1.000000000000000000 ) ) ;
#1059 = CARTESIAN_POINT ( 'NONE',  ( 3.000998048190044900, -1.208872095591379600, -6.066169759875910100 ) ) ;
#1060 = CARTESIAN_POINT ( 'NONE',  ( -1.914808873400943600, -2.591340003396593400, -7.703190533789351600 ) ) ;
#1061 = CARTESIAN_POINT ( 'NONE',  ( -2.994314062063311500, 3.203736955357126400, -26.94241345968148600 ) ) ;
#1062 = CARTESIAN_POINT ( 'NONE',  ( -2.013301356688175700, -2.523085927974721500, -7.622408295381290200 ) ) ;
#1063 = DIRECTION ( 'NONE',  ( 1.000000000000000000, 0.0000000000000000000, 0.0000000000000000000 ) ) ;
#1064 = CARTESIAN_POINT ( 'NONE',  ( -1.431443964744065100, -2.853490018605334500, -8.013670944397825100 ) ) ;
#1065 = CARTESIAN_POINT ( 'NONE',  ( -2.920951224369424000, -1.208872095591379600, -6.066169759875911900 ) ) ;
#1066 = CARTESIAN_POINT ( 'NONE',  ( -28.69459271066770300, -1.040834085586084300E-014, -3.750000000000000000 ) ) ;
#1067 = CARTESIAN_POINT ( 'NONE',  ( -2.035591823892906500, -2.506686491458509600, -7.602993502649399100 ) ) ;
#1068 = DIRECTION ( 'NONE',  ( 0.6427876096865436900, -0.7660444431189744600, 0.0000000000000000000 ) ) ;
#1069 = CARTESIAN_POINT ( 'NONE',  ( -3.000001951809957700, 3.619749357619710800, -26.86943277211773700 ) ) ;
#1070 = DIRECTION ( 'NONE',  ( -0.0000000000000000000, -0.0000000000000000000, 1.000000000000000000 ) ) ;
#1071 = DIRECTION ( 'NONE',  ( -0.6427876096865433600, -0.7660444431189745700, -0.0000000000000000000 ) ) ;
#1072 = CARTESIAN_POINT ( 'NONE',  ( 7.163709525759339900, -25.65950738734053300, 0.7499999999999997800 ) ) ;
#1073 = CARTESIAN_POINT ( 'NONE',  ( -3.000001951809957700, -0.6417784380197274500, -5.924755072919359700 ) ) ;
#1074 = CARTESIAN_POINT ( 'NONE',  ( -2.722506739619676300, 2.346386983928793900, -27.09288184283672200 ) ) ;
#1075 = DIRECTION ( 'NONE',  ( -0.0000000000000000000, -0.0000000000000000000, 1.000000000000000000 ) ) ;
#1076 = CARTESIAN_POINT ( 'NONE',  ( -3.000001951809958100, 3.744031796895322700, -27.49528780733200200 ) ) ;
#1077 = CARTESIAN_POINT ( 'NONE',  ( 30.00000000000000000, 0.0000000000000000000, -7.900000000000000400 ) ) ;
#1078 = CARTESIAN_POINT ( 'NONE',  ( -0.7375974581411766100, -3.070312762987318600, -8.270416646846948400 ) ) ;
#1079 = CARTESIAN_POINT ( 'NONE',  ( -1.758477986757950800, -2.688466769511124200, -7.818144154596595300 ) ) ;
#1080 = CARTESIAN_POINT ( 'NONE',  ( -0.6716937433322790500, -8.006257646412438000, 3.949990504259503600 ) ) ;
#1081 = CARTESIAN_POINT ( 'NONE',  ( -2.918363930546112900, 2.878737459876494800, -26.99953105806865100 ) ) ;
#1082 = CARTESIAN_POINT ( 'NONE',  ( -1.960745780368559100, -2.560566396520171500, -7.666772284430287200 ) ) ;
#1083 = CARTESIAN_POINT ( 'NONE',  ( -1.564944877900615000, -2.793344415008057500, -7.942339871302940500 ) ) ;
#1084 = CARTESIAN_POINT ( 'NONE',  ( -2.058509404332399500, -2.489581448191752900, -7.582741276870871500 ) ) ;
#1085 = CARTESIAN_POINT ( 'NONE',  ( -2.170992132111607500, -2.404213201633638600, -7.481652583977206600 ) ) ;
#1086 = CARTESIAN_POINT ( 'NONE',  ( -2.273487668912364900, -2.314434106527771400, -7.375168946158512800 ) ) ;
#1087 = CARTESIAN_POINT ( 'NONE',  ( -3.000001951809960300, 3.990009138555139500, -27.16201849331226000 ) ) ;
#1088 = CARTESIAN_POINT ( 'NONE',  ( -2.999849659981539000, 3.577826874997671600, -26.87678616631620400 ) ) ;
#1089 = CARTESIAN_POINT ( 'NONE',  ( -2.417696560829972100, -2.165100432279355200, -7.198327508798704400 ) ) ;
#1090 = CARTESIAN_POINT ( 'NONE',  ( -2.464170141591640400, -2.112887542304066700, -7.136529547030927600 ) ) ;
#1091 = CARTESIAN_POINT ( 'NONE',  ( -2.530870277833094500, -2.030946095937298200, -7.039562500037539500 ) ) ;
#1092 = CARTESIAN_POINT ( 'NONE',  ( -0.7337743076841821700, -8.005838099216893200, 3.964814466705301600 ) ) ;
#1093 = CARTESIAN_POINT ( 'NONE',  ( -2.494621098338686900, 1.977997450579959600, -27.15739061170765500 ) ) ;
#1094 = CARTESIAN_POINT ( 'NONE',  ( 6.397665082640365600, -25.01671977765398900, -0.7499999999999997800 ) ) ;
#1095 = CARTESIAN_POINT ( 'NONE',  ( -2.050399050756246000, -2.495678991591594000, -7.589961092935510600 ) ) ;
#1096 = CARTESIAN_POINT ( 'NONE',  ( -30.00000000000000000, 4.499999999999997300, -4.899999999999968400 ) ) ;
#1097 = CARTESIAN_POINT ( 'NONE',  ( -2.141751292175749100, 5.487002506821284000, -25.18599728355242100 ) ) ;
#1098 = CARTESIAN_POINT ( 'NONE',  ( -2.758656333768830100, -1.704578636709496200, -6.653169773716871100 ) ) ;
#1099 = CARTESIAN_POINT ( 'NONE',  ( -2.501255351021178400, 1.901049906601793800, -26.71891270278803500 ) ) ;
#1100 = CARTESIAN_POINT ( 'NONE',  ( -2.625532144800359500, -1.902003101108343600, -6.886950200774395900 ) ) ;
#1101 = CARTESIAN_POINT ( 'NONE',  ( -2.993937547747409900, 2.948578975024442400, -25.63124240482025600 ) ) ;
#1102 = CARTESIAN_POINT ( 'NONE',  ( -2.633662016172545700, -1.890055464435250700, -6.872803458313224900 ) ) ;
#1103 = CARTESIAN_POINT ( 'NONE',  ( -2.600039240756891100, -1.938652648230500900, -6.930338374808869200 ) ) ;
#1104 = CARTESIAN_POINT ( 'NONE',  ( -2.873344706310410100, -1.478471007603000800, -6.385418670197602800 ) ) ;
#1105 = CARTESIAN_POINT ( 'NONE',  ( -2.494621098338686900, 1.977997450579959600, -27.15739061170765500 ) ) ;
#1106 = CARTESIAN_POINT ( 'NONE',  ( -2.507830293648618100, 1.824141222707194300, -26.28042707702393300 ) ) ;
#1107 = CARTESIAN_POINT ( 'NONE',  ( -2.514345457275016100, 1.747270701339514300, -25.84193387293631300 ) ) ;
#1108 = CARTESIAN_POINT ( 'NONE',  ( -3.000001951809957700, -0.3109575980419175300, -7.325307610765930700 ) ) ;
#1109 = CARTESIAN_POINT ( 'NONE',  ( -2.618297410257462300, 1.904623732887104100, -25.81433471137354400 ) ) ;
#1110 = CARTESIAN_POINT ( 'NONE',  ( -3.000001951809957700, -0.5281591360362133400, -5.760350273415813400 ) ) ;
#1111 = CARTESIAN_POINT ( 'NONE',  ( 2.999998048190043200, 1.387242033555187200, -30.68845065077082900 ) ) ;
#1112 = DIRECTION ( 'NONE',  ( -1.000000000000000000, -0.0000000000000000000, 0.0000000000000000000 ) ) ;
#1113 = CARTESIAN_POINT ( 'NONE',  ( 2.991846390398501300, 4.214310970508672300E-006, -7.281469368233847400 ) ) ;
#1114 = CARTESIAN_POINT ( 'NONE',  ( -0.1000019518099573300, 6.315185712434455900, -25.04073672957683900 ) ) ;
#1115 = CARTESIAN_POINT ( 'NONE',  ( -1.528641554278374000, 5.951809604072127300, -25.10439943774763800 ) ) ;
#1116 = CARTESIAN_POINT ( 'NONE',  ( -2.024003066575469600, 5.596761183429571000, -25.16673999006990700 ) ) ;
#1117 = CARTESIAN_POINT ( 'NONE',  ( -2.087983988580786900, 5.538430783274128200, -25.17697535983090900 ) ) ;
#1118 = CARTESIAN_POINT ( 'NONE',  ( -3.000001951809958100, -0.3565820392231465200, -7.340870385056128100 ) ) ;
#1119 = CARTESIAN_POINT ( 'NONE',  ( -2.147756858838626700, 5.481113576083958000, -25.18703021488728700 ) ) ;
#1120 = CARTESIAN_POINT ( 'NONE',  ( -2.132853659780077600, 5.495656413942924700, -25.18447929651096800 ) ) ;
#1121 = CARTESIAN_POINT ( 'NONE',  ( -2.333316155639345400, 5.298286261199167200, -25.21909759676036700 ) ) ;
#1122 = CARTESIAN_POINT ( 'NONE',  ( -0.4588142635470490200, 6.315185687641861300, -25.04073660653850900 ) ) ;
#1123 = CARTESIAN_POINT ( 'NONE',  ( -2.921104518782609500, 4.293132233939329200, -26.75132364889981300 ) ) ;
#1124 = CARTESIAN_POINT ( 'NONE',  ( -1.967506602838294800, 5.644410649580039200, -25.15837594349580500 ) ) ;
#1125 = CARTESIAN_POINT ( 'NONE',  ( -2.630572760956006600, -1.894616273950331200, -6.878203936608969100 ) ) ;
#1126 = CARTESIAN_POINT ( 'NONE',  ( -2.617942956065448400, -1.913055846853944900, -6.900036398501780100 ) ) ;
#1127 = CARTESIAN_POINT ( 'NONE',  ( -2.956080600429674500, 4.173043010933538400, -26.91403036238726900 ) ) ;
#1128 = DIRECTION ( 'NONE',  ( 1.000000000000000000, 0.0000000000000000000, 0.0000000000000000000 ) ) ;
#1129 = CARTESIAN_POINT ( 'NONE',  ( -2.940621245392365200, -1.208872095591379200, -6.066169759875911900 ) ) ;
#1130 = CARTESIAN_POINT ( 'NONE',  ( -2.514345457275016100, 1.747270701339514300, -25.84193387293631300 ) ) ;
#1131 = CARTESIAN_POINT ( 'NONE',  ( -2.920949473718731100, 2.630977270682578700, -25.68705463207456300 ) ) ;
#1132 = CARTESIAN_POINT ( 'NONE',  ( -3.000001951809957700, 4.293132233939329200, -26.75132364889981300 ) ) ;
#1133 = CARTESIAN_POINT ( 'NONE',  ( -2.563467254248085000, -1.989070934154780300, -6.990011669823636500 ) ) ;
#1134 = CARTESIAN_POINT ( 'NONE',  ( -2.999822237886034900, 3.314069280918826800, -25.56712280770404900 ) ) ;
#1135 = CARTESIAN_POINT ( 'NONE',  ( 2.999997773934827400, -0.1466650363245667100, -7.288913959604565600 ) ) ;
#1136 = CARTESIAN_POINT ( 'NONE',  ( 2.999998048190043200, 1.747270701339514300, -25.84193387293631300 ) ) ;
#1137 = DIRECTION ( 'NONE',  ( 0.0000000000000000000, -0.5938411195026051000, -0.8045823294032081700 ) ) ;
#1138 = CARTESIAN_POINT ( 'NONE',  ( 2.999998048190043200, -0.2172816933457199200, -7.303143427558299400 ) ) ;
#1139 = CARTESIAN_POINT ( 'NONE',  ( -1.357027363826735800, 6.039575504332764100, -25.08899016091622200 ) ) ;
#1140 = CARTESIAN_POINT ( 'NONE',  ( -3.000001951809957700, -0.2172816933457185600, -7.303143427558299400 ) ) ;
#1141 = DIRECTION ( 'NONE',  ( 0.0000000000000000000, -0.1975326433240703900, 0.9802963097050837500 ) ) ;
#1142 = CARTESIAN_POINT ( 'NONE',  ( -3.000001951809958100, 3.359552117232135900, -25.55914505975409800 ) ) ;
#1143 = CARTESIAN_POINT ( 'NONE',  ( -3.000001951809959900, 3.614763456598918600, -25.51438183724182800 ) ) ;
#1144 = CARTESIAN_POINT ( 'NONE',  ( -0.8286442127394820800, 6.248685145502166800, -25.05231593618081100 ) ) ;
#1145 = CARTESIAN_POINT ( 'NONE',  ( -1.773154236634153100, 5.793639587825453900, -25.13217472207190200 ) ) ;
#1146 = CARTESIAN_POINT ( 'NONE',  ( -1.852503309925714900, 5.736509992578393600, -25.14220723651548900 ) ) ;
#1147 = CARTESIAN_POINT ( 'NONE',  ( -2.119470031482344500, 5.508589467427194500, -25.18221061579461300 ) ) ;
#1148 = CARTESIAN_POINT ( 'NONE',  ( -3.000001951809957700, -0.2645241494161083000, -7.312731958266655700 ) ) ;
#1149 = CARTESIAN_POINT ( 'NONE',  ( -2.732978755448721500, 2.109601020681382900, -25.77848136494398500 ) ) ;
#1150 = CARTESIAN_POINT ( 'NONE',  ( 2.997280554670979800, -0.07377599474370996600, -7.281469368233847400 ) ) ;
#1151 = CARTESIAN_POINT ( 'NONE',  ( -2.861495612914742200, 4.356867052261715200, -25.38395786055673000 ) ) ;
#1152 = CARTESIAN_POINT ( 'NONE',  ( 2.999998048190043200, 3.457882058692895100, -25.54189831413521700 ) ) ;
#1153 = CARTESIAN_POINT ( 'NONE',  ( -2.364305822374273400, 5.180674152412900700, -25.23962239730929700 ) ) ;
#1154 = CARTESIAN_POINT ( 'NONE',  ( -2.314899086342485200, 5.240963508160741700, -25.22908178577553800 ) ) ;
#1155 = CARTESIAN_POINT ( 'NONE',  ( 2.711061337678315500, -1.767735054090922500, -6.727838145369369200 ) ) ;
#1156 = CARTESIAN_POINT ( 'NONE',  ( -2.607910958336219700, 4.833162889197891900, -25.30041601209531500 ) ) ;
#1157 = CARTESIAN_POINT ( 'NONE',  ( 2.072470907099359200, -2.478982497796740100, -7.570190358112459900 ) ) ;
#1158 = CARTESIAN_POINT ( 'NONE',  ( -2.127234926290773500, 5.443660209170892500, -25.19359932299715200 ) ) ;
#1159 = CARTESIAN_POINT ( 'NONE',  ( 1.567221778115198200, -2.802876022504855200, -7.953730580095682800 ) ) ;
#1160 = CARTESIAN_POINT ( 'NONE',  ( 2.999998048190043700, 3.704602697704460400, -25.49862433227215800 ) ) ;
#1161 = CARTESIAN_POINT ( 'NONE',  ( 2.649009991868586800, -1.867081226585353800, -6.845593553427625500 ) ) ;
#1162 = CARTESIAN_POINT ( 'NONE',  ( -0.7537785355718394900, 6.246396570713778300, -25.05272442237020800 ) ) ;
#1163 = CARTESIAN_POINT ( 'NONE',  ( 2.643262064330187800, -1.875735288847905500, -6.855844312512370900 ) ) ;
#1164 = CARTESIAN_POINT ( 'NONE',  ( 1.024210392262223400, -3.005291138208326300, -8.193430241414041900 ) ) ;
#1165 = CARTESIAN_POINT ( 'NONE',  ( 0.7376172333242972900, -3.070310391923996000, -8.270413838572825000 ) ) ;
#1166 = CARTESIAN_POINT ( 'NONE',  ( 0.4499980481900426300, -3.099110973585526900, -8.304525086330336600 ) ) ;
#1167 = CARTESIAN_POINT ( 'NONE',  ( -2.123610487700238600, 5.447246322237400100, -25.19297041926078900 ) ) ;
#1168 = CARTESIAN_POINT ( 'NONE',  ( 2.861289737873501200, -1.467877490084123400, -6.372582642344562000 ) ) ;
#1169 = CARTESIAN_POINT ( 'NONE',  ( -3.000001951809959000, 3.619749357619710400, -26.86943277211773700 ) ) ;
#1170 = CARTESIAN_POINT ( 'NONE',  ( -2.537485239554027000, 5.050439467262931400, -25.26229427406276800 ) ) ;
#1171 = CARTESIAN_POINT ( 'NONE',  ( -2.511332843749289000, 4.984497444228138000, -25.27393191241455400 ) ) ;
#1172 = CARTESIAN_POINT ( 'NONE',  ( 2.906982089798106500, -1.343659459228028900, -6.225779895713099400 ) ) ;
#1173 = CARTESIAN_POINT ( 'NONE',  ( -3.000001951809959900, 3.605712309975004800, -26.87189482371935200 ) ) ;
#1174 = CARTESIAN_POINT ( 'NONE',  ( 2.861500108147446900, 4.356840796870006500, -25.38396243393175000 ) ) ;
#1175 = CARTESIAN_POINT ( 'NONE',  ( 2.091525046896964800, -2.464286326763774700, -7.552783498546320500 ) ) ;
#1176 = CARTESIAN_POINT ( 'NONE',  ( 2.787934430960361500, 4.546552915792366500, -25.35064172038100900 ) ) ;
#1177 = CARTESIAN_POINT ( 'NONE',  ( 2.620977002657645100, 4.882460475497249600, -25.29174628811163200 ) ) ;
#1178 = CARTESIAN_POINT ( 'NONE',  ( -2.966465567553554300, 3.854045115956692900, -25.47231218365197200 ) ) ;
#1179 = CARTESIAN_POINT ( 'NONE',  ( -1.482582009976651800, 5.957986745378123700, -25.10330702870716400 ) ) ;
#1180 = CARTESIAN_POINT ( 'NONE',  ( 2.940617341772449500, -1.208872095591378800, -6.066169759875911900 ) ) ;
#1181 = CARTESIAN_POINT ( 'NONE',  ( 2.639425203603367600, -1.881484065955623800, -6.862653146632375500 ) ) ;
#1182 = CARTESIAN_POINT ( 'NONE',  ( -2.124276885437941700, 5.446586737970488200, -25.19308609032933100 ) ) ;
#1183 = CARTESIAN_POINT ( 'NONE',  ( -2.780625599868102400, 4.485696128967656000, -25.36134063798616700 ) ) ;
#1184 = CARTESIAN_POINT ( 'NONE',  ( -1.828433677048144900, 5.738057841831770900, -25.14196314863680500 ) ) ;
#1185 = CARTESIAN_POINT ( 'NONE',  ( 2.465783693058307200, -2.115297633755191900, -7.139351752901020200 ) ) ;
#1186 = CARTESIAN_POINT ( 'NONE',  ( 2.967579585874848400, 3.935921024173120400, -25.45794258943760000 ) ) ;
#1187 = CARTESIAN_POINT ( 'NONE',  ( 2.754649890169309500, -1.691200247586787800, -6.637103192255438900 ) ) ;
#1188 = CARTESIAN_POINT ( 'NONE',  ( -0.3711930589124828900, 6.315185712434462100, -25.04073672957682800 ) ) ;
#1189 = CARTESIAN_POINT ( 'NONE',  ( 2.638082087528155200, -1.883490817293358400, -6.865029823696057900 ) ) ;
#1190 = CARTESIAN_POINT ( 'NONE',  ( -2.856728078552888100, 4.289454175102831000, -25.39580295811178300 ) ) ;
#1191 = CARTESIAN_POINT ( 'NONE',  ( 2.688845631456641800, -1.804980230352153200, -6.771998615091139800 ) ) ;
#1192 = CARTESIAN_POINT ( 'NONE',  ( 2.156979417956017600, -2.412183807836736400, -7.491050526687297800 ) ) ;
#1193 = CARTESIAN_POINT ( 'NONE',  ( -2.967580894404537000, 3.935938401416744400, -25.45793954424871000 ) ) ;
#1194 = CARTESIAN_POINT ( 'NONE',  ( -2.241501055503540800, 5.324314083192799500, -25.21450134684106100 ) ) ;
#1195 = CARTESIAN_POINT ( 'NONE',  ( 2.111254072434826300, -2.448888210616564400, -7.534542619682491200 ) ) ;
#1196 = CARTESIAN_POINT ( 'NONE',  ( -3.000001951809956800, 3.704612686726905100, -25.49862258024150200 ) ) ;
#1197 = CARTESIAN_POINT ( 'NONE',  ( -2.204976571386042300, 5.364220139979258000, -25.20751842250157200 ) ) ;
#1198 = CARTESIAN_POINT ( 'NONE',  ( -3.000001951809957700, 3.457882058692896900, -25.54189831413521700 ) ) ;
#1199 = CARTESIAN_POINT ( 'NONE',  ( -2.162920505231261400, 5.407819142285066300, -25.19988202200131900 ) ) ;
#1200 = CARTESIAN_POINT ( 'NONE',  ( 2.555549566884772100, -2.005959014284225200, -7.010053433883019400 ) ) ;
#1201 = CARTESIAN_POINT ( 'NONE',  ( -1.951809957346126200E-006, 6.315185712434457700, -25.04073672957683200 ) ) ;
#1202 = CARTESIAN_POINT ( 'NONE',  ( -2.131675418055724200, 5.439257810851835900, -25.19437133107083000 ) ) ;
#1203 = CARTESIAN_POINT ( 'NONE',  ( 2.782588539749108600, -1.637447030405145600, -6.573393718100976300 ) ) ;
#1204 = CARTESIAN_POINT ( 'NONE',  ( 2.662367691471898100, -1.846671550534972900, -6.821412441831297400 ) ) ;
#1205 = CARTESIAN_POINT ( 'NONE',  ( 2.321577105297631100, -2.264633104589064400, -7.316193552081434100 ) ) ;
#1206 = CARTESIAN_POINT ( 'NONE',  ( 2.271910471735842900, -2.311979005052463800, -7.372292453764353000 ) ) ;
#1207 = CARTESIAN_POINT ( 'NONE',  ( 2.195593074878103800, -2.379383886613055700, -7.452175290994726500 ) ) ;
#1208 = CARTESIAN_POINT ( 'NONE',  ( 2.078344297992431100, -2.474478164388965100, -7.564855565524229800 ) ) ;
#1209 = CARTESIAN_POINT ( 'NONE',  ( -2.142060151322345200, 5.428897029947629300, -25.19618785280998100 ) ) ;
#1210 = CARTESIAN_POINT ( 'NONE',  ( 1.829961320845116900, -2.663033029278078600, -7.788139685052451400 ) ) ;
#1211 = CARTESIAN_POINT ( 'NONE',  ( -2.787926745329635900, 4.546580702525051100, -25.35063690363302100 ) ) ;
#1212 = CARTESIAN_POINT ( 'NONE',  ( 2.231473606637498700, 5.395857002501561100, -25.20196814460912500 ) ) ;
#1213 = CARTESIAN_POINT ( 'NONE',  ( 2.170654332766358800, 5.458382607832215100, -25.19101609448320300 ) ) ;
#1214 = CARTESIAN_POINT ( 'NONE',  ( 2.337732124288294200, 5.276699384660651600, -25.22280767911467300 ) ) ;
#1215 = CARTESIAN_POINT ( 'NONE',  ( 1.867482203881351900, 5.757257958488446000, -25.13859552500792900 ) ) ;
#1216 = CARTESIAN_POINT ( 'NONE',  ( 0.4588163370657844000, 6.315185712434454100, -25.04073672957684200 ) ) ;
#1217 = CARTESIAN_POINT ( 'NONE',  ( 2.527618164906010100, 5.028761946488487000, -25.26615020398825400 ) ) ;
#1218 = CARTESIAN_POINT ( 'NONE',  ( 2.266780639458509100, 5.357278095419051300, -25.20871684329185700 ) ) ;
#1219 = CARTESIAN_POINT ( 'NONE',  ( 2.190819365366797100, 5.438005854269952100, -25.19458703867449900 ) ) ;
#1220 = CARTESIAN_POINT ( 'NONE',  ( 2.162049829027301100, 5.466967856301755200, -25.18951094643379200 ) ) ;
#1221 = CARTESIAN_POINT ( 'NONE',  ( 2.155031549720869900, 5.473942143313813300, -25.18828805975842000 ) ) ;
#1222 = CARTESIAN_POINT ( 'NONE',  ( 0.09999804819004302900, 6.315185712434455000, -25.04073672957683900 ) ) ;
#1223 = CARTESIAN_POINT ( 'NONE',  ( 2.156322178426701700, 5.472658752447052200, -25.18851308519407800 ) ) ;
#1224 = CARTESIAN_POINT ( 'NONE',  ( 2.385491995102004800, 5.218414839175628700, -25.23299366917094100 ) ) ;
#1225 = CARTESIAN_POINT ( 'NONE',  ( 1.533159059459396500, 5.969867984319282800, -25.10121596227626000 ) ) ;
#1226 = CARTESIAN_POINT ( 'NONE',  ( 0.8286490662089413000, 6.248682974376551500, -25.05231656572030400 ) ) ;
#1227 = CARTESIAN_POINT ( 'NONE',  ( 2.999998048190043200, -0.5281591360362133400, -5.760350273415813400 ) ) ;
#1228 = ADVANCED_FACE ( 'NONE', ( #2339 ), #1669, .F. ) ;
#1229 = ADVANCED_FACE ( 'NONE', ( #2327 ), #2358, .T. ) ;
#1230 = ADVANCED_FACE ( 'NONE', ( #2359 ), #2315, .T. ) ;
#1231 = ADVANCED_FACE ( 'NONE', ( #2308 ), #1677, .F. ) ;
#1232 = ADVANCED_FACE ( 'NONE', ( #2345 ), #1675, .T. ) ;
#1233 = ADVANCED_FACE ( 'NONE', ( #2316 ), #2325, .T. ) ;
#1234 = ADVANCED_FACE ( 'NONE', ( #2330 ), #2348, .F. ) ;
#1235 = ADVANCED_FACE ( 'NONE', ( #2386 ), #2416, .T. ) ;
#1236 = ADVANCED_FACE ( 'NONE', ( #2320 ), #2392, .T. ) ;
#1237 = ADVANCED_FACE ( 'NONE', ( #2317 ), #1629, .T. ) ;
#1238 = ADVANCED_FACE ( 'NONE', ( #2401 ), #2423, .T. ) ;
#1239 = ADVANCED_FACE ( 'NONE', ( #2379 ), #1628, .T. ) ;
#1240 = ADVANCED_FACE ( 'NONE', ( #2367 ), #25, .T. ) ;
#1241 = ADVANCED_FACE ( 'NONE', ( #2368 ), #1686, .F. ) ;
#1242 = ADVANCED_FACE ( 'NONE', ( #2381 ), #2417, .F. ) ;
#1243 = ADVANCED_FACE ( 'NONE', ( #2412 ), #1698, .T. ) ;
#1244 = ADVANCED_FACE ( 'NONE', ( #2390 ), #1694, .F. ) ;
#1245 = ADVANCED_FACE ( 'NONE', ( #2366 ), #2387, .T. ) ;
#1246 = ADVANCED_FACE ( 'NONE', ( #2406 ), #1708, .T. ) ;
#1247 = ADVANCED_FACE ( 'NONE', ( #2372 ), #2408, .F. ) ;
#1248 = ADVANCED_FACE ( 'NONE', ( #2374 ), #41, .T. ) ;
#1249 = ADVANCED_FACE ( 'NONE', ( #2399 ), #1540, .T. ) ;
#1250 = ADVANCED_FACE ( 'NONE', ( #2391 ), #1537, .F. ) ;
#1251 = ADVANCED_FACE ( 'NONE', ( #2375 ), #1534, .F. ) ;
#1252 = ADVANCED_FACE ( 'NONE', ( #2369 ), #1745, .F. ) ;
#1253 = ADVANCED_FACE ( 'NONE', ( #2373 ), #3511, .F. ) ;
#1254 = ADVANCED_FACE ( 'NONE', ( #2383 ), #1750, .F. ) ;
#1255 = ADVANCED_FACE ( 'NONE', ( #2405 ), #1746, .T. ) ;
#1256 = ADVANCED_FACE ( 'NONE', ( #2421 ), #2382, .T. ) ;
#1257 = ADVANCED_FACE ( 'NONE', ( #2385 ), #1751, .T. ) ;
#1258 = ADVANCED_FACE ( 'NONE', ( #2380 ), #2784, .F. ) ;
#1259 = ADVANCED_FACE ( 'NONE', ( #2413 ), #2755, .T. ) ;
#1260 = ADVANCED_FACE ( 'NONE', ( #2414 ), #2785, .F. ) ;
#1261 = ADVANCED_FACE ( 'NONE', ( #2402 ), #2767, .F. ) ;
#1262 = ADVANCED_FACE ( 'NONE', ( #2400 ), #2793, .F. ) ;
#1263 = ADVANCED_FACE ( 'NONE', ( #2393 ), #2791, .T. ) ;
#1264 = ADVANCED_FACE ( 'NONE', ( #2376 ), #2783, .T. ) ;
#1265 = ADVANCED_FACE ( 'NONE', ( #2370 ), #42, .F. ) ;
#1266 = ADVANCED_FACE ( 'NONE', ( #2388 ), #2389, .T. ) ;
#1267 = ADVANCED_FACE ( 'NONE', ( #2377 ), #2782, .T. ) ;
#1268 = ADVANCED_FACE ( 'NONE', ( #2371 ), #2781, .F. ) ;
#1269 = ADVANCED_FACE ( 'NONE', ( #2394 ), #49, .F. ) ;
#1270 = ADVANCED_FACE ( 'NONE', ( #2395 ), #43, .T. ) ;
#1271 = ADVANCED_FACE ( 'NONE', ( #2365 ), #2407, .T. ) ;
#1272 = ADVANCED_FACE ( 'NONE', ( #2396 ), #56, .T. ) ;
#1273 = ADVANCED_FACE ( 'NONE', ( #2384 ), #2897, .F. ) ;
#1274 = ADVANCED_FACE ( 'NONE', ( #2403 ), #2877, .F. ) ;
#1275 = ADVANCED_FACE ( 'NONE', ( #2398 ), #2909, .F. ) ;
#1276 = ADVANCED_FACE ( 'NONE', ( #2397 ), #2404, .F. ) ;
#1277 = ADVANCED_FACE ( 'NONE', ( #2415 ), #2874, .F. ) ;
#1278 = ADVANCED_FACE ( 'NONE', ( #2378 ), #2882, .T. ) ;
#1279 = ADVANCED_FACE ( 'NONE', ( #2409 ), #2420, .T. ) ;
#1280 = ADVANCED_FACE ( 'NONE', ( #2411 ), #2953, .F. ) ;
#1281 = ADVANCED_FACE ( 'NONE', ( #2418 ), #2914, .F. ) ;
#1282 = ADVANCED_FACE ( 'NONE', ( #2410 ), #2965, .F. ) ;
#1283 = ADVANCED_FACE ( 'NONE', ( #2419 ), #2427, .T. ) ;
#1284 = ADVANCED_FACE ( 'NONE', ( #2428 ), #2425, .F. ) ;
#1285 = ADVANCED_FACE ( 'NONE', ( #2426 ), #2922, .T. ) ;
#1286 = ADVANCED_FACE ( 'NONE', ( #2424 ), #2961, .F. ) ;
#1287 = ADVANCED_FACE ( 'NONE', ( #1783 ), #44, .F. ) ;
#1288 = ADVANCED_FACE ( 'NONE', ( #3324 ), #30, .T. ) ;
#1289 = ADVANCED_FACE ( 'NONE', ( #3335 ), #3165, .F. ) ;
#1290 = ADVANCED_FACE ( 'NONE', ( #3332 ), #3159, .F. ) ;
#1291 = ADVANCED_FACE ( 'NONE', ( #3359 ), #3160, .F. ) ;
#1292 = ADVANCED_FACE ( 'NONE', ( #3333 ), #3354, .F. ) ;
#1293 = ADVANCED_FACE ( 'NONE', ( #3321, #3313 ), #3180, .T. ) ;
#1294 = ADVANCED_FACE ( 'NONE', ( #3353 ), #3322, .F. ) ;
#1295 = SHAPE_REPRESENTATION ( 'fath_09202011', ( #2519 ), #2541 ) ;
#1296 = SHAPE_REPRESENTATION ( 'Telo ALP4310', ( #2519 ), #2551 ) ;
#1297 = SHAPE_REPRESENTATION ( 'ALP4310', ( #2557, #2525, #2550 ), #2542 ) ;
#1298 = EDGE_CURVE ( 'NONE', #2229, #2190, #3320, .T. ) ;
#1299 = EDGE_CURVE ( 'NONE', #2218, #2213, #3312, .T. ) ;
#1300 = EDGE_CURVE ( 'NONE', #2175, #2186, #3310, .T. ) ;
#1301 = EDGE_CURVE ( 'NONE', #2239, #2191, #39, .T. ) ;
#1302 = EDGE_CURVE ( 'NONE', #2180, #2204, #3316, .T. ) ;
#1303 = EDGE_CURVE ( 'NONE', #2226, #2181, #3304, .T. ) ;
#1304 = EDGE_CURVE ( 'NONE', #2262, #2258, #53, .T. ) ;
#1305 = EDGE_CURVE ( 'NONE', #2280, #2189, #34, .T. ) ;
#1306 = EDGE_CURVE ( 'NONE', #2256, #2219, #3309, .T. ) ;
#1307 = EDGE_CURVE ( 'NONE', #2261, #2288, #24, .T. ) ;
#1308 = EDGE_CURVE ( 'NONE', #2193, #2283, #50, .T. ) ;
#1309 = EDGE_CURVE ( 'NONE', #2234, #2207, #3340, .T. ) ;
#1310 = EDGE_CURVE ( 'NONE', #2237, #2205, #57, .T. ) ;
#1311 = EDGE_CURVE ( 'NONE', #2176, #2263, #3305, .T. ) ;
#1312 = EDGE_CURVE ( 'NONE', #2222, #2199, #26, .T. ) ;
#1313 = EDGE_CURVE ( 'NONE', #2181, #2175, #3350, .T. ) ;
#1314 = EDGE_CURVE ( 'NONE', #2223, #2234, #32, .T. ) ;
#1315 = EDGE_CURVE ( 'NONE', #2224, #2223, #51, .T. ) ;
#1316 = EDGE_CURVE ( 'NONE', #2176, #2214, #27, .T. ) ;
#1317 = EDGE_CURVE ( 'NONE', #2253, #2292, #3307, .T. ) ;
#1318 = EDGE_CURVE ( 'NONE', #2197, #2254, #3314, .T. ) ;
#1319 = EDGE_CURVE ( 'NONE', #2252, #2265, #33, .T. ) ;
#1320 = EDGE_CURVE ( 'NONE', #2213, #2287, #52, .T. ) ;
#1321 = EDGE_CURVE ( 'NONE', #2263, #2280, #45, .T. ) ;
#1322 = EDGE_CURVE ( 'NONE', #2248, #2273, #3317, .T. ) ;
#1323 = EDGE_CURVE ( 'NONE', #2226, #2186, #3311, .T. ) ;
#1324 = EDGE_CURVE ( 'NONE', #2224, #2209, #3348, .T. ) ;
#1325 = EDGE_CURVE ( 'NONE', #2264, #2283, #3334, .T. ) ;
#1326 = EDGE_CURVE ( 'NONE', #2196, #2239, #35, .T. ) ;
#1327 = EDGE_CURVE ( 'NONE', #2204, #2275, #3326, .T. ) ;
#1328 = EDGE_CURVE ( 'NONE', #2207, #2229, #3362, .T. ) ;
#1329 = EDGE_CURVE ( 'NONE', #2257, #2275, #28, .T. ) ;
#1330 = EDGE_CURVE ( 'NONE', #2210, #2281, #37, .T. ) ;
#1331 = EDGE_CURVE ( 'NONE', #2212, #2196, #46, .T. ) ;
#1332 = EDGE_CURVE ( 'NONE', #2215, #2201, #3323, .T. ) ;
#1333 = EDGE_CURVE ( 'NONE', #2219, #2180, #3327, .T. ) ;
#1334 = EDGE_CURVE ( 'NONE', #2287, #2196, #3328, .T. ) ;
#1335 = EDGE_CURVE ( 'NONE', #2213, #2283, #29, .T. ) ;
#1336 = EDGE_CURVE ( 'NONE', #2264, #2202, #47, .T. ) ;
#1337 = EDGE_CURVE ( 'NONE', #2199, #2229, #31, .T. ) ;
#1338 = EDGE_CURVE ( 'NONE', #2186, #2175, #3337, .T. ) ;
#1339 = EDGE_CURVE ( 'NONE', #2194, #2297, #3355, .T. ) ;
#1340 = EDGE_CURVE ( 'NONE', #2183, #2200, #3342, .T. ) ;
#1341 = EDGE_CURVE ( 'NONE', #2181, #2226, #3344, .T. ) ;
#1342 = EDGE_CURVE ( 'NONE', #2227, #2253, #3346, .T. ) ;
#1343 = EDGE_CURVE ( 'NONE', #2199, #2223, #48, .T. ) ;
#1344 = EDGE_CURVE ( 'NONE', #2190, #2226, #3351, .T. ) ;
#1345 = EDGE_CURVE ( 'NONE', #2209, #2222, #3303, .T. ) ;
#1346 = EDGE_CURVE ( 'NONE', #2214, #2201, #36, .T. ) ;
#1347 = EDGE_CURVE ( 'NONE', #2207, #2181, #3361, .T. ) ;
#1348 = EDGE_CURVE ( 'NONE', #2191, #2250, #54, .T. ) ;
#1349 = EDGE_CURVE ( 'NONE', #2187, #2258, #38, .T. ) ;
#1350 = EDGE_CURVE ( 'NONE', #2183, #2233, #3345, .T. ) ;
#1351 = EDGE_CURVE ( 'NONE', #2258, #2257, #3352, .T. ) ;
#1352 = EDGE_CURVE ( 'NONE', #2220, #2257, #3358, .T. ) ;
#1353 = EDGE_CURVE ( 'NONE', #2189, #2203, #3389, .T. ) ;
#1354 = EDGE_CURVE ( 'NONE', #2281, #2271, #86, .T. ) ;
#1355 = EDGE_CURVE ( 'NONE', #2182, #2210, #104, .T. ) ;
#1356 = EDGE_CURVE ( 'NONE', #2191, #2188, #3421, .T. ) ;
#1357 = EDGE_CURVE ( 'NONE', #2280, #2255, #3401, .T. ) ;
#1358 = EDGE_CURVE ( 'NONE', #2211, #2183, #3393, .T. ) ;
#1359 = EDGE_CURVE ( 'NONE', #2174, #2225, #3377, .T. ) ;
#1360 = EDGE_CURVE ( 'NONE', #2254, #2286, #3404, .T. ) ;
#1361 = EDGE_CURVE ( 'NONE', #2208, #2286, #3369, .T. ) ;
#1362 = EDGE_CURVE ( 'NONE', #2260, #2231, #3387, .T. ) ;
#1363 = EDGE_CURVE ( 'NONE', #2353, #2245, #3397, .T. ) ;
#1364 = EDGE_CURVE ( 'NONE', #2347, #2282, #3375, .T. ) ;
#1365 = EDGE_CURVE ( 'NONE', #2208, #2194, #64, .T. ) ;
#1366 = EDGE_CURVE ( 'NONE', #2249, #2227, #96, .T. ) ;
#1367 = EDGE_CURVE ( 'NONE', #2235, #2224, #3422, .T. ) ;
#1368 = EDGE_CURVE ( 'NONE', #2231, #2215, #60, .T. ) ;
#1369 = EDGE_CURVE ( 'NONE', #2225, #2187, #94, .T. ) ;
#1370 = EDGE_CURVE ( 'NONE', #2278, #2328, #3364, .T. ) ;
#1371 = EDGE_CURVE ( 'NONE', #2293, #2282, #3411, .T. ) ;
#1372 = EDGE_CURVE ( 'NONE', #2245, #2291, #3382, .T. ) ;
#1373 = EDGE_CURVE ( 'NONE', #2282, #2243, #3409, .T. ) ;
#1374 = EDGE_CURVE ( 'NONE', #2291, #2296, #3408, .T. ) ;
#1375 = EDGE_CURVE ( 'NONE', #2260, #2215, #3414, .T. ) ;
#1376 = EDGE_CURVE ( 'NONE', #2177, #2219, #114, .T. ) ;
#1377 = EDGE_CURVE ( 'NONE', #2282, #2277, #3415, .T. ) ;
#1378 = EDGE_CURVE ( 'NONE', #2182, #2186, #3399, .T. ) ;
#1379 = EDGE_CURVE ( 'NONE', #2296, #2353, #3370, .T. ) ;
#1380 = EDGE_CURVE ( 'NONE', #2237, #2179, #3365, .T. ) ;
#1381 = EDGE_CURVE ( 'NONE', #2238, #2227, #3371, .T. ) ;
#1382 = EDGE_CURVE ( 'NONE', #2294, #2332, #3372, .T. ) ;
#1383 = EDGE_CURVE ( 'NONE', #2202, #2264, #76, .T. ) ;
#1384 = EDGE_CURVE ( 'NONE', #2249, #2238, #3373, .T. ) ;
#1385 = EDGE_CURVE ( 'NONE', #2332, #2353, #3410, .T. ) ;
#1386 = EDGE_CURVE ( 'NONE', #2256, #2260, #3402, .T. ) ;
#1387 = EDGE_CURVE ( 'NONE', #2200, #2233, #74, .T. ) ;
#1388 = EDGE_CURVE ( 'NONE', #2259, #2249, #3424, .T. ) ;
#1389 = EDGE_CURVE ( 'NONE', #2178, #2179, #97, .T. ) ;
#1390 = EDGE_CURVE ( 'NONE', #2293, #2336, #3385, .T. ) ;
#1391 = EDGE_CURVE ( 'NONE', #2219, #2204, #61, .T. ) ;
#1392 = EDGE_CURVE ( 'NONE', #2270, #2364, #3403, .T. ) ;
#1393 = EDGE_CURVE ( 'NONE', #2276, #2244, #90, .T. ) ;
#1394 = EDGE_CURVE ( 'NONE', #2177, #2256, #3407, .T. ) ;
#1395 = EDGE_CURVE ( 'NONE', #2237, #2209, #102, .T. ) ;
#1396 = EDGE_CURVE ( 'NONE', #2255, #2263, #87, .T. ) ;
#1397 = EDGE_CURVE ( 'NONE', #2184, #2177, #3394, .T. ) ;
#1398 = EDGE_CURVE ( 'NONE', #2205, #2177, #3423, .T. ) ;
#1399 = EDGE_CURVE ( 'NONE', #2174, #2203, #105, .T. ) ;
#1400 = EDGE_CURVE ( 'NONE', #2233, #2176, #91, .T. ) ;
#1401 = EDGE_CURVE ( 'NONE', #2220, #2206, #92, .T. ) ;
#1402 = EDGE_CURVE ( 'NONE', #2263, #2211, #110, .T. ) ;
#1403 = EDGE_CURVE ( 'NONE', #2274, #2306, #3412, .T. ) ;
#1404 = EDGE_CURVE ( 'NONE', #2194, #2174, #113, .T. ) ;
#1405 = EDGE_CURVE ( 'NONE', #2214, #2182, #100, .T. ) ;
#1406 = EDGE_CURVE ( 'NONE', #2211, #2200, #111, .T. ) ;
#1407 = EDGE_CURVE ( 'NONE', #2184, #2238, #3448, .T. ) ;
#1408 = EDGE_CURVE ( 'NONE', #2205, #2235, #109, .T. ) ;
#1409 = EDGE_CURVE ( 'NONE', #2208, #2175, #3431, .T. ) ;
#1410 = EDGE_CURVE ( 'NONE', #2244, #2276, #112, .T. ) ;
#1411 = EDGE_CURVE ( 'NONE', #2288, #2287, #67, .T. ) ;
#1412 = EDGE_CURVE ( 'NONE', #2206, #2178, #98, .T. ) ;
#1413 = EDGE_CURVE ( 'NONE', #2187, #2244, #3430, .T. ) ;
#1414 = EDGE_CURVE ( 'NONE', #2225, #2198, #63, .T. ) ;
#1415 = EDGE_CURVE ( 'NONE', #2291, #2335, #106, .T. ) ;
#1416 = EDGE_CURVE ( 'NONE', #2305, #2349, #3446, .T. ) ;
#1417 = EDGE_CURVE ( 'NONE', #2217, #2198, #99, .T. ) ;
#1418 = EDGE_CURVE ( 'NONE', #2332, #2274, #3429, .T. ) ;
#1419 = EDGE_CURVE ( 'NONE', #2217, #2276, #3442, .T. ) ;
#1420 = EDGE_CURVE ( 'NONE', #2329, #2246, #3449, .T. ) ;
#1421 = EDGE_CURVE ( 'NONE', #2335, #2272, #3451, .T. ) ;
#1422 = EDGE_CURVE ( 'NONE', #2341, #2329, #3452, .T. ) ;
#1423 = EDGE_CURVE ( 'NONE', #2203, #2255, #78, .T. ) ;
#1424 = EDGE_CURVE ( 'NONE', #2204, #2220, #58, .T. ) ;
#1425 = EDGE_CURVE ( 'NONE', #2202, #2288, #3438, .T. ) ;
#1426 = EDGE_CURVE ( 'NONE', #2246, #2279, #3440, .T. ) ;
#1427 = EDGE_CURVE ( 'NONE', #2222, #2235, #3439, .T. ) ;
#1428 = EDGE_CURVE ( 'NONE', #2179, #2310, #75, .T. ) ;
#1429 = EDGE_CURVE ( 'NONE', #2349, #2305, #3457, .T. ) ;
#1430 = EDGE_CURVE ( 'NONE', #2332, #2267, #3453, .T. ) ;
#1431 = EDGE_CURVE ( 'NONE', #2305, #2241, #3450, .T. ) ;
#1432 = EDGE_CURVE ( 'NONE', #2323, #2298, #3435, .T. ) ;
#1433 = EDGE_CURVE ( 'NONE', #2335, #2294, #3441, .T. ) ;
#1434 = EDGE_CURVE ( 'NONE', #2302, #2269, #3433, .T. ) ;
#1435 = EDGE_CURVE ( 'NONE', #2309, #2302, #3223, .T. ) ;
#1436 = EDGE_CURVE ( 'NONE', #2269, #2326, #3219, .T. ) ;
#1437 = EDGE_CURVE ( 'NONE', #2300, #2293, #3213, .T. ) ;
#1438 = EDGE_CURVE ( 'NONE', #2313, #2272, #3198, .T. ) ;
#1439 = EDGE_CURVE ( 'NONE', #2292, #2177, #59, .T. ) ;
#1440 = EDGE_CURVE ( 'NONE', #2284, #2341, #3205, .T. ) ;
#1441 = EDGE_CURVE ( 'NONE', #2247, #2284, #3225, .T. ) ;
#1442 = EDGE_CURVE ( 'NONE', #2301, #2307, #103, .T. ) ;
#1443 = EDGE_CURVE ( 'NONE', #2247, #2326, #3208, .T. ) ;
#1444 = EDGE_CURVE ( 'NONE', #2322, #2361, #3214, .T. ) ;
#1445 = EDGE_CURVE ( 'NONE', #2362, #2290, #3221, .T. ) ;
#1446 = EDGE_CURVE ( 'NONE', #2343, #2269, #3216, .T. ) ;
#1447 = EDGE_CURVE ( 'NONE', #2322, #2301, #108, .T. ) ;
#1448 = EDGE_CURVE ( 'NONE', #2284, #2362, #3222, .T. ) ;
#1449 = EDGE_CURVE ( 'NONE', #2178, #2197, #107, .T. ) ;
#1450 = EDGE_CURVE ( 'NONE', #2361, #2322, #62, .T. ) ;
#1451 = EDGE_CURVE ( 'NONE', #2347, #2270, #3183, .T. ) ;
#1452 = EDGE_CURVE ( 'NONE', #2329, #2278, #3184, .T. ) ;
#1453 = EDGE_CURVE ( 'NONE', #2290, #2278, #3230, .T. ) ;
#1454 = EDGE_CURVE ( 'NONE', #2205, #2237, #81, .T. ) ;
#1455 = EDGE_CURVE ( 'NONE', #2307, #2240, #65, .T. ) ;
#1456 = EDGE_CURVE ( 'NONE', #2190, #2234, #3236, .T. ) ;
#1457 = EDGE_CURVE ( 'NONE', #2294, #2245, #3217, .T. ) ;
#1458 = EDGE_CURVE ( 'NONE', #2248, #2292, #82, .T. ) ;
#1459 = EDGE_CURVE ( 'NONE', #2310, #2265, #66, .T. ) ;
#1460 = EDGE_CURVE ( 'NONE', #2279, #2354, #3235, .T. ) ;
#1461 = EDGE_CURVE ( 'NONE', #2349, #2266, #3224, .T. ) ;
#1462 = EDGE_CURVE ( 'NONE', #2298, #2333, #3238, .T. ) ;
#1463 = EDGE_CURVE ( 'NONE', #2268, #2323, #3229, .T. ) ;
#1464 = EDGE_CURVE ( 'NONE', #2333, #2279, #3227, .T. ) ;
#1465 = EDGE_CURVE ( 'NONE', #2306, #2328, #3218, .T. ) ;
#1466 = EDGE_CURVE ( 'NONE', #2270, #2293, #3195, .T. ) ;
#1467 = EDGE_CURVE ( 'NONE', #2364, #2300, #68, .T. ) ;
#1468 = EDGE_CURVE ( 'NONE', #2279, #2309, #3192, .T. ) ;
#1469 = EDGE_CURVE ( 'NONE', #2243, #2251, #69, .T. ) ;
#1470 = EDGE_CURVE ( 'NONE', #2251, #2364, #3239, .T. ) ;
#1471 = EDGE_CURVE ( 'NONE', #2223, #2199, #70, .T. ) ;
#1472 = EDGE_CURVE ( 'NONE', #2266, #2241, #3194, .T. ) ;
#1473 = EDGE_CURVE ( 'NONE', #2341, #2290, #3182, .T. ) ;
#1474 = EDGE_CURVE ( 'NONE', #2274, #2296, #71, .T. ) ;
#1475 = EDGE_CURVE ( 'NONE', #2254, #2310, #84, .T. ) ;
#1476 = EDGE_CURVE ( 'NONE', #2301, #2240, #3237, .T. ) ;
#1477 = EDGE_CURVE ( 'NONE', #2277, #2354, #3189, .T. ) ;
#1478 = EDGE_CURVE ( 'NONE', #2241, #2266, #3211, .T. ) ;
#1479 = EDGE_CURVE ( 'NONE', #2267, #2313, #3233, .T. ) ;
#1480 = EDGE_CURVE ( 'NONE', #2302, #2247, #3206, .T. ) ;
#1481 = EDGE_CURVE ( 'NONE', #2336, #2277, #3278, .T. ) ;
#1482 = EDGE_CURVE ( 'NONE', #2252, #2248, #72, .T. ) ;
#1483 = EDGE_CURVE ( 'NONE', #2309, #2343, #3243, .T. ) ;
#1484 = EDGE_CURVE ( 'NONE', #2243, #2354, #3280, .T. ) ;
#1485 = EDGE_CURVE ( 'NONE', #2240, #2361, #73, .T. ) ;
#1486 = EDGE_CURVE ( 'NONE', #2251, #2347, #3299, .T. ) ;
#1487 = EDGE_CURVE ( 'NONE', #2326, #2362, #3261, .T. ) ;
#1488 = EDGE_CURVE ( 'NONE', #2268, #2336, #3244, .T. ) ;
#1489 = EDGE_CURVE ( 'NONE', #2294, #2313, #3264, .T. ) ;
#1490 = EDGE_CURVE ( 'NONE', #2289, #2192, #3295, .T. ) ;
#1491 = EDGE_CURVE ( 'NONE', #2250, #2188, #77, .T. ) ;
#1492 = EDGE_CURVE ( 'NONE', #2248, #2253, #3292, .T. ) ;
#1493 = EDGE_CURVE ( 'NONE', #2299, #2252, #3246, .T. ) ;
#1494 = EDGE_CURVE ( 'NONE', #2227, #2273, #79, .T. ) ;
#1495 = EDGE_CURVE ( 'NONE', #2271, #2221, #80, .T. ) ;
#1496 = EDGE_CURVE ( 'NONE', #2239, #2236, #3268, .T. ) ;
#1497 = EDGE_CURVE ( 'NONE', #2188, #2236, #93, .T. ) ;
#1498 = EDGE_CURVE ( 'NONE', #2193, #2261, #83, .T. ) ;
#1499 = EDGE_CURVE ( 'NONE', #2236, #2196, #85, .T. ) ;
#1500 = EDGE_CURVE ( 'NONE', #2217, #2262, #95, .T. ) ;
#1501 = EDGE_CURVE ( 'NONE', #2192, #2271, #3262, .T. ) ;
#1502 = EDGE_CURVE ( 'NONE', #2193, #2265, #3241, .T. ) ;
#1503 = EDGE_CURVE ( 'NONE', #2201, #2259, #3274, .T. ) ;
#1504 = EDGE_CURVE ( 'NONE', #2286, #2218, #88, .T. ) ;
#1505 = EDGE_CURVE ( 'NONE', #2212, #2208, #101, .T. ) ;
#1506 = EDGE_CURVE ( 'NONE', #2275, #2231, #89, .T. ) ;
#1507 = EDGE_CURVE ( 'NONE', #2297, #2285, #23, .T. ) ;
#1508 = EDGE_CURVE ( 'NONE', #2198, #2297, #3284, .T. ) ;
#1509 = EDGE_CURVE ( 'NONE', #2289, #2250, #13, .T. ) ;
#1510 = EDGE_CURVE ( 'NONE', #2285, #2208, #3240, .T. ) ;
#1511 = EDGE_CURVE ( 'NONE', #2189, #2174, #19, .T. ) ;
#1512 = EDGE_CURVE ( 'NONE', #2281, #2250, #3260, .T. ) ;
#1513 = EDGE_CURVE ( 'NONE', #2259, #2210, #21, .T. ) ;
#1514 = EDGE_CURVE ( 'NONE', #2192, #2221, #3263, .T. ) ;
#1515 = EDGE_CURVE ( 'NONE', #2292, #2184, #3293, .T. ) ;
#1516 = EDGE_CURVE ( 'NONE', #2299, #2261, #3247, .T. ) ;
#1517 = EDGE_CURVE ( 'NONE', #2273, #2299, #18, .T. ) ;
#1518 = EDGE_CURVE ( 'NONE', #2206, #2262, #3242, .T. ) ;
#1519 = EDGE_CURVE ( 'NONE', #2285, #2197, #3290, .T. ) ;
#1520 = EDGE_CURVE ( 'NONE', #2221, #2289, #17, .T. ) ;
#1521 = EDGE_CURVE ( 'NONE', #2218, #2212, #3250, .T. ) ;
#1522 = EDGE_CURVE ( 'NONE', #2231, #2180, #3248, .T. ) ;
#1523 = CARTESIAN_POINT ( 'NONE',  ( 5.999998048190043700, 7.712717677054732800, -32.07835541511610700 ) ) ;
#1524 = CARTESIAN_POINT ( 'NONE',  ( -1.951809957241157200E-006, -6.999995785688817300, -50.00000949586134900 ) ) ;
#1525 = CARTESIAN_POINT ( 'NONE',  ( -1.951809957241157200E-006, 7.712717677054732800, -32.07835541511611400 ) ) ;
#1526 = DIRECTION ( 'NONE',  ( 0.0000000000000000000, 0.7640177748365306600, -0.6451951950641267000 ) ) ;
#1527 = DIRECTION ( 'NONE',  ( 0.0000000000000000000, -0.8045823294032074000, 0.5938411195026064300 ) ) ;
#1528 = DIRECTION ( 'NONE',  ( 0.0000000000000000000, 0.6451951950641265900, 0.7640177748365305500 ) ) ;
#1529 = CARTESIAN_POINT ( 'NONE',  ( 3.000998048190044900, 4.293132233939329200, -26.75132364889981300 ) ) ;
#1530 = CARTESIAN_POINT ( 'NONE',  ( 2.999998048190043200, 1.977997450579959600, -27.15739061170765500 ) ) ;
#1531 = CARTESIAN_POINT ( 'NONE',  ( 2.999998048190043200, 1.747270701339515000, -25.84193387293631300 ) ) ;
#1532 = DIRECTION ( 'NONE',  ( 0.0000000000000000000, 0.1727594277455480100, -0.9849640501688529100 ) ) ;
#1533 = CARTESIAN_POINT ( 'NONE',  ( -1.951809957241156700E-006, 3.219012641468851600, -50.00000949586134900 ) ) ;
#1534 = PLANE ( 'NONE',  #2577 ) ;
#1535 = DIRECTION ( 'NONE',  ( 0.0000000000000000000, 0.1727594277455470300, -0.9849640501688532400 ) ) ;
#1536 = DIRECTION ( 'NONE',  ( -1.000000000000000000, 0.0000000000000000000, 0.0000000000000000000 ) ) ;
#1537 = PLANE ( 'NONE',  #2566 ) ;
#1538 = DIRECTION ( 'NONE',  ( 0.0000000000000000000, -0.9849640501688530200, -0.1727594277455480300 ) ) ;
#1539 = DIRECTION ( 'NONE',  ( 0.0000000000000000000, -0.5938411195026064300, -0.8045823294032074000 ) ) ;
#1540 = PLANE ( 'NONE',  #2576 ) ;
#1541 = CARTESIAN_POINT ( 'NONE',  ( 2.999998048190043200, -1.208872095591378800, -6.066169759875911900 ) ) ;
#1542 = DIRECTION ( 'NONE',  ( 0.0000000000000000000, 0.9849640501688532400, 0.1727594277455470300 ) ) ;
#1543 = CARTESIAN_POINT ( 'NONE',  ( -1.951809957241156700E-006, 9.703144855114729200, -42.10164493917754000 ) ) ;
#1544 = CARTESIAN_POINT ( 'NONE',  ( 5.999998048190042800, 3.219012641468851600, -50.00000949586134900 ) ) ;
#1545 = CARTESIAN_POINT ( 'NONE',  ( 5.999998048190043700, -6.999995785688817300, -50.00000949586135600 ) ) ;
#1546 = CARTESIAN_POINT ( 'NONE',  ( 5.999998048190042800, 9.703144855114729200, -42.10164493917754000 ) ) ;
#1547 = ORIENTED_EDGE ( 'NONE', *, *, #1306, .T. ) ;
#1548 = ORIENTED_EDGE ( 'NONE', *, *, #1456, .T. ) ;
#1549 = ORIENTED_EDGE ( 'NONE', *, *, #1517, .F. ) ;
#1550 = ORIENTED_EDGE ( 'NONE', *, *, #1459, .T. ) ;
#1551 = ORIENTED_EDGE ( 'NONE', *, *, #1427, .F. ) ;
#1552 = ORIENTED_EDGE ( 'NONE', *, *, #1475, .T. ) ;
#1553 = ORIENTED_EDGE ( 'NONE', *, *, #1428, .F. ) ;
#1554 = ORIENTED_EDGE ( 'NONE', *, *, #1395, .F. ) ;
#1555 = ORIENTED_EDGE ( 'NONE', *, *, #1314, .T. ) ;
#1556 = ORIENTED_EDGE ( 'NONE', *, *, #1450, .F. ) ;
#1557 = ORIENTED_EDGE ( 'NONE', *, *, #1447, .T. ) ;
#1558 = ORIENTED_EDGE ( 'NONE', *, *, #1459, .F. ) ;
#1559 = ORIENTED_EDGE ( 'NONE', *, *, #1352, .F. ) ;
#1560 = ORIENTED_EDGE ( 'NONE', *, *, #1500, .F. ) ;
#1561 = ORIENTED_EDGE ( 'NONE', *, *, #1302, .T. ) ;
#1562 = ORIENTED_EDGE ( 'NONE', *, *, #1449, .T. ) ;
#1563 = ORIENTED_EDGE ( 'NONE', *, *, #1495, .T. ) ;
#1564 = ORIENTED_EDGE ( 'NONE', *, *, #1299, .T. ) ;
#1565 = ORIENTED_EDGE ( 'NONE', *, *, #1520, .T. ) ;
#1566 = ORIENTED_EDGE ( 'NONE', *, *, #1509, .T. ) ;
#1567 = ORIENTED_EDGE ( 'NONE', *, *, #1335, .T. ) ;
#1568 = ORIENTED_EDGE ( 'NONE', *, *, #1321, .T. ) ;
#1569 = ORIENTED_EDGE ( 'NONE', *, *, #1504, .T. ) ;
#1570 = ORIENTED_EDGE ( 'NONE', *, *, #1318, .T. ) ;
#1571 = ORIENTED_EDGE ( 'NONE', *, *, #1355, .T. ) ;
#1572 = ORIENTED_EDGE ( 'NONE', *, *, #1360, .T. ) ;
#1573 = ORIENTED_EDGE ( 'NONE', *, *, #1458, .F. ) ;
#1574 = ORIENTED_EDGE ( 'NONE', *, *, #1417, .T. ) ;
#1575 = ORIENTED_EDGE ( 'NONE', *, *, #1389, .F. ) ;
#1576 = ORIENTED_EDGE ( 'NONE', *, *, #1503, .T. ) ;
#1577 = ORIENTED_EDGE ( 'NONE', *, *, #1311, .T. ) ;
#1578 = ORIENTED_EDGE ( 'NONE', *, *, #1308, .F. ) ;
#1579 = ORIENTED_EDGE ( 'NONE', *, *, #1519, .T. ) ;
#1580 = ORIENTED_EDGE ( 'NONE', *, *, #1405, .F. ) ;
#1581 = ORIENTED_EDGE ( 'NONE', *, *, #1493, .F. ) ;
#1582 = ORIENTED_EDGE ( 'NONE', *, *, #1447, .F. ) ;
#1583 = ORIENTED_EDGE ( 'NONE', *, *, #1376, .F. ) ;
#1584 = ORIENTED_EDGE ( 'NONE', *, *, #1515, .T. ) ;
#1585 = ORIENTED_EDGE ( 'NONE', *, *, #1508, .T. ) ;
#1586 = ORIENTED_EDGE ( 'NONE', *, *, #1491, .T. ) ;
#1587 = ORIENTED_EDGE ( 'NONE', *, *, #1475, .F. ) ;
#1588 = ORIENTED_EDGE ( 'NONE', *, *, #1502, .T. ) ;
#1589 = ORIENTED_EDGE ( 'NONE', *, *, #1492, .T. ) ;
#1590 = ORIENTED_EDGE ( 'NONE', *, *, #1333, .T. ) ;
#1591 = ORIENTED_EDGE ( 'NONE', *, *, #1482, .F. ) ;
#1592 = ORIENTED_EDGE ( 'NONE', *, *, #1449, .F. ) ;
#1593 = ORIENTED_EDGE ( 'NONE', *, *, #1397, .T. ) ;
#1594 = ORIENTED_EDGE ( 'NONE', *, *, #1317, .T. ) ;
#1595 = ORIENTED_EDGE ( 'NONE', *, *, #1355, .F. ) ;
#1596 = ORIENTED_EDGE ( 'NONE', *, *, #1327, .T. ) ;
#1597 = ORIENTED_EDGE ( 'NONE', *, *, #1391, .F. ) ;
#1598 = ORIENTED_EDGE ( 'NONE', *, *, #1365, .F. ) ;
#1599 = ORIENTED_EDGE ( 'NONE', *, *, #1353, .T. ) ;
#1600 = ORIENTED_EDGE ( 'NONE', *, *, #1511, .T. ) ;
#1601 = ORIENTED_EDGE ( 'NONE', *, *, #1514, .T. ) ;
#1602 = ORIENTED_EDGE ( 'NONE', *, *, #1339, .F. ) ;
#1603 = ORIENTED_EDGE ( 'NONE', *, *, #1332, .T. ) ;
#1604 = ORIENTED_EDGE ( 'NONE', *, *, #1356, .F. ) ;
#1605 = ORIENTED_EDGE ( 'NONE', *, *, #1357, .T. ) ;
#1606 = ORIENTED_EDGE ( 'NONE', *, *, #1350, .F. ) ;
#1607 = ORIENTED_EDGE ( 'NONE', *, *, #1359, .T. ) ;
#1608 = ORIENTED_EDGE ( 'NONE', *, *, #1346, .F. ) ;
#1609 = ORIENTED_EDGE ( 'NONE', *, *, #1321, .F. ) ;
#1610 = ORIENTED_EDGE ( 'NONE', *, *, #1348, .F. ) ;
#1611 = ORIENTED_EDGE ( 'NONE', *, *, #1349, .T. ) ;
#1612 = ORIENTED_EDGE ( 'NONE', *, *, #1366, .T. ) ;
#1613 = ORIENTED_EDGE ( 'NONE', *, *, #1368, .T. ) ;
#1614 = ORIENTED_EDGE ( 'NONE', *, *, #1507, .F. ) ;
#1615 = ORIENTED_EDGE ( 'NONE', *, *, #1406, .F. ) ;
#1616 = ORIENTED_EDGE ( 'NONE', *, *, #1340, .F. ) ;
#1617 = ORIENTED_EDGE ( 'NONE', *, *, #1402, .F. ) ;
#1618 = ORIENTED_EDGE ( 'NONE', *, *, #1491, .F. ) ;
#1619 = ORIENTED_EDGE ( 'NONE', *, *, #1499, .F. ) ;
#1620 = ORIENTED_EDGE ( 'NONE', *, *, #1521, .F. ) ;
#1621 = ORIENTED_EDGE ( 'NONE', *, *, #1514, .F. ) ;
#1622 = ORIENTED_EDGE ( 'NONE', *, *, #1357, .F. ) ;
#1623 = ORIENTED_EDGE ( 'NONE', *, *, #1305, .T. ) ;
#1624 = ORIENTED_EDGE ( 'NONE', *, *, #1316, .F. ) ;
#1625 = CARTESIAN_POINT ( 'NONE',  ( 0.09999804819004302900, -0.5281591360362135600, -5.760350273415813400 ) ) ;
#1626 = CARTESIAN_POINT ( 'NONE',  ( -6.000001951809959900, -21.71270924843241100, -32.07835541511630600 ) ) ;
#1627 = DIRECTION ( 'NONE',  ( 0.0000000000000000000, 0.0000000000000000000, -1.000000000000000000 ) ) ;
#1628 = PLANE ( 'NONE',  #2579 ) ;
#1629 = PLANE ( 'NONE',  #2584 ) ;
#1630 = DIRECTION ( 'NONE',  ( 0.0000000000000000000, 0.1947769387067124500, -0.9808475641750055200 ) ) ;
#1631 = CARTESIAN_POINT ( 'NONE',  ( -6.000001951809959000, -23.70313642649225700, -42.10164493917766000 ) ) ;
#1632 = CARTESIAN_POINT ( 'NONE',  ( -6.000001951809958100, -17.21900421284639600, -50.00000949586134900 ) ) ;
#1633 = DIRECTION ( 'NONE',  ( 0.0000000000000000000, 0.0000000000000000000, 1.000000000000000000 ) ) ;
#1634 = CARTESIAN_POINT ( 'NONE',  ( -0.1000019518099575200, -0.5281591360362135600, -5.760350273415813400 ) ) ;
#1635 = DIRECTION ( 'NONE',  ( 0.0000000000000000000, -0.2419579105098056400, 0.9702867460404315200 ) ) ;
#1636 = CARTESIAN_POINT ( 'NONE',  ( -1.951809957241157200E-006, 4.770174984529716300, -32.66268623123629300 ) ) ;
#1637 = CARTESIAN_POINT ( 'NONE',  ( -6.000001951809959000, -17.02188017022469100, -39.26099076182568100 ) ) ;
#1638 = CARTESIAN_POINT ( 'NONE',  ( -1.951809957241157200E-006, -23.70313642649225700, -42.10164493917766000 ) ) ;
#1639 = CARTESIAN_POINT ( 'NONE',  ( -6.000001951809958100, -13.13140084201627600, -44.00000949586134900 ) ) ;
#1640 = CARTESIAN_POINT ( 'NONE',  ( -6.000001951809959900, -6.999995785688814600, -44.00000949586134900 ) ) ;
#1641 = DIRECTION ( 'NONE',  ( 0.0000000000000000000, 0.9808475641750055200, 0.1947769387067123700 ) ) ;
#1642 = DIRECTION ( 'NONE',  ( 1.000000000000000000, 0.0000000000000000000, 0.0000000000000000000 ) ) ;
#1643 = CARTESIAN_POINT ( 'NONE',  ( 3.249998048190043200, 4.214310970508672300E-006, -8.381469368233847900 ) ) ;
#1644 = CARTESIAN_POINT ( 'NONE',  ( 2.406240082761412900E-015, -19.64844136641463400, 1.749999999999999800 ) ) ;
#1645 = DIRECTION ( 'NONE',  ( 0.0000000000000000000, -0.1975326433240704200, 0.9802963097050838600 ) ) ;
#1646 = CARTESIAN_POINT ( 'NONE',  ( -0.4500019518099572800, -1.208872095591378800, -6.066169759875911900 ) ) ;
#1647 = CARTESIAN_POINT ( 'NONE',  ( -1.951809957241156700E-006, -6.999995785688821700, -50.00000949586134900 ) ) ;
#1648 = CARTESIAN_POINT ( 'NONE',  ( -6.000001951809959900, -15.82762386338237300, -33.24701704735657900 ) ) ;
#1649 = DIRECTION ( 'NONE',  ( 1.000000000000000000, 0.0000000000000000000, 0.0000000000000000000 ) ) ;
#1650 = CARTESIAN_POINT ( 'NONE',  ( 0.4499980481900428500, -3.458544211377691600, -6.627164709759674600 ) ) ;
#1651 = DIRECTION ( 'NONE',  ( 1.000000000000000000, 0.0000000000000000000, 0.0000000000000000000 ) ) ;
#1652 = DIRECTION ( 'NONE',  ( 0.0000000000000000000, 0.1975326433240704200, -0.9802963097050838600 ) ) ;
#1653 = DIRECTION ( 'NONE',  ( 0.0000000000000000000, 0.9802963097050837500, 0.1975326433240703300 ) ) ;
#1654 = DIRECTION ( 'NONE',  ( 0.0000000000000000000, 0.0000000000000000000, -1.000000000000000000 ) ) ;
#1655 = CARTESIAN_POINT ( 'NONE',  ( -1.951809957241156300E-006, -17.21900421284638900, -50.00000949586135600 ) ) ;
#1656 = DIRECTION ( 'NONE',  ( 0.0000000000000000000, -0.9702867460404315200, -0.2419579105098056400 ) ) ;
#1657 = CARTESIAN_POINT ( 'NONE',  ( -1.098514742614264100, -6.999995785688817300, 3.999990504259475400 ) ) ;
#1658 = DIRECTION ( 'NONE',  ( 0.0000000000000000000, 0.0000000000000000000, -1.000000000000000000 ) ) ;
#1659 = CARTESIAN_POINT ( 'NONE',  ( -1.951809957241157200E-006, -21.71270924843241100, -32.07835541511630600 ) ) ;
#1660 = CARTESIAN_POINT ( 'NONE',  ( -6.000001951809959900, -6.999995785688820900, -50.00000949586135600 ) ) ;
#1661 = DIRECTION ( 'NONE',  ( 0.0000000000000000000, -0.9802963097050837500, -0.1975326433240703900 ) ) ;
#1662 = CARTESIAN_POINT ( 'NONE',  ( -1.951809957608550500E-006, -15.82762386338237100, -33.24701704735657900 ) ) ;
#1663 = CARTESIAN_POINT ( 'NONE',  ( -1.951809957608550500E-006, -17.02188017022469100, -39.26099076182568100 ) ) ;
#1664 = CARTESIAN_POINT ( 'NONE',  ( -1.951809957608550100E-006, -6.999995785688814600, -44.00000949586134200 ) ) ;
#1665 = CARTESIAN_POINT ( 'NONE',  ( -1.951809957608550100E-006, -13.13140084201627600, -44.00000949586134200 ) ) ;
#1666 = CARTESIAN_POINT ( 'NONE',  ( 2.999998048190043200, -1.208872095591378800, -6.066169759875911900 ) ) ;
#1667 = DIRECTION ( 'NONE',  ( 0.0000000000000000000, 0.1974294763067978000, -0.9803170925191622100 ) ) ;
#1668 = DIRECTION ( 'NONE',  ( 0.0000000000000000000, 0.2419579105098058600, -0.9702867460404315200 ) ) ;
#1669 = PLANE ( 'NONE',  #2573 ) ;
#1670 = DIRECTION ( 'NONE',  ( 0.0000000000000000000, 0.9702867460404315200, 0.2419579105098058600 ) ) ;
#1671 = CARTESIAN_POINT ( 'NONE',  ( -0.1000019518099575200, 4.230161601860756600, -30.11590516948111300 ) ) ;
#1672 = DIRECTION ( 'NONE',  ( 0.0000000000000000000, 0.9803170925191622100, 0.1974294763067977500 ) ) ;
#1673 = DIRECTION ( 'NONE',  ( 0.0000000000000000000, -0.1727594277455491200, 0.9849640501688528000 ) ) ;
#1674 = CARTESIAN_POINT ( 'NONE',  ( 3.249998048190043200, 4.214310970508672300E-006, -8.381469368233847900 ) ) ;
#1675 = PLANE ( 'NONE',  #2595 ) ;
#1676 = CARTESIAN_POINT ( 'NONE',  ( -0.4500019518099572800, -3.116570867416725400, -8.325200487101835000 ) ) ;
#1677 = PLANE ( 'NONE',  #2560 ) ;
#1678 = DIRECTION ( 'NONE',  ( 0.0000000000000000000, 0.6451951950641265900, 0.7640177748365307700 ) ) ;
#1679 = DIRECTION ( 'NONE',  ( -1.000000000000000000, 0.0000000000000000000, -0.0000000000000000000 ) ) ;
#1680 = DIRECTION ( 'NONE',  ( 0.0000000000000000000, 0.7640177748365307700, -0.6451951950641265900 ) ) ;
#1681 = CARTESIAN_POINT ( 'NONE',  ( 2.999998048190043200, 6.315185712434455900, -25.04073672957683500 ) ) ;
#1682 = DIRECTION ( 'NONE',  ( 1.000000000000000000, 0.0000000000000000000, 0.0000000000000000000 ) ) ;
#1683 = DIRECTION ( 'NONE',  ( 0.0000000000000000000, -0.9849640501688526900, -0.1727594277455490900 ) ) ;
#1684 = DIRECTION ( 'NONE',  ( 0.0000000000000000000, 0.0000000000000000000, -1.000000000000000000 ) ) ;
#1685 = CARTESIAN_POINT ( 'NONE',  ( -1.951809957608550900E-006, 3.021888598847126200, -39.26099076182561000 ) ) ;
#1686 = PLANE ( 'NONE',  #2564 ) ;
#1687 = CARTESIAN_POINT ( 'NONE',  ( -1.951809957608550900E-006, 1.827632292004714800, -33.24701704735646500 ) ) ;
#1688 = DIRECTION ( 'NONE',  ( 0.0000000000000000000, 0.6451951950641265900, 0.7640177748365307700 ) ) ;
#1689 = CARTESIAN_POINT ( 'NONE',  ( -3.250001951809957700, 4.214310970508672300E-006, -8.381469368233847900 ) ) ;
#1690 = CARTESIAN_POINT ( 'NONE',  ( 0.0000000000000000000, -20.00000000000000000, -7.900025000000001200 ) ) ;
#1691 = DIRECTION ( 'NONE',  ( -0.0000000000000000000, -0.0000000000000000000, 1.000000000000000000 ) ) ;
#1692 = DIRECTION ( 'NONE',  ( 0.0000000000000000000, 0.0000000000000000000, -1.000000000000000000 ) ) ;
#1693 = CARTESIAN_POINT ( 'NONE',  ( -0.4500019518099572800, -3.116570867416725400, -8.325200487101835000 ) ) ;
#1694 = PLANE ( 'NONE',  #2562 ) ;
#1695 = DIRECTION ( 'NONE',  ( 1.000000000000000000, 0.0000000000000000000, 0.0000000000000000000 ) ) ;
#1696 = DIRECTION ( 'NONE',  ( 1.000000000000000000, 0.0000000000000000000, 0.0000000000000000000 ) ) ;
#1697 = CARTESIAN_POINT ( 'NONE',  ( 5.999998048190043700, -6.999995785688817300, -44.00000949586134900 ) ) ;
#1698 = PLANE ( 'NONE',  #2568 ) ;
#1699 = DIRECTION ( 'NONE',  ( 0.0000000000000000000, 0.7640177748365307700, -0.6451951950641265900 ) ) ;
#1700 = CARTESIAN_POINT ( 'NONE',  ( 5.999998048190042800, -0.8685907293612942200, -44.00000949586134200 ) ) ;
#1701 = CARTESIAN_POINT ( 'NONE',  ( 2.999998048190043200, 4.293132233939329200, -26.75132364889981300 ) ) ;
#1702 = DIRECTION ( 'NONE',  ( 0.0000000000000000000, -0.8045823294032068400, 0.5938411195026071000 ) ) ;
#1703 = DIRECTION ( 'NONE',  ( 0.0000000000000000000, -0.5938411195026071000, -0.8045823294032068400 ) ) ;
#1704 = CARTESIAN_POINT ( 'NONE',  ( 5.999998048190042800, 3.021888598847126200, -39.26099076182561700 ) ) ;
#1705 = DIRECTION ( 'NONE',  ( 1.000000000000000000, 0.0000000000000000000, 0.0000000000000000000 ) ) ;
#1706 = CARTESIAN_POINT ( 'NONE',  ( 5.999998048190043700, 1.827632292004714600, -33.24701704735646500 ) ) ;
#1707 = DIRECTION ( 'NONE',  ( 0.0000000000000000000, 0.0000000000000000000, -1.000000000000000000 ) ) ;
#1708 = PLANE ( 'NONE',  #2569 ) ;
#1709 = CARTESIAN_POINT ( 'NONE',  ( 3.249998048190043200, 4.214310970508672300E-006, -8.381469368233847900 ) ) ;
#1710 = DIRECTION ( 'NONE',  ( 0.0000000000000000000, 0.9702867460404317500, 0.2419579105098049700 ) ) ;
#1711 = DIRECTION ( 'NONE',  ( 0.6427876096865434700, 0.7660444431189746800, 0.0000000000000000000 ) ) ;
#1712 = CARTESIAN_POINT ( 'NONE',  ( -1.951809957608550900E-006, -6.999995785688817300, -44.00000949586134200 ) ) ;
#1713 = CARTESIAN_POINT ( 'NONE',  ( 2.999998048190043700, 2.495123870924898800, 8.972968417610124100 ) ) ;
#1714 = CARTESIAN_POINT ( 'NONE',  ( -1.951809957608550900E-006, -0.8685907293612941100, -44.00000949586133500 ) ) ;
#1715 = CARTESIAN_POINT ( 'NONE',  ( 3.000998048190044900, 2.369988581077565400, -5.173718476926569400 ) ) ;
#1716 = DIRECTION ( 'NONE',  ( -0.7660444431189749000, 0.6427876096865430300, 0.0000000000000000000 ) ) ;
#1717 = DIRECTION ( 'NONE',  ( 0.0000000000000000000, 0.2419579105098049700, -0.9702867460404317500 ) ) ;
#1718 = CARTESIAN_POINT ( 'NONE',  ( 6.397665082640370000, -25.01671977765398600, 1.749999999999999800 ) ) ;
#1719 = DIRECTION ( 'NONE',  ( 0.0000000000000000000, 0.0000000000000000000, 1.000000000000000000 ) ) ;
#1720 = ORIENTED_EDGE ( 'NONE', *, *, #1497, .F. ) ;
#1721 = ORIENTED_EDGE ( 'NONE', *, *, #1301, .F. ) ;
#1722 = ORIENTED_EDGE ( 'NONE', *, *, #1510, .F. ) ;
#1723 = ORIENTED_EDGE ( 'NONE', *, *, #1361, .F. ) ;
#1724 = ORIENTED_EDGE ( 'NONE', *, *, #1490, .F. ) ;
#1725 = ORIENTED_EDGE ( 'NONE', *, *, #1354, .F. ) ;
#1726 = ORIENTED_EDGE ( 'NONE', *, *, #1496, .F. ) ;
#1727 = ORIENTED_EDGE ( 'NONE', *, *, #1387, .F. ) ;
#1728 = ORIENTED_EDGE ( 'NONE', *, *, #1423, .F. ) ;
#1729 = ORIENTED_EDGE ( 'NONE', *, *, #1351, .T. ) ;
#1730 = ORIENTED_EDGE ( 'NONE', *, *, #1358, .T. ) ;
#1731 = ORIENTED_EDGE ( 'NONE', *, *, #1358, .F. ) ;
#1732 = ORIENTED_EDGE ( 'NONE', *, *, #1412, .F. ) ;
#1733 = ORIENTED_EDGE ( 'NONE', *, *, #1311, .F. ) ;
#1734 = ORIENTED_EDGE ( 'NONE', *, *, #1369, .T. ) ;
#1735 = ORIENTED_EDGE ( 'NONE', *, *, #1399, .F. ) ;
#1736 = ORIENTED_EDGE ( 'NONE', *, *, #1329, .T. ) ;
#1737 = ORIENTED_EDGE ( 'NONE', *, *, #1394, .T. ) ;
#1738 = ORIENTED_EDGE ( 'NONE', *, *, #1330, .T. ) ;
#1739 = ORIENTED_EDGE ( 'NONE', *, *, #1354, .T. ) ;
#1740 = ORIENTED_EDGE ( 'NONE', *, *, #1329, .F. ) ;
#1741 = ORIENTED_EDGE ( 'NONE', *, *, #1499, .T. ) ;
#1742 = DIRECTION ( 'NONE',  ( 0.0000000000000000000, 0.0000000000000000000, -1.000000000000000000 ) ) ;
#1743 = DIRECTION ( 'NONE',  ( 0.0000000000000000000, -0.1727594277455491200, 0.9849640501688528000 ) ) ;
#1744 = DIRECTION ( 'NONE',  ( 0.0000000000000000000, -0.9849640501688526900, -0.1727594277455490900 ) ) ;
#1745 = PLANE ( 'NONE',  #2567 ) ;
#1746 = PLANE ( 'NONE',  #2578 ) ;
#1747 = CARTESIAN_POINT ( 'NONE',  ( -3.000001951809957700, 2.314700162108528100, -5.187505607776008900 ) ) ;
#1748 = CARTESIAN_POINT ( 'NONE',  ( 2.999998048190043200, 6.315185712434455900, -25.04073672957683500 ) ) ;
#1749 = CARTESIAN_POINT ( 'NONE',  ( -1.951809957241157200E-006, -18.77016655590738400, -32.66268623123644900 ) ) ;
#1750 = PLANE ( 'NONE',  #2571 ) ;
#1751 = PLANE ( 'NONE',  #2587 ) ;
#1752 = ORIENTED_EDGE ( 'NONE', *, *, #1380, .T. ) ;
#1753 = ORIENTED_EDGE ( 'NONE', *, *, #1456, .F. ) ;
#1754 = ORIENTED_EDGE ( 'NONE', *, *, #1477, .T. ) ;
#1755 = ORIENTED_EDGE ( 'NONE', *, *, #1428, .T. ) ;
#1756 = ORIENTED_EDGE ( 'NONE', *, *, #1398, .F. ) ;
#1757 = ORIENTED_EDGE ( 'NONE', *, *, #1432, .F. ) ;
#1758 = ORIENTED_EDGE ( 'NONE', *, *, #1488, .T. ) ;
#1759 = ORIENTED_EDGE ( 'NONE', *, *, #1463, .F. ) ;
#1760 = ORIENTED_EDGE ( 'NONE', *, *, #1426, .F. ) ;
#1761 = ORIENTED_EDGE ( 'NONE', *, *, #2565, .F. ) ;
#1762 = ORIENTED_EDGE ( 'NONE', *, *, #1362, .T. ) ;
#1763 = ORIENTED_EDGE ( 'NONE', *, *, #1359, .F. ) ;
#1764 = CYLINDRICAL_SURFACE ( 'NONE', #2536, 4.250000000000000000 ) ;
#1765 = ORIENTED_EDGE ( 'NONE', *, *, #1394, .F. ) ;
#1766 = ORIENTED_EDGE ( 'NONE', *, *, #1401, .F. ) ;
#1767 = ORIENTED_EDGE ( 'NONE', *, *, #1349, .F. ) ;
#1768 = ORIENTED_EDGE ( 'NONE', *, *, #1498, .T. ) ;
#1769 = ORIENTED_EDGE ( 'NONE', *, *, #1375, .T. ) ;
#1770 = ORIENTED_EDGE ( 'NONE', *, *, #1386, .T. ) ;
#1771 = ORIENTED_EDGE ( 'NONE', *, *, #1493, .T. ) ;
#1772 = ORIENTED_EDGE ( 'NONE', *, *, #1360, .F. ) ;
#1773 = ORIENTED_EDGE ( 'NONE', *, *, #1351, .F. ) ;
#1774 = ORIENTED_EDGE ( 'NONE', *, *, #1307, .T. ) ;
#1775 = ORIENTED_EDGE ( 'NONE', *, *, #1502, .F. ) ;
#1776 = ORIENTED_EDGE ( 'NONE', *, *, #1397, .F. ) ;
#1777 = ORIENTED_EDGE ( 'NONE', *, *, #1519, .F. ) ;
#1778 = ORIENTED_EDGE ( 'NONE', *, *, #1352, .T. ) ;
#1779 = ORIENTED_EDGE ( 'NONE', *, *, #1413, .T. ) ;
#1780 = ORIENTED_EDGE ( 'NONE', *, *, #1317, .F. ) ;
#1781 = ORIENTED_EDGE ( 'NONE', *, *, #1407, .F. ) ;
#1782 = ORIENTED_EDGE ( 'NONE', *, *, #1334, .T. ) ;
#1783 = FACE_OUTER_BOUND ( 'NONE', #2131, .T. ) ;
#1784 = ORIENTED_EDGE ( 'NONE', *, *, #1404, .F. ) ;
#1785 = ORIENTED_EDGE ( 'NONE', *, *, #1522, .F. ) ;
#1786 = ORIENTED_EDGE ( 'NONE', *, *, #1306, .F. ) ;
#1787 = ORIENTED_EDGE ( 'NONE', *, *, #1308, .T. ) ;
#1788 = ORIENTED_EDGE ( 'NONE', *, *, #1336, .T. ) ;
#1789 = ORIENTED_EDGE ( 'NONE', *, *, #1515, .F. ) ;
#1790 = ORIENTED_EDGE ( 'NONE', *, *, #1386, .F. ) ;
#1791 = ORIENTED_EDGE ( 'NONE', *, *, #1500, .T. ) ;
#1792 = ORIENTED_EDGE ( 'NONE', *, *, #1375, .F. ) ;
#1793 = ORIENTED_EDGE ( 'NONE', *, *, #1339, .T. ) ;
#1794 = ORIENTED_EDGE ( 'NONE', *, *, #1410, .T. ) ;
#1795 = ORIENTED_EDGE ( 'NONE', *, *, #1517, .T. ) ;
#1796 = ORIENTED_EDGE ( 'NONE', *, *, #1516, .T. ) ;
#1797 = ORIENTED_EDGE ( 'NONE', *, *, #1318, .F. ) ;
#1798 = ORIENTED_EDGE ( 'NONE', *, *, #1510, .T. ) ;
#1799 = ORIENTED_EDGE ( 'NONE', *, *, #1508, .F. ) ;
#1800 = ORIENTED_EDGE ( 'NONE', *, *, #1322, .T. ) ;
#1801 = ORIENTED_EDGE ( 'NONE', *, *, #1304, .F. ) ;
#1802 = ORIENTED_EDGE ( 'NONE', *, *, #1301, .T. ) ;
#1803 = ORIENTED_EDGE ( 'NONE', *, *, #1411, .T. ) ;
#1804 = ORIENTED_EDGE ( 'NONE', *, *, #1348, .T. ) ;
#1805 = ORIENTED_EDGE ( 'NONE', *, *, #1494, .F. ) ;
#1806 = ORIENTED_EDGE ( 'NONE', *, *, #1381, .F. ) ;
#1807 = ORIENTED_EDGE ( 'NONE', *, *, #1512, .F. ) ;
#1808 = ORIENTED_EDGE ( 'NONE', *, *, #1513, .F. ) ;
#1809 = ORIENTED_EDGE ( 'NONE', *, *, #1342, .T. ) ;
#1810 = ORIENTED_EDGE ( 'NONE', *, *, #1506, .F. ) ;
#1811 = ORIENTED_EDGE ( 'NONE', *, *, #1342, .F. ) ;
#1812 = ORIENTED_EDGE ( 'NONE', *, *, #1496, .T. ) ;
#1813 = ORIENTED_EDGE ( 'NONE', *, *, #1504, .F. ) ;
#1814 = ORIENTED_EDGE ( 'NONE', *, *, #1490, .T. ) ;
#1815 = ORIENTED_EDGE ( 'NONE', *, *, #1498, .F. ) ;
#1816 = ORIENTED_EDGE ( 'NONE', *, *, #1505, .F. ) ;
#1817 = ORIENTED_EDGE ( 'NONE', *, *, #1506, .T. ) ;
#1818 = ORIENTED_EDGE ( 'NONE', *, *, #1509, .F. ) ;
#1819 = ORIENTED_EDGE ( 'NONE', *, *, #1304, .T. ) ;
#1820 = ORIENTED_EDGE ( 'NONE', *, *, #1326, .T. ) ;
#1821 = ORIENTED_EDGE ( 'NONE', *, *, #1302, .F. ) ;
#1822 = ORIENTED_EDGE ( 'NONE', *, *, #1511, .F. ) ;
#1823 = ORIENTED_EDGE ( 'NONE', *, *, #1520, .F. ) ;
#1824 = ORIENTED_EDGE ( 'NONE', *, *, #1320, .F. ) ;
#1825 = ORIENTED_EDGE ( 'NONE', *, *, #1516, .F. ) ;
#1826 = ORIENTED_EDGE ( 'NONE', *, *, #1512, .T. ) ;
#1827 = ORIENTED_EDGE ( 'NONE', *, *, #1494, .T. ) ;
#1828 = ORIENTED_EDGE ( 'NONE', *, *, #1319, .T. ) ;
#1829 = ORIENTED_EDGE ( 'NONE', *, *, #1333, .F. ) ;
#1830 = ORIENTED_EDGE ( 'NONE', *, *, #1330, .F. ) ;
#1831 = ORIENTED_EDGE ( 'NONE', *, *, #1522, .T. ) ;
#1832 = ORIENTED_EDGE ( 'NONE', *, *, #1327, .F. ) ;
#1833 = ORIENTED_EDGE ( 'NONE', *, *, #1425, .T. ) ;
#1834 = ORIENTED_EDGE ( 'NONE', *, *, #1307, .F. ) ;
#1835 = ORIENTED_EDGE ( 'NONE', *, *, #1518, .F. ) ;
#1836 = ORIENTED_EDGE ( 'NONE', *, *, #1299, .F. ) ;
#1837 = ORIENTED_EDGE ( 'NONE', *, *, #1361, .T. ) ;
#1838 = ORIENTED_EDGE ( 'NONE', *, *, #1419, .F. ) ;
#1839 = ORIENTED_EDGE ( 'NONE', *, *, #1492, .F. ) ;
#1840 = ORIENTED_EDGE ( 'NONE', *, *, #1414, .F. ) ;
#1841 = ORIENTED_EDGE ( 'NONE', *, *, #1325, .F. ) ;
#1842 = ORIENTED_EDGE ( 'NONE', *, *, #1388, .T. ) ;
#1843 = ORIENTED_EDGE ( 'NONE', *, *, #1326, .F. ) ;
#1844 = ORIENTED_EDGE ( 'NONE', *, *, #1305, .F. ) ;
#1845 = ORIENTED_EDGE ( 'NONE', *, *, #1353, .F. ) ;
#1846 = ORIENTED_EDGE ( 'NONE', *, *, #1495, .F. ) ;
#1847 = ORIENTED_EDGE ( 'NONE', *, *, #1356, .T. ) ;
#1848 = ORIENTED_EDGE ( 'NONE', *, *, #1396, .F. ) ;
#1849 = ORIENTED_EDGE ( 'NONE', *, *, #1350, .T. ) ;
#1850 = ORIENTED_EDGE ( 'NONE', *, *, #1340, .T. ) ;
#1851 = ORIENTED_EDGE ( 'NONE', *, *, #1400, .F. ) ;
#1852 = ORIENTED_EDGE ( 'NONE', *, *, #1501, .F. ) ;
#1853 = ORIENTED_EDGE ( 'NONE', *, *, #1501, .T. ) ;
#1854 = ORIENTED_EDGE ( 'NONE', *, *, #1464, .F. ) ;
#1855 = ORIENTED_EDGE ( 'NONE', *, *, #1460, .F. ) ;
#1856 = ORIENTED_EDGE ( 'NONE', *, *, #1444, .T. ) ;
#1857 = ORIENTED_EDGE ( 'NONE', *, *, #1471, .F. ) ;
#1858 = ORIENTED_EDGE ( 'NONE', *, *, #1347, .T. ) ;
#1859 = ORIENTED_EDGE ( 'NONE', *, *, #2591, .T. ) ;
#1860 = ORIENTED_EDGE ( 'NONE', *, *, #1408, .T. ) ;
#1861 = ORIENTED_EDGE ( 'NONE', *, *, #1485, .F. ) ;
#1862 = ORIENTED_EDGE ( 'NONE', *, *, #1480, .F. ) ;
#1863 = ORIENTED_EDGE ( 'NONE', *, *, #1434, .F. ) ;
#1864 = ORIENTED_EDGE ( 'NONE', *, *, #1441, .F. ) ;
#1865 = ORIENTED_EDGE ( 'NONE', *, *, #1473, .T. ) ;
#1866 = ORIENTED_EDGE ( 'NONE', *, *, #1474, .T. ) ;
#1867 = ORIENTED_EDGE ( 'NONE', *, *, #1312, .F. ) ;
#1868 = ORIENTED_EDGE ( 'NONE', *, *, #1344, .F. ) ;
#1869 = ORIENTED_EDGE ( 'NONE', *, *, #1415, .T. ) ;
#1870 = ORIENTED_EDGE ( 'NONE', *, *, #1478, .T. ) ;
#1871 = ORIENTED_EDGE ( 'NONE', *, *, #1483, .F. ) ;
#1872 = ORIENTED_EDGE ( 'NONE', *, *, #1309, .T. ) ;
#1873 = ORIENTED_EDGE ( 'NONE', *, *, #1485, .T. ) ;
#1874 = ORIENTED_EDGE ( 'NONE', *, *, #1464, .T. ) ;
#1875 = ORIENTED_EDGE ( 'NONE', *, *, #1481, .T. ) ;
#1876 = ORIENTED_EDGE ( 'NONE', *, *, #1432, .T. ) ;
#1877 = ORIENTED_EDGE ( 'NONE', *, *, #2574, .F. ) ;
#1878 = ORIENTED_EDGE ( 'NONE', *, *, #2580, .F. ) ;
#1879 = ORIENTED_EDGE ( 'NONE', *, *, #1303, .F. ) ;
#1880 = ORIENTED_EDGE ( 'NONE', *, *, #1450, .T. ) ;
#1881 = ORIENTED_EDGE ( 'NONE', *, *, #1482, .T. ) ;
#1882 = ORIENTED_EDGE ( 'NONE', *, *, #1429, .T. ) ;
#1883 = ORIENTED_EDGE ( 'NONE', *, *, #1454, .F. ) ;
#1884 = ORIENTED_EDGE ( 'NONE', *, *, #1462, .F. ) ;
#1885 = ORIENTED_EDGE ( 'NONE', *, *, #1458, .T. ) ;
#1886 = ORIENTED_EDGE ( 'NONE', *, *, #2575, .F. ) ;
#1887 = ORIENTED_EDGE ( 'NONE', *, *, #1345, .F. ) ;
#1888 = ORIENTED_EDGE ( 'NONE', *, *, #1455, .T. ) ;
#1889 = ORIENTED_EDGE ( 'NONE', *, *, #2594, .F. ) ;
#1890 = ORIENTED_EDGE ( 'NONE', *, *, #1298, .F. ) ;
#1891 = CLOSED_SHELL ( 'NONE', ( #1248, #1270, #1265, #1288, #1240, #1269, #1235, #1279, #1233, #1245, #2441, #2434, #1272, #1287, #1255, #1274, #1271, #1258, #1266, #2429, #1238, #1273, #1246, #1263, #1237, #1267, #1228, #1236, #1249, #1283, #1253, #1268, #1281, #1291, #1251, #1261, #1262, #1231, #1252, #1260, #1254, #1257, #1280, #1244, #1229, #1286, #1289, #1256, #1277, #1290, #1239, #1282, #1250, #1285, #1230, #1259, #1275, #1243, #1232, #1278, #1241 ) ) ;
#1892 = ORIENTED_EDGE ( 'NONE', *, *, #1461, .F. ) ;
#1893 = ORIENTED_EDGE ( 'NONE', *, *, #1427, .T. ) ;
#1894 = ORIENTED_EDGE ( 'NONE', *, *, #1471, .T. ) ;
#1895 = ORIENTED_EDGE ( 'NONE', *, *, #1473, .F. ) ;
#1896 = ORIENTED_EDGE ( 'NONE', *, *, #1315, .T. ) ;
#1897 = ORIENTED_EDGE ( 'NONE', *, *, #1439, .T. ) ;
#1898 = ORIENTED_EDGE ( 'NONE', *, *, #1442, .T. ) ;
#1899 = ORIENTED_EDGE ( 'NONE', *, *, #1444, .F. ) ;
#1900 = ORIENTED_EDGE ( 'NONE', *, *, #2580, .T. ) ;
#1901 = ORIENTED_EDGE ( 'NONE', *, *, #1367, .T. ) ;
#1902 = ORIENTED_EDGE ( 'NONE', *, *, #1337, .F. ) ;
#1903 = ORIENTED_EDGE ( 'NONE', *, *, #1455, .F. ) ;
#1904 = ORIENTED_EDGE ( 'NONE', *, *, #2582, .T. ) ;
#1905 = ORIENTED_EDGE ( 'NONE', *, *, #1454, .T. ) ;
#1906 = ORIENTED_EDGE ( 'NONE', *, *, #1462, .T. ) ;
#1907 = ORIENTED_EDGE ( 'NONE', *, *, #1448, .T. ) ;
#1908 = ORIENTED_EDGE ( 'NONE', *, *, #2592, .T. ) ;
#1909 = ORIENTED_EDGE ( 'NONE', *, *, #2594, .T. ) ;
#1910 = ORIENTED_EDGE ( 'NONE', *, *, #1431, .T. ) ;
#1911 = ORIENTED_EDGE ( 'NONE', *, *, #1470, .T. ) ;
#1912 = ORIENTED_EDGE ( 'NONE', *, *, #1452, .F. ) ;
#1913 = ORIENTED_EDGE ( 'NONE', *, *, #1476, .T. ) ;
#1914 = ORIENTED_EDGE ( 'NONE', *, *, #1442, .F. ) ;
#1915 = ORIENTED_EDGE ( 'NONE', *, *, #1448, .F. ) ;
#1916 = ORIENTED_EDGE ( 'NONE', *, *, #1484, .F. ) ;
#1917 = ORIENTED_EDGE ( 'NONE', *, *, #2575, .T. ) ;
#1918 = ORIENTED_EDGE ( 'NONE', *, *, #1370, .T. ) ;
#1919 = ORIENTED_EDGE ( 'NONE', *, *, #1440, .T. ) ;
#1920 = ORIENTED_EDGE ( 'NONE', *, *, #1436, .T. ) ;
#1921 = ORIENTED_EDGE ( 'NONE', *, *, #1467, .T. ) ;
#1922 = ORIENTED_EDGE ( 'NONE', *, *, #1453, .T. ) ;
#1923 = ORIENTED_EDGE ( 'NONE', *, *, #1420, .T. ) ;
#1924 = ORIENTED_EDGE ( 'NONE', *, *, #2582, .F. ) ;
#1925 = ORIENTED_EDGE ( 'NONE', *, *, #1403, .F. ) ;
#1926 = ORIENTED_EDGE ( 'NONE', *, *, #1465, .T. ) ;
#1927 = ORIENTED_EDGE ( 'NONE', *, *, #1441, .T. ) ;
#1928 = ORIENTED_EDGE ( 'NONE', *, *, #2591, .F. ) ;
#1929 = ORIENTED_EDGE ( 'NONE', *, *, #2586, .F. ) ;
#1930 = ORIENTED_EDGE ( 'NONE', *, *, #1483, .T. ) ;
#1931 = ORIENTED_EDGE ( 'NONE', *, *, #1374, .F. ) ;
#1932 = ORIENTED_EDGE ( 'NONE', *, *, #1364, .F. ) ;
#1933 = ORIENTED_EDGE ( 'NONE', *, *, #1418, .T. ) ;
#1934 = ORIENTED_EDGE ( 'NONE', *, *, #1446, .F. ) ;
#1935 = ORIENTED_EDGE ( 'NONE', *, *, #1420, .F. ) ;
#1936 = ORIENTED_EDGE ( 'NONE', *, *, #1416, .F. ) ;
#1937 = ORIENTED_EDGE ( 'NONE', *, *, #2586, .T. ) ;
#1938 = ORIENTED_EDGE ( 'NONE', *, *, #1421, .T. ) ;
#1939 = ORIENTED_EDGE ( 'NONE', *, *, #1463, .T. ) ;
#1940 = ORIENTED_EDGE ( 'NONE', *, *, #1452, .T. ) ;
#1941 = ORIENTED_EDGE ( 'NONE', *, *, #1488, .F. ) ;
#1942 = ORIENTED_EDGE ( 'NONE', *, *, #1466, .T. ) ;
#1943 = ORIENTED_EDGE ( 'NONE', *, *, #1438, .F. ) ;
#1944 = ORIENTED_EDGE ( 'NONE', *, *, #1487, .F. ) ;
#1945 = ORIENTED_EDGE ( 'NONE', *, *, #1479, .F. ) ;
#1946 = ORIENTED_EDGE ( 'NONE', *, *, #1434, .T. ) ;
#1947 = ORIENTED_EDGE ( 'NONE', *, *, #1489, .T. ) ;
#1948 = ORIENTED_EDGE ( 'NONE', *, *, #1453, .F. ) ;
#1949 = ORIENTED_EDGE ( 'NONE', *, *, #1443, .T. ) ;
#1950 = ORIENTED_EDGE ( 'NONE', *, *, #1460, .T. ) ;
#1951 = ORIENTED_EDGE ( 'NONE', *, *, #1422, .T. ) ;
#1952 = ORIENTED_EDGE ( 'NONE', *, *, #1440, .F. ) ;
#1953 = ORIENTED_EDGE ( 'NONE', *, *, #1370, .F. ) ;
#1954 = ORIENTED_EDGE ( 'NONE', *, *, #1466, .F. ) ;
#1955 = ORIENTED_EDGE ( 'NONE', *, *, #1372, .T. ) ;
#1956 = ORIENTED_EDGE ( 'NONE', *, *, #1437, .T. ) ;
#1957 = ORIENTED_EDGE ( 'NONE', *, *, #1489, .F. ) ;
#1958 = ORIENTED_EDGE ( 'NONE', *, *, #1469, .T. ) ;
#1959 = ORIENTED_EDGE ( 'NONE', *, *, #1445, .F. ) ;
#1960 = ORIENTED_EDGE ( 'NONE', *, *, #1465, .F. ) ;
#1961 = ORIENTED_EDGE ( 'NONE', *, *, #1487, .T. ) ;
#1962 = ORIENTED_EDGE ( 'NONE', *, *, #1480, .T. ) ;
#1963 = ORIENTED_EDGE ( 'NONE', *, *, #2572, .F. ) ;
#1964 = ORIENTED_EDGE ( 'NONE', *, *, #1435, .F. ) ;
#1965 = ORIENTED_EDGE ( 'NONE', *, *, #1451, .T. ) ;
#1966 = ORIENTED_EDGE ( 'NONE', *, *, #1446, .T. ) ;
#1967 = ORIENTED_EDGE ( 'NONE', *, *, #2574, .T. ) ;
#1968 = ORIENTED_EDGE ( 'NONE', *, *, #1468, .F. ) ;
#1969 = ORIENTED_EDGE ( 'NONE', *, *, #1363, .F. ) ;
#1970 = ORIENTED_EDGE ( 'NONE', *, *, #1426, .T. ) ;
#1971 = ORIENTED_EDGE ( 'NONE', *, *, #2572, .T. ) ;
#1972 = ORIENTED_EDGE ( 'NONE', *, *, #1435, .T. ) ;
#1973 = ORIENTED_EDGE ( 'NONE', *, *, #1470, .F. ) ;
#1974 = ORIENTED_EDGE ( 'NONE', *, *, #1418, .F. ) ;
#1975 = ORIENTED_EDGE ( 'NONE', *, *, #1379, .T. ) ;
#1976 = ORIENTED_EDGE ( 'NONE', *, *, #1478, .F. ) ;
#1977 = ORIENTED_EDGE ( 'NONE', *, *, #1443, .F. ) ;
#1978 = ORIENTED_EDGE ( 'NONE', *, *, #2565, .T. ) ;
#1979 = ORIENTED_EDGE ( 'NONE', *, *, #1422, .F. ) ;
#1980 = ORIENTED_EDGE ( 'NONE', *, *, #1445, .T. ) ;
#1981 = ORIENTED_EDGE ( 'NONE', *, *, #1468, .T. ) ;
#1982 = ORIENTED_EDGE ( 'NONE', *, *, #1315, .F. ) ;
#1983 = ORIENTED_EDGE ( 'NONE', *, *, #1373, .T. ) ;
#1984 = ORIENTED_EDGE ( 'NONE', *, *, #1481, .F. ) ;
#1985 = ORIENTED_EDGE ( 'NONE', *, *, #1384, .T. ) ;
#1986 = ORIENTED_EDGE ( 'NONE', *, *, #1324, .T. ) ;
#1987 = ORIENTED_EDGE ( 'NONE', *, *, #1362, .F. ) ;
#1988 = ORIENTED_EDGE ( 'NONE', *, *, #1436, .F. ) ;
#1989 = ORIENTED_EDGE ( 'NONE', *, *, #1341, .F. ) ;
#1990 = ORIENTED_EDGE ( 'NONE', *, *, #1328, .T. ) ;
#1991 = ORIENTED_EDGE ( 'NONE', *, *, #1298, .T. ) ;
#1992 = ORIENTED_EDGE ( 'NONE', *, *, #1437, .F. ) ;
#1993 = ORIENTED_EDGE ( 'NONE', *, *, #1344, .T. ) ;
#1994 = ORIENTED_EDGE ( 'NONE', *, *, #1395, .T. ) ;
#1995 = ORIENTED_EDGE ( 'NONE', *, *, #1374, .T. ) ;
#1996 = ORIENTED_EDGE ( 'NONE', *, *, #1373, .F. ) ;
#1997 = ORIENTED_EDGE ( 'NONE', *, *, #1486, .F. ) ;
#1998 = ORIENTED_EDGE ( 'NONE', *, *, #1372, .F. ) ;
#1999 = ORIENTED_EDGE ( 'NONE', *, *, #1392, .T. ) ;
#2000 = ORIENTED_EDGE ( 'NONE', *, *, #1416, .T. ) ;
#2001 = ORIENTED_EDGE ( 'NONE', *, *, #1451, .F. ) ;
#2002 = ORIENTED_EDGE ( 'NONE', *, *, #1484, .T. ) ;
#2003 = ORIENTED_EDGE ( 'NONE', *, *, #1438, .T. ) ;
#2004 = ORIENTED_EDGE ( 'NONE', *, *, #1390, .T. ) ;
#2005 = ORIENTED_EDGE ( 'NONE', *, *, #1433, .F. ) ;
#2006 = ORIENTED_EDGE ( 'NONE', *, *, #1377, .F. ) ;
#2007 = ORIENTED_EDGE ( 'NONE', *, *, #1457, .T. ) ;
#2008 = ORIENTED_EDGE ( 'NONE', *, *, #1403, .T. ) ;
#2009 = ORIENTED_EDGE ( 'NONE', *, *, #1371, .T. ) ;
#2010 = ORIENTED_EDGE ( 'NONE', *, *, #1415, .F. ) ;
#2011 = ORIENTED_EDGE ( 'NONE', *, *, #1385, .F. ) ;
#2012 = ORIENTED_EDGE ( 'NONE', *, *, #2592, .F. ) ;
#2013 = ORIENTED_EDGE ( 'NONE', *, *, #1382, .T. ) ;
#2014 = ORIENTED_EDGE ( 'NONE', *, *, #1430, .T. ) ;
#2015 = ORIENTED_EDGE ( 'NONE', *, *, #1486, .T. ) ;
#2016 = ORIENTED_EDGE ( 'NONE', *, *, #1390, .F. ) ;
#2017 = ORIENTED_EDGE ( 'NONE', *, *, #1433, .T. ) ;
#2018 = ORIENTED_EDGE ( 'NONE', *, *, #1364, .T. ) ;
#2019 = ORIENTED_EDGE ( 'NONE', *, *, #1479, .T. ) ;
#2020 = ORIENTED_EDGE ( 'NONE', *, *, #1363, .T. ) ;
#2021 = ORIENTED_EDGE ( 'NONE', *, *, #1469, .F. ) ;
#2022 = ORIENTED_EDGE ( 'NONE', *, *, #1472, .F. ) ;
#2023 = ORIENTED_EDGE ( 'NONE', *, *, #1382, .F. ) ;
#2024 = ORIENTED_EDGE ( 'NONE', *, *, #1421, .F. ) ;
#2025 = CLOSED_SHELL ( 'NONE', ( #2445, #2446, #2451, #2447, #2444, #2449, #2430, #2431, #2439, #2450, #2452, #2433, #2448, #2442, #2443, #2437, #2440, #2438, #2436, #2435, #1284, #1264, #1293, #1242, #1292, #1276, #1294, #1247, #1234, #2432 ) ) ;
#2026 = ORIENTED_EDGE ( 'NONE', *, *, #1381, .T. ) ;
#2027 = ORIENTED_EDGE ( 'NONE', *, *, #1393, .F. ) ;
#2028 = ORIENTED_EDGE ( 'NONE', *, *, #1366, .F. ) ;
#2029 = ORIENTED_EDGE ( 'NONE', *, *, #1430, .F. ) ;
#2030 = ORIENTED_EDGE ( 'NONE', *, *, #1467, .F. ) ;
#2031 = ORIENTED_EDGE ( 'NONE', *, *, #1431, .F. ) ;
#2032 = ORIENTED_EDGE ( 'NONE', *, *, #1377, .T. ) ;
#2033 = ORIENTED_EDGE ( 'NONE', *, *, #1429, .F. ) ;
#2034 = ORIENTED_EDGE ( 'NONE', *, *, #1477, .F. ) ;
#2035 = ORIENTED_EDGE ( 'NONE', *, *, #1368, .F. ) ;
#2036 = ORIENTED_EDGE ( 'NONE', *, *, #1371, .F. ) ;
#2037 = ORIENTED_EDGE ( 'NONE', *, *, #1328, .F. ) ;
#2038 = ORIENTED_EDGE ( 'NONE', *, *, #1461, .T. ) ;
#2039 = ORIENTED_EDGE ( 'NONE', *, *, #1392, .F. ) ;
#2040 = ORIENTED_EDGE ( 'NONE', *, *, #1343, .T. ) ;
#2041 = ORIENTED_EDGE ( 'NONE', *, *, #1472, .T. ) ;
#2042 = ORIENTED_EDGE ( 'NONE', *, *, #1474, .F. ) ;
#2043 = ORIENTED_EDGE ( 'NONE', *, *, #1457, .F. ) ;
#2044 = ORIENTED_EDGE ( 'NONE', *, *, #1379, .F. ) ;
#2045 = ORIENTED_EDGE ( 'NONE', *, *, #1385, .T. ) ;
#2046 = EDGE_LOOP ( 'NONE', ( #1922, #1912, #1979, #1865 ) ) ;
#2047 = ORIENTED_EDGE ( 'NONE', *, *, #1380, .F. ) ;
#2048 = ORIENTED_EDGE ( 'NONE', *, *, #1314, .F. ) ;
#2049 = EDGE_LOOP ( 'NONE', ( #1572, #1569, #1564, #1567, #1578, #1588, #1558, #1587 ) ) ;
#2050 = EDGE_LOOP ( 'NONE', ( #1592, #1732, #3524, #1560, #1574, #1585, #3525, #1579 ) ) ;
#2051 = EDGE_LOOP ( 'NONE', ( #1616, #1849, #1727 ) ) ;
#2052 = EDGE_LOOP ( 'NONE', ( #3532, #1582, #1856, #1861 ) ) ;
#2053 = EDGE_LOOP ( 'NONE', ( #1961, #1915, #1864, #1949 ) ) ;
#2054 = ORIENTED_EDGE ( 'NONE', *, *, #1389, .T. ) ;
#2055 = ORIENTED_EDGE ( 'NONE', *, *, #1365, .T. ) ;
#2056 = ORIENTED_EDGE ( 'NONE', *, *, #1399, .T. ) ;
#2057 = ORIENTED_EDGE ( 'NONE', *, *, #1324, .F. ) ;
#2058 = ORIENTED_EDGE ( 'NONE', *, *, #1378, .T. ) ;
#2059 = ORIENTED_EDGE ( 'NONE', *, *, #1405, .T. ) ;
#2060 = ORIENTED_EDGE ( 'NONE', *, *, #1303, .T. ) ;
#2061 = EDGE_LOOP ( 'NONE', ( #1614, #1602, #1598, #1722 ) ) ;
#2062 = ORIENTED_EDGE ( 'NONE', *, *, #1310, .F. ) ;
#2063 = ORIENTED_EDGE ( 'NONE', *, *, #1412, .T. ) ;
#2064 = EDGE_LOOP ( 'NONE', ( #1730, #1850, #1615 ) ) ;
#2065 = ORIENTED_EDGE ( 'NONE', *, *, #1309, .F. ) ;
#2066 = ORIENTED_EDGE ( 'NONE', *, *, #1424, .T. ) ;
#2067 = ORIENTED_EDGE ( 'NONE', *, *, #1404, .T. ) ;
#2068 = EDGE_LOOP ( 'NONE', ( #1733, #1851, #1606, #1731, #1617 ) ) ;
#2069 = EDGE_LOOP ( 'NONE', ( #1844, #1605, #1728, #1845 ) ) ;
#2070 = EDGE_LOOP ( 'NONE', ( #1623, #1600, #1607, #1734, #1611, #1729, #1736, #1817, #1613, #1603, #1608, #1624, #1577, #1568 ) ) ;
#2071 = EDGE_LOOP ( 'NONE', ( #1758, #1875, #1754, #1855, #1854, #1884, #1757, #1759 ) ) ;
#2072 = ORIENTED_EDGE ( 'NONE', *, *, #1300, .T. ) ;
#2073 = ORIENTED_EDGE ( 'NONE', *, *, #1338, .T. ) ;
#2074 = EDGE_LOOP ( 'NONE', ( #1609, #1848, #1622 ) ) ;
#2075 = EDGE_LOOP ( 'NONE', ( #1966, #1863, #1964, #1930 ) ) ;
#2076 = ORIENTED_EDGE ( 'NONE', *, *, #1312, .T. ) ;
#2077 = ORIENTED_EDGE ( 'NONE', *, *, #1391, .T. ) ;
#2078 = ORIENTED_EDGE ( 'NONE', *, *, #1401, .T. ) ;
#2079 = ORIENTED_EDGE ( 'NONE', *, *, #1367, .F. ) ;
#2080 = ORIENTED_EDGE ( 'NONE', *, *, #1347, .F. ) ;
#2081 = ORIENTED_EDGE ( 'NONE', *, *, #1323, .T. ) ;
#2082 = EDGE_LOOP ( 'NONE', ( #1822, #1599, #1735 ) ) ;
#2083 = ORIENTED_EDGE ( 'NONE', *, *, #1323, .F. ) ;
#2084 = ORIENTED_EDGE ( 'NONE', *, *, #1313, .F. ) ;
#2085 = ORIENTED_EDGE ( 'NONE', *, *, #1345, .T. ) ;
#2086 = ORIENTED_EDGE ( 'NONE', *, *, #1408, .F. ) ;
#2087 = EDGE_LOOP ( 'NONE', ( #1576, #3529, #1595, #1580, #3523 ) ) ;
#2088 = ORIENTED_EDGE ( 'NONE', *, *, #1310, .T. ) ;
#2089 = ORIENTED_EDGE ( 'NONE', *, *, #1341, .T. ) ;
#2090 = EDGE_LOOP ( 'NONE', ( #1570, #1552, #1553, #1575, #1562 ) ) ;
#2091 = EDGE_LOOP ( 'NONE', ( #1911, #1921, #1908, #1939, #1937, #1871, #1968, #1950, #1916, #1958 ) ) ;
#2092 = EDGE_LOOP ( 'NONE', ( #1867, #1893, #1901, #1896, #1894 ) ) ;
#2093 = ORIENTED_EDGE ( 'NONE', *, *, #1376, .T. ) ;
#2094 = ORIENTED_EDGE ( 'NONE', *, *, #1300, .F. ) ;
#2095 = ORIENTED_EDGE ( 'NONE', *, *, #1313, .T. ) ;
#2096 = EDGE_LOOP ( 'NONE', ( #1874, #1760, #1761, #1917 ) ) ;
#2097 = EDGE_LOOP ( 'NONE', ( #1920, #1977, #1862, #1946 ) ) ;
#2098 = ORIENTED_EDGE ( 'NONE', *, *, #1343, .F. ) ;
#2099 = ORIENTED_EDGE ( 'NONE', *, *, #1334, .F. ) ;
#2100 = ORIENTED_EDGE ( 'NONE', *, *, #1398, .T. ) ;
#2101 = EDGE_LOOP ( 'NONE', ( #3527, #1584, #1593 ) ) ;
#2102 = ORIENTED_EDGE ( 'NONE', *, *, #1409, .F. ) ;
#2103 = EDGE_LOOP ( 'NONE', ( #1879, #1868, #1548, #1872, #1858 ) ) ;
#2104 = ORIENTED_EDGE ( 'NONE', *, *, #1423, .T. ) ;
#2105 = ORIENTED_EDGE ( 'NONE', *, *, #1337, .T. ) ;
#2106 = EDGE_LOOP ( 'NONE', ( #1549, #3536, #1591, #1581 ) ) ;
#2107 = EDGE_LOOP ( 'NONE', ( #1980, #1895, #1952, #1907 ) ) ;
#2108 = EDGE_LOOP ( 'NONE', ( #1561, #1597, #1590 ) ) ;
#2109 = EDGE_LOOP ( 'NONE', ( #1594, #1573, #1589 ) ) ;
#2110 = EDGE_LOOP ( 'NONE', ( #2022, #1976 ) ) ;
#2111 = EDGE_LOOP ( 'NONE', ( #1827, #1795, #1796, #1774, #1803, #1782, #1820, #1802, #1804, #1807, #1830, #1808, #1842, #1612 ) ) ;
#2112 = EDGE_LOOP ( 'NONE', ( #2059, #2058, #2094, #2102, #2055, #2067, #2056, #2104, #2360, #2321, #2304, #2340, #2356, #2324 ) ) ;
#2113 = EDGE_LOOP ( 'NONE', ( #2006, #1983, #2002, #2034 ) ) ;
#2114 = EDGE_LOOP ( 'NONE', ( #3535, #1571, #1738, #1739, #1563, #1565, #1566, #1586, #3526, #1741, #3534, #3528, #3530, #3533 ) ) ;
#2115 = EDGE_LOOP ( 'NONE', ( #1876, #1889, #1878, #1859 ) ) ;
#2116 = EDGE_LOOP ( 'NONE', ( #1995, #1975, #2020, #1955 ) ) ;
#2117 = EDGE_LOOP ( 'NONE', ( #1899, #1556 ) ) ;
#2118 = EDGE_LOOP ( 'NONE', ( #2021, #1996, #1932, #1997 ) ) ;
#2119 = ORIENTED_EDGE ( 'NONE', *, *, #1407, .T. ) ;
#2120 = EDGE_LOOP ( 'NONE', ( #2030, #2039, #1942, #1992 ) ) ;
#2121 = EDGE_LOOP ( 'NONE', ( #1906, #1886, #1877, #1909 ) ) ;
#2122 = EDGE_LOOP ( 'NONE', ( #2033, #1936 ) ) ;
#2123 = EDGE_LOOP ( 'NONE', ( #2007, #1969, #2011, #2023 ) ) ;
#2124 = EDGE_LOOP ( 'NONE', ( #2363, #2355, #2337, #2318, #2311, #2334 ) ) ;
#2125 = EDGE_LOOP ( 'NONE', ( #2319, #2312, #2338, #2350, #2351, #2342 ) ) ;
#2126 = EDGE_LOOP ( 'NONE', ( #1610, #1847, #1618 ) ) ;
#2127 = EDGE_LOOP ( 'NONE', ( #1902, #1857, #1555, #1753, #1890 ) ) ;
#2128 = EDGE_LOOP ( 'NONE', ( #1721, #1812, #1720, #1604 ) ) ;
#2129 = EDGE_LOOP ( 'NONE', ( #1839, #1800, #1805, #1809 ) ) ;
#2130 = EDGE_LOOP ( 'NONE', ( #1771, #1828, #1775, #1768, #1825 ) ) ;
#2131 = EDGE_LOOP ( 'NONE', ( #1554, #1883, #1860, #1551, #1887 ) ) ;
#2132 = EDGE_LOOP ( 'NONE', ( #1852, #1601, #1846 ) ) ;
#2133 = EDGE_LOOP ( 'NONE', ( #2085, #2076, #2040, #1982, #1986 ) ) ;
#2134 = EDGE_LOOP ( 'NONE', ( #2344, #2027 ) ) ;
#2135 = EDGE_LOOP ( 'NONE', ( #1963, #1926, #1900, #1967, #1978, #1904, #1943, #1945 ) ) ;
#2136 = EDGE_LOOP ( 'NONE', ( #2331, #2314 ) ) ;
#2137 = EDGE_LOOP ( 'NONE', ( #1888, #1873, #1880, #1557, #1898 ) ) ;
#2138 = EDGE_LOOP ( 'NONE', ( #1813, #1723, #1816, #1620 ) ) ;
#2139 = EDGE_LOOP ( 'NONE', ( #2098, #2105, #2037, #2065, #2048 ) ) ;
#2140 = EDGE_LOOP ( 'NONE', ( #1843, #1619, #1726 ) ) ;
#2141 = EDGE_LOOP ( 'NONE', ( #1756, #1905, #1752, #1755, #1550, #1, #1881, #1885, #1897 ) ) ;
#2142 = EDGE_LOOP ( 'NONE', ( #1989, #2080, #1990, #1991, #1993 ) ) ;
#2143 = EDGE_LOOP ( 'NONE', ( #2357, #2352, #2099, #1824, #1836 ) ) ;
#2144 = EDGE_LOOP ( 'NONE', ( #1925, #1866, #1931, #1869, #1938, #1924, #1935, #1940, #1918, #1960 ) ) ;
#2145 = ORIENTED_EDGE ( 'NONE', *, *, #1388, .F. ) ;
#2146 = EDGE_LOOP ( 'NONE', ( #2088, #2100, #2093, #2077, #2066, #2078, #2063, #2054, #2047 ) ) ;
#2147 = EDGE_LOOP ( 'NONE', ( #1841, #1788, #1833, #1834, #1815, #1787 ) ) ;
#2148 = EDGE_LOOP ( 'NONE', ( #1835, #1766, #1778, #1773, #1801 ) ) ;
#2149 = EDGE_LOOP ( 'NONE', ( #2042, #1974, #2045, #2044 ) ) ;
#2150 = EDGE_LOOP ( 'NONE', ( #1583, #1737, #1547 ) ) ;
#2151 = EDGE_LOOP ( 'NONE', ( #2029, #1933, #2008, #1971 ) ) ;
#2152 = EDGE_LOOP ( 'NONE', ( #1903, #1914, #1913 ) ) ;
#2153 = EDGE_LOOP ( 'NONE', ( #2016, #2009, #2032, #1984 ) ) ;
#2154 = EDGE_LOOP ( 'NONE', ( #1957, #2013, #2014, #2019 ) ) ;
#2155 = EDGE_LOOP ( 'NONE', ( #1934, #1929, #1928, #1953, #1948, #1959, #1944, #1988 ) ) ;
#2156 = EDGE_LOOP ( 'NONE', ( #1740, #1559, #3531, #1596 ) ) ;
#2157 = EDGE_LOOP ( 'NONE', ( #1965, #1999, #1973, #2015 ) ) ;
#2158 = EDGE_LOOP ( 'NONE', ( #2018, #2036, #1954, #2001 ) ) ;
#2159 = EDGE_LOOP ( 'NONE', ( #2031, #2000, #2038, #2041 ) ) ;
#2160 = EDGE_LOOP ( 'NONE', ( #2024, #2017, #1947, #2003 ) ) ;
#2161 = EDGE_LOOP ( 'NONE', ( #2010, #1998, #2043, #2005 ) ) ;
#2162 = EDGE_LOOP ( 'NONE', ( #1882, #1910, #1870, #1892 ) ) ;
#2163 = ORIENTED_EDGE ( 'NONE', *, *, #1384, .F. ) ;
#2164 = EDGE_LOOP ( 'NONE', ( #1772, #1797, #1777, #1798, #1837 ) ) ;
#2165 = EDGE_LOOP ( 'NONE', ( #1785, #1810, #1832, #1821 ) ) ;
#2166 = EDGE_LOOP ( 'NONE', ( #1763, #1784, #1793, #1799, #1840 ) ) ;
#2167 = EDGE_LOOP ( 'NONE', ( #1814, #1853, #1725, #1826, #1818 ) ) ;
#2168 = EDGE_LOOP ( 'NONE', ( #2012, #1956, #2004, #1941 ) ) ;
#2169 = EDGE_LOOP ( 'NONE', ( #2083, #2060, #2095, #2072 ) ) ;
#2170 = EDGE_LOOP ( 'NONE', ( #2084, #2089, #2081, #2073 ) ) ;
#2171 = EDGE_LOOP ( 'NONE', ( #1621, #1724, #1823 ) ) ;
#2172 = EDGE_LOOP ( 'NONE', ( #2062, #1994, #2057, #2079, #2086 ) ) ;
#2173 = EDGE_LOOP ( 'NONE', ( #1972, #1962, #1927, #1919, #1951, #1923, #1970, #1981 ) ) ;
#2174 = VERTEX_POINT ( 'NONE', #119 ) ;
#2175 = VERTEX_POINT ( 'NONE', #193 ) ;
#2176 = VERTEX_POINT ( 'NONE', #208 ) ;
#2177 = VERTEX_POINT ( 'NONE', #177 ) ;
#2178 = VERTEX_POINT ( 'NONE', #218 ) ;
#2179 = VERTEX_POINT ( 'NONE', #172 ) ;
#2180 = VERTEX_POINT ( 'NONE', #197 ) ;
#2181 = VERTEX_POINT ( 'NONE', #220 ) ;
#2182 = VERTEX_POINT ( 'NONE', #171 ) ;
#2183 = VERTEX_POINT ( 'NONE', #216 ) ;
#2184 = VERTEX_POINT ( 'NONE', #214 ) ;
#2185 = EDGE_LOOP ( 'NONE', ( #2028, #1985, #2026 ) ) ;
#2186 = VERTEX_POINT ( 'NONE', #190 ) ;
#2187 = VERTEX_POINT ( 'NONE', #173 ) ;
#2188 = VERTEX_POINT ( 'NONE', #178 ) ;
#2189 = VERTEX_POINT ( 'NONE', #199 ) ;
#2190 = VERTEX_POINT ( 'NONE', #167 ) ;
#2191 = VERTEX_POINT ( 'NONE', #209 ) ;
#2192 = VERTEX_POINT ( 'NONE', #118 ) ;
#2193 = VERTEX_POINT ( 'NONE', #210 ) ;
#2194 = VERTEX_POINT ( 'NONE', #175 ) ;
#2195 = EDGE_LOOP ( 'NONE', ( #1838, #1791, #1819, #1767, #1779, #1794 ) ) ;
#2196 = VERTEX_POINT ( 'NONE', #186 ) ;
#2197 = VERTEX_POINT ( 'NONE', #205 ) ;
#2198 = VERTEX_POINT ( 'NONE', #206 ) ;
#2199 = VERTEX_POINT ( 'NONE', #176 ) ;
#2200 = VERTEX_POINT ( 'NONE', #222 ) ;
#2201 = VERTEX_POINT ( 'NONE', #169 ) ;
#2202 = VERTEX_POINT ( 'NONE', #198 ) ;
#2203 = VERTEX_POINT ( 'NONE', #168 ) ;
#2204 = VERTEX_POINT ( 'NONE', #200 ) ;
#2205 = VERTEX_POINT ( 'NONE', #170 ) ;
#2206 = VERTEX_POINT ( 'NONE', #219 ) ;
#2207 = VERTEX_POINT ( 'NONE', #215 ) ;
#2208 = VERTEX_POINT ( 'NONE', #203 ) ;
#2209 = VERTEX_POINT ( 'NONE', #179 ) ;
#2210 = VERTEX_POINT ( 'NONE', #185 ) ;
#2211 = VERTEX_POINT ( 'NONE', #201 ) ;
#2212 = VERTEX_POINT ( 'NONE', #223 ) ;
#2213 = VERTEX_POINT ( 'NONE', #180 ) ;
#2214 = VERTEX_POINT ( 'NONE', #202 ) ;
#2215 = VERTEX_POINT ( 'NONE', #181 ) ;
#2216 = EDGE_LOOP ( 'NONE', ( #1811, #1806, #1781, #1789, #1780 ) ) ;
#2217 = VERTEX_POINT ( 'NONE', #182 ) ;
#2218 = VERTEX_POINT ( 'NONE', #217 ) ;
#2219 = VERTEX_POINT ( 'NONE', #194 ) ;
#2220 = VERTEX_POINT ( 'NONE', #183 ) ;
#2221 = VERTEX_POINT ( 'NONE', #213 ) ;
#2222 = VERTEX_POINT ( 'NONE', #191 ) ;
#2223 = VERTEX_POINT ( 'NONE', #184 ) ;
#2224 = VERTEX_POINT ( 'NONE', #221 ) ;
#2225 = VERTEX_POINT ( 'NONE', #187 ) ;
#2226 = VERTEX_POINT ( 'NONE', #207 ) ;
#2227 = VERTEX_POINT ( 'NONE', #211 ) ;
#2228 = EDGE_LOOP ( 'NONE', ( #1792, #1790, #1765, #1776, #2119, #2163, #2145, #2303, #2346 ) ) ;
#2229 = VERTEX_POINT ( 'NONE', #192 ) ;
#2230 = EDGE_LOOP ( 'NONE', ( #1762, #1831, #1829, #1786, #1770 ) ) ;
#2231 = VERTEX_POINT ( 'NONE', #224 ) ;
#2232 = EDGE_LOOP ( 'NONE', ( #2035, #1987, #1769 ) ) ;
#2233 = VERTEX_POINT ( 'NONE', #212 ) ;
#2234 = VERTEX_POINT ( 'NONE', #195 ) ;
#2235 = VERTEX_POINT ( 'NONE', #196 ) ;
#2236 = VERTEX_POINT ( 'NONE', #188 ) ;
#2237 = VERTEX_POINT ( 'NONE', #204 ) ;
#2238 = VERTEX_POINT ( 'NONE', #225 ) ;
#2239 = VERTEX_POINT ( 'NONE', #226 ) ;
#2240 = VERTEX_POINT ( 'NONE', #227 ) ;
#2241 = VERTEX_POINT ( 'NONE', #228 ) ;
#2242 = VERTEX_POINT ( 'NONE', #189 ) ;
#2243 = VERTEX_POINT ( 'NONE', #229 ) ;
#2244 = VERTEX_POINT ( 'NONE', #246 ) ;
#2245 = VERTEX_POINT ( 'NONE', #233 ) ;
#2246 = VERTEX_POINT ( 'NONE', #273 ) ;
#2247 = VERTEX_POINT ( 'NONE', #290 ) ;
#2248 = VERTEX_POINT ( 'NONE', #268 ) ;
#2249 = VERTEX_POINT ( 'NONE', #291 ) ;
#2250 = VERTEX_POINT ( 'NONE', #292 ) ;
#2251 = VERTEX_POINT ( 'NONE', #293 ) ;
#2252 = VERTEX_POINT ( 'NONE', #238 ) ;
#2253 = VERTEX_POINT ( 'NONE', #230 ) ;
#2254 = VERTEX_POINT ( 'NONE', #286 ) ;
#2255 = VERTEX_POINT ( 'NONE', #281 ) ;
#2256 = VERTEX_POINT ( 'NONE', #271 ) ;
#2257 = VERTEX_POINT ( 'NONE', #241 ) ;
#2258 = VERTEX_POINT ( 'NONE', #282 ) ;
#2259 = VERTEX_POINT ( 'NONE', #236 ) ;
#2260 = VERTEX_POINT ( 'NONE', #261 ) ;
#2261 = VERTEX_POINT ( 'NONE', #234 ) ;
#2262 = VERTEX_POINT ( 'NONE', #264 ) ;
#2263 = VERTEX_POINT ( 'NONE', #262 ) ;
#2264 = VERTEX_POINT ( 'NONE', #231 ) ;
#2265 = VERTEX_POINT ( 'NONE', #280 ) ;
#2266 = VERTEX_POINT ( 'NONE', #283 ) ;
#2267 = VERTEX_POINT ( 'NONE', #235 ) ;
#2268 = VERTEX_POINT ( 'NONE', #247 ) ;
#2269 = VERTEX_POINT ( 'NONE', #269 ) ;
#2270 = VERTEX_POINT ( 'NONE', #272 ) ;
#2271 = VERTEX_POINT ( 'NONE', #237 ) ;
#2272 = VERTEX_POINT ( 'NONE', #274 ) ;
#2273 = VERTEX_POINT ( 'NONE', #239 ) ;
#2274 = VERTEX_POINT ( 'NONE', #250 ) ;
#2275 = VERTEX_POINT ( 'NONE', #270 ) ;
#2276 = VERTEX_POINT ( 'NONE', #275 ) ;
#2277 = VERTEX_POINT ( 'NONE', #265 ) ;
#2278 = VERTEX_POINT ( 'NONE', #242 ) ;
#2279 = VERTEX_POINT ( 'NONE', #232 ) ;
#2280 = VERTEX_POINT ( 'NONE', #266 ) ;
#2281 = VERTEX_POINT ( 'NONE', #240 ) ;
#2282 = VERTEX_POINT ( 'NONE', #276 ) ;
#2283 = VERTEX_POINT ( 'NONE', #278 ) ;
#2284 = VERTEX_POINT ( 'NONE', #267 ) ;
#2285 = VERTEX_POINT ( 'NONE', #255 ) ;
#2286 = VERTEX_POINT ( 'NONE', #243 ) ;
#2287 = VERTEX_POINT ( 'NONE', #277 ) ;
#2288 = VERTEX_POINT ( 'NONE', #244 ) ;
#2289 = VERTEX_POINT ( 'NONE', #279 ) ;
#2290 = VERTEX_POINT ( 'NONE', #284 ) ;
#2291 = VERTEX_POINT ( 'NONE', #245 ) ;
#2292 = VERTEX_POINT ( 'NONE', #256 ) ;
#2293 = VERTEX_POINT ( 'NONE', #248 ) ;
#2294 = VERTEX_POINT ( 'NONE', #251 ) ;
#2295 = VERTEX_POINT ( 'NONE', #285 ) ;
#2296 = VERTEX_POINT ( 'NONE', #249 ) ;
#2297 = VERTEX_POINT ( 'NONE', #263 ) ;
#2298 = VERTEX_POINT ( 'NONE', #289 ) ;
#2299 = VERTEX_POINT ( 'NONE', #288 ) ;
#2300 = VERTEX_POINT ( 'NONE', #287 ) ;
#2301 = VERTEX_POINT ( 'NONE', #252 ) ;
#2302 = VERTEX_POINT ( 'NONE', #257 ) ;
#2303 = ORIENTED_EDGE ( 'NONE', *, *, #1503, .F. ) ;
#2304 = ORIENTED_EDGE ( 'NONE', *, *, #1406, .T. ) ;
#2305 = VERTEX_POINT ( 'NONE', #260 ) ;
#2306 = VERTEX_POINT ( 'NONE', #254 ) ;
#2307 = VERTEX_POINT ( 'NONE', #259 ) ;
#2308 = FACE_OUTER_BOUND ( 'NONE', #2138, .T. ) ;
#2309 = VERTEX_POINT ( 'NONE', #347 ) ;
#2310 = VERTEX_POINT ( 'NONE', #322 ) ;
#2311 = ORIENTED_EDGE ( 'NONE', *, *, #1411, .F. ) ;
#2312 = ORIENTED_EDGE ( 'NONE', *, *, #1419, .T. ) ;
#2313 = VERTEX_POINT ( 'NONE', #253 ) ;
#2314 = ORIENTED_EDGE ( 'NONE', *, *, #1336, .F. ) ;
#2315 = CYLINDRICAL_SURFACE ( 'NONE', #2561, 1.100000000000000300 ) ;
#2316 = FACE_OUTER_BOUND ( 'NONE', #2125, .T. ) ;
#2317 = FACE_OUTER_BOUND ( 'NONE', #2101, .T. ) ;
#2318 = ORIENTED_EDGE ( 'NONE', *, *, #1320, .T. ) ;
#2319 = ORIENTED_EDGE ( 'NONE', *, *, #1417, .F. ) ;
#2320 = FACE_OUTER_BOUND ( 'NONE', #2049, .T. ) ;
#2321 = ORIENTED_EDGE ( 'NONE', *, *, #1402, .T. ) ;
#2322 = VERTEX_POINT ( 'NONE', #348 ) ;
#2323 = VERTEX_POINT ( 'NONE', #344 ) ;
#2324 = ORIENTED_EDGE ( 'NONE', *, *, #1316, .T. ) ;
#2325 = CYLINDRICAL_SURFACE ( 'NONE', #2588, 1.100000000000000300 ) ;
#2326 = VERTEX_POINT ( 'NONE', #346 ) ;
#2327 = FACE_OUTER_BOUND ( 'NONE', #2111, .T. ) ;
#2328 = VERTEX_POINT ( 'NONE', #323 ) ;
#2329 = VERTEX_POINT ( 'NONE', #327 ) ;
#2330 = FACE_OUTER_BOUND ( 'NONE', #2123, .T. ) ;
#2331 = ORIENTED_EDGE ( 'NONE', *, *, #1383, .F. ) ;
#2332 = VERTEX_POINT ( 'NONE', #342 ) ;
#2333 = VERTEX_POINT ( 'NONE', #314 ) ;
#2334 = ORIENTED_EDGE ( 'NONE', *, *, #1425, .F. ) ;
#2335 = VERTEX_POINT ( 'NONE', #298 ) ;
#2336 = VERTEX_POINT ( 'NONE', #340 ) ;
#2337 = ORIENTED_EDGE ( 'NONE', *, *, #1335, .F. ) ;
#2338 = ORIENTED_EDGE ( 'NONE', *, *, #1393, .T. ) ;
#2339 = FACE_OUTER_BOUND ( 'NONE', #2106, .T. ) ;
#2340 = ORIENTED_EDGE ( 'NONE', *, *, #1387, .T. ) ;
#2341 = VERTEX_POINT ( 'NONE', #328 ) ;
#2342 = ORIENTED_EDGE ( 'NONE', *, *, #1414, .T. ) ;
#2343 = VERTEX_POINT ( 'NONE', #334 ) ;
#2344 = ORIENTED_EDGE ( 'NONE', *, *, #1410, .F. ) ;
#2345 = FACE_OUTER_BOUND ( 'NONE', #2185, .T. ) ;
#2346 = ORIENTED_EDGE ( 'NONE', *, *, #1332, .F. ) ;
#2347 = VERTEX_POINT ( 'NONE', #338 ) ;
#2348 = TOROIDAL_SURFACE ( 'NONE', #2589, 8.351558633585362700, 1.000000000000000000 ) ;
#2349 = VERTEX_POINT ( 'NONE', #295 ) ;
#2350 = ORIENTED_EDGE ( 'NONE', *, *, #1413, .F. ) ;
#2351 = ORIENTED_EDGE ( 'NONE', *, *, #1369, .F. ) ;
#2352 = ORIENTED_EDGE ( 'NONE', *, *, #1331, .T. ) ;
#2353 = VERTEX_POINT ( 'NONE', #301 ) ;
#2354 = VERTEX_POINT ( 'NONE', #339 ) ;
#2355 = ORIENTED_EDGE ( 'NONE', *, *, #1325, .T. ) ;
#2356 = ORIENTED_EDGE ( 'NONE', *, *, #1400, .T. ) ;
#2357 = ORIENTED_EDGE ( 'NONE', *, *, #1521, .T. ) ;
#2358 = CYLINDRICAL_SURFACE ( 'NONE', #2593, 2.900000000000000800 ) ;
#2359 = FACE_OUTER_BOUND ( 'NONE', #2147, .T. ) ;
#2360 = ORIENTED_EDGE ( 'NONE', *, *, #1396, .T. ) ;
#2361 = VERTEX_POINT ( 'NONE', #317 ) ;
#2362 = VERTEX_POINT ( 'NONE', #326 ) ;
#2363 = ORIENTED_EDGE ( 'NONE', *, *, #1383, .T. ) ;
#2364 = VERTEX_POINT ( 'NONE', #296 ) ;
#2365 = FACE_OUTER_BOUND ( 'NONE', #2141, .T. ) ;
#2366 = FACE_OUTER_BOUND ( 'NONE', #2124, .T. ) ;
#2367 = FACE_OUTER_BOUND ( 'NONE', #2142, .T. ) ;
#2368 = FACE_OUTER_BOUND ( 'NONE', #2136, .T. ) ;
#2369 = FACE_OUTER_BOUND ( 'NONE', #2140, .T. ) ;
#2370 = FACE_OUTER_BOUND ( 'NONE', #2139, .T. ) ;
#2371 = FACE_OUTER_BOUND ( 'NONE', #2051, .T. ) ;
#2372 = FACE_OUTER_BOUND ( 'NONE', #2161, .T. ) ;
#2373 = FACE_OUTER_BOUND ( 'NONE', #2068, .T. ) ;
#2374 = FACE_OUTER_BOUND ( 'NONE', #2169, .T. ) ;
#2375 = FACE_OUTER_BOUND ( 'NONE', #2069, .T. ) ;
#2376 = FACE_OUTER_BOUND ( 'NONE', #2113, .T. ) ;
#2377 = FACE_OUTER_BOUND ( 'NONE', #2109, .T. ) ;
#2378 = FACE_OUTER_BOUND ( 'NONE', #2134, .T. ) ;
#2379 = FACE_OUTER_BOUND ( 'NONE', #2230, .T. ) ;
#2380 = FACE_OUTER_BOUND ( 'NONE', #2052, .T. ) ;
#2381 = FACE_OUTER_BOUND ( 'NONE', #2159, .T. ) ;
#2382 = CYLINDRICAL_SURFACE ( 'NONE', #2585, 1.100000000000000300 ) ;
#2383 = FACE_OUTER_BOUND ( 'NONE', #2126, .T. ) ;
#2384 = FACE_OUTER_BOUND ( 'NONE', #2156, .T. ) ;
#2385 = FACE_OUTER_BOUND ( 'NONE', #2167, .T. ) ;
#2386 = FACE_OUTER_BOUND ( 'NONE', #2146, .T. ) ;
#2387 = CYLINDRICAL_SURFACE ( 'NONE', #2583, 1.100000000000000300 ) ;
#2388 = FACE_OUTER_BOUND ( 'NONE', #2114, .T. ) ;
#2389 = CYLINDRICAL_SURFACE ( 'NONE', #2462, 3.000000000000003100 ) ;
#2390 = FACE_OUTER_BOUND ( 'NONE', #2132, .T. ) ;
#2391 = FACE_OUTER_BOUND ( 'NONE', #2129, .T. ) ;
#2392 = CYLINDRICAL_SURFACE ( 'NONE', #2596, 2.899999999999999000 ) ;
#2393 = FACE_OUTER_BOUND ( 'NONE', #2150, .T. ) ;
#2394 = FACE_OUTER_BOUND ( 'NONE', #2172, .T. ) ;
#2395 = FACE_OUTER_BOUND ( 'NONE', #2170, .T. ) ;
#2396 = FACE_OUTER_BOUND ( 'NONE', #2103, .T. ) ;
#2397 = FACE_OUTER_BOUND ( 'NONE', #2158, .T. ) ;
#2398 = FACE_OUTER_BOUND ( 'NONE', #2228, .T. ) ;
#2399 = FACE_OUTER_BOUND ( 'NONE', #2087, .T. ) ;
#2400 = FACE_OUTER_BOUND ( 'NONE', #2061, .T. ) ;
#2401 = FACE_OUTER_BOUND ( 'NONE', #2050, .T. ) ;
#2402 = FACE_OUTER_BOUND ( 'NONE', #2082, .T. ) ;
#2403 = FACE_OUTER_BOUND ( 'NONE', #2117, .T. ) ;
#2404 = TOROIDAL_SURFACE ( 'NONE', #2461, 8.351558633585362700, 1.000000000000000000 ) ;
#2405 = FACE_OUTER_BOUND ( 'NONE', #2152, .T. ) ;
#2406 = FACE_OUTER_BOUND ( 'NONE', #2108, .T. ) ;
#2407 = CYLINDRICAL_SURFACE ( 'NONE', #2468, 3.000000000000003100 ) ;
#2408 = CYLINDRICAL_SURFACE ( 'NONE', #2563, 1.000000000000000200 ) ;
#2409 = FACE_OUTER_BOUND ( 'NONE', #2112, .T. ) ;
#2410 = FACE_OUTER_BOUND ( 'NONE', #2216, .T. ) ;
#2411 = FACE_OUTER_BOUND ( 'NONE', #2171, .T. ) ;
#2412 = FACE_OUTER_BOUND ( 'NONE', #2232, .T. ) ;
#2413 = FACE_OUTER_BOUND ( 'NONE', #2143, .T. ) ;
#2414 = FACE_OUTER_BOUND ( 'NONE', #2128, .T. ) ;
#2415 = FACE_OUTER_BOUND ( 'NONE', #2148, .T. ) ;
#2416 = CYLINDRICAL_SURFACE ( 'NONE', #2559, 3.000000000000003100 ) ;
#2417 = CYLINDRICAL_SURFACE ( 'NONE', #2581, 4.250000000000000000 ) ;
#2418 = FACE_OUTER_BOUND ( 'NONE', #2064, .T. ) ;
#2419 = FACE_OUTER_BOUND ( 'NONE', #2070, .T. ) ;
#2420 = CYLINDRICAL_SURFACE ( 'NONE', #2469, 3.000000000000003100 ) ;
#2421 = FACE_OUTER_BOUND ( 'NONE', #2195, .T. ) ;
#2422 = CYLINDRICAL_SURFACE ( 'NONE', #2549, 10.35155863358536300 ) ;
#2423 = CYLINDRICAL_SURFACE ( 'NONE', #2590, 2.899999999999999900 ) ;
#2424 = FACE_OUTER_BOUND ( 'NONE', #2164, .T. ) ;
#2425 = CYLINDRICAL_SURFACE ( 'NONE', #2454, 9.351558633585364400 ) ;
#2426 = FACE_OUTER_BOUND ( 'NONE', #2130, .T. ) ;
#2427 = CYLINDRICAL_SURFACE ( 'NONE', #2458, 2.900000000000000800 ) ;
#2428 = FACE_OUTER_BOUND ( 'NONE', #2153, .T. ) ;
#2429 = ADVANCED_FACE ( 'NONE', ( #3282 ), #349, .T. ) ;
#2430 = ADVANCED_FACE ( 'NONE', ( #3251 ), #303, .F. ) ;
#2431 = ADVANCED_FACE ( 'NONE', ( #3252 ), #315, .F. ) ;
#2432 = ADVANCED_FACE ( 'NONE', ( #3253 ), #3255, .F. ) ;
#2433 = ADVANCED_FACE ( 'NONE', ( #3256 ), #299, .F. ) ;
#2434 = ADVANCED_FACE ( 'NONE', ( #3275, #3271 ), #14, .T. ) ;
#2435 = ADVANCED_FACE ( 'NONE', ( #3257 ), #3694, .T. ) ;
#2436 = ADVANCED_FACE ( 'NONE', ( #3277, #3254 ), #3688, .T. ) ;
#2437 = ADVANCED_FACE ( 'NONE', ( #3283 ), #3691, .F. ) ;
#2438 = ADVANCED_FACE ( 'NONE', ( #3259 ), #3347, .F. ) ;
#2439 = ADVANCED_FACE ( 'NONE', ( #3279 ), #3695, .F. ) ;
#2440 = ADVANCED_FACE ( 'NONE', ( #3297 ), #3707, .F. ) ;
#2441 = ADVANCED_FACE ( 'NONE', ( #3272 ), #16, .F. ) ;
#2442 = ADVANCED_FACE ( 'NONE', ( #3420 ), #3677, .T. ) ;
#2443 = ADVANCED_FACE ( 'NONE', ( #3425 ), #3714, .F. ) ;
#2444 = ADVANCED_FACE ( 'NONE', ( #3187 ), #2422, .T. ) ;
#2445 = ADVANCED_FACE ( 'NONE', ( #3207 ), #1764, .F. ) ;
#2446 = ADVANCED_FACE ( 'NONE', ( #3341 ), #3716, .F. ) ;
#2447 = ADVANCED_FACE ( 'NONE', ( #3893 ), #3723, .F. ) ;
#2448 = ADVANCED_FACE ( 'NONE', ( #3889 ), #3756, .F. ) ;
#2449 = ADVANCED_FACE ( 'NONE', ( #3880 ), #3733, .T. ) ;
#2450 = ADVANCED_FACE ( 'NONE', ( #3894 ), #3728, .F. ) ;
#2451 = ADVANCED_FACE ( 'NONE', ( #3891 ), #3741, .F. ) ;
#2452 = ADVANCED_FACE ( 'NONE', ( #3892 ), #3731, .F. ) ;
#2453 = AXIS2_PLACEMENT_3D ( 'NONE', #2941, #2928, #2949 ) ;
#2454 = AXIS2_PLACEMENT_3D ( 'NONE', #2943, #2916, #2930 ) ;
#2455 = AXIS2_PLACEMENT_3D ( 'NONE', #2865, #2896, #2881 ) ;
#2456 = AXIS2_PLACEMENT_3D ( 'NONE', #2777, #2778, #2779 ) ;
#2457 = AXIS2_PLACEMENT_3D ( 'NONE', #2921, #2964, #2945 ) ;
#2458 = AXIS2_PLACEMENT_3D ( 'NONE', #2963, #2942, #2957 ) ;
#2459 = AXIS2_PLACEMENT_3D ( 'NONE', #2776, #2760, #2792 ) ;
#2460 = AXIS2_PLACEMENT_3D ( 'NONE', #2956, #2948, #2938 ) ;
#2461 = AXIS2_PLACEMENT_3D ( 'NONE', #2910, #2870, #2872 ) ;
#2462 = AXIS2_PLACEMENT_3D ( 'NONE', #2769, #2770, #2771 ) ;
#2463 = AXIS2_PLACEMENT_3D ( 'NONE', #2843, #2808, #2834 ) ;
#2464 = AXIS2_PLACEMENT_3D ( 'NONE', #2895, #2905, #2868 ) ;
#2465 = AXIS2_PLACEMENT_3D ( 'NONE', #3154, #3166, #3153 ) ;
#2466 = AXIS2_PLACEMENT_3D ( 'NONE', #2787, #2774, #2765 ) ;
#2467 = AXIS2_PLACEMENT_3D ( 'NONE', #2924, #2925, #2952 ) ;
#2468 = AXIS2_PLACEMENT_3D ( 'NONE', #2900, #2867, #2891 ) ;
#2469 = AXIS2_PLACEMENT_3D ( 'NONE', #2947, #2918, #2940 ) ;
#2470 = AXIS2_PLACEMENT_3D ( 'NONE', #2801, #2757, #2759 ) ;
#2471 = AXIS2_PLACEMENT_3D ( 'NONE', #2758, #2754, #2804 ) ;
#2472 = AXIS2_PLACEMENT_3D ( 'NONE', #2756, #2786, #2762 ) ;
#2473 = AXIS2_PLACEMENT_3D ( 'NONE', #2894, #2864, #2862 ) ;
#2474 = AXIS2_PLACEMENT_3D ( 'NONE', #2875, #2879, #2880 ) ;
#2475 = AXIS2_PLACEMENT_3D ( 'NONE', #2795, #2802, #2796 ) ;
#2476 = AXIS2_PLACEMENT_3D ( 'NONE', #2790, #2761, #2775 ) ;
#2477 = AXIS2_PLACEMENT_3D ( 'NONE', #2937, #2933, #2920 ) ;
#2478 = AXIS2_PLACEMENT_3D ( 'NONE', #2884, #2886, #2888 ) ;
#2479 = AXIS2_PLACEMENT_3D ( 'NONE', #602, #578, #604 ) ;
#2480 = AXIS2_PLACEMENT_3D ( 'NONE', #337, #343, #294 ) ;
#2481 = AXIS2_PLACEMENT_3D ( 'NONE', #449, #430, #407 ) ;
#2482 = AXIS2_PLACEMENT_3D ( 'NONE', #3156, #3161, #3155 ) ;
#2483 = AXIS2_PLACEMENT_3D ( 'NONE', #3168, #3157, #3176 ) ;
#2484 = AXIS2_PLACEMENT_3D ( 'NONE', #3162, #3173, #3167 ) ;
#2485 = AXIS2_PLACEMENT_3D ( 'NONE', #2714, #2722, #2707 ) ;
#2486 = AXIS2_PLACEMENT_3D ( 'NONE', #1749, #2, #351 ) ;
#2487 = AXIS2_PLACEMENT_3D ( 'NONE', #406, #447, #445 ) ;
#2488 = AXIS2_PLACEMENT_3D ( 'NONE', #509, #540, #513 ) ;
#2489 = AXIS2_PLACEMENT_3D ( 'NONE', #491, #469, #498 ) ;
#2490 = AXIS2_PLACEMENT_3D ( 'NONE', #771, #799, #791 ) ;
#2491 = AXIS2_PLACEMENT_3D ( 'NONE', #938, #921, #928 ) ;
#2492 = AXIS2_PLACEMENT_3D ( 'NONE', #2621, #2598, #2599 ) ;
#2493 = AXIS2_PLACEMENT_3D ( 'NONE', #851, #818, #858 ) ;
#2494 = AXIS2_PLACEMENT_3D ( 'NONE', #1031, #1034, #1009 ) ;
#2495 = AXIS2_PLACEMENT_3D ( 'NONE', #1046, #1070, #1063 ) ;
#2496 = AXIS2_PLACEMENT_3D ( 'NONE', #424, #429, #417 ) ;
#2497 = AXIS2_PLACEMENT_3D ( 'NONE', #512, #551, #519 ) ;
#2498 = AXIS2_PLACEMENT_3D ( 'NONE', #914, #915, #916 ) ;
#2499 = AXIS2_PLACEMENT_3D ( 'NONE', #637, #606, #616 ) ;
#2500 = AXIS2_PLACEMENT_3D ( 'NONE', #926, #951, #968 ) ;
#2501 = AXIS2_PLACEMENT_3D ( 'NONE', #3163, #3164, #3172 ) ;
#2502 = AXIS2_PLACEMENT_3D ( 'NONE', #3177, #3178, #3179 ) ;
#2503 = AXIS2_PLACEMENT_3D ( 'NONE', #411, #419, #441 ) ;
#2504 = AXIS2_PLACEMENT_3D ( 'NONE', #1023, #1005, #1025 ) ;
#2505 = AXIS2_PLACEMENT_3D ( 'NONE', #649, #650, #647 ) ;
#2506 = AXIS2_PLACEMENT_3D ( 'NONE', #2619, #2612, #2636 ) ;
#2507 = AXIS2_PLACEMENT_3D ( 'NONE', #3174, #3169, #3170 ) ;
#2508 = AXIS2_PLACEMENT_3D ( 'NONE', #1015, #1010, #1011 ) ;
#2509 = AXIS2_PLACEMENT_3D ( 'NONE', #842, #832, #833 ) ;
#2510 = AXIS2_PLACEMENT_3D ( 'NONE', #310, #335, #302 ) ;
#2511 = AXIS2_PLACEMENT_3D ( 'NONE', #2701, #2665, #2660 ) ;
#2512 = AXIS2_PLACEMENT_3D ( 'NONE', #2611, #2626, #2627 ) ;
#2513 = AXIS2_PLACEMENT_3D ( 'NONE', #560, #592, #598 ) ;
#2514 = AXIS2_PLACEMENT_3D ( 'NONE', #971, #974, #975 ) ;
#2515 = AXIS2_PLACEMENT_3D ( 'NONE', #307, #333, #309 ) ;
#2516 = AXIS2_PLACEMENT_3D ( 'NONE', #341, #305, #318 ) ;
#2517 = AXIS2_PLACEMENT_3D ( 'NONE', #2709, #2711, #2716 ) ;
#2518 = AXIS2_PLACEMENT_3D ( 'NONE', #999, #982, #969 ) ;
#2519 = AXIS2_PLACEMENT_3D ( 'NONE', #3776, #3777, #3807 ) ;
#2520 = CC_DESIGN_PERSON_AND_ORGANIZATION_ASSIGNMENT ( #3926, #3800, ( #2528 ) ) ;
#2521 = APPROVAL ( #3801, 'UNSPECIFIED' ) ;
#2522 = CC_DESIGN_APPROVAL ( #2521, ( #2527 ) ) ;
#2523 = AXIS2_PLACEMENT_3D ( 'NONE', #3750, #3757, #3729 ) ;
#2524 = AXIS2_PLACEMENT_3D ( 'NONE', #3693, #3690, #3678 ) ;
#2525 = AXIS2_PLACEMENT_3D ( 'NONE', #3789, #3785, #3774 ) ;
#2526 = AXIS2_PLACEMENT_3D ( 'NONE', #345, #297, #319 ) ;
#2527 = PRODUCT_DEFINITION_FORMATION_WITH_SPECIFIED_SOURCE ( 'ANY', '', #3517, .NOT_KNOWN. ) ;
#2528 = PRODUCT_DEFINITION ( 'UNKNOWN', '', #2527, #7 ) ;
#2529 = CC_DESIGN_APPROVAL ( #2553, ( #2528 ) ) ;
#2530 = CC_DESIGN_PERSON_AND_ORGANIZATION_ASSIGNMENT ( #3903, #3815, ( #2527 ) ) ;
#2531 = CC_DESIGN_PERSON_AND_ORGANIZATION_ASSIGNMENT ( #3921, #3844, ( #2527 ) ) ;
#2532 = AXIS2_PLACEMENT_3D ( 'NONE', #3684, #3736, #3748 ) ;
#2533 = AXIS2_PLACEMENT_3D ( 'NONE', #3726, #3759, #3753 ) ;
#2534 = SECURITY_CLASSIFICATION ( '', '', #3840 ) ;
#2535 = CC_DESIGN_PERSON_AND_ORGANIZATION_ASSIGNMENT ( #3928, #3828, ( #2534 ) ) ;
#2536 = AXIS2_PLACEMENT_3D ( 'NONE', #3737, #3720, #3721 ) ;
#2537 = AXIS2_PLACEMENT_3D ( 'NONE', #3738, #3719, #3735 ) ;
#2538 = AXIS2_PLACEMENT_3D ( 'NONE', #3751, #3742, #3730 ) ;
#2539 = AXIS2_PLACEMENT_3D ( 'NONE', #3732, #3734, #3758 ) ;
#2540 = AXIS2_PLACEMENT_3D ( 'NONE', #3676, #3692, #3702 ) ;
#2541 =( GEOMETRIC_REPRESENTATION_CONTEXT ( 3 ) GLOBAL_UNCERTAINTY_ASSIGNED_CONTEXT ( ( #20 ) ) GLOBAL_UNIT_ASSIGNED_CONTEXT ( ( #3786, #3762, #3808 ) ) REPRESENTATION_CONTEXT ( 'NONE', 'WORKASPACE' ) );
#2542 =( GEOMETRIC_REPRESENTATION_CONTEXT ( 3 ) GLOBAL_UNCERTAINTY_ASSIGNED_CONTEXT ( ( #22 ) ) GLOBAL_UNIT_ASSIGNED_CONTEXT ( ( #3779, #3794, #3811 ) ) REPRESENTATION_CONTEXT ( 'NONE', 'WORKASPACE' ) );
#2543 = AXIS2_PLACEMENT_3D ( 'NONE', #3749, #3722, #3755 ) ;
#2544 = AXIS2_PLACEMENT_3D ( 'NONE', #3725, #3754, #3717 ) ;
#2545 = AXIS2_PLACEMENT_3D ( 'NONE', #3752, #3769, #3796 ) ;
#2546 = AXIS2_PLACEMENT_3D ( 'NONE', #3668, #3697, #3710 ) ;
#2547 = CC_DESIGN_PERSON_AND_ORGANIZATION_ASSIGNMENT ( #3942, #3761, ( #3517 ) ) ;
#2548 = AXIS2_PLACEMENT_3D ( 'NONE', #3711, #3672, #3679 ) ;
#2549 = AXIS2_PLACEMENT_3D ( 'NONE', #3718, #3715, #3760 ) ;
#2550 = AXIS2_PLACEMENT_3D ( 'NONE', #3810, #3778, #3799 ) ;
#2551 =( GEOMETRIC_REPRESENTATION_CONTEXT ( 3 ) GLOBAL_UNCERTAINTY_ASSIGNED_CONTEXT ( ( #11 ) ) GLOBAL_UNIT_ASSIGNED_CONTEXT ( ( #3771, #3768, #3798 ) ) REPRESENTATION_CONTEXT ( 'NONE', 'WORKASPACE' ) );
#2552 = AXIS2_PLACEMENT_3D ( 'NONE', #3724, #3746, #3727 ) ;
#2553 = APPROVAL ( #3763, 'UNSPECIFIED' ) ;
#2554 = CC_DESIGN_DATE_AND_TIME_ASSIGNMENT ( #3939, #3793, ( #2528 ) ) ;
#2555 = AXIS2_PLACEMENT_3D ( 'NONE', #3803, #3805, #3809 ) ;
#2556 = AXIS2_PLACEMENT_3D ( 'NONE', #3706, #3673, #3687 ) ;
#2557 = AXIS2_PLACEMENT_3D ( 'NONE', #3781, #3764, #3795 ) ;
#2558 = AXIS2_PLACEMENT_3D ( 'NONE', #3669, #3699, #3675 ) ;
#2559 = AXIS2_PLACEMENT_3D ( 'NONE', #1636, #1630, #1641 ) ;
#2560 = AXIS2_PLACEMENT_3D ( 'NONE', #1681, #1673, #1683 ) ;
#2561 = AXIS2_PLACEMENT_3D ( 'NONE', #1674, #1682, #1684 ) ;
#2562 = AXIS2_PLACEMENT_3D ( 'NONE', #1701, #1702, #1703 ) ;
#2563 = AXIS2_PLACEMENT_3D ( 'NONE', #1718, #1711, #1716 ) ;
#2564 = AXIS2_PLACEMENT_3D ( 'NONE', #1689, #1695, #1692 ) ;
#2565 = EDGE_CURVE ( 'NONE', #2242, #2246, #3879, .T. ) ;
#2566 = AXIS2_PLACEMENT_3D ( 'NONE', #1541, #1526, #1528 ) ;
#2567 = AXIS2_PLACEMENT_3D ( 'NONE', #1748, #1743, #1744 ) ;
#2568 = AXIS2_PLACEMENT_3D ( 'NONE', #1693, #1699, #1688 ) ;
#2569 = AXIS2_PLACEMENT_3D ( 'NONE', #1715, #1717, #1710 ) ;
#2570 = AXIS2_PLACEMENT_3D ( 'NONE', #3514, #3513, #3515 ) ;
#2571 = AXIS2_PLACEMENT_3D ( 'NONE', #1530, #1535, #1542 ) ;
#2572 = EDGE_CURVE ( 'NONE', #2306, #2267, #3874, .T. ) ;
#2573 = AXIS2_PLACEMENT_3D ( 'NONE', #1666, #1668, #1670 ) ;
#2574 = EDGE_CURVE ( 'NONE', #2295, #2242, #3884, .T. ) ;
#2575 = EDGE_CURVE ( 'NONE', #2242, #2333, #3896, .T. ) ;
#2576 = AXIS2_PLACEMENT_3D ( 'NONE', #1529, #1527, #1539 ) ;
#2577 = AXIS2_PLACEMENT_3D ( 'NONE', #1531, #1538, #1532 ) ;
#2578 = AXIS2_PLACEMENT_3D ( 'NONE', #1657, #1658, #1679 ) ;
#2579 = AXIS2_PLACEMENT_3D ( 'NONE', #1650, #1649, #1654 ) ;
#2580 = EDGE_CURVE ( 'NONE', #2328, #2295, #3885, .T. ) ;
#2581 = AXIS2_PLACEMENT_3D ( 'NONE', #1690, #1691, #1696 ) ;
#2582 = EDGE_CURVE ( 'NONE', #2246, #2272, #3877, .T. ) ;
#2583 = AXIS2_PLACEMENT_3D ( 'NONE', #1709, #1705, #1707 ) ;
#2584 = AXIS2_PLACEMENT_3D ( 'NONE', #1646, #1635, #1656 ) ;
#2585 = AXIS2_PLACEMENT_3D ( 'NONE', #3512, #3516, #1742 ) ;
#2586 = EDGE_CURVE ( 'NONE', #2323, #2343, #3890, .T. ) ;
#2587 = AXIS2_PLACEMENT_3D ( 'NONE', #1747, #1536, #1719 ) ;
#2588 = AXIS2_PLACEMENT_3D ( 'NONE', #1643, #1642, #1627 ) ;
#2589 = AXIS2_PLACEMENT_3D ( 'NONE', #1644, #1633, #1651 ) ;
#2590 = AXIS2_PLACEMENT_3D ( 'NONE', #1625, #1652, #1653 ) ;
#2591 = EDGE_CURVE ( 'NONE', #2328, #2323, #3882, .T. ) ;
#2592 = EDGE_CURVE ( 'NONE', #2300, #2268, #3895, .T. ) ;
#2593 = AXIS2_PLACEMENT_3D ( 'NONE', #1671, #1667, #1672 ) ;
#2594 = EDGE_CURVE ( 'NONE', #2295, #2298, #3872, .T. ) ;
#2595 = AXIS2_PLACEMENT_3D ( 'NONE', #1676, #1680, #1678 ) ;
#2596 = AXIS2_PLACEMENT_3D ( 'NONE', #1634, #1645, #1661 ) ;
#2597 = CARTESIAN_POINT ( 'NONE',  ( -2.525125513224078000, 1.747270701339514300, -25.84193387293631300 ) ) ;
#2598 = DIRECTION ( 'NONE',  ( 0.0000000000000000000, 1.000000000000000000, 0.0000000000000000000 ) ) ;
#2599 = DIRECTION ( 'NONE',  ( 0.0000000000000000000, 0.0000000000000000000, -1.000000000000000000 ) ) ;
#2600 = CARTESIAN_POINT ( 'NONE',  ( 2.517760232939643100, 1.824129155226617000, -26.28042961535084700 ) ) ;
#2601 = CARTESIAN_POINT ( 'NONE',  ( 2.999998048190043200, -0.3565820392231465200, -7.340870385056128100 ) ) ;
#2602 = CARTESIAN_POINT ( 'NONE',  ( -3.000001951809958100, -0.3565820392231465200, -7.340870385056128100 ) ) ;
#2603 = CARTESIAN_POINT ( 'NONE',  ( -2.900459383045067300, -1.011725731449493200, -7.930436408199192000 ) ) ;
#2604 = CARTESIAN_POINT ( 'NONE',  ( -2.984572133978087700, -0.2561271972400303600, -9.458717694139359400 ) ) ;
#2605 = CARTESIAN_POINT ( 'NONE',  ( -3.000001676340228000, -0.1466650713203302100, -7.288913966656315000 ) ) ;
#2606 = CARTESIAN_POINT ( 'NONE',  ( -3.000001951809958100, -0.4799606323717253700, -7.383160727418848000 ) ) ;
#2607 = CARTESIAN_POINT ( 'NONE',  ( -2.991850294018416200, 4.214310971592874500E-006, -7.281469368233847400 ) ) ;
#2608 = CARTESIAN_POINT ( 'NONE',  ( 2.999998048190043200, -0.6692294727511543000, -5.788449597881094800 ) ) ;
#2609 = CARTESIAN_POINT ( 'NONE',  ( 2.999998048190042300, 5.080138946524346700, 5.001541731461427000 ) ) ;
#2610 = CARTESIAN_POINT ( 'NONE',  ( -2.849266323199438800, -1.105165755929721200, -8.305249095275430100 ) ) ;
#2611 = CARTESIAN_POINT ( 'NONE',  ( -1.951809957241157200E-006, -18.77016655590738400, -32.66268623123644900 ) ) ;
#2612 = DIRECTION ( 'NONE',  ( -0.0000000000000000000, 0.1947769387067257700, -0.9808475641750028500 ) ) ;
#2613 = CARTESIAN_POINT ( 'NONE',  ( -2.871310226520443100, -0.8875205245221203800, -9.034683496686689400 ) ) ;
#2614 = CARTESIAN_POINT ( 'NONE',  ( -2.510324805635054400, 1.901037719505401600, -26.71891526585892200 ) ) ;
#2615 = CARTESIAN_POINT ( 'NONE',  ( -2.889275421549674300, -0.8059222470204506800, -9.133047734091352500 ) ) ;
#2616 = CARTESIAN_POINT ( 'NONE',  ( -2.997284457076380800, -0.07377603044287915600, -7.281469368233847400 ) ) ;
#2617 = DIRECTION ( 'NONE',  ( -0.0000000000000000000, 0.9702867460404315200, 0.2419579105098056400 ) ) ;
#2618 = CARTESIAN_POINT ( 'NONE',  ( -2.991252014866802300, -0.5936029305470210700, -7.446330664712036200 ) ) ;
#2619 = CARTESIAN_POINT ( 'NONE',  ( -1.951809957241157200E-006, 4.770174984529721700, -32.66268623123629300 ) ) ;
#2620 = CARTESIAN_POINT ( 'NONE',  ( -2.995889345003048400, -0.1292373050673381300, -9.481457941122410900 ) ) ;
#2621 = CARTESIAN_POINT ( 'NONE',  ( -1.951809957241157200E-006, -6.999995785688817300, -47.00000949586134900 ) ) ;
#2622 = CARTESIAN_POINT ( 'NONE',  ( -2.843480010907150700, -1.019640300487220500, -8.813863290090326400 ) ) ;
#2623 = CARTESIAN_POINT ( 'NONE',  ( -2.863310648757700700, -0.9238312909885387800, -8.982049867483144800 ) ) ;
#2624 = CARTESIAN_POINT ( 'NONE',  ( 2.525121609604163500, 1.747270701339515000, -25.84193387293631300 ) ) ;
#2625 = CARTESIAN_POINT ( 'NONE',  ( -2.880532970613590000, -1.056260147803026200, -8.047565724651841300 ) ) ;
#2626 = DIRECTION ( 'NONE',  ( -0.0000000000000000000, -0.1947769387067119200, -0.9808475641750057400 ) ) ;
#2627 = DIRECTION ( 'NONE',  ( 0.0000000000000000000, 0.9808475641750055200, -0.1947769387067123700 ) ) ;
#2628 = CARTESIAN_POINT ( 'NONE',  ( -2.839686088119235800, -1.106249381772268900, -8.434716847339355900 ) ) ;
#2629 = CARTESIAN_POINT ( 'NONE',  ( -2.929942354374769600, -0.6129712494394025100, -9.303791482455503500 ) ) ;
#2630 = CARTESIAN_POINT ( 'NONE',  ( 2.502804334197988600, 1.977997450579960500, -27.15739061170765500 ) ) ;
#2631 = DIRECTION ( 'NONE',  ( 1.000000000000000000, -0.0000000000000000000, 0.0000000000000000000 ) ) ;
#2632 = CARTESIAN_POINT ( 'NONE',  ( -2.961837045155429200, -0.7950624138255039100, -7.610271307749960600 ) ) ;
#2633 = CARTESIAN_POINT ( 'NONE',  ( -2.502808237817904800, 1.977997450579959100, -27.15739061170765500 ) ) ;
#2634 = CARTESIAN_POINT ( 'NONE',  ( 2.999998048190043200, -0.2172816933457199200, -7.303143427558299400 ) ) ;
#2635 = CARTESIAN_POINT ( 'NONE',  ( -2.836632428526757900, -1.063917234435661800, -8.689248584536983300 ) ) ;
#2636 = DIRECTION ( 'NONE',  ( 0.0000000000000000000, 0.9808475641750028500, 0.1947769387067264100 ) ) ;
#2637 = CARTESIAN_POINT ( 'NONE',  ( 0.4499980481900433000, -1.208872095591378800, -6.066169759875911900 ) ) ;
#2638 = CARTESIAN_POINT ( 'NONE',  ( 2.999998048190042800, -0.3110408596540424300, -7.325264605244120400 ) ) ;
#2639 = CARTESIAN_POINT ( 'NONE',  ( 2.510320902015140900, 1.901037719505403800, -26.71891526585892900 ) ) ;
#2640 = CARTESIAN_POINT ( 'NONE',  ( -2.942126565842025700, -0.8781644203239985500, -7.706321456552333700 ) ) ;
#2641 = CARTESIAN_POINT ( 'NONE',  ( -2.950704034197884100, -0.5038062050389564600, -9.367498108576004500 ) ) ;
#2642 = CARTESIAN_POINT ( 'NONE',  ( -2.999081760289505000, 4.214310971592874500E-006, -9.481469368233865300 ) ) ;
#2643 = CARTESIAN_POINT ( 'NONE',  ( -3.000001951809957700, -0.2172816933457185600, -7.303143427558299400 ) ) ;
#2644 = CARTESIAN_POINT ( 'NONE',  ( -2.899455617630057400, -0.7596028288387648400, -9.179650175218936800 ) ) ;
#2645 = CARTESIAN_POINT ( 'NONE',  ( 2.999998048190042800, -0.2644739701903152700, -7.312652812728183300 ) ) ;
#2646 = CARTESIAN_POINT ( 'NONE',  ( -2.517764136559557100, 1.824129155226615700, -26.28042961535084400 ) ) ;
#2647 = CARTESIAN_POINT ( 'NONE',  ( -3.000001951809958100, -9.011129690272865000, 6.736224623282032200 ) ) ;
#2648 = CARTESIAN_POINT ( 'NONE',  ( -3.000001951809958100, -0.02680708589542505100, 0.4651115483000900500 ) ) ;
#2649 = CARTESIAN_POINT ( 'NONE',  ( 2.999998048190043200, -0.02680708589542532500, 0.4651115483000900500 ) ) ;
#2650 = CARTESIAN_POINT ( 'NONE',  ( 2.999998048190043700, -1.109625594782693200, 3.855330056454607100 ) ) ;
#2651 = CARTESIAN_POINT ( 'NONE',  ( -3.000001951809959000, -2.821621426112153500, 5.662429174379964200 ) ) ;
#2652 = CARTESIAN_POINT ( 'NONE',  ( -3.000001951809958500, -7.972719423395021800, 6.955864186132308700 ) ) ;
#2653 = CARTESIAN_POINT ( 'NONE',  ( -3.000001951809957700, -13.90788788594106000, 1.386802010433032100 ) ) ;
#2654 = CARTESIAN_POINT ( 'NONE',  ( -3.000001951809957700, -0.4953078529857041800, 2.693133472808239200 ) ) ;
#2655 = CARTESIAN_POINT ( 'NONE',  ( -3.000001951809959000, -6.027272907538579400, 6.955864211772111900 ) ) ;
#2656 = CARTESIAN_POINT ( 'NONE',  ( -3.000001951809957700, -4.988858680137586700, 6.736224498479767700 ) ) ;
#2657 = CARTESIAN_POINT ( 'NONE',  ( -3.000001951809958100, -12.99999578578139600, -3.605560771050429800 ) ) ;
#2658 = CARTESIAN_POINT ( 'NONE',  ( -3.000001951809958500, -12.88959246586560600, 3.855360548029478800 ) ) ;
#2659 = CARTESIAN_POINT ( 'NONE',  ( -3.000001951809957700, -13.56992290100304500, -2.547233804449502900 ) ) ;
#2660 = DIRECTION ( 'NONE',  ( 0.0000000000000000000, 0.0000000000000000000, -1.000000000000000000 ) ) ;
#2661 = CARTESIAN_POINT ( 'NONE',  ( 2.999998048190044100, 4.214311182741247600E-006, -9.495740525269566500E-006 ) ) ;
#2662 = CARTESIAN_POINT ( 'NONE',  ( 2.999998048190043700, -0.07990902897285646900, 1.386321299950728400 ) ) ;
#2663 = CARTESIAN_POINT ( 'NONE',  ( 2.999998048190043200, -1.887239047653434600, 4.831593996278993300 ) ) ;
#2664 = CARTESIAN_POINT ( 'NONE',  ( 5.999998048190043700, -4.168214603066415300, -3.053443510125598800 ) ) ;
#2665 = DIRECTION ( 'NONE',  ( 1.000000000000000000, 0.0000000000000000000, 0.0000000000000000000 ) ) ;
#2666 = CARTESIAN_POINT ( 'NONE',  ( -1.951809957295679800E-006, -4.168214603066414400, -3.053443510125598800 ) ) ;
#2667 = CARTESIAN_POINT ( 'NONE',  ( -3.000001951809957700, -11.17831361434569900, 5.662431402706422600 ) ) ;
#2668 = CARTESIAN_POINT ( 'NONE',  ( -3.000001951809959000, -13.50779566838016900, 2.693010800410964700 ) ) ;
#2669 = CARTESIAN_POINT ( 'NONE',  ( 2.999998048190043200, 2.314700162108528100, -5.187505607776008900 ) ) ;
#2670 = CARTESIAN_POINT ( 'NONE',  ( 2.999998048190044600, -2.821621426112154400, 5.662429174379964200 ) ) ;
#2671 = CARTESIAN_POINT ( 'NONE',  ( 2.999998048190043200, -3.874122750269014300, 6.305610452184440700 ) ) ;
#2672 = CARTESIAN_POINT ( 'NONE',  ( 2.999998048190044600, -6.027272907538579400, 6.955864211772111900 ) ) ;
#2673 = CARTESIAN_POINT ( 'NONE',  ( 2.999998048190041900, -6.999995607503970000, 7.020693755084807600 ) ) ;
#2674 = CARTESIAN_POINT ( 'NONE',  ( -1.951809956819240300E-006, 2.168223031945545600, -4.157678032325232000 ) ) ;
#2675 = CARTESIAN_POINT ( 'NONE',  ( -3.000001951809958100, -1.887239047653434600, 4.831593996278993300 ) ) ;
#2676 = CARTESIAN_POINT ( 'NONE',  ( -3.000001951809958500, -1.109625594782693200, 3.855330056454607100 ) ) ;
#2677 = CARTESIAN_POINT ( 'NONE',  ( 5.999998048190043700, 2.168223031945545600, -4.157678032325230300 ) ) ;
#2678 = CARTESIAN_POINT ( 'NONE',  ( -3.000001951809958100, -3.874122750269014300, 6.305610452184440700 ) ) ;
#2679 = CARTESIAN_POINT ( 'NONE',  ( -3.000001951809956800, -6.999995607503970000, 7.020693755084807600 ) ) ;
#2680 = CARTESIAN_POINT ( 'NONE',  ( -3.000001951809958100, 4.214311183012298100E-006, -9.495740525269566500E-006 ) ) ;
#2681 = CARTESIAN_POINT ( 'NONE',  ( -3.000001951809957700, -13.92124706532406000, -1.277758305567908300 ) ) ;
#2682 = CARTESIAN_POINT ( 'NONE',  ( 2.999998048190044100, 3.939263140268360400, 7.159906815502965000 ) ) ;
#2683 = CARTESIAN_POINT ( 'NONE',  ( 2.999998048190043200, -0.4953078529857044000, 2.693133472808239200 ) ) ;
#2684 = CARTESIAN_POINT ( 'NONE',  ( -3.000001951809958500, -0.07990902897285620500, 1.386321299950728400 ) ) ;
#2685 = CARTESIAN_POINT ( 'NONE',  ( 2.999998048190043700, -7.972719423395021800, 6.955864186132308700 ) ) ;
#2686 = CARTESIAN_POINT ( 'NONE',  ( 2.999998048190044600, -10.12588301894176700, 6.305609892949920700 ) ) ;
#2687 = CARTESIAN_POINT ( 'NONE',  ( 2.999998048190042800, -11.17831361434569900, 5.662431402706422600 ) ) ;
#2688 = CARTESIAN_POINT ( 'NONE',  ( 2.999998048190043200, -12.11293928418968100, 4.831586634241724600 ) ) ;
#2689 = CARTESIAN_POINT ( 'NONE',  ( -3.000001951809957700, -12.11293928418968100, 4.831586634241724600 ) ) ;
#2690 = CARTESIAN_POINT ( 'NONE',  ( -3.000001951809958100, -13.19139435380502900, -3.250142928140048200 ) ) ;
#2691 = CARTESIAN_POINT ( 'NONE',  ( 2.999998048190042800, -4.988858680137586700, 6.736224498479767700 ) ) ;
#2692 = CARTESIAN_POINT ( 'NONE',  ( -3.000001951809957700, -14.04296618619976100, 0.03302437855066389600 ) ) ;
#2693 = DIRECTION ( 'NONE',  ( 0.0000000000000000000, -0.1974294763067977700, 0.9803170925191621000 ) ) ;
#2694 = CARTESIAN_POINT ( 'NONE',  ( 2.999998048190043200, -9.011129690272865000, 6.736224623282032200 ) ) ;
#2695 = CARTESIAN_POINT ( 'NONE',  ( 2.999998048190043200, -12.99999578578139600, -3.605560771050429800 ) ) ;
#2696 = CARTESIAN_POINT ( 'NONE',  ( 2.999998048190044100, -12.88959246586560600, 3.855360548029478800 ) ) ;
#2697 = CARTESIAN_POINT ( 'NONE',  ( 2.999998048190043700, -18.77016655590738400, -32.66268623123644900 ) ) ;
#2698 = CARTESIAN_POINT ( 'NONE',  ( -0.4500019518099571700, 2.369988581077565400, -5.173718476926569400 ) ) ;
#2699 = CARTESIAN_POINT ( 'NONE',  ( 2.999998048190043700, -13.50779566838016900, 2.693010800410964700 ) ) ;
#2700 = CARTESIAN_POINT ( 'NONE',  ( 2.999998048190042800, -13.90788788594106000, 1.386802010433032100 ) ) ;
#2701 = CARTESIAN_POINT ( 'NONE',  ( -1.951809957241157200E-006, -6.999995785688817300, -35.00000949574052100 ) ) ;
#2702 = CARTESIAN_POINT ( 'NONE',  ( -3.000001951809959000, -10.12588301894176700, 6.305609892949920700 ) ) ;
#2703 = CARTESIAN_POINT ( 'NONE',  ( 2.999998048190043200, -13.19139435380502900, -3.250142928140048200 ) ) ;
#2704 = CARTESIAN_POINT ( 'NONE',  ( 2.502804334197988600, 1.977997450579960500, -27.15739061170765500 ) ) ;
#2705 = CARTESIAN_POINT ( 'NONE',  ( -3.000001951809958100, 0.1221273309212395200, -9.475732097355901800 ) ) ;
#2706 = CARTESIAN_POINT ( 'NONE',  ( -2.999822237886034900, 3.314069280918826800, -25.56712280770404900 ) ) ;
#2707 = DIRECTION ( 'NONE',  ( 0.0000000000000000000, 0.0000000000000000000, -1.000000000000000000 ) ) ;
#2708 = CARTESIAN_POINT ( 'NONE',  ( 2.999998048190042800, -13.92124706532406000, -1.277758305567908300 ) ) ;
#2709 = CARTESIAN_POINT ( 'NONE',  ( -1.951809957241157200E-006, 4.214311183012298100E-006, -9.495740525269566500E-006 ) ) ;
#2710 = CARTESIAN_POINT ( 'NONE',  ( 2.999859875077550300, 3.711308901277741200, -27.53961064163140900 ) ) ;
#2711 = DIRECTION ( 'NONE',  ( 0.0000000000000000000, 0.0000000000000000000, 1.000000000000000000 ) ) ;
#2712 = CARTESIAN_POINT ( 'NONE',  ( 2.996708198260522100, 3.532987157624043000, -27.78100684840379800 ) ) ;
#2713 = CARTESIAN_POINT ( 'NONE',  ( 2.999998048190044100, 3.202745430771419600, -26.94257387787665100 ) ) ;
#2714 = CARTESIAN_POINT ( 'NONE',  ( -1.951809957608550900E-006, -6.999995785688817300, -35.00000949574052100 ) ) ;
#2715 = CARTESIAN_POINT ( 'NONE',  ( 2.318467610141538200, 2.214512262360855700, -29.56760033260794500 ) ) ;
#2716 = DIRECTION ( 'NONE',  ( 1.000000000000000000, 0.0000000000000000000, 0.0000000000000000000 ) ) ;
#2717 = CARTESIAN_POINT ( 'NONE',  ( 3.249998048190043200, 4.214310970643383600E-006, -7.281469368233847400 ) ) ;
#2718 = DIRECTION ( 'NONE',  ( -0.0000000000000000000, -0.9702867460404317500, -0.2419579105098049700 ) ) ;
#2719 = CARTESIAN_POINT ( 'NONE',  ( -3.000001951809957700, -0.5161273289165547700, -5.893421778987527800 ) ) ;
#2720 = CARTESIAN_POINT ( 'NONE',  ( -3.000001951809957700, 2.947650496285452600, -25.63139123797074200 ) ) ;
#2721 = CARTESIAN_POINT ( 'NONE',  ( 2.999998048190043200, -13.56992290100304500, -2.547233804449502900 ) ) ;
#2722 = DIRECTION ( 'NONE',  ( 1.000000000000000000, 0.0000000000000000000, 0.0000000000000000000 ) ) ;
#2723 = DIRECTION ( 'NONE',  ( 1.000000000000000000, 0.0000000000000000000, 0.0000000000000000000 ) ) ;
#2724 = CARTESIAN_POINT ( 'NONE',  ( 2.823986332722492800, 2.930638186628429200, -28.59733703695835100 ) ) ;
#2725 = CARTESIAN_POINT ( 'NONE',  ( 2.692822927700271300, 2.640072632938748500, -28.99095710575437900 ) ) ;
#2726 = CARTESIAN_POINT ( 'NONE',  ( -3.000001951809958100, 0.1700221901120034800, -9.469319938790652800 ) ) ;
#2727 = CARTESIAN_POINT ( 'NONE',  ( -3.000001951809958100, 0.07401860086800912700, -9.478976484649313900 ) ) ;
#2728 = CARTESIAN_POINT ( 'NONE',  ( 2.925920608920155700, 2.876529010731173000, -26.99993045107577300 ) ) ;
#2729 = DIRECTION ( 'NONE',  ( -1.000000000000000000, -0.0000000000000000000, -0.0000000000000000000 ) ) ;
#2730 = CARTESIAN_POINT ( 'NONE',  ( 2.969803673073465600, 3.377363773606362900, -27.99076915468456800 ) ) ;
#2731 = CARTESIAN_POINT ( 'NONE',  ( 2.825776977622318900, 2.934658087990834800, -28.59189043346068400 ) ) ;
#2732 = CARTESIAN_POINT ( 'NONE',  ( 2.869674823464835700, 3.040767703076606900, -28.44773430330191700 ) ) ;
#2733 = CARTESIAN_POINT ( 'NONE',  ( 2.999998048190042800, 5.950211799646071500, 0.8637867288723194400 ) ) ;
#2734 = CARTESIAN_POINT ( 'NONE',  ( 2.999998048190043200, -1.208872095591378800, -6.066169759875911900 ) ) ;
#2735 = CARTESIAN_POINT ( 'NONE',  ( 2.822682905189594300, 2.927721258915357600, -28.60128900467102400 ) ) ;
#2736 = CARTESIAN_POINT ( 'NONE',  ( 2.918149633645059600, 3.180725739903135900, -28.25741054160458500 ) ) ;
#2737 = CARTESIAN_POINT ( 'NONE',  ( 2.820706880206745600, 2.923324583333707600, -28.60724551870312400 ) ) ;
#2738 = CARTESIAN_POINT ( 'NONE',  ( -3.000001951809959000, -0.5442778151500685700, -5.900441593343120200 ) ) ;
#2739 = DIRECTION ( 'NONE',  ( -1.000000000000000000, 0.0000000000000000000, -0.0000000000000000000 ) ) ;
#2740 = CARTESIAN_POINT ( 'NONE',  ( 2.829367754831535000, 2.942763527432881600, -28.58090471006998400 ) ) ;
#2741 = CARTESIAN_POINT ( 'NONE',  ( -3.000001951809957700, -0.5302025720333114500, -5.896931686165324000 ) ) ;
#2742 = CARTESIAN_POINT ( 'NONE',  ( 2.999998048190043200, -12.99999578578139600, -3.605560771050429800 ) ) ;
#2743 = CARTESIAN_POINT ( 'NONE',  ( 2.999845880702061200, 3.577826873269689400, -26.87678616694382700 ) ) ;
#2744 = CARTESIAN_POINT ( 'NONE',  ( 2.898978459196535100, 3.121218409384756600, -28.33830935674392000 ) ) ;
#2745 = CARTESIAN_POINT ( 'NONE',  ( 2.859810804725574600, 3.015416439018443900, -28.48222261760765400 ) ) ;
#2746 = CARTESIAN_POINT ( 'NONE',  ( 2.511620154462805000, 2.403477996758482900, -29.31156960984836600 ) ) ;
#2747 = CARTESIAN_POINT ( 'NONE',  ( 2.999998048190043200, -14.04296618619976100, 0.03302437855066389600 ) ) ;
#2748 = CARTESIAN_POINT ( 'NONE',  ( 2.837806781719948800, 2.962137224469658200, -28.55462343332513700 ) ) ;
#2749 = CARTESIAN_POINT ( 'NONE',  ( 2.731381032702465000, 2.343960316948332100, -27.09332285713313500 ) ) ;
#2750 = CARTESIAN_POINT ( 'NONE',  ( 2.611305042883987700, 2.136192508468020000, -27.12964376946628800 ) ) ;
#2751 = CARTESIAN_POINT ( 'NONE',  ( 2.845123624687253500, 2.979538838325213900, -28.53098484978232800 ) ) ;
#2752 = CARTESIAN_POINT ( 'NONE',  ( -2.999844520515599500, -0.5020540275626008700, -5.889913502128923300 ) ) ;
#2753 = CARTESIAN_POINT ( 'NONE',  ( -3.000001951809957700, 0.2172901219672375400, -9.459795308909484400 ) ) ;
#2754 = DIRECTION ( 'NONE',  ( 0.0000000000000000000, -1.000000000000000000, 0.0000000000000000000 ) ) ;
#2755 = PLANE ( 'NONE',  #2466 ) ;
#2756 = CARTESIAN_POINT ( 'NONE',  ( 7.163709525759339900, -25.65950738734053300, -0.7499999999999997800 ) ) ;
#2757 = DIRECTION ( 'NONE',  ( 0.0000000000000000000, -0.1727594277455491200, 0.9849640501688528000 ) ) ;
#2758 = CARTESIAN_POINT ( 'NONE',  ( -1.098514742614264100, -8.006257646412429100, 3.949990504259474700 ) ) ;
#2759 = DIRECTION ( 'NONE',  ( 0.0000000000000000000, -0.9849640501688526900, -0.1727594277455490900 ) ) ;
#2760 = DIRECTION ( 'NONE',  ( 0.0000000000000000000, -0.1727594277455491200, 0.9849640501688528000 ) ) ;
#2761 = DIRECTION ( 'NONE',  ( 0.0000000000000000000, -0.9849640501688530200, -0.1727594277455480300 ) ) ;
#2762 = DIRECTION ( 'NONE',  ( -0.6427876096865433600, -0.7660444431189745700, 0.0000000000000000000 ) ) ;
#2763 = CARTESIAN_POINT ( 'NONE',  ( -3.000001951809958100, -12.99999578581640900, -3.605560771226751400 ) ) ;
#2764 = CARTESIAN_POINT ( 'NONE',  ( -3.000001951809956800, -24.65525194086603000, -31.49402459901432000 ) ) ;
#2765 = DIRECTION ( 'NONE',  ( 0.0000000000000000000, 0.0000000000000000000, 1.000000000000000000 ) ) ;
#2766 = CARTESIAN_POINT ( 'NONE',  ( 2.999998048190043200, -19.33643342072996400, -4.709795293409234400 ) ) ;
#2767 = PLANE ( 'NONE',  #2470 ) ;
#2768 = CARTESIAN_POINT ( 'NONE',  ( 2.999998048190043200, -18.77016655590738400, -32.66268623123644900 ) ) ;
#2769 = CARTESIAN_POINT ( 'NONE',  ( -1.951809957241157200E-006, 4.770174984529716300, -32.66268623123629300 ) ) ;
#2770 = DIRECTION ( 'NONE',  ( 0.0000000000000000000, 0.1947769387067124500, -0.9808475641750055200 ) ) ;
#2771 = DIRECTION ( 'NONE',  ( 0.0000000000000000000, 0.9808475641750055200, 0.1947769387067123700 ) ) ;
#2772 = CARTESIAN_POINT ( 'NONE',  ( 2.999998048190043200, -24.65525194086603000, -31.49402459901432000 ) ) ;
#2773 = CARTESIAN_POINT ( 'NONE',  ( 2.999998048190043200, -12.88508117094873900, -33.83134786345857500 ) ) ;
#2774 = DIRECTION ( 'NONE',  ( -1.000000000000000000, 0.0000000000000000000, 0.0000000000000000000 ) ) ;
#2775 = DIRECTION ( 'NONE',  ( 0.0000000000000000000, 0.1727594277455480100, -0.9849640501688529100 ) ) ;
#2776 = CARTESIAN_POINT ( 'NONE',  ( 2.999998048190043200, 6.315185712434455900, -25.04073672957683500 ) ) ;
#2777 = CARTESIAN_POINT ( 'NONE',  ( 3.000998048190044900, 2.369988581077565400, -5.173718476926569400 ) ) ;
#2778 = DIRECTION ( 'NONE',  ( 0.0000000000000000000, 0.2419579105098049700, -0.9702867460404317500 ) ) ;
#2779 = DIRECTION ( 'NONE',  ( 0.0000000000000000000, 0.9702867460404317500, 0.2419579105098049700 ) ) ;
#2780 = CARTESIAN_POINT ( 'NONE',  ( 2.999998048190043200, -1.208872095591378800, -6.066169759875911900 ) ) ;
#2781 = PLANE ( 'NONE',  #2463 ) ;
#2782 = PLANE ( 'NONE',  #2456 ) ;
#2783 = PLANE ( 'NONE',  #2472 ) ;
#2784 = PLANE ( 'NONE',  #2471 ) ;
#2785 = PLANE ( 'NONE',  #2476 ) ;
#2786 = DIRECTION ( 'NONE',  ( -0.7660444431189746800, 0.6427876096865434700, 0.0000000000000000000 ) ) ;
#2787 = CARTESIAN_POINT ( 'NONE',  ( -3.000001951809957700, 2.314700162108528100, -5.187505607776008900 ) ) ;
#2788 = CARTESIAN_POINT ( 'NONE',  ( -3.000001951809958100, -18.77016655590738400, -32.66268623123644900 ) ) ;
#2789 = CARTESIAN_POINT ( 'NONE',  ( 2.999998048190043200, -6.663558150902845000, -2.501326249044266700 ) ) ;
#2790 = CARTESIAN_POINT ( 'NONE',  ( 2.999998048190043200, 1.747270701339515000, -25.84193387293631300 ) ) ;
#2791 = PLANE ( 'NONE',  #2475 ) ;
#2792 = DIRECTION ( 'NONE',  ( 0.0000000000000000000, -0.9849640501688526900, -0.1727594277455490900 ) ) ;
#2793 = PLANE ( 'NONE',  #2459 ) ;
#2794 = CARTESIAN_POINT ( 'NONE',  ( -3.000001951809958500, -6.663558150902845000, -2.501326249044266700 ) ) ;
#2795 = CARTESIAN_POINT ( 'NONE',  ( -0.4500019518099572800, -1.208872095591378800, -6.066169759875911900 ) ) ;
#2796 = DIRECTION ( 'NONE',  ( 0.0000000000000000000, -0.9702867460404315200, -0.2419579105098056400 ) ) ;
#2797 = CARTESIAN_POINT ( 'NONE',  ( 2.999998048190043200, -18.77016655590738400, -32.66268623123644900 ) ) ;
#2798 = CARTESIAN_POINT ( 'NONE',  ( -3.000001951809958500, -12.88508117094873900, -33.83134786345857500 ) ) ;
#2799 = CARTESIAN_POINT ( 'NONE',  ( -3.000001951809956800, -19.33643342072996400, -4.709795293409234400 ) ) ;
#2800 = CARTESIAN_POINT ( 'NONE',  ( 2.999998048190043200, -12.99999578581640900, -3.605560771226751400 ) ) ;
#2801 = CARTESIAN_POINT ( 'NONE',  ( 2.999998048190043200, 6.315185712434455900, -25.04073672957683500 ) ) ;
#2802 = DIRECTION ( 'NONE',  ( 0.0000000000000000000, -0.2419579105098056400, 0.9702867460404315200 ) ) ;
#2803 = CARTESIAN_POINT ( 'NONE',  ( 2.999998048190043200, -12.99999578581640900, -3.605560771226751400 ) ) ;
#2804 = DIRECTION ( 'NONE',  ( 0.0000000000000000000, -0.0000000000000000000, -1.000000000000000000 ) ) ;
#2805 = CARTESIAN_POINT ( 'NONE',  ( 5.999998048190042800, 2.181772769813704400, -4.088268875848129400 ) ) ;
#2806 = CARTESIAN_POINT ( 'NONE',  ( -6.000001951809960800, 2.941171954676275100, -1.761319261164318500 ) ) ;
#2807 = CARTESIAN_POINT ( 'NONE',  ( -1.951809957241157200E-006, -6.999995785688817300, -50.00000949586134900 ) ) ;
#2808 = DIRECTION ( 'NONE',  ( 0.0000000000000000000, -0.8045823294032068400, 0.5938411195026071000 ) ) ;
#2809 = CARTESIAN_POINT ( 'NONE',  ( -1.951809957295679800E-006, -4.168214603066414400, -3.053443510125598800 ) ) ;
#2810 = CARTESIAN_POINT ( 'NONE',  ( -1.951809956842495200E-006, 2.181772769813705700, -4.088268875848131100 ) ) ;
#2811 = CARTESIAN_POINT ( 'NONE',  ( -1.951809956872706700E-006, 2.980283896183535000, -0.5903928882398447000 ) ) ;
#2812 = CARTESIAN_POINT ( 'NONE',  ( -6.000001951809958100, 3.000004214432310700, -9.495595781840083100E-006 ) ) ;
#2813 = CARTESIAN_POINT ( 'NONE',  ( 5.999998048190043700, 2.168223031945545600, -4.157678032325230300 ) ) ;
#2814 = CARTESIAN_POINT ( 'NONE',  ( -1.951809956870613300E-006, 2.941171954676274200, -1.761319261164317400 ) ) ;
#2815 = CARTESIAN_POINT ( 'NONE',  ( -1.951809957228234800E-006, -3.118966165923369200, -1.253024084519103400 ) ) ;
#2816 = CARTESIAN_POINT ( 'NONE',  ( -6.000001951809959000, -3.118966165923371800, -1.253024084519102300 ) ) ;
#2817 = CARTESIAN_POINT ( 'NONE',  ( -6.000001951809958100, -4.168214603066415300, -3.053443510125598800 ) ) ;
#2818 = CARTESIAN_POINT ( 'NONE',  ( -6.000001951809960800, -3.071791437580496000, -0.7848474694626165200 ) ) ;
#2819 = CARTESIAN_POINT ( 'NONE',  ( 5.999998048190043700, 3.000004214432309400, -9.495595781840083100E-006 ) ) ;
#2820 = CARTESIAN_POINT ( 'NONE',  ( 5.999998048190043700, -4.168214603066415300, -3.053443510125598800 ) ) ;
#2821 = CARTESIAN_POINT ( 'NONE',  ( -1.951809957228234800E-006, -3.118966165923369200, -1.253024084519103400 ) ) ;
#2822 = CARTESIAN_POINT ( 'NONE',  ( -1.951809957242211700E-006, -3.024061376664597400, -0.2630837797717501300 ) ) ;
#2823 = CARTESIAN_POINT ( 'NONE',  ( -6.000001951809958100, 3.219012641468851600, -50.00000949586134900 ) ) ;
#2824 = CARTESIAN_POINT ( 'NONE',  ( -6.000001951809959900, 7.712717677054732800, -32.07835541511610700 ) ) ;
#2825 = CARTESIAN_POINT ( 'NONE',  ( 5.999998048190045500, 2.941171954676273800, -1.761319261164318500 ) ) ;
#2826 = CARTESIAN_POINT ( 'NONE',  ( -6.000001951809958100, -0.8685907293612942200, -44.00000949586134200 ) ) ;
#2827 = CARTESIAN_POINT ( 'NONE',  ( -1.951809957244306000E-006, -3.071791437580496400, -0.7848474694626147400 ) ) ;
#2828 = CARTESIAN_POINT ( 'NONE',  ( -6.000001951809958100, 3.021888598847126200, -39.26099076182561700 ) ) ;
#2829 = CARTESIAN_POINT ( 'NONE',  ( -6.000001951809958100, 2.181772769813705700, -4.088268875848132000 ) ) ;
#2830 = CARTESIAN_POINT ( 'NONE',  ( -6.000001951809959900, -6.999995785688817300, -44.00000949586134900 ) ) ;
#2831 = CARTESIAN_POINT ( 'NONE',  ( 5.999998048190042800, -3.118966165923371800, -1.253024084519102300 ) ) ;
#2832 = CARTESIAN_POINT ( 'NONE',  ( -1.951809956819240300E-006, 2.168223031945545600, -4.157678032325232000 ) ) ;
#2833 = CARTESIAN_POINT ( 'NONE',  ( -1.951809956886684500E-006, 2.207521384318334800, -3.956370411788544800 ) ) ;
#2834 = DIRECTION ( 'NONE',  ( 0.0000000000000000000, -0.5938411195026071000, -0.8045823294032068400 ) ) ;
#2835 = CARTESIAN_POINT ( 'NONE',  ( 5.999998048190045500, -3.071791437580496000, -0.7848474694626165200 ) ) ;
#2836 = CARTESIAN_POINT ( 'NONE',  ( 5.999998048190043700, -2.999995785568330600, -9.495682628060402400E-006 ) ) ;
#2837 = CARTESIAN_POINT ( 'NONE',  ( -1.951809957241157200E-006, -2.999995785568331500, -9.495682628873555700E-006 ) ) ;
#2838 = CARTESIAN_POINT ( 'NONE',  ( 5.999998048190043700, -3.024061376664598300, -0.2630837797717497400 ) ) ;
#2839 = CARTESIAN_POINT ( 'NONE',  ( -1.951809957241157200E-006, -2.999995785568331500, -9.495682628873555700E-006 ) ) ;
#2840 = CARTESIAN_POINT ( 'NONE',  ( -1.951809957272424500E-006, -3.806442660390543700, -2.432674195465908400 ) ) ;
#2841 = CARTESIAN_POINT ( 'NONE',  ( -6.000001951809958100, -2.999995785568330600, -9.495682628060402400E-006 ) ) ;
#2842 = CARTESIAN_POINT ( 'NONE',  ( -6.000001951809959000, 2.207521384318336100, -3.956370411788544800 ) ) ;
#2843 = CARTESIAN_POINT ( 'NONE',  ( 2.999998048190043200, 4.293132233939329200, -26.75132364889981300 ) ) ;
#2844 = CARTESIAN_POINT ( 'NONE',  ( -6.000001951809958100, 2.168223031945546900, -4.157678032325230300 ) ) ;
#2845 = CARTESIAN_POINT ( 'NONE',  ( -6.000001951809958100, 2.980283896183536700, -0.5903928882398453700 ) ) ;
#2846 = CARTESIAN_POINT ( 'NONE',  ( -6.000001951809958100, -3.806442660390544100, -2.432674195465907000 ) ) ;
#2847 = CARTESIAN_POINT ( 'NONE',  ( -2.929319576884140900, 2.628880321311465100, -25.68743234540793800 ) ) ;
#2848 = CARTESIAN_POINT ( 'NONE',  ( -1.951809957242211700E-006, -3.024061376664597400, -0.2630837797717501300 ) ) ;
#2849 = CARTESIAN_POINT ( 'NONE',  ( -1.951809956873762600E-006, 3.000004214432311100, -9.495595782111135300E-006 ) ) ;
#2850 = CARTESIAN_POINT ( 'NONE',  ( 5.999998048190043700, 2.980283896183535800, -0.5903928882398453700 ) ) ;
#2851 = CARTESIAN_POINT ( 'NONE',  ( 5.999998048190042800, -3.806442660390544100, -2.432674195465907000 ) ) ;
#2852 = CARTESIAN_POINT ( 'NONE',  ( -1.951809957295679800E-006, -4.168214603066414400, -3.053443510125598800 ) ) ;
#2853 = CARTESIAN_POINT ( 'NONE',  ( -1.951809957272424500E-006, -3.806442660390543700, -2.432674195465908400 ) ) ;
#2854 = CARTESIAN_POINT ( 'NONE',  ( -1.951809957244306000E-006, -3.071791437580496400, -0.7848474694626147400 ) ) ;
#2855 = CARTESIAN_POINT ( 'NONE',  ( -1.951809957241156700E-006, 3.219012641468851600, -50.00000949586134900 ) ) ;
#2856 = CARTESIAN_POINT ( 'NONE',  ( -1.951809957241156700E-006, 9.703144855114729200, -42.10164493917754000 ) ) ;
#2857 = CARTESIAN_POINT ( 'NONE',  ( -1.951809957241157200E-006, 7.712717677054732800, -32.07835541511611400 ) ) ;
#2858 = CARTESIAN_POINT ( 'NONE',  ( -6.000001951809959900, -6.999995785688817300, -50.00000949586135600 ) ) ;
#2859 = CARTESIAN_POINT ( 'NONE',  ( -6.000001951809958100, 9.703144855114729200, -42.10164493917754000 ) ) ;
#2860 = CARTESIAN_POINT ( 'NONE',  ( -6.000001951809958100, -3.024061376664598300, -0.2630837797717497400 ) ) ;
#2861 = CARTESIAN_POINT ( 'NONE',  ( 5.999998048190042800, 2.207521384318334300, -3.956370411788547400 ) ) ;
#2862 = DIRECTION ( 'NONE',  ( 0.0000000000000000000, 0.9702867460404315200, 0.2419579105098058600 ) ) ;
#2863 = CARTESIAN_POINT ( 'NONE',  ( -1.951809957608550900E-006, -0.8685907293612941100, -44.00000949586133500 ) ) ;
#2864 = DIRECTION ( 'NONE',  ( 0.0000000000000000000, 0.2419579105098058600, -0.9702867460404315200 ) ) ;
#2865 = CARTESIAN_POINT ( 'NONE',  ( -1.098514742614264100, -6.999995785688817300, 3.949990504259474700 ) ) ;
#2866 = CARTESIAN_POINT ( 'NONE',  ( 5.999998048190043700, -15.82762386338237300, -33.24701704735657900 ) ) ;
#2867 = DIRECTION ( 'NONE',  ( 0.0000000000000000000, 0.1947769387067124500, -0.9808475641750055200 ) ) ;
#2868 = DIRECTION ( 'NONE',  ( 0.0000000000000000000, -0.1974294763067977500, 0.9803170925191622100 ) ) ;
#2869 = CARTESIAN_POINT ( 'NONE',  ( -1.951809957608550500E-006, -17.02188017022469100, -39.26099076182568100 ) ) ;
#2870 = DIRECTION ( 'NONE',  ( 0.0000000000000000000, 0.0000000000000000000, -1.000000000000000000 ) ) ;
#2871 = CARTESIAN_POINT ( 'NONE',  ( 5.999998048190043700, -23.70313642649225700, -42.10164493917766000 ) ) ;
#2872 = DIRECTION ( 'NONE',  ( -1.000000000000000000, 0.0000000000000000000, 0.0000000000000000000 ) ) ;
#2873 = CARTESIAN_POINT ( 'NONE',  ( -2.743565696057338700, 2.107272805740757700, -25.77890347411376800 ) ) ;
#2874 = PLANE ( 'NONE',  #2474 ) ;
#2875 = CARTESIAN_POINT ( 'NONE',  ( 2.999998048190043200, 2.314700162108528100, -5.187505607776008900 ) ) ;
#2876 = CARTESIAN_POINT ( 'NONE',  ( 5.999998048190042800, -13.13140084201627600, -44.00000949586134900 ) ) ;
#2877 = PLANE ( 'NONE',  #2455 ) ;
#2878 = CARTESIAN_POINT ( 'NONE',  ( -1.951809957241156300E-006, -23.70313642649225700, -42.10164493917766000 ) ) ;
#2879 = DIRECTION ( 'NONE',  ( -1.000000000000000000, 0.0000000000000000000, 0.0000000000000000000 ) ) ;
#2880 = DIRECTION ( 'NONE',  ( 0.0000000000000000000, 0.0000000000000000000, 1.000000000000000000 ) ) ;
#2881 = DIRECTION ( 'NONE',  ( -1.000000000000000000, 0.0000000000000000000, -0.0000000000000000000 ) ) ;
#2882 = PLANE ( 'NONE',  #2478 ) ;
#2883 = CARTESIAN_POINT ( 'NONE',  ( 5.999998048190043700, -17.02188017022469100, -39.26099076182568100 ) ) ;
#2884 = CARTESIAN_POINT ( 'NONE',  ( 3.249998048190043200, 4.214310970508672300E-006, -8.381469368233847900 ) ) ;
#2885 = CARTESIAN_POINT ( 'NONE',  ( 5.999998048190042800, -17.21900421284639600, -50.00000949586134900 ) ) ;
#2886 = DIRECTION ( 'NONE',  ( 1.000000000000000000, 0.0000000000000000000, 0.0000000000000000000 ) ) ;
#2887 = CARTESIAN_POINT ( 'NONE',  ( 5.999998048190042800, -6.999995785688814600, -44.00000949586134900 ) ) ;
#2888 = DIRECTION ( 'NONE',  ( 0.0000000000000000000, 0.0000000000000000000, -1.000000000000000000 ) ) ;
#2889 = CARTESIAN_POINT ( 'NONE',  ( -2.628845863369697200, 1.903118245141376600, -25.81459877491014500 ) ) ;
#2890 = CARTESIAN_POINT ( 'NONE',  ( -1.951809957608550900E-006, 3.021888598847126200, -39.26099076182561000 ) ) ;
#2891 = DIRECTION ( 'NONE',  ( 0.0000000000000000000, 0.9808475641750055200, 0.1947769387067123700 ) ) ;
#2892 = CARTESIAN_POINT ( 'NONE',  ( -1.951809957241156300E-006, -6.999995785688821700, -50.00000949586134900 ) ) ;
#2893 = CARTESIAN_POINT ( 'NONE',  ( -6.000001951809959900, 1.827632292004714600, -33.24701704735646500 ) ) ;
#2894 = CARTESIAN_POINT ( 'NONE',  ( 2.999998048190043200, -1.208872095591378800, -6.066169759875911900 ) ) ;
#2895 = CARTESIAN_POINT ( 'NONE',  ( 2.999998048190043200, 1.387242033555186500, -30.68845065077082900 ) ) ;
#2896 = DIRECTION ( 'NONE',  ( 0.0000000000000000000, 0.0000000000000000000, -1.000000000000000000 ) ) ;
#2897 = PLANE ( 'NONE',  #2473 ) ;
#2898 = CARTESIAN_POINT ( 'NONE',  ( 5.999998048190042800, -6.999995785688820900, -50.00000949586135600 ) ) ;
#2899 = CARTESIAN_POINT ( 'NONE',  ( -1.951809957608550500E-006, -15.82762386338237100, -33.24701704735657900 ) ) ;
#2900 = CARTESIAN_POINT ( 'NONE',  ( -1.951809957241157200E-006, 4.770174984529716300, -32.66268623123629300 ) ) ;
#2901 = CARTESIAN_POINT ( 'NONE',  ( -1.951809957608550900E-006, 1.827632292004714800, -33.24701704735646500 ) ) ;
#2902 = CARTESIAN_POINT ( 'NONE',  ( 5.999998048190043700, -21.71270924843241100, -32.07835541511630600 ) ) ;
#2903 = CARTESIAN_POINT ( 'NONE',  ( -1.951809957241156700E-006, -21.71270924843241100, -32.07835541511630600 ) ) ;
#2904 = CARTESIAN_POINT ( 'NONE',  ( -1.951809957608550100E-006, -13.13140084201627600, -44.00000949586134200 ) ) ;
#2905 = DIRECTION ( 'NONE',  ( 0.0000000000000000000, 0.9803170925191622100, 0.1974294763067977500 ) ) ;
#2906 = CARTESIAN_POINT ( 'NONE',  ( -1.951809957608550100E-006, -6.999995785688814600, -44.00000949586134200 ) ) ;
#2907 = CARTESIAN_POINT ( 'NONE',  ( -1.951809957608550900E-006, -6.999995785688817300, -44.00000949586134200 ) ) ;
#2908 = CARTESIAN_POINT ( 'NONE',  ( -1.951809957241156300E-006, -17.21900421284638900, -50.00000949586135600 ) ) ;
#2909 = PLANE ( 'NONE',  #2464 ) ;
#2910 = CARTESIAN_POINT ( 'NONE',  ( 2.406240082761412900E-015, -19.64844136641463400, -1.749999999999999800 ) ) ;
#2911 = CARTESIAN_POINT ( 'NONE',  ( -6.000001951809960800, 2.941171954676275100, -1.761319261164318500 ) ) ;
#2912 = CARTESIAN_POINT ( 'NONE',  ( -6.000001951809958100, 3.000004214432310700, -9.495595781840083100E-006 ) ) ;
#2913 = CARTESIAN_POINT ( 'NONE',  ( -1.951809956873762600E-006, 3.000004214432311100, -9.495595782111135300E-006 ) ) ;
#2914 = PLANE ( 'NONE',  #2453 ) ;
#2915 = CARTESIAN_POINT ( 'NONE',  ( -1.951809957272424500E-006, -3.806442660390543700, -2.432674195465908400 ) ) ;
#2916 = DIRECTION ( 'NONE',  ( -0.0000000000000000000, -0.0000000000000000000, -1.000000000000000000 ) ) ;
#2917 = CARTESIAN_POINT ( 'NONE',  ( -6.000001951809958100, -4.168214603066415300, -3.053443510125598800 ) ) ;
#2918 = DIRECTION ( 'NONE',  ( 0.0000000000000000000, 0.1947769387067124500, -0.9808475641750055200 ) ) ;
#2919 = CARTESIAN_POINT ( 'NONE',  ( -1.951809957244306000E-006, -3.071791437580496400, -0.7848474694626147400 ) ) ;
#2920 = DIRECTION ( 'NONE',  ( 0.0000000000000000000, 0.0000000000000000000, -1.000000000000000000 ) ) ;
#2921 = CARTESIAN_POINT ( 'NONE',  ( -3.000001951809957700, 2.314700162108528100, -5.187505607776008900 ) ) ;
#2922 = PLANE ( 'NONE',  #2457 ) ;
#2923 = CARTESIAN_POINT ( 'NONE',  ( -6.000001951809958100, -3.024061376664598300, -0.2630837797717497400 ) ) ;
#2924 = CARTESIAN_POINT ( 'NONE',  ( 2.999998048190043200, 1.977997450579959600, -27.15739061170765500 ) ) ;
#2925 = DIRECTION ( 'NONE',  ( 0.0000000000000000000, 0.1727594277455470300, -0.9849640501688532400 ) ) ;
#2926 = CARTESIAN_POINT ( 'NONE',  ( -1.951809956842495200E-006, 2.181772769813705700, -4.088268875848131100 ) ) ;
#2927 = CARTESIAN_POINT ( 'NONE',  ( -1.951809956870613300E-006, 2.941171954676274200, -1.761319261164317400 ) ) ;
#2928 = DIRECTION ( 'NONE',  ( 0.0000000000000000000, 0.1727594277455470300, -0.9849640501688532400 ) ) ;
#2929 = CARTESIAN_POINT ( 'NONE',  ( -2.525125513224078000, 1.747270701339514300, -25.84193387293631300 ) ) ;
#2930 = DIRECTION ( 'NONE',  ( -1.000000000000000000, 0.0000000000000000000, 0.0000000000000000000 ) ) ;
#2931 = CARTESIAN_POINT ( 'NONE',  ( -6.000001951809959000, -3.118966165923371800, -1.253024084519102300 ) ) ;
#2932 = CARTESIAN_POINT ( 'NONE',  ( -6.000001951809958100, 2.980283896183536700, -0.5903928882398453700 ) ) ;
#2933 = DIRECTION ( 'NONE',  ( 1.000000000000000000, 0.0000000000000000000, 0.0000000000000000000 ) ) ;
#2934 = CARTESIAN_POINT ( 'NONE',  ( -1.951809957295679800E-006, -4.168214603066414400, -3.053443510125598800 ) ) ;
#2935 = CARTESIAN_POINT ( 'NONE',  ( -6.000001951809958100, -3.806442660390544100, -2.432674195465907000 ) ) ;
#2936 = CARTESIAN_POINT ( 'NONE',  ( -1.951809956819240300E-006, 2.168223031945545600, -4.157678032325232000 ) ) ;
#2937 = CARTESIAN_POINT ( 'NONE',  ( -0.4500019518099572800, -3.458544211377691600, -6.627164709759674600 ) ) ;
#2938 = DIRECTION ( 'NONE',  ( 0.0000000000000000000, 0.1975326433240704700, -0.9802963097050837500 ) ) ;
#2939 = CARTESIAN_POINT ( 'NONE',  ( -6.000001951809958100, 2.168223031945546900, -4.157678032325230300 ) ) ;
#2940 = DIRECTION ( 'NONE',  ( 0.0000000000000000000, 0.9808475641750055200, 0.1947769387067123700 ) ) ;
#2941 = CARTESIAN_POINT ( 'NONE',  ( 2.999998048190043200, 1.977997450579959600, -27.15739061170765500 ) ) ;
#2942 = DIRECTION ( 'NONE',  ( 0.0000000000000000000, -0.1974294763067978000, 0.9803170925191622100 ) ) ;
#2943 = CARTESIAN_POINT ( 'NONE',  ( 2.406240082761412900E-015, -19.64844136641463400, -0.7499999999999997800 ) ) ;
#2944 = CARTESIAN_POINT ( 'NONE',  ( -6.000001951809960800, -3.071791437580496000, -0.7848474694626165200 ) ) ;
#2945 = DIRECTION ( 'NONE',  ( 0.0000000000000000000, 0.0000000000000000000, 1.000000000000000000 ) ) ;
#2946 = CARTESIAN_POINT ( 'NONE',  ( -1.951809956886684500E-006, 2.207521384318334800, -3.956370411788544800 ) ) ;
#2947 = CARTESIAN_POINT ( 'NONE',  ( -1.951809957241157200E-006, 4.770174984529716300, -32.66268623123629300 ) ) ;
#2948 = DIRECTION ( 'NONE',  ( 0.0000000000000000000, -0.9802963097050838600, -0.1975326433240705000 ) ) ;
#2949 = DIRECTION ( 'NONE',  ( 0.0000000000000000000, 0.9849640501688532400, 0.1727594277455470300 ) ) ;
#2950 = CARTESIAN_POINT ( 'NONE',  ( -1.951809956872706700E-006, 2.980283896183535000, -0.5903928882398447000 ) ) ;
#2951 = CARTESIAN_POINT ( 'NONE',  ( 5.999998048190043700, 2.168223031945545600, -4.157678032325230300 ) ) ;
#2952 = DIRECTION ( 'NONE',  ( 0.0000000000000000000, 0.9849640501688532400, 0.1727594277455470300 ) ) ;
#2953 = PLANE ( 'NONE',  #2467 ) ;
#2954 = CARTESIAN_POINT ( 'NONE',  ( -1.951809957228234800E-006, -3.118966165923369200, -1.253024084519103400 ) ) ;
#2955 = CARTESIAN_POINT ( 'NONE',  ( -6.000001951809958100, 2.181772769813705700, -4.088268875848132000 ) ) ;
#2956 = CARTESIAN_POINT ( 'NONE',  ( 2.999998048190043200, 2.314700162108528100, -5.187505607776008900 ) ) ;
#2957 = DIRECTION ( 'NONE',  ( 0.0000000000000000000, -0.9803170925191622100, -0.1974294763067977500 ) ) ;
#2958 = CARTESIAN_POINT ( 'NONE',  ( -1.951809957242211700E-006, -3.024061376664597400, -0.2630837797717501300 ) ) ;
#2959 = CARTESIAN_POINT ( 'NONE',  ( -6.000001951809958100, -2.999995785568330600, -9.495682628060402400E-006 ) ) ;
#2960 = CARTESIAN_POINT ( 'NONE',  ( -6.000001951809959000, 2.207521384318336100, -3.956370411788544800 ) ) ;
#2961 = PLANE ( 'NONE',  #2460 ) ;
#2962 = CARTESIAN_POINT ( 'NONE',  ( -1.951809957241157200E-006, -2.999995785568331500, -9.495682628873555700E-006 ) ) ;
#2963 = CARTESIAN_POINT ( 'NONE',  ( 0.09999804819004302900, -0.6692294727511535200, -5.788449597881094800 ) ) ;
#2964 = DIRECTION ( 'NONE',  ( -1.000000000000000000, 0.0000000000000000000, 0.0000000000000000000 ) ) ;
#2965 = PLANE ( 'NONE',  #2477 ) ;
#2966 = CARTESIAN_POINT ( 'NONE',  ( 2.999998048190043200, -12.99999578578139600, -3.605560771050429800 ) ) ;
#2967 = CARTESIAN_POINT ( 'NONE',  ( 5.999998048190043700, -3.024061376664598300, -0.2630837797717497400 ) ) ;
#2968 = CARTESIAN_POINT ( 'NONE',  ( 2.999998048190043700, 5.851593905367940000, 2.574604839013286300 ) ) ;
#2969 = CARTESIAN_POINT ( 'NONE',  ( -1.951809957228234800E-006, -3.118966165923369200, -1.253024084519103400 ) ) ;
#2970 = CARTESIAN_POINT ( 'NONE',  ( 2.999998048190044600, -2.821621426112154400, 5.662429174379964200 ) ) ;
#2971 = CARTESIAN_POINT ( 'NONE',  ( 5.999998048190043700, -4.168214603066415300, -3.053443510125598800 ) ) ;
#2972 = CARTESIAN_POINT ( 'NONE',  ( -1.951809957241157200E-006, -2.999995785568331500, -9.495682628873555700E-006 ) ) ;
#2973 = CARTESIAN_POINT ( 'NONE',  ( 2.999998048190043700, -0.07990902897285646900, 1.386321299950728400 ) ) ;
#2974 = CARTESIAN_POINT ( 'NONE',  ( 2.999998048190043700, -13.50779566838016900, 2.693010800410964700 ) ) ;
#2975 = CARTESIAN_POINT ( 'NONE',  ( 2.999998048190043200, -6.999995552746958600, 13.03843956183116500 ) ) ;
#2976 = CARTESIAN_POINT ( 'NONE',  ( -1.951809957242211700E-006, -3.024061376664597400, -0.2630837797717501300 ) ) ;
#2977 = CARTESIAN_POINT ( 'NONE',  ( 5.999998048190043700, 2.980283896183535800, -0.5903928882398453700 ) ) ;
#2978 = CARTESIAN_POINT ( 'NONE',  ( 5.999998048190045500, 2.941171954676273800, -1.761319261164318500 ) ) ;
#2979 = CARTESIAN_POINT ( 'NONE',  ( 5.999998048190042800, 2.181772769813704400, -4.088268875848129400 ) ) ;
#2980 = DIRECTION ( 'NONE',  ( 1.000000000000000000, -0.0000000000000000000, 0.0000000000000000000 ) ) ;
#2981 = CARTESIAN_POINT ( 'NONE',  ( 2.999998048190042800, -4.988858680137587600, 6.736224498479767700 ) ) ;
#2982 = CARTESIAN_POINT ( 'NONE',  ( 2.999998048190043200, -14.04296618619976100, 0.03302437855066389600 ) ) ;
#2983 = CARTESIAN_POINT ( 'NONE',  ( 2.999998048190043200, -1.194803002468368000, 11.71042754524709500 ) ) ;
#2984 = CARTESIAN_POINT ( 'NONE',  ( 2.999998048190043700, -1.109625594782693200, 3.855330056454607100 ) ) ;
#2985 = CARTESIAN_POINT ( 'NONE',  ( 2.999998048190043200, 6.000004214311183600, -9.495740525269564800E-006 ) ) ;
#2986 = CARTESIAN_POINT ( 'NONE',  ( 2.999998048190043700, 0.7598423099954058100, 10.51594803566749400 ) ) ;
#2987 = CARTESIAN_POINT ( 'NONE',  ( 2.999998048190042300, -12.80520712270432200, 11.71041351461474300 ) ) ;
#2988 = CARTESIAN_POINT ( 'NONE',  ( 2.999998048190044600, -10.12588301894176700, 6.305609892949920700 ) ) ;
#2989 = CARTESIAN_POINT ( 'NONE',  ( 2.999998048190044600, -12.88959246586560600, 3.855360548029478800 ) ) ;
#2990 = CARTESIAN_POINT ( 'NONE',  ( 2.999998048190042800, -13.92124706532406200, -1.277758305567908000 ) ) ;
#2991 = CARTESIAN_POINT ( 'NONE',  ( 2.999998048190043700, -14.75976000574077000, 10.51600394262371600 ) ) ;
#2992 = CARTESIAN_POINT ( 'NONE',  ( 5.999998048190042800, -3.118966165923371800, -1.253024084519102300 ) ) ;
#2993 = CARTESIAN_POINT ( 'NONE',  ( 2.999998048190043200, -0.4953078529857044000, 2.693133472808239200 ) ) ;
#2994 = CARTESIAN_POINT ( 'NONE',  ( 2.999998048190043700, 2.495123870924898800, 8.972968417610124100 ) ) ;
#2995 = CARTESIAN_POINT ( 'NONE',  ( 2.999998048190044600, -6.027272907538579400, 6.955864211772111000 ) ) ;
#2996 = CARTESIAN_POINT ( 'NONE',  ( -1.951809957272424500E-006, -3.806442660390543700, -2.432674195465908400 ) ) ;
#2997 = CARTESIAN_POINT ( 'NONE',  ( -1.951809957244306000E-006, -3.071791437580496400, -0.7848474694626147400 ) ) ;
#2998 = CARTESIAN_POINT ( 'NONE',  ( -1.951809957295679800E-006, -4.168214603066414400, -3.053443510125598800 ) ) ;
#2999 = CARTESIAN_POINT ( 'NONE',  ( 2.999998048190043200, -1.887239047653434600, 4.831593996278993300 ) ) ;
#3000 = CARTESIAN_POINT ( 'NONE',  ( 2.999998048190043200, -16.49535950370176400, 8.972783710886354000 ) ) ;
#3001 = CARTESIAN_POINT ( 'NONE',  ( 2.999998048190043700, -17.93824387558326400, 7.160671823590578600 ) ) ;
#3002 = CARTESIAN_POINT ( 'NONE',  ( 5.999998048190045500, -3.071791437580496000, -0.7848474694626165200 ) ) ;
#3003 = CARTESIAN_POINT ( 'NONE',  ( 2.999998048190043200, -13.90788788594106000, 1.386802010433032100 ) ) ;
#3004 = CARTESIAN_POINT ( 'NONE',  ( 2.999998048190043200, -12.11293928418968100, 4.831586634241724600 ) ) ;
#3005 = CARTESIAN_POINT ( 'NONE',  ( 2.999998048190043200, -13.19139435380502900, -3.250142928140048200 ) ) ;
#3006 = CARTESIAN_POINT ( 'NONE',  ( 5.999998048190043700, -2.999995785568330600, -9.495682628060402400E-006 ) ) ;
#3007 = CARTESIAN_POINT ( 'NONE',  ( 5.999998048190042800, -3.806442660390544100, -2.432674195465907000 ) ) ;
#3008 = CARTESIAN_POINT ( 'NONE',  ( 2.999998048190042300, 5.080138946524346700, 5.001541731461427000 ) ) ;
#3009 = CARTESIAN_POINT ( 'NONE',  ( 5.999998048190042800, 2.207521384318334300, -3.956370411788547400 ) ) ;
#3010 = CARTESIAN_POINT ( 'NONE',  ( 2.999998048190043700, -5.193510410436816800, 12.91804162537326300 ) ) ;
#3011 = CARTESIAN_POINT ( 'NONE',  ( 2.999998048190041900, -6.999995607503970900, 7.020693755084807600 ) ) ;
#3012 = CARTESIAN_POINT ( 'NONE',  ( 2.999998048190043200, -13.56992290100304500, -2.547233804449502900 ) ) ;
#3013 = CARTESIAN_POINT ( 'NONE',  ( 2.999998048190043700, 5.851593905367940000, 2.574604839013286300 ) ) ;
#3014 = CARTESIAN_POINT ( 'NONE',  ( 2.999998048190043700, -7.972719423395021800, 6.955864186132308700 ) ) ;
#3015 = CARTESIAN_POINT ( 'NONE',  ( 2.999998048190043200, -0.02680708589542532500, 0.4651115483000900500 ) ) ;
#3016 = CARTESIAN_POINT ( 'NONE',  ( 2.999998048190043700, -3.874122750269014300, 6.305610452184440700 ) ) ;
#3017 = CARTESIAN_POINT ( 'NONE',  ( 2.999998048190043700, -9.011129690272865000, 6.736224623282032200 ) ) ;
#3018 = CARTESIAN_POINT ( 'NONE',  ( 2.999998048190044100, 3.939263140268360400, 7.159906815502965000 ) ) ;
#3019 = CARTESIAN_POINT ( 'NONE',  ( 2.999998048190043200, -3.265026884923206500, 12.51013936666360100 ) ) ;
#3020 = CARTESIAN_POINT ( 'NONE',  ( 2.999998048190043200, 4.214311182741247600E-006, -9.495740525269566500E-006 ) ) ;
#3021 = CARTESIAN_POINT ( 'NONE',  ( 2.999998048190043200, -11.17831361434569900, 5.662431402706422600 ) ) ;
#3022 = CARTESIAN_POINT ( 'NONE',  ( 2.999998048190042800, 5.950211799646071500, 0.8637867288723194400 ) ) ;
#3023 = CARTESIAN_POINT ( 'NONE',  ( 2.999998048190042800, -8.806482153367898700, 12.91804098211693100 ) ) ;
#3024 = CARTESIAN_POINT ( 'NONE',  ( 5.999998048190043700, 3.000004214432309400, -9.495595781840083100E-006 ) ) ;
#3025 = CARTESIAN_POINT ( 'NONE',  ( 2.999998048190043700, -10.73496050321305100, 12.51014249789421700 ) ) ;
#3026 = CARTESIAN_POINT ( 'NONE',  ( -3.000001951809958500, -6.553442498069661500, 0.9007933591217822700 ) ) ;
#3027 = CARTESIAN_POINT ( 'NONE',  ( -3.000001951809958500, -7.972719423395021800, 6.955864186132308700 ) ) ;
#3028 = CARTESIAN_POINT ( 'NONE',  ( -3.000001951809959000, -6.027272907538579400, 6.955864211772111000 ) ) ;
#3029 = CARTESIAN_POINT ( 'NONE',  ( -3.000001951809956800, -10.73496050321305100, 12.51014249789421700 ) ) ;
#3030 = CARTESIAN_POINT ( 'NONE',  ( -3.000001951809956800, 5.950211799646071500, 0.8637867288723194400 ) ) ;
#3031 = CARTESIAN_POINT ( 'NONE',  ( -3.000001951809956800, -19.18638545249638100, -4.890940512440450600 ) ) ;
#3032 = CARTESIAN_POINT ( 'NONE',  ( -3.000001951809958100, -17.93824387558326400, 7.160671823590578600 ) ) ;
#3033 = CARTESIAN_POINT ( 'NONE',  ( -3.000001951809957700, -6.999995552746958600, 13.03843956183116500 ) ) ;
#3034 = CARTESIAN_POINT ( 'NONE',  ( -3.000001951809956800, -19.08419726300628500, 4.998463988611757900 ) ) ;
#3035 = CARTESIAN_POINT ( 'NONE',  ( 2.999998048190044100, -19.08419726300628500, 4.998463988611757900 ) ) ;
#3036 = CARTESIAN_POINT ( 'NONE',  ( -3.000001951809957700, -0.4953078529857041800, 2.693133472808239200 ) ) ;
#3037 = CARTESIAN_POINT ( 'NONE',  ( -3.000001951809959000, -10.12588301894176700, 6.305609892949920700 ) ) ;
#3038 = CARTESIAN_POINT ( 'NONE',  ( -3.000001951809958500, -12.88959246586560600, 3.855360548029478800 ) ) ;
#3039 = CARTESIAN_POINT ( 'NONE',  ( -3.000001951809957200, -1.194803002468368000, 11.71042754524709500 ) ) ;
#3040 = CARTESIAN_POINT ( 'NONE',  ( -3.000001951809956800, -19.83564930797361800, 2.586665450169482600 ) ) ;
#3041 = CARTESIAN_POINT ( 'NONE',  ( -3.000001951809957700, -14.04296618619976100, 0.03302437855066389600 ) ) ;
#3042 = CARTESIAN_POINT ( 'NONE',  ( -3.000001951809960300, -6.011411963313648200, 0.1980377608881703800 ) ) ;
#3043 = CARTESIAN_POINT ( 'NONE',  ( -3.000001951809958100, -6.070754652495755200, 0.3847252141550486800 ) ) ;
#3044 = CARTESIAN_POINT ( 'NONE',  ( -3.000001951809958500, -1.109625594782693200, 3.855330056454607100 ) ) ;
#3045 = CARTESIAN_POINT ( 'NONE',  ( -3.000001951809959000, -2.821621426112153500, 5.662429174379964200 ) ) ;
#3046 = CARTESIAN_POINT ( 'NONE',  ( -3.000001951809958500, -0.07990902897285620500, 1.386321299950728400 ) ) ;
#3047 = CARTESIAN_POINT ( 'NONE',  ( -3.000001951809958500, -5.999995785688818200, -9.495740525269564800E-006 ) ) ;
#3048 = CARTESIAN_POINT ( 'NONE',  ( -3.000001951809959400, -6.158514329833747200, 0.5507532974062489000 ) ) ;
#3049 = CARTESIAN_POINT ( 'NONE',  ( -3.000001951809958100, -12.99999578578139600, -3.605560771050429800 ) ) ;
#3050 = CARTESIAN_POINT ( 'NONE',  ( -3.000001951809956800, 6.000004214311183600, -9.495740525269564800E-006 ) ) ;
#3051 = CARTESIAN_POINT ( 'NONE',  ( -3.000001951809958100, -14.75976000574077000, 10.51600394262371600 ) ) ;
#3052 = CARTESIAN_POINT ( 'NONE',  ( -3.000001951809956300, -20.05504600645233300, 0.02014939077577443000 ) ) ;
#3053 = CARTESIAN_POINT ( 'NONE',  ( -3.000001951809957700, -4.988858680137587600, 6.736224498479767700 ) ) ;
#3054 = CARTESIAN_POINT ( 'NONE',  ( -3.000001951809956800, -6.999995607503970900, 7.020693755084807600 ) ) ;
#3055 = CARTESIAN_POINT ( 'NONE',  ( -3.000001951809956800, -16.49535950370176400, 8.972783710886354000 ) ) ;
#3056 = CARTESIAN_POINT ( 'NONE',  ( -3.000001951809958100, -9.011129690272865000, 6.736224623282032200 ) ) ;
#3057 = CARTESIAN_POINT ( 'NONE',  ( -3.000001951809956300, 5.080138946524346700, 5.001541731461427000 ) ) ;
#3058 = CARTESIAN_POINT ( 'NONE',  ( 2.999998048190043200, -19.33643342069495200, -4.709795293232914100 ) ) ;
#3059 = CARTESIAN_POINT ( 'NONE',  ( -3.000001951809957200, 3.939263140268360400, 7.159906815502965000 ) ) ;
#3060 = CARTESIAN_POINT ( 'NONE',  ( -3.000001951809956300, -12.80520712270432200, 11.71041351461474300 ) ) ;
#3061 = CARTESIAN_POINT ( 'NONE',  ( -3.000001951809957700, 0.7598423099954058100, 10.51594803566749400 ) ) ;
#3062 = CARTESIAN_POINT ( 'NONE',  ( -3.000001951809956800, -19.33643342069495200, -4.709795293232914100 ) ) ;
#3063 = CARTESIAN_POINT ( 'NONE',  ( -3.000001951809959000, -13.50779566838016900, 2.693010800410964700 ) ) ;
#3064 = CARTESIAN_POINT ( 'NONE',  ( -3.000001951809956300, 2.495123870924898800, 8.972968417610124100 ) ) ;
#3065 = CARTESIAN_POINT ( 'NONE',  ( -3.000001951809956300, -8.806482153367898700, 12.91804098211693100 ) ) ;
#3066 = CARTESIAN_POINT ( 'NONE',  ( -3.000001951809957700, -13.90788788594106000, 1.386802010433032100 ) ) ;
#3067 = CARTESIAN_POINT ( 'NONE',  ( -3.000001951809957700, -13.56992290100304500, -2.547233804449502900 ) ) ;
#3068 = CARTESIAN_POINT ( 'NONE',  ( 2.999998048190043200, -19.18638545249638100, -4.890940512440450600 ) ) ;
#3069 = CARTESIAN_POINT ( 'NONE',  ( -3.000001951809957700, -12.11293928418968100, 4.831586634241724600 ) ) ;
#3070 = CARTESIAN_POINT ( 'NONE',  ( -3.000001951809958500, -6.712690475351963400, 0.9623096302959375200 ) ) ;
#3071 = CARTESIAN_POINT ( 'NONE',  ( -3.000001951809957200, -3.265026884923206500, 12.51013936666360100 ) ) ;
#3072 = CARTESIAN_POINT ( 'NONE',  ( -3.000001951809957700, -19.93781062703449800, -2.233083173769299500 ) ) ;
#3073 = CARTESIAN_POINT ( 'NONE',  ( 2.999998048190042800, -20.05504600645233300, 0.02014939077577443000 ) ) ;
#3074 = CARTESIAN_POINT ( 'NONE',  ( -3.000001951809958100, -1.887239047653434600, 4.831593996278993300 ) ) ;
#3075 = CARTESIAN_POINT ( 'NONE',  ( -3.000001951809958100, 4.214311183012298100E-006, -9.495740525269566500E-006 ) ) ;
#3076 = CARTESIAN_POINT ( 'NONE',  ( -3.000001951809957700, -13.92124706532406200, -1.277758305567908000 ) ) ;
#3077 = CARTESIAN_POINT ( 'NONE',  ( -3.000001951809957700, -5.193510410436816800, 12.91804162537326300 ) ) ;
#3078 = CARTESIAN_POINT ( 'NONE',  ( 2.999998048190042800, -18.88963589998560300, -5.249191033155042900 ) ) ;
#3079 = CARTESIAN_POINT ( 'NONE',  ( -3.000001951809957700, 5.851593905367940000, 2.574604839013286300 ) ) ;
#3080 = CARTESIAN_POINT ( 'NONE',  ( 2.999998048190042800, -19.83564930797361800, 2.586665450169482600 ) ) ;
#3081 = CARTESIAN_POINT ( 'NONE',  ( -3.000001951809956800, -18.88963589998560300, -5.249191033155042900 ) ) ;
#3082 = CARTESIAN_POINT ( 'NONE',  ( -3.000001951809958100, -13.19139435380502900, -3.250142928140048200 ) ) ;
#3083 = CARTESIAN_POINT ( 'NONE',  ( -3.000001951809958500, -6.003825971436920200, 0.06643636772785999100 ) ) ;
#3084 = CARTESIAN_POINT ( 'NONE',  ( 2.999998048190043700, -19.93781062703449800, -2.233083173769299500 ) ) ;
#3085 = CARTESIAN_POINT ( 'NONE',  ( -3.000001951809958100, -3.874122750269014300, 6.305610452184440700 ) ) ;
#3086 = CARTESIAN_POINT ( 'NONE',  ( -3.000001951809959000, -6.403085162219715800, 0.8089103130924387700 ) ) ;
#3087 = CARTESIAN_POINT ( 'NONE',  ( -3.000001951809958100, -0.02680708589542505100, 0.4651115483000900500 ) ) ;
#3088 = CARTESIAN_POINT ( 'NONE',  ( -3.000001951809959000, -6.269601966231766400, 0.6902195749478570200 ) ) ;
#3089 = CARTESIAN_POINT ( 'NONE',  ( -3.000001951809957700, -11.17831361434569900, 5.662431402706422600 ) ) ;
#3090 = CARTESIAN_POINT ( 'NONE',  ( 2.999998048190042800, -8.250209902020486700, 0.1547234242560375800 ) ) ;
#3091 = CARTESIAN_POINT ( 'NONE',  ( -3.000001951809958500, -7.730519064677594100, 0.6903895575970946400 ) ) ;
#3092 = CARTESIAN_POINT ( 'NONE',  ( 2.999998048190043200, -6.663558150867833000, -2.501326248867946000 ) ) ;
#3093 = CARTESIAN_POINT ( 'NONE',  ( -3.000001951809958500, -7.196403255113680500, -1.609345343839642600 ) ) ;
#3094 = CARTESIAN_POINT ( 'NONE',  ( 2.999998048190043700, -6.403085162219715800, 0.8089103130924387700 ) ) ;
#3095 = CARTESIAN_POINT ( 'NONE',  ( 2.999998048190044100, -7.931394073754059800, 0.3875576122101678200 ) ) ;
#3096 = CARTESIAN_POINT ( 'NONE',  ( 2.999998048190043700, -6.011411963313648200, 0.1980377608881703800 ) ) ;
#3097 = CARTESIAN_POINT ( 'NONE',  ( 2.999998048190043200, -0.02680708589542532500, 0.4651115483000900500 ) ) ;
#3098 = CARTESIAN_POINT ( 'NONE',  ( 2.999998048190043700, -0.07990902897285646900, 1.386321299950728400 ) ) ;
#3099 = CARTESIAN_POINT ( 'NONE',  ( 2.999998048190043700, -1.109625594782693200, 3.855330056454607100 ) ) ;
#3100 = CARTESIAN_POINT ( 'NONE',  ( 2.999998048190042800, -4.988858680137587600, 6.736224498479767700 ) ) ;
#3101 = CARTESIAN_POINT ( 'NONE',  ( 2.999998048190042800, -8.030886365947175400, 0.04589936632555225600 ) ) ;
#3102 = CARTESIAN_POINT ( 'NONE',  ( 2.999998048190041900, -6.999995607503970900, 7.020693755084807600 ) ) ;
#3103 = CARTESIAN_POINT ( 'NONE',  ( 2.999998048190043200, -6.712690475351963400, 0.9623096302959375200 ) ) ;
#3104 = CARTESIAN_POINT ( 'NONE',  ( 2.999998048190043700, -9.011129690272865000, 6.736224623282032200 ) ) ;
#3105 = CARTESIAN_POINT ( 'NONE',  ( 2.999998048190044600, -10.12588301894176700, 6.305609892949920700 ) ) ;
#3106 = CARTESIAN_POINT ( 'NONE',  ( 2.999998048190043200, -11.17831361434569900, 5.662431402706422600 ) ) ;
#3107 = CARTESIAN_POINT ( 'NONE',  ( 2.999998048190043700, -3.874122750269014300, 6.305610452184440700 ) ) ;
#3108 = CARTESIAN_POINT ( 'NONE',  ( 2.999998048190043700, -13.50779566838016900, 2.693010800410964700 ) ) ;
#3109 = CARTESIAN_POINT ( 'NONE',  ( 2.999998048190044100, -6.158514329833747200, 0.5507532974062489000 ) ) ;
#3110 = CARTESIAN_POINT ( 'NONE',  ( 2.999998048190043200, 4.214311182741247600E-006, -9.495740525269566500E-006 ) ) ;
#3111 = CARTESIAN_POINT ( 'NONE',  ( 2.999998048190044600, -2.821621426112154400, 5.662429174379964200 ) ) ;
#3112 = CARTESIAN_POINT ( 'NONE',  ( 2.999998048190044600, -12.88959246586560600, 3.855360548029478800 ) ) ;
#3113 = CARTESIAN_POINT ( 'NONE',  ( 2.999998048190042300, -7.446558915179200400, 0.9008062712850988300 ) ) ;
#3114 = CARTESIAN_POINT ( 'NONE',  ( 2.999998048190043700, -7.840941056147944000, 0.5500492724683823100 ) ) ;
#3115 = CARTESIAN_POINT ( 'NONE',  ( 2.999998048190043700, -7.904683503613613400, -0.3224334373665142500 ) ) ;
#3116 = CARTESIAN_POINT ( 'NONE',  ( -3.000001951809958100, -6.999995662260986700, 1.002947948338452200 ) ) ;
#3117 = CARTESIAN_POINT ( 'NONE',  ( 2.999998048190043200, -13.90788788594106000, 1.386802010433032100 ) ) ;
#3118 = CARTESIAN_POINT ( 'NONE',  ( -3.000001951809958500, -8.250209902020486700, 0.1547234242560375800 ) ) ;
#3119 = CARTESIAN_POINT ( 'NONE',  ( 2.999998048190042300, -6.070754652495755200, 0.3847252141550486800 ) ) ;
#3120 = CARTESIAN_POINT ( 'NONE',  ( 2.999998048190043200, -1.887239047653434600, 4.831593996278993300 ) ) ;
#3121 = CARTESIAN_POINT ( 'NONE',  ( 2.999998048190043700, -6.861035404640346300, 0.9936867981709647200 ) ) ;
#3122 = CARTESIAN_POINT ( 'NONE',  ( 2.999998048190043200, -12.11293928418968100, 4.831586634241724600 ) ) ;
#3123 = CARTESIAN_POINT ( 'NONE',  ( 2.999998048190043200, -14.04296618619976100, 0.03302437855066389600 ) ) ;
#3124 = CARTESIAN_POINT ( 'NONE',  ( 2.999998048190042800, -13.92124706532406200, -1.277758305567908000 ) ) ;
#3125 = CARTESIAN_POINT ( 'NONE',  ( 2.999998048190043700, -6.269601966231766400, 0.6902195749478570200 ) ) ;
#3126 = CARTESIAN_POINT ( 'NONE',  ( 2.999998048190043200, -13.56992290100304500, -2.547233804449502900 ) ) ;
#3127 = CARTESIAN_POINT ( 'NONE',  ( 2.999998048190043200, -12.99999578578139600, -3.605560771050429800 ) ) ;
#3128 = CARTESIAN_POINT ( 'NONE',  ( 2.999998048190043200, -7.196403255113680500, -1.609345343839642600 ) ) ;
#3129 = CARTESIAN_POINT ( 'NONE',  ( 2.999998048190042800, -7.980126463908507400, 0.1869385706965804300 ) ) ;
#3130 = CARTESIAN_POINT ( 'NONE',  ( -3.000001951809959000, -7.840941056147944000, 0.5500492724683823100 ) ) ;
#3131 = CARTESIAN_POINT ( 'NONE',  ( 2.999998048190043200, -7.730519064677594100, 0.6903895575970946400 ) ) ;
#3132 = CARTESIAN_POINT ( 'NONE',  ( 2.999998048190043200, -0.4953078529857044000, 2.693133472808239200 ) ) ;
#3133 = CARTESIAN_POINT ( 'NONE',  ( 2.999998048190044600, -6.027272907538579400, 6.955864211772111000 ) ) ;
#3134 = CARTESIAN_POINT ( 'NONE',  ( 2.999998048190043700, -7.972719423395021800, 6.955864186132308700 ) ) ;
#3135 = CARTESIAN_POINT ( 'NONE',  ( 2.999998048190043200, -13.19139435380502900, -3.250142928140048200 ) ) ;
#3136 = CARTESIAN_POINT ( 'NONE',  ( -3.000001951809960300, -6.861035404640346300, 0.9936867981709647200 ) ) ;
#3137 = CARTESIAN_POINT ( 'NONE',  ( -3.000001951809959000, -7.287298877332682800, 0.9623067486698436700 ) ) ;
#3138 = CARTESIAN_POINT ( 'NONE',  ( -3.000001951809959000, -7.446558915179200400, 0.9008062712850988300 ) ) ;
#3139 = CARTESIAN_POINT ( 'NONE',  ( -3.000001951809958500, -6.663558150867833000, -2.501326248867946000 ) ) ;
#3140 = CARTESIAN_POINT ( 'NONE',  ( -3.000001951809958100, -7.904683503613613400, -0.3224334373665142500 ) ) ;
#3141 = CARTESIAN_POINT ( 'NONE',  ( 2.999998048190043200, -6.553442498069661500, 0.9007933591217822700 ) ) ;
#3142 = CARTESIAN_POINT ( 'NONE',  ( -3.000001951809960800, -7.931394073754059800, 0.3875576122101678200 ) ) ;
#3143 = CARTESIAN_POINT ( 'NONE',  ( 2.999998048190042800, -6.003825971436920200, 0.06643636772785999100 ) ) ;
#3144 = CARTESIAN_POINT ( 'NONE',  ( 2.999998048190043200, -6.999995662260986700, 1.002947948338452200 ) ) ;
#3145 = CARTESIAN_POINT ( 'NONE',  ( 2.999998048190042800, -7.138956693422143100, 0.9936873901476810400 ) ) ;
#3146 = CARTESIAN_POINT ( 'NONE',  ( 2.999998048190043700, -7.287298877332682800, 0.9623067486698436700 ) ) ;
#3147 = CARTESIAN_POINT ( 'NONE',  ( 2.999998048190043200, -5.999995785688818200, -9.495740525269564800E-006 ) ) ;
#3148 = CARTESIAN_POINT ( 'NONE',  ( 2.999998048190043700, -7.596867222950636200, 0.8088588627891250000 ) ) ;
#3149 = CARTESIAN_POINT ( 'NONE',  ( -3.000001951809958100, -7.138956693422143100, 0.9936873901476810400 ) ) ;
#3150 = CARTESIAN_POINT ( 'NONE',  ( -3.000001951809959000, -7.596867222950636200, 0.8088588627891250000 ) ) ;
#3151 = CARTESIAN_POINT ( 'NONE',  ( -3.000001951809959000, -7.980126463908507400, 0.1869385706965804300 ) ) ;
#3152 = CARTESIAN_POINT ( 'NONE',  ( -3.000001951809958100, -8.030886365947175400, 0.04589936632555225600 ) ) ;
#3153 = DIRECTION ( 'NONE',  ( 0.0000000000000000000, 0.0000000000000000000, 1.000000000000000000 ) ) ;
#3154 = CARTESIAN_POINT ( 'NONE',  ( 2.999998048190043200, 2.314700162108528100, -5.187505607776008900 ) ) ;
#3155 = DIRECTION ( 'NONE',  ( 0.0000000000000000000, 0.6451951950641265900, 0.7640177748365305500 ) ) ;
#3156 = CARTESIAN_POINT ( 'NONE',  ( 2.999998048190043200, -1.208872095591378800, -6.066169759875911900 ) ) ;
#3157 = DIRECTION ( 'NONE',  ( 0.0000000000000000000, 0.1727594277455470300, -0.9849640501688532400 ) ) ;
#3158 = CARTESIAN_POINT ( 'NONE',  ( 3.000998048190044900, -1.208872095591379600, -6.066169759875910100 ) ) ;
#3159 = PLANE ( 'NONE',  #2482 ) ;
#3160 = PLANE ( 'NONE',  #2483 ) ;
#3161 = DIRECTION ( 'NONE',  ( 0.0000000000000000000, 0.7640177748365306600, -0.6451951950641267000 ) ) ;
#3162 = CARTESIAN_POINT ( 'NONE',  ( 6.397665082640365600, -25.01671977765398900, -1.749999999999999800 ) ) ;
#3163 = CARTESIAN_POINT ( 'NONE',  ( 2.406240082761412900E-015, -19.64844136641463400, -0.7499999999999997800 ) ) ;
#3164 = DIRECTION ( 'NONE',  ( 0.0000000000000000000, 0.0000000000000000000, -1.000000000000000000 ) ) ;
#3165 = PLANE ( 'NONE',  #2465 ) ;
#3166 = DIRECTION ( 'NONE',  ( -1.000000000000000000, 0.0000000000000000000, 0.0000000000000000000 ) ) ;
#3167 = DIRECTION ( 'NONE',  ( 0.7660444431189745700, -0.6427876096865434700, 0.0000000000000000000 ) ) ;
#3168 = CARTESIAN_POINT ( 'NONE',  ( 2.999998048190043200, 1.977997450579959600, -27.15739061170765500 ) ) ;
#3169 = DIRECTION ( 'NONE',  ( -0.6427876096865436900, 0.7660444431189745700, 0.0000000000000000000 ) ) ;
#3170 = DIRECTION ( 'NONE',  ( -0.7660444431189751300, -0.6427876096865430300, 0.0000000000000000000 ) ) ;
#3171 = CARTESIAN_POINT ( 'NONE',  ( -3.000001951809957700, -0.5281591360362133400, -5.760350273415813400 ) ) ;
#3172 = DIRECTION ( 'NONE',  ( 1.000000000000000000, 0.0000000000000000000, 0.0000000000000000000 ) ) ;
#3173 = DIRECTION ( 'NONE',  ( -0.6427876096865434700, -0.7660444431189746800, 0.0000000000000000000 ) ) ;
#3174 = CARTESIAN_POINT ( 'NONE',  ( -27.92854826754872700, 0.6427876096865331500, -1.749999999999999800 ) ) ;
#3175 = DIRECTION ( 'NONE',  ( 0.0000000000000000000, -0.1975326433240703900, 0.9802963097050837500 ) ) ;
#3176 = DIRECTION ( 'NONE',  ( 0.0000000000000000000, 0.9849640501688532400, 0.1727594277455470300 ) ) ;
#3177 = CARTESIAN_POINT ( 'NONE',  ( -1.951809957241157200E-006, -18.77016655590738400, -32.66268623123644900 ) ) ;
#3178 = DIRECTION ( 'NONE',  ( -0.0000000000000000000, -0.1947769387067119200, -0.9808475641750057400 ) ) ;
#3179 = DIRECTION ( 'NONE',  ( 0.0000000000000000000, 0.9808475641750055200, -0.1947769387067123700 ) ) ;
#3180 = PLANE ( 'NONE',  #2501 ) ;
#3181 = VECTOR ( 'NONE', #1037, 1000.000000000000000 ) ;
#3182 = LINE ( 'NONE', #1027, #3203 ) ;
#3183 = CIRCLE ( 'NONE', #2491, 8.351558633585362700 ) ;
#3184 = LINE ( 'NONE', #917, #3215 ) ;
#3185 = VECTOR ( 'NONE', #966, 1000.000000000000000 ) ;
#3186 = VECTOR ( 'NONE', #979, 1000.000000000000000 ) ;
#3187 = FACE_OUTER_BOUND ( 'NONE', #2121, .T. ) ;
#3188 = VECTOR ( 'NONE', #963, 1000.000000000000000 ) ;
#3189 = LINE ( 'NONE', #1024, #3204 ) ;
#3190 = VECTOR ( 'NONE', #865, 1000.000000000000100 ) ;
#3191 = VECTOR ( 'NONE', #909, 1000.000000000000100 ) ;
#3192 = LINE ( 'NONE', #991, #3228 ) ;
#3193 = VECTOR ( 'NONE', #932, 1000.000000000000000 ) ;
#3194 = CIRCLE ( 'NONE', #2494, 4.250000000000000000 ) ;
#3195 = CIRCLE ( 'NONE', #2514, 0.9999999999999995600 ) ;
#3196 = VECTOR ( 'NONE', #990, 999.9999999999998900 ) ;
#3197 = VECTOR ( 'NONE', #892, 1000.000000000000000 ) ;
#3198 = LINE ( 'NONE', #871, #3190 ) ;
#3199 = VECTOR ( 'NONE', #907, 1000.000000000000100 ) ;
#3200 = VECTOR ( 'NONE', #873, 1000.000000000000000 ) ;
#3201 = VECTOR ( 'NONE', #879, 1000.000000000000100 ) ;
#3202 = VECTOR ( 'NONE', #872, 1000.000000000000000 ) ;
#3203 = VECTOR ( 'NONE', #1032, 1000.000000000000000 ) ;
#3204 = VECTOR ( 'NONE', #1043, 1000.000000000000100 ) ;
#3205 = LINE ( 'NONE', #884, #3201 ) ;
#3206 = LINE ( 'NONE', #1006, #3212 ) ;
#3207 = FACE_OUTER_BOUND ( 'NONE', #2162, .T. ) ;
#3208 = LINE ( 'NONE', #898, #3226 ) ;
#3209 = VECTOR ( 'NONE', #1039, 1000.000000000000000 ) ;
#3210 = VECTOR ( 'NONE', #876, 1000.000000000000100 ) ;
#3211 = CIRCLE ( 'NONE', #2504, 4.250000000000000000 ) ;
#3212 = VECTOR ( 'NONE', #1012, 1000.000000000000100 ) ;
#3213 = LINE ( 'NONE', #870, #3210 ) ;
#3214 = LINE ( 'NONE', #886, #3220 ) ;
#3215 = VECTOR ( 'NONE', #952, 1000.000000000000000 ) ;
#3216 = LINE ( 'NONE', #902, #3234 ) ;
#3217 = CIRCLE ( 'NONE', #2500, 0.9999999999999995600 ) ;
#3218 = LINE ( 'NONE', #976, #3186 ) ;
#3219 = LINE ( 'NONE', #882, #3199 ) ;
#3220 = VECTOR ( 'NONE', #901, 1000.000000000000000 ) ;
#3221 = LINE ( 'NONE', #895, #3191 ) ;
#3222 = LINE ( 'NONE', #903, #3202 ) ;
#3223 = LINE ( 'NONE', #834, #3200 ) ;
#3224 = LINE ( 'NONE', #960, #3185 ) ;
#3225 = LINE ( 'NONE', #887, #3231 ) ;
#3226 = VECTOR ( 'NONE', #889, 1000.000000000000000 ) ;
#3227 = LINE ( 'NONE', #973, #3196 ) ;
#3228 = VECTOR ( 'NONE', #995, 1000.000000000000000 ) ;
#3229 = LINE ( 'NONE', #1000, #3232 ) ;
#3230 = LINE ( 'NONE', #946, #3193 ) ;
#3231 = VECTOR ( 'NONE', #864, 1000.000000000000000 ) ;
#3232 = VECTOR ( 'NONE', #970, 1000.000000000000000 ) ;
#3233 = CIRCLE ( 'NONE', #2508, 9.351558633585364400 ) ;
#3234 = VECTOR ( 'NONE', #867, 1000.000000000000000 ) ;
#3235 = LINE ( 'NONE', #994, #3188 ) ;
#3236 = CIRCLE ( 'NONE', #2498, 3.000000000000003100 ) ;
#3237 = LINE ( 'NONE', #1018, #3181 ) ;
#3238 = CIRCLE ( 'NONE', #2518, 10.35155863358536300 ) ;
#3239 = LINE ( 'NONE', #1029, #3209 ) ;
#3240 = LINE ( 'NONE', #146, #3281 ) ;
#3241 = LINE ( 'NONE', #1110, #3266 ) ;
#3242 = LINE ( 'NONE', #132, #3298 ) ;
#3243 = LINE ( 'NONE', #1077, #3273 ) ;
#3244 = LINE ( 'NONE', #1066, #3258 ) ;
#3245 = VECTOR ( 'NONE', #1052, 1000.000000000000100 ) ;
#3246 = LINE ( 'NONE', #1073, #3288 ) ;
#3247 = LINE ( 'NONE', #140, #3289 ) ;
#3248 = LINE ( 'NONE', #174, #3276 ) ;
#3249 = VECTOR ( 'NONE', #1071, 1000.000000000000100 ) ;
#3250 = LINE ( 'NONE', #116, #3296 ) ;
#3251 = FACE_OUTER_BOUND ( 'NONE', #2091, .T. ) ;
#3252 = FACE_OUTER_BOUND ( 'NONE', #2075, .T. ) ;
#3253 = FACE_OUTER_BOUND ( 'NONE', #2149, .T. ) ;
#3254 = FACE_OUTER_BOUND ( 'NONE', #2116, .T. ) ;
#3255 = CYLINDRICAL_SURFACE ( 'NONE', #2480, 0.9999999999999995600 ) ;
#3256 = FACE_OUTER_BOUND ( 'NONE', #2046, .T. ) ;
#3257 = FACE_OUTER_BOUND ( 'NONE', #2168, .T. ) ;
#3258 = VECTOR ( 'NONE', #1068, 1000.000000000000000 ) ;
#3259 = FACE_OUTER_BOUND ( 'NONE', #2154, .T. ) ;
#3260 = LINE ( 'NONE', #127, #3301 ) ;
#3261 = LINE ( 'NONE', #1096, #3287 ) ;
#3262 = LINE ( 'NONE', #1132, #3300 ) ;
#3263 = LINE ( 'NONE', #142, #3302 ) ;
#3264 = LINE ( 'NONE', #1072, #3269 ) ;
#3265 = VECTOR ( 'NONE', #158, 1000.000000000000100 ) ;
#3266 = VECTOR ( 'NONE', #1141, 1000.000000000000100 ) ;
#3267 = VECTOR ( 'NONE', #128, 1000.000000000000100 ) ;
#3268 = LINE ( 'NONE', #1136, #3286 ) ;
#3269 = VECTOR ( 'NONE', #1075, 1000.000000000000000 ) ;
#3270 = VECTOR ( 'NONE', #1112, 1000.000000000000000 ) ;
#3271 = FACE_BOUND ( 'NONE', #2137, .T. ) ;
#3272 = FACE_OUTER_BOUND ( 'NONE', #2127, .T. ) ;
#3273 = VECTOR ( 'NONE', #1054, 1000.000000000000000 ) ;
#3274 = LINE ( 'NONE', #1111, #3270 ) ;
#3275 = FACE_OUTER_BOUND ( 'NONE', #2092, .T. ) ;
#3276 = VECTOR ( 'NONE', #166, 1000.000000000000100 ) ;
#3277 = FACE_BOUND ( 'NONE', #2110, .T. ) ;
#3278 = CIRCLE ( 'NONE', #2495, 9.351558633585364400 ) ;
#3279 = FACE_OUTER_BOUND ( 'NONE', #2097, .T. ) ;
#3280 = LINE ( 'NONE', #1055, #3285 ) ;
#3281 = VECTOR ( 'NONE', #159, 1000.000000000000000 ) ;
#3282 = FACE_OUTER_BOUND ( 'NONE', #2090, .T. ) ;
#3283 = FACE_OUTER_BOUND ( 'NONE', #2151, .T. ) ;
#3284 = LINE ( 'NONE', #1227, #3265 ) ;
#3285 = VECTOR ( 'NONE', #1058, 1000.000000000000000 ) ;
#3286 = VECTOR ( 'NONE', #1128, 1000.000000000000000 ) ;
#3287 = VECTOR ( 'NONE', #1044, 1000.000000000000000 ) ;
#3288 = VECTOR ( 'NONE', #1051, 1000.000000000000000 ) ;
#3289 = VECTOR ( 'NONE', #115, 1000.000000000000100 ) ;
#3290 = LINE ( 'NONE', #165, #3267 ) ;
#3291 = VECTOR ( 'NONE', #1050, 1000.000000000000000 ) ;
#3292 = LINE ( 'NONE', #1059, #3291 ) ;
#3293 = LINE ( 'NONE', #130, #3294 ) ;
#3294 = VECTOR ( 'NONE', #123, 1000.000000000000100 ) ;
#3295 = LINE ( 'NONE', #1069, #3245 ) ;
#3296 = VECTOR ( 'NONE', #134, 1000.000000000000100 ) ;
#3297 = FACE_OUTER_BOUND ( 'NONE', #2160, .T. ) ;
#3298 = VECTOR ( 'NONE', #155, 1000.000000000000100 ) ;
#3299 = LINE ( 'NONE', #1094, #3249 ) ;
#3300 = VECTOR ( 'NONE', #1137, 1000.000000000000100 ) ;
#3301 = VECTOR ( 'NONE', #122, 1000.000000000000200 ) ;
#3302 = VECTOR ( 'NONE', #145, 1000.000000000000000 ) ;
#3303 = CIRCLE ( 'NONE', #2487, 3.000000000000000900 ) ;
#3304 = CIRCLE ( 'NONE', #2492, 3.000000000000002700 ) ;
#3305 = LINE ( 'NONE', #2608, #3329 ) ;
#3306 = VECTOR ( 'NONE', #2617, 1000.000000000000100 ) ;
#3307 = LINE ( 'NONE', #2698, #3325 ) ;
#3308 = VECTOR ( 'NONE', #2631, 1000.000000000000000 ) ;
#3309 = LINE ( 'NONE', #2637, #3306 ) ;
#3310 = CIRCLE ( 'NONE', #2506, 3.000000000000000400 ) ;
#3311 = CIRCLE ( 'NONE', #2485, 9.000000000120820700 ) ;
#3312 = LINE ( 'NONE', #3171, #3336 ) ;
#3313 = FACE_OUTER_BOUND ( 'NONE', #2157, .T. ) ;
#3314 = LINE ( 'NONE', #2669, #3315 ) ;
#3315 = VECTOR ( 'NONE', #2729, 1000.000000000000000 ) ;
#3316 = LINE ( 'NONE', #3158, #3308 ) ;
#3317 = LINE ( 'NONE', #2734, #3318 ) ;
#3318 = VECTOR ( 'NONE', #2739, 1000.000000000000000 ) ;
#3319 = VECTOR ( 'NONE', #368, 1000.000000000000100 ) ;
#3320 = CIRCLE ( 'NONE', #2502, 3.000000000000003100 ) ;
#3321 = FACE_BOUND ( 'NONE', #2122, .T. ) ;
#3322 = CYLINDRICAL_SURFACE ( 'NONE', #2507, 1.000000000000001100 ) ;
#3323 = LINE ( 'NONE', #355, #3319 ) ;
#3324 = FACE_OUTER_BOUND ( 'NONE', #2133, .T. ) ;
#3325 = VECTOR ( 'NONE', #2718, 1000.000000000000000 ) ;
#3326 = LINE ( 'NONE', #2780, #3330 ) ;
#3327 = LINE ( 'NONE', #358, #3331 ) ;
#3328 = LINE ( 'NONE', #393, #3339 ) ;
#3329 = VECTOR ( 'NONE', #2693, 1000.000000000000100 ) ;
#3330 = VECTOR ( 'NONE', #2980, 1000.000000000000000 ) ;
#3331 = VECTOR ( 'NONE', #397, 1000.000000000000000 ) ;
#3332 = FACE_OUTER_BOUND ( 'NONE', #2165, .T. ) ;
#3333 = FACE_OUTER_BOUND ( 'NONE', #2118, .T. ) ;
#3334 = LINE ( 'NONE', #2717, #3338 ) ;
#3335 = FACE_OUTER_BOUND ( 'NONE', #2166, .T. ) ;
#3336 = VECTOR ( 'NONE', #3175, 1000.000000000000100 ) ;
#3337 = CIRCLE ( 'NONE', #2481, 3.000000000000000400 ) ;
#3338 = VECTOR ( 'NONE', #2723, 1000.000000000000000 ) ;
#3339 = VECTOR ( 'NONE', #356, 1000.000000000000100 ) ;
#3340 = CIRCLE ( 'NONE', #2512, 3.000000000000003100 ) ;
#3341 = FACE_OUTER_BOUND ( 'NONE', #2071, .T. ) ;
#3342 = LINE ( 'NONE', #416, #3349 ) ;
#3343 = VECTOR ( 'NONE', #428, 1000.000000000000100 ) ;
#3344 = CIRCLE ( 'NONE', #2496, 3.000000000000002700 ) ;
#3345 = LINE ( 'NONE', #487, #3357 ) ;
#3346 = LINE ( 'NONE', #414, #3360 ) ;
#3347 = CYLINDRICAL_SURFACE ( 'NONE', #2524, 9.351558633585364400 ) ;
#3348 = CIRCLE ( 'NONE', #2517, 3.000000000000000900 ) ;
#3349 = VECTOR ( 'NONE', #413, 1000.000000000000000 ) ;
#3350 = CIRCLE ( 'NONE', #2511, 15.00000000012082600 ) ;
#3351 = CIRCLE ( 'NONE', #2503, 9.000000000120820700 ) ;
#3352 = LINE ( 'NONE', #473, #3356 ) ;
#3353 = FACE_OUTER_BOUND ( 'NONE', #2120, .T. ) ;
#3354 = CYLINDRICAL_SURFACE ( 'NONE', #2484, 0.9999999999999995600 ) ;
#3355 = LINE ( 'NONE', #450, #3343 ) ;
#3356 = VECTOR ( 'NONE', #477, 1000.000000000000100 ) ;
#3357 = VECTOR ( 'NONE', #463, 1000.000000000000100 ) ;
#3358 = LINE ( 'NONE', #471, #3381 ) ;
#3359 = FACE_OUTER_BOUND ( 'NONE', #2074, .T. ) ;
#3360 = VECTOR ( 'NONE', #439, 1000.000000000000100 ) ;
#3361 = CIRCLE ( 'NONE', #2489, 15.00000000012082600 ) ;
#3362 = CIRCLE ( 'NONE', #2486, 3.000000000000003100 ) ;
#3363 = VECTOR ( 'NONE', #514, 1000.000000000000100 ) ;
#3364 = LINE ( 'NONE', #565, #3388 ) ;
#3365 = LINE ( 'NONE', #576, #3417 ) ;
#3366 = VECTOR ( 'NONE', #529, 1000.000000000000000 ) ;
#3367 = VECTOR ( 'NONE', #623, 1000.000000000000000 ) ;
#3368 = VECTOR ( 'NONE', #655, 999.9999999999998900 ) ;
#3369 = LINE ( 'NONE', #548, #3366 ) ;
#3370 = LINE ( 'NONE', #571, #3383 ) ;
#3371 = LINE ( 'NONE', #572, #3384 ) ;
#3372 = CIRCLE ( 'NONE', #2505, 9.351558633585364400 ) ;
#3373 = LINE ( 'NONE', #610, #3367 ) ;
#3374 = VECTOR ( 'NONE', #536, 1000.000000000000100 ) ;
#3375 = CIRCLE ( 'NONE', #2488, 0.9999999999999995600 ) ;
#3376 = VECTOR ( 'NONE', #633, 1000.000000000000100 ) ;
#3377 = LINE ( 'NONE', #539, #3396 ) ;
#3378 = VECTOR ( 'NONE', #640, 1000.000000000000100 ) ;
#3379 = VECTOR ( 'NONE', #528, 1000.000000000000000 ) ;
#3380 = VECTOR ( 'NONE', #484, 1000.000000000000000 ) ;
#3381 = VECTOR ( 'NONE', #462, 1000.000000000000100 ) ;
#3382 = LINE ( 'NONE', #581, #3400 ) ;
#3383 = VECTOR ( 'NONE', #575, 1000.000000000000100 ) ;
#3384 = VECTOR ( 'NONE', #617, 1000.000000000000000 ) ;
#3385 = LINE ( 'NONE', #653, #3386 ) ;
#3386 = VECTOR ( 'NONE', #630, 1000.000000000000000 ) ;
#3387 = LINE ( 'NONE', #525, #3390 ) ;
#3388 = VECTOR ( 'NONE', #601, 1000.000000000000000 ) ;
#3389 = LINE ( 'NONE', #474, #3380 ) ;
#3390 = VECTOR ( 'NONE', #545, 1000.000000000000000 ) ;
#3391 = VECTOR ( 'NONE', #563, 1000.000000000000000 ) ;
#3392 = VECTOR ( 'NONE', #583, 1000.000000000000000 ) ;
#3393 = LINE ( 'NONE', #517, #3374 ) ;
#3394 = LINE ( 'NONE', #708, #3419 ) ;
#3395 = VECTOR ( 'NONE', #660, 1000.000000000000000 ) ;
#3396 = VECTOR ( 'NONE', #518, 1000.000000000000100 ) ;
#3397 = CIRCLE ( 'NONE', #2497, 8.351558633585362700 ) ;
#3398 = VECTOR ( 'NONE', #579, 1000.000000000000100 ) ;
#3399 = LINE ( 'NONE', #567, #3413 ) ;
#3400 = VECTOR ( 'NONE', #600, 1000.000000000000100 ) ;
#3401 = LINE ( 'NONE', #535, #3379 ) ;
#3402 = LINE ( 'NONE', #608, #3376 ) ;
#3403 = LINE ( 'NONE', #642, #3406 ) ;
#3404 = LINE ( 'NONE', #508, #3363 ) ;
#3405 = VECTOR ( 'NONE', #570, 1000.000000000000000 ) ;
#3406 = VECTOR ( 'NONE', #704, 1000.000000000000100 ) ;
#3407 = LINE ( 'NONE', #705, #3395 ) ;
#3408 = LINE ( 'NONE', #569, #3391 ) ;
#3409 = LINE ( 'NONE', #580, #3398 ) ;
#3410 = CIRCLE ( 'NONE', #2499, 0.9999999999999995600 ) ;
#3411 = CIRCLE ( 'NONE', #2479, 9.351558633585364400 ) ;
#3412 = LINE ( 'NONE', #760, #3418 ) ;
#3413 = VECTOR ( 'NONE', #605, 999.9999999999998900 ) ;
#3414 = LINE ( 'NONE', #562, #3392 ) ;
#3415 = LINE ( 'NONE', #568, #3405 ) ;
#3416 = VECTOR ( 'NONE', #544, 1000.000000000000000 ) ;
#3417 = VECTOR ( 'NONE', #607, 999.9999999999998900 ) ;
#3418 = VECTOR ( 'NONE', #736, 1000.000000000000000 ) ;
#3419 = VECTOR ( 'NONE', #709, 1000.000000000000000 ) ;
#3420 = FACE_OUTER_BOUND ( 'NONE', #2173, .T. ) ;
#3421 = LINE ( 'NONE', #516, #3416 ) ;
#3422 = CIRCLE ( 'NONE', #2513, 3.000000000000000900 ) ;
#3423 = LINE ( 'NONE', #703, #3368 ) ;
#3424 = LINE ( 'NONE', #611, #3378 ) ;
#3425 = FACE_OUTER_BOUND ( 'NONE', #2155, .T. ) ;
#3426 = VECTOR ( 'NONE', #727, 999.9999999999998900 ) ;
#3427 = VECTOR ( 'NONE', #847, 1000.000000000000000 ) ;
#3428 = VECTOR ( 'NONE', #819, 1000.000000000000000 ) ;
#3429 = LINE ( 'NONE', #774, #3447 ) ;
#3430 = LINE ( 'NONE', #764, #3444 ) ;
#3431 = LINE ( 'NONE', #726, #3426 ) ;
#3432 = VECTOR ( 'NONE', #839, 1000.000000000000000 ) ;
#3433 = LINE ( 'NONE', #830, #3197 ) ;
#3434 = VECTOR ( 'NONE', #840, 1000.000000000000000 ) ;
#3435 = LINE ( 'NONE', #862, #3456 ) ;
#3436 = VECTOR ( 'NONE', #860, 1000.000000000000000 ) ;
#3437 = VECTOR ( 'NONE', #720, 1000.000000000000100 ) ;
#3438 = LINE ( 'NONE', #846, #3443 ) ;
#3439 = CIRCLE ( 'NONE', #2493, 3.000000000000000900 ) ;
#3440 = LINE ( 'NONE', #853, #3455 ) ;
#3441 = LINE ( 'NONE', #850, #3445 ) ;
#3442 = LINE ( 'NONE', #816, #3427 ) ;
#3443 = VECTOR ( 'NONE', #824, 1000.000000000000000 ) ;
#3444 = VECTOR ( 'NONE', #797, 1000.000000000000000 ) ;
#3445 = VECTOR ( 'NONE', #863, 1000.000000000000100 ) ;
#3446 = CIRCLE ( 'NONE', #2490, 4.250000000000000000 ) ;
#3447 = VECTOR ( 'NONE', #801, 1000.000000000000100 ) ;
#3448 = LINE ( 'NONE', #722, #3437 ) ;
#3449 = LINE ( 'NONE', #831, #3454 ) ;
#3450 = LINE ( 'NONE', #835, #3434 ) ;
#3451 = LINE ( 'NONE', #802, #3436 ) ;
#3452 = LINE ( 'NONE', #855, #3428 ) ;
#3453 = LINE ( 'NONE', #843, #3432 ) ;
#3454 = VECTOR ( 'NONE', #854, 1000.000000000000000 ) ;
#3455 = VECTOR ( 'NONE', #849, 1000.000000000000000 ) ;
#3456 = VECTOR ( 'NONE', #844, 1000.000000000000000 ) ;
#3457 = CIRCLE ( 'NONE', #2509, 4.250000000000000000 ) ;
#3458 = CC_DESIGN_PERSON_AND_ORGANIZATION_ASSIGNMENT ( #3995, #3846, ( #3520 ) ) ;
#3459 = CC_DESIGN_PERSON_AND_ORGANIZATION_ASSIGNMENT ( #3961, #3841, ( #3464 ) ) ;
#3460 = APPROVAL ( #3814, 'UNSPECIFIED' ) ;
#3461 = CC_DESIGN_APPROVAL ( #3469, ( #3465 ) ) ;
#3462 = CC_DESIGN_PERSON_AND_ORGANIZATION_ASSIGNMENT ( #4001, #3859, ( #3478 ) ) ;
#3463 = CC_DESIGN_APPROVAL ( #3481, ( #3503 ) ) ;
#3464 = PRODUCT_DEFINITION ( 'UNKNOWN', '', #3478, #6 ) ;
#3465 = SECURITY_CLASSIFICATION ( '', '', #3812 ) ;
#3466 = APPROVAL ( #3857, 'UNSPECIFIED' ) ;
#3467 = PRODUCT_RELATED_PRODUCT_CATEGORY ( 'detail', '', ( #3517 ) ) ;
#3468 = CC_DESIGN_APPROVAL ( #3485, ( #2534 ) ) ;
#3469 = APPROVAL ( #3845, 'UNSPECIFIED' ) ;
#3470 = CC_DESIGN_DATE_AND_TIME_ASSIGNMENT ( #3977, #3853, ( #3480 ) ) ;
#3471 = CC_DESIGN_APPROVAL ( #3493, ( #3480 ) ) ;
#3472 = APPROVAL ( #3850, 'UNKNOWN' ) ;
#3473 = CC_DESIGN_DATE_AND_TIME_ASSIGNMENT ( #3999, #3818, ( #3501 ) ) ;
#3474 = APPROVAL ( #3867, 'UNKNOWN' ) ;
#3475 = CC_DESIGN_PERSON_AND_ORGANIZATION_ASSIGNMENT ( #3993, #3860, ( #3480 ) ) ;
#3476 = CC_DESIGN_DATE_AND_TIME_ASSIGNMENT ( #3963, #3854, ( #3492 ) ) ;
#3477 = CC_DESIGN_PERSON_AND_ORGANIZATION_ASSIGNMENT ( #3981, #3851, ( #3478 ) ) ;
#3478 = PRODUCT_DEFINITION_FORMATION_WITH_SPECIFIED_SOURCE ( 'ANY', '', #3520, .NOT_KNOWN. ) ;
#3479 = CC_DESIGN_DATE_AND_TIME_ASSIGNMENT ( #4018, #3829, ( #3464 ) ) ;
#3480 = SECURITY_CLASSIFICATION ( '', '', #3847 ) ;
#3481 = APPROVAL ( #3825, 'UNSPECIFIED' ) ;
#3482 = CC_DESIGN_DATE_AND_TIME_ASSIGNMENT ( #3919, #3856, ( #3465 ) ) ;
#3483 = CC_DESIGN_SECURITY_CLASSIFICATION ( #3465, ( #3509 ) ) ;
#3484 = PRODUCT_RELATED_PRODUCT_CATEGORY ( 'detail', '', ( #3519 ) ) ;
#3485 = APPROVAL ( #3848, 'UNSPECIFIED' ) ;
#3486 = CC_DESIGN_DATE_AND_TIME_ASSIGNMENT ( #3917, #3831, ( #3503 ) ) ;
#3487 = CC_DESIGN_APPROVAL ( #3460, ( #3509 ) ) ;
#3488 = CC_DESIGN_APPROVAL ( #3466, ( #3478 ) ) ;
#3489 = CC_DESIGN_SECURITY_CLASSIFICATION ( #3480, ( #3478 ) ) ;
#3490 = CC_DESIGN_SECURITY_CLASSIFICATION ( #3501, ( #4029 ) ) ;
#3491 = CC_DESIGN_PERSON_AND_ORGANIZATION_ASSIGNMENT ( #3966, #3842, ( #3501 ) ) ;
#3492 = SECURITY_CLASSIFICATION ( '', '', #3833 ) ;
#3493 = APPROVAL ( #3824, 'UNSPECIFIED' ) ;
#3494 = CC_DESIGN_SECURITY_CLASSIFICATION ( #2534, ( #2527 ) ) ;
#3495 = CC_DESIGN_SECURITY_CLASSIFICATION ( #3492, ( #4030 ) ) ;
#3496 = CC_DESIGN_PERSON_AND_ORGANIZATION_ASSIGNMENT ( #3897, #3858, ( #3519 ) ) ;
#3497 = CC_DESIGN_PERSON_AND_ORGANIZATION_ASSIGNMENT ( #3925, #3823, ( #3509 ) ) ;
#3498 = CC_DESIGN_PERSON_AND_ORGANIZATION_ASSIGNMENT ( #3957, #3865, ( #3509 ) ) ;
#3499 = APPROVAL ( #3817, 'UNSPECIFIED' ) ;
#3500 = PRODUCT_RELATED_PRODUCT_CATEGORY ( 'detail', '', ( #3520 ) ) ;
#3501 = SECURITY_CLASSIFICATION ( '', '', #3826 ) ;
#3502 = CC_DESIGN_PERSON_AND_ORGANIZATION_ASSIGNMENT ( #4017, #3834, ( #3492 ) ) ;
#3503 = PRODUCT_DEFINITION ( 'UNKNOWN', '', #3509, #8 ) ;
#3504 = CC_DESIGN_PERSON_AND_ORGANIZATION_ASSIGNMENT ( #3959, #3835, ( #3465 ) ) ;
#3505 = CC_DESIGN_APPROVAL ( #3472, ( #3501 ) ) ;
#3506 = CC_DESIGN_APPROVAL ( #3474, ( #3492 ) ) ;
#3507 = CC_DESIGN_DATE_AND_TIME_ASSIGNMENT ( #3945, #3862, ( #2534 ) ) ;
#3508 = CC_DESIGN_PERSON_AND_ORGANIZATION_ASSIGNMENT ( #3949, #3864, ( #3503 ) ) ;
#3509 = PRODUCT_DEFINITION_FORMATION_WITH_SPECIFIED_SOURCE ( 'ANY', '', #3519, .NOT_KNOWN. ) ;
#3510 = CC_DESIGN_APPROVAL ( #3499, ( #3464 ) ) ;
#3511 = PLANE ( 'NONE',  #2570 ) ;
#3512 = CARTESIAN_POINT ( 'NONE',  ( 3.249998048190043200, 4.214310970508672300E-006, -8.381469368233847900 ) ) ;
#3513 = DIRECTION ( 'NONE',  ( -1.000000000000000000, 0.0000000000000000000, 0.0000000000000000000 ) ) ;
#3514 = CARTESIAN_POINT ( 'NONE',  ( 2.999998048190043200, 2.314700162108528100, -5.187505607776008900 ) ) ;
#3515 = DIRECTION ( 'NONE',  ( 0.0000000000000000000, 0.0000000000000000000, 1.000000000000000000 ) ) ;
#3516 = DIRECTION ( 'NONE',  ( 1.000000000000000000, 0.0000000000000000000, 0.0000000000000000000 ) ) ;
#3517 = PRODUCT ( 'ALP4310', 'ALP4310', '', ( #3790 ) ) ;
#3518 = PERSON ( 'UNSPECIFIED', 'UNSPECIFIED', 'UNSPECIFIED', ('UNSPECIFIED'), ('UNSPECIFIED'), ('UNSPECIFIED') ) ;
#3519 = PRODUCT ( 'fath_09202011', 'fath_09202011', '', ( #3863 ) ) ;
#3520 = PRODUCT ( 'Telo ALP4310', 'Telo ALP4310', '', ( #3819 ) ) ;
#3521 = PERSON ( 'NAUO-PER1', 'UNSPECIFIED', 'UNSPECIFIED', ('UNSPECIFIED'), ('UNSPECIFIED'), ('UNSPECIFIED') ) ;
#3522 = PERSON ( 'NAUO-PER2', 'UNSPECIFIED', 'UNSPECIFIED', ('UNSPECIFIED'), ('UNSPECIFIED'), ('UNSPECIFIED') ) ;
#3523 = ORIENTED_EDGE ( 'NONE', *, *, #1346, .T. ) ;
#3524 = ORIENTED_EDGE ( 'NONE', *, *, #1518, .T. ) ;
#3525 = ORIENTED_EDGE ( 'NONE', *, *, #1507, .T. ) ;
#3526 = ORIENTED_EDGE ( 'NONE', *, *, #1497, .T. ) ;
#3527 = ORIENTED_EDGE ( 'NONE', *, *, #1439, .F. ) ;
#3528 = ORIENTED_EDGE ( 'NONE', *, *, #1505, .T. ) ;
#3529 = ORIENTED_EDGE ( 'NONE', *, *, #1513, .T. ) ;
#3530 = ORIENTED_EDGE ( 'NONE', *, *, #1409, .T. ) ;
#3531 = ORIENTED_EDGE ( 'NONE', *, *, #1424, .F. ) ;
#3532 = ORIENTED_EDGE ( 'NONE', *, *, #1476, .F. ) ;
#3533 = ORIENTED_EDGE ( 'NONE', *, *, #1338, .F. ) ;
#3534 = ORIENTED_EDGE ( 'NONE', *, *, #1331, .F. ) ;
#3535 = ORIENTED_EDGE ( 'NONE', *, *, #1378, .F. ) ;
#3536 = ORIENTED_EDGE ( 'NONE', *, *, #1322, .F. ) ;
#3537 = CARTESIAN_POINT ( 'NONE',  ( -3.000001951809957700, -6.999995552746958600, 13.03843956183116500 ) ) ;
#3538 = CARTESIAN_POINT ( 'NONE',  ( 2.999998048190042300, -12.80520712270432200, 11.71041351461474300 ) ) ;
#3539 = CARTESIAN_POINT ( 'NONE',  ( -3.000001951809958100, -14.75976000574077000, 10.51600394262371600 ) ) ;
#3540 = CARTESIAN_POINT ( 'NONE',  ( -3.000001951809957700, 5.851593905367940000, 2.574604839013286300 ) ) ;
#3541 = CARTESIAN_POINT ( 'NONE',  ( -3.000001951809956800, 5.950211799646071500, 0.8637867288723194400 ) ) ;
#3542 = CARTESIAN_POINT ( 'NONE',  ( -3.000001951809957200, -1.194803002468368000, 11.71042754524709500 ) ) ;
#3543 = CARTESIAN_POINT ( 'NONE',  ( -3.000001951809958100, -3.874122750269014300, 6.305610452184440700 ) ) ;
#3544 = CARTESIAN_POINT ( 'NONE',  ( -3.000001951809958100, -17.93824387558326400, 7.160671823590578600 ) ) ;
#3545 = CARTESIAN_POINT ( 'NONE',  ( 2.999998048190044100, -19.08419726300628500, 4.998463988611757900 ) ) ;
#3546 = CARTESIAN_POINT ( 'NONE',  ( 2.999998048190043200, -3.265026884923206500, 12.51013936666360100 ) ) ;
#3547 = CARTESIAN_POINT ( 'NONE',  ( -3.000001951809958100, 4.214311183012298100E-006, -9.495740525269566500E-006 ) ) ;
#3548 = CARTESIAN_POINT ( 'NONE',  ( 2.999998048190043200, -19.33643342069495200, -4.709795293232914100 ) ) ;
#3549 = CARTESIAN_POINT ( 'NONE',  ( -3.000001951809956800, -18.88963589998560300, -5.249191033155042900 ) ) ;
#3550 = CARTESIAN_POINT ( 'NONE',  ( -3.000001951809957700, -0.4953078529857041800, 2.693133472808239200 ) ) ;
#3551 = CARTESIAN_POINT ( 'NONE',  ( -3.000001951809959000, -6.027272907538579400, 6.955864211772111000 ) ) ;
#3552 = CARTESIAN_POINT ( 'NONE',  ( -3.000001951809958100, -9.011129690272865000, 6.736224623282032200 ) ) ;
#3553 = CARTESIAN_POINT ( 'NONE',  ( -3.000001951809956800, -19.83564930797361800, 2.586665450169482600 ) ) ;
#3554 = CARTESIAN_POINT ( 'NONE',  ( 2.999998048190042800, -19.83564930797361800, 2.586665450169482600 ) ) ;
#3555 = CARTESIAN_POINT ( 'NONE',  ( -3.000001951809957700, -11.17831361434569900, 5.662431402706422600 ) ) ;
#3556 = CARTESIAN_POINT ( 'NONE',  ( -3.000001951809957700, -12.11293928418968100, 4.831586634241724600 ) ) ;
#3557 = CARTESIAN_POINT ( 'NONE',  ( -3.000001951809957200, -3.265026884923206500, 12.51013936666360100 ) ) ;
#3558 = CARTESIAN_POINT ( 'NONE',  ( -3.000001951809958500, -12.88959246586560600, 3.855360548029478800 ) ) ;
#3559 = CARTESIAN_POINT ( 'NONE',  ( -3.000001951809959000, -13.50779566838016900, 2.693010800410964700 ) ) ;
#3560 = CARTESIAN_POINT ( 'NONE',  ( -3.000001951809957700, -13.90788788594106000, 1.386802010433032100 ) ) ;
#3561 = CARTESIAN_POINT ( 'NONE',  ( -3.000001951809958100, -0.02680708589542505100, 0.4651115483000900500 ) ) ;
#3562 = CARTESIAN_POINT ( 'NONE',  ( -3.000001951809957700, -14.04296618619976100, 0.03302437855066389600 ) ) ;
#3563 = CARTESIAN_POINT ( 'NONE',  ( -3.000001951809957700, -13.92124706532406200, -1.277758305567908000 ) ) ;
#3564 = CARTESIAN_POINT ( 'NONE',  ( 2.999998048190043700, -19.93781062703449800, -2.233083173769299500 ) ) ;
#3565 = CARTESIAN_POINT ( 'NONE',  ( -3.000001951809957200, 3.939263140268360400, 7.159906815502965000 ) ) ;
#3566 = CARTESIAN_POINT ( 'NONE',  ( -3.000001951809957700, -13.56992290100304500, -2.547233804449502900 ) ) ;
#3567 = CARTESIAN_POINT ( 'NONE',  ( -3.000001951809957700, -19.93781062703449800, -2.233083173769299500 ) ) ;
#3568 = CARTESIAN_POINT ( 'NONE',  ( -3.000001951809956800, 6.000004214311183600, -9.495740525269564800E-006 ) ) ;
#3569 = CARTESIAN_POINT ( 'NONE',  ( -3.000001951809956300, 5.080138946524346700, 5.001541731461427000 ) ) ;
#3570 = CARTESIAN_POINT ( 'NONE',  ( -3.000001951809956800, -19.08419726300628500, 4.998463988611757900 ) ) ;
#3571 = CARTESIAN_POINT ( 'NONE',  ( -3.000001951809957700, 0.7598423099954058100, 10.51594803566749400 ) ) ;
#3572 = CARTESIAN_POINT ( 'NONE',  ( -3.000001951809956300, -20.05504600645233300, 0.02014939077577443000 ) ) ;
#3573 = CARTESIAN_POINT ( 'NONE',  ( -3.000001951809956800, -6.999995607503970900, 7.020693755084807600 ) ) ;
#3574 = CARTESIAN_POINT ( 'NONE',  ( 2.999998048190043200, -19.18638545249638100, -4.890940512440450600 ) ) ;
#3575 = CARTESIAN_POINT ( 'NONE',  ( -3.000001951809958500, -0.07990902897285620500, 1.386321299950728400 ) ) ;
#3576 = CARTESIAN_POINT ( 'NONE',  ( 2.999998048190042800, -18.88963589998560300, -5.249191033155042900 ) ) ;
#3577 = CARTESIAN_POINT ( 'NONE',  ( -3.000001951809956800, -19.18638545249638100, -4.890940512440450600 ) ) ;
#3578 = CARTESIAN_POINT ( 'NONE',  ( 2.999998048190043700, -14.75976000574077000, 10.51600394262371600 ) ) ;
#3579 = CARTESIAN_POINT ( 'NONE',  ( -3.000001951809956300, 2.495123870924898800, 8.972968417610124100 ) ) ;
#3580 = CARTESIAN_POINT ( 'NONE',  ( -3.000001951809956800, -19.33643342069495200, -4.709795293232914100 ) ) ;
#3581 = CARTESIAN_POINT ( 'NONE',  ( -3.000001951809959000, -2.821621426112153500, 5.662429174379964200 ) ) ;
#3582 = CARTESIAN_POINT ( 'NONE',  ( -3.000001951809956300, -8.806482153367898700, 12.91804098211693100 ) ) ;
#3583 = CARTESIAN_POINT ( 'NONE',  ( -3.000001951809957700, -4.988858680137587600, 6.736224498479767700 ) ) ;
#3584 = CARTESIAN_POINT ( 'NONE',  ( 2.999998048190043200, -6.999995552746958600, 13.03843956183116500 ) ) ;
#3585 = CARTESIAN_POINT ( 'NONE',  ( 2.999998048190042800, -8.806482153367898700, 12.91804098211693100 ) ) ;
#3586 = CARTESIAN_POINT ( 'NONE',  ( -3.000001951809956800, -10.73496050321305100, 12.51014249789421700 ) ) ;
#3587 = CARTESIAN_POINT ( 'NONE',  ( 2.999998048190043200, -1.194803002468368000, 11.71042754524709500 ) ) ;
#3588 = CARTESIAN_POINT ( 'NONE',  ( 2.999998048190042800, -20.05504600645233300, 0.02014939077577443000 ) ) ;
#3589 = CARTESIAN_POINT ( 'NONE',  ( -3.000001951809956300, -12.80520712270432200, 11.71041351461474300 ) ) ;
#3590 = CARTESIAN_POINT ( 'NONE',  ( 2.999998048190043200, -16.49535950370176400, 8.972783710886354000 ) ) ;
#3591 = CARTESIAN_POINT ( 'NONE',  ( 2.999998048190043700, 0.7598423099954058100, 10.51594803566749400 ) ) ;
#3592 = CARTESIAN_POINT ( 'NONE',  ( -3.000001951809956800, -16.49535950370176400, 8.972783710886354000 ) ) ;
#3593 = CARTESIAN_POINT ( 'NONE',  ( -3.000001951809958100, -1.887239047653434600, 4.831593996278993300 ) ) ;
#3594 = CARTESIAN_POINT ( 'NONE',  ( -3.000001951809958500, -1.109625594782693200, 3.855330056454607100 ) ) ;
#3595 = CARTESIAN_POINT ( 'NONE',  ( -3.000001951809958500, -7.972719423395021800, 6.955864186132308700 ) ) ;
#3596 = CARTESIAN_POINT ( 'NONE',  ( -3.000001951809959000, -10.12588301894176700, 6.305609892949920700 ) ) ;
#3597 = CARTESIAN_POINT ( 'NONE',  ( 2.999998048190043700, -5.193510410436816800, 12.91804162537326300 ) ) ;
#3598 = CARTESIAN_POINT ( 'NONE',  ( 2.999998048190043700, -10.73496050321305100, 12.51014249789421700 ) ) ;
#3599 = CARTESIAN_POINT ( 'NONE',  ( 2.999998048190043700, -17.93824387558326400, 7.160671823590578600 ) ) ;
#3600 = CARTESIAN_POINT ( 'NONE',  ( -3.000001951809957700, -5.193510410436816800, 12.91804162537326300 ) ) ;
#3601 = CARTESIAN_POINT ( 'NONE',  ( -3.000001951809958100, -6.999995662260986700, 1.002947948338452200 ) ) ;
#3602 = CARTESIAN_POINT ( 'NONE',  ( -3.000001951809960300, -6.011411963313648200, 0.1980377608881703800 ) ) ;
#3603 = CARTESIAN_POINT ( 'NONE',  ( -3.000001951809958500, -7.196403255113680500, -1.609345343839642600 ) ) ;
#3604 = CARTESIAN_POINT ( 'NONE',  ( -3.000001951809958500, -6.663558150867833000, -2.501326248867946000 ) ) ;
#3605 = CARTESIAN_POINT ( 'NONE',  ( 2.999998048190043200, 4.214311182741247600E-006, -9.495740525269566500E-006 ) ) ;
#3606 = CARTESIAN_POINT ( 'NONE',  ( 2.999998048190043200, -0.02680708589542532500, 0.4651115483000900500 ) ) ;
#3607 = CARTESIAN_POINT ( 'NONE',  ( -3.000001951809958500, -6.712690475351963400, 0.9623096302959375200 ) ) ;
#3608 = CARTESIAN_POINT ( 'NONE',  ( -3.000001951809959000, -7.980126463908507400, 0.1869385706965804300 ) ) ;
#3609 = CARTESIAN_POINT ( 'NONE',  ( 2.999998048190043200, -6.553442498069661500, 0.9007933591217822700 ) ) ;
#3610 = CARTESIAN_POINT ( 'NONE',  ( 2.999998048190044600, -2.821621426112154400, 5.662429174379964200 ) ) ;
#3611 = CARTESIAN_POINT ( 'NONE',  ( -3.000001951809959000, -6.269601966231766400, 0.6902195749478570200 ) ) ;
#3612 = CARTESIAN_POINT ( 'NONE',  ( 2.999998048190043700, -3.874122750269014300, 6.305610452184440700 ) ) ;
#3613 = CARTESIAN_POINT ( 'NONE',  ( 2.999998048190043200, -5.999995785688818200, -9.495740525269564800E-006 ) ) ;
#3614 = CARTESIAN_POINT ( 'NONE',  ( -3.000001951809958100, -12.99999578578139600, -3.605560771050429800 ) ) ;
#3615 = CARTESIAN_POINT ( 'NONE',  ( -3.000001951809959000, -7.596867222950636200, 0.8088588627891250000 ) ) ;
#3616 = CARTESIAN_POINT ( 'NONE',  ( -3.000001951809958100, -8.030886365947175400, 0.04589936632555225600 ) ) ;
#3617 = CARTESIAN_POINT ( 'NONE',  ( 2.999998048190043700, -7.972719423395021800, 6.955864186132308700 ) ) ;
#3618 = CARTESIAN_POINT ( 'NONE',  ( -3.000001951809958500, -8.250209902020486700, 0.1547234242560375800 ) ) ;
#3619 = CARTESIAN_POINT ( 'NONE',  ( 2.999998048190043200, -6.999995662260986700, 1.002947948338452200 ) ) ;
#3620 = CARTESIAN_POINT ( 'NONE',  ( -3.000001951809958500, -6.003825971436920200, 0.06643636772785999100 ) ) ;
#3621 = CARTESIAN_POINT ( 'NONE',  ( -3.000001951809959000, -6.403085162219715800, 0.8089103130924387700 ) ) ;
#3622 = CARTESIAN_POINT ( 'NONE',  ( -3.000001951809958500, -7.730519064677594100, 0.6903895575970946400 ) ) ;
#3623 = CARTESIAN_POINT ( 'NONE',  ( -3.000001951809960800, -7.931394073754059800, 0.3875576122101678200 ) ) ;
#3624 = CARTESIAN_POINT ( 'NONE',  ( 2.999998048190042300, -6.070754652495755200, 0.3847252141550486800 ) ) ;
#3625 = CARTESIAN_POINT ( 'NONE',  ( 2.999998048190042300, -7.446558915179200400, 0.9008062712850988300 ) ) ;
#3626 = CARTESIAN_POINT ( 'NONE',  ( -3.000001951809959000, -7.287298877332682800, 0.9623067486698436700 ) ) ;
#3627 = CARTESIAN_POINT ( 'NONE',  ( -3.000001951809958500, -5.999995785688818200, -9.495740525269564800E-006 ) ) ;
#3628 = CARTESIAN_POINT ( 'NONE',  ( -3.000001951809959000, -7.446558915179200400, 0.9008062712850988300 ) ) ;
#3629 = CARTESIAN_POINT ( 'NONE',  ( 2.999998048190043700, -6.011411963313648200, 0.1980377608881703800 ) ) ;
#3630 = CARTESIAN_POINT ( 'NONE',  ( -3.000001951809958100, -6.070754652495755200, 0.3847252141550486800 ) ) ;
#3631 = CARTESIAN_POINT ( 'NONE',  ( 2.999998048190043200, -6.712690475351963400, 0.9623096302959375200 ) ) ;
#3632 = CARTESIAN_POINT ( 'NONE',  ( 2.999998048190042800, -7.138956693422143100, 0.9936873901476810400 ) ) ;
#3633 = CARTESIAN_POINT ( 'NONE',  ( 2.999998048190043700, -7.596867222950636200, 0.8088588627891250000 ) ) ;
#3634 = CARTESIAN_POINT ( 'NONE',  ( 2.999998048190043700, -7.904683503613613400, -0.3224334373665142500 ) ) ;
#3635 = CARTESIAN_POINT ( 'NONE',  ( 2.999998048190042800, -8.250209902020486700, 0.1547234242560375800 ) ) ;
#3636 = CARTESIAN_POINT ( 'NONE',  ( -3.000001951809958500, -6.553442498069661500, 0.9007933591217822700 ) ) ;
#3637 = CARTESIAN_POINT ( 'NONE',  ( -3.000001951809960300, -6.861035404640346300, 0.9936867981709647200 ) ) ;
#3638 = CARTESIAN_POINT ( 'NONE',  ( 2.999998048190043700, -7.287298877332682800, 0.9623067486698436700 ) ) ;
#3639 = CARTESIAN_POINT ( 'NONE',  ( 2.999998048190042800, -8.030886365947175400, 0.04589936632555225600 ) ) ;
#3640 = CARTESIAN_POINT ( 'NONE',  ( 2.999998048190043200, -7.196403255113680500, -1.609345343839642600 ) ) ;
#3641 = CARTESIAN_POINT ( 'NONE',  ( 2.999998048190043700, -0.07990902897285646900, 1.386321299950728400 ) ) ;
#3642 = CARTESIAN_POINT ( 'NONE',  ( 2.999998048190043700, -7.840941056147944000, 0.5500492724683823100 ) ) ;
#3643 = CARTESIAN_POINT ( 'NONE',  ( 2.999998048190043700, -6.269601966231766400, 0.6902195749478570200 ) ) ;
#3644 = CARTESIAN_POINT ( 'NONE',  ( 2.999998048190043200, -0.4953078529857044000, 2.693133472808239200 ) ) ;
#3645 = CARTESIAN_POINT ( 'NONE',  ( 2.999998048190043700, -1.109625594782693200, 3.855330056454607100 ) ) ;
#3646 = CARTESIAN_POINT ( 'NONE',  ( 2.999998048190043200, -1.887239047653434600, 4.831593996278993300 ) ) ;
#3647 = CARTESIAN_POINT ( 'NONE',  ( 2.999998048190042800, -4.988858680137587600, 6.736224498479767700 ) ) ;
#3648 = CARTESIAN_POINT ( 'NONE',  ( -3.000001951809959000, -7.840941056147944000, 0.5500492724683823100 ) ) ;
#3649 = CARTESIAN_POINT ( 'NONE',  ( -3.000001951809958100, -13.19139435380502900, -3.250142928140048200 ) ) ;
#3650 = CARTESIAN_POINT ( 'NONE',  ( 2.999998048190043700, -6.403085162219715800, 0.8089103130924387700 ) ) ;
#3651 = CARTESIAN_POINT ( 'NONE',  ( 2.999998048190044600, -6.027272907538579400, 6.955864211772111000 ) ) ;
#3652 = CARTESIAN_POINT ( 'NONE',  ( 2.999998048190042800, -7.980126463908507400, 0.1869385706965804300 ) ) ;
#3653 = CARTESIAN_POINT ( 'NONE',  ( 2.999998048190041900, -6.999995607503970900, 7.020693755084807600 ) ) ;
#3654 = CARTESIAN_POINT ( 'NONE',  ( 2.999998048190043700, -6.861035404640346300, 0.9936867981709647200 ) ) ;
#3655 = CARTESIAN_POINT ( 'NONE',  ( -3.000001951809958100, -7.138956693422143100, 0.9936873901476810400 ) ) ;
#3656 = CARTESIAN_POINT ( 'NONE',  ( 2.999998048190043700, -9.011129690272865000, 6.736224623282032200 ) ) ;
#3657 = CARTESIAN_POINT ( 'NONE',  ( 2.999998048190044600, -10.12588301894176700, 6.305609892949920700 ) ) ;
#3658 = CARTESIAN_POINT ( 'NONE',  ( -3.000001951809959400, -6.158514329833747200, 0.5507532974062489000 ) ) ;
#3659 = CARTESIAN_POINT ( 'NONE',  ( 2.999998048190042800, -6.003825971436920200, 0.06643636772785999100 ) ) ;
#3660 = CARTESIAN_POINT ( 'NONE',  ( 2.999998048190043200, -7.730519064677594100, 0.6903895575970946400 ) ) ;
#3661 = CARTESIAN_POINT ( 'NONE',  ( 2.999998048190044100, -7.931394073754059800, 0.3875576122101678200 ) ) ;
#3662 = CARTESIAN_POINT ( 'NONE',  ( 2.999998048190044100, -6.158514329833747200, 0.5507532974062489000 ) ) ;
#3663 = CARTESIAN_POINT ( 'NONE',  ( 2.999998048190043200, -6.663558150867833000, -2.501326248867946000 ) ) ;
#3664 = CARTESIAN_POINT ( 'NONE',  ( -3.000001951809958100, -7.904683503613613400, -0.3224334373665142500 ) ) ;
#3665 = CARTESIAN_POINT ( 'NONE',  ( 2.999998048190043200, -19.33643342072996400, -4.709795293409234400 ) ) ;
#3666 = CARTESIAN_POINT ( 'NONE',  ( 2.999998048190043200, -24.65525194086603000, -31.49402459901432000 ) ) ;
#3667 = CARTESIAN_POINT ( 'NONE',  ( 2.999998048190043200, -12.99999578581640900, -3.605560771226751400 ) ) ;
#3668 = CARTESIAN_POINT ( 'NONE',  ( -28.69459271066770300, -1.040834085586084300E-014, -0.7499999999999997800 ) ) ;
#3669 = CARTESIAN_POINT ( 'NONE',  ( -28.69459271066770300, -1.040834085586084300E-014, 0.7499999999999997800 ) ) ;
#3670 = CARTESIAN_POINT ( 'NONE',  ( 2.999998048190043200, -11.17831361434569900, 5.662431402706422600 ) ) ;
#3671 = CARTESIAN_POINT ( 'NONE',  ( 2.999998048190043200, -12.99999578578139600, -3.605560771050429800 ) ) ;
#3672 = DIRECTION ( 'NONE',  ( 0.0000000000000000000, 0.0000000000000000000, 1.000000000000000000 ) ) ;
#3673 = DIRECTION ( 'NONE',  ( 0.0000000000000000000, -0.7071067811865513500, 0.7071067811865436900 ) ) ;
#3674 = CARTESIAN_POINT ( 'NONE',  ( 2.999998048190043200, -14.04296618619976100, 0.03302437855066389600 ) ) ;
#3675 = DIRECTION ( 'NONE',  ( 0.6427876096865435800, -0.7660444431189744600, 0.0000000000000000000 ) ) ;
#3676 = CARTESIAN_POINT ( 'NONE',  ( 7.163709525759339900, -25.65950738734053300, 0.7499999999999997800 ) ) ;
#3677 = PLANE ( 'NONE',  #2532 ) ;
#3678 = DIRECTION ( 'NONE',  ( 1.000000000000000000, 0.0000000000000000000, 0.0000000000000000000 ) ) ;
#3679 = DIRECTION ( 'NONE',  ( 1.000000000000000000, 0.0000000000000000000, -0.0000000000000000000 ) ) ;
#3680 = CARTESIAN_POINT ( 'NONE',  ( 2.999998048190044600, -12.88959246586560600, 3.855360548029478800 ) ) ;
#3681 = CARTESIAN_POINT ( 'NONE',  ( 2.999998048190043200, -18.77016655590738400, -32.66268623123644900 ) ) ;
#3682 = CARTESIAN_POINT ( 'NONE',  ( -3.000001951809956800, -19.33643342072996400, -4.709795293409234400 ) ) ;
#3683 = CARTESIAN_POINT ( 'NONE',  ( 2.999998048190043200, -18.77016655590738400, -32.66268623123644900 ) ) ;
#3684 = CARTESIAN_POINT ( 'NONE',  ( 30.00000000000000000, 0.0000000000000000000, 0.0000000000000000000 ) ) ;
#3685 = CARTESIAN_POINT ( 'NONE',  ( 2.999998048190043200, -12.99999578581640900, -3.605560771226751400 ) ) ;
#3686 = CARTESIAN_POINT ( 'NONE',  ( 2.999998048190043200, -12.11293928418968100, 4.831586634241724600 ) ) ;
#3687 = DIRECTION ( 'NONE',  ( 0.0000000000000000000, -0.7071067811865436900, -0.7071067811865513500 ) ) ;
#3688 = PLANE ( 'NONE',  #2548 ) ;
#3689 = CARTESIAN_POINT ( 'NONE',  ( 2.999998048190042800, -13.92124706532406200, -1.277758305567908000 ) ) ;
#3690 = DIRECTION ( 'NONE',  ( -0.0000000000000000000, -0.0000000000000000000, 1.000000000000000000 ) ) ;
#3691 = PLANE ( 'NONE',  #2558 ) ;
#3692 = DIRECTION ( 'NONE',  ( 0.7660444431189746800, -0.6427876096865434700, 0.0000000000000000000 ) ) ;
#3693 = CARTESIAN_POINT ( 'NONE',  ( 2.406240082761412900E-015, -19.64844136641463400, 0.7499999999999997800 ) ) ;
#3694 = PLANE ( 'NONE',  #2546 ) ;
#3695 = PLANE ( 'NONE',  #2556 ) ;
#3696 = CARTESIAN_POINT ( 'NONE',  ( 2.999998048190043200, -13.19139435380502900, -3.250142928140048200 ) ) ;
#3697 = DIRECTION ( 'NONE',  ( 0.7660444431189744600, 0.6427876096865435800, -0.0000000000000000000 ) ) ;
#3698 = CARTESIAN_POINT ( 'NONE',  ( 2.999998048190043200, -6.663558150902845000, -2.501326249044266700 ) ) ;
#3699 = DIRECTION ( 'NONE',  ( -0.7660444431189744600, -0.6427876096865435800, 0.0000000000000000000 ) ) ;
#3700 = CARTESIAN_POINT ( 'NONE',  ( -3.000001951809958500, -6.663558150902845000, -2.501326249044266700 ) ) ;
#3701 = CARTESIAN_POINT ( 'NONE',  ( -3.000001951809958100, -12.99999578581640900, -3.605560771226751400 ) ) ;
#3702 = DIRECTION ( 'NONE',  ( 0.6427876096865433600, 0.7660444431189745700, 0.0000000000000000000 ) ) ;
#3703 = CARTESIAN_POINT ( 'NONE',  ( 2.999998048190043200, -12.88508117094873900, -33.83134786345857500 ) ) ;
#3704 = CARTESIAN_POINT ( 'NONE',  ( -3.000001951809958100, -18.77016655590738400, -32.66268623123644900 ) ) ;
#3705 = CARTESIAN_POINT ( 'NONE',  ( 2.999998048190043700, -13.50779566838016900, 2.693010800410964700 ) ) ;
#3706 = CARTESIAN_POINT ( 'NONE',  ( 30.00000000000000000, 1.499999999999996400, -7.900000000000002100 ) ) ;
#3707 = PLANE ( 'NONE',  #2540 ) ;
#3708 = CARTESIAN_POINT ( 'NONE',  ( 2.999998048190043200, -13.90788788594106000, 1.386802010433032100 ) ) ;
#3709 = CARTESIAN_POINT ( 'NONE',  ( 2.999998048190043200, -13.56992290100304500, -2.547233804449502900 ) ) ;
#3710 = DIRECTION ( 'NONE',  ( -0.6427876096865435800, 0.7660444431189744600, 0.0000000000000000000 ) ) ;
#3711 = CARTESIAN_POINT ( 'NONE',  ( 2.406240082761412900E-015, -19.64844136641463400, 0.7499999999999997800 ) ) ;
#3712 = CARTESIAN_POINT ( 'NONE',  ( -3.000001951809958500, -12.88508117094873900, -33.83134786345857500 ) ) ;
#3713 = CARTESIAN_POINT ( 'NONE',  ( -3.000001951809956800, -24.65525194086603000, -31.49402459901432000 ) ) ;
#3714 = PLANE ( 'NONE',  #2544 ) ;
#3715 = DIRECTION ( 'NONE',  ( -0.0000000000000000000, -0.0000000000000000000, -1.000000000000000000 ) ) ;
#3716 = PLANE ( 'NONE',  #2537 ) ;
#3717 = DIRECTION ( 'NONE',  ( 0.0000000000000000000, 0.0000000000000000000, -1.000000000000000000 ) ) ;
#3718 = CARTESIAN_POINT ( 'NONE',  ( 2.406240082761412900E-015, -19.64844136641463400, 3.750000000000000000 ) ) ;
#3719 = DIRECTION ( 'NONE',  ( 0.0000000000000000000, 0.0000000000000000000, 1.000000000000000000 ) ) ;
#3720 = DIRECTION ( 'NONE',  ( -0.0000000000000000000, -0.0000000000000000000, 1.000000000000000000 ) ) ;
#3721 = DIRECTION ( 'NONE',  ( 1.000000000000000000, 0.0000000000000000000, 0.0000000000000000000 ) ) ;
#3722 = DIRECTION ( 'NONE',  ( -0.0000000000000000000, 1.000000000000000000, 0.0000000000000000000 ) ) ;
#3723 = PLANE ( 'NONE',  #2533 ) ;
#3724 = CARTESIAN_POINT ( 'NONE',  ( 2.406240082761412900E-015, -19.64844136641463400, 3.750000000000000000 ) ) ;
#3725 = CARTESIAN_POINT ( 'NONE',  ( -30.00000000000000000, 0.0000000000000000000, 0.0000000000000000000 ) ) ;
#3726 = CARTESIAN_POINT ( 'NONE',  ( -30.00000000000000000, 0.0000000000000000000, 3.750000000000000000 ) ) ;
#3727 = DIRECTION ( 'NONE',  ( 1.000000000000000000, 0.0000000000000000000, -0.0000000000000000000 ) ) ;
#3728 = PLANE ( 'NONE',  #2523 ) ;
#3729 = DIRECTION ( 'NONE',  ( 0.0000000000000000000, -0.0000000000000000000, -1.000000000000000000 ) ) ;
#3730 = DIRECTION ( 'NONE',  ( -0.6427876096865434700, -0.7660444431189744600, 0.0000000000000000000 ) ) ;
#3731 = PLANE ( 'NONE',  #2539 ) ;
#3732 = CARTESIAN_POINT ( 'NONE',  ( 30.00000000000000000, 1.499999999999996400, 7.900000000000002100 ) ) ;
#3733 = PLANE ( 'NONE',  #2552 ) ;
#3734 = DIRECTION ( 'NONE',  ( 0.0000000000000000000, -0.7071067811865513500, -0.7071067811865436900 ) ) ;
#3735 = DIRECTION ( 'NONE',  ( 1.000000000000000000, 0.0000000000000000000, -0.0000000000000000000 ) ) ;
#3736 = DIRECTION ( 'NONE',  ( 1.000000000000000000, -0.0000000000000000000, 0.0000000000000000000 ) ) ;
#3737 = CARTESIAN_POINT ( 'NONE',  ( 0.0000000000000000000, -20.00000000000000000, -7.900025000000001200 ) ) ;
#3738 = CARTESIAN_POINT ( 'NONE',  ( 2.406240082761412900E-015, -19.64844136641463400, -3.750000000000000000 ) ) ;
#3739 = DIRECTION ( 'NONE',  ( 0.6427876096865436900, -0.7660444431189744600, 0.0000000000000000000 ) ) ;
#3740 = CARTESIAN_POINT ( 'NONE',  ( 7.929753968878313400, -26.30229499702707600, 3.750000000000000000 ) ) ;
#3741 = PLANE ( 'NONE',  #2538 ) ;
#3742 = DIRECTION ( 'NONE',  ( -0.7660444431189745700, 0.6427876096865435800, 0.0000000000000000000 ) ) ;
#3743 = CARTESIAN_POINT ( 'NONE',  ( 30.00000000000000000, 7.347880794884118400E-015, 3.750000000000000000 ) ) ;
#3744 = DIRECTION ( 'NONE',  ( 0.6427876096865434700, 0.7660444431189745700, -0.0000000000000000000 ) ) ;
#3745 = DIRECTION ( 'NONE',  ( -0.0000000000000000000, -0.0000000000000000000, -1.000000000000000000 ) ) ;
#3746 = DIRECTION ( 'NONE',  ( 0.0000000000000000000, 0.0000000000000000000, 1.000000000000000000 ) ) ;
#3747 = CARTESIAN_POINT ( 'NONE',  ( -28.69459271066770300, -1.040834085586084300E-014, 3.750000000000000000 ) ) ;
#3748 = DIRECTION ( 'NONE',  ( 0.0000000000000000000, 0.0000000000000000000, -1.000000000000000000 ) ) ;
#3749 = CARTESIAN_POINT ( 'NONE',  ( 30.00000000000000000, 0.0000000000000000000, 7.900000000000000400 ) ) ;
#3750 = CARTESIAN_POINT ( 'NONE',  ( 30.00000000000000000, 4.499999999999997300, -4.899999999999968400 ) ) ;
#3751 = CARTESIAN_POINT ( 'NONE',  ( 30.00000000000000000, 7.347880794884118400E-015, 3.750000000000000000 ) ) ;
#3752 = CARTESIAN_POINT ( 'NONE',  ( 2.406240082761412900E-015, -19.64844136641463400, 3.750000000000000000 ) ) ;
#3753 = DIRECTION ( 'NONE',  ( -0.6427876096865435800, 0.7660444431189744600, 0.0000000000000000000 ) ) ;
#3754 = DIRECTION ( 'NONE',  ( 1.000000000000000000, -0.0000000000000000000, 0.0000000000000000000 ) ) ;
#3755 = DIRECTION ( 'NONE',  ( 0.0000000000000000000, -0.0000000000000000000, 1.000000000000000000 ) ) ;
#3756 = PLANE ( 'NONE',  #2543 ) ;
#3757 = DIRECTION ( 'NONE',  ( 0.0000000000000000000, -1.000000000000000000, 0.0000000000000000000 ) ) ;
#3758 = DIRECTION ( 'NONE',  ( 0.0000000000000000000, 0.7071067811865436900, -0.7071067811865513500 ) ) ;
#3759 = DIRECTION ( 'NONE',  ( 0.7660444431189744600, 0.6427876096865435800, -0.0000000000000000000 ) ) ;
#3760 = DIRECTION ( 'NONE',  ( -1.000000000000000000, 0.0000000000000000000, 0.0000000000000000000 ) ) ;
#3761 = PERSON_AND_ORGANIZATION_ROLE ( 'design_owner' ) ;
#3762 =( NAMED_UNIT ( * ) PLANE_ANGLE_UNIT ( ) SI_UNIT ( $, .RADIAN. ) );
#3763 = APPROVAL_STATUS ( 'not_yet_approved' ) ;
#3764 = DIRECTION ( 'NONE',  ( 0.0000000000000000000, 0.0000000000000000000, 1.000000000000000000 ) ) ;
#3765 = APPLICATION_CONTEXT ( 'configuration controlled 3d designs of mechanical parts and assemblies' ) ;
#3766 = DIRECTION ( 'NONE',  ( 0.0000000000000000000, 0.0000000000000000000, -1.000000000000000000 ) ) ;
#3767 = CARTESIAN_POINT ( 'NONE',  ( -28.69459271066770300, -1.040834085586084300E-014, -0.7499999999999997800 ) ) ;
#3768 =( NAMED_UNIT ( * ) PLANE_ANGLE_UNIT ( ) SI_UNIT ( $, .RADIAN. ) );
#3769 = DIRECTION ( 'NONE',  ( 0.0000000000000000000, 0.0000000000000000000, 1.000000000000000000 ) ) ;
#3770 = CARTESIAN_POINT ( 'NONE',  ( -30.00000000000000000, 0.0000000000000000000, 7.900000000000000400 ) ) ;
#3771 =( LENGTH_UNIT ( ) NAMED_UNIT ( * ) SI_UNIT ( .MILLI., .METRE. ) );
#3772 = APPLICATION_PROTOCOL_DEFINITION ( 'international standard', 'config_control_design', 1994, #3765 ) ;
#3773 = DIRECTION ( 'NONE',  ( -0.0000000000000000000, -0.0000000000000000000, -1.000000000000000000 ) ) ;
#3774 = DIRECTION ( 'NONE',  ( 1.000000000000000000, 0.0000000000000000000, 0.0000000000000000000 ) ) ;
#3775 = DIRECTION ( 'NONE',  ( -0.0000000000000000000, -0.0000000000000000000, -1.000000000000000000 ) ) ;
#3776 = CARTESIAN_POINT ( 'NONE',  ( 0.0000000000000000000, 0.0000000000000000000, 0.0000000000000000000 ) ) ;
#3777 = DIRECTION ( 'NONE',  ( 0.0000000000000000000, 0.0000000000000000000, 1.000000000000000000 ) ) ;
#3778 = DIRECTION ( 'NONE',  ( 2.160001824089428800E-019, 1.000000000000000000, -1.222980050563649000E-016 ) ) ;
#3779 =( LENGTH_UNIT ( ) NAMED_UNIT ( * ) SI_UNIT ( .MILLI., .METRE. ) );
#3780 = DIRECTION ( 'NONE',  ( -1.000000000000000000, -1.224646799147353200E-016, -0.0000000000000000000 ) ) ;
#3781 = CARTESIAN_POINT ( 'NONE',  ( 0.0000000000000000000, 0.0000000000000000000, 0.0000000000000000000 ) ) ;
#3782 = CARTESIAN_POINT ( 'NONE',  ( -30.00000000000000000, 0.0000000000000000000, 3.750000000000000000 ) ) ;
#3783 = APPLICATION_CONTEXT ( 'configuration controlled 3d designs of mechanical parts and assemblies' ) ;
#3784 = APPLICATION_CONTEXT ( 'configuration controlled 3d designs of mechanical parts and assemblies' ) ;
#3785 = DIRECTION ( 'NONE',  ( 0.0000000000000000000, 0.0000000000000000000, 1.000000000000000000 ) ) ;
#3786 =( LENGTH_UNIT ( ) NAMED_UNIT ( * ) SI_UNIT ( .MILLI., .METRE. ) );
#3787 = APPLICATION_CONTEXT ( 'configuration controlled 3d designs of mechanical parts and assemblies' ) ;
#3788 = APPLICATION_PROTOCOL_DEFINITION ( 'international standard', 'config_control_design', 1994, #3787 ) ;
#3789 = CARTESIAN_POINT ( 'NONE',  ( -1.192254212867283100, 10.07951959950460000, 0.6770196461616251300 ) ) ;
#3790 = MECHANICAL_CONTEXT ( 'NONE', #3787, 'mechanical' ) ;
#3791 = CARTESIAN_POINT ( 'NONE',  ( -30.00000000000000000, 0.0000000000000000000, 3.750000000000000000 ) ) ;
#3792 = APPROVAL_ROLE ( '' ) ;
#3793 = DATE_TIME_ROLE ( 'creation_date' ) ;
#3794 =( NAMED_UNIT ( * ) PLANE_ANGLE_UNIT ( ) SI_UNIT ( $, .RADIAN. ) );
#3795 = DIRECTION ( 'NONE',  ( 1.000000000000000000, 0.0000000000000000000, 0.0000000000000000000 ) ) ;
#3796 = DIRECTION ( 'NONE',  ( 1.000000000000000000, 0.0000000000000000000, 0.0000000000000000000 ) ) ;
#3797 = DIRECTION ( 'NONE',  ( 0.6427876096865436900, -0.7660444431189744600, 0.0000000000000000000 ) ) ;
#3798 =( NAMED_UNIT ( * ) SI_UNIT ( $, .STERADIAN. ) SOLID_ANGLE_UNIT ( ) );
#3799 = DIRECTION ( 'NONE',  ( 1.000000000000000000, -2.160001824089442800E-019, 5.392603844284260400E-033 ) ) ;
#3800 = PERSON_AND_ORGANIZATION_ROLE ( 'creator' ) ;
#3801 = APPROVAL_STATUS ( 'not_yet_approved' ) ;
#3802 = DIRECTION ( 'NONE',  ( -0.0000000000000000000, -0.0000000000000000000, -1.000000000000000000 ) ) ;
#3803 = CARTESIAN_POINT ( 'NONE',  ( 0.0000000000000000000, 0.0000000000000000000, 0.0000000000000000000 ) ) ;
#3804 = CARTESIAN_POINT ( 'NONE',  ( -30.00000000000000000, 0.0000000000000000000, 3.750000000000000000 ) ) ;
#3805 = DIRECTION ( 'NONE',  ( 0.0000000000000000000, 0.0000000000000000000, 1.000000000000000000 ) ) ;
#3806 = CARTESIAN_POINT ( 'NONE',  ( -7.929753968878309000, -26.30229499702707600, 3.750000000000000000 ) ) ;
#3807 = DIRECTION ( 'NONE',  ( 1.000000000000000000, 0.0000000000000000000, 0.0000000000000000000 ) ) ;
#3808 =( NAMED_UNIT ( * ) SI_UNIT ( $, .STERADIAN. ) SOLID_ANGLE_UNIT ( ) );
#3809 = DIRECTION ( 'NONE',  ( 1.000000000000000000, 0.0000000000000000000, 0.0000000000000000000 ) ) ;
#3810 = CARTESIAN_POINT ( 'NONE',  ( -1.192254212867283300, -17.58948964767135700, -5.766462161327238400 ) ) ;
#3811 =( NAMED_UNIT ( * ) SI_UNIT ( $, .STERADIAN. ) SOLID_ANGLE_UNIT ( ) );
#3812 = SECURITY_CLASSIFICATION_LEVEL ( 'unclassified' ) ;
#3813 = APPLICATION_CONTEXT ( 'configuration controlled 3d designs of mechanical parts and assemblies' ) ;
#3814 = APPROVAL_STATUS ( 'not_yet_approved' ) ;
#3815 = PERSON_AND_ORGANIZATION_ROLE ( 'creator' ) ;
#3816 = APPROVAL_ROLE ( '' ) ;
#3817 = APPROVAL_STATUS ( 'not_yet_approved' ) ;
#3818 = DATE_TIME_ROLE ( 'classification_date' ) ;
#3819 = MECHANICAL_CONTEXT ( 'NONE', #3783, 'mechanical' ) ;
#3820 = APPROVAL_ROLE ( '' ) ;
#3821 = APPROVAL_ROLE ( '' ) ;
#3822 = APPROVAL_ROLE ( '' ) ;
#3823 = PERSON_AND_ORGANIZATION_ROLE ( 'creator' ) ;
#3824 = APPROVAL_STATUS ( 'not_yet_approved' ) ;
#3825 = APPROVAL_STATUS ( 'not_yet_approved' ) ;
#3826 = SECURITY_CLASSIFICATION_LEVEL ( 'unclassified' ) ;
#3827 = APPROVAL_ROLE ( '' ) ;
#3828 = PERSON_AND_ORGANIZATION_ROLE ( 'classification_officer' ) ;
#3829 = DATE_TIME_ROLE ( 'creation_date' ) ;
#3830 =( REPRESENTATION_RELATIONSHIP ('NONE','NONE', #1297, #1296 ) REPRESENTATION_RELATIONSHIP_WITH_TRANSFORMATION ( #4002 )SHAPE_REPRESENTATION_RELATIONSHIP( ) );
#3831 = DATE_TIME_ROLE ( 'creation_date' ) ;
#3832 =( REPRESENTATION_RELATIONSHIP ('NONE','NONE', #1297, #1295 ) REPRESENTATION_RELATIONSHIP_WITH_TRANSFORMATION ( #3974 )SHAPE_REPRESENTATION_RELATIONSHIP( ) );
#3833 = SECURITY_CLASSIFICATION_LEVEL ( 'unclassified' ) ;
#3834 = PERSON_AND_ORGANIZATION_ROLE ( 'classification_officer' ) ;
#3835 = PERSON_AND_ORGANIZATION_ROLE ( 'classification_officer' ) ;
#3836 = APPLICATION_PROTOCOL_DEFINITION ( 'international standard', 'config_control_design', 1994, #3813 ) ;
#3837 = APPLICATION_CONTEXT ( 'configuration controlled 3d designs of mechanical parts and assemblies' ) ;
#3838 = APPROVAL_ROLE ( '' ) ;
#3839 = APPLICATION_PROTOCOL_DEFINITION ( 'international standard', 'config_control_design', 1994, #3837 ) ;
#3840 = SECURITY_CLASSIFICATION_LEVEL ( 'unclassified' ) ;
#3841 = PERSON_AND_ORGANIZATION_ROLE ( 'creator' ) ;
#3842 = PERSON_AND_ORGANIZATION_ROLE ( 'classification_officer' ) ;
#3843 = APPLICATION_PROTOCOL_DEFINITION ( 'international standard', 'config_control_design', 1994, #3783 ) ;
#3844 = PERSON_AND_ORGANIZATION_ROLE ( 'design_supplier' ) ;
#3845 = APPROVAL_STATUS ( 'not_yet_approved' ) ;
#3846 = PERSON_AND_ORGANIZATION_ROLE ( 'design_owner' ) ;
#3847 = SECURITY_CLASSIFICATION_LEVEL ( 'unclassified' ) ;
#3848 = APPROVAL_STATUS ( 'not_yet_approved' ) ;
#3849 = APPLICATION_PROTOCOL_DEFINITION ( 'international standard', 'config_control_design', 1994, #3784 ) ;
#3850 = APPROVAL_STATUS ( 'not_yet_approved' ) ;
#3851 = PERSON_AND_ORGANIZATION_ROLE ( 'creator' ) ;
#3852 = APPROVAL_ROLE ( '' ) ;
#3853 = DATE_TIME_ROLE ( 'classification_date' ) ;
#3854 = DATE_TIME_ROLE ( 'classification_date' ) ;
#3855 = APPROVAL_ROLE ( '' ) ;
#3856 = DATE_TIME_ROLE ( 'classification_date' ) ;
#3857 = APPROVAL_STATUS ( 'not_yet_approved' ) ;
#3858 = PERSON_AND_ORGANIZATION_ROLE ( 'design_owner' ) ;
#3859 = PERSON_AND_ORGANIZATION_ROLE ( 'design_supplier' ) ;
#3860 = PERSON_AND_ORGANIZATION_ROLE ( 'classification_officer' ) ;
#3861 = APPROVAL_ROLE ( '' ) ;
#3862 = DATE_TIME_ROLE ( 'classification_date' ) ;
#3863 = MECHANICAL_CONTEXT ( 'NONE', #3784, 'mechanical' ) ;
#3864 = PERSON_AND_ORGANIZATION_ROLE ( 'creator' ) ;
#3865 = PERSON_AND_ORGANIZATION_ROLE ( 'design_supplier' ) ;
#3866 = APPROVAL_ROLE ( '' ) ;
#3867 = APPROVAL_STATUS ( 'not_yet_approved' ) ;
#3868 = SHAPE_DEFINITION_REPRESENTATION ( #10, #1297 ) ;
#3869 = VECTOR ( 'NONE', #3773, 1000.000000000000000 ) ;
#3870 = VECTOR ( 'NONE', #3745, 1000.000000000000000 ) ;
#3871 = VECTOR ( 'NONE', #3775, 1000.000000000000000 ) ;
#3872 = LINE ( 'NONE', #3806, #3873 ) ;
#3873 = VECTOR ( 'NONE', #3802, 1000.000000000000000 ) ;
#3874 = LINE ( 'NONE', #3747, #3887 ) ;
#3875 = SHAPE_DEFINITION_REPRESENTATION ( #9, #1295 ) ;
#3876 = SHAPE_REPRESENTATION_RELATIONSHIP ( 'NONE' , 'NONE' ,  #1296, #15 ) ;
#3877 = LINE ( 'NONE', #3791, #3881 ) ;
#3878 = VECTOR ( 'NONE', #3766, 1000.000000000000000 ) ;
#3879 = LINE ( 'NONE', #3743, #3883 ) ;
#3880 = FACE_OUTER_BOUND ( 'NONE', #2135, .T. ) ;
#3881 = VECTOR ( 'NONE', #3780, 1000.000000000000000 ) ;
#3882 = LINE ( 'NONE', #3782, #3869 ) ;
#3883 = VECTOR ( 'NONE', #3744, 999.9999999999998900 ) ;
#3884 = CIRCLE ( 'NONE', #2545, 10.35155863358536300 ) ;
#3885 = LINE ( 'NONE', #3804, #3886 ) ;
#3886 = VECTOR ( 'NONE', #3797, 1000.000000000000000 ) ;
#3887 = VECTOR ( 'NONE', #3739, 1000.000000000000000 ) ;
#3888 = SHAPE_REPRESENTATION_RELATIONSHIP ( 'NONE' , 'NONE' ,  #1295, #12 ) ;
#3889 = FACE_OUTER_BOUND ( 'NONE', #2144, .T. ) ;
#3890 = LINE ( 'NONE', #3770, #3878 ) ;
#3891 = FACE_OUTER_BOUND ( 'NONE', #2096, .T. ) ;
#3892 = FACE_OUTER_BOUND ( 'NONE', #2107, .T. ) ;
#3893 = FACE_OUTER_BOUND ( 'NONE', #2115, .T. ) ;
#3894 = FACE_OUTER_BOUND ( 'NONE', #2053, .T. ) ;
#3895 = LINE ( 'NONE', #3767, #3871 ) ;
#3896 = LINE ( 'NONE', #3740, #3870 ) ;
#3897 = PERSON_AND_ORGANIZATION ( #3518, #3915 ) ;
#3898 = LOCAL_TIME ( 19, 55, 46.00000000000000000, #3950 ) ;
#3899 = PERSON_AND_ORGANIZATION ( #3518, #3915 ) ;
#3900 = APPROVAL_PERSON_ORGANIZATION ( #3899, #3481, #3838 ) ;
#3901 = LOCAL_TIME ( 19, 55, 46.00000000000000000, #3912 ) ;
#3902 = PERSON_AND_ORGANIZATION ( #3518, #3915 ) ;
#3903 = PERSON_AND_ORGANIZATION ( #3518, #3915 ) ;
#3904 = PERSON_AND_ORGANIZATION ( #3518, #3915 ) ;
#3905 = CALENDAR_DATE ( 2017, 3, 3 ) ;
#3906 = CALENDAR_DATE ( 2017, 3, 3 ) ;
#3907 = SHAPE_DEFINITION_REPRESENTATION ( #3, #1296 ) ;
#3908 = DATE_AND_TIME ( #3906, #3934 ) ;
#3909 = PERSON_AND_ORGANIZATION ( #3518, #3915 ) ;
#3910 = DATE_AND_TIME ( #3933, #3937 ) ;
#3911 = APPROVAL_PERSON_ORGANIZATION ( #3909, #3460, #3827 ) ;
#3912 = COORDINATED_UNIVERSAL_TIME_OFFSET ( 1, 0, .AHEAD. ) ;
#3913 = APPROVAL_PERSON_ORGANIZATION ( #3904, #3485, #3820 ) ;
#3914 = CALENDAR_DATE ( 2017, 3, 3 ) ;
#3915 = ORGANIZATION ( 'UNSPECIFIED', 'UNSPECIFIED', '' ) ;
#3916 = CALENDAR_DATE ( 2017, 3, 3 ) ;
#3917 = DATE_AND_TIME ( #3952, #3935 ) ;
#3918 = APPROVAL_DATE_TIME ( #3944, #3481 ) ;
#3919 = DATE_AND_TIME ( #3914, #3901 ) ;
#3920 = APPROVAL_DATE_TIME ( #3910, #2553 ) ;
#3921 = PERSON_AND_ORGANIZATION ( #3518, #3915 ) ;
#3922 = CALENDAR_DATE ( 2017, 3, 3 ) ;
#3923 = COORDINATED_UNIVERSAL_TIME_OFFSET ( 1, 0, .AHEAD. ) ;
#3924 = COORDINATED_UNIVERSAL_TIME_OFFSET ( 1, 0, .AHEAD. ) ;
#3925 = PERSON_AND_ORGANIZATION ( #3518, #3915 ) ;
#3926 = PERSON_AND_ORGANIZATION ( #3518, #3915 ) ;
#3927 = APPROVAL_PERSON_ORGANIZATION ( #3938, #2553, #3792 ) ;
#3928 = PERSON_AND_ORGANIZATION ( #3518, #3915 ) ;
#3929 = DATE_AND_TIME ( #3946, #3930 ) ;
#3930 = LOCAL_TIME ( 19, 55, 46.00000000000000000, #3923 ) ;
#3931 = COORDINATED_UNIVERSAL_TIME_OFFSET ( 1, 0, .AHEAD. ) ;
#3932 = COORDINATED_UNIVERSAL_TIME_OFFSET ( 1, 0, .AHEAD. ) ;
#3933 = CALENDAR_DATE ( 2017, 3, 3 ) ;
#3934 = LOCAL_TIME ( 19, 55, 46.00000000000000000, #3940 ) ;
#3935 = LOCAL_TIME ( 19, 55, 46.00000000000000000, #3924 ) ;
#3936 = APPROVAL_PERSON_ORGANIZATION ( #3948, #2521, #3861 ) ;
#3937 = LOCAL_TIME ( 19, 55, 46.00000000000000000, #3931 ) ;
#3938 = PERSON_AND_ORGANIZATION ( #3518, #3915 ) ;
#3939 = DATE_AND_TIME ( #3905, #3898 ) ;
#3940 = COORDINATED_UNIVERSAL_TIME_OFFSET ( 1, 0, .AHEAD. ) ;
#3941 = APPROVAL_DATE_TIME ( #3929, #3485 ) ;
#3942 = PERSON_AND_ORGANIZATION ( #3518, #3915 ) ;
#3943 = LOCAL_TIME ( 19, 55, 46.00000000000000000, #3947 ) ;
#3944 = DATE_AND_TIME ( #3916, #3960 ) ;
#3945 = DATE_AND_TIME ( #3922, #3943 ) ;
#3946 = CALENDAR_DATE ( 2017, 3, 3 ) ;
#3947 = COORDINATED_UNIVERSAL_TIME_OFFSET ( 1, 0, .AHEAD. ) ;
#3948 = PERSON_AND_ORGANIZATION ( #3518, #3915 ) ;
#3949 = PERSON_AND_ORGANIZATION ( #3518, #3915 ) ;
#3950 = COORDINATED_UNIVERSAL_TIME_OFFSET ( 1, 0, .AHEAD. ) ;
#3951 = APPROVAL_DATE_TIME ( #3908, #2521 ) ;
#3952 = CALENDAR_DATE ( 2017, 3, 3 ) ;
#3953 = COORDINATED_UNIVERSAL_TIME_OFFSET ( 1, 0, .AHEAD. ) ;
#3954 = CALENDAR_DATE ( 2017, 3, 3 ) ;
#3955 = DATE_AND_TIME ( #3954, #3958 ) ;
#3956 = APPROVAL_DATE_TIME ( #3955, #3460 ) ;
#3957 = PERSON_AND_ORGANIZATION ( #3518, #3915 ) ;
#3958 = LOCAL_TIME ( 19, 55, 46.00000000000000000, #3953 ) ;
#3959 = PERSON_AND_ORGANIZATION ( #3518, #3915 ) ;
#3960 = LOCAL_TIME ( 19, 55, 46.00000000000000000, #3932 ) ;
#3961 = PERSON_AND_ORGANIZATION ( #3518, #3915 ) ;
#3962 = CALENDAR_DATE ( 2017, 3, 3 ) ;
#3963 = DATE_AND_TIME ( #4022, #3976 ) ;
#3964 = COORDINATED_UNIVERSAL_TIME_OFFSET ( 1, 0, .AHEAD. ) ;
#3965 = CALENDAR_DATE ( 2017, 3, 3 ) ;
#3966 = PERSON_AND_ORGANIZATION ( #3521, #4009 ) ;
#3967 = APPROVAL_DATE_TIME ( #3992, #3469 ) ;
#3968 = LOCAL_TIME ( 19, 55, 46.00000000000000000, #3986 ) ;
#3969 = PERSON_AND_ORGANIZATION ( #3518, #3915 ) ;
#3970 = LOCAL_TIME ( 19, 55, 46.00000000000000000, #3998 ) ;
#3971 = APPROVAL_PERSON_ORGANIZATION ( #3966, #3472, #3855 ) ;
#3972 = COORDINATED_UNIVERSAL_TIME_OFFSET ( 1, 0, .AHEAD. ) ;
#3973 = LOCAL_TIME ( 19, 55, 46.00000000000000000, #4019 ) ;
#3974 = ITEM_DEFINED_TRANSFORMATION ( 'NONE', 'NONE', #2550,  #2519 ) ;
#3975 = DATE_AND_TIME ( #4006, #3968 ) ;
#3976 = LOCAL_TIME ( 19, 55, 46.00000000000000000, #3972 ) ;
#3977 = DATE_AND_TIME ( #3983, #3997 ) ;
#3978 = DATE_AND_TIME ( #3962, #4016 ) ;
#3979 = COORDINATED_UNIVERSAL_TIME_OFFSET ( 1, 0, .AHEAD. ) ;
#3980 = PERSON_AND_ORGANIZATION ( #3518, #3915 ) ;
#3981 = PERSON_AND_ORGANIZATION ( #3518, #3915 ) ;
#3982 = APPROVAL_PERSON_ORGANIZATION ( #3980, #3499, #3822 ) ;
#3983 = CALENDAR_DATE ( 2017, 3, 3 ) ;
#3984 = PERSON_AND_ORGANIZATION ( #3518, #3915 ) ;
#3985 = LOCAL_TIME ( 19, 55, 46.00000000000000000, #3964 ) ;
#3986 = COORDINATED_UNIVERSAL_TIME_OFFSET ( 1, 0, .AHEAD. ) ;
#3987 = DATE_AND_TIME ( #4007, #3985 ) ;
#3988 = APPROVAL_DATE_TIME ( #3978, #3466 ) ;
#3989 = APPROVAL_PERSON_ORGANIZATION ( #3969, #3466, #3816 ) ;
#3990 = COORDINATED_UNIVERSAL_TIME_OFFSET ( 1, 0, .AHEAD. ) ;
#3991 = LOCAL_TIME ( 19, 55, 46.00000000000000000, #4011 ) ;
#3992 = DATE_AND_TIME ( #4014, #4012 ) ;
#3993 = PERSON_AND_ORGANIZATION ( #3518, #3915 ) ;
#3994 = CALENDAR_DATE ( 2017, 3, 3 ) ;
#3995 = PERSON_AND_ORGANIZATION ( #3518, #3915 ) ;
#3996 = APPROVAL_DATE_TIME ( #4000, #3493 ) ;
#3997 = LOCAL_TIME ( 19, 55, 46.00000000000000000, #4020 ) ;
#3998 = COORDINATED_UNIVERSAL_TIME_OFFSET ( 1, 0, .AHEAD. ) ;
#3999 = DATE_AND_TIME ( #3965, #3970 ) ;
#4000 = DATE_AND_TIME ( #3994, #3991 ) ;
#4001 = PERSON_AND_ORGANIZATION ( #3518, #3915 ) ;
#4002 = ITEM_DEFINED_TRANSFORMATION ( 'NONE', 'NONE', #2525,  #2519 ) ;
#4003 = COORDINATED_UNIVERSAL_TIME_OFFSET ( 1, 0, .AHEAD. ) ;
#4004 = APPROVAL_PERSON_ORGANIZATION ( #3984, #3493, #3866 ) ;
#4005 = CALENDAR_DATE ( 2017, 3, 3 ) ;
#4006 = CALENDAR_DATE ( 2017, 3, 3 ) ;
#4007 = CALENDAR_DATE ( 2017, 3, 3 ) ;
#4008 = APPROVAL_DATE_TIME ( #3987, #3472 ) ;
#4009 = ORGANIZATION ( 'NAUO-ORG1', 'UNSPECIFIED', 'UNSPECIFIED' ) ;
#4010 = CONTEXT_DEPENDENT_SHAPE_REPRESENTATION ( #3830, #4 ) ;
#4011 = COORDINATED_UNIVERSAL_TIME_OFFSET ( 1, 0, .AHEAD. ) ;
#4012 = LOCAL_TIME ( 19, 55, 46.00000000000000000, #4003 ) ;
#4013 = APPROVAL_PERSON_ORGANIZATION ( #3902, #3469, #3821 ) ;
#4014 = CALENDAR_DATE ( 2017, 3, 3 ) ;
#4015 = APPROVAL_DATE_TIME ( #3975, #3499 ) ;
#4016 = LOCAL_TIME ( 19, 55, 46.00000000000000000, #3990 ) ;
#4017 = PERSON_AND_ORGANIZATION ( #3522, #4028 ) ;
#4018 = DATE_AND_TIME ( #4005, #3973 ) ;
#4019 = COORDINATED_UNIVERSAL_TIME_OFFSET ( 1, 0, .AHEAD. ) ;
#4020 = COORDINATED_UNIVERSAL_TIME_OFFSET ( 1, 0, .AHEAD. ) ;
#4021 = LOCAL_TIME ( 19, 55, 46.00000000000000000, #3979 ) ;
#4022 = CALENDAR_DATE ( 2017, 3, 3 ) ;
#4023 = DATE_AND_TIME ( #4024, #4021 ) ;
#4024 = CALENDAR_DATE ( 2017, 3, 3 ) ;
#4025 = CONTEXT_DEPENDENT_SHAPE_REPRESENTATION ( #3832, #5 ) ;
#4026 = APPROVAL_DATE_TIME ( #4023, #3474 ) ;
#4027 = APPROVAL_PERSON_ORGANIZATION ( #4017, #3474, #3852 ) ;
#4028 = ORGANIZATION ( 'NAUO-ORG2', 'UNSPECIFIED', 'UNSPECIFIED' ) ;
#4029 = NEXT_ASSEMBLY_USAGE_OCCURRENCE ( 'NAUO1', ' ', ' ', #2528, #3464, $ ) ;
#4030 = NEXT_ASSEMBLY_USAGE_OCCURRENCE ( 'NAUO2', ' ', ' ', #2528, #3503, $ ) ;
ENDSEC;
END-ISO-10303-21;
