ISO-10303-21;
HEADER;
FILE_DESCRIPTION (( 'STEP AP203' ),
    '1' );
FILE_NAME ('ALP4015.STEP',
    '2017-02-28T12:42:19',
    ( '' ),
    ( '' ),
    'SwSTEP 2.0',
    'SolidWorks 2012',
    '' );
FILE_SCHEMA (( 'CONFIG_CONTROL_DESIGN' ));
ENDSEC;

DATA;
#1 = ORIENTED_EDGE ( 'NONE', *, *, #1115, .T. ) ;
#2 = ORIENTED_EDGE ( 'NONE', *, *, #1110, .T. ) ;
#3 = ORIENTED_EDGE ( 'NONE', *, *, #1143, .F. ) ;
#4 = ORIENTED_EDGE ( 'NONE', *, *, #1133, .T. ) ;
#5 = ORIENTED_EDGE ( 'NONE', *, *, #1171, .F. ) ;
#6 = CARTESIAN_POINT ( 'NONE',  ( 0.6999999999999992900, -2.917190429162966700, 3.000000000000000000 ) ) ;
#7 = CARTESIAN_POINT ( 'NONE',  ( 0.9112888527311838700, -2.860337461245796100, 9.050521102666850800 ) ) ;
#8 = CARTESIAN_POINT ( 'NONE',  ( 1.014286925425729000, -2.823335267535618700, 12.00000000000000000 ) ) ;
#9 = CARTESIAN_POINT ( 'NONE',  ( 0.8064220021411110400, -2.891653734419265200, 6.047527408187860900 ) ) ;
#10 = CARTESIAN_POINT ( 'NONE',  ( 5.019645456901217900, -0.8746038474586858000, 8.000000000000000000 ) ) ;
#11 = CARTESIAN_POINT ( 'NONE',  ( -4.950000000000000200, 19.00000000000000000, 2.000000000000000000 ) ) ;
#12 = CARTESIAN_POINT ( 'NONE',  ( 5.058863979792754200, -0.8170661472362587000, 6.352335843114124400 ) ) ;
#13 = CARTESIAN_POINT ( 'NONE',  ( 5.097336091819994600, -0.7588605625147144500, 4.685545976547789600 ) ) ;
#14 = CARTESIAN_POINT ( 'NONE',  ( 5.135053262044968900, -0.6999999999999458900, 3.000000000000000000 ) ) ;
#15 = CARTESIAN_POINT ( 'NONE',  ( -0.8746038474587384300, -5.019645456901209000, 8.000000000000000000 ) ) ;
#16 = DIRECTION ( 'NONE',  ( 0.0000000000000000000, 0.0000000000000000000, 1.000000000000000000 ) ) ;
#17 = DIRECTION ( 'NONE',  ( 0.0000000000000000000, -1.000000000000000000, 0.0000000000000000000 ) ) ;
#18 = DIRECTION ( 'NONE',  ( 1.000000000000000000, 0.0000000000000000000, 0.0000000000000000000 ) ) ;
#19 = DIRECTION ( 'NONE',  ( 1.000000000000000000, 0.0000000000000000000, 0.0000000000000000000 ) ) ;
#20 = DIRECTION ( 'NONE',  ( -4.818676322157799300E-016, -1.000000000000000000, 0.0000000000000000000 ) ) ;
#21 = CARTESIAN_POINT ( 'NONE',  ( -4.742943232580058700, 19.00000000000000000, 2.000000000000000000 ) ) ;
#22 = DIRECTION ( 'NONE',  ( 1.000000000000000000, 0.0000000000000000000, 0.0000000000000000000 ) ) ;
#23 = CARTESIAN_POINT ( 'NONE',  ( -4.450076152421805100, 19.00000000000000000, 2.000000000000000000 ) ) ;
#24 = CARTESIAN_POINT ( 'NONE',  ( 0.0000000000000000000, 0.0000000000000000000, 2.000000000000000000 ) ) ;
#25 = CARTESIAN_POINT ( 'NONE',  ( -0.6999999999999996200, -5.135053262044962700, 3.000000000000000000 ) ) ;
#26 = CARTESIAN_POINT ( 'NONE',  ( 20.00000000000000400, -17.60000000000000500, 2.000000000000001800 ) ) ;
#27 = DIRECTION ( 'NONE',  ( -0.0000000000000000000, 0.0000000000000000000, -1.000000000000000000 ) ) ;
#28 = CARTESIAN_POINT ( 'NONE',  ( -17.60000000000000900, -17.60000000000000900, 2.000000000000001800 ) ) ;
#29 = CARTESIAN_POINT ( 'NONE',  ( 4.950000000000000200, 18.50007615242180500, 2.000000000000000000 ) ) ;
#30 = CARTESIAN_POINT ( 'NONE',  ( -4.949999999999999300, 18.79294323258005800, 2.000000000000000000 ) ) ;
#31 = CARTESIAN_POINT ( 'NONE',  ( -3.450000000000000200, 19.00000000000000000, 2.000000000000000000 ) ) ;
#32 = DIRECTION ( 'NONE',  ( 0.0000000000000000000, 0.0000000000000000000, 1.000000000000000000 ) ) ;
#33 = CARTESIAN_POINT ( 'NONE',  ( 5.200000000000000200, 0.0000000000000000000, 2.000000000000000000 ) ) ;
#34 = DIRECTION ( 'NONE',  ( 1.000000000000000000, 0.0000000000000000000, 0.0000000000000000000 ) ) ;
#35 = DIRECTION ( 'NONE',  ( -0.0000000000000000000, 0.0000000000000000000, -1.000000000000000000 ) ) ;
#36 = CARTESIAN_POINT ( 'NONE',  ( 4.742943232580058700, 19.00000000000000000, 2.000000000000000000 ) ) ;
#37 = CARTESIAN_POINT ( 'NONE',  ( 4.949999999999999300, 18.79294323258005800, 2.000000000000000000 ) ) ;
#38 = DIRECTION ( 'NONE',  ( 0.01745240643728354600, 0.0000000000000000000, -0.9998476951563911600 ) ) ;
#39 = CARTESIAN_POINT ( 'NONE',  ( -0.8170661472363121000, -5.058863979792746200, 6.352335843114124400 ) ) ;
#40 = CARTESIAN_POINT ( 'NONE',  ( 17.60000000000000500, 17.60000000000000500, 2.000000000000001800 ) ) ;
#41 = CARTESIAN_POINT ( 'NONE',  ( 4.450076152421805100, 19.00000000000000000, 2.000000000000000000 ) ) ;
#42 = CARTESIAN_POINT ( 'NONE',  ( -20.00000000000000700, -17.60000000000000900, 2.000000000000001800 ) ) ;
#43 = CARTESIAN_POINT ( 'NONE',  ( -0.7588605625147678600, -5.097336091819986600, 4.685545976547789600 ) ) ;
#44 = DIRECTION ( 'NONE',  ( -4.818676322157799300E-016, -1.000000000000000000, 0.0000000000000000000 ) ) ;
#45 = DIRECTION ( 'NONE',  ( 9.856383386231856400E-017, 1.000000000000000000, 0.0000000000000000000 ) ) ;
#46 = CARTESIAN_POINT ( 'NONE',  ( 1.750000000000000200, 17.19999999999999900, 2.000000000000000000 ) ) ;
#47 = CARTESIAN_POINT ( 'NONE',  ( -4.950000000000000200, 18.50007615242180500, 2.000000000000000000 ) ) ;
#48 = DIRECTION ( 'NONE',  ( 1.000000000000000000, 0.0000000000000000000, 0.0000000000000000000 ) ) ;
#49 = DIRECTION ( 'NONE',  ( 1.000000000000000000, 0.0000000000000000000, 0.0000000000000000000 ) ) ;
#50 = CARTESIAN_POINT ( 'NONE',  ( 0.6999999999999996200, -5.135053262044962700, 3.000000000000000000 ) ) ;
#51 = CARTESIAN_POINT ( 'NONE',  ( 4.898397348136660900, 0.9456651799877994200, 10.03493031692323200 ) ) ;
#52 = DIRECTION ( 'NONE',  ( 1.000000000000000000, 0.0000000000000000000, 0.0000000000000000000 ) ) ;
#53 = DIRECTION ( 'NONE',  ( 0.0000000000000000000, 0.0000000000000000000, 1.000000000000000000 ) ) ;
#54 = CARTESIAN_POINT ( 'NONE',  ( 1.750000000000000200, 17.19999999999999900, 2.000000000000000000 ) ) ;
#55 = CARTESIAN_POINT ( 'NONE',  ( 3.949923847578197000, 19.00000000000000000, 2.000000000000000000 ) ) ;
#56 = CARTESIAN_POINT ( 'NONE',  ( 0.0000000000000000000, 0.0000000000000000000, 8.000000000000000000 ) ) ;
#57 = CARTESIAN_POINT ( 'NONE',  ( 0.9101351420558555500, 4.959327226956534500, 9.017483151552935900 ) ) ;
#58 = CARTESIAN_POINT ( 'NONE',  ( 3.657056767419943900, 19.00000000000000000, 2.000000000000000000 ) ) ;
#59 = CARTESIAN_POINT ( 'NONE',  ( 3.450000000000000600, 18.50007615242180500, 2.000000000000000000 ) ) ;
#60 = CARTESIAN_POINT ( 'NONE',  ( 0.8746038474587384300, -5.019645456901209000, 8.000000000000000000 ) ) ;
#61 = CARTESIAN_POINT ( 'NONE',  ( 0.9811937677980716600, 4.836783956879952700, 11.05233595624294400 ) ) ;
#62 = CARTESIAN_POINT ( 'NONE',  ( -17.60000000000000500, 17.60000000000000500, 2.000000000000001800 ) ) ;
#63 = DIRECTION ( 'NONE',  ( 1.000000000000000000, 0.0000000000000000000, 0.0000000000000000000 ) ) ;
#64 = CARTESIAN_POINT ( 'NONE',  ( -3.949923847578196100, 19.00000000000000000, 2.000000000000000000 ) ) ;
#65 = CARTESIAN_POINT ( 'NONE',  ( 0.0000000000000000000, 0.0000000000000000000, 2.000000000000000000 ) ) ;
#66 = CARTESIAN_POINT ( 'NONE',  ( -3.450000000000002000, 18.79294323258005800, 2.000000000000000000 ) ) ;
#67 = DIRECTION ( 'NONE',  ( 0.0000000000000000000, 0.0000000000000000000, 1.000000000000000000 ) ) ;
#68 = CARTESIAN_POINT ( 'NONE',  ( 0.8746038474587384300, 5.019645456901209000, 8.000000000000000000 ) ) ;
#69 = CARTESIAN_POINT ( 'NONE',  ( 5.019645456901205400, 0.8746038474587547500, 8.000000000000000000 ) ) ;
#70 = CARTESIAN_POINT ( 'NONE',  ( 0.0000000000000000000, 0.0000000000000000000, 12.00000000000000000 ) ) ;
#71 = CARTESIAN_POINT ( 'NONE',  ( -3.450000000000000600, 18.50007615242180500, 2.000000000000000000 ) ) ;
#72 = DIRECTION ( 'NONE',  ( 0.0000000000000000000, 0.0000000000000000000, 1.000000000000000000 ) ) ;
#73 = DIRECTION ( 'NONE',  ( 1.000000000000000000, 0.0000000000000000000, 0.0000000000000000000 ) ) ;
#74 = CARTESIAN_POINT ( 'NONE',  ( 3.450000000000001500, 18.79294323258005800, 2.000000000000000000 ) ) ;
#75 = CARTESIAN_POINT ( 'NONE',  ( 0.9456651799877837700, 4.898397348136664500, 10.03493031692323200 ) ) ;
#76 = CARTESIAN_POINT ( 'NONE',  ( 3.450000000000000200, 19.00000000000000000, 2.000000000000000000 ) ) ;
#77 = CARTESIAN_POINT ( 'NONE',  ( 4.959327226956531800, 0.9101351420558716500, 9.017483151552935900 ) ) ;
#78 = CARTESIAN_POINT ( 'NONE',  ( 0.8170661472363129900, -5.058863979792745300, 6.352335843114127000 ) ) ;
#79 = DIRECTION ( 'NONE',  ( -1.000000000000000000, 0.0000000000000000000, 0.0000000000000000000 ) ) ;
#80 = CARTESIAN_POINT ( 'NONE',  ( -1.750000000000000200, 17.19999999999999900, 2.000000000000000000 ) ) ;
#81 = CARTESIAN_POINT ( 'NONE',  ( 0.7588605625147678600, -5.097336091819987500, 4.685545976547786900 ) ) ;
#82 = DIRECTION ( 'NONE',  ( -0.0000000000000000000, 0.0000000000000000000, -1.000000000000000000 ) ) ;
#83 = CARTESIAN_POINT ( 'NONE',  ( 4.836783956879949100, 0.9811937677980873100, 11.05233595624294400 ) ) ;
#84 = DIRECTION ( 'NONE',  ( 1.000000000000000000, 0.0000000000000000000, 0.0000000000000000000 ) ) ;
#85 = DIRECTION ( 'NONE',  ( 0.0000000000000000000, 0.0000000000000000000, 1.000000000000000000 ) ) ;
#86 = DIRECTION ( 'NONE',  ( 0.0000000000000000000, 0.0000000000000000000, 1.000000000000000000 ) ) ;
#87 = CARTESIAN_POINT ( 'NONE',  ( -3.657056767419943500, 19.00000000000000000, 2.000000000000000000 ) ) ;
#88 = DIRECTION ( 'NONE',  ( 1.000000000000000000, 0.0000000000000000000, 0.0000000000000000000 ) ) ;
#89 = DIRECTION ( 'NONE',  ( -0.0000000000000000000, -0.0000000000000000000, 1.000000000000000000 ) ) ;
#90 = CARTESIAN_POINT ( 'NONE',  ( 0.0000000000000000000, 0.0000000000000000000, 8.000000000000000000 ) ) ;
#91 = CARTESIAN_POINT ( 'NONE',  ( 0.0000000000000000000, 0.0000000000000000000, 3.000000000000000000 ) ) ;
#92 = DIRECTION ( 'NONE',  ( 1.000000000000000000, 0.0000000000000000000, 0.0000000000000000000 ) ) ;
#93 = CARTESIAN_POINT ( 'NONE',  ( -5.097336091819974200, -0.7588605625148011600, 4.685545976548250600 ) ) ;
#94 = DIRECTION ( 'NONE',  ( 0.0000000000000000000, 0.0000000000000000000, 1.000000000000000000 ) ) ;
#95 = CARTESIAN_POINT ( 'NONE',  ( 17.60000000000000500, 20.00000000000000400, 2.000000000000001800 ) ) ;
#96 = CARTESIAN_POINT ( 'NONE',  ( -1.750000000000000200, 15.49999999999999800, 2.000000000000000000 ) ) ;
#97 = DIRECTION ( 'NONE',  ( 1.000000000000000000, 0.0000000000000000000, 0.0000000000000000000 ) ) ;
#98 = DIRECTION ( 'NONE',  ( 1.000000000000000000, 0.0000000000000000000, 0.0000000000000000000 ) ) ;
#99 = CARTESIAN_POINT ( 'NONE',  ( 0.0000000000000000000, 0.0000000000000000000, 2.000000000000000000 ) ) ;
#100 = CARTESIAN_POINT ( 'NONE',  ( -5.135053262044918300, -0.7000000000000176100, 3.000000000000000000 ) ) ;
#101 = CARTESIAN_POINT ( 'NONE',  ( -5.058863979792736400, -0.8170661472363381900, 6.352335843114348200 ) ) ;
#102 = DIRECTION ( 'NONE',  ( 0.0000000000000000000, 0.0000000000000000000, 1.000000000000000000 ) ) ;
#103 = CARTESIAN_POINT ( 'NONE',  ( 3.450000000000001100, 17.19999999999999900, 2.000000000000000000 ) ) ;
#104 = DIRECTION ( 'NONE',  ( 1.000000000000000000, 0.0000000000000000000, 0.0000000000000000000 ) ) ;
#105 = CARTESIAN_POINT ( 'NONE',  ( -5.019645456901205400, -0.8746038474587559700, 8.000000000000000000 ) ) ;
#106 = DIRECTION ( 'NONE',  ( 1.000000000000000000, 0.0000000000000000000, 0.0000000000000000000 ) ) ;
#107 = CARTESIAN_POINT ( 'NONE',  ( -3.000000000000000400, 3.673940397442060400E-016, -6.485281374238569500 ) ) ;
#108 = CARTESIAN_POINT ( 'NONE',  ( 4.950000000000001100, 17.19999999999999900, 2.000000000000000000 ) ) ;
#109 = DIRECTION ( 'NONE',  ( -0.0000000000000000000, 0.0000000000000000000, -1.000000000000000000 ) ) ;
#110 = DIRECTION ( 'NONE',  ( -4.818676322157799300E-016, 1.000000000000000000, 0.0000000000000000000 ) ) ;
#111 = DIRECTION ( 'NONE',  ( 0.0000000000000000000, 0.0000000000000000000, 1.000000000000000000 ) ) ;
#112 = DIRECTION ( 'NONE',  ( 1.000000000000000000, 0.0000000000000000000, 0.0000000000000000000 ) ) ;
#113 = DIRECTION ( 'NONE',  ( 1.000000000000000000, 0.0000000000000000000, 0.0000000000000000000 ) ) ;
#114 = DIRECTION ( 'NONE',  ( -4.818676322157799300E-016, 1.000000000000000000, 0.0000000000000000000 ) ) ;
#115 = CARTESIAN_POINT ( 'NONE',  ( 0.0000000000000000000, 0.0000000000000000000, 3.000000000000000000 ) ) ;
#116 = CARTESIAN_POINT ( 'NONE',  ( 17.60000000000000500, -20.00000000000000400, 2.000000000000001800 ) ) ;
#117 = DIRECTION ( 'NONE',  ( -1.000000000000000000, 0.0000000000000000000, 0.0000000000000000000 ) ) ;
#118 = CARTESIAN_POINT ( 'NONE',  ( -7.999999999999998200, -0.7000000000000279300, 3.000000000000000000 ) ) ;
#119 = CARTESIAN_POINT ( 'NONE',  ( -1.750000000000000200, 17.19999999999999900, 2.000000000000000000 ) ) ;
#120 = CARTESIAN_POINT ( 'NONE',  ( 0.0000000000000000000, 0.0000000000000000000, 12.00000000000000000 ) ) ;
#121 = DIRECTION ( 'NONE',  ( 0.0000000000000000000, 0.0000000000000000000, 1.000000000000000000 ) ) ;
#122 = DIRECTION ( 'NONE',  ( 0.0000000000000000000, 0.0000000000000000000, 1.000000000000000000 ) ) ;
#123 = DIRECTION ( 'NONE',  ( 1.000000000000000000, 0.0000000000000000000, 0.0000000000000000000 ) ) ;
#124 = CARTESIAN_POINT ( 'NONE',  ( 0.0000000000000000000, 0.0000000000000000000, 2.999999999999999100 ) ) ;
#125 = DIRECTION ( 'NONE',  ( -0.0000000000000000000, 0.0000000000000000000, 1.000000000000000000 ) ) ;
#126 = CARTESIAN_POINT ( 'NONE',  ( -1.014286925425729000, -2.823335267535618700, 12.00000000000000000 ) ) ;
#127 = CARTESIAN_POINT ( 'NONE',  ( 19.50000000000000000, -19.49999999999999300, 4.000000000000000000 ) ) ;
#128 = CARTESIAN_POINT ( 'NONE',  ( -0.9112888527311838700, -2.860337461245796100, 9.050521102666850800 ) ) ;
#129 = CARTESIAN_POINT ( 'NONE',  ( -4.950000000000000200, 19.00000000000000000, 2.000000000000000000 ) ) ;
#130 = DIRECTION ( 'NONE',  ( 1.000000000000000000, 0.0000000000000000000, 0.0000000000000000000 ) ) ;
#131 = DIRECTION ( 'NONE',  ( 1.000000000000000000, 0.0000000000000000000, 0.0000000000000000000 ) ) ;
#132 = DIRECTION ( 'NONE',  ( 1.219727444046192500E-016, -1.000000000000000000, 0.0000000000000000000 ) ) ;
#133 = CARTESIAN_POINT ( 'NONE',  ( -2.823335267535615100, -1.014286925425738700, 12.00000000000000000 ) ) ;
#134 = CARTESIAN_POINT ( 'NONE',  ( -1.750000000000000200, 13.99999999999999800, 2.000000000000000000 ) ) ;
#135 = CARTESIAN_POINT ( 'NONE',  ( 2.917190429162972400, -0.6999999999999687600, 2.999999999999999100 ) ) ;
#136 = CARTESIAN_POINT ( 'NONE',  ( -2.917190429162962700, -0.7000000000000095000, 2.999999999999999100 ) ) ;
#137 = CARTESIAN_POINT ( 'NONE',  ( 2.891653734419273600, -0.8064220021410809500, 6.047527408187864500 ) ) ;
#138 = CARTESIAN_POINT ( 'NONE',  ( 0.6999999999999999600, 8.000000000000000000, 3.000000000000000000 ) ) ;
#139 = CARTESIAN_POINT ( 'NONE',  ( -2.891653734419262500, -0.8064220021411211400, 6.047527408187857400 ) ) ;
#140 = CARTESIAN_POINT ( 'NONE',  ( -0.6999999999999992900, -2.917190429162965300, 2.999999999999999100 ) ) ;
#141 = CARTESIAN_POINT ( 'NONE',  ( 17.60000000000000500, -17.60000000000000500, 2.000000000000001800 ) ) ;
#142 = DIRECTION ( 'NONE',  ( 1.219727444046192500E-016, 1.000000000000000000, -0.0000000000000000000 ) ) ;
#143 = DIRECTION ( 'NONE',  ( 0.0000000000000000000, -0.0000000000000000000, 1.000000000000000000 ) ) ;
#144 = CARTESIAN_POINT ( 'NONE',  ( 0.0000000000000000000, 0.0000000000000000000, 2.999999999999999100 ) ) ;
#145 = DIRECTION ( 'NONE',  ( -0.0000000000000000000, 0.0000000000000000000, 1.000000000000000000 ) ) ;
#146 = CARTESIAN_POINT ( 'NONE',  ( 2.823335267535629400, -1.014286925425699000, 12.00000000000000000 ) ) ;
#147 = DIRECTION ( 'NONE',  ( 1.000000000000000000, 0.0000000000000000000, 0.0000000000000000000 ) ) ;
#148 = DIRECTION ( 'NONE',  ( 1.000000000000000000, 0.0000000000000000000, 0.0000000000000000000 ) ) ;
#149 = CARTESIAN_POINT ( 'NONE',  ( -0.8064220021411111500, -2.891653734419265200, 6.047527408187864500 ) ) ;
#150 = CARTESIAN_POINT ( 'NONE',  ( -2.860337461245792600, -0.9112888527311937500, 9.050521102666847300 ) ) ;
#151 = DIRECTION ( 'NONE',  ( -0.0000000000000000000, 0.0000000000000000000, 1.000000000000000000 ) ) ;
#152 = DIRECTION ( 'NONE',  ( 1.000000000000000000, 0.0000000000000000000, 0.0000000000000000000 ) ) ;
#153 = CARTESIAN_POINT ( 'NONE',  ( -4.046079021127152200, 17.19999999999999900, 7.500000000000000000 ) ) ;
#154 = DIRECTION ( 'NONE',  ( 0.0000000000000000000, 1.000000000000000000, 0.0000000000000000000 ) ) ;
#155 = CARTESIAN_POINT ( 'NONE',  ( 0.0000000000000000000, 0.0000000000000000000, 2.999999999999999100 ) ) ;
#156 = DIRECTION ( 'NONE',  ( 0.0000000000000000000, 0.0000000000000000000, 1.000000000000000000 ) ) ;
#157 = CARTESIAN_POINT ( 'NONE',  ( 2.860337461245805000, -0.9112888527311537900, 9.050521102666850800 ) ) ;
#158 = DIRECTION ( 'NONE',  ( 1.000000000000000000, 0.0000000000000000000, 0.0000000000000000000 ) ) ;
#159 = CARTESIAN_POINT ( 'NONE',  ( -0.6999999999999999600, 8.000000000000000000, 3.000000000000000000 ) ) ;
#160 = DIRECTION ( 'NONE',  ( -0.0000000000000000000, 0.0000000000000000000, -1.000000000000000000 ) ) ;
#161 = CARTESIAN_POINT ( 'NONE',  ( 22.50000000000000000, -22.49999999999999300, 4.000000000000000000 ) ) ;
#162 = CARTESIAN_POINT ( 'NONE',  ( -17.60000000000000900, -17.60000000000000900, 4.000000000000000000 ) ) ;
#163 = DIRECTION ( 'NONE',  ( -1.219727444046192500E-016, 1.000000000000000000, 0.0000000000000000000 ) ) ;
#164 = DIRECTION ( 'NONE',  ( -1.000000000000000000, 0.0000000000000000000, 0.0000000000000000000 ) ) ;
#165 = DIRECTION ( 'NONE',  ( -1.000000000000000000, 0.0000000000000000000, 0.0000000000000000000 ) ) ;
#166 = CARTESIAN_POINT ( 'NONE',  ( 5.019645456901217900, -0.8746038474586858000, 8.000000000000000000 ) ) ;
#167 = DIRECTION ( 'NONE',  ( 0.0000000000000000000, 1.000000000000000000, 0.0000000000000000000 ) ) ;
#168 = DIRECTION ( 'NONE',  ( -0.0000000000000000000, -0.0000000000000000000, -1.000000000000000000 ) ) ;
#169 = DIRECTION ( 'NONE',  ( -1.000000000000000000, 0.0000000000000000000, 0.0000000000000000000 ) ) ;
#170 = DIRECTION ( 'NONE',  ( -1.000000000000000000, 0.0000000000000000000, 0.0000000000000000000 ) ) ;
#171 = DIRECTION ( 'NONE',  ( -1.000000000000000000, 0.0000000000000000000, 0.0000000000000000000 ) ) ;
#172 = CARTESIAN_POINT ( 'NONE',  ( 4.046079021127151300, 18.40392097887285100, 7.500000000000000000 ) ) ;
#173 = DIRECTION ( 'NONE',  ( 1.000000000000000000, 1.035247127212478100E-014, -0.0000000000000000000 ) ) ;
#174 = CARTESIAN_POINT ( 'NONE',  ( 0.0000000000000000000, 0.0000000000000000000, 11.05233595624294400 ) ) ;
#175 = CARTESIAN_POINT ( 'NONE',  ( -7.999999999999996400, -1.014286925425757800, 12.00000000000000000 ) ) ;
#176 = CARTESIAN_POINT ( 'NONE',  ( 4.959327226956545200, -0.9101351420558035900, 9.017483151552934100 ) ) ;
#177 = DIRECTION ( 'NONE',  ( -0.0000000000000000000, -0.0000000000000000000, -1.000000000000000000 ) ) ;
#178 = CARTESIAN_POINT ( 'NONE',  ( 1.014286925425729800, -8.000000000000000000, 12.00000000000000000 ) ) ;
#179 = CARTESIAN_POINT ( 'NONE',  ( -8.000000000000001800, 0.6999999999999719800, 3.000000000000000000 ) ) ;
#180 = DIRECTION ( 'NONE',  ( 0.0000000000000000000, 0.0000000000000000000, 1.000000000000000000 ) ) ;
#181 = DIRECTION ( 'NONE',  ( -1.219727444046192700E-016, 1.000000000000000000, -0.0000000000000000000 ) ) ;
#182 = DIRECTION ( 'NONE',  ( 1.000000000000000000, 0.0000000000000000000, 0.0000000000000000000 ) ) ;
#183 = DIRECTION ( 'NONE',  ( 0.0000000000000000000, 0.0000000000000000000, 1.000000000000000000 ) ) ;
#184 = CARTESIAN_POINT ( 'NONE',  ( 0.0000000000000000000, 0.0000000000000000000, 11.05233595624294400 ) ) ;
#185 = DIRECTION ( 'NONE',  ( 1.000000000000000000, 3.613454083247752600E-015, -0.0000000000000000000 ) ) ;
#186 = CARTESIAN_POINT ( 'NONE',  ( -17.60000000000000500, 17.60000000000000500, 4.000000000000000000 ) ) ;
#187 = DIRECTION ( 'NONE',  ( -1.000000000000000000, 0.0000000000000000000, 0.0000000000000000000 ) ) ;
#188 = DIRECTION ( 'NONE',  ( -1.000000000000000000, -3.369508594438514100E-015, 0.0000000000000000000 ) ) ;
#189 = CARTESIAN_POINT ( 'NONE',  ( 4.898397348136674300, -0.9456651799877325800, 10.03493031692323200 ) ) ;
#190 = CARTESIAN_POINT ( 'NONE',  ( 4.353920978872849900, 18.40392097887285100, 7.500000000000000000 ) ) ;
#191 = DIRECTION ( 'NONE',  ( 0.0000000000000000000, 0.0000000000000000000, 1.000000000000000000 ) ) ;
#192 = CARTESIAN_POINT ( 'NONE',  ( 0.0000000000000000000, 0.0000000000000000000, 3.000000000000000000 ) ) ;
#193 = DIRECTION ( 'NONE',  ( 0.0000000000000000000, 0.0000000000000000000, 1.000000000000000000 ) ) ;
#194 = DIRECTION ( 'NONE',  ( 1.000000000000000000, 0.0000000000000000000, 0.0000000000000000000 ) ) ;
#195 = CARTESIAN_POINT ( 'NONE',  ( 0.6999999999999999600, -8.000000000000000000, 3.000000000000000000 ) ) ;
#196 = DIRECTION ( 'NONE',  ( 1.000000000000000000, 3.613454083247752600E-015, 0.0000000000000000000 ) ) ;
#197 = DIRECTION ( 'NONE',  ( 0.0000000000000000000, 0.0000000000000000000, 1.000000000000000000 ) ) ;
#198 = CARTESIAN_POINT ( 'NONE',  ( 0.0000000000000000000, 0.0000000000000000000, 3.000000000000000000 ) ) ;
#199 = DIRECTION ( 'NONE',  ( 0.0000000000000000000, 0.0000000000000000000, 1.000000000000000000 ) ) ;
#200 = CARTESIAN_POINT ( 'NONE',  ( 8.000000000000010700, -1.014286925425645900, 12.00000000000000000 ) ) ;
#201 = CARTESIAN_POINT ( 'NONE',  ( 4.836783956879963300, -0.9811937677980211400, 11.05233595624294400 ) ) ;
#202 = CARTESIAN_POINT ( 'NONE',  ( 4.353920978872849900, 18.40392097887285100, 7.500000000000000000 ) ) ;
#203 = DIRECTION ( 'NONE',  ( 4.818676322157799300E-016, -1.000000000000000000, -0.0000000000000000000 ) ) ;
#204 = DIRECTION ( 'NONE',  ( -1.000000000000000000, 0.0000000000000000000, 0.0000000000000000000 ) ) ;
#205 = ORIENTED_EDGE ( 'NONE', *, *, #1199, .T. ) ;
#206 = ORIENTED_EDGE ( 'NONE', *, *, #1047, .T. ) ;
#207 = ORIENTED_EDGE ( 'NONE', *, *, #1174, .F. ) ;
#208 = ORIENTED_EDGE ( 'NONE', *, *, #1149, .F. ) ;
#209 = ORIENTED_EDGE ( 'NONE', *, *, #1092, .T. ) ;
#210 = ORIENTED_EDGE ( 'NONE', *, *, #1054, .F. ) ;
#211 = ORIENTED_EDGE ( 'NONE', *, *, #1058, .T. ) ;
#212 = ORIENTED_EDGE ( 'NONE', *, *, #1202, .F. ) ;
#213 = ORIENTED_EDGE ( 'NONE', *, *, #1018, .T. ) ;
#214 = ORIENTED_EDGE ( 'NONE', *, *, #988, .T. ) ;
#215 = ORIENTED_EDGE ( 'NONE', *, *, #1066, .T. ) ;
#216 = ORIENTED_EDGE ( 'NONE', *, *, #1064, .T. ) ;
#217 = ORIENTED_EDGE ( 'NONE', *, *, #1052, .F. ) ;
#218 = ORIENTED_EDGE ( 'NONE', *, *, #1147, .F. ) ;
#219 = ORIENTED_EDGE ( 'NONE', *, *, #1075, .F. ) ;
#220 = ORIENTED_EDGE ( 'NONE', *, *, #1006, .T. ) ;
#221 = ORIENTED_EDGE ( 'NONE', *, *, #1057, .T. ) ;
#222 = ORIENTED_EDGE ( 'NONE', *, *, #1143, .T. ) ;
#223 = ORIENTED_EDGE ( 'NONE', *, *, #1011, .T. ) ;
#224 = ORIENTED_EDGE ( 'NONE', *, *, #1166, .T. ) ;
#225 = ORIENTED_EDGE ( 'NONE', *, *, #1127, .T. ) ;
#226 = ORIENTED_EDGE ( 'NONE', *, *, #1185, .T. ) ;
#227 = ORIENTED_EDGE ( 'NONE', *, *, #1170, .F. ) ;
#228 = ORIENTED_EDGE ( 'NONE', *, *, #1133, .F. ) ;
#229 = ORIENTED_EDGE ( 'NONE', *, *, #1107, .T. ) ;
#230 = ORIENTED_EDGE ( 'NONE', *, *, #1128, .F. ) ;
#231 = ORIENTED_EDGE ( 'NONE', *, *, #1102, .T. ) ;
#232 = ORIENTED_EDGE ( 'NONE', *, *, #1022, .F. ) ;
#233 = ORIENTED_EDGE ( 'NONE', *, *, #1173, .T. ) ;
#234 = ORIENTED_EDGE ( 'NONE', *, *, #1187, .T. ) ;
#235 = ORIENTED_EDGE ( 'NONE', *, *, #989, .T. ) ;
#236 = ORIENTED_EDGE ( 'NONE', *, *, #1195, .T. ) ;
#237 = ORIENTED_EDGE ( 'NONE', *, *, #1101, .T. ) ;
#238 = ORIENTED_EDGE ( 'NONE', *, *, #1004, .T. ) ;
#239 = ORIENTED_EDGE ( 'NONE', *, *, #1068, .T. ) ;
#240 = ORIENTED_EDGE ( 'NONE', *, *, #1177, .F. ) ;
#241 = ORIENTED_EDGE ( 'NONE', *, *, #1208, .T. ) ;
#242 = ORIENTED_EDGE ( 'NONE', *, *, #1164, .T. ) ;
#243 = ORIENTED_EDGE ( 'NONE', *, *, #1154, .T. ) ;
#244 = ORIENTED_EDGE ( 'NONE', *, *, #1108, .F. ) ;
#245 = ORIENTED_EDGE ( 'NONE', *, *, #1161, .T. ) ;
#246 = ORIENTED_EDGE ( 'NONE', *, *, #1156, .F. ) ;
#247 = ORIENTED_EDGE ( 'NONE', *, *, #1103, .T. ) ;
#248 = ORIENTED_EDGE ( 'NONE', *, *, #1152, .F. ) ;
#249 = ORIENTED_EDGE ( 'NONE', *, *, #1215, .T. ) ;
#250 = ORIENTED_EDGE ( 'NONE', *, *, #1046, .T. ) ;
#251 = ORIENTED_EDGE ( 'NONE', *, *, #1116, .F. ) ;
#252 = ORIENTED_EDGE ( 'NONE', *, *, #1085, .F. ) ;
#253 = ORIENTED_EDGE ( 'NONE', *, *, #1016, .T. ) ;
#254 = ORIENTED_EDGE ( 'NONE', *, *, #1153, .F. ) ;
#255 = ORIENTED_EDGE ( 'NONE', *, *, #1159, .F. ) ;
#256 = ORIENTED_EDGE ( 'NONE', *, *, #1109, .F. ) ;
#257 = ORIENTED_EDGE ( 'NONE', *, *, #1031, .F. ) ;
#258 = ORIENTED_EDGE ( 'NONE', *, *, #1080, .T. ) ;
#259 = ORIENTED_EDGE ( 'NONE', *, *, #1170, .T. ) ;
#260 = ORIENTED_EDGE ( 'NONE', *, *, #1205, .T. ) ;
#261 = ORIENTED_EDGE ( 'NONE', *, *, #1175, .T. ) ;
#262 = ORIENTED_EDGE ( 'NONE', *, *, #1045, .T. ) ;
#263 = ORIENTED_EDGE ( 'NONE', *, *, #1139, .T. ) ;
#264 = ORIENTED_EDGE ( 'NONE', *, *, #1029, .F. ) ;
#265 = ORIENTED_EDGE ( 'NONE', *, *, #1042, .T. ) ;
#266 = ORIENTED_EDGE ( 'NONE', *, *, #1120, .F. ) ;
#267 = ORIENTED_EDGE ( 'NONE', *, *, #1208, .F. ) ;
#268 = ORIENTED_EDGE ( 'NONE', *, *, #1084, .T. ) ;
#269 = ORIENTED_EDGE ( 'NONE', *, *, #1118, .T. ) ;
#270 = ORIENTED_EDGE ( 'NONE', *, *, #1138, .T. ) ;
#271 = ORIENTED_EDGE ( 'NONE', *, *, #1209, .T. ) ;
#272 = ORIENTED_EDGE ( 'NONE', *, *, #1182, .F. ) ;
#273 = ORIENTED_EDGE ( 'NONE', *, *, #1178, .T. ) ;
#274 = ORIENTED_EDGE ( 'NONE', *, *, #1105, .T. ) ;
#275 = ORIENTED_EDGE ( 'NONE', *, *, #1032, .F. ) ;
#276 = ORIENTED_EDGE ( 'NONE', *, *, #1215, .F. ) ;
#277 = ORIENTED_EDGE ( 'NONE', *, *, #1186, .F. ) ;
#278 = ORIENTED_EDGE ( 'NONE', *, *, #1121, .F. ) ;
#279 = ORIENTED_EDGE ( 'NONE', *, *, #1202, .T. ) ;
#280 = ORIENTED_EDGE ( 'NONE', *, *, #1177, .T. ) ;
#281 = ORIENTED_EDGE ( 'NONE', *, *, #1106, .F. ) ;
#282 = ORIENTED_EDGE ( 'NONE', *, *, #1073, .T. ) ;
#283 = ORIENTED_EDGE ( 'NONE', *, *, #1156, .T. ) ;
#284 = ORIENTED_EDGE ( 'NONE', *, *, #1113, .T. ) ;
#285 = ORIENTED_EDGE ( 'NONE', *, *, #1155, .F. ) ;
#286 = ORIENTED_EDGE ( 'NONE', *, *, #1023, .F. ) ;
#287 = ORIENTED_EDGE ( 'NONE', *, *, #1146, .T. ) ;
#288 = ORIENTED_EDGE ( 'NONE', *, *, #1214, .T. ) ;
#289 = ORIENTED_EDGE ( 'NONE', *, *, #1070, .T. ) ;
#290 = ORIENTED_EDGE ( 'NONE', *, *, #1099, .F. ) ;
#291 = ORIENTED_EDGE ( 'NONE', *, *, #1186, .T. ) ;
#292 = ORIENTED_EDGE ( 'NONE', *, *, #1090, .T. ) ;
#293 = ORIENTED_EDGE ( 'NONE', *, *, #1014, .F. ) ;
#294 = ORIENTED_EDGE ( 'NONE', *, *, #1178, .F. ) ;
#295 = ORIENTED_EDGE ( 'NONE', *, *, #1207, .F. ) ;
#296 = ORIENTED_EDGE ( 'NONE', *, *, #992, .T. ) ;
#297 = ORIENTED_EDGE ( 'NONE', *, *, #1048, .T. ) ;
#298 = ORIENTED_EDGE ( 'NONE', *, *, #1055, .F. ) ;
#299 = ORIENTED_EDGE ( 'NONE', *, *, #1071, .F. ) ;
#300 = ORIENTED_EDGE ( 'NONE', *, *, #1078, .T. ) ;
#301 = ORIENTED_EDGE ( 'NONE', *, *, #1190, .T. ) ;
#302 = ORIENTED_EDGE ( 'NONE', *, *, #1211, .F. ) ;
#303 = VECTOR ( 'NONE', #196, 1000.000000000000000 ) ;
#304 = LINE ( 'NONE', #103, #318 ) ;
#305 = CIRCLE ( 'NONE', #1311, 0.4999999999999988300 ) ;
#306 = LINE ( 'NONE', #108, #312 ) ;
#307 = LINE ( 'NONE', #200, #340 ) ;
#308 = VECTOR ( 'NONE', #132, 1000.000000000000000 ) ;
#309 = CIRCLE ( 'NONE', #1342, 3.000000000000000400 ) ;
#310 = LINE ( 'NONE', #175, #321 ) ;
#311 = CIRCLE ( 'NONE', #1313, 2.399999999999999500 ) ;
#312 = VECTOR ( 'NONE', #114, 1000.000000000000000 ) ;
#313 = CIRCLE ( 'NONE', #1318, 0.5000000000000004400 ) ;
#314 = VECTOR ( 'NONE', #167, 1000.000000000000000 ) ;
#315 = CIRCLE ( 'NONE', #1322, 4.935303461338225600 ) ;
#316 = LINE ( 'NONE', #178, #333 ) ;
#317 = LINE ( 'NONE', #116, #351 ) ;
#318 = VECTOR ( 'NONE', #110, 1000.000000000000000 ) ;
#319 = LINE ( 'NONE', #107, #357 ) ;
#320 = VECTOR ( 'NONE', #148, 1000.000000000000000 ) ;
#321 = VECTOR ( 'NONE', #185, 1000.000000000000000 ) ;
#322 = LINE ( 'NONE', #179, #327 ) ;
#323 = VECTOR ( 'NONE', #1963, 1000.000000000000000 ) ;
#324 = CIRCLE ( 'NONE', #1314, 5.182544935071781800 ) ;
#325 = LINE ( 'NONE', #195, #326 ) ;
#326 = VECTOR ( 'NONE', #163, 1000.000000000000000 ) ;
#327 = VECTOR ( 'NONE', #188, 1000.000000000000000 ) ;
#328 = CIRCLE ( 'NONE', #1325, 0.5000000000000000000 ) ;
#329 = CIRCLE ( 'NONE', #1343, 0.5000000000000004400 ) ;
#330 = LINE ( 'NONE', #1943, #323 ) ;
#331 = VECTOR ( 'NONE', #142, 1000.000000000000000 ) ;
#332 = CIRCLE ( 'NONE', #1321, 5.095269610430694500 ) ;
#333 = VECTOR ( 'NONE', #181, 1000.000000000000000 ) ;
#334 = CIRCLE ( 'NONE', #1347, 3.000000000000000400 ) ;
#335 = CIRCLE ( 'NONE', #1317, 2.999999999999999100 ) ;
#336 = CIRCLE ( 'NONE', #1330, 5.095269610430694500 ) ;
#337 = LINE ( 'NONE', #138, #331 ) ;
#338 = VECTOR ( 'NONE', #130, 1000.000000000000000 ) ;
#339 = CIRCLE ( 'NONE', #1308, 0.5000000000000004400 ) ;
#340 = VECTOR ( 'NONE', #173, 1000.000000000000000 ) ;
#341 = CIRCLE ( 'NONE', #1319, 2.399999999999995900 ) ;
#342 = CIRCLE ( 'NONE', #1309, 5.182544935071781800 ) ;
#343 = CIRCLE ( 'NONE', #1326, 0.5000000000000004400 ) ;
#344 = LINE ( 'NONE', #161, #314 ) ;
#345 = CIRCLE ( 'NONE', #1335, 5.095269610430694500 ) ;
#346 = CIRCLE ( 'NONE', #1346, 4.935303461338225600 ) ;
#347 = CONICAL_SURFACE ( 'NONE', #1245, 3.200000000000001500, 0.01745329251994333400 ) ;
#348 = CIRCLE ( 'NONE', #1323, 0.5000000000000004400 ) ;
#349 = LINE ( 'NONE', #159, #308 ) ;
#350 = VECTOR ( 'NONE', #112, 1000.000000000000000 ) ;
#351 = VECTOR ( 'NONE', #117, 1000.000000000000000 ) ;
#352 = CIRCLE ( 'NONE', #1340, 3.000000000000000400 ) ;
#353 = LINE ( 'NONE', #134, #320 ) ;
#354 = LINE ( 'NONE', #129, #338 ) ;
#355 = CIRCLE ( 'NONE', #1327, 2.399999999999999500 ) ;
#356 = CIRCLE ( 'NONE', #1324, 0.5000000000000004400 ) ;
#357 = VECTOR ( 'NONE', #89, 1000.000000000000000 ) ;
#358 = LINE ( 'NONE', #118, #303 ) ;
#359 = VECTOR ( 'NONE', #2116, 1000.000000000000000 ) ;
#360 = CIRCLE ( 'NONE', #1354, 0.4999999999999988300 ) ;
#361 = VECTOR ( 'NONE', #2098, 1000.000000000000000 ) ;
#362 = LINE ( 'NONE', #2099, #393 ) ;
#363 = CIRCLE ( 'NONE', #1341, 2.999999999999999100 ) ;
#364 = LINE ( 'NONE', #2097, #392 ) ;
#365 = VECTOR ( 'NONE', #2046, 1000.000000000000000 ) ;
#366 = CIRCLE ( 'NONE', #1396, 0.5000000000000004400 ) ;
#367 = VECTOR ( 'NONE', #2083, 1000.000000000000000 ) ;
#368 = LINE ( 'NONE', #2075, #369 ) ;
#369 = VECTOR ( 'NONE', #2062, 1000.000000000000000 ) ;
#370 = VECTOR ( 'NONE', #2029, 1000.000000000000000 ) ;
#371 = CIRCLE ( 'NONE', #1344, 0.5000000000000004400 ) ;
#372 = CIRCLE ( 'NONE', #1333, 0.4999999999999988300 ) ;
#373 = LINE ( 'NONE', #1977, #379 ) ;
#374 = LINE ( 'NONE', #2063, #386 ) ;
#375 = VECTOR ( 'NONE', #2045, 1000.000000000000000 ) ;
#376 = VECTOR ( 'NONE', #1982, 1000.000000000000000 ) ;
#377 = CIRCLE ( 'NONE', #1345, 3.000000000000000400 ) ;
#378 = LINE ( 'NONE', #2007, #407 ) ;
#379 = VECTOR ( 'NONE', #2005, 1000.000000000000100 ) ;
#380 = CIRCLE ( 'NONE', #1392, 5.182544935071781800 ) ;
#381 = LINE ( 'NONE', #2074, #367 ) ;
#382 = CIRCLE ( 'NONE', #1336, 0.5000000000000000000 ) ;
#383 = LINE ( 'NONE', #2052, #375 ) ;
#384 = VECTOR ( 'NONE', #2061, 1000.000000000000000 ) ;
#385 = CIRCLE ( 'NONE', #1366, 2.999999999999999100 ) ;
#386 = VECTOR ( 'NONE', #2070, 1000.000000000000000 ) ;
#387 = CIRCLE ( 'NONE', #1353, 2.999999999999999100 ) ;
#388 = SPHERICAL_SURFACE ( 'NONE', #1250, 0.5000000000000000000 ) ;
#389 = CIRCLE ( 'NONE', #1337, 3.000000000000000400 ) ;
#390 = LINE ( 'NONE', #1987, #376 ) ;
#391 = LINE ( 'NONE', #2115, #399 ) ;
#392 = VECTOR ( 'NONE', #2118, 1000.000000000000000 ) ;
#393 = VECTOR ( 'NONE', #2107, 1000.000000000000100 ) ;
#394 = CIRCLE ( 'NONE', #1338, 0.5000000000000004400 ) ;
#395 = CIRCLE ( 'NONE', #1332, 0.4999999999999988300 ) ;
#396 = LINE ( 'NONE', #2064, #384 ) ;
#397 = CIRCLE ( 'NONE', #1331, 2.399999999999999500 ) ;
#398 = CIRCLE ( 'NONE', #1369, 2.399999999999999500 ) ;
#399 = VECTOR ( 'NONE', #2112, 1000.000000000000000 ) ;
#400 = CIRCLE ( 'NONE', #1320, 5.182544935071781800 ) ;
#401 = LINE ( 'NONE', #2109, #361 ) ;
#402 = LINE ( 'NONE', #2102, #403 ) ;
#403 = VECTOR ( 'NONE', #2100, 1000.000000000000100 ) ;
#404 = CIRCLE ( 'NONE', #1377, 3.000000000000000000 ) ;
#405 = LINE ( 'NONE', #2110, #460 ) ;
#406 = LINE ( 'NONE', #2094, #359 ) ;
#407 = VECTOR ( 'NONE', #1991, 1000.000000000000000 ) ;
#408 = LINE ( 'NONE', #2024, #365 ) ;
#409 = CIRCLE ( 'NONE', #1398, 3.936673926583651900 ) ;
#410 = LINE ( 'NONE', #2027, #412 ) ;
#411 = LINE ( 'NONE', #1976, #415 ) ;
#412 = VECTOR ( 'NONE', #2044, 1000.000000000000000 ) ;
#413 = CIRCLE ( 'NONE', #1363, 0.5000000000000004400 ) ;
#414 = CIRCLE ( 'NONE', #1379, 0.5000000000000000000 ) ;
#415 = VECTOR ( 'NONE', #1994, 1000.000000000000000 ) ;
#416 = LINE ( 'NONE', #2040, #370 ) ;
#417 = LINE ( 'NONE', #2065, #418 ) ;
#418 = VECTOR ( 'NONE', #2084, 1000.000000000000200 ) ;
#419 = CONICAL_SURFACE ( 'NONE', #1237, 1.700000000000001500, 0.01745329251994333400 ) ;
#420 = CIRCLE ( 'NONE', #1362, 3.936673926583651900 ) ;
#421 = LINE ( 'NONE', #2167, #472 ) ;
#422 = CIRCLE ( 'NONE', #1372, 3.936673926583651900 ) ;
#423 = VECTOR ( 'NONE', #2158, 1000.000000000000000 ) ;
#424 = VECTOR ( 'NONE', #2143, 1000.000000000000000 ) ;
#425 = VECTOR ( 'NONE', #2141, 1000.000000000000100 ) ;
#426 = CIRCLE ( 'NONE', #1383, 2.999999999999999100 ) ;
#427 = CIRCLE ( 'NONE', #1397, 3.000000000000000400 ) ;
#428 = LINE ( 'NONE', #2153, #424 ) ;
#429 = VECTOR ( 'NONE', #2093, 1000.000000000000000 ) ;
#430 = LINE ( 'NONE', #2090, #461 ) ;
#431 = LINE ( 'NONE', #2136, #466 ) ;
#432 = LINE ( 'NONE', #2196, #446 ) ;
#433 = VECTOR ( 'NONE', #2211, 1000.000000000000000 ) ;
#434 = CIRCLE ( 'NONE', #1374, 2.999999999999999100 ) ;
#435 = LINE ( 'NONE', #2154, #423 ) ;
#436 = LINE ( 'NONE', #2240, #437 ) ;
#437 = VECTOR ( 'NONE', #2258, 1000.000000000000000 ) ;
#438 = VECTOR ( 'NONE', #2142, 1000.000000000000200 ) ;
#439 = VECTOR ( 'NONE', #2117, 1000.000000000000000 ) ;
#440 = LINE ( 'NONE', #2127, #462 ) ;
#441 = LINE ( 'NONE', #2163, #473 ) ;
#442 = LINE ( 'NONE', #2212, #443 ) ;
#443 = VECTOR ( 'NONE', #2176, 1000.000000000000000 ) ;
#444 = VECTOR ( 'NONE', #2175, 1000.000000000000000 ) ;
#445 = CIRCLE ( 'NONE', #1380, 3.936673926583651900 ) ;
#446 = VECTOR ( 'NONE', #2178, 1000.000000000000000 ) ;
#447 = LINE ( 'NONE', #2204, #444 ) ;
#448 = LINE ( 'NONE', #2179, #449 ) ;
#449 = VECTOR ( 'NONE', #2187, 1000.000000000000000 ) ;
#450 = LINE ( 'NONE', #2125, #429 ) ;
#451 = CIRCLE ( 'NONE', #1355, 4.935303461338225600 ) ;
#452 = CIRCLE ( 'NONE', #1394, 0.5000000000000004400 ) ;
#453 = CIRCLE ( 'NONE', #1370, 0.5000000000000004400 ) ;
#454 = LINE ( 'NONE', #2150, #438 ) ;
#455 = LINE ( 'NONE', #2249, #456 ) ;
#456 = VECTOR ( 'NONE', #2239, 1000.000000000000000 ) ;
#457 = LINE ( 'NONE', #2159, #458 ) ;
#458 = VECTOR ( 'NONE', #2171, 1000.000000000000000 ) ;
#459 = CIRCLE ( 'NONE', #1382, 2.999999999999999100 ) ;
#460 = VECTOR ( 'NONE', #2095, 1000.000000000000000 ) ;
#461 = VECTOR ( 'NONE', #2126, 1000.000000000000000 ) ;
#462 = VECTOR ( 'NONE', #2132, 1000.000000000000000 ) ;
#463 = LINE ( 'NONE', #2145, #425 ) ;
#464 = CIRCLE ( 'NONE', #1378, 3.000000000000000400 ) ;
#465 = CIRCLE ( 'NONE', #1388, 3.000000000000000000 ) ;
#466 = VECTOR ( 'NONE', #2139, 1000.000000000000000 ) ;
#467 = LINE ( 'NONE', #2232, #469 ) ;
#468 = FACE_OUTER_BOUND ( 'NONE', #2704, .T. ) ;
#469 = VECTOR ( 'NONE', #2246, 1000.000000000000000 ) ;
#470 = CIRCLE ( 'NONE', #1364, 1.796155173548956700 ) ;
#471 = LINE ( 'NONE', #2089, #439 ) ;
#472 = VECTOR ( 'NONE', #2165, 1000.000000000000000 ) ;
#473 = VECTOR ( 'NONE', #2144, 1000.000000000000200 ) ;
#474 = CIRCLE ( 'NONE', #1360, 2.999999999999999100 ) ;
#475 = LINE ( 'NONE', #2133, #479 ) ;
#476 = LINE ( 'NONE', #2173, #433 ) ;
#477 = CIRCLE ( 'NONE', #1361, 2.999999999999999100 ) ;
#478 = LINE ( 'NONE', #2252, #480 ) ;
#479 = VECTOR ( 'NONE', #2151, 1000.000000000000000 ) ;
#480 = VECTOR ( 'NONE', #2241, 1000.000000000000000 ) ;
#481 = LINE ( 'NONE', #2242, #482 ) ;
#482 = VECTOR ( 'NONE', #2257, 1000.000000000000000 ) ;
#483 = LINE ( 'NONE', #2318, #508 ) ;
#484 = CIRCLE ( 'NONE', #1357, 3.103844826451047200 ) ;
#485 = CIRCLE ( 'NONE', #1368, 2.603920978872850300 ) ;
#486 = CIRCLE ( 'NONE', #1367, 0.5000000000000000000 ) ;
#487 = CIRCLE ( 'NONE', #1385, 1.796155173548956500 ) ;
#488 = VECTOR ( 'NONE', #2341, 1000.000000000000200 ) ;
#489 = LINE ( 'NONE', #2338, #503 ) ;
#490 = VECTOR ( 'NONE', #2272, 1000.000000000000000 ) ;
#491 = CIRCLE ( 'NONE', #1356, 3.000000000000000000 ) ;
#492 = VECTOR ( 'NONE', #2263, 1000.000000000000000 ) ;
#493 = LINE ( 'NONE', #2308, #499 ) ;
#494 = CIRCLE ( 'NONE', #1395, 2.296079021127152700 ) ;
#495 = LINE ( 'NONE', #2305, #496 ) ;
#496 = VECTOR ( 'NONE', #2332, 1000.000000000000100 ) ;
#497 = LINE ( 'NONE', #2337, #488 ) ;
#498 = CIRCLE ( 'NONE', #1393, 3.000000000000000400 ) ;
#499 = VECTOR ( 'NONE', #2306, 1000.000000000000000 ) ;
#500 = CIRCLE ( 'NONE', #1384, 3.000000000000000400 ) ;
#501 = VECTOR ( 'NONE', #2300, 1000.000000000000000 ) ;
#502 = LINE ( 'NONE', #2282, #536 ) ;
#503 = VECTOR ( 'NONE', #2335, 1000.000000000000000 ) ;
#504 = LINE ( 'NONE', #2336, #530 ) ;
#505 = LINE ( 'NONE', #2325, #540 ) ;
#506 = LINE ( 'NONE', #2296, #514 ) ;
#507 = LINE ( 'NONE', #2229, #535 ) ;
#508 = VECTOR ( 'NONE', #2315, 1000.000000000000000 ) ;
#509 = LINE ( 'NONE', #2289, #523 ) ;
#510 = VECTOR ( 'NONE', #2350, 1000.000000000000200 ) ;
#511 = LINE ( 'NONE', #2333, #512 ) ;
#512 = VECTOR ( 'NONE', #2340, 1000.000000000000200 ) ;
#513 = CIRCLE ( 'NONE', #1373, 2.999999999999999100 ) ;
#514 = VECTOR ( 'NONE', #2266, 1000.000000000000000 ) ;
#515 = LINE ( 'NONE', #2311, #516 ) ;
#516 = VECTOR ( 'NONE', #2320, 1000.000000000000200 ) ;
#517 = CIRCLE ( 'NONE', #1371, 4.935303461338225600 ) ;
#518 = CIRCLE ( 'NONE', #1365, 2.603920978872850300 ) ;
#519 = LINE ( 'NONE', #2268, #532 ) ;
#520 = FACE_OUTER_BOUND ( 'NONE', #2655, .T. ) ;
#521 = VECTOR ( 'NONE', #2275, 1000.000000000000000 ) ;
#522 = LINE ( 'NONE', #2378, #527 ) ;
#523 = VECTOR ( 'NONE', #2284, 1000.000000000000000 ) ;
#524 = LINE ( 'NONE', #2271, #537 ) ;
#525 = LINE ( 'NONE', #2384, #510 ) ;
#526 = VECTOR ( 'NONE', #2343, 1000.000000000000000 ) ;
#527 = VECTOR ( 'NONE', #2359, 1000.000000000000200 ) ;
#528 = LINE ( 'NONE', #2352, #531 ) ;
#529 = LINE ( 'NONE', #2288, #501 ) ;
#530 = VECTOR ( 'NONE', #2327, 1000.000000000000000 ) ;
#531 = VECTOR ( 'NONE', #2345, 1000.000000000000000 ) ;
#532 = VECTOR ( 'NONE', #2270, 1000.000000000000000 ) ;
#533 = CIRCLE ( 'NONE', #1349, 2.296079021127152700 ) ;
#534 = LINE ( 'NONE', #2278, #521 ) ;
#535 = VECTOR ( 'NONE', #2273, 1000.000000000000000 ) ;
#536 = VECTOR ( 'NONE', #2283, 1000.000000000000000 ) ;
#537 = VECTOR ( 'NONE', #2290, 1000.000000000000200 ) ;
#538 = CIRCLE ( 'NONE', #1381, 3.000000000000000000 ) ;
#539 = CIRCLE ( 'NONE', #1359, 3.103844826451046800 ) ;
#540 = VECTOR ( 'NONE', #2314, 1000.000000000000000 ) ;
#541 = LINE ( 'NONE', #2279, #490 ) ;
#542 = LINE ( 'NONE', #2324, #526 ) ;
#543 = LINE ( 'NONE', #2295, #492 ) ;
#544 = CONICAL_SURFACE ( 'NONE', #1232, 5.095269610430696300, 0.05235987755983000100 ) ;
#545 = FACE_OUTER_BOUND ( 'NONE', #2744, .T. ) ;
#546 = FACE_OUTER_BOUND ( 'NONE', #2649, .T. ) ;
#547 = FACE_OUTER_BOUND ( 'NONE', #2657, .T. ) ;
#548 = FACE_OUTER_BOUND ( 'NONE', #2719, .T. ) ;
#549 = CYLINDRICAL_SURFACE ( 'NONE', #1248, 2.999999999999999100 ) ;
#550 = LINE ( 'NONE', #2367, #589 ) ;
#551 = VECTOR ( 'NONE', #2371, 1000.000000000000000 ) ;
#552 = FACE_BOUND ( 'NONE', #2663, .T. ) ;
#553 = FACE_OUTER_BOUND ( 'NONE', #2681, .T. ) ;
#554 = FACE_OUTER_BOUND ( 'NONE', #2664, .T. ) ;
#555 = FACE_OUTER_BOUND ( 'NONE', #2651, .T. ) ;
#556 = CIRCLE ( 'NONE', #1375, 3.000000000000000000 ) ;
#557 = FACE_OUTER_BOUND ( 'NONE', #2674, .T. ) ;
#558 = CYLINDRICAL_SURFACE ( 'NONE', #1348, 3.000000000000000400 ) ;
#559 = LINE ( 'NONE', #2381, #566 ) ;
#560 = FACE_OUTER_BOUND ( 'NONE', #2665, .T. ) ;
#561 = FACE_OUTER_BOUND ( 'NONE', #2682, .T. ) ;
#562 = LINE ( 'NONE', #2366, #565 ) ;
#563 = LINE ( 'NONE', #2364, #551 ) ;
#564 = FACE_OUTER_BOUND ( 'NONE', #2666, .T. ) ;
#565 = VECTOR ( 'NONE', #2380, 1000.000000000000000 ) ;
#566 = VECTOR ( 'NONE', #2354, 1000.000000000000000 ) ;
#567 = FACE_OUTER_BOUND ( 'NONE', #2698, .T. ) ;
#568 = FACE_OUTER_BOUND ( 'NONE', #2650, .T. ) ;
#569 = TOROIDAL_SURFACE ( 'NONE', #1352, 3.936673926583651900, 1.000000000000000000 ) ;
#570 = FACE_OUTER_BOUND ( 'NONE', #2701, .T. ) ;
#571 = CONICAL_SURFACE ( 'NONE', #1399, 5.200000000000000200, 0.01745329251994333400 ) ;
#572 = CYLINDRICAL_SURFACE ( 'NONE', #1221, 2.999999999999999100 ) ;
#573 = FACE_OUTER_BOUND ( 'NONE', #2654, .T. ) ;
#574 = FACE_OUTER_BOUND ( 'NONE', #2695, .T. ) ;
#575 = FACE_OUTER_BOUND ( 'NONE', #2647, .T. ) ;
#576 = FACE_OUTER_BOUND ( 'NONE', #2687, .T. ) ;
#577 = VECTOR ( 'NONE', #2361, 1000.000000000000200 ) ;
#578 = TOROIDAL_SURFACE ( 'NONE', #1358, 3.936673926583651900, 1.000000000000000000 ) ;
#579 = FACE_OUTER_BOUND ( 'NONE', #2730, .T. ) ;
#580 = FACE_OUTER_BOUND ( 'NONE', #2645, .T. ) ;
#581 = CYLINDRICAL_SURFACE ( 'NONE', #1234, 0.5000000000000004400 ) ;
#582 = TOROIDAL_SURFACE ( 'NONE', #1351, 3.936673926583651900, 1.000000000000000000 ) ;
#583 = FACE_OUTER_BOUND ( 'NONE', #2659, .T. ) ;
#584 = FACE_BOUND ( 'NONE', #2679, .T. ) ;
#585 = FACE_OUTER_BOUND ( 'NONE', #2673, .T. ) ;
#586 = CONICAL_SURFACE ( 'NONE', #1242, 5.095269610430696300, 0.05235987755983000100 ) ;
#587 = FACE_OUTER_BOUND ( 'NONE', #2742, .T. ) ;
#588 = LINE ( 'NONE', #2357, #577 ) ;
#589 = VECTOR ( 'NONE', #2356, 1000.000000000000000 ) ;
#590 = FACE_BOUND ( 'NONE', #2646, .T. ) ;
#591 = FACE_OUTER_BOUND ( 'NONE', #2688, .T. ) ;
#592 = CYLINDRICAL_SURFACE ( 'NONE', #1223, 2.999999999999999100 ) ;
#593 = TOROIDAL_SURFACE ( 'NONE', #1227, 3.936673926583651900, 1.000000000000000000 ) ;
#594 = SPHERICAL_SURFACE ( 'NONE', #1222, 0.5000000000000000000 ) ;
#595 = CONICAL_SURFACE ( 'NONE', #1390, 5.095269610430696300, 0.05235987755983000100 ) ;
#596 = TOROIDAL_SURFACE ( 'NONE', #1254, 2.296079021127152700, 0.5000000000000000000 ) ;
#597 = CONICAL_SURFACE ( 'NONE', #1376, 5.200000000000000200, 0.01745329251994333400 ) ;
#598 = LINE ( 'NONE', #2372, #604 ) ;
#599 = CIRCLE ( 'NONE', #1386, 3.000000000000000000 ) ;
#600 = FACE_OUTER_BOUND ( 'NONE', #2680, .T. ) ;
#601 = FACE_OUTER_BOUND ( 'NONE', #2686, .T. ) ;
#602 = FACE_OUTER_BOUND ( 'NONE', #2667, .T. ) ;
#603 = FACE_OUTER_BOUND ( 'NONE', #2707, .T. ) ;
#604 = VECTOR ( 'NONE', #2365, 1000.000000000000000 ) ;
#605 = CONICAL_SURFACE ( 'NONE', #1350, 5.095269610430696300, 0.05235987755983000100 ) ;
#606 = FACE_OUTER_BOUND ( 'NONE', #2652, .T. ) ;
#607 = FACE_OUTER_BOUND ( 'NONE', #2677, .T. ) ;
#608 = ORIENTED_EDGE ( 'NONE', *, *, #1123, .F. ) ;
#609 = ORIENTED_EDGE ( 'NONE', *, *, #1204, .T. ) ;
#610 = ORIENTED_EDGE ( 'NONE', *, *, #1167, .T. ) ;
#611 = ORIENTED_EDGE ( 'NONE', *, *, #1160, .T. ) ;
#612 = ORIENTED_EDGE ( 'NONE', *, *, #1106, .T. ) ;
#613 = ORIENTED_EDGE ( 'NONE', *, *, #1073, .F. ) ;
#614 = ORIENTED_EDGE ( 'NONE', *, *, #1123, .T. ) ;
#615 = ORIENTED_EDGE ( 'NONE', *, *, #1211, .T. ) ;
#616 = ORIENTED_EDGE ( 'NONE', *, *, #1088, .F. ) ;
#617 = ORIENTED_EDGE ( 'NONE', *, *, #1046, .F. ) ;
#618 = ORIENTED_EDGE ( 'NONE', *, *, #1162, .T. ) ;
#619 = ORIENTED_EDGE ( 'NONE', *, *, #1192, .T. ) ;
#620 = ORIENTED_EDGE ( 'NONE', *, *, #1163, .T. ) ;
#621 = ORIENTED_EDGE ( 'NONE', *, *, #1210, .T. ) ;
#622 = ORIENTED_EDGE ( 'NONE', *, *, #1136, .T. ) ;
#623 = ORIENTED_EDGE ( 'NONE', *, *, #1193, .T. ) ;
#624 = ORIENTED_EDGE ( 'NONE', *, *, #1104, .F. ) ;
#625 = ORIENTED_EDGE ( 'NONE', *, *, #1197, .T. ) ;
#626 = ORIENTED_EDGE ( 'NONE', *, *, #1198, .T. ) ;
#627 = ORIENTED_EDGE ( 'NONE', *, *, #1198, .F. ) ;
#628 = ORIENTED_EDGE ( 'NONE', *, *, #1117, .T. ) ;
#629 = ORIENTED_EDGE ( 'NONE', *, *, #1088, .T. ) ;
#630 = ORIENTED_EDGE ( 'NONE', *, *, #1213, .T. ) ;
#631 = ORIENTED_EDGE ( 'NONE', *, *, #1108, .T. ) ;
#632 = ORIENTED_EDGE ( 'NONE', *, *, #1126, .F. ) ;
#633 = ORIENTED_EDGE ( 'NONE', *, *, #1098, .T. ) ;
#634 = ORIENTED_EDGE ( 'NONE', *, *, #1196, .T. ) ;
#635 = ORIENTED_EDGE ( 'NONE', *, *, #1117, .F. ) ;
#636 = ORIENTED_EDGE ( 'NONE', *, *, #1024, .T. ) ;
#637 = ORIENTED_EDGE ( 'NONE', *, *, #1191, .T. ) ;
#638 = ORIENTED_EDGE ( 'NONE', *, *, #1119, .F. ) ;
#639 = ORIENTED_EDGE ( 'NONE', *, *, #1140, .F. ) ;
#640 = ORIENTED_EDGE ( 'NONE', *, *, #1157, .T. ) ;
#641 = ORIENTED_EDGE ( 'NONE', *, *, #1111, .T. ) ;
#642 = ORIENTED_EDGE ( 'NONE', *, *, #1128, .T. ) ;
#643 = ORIENTED_EDGE ( 'NONE', *, *, #1002, .F. ) ;
#644 = ORIENTED_EDGE ( 'NONE', *, *, #1194, .T. ) ;
#645 = ORIENTED_EDGE ( 'NONE', *, *, #1136, .F. ) ;
#646 = ORIENTED_EDGE ( 'NONE', *, *, #1122, .F. ) ;
#647 = ORIENTED_EDGE ( 'NONE', *, *, #1104, .T. ) ;
#648 = ORIENTED_EDGE ( 'NONE', *, *, #1181, .T. ) ;
#649 = ORIENTED_EDGE ( 'NONE', *, *, #1035, .T. ) ;
#650 = ORIENTED_EDGE ( 'NONE', *, *, #1131, .T. ) ;
#651 = ORIENTED_EDGE ( 'NONE', *, *, #1142, .T. ) ;
#652 = ORIENTED_EDGE ( 'NONE', *, *, #1148, .T. ) ;
#653 = ORIENTED_EDGE ( 'NONE', *, *, #1035, .F. ) ;
#654 = ORIENTED_EDGE ( 'NONE', *, *, #1082, .F. ) ;
#655 = ORIENTED_EDGE ( 'NONE', *, *, #1137, .F. ) ;
#656 = ORIENTED_EDGE ( 'NONE', *, *, #1087, .F. ) ;
#657 = ORIENTED_EDGE ( 'NONE', *, *, #1168, .T. ) ;
#658 = ORIENTED_EDGE ( 'NONE', *, *, #1148, .F. ) ;
#659 = ORIENTED_EDGE ( 'NONE', *, *, #1210, .F. ) ;
#660 = ORIENTED_EDGE ( 'NONE', *, *, #1171, .T. ) ;
#661 = ORIENTED_EDGE ( 'NONE', *, *, #1153, .T. ) ;
#662 = ORIENTED_EDGE ( 'NONE', *, *, #1074, .F. ) ;
#663 = ORIENTED_EDGE ( 'NONE', *, *, #1141, .F. ) ;
#664 = ORIENTED_EDGE ( 'NONE', *, *, #1049, .T. ) ;
#665 = ORIENTED_EDGE ( 'NONE', *, *, #998, .F. ) ;
#666 = ORIENTED_EDGE ( 'NONE', *, *, #1086, .F. ) ;
#667 = ORIENTED_EDGE ( 'NONE', *, *, #1109, .T. ) ;
#668 = ORIENTED_EDGE ( 'NONE', *, *, #1005, .F. ) ;
#669 = ORIENTED_EDGE ( 'NONE', *, *, #1152, .T. ) ;
#670 = ORIENTED_EDGE ( 'NONE', *, *, #1124, .T. ) ;
#671 = ORIENTED_EDGE ( 'NONE', *, *, #1082, .T. ) ;
#672 = ORIENTED_EDGE ( 'NONE', *, *, #1029, .T. ) ;
#673 = ORIENTED_EDGE ( 'NONE', *, *, #1011, .F. ) ;
#674 = ORIENTED_EDGE ( 'NONE', *, *, #1000, .T. ) ;
#675 = ORIENTED_EDGE ( 'NONE', *, *, #1056, .T. ) ;
#676 = ORIENTED_EDGE ( 'NONE', *, *, #1013, .T. ) ;
#677 = ORIENTED_EDGE ( 'NONE', *, *, #1050, .F. ) ;
#678 = ORIENTED_EDGE ( 'NONE', *, *, #1129, .F. ) ;
#679 = ORIENTED_EDGE ( 'NONE', *, *, #1031, .T. ) ;
#680 = ORIENTED_EDGE ( 'NONE', *, *, #1050, .T. ) ;
#681 = ORIENTED_EDGE ( 'NONE', *, *, #1030, .T. ) ;
#682 = ORIENTED_EDGE ( 'NONE', *, *, #1084, .F. ) ;
#683 = ORIENTED_EDGE ( 'NONE', *, *, #1057, .F. ) ;
#684 = ORIENTED_EDGE ( 'NONE', *, *, #1017, .F. ) ;
#685 = ORIENTED_EDGE ( 'NONE', *, *, #1043, .F. ) ;
#686 = ORIENTED_EDGE ( 'NONE', *, *, #1092, .F. ) ;
#687 = ORIENTED_EDGE ( 'NONE', *, *, #1038, .T. ) ;
#688 = ORIENTED_EDGE ( 'NONE', *, *, #1012, .T. ) ;
#689 = ORIENTED_EDGE ( 'NONE', *, *, #1023, .T. ) ;
#690 = ORIENTED_EDGE ( 'NONE', *, *, #1051, .F. ) ;
#691 = ORIENTED_EDGE ( 'NONE', *, *, #988, .F. ) ;
#692 = ORIENTED_EDGE ( 'NONE', *, *, #1018, .F. ) ;
#693 = ORIENTED_EDGE ( 'NONE', *, *, #1030, .F. ) ;
#694 = ORIENTED_EDGE ( 'NONE', *, *, #1058, .F. ) ;
#695 = ORIENTED_EDGE ( 'NONE', *, *, #1071, .T. ) ;
#696 = ORIENTED_EDGE ( 'NONE', *, *, #1005, .T. ) ;
#697 = ORIENTED_EDGE ( 'NONE', *, *, #1080, .F. ) ;
#698 = ORIENTED_EDGE ( 'NONE', *, *, #1103, .F. ) ;
#699 = ORIENTED_EDGE ( 'NONE', *, *, #992, .F. ) ;
#700 = ORIENTED_EDGE ( 'NONE', *, *, #1013, .F. ) ;
#701 = ORIENTED_EDGE ( 'NONE', *, *, #1054, .T. ) ;
#702 = ORIENTED_EDGE ( 'NONE', *, *, #1070, .F. ) ;
#703 = ORIENTED_EDGE ( 'NONE', *, *, #1021, .F. ) ;
#704 = ORIENTED_EDGE ( 'NONE', *, *, #1010, .F. ) ;
#705 = ORIENTED_EDGE ( 'NONE', *, *, #1003, .F. ) ;
#706 = ORIENTED_EDGE ( 'NONE', *, *, #1060, .F. ) ;
#707 = ORIENTED_EDGE ( 'NONE', *, *, #1055, .T. ) ;
#708 = ORIENTED_EDGE ( 'NONE', *, *, #999, .F. ) ;
#709 = ORIENTED_EDGE ( 'NONE', *, *, #1118, .F. ) ;
#710 = ORIENTED_EDGE ( 'NONE', *, *, #998, .T. ) ;
#711 = ORIENTED_EDGE ( 'NONE', *, *, #1001, .F. ) ;
#712 = ORIENTED_EDGE ( 'NONE', *, *, #1003, .T. ) ;
#713 = ORIENTED_EDGE ( 'NONE', *, *, #1014, .T. ) ;
#714 = ORIENTED_EDGE ( 'NONE', *, *, #1010, .T. ) ;
#715 = ORIENTED_EDGE ( 'NONE', *, *, #1069, .T. ) ;
#716 = ORIENTED_EDGE ( 'NONE', *, *, #1019, .F. ) ;
#717 = ORIENTED_EDGE ( 'NONE', *, *, #1091, .T. ) ;
#718 = ORIENTED_EDGE ( 'NONE', *, *, #1009, .T. ) ;
#719 = ORIENTED_EDGE ( 'NONE', *, *, #1016, .F. ) ;
#720 = ORIENTED_EDGE ( 'NONE', *, *, #1004, .F. ) ;
#721 = ORIENTED_EDGE ( 'NONE', *, *, #1020, .F. ) ;
#722 = ORIENTED_EDGE ( 'NONE', *, *, #1027, .T. ) ;
#723 = ORIENTED_EDGE ( 'NONE', *, *, #990, .F. ) ;
#724 = ORIENTED_EDGE ( 'NONE', *, *, #1037, .T. ) ;
#725 = ORIENTED_EDGE ( 'NONE', *, *, #1025, .T. ) ;
#726 = ORIENTED_EDGE ( 'NONE', *, *, #991, .F. ) ;
#727 = ORIENTED_EDGE ( 'NONE', *, *, #993, .F. ) ;
#728 = ORIENTED_EDGE ( 'NONE', *, *, #1090, .F. ) ;
#729 = ORIENTED_EDGE ( 'NONE', *, *, #997, .T. ) ;
#730 = ORIENTED_EDGE ( 'NONE', *, *, #1039, .T. ) ;
#731 = ORIENTED_EDGE ( 'NONE', *, *, #995, .F. ) ;
#732 = ORIENTED_EDGE ( 'NONE', *, *, #1007, .T. ) ;
#733 = ORIENTED_EDGE ( 'NONE', *, *, #1161, .F. ) ;
#734 = ORIENTED_EDGE ( 'NONE', *, *, #1081, .T. ) ;
#735 = ORIENTED_EDGE ( 'NONE', *, *, #1032, .T. ) ;
#736 = ORIENTED_EDGE ( 'NONE', *, *, #1135, .T. ) ;
#737 = ORIENTED_EDGE ( 'NONE', *, *, #1091, .F. ) ;
#738 = ORIENTED_EDGE ( 'NONE', *, *, #1033, .T. ) ;
#739 = ORIENTED_EDGE ( 'NONE', *, *, #1138, .F. ) ;
#740 = ORIENTED_EDGE ( 'NONE', *, *, #1144, .F. ) ;
#741 = ORIENTED_EDGE ( 'NONE', *, *, #1081, .F. ) ;
#742 = ORIENTED_EDGE ( 'NONE', *, *, #1119, .T. ) ;
#743 = ORIENTED_EDGE ( 'NONE', *, *, #1063, .T. ) ;
#744 = ORIENTED_EDGE ( 'NONE', *, *, #1114, .T. ) ;
#745 = ORIENTED_EDGE ( 'NONE', *, *, #1158, .T. ) ;
#746 = ORIENTED_EDGE ( 'NONE', *, *, #1147, .T. ) ;
#747 = ORIENTED_EDGE ( 'NONE', *, *, #1135, .F. ) ;
#748 = ORIENTED_EDGE ( 'NONE', *, *, #1024, .F. ) ;
#749 = ORIENTED_EDGE ( 'NONE', *, *, #1199, .F. ) ;
#750 = ORIENTED_EDGE ( 'NONE', *, *, #1130, .T. ) ;
#751 = ORIENTED_EDGE ( 'NONE', *, *, #1041, .T. ) ;
#752 = ORIENTED_EDGE ( 'NONE', *, *, #1114, .F. ) ;
#753 = ORIENTED_EDGE ( 'NONE', *, *, #991, .T. ) ;
#754 = ORIENTED_EDGE ( 'NONE', *, *, #1078, .F. ) ;
#755 = ORIENTED_EDGE ( 'NONE', *, *, #1002, .T. ) ;
#756 = ORIENTED_EDGE ( 'NONE', *, *, #996, .T. ) ;
#757 = ORIENTED_EDGE ( 'NONE', *, *, #1130, .F. ) ;
#758 = ORIENTED_EDGE ( 'NONE', *, *, #1125, .T. ) ;
#759 = ORIENTED_EDGE ( 'NONE', *, *, #1097, .F. ) ;
#760 = ORIENTED_EDGE ( 'NONE', *, *, #1203, .F. ) ;
#761 = ORIENTED_EDGE ( 'NONE', *, *, #1028, .F. ) ;
#762 = ORIENTED_EDGE ( 'NONE', *, *, #994, .F. ) ;
#763 = ORIENTED_EDGE ( 'NONE', *, *, #1006, .F. ) ;
#764 = ORIENTED_EDGE ( 'NONE', *, *, #1062, .F. ) ;
#765 = ORIENTED_EDGE ( 'NONE', *, *, #1015, .T. ) ;
#766 = ORIENTED_EDGE ( 'NONE', *, *, #1162, .F. ) ;
#767 = ORIENTED_EDGE ( 'NONE', *, *, #1042, .F. ) ;
#768 = ORIENTED_EDGE ( 'NONE', *, *, #1063, .F. ) ;
#769 = ORIENTED_EDGE ( 'NONE', *, *, #1089, .F. ) ;
#770 = ORIENTED_EDGE ( 'NONE', *, *, #989, .F. ) ;
#771 = ORIENTED_EDGE ( 'NONE', *, *, #1017, .T. ) ;
#772 = ORIENTED_EDGE ( 'NONE', *, *, #1026, .F. ) ;
#773 = ORIENTED_EDGE ( 'NONE', *, *, #1045, .F. ) ;
#774 = ORIENTED_EDGE ( 'NONE', *, *, #1159, .T. ) ;
#775 = ORIENTED_EDGE ( 'NONE', *, *, #1105, .F. ) ;
#776 = ORIENTED_EDGE ( 'NONE', *, *, #1022, .T. ) ;
#777 = ORIENTED_EDGE ( 'NONE', *, *, #1134, .T. ) ;
#778 = ORIENTED_EDGE ( 'NONE', *, *, #1139, .F. ) ;
#779 = ORIENTED_EDGE ( 'NONE', *, *, #1089, .T. ) ;
#780 = ORIENTED_EDGE ( 'NONE', *, *, #1087, .T. ) ;
#781 = ORIENTED_EDGE ( 'NONE', *, *, #1038, .F. ) ;
#782 = ORIENTED_EDGE ( 'NONE', *, *, #1125, .F. ) ;
#783 = ORIENTED_EDGE ( 'NONE', *, *, #1146, .F. ) ;
#784 = ORIENTED_EDGE ( 'NONE', *, *, #1025, .F. ) ;
#785 = ORIENTED_EDGE ( 'NONE', *, *, #1062, .T. ) ;
#786 = ORIENTED_EDGE ( 'NONE', *, *, #1048, .F. ) ;
#787 = ORIENTED_EDGE ( 'NONE', *, *, #1097, .T. ) ;
#788 = ORIENTED_EDGE ( 'NONE', *, *, #1149, .T. ) ;
#789 = ORIENTED_EDGE ( 'NONE', *, *, #1069, .F. ) ;
#790 = ORIENTED_EDGE ( 'NONE', *, *, #1145, .F. ) ;
#791 = ORIENTED_EDGE ( 'NONE', *, *, #990, .T. ) ;
#792 = ORIENTED_EDGE ( 'NONE', *, *, #1154, .F. ) ;
#793 = ORIENTED_EDGE ( 'NONE', *, *, #1075, .T. ) ;
#794 = ORIENTED_EDGE ( 'NONE', *, *, #1034, .F. ) ;
#795 = ORIENTED_EDGE ( 'NONE', *, *, #1086, .T. ) ;
#796 = ORIENTED_EDGE ( 'NONE', *, *, #1052, .T. ) ;
#797 = ORIENTED_EDGE ( 'NONE', *, *, #1064, .F. ) ;
#798 = ORIENTED_EDGE ( 'NONE', *, *, #1039, .F. ) ;
#799 = ORIENTED_EDGE ( 'NONE', *, *, #1203, .T. ) ;
#800 = ORIENTED_EDGE ( 'NONE', *, *, #1098, .F. ) ;
#801 = CIRCLE ( 'NONE', #1312, 3.200000000000001500 ) ;
#802 = FACE_OUTER_BOUND ( 'NONE', #2709, .T. ) ;
#803 = CIRCLE ( 'NONE', #1329, 3.000000000000000400 ) ;
#804 = ORIENTED_EDGE ( 'NONE', *, *, #1126, .T. ) ;
#805 = ORIENTED_EDGE ( 'NONE', *, *, #1068, .F. ) ;
#806 = ORIENTED_EDGE ( 'NONE', *, *, #1041, .F. ) ;
#807 = LINE ( 'NONE', #42, #826 ) ;
#808 = FACE_OUTER_BOUND ( 'NONE', #2660, .T. ) ;
#809 = ORIENTED_EDGE ( 'NONE', *, *, #1134, .F. ) ;
#810 = ORIENTED_EDGE ( 'NONE', *, *, #1158, .F. ) ;
#811 = ORIENTED_EDGE ( 'NONE', *, *, #1009, .F. ) ;
#812 = ORIENTED_EDGE ( 'NONE', *, *, #1141, .T. ) ;
#813 = ORIENTED_EDGE ( 'NONE', *, *, #1066, .F. ) ;
#814 = CIRCLE ( 'NONE', #1201, 5.200000000000000200 ) ;
#815 = LINE ( 'NONE', #96, #820 ) ;
#816 = ORIENTED_EDGE ( 'NONE', *, *, #1099, .T. ) ;
#817 = ORIENTED_EDGE ( 'NONE', *, *, #1122, .T. ) ;
#818 = VECTOR ( 'NONE', #17, 1000.000000000000000 ) ;
#819 = CIRCLE ( 'NONE', #1339, 3.000000000000000400 ) ;
#820 = VECTOR ( 'NONE', #92, 1000.000000000000000 ) ;
#821 = VECTOR ( 'NONE', #49, 1000.000000000000000 ) ;
#822 = VECTOR ( 'NONE', #44, 1000.000000000000000 ) ;
#823 = ORIENTED_EDGE ( 'NONE', *, *, #1145, .T. ) ;
#824 = ORIENTED_EDGE ( 'NONE', *, *, #1121, .T. ) ;
#825 = LINE ( 'NONE', #26, #818 ) ;
#826 = VECTOR ( 'NONE', #45, 1000.000000000000000 ) ;
#827 = LINE ( 'NONE', #76, #821 ) ;
#828 = ORIENTED_EDGE ( 'NONE', *, *, #1049, .F. ) ;
#829 = ORIENTED_EDGE ( 'NONE', *, *, #1047, .F. ) ;
#830 = LINE ( 'NONE', #33, #840 ) ;
#831 = LINE ( 'NONE', #11, #834 ) ;
#832 = ORIENTED_EDGE ( 'NONE', *, *, #1144, .T. ) ;
#833 = ORIENTED_EDGE ( 'NONE', *, *, #1132, .F. ) ;
#834 = VECTOR ( 'NONE', #20, 1000.000000000000000 ) ;
#835 = ORIENTED_EDGE ( 'NONE', *, *, #1074, .T. ) ;
#836 = ORIENTED_EDGE ( 'NONE', *, *, #1060, .T. ) ;
#837 = ORIENTED_EDGE ( 'NONE', *, *, #1037, .F. ) ;
#838 = CIRCLE ( 'NONE', #1172, 1.700000000000001500 ) ;
#839 = CIRCLE ( 'NONE', #1183, 2.399999999999999500 ) ;
#840 = VECTOR ( 'NONE', #38, 1000.000000000000100 ) ;
#841 = ORIENTED_EDGE ( 'NONE', *, *, #1008, .T. ) ;
#842 = ORIENTED_EDGE ( 'NONE', *, *, #1140, .T. ) ;
#843 = ORIENTED_EDGE ( 'NONE', *, *, #1021, .T. ) ;
#844 = ORIENTED_EDGE ( 'NONE', *, *, #1132, .T. ) ;
#845 = CIRCLE ( 'NONE', #1169, 2.399999999999999500 ) ;
#846 = ORIENTED_EDGE ( 'NONE', *, *, #1120, .T. ) ;
#847 = ORIENTED_EDGE ( 'NONE', *, *, #1085, .T. ) ;
#848 = LINE ( 'NONE', #31, #822 ) ;
#849 = CIRCLE ( 'NONE', #1188, 5.095269610430694500 ) ;
#850 = CIRCLE ( 'NONE', #1184, 1.700000000000001500 ) ;
#851 = CIRCLE ( 'NONE', #1212, 2.399999999999997700 ) ;
#852 = ORIENTED_EDGE ( 'NONE', *, *, #1116, .T. ) ;
#853 = CIRCLE ( 'NONE', #1328, 3.000000000000000400 ) ;
#854 = ORIENTED_EDGE ( 'NONE', *, *, #1008, .F. ) ;
#855 = ORIENTED_EDGE ( 'NONE', *, *, #1187, .F. ) ;
#856 = CIRCLE ( 'NONE', #1315, 5.200000000000000200 ) ;
#857 = CIRCLE ( 'NONE', #1310, 3.200000000000001500 ) ;
#858 = CIRCLE ( 'NONE', #1334, 5.182544935071781800 ) ;
#859 = FACE_OUTER_BOUND ( 'NONE', #2700, .T. ) ;
#860 = CIRCLE ( 'NONE', #1316, 5.182544935071781800 ) ;
#861 = FACE_OUTER_BOUND ( 'NONE', #2696, .T. ) ;
#862 = LINE ( 'NONE', #95, #350 ) ;
#863 = PRODUCT ( 'ALP4015', 'ALP4015', '', ( #1919 ) ) ;
#864 = PERSON ( 'UNSPECIFIED', 'UNSPECIFIED', 'UNSPECIFIED', ('UNSPECIFIED'), ('UNSPECIFIED'), ('UNSPECIFIED') ) ;
#865 = ORGANIZATION ( 'UNSPECIFIED', 'UNSPECIFIED', '' ) ;
#866 = CALENDAR_DATE ( 2017, 28, 2 ) ;
#867 = PERSON_AND_ORGANIZATION ( #864, #865 ) ;
#868 = CYLINDRICAL_SURFACE ( 'NONE', #1275, 2.399999999999999500 ) ;
#869 = COORDINATED_UNIVERSAL_TIME_OFFSET ( 1, 0, .AHEAD. ) ;
#870 = PERSON_AND_ORGANIZATION ( #864, #865 ) ;
#871 = LOCAL_TIME ( 13, 42, 19.00000000000000000, #912 ) ;
#872 = DATE_AND_TIME ( #914, #871 ) ;
#873 = DATE_AND_TIME ( #893, #887 ) ;
#874 = PERSON_AND_ORGANIZATION ( #864, #865 ) ;
#875 = PERSON_AND_ORGANIZATION ( #864, #865 ) ;
#876 = FACE_OUTER_BOUND ( 'NONE', #2729, .T. ) ;
#877 = FACE_OUTER_BOUND ( 'NONE', #2697, .T. ) ;
#878 = FACE_OUTER_BOUND ( 'NONE', #2661, .T. ) ;
#879 = APPROVAL_PERSON_ORGANIZATION ( #911, #1293, #1925 ) ;
#880 = FACE_OUTER_BOUND ( 'NONE', #2724, .T. ) ;
#881 = COORDINATED_UNIVERSAL_TIME_OFFSET ( 1, 0, .AHEAD. ) ;
#882 = DATE_AND_TIME ( #913, #896 ) ;
#883 = APPROVAL_PERSON_ORGANIZATION ( #892, #1301, #1934 ) ;
#884 = APPROVAL_DATE_TIME ( #873, #1293 ) ;
#885 = CYLINDRICAL_SURFACE ( 'NONE', #1295, 0.4999999999999988300 ) ;
#886 = FACE_OUTER_BOUND ( 'NONE', #2648, .T. ) ;
#887 = LOCAL_TIME ( 13, 42, 19.00000000000000000, #881 ) ;
#888 = CYLINDRICAL_SURFACE ( 'NONE', #1261, 3.000000000000000400 ) ;
#889 = FACE_OUTER_BOUND ( 'NONE', #2770, .T. ) ;
#890 = CYLINDRICAL_SURFACE ( 'NONE', #1260, 0.5000000000000000000 ) ;
#891 = FACE_OUTER_BOUND ( 'NONE', #2746, .T. ) ;
#892 = PERSON_AND_ORGANIZATION ( #864, #865 ) ;
#893 = CALENDAR_DATE ( 2017, 28, 2 ) ;
#894 = COORDINATED_UNIVERSAL_TIME_OFFSET ( 1, 0, .AHEAD. ) ;
#895 = APPROVAL_DATE_TIME ( #908, #1301 ) ;
#896 = LOCAL_TIME ( 13, 42, 19.00000000000000000, #869 ) ;
#897 = COORDINATED_UNIVERSAL_TIME_OFFSET ( 1, 0, .AHEAD. ) ;
#898 = LOCAL_TIME ( 13, 42, 19.00000000000000000, #897 ) ;
#899 = DATE_AND_TIME ( #909, #898 ) ;
#900 = APPROVAL_DATE_TIME ( #872, #1492 ) ;
#901 = SHAPE_DEFINITION_REPRESENTATION ( #1401, #1504 ) ;
#902 = PERSON_AND_ORGANIZATION ( #864, #865 ) ;
#903 = PERSON_AND_ORGANIZATION ( #864, #865 ) ;
#904 = LOCAL_TIME ( 13, 42, 19.00000000000000000, #894 ) ;
#905 = CYLINDRICAL_SURFACE ( 'NONE', #1306, 0.5000000000000004400 ) ;
#906 = FACE_OUTER_BOUND ( 'NONE', #2761, .T. ) ;
#907 = CYLINDRICAL_SURFACE ( 'NONE', #1288, 2.999999999999999100 ) ;
#908 = DATE_AND_TIME ( #866, #904 ) ;
#909 = CALENDAR_DATE ( 2017, 28, 2 ) ;
#910 = APPROVAL_PERSON_ORGANIZATION ( #874, #1492, #1930 ) ;
#911 = PERSON_AND_ORGANIZATION ( #864, #865 ) ;
#912 = COORDINATED_UNIVERSAL_TIME_OFFSET ( 1, 0, .AHEAD. ) ;
#913 = CALENDAR_DATE ( 2017, 28, 2 ) ;
#914 = CALENDAR_DATE ( 2017, 28, 2 ) ;
#915 = CYLINDRICAL_SURFACE ( 'NONE', #1268, 2.399999999999997700 ) ;
#916 = FACE_OUTER_BOUND ( 'NONE', #2662, .T. ) ;
#917 = FACE_OUTER_BOUND ( 'NONE', #2714, .T. ) ;
#918 = FACE_OUTER_BOUND ( 'NONE', #2668, .T. ) ;
#919 = FACE_OUTER_BOUND ( 'NONE', #2710, .T. ) ;
#920 = CYLINDRICAL_SURFACE ( 'NONE', #1281, 0.5000000000000000000 ) ;
#921 = CYLINDRICAL_SURFACE ( 'NONE', #1252, 2.999999999999999100 ) ;
#922 = FACE_OUTER_BOUND ( 'NONE', #2751, .T. ) ;
#923 = SPHERICAL_SURFACE ( 'NONE', #1276, 3.000000000000000000 ) ;
#924 = CONICAL_SURFACE ( 'NONE', #1272, 1.700000000000001500, 0.01745329251994333400 ) ;
#925 = FACE_OUTER_BOUND ( 'NONE', #2713, .T. ) ;
#926 = FACE_OUTER_BOUND ( 'NONE', #2692, .T. ) ;
#927 = FACE_OUTER_BOUND ( 'NONE', #2769, .T. ) ;
#928 = CYLINDRICAL_SURFACE ( 'NONE', #1231, 0.5000000000000001100 ) ;
#929 = TOROIDAL_SURFACE ( 'NONE', #1244, 2.603920978872850300, 0.5000000000000000000 ) ;
#930 = FACE_OUTER_BOUND ( 'NONE', #2653, .T. ) ;
#931 = FACE_OUTER_BOUND ( 'NONE', #2678, .T. ) ;
#932 = FACE_OUTER_BOUND ( 'NONE', #2702, .T. ) ;
#933 = CYLINDRICAL_SURFACE ( 'NONE', #1271, 0.5000000000000004400 ) ;
#934 = SPHERICAL_SURFACE ( 'NONE', #1274, 3.000000000000000000 ) ;
#935 = CYLINDRICAL_SURFACE ( 'NONE', #1251, 2.999999999999999100 ) ;
#936 = SPHERICAL_SURFACE ( 'NONE', #1257, 0.5000000000000000000 ) ;
#937 = FACE_OUTER_BOUND ( 'NONE', #2694, .T. ) ;
#938 = FACE_OUTER_BOUND ( 'NONE', #2768, .T. ) ;
#939 = CYLINDRICAL_SURFACE ( 'NONE', #1258, 0.4999999999999988300 ) ;
#940 = FACE_OUTER_BOUND ( 'NONE', #2747, .T. ) ;
#941 = FACE_OUTER_BOUND ( 'NONE', #2672, .T. ) ;
#942 = CYLINDRICAL_SURFACE ( 'NONE', #1229, 3.000000000000000000 ) ;
#943 = FACE_OUTER_BOUND ( 'NONE', #2693, .T. ) ;
#944 = FACE_OUTER_BOUND ( 'NONE', #2690, .T. ) ;
#945 = SPHERICAL_SURFACE ( 'NONE', #1286, 3.000000000000000000 ) ;
#946 = FACE_OUTER_BOUND ( 'NONE', #2762, .T. ) ;
#947 = FACE_OUTER_BOUND ( 'NONE', #2771, .T. ) ;
#948 = FACE_OUTER_BOUND ( 'NONE', #2763, .T. ) ;
#949 = TOROIDAL_SURFACE ( 'NONE', #1269, 2.603920978872850300, 0.5000000000000000000 ) ;
#950 = FACE_OUTER_BOUND ( 'NONE', #2756, .T. ) ;
#951 = FACE_OUTER_BOUND ( 'NONE', #2670, .T. ) ;
#952 = SPHERICAL_SURFACE ( 'NONE', #1216, 3.000000000000000000 ) ;
#953 = FACE_OUTER_BOUND ( 'NONE', #2764, .T. ) ;
#954 = TOROIDAL_SURFACE ( 'NONE', #1246, 2.296079021127152700, 0.5000000000000000000 ) ;
#955 = FACE_OUTER_BOUND ( 'NONE', #2689, .T. ) ;
#956 = FACE_OUTER_BOUND ( 'NONE', #2691, .T. ) ;
#957 = FACE_OUTER_BOUND ( 'NONE', #2755, .T. ) ;
#958 = CYLINDRICAL_SURFACE ( 'NONE', #1259, 0.5000000000000004400 ) ;
#959 = CYLINDRICAL_SURFACE ( 'NONE', #1217, 0.5000000000000000000 ) ;
#960 = FACE_OUTER_BOUND ( 'NONE', #2765, .T. ) ;
#961 = FACE_OUTER_BOUND ( 'NONE', #2675, .T. ) ;
#962 = FACE_OUTER_BOUND ( 'NONE', #2731, .T. ) ;
#963 = FACE_OUTER_BOUND ( 'NONE', #2703, .T. ) ;
#964 = CYLINDRICAL_SURFACE ( 'NONE', #1267, 3.000000000000000000 ) ;
#965 = CYLINDRICAL_SURFACE ( 'NONE', #1266, 0.5000000000000000000 ) ;
#966 = FACE_OUTER_BOUND ( 'NONE', #2708, .T. ) ;
#967 = FACE_OUTER_BOUND ( 'NONE', #2669, .T. ) ;
#968 = CYLINDRICAL_SURFACE ( 'NONE', #1305, 2.399999999999999500 ) ;
#969 = FACE_OUTER_BOUND ( 'NONE', #2656, .T. ) ;
#970 = FACE_OUTER_BOUND ( 'NONE', #2684, .T. ) ;
#971 = FACE_OUTER_BOUND ( 'NONE', #2743, .T. ) ;
#972 = FACE_OUTER_BOUND ( 'NONE', #2767, .T. ) ;
#973 = FACE_OUTER_BOUND ( 'NONE', #2676, .T. ) ;
#974 = CYLINDRICAL_SURFACE ( 'NONE', #1218, 2.399999999999999500 ) ;
#975 = SPHERICAL_SURFACE ( 'NONE', #1241, 0.5000000000000000000 ) ;
#976 = FACE_OUTER_BOUND ( 'NONE', #2720, .T. ) ;
#977 = FACE_OUTER_BOUND ( 'NONE', #2685, .T. ) ;
#978 = FACE_OUTER_BOUND ( 'NONE', #2759, .T. ) ;
#979 = FACE_OUTER_BOUND ( 'NONE', #2726, .T. ) ;
#980 = FACE_OUTER_BOUND ( 'NONE', #2683, .T. ) ;
#981 = FACE_OUTER_BOUND ( 'NONE', #2699, .T. ) ;
#982 = CONICAL_SURFACE ( 'NONE', #1280, 3.200000000000001500, 0.01745329251994333400 ) ;
#983 = CYLINDRICAL_SURFACE ( 'NONE', #1270, 0.4999999999999997200 ) ;
#984 = FACE_OUTER_BOUND ( 'NONE', #2671, .T. ) ;
#985 = ORIENTED_EDGE ( 'NONE', *, *, #1206, .T. ) ;
#986 = ORIENTED_EDGE ( 'NONE', *, *, #1197, .F. ) ;
#987 = ORIENTED_EDGE ( 'NONE', *, *, #1112, .T. ) ;
#988 = EDGE_CURVE ( 'NONE', #2772, #2718, #1503, .T. ) ;
#989 = EDGE_CURVE ( 'NONE', #2749, #2723, #831, .T. ) ;
#990 = EDGE_CURVE ( 'NONE', #2735, #2741, #814, .T. ) ;
#991 = EDGE_CURVE ( 'NONE', #2776, #2735, #830, .T. ) ;
#992 = EDGE_CURVE ( 'NONE', #2775, #2449, #1534, .T. ) ;
#993 = EDGE_CURVE ( 'NONE', #2758, #2733, #825, .T. ) ;
#994 = EDGE_CURVE ( 'NONE', #2737, #2774, #851, .T. ) ;
#995 = EDGE_CURVE ( 'NONE', #2722, #2758, #845, .T. ) ;
#996 = EDGE_CURVE ( 'NONE', #2495, #2778, #838, .T. ) ;
#997 = EDGE_CURVE ( 'NONE', #2716, #2754, #1524, .T. ) ;
#998 = EDGE_CURVE ( 'NONE', #2497, #2453, #848, .T. ) ;
#999 = EDGE_CURVE ( 'NONE', #2774, #2734, #807, .T. ) ;
#1000 = EDGE_CURVE ( 'NONE', #2749, #2503, #1539, .T. ) ;
#1001 = EDGE_CURVE ( 'NONE', #2734, #2777, #839, .T. ) ;
#1002 = EDGE_CURVE ( 'NONE', #2453, #2463, #850, .T. ) ;
#1003 = EDGE_CURVE ( 'NONE', #2728, #2775, #849, .T. ) ;
#1004 = EDGE_CURVE ( 'NONE', #2725, #2750, #1540, .T. ) ;
#1005 = EDGE_CURVE ( 'NONE', #2757, #2716, #827, .T. ) ;
#1006 = EDGE_CURVE ( 'NONE', #2477, #2458, #1509, .T. ) ;
#1007 = EDGE_CURVE ( 'NONE', #2753, #2757, #1535, .T. ) ;
#1008 = EDGE_CURVE ( 'NONE', #2479, #2475, #1510, .T. ) ;
#1009 = EDGE_CURVE ( 'NONE', #2711, #2721, #819, .T. ) ;
#1010 = EDGE_CURVE ( 'NONE', #2741, #2735, #856, .T. ) ;
#1011 = EDGE_CURVE ( 'NONE', #2748, #2766, #801, .T. ) ;
#1012 = EDGE_CURVE ( 'NONE', #2480, #2497, #1538, .T. ) ;
#1013 = EDGE_CURVE ( 'NONE', #2732, #2738, #853, .T. ) ;
#1014 = EDGE_CURVE ( 'NONE', #2740, #2712, #803, .T. ) ;
#1015 = EDGE_CURVE ( 'NONE', #2463, #2495, #815, .T. ) ;
#1016 = EDGE_CURVE ( 'NONE', #2718, #2776, #858, .T. ) ;
#1017 = EDGE_CURVE ( 'NONE', #2449, #2725, #860, .T. ) ;
#1018 = EDGE_CURVE ( 'NONE', #2752, #2728, #1536, .T. ) ;
#1019 = EDGE_CURVE ( 'NONE', #2723, #2478, #857, .T. ) ;
#1020 = EDGE_CURVE ( 'NONE', #2777, #2722, #862, .T. ) ;
#1021 = EDGE_CURVE ( 'NONE', #2750, #2772, #336, .T. ) ;
#1022 = EDGE_CURVE ( 'NONE', #2778, #2753, #304, .T. ) ;
#1023 = EDGE_CURVE ( 'NONE', #2712, #2732, #319, .T. ) ;
#1024 = EDGE_CURVE ( 'NONE', #2766, #2754, #306, .T. ) ;
#1025 = EDGE_CURVE ( 'NONE', #2715, #2717, #334, .T. ) ;
#1026 = EDGE_CURVE ( 'NONE', #2773, #2737, #317, .T. ) ;
#1027 = EDGE_CURVE ( 'NONE', #2738, #2715, #1511, .T. ) ;
#1028 = EDGE_CURVE ( 'NONE', #2478, #2748, #353, .T. ) ;
#1029 = EDGE_CURVE ( 'NONE', #2717, #2760, #1528, .T. ) ;
#1030 = EDGE_CURVE ( 'NONE', #2760, #2739, #352, .T. ) ;
#1031 = EDGE_CURVE ( 'NONE', #2721, #2727, #1533, .T. ) ;
#1032 = EDGE_CURVE ( 'NONE', #2727, #2736, #309, .T. ) ;
#1033 = EDGE_CURVE ( 'NONE', #2503, #2480, #354, .T. ) ;
#1034 = EDGE_CURVE ( 'NONE', #2733, #2773, #355, .T. ) ;
#1035 = EDGE_CURVE ( 'NONE', #2471, #2496, #335, .T. ) ;
#1036 = EDGE_CURVE ( 'NONE', #2557, #2570, #356, .T. ) ;
#1037 = EDGE_CURVE ( 'NONE', #2490, #2482, #337, .T. ) ;
#1038 = EDGE_CURVE ( 'NONE', #2466, #2468, #346, .T. ) ;
#1039 = EDGE_CURVE ( 'NONE', #2492, #2504, #349, .T. ) ;
#1040 = EDGE_CURVE ( 'NONE', #2566, #2547, #313, .T. ) ;
#1041 = EDGE_CURVE ( 'NONE', #2499, #2501, #315, .T. ) ;
#1042 = EDGE_CURVE ( 'NONE', #2470, #2715, #310, .T. ) ;
#1043 = EDGE_CURVE ( 'NONE', #2486, #2509, #311, .T. ) ;
#1044 = EDGE_CURVE ( 'NONE', #2567, #2538, #339, .T. ) ;
#1045 = EDGE_CURVE ( 'NONE', #2506, #2772, #1512, .T. ) ;
#1046 = EDGE_CURVE ( 'NONE', #2459, #2505, #341, .T. ) ;
#1047 = EDGE_CURVE ( 'NONE', #2721, #2485, #307, .T. ) ;
#1048 = EDGE_CURVE ( 'NONE', #2457, #2711, #316, .T. ) ;
#1049 = EDGE_CURVE ( 'NONE', #2496, #2461, #344, .T. ) ;
#1050 = EDGE_CURVE ( 'NONE', #2745, #2752, #324, .T. ) ;
#1051 = EDGE_CURVE ( 'NONE', #2776, #2476, #342, .T. ) ;
#1052 = EDGE_CURVE ( 'NONE', #2455, #2487, #322, .T. ) ;
#1053 = EDGE_CURVE ( 'NONE', #2539, #2567, #328, .T. ) ;
#1054 = EDGE_CURVE ( 'NONE', #2725, #2739, #325, .T. ) ;
#1055 = EDGE_CURVE ( 'NONE', #2739, #2711, #1516, .T. ) ;
#1056 = EDGE_CURVE ( 'NONE', #2752, #2738, #358, .T. ) ;
#1057 = EDGE_CURVE ( 'NONE', #2740, #2736, #330, .T. ) ;
#1058 = EDGE_CURVE ( 'NONE', #2476, #2477, #1521, .T. ) ;
#1059 = EDGE_CURVE ( 'NONE', #2532, #2547, #305, .T. ) ;
#1060 = EDGE_CURVE ( 'NONE', #2492, #2491, #1529, .T. ) ;
#1061 = EDGE_CURVE ( 'NONE', #2515, #2545, #343, .T. ) ;
#1062 = EDGE_CURVE ( 'NONE', #2477, #2475, #345, .T. ) ;
#1063 = EDGE_CURVE ( 'NONE', #2491, #2465, #332, .T. ) ;
#1064 = EDGE_CURVE ( 'NONE', #2465, #2487, #1517, .T. ) ;
#1065 = EDGE_CURVE ( 'NONE', #2530, #2518, #348, .T. ) ;
#1066 = EDGE_CURVE ( 'NONE', #2499, #2465, #1507, .T. ) ;
#1067 = EDGE_CURVE ( 'NONE', #2533, #2548, #329, .T. ) ;
#1068 = EDGE_CURVE ( 'NONE', #2504, #2508, #1506, .T. ) ;
#1069 = EDGE_CURVE ( 'NONE', #2482, #2492, #400, .T. ) ;
#1070 = EDGE_CURVE ( 'NONE', #2466, #2775, #1525, .T. ) ;
#1071 = EDGE_CURVE ( 'NONE', #2760, #2449, #378, .T. ) ;
#1072 = EDGE_CURVE ( 'NONE', #2553, #2528, #371, .T. ) ;
#1073 = EDGE_CURVE ( 'NONE', #2494, #2510, #397, .T. ) ;
#1074 = EDGE_CURVE ( 'NONE', #2496, #2502, #390, .T. ) ;
#1075 = EDGE_CURVE ( 'NONE', #2506, #2485, #1518, .T. ) ;
#1076 = EDGE_CURVE ( 'NONE', #2569, #2555, #395, .T. ) ;
#1077 = EDGE_CURVE ( 'NONE', #2539, #2538, #372, .T. ) ;
#1078 = EDGE_CURVE ( 'NONE', #2717, #2484, #411, .T. ) ;
#1079 = EDGE_CURVE ( 'NONE', #2481, #2553, #382, .T. ) ;
#1080 = EDGE_CURVE ( 'NONE', #2490, #2504, #389, .T. ) ;
#1081 = EDGE_CURVE ( 'NONE', #2745, #2741, #373, .T. ) ;
#1082 = EDGE_CURVE ( 'NONE', #2448, #2500, #383, .T. ) ;
#1083 = EDGE_CURVE ( 'NONE', #2534, #2555, #394, .T. ) ;
#1084 = EDGE_CURVE ( 'NONE', #2505, #2494, #416, .T. ) ;
#1085 = EDGE_CURVE ( 'NONE', #2457, #2488, #1527, .T. ) ;
#1086 = EDGE_CURVE ( 'NONE', #2452, #2489, #410, .T. ) ;
#1087 = EDGE_CURVE ( 'NONE', #2464, #2471, #408, .T. ) ;
#1088 = EDGE_CURVE ( 'NONE', #2489, #2473, #363, .T. ) ;
#1089 = EDGE_CURVE ( 'NONE', #2475, #2482, #1526, .T. ) ;
#1090 = EDGE_CURVE ( 'NONE', #2455, #2732, #377, .T. ) ;
#1091 = EDGE_CURVE ( 'NONE', #2487, #2745, #380, .T. ) ;
#1092 = EDGE_CURVE ( 'NONE', #2728, #2468, #1532, .T. ) ;
#1093 = EDGE_CURVE ( 'NONE', #2536, #2568, #366, .T. ) ;
#1094 = EDGE_CURVE ( 'NONE', #2529, #2556, #413, .T. ) ;
#1095 = EDGE_CURVE ( 'NONE', #2534, #2569, #414, .T. ) ;
#1096 = EDGE_CURVE ( 'NONE', #2481, #2528, #360, .T. ) ;
#1097 = EDGE_CURVE ( 'NONE', #2491, #2501, #1530, .T. ) ;
#1098 = EDGE_CURVE ( 'NONE', #2467, #2489, #396, .T. ) ;
#1099 = EDGE_CURVE ( 'NONE', #2474, #2464, #381, .T. ) ;
#1100 = EDGE_CURVE ( 'NONE', #2548, #2463, #417, .T. ) ;
#1101 = EDGE_CURVE ( 'NONE', #2548, #2513, #368, .T. ) ;
#1102 = EDGE_CURVE ( 'NONE', #2526, #2533, #374, .T. ) ;
#1103 = EDGE_CURVE ( 'NONE', #2460, #2493, #398, .T. ) ;
#1104 = EDGE_CURVE ( 'NONE', #2461, #2469, #385, .T. ) ;
#1105 = EDGE_CURVE ( 'NONE', #2507, #2490, #1531, .T. ) ;
#1106 = EDGE_CURVE ( 'NONE', #2452, #2474, #387, .T. ) ;
#1107 = EDGE_CURVE ( 'NONE', #2557, #2553, #364, .T. ) ;
#1108 = EDGE_CURVE ( 'NONE', #2531, #2537, #391, .T. ) ;
#1109 = EDGE_CURVE ( 'NONE', #2537, #2527, #401, .T. ) ;
#1110 = EDGE_CURVE ( 'NONE', #2532, #2753, #362, .T. ) ;
#1111 = EDGE_CURVE ( 'NONE', #2497, #2481, #402, .T. ) ;
#1112 = EDGE_CURVE ( 'NONE', #2547, #2538, #406, .T. ) ;
#1113 = EDGE_CURVE ( 'NONE', #2474, #2537, #404, .T. ) ;
#1114 = EDGE_CURVE ( 'NONE', #2483, #2450, #409, .T. ) ;
#1115 = EDGE_CURVE ( 'NONE', #2539, #2529, #405, .T. ) ;
#1116 = EDGE_CURVE ( 'NONE', #2456, #2452, #471, .T. ) ;
#1117 = EDGE_CURVE ( 'NONE', #2527, #2448, #474, .T. ) ;
#1118 = EDGE_CURVE ( 'NONE', #2510, #2460, #430, .T. ) ;
#1119 = EDGE_CURVE ( 'NONE', #2473, #2474, #450, .T. ) ;
#1120 = EDGE_CURVE ( 'NONE', #2502, #2462, #440, .T. ) ;
#1121 = EDGE_CURVE ( 'NONE', #2470, #2468, #1505, .T. ) ;
#1122 = EDGE_CURVE ( 'NONE', #2447, #2448, #457, .T. ) ;
#1123 = EDGE_CURVE ( 'NONE', #2469, #2500, #428, .T. ) ;
#1124 = EDGE_CURVE ( 'NONE', #2464, #2502, #459, .T. ) ;
#1125 = EDGE_CURVE ( 'NONE', #2451, #2508, #421, .T. ) ;
#1126 = EDGE_CURVE ( 'NONE', #2462, #2461, #435, .T. ) ;
#1127 = EDGE_CURVE ( 'NONE', #2528, #2480, #463, .T. ) ;
#1128 = EDGE_CURVE ( 'NONE', #2515, #2723, #454, .T. ) ;
#1129 = EDGE_CURVE ( 'NONE', #2509, #2459, #431, .T. ) ;
#1130 = EDGE_CURVE ( 'NONE', #2507, #2450, #475, .T. ) ;
#1131 = EDGE_CURVE ( 'NONE', #2462, #2447, #426, .T. ) ;
#1132 = EDGE_CURVE ( 'NONE', #2451, #2498, #445, .T. ) ;
#1133 = EDGE_CURVE ( 'NONE', #2513, #2495, #441, .T. ) ;
#1134 = EDGE_CURVE ( 'NONE', #2479, #2450, #1508, .T. ) ;
#1135 = EDGE_CURVE ( 'NONE', #2457, #2485, #422, .T. ) ;
#1136 = EDGE_CURVE ( 'NONE', #2448, #2456, #434, .T. ) ;
#1137 = EDGE_CURVE ( 'NONE', #2456, #2527, #465, .T. ) ;
#1138 = EDGE_CURVE ( 'NONE', #2472, #2498, #432, .T. ) ;
#1139 = EDGE_CURVE ( 'NONE', #2508, #2472, #464, .T. ) ;
#1140 = EDGE_CURVE ( 'NONE', #2467, #2456, #476, .T. ) ;
#1141 = EDGE_CURVE ( 'NONE', #2469, #2447, #447, .T. ) ;
#1142 = EDGE_CURVE ( 'NONE', #2568, #2518, #442, .T. ) ;
#1143 = EDGE_CURVE ( 'NONE', #2566, #2565, #448, .T. ) ;
#1144 = EDGE_CURVE ( 'NONE', #2451, #2501, #1522, .T. ) ;
#1145 = EDGE_CURVE ( 'NONE', #2506, #2488, #451, .T. ) ;
#1146 = EDGE_CURVE ( 'NONE', #2454, #2507, #427, .T. ) ;
#1147 = EDGE_CURVE ( 'NONE', #2466, #2484, #1513, .T. ) ;
#1148 = EDGE_CURVE ( 'NONE', #2500, #2467, #477, .T. ) ;
#1149 = EDGE_CURVE ( 'NONE', #2483, #2458, #1537, .T. ) ;
#1150 = EDGE_CURVE ( 'NONE', #2565, #2540, #452, .T. ) ;
#1151 = EDGE_CURVE ( 'NONE', #2526, #2513, #453, .T. ) ;
#1152 = EDGE_CURVE ( 'NONE', #2527, #2535, #455, .T. ) ;
#1153 = EDGE_CURVE ( 'NONE', #2535, #2531, #436, .T. ) ;
#1154 = EDGE_CURVE ( 'NONE', #2483, #2454, #467, .T. ) ;
#1155 = EDGE_CURVE ( 'NONE', #2733, #2510, #478, .T. ) ;
#1156 = EDGE_CURVE ( 'NONE', #2737, #2505, #481, .T. ) ;
#1157 = EDGE_CURVE ( 'NONE', #2570, #2548, #470, .T. ) ;
#1158 = EDGE_CURVE ( 'NONE', #2470, #2484, #420, .T. ) ;
#1159 = EDGE_CURVE ( 'NONE', #2499, #2498, #1519, .T. ) ;
#1160 = EDGE_CURVE ( 'NONE', #2556, #2567, #507, .T. ) ;
#1161 = EDGE_CURVE ( 'NONE', #2493, #2486, #534, .T. ) ;
#1162 = EDGE_CURVE ( 'NONE', #2473, #2471, #506, .T. ) ;
#1163 = EDGE_CURVE ( 'NONE', #2569, #2749, #502, .T. ) ;
#1164 = EDGE_CURVE ( 'NONE', #2722, #2493, #529, .T. ) ;
#1165 = EDGE_CURVE ( 'NONE', #2754, #2539, #509, .T. ) ;
#1166 = EDGE_CURVE ( 'NONE', #2565, #2526, #494, .T. ) ;
#1167 = EDGE_CURVE ( 'NONE', #2536, #2515, #539, .T. ) ;
#1168 = EDGE_CURVE ( 'NONE', #2530, #2536, #519, .T. ) ;
#1169 = AXIS2_PLACEMENT_3D ( 'NONE', #40, #35, #18 ) ;
#1170 = EDGE_CURVE ( 'NONE', #2712, #2740, #500, .T. ) ;
#1171 = EDGE_CURVE ( 'NONE', #2529, #2766, #524, .T. ) ;
#1172 = AXIS2_PLACEMENT_3D ( 'NONE', #46, #16, #19 ) ;
#1173 = EDGE_CURVE ( 'NONE', #2518, #2556, #518, .T. ) ;
#1174 = EDGE_CURVE ( 'NONE', #2727, #2718, #541, .T. ) ;
#1175 = EDGE_CURVE ( 'NONE', #2736, #2552, #498, .T. ) ;
#1176 = EDGE_CURVE ( 'NONE', #2531, #2502, #491, .T. ) ;
#1177 = EDGE_CURVE ( 'NONE', #2774, #2459, #543, .T. ) ;
#1178 = EDGE_CURVE ( 'NONE', #2552, #2454, #1514, .T. ) ;
#1179 = EDGE_CURVE ( 'NONE', #2533, #2557, #533, .T. ) ;
#1180 = EDGE_CURVE ( 'NONE', #2464, #2531, #538, .T. ) ;
#1181 = EDGE_CURVE ( 'NONE', #2529, #2530, #484, .T. ) ;
#1182 = EDGE_CURVE ( 'NONE', #2734, #2509, #493, .T. ) ;
#1183 = AXIS2_PLACEMENT_3D ( 'NONE', #62, #82, #48 ) ;
#1184 = AXIS2_PLACEMENT_3D ( 'NONE', #80, #85, #52 ) ;
#1185 = EDGE_CURVE ( 'NONE', #2553, #2534, #504, .T. ) ;
#1186 = EDGE_CURVE ( 'NONE', #2758, #2460, #542, .T. ) ;
#1187 = EDGE_CURVE ( 'NONE', #2545, #2568, #485, .T. ) ;
#1188 = AXIS2_PLACEMENT_3D ( 'NONE', #56, #67, #63 ) ;
#1189 = CC_DESIGN_DATE_AND_TIME_ASSIGNMENT ( #899, #1938, ( #1264 ) ) ;
#1190 = EDGE_CURVE ( 'NONE', #2566, #2532, #486, .T. ) ;
#1191 = EDGE_CURVE ( 'NONE', #2534, #2545, #505, .T. ) ;
#1192 = EDGE_CURVE ( 'NONE', #2757, #2547, #495, .T. ) ;
#1193 = EDGE_CURVE ( 'NONE', #2530, #2748, #497, .T. ) ;
#1194 = EDGE_CURVE ( 'NONE', #2481, #2570, #483, .T. ) ;
#1195 = EDGE_CURVE ( 'NONE', #2567, #2566, #489, .T. ) ;
#1196 = EDGE_CURVE ( 'NONE', #2513, #2540, #487, .T. ) ;
#1197 = EDGE_CURVE ( 'NONE', #2570, #2453, #511, .T. ) ;
#1198 = EDGE_CURVE ( 'NONE', #2540, #2778, #515, .T. ) ;
#1199 = EDGE_CURVE ( 'NONE', #2750, #2488, #1520, .T. ) ;
#1200 = EDGE_CURVE ( 'NONE', #2503, #2555, #525, .T. ) ;
#1201 = AXIS2_PLACEMENT_3D ( 'NONE', #24, #32, #22 ) ;
#1202 = EDGE_CURVE ( 'NONE', #2472, #2455, #1515, .T. ) ;
#1203 = EDGE_CURVE ( 'NONE', #2479, #2458, #517, .T. ) ;
#1204 = EDGE_CURVE ( 'NONE', #2538, #2716, #522, .T. ) ;
#1205 = EDGE_CURVE ( 'NONE', #2535, #2462, #513, .T. ) ;
#1206 = EDGE_CURVE ( 'NONE', #2515, #2569, #528, .T. ) ;
#1207 = EDGE_CURVE ( 'NONE', #2476, #2552, #563, .T. ) ;
#1208 = EDGE_CURVE ( 'NONE', #2535, #2447, #599, .T. ) ;
#1209 = EDGE_CURVE ( 'NONE', #2777, #2486, #550, .T. ) ;
#1210 = EDGE_CURVE ( 'NONE', #2536, #2478, #588, .T. ) ;
#1211 = EDGE_CURVE ( 'NONE', #2540, #2532, #562, .T. ) ;
#1212 = AXIS2_PLACEMENT_3D ( 'NONE', #28, #27, #34 ) ;
#1213 = EDGE_CURVE ( 'NONE', #2555, #2528, #598, .T. ) ;
#1214 = EDGE_CURVE ( 'NONE', #2452, #2537, #556, .T. ) ;
#1215 = EDGE_CURVE ( 'NONE', #2773, #2494, #559, .T. ) ;
#1216 = AXIS2_PLACEMENT_3D ( 'NONE', #1666, #1655, #1675 ) ;
#1217 = AXIS2_PLACEMENT_3D ( 'NONE', #1644, #1648, #1650 ) ;
#1218 = AXIS2_PLACEMENT_3D ( 'NONE', #1653, #1677, #1673 ) ;
#1219 = AXIS2_PLACEMENT_3D ( 'NONE', #1581, #1556, #1550 ) ;
#1220 = AXIS2_PLACEMENT_3D ( 'NONE', #2421, #2422, #2423 ) ;
#1221 = AXIS2_PLACEMENT_3D ( 'NONE', #2426, #2404, #2405 ) ;
#1222 = AXIS2_PLACEMENT_3D ( 'NONE', #1551, #1575, #1574 ) ;
#1223 = AXIS2_PLACEMENT_3D ( 'NONE', #2433, #2437, #2435 ) ;
#1224 = AXIS2_PLACEMENT_3D ( 'NONE', #1571, #1558, #1568 ) ;
#1225 = AXIS2_PLACEMENT_3D ( 'NONE', #1548, #1573, #1561 ) ;
#1226 = AXIS2_PLACEMENT_3D ( 'NONE', #1543, #1565, #1569 ) ;
#1227 = AXIS2_PLACEMENT_3D ( 'NONE', #1562, #1555, #1566 ) ;
#1228 = AXIS2_PLACEMENT_3D ( 'NONE', #1577, #1579, #1549 ) ;
#1229 = AXIS2_PLACEMENT_3D ( 'NONE', #1626, #1611, #1599 ) ;
#1230 = AXIS2_PLACEMENT_3D ( 'NONE', #1605, #1620, #1597 ) ;
#1231 = AXIS2_PLACEMENT_3D ( 'NONE', #1631, #1632, #1614 ) ;
#1232 = AXIS2_PLACEMENT_3D ( 'NONE', #2406, #2427, #2385 ) ;
#1233 = AXIS2_PLACEMENT_3D ( 'NONE', #1583, #1553, #1586 ) ;
#1234 = AXIS2_PLACEMENT_3D ( 'NONE', #2441, #2436, #2438 ) ;
#1235 = AXIS2_PLACEMENT_3D ( 'NONE', #1609, #1634, #1612 ) ;
#1236 = AXIS2_PLACEMENT_3D ( 'NONE', #1606, #1621, #1608 ) ;
#1237 = AXIS2_PLACEMENT_3D ( 'NONE', #1600, #1603, #1618 ) ;
#1238 = AXIS2_PLACEMENT_3D ( 'NONE', #1557, #1587, #1572 ) ;
#1239 = AXIS2_PLACEMENT_3D ( 'NONE', #1596, #1615, #1598 ) ;
#1240 = AXIS2_PLACEMENT_3D ( 'NONE', #1619, #1622, #1607 ) ;
#1241 = AXIS2_PLACEMENT_3D ( 'NONE', #1662, #1668, #1661 ) ;
#1242 = AXIS2_PLACEMENT_3D ( 'NONE', #2420, #2432, #2388 ) ;
#1243 = AXIS2_PLACEMENT_3D ( 'NONE', #1580, #1585, #1554 ) ;
#1244 = AXIS2_PLACEMENT_3D ( 'NONE', #1635, #1624, #1627 ) ;
#1245 = AXIS2_PLACEMENT_3D ( 'NONE', #1570, #1559, #1576 ) ;
#1246 = AXIS2_PLACEMENT_3D ( 'NONE', #1629, #1602, #1604 ) ;
#1247 = AXIS2_PLACEMENT_3D ( 'NONE', #2446, #2434, #2442 ) ;
#1248 = AXIS2_PLACEMENT_3D ( 'NONE', #1546, #1564, #1567 ) ;
#1249 = AXIS2_PLACEMENT_3D ( 'NONE', #1591, #1633, #1610 ) ;
#1250 = AXIS2_PLACEMENT_3D ( 'NONE', #1594, #1589, #1630 ) ;
#1251 = AXIS2_PLACEMENT_3D ( 'NONE', #1592, #1593, #1616 ) ;
#1252 = AXIS2_PLACEMENT_3D ( 'NONE', #1663, #1659, #1665 ) ;
#1253 = AXIS2_PLACEMENT_3D ( 'NONE', #1656, #1678, #1652 ) ;
#1254 = AXIS2_PLACEMENT_3D ( 'NONE', #1563, #1545, #1541 ) ;
#1255 = AXIS2_PLACEMENT_3D ( 'NONE', #2444, #2439, #2440 ) ;
#1256 = AXIS2_PLACEMENT_3D ( 'NONE', #1590, #1595, #1613 ) ;
#1257 = AXIS2_PLACEMENT_3D ( 'NONE', #1643, #1672, #1637 ) ;
#1258 = AXIS2_PLACEMENT_3D ( 'NONE', #1646, #1647, #1676 ) ;
#1259 = AXIS2_PLACEMENT_3D ( 'NONE', #1716, #1692, #1720 ) ;
#1260 = AXIS2_PLACEMENT_3D ( 'NONE', #1770, #1741, #1773 ) ;
#1261 = AXIS2_PLACEMENT_3D ( 'NONE', #1733, #1763, #1756 ) ;
#1262 = CC_DESIGN_PERSON_AND_ORGANIZATION_ASSIGNMENT ( #903, #1931, ( #863 ) ) ;
#1263 = CC_DESIGN_DATE_AND_TIME_ASSIGNMENT ( #882, #1921, ( #1291 ) ) ;
#1264 = SECURITY_CLASSIFICATION ( '', '', #1922 ) ;
#1265 = CC_DESIGN_PERSON_AND_ORGANIZATION_ASSIGNMENT ( #875, #1927, ( #1264 ) ) ;
#1266 = AXIS2_PLACEMENT_3D ( 'NONE', #1705, #1693, #1695 ) ;
#1267 = AXIS2_PLACEMENT_3D ( 'NONE', #1710, #1689, #1696 ) ;
#1268 = AXIS2_PLACEMENT_3D ( 'NONE', #1713, #1719, #1723 ) ;
#1269 = AXIS2_PLACEMENT_3D ( 'NONE', #1728, #1701, #1690 ) ;
#1270 = AXIS2_PLACEMENT_3D ( 'NONE', #1752, #1751, #1767 ) ;
#1271 = AXIS2_PLACEMENT_3D ( 'NONE', #1649, #1674, #1684 ) ;
#1272 = AXIS2_PLACEMENT_3D ( 'NONE', #1725, #1700, #1697 ) ;
#1273 = AXIS2_PLACEMENT_3D ( 'NONE', #1667, #1679, #1651 ) ;
#1274 = AXIS2_PLACEMENT_3D ( 'NONE', #1664, #1682, #1660 ) ;
#1275 = AXIS2_PLACEMENT_3D ( 'NONE', #1748, #1736, #1760 ) ;
#1276 = AXIS2_PLACEMENT_3D ( 'NONE', #1698, #1727, #1685 ) ;
#1277 = AXIS2_PLACEMENT_3D ( 'NONE', #1779, #1754, #1747 ) ;
#1278 = AXIS2_PLACEMENT_3D ( 'NONE', #1730, #1726, #1715 ) ;
#1279 = AXIS2_PLACEMENT_3D ( 'NONE', #1711, #1718, #1714 ) ;
#1280 = AXIS2_PLACEMENT_3D ( 'NONE', #1721, #1703, #1707 ) ;
#1281 = AXIS2_PLACEMENT_3D ( 'NONE', #1658, #1681, #1641 ) ;
#1282 = AXIS2_PLACEMENT_3D ( 'NONE', #1750, #1749, #1737 ) ;
#1283 = AXIS2_PLACEMENT_3D ( 'NONE', #1783, #1753, #1744 ) ;
#1284 = AXIS2_PLACEMENT_3D ( 'NONE', #1691, #1709, #1704 ) ;
#1285 = AXIS2_PLACEMENT_3D ( 'NONE', #1740, #1762, #1757 ) ;
#1286 = AXIS2_PLACEMENT_3D ( 'NONE', #1729, #1724, #1731 ) ;
#1287 = AXIS2_PLACEMENT_3D ( 'NONE', #1686, #1722, #1712 ) ;
#1288 = AXIS2_PLACEMENT_3D ( 'NONE', #1772, #1734, #1745 ) ;
#1289 = AXIS2_PLACEMENT_3D ( 'NONE', #1645, #1699, #1702 ) ;
#1290 = AXIS2_PLACEMENT_3D ( 'NONE', #1920, #1928, #1924 ) ;
#1291 = PRODUCT_DEFINITION ( 'UNKNOWN', '', #1300, #1402 ) ;
#1292 = AXIS2_PLACEMENT_3D ( 'NONE', #1781, #1764, #1771 ) ;
#1293 = APPROVAL ( #1936, 'UNSPECIFIED' ) ;
#1294 = CC_DESIGN_APPROVAL ( #1293, ( #1291 ) ) ;
#1295 = AXIS2_PLACEMENT_3D ( 'NONE', #1768, #1755, #1769 ) ;
#1296 =( GEOMETRIC_REPRESENTATION_CONTEXT ( 3 ) GLOBAL_UNCERTAINTY_ASSIGNED_CONTEXT ( ( #1523 ) ) GLOBAL_UNIT_ASSIGNED_CONTEXT ( ( #1913, #1933, #1917 ) ) REPRESENTATION_CONTEXT ( 'NONE', 'WORKASPACE' ) );
#1297 = CC_DESIGN_PERSON_AND_ORGANIZATION_ASSIGNMENT ( #870, #1916, ( #1291 ) ) ;
#1298 = AXIS2_PLACEMENT_3D ( 'NONE', #1743, #1765, #1766 ) ;
#1299 = AXIS2_PLACEMENT_3D ( 'NONE', #1670, #1671, #1642 ) ;
#1300 = PRODUCT_DEFINITION_FORMATION_WITH_SPECIFIED_SOURCE ( 'ANY', '', #863, .NOT_KNOWN. ) ;
#1301 = APPROVAL ( #1923, 'UNSPECIFIED' ) ;
#1302 = CC_DESIGN_APPROVAL ( #1301, ( #1300 ) ) ;
#1303 = CC_DESIGN_PERSON_AND_ORGANIZATION_ASSIGNMENT ( #902, #1914, ( #1300 ) ) ;
#1304 = CC_DESIGN_PERSON_AND_ORGANIZATION_ASSIGNMENT ( #867, #1918, ( #1300 ) ) ;
#1305 = AXIS2_PLACEMENT_3D ( 'NONE', #1706, #1688, #1732 ) ;
#1306 = AXIS2_PLACEMENT_3D ( 'NONE', #1759, #1742, #1784 ) ;
#1307 = AXIS2_PLACEMENT_3D ( 'NONE', #1654, #1638, #1680 ) ;
#1308 = AXIS2_PLACEMENT_3D ( 'NONE', #190, #169, #191 ) ;
#1309 = AXIS2_PLACEMENT_3D ( 'NONE', #192, #193, #194 ) ;
#1310 = AXIS2_PLACEMENT_3D ( 'NONE', #119, #102, #97 ) ;
#1311 = AXIS2_PLACEMENT_3D ( 'NONE', #1945, #1973, #1955 ) ;
#1312 = AXIS2_PLACEMENT_3D ( 'NONE', #54, #72, #79 ) ;
#1313 = AXIS2_PLACEMENT_3D ( 'NONE', #186, #180, #171 ) ;
#1314 = AXIS2_PLACEMENT_3D ( 'NONE', #198, #199, #182 ) ;
#1315 = AXIS2_PLACEMENT_3D ( 'NONE', #65, #53, #84 ) ;
#1316 = AXIS2_PLACEMENT_3D ( 'NONE', #115, #111, #88 ) ;
#1317 = AXIS2_PLACEMENT_3D ( 'NONE', #127, #143, #147 ) ;
#1318 = AXIS2_PLACEMENT_3D ( 'NONE', #172, #170, #197 ) ;
#1319 = AXIS2_PLACEMENT_3D ( 'NONE', #162, #183, #187 ) ;
#1320 = AXIS2_PLACEMENT_3D ( 'NONE', #1979, #1985, #1989 ) ;
#1321 = AXIS2_PLACEMENT_3D ( 'NONE', #1965, #1949, #1966 ) ;
#1322 = AXIS2_PLACEMENT_3D ( 'NONE', #174, #177, #165 ) ;
#1323 = AXIS2_PLACEMENT_3D ( 'NONE', #1969, #1953, #1954 ) ;
#1324 = AXIS2_PLACEMENT_3D ( 'NONE', #153, #154, #156 ) ;
#1325 = AXIS2_PLACEMENT_3D ( 'NONE', #202, #203, #204 ) ;
#1326 = AXIS2_PLACEMENT_3D ( 'NONE', #1951, #1946, #1958 ) ;
#1327 = AXIS2_PLACEMENT_3D ( 'NONE', #141, #160, #152 ) ;
#1328 = AXIS2_PLACEMENT_3D ( 'NONE', #124, #125, #98 ) ;
#1329 = AXIS2_PLACEMENT_3D ( 'NONE', #99, #109, #104 ) ;
#1330 = AXIS2_PLACEMENT_3D ( 'NONE', #90, #121, #106 ) ;
#1331 = AXIS2_PLACEMENT_3D ( 'NONE', #2003, #1999, #2000 ) ;
#1332 = AXIS2_PLACEMENT_3D ( 'NONE', #2004, #2012, #1975 ) ;
#1333 = AXIS2_PLACEMENT_3D ( 'NONE', #2015, #2006, #2011 ) ;
#1334 = AXIS2_PLACEMENT_3D ( 'NONE', #91, #94, #113 ) ;
#1335 = AXIS2_PLACEMENT_3D ( 'NONE', #1941, #1948, #1972 ) ;
#1336 = AXIS2_PLACEMENT_3D ( 'NONE', #2013, #2016, #1974 ) ;
#1337 = AXIS2_PLACEMENT_3D ( 'NONE', #2056, #2036, #2035 ) ;
#1338 = AXIS2_PLACEMENT_3D ( 'NONE', #2025, #2051, #2030 ) ;
#1339 = AXIS2_PLACEMENT_3D ( 'NONE', #70, #86, #73 ) ;
#1340 = AXIS2_PLACEMENT_3D ( 'NONE', #155, #145, #158 ) ;
#1341 = AXIS2_PLACEMENT_3D ( 'NONE', #2033, #2054, #2034 ) ;
#1342 = AXIS2_PLACEMENT_3D ( 'NONE', #144, #151, #131 ) ;
#1343 = AXIS2_PLACEMENT_3D ( 'NONE', #1971, #2014, #1978 ) ;
#1344 = AXIS2_PLACEMENT_3D ( 'NONE', #1984, #2010, #2002 ) ;
#1345 = AXIS2_PLACEMENT_3D ( 'NONE', #2049, #2053, #2050 ) ;
#1346 = AXIS2_PLACEMENT_3D ( 'NONE', #184, #168, #164 ) ;
#1347 = AXIS2_PLACEMENT_3D ( 'NONE', #120, #122, #123 ) ;
#1348 = AXIS2_PLACEMENT_3D ( 'NONE', #2390, #2428, #2412 ) ;
#1349 = AXIS2_PLACEMENT_3D ( 'NONE', #2334, #2322, #2307 ) ;
#1350 = AXIS2_PLACEMENT_3D ( 'NONE', #2408, #2392, #2396 ) ;
#1351 = AXIS2_PLACEMENT_3D ( 'NONE', #2414, #2431, #2393 ) ;
#1352 = AXIS2_PLACEMENT_3D ( 'NONE', #2411, #2430, #2413 ) ;
#1353 = AXIS2_PLACEMENT_3D ( 'NONE', #2091, #2105, #2114 ) ;
#1354 = AXIS2_PLACEMENT_3D ( 'NONE', #2079, #2081, #2080 ) ;
#1355 = AXIS2_PLACEMENT_3D ( 'NONE', #2203, #2181, #2206 ) ;
#1356 = AXIS2_PLACEMENT_3D ( 'NONE', #2287, #2281, #2276 ) ;
#1357 = AXIS2_PLACEMENT_3D ( 'NONE', #2328, #2331, #2326 ) ;
#1358 = AXIS2_PLACEMENT_3D ( 'NONE', #2419, #2389, #2425 ) ;
#1359 = AXIS2_PLACEMENT_3D ( 'NONE', #2299, #2292, #2293 ) ;
#1360 = AXIS2_PLACEMENT_3D ( 'NONE', #2113, #2119, #2121 ) ;
#1361 = AXIS2_PLACEMENT_3D ( 'NONE', #2235, #2255, #2253 ) ;
#1362 = AXIS2_PLACEMENT_3D ( 'NONE', #2251, #2227, #2230 ) ;
#1363 = AXIS2_PLACEMENT_3D ( 'NONE', #2068, #2060, #2067 ) ;
#1364 = AXIS2_PLACEMENT_3D ( 'NONE', #2244, #2250, #2226 ) ;
#1365 = AXIS2_PLACEMENT_3D ( 'NONE', #2294, #2291, #2303 ) ;
#1366 = AXIS2_PLACEMENT_3D ( 'NONE', #2088, #2123, #2122 ) ;
#1367 = AXIS2_PLACEMENT_3D ( 'NONE', #2321, #2330, #2316 ) ;
#1368 = AXIS2_PLACEMENT_3D ( 'NONE', #2313, #2312, #2323 ) ;
#1369 = AXIS2_PLACEMENT_3D ( 'NONE', #2071, #2072, #2073 ) ;
#1370 = AXIS2_PLACEMENT_3D ( 'NONE', #2237, #2260, #2223 ) ;
#1371 = AXIS2_PLACEMENT_3D ( 'NONE', #2358, #2383, #2348 ) ;
#1372 = AXIS2_PLACEMENT_3D ( 'NONE', #2205, #2198, #2216 ) ;
#1373 = AXIS2_PLACEMENT_3D ( 'NONE', #2355, #2353, #2379 ) ;
#1374 = AXIS2_PLACEMENT_3D ( 'NONE', #2189, #2194, #2184 ) ;
#1375 = AXIS2_PLACEMENT_3D ( 'NONE', #2370, #2373, #2374 ) ;
#1376 = AXIS2_PLACEMENT_3D ( 'NONE', #2375, #2376, #2403 ) ;
#1377 = AXIS2_PLACEMENT_3D ( 'NONE', #2092, #2128, #2103 ) ;
#1378 = AXIS2_PLACEMENT_3D ( 'NONE', #2217, #2183, #2174 ) ;
#1379 = AXIS2_PLACEMENT_3D ( 'NONE', #2078, #2059, #2086 ) ;
#1380 = AXIS2_PLACEMENT_3D ( 'NONE', #2161, #2172, #2162 ) ;
#1381 = AXIS2_PLACEMENT_3D ( 'NONE', #2329, #2304, #2342 ) ;
#1382 = AXIS2_PLACEMENT_3D ( 'NONE', #2149, #2164, #2129 ) ;
#1383 = AXIS2_PLACEMENT_3D ( 'NONE', #2155, #2156, #2160 ) ;
#1384 = AXIS2_PLACEMENT_3D ( 'NONE', #2269, #2286, #2267 ) ;
#1385 = AXIS2_PLACEMENT_3D ( 'NONE', #2339, #2309, #2319 ) ;
#1386 = AXIS2_PLACEMENT_3D ( 'NONE', #2368, #2346, #2349 ) ;
#1387 = AXIS2_PLACEMENT_3D ( 'NONE', #2387, #2402, #2429 ) ;
#1388 = AXIS2_PLACEMENT_3D ( 'NONE', #2177, #2210, #2190 ) ;
#1389 = AXIS2_PLACEMENT_3D ( 'NONE', #2399, #2395, #2418 ) ;
#1390 = AXIS2_PLACEMENT_3D ( 'NONE', #2424, #2417, #2391 ) ;
#1391 = AXIS2_PLACEMENT_3D ( 'NONE', #2409, #2394, #2400 ) ;
#1392 = AXIS2_PLACEMENT_3D ( 'NONE', #2017, #2020, #2021 ) ;
#1393 = AXIS2_PLACEMENT_3D ( 'NONE', #2265, #2274, #2285 ) ;
#1394 = AXIS2_PLACEMENT_3D ( 'NONE', #2233, #2243, #2259 ) ;
#1395 = AXIS2_PLACEMENT_3D ( 'NONE', #2277, #2297, #2298 ) ;
#1396 = AXIS2_PLACEMENT_3D ( 'NONE', #2085, #2076, #2077 ) ;
#1397 = AXIS2_PLACEMENT_3D ( 'NONE', #2214, #2199, #2200 ) ;
#1398 = AXIS2_PLACEMENT_3D ( 'NONE', #2111, #2104, #2106 ) ;
#1399 = AXIS2_PLACEMENT_3D ( 'NONE', #2362, #2369, #2382 ) ;
#1400 = AXIS2_PLACEMENT_3D ( 'NONE', #2415, #2401, #2416 ) ;
#1401 = PRODUCT_DEFINITION_SHAPE ( 'NONE', 'NONE',  #1291 ) ;
#1402 = DESIGN_CONTEXT ( 'detailed design', #1935, 'design' ) ;
#1403 = ADVANCED_FACE ( 'NONE', ( #568 ), #571, .T. ) ;
#1404 = ADVANCED_FACE ( 'NONE', ( #552, #554 ), #2407, .T. ) ;
#1405 = ADVANCED_FACE ( 'NONE', ( #555 ), #597, .T. ) ;
#1406 = ADVANCED_FACE ( 'NONE', ( #570 ), #2398, .T. ) ;
#1407 = ADVANCED_FACE ( 'NONE', ( #553 ), #2397, .T. ) ;
#1408 = ADVANCED_FACE ( 'NONE', ( #560 ), #578, .T. ) ;
#1409 = ADVANCED_FACE ( 'NONE', ( #583 ), #605, .T. ) ;
#1410 = ADVANCED_FACE ( 'NONE', ( #603 ), #582, .T. ) ;
#1411 = ADVANCED_FACE ( 'NONE', ( #567 ), #558, .F. ) ;
#1412 = ADVANCED_FACE ( 'NONE', ( #590, #564, #584 ), #2410, .T. ) ;
#1413 = ADVANCED_FACE ( 'NONE', ( #573 ), #569, .T. ) ;
#1414 = ADVANCED_FACE ( 'NONE', ( #561 ), #595, .T. ) ;
#1415 = ADVANCED_FACE ( 'NONE', ( #585 ), #586, .T. ) ;
#1416 = ADVANCED_FACE ( 'NONE', ( #600 ), #2386, .F. ) ;
#1417 = ADVANCED_FACE ( 'NONE', ( #557 ), #572, .T. ) ;
#1418 = ADVANCED_FACE ( 'NONE', ( #576 ), #544, .T. ) ;
#1419 = ADVANCED_FACE ( 'NONE', ( #574 ), #2445, .T. ) ;
#1420 = ADVANCED_FACE ( 'NONE', ( #587 ), #581, .T. ) ;
#1421 = ADVANCED_FACE ( 'NONE', ( #575 ), #2443, .T. ) ;
#1422 = ADVANCED_FACE ( 'NONE', ( #580 ), #592, .T. ) ;
#1423 = ADVANCED_FACE ( 'NONE', ( #606 ), #1547, .T. ) ;
#1424 = ADVANCED_FACE ( 'NONE', ( #601 ), #1578, .T. ) ;
#1425 = ADVANCED_FACE ( 'NONE', ( #591 ), #1584, .T. ) ;
#1426 = ADVANCED_FACE ( 'NONE', ( #579 ), #1560, .T. ) ;
#1427 = ADVANCED_FACE ( 'NONE', ( #602 ), #1544, .F. ) ;
#1428 = ADVANCED_FACE ( 'NONE', ( #607 ), #593, .T. ) ;
#1429 = ADVANCED_FACE ( 'NONE', ( #546 ), #594, .T. ) ;
#1430 = ADVANCED_FACE ( 'NONE', ( #548 ), #596, .T. ) ;
#1431 = ADVANCED_FACE ( 'NONE', ( #802 ), #347, .T. ) ;
#1432 = ADVANCED_FACE ( 'NONE', ( #547 ), #1582, .F. ) ;
#1433 = ADVANCED_FACE ( 'NONE', ( #859 ), #549, .T. ) ;
#1434 = ADVANCED_FACE ( 'NONE', ( #808 ), #1542, .F. ) ;
#1435 = ADVANCED_FACE ( 'NONE', ( #861 ), #1552, .F. ) ;
#1436 = ADVANCED_FACE ( 'NONE', ( #545 ), #419, .F. ) ;
#1437 = ADVANCED_FACE ( 'NONE', ( #468 ), #1625, .F. ) ;
#1438 = ADVANCED_FACE ( 'NONE', ( #520 ), #388, .T. ) ;
#1439 = ADVANCED_FACE ( 'NONE', ( #2705 ), #1636, .F. ) ;
#1440 = ADVANCED_FACE ( 'NONE', ( #917 ), #954, .T. ) ;
#1441 = ADVANCED_FACE ( 'NONE', ( #970 ), #1601, .T. ) ;
#1442 = ADVANCED_FACE ( 'NONE', ( #925 ), #942, .T. ) ;
#1443 = ADVANCED_FACE ( 'NONE', ( #919 ), #1628, .T. ) ;
#1444 = ADVANCED_FACE ( 'NONE', ( #941 ), #928, .T. ) ;
#1445 = ADVANCED_FACE ( 'NONE', ( #971 ), #1617, .T. ) ;
#1446 = ADVANCED_FACE ( 'NONE', ( #918 ), #1623, .T. ) ;
#1447 = ADVANCED_FACE ( 'NONE', ( #969 ), #1588, .T. ) ;
#1448 = ADVANCED_FACE ( 'NONE', ( #926 ), #929, .T. ) ;
#1449 = ADVANCED_FACE ( 'NONE', ( #944 ), #935, .T. ) ;
#1450 = ADVANCED_FACE ( 'NONE', ( #940 ), #921, .T. ) ;
#1451 = ADVANCED_FACE ( 'NONE', ( #960 ), #975, .T. ) ;
#1452 = ADVANCED_FACE ( 'NONE', ( #977 ), #1657, .T. ) ;
#1453 = ADVANCED_FACE ( 'NONE', ( #973 ), #939, .T. ) ;
#1454 = ADVANCED_FACE ( 'NONE', ( #930 ), #936, .T. ) ;
#1455 = ADVANCED_FACE ( 'NONE', ( #927 ), #959, .T. ) ;
#1456 = ADVANCED_FACE ( 'NONE', ( #951 ), #952, .T. ) ;
#1457 = ADVANCED_FACE ( 'NONE', ( #963 ), #974, .F. ) ;
#1458 = ADVANCED_FACE ( 'NONE', ( #976 ), #1669, .F. ) ;
#1459 = ADVANCED_FACE ( 'NONE', ( #966 ), #1639, .F. ) ;
#1460 = ADVANCED_FACE ( 'NONE', ( #931 ), #934, .T. ) ;
#1461 = ADVANCED_FACE ( 'NONE', ( #967 ), #920, .T. ) ;
#1462 = ADVANCED_FACE ( 'NONE', ( #932 ), #1683, .F. ) ;
#1463 = ADVANCED_FACE ( 'NONE', ( #957 ), #933, .T. ) ;
#1464 = ADVANCED_FACE ( 'NONE', ( #916 ), #1640, .F. ) ;
#1465 = ADVANCED_FACE ( 'NONE', ( #937 ), #924, .F. ) ;
#1466 = ADVANCED_FACE ( 'NONE', ( #938 ), #1687, .T. ) ;
#1467 = ADVANCED_FACE ( 'NONE', ( #953 ), #958, .T. ) ;
#1468 = ADVANCED_FACE ( 'NONE', ( #946 ), #968, .F. ) ;
#1469 = ADVANCED_FACE ( 'NONE', ( #947 ), #1717, .F. ) ;
#1470 = ADVANCED_FACE ( 'NONE', ( #972 ), #945, .T. ) ;
#1471 = ADVANCED_FACE ( 'NONE', ( #943 ), #949, .T. ) ;
#1472 = ADVANCED_FACE ( 'NONE', ( #950 ), #1694, .T. ) ;
#1473 = ADVANCED_FACE ( 'NONE', ( #955 ), #965, .T. ) ;
#1474 = ADVANCED_FACE ( 'NONE', ( #948 ), #964, .T. ) ;
#1475 = ADVANCED_FACE ( 'NONE', ( #922 ), #982, .T. ) ;
#1476 = ADVANCED_FACE ( 'NONE', ( #961 ), #923, .T. ) ;
#1477 = ADVANCED_FACE ( 'NONE', ( #962 ), #1708, .F. ) ;
#1478 = ADVANCED_FACE ( 'NONE', ( #956 ), #915, .F. ) ;
#1479 = ADVANCED_FACE ( 'NONE', ( #984 ), #983, .T. ) ;
#1480 = ADVANCED_FACE ( 'NONE', ( #978 ), #868, .F. ) ;
#1481 = ADVANCED_FACE ( 'NONE', ( #980 ), #1738, .F. ) ;
#1482 = ADVANCED_FACE ( 'NONE', ( #981 ), #1778, .T. ) ;
#1483 = ADVANCED_FACE ( 'NONE', ( #979 ), #1758, .F. ) ;
#1484 = ADVANCED_FACE ( 'NONE', ( #906 ), #1739, .T. ) ;
#1485 = ADVANCED_FACE ( 'NONE', ( #876 ), #1735, .F. ) ;
#1486 = ADVANCED_FACE ( 'NONE', ( #891 ), #890, .T. ) ;
#1487 = ADVANCED_FACE ( 'NONE', ( #886 ), #905, .T. ) ;
#1488 = ADVANCED_FACE ( 'NONE', ( #878 ), #885, .T. ) ;
#1489 = ADVANCED_FACE ( 'NONE', ( #877 ), #888, .F. ) ;
#1490 = ADVANCED_FACE ( 'NONE', ( #889 ), #1761, .F. ) ;
#1491 = ADVANCED_FACE ( 'NONE', ( #880 ), #907, .T. ) ;
#1492 = APPROVAL ( #1932, 'UNSPECIFIED' ) ;
#1493 = CC_DESIGN_SECURITY_CLASSIFICATION ( #1264, ( #1300 ) ) ;
#1494 = CC_DESIGN_APPROVAL ( #1492, ( #1264 ) ) ;
#1495 = PRODUCT_RELATED_PRODUCT_CATEGORY ( 'detail', '', ( #863 ) ) ;
#1496 = ORIENTED_EDGE ( 'NONE', *, *, #1100, .T. ) ;
#1497 = ORIENTED_EDGE ( 'NONE', *, *, #1033, .F. ) ;
#1498 = ORIENTED_EDGE ( 'NONE', *, *, #1179, .T. ) ;
#1499 = ORIENTED_EDGE ( 'NONE', *, *, #1165, .T. ) ;
#1500 = ORIENTED_EDGE ( 'NONE', *, *, #1100, .F. ) ;
#1501 = ORIENTED_EDGE ( 'NONE', *, *, #1015, .F. ) ;
#1502 = MANIFOLD_SOLID_BREP ( 'Fillet6', #2706 ) ;
#1503 =( BOUNDED_CURVE ( )  B_SPLINE_CURVE ( 3, ( #10, #12, #13, #14 ),
 .UNSPECIFIED., .F., .F. ) 
 B_SPLINE_CURVE_WITH_KNOTS ( ( 4, 4 ),
 ( 4.045637289826546000, 4.075419668868828900 ),
 .UNSPECIFIED. ) 
 CURVE ( )  GEOMETRIC_REPRESENTATION_ITEM ( )  RATIONAL_B_SPLINE_CURVE ( ( 1.000000000000000000, 0.9999260855240930100, 0.9999260855240930100, 1.000000000000000000 ) ) 
 REPRESENTATION_ITEM ( '' )  );
#1504 = ADVANCED_BREP_SHAPE_REPRESENTATION ( 'ALP4015', ( #1502, #1290 ), #1296 ) ;
#1505 = B_SPLINE_CURVE_WITH_KNOTS ( 'NONE', 3,
 ( #2120, #2087, #2147, #2138, #2140, #2166, #2157, #2130, #2170, #2152 ),
 .UNSPECIFIED., .F., .F.,
 ( 4, 2, 2, 2, 4 ),
 ( 0.001541484862261762900, 0.001926196168043289600, 0.002310907473824816300, 0.002695618779606342900, 0.003080330085387869600 ),
 .UNSPECIFIED. ) ;
#1506 =( BOUNDED_CURVE ( )  B_SPLINE_CURVE ( 3, ( #1986, #1981, #1995, #1993 ),
 .UNSPECIFIED., .F., .F. ) 
 B_SPLINE_CURVE_WITH_KNOTS ( ( 4, 4 ),
 ( 4.947893217105488800, 5.057281620778095300 ),
 .UNSPECIFIED. ) 
 CURVE ( )  GEOMETRIC_REPRESENTATION_ITEM ( )  RATIONAL_B_SPLINE_CURVE ( ( 1.000000000000000000, 0.9990030966483578500, 0.9990030966483578500, 1.000000000000000000 ) ) 
 REPRESENTATION_ITEM ( '' )  );
#1507 = B_SPLINE_CURVE_WITH_KNOTS ( 'NONE', 3,
 ( #1970, #1939, #1952, #1961 ),
 .UNSPECIFIED., .F., .F.,
 ( 4, 4 ),
 ( 2.004880519758610100E-007, 0.003059866242522796200 ),
 .UNSPECIFIED. ) ;
#1508 = B_SPLINE_CURVE_WITH_KNOTS ( 'NONE', 3,
 ( #2146, #2148, #2168, #2169, #2137, #2134, #2131, #2135 ),
 .UNSPECIFIED., .F., .F.,
 ( 4, 2, 2, 4 ),
 ( 1.976084212682527600E-007, 0.0003846325891109684900, 0.0007690675698006687900, 0.001537937531180069200 ),
 .UNSPECIFIED. ) ;
#1509 = B_SPLINE_CURVE_WITH_KNOTS ( 'NONE', 3,
 ( #69, #77, #51, #83 ),
 .UNSPECIFIED., .F., .F.,
 ( 4, 4 ),
 ( 2.004727807240492600E-007, 0.003059866227251546600 ),
 .UNSPECIFIED. ) ;
#1510 = B_SPLINE_CURVE_WITH_KNOTS ( 'NONE', 3,
 ( #61, #75, #57, #68 ),
 .UNSPECIFIED., .F., .F.,
 ( 4, 4 ),
 ( 2.004880519758610100E-007, 0.003059866242522796200 ),
 .UNSPECIFIED. ) ;
#1511 =( BOUNDED_CURVE ( )  B_SPLINE_CURVE ( 3, ( #136, #139, #150, #133 ),
 .UNSPECIFIED., .F., .F. ) 
 B_SPLINE_CURVE_WITH_KNOTS ( ( 4, 4 ),
 ( 4.947893217105488800, 5.057281620778095300 ),
 .UNSPECIFIED. ) 
 CURVE ( )  GEOMETRIC_REPRESENTATION_ITEM ( )  RATIONAL_B_SPLINE_CURVE ( ( 1.000000000000000000, 0.9990030966483578500, 0.9990030966483578500, 1.000000000000000000 ) ) 
 REPRESENTATION_ITEM ( '' )  );
#1512 = B_SPLINE_CURVE_WITH_KNOTS ( 'NONE', 3,
 ( #201, #189, #176, #166 ),
 .UNSPECIFIED., .F., .F.,
 ( 4, 4 ),
 ( 2.004880519758610100E-007, 0.003059866242522796200 ),
 .UNSPECIFIED. ) ;
#1513 = B_SPLINE_CURVE_WITH_KNOTS ( 'NONE', 3,
 ( #2193, #2207, #2197, #2208, #2209, #2213, #2215, #2261 ),
 .UNSPECIFIED., .F., .F.,
 ( 4, 2, 2, 4 ),
 ( 1.976084212646716400E-007, 0.0003846325891109650700, 0.0007690675698006655400, 0.001537937531180064400 ),
 .UNSPECIFIED. ) ;
#1514 =( BOUNDED_CURVE ( )  B_SPLINE_CURVE ( 3, ( #2301, #2280, #2302, #2264 ),
 .UNSPECIFIED., .F., .F. ) 
 B_SPLINE_CURVE_WITH_KNOTS ( ( 4, 4 ),
 ( 4.947893217105489700, 5.057281620778095300 ),
 .UNSPECIFIED. ) 
 CURVE ( )  GEOMETRIC_REPRESENTATION_ITEM ( )  RATIONAL_B_SPLINE_CURVE ( ( 1.000000000000000000, 0.9990030966483578500, 0.9990030966483578500, 1.000000000000000000 ) ) 
 REPRESENTATION_ITEM ( '' )  );
#1515 =( BOUNDED_CURVE ( )  B_SPLINE_CURVE ( 3, ( #2347, #2351, #2363, #2360 ),
 .UNSPECIFIED., .F., .F. ) 
 B_SPLINE_CURVE_WITH_KNOTS ( ( 4, 4 ),
 ( 1.225903686401491200, 1.335292090074097700 ),
 .UNSPECIFIED. ) 
 CURVE ( )  GEOMETRIC_REPRESENTATION_ITEM ( )  RATIONAL_B_SPLINE_CURVE ( ( 1.000000000000000000, 0.9990030966483578500, 0.9990030966483578500, 1.000000000000000000 ) ) 
 REPRESENTATION_ITEM ( '' )  );
#1516 =( BOUNDED_CURVE ( )  B_SPLINE_CURVE ( 3, ( #6, #9, #7, #8 ),
 .UNSPECIFIED., .F., .F. ) 
 B_SPLINE_CURVE_WITH_KNOTS ( ( 4, 4 ),
 ( 4.947893217105488800, 5.057281620778095300 ),
 .UNSPECIFIED. ) 
 CURVE ( )  GEOMETRIC_REPRESENTATION_ITEM ( )  RATIONAL_B_SPLINE_CURVE ( ( 1.000000000000000000, 0.9990030966483578500, 0.9990030966483578500, 1.000000000000000000 ) ) 
 REPRESENTATION_ITEM ( '' )  );
#1517 =( BOUNDED_CURVE ( )  B_SPLINE_CURVE ( 3, ( #1947, #1942, #1950, #1957 ),
 .UNSPECIFIED., .F., .F. ) 
 B_SPLINE_CURVE_WITH_KNOTS ( ( 4, 4 ),
 ( 4.045637289826546000, 4.075419668868825300 ),
 .UNSPECIFIED. ) 
 CURVE ( )  GEOMETRIC_REPRESENTATION_ITEM ( )  RATIONAL_B_SPLINE_CURVE ( ( 1.000000000000000000, 0.9999260855240930100, 0.9999260855240930100, 1.000000000000000000 ) ) 
 REPRESENTATION_ITEM ( '' )  );
#1518 = B_SPLINE_CURVE_WITH_KNOTS ( 'NONE', 3,
 ( #1980, #1992, #1997, #1983, #1988, #2008, #2009, #1998 ),
 .UNSPECIFIED., .F., .F.,
 ( 4, 2, 2, 4 ),
 ( 1.976084212646716400E-007, 0.0003846325891109652400, 0.0007690675698006658700, 0.001537937531180065100 ),
 .UNSPECIFIED. ) ;
#1519 = B_SPLINE_CURVE_WITH_KNOTS ( 'NONE', 3,
 ( #2262, #2224, #2247, #2218, #2228, #2219, #2220, #2225 ),
 .UNSPECIFIED., .F., .F.,
 ( 4, 2, 2, 4 ),
 ( 1.976084212665647300E-007, 0.0003846325891109668600, 0.0007690675698006671700, 0.001537937531180067900 ),
 .UNSPECIFIED. ) ;
#1520 = B_SPLINE_CURVE_WITH_KNOTS ( 'NONE', 3,
 ( #2310, #2317, #2377, #2344 ),
 .UNSPECIFIED., .F., .F.,
 ( 4, 4 ),
 ( 2.004727807240492400E-007, 0.003059866227251546600 ),
 .UNSPECIFIED. ) ;
#1521 =( BOUNDED_CURVE ( )  B_SPLINE_CURVE ( 3, ( #1962, #1964, #1959, #1960 ),
 .UNSPECIFIED., .F., .F. ) 
 B_SPLINE_CURVE_WITH_KNOTS ( ( 4, 4 ),
 ( 2.207765638310761300, 2.237548017353040700 ),
 .UNSPECIFIED. ) 
 CURVE ( )  GEOMETRIC_REPRESENTATION_ITEM ( )  RATIONAL_B_SPLINE_CURVE ( ( 1.000000000000000000, 0.9999260855240930100, 0.9999260855240930100, 1.000000000000000000 ) ) 
 REPRESENTATION_ITEM ( '' )  );
#1522 = B_SPLINE_CURVE_WITH_KNOTS ( 'NONE', 3,
 ( #2180, #2195, #2202, #2182, #2188, #2191, #2201, #2186, #2185, #2192 ),
 .UNSPECIFIED., .F., .F.,
 ( 4, 2, 2, 2, 4 ),
 ( 0.001541484862261760600, 0.001926196168043287000, 0.002310907473824813200, 0.002695618779606339900, 0.003080330085387866100 ),
 .UNSPECIFIED. ) ;
#1523 = UNCERTAINTY_MEASURE_WITH_UNIT (LENGTH_MEASURE( 1.000000000000000100E-005 ), #1913, 'distance_accuracy_value', 'NONE');
#1524 =( BOUNDED_CURVE ( )  B_SPLINE_CURVE ( 3, ( #41, #36, #37, #29 ),
 .UNSPECIFIED., .F., .F. ) 
 B_SPLINE_CURVE_WITH_KNOTS ( ( 4, 4 ),
 ( 5.497939437029718800, 7.068431177329451000 ),
 .UNSPECIFIED. ) 
 CURVE ( )  GEOMETRIC_REPRESENTATION_ITEM ( )  RATIONAL_B_SPLINE_CURVE ( ( 1.000000000000000000, 0.8048096403827861300, 0.8048096403827861300, 1.000000000000000000 ) ) 
 REPRESENTATION_ITEM ( '' )  );
#1525 = B_SPLINE_CURVE_WITH_KNOTS ( 'NONE', 3,
 ( #1940, #1996, #1990, #2001 ),
 .UNSPECIFIED., .F., .F.,
 ( 4, 4 ),
 ( 2.004880519758610100E-007, 0.003059866242522796200 ),
 .UNSPECIFIED. ) ;
#1526 =( BOUNDED_CURVE ( )  B_SPLINE_CURVE ( 3, ( #2037, #2028, #2043, #2018 ),
 .UNSPECIFIED., .F., .F. ) 
 B_SPLINE_CURVE_WITH_KNOTS ( ( 4, 4 ),
 ( 4.045637289826546000, 4.075419668868825300 ),
 .UNSPECIFIED. ) 
 CURVE ( )  GEOMETRIC_REPRESENTATION_ITEM ( )  RATIONAL_B_SPLINE_CURVE ( ( 1.000000000000000000, 0.9999260855240930100, 0.9999260855240930100, 1.000000000000000000 ) ) 
 REPRESENTATION_ITEM ( '' )  );
#1527 = B_SPLINE_CURVE_WITH_KNOTS ( 'NONE', 3,
 ( #2047, #2026, #2041, #2038, #2039, #2055, #2032, #2019, #2031, #2042 ),
 .UNSPECIFIED., .F., .F.,
 ( 4, 2, 2, 2, 4 ),
 ( 0.001541484862260896900, 0.001926196168042639500, 0.002310907473824382600, 0.002695618779606125200, 0.003080330085387867800 ),
 .UNSPECIFIED. ) ;
#1528 =( BOUNDED_CURVE ( )  B_SPLINE_CURVE ( 3, ( #126, #128, #149, #140 ),
 .UNSPECIFIED., .F., .F. ) 
 B_SPLINE_CURVE_WITH_KNOTS ( ( 4, 4 ),
 ( 1.225903686401491200, 1.335292090074097700 ),
 .UNSPECIFIED. ) 
 CURVE ( )  GEOMETRIC_REPRESENTATION_ITEM ( )  RATIONAL_B_SPLINE_CURVE ( ( 1.000000000000000000, 0.9990030966483578500, 0.9990030966483578500, 1.000000000000000000 ) ) 
 REPRESENTATION_ITEM ( '' )  );
#1529 =( BOUNDED_CURVE ( )  B_SPLINE_CURVE ( 3, ( #1944, #1967, #1968, #1956 ),
 .UNSPECIFIED., .F., .F. ) 
 B_SPLINE_CURVE_WITH_KNOTS ( ( 4, 4 ),
 ( 2.207765638310761300, 2.237548017353040700 ),
 .UNSPECIFIED. ) 
 CURVE ( )  GEOMETRIC_REPRESENTATION_ITEM ( )  RATIONAL_B_SPLINE_CURVE ( ( 1.000000000000000000, 0.9999260855240930100, 0.9999260855240930100, 1.000000000000000000 ) ) 
 REPRESENTATION_ITEM ( '' )  );
#1530 = B_SPLINE_CURVE_WITH_KNOTS ( 'NONE', 3,
 ( #2066, #2082, #2058, #2069 ),
 .UNSPECIFIED., .F., .F.,
 ( 4, 4 ),
 ( 2.004727807240492400E-007, 0.003059866227251546600 ),
 .UNSPECIFIED. ) ;
#1531 =( BOUNDED_CURVE ( )  B_SPLINE_CURVE ( 3, ( #2101, #2096, #2108, #2124 ),
 .UNSPECIFIED., .F., .F. ) 
 B_SPLINE_CURVE_WITH_KNOTS ( ( 4, 4 ),
 ( 1.225903686401491200, 1.335292090074097700 ),
 .UNSPECIFIED. ) 
 CURVE ( )  GEOMETRIC_REPRESENTATION_ITEM ( )  RATIONAL_B_SPLINE_CURVE ( ( 1.000000000000000000, 0.9990030966483578500, 0.9990030966483578500, 1.000000000000000000 ) ) 
 REPRESENTATION_ITEM ( '' )  );
#1532 = B_SPLINE_CURVE_WITH_KNOTS ( 'NONE', 3,
 ( #2048, #2057, #2022, #2023 ),
 .UNSPECIFIED., .F., .F.,
 ( 4, 4 ),
 ( 2.004727807240492400E-007, 0.003059866227251546600 ),
 .UNSPECIFIED. ) ;
#1533 =( BOUNDED_CURVE ( )  B_SPLINE_CURVE ( 3, ( #146, #157, #137, #135 ),
 .UNSPECIFIED., .F., .F. ) 
 B_SPLINE_CURVE_WITH_KNOTS ( ( 4, 4 ),
 ( 1.225903686401491200, 1.335292090074097700 ),
 .UNSPECIFIED. ) 
 CURVE ( )  GEOMETRIC_REPRESENTATION_ITEM ( )  RATIONAL_B_SPLINE_CURVE ( ( 1.000000000000000000, 0.9990030966483578500, 0.9990030966483578500, 1.000000000000000000 ) ) 
 REPRESENTATION_ITEM ( '' )  );
#1534 =( BOUNDED_CURVE ( )  B_SPLINE_CURVE ( 3, ( #15, #39, #43, #25 ),
 .UNSPECIFIED., .F., .F. ) 
 B_SPLINE_CURVE_WITH_KNOTS ( ( 4, 4 ),
 ( 4.045637289826546000, 4.075419668868828900 ),
 .UNSPECIFIED. ) 
 CURVE ( )  GEOMETRIC_REPRESENTATION_ITEM ( )  RATIONAL_B_SPLINE_CURVE ( ( 1.000000000000000000, 0.9999260855240930100, 0.9999260855240930100, 1.000000000000000000 ) ) 
 REPRESENTATION_ITEM ( '' )  );
#1535 =( BOUNDED_CURVE ( )  B_SPLINE_CURVE ( 3, ( #59, #74, #58, #55 ),
 .UNSPECIFIED., .F., .F. ) 
 B_SPLINE_CURVE_WITH_KNOTS ( ( 4, 4 ),
 ( 5.497939437029722300, 7.068431177329457200 ),
 .UNSPECIFIED. ) 
 CURVE ( )  GEOMETRIC_REPRESENTATION_ITEM ( )  RATIONAL_B_SPLINE_CURVE ( ( 1.000000000000000000, 0.8048096403827855700, 0.8048096403827855700, 1.000000000000000000 ) ) 
 REPRESENTATION_ITEM ( '' )  );
#1536 =( BOUNDED_CURVE ( )  B_SPLINE_CURVE ( 3, ( #100, #93, #101, #105 ),
 .UNSPECIFIED., .F., .F. ) 
 B_SPLINE_CURVE_WITH_KNOTS ( ( 4, 4 ),
 ( 2.207765638310761300, 2.237548017353040700 ),
 .UNSPECIFIED. ) 
 CURVE ( )  GEOMETRIC_REPRESENTATION_ITEM ( )  RATIONAL_B_SPLINE_CURVE ( ( 1.000000000000000000, 0.9999260855240930100, 0.9999260855240930100, 1.000000000000000000 ) ) 
 REPRESENTATION_ITEM ( '' )  );
#1537 = B_SPLINE_CURVE_WITH_KNOTS ( 'NONE', 3,
 ( #2248, #2222, #2254, #2234, #2231, #2238, #2236, #2221, #2245, #2256 ),
 .UNSPECIFIED., .F., .F.,
 ( 4, 2, 2, 2, 4 ),
 ( 0.001541484862261831700, 0.001926196168043358800, 0.002310907473824886100, 0.002695618779606413200, 0.003080330085387940300 ),
 .UNSPECIFIED. ) ;
#1538 =( BOUNDED_CURVE ( )  B_SPLINE_CURVE ( 3, ( #64, #87, #66, #71 ),
 .UNSPECIFIED., .F., .F. ) 
 B_SPLINE_CURVE_WITH_KNOTS ( ( 4, 4 ),
 ( 5.497939437029718800, 7.068431177329450100 ),
 .UNSPECIFIED. ) 
 CURVE ( )  GEOMETRIC_REPRESENTATION_ITEM ( )  RATIONAL_B_SPLINE_CURVE ( ( 1.000000000000000000, 0.8048096403827864600, 0.8048096403827864600, 1.000000000000000000 ) ) 
 REPRESENTATION_ITEM ( '' )  );
#1539 =( BOUNDED_CURVE ( )  B_SPLINE_CURVE ( 3, ( #47, #30, #21, #23 ),
 .UNSPECIFIED., .F., .F. ) 
 B_SPLINE_CURVE_WITH_KNOTS ( ( 4, 4 ),
 ( 5.497939437029721400, 7.068431177329453700 ),
 .UNSPECIFIED. ) 
 CURVE ( )  GEOMETRIC_REPRESENTATION_ITEM ( )  RATIONAL_B_SPLINE_CURVE ( ( 1.000000000000000000, 0.8048096403827861300, 0.8048096403827861300, 1.000000000000000000 ) ) 
 REPRESENTATION_ITEM ( '' )  );
#1540 =( BOUNDED_CURVE ( )  B_SPLINE_CURVE ( 3, ( #50, #81, #78, #60 ),
 .UNSPECIFIED., .F., .F. ) 
 B_SPLINE_CURVE_WITH_KNOTS ( ( 4, 4 ),
 ( 2.207765638310757300, 2.237548017353040700 ),
 .UNSPECIFIED. ) 
 CURVE ( )  GEOMETRIC_REPRESENTATION_ITEM ( )  RATIONAL_B_SPLINE_CURVE ( ( 1.000000000000000000, 0.9999260855240930100, 0.9999260855240930100, 1.000000000000000000 ) ) 
 REPRESENTATION_ITEM ( '' )  );
#1541 = DIRECTION ( 'NONE',  ( 1.000000000000000000, 0.0000000000000000000, 0.0000000000000000000 ) ) ;
#1542 = PLANE ( 'NONE',  #1228 ) ;
#1543 = CARTESIAN_POINT ( 'NONE',  ( -8.000000000000001800, 0.6999999999999719800, 3.000000000000000000 ) ) ;
#1544 = PLANE ( 'NONE',  #1226 ) ;
#1545 = DIRECTION ( 'NONE',  ( 0.0000000000000000000, 0.0000000000000000000, 1.000000000000000000 ) ) ;
#1546 = CARTESIAN_POINT ( 'NONE',  ( -19.50000000000000000, 19.50000000000000400, 4.000000000000000000 ) ) ;
#1547 = PLANE ( 'NONE',  #1219 ) ;
#1548 = CARTESIAN_POINT ( 'NONE',  ( -4.950000000000000200, 19.00000000000000000, 2.000000000000000000 ) ) ;
#1549 = DIRECTION ( 'NONE',  ( -0.03489949670250099700, 0.0000000000000000000, -0.9993908270190956500 ) ) ;
#1550 = DIRECTION ( 'NONE',  ( 1.000000000000000000, 0.0000000000000000000, 0.0000000000000000000 ) ) ;
#1551 = CARTESIAN_POINT ( 'NONE',  ( 4.353920978872849900, 18.40392097887285100, 7.500000000000000000 ) ) ;
#1552 = PLANE ( 'NONE',  #1233 ) ;
#1553 = DIRECTION ( 'NONE',  ( 1.541976423090495600E-016, -1.000000000000000000, 0.0000000000000000000 ) ) ;
#1554 = DIRECTION ( 'NONE',  ( 0.0000000000000000000, 0.0000000000000000000, -1.000000000000000000 ) ) ;
#1555 = DIRECTION ( 'NONE',  ( 0.0000000000000000000, 0.0000000000000000000, 1.000000000000000000 ) ) ;
#1556 = DIRECTION ( 'NONE',  ( -0.0000000000000000000, 0.0000000000000000000, 1.000000000000000000 ) ) ;
#1557 = CARTESIAN_POINT ( 'NONE',  ( 0.0000000000000000000, 0.0000000000000000000, 3.000000000000000000 ) ) ;
#1558 = DIRECTION ( 'NONE',  ( 0.0000000000000000000, 0.0000000000000000000, 1.000000000000000000 ) ) ;
#1559 = DIRECTION ( 'NONE',  ( -0.0000000000000000000, -0.0000000000000000000, -1.000000000000000000 ) ) ;
#1560 = PLANE ( 'NONE',  #1225 ) ;
#1561 = DIRECTION ( 'NONE',  ( 0.0000000000000000000, -0.01745240643728354600, 0.9998476951563911600 ) ) ;
#1562 = CARTESIAN_POINT ( 'NONE',  ( 0.0000000000000000000, 0.0000000000000000000, 11.00000000000000000 ) ) ;
#1563 = CARTESIAN_POINT ( 'NONE',  ( -1.750000000000000200, 17.19999999999999900, 7.500000000000000000 ) ) ;
#1564 = DIRECTION ( 'NONE',  ( 0.0000000000000000000, 0.0000000000000000000, -1.000000000000000000 ) ) ;
#1565 = DIRECTION ( 'NONE',  ( -3.367455980843858000E-015, 0.9993908270190957600, -0.03489949670250100400 ) ) ;
#1566 = DIRECTION ( 'NONE',  ( 1.000000000000000000, 0.0000000000000000000, 0.0000000000000000000 ) ) ;
#1567 = DIRECTION ( 'NONE',  ( -1.000000000000000000, 0.0000000000000000000, 0.0000000000000000000 ) ) ;
#1568 = DIRECTION ( 'NONE',  ( 1.000000000000000000, 0.0000000000000000000, -0.0000000000000000000 ) ) ;
#1569 = DIRECTION ( 'NONE',  ( 0.0000000000000000000, 0.03489949670250099700, 0.9993908270190956500 ) ) ;
#1570 = CARTESIAN_POINT ( 'NONE',  ( 1.750000000000000200, 17.19999999999999900, 2.000000000000000000 ) ) ;
#1571 = CARTESIAN_POINT ( 'NONE',  ( 0.0000000000000000000, 0.0000000000000000000, 12.00000000000000000 ) ) ;
#1572 = DIRECTION ( 'NONE',  ( 1.000000000000000000, 0.0000000000000000000, 0.0000000000000000000 ) ) ;
#1573 = DIRECTION ( 'NONE',  ( 0.0000000000000000000, 0.9998476951563912700, 0.01745240643728355000 ) ) ;
#1574 = DIRECTION ( 'NONE',  ( 1.000000000000000000, 0.0000000000000000000, 0.0000000000000000000 ) ) ;
#1575 = DIRECTION ( 'NONE',  ( 0.0000000000000000000, 1.000000000000000000, 0.0000000000000000000 ) ) ;
#1576 = DIRECTION ( 'NONE',  ( -1.000000000000000000, 0.0000000000000000000, 0.0000000000000000000 ) ) ;
#1577 = CARTESIAN_POINT ( 'NONE',  ( 0.6999999999999999600, 8.000000000000000000, 3.000000000000000000 ) ) ;
#1578 = PLANE ( 'NONE',  #1224 ) ;
#1579 = DIRECTION ( 'NONE',  ( 0.9993908270190957600, -1.218984419043212500E-016, -0.03489949670250100400 ) ) ;
#1580 = CARTESIAN_POINT ( 'NONE',  ( -22.50000000000000000, -22.50000000000000000, 4.000000000000000000 ) ) ;
#1581 = CARTESIAN_POINT ( 'NONE',  ( 0.0000000000000000000, 0.0000000000000000000, 3.000000000000000000 ) ) ;
#1582 = PLANE ( 'NONE',  #1243 ) ;
#1583 = CARTESIAN_POINT ( 'NONE',  ( 22.50000000000000000, 22.50000000000000700, 4.000000000000000000 ) ) ;
#1584 = PLANE ( 'NONE',  #1238 ) ;
#1585 = DIRECTION ( 'NONE',  ( 1.000000000000000000, 0.0000000000000000000, 0.0000000000000000000 ) ) ;
#1586 = DIRECTION ( 'NONE',  ( 1.000000000000000000, 1.541976423090495600E-016, 0.0000000000000000000 ) ) ;
#1587 = DIRECTION ( 'NONE',  ( -0.0000000000000000000, 0.0000000000000000000, 1.000000000000000000 ) ) ;
#1588 = PLANE ( 'NONE',  #1256 ) ;
#1589 = DIRECTION ( 'NONE',  ( 0.0000000000000000000, 1.000000000000000000, 0.0000000000000000000 ) ) ;
#1590 = CARTESIAN_POINT ( 'NONE',  ( -4.950000000000000200, 19.00000000000000000, 2.000000000000000000 ) ) ;
#1591 = CARTESIAN_POINT ( 'NONE',  ( -3.450000000000000200, 19.00000000000000000, 2.000000000000000000 ) ) ;
#1592 = CARTESIAN_POINT ( 'NONE',  ( -19.49999999999999600, -19.50000000000000000, 4.000000000000000000 ) ) ;
#1593 = DIRECTION ( 'NONE',  ( 0.0000000000000000000, 0.0000000000000000000, -1.000000000000000000 ) ) ;
#1594 = CARTESIAN_POINT ( 'NONE',  ( 4.046079021127151300, 18.40392097887285100, 7.500000000000000000 ) ) ;
#1595 = DIRECTION ( 'NONE',  ( -0.9998476951563912700, 4.817942414414152400E-016, 0.01745240643728355300 ) ) ;
#1596 = CARTESIAN_POINT ( 'NONE',  ( 0.0000000000000000000, 0.0000000000000000000, 2.000000000000000000 ) ) ;
#1597 = DIRECTION ( 'NONE',  ( -1.000000000000000000, -1.541976423090495600E-016, 0.0000000000000000000 ) ) ;
#1598 = DIRECTION ( 'NONE',  ( 1.000000000000000000, 0.0000000000000000000, -0.0000000000000000000 ) ) ;
#1599 = DIRECTION ( 'NONE',  ( 0.0000000000000000000, 0.0000000000000000000, 1.000000000000000000 ) ) ;
#1600 = CARTESIAN_POINT ( 'NONE',  ( 1.750000000000000200, 17.19999999999999900, 2.000000000000000000 ) ) ;
#1601 = PLANE ( 'NONE',  #1239 ) ;
#1602 = DIRECTION ( 'NONE',  ( 0.0000000000000000000, 0.0000000000000000000, 1.000000000000000000 ) ) ;
#1603 = DIRECTION ( 'NONE',  ( 0.0000000000000000000, 0.0000000000000000000, 1.000000000000000000 ) ) ;
#1604 = DIRECTION ( 'NONE',  ( 1.000000000000000000, 0.0000000000000000000, 0.0000000000000000000 ) ) ;
#1605 = CARTESIAN_POINT ( 'NONE',  ( 22.50000000000000000, -22.49999999999999300, 4.000000000000000000 ) ) ;
#1606 = CARTESIAN_POINT ( 'NONE',  ( 3.450000000000000200, 19.00000000000000000, 2.000000000000000000 ) ) ;
#1607 = DIRECTION ( 'NONE',  ( 0.0000000000000000000, 0.03489949670250099700, -0.9993908270190956500 ) ) ;
#1608 = DIRECTION ( 'NONE',  ( 0.0000000000000000000, -0.01745240643728354600, 0.9998476951563911600 ) ) ;
#1609 = CARTESIAN_POINT ( 'NONE',  ( 4.950000000000001100, 17.19999999999999900, 2.000000000000000000 ) ) ;
#1610 = DIRECTION ( 'NONE',  ( 0.01745240643728354600, 0.0000000000000000000, -0.9998476951563911600 ) ) ;
#1611 = DIRECTION ( 'NONE',  ( 0.0000000000000000000, 1.000000000000000000, 0.0000000000000000000 ) ) ;
#1612 = DIRECTION ( 'NONE',  ( 0.01745240643728355000, 0.0000000000000000000, -0.9998476951563911600 ) ) ;
#1613 = DIRECTION ( 'NONE',  ( 0.01745240643728355000, 0.0000000000000000000, 0.9998476951563911600 ) ) ;
#1614 = DIRECTION ( 'NONE',  ( -0.9998476951563912700, 0.0000000000000000000, 0.01745240643728339700 ) ) ;
#1615 = DIRECTION ( 'NONE',  ( 0.0000000000000000000, -0.0000000000000000000, 1.000000000000000000 ) ) ;
#1616 = DIRECTION ( 'NONE',  ( -1.000000000000000000, 0.0000000000000000000, 0.0000000000000000000 ) ) ;
#1617 = PLANE ( 'NONE',  #1235 ) ;
#1618 = DIRECTION ( 'NONE',  ( 1.000000000000000000, 0.0000000000000000000, 0.0000000000000000000 ) ) ;
#1619 = CARTESIAN_POINT ( 'NONE',  ( 8.000000000000007100, -0.6999999999999161300, 3.000000000000000000 ) ) ;
#1620 = DIRECTION ( 'NONE',  ( -1.541976423090495600E-016, 1.000000000000000000, 0.0000000000000000000 ) ) ;
#1621 = DIRECTION ( 'NONE',  ( 0.0000000000000000000, 0.9998476951563912700, 0.01745240643728355000 ) ) ;
#1622 = DIRECTION ( 'NONE',  ( 1.034616482634021500E-014, -0.9993908270190957600, -0.03489949670250100400 ) ) ;
#1623 = PLANE ( 'NONE',  #1249 ) ;
#1624 = DIRECTION ( 'NONE',  ( 0.0000000000000000000, 0.0000000000000000000, 1.000000000000000000 ) ) ;
#1625 = PLANE ( 'NONE',  #1240 ) ;
#1626 = CARTESIAN_POINT ( 'NONE',  ( 19.50000000000000000, -22.49999999999999300, 3.000000000000000000 ) ) ;
#1627 = DIRECTION ( 'NONE',  ( 1.000000000000000000, 0.0000000000000000000, 0.0000000000000000000 ) ) ;
#1628 = PLANE ( 'NONE',  #1236 ) ;
#1629 = CARTESIAN_POINT ( 'NONE',  ( 1.750000000000000200, 17.19999999999999900, 7.500000000000000000 ) ) ;
#1630 = DIRECTION ( 'NONE',  ( 1.000000000000000000, 0.0000000000000000000, 0.0000000000000000000 ) ) ;
#1631 = CARTESIAN_POINT ( 'NONE',  ( 3.950319712635634400, 18.49968028736436700, 2.013952890732947100 ) ) ;
#1632 = DIRECTION ( 'NONE',  ( -0.01744974916068272800, 0.01744974916068272100, -0.9996954598818874600 ) ) ;
#1633 = DIRECTION ( 'NONE',  ( 0.9998476951563912700, -4.817942414414153300E-016, 0.01745240643728355000 ) ) ;
#1634 = DIRECTION ( 'NONE',  ( 0.9998476951563912700, 4.817942414414152400E-016, 0.01745240643728355300 ) ) ;
#1635 = CARTESIAN_POINT ( 'NONE',  ( -1.750000000000000200, 17.19999999999999900, 7.500000000000000000 ) ) ;
#1636 = PLANE ( 'NONE',  #1230 ) ;
#1637 = DIRECTION ( 'NONE',  ( 1.000000000000000000, 0.0000000000000000000, 0.0000000000000000000 ) ) ;
#1638 = DIRECTION ( 'NONE',  ( 0.0000000000000000000, -1.000000000000000000, -0.0000000000000000000 ) ) ;
#1639 = PLANE ( 'NONE',  #1273 ) ;
#1640 = PLANE ( 'NONE',  #1289 ) ;
#1641 = DIRECTION ( 'NONE',  ( -1.000000000000000000, 0.0000000000000000000, 0.0000000000000000000 ) ) ;
#1642 = DIRECTION ( 'NONE',  ( 0.0000000000000000000, 0.0000000000000000000, 1.000000000000000000 ) ) ;
#1643 = CARTESIAN_POINT ( 'NONE',  ( -4.353920978872849000, 18.40392097887285100, 7.500000000000000000 ) ) ;
#1644 = CARTESIAN_POINT ( 'NONE',  ( -4.353920978872849900, 17.20000000000000300, 7.500000000000000000 ) ) ;
#1645 = CARTESIAN_POINT ( 'NONE',  ( -0.6999999999999999600, 8.000000000000000000, 3.000000000000000000 ) ) ;
#1646 = CARTESIAN_POINT ( 'NONE',  ( -4.450228376106754700, 18.50022837610675500, 1.982552907711325300 ) ) ;
#1647 = DIRECTION ( 'NONE',  ( -0.01744974916068271800, 0.01744974916068272500, -0.9996954598818875700 ) ) ;
#1648 = DIRECTION ( 'NONE',  ( -4.818676322157799300E-016, -1.000000000000000000, 0.0000000000000000000 ) ) ;
#1649 = CARTESIAN_POINT ( 'NONE',  ( -1.750000000000000200, 14.90392097887284700, 7.500000000000000000 ) ) ;
#1650 = DIRECTION ( 'NONE',  ( 1.000000000000000000, 0.0000000000000000000, 0.0000000000000000000 ) ) ;
#1651 = DIRECTION ( 'NONE',  ( 0.0000000000000000000, 0.03489949670250099700, 0.9993908270190956500 ) ) ;
#1652 = DIRECTION ( 'NONE',  ( 0.0000000000000000000, -0.01745240643728354600, -0.9998476951563911600 ) ) ;
#1653 = CARTESIAN_POINT ( 'NONE',  ( 17.60000000000000500, -17.60000000000000500, -56.56854249492381100 ) ) ;
#1654 = CARTESIAN_POINT ( 'NONE',  ( 17.60000000000000500, -20.00000000000000400, -56.56854249492381100 ) ) ;
#1655 = DIRECTION ( 'NONE',  ( 0.0000000000000000000, 1.000000000000000000, 0.0000000000000000000 ) ) ;
#1656 = CARTESIAN_POINT ( 'NONE',  ( -1.750000000000000200, 13.99999999999999800, 2.000000000000000000 ) ) ;
#1657 = PLANE ( 'NONE',  #1253 ) ;
#1658 = CARTESIAN_POINT ( 'NONE',  ( 4.046079021127152200, 17.19999999999999900, 7.500000000000000000 ) ) ;
#1659 = DIRECTION ( 'NONE',  ( 1.000000000000000000, 1.541976423090495600E-016, 0.0000000000000000000 ) ) ;
#1660 = DIRECTION ( 'NONE',  ( 1.000000000000000000, 0.0000000000000000000, 0.0000000000000000000 ) ) ;
#1661 = DIRECTION ( 'NONE',  ( 1.000000000000000000, 0.0000000000000000000, 0.0000000000000000000 ) ) ;
#1662 = CARTESIAN_POINT ( 'NONE',  ( -4.046079021127151300, 18.40392097887285100, 7.500000000000000000 ) ) ;
#1663 = CARTESIAN_POINT ( 'NONE',  ( 22.50000000000000000, -19.49999999999999300, 3.000000000000000000 ) ) ;
#1664 = CARTESIAN_POINT ( 'NONE',  ( -19.50000000000000000, 19.50000000000000400, 3.000000000000000000 ) ) ;
#1665 = DIRECTION ( 'NONE',  ( 0.0000000000000000000, 1.000000000000000000, 0.0000000000000000000 ) ) ;
#1666 = CARTESIAN_POINT ( 'NONE',  ( 19.50000000000000000, -19.49999999999999300, 3.000000000000000000 ) ) ;
#1667 = CARTESIAN_POINT ( 'NONE',  ( -8.000000000000001800, 0.6999999999999719800, 3.000000000000000000 ) ) ;
#1668 = DIRECTION ( 'NONE',  ( 0.0000000000000000000, 1.000000000000000000, 0.0000000000000000000 ) ) ;
#1669 = PLANE ( 'NONE',  #1307 ) ;
#1670 = CARTESIAN_POINT ( 'NONE',  ( 22.50000000000000000, -22.49999999999999300, 4.000000000000000000 ) ) ;
#1671 = DIRECTION ( 'NONE',  ( -1.000000000000000000, 0.0000000000000000000, 0.0000000000000000000 ) ) ;
#1672 = DIRECTION ( 'NONE',  ( 0.0000000000000000000, 1.000000000000000000, 0.0000000000000000000 ) ) ;
#1673 = DIRECTION ( 'NONE',  ( 1.000000000000000000, 0.0000000000000000000, 0.0000000000000000000 ) ) ;
#1674 = DIRECTION ( 'NONE',  ( 1.000000000000000000, 0.0000000000000000000, 0.0000000000000000000 ) ) ;
#1675 = DIRECTION ( 'NONE',  ( 1.000000000000000000, 0.0000000000000000000, 0.0000000000000000000 ) ) ;
#1676 = DIRECTION ( 'NONE',  ( 0.0000000000000000000, 0.9998476951563912700, 0.01745240643728344200 ) ) ;
#1677 = DIRECTION ( 'NONE',  ( -0.0000000000000000000, -0.0000000000000000000, 1.000000000000000000 ) ) ;
#1678 = DIRECTION ( 'NONE',  ( 0.0000000000000000000, -0.9998476951563912700, 0.01745240643728355000 ) ) ;
#1679 = DIRECTION ( 'NONE',  ( -3.367455980843858000E-015, 0.9993908270190957600, -0.03489949670250100400 ) ) ;
#1680 = DIRECTION ( 'NONE',  ( 0.0000000000000000000, 0.0000000000000000000, -1.000000000000000000 ) ) ;
#1681 = DIRECTION ( 'NONE',  ( -4.818676322157800300E-016, 1.000000000000000000, 0.0000000000000000000 ) ) ;
#1682 = DIRECTION ( 'NONE',  ( 0.0000000000000000000, 1.000000000000000000, 0.0000000000000000000 ) ) ;
#1683 = PLANE ( 'NONE',  #1299 ) ;
#1684 = DIRECTION ( 'NONE',  ( 0.0000000000000000000, 0.0000000000000000000, -1.000000000000000000 ) ) ;
#1685 = DIRECTION ( 'NONE',  ( 1.000000000000000000, 0.0000000000000000000, 0.0000000000000000000 ) ) ;
#1686 = CARTESIAN_POINT ( 'NONE',  ( 20.00000000000000400, -17.60000000000000500, -56.56854249492381100 ) ) ;
#1687 = PLANE ( 'NONE',  #1284 ) ;
#1688 = DIRECTION ( 'NONE',  ( -0.0000000000000000000, -0.0000000000000000000, 1.000000000000000000 ) ) ;
#1689 = DIRECTION ( 'NONE',  ( 0.0000000000000000000, -1.000000000000000000, 0.0000000000000000000 ) ) ;
#1690 = DIRECTION ( 'NONE',  ( 1.000000000000000000, 0.0000000000000000000, 0.0000000000000000000 ) ) ;
#1691 = CARTESIAN_POINT ( 'NONE',  ( 3.450000000000001100, 17.19999999999999900, 2.000000000000000000 ) ) ;
#1692 = DIRECTION ( 'NONE',  ( 1.000000000000000000, 0.0000000000000000000, 0.0000000000000000000 ) ) ;
#1693 = DIRECTION ( 'NONE',  ( -4.818676322157800300E-016, -1.000000000000000000, 0.0000000000000000000 ) ) ;
#1694 = PLANE ( 'NONE',  #1278 ) ;
#1695 = DIRECTION ( 'NONE',  ( 1.000000000000000000, 0.0000000000000000000, 0.0000000000000000000 ) ) ;
#1696 = DIRECTION ( 'NONE',  ( 0.0000000000000000000, 0.0000000000000000000, -1.000000000000000000 ) ) ;
#1697 = DIRECTION ( 'NONE',  ( 1.000000000000000000, 0.0000000000000000000, 0.0000000000000000000 ) ) ;
#1698 = CARTESIAN_POINT ( 'NONE',  ( 19.50000000000000000, 19.50000000000000700, 3.000000000000000000 ) ) ;
#1699 = DIRECTION ( 'NONE',  ( -0.9993908270190957600, -1.218984419043212500E-016, -0.03489949670250100400 ) ) ;
#1700 = DIRECTION ( 'NONE',  ( 0.0000000000000000000, 0.0000000000000000000, 1.000000000000000000 ) ) ;
#1701 = DIRECTION ( 'NONE',  ( 0.0000000000000000000, 0.0000000000000000000, 1.000000000000000000 ) ) ;
#1702 = DIRECTION ( 'NONE',  ( -0.03489949670250099700, 0.0000000000000000000, 0.9993908270190956500 ) ) ;
#1703 = DIRECTION ( 'NONE',  ( -0.0000000000000000000, -0.0000000000000000000, -1.000000000000000000 ) ) ;
#1704 = DIRECTION ( 'NONE',  ( 0.01745240643728354600, 0.0000000000000000000, 0.9998476951563911600 ) ) ;
#1705 = CARTESIAN_POINT ( 'NONE',  ( -4.046079021127151300, 19.00000000000000000, 7.500000000000000000 ) ) ;
#1706 = CARTESIAN_POINT ( 'NONE',  ( 17.60000000000000500, 17.60000000000000500, -56.56854249492381100 ) ) ;
#1707 = DIRECTION ( 'NONE',  ( 1.000000000000000000, 0.0000000000000000000, 0.0000000000000000000 ) ) ;
#1708 = PLANE ( 'NONE',  #1279 ) ;
#1709 = DIRECTION ( 'NONE',  ( -0.9998476951563912700, -4.817942414414153300E-016, 0.01745240643728355000 ) ) ;
#1710 = CARTESIAN_POINT ( 'NONE',  ( -19.50000000000000000, -22.50000000000000000, 3.000000000000000000 ) ) ;
#1711 = CARTESIAN_POINT ( 'NONE',  ( -20.00000000000000700, -17.60000000000000900, -56.56854249492381100 ) ) ;
#1712 = DIRECTION ( 'NONE',  ( 0.0000000000000000000, 0.0000000000000000000, -1.000000000000000000 ) ) ;
#1713 = CARTESIAN_POINT ( 'NONE',  ( -17.60000000000000900, -17.60000000000000900, -56.56854249492381100 ) ) ;
#1714 = DIRECTION ( 'NONE',  ( -9.856383386231856400E-017, -1.000000000000000000, 0.0000000000000000000 ) ) ;
#1715 = DIRECTION ( 'NONE',  ( 1.000000000000000000, 0.0000000000000000000, -0.0000000000000000000 ) ) ;
#1716 = CARTESIAN_POINT ( 'NONE',  ( 1.750000000000000200, 14.59607902112714900, 7.500000000000000000 ) ) ;
#1717 = PLANE ( 'NONE',  #1287 ) ;
#1718 = DIRECTION ( 'NONE',  ( -1.000000000000000000, 9.856383386231856400E-017, 0.0000000000000000000 ) ) ;
#1719 = DIRECTION ( 'NONE',  ( -0.0000000000000000000, -0.0000000000000000000, 1.000000000000000000 ) ) ;
#1720 = DIRECTION ( 'NONE',  ( 0.0000000000000000000, 0.0000000000000000000, -1.000000000000000000 ) ) ;
#1721 = CARTESIAN_POINT ( 'NONE',  ( -1.750000000000000200, 17.19999999999999900, 2.000000000000000000 ) ) ;
#1722 = DIRECTION ( 'NONE',  ( 1.000000000000000000, -0.0000000000000000000, 0.0000000000000000000 ) ) ;
#1723 = DIRECTION ( 'NONE',  ( 1.000000000000000000, 0.0000000000000000000, 0.0000000000000000000 ) ) ;
#1724 = DIRECTION ( 'NONE',  ( 0.0000000000000000000, 1.000000000000000000, 0.0000000000000000000 ) ) ;
#1725 = CARTESIAN_POINT ( 'NONE',  ( -1.750000000000000200, 17.19999999999999900, 2.000000000000000000 ) ) ;
#1726 = DIRECTION ( 'NONE',  ( 0.0000000000000000000, 0.0000000000000000000, 1.000000000000000000 ) ) ;
#1727 = DIRECTION ( 'NONE',  ( 0.0000000000000000000, 1.000000000000000000, 0.0000000000000000000 ) ) ;
#1728 = CARTESIAN_POINT ( 'NONE',  ( 1.750000000000000200, 17.19999999999999900, 7.500000000000000000 ) ) ;
#1729 = CARTESIAN_POINT ( 'NONE',  ( -19.49999999999999600, -19.50000000000000000, 3.000000000000000000 ) ) ;
#1730 = CARTESIAN_POINT ( 'NONE',  ( 1.750000000000000200, 17.19999999999999900, 8.000000000000000000 ) ) ;
#1731 = DIRECTION ( 'NONE',  ( 1.000000000000000000, 0.0000000000000000000, 0.0000000000000000000 ) ) ;
#1732 = DIRECTION ( 'NONE',  ( 1.000000000000000000, 0.0000000000000000000, 0.0000000000000000000 ) ) ;
#1733 = CARTESIAN_POINT ( 'NONE',  ( 0.0000000000000000000, 0.0000000000000000000, -6.485281374238569500 ) ) ;
#1734 = DIRECTION ( 'NONE',  ( -1.000000000000000000, -1.541976423090495600E-016, 0.0000000000000000000 ) ) ;
#1735 = PLANE ( 'NONE',  #1285 ) ;
#1736 = DIRECTION ( 'NONE',  ( -0.0000000000000000000, -0.0000000000000000000, 1.000000000000000000 ) ) ;
#1737 = DIRECTION ( 'NONE',  ( 0.0000000000000000000, -0.0000000000000000000, 1.000000000000000000 ) ) ;
#1738 = PLANE ( 'NONE',  #1282 ) ;
#1739 = PLANE ( 'NONE',  #1277 ) ;
#1740 = CARTESIAN_POINT ( 'NONE',  ( 0.6999999999999999600, -8.000000000000000000, 3.000000000000000000 ) ) ;
#1741 = DIRECTION ( 'NONE',  ( -4.818676322157799300E-016, 1.000000000000000000, 0.0000000000000000000 ) ) ;
#1742 = DIRECTION ( 'NONE',  ( 1.000000000000000000, 0.0000000000000000000, 0.0000000000000000000 ) ) ;
#1743 = CARTESIAN_POINT ( 'NONE',  ( -0.6999999999999999600, -8.000000000000000000, 3.000000000000000000 ) ) ;
#1744 = DIRECTION ( 'NONE',  ( 0.0000000000000000000, 0.03489949670250099700, -0.9993908270190956500 ) ) ;
#1745 = DIRECTION ( 'NONE',  ( 0.0000000000000000000, -1.000000000000000000, 0.0000000000000000000 ) ) ;
#1746 = CARTESIAN_POINT ( 'NONE',  ( -0.6999999999999996200, -5.135053262044962700, 3.000000000000000000 ) ) ;
#1747 = DIRECTION ( 'NONE',  ( 0.0000000000000000000, -0.01745240643728354600, 0.9998476951563911600 ) ) ;
#1748 = CARTESIAN_POINT ( 'NONE',  ( -17.60000000000000500, 17.60000000000000500, -56.56854249492381100 ) ) ;
#1749 = DIRECTION ( 'NONE',  ( 0.0000000000000000000, 1.000000000000000000, 0.0000000000000000000 ) ) ;
#1750 = CARTESIAN_POINT ( 'NONE',  ( 17.60000000000000500, 20.00000000000000400, -56.56854249492381100 ) ) ;
#1751 = DIRECTION ( 'NONE',  ( 0.01744974916068272800, 0.01744974916068272100, -0.9996954598818874600 ) ) ;
#1752 = CARTESIAN_POINT ( 'NONE',  ( -3.950228364511903400, 18.49977163548809900, 2.008719560229343900 ) ) ;
#1753 = DIRECTION ( 'NONE',  ( 3.611252864652500400E-015, -0.9993908270190957600, -0.03489949670250100400 ) ) ;
#1754 = DIRECTION ( 'NONE',  ( 0.0000000000000000000, 0.9998476951563912700, 0.01745240643728355000 ) ) ;
#1755 = DIRECTION ( 'NONE',  ( 0.01744974916068271800, 0.01744974916068272500, -0.9996954598818875700 ) ) ;
#1756 = DIRECTION ( 'NONE',  ( 1.000000000000000000, 0.0000000000000000000, 0.0000000000000000000 ) ) ;
#1757 = DIRECTION ( 'NONE',  ( -0.03489949670250099700, 0.0000000000000000000, -0.9993908270190956500 ) ) ;
#1758 = PLANE ( 'NONE',  #1283 ) ;
#1759 = CARTESIAN_POINT ( 'NONE',  ( -4.950000000000000200, 18.40392097887285100, 7.500000000000000000 ) ) ;
#1760 = DIRECTION ( 'NONE',  ( 1.000000000000000000, 0.0000000000000000000, 0.0000000000000000000 ) ) ;
#1761 = PLANE ( 'NONE',  #1298 ) ;
#1762 = DIRECTION ( 'NONE',  ( 0.9993908270190957600, 1.218984419043212500E-016, -0.03489949670250100400 ) ) ;
#1763 = DIRECTION ( 'NONE',  ( -0.0000000000000000000, -0.0000000000000000000, 1.000000000000000000 ) ) ;
#1764 = DIRECTION ( 'NONE',  ( -0.0000000000000000000, 0.0000000000000000000, 1.000000000000000000 ) ) ;
#1765 = DIRECTION ( 'NONE',  ( -0.9993908270190957600, 1.218984419043212500E-016, -0.03489949670250100400 ) ) ;
#1766 = DIRECTION ( 'NONE',  ( -0.03489949670250099700, 0.0000000000000000000, 0.9993908270190956500 ) ) ;
#1767 = DIRECTION ( 'NONE',  ( -0.9998476951563912700, 0.0000000000000000000, -0.01745240643728341100 ) ) ;
#1768 = CARTESIAN_POINT ( 'NONE',  ( 4.449771635488097800, 18.49977163548809900, 2.008719560229343900 ) ) ;
#1769 = DIRECTION ( 'NONE',  ( 0.0000000000000000000, 0.9998476951563912700, 0.01745240643728344200 ) ) ;
#1770 = CARTESIAN_POINT ( 'NONE',  ( 4.353920978872850800, 17.19999999999999900, 7.500000000000000000 ) ) ;
#1771 = DIRECTION ( 'NONE',  ( 1.000000000000000000, 0.0000000000000000000, 0.0000000000000000000 ) ) ;
#1772 = CARTESIAN_POINT ( 'NONE',  ( 22.50000000000000000, 19.50000000000000700, 3.000000000000000000 ) ) ;
#1773 = DIRECTION ( 'NONE',  ( -1.000000000000000000, 0.0000000000000000000, 0.0000000000000000000 ) ) ;
#1774 = CARTESIAN_POINT ( 'NONE',  ( -3.450000000000001500, 17.19999999999999900, 2.000000000000000000 ) ) ;
#1775 = CARTESIAN_POINT ( 'NONE',  ( -20.00000000000000700, -17.60000000000000900, 4.000000000000000000 ) ) ;
#1776 = CARTESIAN_POINT ( 'NONE',  ( 22.50000000000000000, 19.49999999999998900, 4.000000000000000000 ) ) ;
#1777 = CARTESIAN_POINT ( 'NONE',  ( 19.50000000000000000, 22.50000000000000700, 3.000000000000000000 ) ) ;
#1778 = PLANE ( 'NONE',  #1292 ) ;
#1779 = CARTESIAN_POINT ( 'NONE',  ( -1.750000000000000200, 15.49999999999999800, 2.000000000000000000 ) ) ;
#1780 = CARTESIAN_POINT ( 'NONE',  ( -19.49999999999999600, 22.50000000000000000, 3.000000000000000000 ) ) ;
#1781 = CARTESIAN_POINT ( 'NONE',  ( 0.0000000000000000000, 0.0000000000000000000, 3.000000000000000000 ) ) ;
#1782 = CARTESIAN_POINT ( 'NONE',  ( 1.014286925425729000, 3.803764403476372900, 12.00000000000000000 ) ) ;
#1783 = CARTESIAN_POINT ( 'NONE',  ( -7.999999999999998200, -0.7000000000000279300, 3.000000000000000000 ) ) ;
#1784 = DIRECTION ( 'NONE',  ( 0.0000000000000000000, 0.0000000000000000000, -1.000000000000000000 ) ) ;
#1785 = CARTESIAN_POINT ( 'NONE',  ( -1.750000000000000400, 14.90392097887284700, 8.000000000000000000 ) ) ;
#1786 = CARTESIAN_POINT ( 'NONE',  ( 5.135053262044918300, 0.7000000000000163900, 3.000000000000000000 ) ) ;
#1787 = CARTESIAN_POINT ( 'NONE',  ( -4.853844826451045900, 17.19999999999999900, 7.508726203218641300 ) ) ;
#1788 = CARTESIAN_POINT ( 'NONE',  ( 17.60000000000000500, -20.00000000000000400, 4.000000000000000000 ) ) ;
#1789 = CARTESIAN_POINT ( 'NONE',  ( 20.00000000000000400, 17.60000000000000500, 4.000000000000000000 ) ) ;
#1790 = CARTESIAN_POINT ( 'NONE',  ( -17.60000000000000900, -20.00000000000000400, 4.000000000000000000 ) ) ;
#1791 = CARTESIAN_POINT ( 'NONE',  ( 2.823335267535615100, 1.014286925425737800, 12.00000000000000000 ) ) ;
#1792 = CARTESIAN_POINT ( 'NONE',  ( -1.014286925425729000, 3.803764403476372900, 12.00000000000000000 ) ) ;
#1793 = CARTESIAN_POINT ( 'NONE',  ( -4.836783956879949100, -0.9811937677980885300, 11.05233595624294400 ) ) ;
#1794 = CARTESIAN_POINT ( 'NONE',  ( -0.6999999999999992900, 2.917190429162965300, 2.999999999999999100 ) ) ;
#1795 = CARTESIAN_POINT ( 'NONE',  ( -19.50000000000000000, 19.50000000000000000, 0.0000000000000000000 ) ) ;
#1796 = CARTESIAN_POINT ( 'NONE',  ( 0.6999999999999992900, 2.917190429162965300, 2.999999999999999100 ) ) ;
#1797 = CARTESIAN_POINT ( 'NONE',  ( -1.014286925425729000, 2.823335267535618700, 12.00000000000000000 ) ) ;
#1798 = CARTESIAN_POINT ( 'NONE',  ( 4.853844826451045900, 17.19999999999999900, 7.508726203218641300 ) ) ;
#1799 = CARTESIAN_POINT ( 'NONE',  ( -0.9811937677980716600, 4.836783956879952700, 11.05233595624294400 ) ) ;
#1800 = CARTESIAN_POINT ( 'NONE',  ( -2.823335267535623600, 1.014286925425719200, 12.00000000000000000 ) ) ;
#1801 = CARTESIAN_POINT ( 'NONE',  ( 19.50000000000000000, -22.49999999999999300, 4.000000000000000000 ) ) ;
#1802 = CARTESIAN_POINT ( 'NONE',  ( -3.546155173548956300, 18.40392097887285100, 7.508726203218642100 ) ) ;
#1803 = CARTESIAN_POINT ( 'NONE',  ( 1.014286925425729400, -3.803764403475507800, 12.00000000000000000 ) ) ;
#1804 = CARTESIAN_POINT ( 'NONE',  ( -3.803764403476369300, -1.014286925425742300, 12.00000000000000000 ) ) ;
#1805 = CARTESIAN_POINT ( 'NONE',  ( 3.803764403476369300, 1.014286925425741200, 12.00000000000000000 ) ) ;
#1806 = CARTESIAN_POINT ( 'NONE',  ( -22.50000000000000000, 19.49999999999998900, 4.000000000000000000 ) ) ;
#1807 = CARTESIAN_POINT ( 'NONE',  ( -1.014286925425729400, -3.803764403476375100, 12.00000000000000000 ) ) ;
#1808 = CARTESIAN_POINT ( 'NONE',  ( -5.135053262044923600, 0.6999999999999816400, 3.000000000000000000 ) ) ;
#1809 = CARTESIAN_POINT ( 'NONE',  ( -0.8746038474587384300, 5.019645456901209000, 8.000000000000000000 ) ) ;
#1810 = CARTESIAN_POINT ( 'NONE',  ( 22.50000000000000000, 19.50000000000000400, 3.000000000000000000 ) ) ;
#1811 = CARTESIAN_POINT ( 'NONE',  ( 1.750000000000000000, 15.49999999999999800, 2.000000000000000000 ) ) ;
#1812 = CARTESIAN_POINT ( 'NONE',  ( -22.50000000000000000, -19.50000000000000000, 3.000000000000000000 ) ) ;
#1813 = CARTESIAN_POINT ( 'NONE',  ( -22.50000000000000000, -19.50000000000000000, 4.000000000000000000 ) ) ;
#1814 = CARTESIAN_POINT ( 'NONE',  ( 22.50000000000000000, -19.49999999999999300, 4.000000000000000000 ) ) ;
#1815 = CARTESIAN_POINT ( 'NONE',  ( -2.917190429162968400, 0.6999999999999891900, 3.000000000000000000 ) ) ;
#1816 = CARTESIAN_POINT ( 'NONE',  ( 1.014286925425729000, 2.823335267535618700, 12.00000000000000000 ) ) ;
#1817 = CARTESIAN_POINT ( 'NONE',  ( 3.803764403476385300, -1.014286925425689200, 12.00000000000000000 ) ) ;
#1818 = CARTESIAN_POINT ( 'NONE',  ( -22.50000000000000000, 19.50000000000000400, 3.000000000000000000 ) ) ;
#1819 = CARTESIAN_POINT ( 'NONE',  ( -3.949923847578196100, 19.00000000000000000, 2.000000000000000000 ) ) ;
#1820 = CARTESIAN_POINT ( 'NONE',  ( -19.49999999999998200, -22.50000000000000000, 4.000000000000000000 ) ) ;
#1821 = CARTESIAN_POINT ( 'NONE',  ( 4.836783956879963300, -0.9811937677980211400, 11.05233595624294400 ) ) ;
#1822 = CARTESIAN_POINT ( 'NONE',  ( -4.836783956879956200, 0.9811937677980547800, 11.05233595624294400 ) ) ;
#1823 = CARTESIAN_POINT ( 'NONE',  ( -20.00000000000000400, 17.60000000000000500, 4.000000000000000000 ) ) ;
#1824 = CARTESIAN_POINT ( 'NONE',  ( -5.019645456901211700, 0.8746038474587208800, 8.000000000000000000 ) ) ;
#1825 = CARTESIAN_POINT ( 'NONE',  ( -19.49999999999999600, -22.50000000000000000, 3.000000000000000000 ) ) ;
#1826 = CARTESIAN_POINT ( 'NONE',  ( 0.6999999999999996200, 5.135053262044921000, 3.000000000000000000 ) ) ;
#1827 = CARTESIAN_POINT ( 'NONE',  ( -3.803764403476376500, 1.014286925425715600, 12.00000000000000000 ) ) ;
#1828 = CARTESIAN_POINT ( 'NONE',  ( -17.60000000000000500, 20.00000000000000400, 4.000000000000000000 ) ) ;
#1829 = CARTESIAN_POINT ( 'NONE',  ( 22.50000000000000000, -19.49999999999999300, 3.000000000000000000 ) ) ;
#1830 = CARTESIAN_POINT ( 'NONE',  ( 17.60000000000000500, 20.00000000000000400, 4.000000000000000000 ) ) ;
#1831 = CARTESIAN_POINT ( 'NONE',  ( -0.9811937677980716600, -4.836783956879952700, 11.05233595624294400 ) ) ;
#1832 = CARTESIAN_POINT ( 'NONE',  ( 20.00000000000000400, -17.60000000000000500, 4.000000000000000000 ) ) ;
#1833 = CARTESIAN_POINT ( 'NONE',  ( 19.50000000000000000, 22.50000000000000700, 4.000000000000000000 ) ) ;
#1834 = CARTESIAN_POINT ( 'NONE',  ( -1.750000000000000900, 15.49999999999999800, 2.000000000000000000 ) ) ;
#1835 = CARTESIAN_POINT ( 'NONE',  ( 1.750000000000000900, 14.59607902112714900, 8.000000000000000000 ) ) ;
#1836 = CARTESIAN_POINT ( 'NONE',  ( 5.019645456901205400, 0.8746038474587547500, 8.000000000000000000 ) ) ;
#1837 = CARTESIAN_POINT ( 'NONE',  ( -0.6999999999999996200, 5.135053262044921000, 3.000000000000000000 ) ) ;
#1838 = CARTESIAN_POINT ( 'NONE',  ( 4.836783956879949100, 0.9811937677980873100, 11.05233595624294400 ) ) ;
#1839 = CARTESIAN_POINT ( 'NONE',  ( 19.50000000000000000, -22.49999999999999300, 3.000000000000000000 ) ) ;
#1840 = CARTESIAN_POINT ( 'NONE',  ( 0.8746038474587384300, 5.019645456901209000, 8.000000000000000000 ) ) ;
#1841 = CARTESIAN_POINT ( 'NONE',  ( 0.9811937677980716600, -4.836783956879952700, 11.05233595624294400 ) ) ;
#1842 = CARTESIAN_POINT ( 'NONE',  ( -3.450000000000000600, 18.50007615242180500, 2.000000000000000000 ) ) ;
#1843 = CARTESIAN_POINT ( 'NONE',  ( 0.9811937677980716600, 4.836783956879952700, 11.05233595624294400 ) ) ;
#1844 = CARTESIAN_POINT ( 'NONE',  ( -19.49999999999998200, 22.50000000000000000, 4.000000000000000000 ) ) ;
#1845 = CARTESIAN_POINT ( 'NONE',  ( -1.750000000000000900, 13.99999999999999800, 2.000000000000000000 ) ) ;
#1846 = CARTESIAN_POINT ( 'NONE',  ( -4.450076152421805100, 19.00000000000000000, 2.000000000000000000 ) ) ;
#1847 = CARTESIAN_POINT ( 'NONE',  ( 19.50000000000000000, -19.49999999999999300, 0.0000000000000000000 ) ) ;
#1848 = CARTESIAN_POINT ( 'NONE',  ( 1.750000000000000200, 15.40384482645104200, 7.508726203218641300 ) ) ;
#1849 = CARTESIAN_POINT ( 'NONE',  ( -4.950000000000001100, 17.19999999999999900, 2.000000000000000000 ) ) ;
#1850 = CARTESIAN_POINT ( 'NONE',  ( -19.50000000000000000, -19.50000000000000000, 0.0000000000000000000 ) ) ;
#1851 = CARTESIAN_POINT ( 'NONE',  ( 0.8746038474587384300, -5.019645456901209000, 8.000000000000000000 ) ) ;
#1852 = CARTESIAN_POINT ( 'NONE',  ( 4.046079021127151300, 18.40392097887285100, 8.000000000000000000 ) ) ;
#1853 = CARTESIAN_POINT ( 'NONE',  ( -5.182544935071781800, -6.346787066172985000E-016, 3.000000000000000000 ) ) ;
#1854 = CARTESIAN_POINT ( 'NONE',  ( 5.200000000000000200, 0.0000000000000000000, 2.000000000000000000 ) ) ;
#1855 = CARTESIAN_POINT ( 'NONE',  ( 3.546155173548956300, 18.40392097887285100, 7.508726203218642100 ) ) ;
#1856 = CARTESIAN_POINT ( 'NONE',  ( -3.000000000000000400, 3.673940397442060400E-016, 2.999999999999999100 ) ) ;
#1857 = CARTESIAN_POINT ( 'NONE',  ( 0.6999999999999992900, -2.917190429162966700, 3.000000000000000000 ) ) ;
#1858 = CARTESIAN_POINT ( 'NONE',  ( 1.750000000000000200, 14.90392097887284700, 8.000000000000000000 ) ) ;
#1859 = CARTESIAN_POINT ( 'NONE',  ( 1.750000000000000200, 13.99999999999999800, 2.000000000000000000 ) ) ;
#1860 = CARTESIAN_POINT ( 'NONE',  ( 3.450000000000000600, 18.50007615242180500, 2.000000000000000000 ) ) ;
#1861 = CARTESIAN_POINT ( 'NONE',  ( 4.950000000000000200, 18.50007615242180500, 2.000000000000000000 ) ) ;
#1862 = CARTESIAN_POINT ( 'NONE',  ( 5.019645456901217900, -0.8746038474586858000, 8.000000000000000000 ) ) ;
#1863 = CARTESIAN_POINT ( 'NONE',  ( 17.60000000000000500, -20.00000000000000400, 2.000000000000001800 ) ) ;
#1864 = CARTESIAN_POINT ( 'NONE',  ( -20.00000000000000700, -17.60000000000000900, 2.000000000000001800 ) ) ;
#1865 = CARTESIAN_POINT ( 'NONE',  ( 4.853844826451045000, 18.40392097887285100, 7.508726203218642100 ) ) ;
#1866 = CARTESIAN_POINT ( 'NONE',  ( -1.750000000000000900, 14.59607902112714900, 8.000000000000000000 ) ) ;
#1867 = CARTESIAN_POINT ( 'NONE',  ( 4.353920978872849900, 18.90384482645104600, 7.508726203218642100 ) ) ;
#1868 = CARTESIAN_POINT ( 'NONE',  ( 2.917190429162960500, 0.7000000000000087300, 3.000000000000000000 ) ) ;
#1869 = CARTESIAN_POINT ( 'NONE',  ( -4.046079021127151300, 18.90384482645104600, 7.508726203218642100 ) ) ;
#1870 = CARTESIAN_POINT ( 'NONE',  ( -4.353920978872850800, 17.19999999999999900, 8.000000000000000000 ) ) ;
#1871 = CARTESIAN_POINT ( 'NONE',  ( -4.046079021127150500, 18.40392097887285100, 8.000000000000000000 ) ) ;
#1872 = CARTESIAN_POINT ( 'NONE',  ( -4.853844826451045000, 18.40392097887285100, 7.508726203218642100 ) ) ;
#1873 = CARTESIAN_POINT ( 'NONE',  ( 4.353920978872849900, 18.40392097887285100, 8.000000000000000000 ) ) ;
#1874 = CARTESIAN_POINT ( 'NONE',  ( -1.750000000000000900, 14.09615517354895400, 7.508726203218641300 ) ) ;
#1875 = CARTESIAN_POINT ( 'NONE',  ( -20.00000000000000400, 17.60000000000000500, 2.000000000000001800 ) ) ;
#1876 = CARTESIAN_POINT ( 'NONE',  ( -3.000000000000000400, 3.673940397442060400E-016, 2.000000000000000000 ) ) ;
#1877 = CARTESIAN_POINT ( 'NONE',  ( 4.450076152421805100, 19.00000000000000000, 2.000000000000000000 ) ) ;
#1878 = CARTESIAN_POINT ( 'NONE',  ( -1.014286925425729000, -2.823335267535618700, 12.00000000000000000 ) ) ;
#1879 = CARTESIAN_POINT ( 'NONE',  ( 2.917190429162972400, -0.6999999999999687600, 2.999999999999999100 ) ) ;
#1880 = CARTESIAN_POINT ( 'NONE',  ( -5.019645456901205400, -0.8746038474587559700, 8.000000000000000000 ) ) ;
#1881 = CARTESIAN_POINT ( 'NONE',  ( 4.046079021127151300, 18.90384482645104600, 7.508726203218642100 ) ) ;
#1882 = CARTESIAN_POINT ( 'NONE',  ( 0.6999999999999996200, -5.135053262044962700, 3.000000000000000000 ) ) ;
#1883 = CARTESIAN_POINT ( 'NONE',  ( -4.353920978872849000, 18.90384482645104600, 7.508726203218642100 ) ) ;
#1884 = CARTESIAN_POINT ( 'NONE',  ( 17.60000000000000500, 20.00000000000000400, 2.000000000000001800 ) ) ;
#1885 = CARTESIAN_POINT ( 'NONE',  ( 3.000000000000000400, 0.0000000000000000000, 2.999999999999999100 ) ) ;
#1886 = CARTESIAN_POINT ( 'NONE',  ( -2.917190429162962700, -0.7000000000000095000, 2.999999999999999100 ) ) ;
#1887 = CARTESIAN_POINT ( 'NONE',  ( -5.200000000000000200, -6.368163355566236400E-016, 2.000000000000000000 ) ) ;
#1888 = CARTESIAN_POINT ( 'NONE',  ( -4.950000000000000200, 18.50007615242180500, 2.000000000000000000 ) ) ;
#1889 = CARTESIAN_POINT ( 'NONE',  ( -2.823335267535615100, -1.014286925425738700, 12.00000000000000000 ) ) ;
#1890 = CARTESIAN_POINT ( 'NONE',  ( -5.135053262044918300, -0.7000000000000176100, 3.000000000000000000 ) ) ;
#1891 = CARTESIAN_POINT ( 'NONE',  ( 20.00000000000000400, 17.60000000000000500, 2.000000000000001800 ) ) ;
#1892 = CARTESIAN_POINT ( 'NONE',  ( 3.949923847578197000, 19.00000000000000000, 2.000000000000000000 ) ) ;
#1893 = CARTESIAN_POINT ( 'NONE',  ( -0.6999999999999992900, -2.917190429162965300, 2.999999999999999100 ) ) ;
#1894 = CARTESIAN_POINT ( 'NONE',  ( 3.546155173548957200, 17.19999999999999900, 7.508726203218641300 ) ) ;
#1895 = CARTESIAN_POINT ( 'NONE',  ( 4.046079021127152200, 17.19999999999999900, 8.000000000000000000 ) ) ;
#1896 = CARTESIAN_POINT ( 'NONE',  ( 4.950000000000001100, 17.19999999999999900, 2.000000000000000000 ) ) ;
#1897 = CARTESIAN_POINT ( 'NONE',  ( -0.8746038474587384300, -5.019645456901209000, 8.000000000000000000 ) ) ;
#1898 = CARTESIAN_POINT ( 'NONE',  ( -4.353920978872849000, 18.40392097887285100, 8.000000000000000000 ) ) ;
#1899 = CARTESIAN_POINT ( 'NONE',  ( 5.182544935071781800, 0.0000000000000000000, 3.000000000000000000 ) ) ;
#1900 = CARTESIAN_POINT ( 'NONE',  ( -17.60000000000000900, -20.00000000000000400, 2.000000000000001800 ) ) ;
#1901 = CARTESIAN_POINT ( 'NONE',  ( -17.60000000000000500, 20.00000000000000400, 2.000000000000001800 ) ) ;
#1902 = CARTESIAN_POINT ( 'NONE',  ( 19.50000000000000000, 19.50000000000000700, 0.0000000000000000000 ) ) ;
#1903 = CARTESIAN_POINT ( 'NONE',  ( 1.014286925425729000, -2.823335267535618700, 12.00000000000000000 ) ) ;
#1904 = CARTESIAN_POINT ( 'NONE',  ( -4.046079021127152200, 17.19999999999999900, 8.000000000000000000 ) ) ;
#1905 = CARTESIAN_POINT ( 'NONE',  ( 5.135053262044968900, -0.6999999999999458900, 3.000000000000000000 ) ) ;
#1906 = CARTESIAN_POINT ( 'NONE',  ( 3.000000000000000400, 0.0000000000000000000, 2.000000000000000000 ) ) ;
#1907 = CARTESIAN_POINT ( 'NONE',  ( -1.750000000000000400, 15.40384482645104200, 7.508726203218641300 ) ) ;
#1908 = CARTESIAN_POINT ( 'NONE',  ( 20.00000000000000400, -17.60000000000000500, 2.000000000000001800 ) ) ;
#1909 = CARTESIAN_POINT ( 'NONE',  ( -3.546155173548956700, 17.19999999999999900, 7.508726203218641300 ) ) ;
#1910 = CARTESIAN_POINT ( 'NONE',  ( 2.823335267535629400, -1.014286925425699000, 12.00000000000000000 ) ) ;
#1911 = CARTESIAN_POINT ( 'NONE',  ( 4.353920978872850800, 17.19999999999999900, 8.000000000000000000 ) ) ;
#1912 = CARTESIAN_POINT ( 'NONE',  ( 1.750000000000000900, 14.09615517354895400, 7.508726203218641300 ) ) ;
#1913 =( LENGTH_UNIT ( ) NAMED_UNIT ( * ) SI_UNIT ( .MILLI., .METRE. ) );
#1914 = PERSON_AND_ORGANIZATION_ROLE ( 'creator' ) ;
#1915 = APPLICATION_PROTOCOL_DEFINITION ( 'international standard', 'config_control_design', 1994, #1926 ) ;
#1916 = PERSON_AND_ORGANIZATION_ROLE ( 'creator' ) ;
#1917 =( NAMED_UNIT ( * ) SI_UNIT ( $, .STERADIAN. ) SOLID_ANGLE_UNIT ( ) );
#1918 = PERSON_AND_ORGANIZATION_ROLE ( 'design_supplier' ) ;
#1919 = MECHANICAL_CONTEXT ( 'NONE', #1926, 'mechanical' ) ;
#1920 = CARTESIAN_POINT ( 'NONE',  ( 0.0000000000000000000, 0.0000000000000000000, 0.0000000000000000000 ) ) ;
#1921 = DATE_TIME_ROLE ( 'creation_date' ) ;
#1922 = SECURITY_CLASSIFICATION_LEVEL ( 'unclassified' ) ;
#1923 = APPROVAL_STATUS ( 'not_yet_approved' ) ;
#1924 = DIRECTION ( 'NONE',  ( 1.000000000000000000, 0.0000000000000000000, 0.0000000000000000000 ) ) ;
#1925 = APPROVAL_ROLE ( '' ) ;
#1926 = APPLICATION_CONTEXT ( 'configuration controlled 3d designs of mechanical parts and assemblies' ) ;
#1927 = PERSON_AND_ORGANIZATION_ROLE ( 'classification_officer' ) ;
#1928 = DIRECTION ( 'NONE',  ( 0.0000000000000000000, 0.0000000000000000000, 1.000000000000000000 ) ) ;
#1929 = APPLICATION_PROTOCOL_DEFINITION ( 'international standard', 'config_control_design', 1994, #1935 ) ;
#1930 = APPROVAL_ROLE ( '' ) ;
#1931 = PERSON_AND_ORGANIZATION_ROLE ( 'design_owner' ) ;
#1932 = APPROVAL_STATUS ( 'not_yet_approved' ) ;
#1933 =( NAMED_UNIT ( * ) PLANE_ANGLE_UNIT ( ) SI_UNIT ( $, .RADIAN. ) );
#1934 = APPROVAL_ROLE ( '' ) ;
#1935 = APPLICATION_CONTEXT ( 'configuration controlled 3d designs of mechanical parts and assemblies' ) ;
#1936 = APPROVAL_STATUS ( 'not_yet_approved' ) ;
#1937 = CARTESIAN_POINT ( 'NONE',  ( 3.450000000000001100, 17.19999999999999900, 2.000000000000000000 ) ) ;
#1938 = DATE_TIME_ROLE ( 'classification_date' ) ;
#1939 = CARTESIAN_POINT ( 'NONE',  ( -4.898397348136667200, 0.9456651799877665600, 10.03493031692323200 ) ) ;
#1940 = CARTESIAN_POINT ( 'NONE',  ( -0.9811937677980716600, -4.836783956879952700, 11.05233595624294400 ) ) ;
#1941 = CARTESIAN_POINT ( 'NONE',  ( 0.0000000000000000000, 0.0000000000000000000, 8.000000000000000000 ) ) ;
#1942 = CARTESIAN_POINT ( 'NONE',  ( -5.058863979792744400, 0.8170661472363001100, 6.352335843114320600 ) ) ;
#1943 = CARTESIAN_POINT ( 'NONE',  ( 3.000000000000000400, 0.0000000000000000000, -6.485281374238569500 ) ) ;
#1944 = CARTESIAN_POINT ( 'NONE',  ( -0.6999999999999996200, 5.135053262044921000, 3.000000000000000000 ) ) ;
#1945 = CARTESIAN_POINT ( 'NONE',  ( 4.046079021127151300, 18.40392097887285100, 7.500000000000000000 ) ) ;
#1946 = DIRECTION ( 'NONE',  ( 0.0000000000000000000, 1.000000000000000000, -0.0000000000000000000 ) ) ;
#1947 = CARTESIAN_POINT ( 'NONE',  ( -5.019645456901211700, 0.8746038474587208800, 8.000000000000000000 ) ) ;
#1948 = DIRECTION ( 'NONE',  ( 0.0000000000000000000, 0.0000000000000000000, 1.000000000000000000 ) ) ;
#1949 = DIRECTION ( 'NONE',  ( 0.0000000000000000000, 0.0000000000000000000, 1.000000000000000000 ) ) ;
#1950 = CARTESIAN_POINT ( 'NONE',  ( -5.097336091819980400, 0.7588605625147638600, 4.685545976548194600 ) ) ;
#1951 = CARTESIAN_POINT ( 'NONE',  ( -4.353920978872851700, 17.19999999999999900, 7.500000000000000000 ) ) ;
#1952 = CARTESIAN_POINT ( 'NONE',  ( -4.959327226956538900, 0.9101351420558382300, 9.017483151552935900 ) ) ;
#1953 = DIRECTION ( 'NONE',  ( -1.000000000000000000, 0.0000000000000000000, 0.0000000000000000000 ) ) ;
#1954 = DIRECTION ( 'NONE',  ( 0.0000000000000000000, 0.0000000000000000000, 1.000000000000000000 ) ) ;
#1955 = DIRECTION ( 'NONE',  ( 0.0000000000000000000, 0.9998476951563912700, 0.01745240643728431000 ) ) ;
#1956 = CARTESIAN_POINT ( 'NONE',  ( -0.8746038474587384300, 5.019645456901209000, 8.000000000000000000 ) ) ;
#1957 = CARTESIAN_POINT ( 'NONE',  ( -5.135053262044923600, 0.6999999999999816400, 3.000000000000000000 ) ) ;
#1958 = DIRECTION ( 'NONE',  ( 0.0000000000000000000, 0.0000000000000000000, 1.000000000000000000 ) ) ;
#1959 = CARTESIAN_POINT ( 'NONE',  ( 5.058863979792736400, 0.8170661472363369700, 6.352335843114348200 ) ) ;
#1960 = CARTESIAN_POINT ( 'NONE',  ( 5.019645456901205400, 0.8746038474587547500, 8.000000000000000000 ) ) ;
#1961 = CARTESIAN_POINT ( 'NONE',  ( -5.019645456901211700, 0.8746038474587208800, 8.000000000000000000 ) ) ;
#1962 = CARTESIAN_POINT ( 'NONE',  ( 5.135053262044918300, 0.7000000000000163900, 3.000000000000000000 ) ) ;
#1963 = DIRECTION ( 'NONE',  ( -0.0000000000000000000, -0.0000000000000000000, 1.000000000000000000 ) ) ;
#1964 = CARTESIAN_POINT ( 'NONE',  ( 5.097336091819974200, 0.7588605625147999400, 4.685545976548250600 ) ) ;
#1965 = CARTESIAN_POINT ( 'NONE',  ( 0.0000000000000000000, 0.0000000000000000000, 8.000000000000000000 ) ) ;
#1966 = DIRECTION ( 'NONE',  ( 1.000000000000000000, 0.0000000000000000000, 0.0000000000000000000 ) ) ;
#1967 = CARTESIAN_POINT ( 'NONE',  ( -0.7588605625147840600, 5.097336091819976800, 4.685545976548250600 ) ) ;
#1968 = CARTESIAN_POINT ( 'NONE',  ( -0.8170661472363207600, 5.058863979792739900, 6.352335843114348200 ) ) ;
#1969 = CARTESIAN_POINT ( 'NONE',  ( 1.750000000000000900, 14.59607902112714900, 7.500000000000000000 ) ) ;
#1970 = CARTESIAN_POINT ( 'NONE',  ( -4.836783956879956200, 0.9811937677980547800, 11.05233595624294400 ) ) ;
#1971 = CARTESIAN_POINT ( 'NONE',  ( -1.750000000000000400, 14.90392097887284700, 7.500000000000000000 ) ) ;
#1972 = DIRECTION ( 'NONE',  ( 1.000000000000000000, 0.0000000000000000000, 0.0000000000000000000 ) ) ;
#1973 = DIRECTION ( 'NONE',  ( -0.01744974916068344600, 0.01744974916068348100, -0.9996954598818875700 ) ) ;
#1974 = DIRECTION ( 'NONE',  ( 1.000000000000000000, 0.0000000000000000000, 0.0000000000000000000 ) ) ;
#1975 = DIRECTION ( 'NONE',  ( 0.0000000000000000000, 0.9998476951563912700, 0.01745240643728431000 ) ) ;
#1976 = CARTESIAN_POINT ( 'NONE',  ( -1.014286925425729800, -8.000000000000000000, 12.00000000000000000 ) ) ;
#1977 = CARTESIAN_POINT ( 'NONE',  ( -5.200000000000000200, -6.368163355566236400E-016, 2.000000000000000000 ) ) ;
#1978 = DIRECTION ( 'NONE',  ( 0.0000000000000000000, 0.0000000000000000000, 1.000000000000000000 ) ) ;
#1979 = CARTESIAN_POINT ( 'NONE',  ( 0.0000000000000000000, 0.0000000000000000000, 3.000000000000000000 ) ) ;
#1980 = CARTESIAN_POINT ( 'NONE',  ( 4.836783956879963300, -0.9811937677980211400, 11.05233595624294400 ) ) ;
#1981 = CARTESIAN_POINT ( 'NONE',  ( -0.8064220021411110400, 2.891653734419265200, 6.047527408187860900 ) ) ;
#1982 = DIRECTION ( 'NONE',  ( 0.0000000000000000000, 0.0000000000000000000, -1.000000000000000000 ) ) ;
#1983 = CARTESIAN_POINT ( 'NONE',  ( 4.683047046488949800, -0.9982125852929677500, 11.53969112460390500 ) ) ;
#1984 = CARTESIAN_POINT ( 'NONE',  ( -4.046079021127151300, 18.40392097887285100, 7.500000000000000000 ) ) ;
#1985 = DIRECTION ( 'NONE',  ( -0.0000000000000000000, 0.0000000000000000000, 1.000000000000000000 ) ) ;
#1986 = CARTESIAN_POINT ( 'NONE',  ( -0.6999999999999992900, 2.917190429162965300, 2.999999999999999100 ) ) ;
#1987 = CARTESIAN_POINT ( 'NONE',  ( 22.50000000000000000, -19.49999999999999300, 4.000000000000000000 ) ) ;
#1988 = CARTESIAN_POINT ( 'NONE',  ( 4.604063760948737800, -1.001867697516733100, 11.64435984402110200 ) ) ;
#1989 = DIRECTION ( 'NONE',  ( 1.000000000000000000, 0.0000000000000000000, 0.0000000000000000000 ) ) ;
#1990 = CARTESIAN_POINT ( 'NONE',  ( -0.9101351420558555500, -4.959327226956534500, 9.017483151552935900 ) ) ;
#1991 = DIRECTION ( 'NONE',  ( -1.219727444046192500E-016, -1.000000000000000000, 0.0000000000000000000 ) ) ;
#1992 = CARTESIAN_POINT ( 'NONE',  ( 4.828929848456580100, -0.9857227407225764800, 11.18202877202197600 ) ) ;
#1993 = CARTESIAN_POINT ( 'NONE',  ( -1.014286925425729000, 2.823335267535618700, 12.00000000000000000 ) ) ;
#1994 = DIRECTION ( 'NONE',  ( -1.219727444046192700E-016, -1.000000000000000000, -0.0000000000000000000 ) ) ;
#1995 = CARTESIAN_POINT ( 'NONE',  ( -0.9112888527311838700, 2.860337461245796100, 9.050521102666850800 ) ) ;
#1996 = CARTESIAN_POINT ( 'NONE',  ( -0.9456651799877837700, -4.898397348136664500, 10.03493031692323200 ) ) ;
#1997 = CARTESIAN_POINT ( 'NONE',  ( 4.795648300911035600, -0.9901086114779164000, 11.30762367783801800 ) ) ;
#1998 = CARTESIAN_POINT ( 'NONE',  ( 3.803764403476385300, -1.014286925425689200, 12.00000000000000000 ) ) ;
#1999 = DIRECTION ( 'NONE',  ( 0.0000000000000000000, 0.0000000000000000000, 1.000000000000000000 ) ) ;
#2000 = DIRECTION ( 'NONE',  ( -1.000000000000000000, 0.0000000000000000000, 0.0000000000000000000 ) ) ;
#2001 = CARTESIAN_POINT ( 'NONE',  ( -0.8746038474587384300, -5.019645456901209000, 8.000000000000000000 ) ) ;
#2002 = DIRECTION ( 'NONE',  ( 1.734723475976805500E-015, 0.0000000000000000000, 1.000000000000000000 ) ) ;
#2003 = CARTESIAN_POINT ( 'NONE',  ( 17.60000000000000500, -17.60000000000000500, 4.000000000000000000 ) ) ;
#2004 = CARTESIAN_POINT ( 'NONE',  ( -4.353920978872849900, 18.40392097887285100, 7.500000000000000000 ) ) ;
#2005 = DIRECTION ( 'NONE',  ( -0.01745240643728354600, -2.137303368083795900E-018, -0.9998476951563911600 ) ) ;
#2006 = DIRECTION ( 'NONE',  ( -0.01744974916068344600, -0.01744974916068348100, 0.9996954598818875700 ) ) ;
#2007 = CARTESIAN_POINT ( 'NONE',  ( -0.6999999999999999600, -8.000000000000000000, 3.000000000000000000 ) ) ;
#2008 = CARTESIAN_POINT ( 'NONE',  ( 4.318533604731586100, -1.010899757448176600, 11.90300419988431600 ) ) ;
#2009 = CARTESIAN_POINT ( 'NONE',  ( 4.060053620516671700, -1.014286925425686500, 12.00000000000000200 ) ) ;
#2010 = DIRECTION ( 'NONE',  ( -1.000000000000000000, -3.027971090567982100E-017, 1.734723475976805500E-015 ) ) ;
#2011 = DIRECTION ( 'NONE',  ( 0.0000000000000000000, -0.9998476951563912700, -0.01745240643728431000 ) ) ;
#2012 = DIRECTION ( 'NONE',  ( -0.01744974916068344600, 0.01744974916068350900, -0.9996954598818875700 ) ) ;
#2013 = CARTESIAN_POINT ( 'NONE',  ( -4.046079021127151300, 18.40392097887285100, 7.500000000000000000 ) ) ;
#2014 = DIRECTION ( 'NONE',  ( -1.000000000000000000, 0.0000000000000000000, 0.0000000000000000000 ) ) ;
#2015 = CARTESIAN_POINT ( 'NONE',  ( 4.353920978872849900, 18.40392097887285100, 7.500000000000000000 ) ) ;
#2016 = DIRECTION ( 'NONE',  ( -4.818676322157800300E-016, -1.000000000000000000, 0.0000000000000000000 ) ) ;
#2017 = CARTESIAN_POINT ( 'NONE',  ( 0.0000000000000000000, 0.0000000000000000000, 3.000000000000000000 ) ) ;
#2018 = CARTESIAN_POINT ( 'NONE',  ( 0.6999999999999996200, 5.135053262044921000, 3.000000000000000000 ) ) ;
#2019 = CARTESIAN_POINT ( 'NONE',  ( 0.9900970577507955900, -4.795795146446229400, 11.30729282238038300 ) ) ;
#2020 = DIRECTION ( 'NONE',  ( 0.0000000000000000000, 0.0000000000000000000, 1.000000000000000000 ) ) ;
#2021 = DIRECTION ( 'NONE',  ( 1.000000000000000000, 0.0000000000000000000, 0.0000000000000000000 ) ) ;
#2022 = CARTESIAN_POINT ( 'NONE',  ( -4.898397348136660900, -0.9456651799878009700, 10.03493031692323200 ) ) ;
#2023 = CARTESIAN_POINT ( 'NONE',  ( -4.836783956879949100, -0.9811937677980885300, 11.05233595624294400 ) ) ;
#2024 = CARTESIAN_POINT ( 'NONE',  ( 19.50000000000000000, -22.49999999999999300, 4.000000000000000000 ) ) ;
#2025 = CARTESIAN_POINT ( 'NONE',  ( -4.353920978872849000, 18.40392097887285100, 7.500000000000000000 ) ) ;
#2026 = CARTESIAN_POINT ( 'NONE',  ( 1.014286925425733200, -3.932053687766043500, 12.00000000000009900 ) ) ;
#2027 = CARTESIAN_POINT ( 'NONE',  ( -22.50000000000000000, -19.50000000000000000, 4.000000000000000000 ) ) ;
#2028 = CARTESIAN_POINT ( 'NONE',  ( 0.8170661472363189800, 5.058863979792740800, 6.352335843114320600 ) ) ;
#2029 = DIRECTION ( 'NONE',  ( 1.000000000000000000, -0.0000000000000000000, -0.0000000000000000000 ) ) ;
#2030 = DIRECTION ( 'NONE',  ( 0.0000000000000000000, 0.0000000000000000000, 1.000000000000000000 ) ) ;
#2031 = CARTESIAN_POINT ( 'NONE',  ( 0.9857255399627652400, -4.828924994036833100, 11.18210893177158000 ) ) ;
#2032 = CARTESIAN_POINT ( 'NONE',  ( 0.9982181765473855400, -4.682983036919758000, 11.53985123718017800 ) ) ;
#2033 = CARTESIAN_POINT ( 'NONE',  ( -19.49999999999999600, -19.50000000000000000, 4.000000000000000000 ) ) ;
#2034 = DIRECTION ( 'NONE',  ( 1.000000000000000000, 0.0000000000000000000, 0.0000000000000000000 ) ) ;
#2035 = DIRECTION ( 'NONE',  ( 1.000000000000000000, 0.0000000000000000000, 0.0000000000000000000 ) ) ;
#2036 = DIRECTION ( 'NONE',  ( -0.0000000000000000000, 0.0000000000000000000, 1.000000000000000000 ) ) ;
#2037 = CARTESIAN_POINT ( 'NONE',  ( 0.8746038474587384300, 5.019645456901209000, 8.000000000000000000 ) ) ;
#2038 = CARTESIAN_POINT ( 'NONE',  ( 1.010276752983240600, -4.301481289153854500, 11.88516368622873100 ) ) ;
#2039 = CARTESIAN_POINT ( 'NONE',  ( 1.007893842741567100, -4.413570887850861300, 11.81692606499770500 ) ) ;
#2040 = CARTESIAN_POINT ( 'NONE',  ( 17.60000000000000500, -20.00000000000000400, 4.000000000000000000 ) ) ;
#2041 = CARTESIAN_POINT ( 'NONE',  ( 1.013465229939808800, -4.061460791773956000, 11.97646971994375600 ) ) ;
#2042 = CARTESIAN_POINT ( 'NONE',  ( 0.9811937677980716600, -4.836783956879952700, 11.05233595624294400 ) ) ;
#2043 = CARTESIAN_POINT ( 'NONE',  ( 0.7588605625147824000, 5.097336091819976800, 4.685545976548194600 ) ) ;
#2044 = DIRECTION ( 'NONE',  ( -0.0000000000000000000, -0.0000000000000000000, 1.000000000000000000 ) ) ;
#2045 = DIRECTION ( 'NONE',  ( -0.0000000000000000000, -0.0000000000000000000, 1.000000000000000000 ) ) ;
#2046 = DIRECTION ( 'NONE',  ( -0.0000000000000000000, -0.0000000000000000000, 1.000000000000000000 ) ) ;
#2047 = CARTESIAN_POINT ( 'NONE',  ( 1.014286925425729400, -3.803764403475507800, 12.00000000000000000 ) ) ;
#2048 = CARTESIAN_POINT ( 'NONE',  ( -5.019645456901205400, -0.8746038474587559700, 8.000000000000000000 ) ) ;
#2049 = CARTESIAN_POINT ( 'NONE',  ( 0.0000000000000000000, 0.0000000000000000000, 2.999999999999999100 ) ) ;
#2050 = DIRECTION ( 'NONE',  ( 1.000000000000000000, 0.0000000000000000000, 0.0000000000000000000 ) ) ;
#2051 = DIRECTION ( 'NONE',  ( -1.000000000000000000, 0.0000000000000000000, 0.0000000000000000000 ) ) ;
#2052 = CARTESIAN_POINT ( 'NONE',  ( -19.49999999999999600, 22.50000000000000000, 4.000000000000000000 ) ) ;
#2053 = DIRECTION ( 'NONE',  ( -0.0000000000000000000, 0.0000000000000000000, 1.000000000000000000 ) ) ;
#2054 = DIRECTION ( 'NONE',  ( 0.0000000000000000000, -0.0000000000000000000, 1.000000000000000000 ) ) ;
#2055 = CARTESIAN_POINT ( 'NONE',  ( 1.001860070618633400, -4.604293444933476900, 11.64414143823397500 ) ) ;
#2056 = CARTESIAN_POINT ( 'NONE',  ( 0.0000000000000000000, 0.0000000000000000000, 2.999999999999999100 ) ) ;
#2057 = CARTESIAN_POINT ( 'NONE',  ( -4.959327226956531800, -0.9101351420558728700, 9.017483151552935900 ) ) ;
#2058 = CARTESIAN_POINT ( 'NONE',  ( -0.9456651799877838800, 4.898397348136664500, 10.03493031692323200 ) ) ;
#2059 = DIRECTION ( 'NONE',  ( -4.818676322157799300E-016, -1.000000000000000000, 0.0000000000000000000 ) ) ;
#2060 = DIRECTION ( 'NONE',  ( 0.0000000000000000000, -1.000000000000000000, 0.0000000000000000000 ) ) ;
#2061 = DIRECTION ( 'NONE',  ( -0.0000000000000000000, -1.000000000000000000, -0.0000000000000000000 ) ) ;
#2062 = DIRECTION ( 'NONE',  ( 1.000000000000000000, 0.0000000000000000000, 0.0000000000000000000 ) ) ;
#2063 = CARTESIAN_POINT ( 'NONE',  ( 1.750000000000000200, 14.90392097887284700, 8.000000000000000000 ) ) ;
#2064 = CARTESIAN_POINT ( 'NONE',  ( -22.50000000000000000, -22.50000000000000000, 4.000000000000000000 ) ) ;
#2065 = CARTESIAN_POINT ( 'NONE',  ( -1.750000000000000400, 15.49999999999999800, 2.000000000000000000 ) ) ;
#2066 = CARTESIAN_POINT ( 'NONE',  ( -0.8746038474587384300, 5.019645456901209000, 8.000000000000000000 ) ) ;
#2067 = DIRECTION ( 'NONE',  ( 0.0000000000000000000, 0.0000000000000000000, -1.000000000000000000 ) ) ;
#2068 = CARTESIAN_POINT ( 'NONE',  ( 4.353920978872850800, 17.19999999999999900, 7.500000000000000000 ) ) ;
#2069 = CARTESIAN_POINT ( 'NONE',  ( -0.9811937677980716600, 4.836783956879952700, 11.05233595624294400 ) ) ;
#2070 = DIRECTION ( 'NONE',  ( -1.000000000000000000, -0.0000000000000000000, -0.0000000000000000000 ) ) ;
#2071 = CARTESIAN_POINT ( 'NONE',  ( 17.60000000000000500, 17.60000000000000500, 4.000000000000000000 ) ) ;
#2072 = DIRECTION ( 'NONE',  ( 0.0000000000000000000, 0.0000000000000000000, 1.000000000000000000 ) ) ;
#2073 = DIRECTION ( 'NONE',  ( -1.000000000000000000, 0.0000000000000000000, 0.0000000000000000000 ) ) ;
#2074 = CARTESIAN_POINT ( 'NONE',  ( 22.50000000000000000, -22.49999999999999300, 3.000000000000000000 ) ) ;
#2075 = CARTESIAN_POINT ( 'NONE',  ( -1.750000000000000200, 15.40384482645104200, 7.508726203218642100 ) ) ;
#2076 = DIRECTION ( 'NONE',  ( -1.000000000000000000, 0.0000000000000000000, 0.0000000000000000000 ) ) ;
#2077 = DIRECTION ( 'NONE',  ( 0.0000000000000000000, 0.0000000000000000000, 1.000000000000000000 ) ) ;
#2078 = CARTESIAN_POINT ( 'NONE',  ( -4.353920978872849000, 18.40392097887285100, 7.500000000000000000 ) ) ;
#2079 = CARTESIAN_POINT ( 'NONE',  ( -4.046079021127151300, 18.40392097887285100, 7.500000000000000000 ) ) ;
#2080 = DIRECTION ( 'NONE',  ( 0.0000000000000000000, -0.9998476951563912700, -0.01745240643728431000 ) ) ;
#2081 = DIRECTION ( 'NONE',  ( -0.01744974916068343200, -0.01744974916068347700, 0.9996954598818874600 ) ) ;
#2082 = CARTESIAN_POINT ( 'NONE',  ( -0.9101351420558555500, 4.959327226956534500, 9.017483151552935900 ) ) ;
#2083 = DIRECTION ( 'NONE',  ( 1.000000000000000000, 1.541976423090495600E-016, 0.0000000000000000000 ) ) ;
#2084 = DIRECTION ( 'NONE',  ( 2.226110232282682500E-018, 0.01745240643728355000, -0.9998476951563911600 ) ) ;
#2085 = CARTESIAN_POINT ( 'NONE',  ( -1.750000000000000900, 14.59607902112714900, 7.500000000000000000 ) ) ;
#2086 = DIRECTION ( 'NONE',  ( 1.000000000000000000, 0.0000000000000000000, 0.0000000000000000000 ) ) ;
#2087 = CARTESIAN_POINT ( 'NONE',  ( -3.932053687766837900, -1.014286925425742900, 11.99999999999999800 ) ) ;
#2088 = CARTESIAN_POINT ( 'NONE',  ( 19.50000000000000000, 19.50000000000000700, 4.000000000000000000 ) ) ;
#2089 = CARTESIAN_POINT ( 'NONE',  ( -22.50000000000000000, -22.50000000000000000, 3.000000000000000000 ) ) ;
#2090 = CARTESIAN_POINT ( 'NONE',  ( 20.00000000000000400, -17.60000000000000500, 4.000000000000000000 ) ) ;
#2091 = CARTESIAN_POINT ( 'NONE',  ( -19.49999999999999600, -19.50000000000000000, 3.000000000000000000 ) ) ;
#2092 = CARTESIAN_POINT ( 'NONE',  ( -19.49999999999999600, -19.50000000000000000, 3.000000000000000000 ) ) ;
#2093 = DIRECTION ( 'NONE',  ( 0.0000000000000000000, 0.0000000000000000000, -1.000000000000000000 ) ) ;
#2094 = CARTESIAN_POINT ( 'NONE',  ( 3.450000000000000200, 18.90384482645104600, 7.508726203218642100 ) ) ;
#2095 = DIRECTION ( 'NONE',  ( 4.818676322157799300E-016, -1.000000000000000000, -4.691468547622265800E-037 ) ) ;
#2096 = CARTESIAN_POINT ( 'NONE',  ( 0.9112888527311838700, 2.860337461245796100, 9.050521102666850800 ) ) ;
#2097 = CARTESIAN_POINT ( 'NONE',  ( -4.046079021127151300, 17.20000000000000300, 8.000000000000000000 ) ) ;
#2098 = DIRECTION ( 'NONE',  ( -0.0000000000000000000, 1.000000000000000000, -0.0000000000000000000 ) ) ;
#2099 = CARTESIAN_POINT ( 'NONE',  ( 3.450395865057438400, 18.49968028736436700, 2.022679093951588800 ) ) ;
#2100 = DIRECTION ( 'NONE',  ( -0.01744974916068272800, -0.01744974916068271800, 0.9996954598818874600 ) ) ;
#2101 = CARTESIAN_POINT ( 'NONE',  ( 1.014286925425729000, 2.823335267535618700, 12.00000000000000000 ) ) ;
#2102 = CARTESIAN_POINT ( 'NONE',  ( -3.449847776315051500, 18.50022837610675500, 1.991279110929967000 ) ) ;
#2103 = DIRECTION ( 'NONE',  ( 0.0000000000000000000, 0.0000000000000000000, -1.000000000000000000 ) ) ;
#2104 = DIRECTION ( 'NONE',  ( 0.0000000000000000000, 0.0000000000000000000, 1.000000000000000000 ) ) ;
#2105 = DIRECTION ( 'NONE',  ( -0.0000000000000000000, -0.0000000000000000000, 1.000000000000000000 ) ) ;
#2106 = DIRECTION ( 'NONE',  ( 1.000000000000000000, 0.0000000000000000000, 0.0000000000000000000 ) ) ;
#2107 = DIRECTION ( 'NONE',  ( -0.01744974916068272800, 0.01744974916068271800, -0.9996954598818874600 ) ) ;
#2108 = CARTESIAN_POINT ( 'NONE',  ( 0.8064220021411111500, 2.891653734419265200, 6.047527408187864500 ) ) ;
#2109 = CARTESIAN_POINT ( 'NONE',  ( -19.50000000000000000, 0.0000000000000000000, 0.0000000000000000000 ) ) ;
#2110 = CARTESIAN_POINT ( 'NONE',  ( 4.853844826451045900, 17.19999999999999900, 7.508726203218642100 ) ) ;
#2111 = CARTESIAN_POINT ( 'NONE',  ( 0.0000000000000000000, 0.0000000000000000000, 12.00000000000000000 ) ) ;
#2112 = DIRECTION ( 'NONE',  ( -1.000000000000000000, -1.541976423090495600E-016, -0.0000000000000000000 ) ) ;
#2113 = CARTESIAN_POINT ( 'NONE',  ( -19.50000000000000000, 19.50000000000000400, 3.000000000000000000 ) ) ;
#2114 = DIRECTION ( 'NONE',  ( -1.000000000000000000, 0.0000000000000000000, 0.0000000000000000000 ) ) ;
#2115 = CARTESIAN_POINT ( 'NONE',  ( 3.006854025026466300E-015, -19.49999999999999600, 0.0000000000000000000 ) ) ;
#2116 = DIRECTION ( 'NONE',  ( 1.000000000000000000, 0.0000000000000000000, 0.0000000000000000000 ) ) ;
#2117 = DIRECTION ( 'NONE',  ( 0.0000000000000000000, -1.000000000000000000, 0.0000000000000000000 ) ) ;
#2118 = DIRECTION ( 'NONE',  ( 4.818676322157800300E-016, 1.000000000000000000, -0.0000000000000000000 ) ) ;
#2119 = DIRECTION ( 'NONE',  ( 1.000000000000000000, -1.156482317317871500E-015, 0.0000000000000000000 ) ) ;
#2120 = CARTESIAN_POINT ( 'NONE',  ( -3.803764403476369300, -1.014286925425742300, 12.00000000000000000 ) ) ;
#2121 = DIRECTION ( 'NONE',  ( 1.156482317317871700E-015, 1.000000000000000000, 0.0000000000000000000 ) ) ;
#2122 = DIRECTION ( 'NONE',  ( 1.000000000000000000, 0.0000000000000000000, 0.0000000000000000000 ) ) ;
#2123 = DIRECTION ( 'NONE',  ( 0.0000000000000000000, -0.0000000000000000000, 1.000000000000000000 ) ) ;
#2124 = CARTESIAN_POINT ( 'NONE',  ( 0.6999999999999992900, 2.917190429162965300, 2.999999999999999100 ) ) ;
#2125 = CARTESIAN_POINT ( 'NONE',  ( -19.49999999999999600, -22.50000000000000000, 4.000000000000000000 ) ) ;
#2126 = DIRECTION ( 'NONE',  ( 0.0000000000000000000, 1.000000000000000000, 0.0000000000000000000 ) ) ;
#2127 = CARTESIAN_POINT ( 'NONE',  ( 22.50000000000000000, -22.49999999999999300, 3.000000000000000000 ) ) ;
#2128 = DIRECTION ( 'NONE',  ( 1.000000000000000000, 0.0000000000000000000, 0.0000000000000000000 ) ) ;
#2129 = DIRECTION ( 'NONE',  ( -1.000000000000000000, 0.0000000000000000000, 0.0000000000000000000 ) ) ;
#2130 = CARTESIAN_POINT ( 'NONE',  ( -4.795795146446266700, -0.9900970577508070300, 11.30729282238023500 ) ) ;
#2131 = CARTESIAN_POINT ( 'NONE',  ( 1.014286925425729600, 4.060053620516659300, 12.00000000000000200 ) ) ;
#2132 = DIRECTION ( 'NONE',  ( 0.0000000000000000000, 1.000000000000000000, 0.0000000000000000000 ) ) ;
#2133 = CARTESIAN_POINT ( 'NONE',  ( 1.014286925425729800, 8.000000000000000000, 12.00000000000000000 ) ) ;
#2134 = CARTESIAN_POINT ( 'NONE',  ( 1.010899757448221900, 4.318533604731576300, 11.90300419988431800 ) ) ;
#2135 = CARTESIAN_POINT ( 'NONE',  ( 1.014286925425729000, 3.803764403476372900, 12.00000000000000000 ) ) ;
#2136 = CARTESIAN_POINT ( 'NONE',  ( -20.00000000000000700, -17.60000000000000900, 4.000000000000000000 ) ) ;
#2137 = CARTESIAN_POINT ( 'NONE',  ( 1.001867697516780800, 4.604063760948726300, 11.64435984402110000 ) ) ;
#2138 = CARTESIAN_POINT ( 'NONE',  ( -4.301481289154367000, -1.010276752983246400, 11.88516368622845200 ) ) ;
#2139 = DIRECTION ( 'NONE',  ( -9.856383386231856400E-017, -1.000000000000000000, -0.0000000000000000000 ) ) ;
#2140 = CARTESIAN_POINT ( 'NONE',  ( -4.413570887851265400, -1.007893842741572500, 11.81692606499741400 ) ) ;
#2141 = DIRECTION ( 'NONE',  ( 0.01744974916068272500, 0.01744974916068272100, -0.9996954598818874600 ) ) ;
#2142 = DIRECTION ( 'NONE',  ( -0.01745240643728355000, -0.0000000000000000000, -0.9998476951563911600 ) ) ;
#2143 = DIRECTION ( 'NONE',  ( -1.000000000000000000, -1.541976423090495400E-016, 0.0000000000000000000 ) ) ;
#2144 = DIRECTION ( 'NONE',  ( -0.0000000000000000000, 0.01745240643728355000, -0.9998476951563911600 ) ) ;
#2145 = CARTESIAN_POINT ( 'NONE',  ( -3.950228364511903400, 18.99969548306629400, 2.017445763447985700 ) ) ;
#2146 = CARTESIAN_POINT ( 'NONE',  ( 0.9811937677980716600, 4.836783956879952700, 11.05233595624294400 ) ) ;
#2147 = CARTESIAN_POINT ( 'NONE',  ( -4.061460791774652400, -1.013465229939817000, 11.97646971994356900 ) ) ;
#2148 = CARTESIAN_POINT ( 'NONE',  ( 0.9857227407226272200, 4.828929848456571200, 11.18202877202197600 ) ) ;
#2149 = CARTESIAN_POINT ( 'NONE',  ( 19.50000000000000000, -19.49999999999999300, 3.000000000000000000 ) ) ;
#2150 = CARTESIAN_POINT ( 'NONE',  ( -4.950000000000001100, 17.19999999999999900, 2.000000000000000000 ) ) ;
#2151 = DIRECTION ( 'NONE',  ( 1.219727444046192700E-016, 1.000000000000000000, -0.0000000000000000000 ) ) ;
#2152 = CARTESIAN_POINT ( 'NONE',  ( -4.836783956879949100, -0.9811937677980885300, 11.05233595624294400 ) ) ;
#2153 = CARTESIAN_POINT ( 'NONE',  ( 22.50000000000000000, 22.50000000000000700, 4.000000000000000000 ) ) ;
#2154 = CARTESIAN_POINT ( 'NONE',  ( 22.50000000000000000, 19.50000000000000400, 4.000000000000000000 ) ) ;
#2155 = CARTESIAN_POINT ( 'NONE',  ( 19.50000000000000000, 19.50000000000000700, 3.000000000000000000 ) ) ;
#2156 = DIRECTION ( 'NONE',  ( -0.0000000000000000000, -0.0000000000000000000, 1.000000000000000000 ) ) ;
#2157 = CARTESIAN_POINT ( 'NONE',  ( -4.682983036919906400, -0.9982181765473936400, 11.53985123717993300 ) ) ;
#2158 = DIRECTION ( 'NONE',  ( -0.0000000000000000000, -0.0000000000000000000, 1.000000000000000000 ) ) ;
#2159 = CARTESIAN_POINT ( 'NONE',  ( 22.50000000000000000, 22.50000000000000700, 3.000000000000000000 ) ) ;
#2160 = DIRECTION ( 'NONE',  ( -1.000000000000000000, 0.0000000000000000000, 0.0000000000000000000 ) ) ;
#2161 = CARTESIAN_POINT ( 'NONE',  ( 0.0000000000000000000, 0.0000000000000000000, 12.00000000000000000 ) ) ;
#2162 = DIRECTION ( 'NONE',  ( 1.000000000000000000, 0.0000000000000000000, 0.0000000000000000000 ) ) ;
#2163 = CARTESIAN_POINT ( 'NONE',  ( 1.750000000000000200, 15.49999999999999800, 2.000000000000000000 ) ) ;
#2164 = DIRECTION ( 'NONE',  ( -0.0000000000000000000, -0.0000000000000000000, 1.000000000000000000 ) ) ;
#2165 = DIRECTION ( 'NONE',  ( 1.219727444046192700E-016, -1.000000000000000000, -0.0000000000000000000 ) ) ;
#2166 = CARTESIAN_POINT ( 'NONE',  ( -4.604293444933707000, -1.001860070618638900, 11.64414143823369100 ) ) ;
#2167 = CARTESIAN_POINT ( 'NONE',  ( -1.014286925425729800, 8.000000000000000000, 12.00000000000000000 ) ) ;
#2168 = CARTESIAN_POINT ( 'NONE',  ( 0.9901086114779669200, 4.795648300911024000, 11.30762367783802200 ) ) ;
#2169 = CARTESIAN_POINT ( 'NONE',  ( 0.9982125852930166000, 4.683047046488938200, 11.53969112460390400 ) ) ;
#2170 = CARTESIAN_POINT ( 'NONE',  ( -4.828924994036835700, -0.9857255399627797800, 11.18210893177150700 ) ) ;
#2171 = DIRECTION ( 'NONE',  ( -1.000000000000000000, -1.541976423090495600E-016, 0.0000000000000000000 ) ) ;
#2172 = DIRECTION ( 'NONE',  ( 0.0000000000000000000, 0.0000000000000000000, 1.000000000000000000 ) ) ;
#2173 = CARTESIAN_POINT ( 'NONE',  ( -22.50000000000000000, 19.50000000000000400, 4.000000000000000000 ) ) ;
#2174 = DIRECTION ( 'NONE',  ( 1.000000000000000000, 0.0000000000000000000, 0.0000000000000000000 ) ) ;
#2175 = DIRECTION ( 'NONE',  ( 0.0000000000000000000, 0.0000000000000000000, -1.000000000000000000 ) ) ;
#2176 = DIRECTION ( 'NONE',  ( 1.000000000000000000, -0.0000000000000000000, -0.0000000000000000000 ) ) ;
#2177 = CARTESIAN_POINT ( 'NONE',  ( -19.50000000000000000, 19.50000000000000400, 3.000000000000000000 ) ) ;
#2178 = DIRECTION ( 'NONE',  ( -1.000000000000000000, -3.369508594438514500E-015, -0.0000000000000000000 ) ) ;
#2179 = CARTESIAN_POINT ( 'NONE',  ( 4.046079021127152200, 17.19999999999999900, 8.000000000000000000 ) ) ;
#2180 = CARTESIAN_POINT ( 'NONE',  ( -1.014286925425729000, 3.803764403476372900, 12.00000000000000000 ) ) ;
#2181 = DIRECTION ( 'NONE',  ( -0.0000000000000000000, -0.0000000000000000000, -1.000000000000000000 ) ) ;
#2182 = CARTESIAN_POINT ( 'NONE',  ( -1.010276752983231100, 4.301481289154372300, 11.88516368622844900 ) ) ;
#2183 = DIRECTION ( 'NONE',  ( 0.0000000000000000000, 0.0000000000000000000, 1.000000000000000000 ) ) ;
#2184 = DIRECTION ( 'NONE',  ( -1.000000000000000000, 1.156482317317871700E-015, 0.0000000000000000000 ) ) ;
#2185 = CARTESIAN_POINT ( 'NONE',  ( -0.9857255399627629100, 4.828924994036839300, 11.18210893177150700 ) ) ;
#2186 = CARTESIAN_POINT ( 'NONE',  ( -0.9900970577507906000, 4.795795146446270300, 11.30729282238023500 ) ) ;
#2187 = DIRECTION ( 'NONE',  ( 4.818676322157800300E-016, -1.000000000000000000, -0.0000000000000000000 ) ) ;
#2188 = CARTESIAN_POINT ( 'NONE',  ( -1.007893842741557100, 4.413570887851269800, 11.81692606499741100 ) ) ;
#2189 = CARTESIAN_POINT ( 'NONE',  ( -19.50000000000000000, 19.50000000000000400, 3.000000000000000000 ) ) ;
#2190 = DIRECTION ( 'NONE',  ( 0.0000000000000000000, 0.0000000000000000000, -1.000000000000000000 ) ) ;
#2191 = CARTESIAN_POINT ( 'NONE',  ( -1.001860070618623100, 4.604293444933711400, 11.64414143823369100 ) ) ;
#2192 = CARTESIAN_POINT ( 'NONE',  ( -0.9811937677980716600, 4.836783956879952700, 11.05233595624294400 ) ) ;
#2193 = CARTESIAN_POINT ( 'NONE',  ( -0.9811937677980716600, -4.836783956879952700, 11.05233595624294400 ) ) ;
#2194 = DIRECTION ( 'NONE',  ( -0.0000000000000000000, -0.0000000000000000000, 1.000000000000000000 ) ) ;
#2195 = CARTESIAN_POINT ( 'NONE',  ( -1.014286925425729400, 3.932053687766840600, 11.99999999999999800 ) ) ;
#2196 = CARTESIAN_POINT ( 'NONE',  ( -8.000000000000003600, 1.014286925425701900, 12.00000000000000000 ) ) ;
#2197 = CARTESIAN_POINT ( 'NONE',  ( -0.9901086114779666900, -4.795648300911024000, 11.30762367783801600 ) ) ;
#2198 = DIRECTION ( 'NONE',  ( 0.0000000000000000000, 0.0000000000000000000, 1.000000000000000000 ) ) ;
#2199 = DIRECTION ( 'NONE',  ( 0.0000000000000000000, 0.0000000000000000000, 1.000000000000000000 ) ) ;
#2200 = DIRECTION ( 'NONE',  ( 1.000000000000000000, 0.0000000000000000000, 0.0000000000000000000 ) ) ;
#2201 = CARTESIAN_POINT ( 'NONE',  ( -0.9982181765473771000, 4.682983036919909900, 11.53985123717993300 ) ) ;
#2202 = CARTESIAN_POINT ( 'NONE',  ( -1.013465229939802600, 4.061460791774655900, 11.97646971994356900 ) ) ;
#2203 = CARTESIAN_POINT ( 'NONE',  ( 0.0000000000000000000, 0.0000000000000000000, 11.05233595624294400 ) ) ;
#2204 = CARTESIAN_POINT ( 'NONE',  ( 19.50000000000000000, 22.50000000000000700, 4.000000000000000000 ) ) ;
#2205 = CARTESIAN_POINT ( 'NONE',  ( 0.0000000000000000000, 0.0000000000000000000, 12.00000000000000000 ) ) ;
#2206 = DIRECTION ( 'NONE',  ( -1.000000000000000000, 0.0000000000000000000, 0.0000000000000000000 ) ) ;
#2207 = CARTESIAN_POINT ( 'NONE',  ( -0.9857227407226272200, -4.828929848456569500, 11.18202877202197800 ) ) ;
#2208 = CARTESIAN_POINT ( 'NONE',  ( -0.9982125852930168200, -4.683047046488938200, 11.53969112460390500 ) ) ;
#2209 = CARTESIAN_POINT ( 'NONE',  ( -1.001867697516781100, -4.604063760948727200, 11.64435984402110200 ) ) ;
#2210 = DIRECTION ( 'NONE',  ( -0.0000000000000000000, -1.000000000000000000, -0.0000000000000000000 ) ) ;
#2211 = DIRECTION ( 'NONE',  ( 0.0000000000000000000, 0.0000000000000000000, -1.000000000000000000 ) ) ;
#2212 = CARTESIAN_POINT ( 'NONE',  ( 1.750000000000000900, 14.59607902112714900, 8.000000000000000000 ) ) ;
#2213 = CARTESIAN_POINT ( 'NONE',  ( -1.010899757448221900, -4.318533604731577200, 11.90300419988431600 ) ) ;
#2214 = CARTESIAN_POINT ( 'NONE',  ( 0.0000000000000000000, 0.0000000000000000000, 12.00000000000000000 ) ) ;
#2215 = CARTESIAN_POINT ( 'NONE',  ( -1.014286925425729600, -4.060053620516662000, 12.00000000000000200 ) ) ;
#2216 = DIRECTION ( 'NONE',  ( 1.000000000000000000, 0.0000000000000000000, 0.0000000000000000000 ) ) ;
#2217 = CARTESIAN_POINT ( 'NONE',  ( 0.0000000000000000000, 0.0000000000000000000, 12.00000000000000000 ) ) ;
#2218 = CARTESIAN_POINT ( 'NONE',  ( -4.683047046488940900, 0.9982125852930005000, 11.53969112460390400 ) ) ;
#2219 = CARTESIAN_POINT ( 'NONE',  ( -4.318533604731580800, 1.010899757448206800, 11.90300419988431800 ) ) ;
#2220 = CARTESIAN_POINT ( 'NONE',  ( -4.060053620516662900, 1.014286925425715200, 12.00000000000000200 ) ) ;
#2221 = CARTESIAN_POINT ( 'NONE',  ( 4.795795146446267600, 0.9900970577508062500, 11.30729282238023500 ) ) ;
#2222 = CARTESIAN_POINT ( 'NONE',  ( 3.932053687766838800, 1.014286925425742100, 11.99999999999999800 ) ) ;
#2223 = DIRECTION ( 'NONE',  ( 0.0000000000000000000, 0.0000000000000000000, 1.000000000000000000 ) ) ;
#2224 = CARTESIAN_POINT ( 'NONE',  ( -4.828929848456573900, 0.9857227407226097900, 11.18202877202198000 ) ) ;
#2225 = CARTESIAN_POINT ( 'NONE',  ( -3.803764403476376500, 1.014286925425715600, 12.00000000000000000 ) ) ;
#2226 = DIRECTION ( 'NONE',  ( -1.000000000000000000, 0.0000000000000000000, 0.0000000000000000000 ) ) ;
#2227 = DIRECTION ( 'NONE',  ( 0.0000000000000000000, 0.0000000000000000000, 1.000000000000000000 ) ) ;
#2228 = CARTESIAN_POINT ( 'NONE',  ( -4.604063760948730700, 1.001867697516765100, 11.64435984402110000 ) ) ;
#2229 = CARTESIAN_POINT ( 'NONE',  ( 4.353920978872849900, 18.89526961043069500, 8.000000000000000000 ) ) ;
#2230 = DIRECTION ( 'NONE',  ( 1.000000000000000000, 0.0000000000000000000, 0.0000000000000000000 ) ) ;
#2231 = CARTESIAN_POINT ( 'NONE',  ( 4.413570887851265400, 1.007893842741571100, 11.81692606499741100 ) ) ;
#2232 = CARTESIAN_POINT ( 'NONE',  ( -8.000000000000003600, 1.014286925425701900, 12.00000000000000000 ) ) ;
#2233 = CARTESIAN_POINT ( 'NONE',  ( 4.046079021127152200, 17.19999999999999900, 7.500000000000000000 ) ) ;
#2234 = CARTESIAN_POINT ( 'NONE',  ( 4.301481289154367900, 1.010276752983245000, 11.88516368622844900 ) ) ;
#2235 = CARTESIAN_POINT ( 'NONE',  ( -19.50000000000000000, 19.50000000000000400, 4.000000000000000000 ) ) ;
#2236 = CARTESIAN_POINT ( 'NONE',  ( 4.682983036919908100, 0.9982181765473920900, 11.53985123717993100 ) ) ;
#2237 = CARTESIAN_POINT ( 'NONE',  ( 1.750000000000000200, 14.90392097887284700, 7.500000000000000000 ) ) ;
#2238 = CARTESIAN_POINT ( 'NONE',  ( 4.604293444933710500, 1.001860070618638000, 11.64414143823369100 ) ) ;
#2239 = DIRECTION ( 'NONE',  ( 1.000000000000000000, 1.541976423090495600E-016, -0.0000000000000000000 ) ) ;
#2240 = CARTESIAN_POINT ( 'NONE',  ( 19.50000000000000000, 0.0000000000000000000, 0.0000000000000000000 ) ) ;
#2241 = DIRECTION ( 'NONE',  ( -0.0000000000000000000, -0.0000000000000000000, 1.000000000000000000 ) ) ;
#2242 = CARTESIAN_POINT ( 'NONE',  ( -17.60000000000000900, -20.00000000000000400, -56.56854249492381100 ) ) ;
#2243 = DIRECTION ( 'NONE',  ( 0.0000000000000000000, -1.000000000000000000, 0.0000000000000000000 ) ) ;
#2244 = CARTESIAN_POINT ( 'NONE',  ( -1.750000000000000200, 17.19999999999999900, 7.508726203218657200 ) ) ;
#2245 = CARTESIAN_POINT ( 'NONE',  ( 4.828924994036835700, 0.9857255399627789000, 11.18210893177150700 ) ) ;
#2246 = DIRECTION ( 'NONE',  ( -1.000000000000000000, -3.369508594438514500E-015, -0.0000000000000000000 ) ) ;
#2247 = CARTESIAN_POINT ( 'NONE',  ( -4.795648300911028400, 0.9901086114779502600, 11.30762367783801800 ) ) ;
#2248 = CARTESIAN_POINT ( 'NONE',  ( 3.803764403476369300, 1.014286925425741200, 12.00000000000000000 ) ) ;
#2249 = CARTESIAN_POINT ( 'NONE',  ( -3.006854025026467100E-015, 19.50000000000000400, 0.0000000000000000000 ) ) ;
#2250 = DIRECTION ( 'NONE',  ( 0.0000000000000000000, 0.0000000000000000000, 1.000000000000000000 ) ) ;
#2251 = CARTESIAN_POINT ( 'NONE',  ( 0.0000000000000000000, 0.0000000000000000000, 12.00000000000000000 ) ) ;
#2252 = CARTESIAN_POINT ( 'NONE',  ( 20.00000000000000400, -17.60000000000000500, -56.56854249492381100 ) ) ;
#2253 = DIRECTION ( 'NONE',  ( 1.000000000000000000, 0.0000000000000000000, 0.0000000000000000000 ) ) ;
#2254 = CARTESIAN_POINT ( 'NONE',  ( 4.061460791774651500, 1.013465229939815900, 11.97646971994356900 ) ) ;
#2255 = DIRECTION ( 'NONE',  ( 0.0000000000000000000, -0.0000000000000000000, 1.000000000000000000 ) ) ;
#2256 = CARTESIAN_POINT ( 'NONE',  ( 4.836783956879949100, 0.9811937677980873100, 11.05233595624294400 ) ) ;
#2257 = DIRECTION ( 'NONE',  ( -0.0000000000000000000, -0.0000000000000000000, 1.000000000000000000 ) ) ;
#2258 = DIRECTION ( 'NONE',  ( -0.0000000000000000000, -1.000000000000000000, -0.0000000000000000000 ) ) ;
#2259 = DIRECTION ( 'NONE',  ( 0.0000000000000000000, 0.0000000000000000000, -1.000000000000000000 ) ) ;
#2260 = DIRECTION ( 'NONE',  ( -1.000000000000000000, 0.0000000000000000000, 0.0000000000000000000 ) ) ;
#2261 = CARTESIAN_POINT ( 'NONE',  ( -1.014286925425729400, -3.803764403476375100, 12.00000000000000000 ) ) ;
#2262 = CARTESIAN_POINT ( 'NONE',  ( -4.836783956879956200, 0.9811937677980547800, 11.05233595624294400 ) ) ;
#2263 = DIRECTION ( 'NONE',  ( -0.0000000000000000000, -0.0000000000000000000, 1.000000000000000000 ) ) ;
#2264 = CARTESIAN_POINT ( 'NONE',  ( 2.823335267535615100, 1.014286925425737800, 12.00000000000000000 ) ) ;
#2265 = CARTESIAN_POINT ( 'NONE',  ( 0.0000000000000000000, 0.0000000000000000000, 2.999999999999999100 ) ) ;
#2266 = DIRECTION ( 'NONE',  ( 1.000000000000000000, 1.541976423090495400E-016, -0.0000000000000000000 ) ) ;
#2267 = DIRECTION ( 'NONE',  ( 1.000000000000000000, 0.0000000000000000000, 0.0000000000000000000 ) ) ;
#2268 = CARTESIAN_POINT ( 'NONE',  ( -1.750000000000001100, 14.09615517354895400, 7.508726203218642100 ) ) ;
#2269 = CARTESIAN_POINT ( 'NONE',  ( 0.0000000000000000000, 0.0000000000000000000, 2.000000000000000000 ) ) ;
#2270 = DIRECTION ( 'NONE',  ( -1.000000000000000000, -0.0000000000000000000, -0.0000000000000000000 ) ) ;
#2271 = CARTESIAN_POINT ( 'NONE',  ( 4.950000000000001100, 17.19999999999999900, 2.000000000000000000 ) ) ;
#2272 = DIRECTION ( 'NONE',  ( 1.000000000000000000, 1.035247127212478100E-014, 0.0000000000000000000 ) ) ;
#2273 = DIRECTION ( 'NONE',  ( -4.818676322157799300E-016, 1.000000000000000000, -0.0000000000000000000 ) ) ;
#2274 = DIRECTION ( 'NONE',  ( -0.0000000000000000000, 0.0000000000000000000, 1.000000000000000000 ) ) ;
#2275 = DIRECTION ( 'NONE',  ( -1.000000000000000000, 0.0000000000000000000, 0.0000000000000000000 ) ) ;
#2276 = DIRECTION ( 'NONE',  ( 0.0000000000000000000, 0.0000000000000000000, -1.000000000000000000 ) ) ;
#2277 = CARTESIAN_POINT ( 'NONE',  ( 1.750000000000000200, 17.19999999999999900, 8.000000000000000000 ) ) ;
#2278 = CARTESIAN_POINT ( 'NONE',  ( 17.60000000000000500, 20.00000000000000400, 4.000000000000000000 ) ) ;
#2279 = CARTESIAN_POINT ( 'NONE',  ( 8.000000000000007100, -0.6999999999999161300, 3.000000000000000000 ) ) ;
#2280 = CARTESIAN_POINT ( 'NONE',  ( 2.891653734419262500, 0.8064220021411222500, 6.047527408187914200 ) ) ;
#2281 = DIRECTION ( 'NONE',  ( 0.0000000000000000000, -1.000000000000000000, 0.0000000000000000000 ) ) ;
#2282 = CARTESIAN_POINT ( 'NONE',  ( -4.950152223684949800, 18.50022837610675500, 1.991279110929967000 ) ) ;
#2283 = DIRECTION ( 'NONE',  ( -0.01744974916068271400, 0.01744974916068272800, -0.9996954598818874600 ) ) ;
#2284 = DIRECTION ( 'NONE',  ( -0.01744974916068271400, -0.01744974916068272800, 0.9996954598818874600 ) ) ;
#2285 = DIRECTION ( 'NONE',  ( 1.000000000000000000, 0.0000000000000000000, 0.0000000000000000000 ) ) ;
#2286 = DIRECTION ( 'NONE',  ( -0.0000000000000000000, 0.0000000000000000000, -1.000000000000000000 ) ) ;
#2287 = CARTESIAN_POINT ( 'NONE',  ( 19.50000000000000000, -19.49999999999999300, 3.000000000000000000 ) ) ;
#2288 = CARTESIAN_POINT ( 'NONE',  ( 17.60000000000000500, 20.00000000000000400, -56.56854249492381100 ) ) ;
#2289 = CARTESIAN_POINT ( 'NONE',  ( 4.853997050135994600, 18.40407320255780000, 7.500005314148610900 ) ) ;
#2290 = DIRECTION ( 'NONE',  ( 0.01745240643728355000, 8.409749766401257200E-018, -0.9998476951563911600 ) ) ;
#2291 = DIRECTION ( 'NONE',  ( 0.0000000000000000000, 0.0000000000000000000, 1.000000000000000000 ) ) ;
#2292 = DIRECTION ( 'NONE',  ( -0.0000000000000000000, -0.0000000000000000000, -1.000000000000000000 ) ) ;
#2293 = DIRECTION ( 'NONE',  ( -1.000000000000000000, 0.0000000000000000000, 0.0000000000000000000 ) ) ;
#2294 = CARTESIAN_POINT ( 'NONE',  ( 1.750000000000000200, 17.19999999999999900, 8.000000000000000000 ) ) ;
#2295 = CARTESIAN_POINT ( 'NONE',  ( -20.00000000000000700, -17.60000000000000900, -56.56854249492381100 ) ) ;
#2296 = CARTESIAN_POINT ( 'NONE',  ( 22.50000000000000000, -22.49999999999999300, 4.000000000000000000 ) ) ;
#2297 = DIRECTION ( 'NONE',  ( -0.0000000000000000000, -0.0000000000000000000, -1.000000000000000000 ) ) ;
#2298 = DIRECTION ( 'NONE',  ( 1.000000000000000000, 0.0000000000000000000, 0.0000000000000000000 ) ) ;
#2299 = CARTESIAN_POINT ( 'NONE',  ( -1.750000000000000200, 17.19999999999999900, 7.508726203218642100 ) ) ;
#2300 = DIRECTION ( 'NONE',  ( -0.0000000000000000000, -0.0000000000000000000, 1.000000000000000000 ) ) ;
#2301 = CARTESIAN_POINT ( 'NONE',  ( 2.917190429162960500, 0.7000000000000087300, 3.000000000000000000 ) ) ;
#2302 = CARTESIAN_POINT ( 'NONE',  ( 2.860337461245792600, 0.9112888527311939800, 9.050521102666879300 ) ) ;
#2303 = DIRECTION ( 'NONE',  ( 1.000000000000000000, 0.0000000000000000000, 0.0000000000000000000 ) ) ;
#2304 = DIRECTION ( 'NONE',  ( 1.000000000000000000, 0.0000000000000000000, 0.0000000000000000000 ) ) ;
#2305 = CARTESIAN_POINT ( 'NONE',  ( 3.949771623893247400, 19.00015222368495000, 1.991279110929967000 ) ) ;
#2306 = DIRECTION ( 'NONE',  ( -0.0000000000000000000, -0.0000000000000000000, 1.000000000000000000 ) ) ;
#2307 = DIRECTION ( 'NONE',  ( 1.000000000000000000, 0.0000000000000000000, 0.0000000000000000000 ) ) ;
#2308 = CARTESIAN_POINT ( 'NONE',  ( -20.00000000000000400, 17.60000000000000500, -56.56854249492381100 ) ) ;
#2309 = DIRECTION ( 'NONE',  ( 0.0000000000000000000, 0.0000000000000000000, 1.000000000000000000 ) ) ;
#2310 = CARTESIAN_POINT ( 'NONE',  ( 0.8746038474587384300, -5.019645456901209000, 8.000000000000000000 ) ) ;
#2311 = CARTESIAN_POINT ( 'NONE',  ( 3.450000000000001500, 17.19999999999999900, 2.000000000000000000 ) ) ;
#2312 = DIRECTION ( 'NONE',  ( 0.0000000000000000000, 0.0000000000000000000, 1.000000000000000000 ) ) ;
#2313 = CARTESIAN_POINT ( 'NONE',  ( -1.750000000000000200, 17.19999999999999900, 8.000000000000000000 ) ) ;
#2314 = DIRECTION ( 'NONE',  ( -4.818676322157799300E-016, -1.000000000000000000, -0.0000000000000000000 ) ) ;
#2315 = DIRECTION ( 'NONE',  ( -4.818676322157799300E-016, -1.000000000000000000, 1.541502614715664000E-033 ) ) ;
#2316 = DIRECTION ( 'NONE',  ( -1.000000000000000000, 0.0000000000000000000, 0.0000000000000000000 ) ) ;
#2317 = CARTESIAN_POINT ( 'NONE',  ( 0.9101351420558555500, -4.959327226956534500, 9.017483151552935900 ) ) ;
#2318 = CARTESIAN_POINT ( 'NONE',  ( -3.546155173548955800, 19.00000000000000000, 7.508726203218642100 ) ) ;
#2319 = DIRECTION ( 'NONE',  ( -1.000000000000000000, 0.0000000000000000000, 0.0000000000000000000 ) ) ;
#2320 = DIRECTION ( 'NONE',  ( -0.01745240643728355300, -0.0000000000000000000, -0.9998476951563911600 ) ) ;
#2321 = CARTESIAN_POINT ( 'NONE',  ( 4.046079021127151300, 18.40392097887285100, 7.500000000000000000 ) ) ;
#2322 = DIRECTION ( 'NONE',  ( -0.0000000000000000000, -0.0000000000000000000, -1.000000000000000000 ) ) ;
#2323 = DIRECTION ( 'NONE',  ( 1.000000000000000000, 0.0000000000000000000, 0.0000000000000000000 ) ) ;
#2324 = CARTESIAN_POINT ( 'NONE',  ( 20.00000000000000400, 17.60000000000000500, -56.56854249492381100 ) ) ;
#2325 = CARTESIAN_POINT ( 'NONE',  ( -4.353920978872849900, 17.19999999999999900, 8.000000000000000000 ) ) ;
#2326 = DIRECTION ( 'NONE',  ( -1.000000000000000000, 0.0000000000000000000, 0.0000000000000000000 ) ) ;
#2327 = DIRECTION ( 'NONE',  ( -1.000000000000000000, -0.0000000000000000000, -0.0000000000000000000 ) ) ;
#2328 = CARTESIAN_POINT ( 'NONE',  ( 1.750000000000000200, 17.19999999999999900, 7.508726203218642100 ) ) ;
#2329 = CARTESIAN_POINT ( 'NONE',  ( 19.50000000000000000, -19.49999999999999300, 3.000000000000000000 ) ) ;
#2330 = DIRECTION ( 'NONE',  ( 4.818676322157800300E-016, -1.000000000000000000, -0.0000000000000000000 ) ) ;
#2331 = DIRECTION ( 'NONE',  ( -0.0000000000000000000, -0.0000000000000000000, -1.000000000000000000 ) ) ;
#2332 = DIRECTION ( 'NONE',  ( 0.01744974916068272500, -0.01744974916068272100, 0.9996954598818874600 ) ) ;
#2333 = CARTESIAN_POINT ( 'NONE',  ( -3.450000000000001100, 17.19999999999999900, 2.000000000000000000 ) ) ;
#2334 = CARTESIAN_POINT ( 'NONE',  ( -1.750000000000000200, 17.19999999999999900, 8.000000000000000000 ) ) ;
#2335 = DIRECTION ( 'NONE',  ( -1.000000000000000000, -0.0000000000000000000, -0.0000000000000000000 ) ) ;
#2336 = CARTESIAN_POINT ( 'NONE',  ( 1.750000000000000200, 18.40392097887285100, 8.000000000000000000 ) ) ;
#2337 = CARTESIAN_POINT ( 'NONE',  ( 1.750000000000000900, 13.99999999999999800, 2.000000000000000000 ) ) ;
#2338 = CARTESIAN_POINT ( 'NONE',  ( 1.750000000000000200, 18.40392097887285100, 8.000000000000000000 ) ) ;
#2339 = CARTESIAN_POINT ( 'NONE',  ( 1.750000000000000200, 17.19999999999999900, 7.508726203218643900 ) ) ;
#2340 = DIRECTION ( 'NONE',  ( 0.01745240643728355000, -8.409749766401258700E-018, -0.9998476951563911600 ) ) ;
#2341 = DIRECTION ( 'NONE',  ( 3.547863182700528200E-018, -0.01745240643728355000, -0.9998476951563911600 ) ) ;
#2342 = DIRECTION ( 'NONE',  ( 0.0000000000000000000, 0.0000000000000000000, -1.000000000000000000 ) ) ;
#2343 = DIRECTION ( 'NONE',  ( -0.0000000000000000000, -0.0000000000000000000, 1.000000000000000000 ) ) ;
#2344 = CARTESIAN_POINT ( 'NONE',  ( 0.9811937677980716600, -4.836783956879952700, 11.05233595624294400 ) ) ;
#2345 = DIRECTION ( 'NONE',  ( 4.818676322157799300E-016, 1.000000000000000000, 4.691468547622265800E-037 ) ) ;
#2346 = DIRECTION ( 'NONE',  ( 1.000000000000000000, -0.0000000000000000000, 0.0000000000000000000 ) ) ;
#2347 = CARTESIAN_POINT ( 'NONE',  ( -2.823335267535623600, 1.014286925425719200, 12.00000000000000000 ) ) ;
#2348 = DIRECTION ( 'NONE',  ( -1.000000000000000000, 0.0000000000000000000, 0.0000000000000000000 ) ) ;
#2349 = DIRECTION ( 'NONE',  ( 0.0000000000000000000, 0.0000000000000000000, -1.000000000000000000 ) ) ;
#2350 = DIRECTION ( 'NONE',  ( 0.01744974916068271800, -0.01744974916068272100, 0.9996954598818874600 ) ) ;
#2351 = CARTESIAN_POINT ( 'NONE',  ( -2.860337461245799200, 0.9112888527311737700, 9.050521102666854400 ) ) ;
#2352 = CARTESIAN_POINT ( 'NONE',  ( -4.853844826451045000, 18.89526961043069500, 7.508726203218642100 ) ) ;
#2353 = DIRECTION ( 'NONE',  ( -1.156482317317871500E-015, -1.000000000000000000, -0.0000000000000000000 ) ) ;
#2354 = DIRECTION ( 'NONE',  ( -0.0000000000000000000, -0.0000000000000000000, 1.000000000000000000 ) ) ;
#2355 = CARTESIAN_POINT ( 'NONE',  ( 19.50000000000000000, 19.50000000000000700, 3.000000000000000000 ) ) ;
#2356 = DIRECTION ( 'NONE',  ( -0.0000000000000000000, -0.0000000000000000000, 1.000000000000000000 ) ) ;
#2357 = CARTESIAN_POINT ( 'NONE',  ( -1.750000000000000900, 13.99999999999999800, 2.000000000000000000 ) ) ;
#2358 = CARTESIAN_POINT ( 'NONE',  ( 0.0000000000000000000, 0.0000000000000000000, 11.05233595624294400 ) ) ;
#2359 = DIRECTION ( 'NONE',  ( 0.01744974916068271800, 0.01744974916068272100, -0.9996954598818874600 ) ) ;
#2360 = CARTESIAN_POINT ( 'NONE',  ( -2.917190429162968400, 0.6999999999999891900, 3.000000000000000000 ) ) ;
#2361 = DIRECTION ( 'NONE',  ( -0.0000000000000000000, -0.01745240643728355000, -0.9998476951563911600 ) ) ;
#2362 = CARTESIAN_POINT ( 'NONE',  ( 0.0000000000000000000, 0.0000000000000000000, 2.000000000000000000 ) ) ;
#2363 = CARTESIAN_POINT ( 'NONE',  ( -2.891653734419267900, 0.8064220021411010500, 6.047527408187868000 ) ) ;
#2364 = CARTESIAN_POINT ( 'NONE',  ( -8.000000000000001800, 0.6999999999999719800, 3.000000000000000000 ) ) ;
#2365 = DIRECTION ( 'NONE',  ( 1.000000000000000000, 0.0000000000000000000, 0.0000000000000000000 ) ) ;
#2366 = CARTESIAN_POINT ( 'NONE',  ( 3.546155173548956700, 17.19999999999999900, 7.508726203218642100 ) ) ;
#2367 = CARTESIAN_POINT ( 'NONE',  ( -17.60000000000000500, 20.00000000000000400, -56.56854249492381100 ) ) ;
#2368 = CARTESIAN_POINT ( 'NONE',  ( 19.50000000000000000, 19.50000000000000700, 3.000000000000000000 ) ) ;
#2369 = DIRECTION ( 'NONE',  ( -0.0000000000000000000, -0.0000000000000000000, -1.000000000000000000 ) ) ;
#2370 = CARTESIAN_POINT ( 'NONE',  ( -19.50000000000000000, -19.50000000000000000, 3.000000000000000000 ) ) ;
#2371 = DIRECTION ( 'NONE',  ( -1.000000000000000000, -3.369508594438514100E-015, 0.0000000000000000000 ) ) ;
#2372 = CARTESIAN_POINT ( 'NONE',  ( -4.950000000000000200, 18.90384482645104600, 7.508726203218642100 ) ) ;
#2373 = DIRECTION ( 'NONE',  ( -0.0000000000000000000, -1.000000000000000000, -0.0000000000000000000 ) ) ;
#2374 = DIRECTION ( 'NONE',  ( 0.0000000000000000000, 0.0000000000000000000, -1.000000000000000000 ) ) ;
#2375 = CARTESIAN_POINT ( 'NONE',  ( 0.0000000000000000000, 0.0000000000000000000, 2.000000000000000000 ) ) ;
#2376 = DIRECTION ( 'NONE',  ( -0.0000000000000000000, -0.0000000000000000000, -1.000000000000000000 ) ) ;
#2377 = CARTESIAN_POINT ( 'NONE',  ( 0.9456651799877838800, -4.898397348136664500, 10.03493031692323200 ) ) ;
#2378 = CARTESIAN_POINT ( 'NONE',  ( 4.450228376106753800, 19.00015222368495000, 1.991279110929967000 ) ) ;
#2379 = DIRECTION ( 'NONE',  ( 1.000000000000000000, -1.156482317317871700E-015, 0.0000000000000000000 ) ) ;
#2380 = DIRECTION ( 'NONE',  ( -4.818676322157799300E-016, 1.000000000000000000, -1.541502614715664000E-033 ) ) ;
#2381 = CARTESIAN_POINT ( 'NONE',  ( 17.60000000000000500, -20.00000000000000400, -56.56854249492381100 ) ) ;
#2382 = DIRECTION ( 'NONE',  ( 1.000000000000000000, 0.0000000000000000000, 0.0000000000000000000 ) ) ;
#2383 = DIRECTION ( 'NONE',  ( -0.0000000000000000000, -0.0000000000000000000, -1.000000000000000000 ) ) ;
#2384 = CARTESIAN_POINT ( 'NONE',  ( -4.354073202557799500, 18.90399705013599500, 7.500005314148610000 ) ) ;
#2385 = DIRECTION ( 'NONE',  ( 1.000000000000000000, 0.0000000000000000000, 0.0000000000000000000 ) ) ;
#2386 = PLANE ( 'NONE',  #1220 ) ;
#2387 = CARTESIAN_POINT ( 'NONE',  ( 0.0000000000000000000, 0.0000000000000000000, 4.000000000000000000 ) ) ;
#2388 = DIRECTION ( 'NONE',  ( 1.000000000000000000, 0.0000000000000000000, 0.0000000000000000000 ) ) ;
#2389 = DIRECTION ( 'NONE',  ( 0.0000000000000000000, 0.0000000000000000000, 1.000000000000000000 ) ) ;
#2390 = CARTESIAN_POINT ( 'NONE',  ( 0.0000000000000000000, 0.0000000000000000000, -6.485281374238569500 ) ) ;
#2391 = DIRECTION ( 'NONE',  ( 1.000000000000000000, 0.0000000000000000000, 0.0000000000000000000 ) ) ;
#2392 = DIRECTION ( 'NONE',  ( -0.0000000000000000000, -0.0000000000000000000, -1.000000000000000000 ) ) ;
#2393 = DIRECTION ( 'NONE',  ( 1.000000000000000000, 0.0000000000000000000, 0.0000000000000000000 ) ) ;
#2394 = DIRECTION ( 'NONE',  ( 0.0000000000000000000, 0.0000000000000000000, 1.000000000000000000 ) ) ;
#2395 = DIRECTION ( 'NONE',  ( 0.0000000000000000000, 0.0000000000000000000, 1.000000000000000000 ) ) ;
#2396 = DIRECTION ( 'NONE',  ( 1.000000000000000000, 0.0000000000000000000, 0.0000000000000000000 ) ) ;
#2397 = PLANE ( 'NONE',  #1391 ) ;
#2398 = PLANE ( 'NONE',  #1389 ) ;
#2399 = CARTESIAN_POINT ( 'NONE',  ( 0.0000000000000000000, 0.0000000000000000000, 12.00000000000000000 ) ) ;
#2400 = DIRECTION ( 'NONE',  ( 1.000000000000000000, 0.0000000000000000000, -0.0000000000000000000 ) ) ;
#2401 = DIRECTION ( 'NONE',  ( 0.0000000000000000000, -0.0000000000000000000, 1.000000000000000000 ) ) ;
#2402 = DIRECTION ( 'NONE',  ( 0.0000000000000000000, -0.0000000000000000000, 1.000000000000000000 ) ) ;
#2403 = DIRECTION ( 'NONE',  ( 1.000000000000000000, 0.0000000000000000000, 0.0000000000000000000 ) ) ;
#2404 = DIRECTION ( 'NONE',  ( 0.0000000000000000000, 0.0000000000000000000, -1.000000000000000000 ) ) ;
#2405 = DIRECTION ( 'NONE',  ( -1.000000000000000000, 0.0000000000000000000, 0.0000000000000000000 ) ) ;
#2406 = CARTESIAN_POINT ( 'NONE',  ( 0.0000000000000000000, 0.0000000000000000000, 8.000000000000000000 ) ) ;
#2407 = PLANE ( 'NONE',  #1387 ) ;
#2408 = CARTESIAN_POINT ( 'NONE',  ( 0.0000000000000000000, 0.0000000000000000000, 8.000000000000000000 ) ) ;
#2409 = CARTESIAN_POINT ( 'NONE',  ( 0.0000000000000000000, 0.0000000000000000000, 12.00000000000000000 ) ) ;
#2410 = PLANE ( 'NONE',  #1400 ) ;
#2411 = CARTESIAN_POINT ( 'NONE',  ( 0.0000000000000000000, 0.0000000000000000000, 11.00000000000000000 ) ) ;
#2412 = DIRECTION ( 'NONE',  ( 1.000000000000000000, 0.0000000000000000000, 0.0000000000000000000 ) ) ;
#2413 = DIRECTION ( 'NONE',  ( 1.000000000000000000, 0.0000000000000000000, 0.0000000000000000000 ) ) ;
#2414 = CARTESIAN_POINT ( 'NONE',  ( 0.0000000000000000000, 0.0000000000000000000, 11.00000000000000000 ) ) ;
#2415 = CARTESIAN_POINT ( 'NONE',  ( 0.0000000000000000000, 0.0000000000000000000, 2.000000000000000000 ) ) ;
#2416 = DIRECTION ( 'NONE',  ( 1.000000000000000000, 0.0000000000000000000, -0.0000000000000000000 ) ) ;
#2417 = DIRECTION ( 'NONE',  ( -0.0000000000000000000, -0.0000000000000000000, -1.000000000000000000 ) ) ;
#2418 = DIRECTION ( 'NONE',  ( 1.000000000000000000, 0.0000000000000000000, -0.0000000000000000000 ) ) ;
#2419 = CARTESIAN_POINT ( 'NONE',  ( 0.0000000000000000000, 0.0000000000000000000, 11.00000000000000000 ) ) ;
#2420 = CARTESIAN_POINT ( 'NONE',  ( 0.0000000000000000000, 0.0000000000000000000, 8.000000000000000000 ) ) ;
#2421 = CARTESIAN_POINT ( 'NONE',  ( 0.0000000000000000000, 0.0000000000000000000, 0.0000000000000000000 ) ) ;
#2422 = DIRECTION ( 'NONE',  ( 0.0000000000000000000, -0.0000000000000000000, 1.000000000000000000 ) ) ;
#2423 = DIRECTION ( 'NONE',  ( 1.000000000000000000, 0.0000000000000000000, -0.0000000000000000000 ) ) ;
#2424 = CARTESIAN_POINT ( 'NONE',  ( 0.0000000000000000000, 0.0000000000000000000, 8.000000000000000000 ) ) ;
#2425 = DIRECTION ( 'NONE',  ( 1.000000000000000000, 0.0000000000000000000, 0.0000000000000000000 ) ) ;
#2426 = CARTESIAN_POINT ( 'NONE',  ( 19.50000000000000000, 19.50000000000000700, 4.000000000000000000 ) ) ;
#2427 = DIRECTION ( 'NONE',  ( -0.0000000000000000000, -0.0000000000000000000, -1.000000000000000000 ) ) ;
#2428 = DIRECTION ( 'NONE',  ( -0.0000000000000000000, -0.0000000000000000000, 1.000000000000000000 ) ) ;
#2429 = DIRECTION ( 'NONE',  ( 1.000000000000000000, 0.0000000000000000000, -0.0000000000000000000 ) ) ;
#2430 = DIRECTION ( 'NONE',  ( 0.0000000000000000000, 0.0000000000000000000, 1.000000000000000000 ) ) ;
#2431 = DIRECTION ( 'NONE',  ( 0.0000000000000000000, 0.0000000000000000000, 1.000000000000000000 ) ) ;
#2432 = DIRECTION ( 'NONE',  ( -0.0000000000000000000, -0.0000000000000000000, -1.000000000000000000 ) ) ;
#2433 = CARTESIAN_POINT ( 'NONE',  ( 19.50000000000000000, -19.49999999999999300, 4.000000000000000000 ) ) ;
#2434 = DIRECTION ( 'NONE',  ( -0.0000000000000000000, 0.0000000000000000000, 1.000000000000000000 ) ) ;
#2435 = DIRECTION ( 'NONE',  ( -1.000000000000000000, 0.0000000000000000000, 0.0000000000000000000 ) ) ;
#2436 = DIRECTION ( 'NONE',  ( 1.000000000000000000, 0.0000000000000000000, 0.0000000000000000000 ) ) ;
#2437 = DIRECTION ( 'NONE',  ( 0.0000000000000000000, 0.0000000000000000000, -1.000000000000000000 ) ) ;
#2438 = DIRECTION ( 'NONE',  ( 0.0000000000000000000, 0.0000000000000000000, -1.000000000000000000 ) ) ;
#2439 = DIRECTION ( 'NONE',  ( 0.0000000000000000000, 0.0000000000000000000, 1.000000000000000000 ) ) ;
#2440 = DIRECTION ( 'NONE',  ( 1.000000000000000000, 0.0000000000000000000, -0.0000000000000000000 ) ) ;
#2441 = CARTESIAN_POINT ( 'NONE',  ( 3.450000000000000200, 18.40392097887285100, 7.500000000000000000 ) ) ;
#2442 = DIRECTION ( 'NONE',  ( 1.000000000000000000, 0.0000000000000000000, 0.0000000000000000000 ) ) ;
#2443 = PLANE ( 'NONE',  #1255 ) ;
#2444 = CARTESIAN_POINT ( 'NONE',  ( 0.0000000000000000000, 0.0000000000000000000, 12.00000000000000000 ) ) ;
#2445 = PLANE ( 'NONE',  #1247 ) ;
#2446 = CARTESIAN_POINT ( 'NONE',  ( 0.0000000000000000000, 0.0000000000000000000, 3.000000000000000000 ) ) ;
#2447 = VERTEX_POINT ( 'NONE', #1777 ) ;
#2448 = VERTEX_POINT ( 'NONE', #1780 ) ;
#2449 = VERTEX_POINT ( 'NONE', #1746 ) ;
#2450 = VERTEX_POINT ( 'NONE', #1782 ) ;
#2451 = VERTEX_POINT ( 'NONE', #1792 ) ;
#2452 = VERTEX_POINT ( 'NONE', #1812 ) ;
#2453 = VERTEX_POINT ( 'NONE', #1774 ) ;
#2454 = VERTEX_POINT ( 'NONE', #1791 ) ;
#2455 = VERTEX_POINT ( 'NONE', #1815 ) ;
#2456 = VERTEX_POINT ( 'NONE', #1818 ) ;
#2457 = VERTEX_POINT ( 'NONE', #1803 ) ;
#2458 = VERTEX_POINT ( 'NONE', #1838 ) ;
#2459 = VERTEX_POINT ( 'NONE', #1775 ) ;
#2460 = VERTEX_POINT ( 'NONE', #1789 ) ;
#2461 = VERTEX_POINT ( 'NONE', #1776 ) ;
#2462 = VERTEX_POINT ( 'NONE', #1810 ) ;
#2463 = VERTEX_POINT ( 'NONE', #1834 ) ;
#2464 = VERTEX_POINT ( 'NONE', #1839 ) ;
#2465 = VERTEX_POINT ( 'NONE', #1824 ) ;
#2466 = VERTEX_POINT ( 'NONE', #1831 ) ;
#2467 = VERTEX_POINT ( 'NONE', #1806 ) ;
#2468 = VERTEX_POINT ( 'NONE', #1793 ) ;
#2469 = VERTEX_POINT ( 'NONE', #1833 ) ;
#2470 = VERTEX_POINT ( 'NONE', #1804 ) ;
#2471 = VERTEX_POINT ( 'NONE', #1801 ) ;
#2472 = VERTEX_POINT ( 'NONE', #1800 ) ;
#2473 = VERTEX_POINT ( 'NONE', #1820 ) ;
#2474 = VERTEX_POINT ( 'NONE', #1825 ) ;
#2475 = VERTEX_POINT ( 'NONE', #1840 ) ;
#2476 = VERTEX_POINT ( 'NONE', #1786 ) ;
#2477 = VERTEX_POINT ( 'NONE', #1836 ) ;
#2478 = VERTEX_POINT ( 'NONE', #1845 ) ;
#2479 = VERTEX_POINT ( 'NONE', #1843 ) ;
#2480 = VERTEX_POINT ( 'NONE', #1819 ) ;
#2481 = VERTEX_POINT ( 'NONE', #1802 ) ;
#2482 = VERTEX_POINT ( 'NONE', #1826 ) ;
#2483 = VERTEX_POINT ( 'NONE', #1805 ) ;
#2484 = VERTEX_POINT ( 'NONE', #1807 ) ;
#2485 = VERTEX_POINT ( 'NONE', #1817 ) ;
#2486 = VERTEX_POINT ( 'NONE', #1828 ) ;
#2487 = VERTEX_POINT ( 'NONE', #1808 ) ;
#2488 = VERTEX_POINT ( 'NONE', #1841 ) ;
#2489 = VERTEX_POINT ( 'NONE', #1813 ) ;
#2490 = VERTEX_POINT ( 'NONE', #1796 ) ;
#2491 = VERTEX_POINT ( 'NONE', #1809 ) ;
#2492 = VERTEX_POINT ( 'NONE', #1837 ) ;
#2493 = VERTEX_POINT ( 'NONE', #1830 ) ;
#2494 = VERTEX_POINT ( 'NONE', #1788 ) ;
#2495 = VERTEX_POINT ( 'NONE', #1811 ) ;
#2496 = VERTEX_POINT ( 'NONE', #1814 ) ;
#2497 = VERTEX_POINT ( 'NONE', #1842 ) ;
#2498 = VERTEX_POINT ( 'NONE', #1827 ) ;
#2499 = VERTEX_POINT ( 'NONE', #1822 ) ;
#2500 = VERTEX_POINT ( 'NONE', #1844 ) ;
#2501 = VERTEX_POINT ( 'NONE', #1799 ) ;
#2502 = VERTEX_POINT ( 'NONE', #1829 ) ;
#2503 = VERTEX_POINT ( 'NONE', #1846 ) ;
#2504 = VERTEX_POINT ( 'NONE', #1794 ) ;
#2505 = VERTEX_POINT ( 'NONE', #1790 ) ;
#2506 = VERTEX_POINT ( 'NONE', #1821 ) ;
#2507 = VERTEX_POINT ( 'NONE', #1816 ) ;
#2508 = VERTEX_POINT ( 'NONE', #1797 ) ;
#2509 = VERTEX_POINT ( 'NONE', #1823 ) ;
#2510 = VERTEX_POINT ( 'NONE', #1832 ) ;
#2511 = ORIENTED_EDGE ( 'NONE', *, *, #1179, .F. ) ;
#2512 = ORIENTED_EDGE ( 'NONE', *, *, #1181, .F. ) ;
#2513 = VERTEX_POINT ( 'NONE', #1848 ) ;
#2514 = ORIENTED_EDGE ( 'NONE', *, *, #1150, .F. ) ;
#2515 = VERTEX_POINT ( 'NONE', #1787 ) ;
#2516 = ORIENTED_EDGE ( 'NONE', *, *, #1053, .T. ) ;
#2517 = ORIENTED_EDGE ( 'NONE', *, *, #1079, .T. ) ;
#2518 = VERTEX_POINT ( 'NONE', #1835 ) ;
#2519 = ORIENTED_EDGE ( 'NONE', *, *, #1142, .F. ) ;
#2520 = ORIENTED_EDGE ( 'NONE', *, *, #1166, .F. ) ;
#2521 = ORIENTED_EDGE ( 'NONE', *, *, #1101, .F. ) ;
#2522 = ORIENTED_EDGE ( 'NONE', *, *, #1067, .T. ) ;
#2523 = ORIENTED_EDGE ( 'NONE', *, *, #1094, .T. ) ;
#2524 = ORIENTED_EDGE ( 'NONE', *, *, #1173, .F. ) ;
#2525 = ORIENTED_EDGE ( 'NONE', *, *, #1167, .F. ) ;
#2526 = VERTEX_POINT ( 'NONE', #1858 ) ;
#2527 = VERTEX_POINT ( 'NONE', #1795 ) ;
#2528 = VERTEX_POINT ( 'NONE', #1869 ) ;
#2529 = VERTEX_POINT ( 'NONE', #1798 ) ;
#2530 = VERTEX_POINT ( 'NONE', #1912 ) ;
#2531 = VERTEX_POINT ( 'NONE', #1847 ) ;
#2532 = VERTEX_POINT ( 'NONE', #1855 ) ;
#2533 = VERTEX_POINT ( 'NONE', #1785 ) ;
#2534 = VERTEX_POINT ( 'NONE', #1898 ) ;
#2535 = VERTEX_POINT ( 'NONE', #1902 ) ;
#2536 = VERTEX_POINT ( 'NONE', #1874 ) ;
#2537 = VERTEX_POINT ( 'NONE', #1850 ) ;
#2538 = VERTEX_POINT ( 'NONE', #1867 ) ;
#2539 = VERTEX_POINT ( 'NONE', #1865 ) ;
#2540 = VERTEX_POINT ( 'NONE', #1894 ) ;
#2541 = ORIENTED_EDGE ( 'NONE', *, *, #1168, .F. ) ;
#2542 = ORIENTED_EDGE ( 'NONE', *, *, #1036, .F. ) ;
#2543 = ORIENTED_EDGE ( 'NONE', *, *, #1067, .F. ) ;
#2544 = ORIENTED_EDGE ( 'NONE', *, *, #1151, .F. ) ;
#2545 = VERTEX_POINT ( 'NONE', #1870 ) ;
#2546 = ORIENTED_EDGE ( 'NONE', *, *, #1107, .F. ) ;
#2547 = VERTEX_POINT ( 'NONE', #1881 ) ;
#2548 = VERTEX_POINT ( 'NONE', #1907 ) ;
#2549 = ORIENTED_EDGE ( 'NONE', *, *, #1065, .F. ) ;
#2550 = ORIENTED_EDGE ( 'NONE', *, *, #1194, .F. ) ;
#2551 = ORIENTED_EDGE ( 'NONE', *, *, #1157, .F. ) ;
#2552 = VERTEX_POINT ( 'NONE', #1868 ) ;
#2553 = VERTEX_POINT ( 'NONE', #1871 ) ;
#2554 = ORIENTED_EDGE ( 'NONE', *, *, #1061, .F. ) ;
#2555 = VERTEX_POINT ( 'NONE', #1883 ) ;
#2556 = VERTEX_POINT ( 'NONE', #1911 ) ;
#2557 = VERTEX_POINT ( 'NONE', #1904 ) ;
#2558 = ORIENTED_EDGE ( 'NONE', *, *, #1065, .T. ) ;
#2559 = ORIENTED_EDGE ( 'NONE', *, *, #1093, .F. ) ;
#2560 = ORIENTED_EDGE ( 'NONE', *, *, #1115, .F. ) ;
#2561 = ORIENTED_EDGE ( 'NONE', *, *, #1160, .F. ) ;
#2562 = ORIENTED_EDGE ( 'NONE', *, *, #1093, .T. ) ;
#2563 = ORIENTED_EDGE ( 'NONE', *, *, #1094, .F. ) ;
#2564 = ORIENTED_EDGE ( 'NONE', *, *, #1151, .T. ) ;
#2565 = VERTEX_POINT ( 'NONE', #1895 ) ;
#2566 = VERTEX_POINT ( 'NONE', #1852 ) ;
#2567 = VERTEX_POINT ( 'NONE', #1873 ) ;
#2568 = VERTEX_POINT ( 'NONE', #1866 ) ;
#2569 = VERTEX_POINT ( 'NONE', #1872 ) ;
#2570 = VERTEX_POINT ( 'NONE', #1909 ) ;
#2571 = ORIENTED_EDGE ( 'NONE', *, *, #1196, .F. ) ;
#2572 = ORIENTED_EDGE ( 'NONE', *, *, #1102, .F. ) ;
#2573 = ORIENTED_EDGE ( 'NONE', *, *, #1036, .T. ) ;
#2574 = ORIENTED_EDGE ( 'NONE', *, *, #1150, .T. ) ;
#2575 = ORIENTED_EDGE ( 'NONE', *, *, #1077, .F. ) ;
#2576 = ORIENTED_EDGE ( 'NONE', *, *, #1034, .T. ) ;
#2577 = ORIENTED_EDGE ( 'NONE', *, *, #1155, .T. ) ;
#2578 = ORIENTED_EDGE ( 'NONE', *, *, #1176, .F. ) ;
#2579 = ORIENTED_EDGE ( 'NONE', *, *, #1111, .F. ) ;
#2580 = ORIENTED_EDGE ( 'NONE', *, *, #1095, .F. ) ;
#2581 = ORIENTED_EDGE ( 'NONE', *, *, #1012, .F. ) ;
#2582 = ORIENTED_EDGE ( 'NONE', *, *, #1079, .F. ) ;
#2583 = ORIENTED_EDGE ( 'NONE', *, *, #1053, .F. ) ;
#2584 = ORIENTED_EDGE ( 'NONE', *, *, #1007, .F. ) ;
#2585 = ORIENTED_EDGE ( 'NONE', *, *, #1044, .F. ) ;
#2586 = ORIENTED_EDGE ( 'NONE', *, *, #1207, .T. ) ;
#2587 = ORIENTED_EDGE ( 'NONE', *, *, #1205, .F. ) ;
#2588 = ORIENTED_EDGE ( 'NONE', *, *, #1124, .F. ) ;
#2589 = ORIENTED_EDGE ( 'NONE', *, *, #1176, .T. ) ;
#2590 = ORIENTED_EDGE ( 'NONE', *, *, #999, .T. ) ;
#2591 = ORIENTED_EDGE ( 'NONE', *, *, #1131, .F. ) ;
#2592 = ORIENTED_EDGE ( 'NONE', *, *, #1163, .F. ) ;
#2593 = ORIENTED_EDGE ( 'NONE', *, *, #1096, .F. ) ;
#2594 = ORIENTED_EDGE ( 'NONE', *, *, #1076, .F. ) ;
#2595 = ORIENTED_EDGE ( 'NONE', *, *, #1072, .F. ) ;
#2596 = ORIENTED_EDGE ( 'NONE', *, *, #1191, .F. ) ;
#2597 = ORIENTED_EDGE ( 'NONE', *, *, #1137, .T. ) ;
#2598 = ORIENTED_EDGE ( 'NONE', *, *, #1174, .T. ) ;
#2599 = ORIENTED_EDGE ( 'NONE', *, *, #1043, .T. ) ;
#2600 = ORIENTED_EDGE ( 'NONE', *, *, #1214, .F. ) ;
#2601 = ORIENTED_EDGE ( 'NONE', *, *, #1056, .F. ) ;
#2602 = ORIENTED_EDGE ( 'NONE', *, *, #1040, .F. ) ;
#2603 = ORIENTED_EDGE ( 'NONE', *, *, #1113, .F. ) ;
#2604 = ORIENTED_EDGE ( 'NONE', *, *, #1180, .T. ) ;
#2605 = ORIENTED_EDGE ( 'NONE', *, *, #1112, .F. ) ;
#2606 = ORIENTED_EDGE ( 'NONE', *, *, #1206, .F. ) ;
#2607 = ORIENTED_EDGE ( 'NONE', *, *, #1185, .F. ) ;
#2608 = ORIENTED_EDGE ( 'NONE', *, *, #1190, .F. ) ;
#2609 = ORIENTED_EDGE ( 'NONE', *, *, #993, .T. ) ;
#2610 = ORIENTED_EDGE ( 'NONE', *, *, #1044, .T. ) ;
#2611 = ORIENTED_EDGE ( 'NONE', *, *, #1200, .F. ) ;
#2612 = ORIENTED_EDGE ( 'NONE', *, *, #1165, .F. ) ;
#2613 = ORIENTED_EDGE ( 'NONE', *, *, #1059, .F. ) ;
#2614 = ORIENTED_EDGE ( 'NONE', *, *, #1072, .T. ) ;
#2615 = ORIENTED_EDGE ( 'NONE', *, *, #1076, .T. ) ;
#2616 = ORIENTED_EDGE ( 'NONE', *, *, #1213, .F. ) ;
#2617 = ORIENTED_EDGE ( 'NONE', *, *, #1096, .T. ) ;
#2618 = ORIENTED_EDGE ( 'NONE', *, *, #1051, .T. ) ;
#2619 = ORIENTED_EDGE ( 'NONE', *, *, #1180, .F. ) ;
#2620 = ORIENTED_EDGE ( 'NONE', *, *, #1209, .F. ) ;
#2621 = ORIENTED_EDGE ( 'NONE', *, *, #1077, .T. ) ;
#2622 = ORIENTED_EDGE ( 'NONE', *, *, #1000, .F. ) ;
#2623 = ORIENTED_EDGE ( 'NONE', *, *, #1195, .F. ) ;
#2624 = ORIENTED_EDGE ( 'NONE', *, *, #997, .F. ) ;
#2625 = ORIENTED_EDGE ( 'NONE', *, *, #1110, .F. ) ;
#2626 = ORIENTED_EDGE ( 'NONE', *, *, #1083, .T. ) ;
#2627 = ORIENTED_EDGE ( 'NONE', *, *, #1204, .F. ) ;
#2628 = ORIENTED_EDGE ( 'NONE', *, *, #1095, .T. ) ;
#2629 = ORIENTED_EDGE ( 'NONE', *, *, #1059, .T. ) ;
#2630 = ORIENTED_EDGE ( 'NONE', *, *, #1083, .F. ) ;
#2631 = ORIENTED_EDGE ( 'NONE', *, *, #1020, .T. ) ;
#2632 = ORIENTED_EDGE ( 'NONE', *, *, #1175, .F. ) ;
#2633 = ORIENTED_EDGE ( 'NONE', *, *, #1027, .F. ) ;
#2634 = ORIENTED_EDGE ( 'NONE', *, *, #1040, .T. ) ;
#2635 = ORIENTED_EDGE ( 'NONE', *, *, #1127, .F. ) ;
#2636 = ORIENTED_EDGE ( 'NONE', *, *, #995, .T. ) ;
#2637 = ORIENTED_EDGE ( 'NONE', *, *, #1061, .T. ) ;
#2638 = ORIENTED_EDGE ( 'NONE', *, *, #1192, .F. ) ;
#2639 = ORIENTED_EDGE ( 'NONE', *, *, #1026, .T. ) ;
#2640 = ORIENTED_EDGE ( 'NONE', *, *, #994, .T. ) ;
#2641 = ORIENTED_EDGE ( 'NONE', *, *, #1129, .T. ) ;
#2642 = ORIENTED_EDGE ( 'NONE', *, *, #1182, .T. ) ;
#2643 = ORIENTED_EDGE ( 'NONE', *, *, #1164, .F. ) ;
#2644 = ORIENTED_EDGE ( 'NONE', *, *, #1001, .T. ) ;
#2645 = EDGE_LOOP ( 'NONE', ( #656, #670, #662, #653 ) ) ;
#2646 = EDGE_LOOP ( 'NONE', ( #723, #704 ) ) ;
#2647 = EDGE_LOOP ( 'NONE', ( #784, #767, #745, #754 ) ) ;
#2648 = EDGE_LOOP ( 'NONE', ( #2630, #2607, #2614, #2616 ) ) ;
#2649 = EDGE_LOOP ( 'NONE', ( #2583, #2621, #2585 ) ) ;
#2650 = EDGE_LOOP ( 'NONE', ( #741, #737, #797, #768, #706, #789, #769, #764, #694, #690, #753, #791 ) ) ;
#2651 = EDGE_LOOP ( 'NONE', ( #677, #734, #714, #726, #719, #691, #703, #720, #684, #699, #705, #692 ) ) ;
#2652 = EDGE_LOOP ( 'NONE', ( #697, #724, #715, #730 ) ) ;
#2653 = EDGE_LOOP ( 'NONE', ( #2580, #2626, #2594 ) ) ;
#2654 = EDGE_LOOP ( 'NONE', ( #810, #824, #781, #746 ) ) ;
#2655 = EDGE_LOOP ( 'NONE', ( #2608, #2634, #2613 ) ) ;
#2656 = EDGE_LOOP ( 'NONE', ( #985, #620, #235, #230 ) ) ;
#2657 = EDGE_LOOP ( 'NONE', ( #842, #852, #795, #800 ) ) ;
#2658 = EDGE_LOOP ( 'NONE', ( #742, #816, #780, #766 ) ) ;
#2659 = EDGE_LOOP ( 'NONE', ( #749, #843, #773, #823 ) ) ;
#2660 = EDGE_LOOP ( 'NONE', ( #775, #750, #809, #841, #779, #837 ) ) ;
#2661 = EDGE_LOOP ( 'NONE', ( #2575, #2612, #2624, #2627 ) ) ;
#2662 = EDGE_LOOP ( 'NONE', ( #805, #798, #836, #787, #740, #758 ) ) ;
#2663 = EDGE_LOOP ( 'NONE', ( #698, #709, #613, #682, #617, #678, #685, #733 ) ) ;
#2664 = EDGE_LOOP ( 'NONE', ( #664, #647, #614, #652, #633, #629, #618, #649 ) ) ;
#2665 = EDGE_LOOP ( 'NONE', ( #752, #788, #760, #777 ) ) ;
#2666 = EDGE_LOOP ( 'NONE', ( #731, #721, #711, #708, #762, #772, #794, #727 ) ) ;
#2667 = EDGE_LOOP ( 'NONE', ( #212, #270, #255, #215, #216, #217 ) ) ;
#2668 = EDGE_LOOP ( 'NONE', ( #665, #641, #644, #625 ) ) ;
#2669 = EDGE_LOOP ( 'NONE', ( #3, #301, #302, #2514 ) ) ;
#2670 = EDGE_LOOP ( 'NONE', ( #2589, #2588, #2604 ) ) ;
#2671 = EDGE_LOOP ( 'NONE', ( #2593, #2579, #2581, #2635 ) ) ;
#2672 = EDGE_LOOP ( 'NONE', ( #2629, #2638, #2584, #2625 ) ) ;
#2673 = EDGE_LOOP ( 'NONE', ( #813, #751, #759, #743 ) ) ;
#2674 = EDGE_LOOP ( 'NONE', ( #632, #650, #663, #624 ) ) ;
#2675 = EDGE_LOOP ( 'NONE', ( #241, #2591, #2587 ) ) ;
#2676 = EDGE_LOOP ( 'NONE', ( #2615, #2611, #2622, #2592 ) ) ;
#2677 = EDGE_LOOP ( 'NONE', ( #747, #847, #790, #793 ) ) ;
#2678 = EDGE_LOOP ( 'NONE', ( #655, #645, #635 ) ) ;
#2679 = EDGE_LOOP ( 'NONE', ( #776, #732, #696, #729, #748, #673, #761, #716, #770, #674, #738, #688, #710, #755, #765, #756 ) ) ;
#2680 = EDGE_LOOP ( 'NONE', ( #661, #631, #667, #669 ) ) ;
#2681 = EDGE_LOOP ( 'NONE', ( #811, #786, #736, #829 ) ) ;
#2682 = EDGE_LOOP ( 'NONE', ( #763, #785, #854, #799 ) ) ;
#2683 = EDGE_LOOP ( 'NONE', ( #2631, #242, #245, #2620 ) ) ;
#2684 = EDGE_LOOP ( 'NONE', ( #293, #227 ) ) ;
#2685 = EDGE_LOOP ( 'NONE', ( #2783, #657, #621, #2779 ) ) ;
#2686 = EDGE_LOOP ( 'NONE', ( #783, #792, #744, #757 ) ) ;
#2687 = EDGE_LOOP ( 'NONE', ( #686, #712, #702, #687 ) ) ;
#2688 = EDGE_LOOP ( 'NONE', ( #728, #796, #717, #680, #675, #700 ) ) ;
#2689 = EDGE_LOOP ( 'NONE', ( #2550, #2517, #2546, #2573 ) ) ;
#2690 = EDGE_LOOP ( 'NONE', ( #666, #612, #638, #616 ) ) ;
#2691 = EDGE_LOOP ( 'NONE', ( #2640, #280, #250, #246 ) ) ;
#2692 = EDGE_LOOP ( 'NONE', ( #2562, #855, #2554, #2525 ) ) ;
#2693 = EDGE_LOOP ( 'NONE', ( #2523, #2524, #2549, #2512 ) ) ;
#2694 = EDGE_LOOP ( 'NONE', ( #986, #640, #1496, #643 ) ) ;
#2695 = EDGE_LOOP ( 'NONE', ( #693, #695, #771, #701 ) ) ;
#2696 = EDGE_LOOP ( 'NONE', ( #812, #817, #671, #608 ) ) ;
#2697 = EDGE_LOOP ( 'NONE', ( #286, #259, #221, #261, #273, #287, #274, #258, #239, #263, #279, #292 ) ) ;
#2698 = EDGE_LOOP ( 'NONE', ( #713, #689, #676, #722, #725, #672, #681, #707, #718, #679, #735, #683 ) ) ;
#2699 = EDGE_LOOP ( 'NONE', ( #275, #2598, #253, #2618, #2586, #2632 ) ) ;
#2700 = EDGE_LOOP ( 'NONE', ( #654, #622, #639, #658 ) ) ;
#2701 = EDGE_LOOP ( 'NONE', ( #778, #782, #844, #739 ) ) ;
#2702 = EDGE_LOOP ( 'NONE', ( #835, #846, #804, #828 ) ) ;
#2703 = EDGE_LOOP ( 'NONE', ( #2576, #249, #282, #285 ) ) ;
#2704 = EDGE_LOOP ( 'NONE', ( #257, #206, #219, #262, #214, #207 ) ) ;
#2705 = FACE_OUTER_BOUND ( 'NONE', #2658, .T. ) ;
#2706 = CLOSED_SHELL ( 'NONE', ( #1411, #1405, #1412, #1423, #1425, #1419, #1403, #1418, #1415, #1414, #1409, #1406, #1424, #1421, #1407, #1413, #1408, #1410, #1428, #1464, #1434, #1432, #1439, #1462, #1435, #1404, #1416, #1417, #1422, #1449, #1433, #1460, #1491, #1474, #1476, #1470, #1442, #1450, #1456, #1468, #1469, #1457, #1458, #1478, #1477, #1480, #1481, #1482, #1483, #1490, #1485, #1437, #1459, #1427, #1489, #1441, #1445, #1443, #1466, #1436, #1484, #1465, #1446, #1426, #1447, #1475, #1452, #1431, #1472, #1461, #1440, #1463, #1430, #1473, #1486, #1471, #1467, #1448, #1455, #1479, #1451, #1487, #1454, #1453, #1488, #1429, #1420, #1438, #1444 ) ) ;
#2707 = EDGE_LOOP ( 'NONE', ( #806, #774, #833, #832 ) ) ;
#2708 = EDGE_LOOP ( 'NONE', ( #294, #295, #211, #220, #208, #243 ) ) ;
#2709 = EDGE_LOOP ( 'NONE', ( #5, #648, #623, #223 ) ) ;
#2710 = EDGE_LOOP ( 'NONE', ( #668, #619, #987, #609 ) ) ;
#2711 = VERTEX_POINT ( 'NONE', #1903 ) ;
#2712 = VERTEX_POINT ( 'NONE', #1876 ) ;
#2713 = EDGE_LOOP ( 'NONE', ( #260, #266, #2578, #254 ) ) ;
#2714 = EDGE_LOOP ( 'NONE', ( #2574, #2571, #2544, #2520 ) ) ;
#2715 = VERTEX_POINT ( 'NONE', #1889 ) ;
#2716 = VERTEX_POINT ( 'NONE', #1877 ) ;
#2717 = VERTEX_POINT ( 'NONE', #1878 ) ;
#2718 = VERTEX_POINT ( 'NONE', #1905 ) ;
#2719 = EDGE_LOOP ( 'NONE', ( #2522, #2551, #2542, #2511 ) ) ;
#2720 = EDGE_LOOP ( 'NONE', ( #2639, #283, #268, #276 ) ) ;
#2721 = VERTEX_POINT ( 'NONE', #1910 ) ;
#2722 = VERTEX_POINT ( 'NONE', #1884 ) ;
#2723 = VERTEX_POINT ( 'NONE', #1849 ) ;
#2724 = EDGE_LOOP ( 'NONE', ( #628, #646, #267, #248 ) ) ;
#2725 = VERTEX_POINT ( 'NONE', #1882 ) ;
#2726 = EDGE_LOOP ( 'NONE', ( #2633, #2601, #213, #209, #278, #265 ) ) ;
#2727 = VERTEX_POINT ( 'NONE', #1879 ) ;
#2728 = VERTEX_POINT ( 'NONE', #1880 ) ;
#2729 = EDGE_LOOP ( 'NONE', ( #298, #210, #238, #205, #252, #297 ) ) ;
#2730 = EDGE_LOOP ( 'NONE', ( #1497, #2781, #630, #225 ) ) ;
#2731 = EDGE_LOOP ( 'NONE', ( #2590, #2642, #2641, #240 ) ) ;
#2732 = VERTEX_POINT ( 'NONE', #1856 ) ;
#2733 = VERTEX_POINT ( 'NONE', #1908 ) ;
#2734 = VERTEX_POINT ( 'NONE', #1875 ) ;
#2735 = VERTEX_POINT ( 'NONE', #1854 ) ;
#2736 = VERTEX_POINT ( 'NONE', #1885 ) ;
#2737 = VERTEX_POINT ( 'NONE', #1900 ) ;
#2738 = VERTEX_POINT ( 'NONE', #1886 ) ;
#2739 = VERTEX_POINT ( 'NONE', #1857 ) ;
#2740 = VERTEX_POINT ( 'NONE', #1906 ) ;
#2741 = VERTEX_POINT ( 'NONE', #1887 ) ;
#2742 = EDGE_LOOP ( 'NONE', ( #2602, #2623, #2610, #2605 ) ) ;
#2743 = EDGE_LOOP ( 'NONE', ( #636, #1499, #1, #660 ) ) ;
#2744 = EDGE_LOOP ( 'NONE', ( #228, #634, #626, #2782 ) ) ;
#2745 = VERTEX_POINT ( 'NONE', #1853 ) ;
#2746 = EDGE_LOOP ( 'NONE', ( #2560, #2516, #2561, #2563 ) ) ;
#2747 = EDGE_LOOP ( 'NONE', ( #284, #244, #2619, #290 ) ) ;
#2748 = VERTEX_POINT ( 'NONE', #1859 ) ;
#2749 = VERTEX_POINT ( 'NONE', #1888 ) ;
#2750 = VERTEX_POINT ( 'NONE', #1851 ) ;
#2751 = EDGE_LOOP ( 'NONE', ( #659, #610, #642, #2780 ) ) ;
#2752 = VERTEX_POINT ( 'NONE', #1890 ) ;
#2753 = VERTEX_POINT ( 'NONE', #1860 ) ;
#2754 = VERTEX_POINT ( 'NONE', #1861 ) ;
#2755 = EDGE_LOOP ( 'NONE', ( #2564, #2521, #2543, #2572 ) ) ;
#2756 = EDGE_LOOP ( 'NONE', ( #229, #226, #637, #234, #651, #233, #611, #236, #222, #224, #231, #1498 ) ) ;
#2757 = VERTEX_POINT ( 'NONE', #1892 ) ;
#2758 = VERTEX_POINT ( 'NONE', #1891 ) ;
#2759 = EDGE_LOOP ( 'NONE', ( #2644, #271, #2599, #272 ) ) ;
#2760 = VERTEX_POINT ( 'NONE', #1893 ) ;
#2761 = EDGE_LOOP ( 'NONE', ( #1500, #237, #4, #1501 ) ) ;
#2762 = EDGE_LOOP ( 'NONE', ( #2636, #291, #247, #2643 ) ) ;
#2763 = EDGE_LOOP ( 'NONE', ( #2597, #256, #2600, #251 ) ) ;
#2764 = EDGE_LOOP ( 'NONE', ( #2558, #2519, #2559, #2541 ) ) ;
#2765 = EDGE_LOOP ( 'NONE', ( #2582, #2617, #2595 ) ) ;
#2766 = VERTEX_POINT ( 'NONE', #1896 ) ;
#2767 = EDGE_LOOP ( 'NONE', ( #281, #288, #2603 ) ) ;
#2768 = EDGE_LOOP ( 'NONE', ( #615, #2, #232, #627 ) ) ;
#2769 = EDGE_LOOP ( 'NONE', ( #2596, #2628, #2606, #2637 ) ) ;
#2770 = EDGE_LOOP ( 'NONE', ( #264, #300, #218, #289, #296, #299 ) ) ;
#2771 = EDGE_LOOP ( 'NONE', ( #2609, #2577, #269, #277 ) ) ;
#2772 = VERTEX_POINT ( 'NONE', #1862 ) ;
#2773 = VERTEX_POINT ( 'NONE', #1863 ) ;
#2774 = VERTEX_POINT ( 'NONE', #1864 ) ;
#2775 = VERTEX_POINT ( 'NONE', #1897 ) ;
#2776 = VERTEX_POINT ( 'NONE', #1899 ) ;
#2777 = VERTEX_POINT ( 'NONE', #1901 ) ;
#2778 = VERTEX_POINT ( 'NONE', #1937 ) ;
#2779 = ORIENTED_EDGE ( 'NONE', *, *, #1028, .T. ) ;
#2780 = ORIENTED_EDGE ( 'NONE', *, *, #1019, .T. ) ;
#2781 = ORIENTED_EDGE ( 'NONE', *, *, #1200, .T. ) ;
#2782 = ORIENTED_EDGE ( 'NONE', *, *, #996, .F. ) ;
#2783 = ORIENTED_EDGE ( 'NONE', *, *, #1193, .F. ) ;
ENDSEC;
END-ISO-10303-21;
