ISO-10303-21;
HEADER;
FILE_DESCRIPTION (( 'STEP AP203' ),
    '1' );
FILE_NAME ('ALP5013.STEP',
    '2017-03-09T15:41:47',
    ( '' ),
    ( '' ),
    'SwSTEP 2.0',
    'SolidWorks 2012',
    '' );
FILE_SCHEMA (( 'CONFIG_CONTROL_DESIGN' ));
ENDSEC;

DATA;
#1 = VERTEX_POINT ( 'NONE', #12 ) ;
#2 = VERTEX_POINT ( 'NONE', #13 ) ;
#3 = VERTEX_POINT ( 'NONE', #14 ) ;
#4 = VERTEX_POINT ( 'NONE', #16 ) ;
#5 = VERTEX_POINT ( 'NONE', #10 ) ;
#6 = DIRECTION ( 'NONE',  ( 0.0000000000000000000, 6.938893903907230000E-015, 1.000000000000000000 ) ) ;
#7 = ADVANCED_FACE ( 'NONE', ( #424 ), #436, .F. ) ;
#8 = DIRECTION ( 'NONE',  ( 0.0000000000000000000, 0.0000000000000000000, 1.000000000000000000 ) ) ;
#9 = DIRECTION ( 'NONE',  ( 0.0000000000000000000, 1.000000000000000000, 0.0000000000000000000 ) ) ;
#10 = CARTESIAN_POINT ( 'NONE',  ( 5.556289842697068200, -8.582161119519691200, 0.1363636363636367100 ) ) ;
#11 = DIRECTION ( 'NONE',  ( 0.0000000000000000000, -1.000000000000000000, 6.938893903907230700E-015 ) ) ;
#12 = CARTESIAN_POINT ( 'NONE',  ( 100.0000000000000000, 18.50000000000009900, 27.49999999999987200 ) ) ;
#13 = CARTESIAN_POINT ( 'NONE',  ( -99.95803989154980200, -18.00000000000010700, 30.00000000000000000 ) ) ;
#14 = CARTESIAN_POINT ( 'NONE',  ( 0.09049364456359643100, -10.06623253668136400, 1.000000000000000000 ) ) ;
#15 = CARTESIAN_POINT ( 'NONE',  ( 0.09049364456359122700, 9.417838880480305300, -1.200000000000000200 ) ) ;
#16 = CARTESIAN_POINT ( 'NONE',  ( 1.574565061725263800, -8.582161119519694700, 3.000000000000000000 ) ) ;
#17 = VERTEX_POINT ( 'NONE', #1467 ) ;
#18 = VERTEX_POINT ( 'NONE', #1473 ) ;
#19 = VERTEX_POINT ( 'NONE', #1488 ) ;
#20 = EDGE_LOOP ( 'NONE', ( #1552, #1555, #1551, #742, #146, #178 ) ) ;
#21 = VERTEX_POINT ( 'NONE', #1495 ) ;
#22 = VERTEX_POINT ( 'NONE', #1490 ) ;
#23 = VERTEX_POINT ( 'NONE', #1489 ) ;
#24 = EDGE_LOOP ( 'NONE', ( #445, #404, #435, #344 ) ) ;
#25 = VERTEX_POINT ( 'NONE', #1465 ) ;
#26 = VERTEX_POINT ( 'NONE', #1474 ) ;
#27 = VERTEX_POINT ( 'NONE', #1480 ) ;
#28 = VERTEX_POINT ( 'NONE', #1482 ) ;
#29 = VERTEX_POINT ( 'NONE', #1496 ) ;
#30 = VERTEX_POINT ( 'NONE', #1494 ) ;
#31 = EDGE_LOOP ( 'NONE', ( #150, #158, #189, #157, #175 ) ) ;
#32 = EDGE_LOOP ( 'NONE', ( #176, #196, #160, #169 ) ) ;
#33 = VERTEX_POINT ( 'NONE', #1486 ) ;
#34 = VERTEX_POINT ( 'NONE', #1487 ) ;
#35 = VERTEX_POINT ( 'NONE', #1462 ) ;
#36 = VERTEX_POINT ( 'NONE', #1469 ) ;
#37 = VERTEX_POINT ( 'NONE', #1475 ) ;
#38 = VERTEX_POINT ( 'NONE', #1476 ) ;
#39 = VERTEX_POINT ( 'NONE', #1481 ) ;
#40 = EDGE_LOOP ( 'NONE', ( #298, #246, #275, #317 ) ) ;
#41 = EDGE_LOOP ( 'NONE', ( #395, #406, #414, #453 ) ) ;
#42 = EDGE_LOOP ( 'NONE', ( #308, #263, #286, #295 ) ) ;
#43 = EDGE_LOOP ( 'NONE', ( #270, #245, #236, #255 ) ) ;
#44 = EDGE_LOOP ( 'NONE', ( #376, #306, #305 ) ) ;
#45 = EDGE_LOOP ( 'NONE', ( #273, #378, #316, #336 ) ) ;
#46 = EDGE_LOOP ( 'NONE', ( #370, #364, #382, #383 ) ) ;
#47 = EDGE_LOOP ( 'NONE', ( #389, #359, #151, #198 ) ) ;
#48 = EDGE_LOOP ( 'NONE', ( #413, #397, #407, #415, #392, #341 ) ) ;
#49 = EDGE_LOOP ( 'NONE', ( #304, #204, #318, #268 ) ) ;
#50 = EDGE_LOOP ( 'NONE', ( #181, #166, #179, #177 ) ) ;
#51 = EDGE_LOOP ( 'NONE', ( #147, #141, #183, #167 ) ) ;
#52 = EDGE_LOOP ( 'NONE', ( #186, #139, #197, #744, #152, #155 ) ) ;
#53 = EDGE_LOOP ( 'NONE', ( #164, #190, #192, #153 ) ) ;
#54 = EDGE_LOOP ( 'NONE', ( #136, #154, #184, #185, #137, #171 ) ) ;
#55 = EDGE_LOOP ( 'NONE', ( #140, #173, #138, #143 ) ) ;
#56 = EDGE_LOOP ( 'NONE', ( #180, #162, #182, #161, #144, #1554 ) ) ;
#57 = EDGE_LOOP ( 'NONE', ( #174, #743, #163, #199, #156, #142 ) ) ;
#58 = EDGE_LOOP ( 'NONE', ( #159, #165, #170, #148 ) ) ;
#59 = EDGE_LOOP ( 'NONE', ( #191, #168, #172, #149 ) ) ;
#60 = VERTEX_POINT ( 'NONE', #1491 ) ;
#61 = VERTEX_POINT ( 'NONE', #1470 ) ;
#62 = VERTEX_POINT ( 'NONE', #1477 ) ;
#63 = VERTEX_POINT ( 'NONE', #1468 ) ;
#64 = VERTEX_POINT ( 'NONE', #1471 ) ;
#65 = VERTEX_POINT ( 'NONE', #1463 ) ;
#66 = VERTEX_POINT ( 'NONE', #1464 ) ;
#67 = VERTEX_POINT ( 'NONE', #1484 ) ;
#68 = VERTEX_POINT ( 'NONE', #1478 ) ;
#69 = VERTEX_POINT ( 'NONE', #1485 ) ;
#70 = VERTEX_POINT ( 'NONE', #1472 ) ;
#71 = VERTEX_POINT ( 'NONE', #1493 ) ;
#72 = VERTEX_POINT ( 'NONE', #1461 ) ;
#73 = VERTEX_POINT ( 'NONE', #1466 ) ;
#74 = DIRECTION ( 'NONE',  ( 3.132139609402568600E-016, -1.000000000000000000, -0.0000000000000000000 ) ) ;
#75 = CARTESIAN_POINT ( 'NONE',  ( 0.0000000000000000000, -15.50000000000010100, 28.00000000000002100 ) ) ;
#76 = DIRECTION ( 'NONE',  ( 1.000000000000000000, -0.0000000000000000000, -0.0000000000000000000 ) ) ;
#77 = CARTESIAN_POINT ( 'NONE',  ( -100.0000000000000000, -18.00000000000010700, 27.50000000000000400 ) ) ;
#78 = DIRECTION ( 'NONE',  ( -1.000000000000000000, -0.0000000000000000000, -0.0000000000000000000 ) ) ;
#79 = CARTESIAN_POINT ( 'NONE',  ( 97.00000000000000000, 18.50000000000009900, 27.99999999999986900 ) ) ;
#80 = DIRECTION ( 'NONE',  ( 4.625929269271486900E-015, -1.000000000000000000, 6.938893903907230700E-015 ) ) ;
#81 = DIRECTION ( 'NONE',  ( 0.0000000000000000000, 0.0000000000000000000, -1.000000000000000000 ) ) ;
#82 = DIRECTION ( 'NONE',  ( -0.0000000000000000000, -6.938893903907230000E-015, -1.000000000000000000 ) ) ;
#83 = CARTESIAN_POINT ( 'NONE',  ( -100.0000000000000000, -18.00000000000000700, 1.734723475976807100E-015 ) ) ;
#84 = DIRECTION ( 'NONE',  ( 1.000000000000000000, 0.0000000000000000000, 0.0000000000000000000 ) ) ;
#85 = DIRECTION ( 'NONE',  ( 0.0000000000000000000, 0.0000000000000000000, 1.000000000000000000 ) ) ;
#86 = CARTESIAN_POINT ( 'NONE',  ( -1.393577772598072500, 0.4178388804803029900, 1.000000000000000000 ) ) ;
#87 = DIRECTION ( 'NONE',  ( 1.000000000000000000, -0.0000000000000000000, -0.0000000000000000000 ) ) ;
#88 = CARTESIAN_POINT ( 'NONE',  ( 100.0000000000000000, 18.00000000000000700, 0.4999999999999952300 ) ) ;
#89 = DIRECTION ( 'NONE',  ( 0.0000000000000000000, 0.0000000000000000000, -1.000000000000000000 ) ) ;
#90 = DIRECTION ( 'NONE',  ( 0.0000000000000000000, 0.0000000000000000000, -1.000000000000000000 ) ) ;
#91 = DIRECTION ( 'NONE',  ( 0.0000000000000000000, -0.0000000000000000000, 1.000000000000000000 ) ) ;
#92 = DIRECTION ( 'NONE',  ( 0.0000000000000000000, 1.000000000000000000, 0.0000000000000000000 ) ) ;
#93 = CARTESIAN_POINT ( 'NONE',  ( 100.0000000000000000, -18.00000000000000700, 0.5000000000000022200 ) ) ;
#94 = CARTESIAN_POINT ( 'NONE',  ( -100.0000000000000000, 18.00000000000000700, -5.204170427930421300E-015 ) ) ;
#95 = CARTESIAN_POINT ( 'NONE',  ( -97.00000000000000000, -18.50000000000009900, 28.00000000000000000 ) ) ;
#96 = DIRECTION ( 'NONE',  ( -0.0000000000000000000, 6.938893903907230000E-015, -1.000000000000000000 ) ) ;
#97 = DIRECTION ( 'NONE',  ( 4.625929269271486900E-015, -1.000000000000000000, -6.938893903907230700E-015 ) ) ;
#98 = DIRECTION ( 'NONE',  ( 0.0000000000000000000, 0.0000000000000000000, -1.000000000000000000 ) ) ;
#99 = CARTESIAN_POINT ( 'NONE',  ( -97.00000000000000000, -15.50000000000011400, 30.00000000000002100 ) ) ;
#100 = CARTESIAN_POINT ( 'NONE',  ( 99.95803989154980200, 18.00000000000010300, 29.99999999999987600 ) ) ;
#101 = CARTESIAN_POINT ( 'NONE',  ( 99.98629677341483600, 18.16716996753524100, 29.99999999999987600 ) ) ;
#102 = CARTESIAN_POINT ( 'NONE',  ( 100.0000000000000000, 18.33388413850068900, 29.98339800102108300 ) ) ;
#103 = CARTESIAN_POINT ( 'NONE',  ( 100.0000000000000000, 18.50000000000011400, 29.94948974278304700 ) ) ;
#104 = CARTESIAN_POINT ( 'NONE',  ( -100.0000000000000000, 18.50000000000009600, 27.49999999999986900 ) ) ;
#105 = DIRECTION ( 'NONE',  ( 0.0000000000000000000, -6.938893903907230000E-015, 1.000000000000000000 ) ) ;
#106 = DIRECTION ( 'NONE',  ( 0.0000000000000000000, -1.000000000000000000, -6.938893903907230700E-015 ) ) ;
#107 = CARTESIAN_POINT ( 'NONE',  ( 97.00000000000000000, -15.50000000000011400, 30.00000000000002100 ) ) ;
#108 = DIRECTION ( 'NONE',  ( -0.0000000000000000000, -6.960928290796747500E-015, 1.000000000000000000 ) ) ;
#109 = DIRECTION ( 'NONE',  ( 0.0000000000000000000, 1.000000000000000000, 0.0000000000000000000 ) ) ;
#110 = DIRECTION ( 'NONE',  ( -0.0000000000000000000, 6.960928290796747500E-015, -1.000000000000000000 ) ) ;
#111 = DIRECTION ( 'NONE',  ( -0.0000000000000000000, 6.960928290796763300E-015, 1.000000000000000000 ) ) ;
#112 = CARTESIAN_POINT ( 'NONE',  ( 97.00000000000000000, -18.50000000000009900, 28.00000000000000000 ) ) ;
#113 = DIRECTION ( 'NONE',  ( -0.0000000000000000000, 6.938893903907230000E-015, -1.000000000000000000 ) ) ;
#114 = CARTESIAN_POINT ( 'NONE',  ( 97.00000000000000000, -18.50000000000011400, 29.99999999999999600 ) ) ;
#115 = CARTESIAN_POINT ( 'NONE',  ( 100.0000000000000000, 18.50000000000009900, 27.49999999999987200 ) ) ;
#116 = DIRECTION ( 'NONE',  ( 0.0000000000000000000, -1.000000000000000000, -6.938893903907230700E-015 ) ) ;
#117 = AXIS2_PLACEMENT_3D ( 'NONE', #1527, #1521, #1530 ) ;
#118 = AXIS2_PLACEMENT_3D ( 'NONE', #1455, #1457, #1450 ) ;
#119 = AXIS2_PLACEMENT_3D ( 'NONE', #1550, #1549, #1443 ) ;
#120 = AXIS2_PLACEMENT_3D ( 'NONE', #1531, #1537, #1547 ) ;
#121 = AXIS2_PLACEMENT_3D ( 'NONE', #1500, #1503, #1504 ) ;
#122 = AXIS2_PLACEMENT_3D ( 'NONE', #1458, #1448, #1459 ) ;
#123 = AXIS2_PLACEMENT_3D ( 'NONE', #1515, #1534, #1511 ) ;
#124 = AXIS2_PLACEMENT_3D ( 'NONE', #1460, #1528, #1546 ) ;
#125 = AXIS2_PLACEMENT_3D ( 'NONE', #1454, #1456, #1449 ) ;
#126 = AXIS2_PLACEMENT_3D ( 'NONE', #1442, #1445, #1446 ) ;
#127 = AXIS2_PLACEMENT_3D ( 'NONE', #15, #8, #9 ) ;
#128 = AXIS2_PLACEMENT_3D ( 'NONE', #1447, #1451, #1452 ) ;
#129 = AXIS2_PLACEMENT_3D ( 'NONE', #1483, #1492, #1505 ) ;
#130 = AXIS2_PLACEMENT_3D ( 'NONE', #1524, #1497, #1532 ) ;
#131 = AXIS2_PLACEMENT_3D ( 'NONE', #1540, #1526, #1502 ) ;
#132 = AXIS2_PLACEMENT_3D ( 'NONE', #1513, #1514, #1516 ) ;
#133 = PRODUCT_DEFINITION_SHAPE ( 'NONE', 'NONE',  #913 ) ;
#134 = DESIGN_CONTEXT ( 'detailed design', #1387, 'design' ) ;
#135 = ADVANCED_FACE ( 'NONE', ( #438 ), #432, .F. ) ;
#136 = ORIENTED_EDGE ( 'NONE', *, *, #1748, .F. ) ;
#137 = ORIENTED_EDGE ( 'NONE', *, *, #1758, .F. ) ;
#138 = ORIENTED_EDGE ( 'NONE', *, *, #1698, .T. ) ;
#139 = ORIENTED_EDGE ( 'NONE', *, *, #1567, .F. ) ;
#140 = ORIENTED_EDGE ( 'NONE', *, *, #1754, .F. ) ;
#141 = ORIENTED_EDGE ( 'NONE', *, *, #1762, .F. ) ;
#142 = ORIENTED_EDGE ( 'NONE', *, *, #1566, .F. ) ;
#143 = ORIENTED_EDGE ( 'NONE', *, *, #1602, .T. ) ;
#144 = ORIENTED_EDGE ( 'NONE', *, *, #1572, .F. ) ;
#145 = ORIENTED_EDGE ( 'NONE', *, *, #1766, .F. ) ;
#146 = ORIENTED_EDGE ( 'NONE', *, *, #1733, .T. ) ;
#147 = ORIENTED_EDGE ( 'NONE', *, *, #1720, .F. ) ;
#148 = ORIENTED_EDGE ( 'NONE', *, *, #1689, .T. ) ;
#149 = ORIENTED_EDGE ( 'NONE', *, *, #1685, .T. ) ;
#150 = ORIENTED_EDGE ( 'NONE', *, *, #1769, .F. ) ;
#151 = ORIENTED_EDGE ( 'NONE', *, *, #1745, .F. ) ;
#152 = ORIENTED_EDGE ( 'NONE', *, *, #1580, .F. ) ;
#153 = ORIENTED_EDGE ( 'NONE', *, *, #1561, .T. ) ;
#154 = ORIENTED_EDGE ( 'NONE', *, *, #1573, .F. ) ;
#155 = ORIENTED_EDGE ( 'NONE', *, *, #1604, .F. ) ;
#156 = ORIENTED_EDGE ( 'NONE', *, *, #1715, .F. ) ;
#157 = ORIENTED_EDGE ( 'NONE', *, *, #1775, .T. ) ;
#158 = ORIENTED_EDGE ( 'NONE', *, *, #1762, .T. ) ;
#159 = ORIENTED_EDGE ( 'NONE', *, *, #1723, .F. ) ;
#160 = ORIENTED_EDGE ( 'NONE', *, *, #1754, .T. ) ;
#161 = ORIENTED_EDGE ( 'NONE', *, *, #1570, .F. ) ;
#162 = ORIENTED_EDGE ( 'NONE', *, *, #1593, .F. ) ;
#163 = ORIENTED_EDGE ( 'NONE', *, *, #1562, .F. ) ;
#164 = ORIENTED_EDGE ( 'NONE', *, *, #1742, .T. ) ;
#165 = ORIENTED_EDGE ( 'NONE', *, *, #1705, .T. ) ;
#166 = ORIENTED_EDGE ( 'NONE', *, *, #1615, .T. ) ;
#167 = ORIENTED_EDGE ( 'NONE', *, *, #1763, .T. ) ;
#168 = ORIENTED_EDGE ( 'NONE', *, *, #1578, .T. ) ;
#169 = ORIENTED_EDGE ( 'NONE', *, *, #1575, .T. ) ;
#170 = ORIENTED_EDGE ( 'NONE', *, *, #1772, .F. ) ;
#171 = ORIENTED_EDGE ( 'NONE', *, *, #1574, .F. ) ;
#172 = ORIENTED_EDGE ( 'NONE', *, *, #1769, .T. ) ;
#173 = ORIENTED_EDGE ( 'NONE', *, *, #1615, .F. ) ;
#174 = ORIENTED_EDGE ( 'NONE', *, *, #1747, .F. ) ;
#175 = ORIENTED_EDGE ( 'NONE', *, *, #1690, .T. ) ;
#176 = ORIENTED_EDGE ( 'NONE', *, *, #1731, .F. ) ;
#177 = ORIENTED_EDGE ( 'NONE', *, *, #1688, .T. ) ;
#178 = ORIENTED_EDGE ( 'NONE', *, *, #1770, .T. ) ;
#179 = ORIENTED_EDGE ( 'NONE', *, *, #1729, .F. ) ;
#180 = ORIENTED_EDGE ( 'NONE', *, *, #1724, .F. ) ;
#181 = ORIENTED_EDGE ( 'NONE', *, *, #1775, .F. ) ;
#182 = ORIENTED_EDGE ( 'NONE', *, *, #1581, .F. ) ;
#183 = ORIENTED_EDGE ( 'NONE', *, *, #1742, .F. ) ;
#184 = ORIENTED_EDGE ( 'NONE', *, *, #1756, .F. ) ;
#185 = ORIENTED_EDGE ( 'NONE', *, *, #1760, .F. ) ;
#186 = ORIENTED_EDGE ( 'NONE', *, *, #1743, .F. ) ;
#187 = ORIENTED_EDGE ( 'NONE', *, *, #1719, .F. ) ;
#188 = ORIENTED_EDGE ( 'NONE', *, *, #1766, .T. ) ;
#189 = ORIENTED_EDGE ( 'NONE', *, *, #1708, .T. ) ;
#190 = ORIENTED_EDGE ( 'NONE', *, *, #1578, .F. ) ;
#191 = ORIENTED_EDGE ( 'NONE', *, *, #1772, .T. ) ;
#192 = ORIENTED_EDGE ( 'NONE', *, *, #1703, .F. ) ;
#193 = ORIENTED_EDGE ( 'NONE', *, *, #1770, .F. ) ;
#194 = ORIENTED_EDGE ( 'NONE', *, *, #1717, .F. ) ;
#195 = ORIENTED_EDGE ( 'NONE', *, *, #1692, .T. ) ;
#196 = ORIENTED_EDGE ( 'NONE', *, *, #1695, .F. ) ;
#197 = ORIENTED_EDGE ( 'NONE', *, *, #1564, .F. ) ;
#198 = ORIENTED_EDGE ( 'NONE', *, *, #1616, .T. ) ;
#199 = ORIENTED_EDGE ( 'NONE', *, *, #1746, .F. ) ;
#200 = ORIENTED_EDGE ( 'NONE', *, *, #1761, .T. ) ;
#201 = ORIENTED_EDGE ( 'NONE', *, *, #1698, .F. ) ;
#202 = ORIENTED_EDGE ( 'NONE', *, *, #1683, .F. ) ;
#203 = ORIENTED_EDGE ( 'NONE', *, *, #1738, .T. ) ;
#204 = ORIENTED_EDGE ( 'NONE', *, *, #1681, .T. ) ;
#205 = ORIENTED_EDGE ( 'NONE', *, *, #1688, .F. ) ;
#206 = ORIENTED_EDGE ( 'NONE', *, *, #1599, .T. ) ;
#207 = ORIENTED_EDGE ( 'NONE', *, *, #1752, .T. ) ;
#208 = ORIENTED_EDGE ( 'NONE', *, *, #1719, .T. ) ;
#209 = ORIENTED_EDGE ( 'NONE', *, *, #1686, .T. ) ;
#210 = ORIENTED_EDGE ( 'NONE', *, *, #1617, .F. ) ;
#211 = ORIENTED_EDGE ( 'NONE', *, *, #1718, .T. ) ;
#212 = ORIENTED_EDGE ( 'NONE', *, *, #1759, .F. ) ;
#213 = ORIENTED_EDGE ( 'NONE', *, *, #1730, .F. ) ;
#214 = ORIENTED_EDGE ( 'NONE', *, *, #1682, .T. ) ;
#215 = ORIENTED_EDGE ( 'NONE', *, *, #1735, .F. ) ;
#216 = ORIENTED_EDGE ( 'NONE', *, *, #1619, .F. ) ;
#217 = ORIENTED_EDGE ( 'NONE', *, *, #1689, .F. ) ;
#218 = ORIENTED_EDGE ( 'NONE', *, *, #1729, .T. ) ;
#219 = ORIENTED_EDGE ( 'NONE', *, *, #1693, .T. ) ;
#220 = ORIENTED_EDGE ( 'NONE', *, *, #1764, .F. ) ;
#221 = ORIENTED_EDGE ( 'NONE', *, *, #1711, .F. ) ;
#222 = ORIENTED_EDGE ( 'NONE', *, *, #1733, .F. ) ;
#223 = ORIENTED_EDGE ( 'NONE', *, *, #1687, .T. ) ;
#224 = ORIENTED_EDGE ( 'NONE', *, *, #1725, .T. ) ;
#225 = ORIENTED_EDGE ( 'NONE', *, *, #1706, .T. ) ;
#226 = ORIENTED_EDGE ( 'NONE', *, *, #1699, .T. ) ;
#227 = ORIENTED_EDGE ( 'NONE', *, *, #1695, .T. ) ;
#228 = ORIENTED_EDGE ( 'NONE', *, *, #1728, .T. ) ;
#229 = ORIENTED_EDGE ( 'NONE', *, *, #1681, .F. ) ;
#230 = ORIENTED_EDGE ( 'NONE', *, *, #1737, .F. ) ;
#231 = ORIENTED_EDGE ( 'NONE', *, *, #1759, .T. ) ;
#232 = ORIENTED_EDGE ( 'NONE', *, *, #1774, .T. ) ;
#233 = ORIENTED_EDGE ( 'NONE', *, *, #1703, .T. ) ;
#234 = ORIENTED_EDGE ( 'NONE', *, *, #1732, .T. ) ;
#235 = ORIENTED_EDGE ( 'NONE', *, *, #1705, .F. ) ;
#236 = ORIENTED_EDGE ( 'NONE', *, *, #1619, .T. ) ;
#237 = ORIENTED_EDGE ( 'NONE', *, *, #1720, .T. ) ;
#238 = ORIENTED_EDGE ( 'NONE', *, *, #1684, .T. ) ;
#239 = ORIENTED_EDGE ( 'NONE', *, *, #1767, .T. ) ;
#240 = ORIENTED_EDGE ( 'NONE', *, *, #1731, .T. ) ;
#241 = ORIENTED_EDGE ( 'NONE', *, *, #1710, .T. ) ;
#242 = ORIENTED_EDGE ( 'NONE', *, *, #1749, .F. ) ;
#243 = ORIENTED_EDGE ( 'NONE', *, *, #1559, .F. ) ;
#244 = ORIENTED_EDGE ( 'NONE', *, *, #1771, .F. ) ;
#245 = ORIENTED_EDGE ( 'NONE', *, *, #1736, .F. ) ;
#246 = ORIENTED_EDGE ( 'NONE', *, *, #1697, .T. ) ;
#247 = ORIENTED_EDGE ( 'NONE', *, *, #1701, .F. ) ;
#248 = ORIENTED_EDGE ( 'NONE', *, *, #1708, .F. ) ;
#249 = ORIENTED_EDGE ( 'NONE', *, *, #1701, .T. ) ;
#250 = ORIENTED_EDGE ( 'NONE', *, *, #1692, .F. ) ;
#251 = ORIENTED_EDGE ( 'NONE', *, *, #1726, .T. ) ;
#252 = ORIENTED_EDGE ( 'NONE', *, *, #1687, .F. ) ;
#253 = ORIENTED_EDGE ( 'NONE', *, *, #1722, .T. ) ;
#254 = ORIENTED_EDGE ( 'NONE', *, *, #1761, .F. ) ;
#255 = ORIENTED_EDGE ( 'NONE', *, *, #1579, .T. ) ;
#256 = ORIENTED_EDGE ( 'NONE', *, *, #1723, .T. ) ;
#257 = ORIENTED_EDGE ( 'NONE', *, *, #1773, .F. ) ;
#258 = ORIENTED_EDGE ( 'NONE', *, *, #1717, .T. ) ;
#259 = ORIENTED_EDGE ( 'NONE', *, *, #1736, .T. ) ;
#260 = ORIENTED_EDGE ( 'NONE', *, *, #1693, .F. ) ;
#261 = ORIENTED_EDGE ( 'NONE', *, *, #1560, .T. ) ;
#262 = ORIENTED_EDGE ( 'NONE', *, *, #1712, .T. ) ;
#263 = ORIENTED_EDGE ( 'NONE', *, *, #1565, .T. ) ;
#264 = ORIENTED_EDGE ( 'NONE', *, *, #1714, .T. ) ;
#265 = ORIENTED_EDGE ( 'NONE', *, *, #1558, .F. ) ;
#266 = ORIENTED_EDGE ( 'NONE', *, *, #1570, .T. ) ;
#267 = ORIENTED_EDGE ( 'NONE', *, *, #1750, .F. ) ;
#268 = ORIENTED_EDGE ( 'NONE', *, *, #1707, .T. ) ;
#269 = ORIENTED_EDGE ( 'NONE', *, *, #1721, .F. ) ;
#270 = ORIENTED_EDGE ( 'NONE', *, *, #1597, .F. ) ;
#271 = ORIENTED_EDGE ( 'NONE', *, *, #1776, .T. ) ;
#272 = ORIENTED_EDGE ( 'NONE', *, *, #1735, .T. ) ;
#273 = ORIENTED_EDGE ( 'NONE', *, *, #1741, .T. ) ;
#274 = ORIENTED_EDGE ( 'NONE', *, *, #1777, .T. ) ;
#275 = ORIENTED_EDGE ( 'NONE', *, *, #1777, .F. ) ;
#276 = ORIENTED_EDGE ( 'NONE', *, *, #1748, .T. ) ;
#277 = ORIENTED_EDGE ( 'NONE', *, *, #1721, .T. ) ;
#278 = ORIENTED_EDGE ( 'NONE', *, *, #1730, .T. ) ;
#279 = ORIENTED_EDGE ( 'NONE', *, *, #1618, .T. ) ;
#280 = ORIENTED_EDGE ( 'NONE', *, *, #1599, .F. ) ;
#281 = ORIENTED_EDGE ( 'NONE', *, *, #1768, .F. ) ;
#282 = ORIENTED_EDGE ( 'NONE', *, *, #1696, .F. ) ;
#283 = ORIENTED_EDGE ( 'NONE', *, *, #1696, .T. ) ;
#284 = ORIENTED_EDGE ( 'NONE', *, *, #1571, .T. ) ;
#285 = ORIENTED_EDGE ( 'NONE', *, *, #1755, .T. ) ;
#286 = ORIENTED_EDGE ( 'NONE', *, *, #1691, .T. ) ;
#287 = ORIENTED_EDGE ( 'NONE', *, *, #1757, .F. ) ;
#288 = ORIENTED_EDGE ( 'NONE', *, *, #1752, .F. ) ;
#289 = ORIENTED_EDGE ( 'NONE', *, *, #1559, .T. ) ;
#290 = ORIENTED_EDGE ( 'NONE', *, *, #1690, .F. ) ;
#291 = ORIENTED_EDGE ( 'NONE', *, *, #1776, .F. ) ;
#292 = ORIENTED_EDGE ( 'NONE', *, *, #1685, .F. ) ;
#293 = ORIENTED_EDGE ( 'NONE', *, *, #1757, .T. ) ;
#294 = ORIENTED_EDGE ( 'NONE', *, *, #1700, .T. ) ;
#295 = ORIENTED_EDGE ( 'NONE', *, *, #1560, .F. ) ;
#296 = ORIENTED_EDGE ( 'NONE', *, *, #1750, .T. ) ;
#297 = ORIENTED_EDGE ( 'NONE', *, *, #1571, .F. ) ;
#298 = ORIENTED_EDGE ( 'NONE', *, *, #1713, .F. ) ;
#299 = ORIENTED_EDGE ( 'NONE', *, *, #1568, .T. ) ;
#300 = ORIENTED_EDGE ( 'NONE', *, *, #1600, .F. ) ;
#301 = ORIENTED_EDGE ( 'NONE', *, *, #1712, .F. ) ;
#302 = ORIENTED_EDGE ( 'NONE', *, *, #1734, .F. ) ;
#303 = ORIENTED_EDGE ( 'NONE', *, *, #1704, .T. ) ;
#304 = ORIENTED_EDGE ( 'NONE', *, *, #1694, .F. ) ;
#305 = ORIENTED_EDGE ( 'NONE', *, *, #1751, .T. ) ;
#306 = ORIENTED_EDGE ( 'NONE', *, *, #1573, .T. ) ;
#307 = ORIENTED_EDGE ( 'NONE', *, *, #1572, .T. ) ;
#308 = ORIENTED_EDGE ( 'NONE', *, *, #1732, .F. ) ;
#309 = ORIENTED_EDGE ( 'NONE', *, *, #1618, .F. ) ;
#310 = ORIENTED_EDGE ( 'NONE', *, *, #1739, .T. ) ;
#311 = ORIENTED_EDGE ( 'NONE', *, *, #1558, .T. ) ;
#312 = ORIENTED_EDGE ( 'NONE', *, *, #1709, .T. ) ;
#313 = ORIENTED_EDGE ( 'NONE', *, *, #1709, .F. ) ;
#314 = ORIENTED_EDGE ( 'NONE', *, *, #1597, .T. ) ;
#315 = ORIENTED_EDGE ( 'NONE', *, *, #1569, .T. ) ;
#316 = ORIENTED_EDGE ( 'NONE', *, *, #1740, .F. ) ;
#317 = ORIENTED_EDGE ( 'NONE', *, *, #1683, .T. ) ;
#318 = ORIENTED_EDGE ( 'NONE', *, *, #1716, .F. ) ;
#319 = ORIENTED_EDGE ( 'NONE', *, *, #1727, .T. ) ;
#320 = ORIENTED_EDGE ( 'NONE', *, *, #1577, .T. ) ;
#321 = ORIENTED_EDGE ( 'NONE', *, *, #1715, .T. ) ;
#322 = ORIENTED_EDGE ( 'NONE', *, *, #1753, .F. ) ;
#323 = ORIENTED_EDGE ( 'NONE', *, *, #1564, .T. ) ;
#324 = ORIENTED_EDGE ( 'NONE', *, *, #1579, .F. ) ;
#325 = ORIENTED_EDGE ( 'NONE', *, *, #1749, .T. ) ;
#326 = ORIENTED_EDGE ( 'NONE', *, *, #1691, .F. ) ;
#327 = ORIENTED_EDGE ( 'NONE', *, *, #1697, .F. ) ;
#328 = VERTEX_POINT ( 'NONE', #1542 ) ;
#329 = ORIENTED_EDGE ( 'NONE', *, *, #1567, .T. ) ;
#330 = VERTEX_POINT ( 'NONE', #1538 ) ;
#331 = ORIENTED_EDGE ( 'NONE', *, *, #1724, .T. ) ;
#332 = VERTEX_POINT ( 'NONE', #1539 ) ;
#333 = VERTEX_POINT ( 'NONE', #1509 ) ;
#334 = VERTEX_POINT ( 'NONE', #1519 ) ;
#335 = VERTEX_POINT ( 'NONE', #1506 ) ;
#336 = ORIENTED_EDGE ( 'NONE', *, *, #1747, .T. ) ;
#337 = ORIENTED_EDGE ( 'NONE', *, *, #1704, .F. ) ;
#338 = VERTEX_POINT ( 'NONE', #1536 ) ;
#339 = VERTEX_POINT ( 'NONE', #1520 ) ;
#340 = ORIENTED_EDGE ( 'NONE', *, *, #1684, .F. ) ;
#341 = ORIENTED_EDGE ( 'NONE', *, *, #1763, .F. ) ;
#342 = ORIENTED_EDGE ( 'NONE', *, *, #1600, .T. ) ;
#343 = VERTEX_POINT ( 'NONE', #1507 ) ;
#344 = ORIENTED_EDGE ( 'NONE', *, *, #1774, .F. ) ;
#345 = ORIENTED_EDGE ( 'NONE', *, *, #1725, .F. ) ;
#346 = ORIENTED_EDGE ( 'NONE', *, *, #1713, .T. ) ;
#347 = VERTEX_POINT ( 'NONE', #1499 ) ;
#348 = ORIENTED_EDGE ( 'NONE', *, *, #1580, .T. ) ;
#349 = ORIENTED_EDGE ( 'NONE', *, *, #1694, .T. ) ;
#350 = ORIENTED_EDGE ( 'NONE', *, *, #1563, .T. ) ;
#351 = ORIENTED_EDGE ( 'NONE', *, *, #1566, .T. ) ;
#352 = ORIENTED_EDGE ( 'NONE', *, *, #1702, .T. ) ;
#353 = ORIENTED_EDGE ( 'NONE', *, *, #1716, .T. ) ;
#354 = ORIENTED_EDGE ( 'NONE', *, *, #1711, .T. ) ;
#355 = ORIENTED_EDGE ( 'NONE', *, *, #1755, .F. ) ;
#356 = ORIENTED_EDGE ( 'NONE', *, *, #1743, .T. ) ;
#357 = ORIENTED_EDGE ( 'NONE', *, *, #1753, .T. ) ;
#358 = ORIENTED_EDGE ( 'NONE', *, *, #1727, .F. ) ;
#359 = ORIENTED_EDGE ( 'NONE', *, *, #1758, .T. ) ;
#360 = ORIENTED_EDGE ( 'NONE', *, *, #1741, .F. ) ;
#361 = ORIENTED_EDGE ( 'NONE', *, *, #1768, .T. ) ;
#362 = ORIENTED_EDGE ( 'NONE', *, *, #1702, .F. ) ;
#363 = ORIENTED_EDGE ( 'NONE', *, *, #1576, .T. ) ;
#364 = ORIENTED_EDGE ( 'NONE', *, *, #1760, .T. ) ;
#365 = ORIENTED_EDGE ( 'NONE', *, *, #1751, .F. ) ;
#366 = ORIENTED_EDGE ( 'NONE', *, *, #1714, .F. ) ;
#367 = ORIENTED_EDGE ( 'NONE', *, *, #1744, .T. ) ;
#368 = ORIENTED_EDGE ( 'NONE', *, *, #1565, .F. ) ;
#369 = ORIENTED_EDGE ( 'NONE', *, *, #1593, .T. ) ;
#370 = ORIENTED_EDGE ( 'NONE', *, *, #1745, .T. ) ;
#371 = VERTEX_POINT ( 'NONE', #1517 ) ;
#372 = ORIENTED_EDGE ( 'NONE', *, *, #1746, .T. ) ;
#373 = VERTEX_POINT ( 'NONE', #1512 ) ;
#374 = VERTEX_POINT ( 'NONE', #1522 ) ;
#375 = ORIENTED_EDGE ( 'NONE', *, *, #1739, .F. ) ;
#376 = ORIENTED_EDGE ( 'NONE', *, *, #1718, .F. ) ;
#377 = ORIENTED_EDGE ( 'NONE', *, *, #1744, .F. ) ;
#378 = ORIENTED_EDGE ( 'NONE', *, *, #1574, .T. ) ;
#379 = ORIENTED_EDGE ( 'NONE', *, *, #1604, .T. ) ;
#380 = ORIENTED_EDGE ( 'NONE', *, *, #1756, .T. ) ;
#381 = ORIENTED_EDGE ( 'NONE', *, *, #1734, .T. ) ;
#382 = ORIENTED_EDGE ( 'NONE', *, *, #1576, .F. ) ;
#383 = ORIENTED_EDGE ( 'NONE', *, *, #1562, .T. ) ;
#384 = ORIENTED_EDGE ( 'NONE', *, *, #1569, .F. ) ;
#385 = ORIENTED_EDGE ( 'NONE', *, *, #1577, .F. ) ;
#386 = ORIENTED_EDGE ( 'NONE', *, *, #1707, .F. ) ;
#387 = ORIENTED_EDGE ( 'NONE', *, *, #1581, .T. ) ;
#388 = ORIENTED_EDGE ( 'NONE', *, *, #1617, .T. ) ;
#389 = ORIENTED_EDGE ( 'NONE', *, *, #1740, .T. ) ;
#390 = ORIENTED_EDGE ( 'NONE', *, *, #1563, .F. ) ;
#391 = VERTEX_POINT ( 'NONE', #1525 ) ;
#392 = ORIENTED_EDGE ( 'NONE', *, *, #1682, .F. ) ;
#393 = FACE_OUTER_BOUND ( 'NONE', #1631, .T. ) ;
#394 = TOROIDAL_SURFACE ( 'NONE', #120, 5.655402140084508900, 2.200000000000000200 ) ;
#395 = ORIENTED_EDGE ( 'NONE', *, *, #1710, .F. ) ;
#396 = FACE_OUTER_BOUND ( 'NONE', #51, .T. ) ;
#397 = ORIENTED_EDGE ( 'NONE', *, *, #1699, .F. ) ;
#398 = ORIENTED_EDGE ( 'NONE', *, *, #1728, .F. ) ;
#399 = FACE_OUTER_BOUND ( 'NONE', #59, .T. ) ;
#400 = CYLINDRICAL_SURFACE ( 'NONE', #785, 0.5000000000000004400 ) ;
#401 = ORIENTED_EDGE ( 'NONE', *, *, #1628, .F. ) ;
#402 = CYLINDRICAL_SURFACE ( 'NONE', #131, 2.200000000000000200 ) ;
#403 = TOROIDAL_SURFACE ( 'NONE', #125, 1.484071417161666500, 4.200000000000000200 ) ;
#404 = ORIENTED_EDGE ( 'NONE', *, *, #1726, .F. ) ;
#405 = ORIENTED_EDGE ( 'NONE', *, *, #1626, .F. ) ;
#406 = ORIENTED_EDGE ( 'NONE', *, *, #1706, .F. ) ;
#407 = ORIENTED_EDGE ( 'NONE', *, *, #1575, .F. ) ;
#408 = ORIENTED_EDGE ( 'NONE', *, *, #1606, .T. ) ;
#409 = TOROIDAL_SURFACE ( 'NONE', #132, 5.655402140084508900, 0.2000000000000000900 ) ;
#410 = FACE_OUTER_BOUND ( 'NONE', #55, .T. ) ;
#411 = FACE_OUTER_BOUND ( 'NONE', #1582, .T. ) ;
#412 = FACE_OUTER_BOUND ( 'NONE', #31, .T. ) ;
#413 = ORIENTED_EDGE ( 'NONE', *, *, #1561, .F. ) ;
#414 = ORIENTED_EDGE ( 'NONE', *, *, #1621, .F. ) ;
#415 = ORIENTED_EDGE ( 'NONE', *, *, #1602, .F. ) ;
#416 = ORIENTED_EDGE ( 'NONE', *, *, #1686, .F. ) ;
#417 = ORIENTED_EDGE ( 'NONE', *, *, #1626, .T. ) ;
#418 = FACE_OUTER_BOUND ( 'NONE', #50, .T. ) ;
#419 = ORIENTED_EDGE ( 'NONE', *, *, #1606, .F. ) ;
#420 = FACE_OUTER_BOUND ( 'NONE', #1635, .T. ) ;
#421 = CYLINDRICAL_SURFACE ( 'NONE', #121, 4.200000000000000200 ) ;
#422 = TOROIDAL_SURFACE ( 'NONE', #124, 5.655402140084508900, 0.2000000000000000900 ) ;
#423 = TOROIDAL_SURFACE ( 'NONE', #122, 5.655402140084508900, 2.200000000000000200 ) ;
#424 = FACE_OUTER_BOUND ( 'NONE', #32, .T. ) ;
#425 = TOROIDAL_SURFACE ( 'NONE', #130, 1.484071417161666500, 4.200000000000000200 ) ;
#426 = CYLINDRICAL_SURFACE ( 'NONE', #123, 0.2000000000000005100 ) ;
#427 = FACE_OUTER_BOUND ( 'NONE', #58, .T. ) ;
#428 = FACE_OUTER_BOUND ( 'NONE', #1629, .T. ) ;
#429 = ORIENTED_EDGE ( 'NONE', *, *, #1765, .F. ) ;
#430 = CYLINDRICAL_SURFACE ( 'NONE', #128, 0.2000000000000005100 ) ;
#431 = FACE_OUTER_BOUND ( 'NONE', #1637, .T. ) ;
#432 = CYLINDRICAL_SURFACE ( 'NONE', #129, 2.200000000000000600 ) ;
#433 = FACE_OUTER_BOUND ( 'NONE', #41, .T. ) ;
#434 = FACE_OUTER_BOUND ( 'NONE', #24, .T. ) ;
#435 = ORIENTED_EDGE ( 'NONE', *, *, #1621, .T. ) ;
#436 = TOROIDAL_SURFACE ( 'NONE', #127, 1.484071417161666500, 2.200000000000000200 ) ;
#437 = FACE_OUTER_BOUND ( 'NONE', #1595, .T. ) ;
#438 = FACE_OUTER_BOUND ( 'NONE', #53, .T. ) ;
#439 = FACE_OUTER_BOUND ( 'NONE', #1624, .T. ) ;
#440 = FACE_OUTER_BOUND ( 'NONE', #1636, .T. ) ;
#441 = ORIENTED_EDGE ( 'NONE', *, *, #1738, .F. ) ;
#442 = FACE_OUTER_BOUND ( 'NONE', #47, .T. ) ;
#443 = FACE_OUTER_BOUND ( 'NONE', #54, .T. ) ;
#444 = ORIENTED_EDGE ( 'NONE', *, *, #1767, .F. ) ;
#445 = ORIENTED_EDGE ( 'NONE', *, *, #1628, .T. ) ;
#446 = CYLINDRICAL_SURFACE ( 'NONE', #117, 4.200000000000000200 ) ;
#447 = TOROIDAL_SURFACE ( 'NONE', #119, 1.484071417161666500, 2.200000000000000200 ) ;
#448 = CYLINDRICAL_SURFACE ( 'NONE', #126, 2.200000000000000600 ) ;
#449 = FACE_OUTER_BOUND ( 'NONE', #1585, .T. ) ;
#450 = CYLINDRICAL_SURFACE ( 'NONE', #118, 2.200000000000000200 ) ;
#451 = FACE_OUTER_BOUND ( 'NONE', #57, .T. ) ;
#452 = ORIENTED_EDGE ( 'NONE', *, *, #1773, .T. ) ;
#453 = ORIENTED_EDGE ( 'NONE', *, *, #1722, .F. ) ;
#454 = CLOSED_SHELL ( 'NONE', ( #1661, #1659, #1647, #1662, #1646, #1652, #1658, #1648, #1654, #1655, #1660, #1656, #1649, #1657, #1650, #1651, #1653, #1666, #1671, #1679, #1678, #1665, #1672, #1670, #1675, #1423, #1674, #1663, #1676, #1664, #1680, #1673, #1677, #1428, #1667, #1424, #1422, #1669, #1668, #1426, #1425, #1427, #1556, #1639, #7, #135, #802, #799, #800, #803, #798, #792, #1557, #793, #797, #794, #801, #795, #805, #796, #804, #1638 ) ) ;
#455 = CIRCLE ( 'NONE', #842, 2.500000000000000400 ) ;
#456 = FACE_OUTER_BOUND ( 'NONE', #20, .T. ) ;
#457 = LINE ( 'NONE', #970, #466 ) ;
#458 = FACE_OUTER_BOUND ( 'NONE', #1591, .T. ) ;
#459 = LINE ( 'NONE', #99, #495 ) ;
#460 = LINE ( 'NONE', #954, #491 ) ;
#461 = CIRCLE ( 'NONE', #847, 2.500000000000000400 ) ;
#462 = LINE ( 'NONE', #952, #501 ) ;
#463 = CIRCLE ( 'NONE', #849, 2.500000000000002200 ) ;
#464 = LINE ( 'NONE', #94, #516 ) ;
#465 = VECTOR ( 'NONE', #76, 1000.000000000000000 ) ;
#466 = VECTOR ( 'NONE', #977, 1000.000000000000000 ) ;
#467 = LINE ( 'NONE', #953, #468 ) ;
#468 = VECTOR ( 'NONE', #947, 1000.000000000000000 ) ;
#469 = VECTOR ( 'NONE', #981, 1000.000000000000000 ) ;
#470 = CIRCLE ( 'NONE', #828, 5.465796198133470600 ) ;
#471 = LINE ( 'NONE', #948, #481 ) ;
#472 = VECTOR ( 'NONE', #955, 1000.000000000000000 ) ;
#473 = VECTOR ( 'NONE', #968, 1000.000000000000000 ) ;
#474 = VECTOR ( 'NONE', #110, 1000.000000000000000 ) ;
#475 = VECTOR ( 'NONE', #950, 1000.000000000000000 ) ;
#476 = CYLINDRICAL_SURFACE ( 'NONE', #826, 2.999999999999999100 ) ;
#477 = CIRCLE ( 'NONE', #821, 2.999999999999999100 ) ;
#478 = LINE ( 'NONE', #1013, #480 ) ;
#479 = VECTOR ( 'NONE', #111, 1000.000000000000000 ) ;
#480 = VECTOR ( 'NONE', #1018, 1000.000000000000000 ) ;
#481 = VECTOR ( 'NONE', #963, 1000.000000000000000 ) ;
#482 = LINE ( 'NONE', #104, #479 ) ;
#483 = LINE ( 'NONE', #1007, #484 ) ;
#484 = VECTOR ( 'NONE', #992, 1000.000000000000000 ) ;
#485 = CIRCLE ( 'NONE', #816, 2.999999999999999100 ) ;
#486 = VECTOR ( 'NONE', #979, 1000.000000000000000 ) ;
#487 = CIRCLE ( 'NONE', #817, 0.5000000000000004400 ) ;
#488 = VECTOR ( 'NONE', #74, 1000.000000000000000 ) ;
#489 = LINE ( 'NONE', #944, #510 ) ;
#490 = LINE ( 'NONE', #83, #508 ) ;
#491 = VECTOR ( 'NONE', #940, 1000.000000000000000 ) ;
#492 = LINE ( 'NONE', #949, #473 ) ;
#493 = LINE ( 'NONE', #943, #469 ) ;
#494 = VECTOR ( 'NONE', #109, 1000.000000000000000 ) ;
#495 = VECTOR ( 'NONE', #108, 1000.000000000000000 ) ;
#496 = LINE ( 'NONE', #982, #512 ) ;
#497 = FACE_OUTER_BOUND ( 'NONE', #52, .T. ) ;
#498 = LINE ( 'NONE', #86, #488 ) ;
#499 = CIRCLE ( 'NONE', #823, 2.999999999999999100 ) ;
#500 = CYLINDRICAL_SURFACE ( 'NONE', #813, 2.999999999999999100 ) ;
#501 = VECTOR ( 'NONE', #962, 1000.000000000000000 ) ;
#502 = LINE ( 'NONE', #107, #474 ) ;
#503 = CYLINDRICAL_SURFACE ( 'NONE', #835, 2.500000000000002200 ) ;
#504 = LINE ( 'NONE', #75, #465 ) ;
#505 = LINE ( 'NONE', #951, #475 ) ;
#506 = CIRCLE ( 'NONE', #840, 2.999999999999999100 ) ;
#507 = LINE ( 'NONE', #959, #486 ) ;
#508 = VECTOR ( 'NONE', #90, 1000.000000000000000 ) ;
#509 = CIRCLE ( 'NONE', #831, 1.484071417161666200 ) ;
#510 = VECTOR ( 'NONE', #978, 1000.000000000000000 ) ;
#511 = CIRCLE ( 'NONE', #836, 2.999999999999999100 ) ;
#512 = VECTOR ( 'NONE', #973, 1000.000000000000000 ) ;
#513 = LINE ( 'NONE', #946, #472 ) ;
#514 = LINE ( 'NONE', #115, #494 ) ;
#515 = CYLINDRICAL_SURFACE ( 'NONE', #829, 2.999999999999999100 ) ;
#516 = VECTOR ( 'NONE', #98, 1000.000000000000000 ) ;
#517 = FACE_OUTER_BOUND ( 'NONE', #1594, .T. ) ;
#518 = FACE_OUTER_BOUND ( 'NONE', #45, .T. ) ;
#519 = FACE_OUTER_BOUND ( 'NONE', #1596, .T. ) ;
#520 = FACE_OUTER_BOUND ( 'NONE', #1632, .T. ) ;
#521 = TOROIDAL_SURFACE ( 'NONE', #846, 5.655402140084508900, 0.2000000000000000900 ) ;
#522 = TOROIDAL_SURFACE ( 'NONE', #833, 1.484071417161666500, 2.200000000000000200 ) ;
#523 = FACE_BOUND ( 'NONE', #1627, .T. ) ;
#524 = FACE_OUTER_BOUND ( 'NONE', #1622, .T. ) ;
#525 = FACE_OUTER_BOUND ( 'NONE', #1607, .T. ) ;
#526 = FACE_OUTER_BOUND ( 'NONE', #1614, .T. ) ;
#527 = FACE_OUTER_BOUND ( 'NONE', #1583, .T. ) ;
#528 = FACE_OUTER_BOUND ( 'NONE', #46, .T. ) ;
#529 = FACE_OUTER_BOUND ( 'NONE', #1625, .T. ) ;
#530 = CYLINDRICAL_SURFACE ( 'NONE', #834, 0.5000000000000004400 ) ;
#531 = FACE_OUTER_BOUND ( 'NONE', #1630, .T. ) ;
#532 = FACE_OUTER_BOUND ( 'NONE', #56, .T. ) ;
#533 = FACE_OUTER_BOUND ( 'NONE', #40, .T. ) ;
#534 = FACE_OUTER_BOUND ( 'NONE', #1610, .T. ) ;
#535 = TOROIDAL_SURFACE ( 'NONE', #825, 1.484071417161666500, 4.200000000000000200 ) ;
#536 = TOROIDAL_SURFACE ( 'NONE', #811, 1.484071417161666500, 2.200000000000000200 ) ;
#537 = FACE_OUTER_BOUND ( 'NONE', #1634, .T. ) ;
#538 = CYLINDRICAL_SURFACE ( 'NONE', #870, 2.499999999999998700 ) ;
#539 = FACE_OUTER_BOUND ( 'NONE', #1589, .T. ) ;
#540 = LINE ( 'NONE', #1147, #555 ) ;
#541 = FACE_OUTER_BOUND ( 'NONE', #44, .T. ) ;
#542 = CIRCLE ( 'NONE', #812, 0.1999999999999996500 ) ;
#543 = TOROIDAL_SURFACE ( 'NONE', #809, 1.484071417161666500, 4.200000000000000200 ) ;
#544 = FACE_OUTER_BOUND ( 'NONE', #49, .T. ) ;
#545 = FACE_BOUND ( 'NONE', #1601, .T. ) ;
#546 = FACE_OUTER_BOUND ( 'NONE', #1609, .T. ) ;
#547 = FACE_OUTER_BOUND ( 'NONE', #1584, .T. ) ;
#548 = FACE_OUTER_BOUND ( 'NONE', #1586, .T. ) ;
#549 = FACE_OUTER_BOUND ( 'NONE', #1592, .T. ) ;
#550 = FACE_OUTER_BOUND ( 'NONE', #1587, .T. ) ;
#551 = CYLINDRICAL_SURFACE ( 'NONE', #852, 0.5000000000000004400 ) ;
#552 = FACE_OUTER_BOUND ( 'NONE', #1611, .T. ) ;
#553 = CYLINDRICAL_SURFACE ( 'NONE', #901, 0.5000000000000004400 ) ;
#554 = FACE_OUTER_BOUND ( 'NONE', #1633, .T. ) ;
#555 = VECTOR ( 'NONE', #1162, 1000.000000000000000 ) ;
#556 = CIRCLE ( 'NONE', #822, 0.1999999999999996500 ) ;
#557 = CIRCLE ( 'NONE', #894, 4.200000000000000200 ) ;
#558 = CIRCLE ( 'NONE', #866, 1.484071417161666200 ) ;
#559 = VECTOR ( 'NONE', #1138, 1000.000000000000000 ) ;
#560 = FACE_OUTER_BOUND ( 'NONE', #1598, .T. ) ;
#561 = FACE_OUTER_BOUND ( 'NONE', #43, .T. ) ;
#562 = FACE_OUTER_BOUND ( 'NONE', #1608, .T. ) ;
#563 = FACE_OUTER_BOUND ( 'NONE', #1613, .T. ) ;
#564 = CYLINDRICAL_SURFACE ( 'NONE', #830, 2.999999999999999100 ) ;
#565 = CIRCLE ( 'NONE', #843, 0.1999999999999996500 ) ;
#566 = FACE_OUTER_BOUND ( 'NONE', #1623, .T. ) ;
#567 = FACE_OUTER_BOUND ( 'NONE', #1605, .T. ) ;
#568 = FACE_OUTER_BOUND ( 'NONE', #1588, .T. ) ;
#569 = FACE_OUTER_BOUND ( 'NONE', #42, .T. ) ;
#570 = FACE_OUTER_BOUND ( 'NONE', #1603, .T. ) ;
#571 = TOROIDAL_SURFACE ( 'NONE', #832, 5.655402140084508900, 2.200000000000000200 ) ;
#572 = LINE ( 'NONE', #1152, #559 ) ;
#573 = LINE ( 'NONE', #1145, #603 ) ;
#574 = FACE_OUTER_BOUND ( 'NONE', #1590, .T. ) ;
#575 = FACE_OUTER_BOUND ( 'NONE', #48, .T. ) ;
#576 = FACE_OUTER_BOUND ( 'NONE', #1612, .T. ) ;
#577 = CYLINDRICAL_SURFACE ( 'NONE', #882, 2.500000000000002200 ) ;
#578 = CYLINDRICAL_SURFACE ( 'NONE', #884, 2.499999999999998700 ) ;
#579 = LINE ( 'NONE', #1288, #582 ) ;
#580 = CIRCLE ( 'NONE', #886, 5.465796198133470600 ) ;
#581 = CIRCLE ( 'NONE', #869, 5.655402140084508900 ) ;
#582 = VECTOR ( 'NONE', #1258, 1000.000000000000000 ) ;
#583 = LINE ( 'NONE', #1184, #596 ) ;
#584 = LINE ( 'NONE', #1154, #593 ) ;
#585 = VECTOR ( 'NONE', #1214, 1000.000000000000000 ) ;
#586 = CIRCLE ( 'NONE', #904, 2.200000000000000200 ) ;
#587 = LINE ( 'NONE', #1248, #627 ) ;
#588 = CIRCLE ( 'NONE', #908, 5.655402140084508900 ) ;
#589 = LINE ( 'NONE', #1142, #591 ) ;
#590 = VECTOR ( 'NONE', #1180, 1000.000000000000000 ) ;
#591 = VECTOR ( 'NONE', #1199, 1000.000000000000000 ) ;
#592 = LINE ( 'NONE', #1193, #590 ) ;
#593 = VECTOR ( 'NONE', #1140, 1000.000000000000000 ) ;
#594 = CIRCLE ( 'NONE', #909, 5.465796198133470600 ) ;
#595 = VECTOR ( 'NONE', #1130, 1000.000000000000000 ) ;
#596 = VECTOR ( 'NONE', #1206, 1000.000000000000000 ) ;
#597 = VECTOR ( 'NONE', #1177, 1000.000000000000000 ) ;
#598 = LINE ( 'NONE', #1189, #622 ) ;
#599 = CIRCLE ( 'NONE', #855, 3.569736778623087600 ) ;
#600 = VECTOR ( 'NONE', #1249, 1000.000000000000000 ) ;
#601 = LINE ( 'NONE', #1202, #620 ) ;
#602 = CIRCLE ( 'NONE', #907, 5.655402140084508900 ) ;
#603 = VECTOR ( 'NONE', #1134, 1000.000000000000000 ) ;
#604 = LINE ( 'NONE', #1158, #605 ) ;
#605 = VECTOR ( 'NONE', #1135, 1000.000000000000000 ) ;
#606 = CIRCLE ( 'NONE', #880, 1.484071417161666200 ) ;
#607 = CIRCLE ( 'NONE', #905, 3.569736778623087600 ) ;
#608 = LINE ( 'NONE', #1187, #609 ) ;
#609 = VECTOR ( 'NONE', #1188, 1000.000000000000000 ) ;
#610 = CIRCLE ( 'NONE', #893, 3.569736778623086700 ) ;
#611 = CIRCLE ( 'NONE', #862, 5.655402140084508900 ) ;
#612 = LINE ( 'NONE', #1156, #595 ) ;
#613 = CIRCLE ( 'NONE', #868, 0.2000000000000000900 ) ;
#614 = LINE ( 'NONE', #1250, #616 ) ;
#615 = LINE ( 'NONE', #1239, #621 ) ;
#616 = VECTOR ( 'NONE', #1246, 1000.000000000000000 ) ;
#617 = LINE ( 'NONE', #1227, #585 ) ;
#618 = LINE ( 'NONE', #1213, #600 ) ;
#619 = LINE ( 'NONE', #1212, #632 ) ;
#620 = VECTOR ( 'NONE', #1203, 1000.000000000000000 ) ;
#621 = VECTOR ( 'NONE', #1241, 1000.000000000000000 ) ;
#622 = VECTOR ( 'NONE', #1191, 1000.000000000000000 ) ;
#623 = LINE ( 'NONE', #1228, #624 ) ;
#624 = VECTOR ( 'NONE', #1237, 1000.000000000000000 ) ;
#625 = CIRCLE ( 'NONE', #871, 4.200000000000000200 ) ;
#626 = LINE ( 'NONE', #1272, #640 ) ;
#627 = VECTOR ( 'NONE', #1242, 1000.000000000000000 ) ;
#628 = CIRCLE ( 'NONE', #872, 4.200000000000000200 ) ;
#629 = CIRCLE ( 'NONE', #874, 2.200000000000000600 ) ;
#630 = CIRCLE ( 'NONE', #897, 4.200000000000000200 ) ;
#631 = CIRCLE ( 'NONE', #898, 5.655402140084508900 ) ;
#632 = VECTOR ( 'NONE', #1232, 1000.000000000000000 ) ;
#633 = CIRCLE ( 'NONE', #877, 2.200000000000000200 ) ;
#634 = LINE ( 'NONE', #1171, #597 ) ;
#635 = CIRCLE ( 'NONE', #902, 5.655402140084508900 ) ;
#636 = CIRCLE ( 'NONE', #906, 2.200000000000000200 ) ;
#637 = CIRCLE ( 'NONE', #883, 0.1999999999999996500 ) ;
#638 = LINE ( 'NONE', #1235, #639 ) ;
#639 = VECTOR ( 'NONE', #1236, 1000.000000000000000 ) ;
#640 = VECTOR ( 'NONE', #1287, 1000.000000000000000 ) ;
#641 = CIRCLE ( 'NONE', #933, 2.200000000000000200 ) ;
#642 = LINE ( 'NONE', #1264, #701 ) ;
#643 = LINE ( 'NONE', #1260, #649 ) ;
#644 = CIRCLE ( 'NONE', #892, 3.569736778623086700 ) ;
#645 = VECTOR ( 'NONE', #1262, 1000.000000000000000 ) ;
#646 = LINE ( 'NONE', #1376, #662 ) ;
#647 = CIRCLE ( 'NONE', #910, 1.484071417161665800 ) ;
#648 = LINE ( 'NONE', #1356, #689 ) ;
#649 = VECTOR ( 'NONE', #1273, 1000.000000000000000 ) ;
#650 = CIRCLE ( 'NONE', #938, 1.484071417161665800 ) ;
#651 = LINE ( 'NONE', #1301, #669 ) ;
#652 = LINE ( 'NONE', #1363, #685 ) ;
#653 = CIRCLE ( 'NONE', #890, 2.999999999999999100 ) ;
#654 = CIRCLE ( 'NONE', #851, 2.999999999999999100 ) ;
#655 = LINE ( 'NONE', #1256, #679 ) ;
#656 = LINE ( 'NONE', #1257, #645 ) ;
#657 = CIRCLE ( 'NONE', #900, 2.200000000000000200 ) ;
#658 = LINE ( 'NONE', #1326, #673 ) ;
#659 = VECTOR ( 'NONE', #1361, 1000.000000000000000 ) ;
#660 = LINE ( 'NONE', #1343, #691 ) ;
#661 = CIRCLE ( 'NONE', #926, 1.484071417161665800 ) ;
#662 = VECTOR ( 'NONE', #1378, 1000.000000000000000 ) ;
#663 = CIRCLE ( 'NONE', #888, 0.5000000000000004400 ) ;
#664 = CIRCLE ( 'NONE', #858, 2.200000000000000200 ) ;
#665 = CIRCLE ( 'NONE', #889, 2.999999999999999100 ) ;
#666 = CIRCLE ( 'NONE', #891, 0.5000000000000004400 ) ;
#667 = CIRCLE ( 'NONE', #935, 2.200000000000000200 ) ;
#668 = VECTOR ( 'NONE', #1344, 1000.000000000000000 ) ;
#669 = VECTOR ( 'NONE', #1293, 1000.000000000000000 ) ;
#670 = CIRCLE ( 'NONE', #895, 1.484071417161666200 ) ;
#671 = CIRCLE ( 'NONE', #850, 5.465796198133470600 ) ;
#672 = VECTOR ( 'NONE', #1261, 1000.000000000000000 ) ;
#673 = VECTOR ( 'NONE', #1295, 1000.000000000000000 ) ;
#674 = CIRCLE ( 'NONE', #887, 2.200000000000000200 ) ;
#675 = VECTOR ( 'NONE', #1403, 1000.000000000000000 ) ;
#676 = CIRCLE ( 'NONE', #899, 2.500000000000000400 ) ;
#677 = VECTOR ( 'NONE', #1274, 1000.000000000000000 ) ;
#678 = CIRCLE ( 'NONE', #903, 2.500000000000002200 ) ;
#679 = VECTOR ( 'NONE', #1291, 1000.000000000000000 ) ;
#680 = CIRCLE ( 'NONE', #856, 0.5000000000000004400 ) ;
#681 = LINE ( 'NONE', #1265, #677 ) ;
#682 = CIRCLE ( 'NONE', #911, 1.484071417161665800 ) ;
#683 = LINE ( 'NONE', #1307, #690 ) ;
#684 = LINE ( 'NONE', #1338, #659 ) ;
#685 = VECTOR ( 'NONE', #1332, 1000.000000000000000 ) ;
#686 = CIRCLE ( 'NONE', #878, 2.200000000000000200 ) ;
#687 = VECTOR ( 'NONE', #1300, 1000.000000000000000 ) ;
#688 = CIRCLE ( 'NONE', #885, 2.500000000000002200 ) ;
#689 = VECTOR ( 'NONE', #1362, 1000.000000000000000 ) ;
#690 = VECTOR ( 'NONE', #1296, 1000.000000000000000 ) ;
#691 = VECTOR ( 'NONE', #1365, 1000.000000000000000 ) ;
#692 = CIRCLE ( 'NONE', #931, 4.200000000000000200 ) ;
#693 = LINE ( 'NONE', #1374, #675 ) ;
#694 = LINE ( 'NONE', #1397, #725 ) ;
#695 = LINE ( 'NONE', #1308, #687 ) ;
#696 = LINE ( 'NONE', #1368, #668 ) ;
#697 = CIRCLE ( 'NONE', #857, 2.500000000000002200 ) ;
#698 = CIRCLE ( 'NONE', #936, 2.200000000000000600 ) ;
#699 = CIRCLE ( 'NONE', #923, 4.200000000000000200 ) ;
#700 = LINE ( 'NONE', #1283, #672 ) ;
#701 = VECTOR ( 'NONE', #1275, 1000.000000000000000 ) ;
#702 = CIRCLE ( 'NONE', #881, 2.500000000000000400 ) ;
#703 = VECTOR ( 'NONE', #1410, 1000.000000000000000 ) ;
#704 = CALENDAR_DATE ( 2017, 9, 3 ) ;
#705 = CALENDAR_DATE ( 2017, 9, 3 ) ;
#706 = LINE ( 'NONE', #1398, #703 ) ;
#707 = LOCAL_TIME ( 16, 41, 47.00000000000000000, #728 ) ;
#708 = LOCAL_TIME ( 16, 41, 47.00000000000000000, #721 ) ;
#709 = LOCAL_TIME ( 16, 41, 47.00000000000000000, #720 ) ;
#710 = LOCAL_TIME ( 16, 41, 47.00000000000000000, #739 ) ;
#711 = CALENDAR_DATE ( 2017, 9, 3 ) ;
#712 = APPROVAL_DATE_TIME ( #731, #912 ) ;
#713 = APPROVAL_PERSON_ORGANIZATION ( #727, #916, #1382 ) ;
#714 = PERSON_AND_ORGANIZATION ( #1440, #717 ) ;
#715 = DATE_AND_TIME ( #704, #710 ) ;
#716 = DATE_AND_TIME ( #718, #707 ) ;
#717 = ORGANIZATION ( 'UNSPECIFIED', 'UNSPECIFIED', '' ) ;
#718 = CALENDAR_DATE ( 2017, 9, 3 ) ;
#719 = DATE_AND_TIME ( #726, #708 ) ;
#720 = COORDINATED_UNIVERSAL_TIME_OFFSET ( 1, 0, .AHEAD. ) ;
#721 = COORDINATED_UNIVERSAL_TIME_OFFSET ( 1, 0, .AHEAD. ) ;
#722 = PERSON_AND_ORGANIZATION ( #1440, #717 ) ;
#723 = PERSON_AND_ORGANIZATION ( #1440, #717 ) ;
#724 = APPROVAL_DATE_TIME ( #716, #917 ) ;
#725 = VECTOR ( 'NONE', #1379, 1000.000000000000000 ) ;
#726 = CALENDAR_DATE ( 2017, 9, 3 ) ;
#727 = PERSON_AND_ORGANIZATION ( #1440, #717 ) ;
#728 = COORDINATED_UNIVERSAL_TIME_OFFSET ( 1, 0, .AHEAD. ) ;
#729 = PERSON_AND_ORGANIZATION ( #1440, #717 ) ;
#730 = LOCAL_TIME ( 16, 41, 47.00000000000000000, #740 ) ;
#731 = DATE_AND_TIME ( #711, #730 ) ;
#732 = PERSON_AND_ORGANIZATION ( #1440, #717 ) ;
#733 = APPROVAL_DATE_TIME ( #715, #916 ) ;
#734 = PERSON_AND_ORGANIZATION ( #1440, #717 ) ;
#735 = PERSON_AND_ORGANIZATION ( #1440, #717 ) ;
#736 = APPROVAL_PERSON_ORGANIZATION ( #735, #917, #1391 ) ;
#737 = SHAPE_DEFINITION_REPRESENTATION ( #133, #1437 ) ;
#738 = APPROVAL_PERSON_ORGANIZATION ( #729, #912, #1417 ) ;
#739 = COORDINATED_UNIVERSAL_TIME_OFFSET ( 1, 0, .AHEAD. ) ;
#740 = COORDINATED_UNIVERSAL_TIME_OFFSET ( 1, 0, .AHEAD. ) ;
#741 = DATE_AND_TIME ( #705, #709 ) ;
#742 = ORIENTED_EDGE ( 'NONE', *, *, #1771, .T. ) ;
#743 = ORIENTED_EDGE ( 'NONE', *, *, #1616, .F. ) ;
#744 = ORIENTED_EDGE ( 'NONE', *, *, #1700, .F. ) ;
#745 = CARTESIAN_POINT ( 'NONE',  ( -100.0000000000000000, 18.00000000000000700, -5.204170427930421300E-015 ) ) ;
#746 = DIRECTION ( 'NONE',  ( -1.000000000000000000, -0.0000000000000000000, -0.0000000000000000000 ) ) ;
#747 = DIRECTION ( 'NONE',  ( 0.0000000000000000000, 6.938893903907222100E-015, 1.000000000000000000 ) ) ;
#748 = CARTESIAN_POINT ( 'NONE',  ( -1.393577772598075400, 9.417838880480303500, 1.000000000000000000 ) ) ;
#749 = CARTESIAN_POINT ( 'NONE',  ( -97.00000000000000000, 18.50000000000011400, 29.99999999999987200 ) ) ;
#750 = CARTESIAN_POINT ( 'NONE',  ( -100.0000000000000000, 18.00000000000009900, 27.49999999999987200 ) ) ;
#751 = CARTESIAN_POINT ( 'NONE',  ( -97.00000000000000000, -18.50000000000009600, 27.50000000000000000 ) ) ;
#752 = DIRECTION ( 'NONE',  ( 0.0000000000000000000, 1.000000000000000000, 6.938893903907230700E-015 ) ) ;
#753 = DIRECTION ( 'NONE',  ( 0.0000000000000000000, 6.960928290796747500E-015, -1.000000000000000000 ) ) ;
#754 = PLANE ( 'NONE',  #1620 ) ;
#755 = CARTESIAN_POINT ( 'NONE',  ( 100.0000000000000000, 20.50000000000010300, 29.99999999999986500 ) ) ;
#756 = CARTESIAN_POINT ( 'NONE',  ( 0.09049364456359615400, 0.4178388804803034900, 3.000000000000000000 ) ) ;
#757 = CARTESIAN_POINT ( 'NONE',  ( -100.0000000000000000, 18.00000000000009900, 27.49999999999987200 ) ) ;
#758 = DIRECTION ( 'NONE',  ( -1.000000000000000000, -0.0000000000000000000, -0.0000000000000000000 ) ) ;
#759 = DIRECTION ( 'NONE',  ( 1.000000000000000000, 0.0000000000000000000, 0.0000000000000000000 ) ) ;
#760 = DIRECTION ( 'NONE',  ( 0.0000000000000000000, 6.938893903907222100E-015, 1.000000000000000000 ) ) ;
#761 = DIRECTION ( 'NONE',  ( 0.0000000000000000000, 0.0000000000000000000, -1.000000000000000000 ) ) ;
#762 = CARTESIAN_POINT ( 'NONE',  ( -97.00000000000000000, 18.50000000000011400, 29.99999999999986900 ) ) ;
#763 = CARTESIAN_POINT ( 'NONE',  ( 100.0000000000000000, 18.00000000000009900, 27.49999999999987200 ) ) ;
#764 = DIRECTION ( 'NONE',  ( 0.0000000000000000000, -1.000000000000000000, 6.960928290796763300E-015 ) ) ;
#765 = DIRECTION ( 'NONE',  ( 0.0000000000000000000, -6.960928290796763300E-015, -1.000000000000000000 ) ) ;
#766 = DIRECTION ( 'NONE',  ( 1.000000000000000000, 0.0000000000000000000, 0.0000000000000000000 ) ) ;
#767 = DIRECTION ( 'NONE',  ( 0.0000000000000000000, 0.0000000000000000000, -1.000000000000000000 ) ) ;
#768 = PLANE ( 'NONE',  #845 ) ;
#769 = PLANE ( 'NONE',  #848 ) ;
#770 = DIRECTION ( 'NONE',  ( 0.0000000000000000000, 6.960928290796763300E-015, 1.000000000000000000 ) ) ;
#771 = DIRECTION ( 'NONE',  ( 0.0000000000000000000, -1.000000000000000000, 6.938893903907230700E-015 ) ) ;
#772 = CARTESIAN_POINT ( 'NONE',  ( -100.0000000000000000, 15.50000000000011400, 29.99999999999988600 ) ) ;
#773 = CARTESIAN_POINT ( 'NONE',  ( 97.00000000000000000, 18.50000000000009600, 27.49999999999986900 ) ) ;
#774 = DIRECTION ( 'NONE',  ( 0.0000000000000000000, -6.960928290796763300E-015, -1.000000000000000000 ) ) ;
#775 = PLANE ( 'NONE',  #815 ) ;
#776 = DIRECTION ( 'NONE',  ( 0.0000000000000000000, 1.000000000000000000, -6.938893903907230700E-015 ) ) ;
#777 = CARTESIAN_POINT ( 'NONE',  ( -1.393577772598075600, 9.417838880480303500, 3.000000000000000400 ) ) ;
#778 = VERTEX_POINT ( 'NONE', #1544 ) ;
#779 = VERTEX_POINT ( 'NONE', #1545 ) ;
#780 = VERTEX_POINT ( 'NONE', #1529 ) ;
#781 = VERTEX_POINT ( 'NONE', #1533 ) ;
#782 = VERTEX_POINT ( 'NONE', #1498 ) ;
#783 = VERTEX_POINT ( 'NONE', #1508 ) ;
#784 = VERTEX_POINT ( 'NONE', #1518 ) ;
#785 = AXIS2_PLACEMENT_3D ( 'NONE', #750, #746, #747 ) ;
#786 = VERTEX_POINT ( 'NONE', #1535 ) ;
#787 = VERTEX_POINT ( 'NONE', #1543 ) ;
#788 = VERTEX_POINT ( 'NONE', #1541 ) ;
#789 = VERTEX_POINT ( 'NONE', #1510 ) ;
#790 = VERTEX_POINT ( 'NONE', #1523 ) ;
#791 = VERTEX_POINT ( 'NONE', #1501 ) ;
#792 = ADVANCED_FACE ( 'NONE', ( #418 ), #402, .T. ) ;
#793 = ADVANCED_FACE ( 'NONE', ( #431 ), #425, .T. ) ;
#794 = ADVANCED_FACE ( 'NONE', ( #420 ), #421, .T. ) ;
#795 = ADVANCED_FACE ( 'NONE', ( #411 ), #426, .F. ) ;
#796 = ADVANCED_FACE ( 'NONE', ( #433 ), #409, .F. ) ;
#797 = ADVANCED_FACE ( 'NONE', ( #440 ), #446, .T. ) ;
#798 = ADVANCED_FACE ( 'NONE', ( #427 ), #394, .T. ) ;
#799 = ADVANCED_FACE ( 'NONE', ( #396 ), #447, .F. ) ;
#800 = ADVANCED_FACE ( 'NONE', ( #399 ), #448, .T. ) ;
#801 = ADVANCED_FACE ( 'NONE', ( #449 ), #403, .T. ) ;
#802 = ADVANCED_FACE ( 'NONE', ( #410 ), #450, .F. ) ;
#803 = ADVANCED_FACE ( 'NONE', ( #412 ), #423, .T. ) ;
#804 = ADVANCED_FACE ( 'NONE', ( #434 ), #430, .F. ) ;
#805 = ADVANCED_FACE ( 'NONE', ( #439 ), #422, .F. ) ;
#806 = AXIS2_PLACEMENT_3D ( 'NONE', #1052, #1080, #1066 ) ;
#807 = AXIS2_PLACEMENT_3D ( 'NONE', #1075, #1084, #1106 ) ;
#808 = AXIS2_PLACEMENT_3D ( 'NONE', #1111, #1108, #1124 ) ;
#809 = AXIS2_PLACEMENT_3D ( 'NONE', #1002, #1026, #1003 ) ;
#810 = AXIS2_PLACEMENT_3D ( 'NONE', #1059, #1034, #1073 ) ;
#811 = AXIS2_PLACEMENT_3D ( 'NONE', #989, #1077, #1041 ) ;
#812 = AXIS2_PLACEMENT_3D ( 'NONE', #1024, #1011, #986 ) ;
#813 = AXIS2_PLACEMENT_3D ( 'NONE', #762, #770, #771 ) ;
#814 = AXIS2_PLACEMENT_3D ( 'NONE', #1012, #1016, #1017 ) ;
#815 = AXIS2_PLACEMENT_3D ( 'NONE', #772, #764, #765 ) ;
#816 = AXIS2_PLACEMENT_3D ( 'NONE', #749, #6, #11 ) ;
#817 = AXIS2_PLACEMENT_3D ( 'NONE', #88, #84, #85 ) ;
#818 = AXIS2_PLACEMENT_3D ( 'NONE', #1004, #1029, #1031 ) ;
#819 = AXIS2_PLACEMENT_3D ( 'NONE', #1035, #1071, #1040 ) ;
#820 = AXIS2_PLACEMENT_3D ( 'NONE', #1046, #1033, #1044 ) ;
#821 = AXIS2_PLACEMENT_3D ( 'NONE', #114, #105, #106 ) ;
#822 = AXIS2_PLACEMENT_3D ( 'NONE', #998, #1025, #1008 ) ;
#823 = AXIS2_PLACEMENT_3D ( 'NONE', #95, #96, #97 ) ;
#824 = AXIS2_PLACEMENT_3D ( 'NONE', #1039, #1054, #1047 ) ;
#825 = AXIS2_PLACEMENT_3D ( 'NONE', #1058, #1053, #1067 ) ;
#826 = AXIS2_PLACEMENT_3D ( 'NONE', #751, #753, #752 ) ;
#827 = AXIS2_PLACEMENT_3D ( 'NONE', #1043, #1072, #1048 ) ;
#828 = AXIS2_PLACEMENT_3D ( 'NONE', #976, #969, #967 ) ;
#829 = AXIS2_PLACEMENT_3D ( 'NONE', #773, #774, #776 ) ;
#830 = AXIS2_PLACEMENT_3D ( 'NONE', #1014, #1015, #1009 ) ;
#831 = AXIS2_PLACEMENT_3D ( 'NONE', #941, #957, #966 ) ;
#832 = AXIS2_PLACEMENT_3D ( 'NONE', #1050, #1057, #1064 ) ;
#833 = AXIS2_PLACEMENT_3D ( 'NONE', #1023, #1000, #1020 ) ;
#834 = AXIS2_PLACEMENT_3D ( 'NONE', #1079, #1061, #1065 ) ;
#835 = AXIS2_PLACEMENT_3D ( 'NONE', #757, #758, #760 ) ;
#836 = AXIS2_PLACEMENT_3D ( 'NONE', #79, #82, #80 ) ;
#837 = AXIS2_PLACEMENT_3D ( 'NONE', #1005, #1001, #991 ) ;
#838 = AXIS2_PLACEMENT_3D ( 'NONE', #1045, #1055, #1051 ) ;
#839 = AXIS2_PLACEMENT_3D ( 'NONE', #1027, #995, #994 ) ;
#840 = AXIS2_PLACEMENT_3D ( 'NONE', #112, #113, #116 ) ;
#841 = AXIS2_PLACEMENT_3D ( 'NONE', #1070, #1063, #1062 ) ;
#842 = AXIS2_PLACEMENT_3D ( 'NONE', #960, #971, #961 ) ;
#843 = AXIS2_PLACEMENT_3D ( 'NONE', #1030, #999, #985 ) ;
#844 = AXIS2_PLACEMENT_3D ( 'NONE', #996, #984, #1006 ) ;
#845 = AXIS2_PLACEMENT_3D ( 'NONE', #756, #91, #92 ) ;
#846 = AXIS2_PLACEMENT_3D ( 'NONE', #1056, #1037, #1049 ) ;
#847 = AXIS2_PLACEMENT_3D ( 'NONE', #93, #87, #89 ) ;
#848 = AXIS2_PLACEMENT_3D ( 'NONE', #763, #766, #767 ) ;
#849 = AXIS2_PLACEMENT_3D ( 'NONE', #77, #78, #81 ) ;
#850 = AXIS2_PLACEMENT_3D ( 'NONE', #1285, #1276, #1277 ) ;
#851 = AXIS2_PLACEMENT_3D ( 'NONE', #1318, #1323, #1294 ) ;
#852 = AXIS2_PLACEMENT_3D ( 'NONE', #1088, #1129, #1090 ) ;
#853 = VERTEX_POINT ( 'NONE', #1479 ) ;
#854 = AXIS2_PLACEMENT_3D ( 'NONE', #1127, #1118, #1083 ) ;
#855 = AXIS2_PLACEMENT_3D ( 'NONE', #1195, #1190, #1178 ) ;
#856 = AXIS2_PLACEMENT_3D ( 'NONE', #1312, #1313, #1306 ) ;
#857 = AXIS2_PLACEMENT_3D ( 'NONE', #1330, #1322, #1331 ) ;
#858 = AXIS2_PLACEMENT_3D ( 'NONE', #1292, #1339, #1372 ) ;
#859 = AXIS2_PLACEMENT_3D ( 'NONE', #1116, #1098, #1086 ) ;
#860 = AXIS2_PLACEMENT_3D ( 'NONE', #1101, #1103, #1105 ) ;
#861 = VERTEX_POINT ( 'NONE', #1548 ) ;
#862 = AXIS2_PLACEMENT_3D ( 'NONE', #1131, #1132, #1157 ) ;
#863 = AXIS2_PLACEMENT_3D ( 'NONE', #1107, #1087, #1082 ) ;
#864 = VERTEX_POINT ( 'NONE', #1444 ) ;
#865 = AXIS2_PLACEMENT_3D ( 'NONE', #1151, #1165, #1133 ) ;
#866 = AXIS2_PLACEMENT_3D ( 'NONE', #1144, #1136, #1139 ) ;
#867 = AXIS2_PLACEMENT_3D ( 'NONE', #1117, #1128, #1095 ) ;
#868 = AXIS2_PLACEMENT_3D ( 'NONE', #1243, #1251, #1223 ) ;
#869 = AXIS2_PLACEMENT_3D ( 'NONE', #1163, #1141, #1149 ) ;
#870 = AXIS2_PLACEMENT_3D ( 'NONE', #1085, #1120, #1104 ) ;
#871 = AXIS2_PLACEMENT_3D ( 'NONE', #1244, #1230, #1215 ) ;
#872 = AXIS2_PLACEMENT_3D ( 'NONE', #1155, #1137, #1170 ) ;
#873 = VERTEX_POINT ( 'NONE', #1453 ) ;
#874 = AXIS2_PLACEMENT_3D ( 'NONE', #1231, #1217, #1234 ) ;
#875 = AXIS2_PLACEMENT_3D ( 'NONE', #1125, #1126, #1109 ) ;
#876 = AXIS2_PLACEMENT_3D ( 'NONE', #1115, #1089, #1081 ) ;
#877 = AXIS2_PLACEMENT_3D ( 'NONE', #1204, #1179, #1172 ) ;
#878 = AXIS2_PLACEMENT_3D ( 'NONE', #1321, #1309, #1297 ) ;
#879 = VERTEX_POINT ( 'NONE', #745 ) ;
#880 = AXIS2_PLACEMENT_3D ( 'NONE', #1174, #1183, #1207 ) ;
#881 = AXIS2_PLACEMENT_3D ( 'NONE', #1320, #1324, #1325 ) ;
#882 = AXIS2_PLACEMENT_3D ( 'NONE', #1094, #1091, #1121 ) ;
#883 = AXIS2_PLACEMENT_3D ( 'NONE', #1253, #1259, #1263 ) ;
#884 = AXIS2_PLACEMENT_3D ( 'NONE', #1112, #1119, #1114 ) ;
#885 = AXIS2_PLACEMENT_3D ( 'NONE', #1315, #1316, #1327 ) ;
#886 = AXIS2_PLACEMENT_3D ( 'NONE', #1200, #1185, #1210 ) ;
#887 = AXIS2_PLACEMENT_3D ( 'NONE', #1269, #1289, #1266 ) ;
#888 = AXIS2_PLACEMENT_3D ( 'NONE', #1360, #1355, #1371 ) ;
#889 = AXIS2_PLACEMENT_3D ( 'NONE', #1345, #1352, #1348 ) ;
#890 = AXIS2_PLACEMENT_3D ( 'NONE', #1317, #1310, #1304 ) ;
#891 = AXIS2_PLACEMENT_3D ( 'NONE', #1369, #1357, #1335 ) ;
#892 = AXIS2_PLACEMENT_3D ( 'NONE', #1337, #1358, #1349 ) ;
#893 = AXIS2_PLACEMENT_3D ( 'NONE', #1225, #1211, #1226 ) ;
#894 = AXIS2_PLACEMENT_3D ( 'NONE', #1169, #1153, #1143 ) ;
#895 = AXIS2_PLACEMENT_3D ( 'NONE', #1359, #1333, #1370 ) ;
#896 = AXIS2_PLACEMENT_3D ( 'NONE', #1096, #1099, #1102 ) ;
#897 = AXIS2_PLACEMENT_3D ( 'NONE', #1224, #1233, #1229 ) ;
#898 = AXIS2_PLACEMENT_3D ( 'NONE', #1238, #1240, #1216 ) ;
#899 = AXIS2_PLACEMENT_3D ( 'NONE', #1341, #1340, #1342 ) ;
#900 = AXIS2_PLACEMENT_3D ( 'NONE', #1282, #1290, #1254 ) ;
#901 = AXIS2_PLACEMENT_3D ( 'NONE', #1161, #1148, #1146 ) ;
#902 = AXIS2_PLACEMENT_3D ( 'NONE', #1252, #1221, #1219 ) ;
#903 = AXIS2_PLACEMENT_3D ( 'NONE', #1279, #1280, #1281 ) ;
#904 = AXIS2_PLACEMENT_3D ( 'NONE', #1205, #1181, #1209 ) ;
#905 = AXIS2_PLACEMENT_3D ( 'NONE', #1182, #1198, #1208 ) ;
#906 = AXIS2_PLACEMENT_3D ( 'NONE', #1245, #1218, #1247 ) ;
#907 = AXIS2_PLACEMENT_3D ( 'NONE', #1176, #1197, #1201 ) ;
#908 = AXIS2_PLACEMENT_3D ( 'NONE', #1166, #1167, #1168 ) ;
#909 = AXIS2_PLACEMENT_3D ( 'NONE', #1159, #1160, #1164 ) ;
#910 = AXIS2_PLACEMENT_3D ( 'NONE', #1284, #1270, #1268 ) ;
#911 = AXIS2_PLACEMENT_3D ( 'NONE', #1267, #1278, #1255 ) ;
#912 = APPROVAL ( #1416, 'UNSPECIFIED' ) ;
#913 = PRODUCT_DEFINITION ( 'UNKNOWN', '', #920, #134 ) ;
#914 = CC_DESIGN_APPROVAL ( #917, ( #920 ) ) ;
#915 = CC_DESIGN_DATE_AND_TIME_ASSIGNMENT ( #741, #1415, ( #937 ) ) ;
#916 = APPROVAL ( #1401, 'UNSPECIFIED' ) ;
#917 = APPROVAL ( #1385, 'UNSPECIFIED' ) ;
#918 = CC_DESIGN_PERSON_AND_ORGANIZATION_ASSIGNMENT ( #722, #1402, ( #920 ) ) ;
#919 = CC_DESIGN_PERSON_AND_ORGANIZATION_ASSIGNMENT ( #732, #1414, ( #913 ) ) ;
#920 = PRODUCT_DEFINITION_FORMATION_WITH_SPECIFIED_SOURCE ( 'ANY', '', #1441, .NOT_KNOWN. ) ;
#921 = CC_DESIGN_PERSON_AND_ORGANIZATION_ASSIGNMENT ( #714, #1405, ( #937 ) ) ;
#922 = AXIS2_PLACEMENT_3D ( 'NONE', #1421, #1377, #1413 ) ;
#923 = AXIS2_PLACEMENT_3D ( 'NONE', #1407, #1394, #1408 ) ;
#924 = CC_DESIGN_PERSON_AND_ORGANIZATION_ASSIGNMENT ( #734, #1404, ( #920 ) ) ;
#925 = VERTEX_POINT ( 'NONE', #748 ) ;
#926 = AXIS2_PLACEMENT_3D ( 'NONE', #1373, #1354, #1366 ) ;
#927 = CC_DESIGN_PERSON_AND_ORGANIZATION_ASSIGNMENT ( #723, #1399, ( #1441 ) ) ;
#928 = CC_DESIGN_DATE_AND_TIME_ASSIGNMENT ( #719, #1390, ( #913 ) ) ;
#929 = PRODUCT_RELATED_PRODUCT_CATEGORY ( 'detail', '', ( #1441 ) ) ;
#930 = CC_DESIGN_APPROVAL ( #916, ( #913 ) ) ;
#931 = AXIS2_PLACEMENT_3D ( 'NONE', #1347, #1367, #1351 ) ;
#932 = CC_DESIGN_APPROVAL ( #912, ( #937 ) ) ;
#933 = AXIS2_PLACEMENT_3D ( 'NONE', #1419, #1383, #1409 ) ;
#934 =( GEOMETRIC_REPRESENTATION_CONTEXT ( 3 ) GLOBAL_UNCERTAINTY_ASSIGNED_CONTEXT ( ( #1436 ) ) GLOBAL_UNIT_ASSIGNED_CONTEXT ( ( #1411, #1386, #1381 ) ) REPRESENTATION_CONTEXT ( 'NONE', 'WORKASPACE' ) );
#935 = AXIS2_PLACEMENT_3D ( 'NONE', #1406, #1392, #1400 ) ;
#936 = AXIS2_PLACEMENT_3D ( 'NONE', #1389, #1384, #1395 ) ;
#937 = SECURITY_CLASSIFICATION ( '', '', #1418 ) ;
#938 = AXIS2_PLACEMENT_3D ( 'NONE', #1388, #1393, #1420 ) ;
#939 = CC_DESIGN_SECURITY_CLASSIFICATION ( #937, ( #920 ) ) ;
#940 = DIRECTION ( 'NONE',  ( 1.000000000000000000, -1.734723475976807100E-017, -1.203706215242022600E-031 ) ) ;
#941 = CARTESIAN_POINT ( 'NONE',  ( 0.09049364456359122700, 9.417838880480305300, 1.000000000000000000 ) ) ;
#942 = CARTESIAN_POINT ( 'NONE',  ( 99.99182433160386600, -18.26002185185183500, 27.94661561351322400 ) ) ;
#943 = CARTESIAN_POINT ( 'NONE',  ( 1.574565061725258200, 9.417838880480301700, 1.000000000000000000 ) ) ;
#944 = CARTESIAN_POINT ( 'NONE',  ( 100.0000000000000000, -18.50000000000009600, 27.50000000000000000 ) ) ;
#945 = CARTESIAN_POINT ( 'NONE',  ( -99.98629677341483600, -18.16716996753524100, 30.00000000000000000 ) ) ;
#946 = CARTESIAN_POINT ( 'NONE',  ( 3.660230423186682000, 0.4178388804803046500, -0.4999999999999995600 ) ) ;
#947 = DIRECTION ( 'NONE',  ( -1.000000000000000000, 0.0000000000000000000, 0.0000000000000000000 ) ) ;
#948 = CARTESIAN_POINT ( 'NONE',  ( 97.00000000000000000, 15.50000000000011400, 29.99999999999988600 ) ) ;
#949 = CARTESIAN_POINT ( 'NONE',  ( -100.0000000000000000, -18.50000000000010700, 27.50000000000000400 ) ) ;
#950 = DIRECTION ( 'NONE',  ( 3.132139609402568600E-016, -1.000000000000000000, -0.0000000000000000000 ) ) ;
#951 = CARTESIAN_POINT ( 'NONE',  ( -3.479243134059494000, 0.4178388804803023200, -0.4999999999999995600 ) ) ;
#952 = CARTESIAN_POINT ( 'NONE',  ( 100.0000000000000000, -20.50000000000000000, -2.000000000000000000 ) ) ;
#953 = CARTESIAN_POINT ( 'NONE',  ( 100.0000000000000000, -18.00000000000000700, -1.999999999999998200 ) ) ;
#954 = CARTESIAN_POINT ( 'NONE',  ( -3.122502256758234000E-016, -18.00000000000010700, 30.00000000000000000 ) ) ;
#955 = DIRECTION ( 'NONE',  ( -3.132139609402569600E-016, 1.000000000000000000, 0.0000000000000000000 ) ) ;
#956 = CARTESIAN_POINT ( 'NONE',  ( 100.0000000000000000, -18.50000000000010700, 27.50000000000000400 ) ) ;
#957 = DIRECTION ( 'NONE',  ( 0.0000000000000000000, 0.0000000000000000000, 1.000000000000000000 ) ) ;
#958 = CARTESIAN_POINT ( 'NONE',  ( 100.0009348166625600, -18.44529562259069200, 27.76227595805917400 ) ) ;
#959 = CARTESIAN_POINT ( 'NONE',  ( -100.0000000000000000, -18.50000000000009600, 27.50000000000000000 ) ) ;
#960 = CARTESIAN_POINT ( 'NONE',  ( 100.0000000000000000, 18.00000000000000700, 0.4999999999999952300 ) ) ;
#961 = DIRECTION ( 'NONE',  ( 0.0000000000000000000, 0.0000000000000000000, 1.000000000000000000 ) ) ;
#962 = DIRECTION ( 'NONE',  ( 0.0000000000000000000, 1.000000000000000000, 0.0000000000000000000 ) ) ;
#963 = DIRECTION ( 'NONE',  ( -0.0000000000000000000, 6.960928290796763300E-015, 1.000000000000000000 ) ) ;
#964 = CARTESIAN_POINT ( 'NONE',  ( 99.95803989154981700, -18.00000000000010700, 28.00000000000000400 ) ) ;
#965 = CARTESIAN_POINT ( 'NONE',  ( 100.0000000000000100, -18.50000000000010700, 27.63242534749236200 ) ) ;
#966 = DIRECTION ( 'NONE',  ( 0.0000000000000000000, 1.000000000000000000, 0.0000000000000000000 ) ) ;
#967 = DIRECTION ( 'NONE',  ( 1.000000000000000000, 0.0000000000000000000, 0.0000000000000000000 ) ) ;
#968 = DIRECTION ( 'NONE',  ( 0.0000000000000000000, -1.000000000000000000, 0.0000000000000000000 ) ) ;
#969 = DIRECTION ( 'NONE',  ( 0.0000000000000000000, 0.0000000000000000000, 1.000000000000000000 ) ) ;
#970 = CARTESIAN_POINT ( 'NONE',  ( 100.0000000000000000, 18.00000000000010300, 27.99999999999987200 ) ) ;
#971 = DIRECTION ( 'NONE',  ( 1.000000000000000000, 0.0000000000000000000, 0.0000000000000000000 ) ) ;
#972 = CARTESIAN_POINT ( 'NONE',  ( 99.98010793838933800, -18.13055632575981900, 28.00000000000000700 ) ) ;
#973 = DIRECTION ( 'NONE',  ( 0.0000000000000000000, 0.0000000000000000000, -1.000000000000000000 ) ) ;
#974 = CARTESIAN_POINT ( 'NONE',  ( -100.0000000000000000, -18.33388413850068900, 29.98339800102121400 ) ) ;
#975 = CARTESIAN_POINT ( 'NONE',  ( -100.0000000000000000, -18.50000000000011400, 29.94948974278318200 ) ) ;
#976 = CARTESIAN_POINT ( 'NONE',  ( 0.09049364456359673700, -8.582161119519698300, 0.1363636363636371600 ) ) ;
#977 = DIRECTION ( 'NONE',  ( -1.000000000000000000, -3.469446951953614200E-017, 2.407412430484045300E-031 ) ) ;
#978 = DIRECTION ( 'NONE',  ( -0.0000000000000000000, -6.960928290796747500E-015, 1.000000000000000000 ) ) ;
#979 = DIRECTION ( 'NONE',  ( 0.0000000000000000000, 6.960928290796747500E-015, -1.000000000000000000 ) ) ;
#980 = CARTESIAN_POINT ( 'NONE',  ( -99.95803989154980200, -18.00000000000010700, 30.00000000000000000 ) ) ;
#981 = DIRECTION ( 'NONE',  ( -3.132139609402569600E-016, 1.000000000000000000, -0.0000000000000000000 ) ) ;
#982 = CARTESIAN_POINT ( 'NONE',  ( 100.0000000000000000, 18.00000000000000700, -5.204170427930421300E-015 ) ) ;
#983 = CARTESIAN_POINT ( 'NONE',  ( 97.00000000000000000, 15.50000000000010100, 27.99999999999989000 ) ) ;
#984 = DIRECTION ( 'NONE',  ( 1.000000000000000000, 0.0000000000000000000, 0.0000000000000000000 ) ) ;
#985 = DIRECTION ( 'NONE',  ( -1.000000000000000000, 0.0000000000000000000, 1.761828530288947900E-015 ) ) ;
#986 = DIRECTION ( 'NONE',  ( -1.000000000000000000, 0.0000000000000000000, 0.0000000000000000000 ) ) ;
#987 = PLANE ( 'NONE',  #814 ) ;
#988 = CARTESIAN_POINT ( 'NONE',  ( 100.0000000000000000, 20.50000000000009200, 27.49999999999986500 ) ) ;
#989 = CARTESIAN_POINT ( 'NONE',  ( 0.09049364456359122700, 9.417838880480305300, -1.200000000000000200 ) ) ;
#990 = PLANE ( 'NONE',  #839 ) ;
#991 = DIRECTION ( 'NONE',  ( 0.0000000000000000000, 1.000000000000000000, 0.0000000000000000000 ) ) ;
#992 = DIRECTION ( 'NONE',  ( 0.0000000000000000000, 0.0000000000000000000, -1.000000000000000000 ) ) ;
#993 = PLANE ( 'NONE',  #837 ) ;
#994 = DIRECTION ( 'NONE',  ( 0.0000000000000000000, 3.469446951953614600E-015, -1.000000000000000000 ) ) ;
#995 = DIRECTION ( 'NONE',  ( 0.0000000000000000000, -1.000000000000000000, -3.469446951953614600E-015 ) ) ;
#996 = CARTESIAN_POINT ( 'NONE',  ( 100.0000000000000000, -20.50000000000000000, -2.000000000000000000 ) ) ;
#997 = PLANE ( 'NONE',  #818 ) ;
#998 = CARTESIAN_POINT ( 'NONE',  ( 5.745895784648100200, 9.417838880480301700, 0.2000000000000005100 ) ) ;
#999 = DIRECTION ( 'NONE',  ( 3.132139609402569600E-016, -1.000000000000000000, -0.0000000000000000000 ) ) ;
#1000 = DIRECTION ( 'NONE',  ( 0.0000000000000000000, 0.0000000000000000000, 1.000000000000000000 ) ) ;
#1001 = DIRECTION ( 'NONE',  ( 0.0000000000000000000, -0.0000000000000000000, 1.000000000000000000 ) ) ;
#1002 = CARTESIAN_POINT ( 'NONE',  ( 0.09049364456359122700, 9.417838880480305300, -1.200000000000000200 ) ) ;
#1003 = DIRECTION ( 'NONE',  ( 0.0000000000000000000, 1.000000000000000000, 0.0000000000000000000 ) ) ;
#1004 = CARTESIAN_POINT ( 'NONE',  ( -100.0000000000000000, -20.50000000000000000, -2.000000000000000000 ) ) ;
#1005 = CARTESIAN_POINT ( 'NONE',  ( 0.09049364456359615400, 0.4178388804803034900, 1.000000000000000000 ) ) ;
#1006 = DIRECTION ( 'NONE',  ( 0.0000000000000000000, 0.0000000000000000000, -1.000000000000000000 ) ) ;
#1007 = CARTESIAN_POINT ( 'NONE',  ( 100.0000000000000000, -18.00000000000000700, 1.734723475976807100E-015 ) ) ;
#1008 = DIRECTION ( 'NONE',  ( -1.000000000000000000, 0.0000000000000000000, 0.0000000000000000000 ) ) ;
#1009 = DIRECTION ( 'NONE',  ( 0.0000000000000000000, -1.000000000000000000, -6.938893903907230700E-015 ) ) ;
#1010 = CARTESIAN_POINT ( 'NONE',  ( 0.09049364456359122700, 10.90191029764197100, 1.000000000000000000 ) ) ;
#1011 = DIRECTION ( 'NONE',  ( 6.123233995736766000E-017, 1.000000000000000000, -0.0000000000000000000 ) ) ;
#1012 = CARTESIAN_POINT ( 'NONE',  ( -100.0000000000000000, 20.49999999999999600, -6.982962677686266700E-015 ) ) ;
#1013 = CARTESIAN_POINT ( 'NONE',  ( -100.0000000000000000, 18.00000000000000700, -2.000000000000005300 ) ) ;
#1014 = CARTESIAN_POINT ( 'NONE',  ( 97.00000000000000000, -18.50000000000011400, 30.00000000000000000 ) ) ;
#1015 = DIRECTION ( 'NONE',  ( 0.0000000000000000000, -6.960928290796747500E-015, 1.000000000000000000 ) ) ;
#1016 = DIRECTION ( 'NONE',  ( -1.000000000000000000, 0.0000000000000000000, 0.0000000000000000000 ) ) ;
#1017 = DIRECTION ( 'NONE',  ( 0.0000000000000000000, 0.0000000000000000000, 1.000000000000000000 ) ) ;
#1018 = DIRECTION ( 'NONE',  ( 1.000000000000000000, 0.0000000000000000000, 0.0000000000000000000 ) ) ;
#1019 = CARTESIAN_POINT ( 'NONE',  ( 99.95803989154981700, -18.00000000000010700, 28.00000000000000400 ) ) ;
#1020 = DIRECTION ( 'NONE',  ( 0.0000000000000000000, 1.000000000000000000, 0.0000000000000000000 ) ) ;
#1021 = PLANE ( 'NONE',  #844 ) ;
#1022 = CARTESIAN_POINT ( 'NONE',  ( 100.0000000000000000, -18.50000000000000700, 0.5000000000000004400 ) ) ;
#1023 = CARTESIAN_POINT ( 'NONE',  ( 0.09049364456359673700, -8.582161119519698300, -1.200000000000000200 ) ) ;
#1024 = CARTESIAN_POINT ( 'NONE',  ( -5.564908495520912300, -8.582161119519698300, 0.2000000000000005100 ) ) ;
#1025 = DIRECTION ( 'NONE',  ( -3.132139609402569600E-016, 1.000000000000000000, 0.0000000000000000000 ) ) ;
#1026 = DIRECTION ( 'NONE',  ( 0.0000000000000000000, 0.0000000000000000000, 1.000000000000000000 ) ) ;
#1027 = CARTESIAN_POINT ( 'NONE',  ( 0.0000000000000000000, -18.50000000000000400, -7.112366251504910300E-014 ) ) ;
#1028 = CARTESIAN_POINT ( 'NONE',  ( -97.00000000000000000, -15.50000000000010100, 28.00000000000002100 ) ) ;
#1029 = DIRECTION ( 'NONE',  ( -1.000000000000000000, 0.0000000000000000000, 0.0000000000000000000 ) ) ;
#1030 = CARTESIAN_POINT ( 'NONE',  ( 5.745895784648105600, -8.582161119519693000, 0.2000000000000005100 ) ) ;
#1031 = DIRECTION ( 'NONE',  ( 0.0000000000000000000, 0.0000000000000000000, 1.000000000000000000 ) ) ;
#1032 = PLANE ( 'NONE',  #806 ) ;
#1033 = DIRECTION ( 'NONE',  ( 0.0000000000000000000, 0.0000000000000000000, -1.000000000000000000 ) ) ;
#1034 = DIRECTION ( 'NONE',  ( -1.000000000000000000, 0.0000000000000000000, -0.0000000000000000000 ) ) ;
#1035 = CARTESIAN_POINT ( 'NONE',  ( 0.0000000000000000000, 20.49999999999999600, -7.810662519273567300E-014 ) ) ;
#1036 = PLANE ( 'NONE',  #824 ) ;
#1037 = DIRECTION ( 'NONE',  ( 0.0000000000000000000, 0.0000000000000000000, 1.000000000000000000 ) ) ;
#1038 = PLANE ( 'NONE',  #838 ) ;
#1039 = CARTESIAN_POINT ( 'NONE',  ( 0.0000000000000000000, 18.50000000000000400, -7.112366251504939400E-014 ) ) ;
#1040 = DIRECTION ( 'NONE',  ( 0.0000000000000000000, 3.469446951953629200E-015, 1.000000000000000000 ) ) ;
#1041 = DIRECTION ( 'NONE',  ( 0.0000000000000000000, 1.000000000000000000, 0.0000000000000000000 ) ) ;
#1042 = PLANE ( 'NONE',  #820 ) ;
#1043 = CARTESIAN_POINT ( 'NONE',  ( 100.0000000000000000, -20.49999999999999600, -6.982962677686266700E-015 ) ) ;
#1044 = DIRECTION ( 'NONE',  ( -1.000000000000000000, 0.0000000000000000000, -0.0000000000000000000 ) ) ;
#1045 = CARTESIAN_POINT ( 'NONE',  ( 0.0000000000000000000, -20.49999999999999600, -7.810662519273537000E-014 ) ) ;
#1046 = CARTESIAN_POINT ( 'NONE',  ( 0.0000000000000000000, 0.0000000000000000000, 0.0000000000000000000 ) ) ;
#1047 = DIRECTION ( 'NONE',  ( 0.0000000000000000000, 3.469446951953629200E-015, 1.000000000000000000 ) ) ;
#1048 = DIRECTION ( 'NONE',  ( -0.0000000000000000000, 0.0000000000000000000, -1.000000000000000000 ) ) ;
#1049 = DIRECTION ( 'NONE',  ( 0.0000000000000000000, 1.000000000000000000, 0.0000000000000000000 ) ) ;
#1050 = CARTESIAN_POINT ( 'NONE',  ( 0.09049364456359122700, 9.417838880480305300, 0.2000000000000005100 ) ) ;
#1051 = DIRECTION ( 'NONE',  ( 0.0000000000000000000, 3.469446951953614600E-015, -1.000000000000000000 ) ) ;
#1052 = CARTESIAN_POINT ( 'NONE',  ( -100.0000000000000000, -18.00000000000000700, 0.5000000000000022200 ) ) ;
#1053 = DIRECTION ( 'NONE',  ( 0.0000000000000000000, 0.0000000000000000000, 1.000000000000000000 ) ) ;
#1054 = DIRECTION ( 'NONE',  ( 0.0000000000000000000, 1.000000000000000000, -3.469446951953629200E-015 ) ) ;
#1055 = DIRECTION ( 'NONE',  ( 0.0000000000000000000, -1.000000000000000000, -3.469446951953614600E-015 ) ) ;
#1056 = CARTESIAN_POINT ( 'NONE',  ( 0.09049364456359122700, 9.417838880480305300, 0.2000000000000005100 ) ) ;
#1057 = DIRECTION ( 'NONE',  ( 0.0000000000000000000, 0.0000000000000000000, 1.000000000000000000 ) ) ;
#1058 = CARTESIAN_POINT ( 'NONE',  ( 0.09049364456359673700, -8.582161119519698300, -1.200000000000000200 ) ) ;
#1059 = CARTESIAN_POINT ( 'NONE',  ( 100.0000000000000000, -18.00000000000010700, 27.50000000000000400 ) ) ;
#1060 = PLANE ( 'NONE',  #827 ) ;
#1061 = DIRECTION ( 'NONE',  ( 1.000000000000000000, 0.0000000000000000000, 0.0000000000000000000 ) ) ;
#1062 = DIRECTION ( 'NONE',  ( -1.000000000000000000, 0.0000000000000000000, -0.0000000000000000000 ) ) ;
#1063 = DIRECTION ( 'NONE',  ( 0.0000000000000000000, 0.0000000000000000000, -1.000000000000000000 ) ) ;
#1064 = DIRECTION ( 'NONE',  ( 0.0000000000000000000, 1.000000000000000000, 0.0000000000000000000 ) ) ;
#1065 = DIRECTION ( 'NONE',  ( 0.0000000000000000000, -6.938893903907222100E-015, 1.000000000000000000 ) ) ;
#1066 = DIRECTION ( 'NONE',  ( 0.0000000000000000000, 0.0000000000000000000, 1.000000000000000000 ) ) ;
#1067 = DIRECTION ( 'NONE',  ( 0.0000000000000000000, 1.000000000000000000, 0.0000000000000000000 ) ) ;
#1068 = PLANE ( 'NONE',  #810 ) ;
#1069 = PLANE ( 'NONE',  #807 ) ;
#1070 = CARTESIAN_POINT ( 'NONE',  ( 0.0000000000000000000, 0.0000000000000000000, -2.000000000000000000 ) ) ;
#1071 = DIRECTION ( 'NONE',  ( 0.0000000000000000000, 1.000000000000000000, -3.469446951953629200E-015 ) ) ;
#1072 = DIRECTION ( 'NONE',  ( 1.000000000000000000, 0.0000000000000000000, -0.0000000000000000000 ) ) ;
#1073 = DIRECTION ( 'NONE',  ( -0.0000000000000000000, 0.0000000000000000000, 1.000000000000000000 ) ) ;
#1074 = PLANE ( 'NONE',  #841 ) ;
#1075 = CARTESIAN_POINT ( 'NONE',  ( 100.0000000000000000, 18.00000000000000700, 0.4999999999999952300 ) ) ;
#1076 = PLANE ( 'NONE',  #808 ) ;
#1077 = DIRECTION ( 'NONE',  ( 0.0000000000000000000, 0.0000000000000000000, 1.000000000000000000 ) ) ;
#1078 = PLANE ( 'NONE',  #819 ) ;
#1079 = CARTESIAN_POINT ( 'NONE',  ( 100.0000000000000000, -18.00000000000010700, 27.50000000000000400 ) ) ;
#1080 = DIRECTION ( 'NONE',  ( -1.000000000000000000, 0.0000000000000000000, 0.0000000000000000000 ) ) ;
#1081 = DIRECTION ( 'NONE',  ( 0.0000000000000000000, 0.0000000000000000000, -1.000000000000000000 ) ) ;
#1082 = DIRECTION ( 'NONE',  ( 0.0000000000000000000, -1.000000000000000000, 6.938893903907230000E-015 ) ) ;
#1083 = DIRECTION ( 'NONE',  ( 0.0000000000000000000, -1.000000000000000000, -6.938893903907230000E-015 ) ) ;
#1084 = DIRECTION ( 'NONE',  ( 1.000000000000000000, 0.0000000000000000000, 0.0000000000000000000 ) ) ;
#1085 = CARTESIAN_POINT ( 'NONE',  ( 100.0000000000000000, -18.00000000000000700, 0.5000000000000022200 ) ) ;
#1086 = DIRECTION ( 'NONE',  ( 0.0000000000000000000, -1.000000000000000000, 6.938893903907230000E-015 ) ) ;
#1087 = DIRECTION ( 'NONE',  ( 0.0000000000000000000, 6.938893903907230000E-015, 1.000000000000000000 ) ) ;
#1088 = CARTESIAN_POINT ( 'NONE',  ( -100.0000000000000000, 18.00000000000000700, 0.4999999999999952300 ) ) ;
#1089 = DIRECTION ( 'NONE',  ( 1.000000000000000000, 0.0000000000000000000, 0.0000000000000000000 ) ) ;
#1090 = DIRECTION ( 'NONE',  ( 0.0000000000000000000, 1.000000000000000000, -3.469446951953611000E-015 ) ) ;
#1091 = DIRECTION ( 'NONE',  ( 1.000000000000000000, 0.0000000000000000000, 0.0000000000000000000 ) ) ;
#1092 = PLANE ( 'NONE',  #854 ) ;
#1093 = PLANE ( 'NONE',  #896 ) ;
#1094 = CARTESIAN_POINT ( 'NONE',  ( 100.0000000000000000, -18.00000000000010700, 27.50000000000000400 ) ) ;
#1095 = DIRECTION ( 'NONE',  ( -0.0000000000000000000, 0.0000000000000000000, 1.000000000000000000 ) ) ;
#1096 = CARTESIAN_POINT ( 'NONE',  ( 100.0000000000000000, -15.50000000000011400, 30.00000000000002100 ) ) ;
#1097 = PLANE ( 'NONE',  #867 ) ;
#1098 = DIRECTION ( 'NONE',  ( 0.0000000000000000000, 6.938893903907230000E-015, 1.000000000000000000 ) ) ;
#1099 = DIRECTION ( 'NONE',  ( 0.0000000000000000000, 1.000000000000000000, 6.960928290796747500E-015 ) ) ;
#1100 = PLANE ( 'NONE',  #860 ) ;
#1101 = CARTESIAN_POINT ( 'NONE',  ( -100.0000000000000000, -20.50000000000010300, 29.99999999999999300 ) ) ;
#1102 = DIRECTION ( 'NONE',  ( 0.0000000000000000000, -6.960928290796747500E-015, 1.000000000000000000 ) ) ;
#1103 = DIRECTION ( 'NONE',  ( -1.000000000000000000, 0.0000000000000000000, 0.0000000000000000000 ) ) ;
#1104 = DIRECTION ( 'NONE',  ( 0.0000000000000000000, -1.000000000000000000, -3.469446951953616200E-015 ) ) ;
#1105 = DIRECTION ( 'NONE',  ( 0.0000000000000000000, 0.0000000000000000000, 1.000000000000000000 ) ) ;
#1106 = DIRECTION ( 'NONE',  ( 0.0000000000000000000, 0.0000000000000000000, -1.000000000000000000 ) ) ;
#1107 = CARTESIAN_POINT ( 'NONE',  ( 0.0000000000000000000, 2.151497797949031900E-013, 30.00000000000000000 ) ) ;
#1108 = DIRECTION ( 'NONE',  ( -1.000000000000000000, 0.0000000000000000000, 0.0000000000000000000 ) ) ;
#1109 = DIRECTION ( 'NONE',  ( 0.0000000000000000000, 0.0000000000000000000, -1.000000000000000000 ) ) ;
#1110 = PLANE ( 'NONE',  #875 ) ;
#1111 = CARTESIAN_POINT ( 'NONE',  ( 100.0000000000000000, -18.00000000000000700, 0.5000000000000022200 ) ) ;
#1112 = CARTESIAN_POINT ( 'NONE',  ( -100.0000000000000000, 18.00000000000000700, 0.4999999999999952300 ) ) ;
#1113 = PLANE ( 'NONE',  #859 ) ;
#1114 = DIRECTION ( 'NONE',  ( 0.0000000000000000000, 1.000000000000000000, -3.469446951953616200E-015 ) ) ;
#1115 = CARTESIAN_POINT ( 'NONE',  ( -100.0000000000000000, 18.00000000000009900, 27.49999999999987200 ) ) ;
#1116 = CARTESIAN_POINT ( 'NONE',  ( 0.0000000000000000000, 2.012279232133096500E-013, 27.99999999999999600 ) ) ;
#1117 = CARTESIAN_POINT ( 'NONE',  ( -100.0000000000000000, -18.00000000000010700, 27.50000000000000400 ) ) ;
#1118 = DIRECTION ( 'NONE',  ( 0.0000000000000000000, -6.938893903907230000E-015, 1.000000000000000000 ) ) ;
#1119 = DIRECTION ( 'NONE',  ( -1.000000000000000000, -0.0000000000000000000, -0.0000000000000000000 ) ) ;
#1120 = DIRECTION ( 'NONE',  ( 1.000000000000000000, -0.0000000000000000000, -0.0000000000000000000 ) ) ;
#1121 = DIRECTION ( 'NONE',  ( 0.0000000000000000000, -6.938893903907222100E-015, 1.000000000000000000 ) ) ;
#1122 = PLANE ( 'NONE',  #876 ) ;
#1123 = PLANE ( 'NONE',  #863 ) ;
#1124 = DIRECTION ( 'NONE',  ( 0.0000000000000000000, 0.0000000000000000000, 1.000000000000000000 ) ) ;
#1125 = CARTESIAN_POINT ( 'NONE',  ( -100.0000000000000000, 18.00000000000000700, 0.4999999999999952300 ) ) ;
#1126 = DIRECTION ( 'NONE',  ( 1.000000000000000000, 0.0000000000000000000, 0.0000000000000000000 ) ) ;
#1127 = CARTESIAN_POINT ( 'NONE',  ( 0.0000000000000000000, -2.012279232133105600E-013, 28.00000000000012800 ) ) ;
#1128 = DIRECTION ( 'NONE',  ( -1.000000000000000000, 0.0000000000000000000, -0.0000000000000000000 ) ) ;
#1129 = DIRECTION ( 'NONE',  ( -1.000000000000000000, -0.0000000000000000000, -0.0000000000000000000 ) ) ;
#1130 = DIRECTION ( 'NONE',  ( -1.000000000000000000, 0.0000000000000000000, 0.0000000000000000000 ) ) ;
#1131 = CARTESIAN_POINT ( 'NONE',  ( 0.09049364456359673700, -8.582161119519698300, -2.000000000000000000 ) ) ;
#1132 = DIRECTION ( 'NONE',  ( -0.0000000000000000000, -0.0000000000000000000, -1.000000000000000000 ) ) ;
#1133 = DIRECTION ( 'NONE',  ( 0.0000000000000000000, -1.000000000000000000, -6.938893903907230000E-015 ) ) ;
#1134 = DIRECTION ( 'NONE',  ( -3.132139609402568600E-016, 1.000000000000000000, -0.0000000000000000000 ) ) ;
#1135 = DIRECTION ( 'NONE',  ( -0.0000000000000000000, -1.000000000000000000, -0.0000000000000000000 ) ) ;
#1136 = DIRECTION ( 'NONE',  ( 0.0000000000000000000, 0.0000000000000000000, 1.000000000000000000 ) ) ;
#1137 = DIRECTION ( 'NONE',  ( 3.132139609402569600E-016, -1.000000000000000000, -0.0000000000000000000 ) ) ;
#1138 = DIRECTION ( 'NONE',  ( -0.0000000000000000000, -3.469446951953614600E-015, 1.000000000000000000 ) ) ;
#1139 = DIRECTION ( 'NONE',  ( 0.0000000000000000000, 1.000000000000000000, 0.0000000000000000000 ) ) ;
#1140 = DIRECTION ( 'NONE',  ( 3.132139609402569600E-016, -1.000000000000000000, 0.0000000000000000000 ) ) ;
#1141 = DIRECTION ( 'NONE',  ( -0.0000000000000000000, -0.0000000000000000000, -1.000000000000000000 ) ) ;
#1142 = CARTESIAN_POINT ( 'NONE',  ( -100.0000000000000000, 18.50000000000009900, 27.49999999999987200 ) ) ;
#1143 = DIRECTION ( 'NONE',  ( -1.226181028406225300E-016, -1.000000000000000000, 0.0000000000000000000 ) ) ;
#1144 = CARTESIAN_POINT ( 'NONE',  ( 0.09049364456359673700, -8.582161119519698300, 1.000000000000000000 ) ) ;
#1145 = CARTESIAN_POINT ( 'NONE',  ( -5.564908495520918500, 9.417838880480301700, -2.000000000000000000 ) ) ;
#1146 = DIRECTION ( 'NONE',  ( 0.0000000000000000000, -1.000000000000000000, -3.469446951953611000E-015 ) ) ;
#1147 = CARTESIAN_POINT ( 'NONE',  ( -100.0000000000000000, 18.50000000000000400, -7.112366251504939400E-014 ) ) ;
#1148 = DIRECTION ( 'NONE',  ( 1.000000000000000000, -0.0000000000000000000, -0.0000000000000000000 ) ) ;
#1149 = DIRECTION ( 'NONE',  ( 1.000000000000000000, 0.0000000000000000000, 0.0000000000000000000 ) ) ;
#1150 = PLANE ( 'NONE',  #865 ) ;
#1151 = CARTESIAN_POINT ( 'NONE',  ( 0.0000000000000000000, -2.151497797949040500E-013, 30.00000000000012400 ) ) ;
#1152 = CARTESIAN_POINT ( 'NONE',  ( -100.0000000000000000, -18.50000000000000400, -7.112366251504910300E-014 ) ) ;
#1153 = DIRECTION ( 'NONE',  ( -1.000000000000000000, 1.224646799147353200E-016, 0.0000000000000000000 ) ) ;
#1154 = CARTESIAN_POINT ( 'NONE',  ( 5.745895784648106500, -8.582161119519691200, -2.000000000000000000 ) ) ;
#1155 = CARTESIAN_POINT ( 'NONE',  ( 1.574565061725258200, 9.417838880480301700, -1.200000000000000200 ) ) ;
#1156 = CARTESIAN_POINT ( 'NONE',  ( 100.0000000000000000, -18.00000000000000700, 1.734723475976807100E-015 ) ) ;
#1157 = DIRECTION ( 'NONE',  ( -8.890592481945754900E-016, 1.000000000000000000, 0.0000000000000000000 ) ) ;
#1158 = CARTESIAN_POINT ( 'NONE',  ( -100.0000000000000000, -20.50000000000000000, -2.000000000000000000 ) ) ;
#1159 = CARTESIAN_POINT ( 'NONE',  ( 0.09049364456359122700, 9.417838880480305300, 0.1363636363636371600 ) ) ;
#1160 = DIRECTION ( 'NONE',  ( 0.0000000000000000000, 0.0000000000000000000, 1.000000000000000000 ) ) ;
#1161 = CARTESIAN_POINT ( 'NONE',  ( 100.0000000000000000, -18.00000000000000700, 0.5000000000000022200 ) ) ;
#1162 = DIRECTION ( 'NONE',  ( -0.0000000000000000000, -3.469446951953629200E-015, -1.000000000000000000 ) ) ;
#1163 = CARTESIAN_POINT ( 'NONE',  ( 0.09049364456359673700, -8.582161119519698300, 4.336808689942017700E-016 ) ) ;
#1164 = DIRECTION ( 'NONE',  ( 1.000000000000000000, 0.0000000000000000000, 0.0000000000000000000 ) ) ;
#1165 = DIRECTION ( 'NONE',  ( 0.0000000000000000000, -6.938893903907230000E-015, 1.000000000000000000 ) ) ;
#1166 = CARTESIAN_POINT ( 'NONE',  ( 0.09049364456359122700, 9.417838880480305300, -2.000000000000000000 ) ) ;
#1167 = DIRECTION ( 'NONE',  ( -0.0000000000000000000, -0.0000000000000000000, -1.000000000000000000 ) ) ;
#1168 = DIRECTION ( 'NONE',  ( 8.890592481945754900E-016, 1.000000000000000000, 0.0000000000000000000 ) ) ;
#1169 = CARTESIAN_POINT ( 'NONE',  ( 0.09049364456359657000, -10.06623253668136400, -1.200000000000000200 ) ) ;
#1170 = DIRECTION ( 'NONE',  ( -1.000000000000000000, -4.130293990420968900E-016, 0.0000000000000000000 ) ) ;
#1171 = CARTESIAN_POINT ( 'NONE',  ( -100.0000000000000000, 20.49999999999999600, -6.982962677686266700E-015 ) ) ;
#1172 = DIRECTION ( 'NONE',  ( 1.000000000000000000, 7.885106708985486100E-016, 0.0000000000000000000 ) ) ;
#1173 = CARTESIAN_POINT ( 'NONE',  ( -99.99999999999998600, -18.50000000000010300, 27.63242824603274500 ) ) ;
#1174 = CARTESIAN_POINT ( 'NONE',  ( 0.09049364456359122700, 9.417838880480305300, 1.000000000000000000 ) ) ;
#1175 = CARTESIAN_POINT ( 'NONE',  ( -100.0009357768201400, -18.44548195774012100, 27.76195275498010400 ) ) ;
#1176 = CARTESIAN_POINT ( 'NONE',  ( 0.09049364456359122700, 9.417838880480305300, 4.336808689942017700E-016 ) ) ;
#1177 = DIRECTION ( 'NONE',  ( 0.0000000000000000000, -3.469446951953629200E-015, -1.000000000000000000 ) ) ;
#1178 = DIRECTION ( 'NONE',  ( -8.883824077761064600E-016, -1.000000000000000000, 0.0000000000000000000 ) ) ;
#1179 = DIRECTION ( 'NONE',  ( 7.915226535625772100E-016, -1.000000000000000000, 0.0000000000000000000 ) ) ;
#1180 = DIRECTION ( 'NONE',  ( 0.0000000000000000000, 3.469446951953614600E-015, -1.000000000000000000 ) ) ;
#1181 = DIRECTION ( 'NONE',  ( 1.379714895456876400E-016, -1.000000000000000000, -1.577021341797097400E-015 ) ) ;
#1182 = CARTESIAN_POINT ( 'NONE',  ( 0.09049364456359122700, 9.417838880480305300, -0.5000000000000000000 ) ) ;
#1183 = DIRECTION ( 'NONE',  ( 0.0000000000000000000, 0.0000000000000000000, 1.000000000000000000 ) ) ;
#1184 = CARTESIAN_POINT ( 'NONE',  ( 100.0000000000000000, -18.50000000000010700, 27.50000000000000400 ) ) ;
#1185 = DIRECTION ( 'NONE',  ( 0.0000000000000000000, 0.0000000000000000000, 1.000000000000000000 ) ) ;
#1186 = CARTESIAN_POINT ( 'NONE',  ( -99.98011023215087800, -18.13056989583618900, 28.00000000000000700 ) ) ;
#1187 = CARTESIAN_POINT ( 'NONE',  ( 100.0000000000000000, 18.50000000000000400, -7.112366251504939400E-014 ) ) ;
#1188 = DIRECTION ( 'NONE',  ( -0.0000000000000000000, 3.469446951953629200E-015, 1.000000000000000000 ) ) ;
#1189 = CARTESIAN_POINT ( 'NONE',  ( 100.0000000000000000, -18.50000000000000400, -7.112366251504910300E-014 ) ) ;
#1190 = DIRECTION ( 'NONE',  ( -0.0000000000000000000, 0.0000000000000000000, 1.000000000000000000 ) ) ;
#1191 = DIRECTION ( 'NONE',  ( -0.0000000000000000000, 3.469446951953614600E-015, -1.000000000000000000 ) ) ;
#1192 = CARTESIAN_POINT ( 'NONE',  ( -100.0000000000000000, -18.50000000000010700, 27.50000000000000400 ) ) ;
#1193 = CARTESIAN_POINT ( 'NONE',  ( 100.0000000000000000, -20.49999999999999600, -6.982962677686266700E-015 ) ) ;
#1194 = CARTESIAN_POINT ( 'NONE',  ( -99.95803989154980200, -18.00000000000010300, 28.00000000000000400 ) ) ;
#1195 = CARTESIAN_POINT ( 'NONE',  ( 0.09049364456359122700, 9.417838880480305300, -0.5000000000000000000 ) ) ;
#1196 = CARTESIAN_POINT ( 'NONE',  ( -99.99184936270116000, -18.26036455930804800, 27.94641204819080100 ) ) ;
#1197 = DIRECTION ( 'NONE',  ( -0.0000000000000000000, -0.0000000000000000000, -1.000000000000000000 ) ) ;
#1198 = DIRECTION ( 'NONE',  ( -0.0000000000000000000, 0.0000000000000000000, 1.000000000000000000 ) ) ;
#1199 = DIRECTION ( 'NONE',  ( 1.000000000000000000, 0.0000000000000000000, 0.0000000000000000000 ) ) ;
#1200 = CARTESIAN_POINT ( 'NONE',  ( 0.09049364456359122700, 9.417838880480305300, 0.1363636363636371600 ) ) ;
#1201 = DIRECTION ( 'NONE',  ( 1.000000000000000000, 1.840424535346183300E-015, 0.0000000000000000000 ) ) ;
#1202 = CARTESIAN_POINT ( 'NONE',  ( 100.0000000000000000, -15.50000000000011400, 30.00000000000001800 ) ) ;
#1203 = DIRECTION ( 'NONE',  ( 1.000000000000000000, 0.0000000000000000000, 0.0000000000000000000 ) ) ;
#1204 = CARTESIAN_POINT ( 'NONE',  ( -1.393577772598075400, 9.417838880480303500, -1.200000000000000200 ) ) ;
#1205 = CARTESIAN_POINT ( 'NONE',  ( 1.574565061725263800, -8.582161119519691200, -1.200000000000000200 ) ) ;
#1206 = DIRECTION ( 'NONE',  ( 0.0000000000000000000, -1.000000000000000000, 0.0000000000000000000 ) ) ;
#1207 = DIRECTION ( 'NONE',  ( 0.0000000000000000000, 1.000000000000000000, 0.0000000000000000000 ) ) ;
#1208 = DIRECTION ( 'NONE',  ( 0.0000000000000000000, -1.000000000000000000, 0.0000000000000000000 ) ) ;
#1209 = DIRECTION ( 'NONE',  ( 0.0000000000000000000, -1.577021341797097200E-015, 1.000000000000000000 ) ) ;
#1210 = DIRECTION ( 'NONE',  ( 1.000000000000000000, 0.0000000000000000000, 0.0000000000000000000 ) ) ;
#1211 = DIRECTION ( 'NONE',  ( -0.0000000000000000000, 0.0000000000000000000, 1.000000000000000000 ) ) ;
#1212 = CARTESIAN_POINT ( 'NONE',  ( -100.0000000000000000, 20.50000000000010300, 27.49999999999987200 ) ) ;
#1213 = CARTESIAN_POINT ( 'NONE',  ( -100.0000000000000000, 18.00000000000000700, -5.204170427930421300E-015 ) ) ;
#1214 = DIRECTION ( 'NONE',  ( -1.000000000000000000, -1.203706215242027700E-031, -3.469446951953614200E-017 ) ) ;
#1215 = DIRECTION ( 'NONE',  ( -1.000000000000000000, 0.0000000000000000000, -8.776874729644558900E-016 ) ) ;
#1216 = DIRECTION ( 'NONE',  ( 1.000000000000000000, 0.0000000000000000000, 0.0000000000000000000 ) ) ;
#1217 = DIRECTION ( 'NONE',  ( -1.000000000000000000, 1.224646799147353200E-016, 0.0000000000000000000 ) ) ;
#1218 = DIRECTION ( 'NONE',  ( 1.000000000000000000, 0.0000000000000000000, 0.0000000000000000000 ) ) ;
#1219 = DIRECTION ( 'NONE',  ( 0.0000000000000000000, 1.000000000000000000, 0.0000000000000000000 ) ) ;
#1220 = CARTESIAN_POINT ( 'NONE',  ( 100.0000000000000000, -18.50000000000011400, 29.94948974278318200 ) ) ;
#1221 = DIRECTION ( 'NONE',  ( -0.0000000000000000000, -0.0000000000000000000, -1.000000000000000000 ) ) ;
#1222 = CARTESIAN_POINT ( 'NONE',  ( 100.0000000000000000, -18.33388413850069300, 29.98339800102121400 ) ) ;
#1223 = DIRECTION ( 'NONE',  ( 0.0000000000000000000, 0.0000000000000000000, -1.000000000000000000 ) ) ;
#1224 = CARTESIAN_POINT ( 'NONE',  ( 0.09049364456359122700, 10.90191029764197100, -1.200000000000000200 ) ) ;
#1225 = CARTESIAN_POINT ( 'NONE',  ( 0.09049364456359673700, -8.582161119519698300, -0.5000000000000000000 ) ) ;
#1226 = DIRECTION ( 'NONE',  ( 0.0000000000000000000, -1.000000000000000000, 0.0000000000000000000 ) ) ;
#1227 = CARTESIAN_POINT ( 'NONE',  ( -1.734723475977031400E-017, 20.50000000000000000, 0.4999999999999865700 ) ) ;
#1228 = CARTESIAN_POINT ( 'NONE',  ( -100.0000000000000000, 18.50000000000009900, 27.49999999999987200 ) ) ;
#1229 = DIRECTION ( 'NONE',  ( 0.0000000000000000000, 0.0000000000000000000, -1.000000000000000000 ) ) ;
#1230 = DIRECTION ( 'NONE',  ( -6.123233995736766000E-017, -1.000000000000000000, 0.0000000000000000000 ) ) ;
#1231 = CARTESIAN_POINT ( 'NONE',  ( 0.09049364456359657000, -10.06623253668136400, -1.200000000000000200 ) ) ;
#1232 = DIRECTION ( 'NONE',  ( 1.000000000000000000, 0.0000000000000000000, 0.0000000000000000000 ) ) ;
#1233 = DIRECTION ( 'NONE',  ( 1.000000000000000000, 0.0000000000000000000, 0.0000000000000000000 ) ) ;
#1234 = DIRECTION ( 'NONE',  ( -1.232047923278982000E-016, -1.000000000000000000, 0.0000000000000000000 ) ) ;
#1235 = CARTESIAN_POINT ( 'NONE',  ( 5.745895784648102900, 0.4178388804803052600, 4.336808689942017700E-016 ) ) ;
#1236 = DIRECTION ( 'NONE',  ( 3.132139609402569600E-016, -1.000000000000000000, -0.0000000000000000000 ) ) ;
#1237 = DIRECTION ( 'NONE',  ( 0.0000000000000000000, 1.000000000000000000, 0.0000000000000000000 ) ) ;
#1238 = CARTESIAN_POINT ( 'NONE',  ( 0.09049364456359122700, 9.417838880480305300, 4.336808689942017700E-016 ) ) ;
#1239 = CARTESIAN_POINT ( 'NONE',  ( 100.0000000000000000, 18.50000000000009600, 27.49999999999986900 ) ) ;
#1240 = DIRECTION ( 'NONE',  ( -0.0000000000000000000, -0.0000000000000000000, -1.000000000000000000 ) ) ;
#1241 = DIRECTION ( 'NONE',  ( 0.0000000000000000000, -6.960928290796763300E-015, -1.000000000000000000 ) ) ;
#1242 = DIRECTION ( 'NONE',  ( -1.000000000000000000, -1.203706215242027700E-031, -3.469446951953614200E-017 ) ) ;
#1243 = CARTESIAN_POINT ( 'NONE',  ( 0.09049364456359122700, 15.07324102056481300, 0.2000000000000005100 ) ) ;
#1244 = CARTESIAN_POINT ( 'NONE',  ( -1.393577772598069800, -8.582161119519698300, -1.200000000000000200 ) ) ;
#1245 = CARTESIAN_POINT ( 'NONE',  ( 0.09049364456359122700, 15.07324102056481300, 0.2000000000000005100 ) ) ;
#1246 = DIRECTION ( 'NONE',  ( -1.000000000000000000, -0.0000000000000000000, -0.0000000000000000000 ) ) ;
#1247 = DIRECTION ( 'NONE',  ( 0.0000000000000000000, 0.0000000000000000000, -1.000000000000000000 ) ) ;
#1248 = CARTESIAN_POINT ( 'NONE',  ( 100.0000000000000000, 18.50000000000000700, 0.4999999999999970000 ) ) ;
#1249 = DIRECTION ( 'NONE',  ( 1.000000000000000000, 0.0000000000000000000, 0.0000000000000000000 ) ) ;
#1250 = CARTESIAN_POINT ( 'NONE',  ( 100.0000000000000000, -18.50000000000010700, 27.50000000000000400 ) ) ;
#1251 = DIRECTION ( 'NONE',  ( 1.000000000000000000, 0.0000000000000000000, 0.0000000000000000000 ) ) ;
#1252 = CARTESIAN_POINT ( 'NONE',  ( 0.09049364456359122700, 9.417838880480305300, -2.000000000000000000 ) ) ;
#1253 = CARTESIAN_POINT ( 'NONE',  ( -5.564908495520917600, 9.417838880480299900, 0.2000000000000005100 ) ) ;
#1254 = DIRECTION ( 'NONE',  ( -1.000000000000000000, 0.0000000000000000000, 0.0000000000000000000 ) ) ;
#1255 = DIRECTION ( 'NONE',  ( 1.000000000000000000, 0.0000000000000000000, 0.0000000000000000000 ) ) ;
#1256 = CARTESIAN_POINT ( 'NONE',  ( 100.0000000000000000, -18.50000000000000400, 0.5000000000000038900 ) ) ;
#1257 = CARTESIAN_POINT ( 'NONE',  ( -100.0000000000000000, 18.50000000000000400, 0.4999999999999900100 ) ) ;
#1258 = DIRECTION ( 'NONE',  ( -3.132139609402568600E-016, 1.000000000000000000, 0.0000000000000000000 ) ) ;
#1259 = DIRECTION ( 'NONE',  ( 8.269460797427575600E-016, -1.000000000000000000, -0.0000000000000000000 ) ) ;
#1260 = CARTESIAN_POINT ( 'NONE',  ( -1.734723475977055500E-017, -20.50000000000000000, 0.4999999999999935100 ) ) ;
#1261 = DIRECTION ( 'NONE',  ( -0.0000000000000000000, -1.000000000000000000, -0.0000000000000000000 ) ) ;
#1262 = DIRECTION ( 'NONE',  ( 0.0000000000000000000, 1.000000000000000000, -3.491481338843133400E-015 ) ) ;
#1263 = DIRECTION ( 'NONE',  ( -1.000000000000000000, 0.0000000000000000000, 9.486769009248179600E-016 ) ) ;
#1264 = CARTESIAN_POINT ( 'NONE',  ( 100.0000000000000000, -20.50000000000000000, 0.0000000000000000000 ) ) ;
#1265 = CARTESIAN_POINT ( 'NONE',  ( -100.0000000000000000, 15.50000000000011400, 29.99999999999989000 ) ) ;
#1266 = DIRECTION ( 'NONE',  ( 0.0000000000000000000, 0.0000000000000000000, -1.000000000000000000 ) ) ;
#1267 = CARTESIAN_POINT ( 'NONE',  ( 0.09049364456359122700, 9.417838880480305300, 3.000000000000000400 ) ) ;
#1268 = DIRECTION ( 'NONE',  ( 1.000000000000000000, 0.0000000000000000000, 0.0000000000000000000 ) ) ;
#1269 = CARTESIAN_POINT ( 'NONE',  ( 0.09049364456359122700, 10.90191029764197100, -1.200000000000000200 ) ) ;
#1270 = DIRECTION ( 'NONE',  ( 0.0000000000000000000, 0.0000000000000000000, 1.000000000000000000 ) ) ;
#1271 = CARTESIAN_POINT ( 'NONE',  ( 99.95803989154980200, -18.00000000000010700, 30.00000000000000000 ) ) ;
#1272 = CARTESIAN_POINT ( 'NONE',  ( 100.0000000000000000, -20.50000000000011000, 27.50000000000000400 ) ) ;
#1273 = DIRECTION ( 'NONE',  ( 1.000000000000000000, -1.203706215242022600E-031, 3.469446951953614200E-017 ) ) ;
#1274 = DIRECTION ( 'NONE',  ( -1.000000000000000000, 0.0000000000000000000, 0.0000000000000000000 ) ) ;
#1275 = DIRECTION ( 'NONE',  ( 0.0000000000000000000, 1.000000000000000000, 0.0000000000000000000 ) ) ;
#1276 = DIRECTION ( 'NONE',  ( 0.0000000000000000000, 0.0000000000000000000, 1.000000000000000000 ) ) ;
#1277 = DIRECTION ( 'NONE',  ( 1.000000000000000000, 0.0000000000000000000, 0.0000000000000000000 ) ) ;
#1278 = DIRECTION ( 'NONE',  ( 0.0000000000000000000, 0.0000000000000000000, 1.000000000000000000 ) ) ;
#1279 = CARTESIAN_POINT ( 'NONE',  ( 100.0000000000000000, -18.00000000000010700, 27.50000000000000400 ) ) ;
#1280 = DIRECTION ( 'NONE',  ( 1.000000000000000000, 0.0000000000000000000, 0.0000000000000000000 ) ) ;
#1281 = DIRECTION ( 'NONE',  ( 0.0000000000000000000, 0.0000000000000000000, -1.000000000000000000 ) ) ;
#1282 = CARTESIAN_POINT ( 'NONE',  ( 5.745895784648099400, 9.417838880480301700, 0.2000000000000005100 ) ) ;
#1283 = CARTESIAN_POINT ( 'NONE',  ( -100.0000000000000000, -20.50000000000000000, 0.0000000000000000000 ) ) ;
#1284 = CARTESIAN_POINT ( 'NONE',  ( 0.09049364456359673700, -8.582161119519698300, 3.000000000000000400 ) ) ;
#1285 = CARTESIAN_POINT ( 'NONE',  ( 0.09049364456359673700, -8.582161119519698300, 0.1363636363636371600 ) ) ;
#1286 = CARTESIAN_POINT ( 'NONE',  ( 99.98629677341483600, -18.16716996753523700, 30.00000000000000700 ) ) ;
#1287 = DIRECTION ( 'NONE',  ( -1.000000000000000000, -0.0000000000000000000, -0.0000000000000000000 ) ) ;
#1288 = CARTESIAN_POINT ( 'NONE',  ( -5.564908495520914900, 0.4178388804803017100, 4.336808689942017700E-016 ) ) ;
#1289 = DIRECTION ( 'NONE',  ( 1.000000000000000000, 0.0000000000000000000, 0.0000000000000000000 ) ) ;
#1290 = DIRECTION ( 'NONE',  ( 0.0000000000000000000, 1.000000000000000000, 0.0000000000000000000 ) ) ;
#1291 = DIRECTION ( 'NONE',  ( 0.0000000000000000000, -1.000000000000000000, -3.491481338843133400E-015 ) ) ;
#1292 = CARTESIAN_POINT ( 'NONE',  ( 1.574565061725257800, 9.417838880480303500, -1.200000000000000200 ) ) ;
#1293 = DIRECTION ( 'NONE',  ( -1.000000000000000000, -0.0000000000000000000, -0.0000000000000000000 ) ) ;
#1294 = DIRECTION ( 'NONE',  ( 0.0000000000000000000, -1.000000000000000000, 6.938893903907230700E-015 ) ) ;
#1295 = DIRECTION ( 'NONE',  ( 1.000000000000000000, -1.734723475976807100E-017, -1.203706215242022600E-031 ) ) ;
#1296 = DIRECTION ( 'NONE',  ( 0.0000000000000000000, -1.000000000000000000, -3.491481338843133400E-015 ) ) ;
#1297 = DIRECTION ( 'NONE',  ( 1.000000000000000000, 0.0000000000000000000, 0.0000000000000000000 ) ) ;
#1298 = CARTESIAN_POINT ( 'NONE',  ( 99.99999999999998600, 18.50000000000009900, 27.63242824603261700 ) ) ;
#1299 = CARTESIAN_POINT ( 'NONE',  ( 100.0000000000000000, 18.50000000000009900, 27.49999999999987200 ) ) ;
#1300 = DIRECTION ( 'NONE',  ( -1.000000000000000000, -3.469446951953614200E-017, 2.407412430484045300E-031 ) ) ;
#1301 = CARTESIAN_POINT ( 'NONE',  ( 0.0000000000000000000, 15.50000000000010100, 27.99999999999989000 ) ) ;
#1302 = CARTESIAN_POINT ( 'NONE',  ( 99.99184936270116000, 18.26036455930805100, 27.94641204819066600 ) ) ;
#1303 = CARTESIAN_POINT ( 'NONE',  ( -99.98629677341483600, 18.16716996753523000, 29.99999999999987600 ) ) ;
#1304 = DIRECTION ( 'NONE',  ( 0.0000000000000000000, -1.000000000000000000, -6.938893903907230700E-015 ) ) ;
#1305 = CARTESIAN_POINT ( 'NONE',  ( -99.95803989154980200, 18.00000000000009600, 29.99999999999987600 ) ) ;
#1306 = DIRECTION ( 'NONE',  ( 0.0000000000000000000, 0.0000000000000000000, -1.000000000000000000 ) ) ;
#1307 = CARTESIAN_POINT ( 'NONE',  ( -100.0000000000000000, -20.49999999999999600, 0.4999999999999900100 ) ) ;
#1308 = CARTESIAN_POINT ( 'NONE',  ( -6.245004513516465100E-016, 18.00000000000009900, 29.99999999999987600 ) ) ;
#1309 = DIRECTION ( 'NONE',  ( 0.0000000000000000000, -1.000000000000000000, 0.0000000000000000000 ) ) ;
#1310 = DIRECTION ( 'NONE',  ( 0.0000000000000000000, -6.938893903907230000E-015, 1.000000000000000000 ) ) ;
#1311 = CARTESIAN_POINT ( 'NONE',  ( 100.0009357768201400, 18.44548195774010700, 27.76195275497996900 ) ) ;
#1312 = CARTESIAN_POINT ( 'NONE',  ( 100.0000000000000000, -18.00000000000000700, 0.5000000000000022200 ) ) ;
#1313 = DIRECTION ( 'NONE',  ( 1.000000000000000000, -0.0000000000000000000, -0.0000000000000000000 ) ) ;
#1314 = CARTESIAN_POINT ( 'NONE',  ( -100.0000000000000000, 18.33388413850068900, 29.98339800102108300 ) ) ;
#1315 = CARTESIAN_POINT ( 'NONE',  ( 100.0000000000000000, 18.00000000000009900, 27.49999999999987200 ) ) ;
#1316 = DIRECTION ( 'NONE',  ( 1.000000000000000000, 0.0000000000000000000, 0.0000000000000000000 ) ) ;
#1317 = CARTESIAN_POINT ( 'NONE',  ( -97.00000000000000000, -18.50000000000011400, 29.99999999999999600 ) ) ;
#1318 = CARTESIAN_POINT ( 'NONE',  ( 97.00000000000000000, 18.50000000000011400, 29.99999999999987200 ) ) ;
#1319 = CARTESIAN_POINT ( 'NONE',  ( -100.0000000000000000, 18.50000000000011400, 29.94948974278304700 ) ) ;
#1320 = CARTESIAN_POINT ( 'NONE',  ( -100.0000000000000000, 18.00000000000000700, 0.4999999999999952300 ) ) ;
#1321 = CARTESIAN_POINT ( 'NONE',  ( -1.393577772598069800, -8.582161119519698300, -1.200000000000000200 ) ) ;
#1322 = DIRECTION ( 'NONE',  ( -1.000000000000000000, -0.0000000000000000000, -0.0000000000000000000 ) ) ;
#1323 = DIRECTION ( 'NONE',  ( 0.0000000000000000000, 6.938893903907230000E-015, 1.000000000000000000 ) ) ;
#1324 = DIRECTION ( 'NONE',  ( -1.000000000000000000, -0.0000000000000000000, -0.0000000000000000000 ) ) ;
#1325 = DIRECTION ( 'NONE',  ( 0.0000000000000000000, 0.0000000000000000000, 1.000000000000000000 ) ) ;
#1326 = CARTESIAN_POINT ( 'NONE',  ( -100.0000000000000000, -18.00000000000010300, 28.00000000000000400 ) ) ;
#1327 = DIRECTION ( 'NONE',  ( 0.0000000000000000000, 2.775557561562889000E-015, 1.000000000000000000 ) ) ;
#1328 = CARTESIAN_POINT ( 'NONE',  ( 99.98011023215087800, 18.13056989583618900, 27.99999999999987600 ) ) ;
#1329 = CARTESIAN_POINT ( 'NONE',  ( 99.95803989154980200, 18.00000000000010300, 27.99999999999987200 ) ) ;
#1330 = CARTESIAN_POINT ( 'NONE',  ( -100.0000000000000000, 18.00000000000009900, 27.49999999999987200 ) ) ;
#1331 = DIRECTION ( 'NONE',  ( 0.0000000000000000000, 0.0000000000000000000, 1.000000000000000000 ) ) ;
#1332 = DIRECTION ( 'NONE',  ( 0.0000000000000000000, 3.469446951953629200E-015, 1.000000000000000000 ) ) ;
#1333 = DIRECTION ( 'NONE',  ( 0.0000000000000000000, 0.0000000000000000000, 1.000000000000000000 ) ) ;
#1334 = CARTESIAN_POINT ( 'NONE',  ( -99.98010793838933800, 18.13055632575981600, 27.99999999999986900 ) ) ;
#1335 = DIRECTION ( 'NONE',  ( 0.0000000000000000000, 0.0000000000000000000, -1.000000000000000000 ) ) ;
#1336 = CARTESIAN_POINT ( 'NONE',  ( -100.0000000000000100, 18.50000000000010300, 27.63242534749222300 ) ) ;
#1337 = CARTESIAN_POINT ( 'NONE',  ( 0.09049364456359673700, -8.582161119519698300, -0.5000000000000000000 ) ) ;
#1338 = CARTESIAN_POINT ( 'NONE',  ( 100.0000000000000000, 20.49999999999999600, 0.4999999999999900100 ) ) ;
#1339 = DIRECTION ( 'NONE',  ( -7.225369087897331200E-016, -1.000000000000000000, -7.885106708985487100E-016 ) ) ;
#1340 = DIRECTION ( 'NONE',  ( -1.000000000000000000, 0.0000000000000000000, 0.0000000000000000000 ) ) ;
#1341 = CARTESIAN_POINT ( 'NONE',  ( -100.0000000000000000, -18.00000000000000700, 0.5000000000000022200 ) ) ;
#1342 = DIRECTION ( 'NONE',  ( 0.0000000000000000000, 0.0000000000000000000, -1.000000000000000000 ) ) ;
#1343 = CARTESIAN_POINT ( 'NONE',  ( -97.00000000000000000, 15.50000000000011400, 29.99999999999988600 ) ) ;
#1344 = DIRECTION ( 'NONE',  ( -0.0000000000000000000, -1.000000000000000000, -0.0000000000000000000 ) ) ;
#1345 = CARTESIAN_POINT ( 'NONE',  ( -97.00000000000000000, 18.50000000000009900, 27.99999999999986900 ) ) ;
#1346 = CARTESIAN_POINT ( 'NONE',  ( -99.95803989154980200, 18.00000000000009600, 27.99999999999987200 ) ) ;
#1347 = CARTESIAN_POINT ( 'NONE',  ( -1.393577772598075400, 9.417838880480303500, -1.200000000000000200 ) ) ;
#1348 = DIRECTION ( 'NONE',  ( 0.0000000000000000000, -1.000000000000000000, 6.938893903907230700E-015 ) ) ;
#1349 = DIRECTION ( 'NONE',  ( 8.883824077761066500E-016, -1.000000000000000000, 0.0000000000000000000 ) ) ;
#1350 = CARTESIAN_POINT ( 'NONE',  ( -99.99182433160386600, 18.26002185185182800, 27.94661561351309200 ) ) ;
#1351 = DIRECTION ( 'NONE',  ( -1.000000000000000000, -4.130293990420968900E-016, 1.755374945928911800E-015 ) ) ;
#1352 = DIRECTION ( 'NONE',  ( -0.0000000000000000000, -6.938893903907230000E-015, -1.000000000000000000 ) ) ;
#1353 = CARTESIAN_POINT ( 'NONE',  ( -100.0009348166625600, 18.44529562259067700, 27.76227595805903500 ) ) ;
#1354 = DIRECTION ( 'NONE',  ( 0.0000000000000000000, 0.0000000000000000000, 1.000000000000000000 ) ) ;
#1355 = DIRECTION ( 'NONE',  ( -1.000000000000000000, -0.0000000000000000000, -0.0000000000000000000 ) ) ;
#1356 = CARTESIAN_POINT ( 'NONE',  ( -5.375302553569876600, 0.4178388804803017700, 0.1363636363636373800 ) ) ;
#1357 = DIRECTION ( 'NONE',  ( -1.000000000000000000, 0.0000000000000000000, 0.0000000000000000000 ) ) ;
#1358 = DIRECTION ( 'NONE',  ( -0.0000000000000000000, 0.0000000000000000000, 1.000000000000000000 ) ) ;
#1359 = CARTESIAN_POINT ( 'NONE',  ( 0.09049364456359673700, -8.582161119519698300, 1.000000000000000000 ) ) ;
#1360 = CARTESIAN_POINT ( 'NONE',  ( -100.0000000000000000, 18.00000000000000700, 0.4999999999999952300 ) ) ;
#1361 = DIRECTION ( 'NONE',  ( 0.0000000000000000000, 1.000000000000000000, -3.491481338843133400E-015 ) ) ;
#1362 = DIRECTION ( 'NONE',  ( 3.132139609402568600E-016, -1.000000000000000000, -0.0000000000000000000 ) ) ;
#1363 = CARTESIAN_POINT ( 'NONE',  ( 100.0000000000000000, 20.50000000000010300, 29.99999999999986500 ) ) ;
#1364 = CARTESIAN_POINT ( 'NONE',  ( -100.0000000000000000, 18.50000000000009900, 27.49999999999987200 ) ) ;
#1365 = DIRECTION ( 'NONE',  ( -0.0000000000000000000, -6.960928290796763300E-015, -1.000000000000000000 ) ) ;
#1366 = DIRECTION ( 'NONE',  ( 1.000000000000000000, 0.0000000000000000000, 0.0000000000000000000 ) ) ;
#1367 = DIRECTION ( 'NONE',  ( 3.132139609402568600E-016, -1.000000000000000000, -0.0000000000000000000 ) ) ;
#1368 = CARTESIAN_POINT ( 'NONE',  ( -1.393577772598075400, 0.4178388804803034900, 3.000000000000000000 ) ) ;
#1369 = CARTESIAN_POINT ( 'NONE',  ( -100.0000000000000000, -18.00000000000000700, 0.5000000000000022200 ) ) ;
#1370 = DIRECTION ( 'NONE',  ( 0.0000000000000000000, 1.000000000000000000, 0.0000000000000000000 ) ) ;
#1371 = DIRECTION ( 'NONE',  ( 0.0000000000000000000, 0.0000000000000000000, 1.000000000000000000 ) ) ;
#1372 = DIRECTION ( 'NONE',  ( 0.0000000000000000000, -7.885106708985486100E-016, 1.000000000000000000 ) ) ;
#1373 = CARTESIAN_POINT ( 'NONE',  ( 0.09049364456359673700, -8.582161119519698300, 3.000000000000000400 ) ) ;
#1374 = CARTESIAN_POINT ( 'NONE',  ( 1.574565061725263800, 0.4178388804803034900, 3.000000000000000000 ) ) ;
#1375 = APPLICATION_PROTOCOL_DEFINITION ( 'international standard', 'config_control_design', 1994, #1412 ) ;
#1376 = CARTESIAN_POINT ( 'NONE',  ( 5.556289842697065500, 0.4178388804803052100, 0.1363636363636367100 ) ) ;
#1377 = DIRECTION ( 'NONE',  ( 0.0000000000000000000, 0.0000000000000000000, 1.000000000000000000 ) ) ;
#1378 = DIRECTION ( 'NONE',  ( -3.132139609402569600E-016, 1.000000000000000000, 0.0000000000000000000 ) ) ;
#1379 = DIRECTION ( 'NONE',  ( 0.0000000000000000000, -3.469446951953614600E-015, 1.000000000000000000 ) ) ;
#1380 = APPLICATION_PROTOCOL_DEFINITION ( 'international standard', 'config_control_design', 1994, #1387 ) ;
#1381 =( NAMED_UNIT ( * ) SI_UNIT ( $, .STERADIAN. ) SOLID_ANGLE_UNIT ( ) );
#1382 = APPROVAL_ROLE ( '' ) ;
#1383 = DIRECTION ( 'NONE',  ( -0.0000000000000000000, -1.000000000000000000, 0.0000000000000000000 ) ) ;
#1384 = DIRECTION ( 'NONE',  ( 0.0000000000000000000, 1.000000000000000000, 0.0000000000000000000 ) ) ;
#1385 = APPROVAL_STATUS ( 'not_yet_approved' ) ;
#1386 =( NAMED_UNIT ( * ) PLANE_ANGLE_UNIT ( ) SI_UNIT ( $, .RADIAN. ) );
#1387 = APPLICATION_CONTEXT ( 'configuration controlled 3d designs of mechanical parts and assemblies' ) ;
#1388 = CARTESIAN_POINT ( 'NONE',  ( 0.09049364456359122700, 9.417838880480305300, 3.000000000000000400 ) ) ;
#1389 = CARTESIAN_POINT ( 'NONE',  ( -5.564908495520913200, -8.582161119519698300, 0.2000000000000005100 ) ) ;
#1390 = DATE_TIME_ROLE ( 'creation_date' ) ;
#1391 = APPROVAL_ROLE ( '' ) ;
#1392 = DIRECTION ( 'NONE',  ( 1.134185788576419800E-015, -1.000000000000000000, 1.577021341797097400E-015 ) ) ;
#1393 = DIRECTION ( 'NONE',  ( 0.0000000000000000000, 0.0000000000000000000, 1.000000000000000000 ) ) ;
#1394 = DIRECTION ( 'NONE',  ( 7.044813998280222100E-016, -1.000000000000000000, 0.0000000000000000000 ) ) ;
#1395 = DIRECTION ( 'NONE',  ( -1.000000000000000000, 0.0000000000000000000, 0.0000000000000000000 ) ) ;
#1396 = MECHANICAL_CONTEXT ( 'NONE', #1412, 'mechanical' ) ;
#1397 = CARTESIAN_POINT ( 'NONE',  ( -100.0000000000000000, -20.50000000000010300, 29.99999999999999300 ) ) ;
#1398 = CARTESIAN_POINT ( 'NONE',  ( -100.0000000000000000, -18.50000000000000700, 0.4999999999999970000 ) ) ;
#1399 = PERSON_AND_ORGANIZATION_ROLE ( 'design_owner' ) ;
#1400 = DIRECTION ( 'NONE',  ( 0.0000000000000000000, 1.577021341797097200E-015, 1.000000000000000000 ) ) ;
#1401 = APPROVAL_STATUS ( 'not_yet_approved' ) ;
#1402 = PERSON_AND_ORGANIZATION_ROLE ( 'creator' ) ;
#1403 = DIRECTION ( 'NONE',  ( 0.0000000000000000000, 1.000000000000000000, 0.0000000000000000000 ) ) ;
#1404 = PERSON_AND_ORGANIZATION_ROLE ( 'design_supplier' ) ;
#1405 = PERSON_AND_ORGANIZATION_ROLE ( 'classification_officer' ) ;
#1406 = CARTESIAN_POINT ( 'NONE',  ( 5.745895784648104700, -8.582161119519687600, 0.2000000000000005100 ) ) ;
#1407 = CARTESIAN_POINT ( 'NONE',  ( 1.574565061725263300, -8.582161119519696500, -1.200000000000000200 ) ) ;
#1408 = DIRECTION ( 'NONE',  ( 1.000000000000000000, 8.260587980841937800E-016, 0.0000000000000000000 ) ) ;
#1409 = DIRECTION ( 'NONE',  ( 1.000000000000000000, 0.0000000000000000000, 0.0000000000000000000 ) ) ;
#1410 = DIRECTION ( 'NONE',  ( 1.000000000000000000, -1.203706215242022600E-031, 3.469446951953614200E-017 ) ) ;
#1411 =( LENGTH_UNIT ( ) NAMED_UNIT ( * ) SI_UNIT ( .MILLI., .METRE. ) );
#1412 = APPLICATION_CONTEXT ( 'configuration controlled 3d designs of mechanical parts and assemblies' ) ;
#1413 = DIRECTION ( 'NONE',  ( 1.000000000000000000, 0.0000000000000000000, 0.0000000000000000000 ) ) ;
#1414 = PERSON_AND_ORGANIZATION_ROLE ( 'creator' ) ;
#1415 = DATE_TIME_ROLE ( 'classification_date' ) ;
#1416 = APPROVAL_STATUS ( 'not_yet_approved' ) ;
#1417 = APPROVAL_ROLE ( '' ) ;
#1418 = SECURITY_CLASSIFICATION_LEVEL ( 'unclassified' ) ;
#1419 = CARTESIAN_POINT ( 'NONE',  ( -5.564908495520918500, 9.417838880480301700, 0.2000000000000005100 ) ) ;
#1420 = DIRECTION ( 'NONE',  ( 1.000000000000000000, 0.0000000000000000000, 0.0000000000000000000 ) ) ;
#1421 = CARTESIAN_POINT ( 'NONE',  ( 0.0000000000000000000, 0.0000000000000000000, 0.0000000000000000000 ) ) ;
#1422 = ADVANCED_FACE ( 'NONE', ( #428 ), #400, .F. ) ;
#1423 = ADVANCED_FACE ( 'NONE', ( #437 ), #754, .T. ) ;
#1424 = ADVANCED_FACE ( 'NONE', ( #393 ), #503, .T. ) ;
#1425 = ADVANCED_FACE ( 'NONE', ( #443 ), #500, .T. ) ;
#1426 = ADVANCED_FACE ( 'NONE', ( #442 ), #775, .T. ) ;
#1427 = ADVANCED_FACE ( 'NONE', ( #451 ), #515, .T. ) ;
#1428 = ADVANCED_FACE ( 'NONE', ( #458 ), #769, .T. ) ;
#1429 = B_SPLINE_CURVE_WITH_KNOTS ( 'NONE', 3,
 ( #100, #101, #102, #103 ),
 .UNSPECIFIED., .F., .F.,
 ( 4, 4 ),
 ( 0.0000000000000000000, 0.0005042935026205211100 ),
 .UNSPECIFIED. ) ;
#1430 = B_SPLINE_CURVE_WITH_KNOTS ( 'NONE', 3,
 ( #1192, #1173, #1175, #1196, #1186, #1194 ),
 .UNSPECIFIED., .F., .F.,
 ( 4, 2, 4 ),
 ( 0.0000000000000000000, 0.0003916485617737881600, 0.0007832971235475763200 ),
 .UNSPECIFIED. ) ;
#1431 = B_SPLINE_CURVE_WITH_KNOTS ( 'NONE', 3,
 ( #1220, #1222, #1286, #1271 ),
 .UNSPECIFIED., .F., .F.,
 ( 4, 4 ),
 ( 0.0000000000000000000, 0.0005042935026205174200 ),
 .UNSPECIFIED. ) ;
#1432 = B_SPLINE_CURVE_WITH_KNOTS ( 'NONE', 3,
 ( #1346, #1334, #1350, #1353, #1336, #1364 ),
 .UNSPECIFIED., .F., .F.,
 ( 4, 2, 4 ),
 ( 0.0000000000000000000, 0.0003916626925482318500, 0.0007833253850964637000 ),
 .UNSPECIFIED. ) ;
#1433 = B_SPLINE_CURVE_WITH_KNOTS ( 'NONE', 3,
 ( #964, #972, #942, #958, #965, #956 ),
 .UNSPECIFIED., .F., .F.,
 ( 4, 2, 4 ),
 ( 0.0000000000000000000, 0.0003916626925482290300, 0.0007833253850964580600 ),
 .UNSPECIFIED. ) ;
#1434 = B_SPLINE_CURVE_WITH_KNOTS ( 'NONE', 3,
 ( #980, #945, #974, #975 ),
 .UNSPECIFIED., .F., .F.,
 ( 4, 4 ),
 ( 0.0000000000000000000, 0.0005042935026205166600 ),
 .UNSPECIFIED. ) ;
#1435 = B_SPLINE_CURVE_WITH_KNOTS ( 'NONE', 3,
 ( #1319, #1314, #1303, #1305 ),
 .UNSPECIFIED., .F., .F.,
 ( 4, 4 ),
 ( 0.0000000000000000000, 0.0005042935026205279400 ),
 .UNSPECIFIED. ) ;
#1436 = UNCERTAINTY_MEASURE_WITH_UNIT (LENGTH_MEASURE( 1.000000000000000100E-005 ), #1411, 'distance_accuracy_value', 'NONE');
#1437 = ADVANCED_BREP_SHAPE_REPRESENTATION ( 'ALP5013', ( #1439, #922 ), #934 ) ;
#1438 = B_SPLINE_CURVE_WITH_KNOTS ( 'NONE', 3,
 ( #1299, #1298, #1311, #1302, #1328, #1329 ),
 .UNSPECIFIED., .F., .F.,
 ( 4, 2, 4 ),
 ( 3.469446951953614200E-018, 0.0003916485617737891900, 0.0007832971235475749100 ),
 .UNSPECIFIED. ) ;
#1439 = MANIFOLD_SOLID_BREP ( 'Rebro 7x18x54', #454 ) ;
#1440 = PERSON ( 'UNSPECIFIED', 'UNSPECIFIED', 'UNSPECIFIED', ('UNSPECIFIED'), ('UNSPECIFIED'), ('UNSPECIFIED') ) ;
#1441 = PRODUCT ( 'ALP5013', 'ALP5013', '', ( #1396 ) ) ;
#1442 = CARTESIAN_POINT ( 'NONE',  ( -5.564908495520914900, 0.4178388804803017100, 0.2000000000000005100 ) ) ;
#1443 = DIRECTION ( 'NONE',  ( 0.0000000000000000000, 1.000000000000000000, 0.0000000000000000000 ) ) ;
#1444 = CARTESIAN_POINT ( 'NONE',  ( 100.0000000000000000, -20.50000000000000000, 0.4999999999999970000 ) ) ;
#1445 = DIRECTION ( 'NONE',  ( -3.132139609402568600E-016, 1.000000000000000000, 0.0000000000000000000 ) ) ;
#1446 = DIRECTION ( 'NONE',  ( -1.000000000000000000, -3.203324600525353000E-016, 0.0000000000000000000 ) ) ;
#1447 = CARTESIAN_POINT ( 'NONE',  ( 5.745895784648102900, 0.4178388804803052600, 0.2000000000000005100 ) ) ;
#1448 = DIRECTION ( 'NONE',  ( 0.0000000000000000000, 0.0000000000000000000, 1.000000000000000000 ) ) ;
#1449 = DIRECTION ( 'NONE',  ( 0.0000000000000000000, 1.000000000000000000, 0.0000000000000000000 ) ) ;
#1450 = DIRECTION ( 'NONE',  ( -1.000000000000000000, -3.203324600525354000E-016, 0.0000000000000000000 ) ) ;
#1451 = DIRECTION ( 'NONE',  ( -3.132139609402569600E-016, 1.000000000000000000, 0.0000000000000000000 ) ) ;
#1452 = DIRECTION ( 'NONE',  ( -1.000000000000000000, -2.710505431213754200E-016, 0.0000000000000000000 ) ) ;
#1453 = CARTESIAN_POINT ( 'NONE',  ( -100.0000000000000000, 18.50000000000000700, 0.4999999999999935100 ) ) ;
#1454 = CARTESIAN_POINT ( 'NONE',  ( 0.09049364456359673700, -8.582161119519698300, -1.200000000000000200 ) ) ;
#1455 = CARTESIAN_POINT ( 'NONE',  ( 1.574565061725260900, 0.4178388804803039900, -1.200000000000000200 ) ) ;
#1456 = DIRECTION ( 'NONE',  ( 0.0000000000000000000, 0.0000000000000000000, 1.000000000000000000 ) ) ;
#1457 = DIRECTION ( 'NONE',  ( -3.132139609402569600E-016, 1.000000000000000000, 0.0000000000000000000 ) ) ;
#1458 = CARTESIAN_POINT ( 'NONE',  ( 0.09049364456359673700, -8.582161119519698300, 0.2000000000000005100 ) ) ;
#1459 = DIRECTION ( 'NONE',  ( 0.0000000000000000000, 1.000000000000000000, 0.0000000000000000000 ) ) ;
#1460 = CARTESIAN_POINT ( 'NONE',  ( 0.09049364456359673700, -8.582161119519698300, 0.2000000000000005100 ) ) ;
#1461 = CARTESIAN_POINT ( 'NONE',  ( 100.0000000000000000, -18.00000000000000700, 1.734723475976807100E-015 ) ) ;
#1462 = CARTESIAN_POINT ( 'NONE',  ( -100.0000000000000000, 20.49999999999999600, 0.4999999999999831200 ) ) ;
#1463 = CARTESIAN_POINT ( 'NONE',  ( -100.0000000000000000, 20.50000000000010300, 27.49999999999987200 ) ) ;
#1464 = CARTESIAN_POINT ( 'NONE',  ( -100.0000000000000000, -18.00000000000000700, 1.734723475976807100E-015 ) ) ;
#1465 = CARTESIAN_POINT ( 'NONE',  ( -100.0000000000000000, 18.00000000000000700, -2.000000000000005300 ) ) ;
#1466 = CARTESIAN_POINT ( 'NONE',  ( 97.00000000000000000, -15.50000000000011400, 30.00000000000001800 ) ) ;
#1467 = CARTESIAN_POINT ( 'NONE',  ( 5.745895784648106500, -8.582161119519691200, -2.000000000000000000 ) ) ;
#1468 = CARTESIAN_POINT ( 'NONE',  ( -3.479243134059496700, 9.417838880480301700, -0.5000000000000000000 ) ) ;
#1469 = CARTESIAN_POINT ( 'NONE',  ( 100.0000000000000000, 18.50000000000000700, 0.4999999999999935100 ) ) ;
#1470 = CARTESIAN_POINT ( 'NONE',  ( 5.745895784648100200, 9.417838880480301700, -2.000000000000000000 ) ) ;
#1471 = CARTESIAN_POINT ( 'NONE',  ( 1.574565061725257800, 9.417838880480301700, 1.000000000000000000 ) ) ;
#1472 = CARTESIAN_POINT ( 'NONE',  ( 0.09049364456359630700, -12.15189789814278500, -0.5000000000000000000 ) ) ;
#1473 = CARTESIAN_POINT ( 'NONE',  ( -97.00000000000000000, 15.50000000000011400, 29.99999999999989000 ) ) ;
#1474 = CARTESIAN_POINT ( 'NONE',  ( -100.0000000000000000, -18.50000000000000700, 0.5000000000000004400 ) ) ;
#1475 = CARTESIAN_POINT ( 'NONE',  ( 97.00000000000000000, -15.50000000000010100, 28.00000000000002100 ) ) ;
#1476 = CARTESIAN_POINT ( 'NONE',  ( 5.745895784648105600, -8.582161119519694700, 4.336808689942017700E-016 ) ) ;
#1477 = CARTESIAN_POINT ( 'NONE',  ( 5.745895784648100200, 9.417838880480299900, 4.336808689942017700E-016 ) ) ;
#1478 = CARTESIAN_POINT ( 'NONE',  ( -5.564908495520918500, 9.417838880480301700, -2.000000000000000000 ) ) ;
#1479 = CARTESIAN_POINT ( 'NONE',  ( -5.564908495520912300, -8.582161119519698300, 4.336808689942017700E-016 ) ) ;
#1480 = CARTESIAN_POINT ( 'NONE',  ( 100.0000000000000000, -18.50000000000011400, 29.94948974278318200 ) ) ;
#1481 = CARTESIAN_POINT ( 'NONE',  ( -99.95803989154980200, 18.00000000000009600, 27.99999999999987200 ) ) ;
#1482 = CARTESIAN_POINT ( 'NONE',  ( 100.0000000000000000, 18.50000000000011400, 29.94948974278304700 ) ) ;
#1483 = CARTESIAN_POINT ( 'NONE',  ( -1.393577772598072500, 0.4178388804803029900, -1.200000000000000200 ) ) ;
#1484 = CARTESIAN_POINT ( 'NONE',  ( -3.479243134059490900, -8.582161119519698300, -0.5000000000000004400 ) ) ;
#1485 = CARTESIAN_POINT ( 'NONE',  ( -100.0000000000000000, -20.50000000000000400, 0.4999999999999935100 ) ) ;
#1486 = CARTESIAN_POINT ( 'NONE',  ( 99.95803989154980200, 18.00000000000010300, 29.99999999999987600 ) ) ;
#1487 = CARTESIAN_POINT ( 'NONE',  ( 99.95803989154980200, -18.00000000000010700, 30.00000000000000000 ) ) ;
#1488 = CARTESIAN_POINT ( 'NONE',  ( -100.0000000000000000, -18.50000000000010700, 27.50000000000000400 ) ) ;
#1489 = CARTESIAN_POINT ( 'NONE',  ( -97.00000000000000000, -15.50000000000011400, 30.00000000000001800 ) ) ;
#1490 = CARTESIAN_POINT ( 'NONE',  ( 100.0000000000000000, 20.50000000000000400, 0.4999999999999865700 ) ) ;
#1491 = CARTESIAN_POINT ( 'NONE',  ( 1.574565061725263800, -8.582161119519694700, 1.000000000000000000 ) ) ;
#1492 = DIRECTION ( 'NONE',  ( -3.132139609402568600E-016, 1.000000000000000000, 0.0000000000000000000 ) ) ;
#1493 = CARTESIAN_POINT ( 'NONE',  ( 97.00000000000000000, 15.50000000000011400, 29.99999999999989000 ) ) ;
#1494 = CARTESIAN_POINT ( 'NONE',  ( -97.00000000000000000, 15.50000000000010100, 27.99999999999989000 ) ) ;
#1495 = CARTESIAN_POINT ( 'NONE',  ( 100.0000000000000000, 18.00000000000000700, -5.204170427930421300E-015 ) ) ;
#1496 = CARTESIAN_POINT ( 'NONE',  ( -1.393577772598069800, -8.582161119519698300, 1.000000000000000000 ) ) ;
#1497 = DIRECTION ( 'NONE',  ( 0.0000000000000000000, 0.0000000000000000000, 1.000000000000000000 ) ) ;
#1498 = CARTESIAN_POINT ( 'NONE',  ( -100.0000000000000000, -20.50000000000009600, 27.49999999999999600 ) ) ;
#1499 = CARTESIAN_POINT ( 'NONE',  ( -1.393577772598069800, -8.582161119519698300, 3.000000000000000000 ) ) ;
#1500 = CARTESIAN_POINT ( 'NONE',  ( 1.574565061725260900, 0.4178388804803039900, -1.200000000000000200 ) ) ;
#1501 = CARTESIAN_POINT ( 'NONE',  ( 100.0000000000000000, -18.50000000000010700, 27.50000000000000400 ) ) ;
#1502 = DIRECTION ( 'NONE',  ( -1.000000000000000000, -3.203324600525354000E-016, 0.0000000000000000000 ) ) ;
#1503 = DIRECTION ( 'NONE',  ( -3.132139609402569600E-016, 1.000000000000000000, 0.0000000000000000000 ) ) ;
#1504 = DIRECTION ( 'NONE',  ( -1.000000000000000000, -3.097720492815726700E-016, 0.0000000000000000000 ) ) ;
#1505 = DIRECTION ( 'NONE',  ( -1.000000000000000000, -3.203324600525353000E-016, 0.0000000000000000000 ) ) ;
#1506 = CARTESIAN_POINT ( 'NONE',  ( 1.574565061725257800, 9.417838880480301700, 3.000000000000000000 ) ) ;
#1507 = CARTESIAN_POINT ( 'NONE',  ( 5.556289842697061900, 9.417838880480299900, 0.1363636363636364900 ) ) ;
#1508 = CARTESIAN_POINT ( 'NONE',  ( -5.564908495520913200, -8.582161119519698300, -2.000000000000000000 ) ) ;
#1509 = CARTESIAN_POINT ( 'NONE',  ( 0.09049364456359122700, 14.88363507861377500, 0.1363636363636371600 ) ) ;
#1510 = CARTESIAN_POINT ( 'NONE',  ( 99.95803989154980200, 18.00000000000010300, 27.99999999999987200 ) ) ;
#1511 = DIRECTION ( 'NONE',  ( -1.000000000000000000, -2.710505431213754200E-016, 0.0000000000000000000 ) ) ;
#1512 = CARTESIAN_POINT ( 'NONE',  ( 0.09049364456359122700, 12.98757565910339200, -0.5000000000000000000 ) ) ;
#1513 = CARTESIAN_POINT ( 'NONE',  ( 0.09049364456359122700, 9.417838880480305300, 0.2000000000000005100 ) ) ;
#1514 = DIRECTION ( 'NONE',  ( 0.0000000000000000000, 0.0000000000000000000, 1.000000000000000000 ) ) ;
#1515 = CARTESIAN_POINT ( 'NONE',  ( -5.564908495520914900, 0.4178388804803017100, 0.2000000000000005100 ) ) ;
#1516 = DIRECTION ( 'NONE',  ( 0.0000000000000000000, 1.000000000000000000, 0.0000000000000000000 ) ) ;
#1517 = CARTESIAN_POINT ( 'NONE',  ( 0.09049364456359607100, -14.04795731765316800, 0.1363636363636371600 ) ) ;
#1518 = CARTESIAN_POINT ( 'NONE',  ( 100.0000000000000000, 18.00000000000001800, -2.000000000000000000 ) ) ;
#1519 = CARTESIAN_POINT ( 'NONE',  ( -5.375302553569879300, 9.417838880480299900, 0.1363636363636364900 ) ) ;
#1520 = CARTESIAN_POINT ( 'NONE',  ( 0.09049364456359122700, 15.07324102056481300, -2.000000000000000000 ) ) ;
#1521 = DIRECTION ( 'NONE',  ( -3.132139609402568600E-016, 1.000000000000000000, 0.0000000000000000000 ) ) ;
#1522 = CARTESIAN_POINT ( 'NONE',  ( 0.09049364456359122700, 15.07324102056481300, 4.336808689942017700E-016 ) ) ;
#1523 = CARTESIAN_POINT ( 'NONE',  ( -99.95803989154980200, 18.00000000000009600, 29.99999999999987600 ) ) ;
#1524 = CARTESIAN_POINT ( 'NONE',  ( 0.09049364456359122700, 9.417838880480305300, -1.200000000000000200 ) ) ;
#1525 = CARTESIAN_POINT ( 'NONE',  ( 3.660230423186678900, 9.417838880480301700, -0.5000000000000000000 ) ) ;
#1526 = DIRECTION ( 'NONE',  ( -3.132139609402569600E-016, 1.000000000000000000, 0.0000000000000000000 ) ) ;
#1527 = CARTESIAN_POINT ( 'NONE',  ( -1.393577772598072500, 0.4178388804803029900, -1.200000000000000200 ) ) ;
#1528 = DIRECTION ( 'NONE',  ( 0.0000000000000000000, 0.0000000000000000000, 1.000000000000000000 ) ) ;
#1529 = CARTESIAN_POINT ( 'NONE',  ( -100.0000000000000000, 18.50000000000009900, 27.49999999999987200 ) ) ;
#1530 = DIRECTION ( 'NONE',  ( -1.000000000000000000, -3.097720492815726700E-016, 0.0000000000000000000 ) ) ;
#1531 = CARTESIAN_POINT ( 'NONE',  ( 0.09049364456359122700, 9.417838880480305300, 0.2000000000000005100 ) ) ;
#1532 = DIRECTION ( 'NONE',  ( 0.0000000000000000000, 1.000000000000000000, 0.0000000000000000000 ) ) ;
#1533 = CARTESIAN_POINT ( 'NONE',  ( 3.660230423186684700, -8.582161119519693000, -0.5000000000000000000 ) ) ;
#1534 = DIRECTION ( 'NONE',  ( -3.132139609402568600E-016, 1.000000000000000000, 0.0000000000000000000 ) ) ;
#1535 = CARTESIAN_POINT ( 'NONE',  ( 100.0000000000000000, -20.50000000000011000, 27.50000000000000400 ) ) ;
#1536 = CARTESIAN_POINT ( 'NONE',  ( 0.09049364456359122700, 10.90191029764197100, 3.000000000000000400 ) ) ;
#1537 = DIRECTION ( 'NONE',  ( 0.0000000000000000000, 0.0000000000000000000, 1.000000000000000000 ) ) ;
#1538 = CARTESIAN_POINT ( 'NONE',  ( -5.564908495520917600, 9.417838880480301700, 2.168404344971008900E-016 ) ) ;
#1539 = CARTESIAN_POINT ( 'NONE',  ( -5.375302553569874000, -8.582161119519700100, 0.1363636363636354100 ) ) ;
#1540 = CARTESIAN_POINT ( 'NONE',  ( 5.745895784648102900, 0.4178388804803052600, 0.2000000000000005100 ) ) ;
#1541 = CARTESIAN_POINT ( 'NONE',  ( -99.95803989154980200, -18.00000000000010300, 28.00000000000000400 ) ) ;
#1542 = CARTESIAN_POINT ( 'NONE',  ( 0.09049364456359632000, -10.06623253668136400, 3.000000000000000400 ) ) ;
#1543 = CARTESIAN_POINT ( 'NONE',  ( -100.0000000000000000, -17.99999999999999300, -2.000000000000000000 ) ) ;
#1544 = CARTESIAN_POINT ( 'NONE',  ( -100.0000000000000000, -18.50000000000011400, 29.94948974278318200 ) ) ;
#1545 = CARTESIAN_POINT ( 'NONE',  ( 100.0000000000000000, -18.00000000000000700, -1.999999999999998200 ) ) ;
#1546 = DIRECTION ( 'NONE',  ( 0.0000000000000000000, 1.000000000000000000, 0.0000000000000000000 ) ) ;
#1547 = DIRECTION ( 'NONE',  ( 0.0000000000000000000, 1.000000000000000000, 0.0000000000000000000 ) ) ;
#1548 = CARTESIAN_POINT ( 'NONE',  ( -100.0000000000000000, 18.50000000000011400, 29.94948974278304700 ) ) ;
#1549 = DIRECTION ( 'NONE',  ( 0.0000000000000000000, 0.0000000000000000000, 1.000000000000000000 ) ) ;
#1550 = CARTESIAN_POINT ( 'NONE',  ( 0.09049364456359673700, -8.582161119519698300, -1.200000000000000200 ) ) ;
#1551 = ORIENTED_EDGE ( 'NONE', *, *, #1765, .T. ) ;
#1552 = ORIENTED_EDGE ( 'NONE', *, *, #1764, .T. ) ;
#1553 = VERTEX_POINT ( 'NONE', #777 ) ;
#1554 = ORIENTED_EDGE ( 'NONE', *, *, #1568, .F. ) ;
#1555 = ORIENTED_EDGE ( 'NONE', *, *, #1737, .T. ) ;
#1556 = ADVANCED_FACE ( 'NONE', ( #497 ), #476, .T. ) ;
#1557 = ADVANCED_FACE ( 'NONE', ( #456 ), #768, .T. ) ;
#1558 = EDGE_CURVE ( 'NONE', #21, #36, #487, .T. ) ;
#1559 = EDGE_CURVE ( 'NONE', #864, #779, #461, .T. ) ;
#1560 = EDGE_CURVE ( 'NONE', #66, #787, #490, .T. ) ;
#1561 = EDGE_CURVE ( 'NONE', #925, #29, #498, .T. ) ;
#1562 = EDGE_CURVE ( 'NONE', #789, #1645, #511, .T. ) ;
#1563 = EDGE_CURVE ( 'NONE', #782, #778, #463, .T. ) ;
#1564 = EDGE_CURVE ( 'NONE', #788, #1641, #499, .T. ) ;
#1565 = EDGE_CURVE ( 'NONE', #879, #25, #464, .T. ) ;
#1566 = EDGE_CURVE ( 'NONE', #33, #28, #1429, .T. ) ;
#1567 = EDGE_CURVE ( 'NONE', #1641, #23, #459, .T. ) ;
#1568 = EDGE_CURVE ( 'NONE', #34, #73, #477, .T. ) ;
#1569 = EDGE_CURVE ( 'NONE', #1, #1640, #514, .T. ) ;
#1570 = EDGE_CURVE ( 'NONE', #37, #1643, #506, .T. ) ;
#1571 = EDGE_CURVE ( 'NONE', #1641, #37, #504, .T. ) ;
#1572 = EDGE_CURVE ( 'NONE', #73, #37, #502, .T. ) ;
#1573 = EDGE_CURVE ( 'NONE', #780, #861, #482, .T. ) ;
#1574 = EDGE_CURVE ( 'NONE', #790, #18, #485, .T. ) ;
#1575 = EDGE_CURVE ( 'NONE', #64, #1644, #509, .T. ) ;
#1576 = EDGE_CURVE ( 'NONE', #789, #39, #457, .T. ) ;
#1577 = EDGE_CURVE ( 'NONE', #784, #22, #455, .T. ) ;
#1578 = EDGE_CURVE ( 'NONE', #63, #67, #505, .T. ) ;
#1579 = EDGE_CURVE ( 'NONE', #779, #784, #462, .T. ) ;
#1580 = EDGE_CURVE ( 'NONE', #778, #19, #507, .T. ) ;
#1581 = EDGE_CURVE ( 'NONE', #1643, #791, #1433, .T. ) ;
#1582 = EDGE_LOOP ( 'NONE', ( #345, #398, #405, #444 ) ) ;
#1583 = EDGE_LOOP ( 'NONE', ( #337, #369, #310 ) ) ;
#1584 = EDGE_LOOP ( 'NONE', ( #221, #234, #260, #259 ) ) ;
#1585 = EDGE_LOOP ( 'NONE', ( #340, #408, #452, #429 ) ) ;
#1586 = EDGE_LOOP ( 'NONE', ( #297, #329, #352, #307 ) ) ;
#1587 = EDGE_LOOP ( 'NONE', ( #355, #381, #357, #368 ) ) ;
#1588 = EDGE_LOOP ( 'NONE', ( #210, #202, #207, #271 ) ) ;
#1589 = EDGE_LOOP ( 'NONE', ( #309, #322, #366, #385 ) ) ;
#1590 = EDGE_LOOP ( 'NONE', ( #288, #254, #261, #231 ) ) ;
#1591 = EDGE_LOOP ( 'NONE', ( #296, #321, #315 ) ) ;
#1592 = EDGE_LOOP ( 'NONE', ( #282, #319, #291, #272 ) ) ;
#1594 = EDGE_LOOP ( 'NONE', ( #219, #200, #274, #325 ) ) ;
#1593 = EDGE_CURVE ( 'NONE', #791, #27, #489, .T. ) ;
#1595 = EDGE_LOOP ( 'NONE', ( #384, #386, #293, #361 ) ) ;
#1596 = EDGE_LOOP ( 'NONE', ( #327, #303, #283, #213 ) ) ;
#1597 = EDGE_CURVE ( 'NONE', #21, #784, #496, .T. ) ;
#1598 = EDGE_LOOP ( 'NONE', ( #225, #208, #222, #252 ) ) ;
#1599 = EDGE_CURVE ( 'NONE', #779, #787, #467, .T. ) ;
#1600 = EDGE_CURVE ( 'NONE', #2, #34, #460, .T. ) ;
#1601 = EDGE_LOOP ( 'NONE', ( #251, #209, #228, #249, #253 ) ) ;
#1602 = EDGE_CURVE ( 'NONE', #60, #64, #493, .T. ) ;
#1603 = EDGE_LOOP ( 'NONE', ( #354, #311, #353, #285 ) ) ;
#1604 = EDGE_CURVE ( 'NONE', #2, #778, #1434, .T. ) ;
#1605 = EDGE_LOOP ( 'NONE', ( #350, #348, #388 ) ) ;
#1606 = EDGE_CURVE ( 'NONE', #371, #5, #470, .T. ) ;
#1607 = EDGE_LOOP ( 'NONE', ( #326, #279, #324, #206 ) ) ;
#1608 = EDGE_LOOP ( 'NONE', ( #203, #238, #230, #258 ) ) ;
#1609 = EDGE_LOOP ( 'NONE', ( #227, #256, #262, #218 ) ) ;
#1610 = EDGE_LOOP ( 'NONE', ( #242, #278, #289, #216 ) ) ;
#1611 = EDGE_LOOP ( 'NONE', ( #300, #379, #390, #358, #375, #331 ) ) ;
#1612 = EDGE_LOOP ( 'NONE', ( #235, #240, #226, #233 ) ) ;
#1613 = EDGE_LOOP ( 'NONE', ( #377, #323, #284, #266 ) ) ;
#1614 = EDGE_LOOP ( 'NONE', ( #280, #243, #215, #212 ) ) ;
#1615 = EDGE_CURVE ( 'NONE', #781, #391, #513, .T. ) ;
#1616 = EDGE_CURVE ( 'NONE', #1645, #71, #471, .T. ) ;
#1617 = EDGE_CURVE ( 'NONE', #19, #782, #492, .T. ) ;
#1618 = EDGE_CURVE ( 'NONE', #25, #784, #478, .T. ) ;
#1619 = EDGE_CURVE ( 'NONE', #72, #779, #483, .T. ) ;
#1620 = AXIS2_PLACEMENT_3D ( 'NONE', #755, #759, #761 ) ;
#1621 = EDGE_CURVE ( 'NONE', #62, #343, #556, .T. ) ;
#1622 = EDGE_LOOP ( 'NONE', ( #313, #277, #281, #264 ) ) ;
#1623 = EDGE_LOOP ( 'NONE', ( #346, #294, #367, #387 ) ) ;
#1624 = EDGE_LOOP ( 'NONE', ( #417, #416, #401, #419, #441 ) ) ;
#1625 = EDGE_LOOP ( 'NONE', ( #248, #237, #214, #201 ) ) ;
#1626 = EDGE_CURVE ( 'NONE', #332, #853, #542, .T. ) ;
#1627 = EDGE_LOOP ( 'NONE', ( #292, #290, #205, #301, #217 ) ) ;
#1628 = EDGE_CURVE ( 'NONE', #5, #38, #565, .T. ) ;
#1629 = EDGE_LOOP ( 'NONE', ( #363, #380, #349, #372 ) ) ;
#1630 = EDGE_LOOP ( 'NONE', ( #287, #265, #314, #320 ) ) ;
#1631 = EDGE_LOOP ( 'NONE', ( #365, #276, #360, #351, #267, #269 ) ) ;
#1632 = EDGE_LOOP ( 'NONE', ( #229, #211, #312, #302 ) ) ;
#1633 = EDGE_LOOP ( 'NONE', ( #362, #356, #342, #299 ) ) ;
#1634 = EDGE_LOOP ( 'NONE', ( #250, #241, #247, #224 ) ) ;
#1635 = EDGE_LOOP ( 'NONE', ( #257, #232, #223, #244 ) ) ;
#1636 = EDGE_LOOP ( 'NONE', ( #188, #239, #194, #220 ) ) ;
#1637 = EDGE_LOOP ( 'NONE', ( #187, #195, #145, #193 ) ) ;
#1638 = ADVANCED_FACE ( 'NONE', ( #575 ), #993, .F. ) ;
#1639 = ADVANCED_FACE ( 'NONE', ( #532 ), #564, .T. ) ;
#1640 = VERTEX_POINT ( 'NONE', #988 ) ;
#1641 = VERTEX_POINT ( 'NONE', #1028 ) ;
#1642 = VERTEX_POINT ( 'NONE', #1022 ) ;
#1643 = VERTEX_POINT ( 'NONE', #1019 ) ;
#1644 = VERTEX_POINT ( 'NONE', #1010 ) ;
#1645 = VERTEX_POINT ( 'NONE', #983 ) ;
#1646 = ADVANCED_FACE ( 'NONE', ( #529 ), #522, .F. ) ;
#1647 = ADVANCED_FACE ( 'NONE', ( #560 ), #543, .T. ) ;
#1648 = ADVANCED_FACE ( 'NONE', ( #520 ), #987, .T. ) ;
#1649 = ADVANCED_FACE ( 'NONE', ( #533 ), #990, .F. ) ;
#1650 = ADVANCED_FACE ( 'NONE', ( #569 ), #997, .T. ) ;
#1651 = ADVANCED_FACE ( 'NONE', ( #561 ), #1021, .T. ) ;
#1652 = ADVANCED_FACE ( 'NONE', ( #576 ), #536, .F. ) ;
#1653 = ADVANCED_FACE ( 'NONE', ( #574 ), #1032, .T. ) ;
#1654 = ADVANCED_FACE ( 'NONE', ( #524 ), #1078, .T. ) ;
#1655 = ADVANCED_FACE ( 'NONE', ( #544 ), #1036, .F. ) ;
#1656 = ADVANCED_FACE ( 'NONE', ( #549 ), #1038, .T. ) ;
#1657 = ADVANCED_FACE ( 'NONE', ( #523, #525 ), #1074, .T. ) ;
#1658 = ADVANCED_FACE ( 'NONE', ( #547, #545 ), #1042, .F. ) ;
#1659 = ADVANCED_FACE ( 'NONE', ( #562 ), #535, .T. ) ;
#1660 = ADVANCED_FACE ( 'NONE', ( #519 ), #1060, .T. ) ;
#1661 = ADVANCED_FACE ( 'NONE', ( #537 ), #521, .F. ) ;
#1662 = ADVANCED_FACE ( 'NONE', ( #546 ), #571, .T. ) ;
#1663 = ADVANCED_FACE ( 'NONE', ( #527 ), #1068, .F. ) ;
#1664 = ADVANCED_FACE ( 'NONE', ( #566 ), #530, .F. ) ;
#1665 = ADVANCED_FACE ( 'NONE', ( #531 ), #1069, .T. ) ;
#1666 = ADVANCED_FACE ( 'NONE', ( #534 ), #1076, .F. ) ;
#1667 = ADVANCED_FACE ( 'NONE', ( #541 ), #1122, .F. ) ;
#1668 = ADVANCED_FACE ( 'NONE', ( #528 ), #1113, .F. ) ;
#1669 = ADVANCED_FACE ( 'NONE', ( #518 ), #1123, .T. ) ;
#1670 = ADVANCED_FACE ( 'NONE', ( #539 ), #578, .T. ) ;
#1671 = ADVANCED_FACE ( 'NONE', ( #526 ), #538, .T. ) ;
#1672 = ADVANCED_FACE ( 'NONE', ( #550 ), #1110, .F. ) ;
#1673 = ADVANCED_FACE ( 'NONE', ( #563 ), #1092, .F. ) ;
#1674 = ADVANCED_FACE ( 'NONE', ( #567 ), #1097, .T. ) ;
#1675 = ADVANCED_FACE ( 'NONE', ( #570 ), #551, .F. ) ;
#1676 = ADVANCED_FACE ( 'NONE', ( #552 ), #577, .T. ) ;
#1677 = ADVANCED_FACE ( 'NONE', ( #548 ), #1093, .T. ) ;
#1678 = ADVANCED_FACE ( 'NONE', ( #568 ), #1100, .T. ) ;
#1679 = ADVANCED_FACE ( 'NONE', ( #517 ), #553, .F. ) ;
#1680 = ADVANCED_FACE ( 'NONE', ( #554 ), #1150, .T. ) ;
#1681 = EDGE_CURVE ( 'NONE', #780, #873, #540, .T. ) ;
#1682 = EDGE_CURVE ( 'NONE', #3, #60, #558, .T. ) ;
#1683 = EDGE_CURVE ( 'NONE', #26, #19, #572, .T. ) ;
#1684 = EDGE_CURVE ( 'NONE', #371, #328, #557, .T. ) ;
#1685 = EDGE_CURVE ( 'NONE', #783, #68, #573, .T. ) ;
#1686 = EDGE_CURVE ( 'NONE', #38, #853, #581, .T. ) ;
#1687 = EDGE_CURVE ( 'NONE', #343, #335, #628, .T. ) ;
#1688 = EDGE_CURVE ( 'NONE', #61, #17, #584, .T. ) ;
#1689 = EDGE_CURVE ( 'NONE', #68, #339, #588, .T. ) ;
#1690 = EDGE_CURVE ( 'NONE', #17, #783, #611, .T. ) ;
#1691 = EDGE_CURVE ( 'NONE', #25, #787, #604, .T. ) ;
#1692 = EDGE_CURVE ( 'NONE', #333, #334, #594, .T. ) ;
#1693 = EDGE_CURVE ( 'NONE', #72, #66, #612, .T. ) ;
#1694 = EDGE_CURVE ( 'NONE', #780, #1, #589, .T. ) ;
#1695 = EDGE_CURVE ( 'NONE', #391, #373, #599, .T. ) ;
#1696 = EDGE_CURVE ( 'NONE', #786, #864, #592, .T. ) ;
#1697 = EDGE_CURVE ( 'NONE', #791, #1642, #598, .T. ) ;
#1698 = EDGE_CURVE ( 'NONE', #781, #60, #586, .T. ) ;
#1699 = EDGE_CURVE ( 'NONE', #1644, #925, #606, .T. ) ;
#1700 = EDGE_CURVE ( 'NONE', #19, #788, #1430, .T. ) ;
#1701 = EDGE_CURVE ( 'NONE', #330, #374, #602, .T. ) ;
#1702 = EDGE_CURVE ( 'NONE', #23, #73, #601, .T. ) ;
#1703 = EDGE_CURVE ( 'NONE', #925, #63, #633, .T. ) ;
#1704 = EDGE_CURVE ( 'NONE', #791, #786, #583, .T. ) ;
#1705 = EDGE_CURVE ( 'NONE', #373, #63, #607, .T. ) ;
#1706 = EDGE_CURVE ( 'NONE', #343, #333, #580, .T. ) ;
#1707 = EDGE_CURVE ( 'NONE', #36, #1, #608, .T. ) ;
#1708 = EDGE_CURVE ( 'NONE', #70, #781, #610, .T. ) ;
#1709 = EDGE_CURVE ( 'NONE', #65, #35, #634, .T. ) ;
#1710 = EDGE_CURVE ( 'NONE', #333, #374, #613, .T. ) ;
#1711 = EDGE_CURVE ( 'NONE', #879, #21, #618, .T. ) ;
#1712 = EDGE_CURVE ( 'NONE', #339, #61, #635, .T. ) ;
#1713 = EDGE_CURVE ( 'NONE', #791, #19, #614, .T. ) ;
#1714 = EDGE_CURVE ( 'NONE', #22, #35, #617, .T. ) ;
#1715 = EDGE_CURVE ( 'NONE', #28, #1, #615, .T. ) ;
#1716 = EDGE_CURVE ( 'NONE', #36, #873, #587, .T. ) ;
#1717 = EDGE_CURVE ( 'NONE', #347, #332, #625, .T. ) ;
#1718 = EDGE_CURVE ( 'NONE', #780, #65, #623, .T. ) ;
#1719 = EDGE_CURVE ( 'NONE', #333, #338, #630, .T. ) ;
#1720 = EDGE_CURVE ( 'NONE', #70, #3, #629, .T. ) ;
#1721 = EDGE_CURVE ( 'NONE', #65, #1640, #619, .T. ) ;
#1722 = EDGE_CURVE ( 'NONE', #374, #62, #631, .T. ) ;
#1723 = EDGE_CURVE ( 'NONE', #373, #339, #636, .T. ) ;
#1724 = EDGE_CURVE ( 'NONE', #27, #34, #1431, .T. ) ;
#1725 = EDGE_CURVE ( 'NONE', #330, #334, #637, .T. ) ;
#1726 = EDGE_CURVE ( 'NONE', #62, #38, #638, .T. ) ;
#1727 = EDGE_CURVE ( 'NONE', #786, #782, #626, .T. ) ;
#1728 = EDGE_CURVE ( 'NONE', #853, #330, #579, .T. ) ;
#1729 = EDGE_CURVE ( 'NONE', #61, #391, #657, .T. ) ;
#1730 = EDGE_CURVE ( 'NONE', #1642, #864, #655, .T. ) ;
#1731 = EDGE_CURVE ( 'NONE', #373, #1644, #674, .T. ) ;
#1732 = EDGE_CURVE ( 'NONE', #879, #66, #700, .T. ) ;
#1733 = EDGE_CURVE ( 'NONE', #335, #338, #682, .T. ) ;
#1734 = EDGE_CURVE ( 'NONE', #873, #35, #656, .T. ) ;
#1735 = EDGE_CURVE ( 'NONE', #69, #864, #643, .T. ) ;
#1736 = EDGE_CURVE ( 'NONE', #72, #21, #642, .T. ) ;
#1737 = EDGE_CURVE ( 'NONE', #347, #328, #647, .T. ) ;
#1738 = EDGE_CURVE ( 'NONE', #332, #371, #671, .T. ) ;
#1739 = EDGE_CURVE ( 'NONE', #27, #786, #678, .T. ) ;
#1740 = EDGE_CURVE ( 'NONE', #71, #18, #681, .T. ) ;
#1741 = EDGE_CURVE ( 'NONE', #33, #790, #695, .T. ) ;
#1742 = EDGE_CURVE ( 'NONE', #29, #67, #686, .T. ) ;
#1743 = EDGE_CURVE ( 'NONE', #23, #2, #653, .T. ) ;
#1744 = EDGE_CURVE ( 'NONE', #788, #1643, #658, .T. ) ;
#1745 = EDGE_CURVE ( 'NONE', #1645, #30, #651, .T. ) ;
#1746 = EDGE_CURVE ( 'NONE', #1, #789, #1438, .T. ) ;
#1747 = EDGE_CURVE ( 'NONE', #71, #33, #654, .T. ) ;
#1748 = EDGE_CURVE ( 'NONE', #861, #790, #1435, .T. ) ;
#1749 = EDGE_CURVE ( 'NONE', #1642, #72, #680, .T. ) ;
#1750 = EDGE_CURVE ( 'NONE', #1640, #28, #688, .T. ) ;
#1751 = EDGE_CURVE ( 'NONE', #861, #65, #697, .T. ) ;
#1752 = EDGE_CURVE ( 'NONE', #26, #69, #683, .T. ) ;
#1753 = EDGE_CURVE ( 'NONE', #35, #25, #702, .T. ) ;
#1754 = EDGE_CURVE ( 'NONE', #391, #64, #664, .T. ) ;
#1755 = EDGE_CURVE ( 'NONE', #873, #879, #663, .T. ) ;
#1756 = EDGE_CURVE ( 'NONE', #39, #780, #1432, .T. ) ;
#1757 = EDGE_CURVE ( 'NONE', #36, #22, #684, .T. ) ;
#1758 = EDGE_CURVE ( 'NONE', #18, #30, #660, .T. ) ;
#1759 = EDGE_CURVE ( 'NONE', #787, #69, #676, .T. ) ;
#1760 = EDGE_CURVE ( 'NONE', #30, #39, #665, .T. ) ;
#1761 = EDGE_CURVE ( 'NONE', #66, #26, #666, .T. ) ;
#1762 = EDGE_CURVE ( 'NONE', #67, #70, #644, .T. ) ;
#1763 = EDGE_CURVE ( 'NONE', #29, #3, #670, .T. ) ;
#1764 = EDGE_CURVE ( 'NONE', #1553, #347, #696, .T. ) ;
#1765 = EDGE_CURVE ( 'NONE', #328, #4, #661, .T. ) ;
#1766 = EDGE_CURVE ( 'NONE', #1553, #334, #692, .T. ) ;
#1767 = EDGE_CURVE ( 'NONE', #334, #332, #648, .T. ) ;
#1768 = EDGE_CURVE ( 'NONE', #22, #1640, #652, .T. ) ;
#1769 = EDGE_CURVE ( 'NONE', #67, #783, #698, .T. ) ;
#1770 = EDGE_CURVE ( 'NONE', #338, #1553, #650, .T. ) ;
#1771 = EDGE_CURVE ( 'NONE', #4, #335, #693, .T. ) ;
#1772 = EDGE_CURVE ( 'NONE', #68, #63, #641, .T. ) ;
#1773 = EDGE_CURVE ( 'NONE', #5, #4, #699, .T. ) ;
#1774 = EDGE_CURVE ( 'NONE', #5, #343, #646, .T. ) ;
#1775 = EDGE_CURVE ( 'NONE', #781, #17, #667, .T. ) ;
#1776 = EDGE_CURVE ( 'NONE', #69, #782, #694, .T. ) ;
#1777 = EDGE_CURVE ( 'NONE', #26, #1642, #706, .T. ) ;
ENDSEC;
END-ISO-10303-21;
